p_val	avg_log2FC	pct.1	pct.2	p_val_adj	gene	seurat_clusters
0	3.17240595076595	0.354	0.042	0	PDE7B	c9
0	3.15629170550036	0.359	0.047	0	ZBED2	c9
0	3.06264267877951	0.874	0.129	0	CXCL13	c9
0	3.03700570432897	0.252	0.028	0	IL21	c9
0	2.95226130973825	0.324	0.045	0	BHLHE40-AS1	c9
0	2.93278729664363	0.278	0.035	0	PTPN13	c9
0	2.84952552654025	0.34	0.052	0	GADD45G	c9
0	2.59754328720064	0.835	0.245	0	PDCD1	c9
0	2.3515350881598	0.476	0.102	0	ETV7	c9
0	2.29779831868033	0.474	0.085	0	CD200	c9
0	2.19223161590969	0.727	0.159	0	TNFRSF18	c9
0	2.0327097727465	0.557	0.125	0	TOX2	c9
0	1.88850920470868	0.83	0.321	0	DUSP4	c9
0	1.80240338359973	0.96	0.569	0	NR3C1	c9
0	1.39956509082239	0.749	0.218	0	TNFRSF4	c9
7.98195881319408e-296	2.97589378116948	0.275	0.036	2.68944120251761e-291	MYO7A	c9
2.04213658902259e-286	2.29013023082709	0.476	0.109	6.88077502305272e-282	CCDC50	c9
6.55531144475719e-286	1.05694205174043	0.999	0.976	2.20874663819649e-281	GAPDH	c9
5.01289648151728e-270	3.67593839934522	0.262	0.037	1.68904534048243e-265	KRT86	c9
1.71639206681723e-267	2.03799822082208	0.766	0.307	5.78321142993397e-263	TYMP	c9
1.01651841242435e-265	2.22860191549257	0.279	0.04	3.4250571388226e-261	IGFL2	c9
2.04048604304729e-256	1.72737953683456	0.807	0.355	6.87521367344353e-252	RBPJ	c9
1.27804538216266e-243	1.63196346001262	0.677	0.228	4.30624611065887e-239	KLRB1	c9
1.83054003748539e-243	1.5696511682166	0.733	0.263	6.16782160230326e-239	CTLA4	c9
7.84309630318545e-241	2.03010957904483	0.591	0.186	2.6426528683953e-236	BHLHE40	c9
4.1235566035194e-236	1.51401242578825	0.959	0.651	1.38939116198983e-231	RGS1	c9
3.16705851949342e-234	2.60062088102645	0.281	0.047	1.06710869755811e-229	TBXAS1	c9
4.88319716077381e-234	2.53845658939098	0.308	0.056	1.64534445135113e-229	CAMK1	c9
1.43258428516946e-232	1.70691978699956	0.668	0.23	4.82694949044999e-228	TOX	c9
2.80370426414736e-229	1.71332434711049	0.766	0.327	9.44680114761812e-225	EPSTI1	c9
7.12184003386065e-225	2.89042107473745	0.239	0.036	2.39963278100901e-220	ADGRG1	c9
1.65768835001492e-214	1.56674222746685	0.714	0.275	5.58541512654026e-210	CD4	c9
1.69293037514885e-212	3.54215011935491	0.157	0.016	5.70415960602654e-208	CD109	c9
6.06384747322929e-203	1.0045413979634	0.983	0.886	2.04315276762988e-198	CD2	c9
1.42059486283317e-201	1.62801916995876	0.587	0.197	4.78655233083007e-197	NCF4	c9
2.23360409602286e-200	2.49143097559181	0.237	0.039	7.52590564113943e-196	LINC01480	c9
3.2721752405925e-200	2.26965746777006	0.317	0.067	1.10252672556524e-195	SARDH	c9
1.20271345439658e-199	3.28207068631033	0.153	0.016	4.05242271324385e-195	PPARG	c9
3.54632369936105e-198	1.88698558467133	0.511	0.157	1.19489830726271e-193	MAF	c9
1.66009817974396e-195	1.63914553536907	0.652	0.249	5.59353480682931e-191	ICOS	c9
6.94938067283169e-190	0.709183551055029	0.991	0.959	2.34152432390391e-185	MYL6	c9
2.65791976314119e-188	2.62060692607521	0.42	0.119	8.95559484992792e-184	CTSL	c9
4.09423961531589e-183	1.85233504850275	0.505	0.165	1.37951309598454e-178	IFI44	c9
2.42979304423764e-181	1.06311440725563	0.975	0.78	8.1869446832543e-177	S100A11	c9
5.59273313827287e-179	2.99846615195118	0.175	0.024	1.88441550360966e-174	MYO1E	c9
2.37289308106967e-177	1.97815860114764	0.377	0.098	7.99522594735616e-173	ARL3	c9
9.00807246197395e-177	1.37155998760255	0.958	0.762	3.0351799353375e-172	LY6E	c9
4.09187496140324e-174	2.38517772409883	0.264	0.053	1.37871634949521e-169	DAPK2	c9
8.08772676710377e-173	1.33856722995522	0.829	0.458	2.72507865690794e-168	SH2D2A	c9
5.87266788739331e-172	1.95695575382142	0.514	0.182	1.9787367179783e-167	ODF3B	c9
1.57694554699377e-171	4.36346914934908	0.079	0.005	5.3133603260408e-167	FAM166B	c9
3.46111710783171e-170	0.632010550560409	0.996	0.991	1.16618879831282e-165	PFN1	c9
5.53134928372774e-170	0.865978607524213	0.994	0.951	1.86373282765923e-165	SRGN	c9
6.39300740812318e-170	2.7596915687386	0.19	0.03	2.15405991609302e-165	UNQ6494	c9
2.63508873361028e-169	1.46969311719671	0.653	0.27	8.87866797902647e-165	LIMS1	c9
5.17140852235311e-168	1.40763968283508	0.873	0.567	1.74245438752166e-163	BST2	c9
1.3636243680459e-167	1.56022098961087	0.578	0.216	4.59459594569387e-163	IGFLR1	c9
2.64676249887406e-167	1.71885779159933	0.433	0.131	8.91800156370627e-163	AC133644.2	c9
3.55573574209487e-166	2.20885864821504	0.329	0.083	1.19806960094145e-161	HAVCR2	c9
2.36540903887253e-165	1.86786271421079	0.331	0.081	7.97000921557711e-161	CYSLTR1	c9
1.12856578920729e-164	1.87915752138451	0.543	0.207	3.80258957015503e-160	IFI44L	c9
1.82065048097196e-161	1.76387190559721	0.391	0.111	6.13449973058693e-157	GK	c9
2.88805150254193e-159	1.71285203915335	0.427	0.131	9.73100073266476e-155	NPDC1	c9
2.6207191959856e-158	1.82884519639157	0.432	0.136	8.83025125895387e-154	MIR155HG	c9
2.90226894773583e-157	1.46094295715848	0.595	0.234	9.7789049925011e-153	PTTG1	c9
1.77489816472938e-156	1.74895776632915	0.531	0.2	5.98034187623916e-152	OAS1	c9
2.02886785689471e-156	0.644681886102426	0.991	0.982	6.83606735702102e-152	SH3BGRL3	c9
1.14507950916893e-155	1.3641198511173	0.78	0.412	3.8582308981938e-151	SAMSN1	c9
6.50696029714528e-155	3.83625218831527	0.096	0.008	2.19245520252013e-150	SMOX	c9
4.32825769257315e-153	1.39943310040725	0.785	0.428	1.4583631469356e-148	ID2	c9
4.33130829058383e-152	2.21362673717397	0.267	0.06	1.45939101542931e-147	IRF5	c9
5.4642219720566e-152	1.03630490220948	0.942	0.716	1.84111495126475e-147	TPI1	c9
7.35132931808343e-151	1.91598918173666	0.347	0.095	2.47695690043503e-146	ADAM19	c9
9.66445350355402e-151	1.26093138709239	0.831	0.48	3.25634096348749e-146	ITGB1	c9
1.34228009874542e-150	1.24886836369458	0.882	0.6	4.5226785647128e-146	ALOX5AP	c9
2.44345236356762e-150	1.06152629403678	0.976	0.862	8.23296839380474e-146	IFITM2	c9
3.65376393214354e-149	1.62773697503859	0.373	0.106	1.23109921929644e-144	TSHZ2	c9
3.86080091965647e-149	1.34468921980932	0.71	0.343	1.30085826186905e-144	CTSB	c9
8.71374327223806e-149	2.16296187604941	0.287	0.07	2.93600865814789e-144	PLPP1	c9
2.89712735367953e-145	1.9730506897922	0.318	0.084	9.7615809054878e-141	AHI1	c9
3.70554059082929e-145	2.06925079023748	0.268	0.062	1.24854484667402e-140	CTSH	c9
3.33815318945337e-139	1.0656089640383	0.866	0.533	1.12475733565442e-134	CD82	c9
3.65697253517097e-139	1.58815279273642	0.676	0.336	1.23218032600051e-134	MX1	c9
4.10964808783923e-139	2.05376150594634	0.363	0.112	1.38470482671655e-134	LMO4	c9
4.51646636144875e-139	1.78460552986367	0.367	0.11	1.52177817582654e-134	ZNRF1	c9
5.00289954096901e-139	1.7507525680462	0.412	0.136	1.6856769713341e-134	RHOC	c9
5.44448815403143e-139	1.63174863463273	0.715	0.378	1.83446583861935e-134	IFI6	c9
2.07115658603207e-135	1.72360979437584	0.405	0.132	6.97855500097644e-131	IFNG	c9
3.78264734549506e-135	0.935817671714676	0.917	0.65	1.27452519659111e-130	ITM2A	c9
2.44956928081109e-133	2.4351307222198	0.205	0.042	8.2535787347649e-129	GNA15	c9
8.96853603660487e-133	1.89662293907441	0.261	0.063	3.02185853217365e-128	CHN1	c9
3.0046678020835e-131	2.30860793868717	0.22	0.048	1.01239276923401e-126	FGL2	c9
4.3635874977781e-131	0.321692689473464	1	1	1.47026717150135e-126	B2M	c9
1.47198838346977e-130	1.10723437715565	0.801	0.462	4.95971765926303e-126	PTPN7	c9
3.23126148020503e-130	1.02310893491495	0.882	0.613	1.08874124314028e-125	PGAM1	c9
8.58141187176851e-130	3.85692963991448	0.083	0.007	2.89142091607368e-125	KIAA1217	c9
8.94759629770654e-130	1.30069634605916	0.612	0.271	3.01480309654924e-125	OASL	c9
2.79605460833459e-129	2.57186304238123	0.139	0.021	9.42102639732256e-125	H1F0	c9
4.82475694775539e-129	1.51572913095276	0.426	0.145	1.6256536059767e-124	BTLA	c9
1.69309534223134e-128	3.39826201204574	0.088	0.008	5.70471544611427e-124	HTRA1	c9
1.72072953591729e-128	1.76904552457779	0.295	0.079	5.79782609831972e-124	AC017002.1	c9
2.78233033432705e-128	1.7127935696432	0.347	0.105	9.37478382848158e-124	AD000671.6	c9
7.86372214067937e-126	1.77434347026155	0.177	0.033	2.64960253808051e-121	GNG4	c9
4.75400158969961e-124	0.719009506032566	0.994	0.991	1.60181329563339e-119	FTH1	c9
4.69410937404415e-123	1.39257567530702	0.427	0.151	1.58163321249044e-118	MT1E	c9
1.01772285346195e-122	1.92179955217066	0.292	0.081	3.42911538245471e-118	CSGALNACT1	c9
1.94283610280055e-122	1.79827350891216	0.35	0.11	6.54619196477616e-118	TESC	c9
1.78235153466384e-121	0.946403917090736	0.897	0.653	6.00545526089633e-117	ARPC1B	c9
1.76037479977368e-120	1.66348829139732	0.367	0.121	5.93140685035745e-116	OAS3	c9
2.88747619198793e-120	1.26169413251301	0.572	0.243	9.72906228128413e-116	TNFRSF25	c9
3.09319356184738e-120	1.68941636392251	0.379	0.128	1.04222063872885e-115	LIMA1	c9
3.28885527998789e-120	0.994999811622434	0.788	0.435	1.10814689803912e-115	TIGIT	c9
9.13343220561535e-120	0.751595323368353	0.99	0.963	3.07741864736003e-115	IFITM1	c9
1.50759853265801e-119	1.09399487808423	0.8	0.491	5.0797024959379e-115	DYNLL1	c9
5.58550451225943e-119	0.959783805967347	0.891	0.657	1.88197989036069e-114	PKM	c9
4.86184849425199e-118	1.38216499651664	0.51	0.211	1.63815123165327e-113	PHLDA1	c9
9.30541771855393e-118	0.940942173423886	0.922	0.689	3.13536744608956e-113	SPOCK2	c9
1.13138773359011e-116	1.19870238711022	0.635	0.298	3.81209782955852e-112	SLAMF1	c9
1.23277441222147e-114	1.23666364893047	0.541	0.229	4.15371010453902e-110	MTHFD2	c9
5.51193884421314e-114	0.599822509482131	0.975	0.91	1.85719267416918e-109	RHOA	c9
2.38512686304028e-113	1.52114762034629	0.556	0.251	8.03644645232793e-109	CREM	c9
1.30889949587575e-112	1.7388568965309	0.342	0.112	4.41020596140375e-108	MAP1LC3A	c9
1.47374109870536e-112	1.04948606623477	0.297	0.086	4.96562325797785e-108	NMB	c9
1.22070833201275e-111	1.47376179123468	0.469	0.185	4.11305465388377e-107	PDE4D	c9
2.72884963362149e-111	1.57606567559712	0.362	0.121	9.19458595552424e-107	SYT11	c9
3.66033376476691e-111	1.63705765096632	0.246	0.064	1.23331285870056e-106	ZC2HC1A	c9
7.03778166136252e-111	1.27330684896343	0.718	0.402	2.37131015297949e-106	CKLF	c9
1.90547618298719e-110	1.5671446803142	0.401	0.147	6.42031145095702e-106	LGALS9	c9
2.96409860481052e-110	1.08199043474906	0.7	0.361	9.98723383904858e-106	SIRPG	c9
1.27061322354079e-109	1.57464607583441	0.407	0.149	4.28120419539835e-105	CDK6	c9
3.76754411344571e-109	1.40380522654675	0.468	0.185	1.2694363135844e-104	NDFIP2	c9
4.60217118268934e-109	1.87830144952768	0.242	0.064	1.55065555829535e-104	GEM	c9
3.82841499477765e-108	1.09106431910524	0.838	0.584	1.28994614834038e-103	CTSD	c9
7.06425632278872e-108	0.519063579221332	1	0.999	2.38023052540043e-103	ACTB	c9
2.39225698714859e-107	1.45828697907596	0.695	0.399	8.06047069249846e-103	ISG15	c9
3.07275148830315e-107	1.43382329165979	0.396	0.142	1.03533288646886e-102	RP11-25K19.1	c9
3.36955407094966e-105	1.64165199905248	0.327	0.107	1.13533754866578e-100	TNFSF13B	c9
1.20304206610802e-104	1.07036518987001	0.688	0.361	4.05352993754436e-100	TMEM173	c9
1.35528430061238e-104	0.905218398421425	0.88	0.636	4.56649492248335e-100	CORO1B	c9
5.12762284741891e-104	1.33392624992375	0.358	0.123	1.72770124220933e-99	LTA	c9
5.21501322049331e-104	1.04306532142533	0.693	0.358	1.75714655451302e-99	TPM4	c9
4.63158895698772e-103	1.04306632842786	0.708	0.375	1.56056758316744e-98	VOPP1	c9
7.14707671231832e-103	1.5023507901576	0.291	0.088	2.40813602744854e-98	SMCO4	c9
7.70764683711301e-103	1.52133092680097	0.42	0.164	2.59701452529686e-98	AC092580.4	c9
9.35693485751911e-103	3.67982271554798	0.061	0.005	3.15272563089249e-98	CSF2	c9
6.98979444362743e-102	1.35655363362608	0.494	0.214	2.35514133983583e-97	LAP3	c9
8.48759910562672e-102	1.04754676833408	0.908	0.748	2.85981164264987e-97	ZFP36L1	c9
6.12369600224628e-101	3.31409197578215	0.085	0.01	2.06331813099686e-96	CLEC7A	c9
7.84399779435002e-101	1.25676075988168	0.478	0.199	2.6429566168283e-96	PHTF2	c9
1.4651977248537e-99	1.59890351838094	0.315	0.103	4.93683721412207e-95	TRPS1	c9
3.01081022203953e-99	1.88038347767552	0.202	0.05	1.014462396214e-94	COL9A2	c9
4.0502655041918e-99	0.963006295609906	0.738	0.414	1.36469645898239e-94	ANXA5	c9
6.44471858887817e-99	1.35111600476355	0.445	0.183	2.17148348133661e-94	PTMS	c9
2.32326938673638e-98	1.2946756625298	0.474	0.199	7.82802387166956e-94	SQRDL	c9
2.74315797451024e-98	1.95285068363452	0.21	0.054	9.24279647931481e-94	GPR25	c9
4.54075247656399e-98	2.26906671721281	0.153	0.031	1.52996113945347e-93	CORO1C	c9
7.00650784840927e-98	2.7905643480321	0.105	0.016	2.36077275444302e-93	ITGA2	c9
1.84942922087048e-97	1.88327268351347	0.249	0.072	6.23146681680098e-93	RGS16	c9
1.1631783272274e-96	2.8031903453052	0.087	0.011	3.91921305575999e-92	IL21-AS1	c9
2.68707179434196e-96	1.09819200911148	0.492	0.209	9.05381970385581e-92	MIR4435-2HG	c9
4.29144425131739e-95	2.91132744556241	0.076	0.009	1.44595922603888e-90	NEBL	c9
6.92364272026008e-95	1.47573584243103	0.347	0.125	2.33285217816443e-90	SPATS2L	c9
2.54637137826293e-94	1.67599854534578	0.291	0.095	8.57974372191913e-90	USP18	c9
4.09768336369381e-93	1.33046656166262	0.539	0.256	1.38067343256299e-88	TNFSF10	c9
4.18662536821287e-93	0.800034755656514	0.89	0.654	1.41064155156565e-88	SHFM1	c9
1.17510664615303e-92	1.12280850325802	0.59	0.293	3.95940433354804e-88	IFI27L2	c9
1.48820728961343e-92	1.25224995638845	0.47	0.203	5.0143656416235e-88	PLSCR1	c9
4.92840120322339e-92	1.41145035173684	0.369	0.139	1.66057550141409e-87	RAB11FIP1	c9
5.21744257224667e-92	0.572885131030608	0.966	0.885	1.75796510029279e-87	ARPC2	c9
5.62529082284442e-92	1.73309093406112	0.241	0.07	1.8953854898492e-87	NAB1	c9
2.21087053055171e-91	1.57446079922987	0.277	0.088	7.44930716564092e-87	PRR5L	c9
2.98274418233264e-91	1.55183533331273	0.203	0.052	1.00500582479516e-86	CPM	c9
6.36402589375232e-91	1.10776266106753	0.592	0.295	2.14429488464091e-86	PHPT1	c9
1.08750912339083e-90	1.77037916621064	0.222	0.062	3.66425324035307e-86	SRGAP3	c9
1.58145785337453e-90	1.05622297170404	0.636	0.331	5.32856409116014e-86	PAG1	c9
4.03978154943539e-90	0.533990795931439	0.977	0.934	1.36116399526676e-85	CD3D	c9
2.31580784593221e-88	2.25856060498876	0.141	0.029	7.802882956084e-84	ANKRD35	c9
3.30137822502306e-88	1.05805208979391	0.585	0.29	1.11236637913927e-83	GALM	c9
1.47421774607406e-87	0.921240879214918	0.751	0.451	4.96722927362195e-83	PDIA6	c9
1.51318430407579e-87	0.635236078258845	0.977	0.893	5.09852319415295e-83	IL2RG	c9
3.0574197722151e-87	2.22906205016727	0.157	0.036	1.03016701805016e-82	AKAP5	c9
3.53744313146367e-87	0.871504463621846	0.771	0.482	1.19190608871537e-82	SEC11A	c9
1.15727548072803e-86	0.627890715569128	0.75	0.421	3.89932400476503e-82	BATF	c9
2.62545519331357e-86	1.31083049560679	0.331	0.118	8.84620872835074e-82	BLVRA	c9
1.11589662317639e-85	1.03150561839489	0.616	0.316	3.75990208213052e-81	HNRNPLL	c9
1.31343505711357e-85	4.26683306210466	0.043	0.003	4.42548808143847e-81	TP63	c9
2.27267318925846e-85	0.561809128649759	0.966	0.868	7.65754504388746e-81	LSP1	c9
2.56958417754042e-85	1.44185503112172	0.301	0.104	8.65795692780467e-81	FUT8	c9
2.62690981582197e-85	0.890255567618981	0.757	0.45	8.85110993343056e-81	DNPH1	c9
4.02055054386791e-84	1.29177153006688	0.385	0.154	1.35468430025086e-79	MAPKAPK3	c9
8.42477368329028e-84	1.03973487565514	0.621	0.332	2.83864324484783e-79	IRF7	c9
1.30981984311149e-82	1.33192308789943	0.405	0.172	4.41330697937985e-78	SNX9	c9
2.24326653964366e-82	1.1223603347366	0.482	0.219	7.55846227867535e-78	PLEKHF1	c9
2.40995971832409e-82	0.815985554421769	0.808	0.545	8.12011827492119e-78	FKBP1A	c9
2.38966890018855e-81	0.429668225023918	0.986	0.972	8.05175039229531e-77	CFL1	c9
2.79796935638596e-81	0.840979518198899	0.59	0.298	9.42747794940685e-77	LGALS3	c9
3.23535421803508e-81	1.08925518641248	0.496	0.228	1.09012025022474e-76	CARHSP1	c9
4.62101170256984e-81	1.2382365269033	0.35	0.135	1.55700368306388e-76	GPR137B	c9
4.87455521556217e-81	2.04274993554501	0.187	0.051	1.64243263433152e-76	FNDC3B	c9
3.9949630942943e-80	1.36872365391998	0.334	0.126	1.34606286499152e-75	SLC16A3	c9
7.56977602912099e-80	0.680185510589933	0.891	0.711	2.55056033525203e-75	GNG5	c9
8.07897758801374e-80	1.75757356133276	0.203	0.058	2.72213070850535e-75	LMCD1	c9
8.71481099135406e-80	1.47092276988789	0.234	0.073	2.93636841542684e-75	EDARADD	c9
1.54321793904356e-79	0.693344551072903	0.881	0.654	5.19971852381335e-75	PPP1CA	c9
8.87464473738644e-79	1.14727880720546	0.514	0.251	2.99022279781499e-74	ORMDL3	c9
3.40174781662392e-78	1.75593104157048	0.168	0.043	1.14618490933326e-73	VDR	c9
5.08298841448841e-78	1.03778376327611	0.545	0.273	1.71266211637772e-73	PPM1M	c9
6.59559912373159e-78	1.05819470626253	0.607	0.334	2.22232116875012e-73	KRAS	c9
1.35068721750915e-77	1.44732105873257	0.269	0.093	4.55100551067533e-73	RSAD2	c9
4.29869702815212e-77	3.86392460619052	0.042	0.003	1.44840297666557e-72	ZFHX3	c9
5.67898779766831e-77	2.70499668576791	0.086	0.013	1.91347814854636e-72	SMAD1	c9
6.64313461129491e-77	1.16080702716377	0.492	0.239	2.23833777592971e-72	PLIN2	c9
7.02071215570067e-77	0.535427453299544	0.963	0.887	2.36555875374178e-72	ALDOA	c9
7.73446197958006e-77	0.558794500138848	0.945	0.821	2.60604961939971e-72	SUB1	c9
1.10292493328012e-76	1.93938692349807	0.176	0.047	3.71619527019403e-72	SDC4	c9
1.13773290799167e-76	1.83039274952092	0.177	0.047	3.83347726018712e-72	TSPAN2	c9
1.39093753547285e-76	0.990683548599593	0.452	0.203	4.68662493202222e-72	ACP5	c9
1.44016442405355e-76	1.37515209551771	0.312	0.117	4.85249001040602e-72	C16orf87	c9
2.72290951724764e-76	1.91826701446292	0.179	0.048	9.17457132741419e-72	SRGAP2	c9
3.06348050082528e-76	0.957088258573967	0.645	0.358	1.03220911994807e-71	APOBEC3C	c9
8.59543794788575e-76	0.548591268355869	0.97	0.869	2.89614686216062e-71	S100A4	c9
3.64823433770217e-75	1.35834799860334	0.299	0.11	1.22923607774537e-70	CD151	c9
8.54569423519334e-75	0.989935703796869	0.508	0.243	2.87938621560604e-70	GRINA	c9
1.46637216741469e-74	1.50734884915963	0.27	0.095	4.94079438088707e-70	SPSB1	c9
2.46959784395512e-74	1.34598771557945	0.234	0.075	8.3210629754224e-70	LINC01281	c9
4.76941758320858e-74	1.20523216834198	0.325	0.125	1.6070075604863e-69	APOBEC3H	c9
1.02456980386352e-73	1.75946532714269	0.131	0.029	3.45218549713776e-69	LHFP	c9
1.25976547210483e-73	1.50332240097094	0.246	0.082	4.24465378171002e-69	NAALADL1	c9
1.96669509717381e-73	1.66874857482369	0.191	0.055	6.62658246041743e-69	SRGAP2C	c9
4.34155153415599e-73	0.994100949630104	0.436	0.195	1.46284237391852e-68	FBLN7	c9
5.06242058910818e-73	0.369838031883947	0.99	0.981	1.70573199329411e-68	SERF2	c9
5.45004272850572e-73	0.966262382257009	0.541	0.272	1.83633739694272e-68	HSBP1	c9
9.98260502283924e-73	2.12483501627085	0.129	0.029	3.36353893639545e-68	AC069363.1	c9
1.17424236601813e-72	1.06170395980871	0.507	0.25	3.95649222806149e-68	SAMD9L	c9
3.24359408904061e-72	0.745629269368199	0.709	0.433	1.09289659236134e-67	TNFRSF1B	c9
1.1696423964107e-71	1.51142576996434	0.248	0.085	3.94099309046621e-67	IFIT1	c9
2.41559889917565e-71	1.33039228987917	0.336	0.136	8.13911893088243e-67	MAP3K8	c9
6.69235502797173e-71	0.512139440601945	0.978	0.947	2.2549221031248e-66	LAPTM5	c9
1.01865199022534e-70	0.845363611192837	0.649	0.363	3.43224601586526e-66	C4orf48	c9
1.23279974452411e-70	1.55464144525733	0.224	0.073	4.15379545919952e-66	PKIA	c9
2.32741246049768e-70	0.926921573053739	0.609	0.337	7.84198354440089e-66	XAF1	c9
3.20333195980063e-70	1.39369270008224	0.247	0.085	1.07933067053522e-65	PARVB	c9
5.29192462030519e-70	0.685033776872408	0.879	0.66	1.78306108156563e-65	DRAP1	c9
7.32649271679221e-70	1.1150506768762	0.493	0.249	2.46858845599597e-65	RGS2	c9
1.31280695181866e-69	1.07466107728681	0.45	0.212	4.4233717434578e-65	OAS2	c9
2.71689358561882e-69	0.729829705409882	0.799	0.541	9.15430124738405e-65	YWHAQ	c9
4.1239040828081e-69	0.548760015312736	0.94	0.794	1.38950824166136e-64	TPM3	c9
4.4894260299402e-69	0.757363163213673	0.763	0.496	1.51266720652805e-64	POMP	c9
4.66581560885474e-69	1.73442341147587	0.187	0.056	1.57209991124752e-64	ACOT7	c9
5.50308601313257e-69	1.03150030945935	0.545	0.286	1.85420980126489e-64	EIF2AK2	c9
6.8795174048403e-68	1.48617064633305	0.22	0.071	2.31798459438689e-63	CD200R1	c9
1.03774288839489e-67	0.561356032396448	0.877	0.595	3.49657088815774e-63	HLA-DPA1	c9
1.90364167826235e-67	0.721778397584621	0.809	0.566	6.41413027073716e-63	RAC1	c9
5.4127829922226e-67	0.850069676098689	0.859	0.65	1.82378310139948e-62	CRIP1	c9
7.17773762357059e-67	1.07212742241508	0.451	0.216	2.41846691488587e-62	PARP9	c9
2.13967010405685e-66	0.859942456970334	0.51	0.251	7.20940444860916e-62	TXNDC17	c9
2.57188293520917e-66	0.721632524053056	0.808	0.572	8.66570236189376e-62	UBE2L6	c9
2.7211912357046e-66	1.51191183735592	0.483	0.258	9.16878174958309e-62	LAG3	c9
2.89487100350625e-66	0.936891296071251	0.593	0.335	9.75397835921395e-62	RAB27A	c9
1.64503020999236e-65	1.46720914126139	0.237	0.083	5.54276478954825e-61	MAST4	c9
1.71499523220622e-65	2.70347188454534	0.086	0.015	5.77850493539564e-61	RDH10	c9
2.06028641522582e-65	1.06285536488775	0.582	0.334	6.94192904746186e-61	PRDM1	c9
3.07035983552691e-65	1.34991570445313	0.235	0.081	1.03452704298244e-60	D2HGDH	c9
4.31328287784534e-65	3.70950294774829	0.055	0.006	1.45331753286121e-60	KRT81	c9
8.42263719263242e-65	0.48324142876281	0.927	0.84	2.83792337568557e-60	GABARAP	c9
2.31011231469652e-64	0.707297333380959	0.784	0.525	7.78369243313844e-60	CXCR3	c9
5.72735903115323e-64	0.868724408530381	0.613	0.351	1.92977635195677e-59	NDUFA13	c9
6.14789749461608e-64	1.0047921160827	0.648	0.395	2.07147258183594e-59	GPX1	c9
1.09481166412117e-63	0.633047243005044	0.879	0.697	3.68885842108986e-59	ITGB2	c9
1.31591275221956e-63	0.620155080100949	0.977	0.938	4.4338364273286e-59	RPS26	c9
2.11136837789517e-63	1.06071067806334	0.351	0.149	7.11404461248e-59	SLC9A9	c9
2.2024370355895e-63	1.35980962026681	0.226	0.077	7.42089134771527e-59	ZBTB7B	c9
3.92958943954553e-63	0.646359422459837	0.847	0.605	1.32403586576047e-58	TSPO	c9
5.2353787821004e-63	1.00079163527628	0.391	0.175	1.76400852684091e-58	SKA2	c9
9.90322433765439e-63	2.35456012615772	0.08	0.014	3.33679240832927e-58	NR5A2	c9
3.21366951666813e-62	0.716032360194448	0.71	0.453	1.08281380694616e-57	NFATC2	c9
6.13436776645824e-62	1.54204572125392	0.2	0.065	2.06691387523044e-57	ATP10D	c9
6.43286824447456e-62	0.82289978759111	0.653	0.387	2.16749062629326e-57	VDAC1	c9
7.03654048801776e-62	0.948571326393546	0.713	0.462	2.3708919520327e-57	SYNGR2	c9
9.14847639131007e-62	1.25969338611222	0.271	0.103	3.08248763528802e-57	SUSD6	c9
2.52952808315607e-61	0.979283451492351	0.529	0.285	8.52299192338605e-57	IFI35	c9
2.53734097591579e-61	0.881373302454434	0.573	0.326	8.54931668425067e-57	ECH1	c9
2.54817643728508e-61	0.870411059814503	0.8	0.597	8.58582568778836e-57	TRAC	c9
2.87619686914731e-61	1.07863787705386	0.315	0.131	9.69105773090495e-57	CKS2	c9
3.83708946384035e-61	0.894372485358793	0.536	0.284	1.29286892394637e-56	TADA3	c9
9.95599638023877e-61	2.08648357974487	0.095	0.019	3.35457342035765e-56	CPA5	c9
1.12664725246003e-60	0.428724797712039	0.964	0.887	3.79612525243883e-56	YWHAB	c9
2.12185884343517e-60	3.16155527269826	0.059	0.008	7.14939118707047e-56	NTRK2	c9
2.41601305560579e-60	0.780693245572983	0.667	0.392	8.14051438955815e-56	HN1	c9
2.44897905960773e-60	1.0545796625466	0.507	0.27	8.25159004344228e-56	PRNP	c9
2.50777456779505e-60	0.555868344471282	0.915	0.737	8.44969562872862e-56	PSME2	c9
3.14965101862276e-60	0.31453440701747	1	0.999	1.06124341421475e-55	HLA-B	c9
3.55612485823629e-60	0.755310180320537	0.805	0.547	1.19820070973414e-55	STAT1	c9
3.89176155212465e-60	0.638970569289146	0.831	0.586	1.31129013737288e-55	PRDX1	c9
4.63482672816464e-60	0.433666783828082	0.967	0.863	1.56165851778779e-55	CLIC1	c9
2.39902748613189e-59	1.17083903951065	0.299	0.123	8.08328321177279e-55	PFKFB3	c9
2.4565252318409e-59	0.615442262422745	0.832	0.621	8.27701611616472e-55	LRRFIP1	c9
2.49659227652416e-59	0.748240393738252	0.766	0.504	8.4120180165205e-55	CTSC	c9
2.81152274902407e-59	1.09048446250556	0.334	0.144	9.4731447505617e-55	IGFBP4	c9
9.11313530722865e-59	0.730509939884172	0.786	0.541	3.07057981041762e-54	SLA	c9
1.01023528551504e-58	2.34771183054082	0.077	0.014	3.40388677101436e-54	PLAT	c9
1.49275041747542e-58	0.606526005327429	0.856	0.685	5.02967325664168e-54	CAP1	c9
3.09408670790479e-58	1.05671720305221	0.299	0.122	1.04252157536144e-53	CD79B	c9
4.1667350026919e-58	1.18500925788254	0.276	0.111	1.40393969180701e-53	METTL8	c9
4.4761473258297e-58	0.883898760081756	0.617	0.381	1.50819307996506e-53	RNASEK	c9
4.70627446549623e-58	1.00959947408058	0.39	0.182	1.5857321184043e-53	CPNE7	c9
4.71952890490109e-58	0.871119131320151	0.4	0.187	1.59019806921737e-53	BCL3	c9
5.20130766816625e-58	0.609386576935741	0.869	0.693	1.75252860571194e-53	PGK1	c9
6.72983512758754e-58	0.9723027057625	0.459	0.231	2.26755064788935e-53	TMEM167A	c9
7.27259652123612e-58	0.77894533350118	0.662	0.4	2.4504286718653e-53	C17orf62	c9
1.35212209522518e-57	0.468116181636709	0.958	0.855	4.55584018765173e-53	COTL1	c9
2.36798739884995e-57	1.31432745283438	0.245	0.093	7.97869674168501e-53	CMPK2	c9
2.66742029223685e-57	0.736890144303422	0.801	0.573	8.98760593266283e-53	CLEC2D	c9
2.78794718285125e-57	0.393620256587422	0.965	0.887	9.39370923789901e-53	SUMO2	c9
3.31665802273263e-57	1.00790214308367	0.423	0.209	1.11751475417953e-52	TMBIM4	c9
4.39169601327529e-57	1.11744166973931	0.324	0.139	1.47973805471298e-52	PTPN11	c9
5.28988939891319e-57	1.00141546423716	0.34	0.148	1.78237533406981e-52	PAM	c9
8.01615967403521e-57	0.774154956628015	0.503	0.257	2.70096484056942e-52	CD40LG	c9
1.30271558268549e-56	1.07780408226226	0.363	0.167	4.3893698843005e-52	ETV6	c9
1.31479609460295e-56	0.637766323869107	0.783	0.549	4.43007396115519e-52	COPE	c9
1.35459432620445e-56	0.718315249068895	0.745	0.495	4.56417012271328e-52	TBCB	c9
1.51203859674948e-56	1.6283287898874	0.153	0.045	5.0946628478877e-52	MREG	c9
2.01627587373212e-56	0.746465571281142	0.69	0.439	6.79363992895301e-52	CLTA	c9
2.41973829177467e-56	0.720290048855516	0.712	0.462	8.15306620030559e-52	PPP1CC	c9
5.97585991972537e-56	2.90267090453973	0.056	0.008	2.01350624135227e-51	RP11-146I2.1	c9
6.20735016994554e-56	0.835241812327083	0.54	0.3	2.09150456626145e-51	RILPL2	c9
9.10190749809671e-56	0.667103606133935	0.853	0.664	3.0667967124087e-51	CD247	c9
9.60392758696196e-56	0.635743867471506	0.838	0.629	3.23594736115096e-51	SP100	c9
1.01986096283693e-55	2.28180308709838	0.082	0.016	3.43631952818276e-51	CDK14	c9
1.07288376647324e-55	0.655342543284452	0.793	0.56	3.61497456275494e-51	SLC9A3R1	c9
1.25834100412072e-55	0.75738612474955	0.589	0.337	4.23985417928434e-51	ACTN4	c9
1.45207443815952e-55	0.827029568133341	0.584	0.336	4.8926196119347e-51	CHMP5	c9
1.73678333535315e-55	0.591881247688639	0.869	0.672	5.85191777013891e-51	LCP2	c9
1.88453050576411e-55	1.41851663478862	0.227	0.084	6.34973708612158e-51	AGFG1	c9
2.11539707630915e-55	0.728385418450864	0.667	0.409	7.12761890891605e-51	PRKAR1A	c9
2.19225932769755e-55	0.838760692833888	0.613	0.357	7.38659857874412e-51	PHYKPL	c9
2.76063993286106e-55	0.534980493031412	0.898	0.747	9.30170018978207e-51	CAPZB	c9
3.32004463813752e-55	1.18556431186001	0.276	0.113	1.11865584037406e-50	CCR5	c9
5.92508415195985e-55	0.355550266870838	0.996	0.995	1.99639785416135e-50	TMSB10	c9
7.97560670676916e-55	1.12708779983273	0.255	0.1	2.6873009237788e-50	ST8SIA1	c9
9.62668035247373e-55	1.02206988280712	0.345	0.157	3.2436136779625e-50	MIS18BP1	c9
1.29594806768804e-54	0.744713188328028	0.653	0.398	4.36656741926809e-50	CDK2AP2	c9
1.36210983198274e-54	2.97605232148566	0.052	0.007	4.58949286788263e-50	CTA-293F17.1	c9
1.57817804419928e-54	0.401823069308471	0.96	0.885	5.31751310212505e-50	ARPC3	c9
4.0929148219023e-54	0.991759048760857	0.373	0.177	1.37906672009176e-49	PML	c9
4.28090508409072e-54	1.88375001506981	0.121	0.032	1.44240815903353e-49	CCR1	c9
5.84770013381153e-54	0.476631177542372	0.929	0.795	1.97032408308646e-49	SOD1	c9
7.07515058317054e-54	3.42302900793391	0.041	0.005	2.38390123749348e-49	GLDC	c9
2.81975459406542e-53	0.774686144711266	0.386	0.181	9.50088112924403e-49	FABP5	c9
3.03525846571497e-53	0.389004311410399	0.978	0.925	1.022699987438e-48	HMGB1	c9
3.14150953876981e-53	0.694986140476238	0.783	0.569	1.0585002239931e-48	NDUFV2	c9
4.09413256727581e-53	0.696314168970422	0.742	0.5	1.37947702721791e-48	SIT1	c9
6.89665429279009e-53	1.47854726150913	0.183	0.062	2.32375869741269e-48	PDLIM7	c9
7.64173565861086e-53	0.947256278540222	0.305	0.131	2.57480641281234e-48	ZEB2	c9
1.24803849864286e-52	3.71899575466367	0.03	0.002	4.20514091732725e-48	PTCHD1	c9
1.68549056745638e-52	0.94890462470311	0.332	0.148	5.67909191798753e-48	AP1S1	c9
2.32992134470846e-52	0.820986389980126	0.55	0.312	7.85043697886068e-48	STAT4	c9
2.43964233548278e-52	1.02266622473222	0.311	0.137	8.22013088517567e-48	CERS5	c9
1.03703326263799e-51	1.14448985941112	0.235	0.091	3.49417987513244e-47	FHL3	c9
2.10702176830504e-51	0.651058941177937	0.782	0.548	7.099399146127e-47	IFI16	c9
3.56616209727258e-51	1.31111908643231	0.248	0.101	1.20158265705502e-46	PPIF	c9
4.07455363872594e-51	0.474020322427294	0.934	0.819	1.37288010303232e-46	TMBIM6	c9
4.14673648034666e-51	0.440198319455888	0.948	0.853	1.397201389688e-46	PSMB9	c9
5.1681983199519e-51	0.649863509434935	0.794	0.557	1.74137274192459e-46	TAP1	c9
5.18179184511126e-51	1.94131521636476	0.101	0.024	1.74595294429179e-46	KCNK5	c9
5.94983701616914e-51	1.04210602812937	0.474	0.259	2.00473808422803e-46	SAMD9	c9
7.56398113605578e-51	0.926489340711597	0.573	0.342	2.54860780398263e-46	CEBPB	c9
1.00501623443416e-50	0.758446942290713	0.62	0.382	3.38630170030245e-46	CHMP2A	c9
1.1569482143108e-50	0.211958039686523	0.999	0.998	3.89822131329881e-46	TMSB4X	c9
1.5620553729555e-50	0.912464330190789	0.431	0.222	5.26318937363624e-46	FAM104A	c9
2.08869695111796e-50	0.774166656682634	0.543	0.303	7.03765550709687e-46	YWHAH	c9
5.96539576371149e-50	0.882932483308944	0.422	0.216	2.00998044862495e-45	ST8SIA4	c9
6.71963499290028e-50	0.631383125748166	0.822	0.658	2.26411381450782e-45	MT2A	c9
7.65382047895993e-50	0.919889012675372	0.49	0.276	2.57887827218076e-45	ARL6IP1	c9
9.36394421322406e-50	0.861462717503357	0.505	0.28	3.15508736320371e-45	ELMO1	c9
1.57743066343273e-49	1.03131672485198	0.372	0.184	5.31499487737023e-45	CD320	c9
1.66981647230637e-49	0.950364591240027	0.397	0.202	5.62627962178909e-45	LGALS8	c9
1.81724528158953e-49	0.86549328832759	0.404	0.201	6.12302625178775e-45	SECISBP2L	c9
2.85691233356714e-49	0.534862859578972	0.865	0.712	9.6260804167211e-45	LAT	c9
3.56467469868074e-49	2.07828219470563	0.088	0.02	1.20108149297349e-44	ZG16B	c9
3.73560784341224e-49	2.29052351252805	0.078	0.016	1.25867570675932e-44	TGFBI	c9
4.18863946636145e-49	0.661409338533454	0.757	0.538	1.41132018179583e-44	CD164	c9
6.045277644888e-49	0.476245391058063	0.898	0.74	2.03689584966856e-44	COX8A	c9
7.21777530656755e-49	0.407532019436766	0.976	0.914	2.43195721179487e-44	CYBA	c9
1.0227440814957e-48	0.750770674413028	0.544	0.311	3.4460339081916e-44	PRDX3	c9
1.43703292410447e-48	1.5031232249213	0.168	0.056	4.84193873447761e-44	KIAA1324	c9
1.6206573961097e-48	3.55886884853308	0.022	0.001	5.46064303045203e-44	IL13	c9
2.65932306233624e-48	2.38351606129786	0.058	0.01	8.96032312623572e-44	PHEX	c9
2.71069557360558e-48	0.821405791736573	0.402	0.2	9.13341766570663e-44	ADI1	c9
3.42222330934196e-48	0.317584062639639	0.796	0.499	1.15308392184968e-43	HLA-DRB1	c9
4.0154360489345e-48	0.530199980321598	0.847	0.653	1.35296102232799e-43	WDR83OS	c9
5.20457876231724e-48	1.03306573827642	0.278	0.12	1.75363076817517e-43	EHD4	c9
6.07229714891222e-48	0.703382090540457	0.59	0.351	2.04599980135448e-43	GNAI2	c9
7.70359332549579e-48	1.12768005878674	0.252	0.105	2.59564873509255e-43	MICAL2	c9
1.23051057878705e-47	0.931910946886518	0.217	0.083	4.14608234416509e-43	IKZF4	c9
1.46040062734304e-47	0.880232483759149	0.468	0.264	4.92067387376965e-43	CSNK2B	c9
1.76757971651505e-47	1.29092910704858	0.178	0.063	5.9556830968258e-43	GALNT1	c9
2.06777991665883e-47	1.27312669909021	0.212	0.082	6.96717765119026e-43	NBPF26	c9
2.64792725427755e-47	0.759941828271967	0.486	0.262	8.92192609056278e-43	ASNA1	c9
2.9471840777615e-47	1.05242369270598	0.283	0.125	9.93024203160961e-43	AC104820.2	c9
3.16809645840289e-47	1.31314706343274	0.195	0.072	1.06745842069427e-42	MFHAS1	c9
3.3598618004134e-47	1.7634666884602	0.107	0.028	1.13207183503129e-42	CXorf21	c9
6.75854949767948e-47	0.695910934449363	0.72	0.466	2.27722566774812e-42	RNF19A	c9
7.74185424798525e-47	1.17065770442937	0.269	0.118	2.60854037031615e-42	NUDT14	c9
8.22100413859767e-47	0.548321920229055	0.833	0.666	2.7699851344591e-42	ACTR3	c9
8.28156911251618e-47	0.6485215927977	0.708	0.472	2.7903918967712e-42	FMNL1	c9
8.97058456956017e-47	1.08828303561413	0.23	0.092	3.0225487648676e-42	ACSL4	c9
9.6966595423814e-47	1.65139830535965	0.133	0.04	3.26719246620999e-42	SLFN12	c9
1.11088738294475e-46	1.31234332220839	0.168	0.058	3.74302394809403e-42	PRR34-AS1	c9
2.10341060039544e-46	0.582964990748072	0.805	0.584	7.0872316769724e-42	TMEM50A	c9
2.23743095444787e-46	0.862092622123321	0.421	0.221	7.53879985791666e-42	SPPL2A	c9
2.39135027470597e-46	1.49586990047916	0.148	0.048	8.0574156155943e-42	AGMAT	c9
2.5666040616627e-46	2.13673305271908	0.071	0.014	8.64791572536631e-42	ASCL2	c9
2.72154297287633e-46	0.858306049784217	0.401	0.205	9.16996689280952e-42	RPS6KA1	c9
2.79523835146337e-46	2.42986853969341	0.056	0.009	9.41827610142068e-42	HLF	c9
3.02462136401854e-46	0.650606968580428	0.702	0.464	1.01911592239241e-41	ITGA4	c9
3.74548934480064e-46	0.761844511664615	0.524	0.302	1.26200517983713e-41	LASP1	c9
3.96509677435188e-46	0.679492933257819	0.578	0.344	1.33599970715012e-41	IL6ST	c9
4.96414968894758e-46	0.70865841679986	0.487	0.265	1.672620596194e-41	PTPN22	c9
5.02014437434863e-46	1.18516088865325	0.214	0.084	1.69148744549303e-41	DAPP1	c9
7.10407210230297e-46	0.461403019410551	0.91	0.802	2.39364605414996e-41	LCK	c9
7.49774687900789e-46	0.613265936012475	0.828	0.618	2.52629083341292e-41	EID1	c9
7.84038761379813e-46	1.51879848219584	0.153	0.05	2.64174020259314e-41	NCDN	c9
9.37140600783988e-46	0.506780888276672	0.843	0.667	3.15760154028157e-41	ATP5J2	c9
1.23928456220361e-45	2.05075799057646	0.083	0.019	4.17564540388883e-41	GOLIM4	c9
1.33282837878679e-45	2.93981952413274	0.04	0.005	4.49083193948421e-41	CRMP1	c9
1.3351761652394e-45	0.590928128840485	0.834	0.645	4.49874257115765e-41	HNRNPA3	c9
2.18820199197512e-45	1.08943302060808	0.24	0.1	7.37292779176096e-41	PCK2	c9
2.32506684522405e-45	1.34106372195077	0.175	0.063	7.83408022829791e-41	FANCL	c9
2.83687815539094e-45	0.969486774410247	0.325	0.155	9.55857725677424e-41	MSI2	c9
3.06215692195386e-45	1.23993480724776	0.248	0.106	1.03176315328313e-40	WARS	c9
4.13732904023483e-45	2.95859122387924	0.048	0.007	1.39403164681672e-40	LINC01572	c9
4.28182914224534e-45	1.43106906281688	0.145	0.047	1.44271951118815e-40	LINC00539	c9
4.33721903933945e-45	0.676337696981073	0.647	0.416	1.46138258311503e-40	MRPS6	c9
4.96749128103523e-45	0.748598512117573	0.469	0.253	1.67374651223201e-40	BTG3	c9
5.72838213999482e-45	0.827079348182645	0.396	0.2	1.93012107824985e-40	CTNNB1	c9
7.65900434776209e-45	0.356024052656494	0.983	0.925	2.58062492493496e-40	UBC	c9
8.36117385798833e-45	0.834834801898178	0.355	0.174	2.81721391971059e-40	ACTA2	c9
8.75909977193557e-45	2.30691577090039	0.059	0.011	2.95129107715597e-40	SERP2	c9
8.90284404962876e-45	0.966392316551726	0.428	0.233	2.99972427408191e-40	CXCR6	c9
9.28023815787769e-45	1.07970605401309	0.294	0.136	3.12688344491531e-40	NDUFC2	c9
1.13351981573924e-44	0.507450181931334	0.904	0.768	3.81928166715178e-40	ARL6IP5	c9
1.19376982074144e-44	0.394738588052424	0.939	0.845	4.02228803400622e-40	EDF1	c9
1.80191169844863e-44	0.483075658330141	0.897	0.749	6.07136127675282e-40	HMGN1	c9
1.85234230532874e-44	1.2694676077658	0.184	0.068	6.24128216357465e-40	DGKH	c9
4.13013221823698e-44	0.671191589228354	0.559	0.324	1.39160674961277e-39	CMC2	c9
4.49995267381049e-44	0.945648597625034	0.343	0.169	1.5162140539137e-39	CLSTN3	c9
6.0075855800573e-44	0.85333826649544	0.452	0.249	2.02419588534451e-39	CD2BP2	c9
6.37615139557606e-44	0.808465906011303	0.387	0.197	2.1483804512254e-39	CALHM2	c9
7.26059621324705e-44	0.994859780645364	0.315	0.15	2.44638528809146e-39	TLE3	c9
7.49894353528841e-44	0.996904832688434	0.239	0.102	2.52669403478008e-39	SGK1	c9
7.57359023647183e-44	0.809994686909055	0.461	0.256	2.55184549427682e-39	TCIRG1	c9
8.11452114345731e-44	2.257794295598	0.12	0.036	2.73410675407651e-39	TRAV6	c9
9.64574323209844e-44	1.47964570055039	0.138	0.044	3.25003672462325e-39	ROGDI	c9
9.99798876090148e-44	0.881765336965157	0.369	0.187	3.36872233309815e-39	ZBP1	c9
1.06903248453918e-43	0.868492049863633	0.331	0.16	3.6019980534063e-39	KDM5B	c9
1.19897425567896e-43	0.517488585111755	0.793	0.569	4.0398238570847e-39	COX5A	c9
1.34927304954514e-43	1.15761100768901	0.213	0.086	4.54624061313739e-39	EMC9	c9
1.35415388487603e-43	1.21246872971066	0.31	0.153	4.56268609970131e-39	HERC5	c9
1.4204091438429e-43	1.90575495533019	0.098	0.026	4.78592656926427e-39	SRGAP2B	c9
1.74019862767315e-43	1.72267291949374	0.194	0.077	5.8634252560819e-39	CSF1	c9
1.82101066775639e-43	0.899957048178119	0.283	0.128	6.13571334393837e-39	TSPAN17	c9
1.82223268071922e-43	0.715256002535028	0.577	0.351	6.13983079441534e-39	SPTAN1	c9
2.16319068190061e-43	0.564372782921354	0.725	0.496	7.28865468359593e-39	NOP10	c9
2.63728565351718e-43	0.883176491744039	0.335	0.163	8.88607028096079e-39	SARNP	c9
3.21438317766709e-43	3.00626289333443	0.036	0.004	1.08305426788315e-38	HMHB1	c9
3.25516251904359e-43	0.811728843999076	0.439	0.239	1.09679445916655e-38	RALGDS	c9
3.39157909049484e-43	4.05305083966421	0.022	0.001	1.14275865875133e-38	NUAK1	c9
3.69788935457651e-43	0.583384540509694	0.812	0.603	1.24596683913101e-38	MSN	c9
4.21492395153351e-43	0.474452447219522	0.883	0.707	1.4201764762297e-38	LDHA	c9
4.23549786223457e-43	0.928697056435484	0.317	0.152	1.42710864970132e-38	DDX60	c9
5.07759813763251e-43	0.467940593168739	0.864	0.697	1.7108459164939e-38	BRK1	c9
6.4744465401081e-43	1.76823804238869	0.087	0.021	2.18150001722402e-38	TMEM53	c9
6.86530197949604e-43	0.627481287467966	0.628	0.396	2.3131948489714e-38	TWF2	c9
7.05607568021737e-43	0.823287131825943	0.3	0.14	2.37747413969244e-38	SMC4	c9
8.91057934180515e-43	1.66976200419059	0.113	0.033	3.00233060342783e-38	TRIB1	c9
9.09363128640631e-43	0.561715408987662	0.777	0.57	3.06400812564174e-38	PSMB3	c9
1.26349527865511e-42	0.745806023272103	0.473	0.262	4.25722099190051e-38	YIPF3	c9
1.34795134804366e-42	0.697211164870249	0.492	0.273	4.54178727209832e-38	CD58	c9
1.43215244971077e-42	0.872769985652269	0.299	0.139	4.82549446405548e-38	AGFG2	c9
1.59917382314085e-42	0.821004535690874	0.42	0.225	5.38825627969077e-38	NMI	c9
1.81278995227818e-42	2.08668832863234	0.072	0.015	6.1080144652061e-38	GAB2	c9
2.14788424924579e-42	2.27712328762669	0.095	0.025	7.23708118940876e-38	RP11-121P12.1	c9
2.19947852533952e-42	0.695879405817414	0.486	0.272	7.41092294327899e-38	GSTO1	c9
2.98425762974802e-42	0.66495650212297	0.478	0.269	1.0055157657673e-37	LYST	c9
4.21560294578136e-42	1.13626984149805	0.167	0.06	1.42040525655157e-37	CDCA7	c9
4.26848145808614e-42	0.894574223782503	0.375	0.197	1.43822214248754e-37	ARPC4	c9
4.5818268364362e-42	4.53816918512669	0.016	0.001	1.54380073426881e-37	RP11-403A3.3	c9
4.65878761623888e-42	0.911993066820318	0.331	0.161	1.56973189941553e-37	CAT	c9
4.70705132550904e-42	1.1783956028026	0.229	0.097	1.58599387361702e-37	HERC6	c9
4.93434548309025e-42	0.789085841462851	0.435	0.236	1.66257836707243e-37	COMMD8	c9
5.27061016754786e-42	0.911663926882499	0.354	0.181	1.77587938985358e-37	CHMP4A	c9
6.54904146452859e-42	1.2891234780457	0.156	0.055	2.20663403105826e-37	PCYOX1L	c9
6.5605820084476e-42	0.785212087100698	0.435	0.233	2.21052250192634e-37	ETFB	c9
6.8692009574611e-42	3.17850334189443	0.032	0.003	2.31450857060694e-37	PTHLH	c9
7.1093776208336e-42	1.03765889733428	0.293	0.138	2.39543369556367e-37	NFATC1	c9
7.49852022817864e-42	0.608590685611491	0.707	0.468	2.52655140568251e-37	SELT	c9
8.91544172580466e-42	0.885585007880693	0.157	0.055	3.00396893509262e-37	PCAT29	c9
9.78677802644432e-42	0.576378350094693	0.733	0.5	3.29755698823015e-37	PSMD8	c9
9.83056778402671e-42	0.599031869373888	0.698	0.462	3.31231150914996e-37	HMGN3	c9
1.15896414451636e-41	1.06356269167574	0.259	0.117	3.90501378853343e-37	CDIP1	c9
1.76586205991751e-41	0.86147513509967	0.331	0.162	5.94989562468607e-37	EED	c9
2.0596411250542e-41	0.90249071080158	0.347	0.174	6.93975480675763e-37	TRAFD1	c9
2.59846847044809e-41	0.540806889544493	0.789	0.58	8.75527966432779e-37	WDR1	c9
3.21759327313132e-41	0.315731276130515	0.972	0.942	1.08413587744887e-36	OAZ1	c9
3.62651859944058e-41	0.531947362286574	0.804	0.613	1.22191917689551e-36	GNB2	c9
4.42055365027703e-41	0.645924553204051	0.613	0.382	1.48946134692434e-36	LAMTOR5	c9
4.7069577032603e-41	0.647836323763601	0.596	0.368	1.58596232853653e-36	SURF4	c9
4.88592768399479e-41	2.21422625327774	0.077	0.018	1.6462644738452e-36	TNS3	c9
5.33890477008617e-41	1.027064902595	0.247	0.109	1.79889057323283e-36	RUNX2	c9
5.35711759117886e-41	1.08243955471775	0.258	0.117	1.80502720117181e-36	GDE1	c9
5.99425224479292e-41	1.75191903077714	0.105	0.03	2.01970335136053e-36	SEC14L2	c9
6.86523611112256e-41	0.802687640191568	0.408	0.219	2.31317265528164e-36	MAP2K3	c9
6.92829767933857e-41	0.564011243071318	0.695	0.459	2.33442062007634e-36	PPP4C	c9
7.04494118409602e-41	0.641604288988537	0.669	0.446	2.37372248256931e-36	SASH3	c9
7.38322152934333e-41	0.986982588824671	0.258	0.116	2.48770266209694e-36	PLIN3	c9
8.02487275141886e-41	0.82352910843267	0.36	0.183	2.70390062486307e-36	UBE2K	c9
8.98413524575942e-41	0.516743642350574	0.818	0.629	3.02711452970618e-36	C9orf16	c9
9.06725960100668e-41	0.602482294385212	0.665	0.434	3.05512244996319e-36	PPM1G	c9
1.16558285672217e-40	1.60006427651204	0.135	0.045	3.92731487743966e-36	NOTCH2NL	c9
1.23697333884075e-40	1.71703688600337	0.085	0.021	4.16785796789004e-36	FAIM2	c9
1.53029758270559e-40	1.2416189597276	0.153	0.054	5.15618467516822e-36	ABCA2	c9
1.66467326393649e-40	0.64639860334102	0.626	0.388	5.6089500955076e-36	SDF4	c9
1.83649023316953e-40	0.459231848967349	0.897	0.762	6.18787019164142e-36	HNRNPK	c9
1.85806376282458e-40	0.849429895308872	0.295	0.139	6.26056004246113e-36	ARHGAP18	c9
2.31036077363192e-40	0.660380867449965	0.526	0.308	7.78452959067539e-36	SH3GLB1	c9
2.42264145894431e-40	0.583956725183074	0.731	0.515	8.16284813176695e-36	VCP	c9
2.81629683135303e-40	3.03245007811152	0.042	0.006	9.48923054356091e-36	CD276	c9
2.85731265747263e-40	1.35677409123632	0.137	0.046	9.62742926808828e-36	NRIP1	c9
2.938512298259e-40	2.1553943062763	0.06	0.012	9.90102333775388e-36	LINC00158	c9
3.07492026345211e-40	0.806263028136535	0.378	0.197	1.03606363356756e-35	BLOC1S1	c9
3.56494806383512e-40	0.397348270508492	0.925	0.808	1.2011736006286e-35	TCEB2	c9
4.40016045084957e-40	0.928517747320648	0.321	0.159	1.48259006230925e-35	ACAA2	c9
4.4312623322298e-40	0.743696455068606	0.423	0.23	1.49306953022151e-35	ELOVL1	c9
4.90918138888027e-40	0.622064022979877	0.669	0.441	1.65409957716932e-35	SCAMP2	c9
5.56395264722001e-40	0.903443001213853	0.283	0.133	1.87471820495431e-35	C17orf49	c9
5.59642689048595e-40	0.722836613583003	0.525	0.31	1.88566007648034e-35	SP140	c9
5.936572389411e-40	0.746943469686935	0.482	0.278	2.00026870088814e-35	ILK	c9
6.58772302510213e-40	0.494375386280082	0.828	0.634	2.21966739607791e-35	UCP2	c9
9.28735059876405e-40	0.771368054758836	0.424	0.231	3.12927991074756e-35	YIPF5	c9
1.33263793429467e-39	0.824879431635872	0.344	0.175	4.49019025581247e-35	IL10RB	c9
1.36006149990685e-39	0.451140351417297	0.905	0.746	4.58259121778615e-35	HCLS1	c9
1.39706257041378e-39	0.308511841652724	0.972	0.953	4.7072626247522e-35	H3F3A	c9
1.50946154399712e-39	0.534242336531486	0.774	0.562	5.08597972634388e-35	DYNLRB1	c9
2.45314033350036e-39	0.723928067647947	0.477	0.273	8.2656110396961e-35	FAM50A	c9
2.75931337721237e-39	1.10366939144921	0.248	0.111	9.29723049317935e-35	ORAI2	c9
3.11240696631954e-39	1.92414471393803	0.073	0.017	1.04869440323171e-34	IFITM10	c9
3.19867626704821e-39	0.616934655442682	0.649	0.429	1.07776198141922e-34	IL2RB	c9
4.5270212171728e-39	1.08242785079118	0.208	0.086	1.5253345289142e-34	NUDT16	c9
4.76571195952325e-39	0.807756944872599	0.407	0.223	1.60575898764176e-34	ZNFX1	c9
5.02149376334074e-39	0.67550194023121	0.479	0.271	1.69194210862003e-34	IFNAR2	c9
6.05654110260885e-39	0.504383915408053	0.804	0.594	2.04069095911302e-34	EZR	c9
6.43501514054058e-39	0.659881976145739	0.544	0.324	2.16821400145374e-34	CMTM6	c9
6.97786964787013e-39	0.773823772637668	0.356	0.182	2.35112339915336e-34	MIIP	c9
7.48000120027164e-39	2.83145707552125	0.051	0.009	2.52031160441953e-34	FLT1	c9
7.8120344359442e-39	0.809563446582984	0.379	0.202	2.63218688284704e-34	CTBS	c9
8.55186227140111e-39	0.729497313977467	0.46	0.261	2.88146447372589e-34	SMARCA2	c9
1.18415650437753e-38	0.889354475887147	0.306	0.148	3.98989692584964e-34	IKBKB	c9
1.23231727527148e-38	0.70583643161624	0.437	0.239	4.15216982729973e-34	SRA1	c9
1.43219592500461e-38	0.894806613148415	0.287	0.138	4.82564094971055e-34	SEL1L3	c9
1.43746702526018e-38	2.06900990594261	0.059	0.012	4.84340139491166e-34	FZD6	c9
1.47576981395382e-38	4.41681822256672	0.033	0.004	4.97245881113601e-34	CXCL10	c9
1.48312066023461e-38	0.379592488595789	0.917	0.788	4.9972267525945e-34	COX6A1	c9
1.63792445701595e-38	0.67407995002454	0.482	0.275	5.51882266546955e-34	ACADVL	c9
1.64434565467613e-38	0.684084835850133	0.538	0.323	5.54045824886575e-34	DIAPH1	c9
1.65719923462012e-38	1.04998428319685	0.176	0.068	5.58376710112902e-34	CDKN2A	c9
2.09172643235697e-38	0.692428167349566	0.449	0.252	7.04786304118357e-34	EIF6	c9
2.1364749080703e-38	0.702913709221633	0.598	0.379	7.19863855525208e-34	RANBP1	c9
2.43992307171943e-38	0.598973787407387	0.607	0.38	8.22107679785146e-34	SEC11C	c9
4.01829689851488e-38	1.03203997051244	0.222	0.096	1.35392495698561e-33	KLHDC7B	c9
5.8969171633965e-38	0.742416703172655	0.441	0.25	1.98690726903482e-33	UBE2A	c9
6.326966043563e-38	0.403184137116582	0.913	0.783	2.13180793871812e-33	UQCR11	c9
8.14517389069036e-38	0.648985995037347	0.541	0.326	2.74443489072921e-33	NRBP1	c9
8.25134833243427e-38	0.390698273025362	0.92	0.804	2.7802093071304e-33	CALM2	c9
8.31321818356358e-38	0.553962413395856	0.77	0.571	2.80105573476991e-33	CD6	c9
8.69011888494011e-38	0.830743027352456	0.324	0.163	2.92804865709172e-33	STXBP2	c9
9.14786117467535e-38	0.625507445987338	0.614	0.386	3.08228034419511e-33	KIF5B	c9
1.05498797903379e-37	0.988371559110707	0.21	0.088	3.55467649655646e-33	CERS4	c9
1.11336431191325e-37	0.566587481444908	0.68	0.458	3.75136971256052e-33	NDUFA6	c9
1.35800333851348e-37	1.03179333680199	0.183	0.073	4.57565644878731e-33	ASB2	c9
1.53315634285491e-37	0.670346635837288	0.512	0.304	5.16581698161533e-33	DR1	c9
1.67722483361688e-37	2.68400747926779	0.053	0.01	5.6512413543887e-33	G0S2	c9
1.85319624218363e-37	0.520065343838049	0.763	0.547	6.24415941841352e-33	RBX1	c9
2.03029090981187e-37	0.96013532442685	0.278	0.134	6.8408621915201e-33	SLC20A1	c9
2.19444016085808e-37	1.22614693999513	0.168	0.064	7.39394667799522e-33	NBL1	c9
2.4330939201306e-37	0.465922216576593	0.822	0.622	8.19806665448803e-33	MCL1	c9
2.8488368728791e-37	0.57786408530378	0.601	0.381	9.59887095947884e-33	CCDC167	c9
2.89655875998755e-37	0.497312283418726	0.798	0.606	9.75966508590205e-33	ANXA6	c9
3.06293379533182e-37	0.610903571953433	0.57	0.349	1.0320249129991e-32	CNIH1	c9
3.07987574308194e-37	0.609493773428019	0.598	0.377	1.03773333287403e-32	AP2S1	c9
3.3068135776302e-37	0.308339372758395	0.969	0.916	1.11419776684672e-32	SRP14	c9
4.05742343010948e-37	0.483797882359425	0.781	0.586	1.36710825054109e-32	DBI	c9
4.1692671037418e-37	0.732496750411184	0.388	0.208	1.40479285793476e-32	CHMP1A	c9
4.35057491758929e-37	2.73633953491642	0.033	0.004	1.46588271273253e-32	SOCS6	c9
4.5763969872394e-37	1.58999650119556	0.108	0.033	1.54197120088044e-32	ABAT	c9
5.38065383894026e-37	0.902318410730452	0.273	0.13	1.81295750449253e-32	AKAP11	c9
5.56865777958096e-37	0.363322694957651	0.939	0.841	1.87630355225201e-32	UBB	c9
6.2175234859009e-37	2.07249790973158	0.072	0.017	2.09493236333945e-32	TSPAN13	c9
7.1144933220266e-37	1.62197269272572	0.097	0.028	2.39715737992364e-32	RP6-91H8.3	c9
7.47760273615945e-37	2.43339044307665	0.04	0.006	2.51950346592156e-32	RGS13	c9
9.48071494690001e-37	0.794727300938033	0.357	0.188	3.19443209420849e-32	PFKP	c9
1.05341242547819e-36	1.91547750817055	0.086	0.023	3.54936782640621e-32	SUOX	c9
1.16648230041587e-36	1.04749142107246	0.204	0.087	3.93034546302123e-32	DPP3	c9
1.24685661951403e-36	0.688261157593657	0.549	0.345	4.20115869379058e-32	TANK	c9
1.36235645362371e-36	2.26963823292594	0.072	0.017	4.59032383483974e-32	OSM	c9
1.40813479003231e-36	0.509032890517826	0.765	0.573	4.74456936153486e-32	SNRPB	c9
1.49805006638214e-36	0.447601340301095	0.506	0.294	5.04752989366797e-32	HLA-DRA	c9
1.51900854643794e-36	1.50071192012421	0.093	0.027	5.11814739636798e-32	POU2AF1	c9
2.97957351106896e-36	0.549731185644753	0.764	0.577	1.00393749881957e-31	EMB	c9
3.23483739704721e-36	0.574383865362865	0.645	0.432	1.08994611256109e-31	AP2M1	c9
3.52233120360112e-36	0.777835060524165	0.306	0.151	1.18681427574136e-31	SNAP47	c9
3.81551232140397e-36	2.40539079397146	0.052	0.01	1.28559872157385e-31	CCDC74A	c9
3.92148362592253e-36	0.727285551044684	0.397	0.218	1.32130469291834e-31	NFYC	c9
4.162911387036e-36	0.616122796755121	0.566	0.344	1.40265136274791e-31	PSMB2	c9
4.23147795806885e-36	0.593466765227167	0.686	0.477	1.42575418319172e-31	IQGAP1	c9
6.04079918995153e-36	0.936493070799515	0.284	0.14	2.03538687906227e-31	HSH2D	c9
6.42175191222759e-36	0.723119591032415	0.409	0.229	2.16374508930596e-31	UBE2V1	c9
6.85491827927417e-36	0.877917407127753	0.253	0.118	2.30969616501864e-31	IFT27	c9
6.92262287843807e-36	0.773671542473207	0.347	0.182	2.33250855266092e-31	TXNDC15	c9
7.6238678813803e-36	0.562942508676115	0.303	0.15	2.56878604395228e-31	TBC1D4	c9
9.58597720220632e-36	0.681367203333764	0.473	0.276	3.2298991585114e-31	EPS15	c9
9.86696784023818e-36	0.759706728488696	0.526	0.329	3.32457614408985e-31	CCND2	c9
9.9544994463154e-36	1.60165808644025	0.105	0.032	3.35406904344151e-31	SLC2A8	c9
1.13026285681345e-35	1.32755046078336	0.129	0.045	3.80830766974722e-31	MYO1C	c9
1.17006497466871e-35	1.92783067639364	0.07	0.017	3.94241692564874e-31	TMEM244	c9
1.30715948699364e-35	0.510726833340608	0.856	0.692	4.40434317547637e-31	TRAF3IP3	c9
2.29232350845863e-35	0.985665594646743	0.217	0.096	7.7237548294005e-31	NOTCH2	c9
2.51699282243266e-35	0.356625849014738	0.944	0.876	8.48075561590461e-31	YWHAZ	c9
2.55114373857218e-35	0.91069257994745	0.188	0.077	8.59582371274512e-31	EXOSC4	c9
3.11234583398182e-35	0.719282741527985	0.418	0.237	1.04867380530184e-30	PPP4R2	c9
4.08394236727522e-35	0.600698377506562	0.436	0.242	1.37604354122971e-30	DNM2	c9
4.11436488419417e-35	0.644406251499332	0.525	0.323	1.38629410408038e-30	SH3BP1	c9
4.5380440451905e-35	0.390276877581836	0.71	0.482	1.52904856058649e-30	CARD16	c9
4.91191555424474e-35	0.678407638214814	0.364	0.194	1.65502082684722e-30	HDLBP	c9
4.98721529316738e-35	2.71244193919869	0.038	0.006	1.68039232087982e-30	BTNL8	c9
4.99850755074249e-35	0.235396487284944	0.991	0.986	1.68419713414717e-30	CD3E	c9
5.04541122758941e-35	0.327248764943803	0.943	0.85	1.70000085902398e-30	UBL5	c9
5.3669837721752e-35	0.567427194514172	0.635	0.414	1.80835151219671e-30	MDH1	c9
5.44342455699118e-35	0.607819492746451	0.49	0.282	1.83410747023261e-30	PSMA4	c9
5.63789476727649e-35	0.763054652689297	0.341	0.179	1.89963226288614e-30	CAB39	c9
6.14192040253521e-35	2.04080619893884	0.086	0.024	2.06945866043021e-30	TNFSF4	c9
6.28605336716653e-35	1.0913120263605	0.169	0.067	2.11802282153309e-30	KCTD17	c9
8.67788284305592e-35	0.956596321500662	0.233	0.106	2.92392584513926e-30	MBOAT7	c9
8.83239872198802e-35	0.929347465774485	0.251	0.118	2.97598842538664e-30	TARS	c9
9.65093204069105e-35	0.46513203225148	0.829	0.65	3.25178504179044e-30	DAD1	c9
9.65964385118627e-35	0.540650162042146	0.675	0.459	3.2547203992187e-30	PSMB6	c9
1.16707722137327e-34	0.760535101147522	0.346	0.183	3.93234998969508e-30	CD226	c9
1.34485020381411e-34	0.666538744155744	0.445	0.255	4.53133827673126e-30	ARPP19	c9
1.37938153105255e-34	0.69854009357884	0.357	0.188	4.64768813072848e-30	MOB3A	c9
1.3915388712041e-34	0.295223318951031	0.957	0.905	4.68865107263511e-30	MYL12B	c9
1.48090951885746e-34	0.59658303944813	0.599	0.382	4.98977653283832e-30	MRPL51	c9
1.57249658039188e-34	0.552245411083495	0.62	0.397	5.2983699779724e-30	ARID5B	c9
1.58365719974941e-34	0.72783899894503	0.268	0.128	5.33597456883567e-30	SLC25A46	c9
1.64290281154152e-34	1.62485456839262	0.105	0.033	5.53559673320801e-30	SLC27A2	c9
2.20207044106119e-34	0.707183943329843	0.31	0.156	7.41965614411157e-30	FAM110A	c9
2.26924894198029e-34	0.723486710175478	0.315	0.16	7.64600738510838e-30	NEDD9	c9
2.50567298000176e-34	0.749657191066071	0.371	0.203	8.44261453881794e-30	FLII	c9
2.54261393315071e-34	1.68927074759868	0.079	0.021	8.56708338635801e-30	AC018816.3	c9
2.55712749035336e-34	1.04448741154953	0.19	0.081	8.61598536599661e-30	INPP5F	c9
2.69278630735451e-34	0.864110727039126	0.197	0.084	9.0730741840003e-30	ABHD2	c9
3.04499634535736e-34	0.709570869744501	0.416	0.237	1.02598106860471e-29	TRAPPC4	c9
3.25059115659719e-34	0.983880656071566	0.217	0.097	1.09525418430386e-29	SLC1A5	c9
3.51903580739955e-34	0.941925879285934	0.226	0.103	1.1857039249452e-29	RDX	c9
3.74784372024582e-34	0.851814846304051	0.242	0.112	1.26279846309963e-29	GALK1	c9
3.88805920765344e-34	1.6379611893782	0.088	0.025	1.31004266942675e-29	PAQR4	c9
4.34620125581408e-34	1.27748222732846	0.179	0.076	1.464409051134e-29	AGPAT5	c9
4.67914045476382e-34	0.393191125747417	0.903	0.759	1.57658958482812e-29	PRR13	c9
4.91145517411175e-34	0.645240987808928	0.464	0.271	1.65486570636521e-29	RAB10	c9
4.93777997622733e-34	0.67578176867036	0.503	0.305	1.66373558519004e-29	PSMC4	c9
5.1291999365715e-34	1.29009249036319	0.133	0.048	1.7282326266284e-29	SSH1	c9
5.7772065033907e-34	0.548589978360813	0.587	0.376	1.94657195925246e-29	PCED1B	c9
5.84949392315974e-34	0.801245251786578	0.273	0.134	1.97092848246944e-29	HELZ2	c9
6.54049512274239e-34	0.477638379714194	0.79	0.599	2.20375442665682e-29	ATP5B	c9
6.65781745562695e-34	1.79260025034019	0.076	0.02	2.24328501349895e-29	CARD6	c9
7.34786761008298e-34	0.855315548115023	0.296	0.151	2.47579051254136e-29	TRIM21	c9
7.59465651912942e-34	0.570568913046138	0.707	0.506	2.55894356755547e-29	RNF167	c9
8.34158160781003e-34	0.966087861910937	0.218	0.098	2.81061250693551e-29	CEACAM21	c9
1.29065235941273e-33	0.636480056168911	0.435	0.248	4.34872405980526e-29	ORMDL2	c9
1.42507254251569e-33	0.566783602303675	0.581	0.37	4.80163942475237e-29	C20orf24	c9
1.44607105234975e-33	2.14370248413243	0.045	0.008	4.87239180378724e-29	KIFC3	c9
1.50878483474193e-33	0.640641214782896	0.316	0.162	5.08369962217945e-29	NINJ2	c9
1.60397227658944e-33	0.658881964877498	0.359	0.193	5.40442418874045e-29	SLF1	c9
1.77566641444942e-33	0.532900595792953	0.605	0.382	5.98293041684586e-29	VASP	c9
1.91487649166961e-33	0.869267806996086	0.276	0.138	6.45198485103159e-29	LAMP2	c9
2.32971152684075e-33	0.601290351823837	0.607	0.404	7.84973001853722e-29	CLNS1A	c9
2.5106135841253e-33	0.918485779953784	0.208	0.092	8.45926141035177e-29	PTPRN2	c9
2.6152116748027e-33	0.431761756054448	0.853	0.69	8.81169421708021e-29	PSMB8	c9
2.63469843161757e-33	0.778156001991971	0.181	0.075	8.87735289549225e-29	ICA1	c9
2.81444861147799e-33	0.858529563382332	0.262	0.128	9.48300315151393e-29	IFIT5	c9
3.14227193080544e-33	0.555860014833988	0.634	0.421	1.05875710436559e-28	SEPT2	c9
3.29308245491968e-33	0.523114563679758	0.775	0.579	1.10957120236064e-28	APBB1IP	c9
3.7953078059182e-33	0.746650667621821	0.321	0.168	1.27879101212608e-28	STAMBP	c9
4.46811560610332e-33	0.584301388110499	0.625	0.413	1.50548687232045e-28	RABGAP1L	c9
4.9170297838847e-33	0.580899838428486	0.592	0.376	1.65674401538211e-28	RER1	c9
4.94158190194573e-33	0.516474132661592	0.825	0.661	1.6650166060416e-28	ENO1	c9
4.99532451821238e-33	0.504036160653017	0.766	0.57	1.68312464316648e-28	RALY	c9
5.70625716585518e-33	0.859871595726732	0.331	0.177	1.92266628946324e-28	DTX3L	c9
5.88900757433811e-33	0.496710610451371	0.814	0.639	1.98424221209748e-28	ARPC5	c9
6.82727943849902e-33	1.93607696067839	0.068	0.017	2.30038353400786e-28	BBS12	c9
6.83126150105692e-33	0.861772683788047	0.272	0.135	2.30172525016612e-28	S100PBP	c9
6.91662654008346e-33	1.35513514078828	0.112	0.037	2.33048814641572e-28	TMEM200A	c9
7.49075652312962e-33	3.03277961335269	0.034	0.005	2.52393550290329e-28	EGOT	c9
7.962476750167e-33	0.713115315336521	0.316	0.163	2.68287691620127e-28	ATXN1	c9
8.13902354706811e-33	0.492191202268563	0.752	0.554	2.74236259394913e-28	PRELID1	c9
8.71937314564985e-33	0.733631837216416	0.337	0.179	2.93790558769526e-28	DUSP23	c9
9.48912147077865e-33	0.969198027414429	0.255	0.126	3.19726458836416e-28	AHR	c9
1.18275991878083e-32	1.63686085650051	0.075	0.02	3.98519127034014e-28	RYR1	c9
1.19137273177576e-32	0.599845329740899	0.486	0.292	4.01421128244523e-28	FAM129A	c9
1.24545337064756e-32	0.621946464368739	0.455	0.266	4.19643058705988e-28	SIAH2	c9
1.34961633685643e-32	0.915471360927769	0.266	0.132	4.54739728540407e-28	WDFY1	c9
1.44554555209921e-32	0.579809076112487	0.675	0.469	4.87062118324308e-28	PSAP	c9
1.64474913616038e-32	0.602400169208923	0.646	0.439	5.54181773937879e-28	JAK3	c9
1.66958531575506e-32	0.73998066120166	0.267	0.131	5.62550076290511e-28	GFI1	c9
1.74807798153507e-32	1.1211199180825	0.169	0.07	5.88997395098426e-28	HIVEP3	c9
1.84993964516415e-32	0.531692956935588	0.789	0.63	6.23318664041608e-28	LBH	c9
1.87301040501022e-32	1.55393497408688	0.071	0.018	6.31092125864143e-28	TNFRSF12A	c9
2.01312687477117e-32	1.00070944210544	0.161	0.065	6.78302969185398e-28	HYI	c9
2.03352099895652e-32	0.678029514181473	0.354	0.19	6.85174565388411e-28	STIP1	c9
2.1584119268533e-32	0.905515460495788	0.234	0.11	7.27255314633953e-28	DHRSX	c9
2.26986176306595e-32	0.647158717427577	0.372	0.204	7.6480722244744e-28	HK1	c9
2.32137106689528e-32	0.527990560442957	0.596	0.378	7.82162767279695e-28	ADRM1	c9
2.3528238168401e-32	0.318472271369927	0.904	0.761	7.92760456846102e-28	PTPRCAP	c9
2.41966486778364e-32	0.755810474357367	0.391	0.221	8.15281880551021e-28	SS18	c9
2.63119297735296e-32	0.551091784311359	0.667	0.452	8.86554161789306e-28	UBE2N	c9
2.91184684175025e-32	0.48678313044319	0.798	0.612	9.8111767485933e-28	CDC42	c9
3.16554033301206e-32	1.00758434732352	0.247	0.121	1.06659715980508e-27	PGM2L1	c9
3.34319797083672e-32	0.588379383896924	0.465	0.274	1.12645712429373e-27	OS9	c9
3.9421748457228e-32	0.582294920821943	0.575	0.368	1.32827639251784e-27	MIEN1	c9
4.20649779643122e-32	0.611054133469554	0.4	0.224	1.41733736752954e-27	TSTA3	c9
4.36068086811937e-32	0.508943969100467	0.66	0.452	1.46928781170414e-27	PSTPIP1	c9
4.64031835048017e-32	1.07114873228845	0.175	0.074	1.56350886501079e-27	YEATS2	c9
5.17597954267655e-32	2.90231873148632	0.03	0.004	1.74399454710944e-27	LINC01501	c9
5.60552430652563e-32	1.01757640499553	0.232	0.111	1.88872535984074e-27	FAM3C	c9
6.28446427038528e-32	1.85777926042481	0.069	0.018	2.11748739126362e-27	KANK3	c9
8.85746063741571e-32	0.533170879818938	0.774	0.578	2.98443278717085e-27	RPS27L	c9
9.1689750959522e-32	0.652086231374725	0.475	0.288	3.08939446883013e-27	PLEC	c9
1.12616554316038e-31	0.588386752207137	0.543	0.345	3.79450218112457e-27	NUTF2	c9
1.17371071115309e-31	0.697929906266634	0.339	0.183	3.95470087015923e-27	OGDH	c9
1.23005840386291e-31	0.785388849213886	0.315	0.167	4.1445587859757e-27	EML2	c9
1.26134962454053e-31	0.941849215703988	0.195	0.086	4.24999142492687e-27	SH3TC1	c9
1.29492726707667e-31	0.78356541773278	0.284	0.145	4.36312793368812e-27	PLPP5	c9
1.59377070395613e-31	0.792474682144131	0.282	0.144	5.3700510099098e-27	PVT1	c9
1.59500032327173e-31	1.02524354759756	0.166	0.068	5.37419408923176e-27	GALNT10	c9
1.7126552145543e-31	1.01451982125367	0.2	0.09	5.77062047991927e-27	MB21D1	c9
1.73009596601754e-31	0.516269267418719	0.692	0.495	5.82938534789949e-27	CAPZA1	c9
2.07979904288911e-31	0.59361276141215	0.483	0.292	7.00767489511058e-27	B3GAT3	c9
2.4922564561489e-31	0.725644233468353	0.344	0.187	8.3974089033481e-27	PARP14	c9
2.81976674448891e-31	1.59659466309469	0.101	0.033	9.50092206888093e-27	C3orf14	c9
3.05152063448418e-31	1.11655222003364	0.143	0.056	1.0281793625831e-26	LIMS2	c9
3.08977971593435e-31	0.369962901310545	0.882	0.741	1.04107037748692e-26	ARF1	c9
3.40686513080444e-31	0.333418928418153	0.888	0.775	1.14790913717325e-26	PSMA7	c9
3.77962935093493e-31	0.600683332461933	0.467	0.28	1.27350831350402e-26	SPCS3	c9
3.85229932823387e-31	0.403796159750309	0.844	0.694	1.29799373565512e-26	ATP5G3	c9
4.14051495824789e-31	0.651916374105547	0.447	0.266	1.39510511003204e-26	BNIP3L	c9
4.5577281802588e-31	1.32414752819065	0.115	0.04	1.5356809330564e-26	ACSL1	c9
4.86528900662052e-31	0.65794100609567	0.383	0.214	1.63931047789072e-26	SIRT7	c9
5.21840057830454e-31	0.562728213501362	0.435	0.252	1.75828789085393e-26	SMC3	c9
5.51358162946373e-31	0.544898456141464	0.688	0.484	1.85774619423151e-26	RAP1A	c9
5.9022739899694e-31	0.949497237306675	0.178	0.076	1.98871219818029e-26	CTNNA1	c9
6.0907806548727e-31	0.749352413278116	0.266	0.132	2.05222763385281e-26	TBK1	c9
7.05694756659068e-31	0.522179417988893	0.672	0.462	2.37776791308706e-26	RASSF5	c9
7.27298545799801e-31	1.21111655801444	0.122	0.044	2.45055972021785e-26	CCR2	c9
7.64171254981998e-31	0.621032808684526	0.453	0.269	2.57479862653635e-26	PSMC3	c9
7.93104620299505e-31	0.467783748489085	0.817	0.624	2.67228670763715e-26	EPC1	c9
1.15265339600957e-30	0.506746369097113	0.561	0.351	3.88375035251464e-26	COMMD7	c9
1.22958417298064e-30	0.490214944749984	0.692	0.492	4.14296091244098e-26	MAP1LC3B	c9
1.42042964560443e-30	0.457672573941209	0.75	0.552	4.78599564789956e-26	BSG	c9
1.56857106568253e-30	3.08656221616458	0.027	0.004	5.28514334871071e-26	LAMA2	c9
1.58512807850917e-30	0.990803139221641	0.177	0.076	5.34093054772879e-26	REEP4	c9
1.77369703029506e-30	0.415278154686556	0.831	0.66	5.97629477387619e-26	TRAPPC1	c9
1.85200012998005e-30	0.45043852417471	0.804	0.627	6.24012923795477e-26	ATP5J	c9
2.24038453792519e-30	0.643541172782062	0.485	0.3	7.54875166208514e-26	SP110	c9
2.30230597904101e-30	0.653581992342372	0.352	0.194	7.75738976578077e-26	RIC8A	c9
2.42928287565502e-30	0.628943309541957	0.369	0.206	8.18522572123203e-26	EFHD2	c9
2.61109384311476e-30	0.667606782841835	0.382	0.216	8.79781959499088e-26	PNKP	c9
2.63201745088203e-30	0.551338430498447	0.631	0.432	8.86831959900191e-26	SERPINB1	c9
2.67522429184187e-30	0.666189799051333	0.34	0.183	9.01390072893201e-26	PMVK	c9
2.71037780541144e-30	1.85866895296053	0.064	0.016	9.13234697755331e-26	TMEM121	c9
2.81103740220301e-30	0.870733388302009	0.219	0.103	9.47150942298283e-26	MXD4	c9
3.01490155708269e-30	0.552906155694354	0.518	0.321	1.01584093064344e-25	MAPK1IP1L	c9
3.05277137251948e-30	0.502212851078689	0.643	0.437	1.02860078625671e-25	UBE2L3	c9
3.22779971637684e-30	0.581496780095997	0.252	0.122	1.08757483643601e-25	RP5-1028K7.2	c9
3.41795773645281e-30	0.515959226361206	0.57	0.362	1.15164667972041e-25	MOB1A	c9
3.78437120273561e-30	0.517073252103636	0.646	0.44	1.27510603304974e-25	COX17	c9
3.85657077212051e-30	0.85718149196581	0.223	0.106	1.29943295595829e-25	MEMO1	c9
4.21314950016793e-30	0.999454716416134	0.194	0.088	1.41957859258658e-25	ADORA2A	c9
4.90383006644122e-30	0.96101409678187	0.235	0.116	1.65229650258671e-25	IFIH1	c9
5.08208810200919e-30	0.894001563890563	0.164	0.069	1.71235876509098e-25	CD83	c9
5.35176077101671e-30	0.62587355038683	0.416	0.242	1.80322227418637e-25	TMX1	c9
5.43022577766772e-30	1.08195526139904	0.167	0.072	1.82966027352736e-25	CD70	c9
5.47611966471722e-30	0.746937770972419	0.251	0.124	1.84512375982982e-25	LPCAT3	c9
5.69298467370248e-30	0.479629863963344	0.682	0.469	1.91819425595731e-25	ANKRD44	c9
5.8360516331559e-30	0.690546480221951	0.393	0.226	1.96639923727555e-25	NUTM2B-AS1	c9
6.34963187347126e-30	1.09647666169179	0.15	0.061	2.13944496344741e-25	FAM89B	c9
6.37202429402606e-30	0.679089847713353	0.391	0.223	2.14698986562914e-25	PARP10	c9
6.48182392707163e-30	1.14170768936114	0.169	0.073	2.18398575398752e-25	GGT1	c9
6.63351381890565e-30	1.82248731456458	0.059	0.014	2.23509614614207e-25	AC112721.2	c9
6.74569169453558e-30	1.46889089319276	0.113	0.04	2.27289335955682e-25	RNASEK-C17orf49	c9
6.80224638463663e-30	0.517548648675318	0.502	0.308	2.29194889683947e-25	CD84	c9
6.81568160237798e-30	2.30089811559989	0.05	0.011	2.29647575910524e-25	TMCC2	c9
6.97007762681917e-30	0.607881231486164	0.373	0.208	2.34849795558045e-25	TSPAN5	c9
7.43157044551349e-30	0.95727600218072	0.159	0.066	2.50399334591131e-25	C8orf82	c9
7.87962298654395e-30	1.87934847031795	0.053	0.012	2.65496016908612e-25	PHLDA3	c9
8.66300209151896e-30	0.552466652128086	0.685	0.48	2.9189119247164e-25	ADAR	c9
8.97937605507025e-30	0.64664708652006	0.377	0.212	3.02551096799537e-25	FKBP3	c9
9.46232949778102e-30	0.876691053461618	0.202	0.092	3.18823730098234e-25	ORAI3	c9
9.46893617639205e-30	0.586078118491516	0.376	0.21	3.19046335527354e-25	SLC25A11	c9
9.77381156586249e-30	0.500756197832897	0.575	0.365	3.29318806900171e-25	ILF2	c9
9.85095916028745e-30	0.478464954863471	0.783	0.593	3.31918217946725e-25	EML4	c9
1.05112914065251e-29	0.66023615496616	0.317	0.169	3.54167452651458e-25	CHMP4B	c9
1.12827785915712e-29	0.644733566468731	0.44	0.262	3.80161941864401e-25	HSD17B10	c9
1.17029139727671e-29	0.539293045101136	0.619	0.412	3.94317983398416e-25	TMEM179B	c9
1.66274167189034e-29	0.621840140122187	0.436	0.264	5.6024417892673e-25	CCDC91	c9
1.83781363262466e-29	0.586352501087905	0.444	0.264	6.19232925376552e-25	C6orf1	c9
1.88131234876954e-29	0.497382176502356	0.489	0.297	6.33889382794408e-25	HLA-DRB5	c9
1.90208094744792e-29	0.603649129892941	0.374	0.211	6.40887154433102e-25	MRPL28	c9
1.94306436734133e-29	0.783319838019845	0.291	0.155	6.54696107931989e-25	BAK1	c9
1.94937320361853e-29	1.28987987118908	0.112	0.04	6.56821807227229e-25	FDXR	c9
1.98317162237373e-29	0.654821365926977	0.524	0.334	6.68209846442604e-25	RORA	c9
2.02030984511103e-29	3.98411744134967	0.017	0.001	6.80723199211709e-25	DMRT2	c9
2.04224504409377e-29	0.733024955412142	0.32	0.176	6.88114045156954e-25	HOXB2	c9
2.08879814095097e-29	0.893650040644696	0.205	0.095	7.03799645612021e-25	GTDC1	c9
2.19875186195641e-29	0.36845570749835	0.891	0.754	7.40847452367592e-25	ANAPC16	c9
2.27019325919623e-29	0.711013821878427	0.325	0.178	7.64918916753578e-25	CBFB	c9
2.97141552068174e-29	0.650754934767852	0.415	0.244	1.00118874553851e-24	STAU1	c9
3.25885037970562e-29	1.37906257650454	0.105	0.037	1.09803704693801e-24	MZB1	c9
3.30517054478089e-29	0.975327791548955	0.203	0.095	1.11364416335847e-24	SIPA1L1	c9
3.37101088714054e-29	0.485902358645276	0.674	0.454	1.13582840831313e-24	RAB1B	c9
3.64679215740773e-29	1.33075937053319	0.109	0.039	1.22875014951696e-24	LAT2	c9
3.75443535252808e-29	1.20147017727046	0.112	0.04	1.26501944768081e-24	CPPED1	c9
3.78359053932983e-29	0.889948161907571	0.219	0.105	1.27484299632179e-24	ZNF281	c9
3.87037427349816e-29	0.43329415771949	0.767	0.58	1.30408390771247e-24	SNRPG	c9
4.06947380061741e-29	1.49925684024746	0.094	0.031	1.37116850238003e-24	SNX8	c9
4.08012686081915e-29	0.522156291196229	0.675	0.484	1.3747579444844e-24	LPXN	c9
4.14732730667962e-29	0.724078209142035	0.317	0.173	1.39740046271263e-24	MPRIP	c9
4.1686073757885e-29	0.47478801283668	0.689	0.479	1.40457056919818e-24	TXN	c9
4.41610944603881e-29	0.99198454680611	0.208	0.099	1.48796391674832e-24	KPNA2	c9
4.84656633074792e-29	0.899752011082396	0.199	0.092	1.6330020594822e-24	MAD2L1BP	c9
4.88003400622751e-29	0.464191652837291	0.576	0.374	1.6442786580583e-24	LINC00152	c9
4.8926902663266e-29	0.964684448440866	0.172	0.075	1.64854305833609e-24	CSNK1E	c9
4.91693836702361e-29	0.595478018906036	0.484	0.299	1.65671321338493e-24	AC006129.2	c9
5.69914946884476e-29	0.710492691433292	0.275	0.141	1.92027142203255e-24	ACLY	c9
6.01837526940462e-29	0.470274857441891	0.698	0.488	2.02783136327319e-24	RAB7A	c9
6.82505863004931e-29	1.31621759279636	0.092	0.03	2.29963525480881e-24	HMOX1	c9
6.99369701247405e-29	0.624452694549122	0.395	0.227	2.35645627138301e-24	MOB4	c9
8.05718521691928e-29	0.732103049292057	0.23	0.111	2.71478798698878e-24	IFT57	c9
8.35643023898212e-29	0.495182854713266	0.474	0.282	2.81561560472264e-24	SFT2D1	c9
9.07479692594202e-29	0.642319323382991	0.429	0.257	3.0576620762269e-24	FBXW5	c9
9.33503660233205e-29	0.528827367590421	0.472	0.286	3.14534723278976e-24	NUDT5	c9
9.50980175669907e-29	0.609931824406364	0.437	0.263	3.20423260390218e-24	SRPK2	c9
9.52089073744493e-29	1.24669053735811	0.117	0.043	3.20796892507469e-24	HIPK2	c9
9.86135181994752e-29	0.579338082364942	0.433	0.257	3.32268388221312e-24	MYO1F	c9
1.01094797037618e-28	0.553541501634134	0.651	0.456	3.40628809138552e-24	C19orf66	c9
1.02930064680472e-28	0.557615141430305	0.424	0.246	3.46812559934383e-24	RFTN1	c9
1.08394298480897e-28	0.599756318473881	0.395	0.228	3.65223749301533e-24	ATP6V0D1	c9
1.09181420247643e-28	0.712896003741813	0.321	0.176	3.67875877382407e-24	RUNX1	c9
1.15930467243464e-28	0.583506658050123	0.422	0.247	3.90616116330128e-24	LYPLA1	c9
1.19817489691126e-28	0.778772766654892	0.214	0.101	4.03713049765279e-24	MSRA	c9
1.28923565154368e-28	1.1343381117873	0.115	0.042	4.34395060431126e-24	CLECL1	c9
1.40664849254876e-28	0.650969384103249	0.371	0.211	4.73956143079379e-24	NCOA4	c9
1.60870072386456e-28	1.64376202880812	0.08	0.024	5.42035621898925e-24	FAH	c9
1.62890798672038e-28	0.613336660046702	0.389	0.224	5.48844257045566e-24	USP4	c9
1.65332726325467e-28	0.81652513252559	0.206	0.096	5.57072088081028e-24	TMEM55A	c9
1.6630842930453e-28	0.607659211932091	0.475	0.298	5.60359621698682e-24	RAB5C	c9
1.98514809584242e-28	0.64255039524883	0.418	0.247	6.68875799413147e-24	FAS	c9
2.00282491112438e-28	0.788604940785034	0.251	0.128	6.74831825554247e-24	ATP6V1B2	c9
2.33453432878222e-28	0.516849489546051	0.508	0.312	7.86597996739882e-24	GTF3C6	c9
2.5158279046136e-28	0.324345162380724	0.93	0.821	8.47683054180507e-24	SKP1	c9
2.62301358861632e-28	0.490455377181528	0.789	0.631	8.83798198548383e-24	H2AFZ	c9
2.73799018099461e-28	0.37984412958883	0.798	0.612	9.22538411584323e-24	H2AFV	c9
2.76177557521145e-28	2.60632133895821	0.044	0.009	9.30552662311747e-24	NHS	c9
2.76316191861941e-28	2.30756789878319	0.042	0.008	9.31019776859623e-24	DBH-AS1	c9
3.0763753291442e-28	0.441352445153505	0.752	0.556	1.03655390340185e-23	DEK	c9
3.11336391097533e-28	0.488464401744452	0.803	0.616	1.04901683616403e-23	SQSTM1	c9
3.49642764133117e-28	0.569763623598411	0.354	0.197	1.17808632947013e-23	SMIM15	c9
3.54645315315346e-28	0.379651386538777	0.866	0.717	1.19494192542353e-23	CIB1	c9
3.62387594462073e-28	0.299993259920401	0.993	0.988	1.22102876078051e-23	ACTG1	c9
3.62942141370789e-28	0.810066834803212	0.203	0.095	1.22289725113474e-23	JARID2	c9
3.70374958684725e-28	0.651518464821971	0.344	0.193	1.24794138579231e-23	SUPT3H	c9
3.72718576518469e-28	2.66631885605833	0.029	0.004	1.25583797172133e-23	ITPRIPL2	c9
3.79582694466597e-28	0.536852984727233	0.509	0.322	1.27896593073575e-23	PCMT1	c9
3.85281006290137e-28	2.46741489426352	0.039	0.007	1.29816582259399e-23	LIF	c9
3.87239970625724e-28	0.603797655689768	0.458	0.282	1.30476635702632e-23	EVI2A	c9
3.94790177833012e-28	0.645440180864403	0.321	0.174	1.33020602519055e-23	COMMD4	c9
4.01096912009791e-28	1.16918734442668	0.119	0.045	1.35145593532579e-23	DUSP5	c9
4.12218965696932e-28	0.472721965084729	0.701	0.508	1.38893058301924e-23	OTUB1	c9
4.47406552709869e-28	0.475550345078729	0.627	0.424	1.50749163870063e-23	TMCO1	c9
4.74130167673789e-28	1.20169558620615	0.12	0.045	1.59753418696006e-23	LXN	c9
4.84929054083861e-28	0.510961884131603	0.585	0.386	1.63391995483016e-23	TMED9	c9
4.95895615213616e-28	0.538455121111098	0.496	0.317	1.67087068590076e-23	MAPRE2	c9
4.97552841029275e-28	0.56054974230577	0.425	0.251	1.67645454256404e-23	ECHS1	c9
5.41458188593778e-28	0.712717231430119	0.278	0.146	1.82438922064788e-23	ANKRD39	c9
5.61498681125717e-28	0.999476028961162	0.151	0.063	1.89191365618499e-23	TICAM1	c9
5.63520601681639e-28	1.14170803788203	0.117	0.043	1.89872631530611e-23	WSB2	c9
6.7300298173248e-28	0.559113723351908	0.551	0.362	2.26761624664942e-23	TMX4	c9
6.74694905573743e-28	1.08148516239599	0.128	0.05	2.27331701484017e-23	EZH2	c9
7.58893984679482e-28	0.590842829422652	0.421	0.252	2.55701739197905e-23	CYB5B	c9
8.65396017790801e-28	0.697140979397688	0.281	0.147	2.91586534234433e-23	ZBTB1	c9
9.01819857124477e-28	0.415300195854413	0.768	0.591	3.03859182659521e-23	PPP1R18	c9
9.38885074924925e-28	2.90113671025156	0.016	0.001	3.16347937145204e-23	HAAO	c9
9.58801511242798e-28	0.497017303389109	0.591	0.398	3.23058581198148e-23	FKBP5	c9
9.69415205018102e-28	0.838840648979185	0.198	0.092	3.26634759178799e-23	TP53BP1	c9
1.01275078602132e-27	0.578077421934088	0.373	0.212	3.41236249842024e-23	GSPT1	c9
1.04211120594431e-27	0.549951940501458	0.428	0.251	3.51128949730875e-23	COMT	c9
1.08329413442526e-27	1.88314971040929	0.057	0.014	3.65005125653246e-23	EVC2	c9
1.13584783971723e-27	0.587267549029949	0.4	0.234	3.82712571114325e-23	LAGE3	c9
1.14674385134082e-27	0.752985480335987	0.272	0.144	3.86383873270776e-23	MBNL2	c9
1.18205370852191e-27	0.528498824858251	0.506	0.313	3.98281176549373e-23	FAM96A	c9
1.22923898270074e-27	0.806507057909862	0.208	0.099	4.14179782831187e-23	PTPRJ	c9
1.43179546112016e-27	0.544234559606529	0.566	0.374	4.82429162669828e-23	COPZ1	c9
1.59540431982754e-27	0.459094602212778	0.84	0.7	5.3755553152269e-23	CALR	c9
1.67297599415807e-27	0.575222733067455	0.329	0.179	5.63692531471619e-23	MTCH2	c9
1.73209913071124e-27	0.861650601665832	0.179	0.081	5.83613481101844e-23	TP53INP1	c9
1.92257512618379e-27	0.688794213664733	0.225	0.11	6.47792463016367e-23	PCNA	c9
1.93725591919805e-27	0.495065570694986	0.452	0.271	6.5273900941459e-23	EIF4E2	c9
2.02909961672663e-27	0.59685675306808	0.372	0.214	6.83684824859871e-23	CHCHD1	c9
2.04100813958961e-27	0.845093674600985	0.202	0.095	6.87697282553322e-23	ZNF410	c9
2.34363093767475e-27	0.566813531775697	0.452	0.276	7.89663008140132e-23	RHEB	c9
2.40930157473544e-27	0.67616658840041	0.354	0.203	8.1179007259136e-23	ZDHHC12	c9
2.44322499932746e-27	0.653495716916489	0.357	0.205	8.23220231273394e-23	MYD88	c9
2.53861615424892e-27	0.650651609799362	0.272	0.142	8.5536132701263e-23	MAP3K2	c9
2.53877968680993e-27	0.779058185351425	0.242	0.122	8.55416427673739e-23	TRAPPC5	c9
2.65982817554884e-27	0.51790558605044	0.559	0.367	8.96202505469427e-23	SUSD3	c9
2.78806730999513e-27	0.590267548229021	0.421	0.252	9.39411399429758e-23	CDC123	c9
3.31727056555091e-27	1.14837579184347	0.153	0.066	1.11772114435672e-22	NFKBIE	c9
3.35432568991615e-27	0.949448641270363	0.163	0.072	1.13020649796035e-22	CREG1	c9
3.97770191242434e-27	0.477685600129692	0.698	0.49	1.34024688237226e-22	ATP5C1	c9
4.08826532399016e-27	0.541442843694568	0.559	0.377	1.37750011826524e-22	VAMP5	c9
4.25220202149062e-27	0.662146085521655	0.508	0.333	1.43273694912105e-22	NFKBIZ	c9
4.43654366264908e-27	0.386576472605386	0.838	0.682	1.49484902169298e-22	ATPIF1	c9
4.85926585162606e-27	0.866329476955825	0.179	0.081	1.63728103604688e-22	FRMD4B	c9
4.88837497930059e-27	0.575588107460868	0.378	0.218	1.64708906552554e-22	TDG	c9
5.01719836727781e-27	0.601191504784762	0.337	0.187	1.69049481787058e-22	PLA2G16	c9
5.1073993563908e-27	0.783660159351593	0.29	0.158	1.72088713914232e-22	ZEB1	c9
5.27073206088095e-27	0.837570963842995	0.195	0.092	1.77592046059323e-22	MFSD6	c9
5.31858414801619e-27	0.679282777344772	0.448	0.277	1.79204374283257e-22	RALA	c9
5.40459100561864e-27	1.37616683096785	0.089	0.029	1.82102289343314e-22	MTHFD1L	c9
5.41119555726346e-27	0.296450743427704	0.928	0.831	1.82324823106435e-22	PPIB	c9
5.42521243800777e-27	0.544237891541282	0.391	0.227	1.82797107886234e-22	SYNCRIP	c9
6.13287504836535e-27	0.591158485137057	0.291	0.154	2.06641091879622e-22	TMEM216	c9
6.29804506546556e-27	1.34970215507476	0.103	0.037	2.12206330435797e-22	ZMIZ1	c9
6.3952928205141e-27	0.535261936389418	0.492	0.31	2.15482996294402e-22	RAB8A	c9
6.70400368673776e-27	0.722419116598678	0.306	0.17	2.25884700220942e-22	C11orf98	c9
6.73162479222483e-27	0.238235458605701	0.975	0.948	2.26815365749223e-22	RAC2	c9
7.37322765890058e-27	0.481619044397745	0.592	0.392	2.48433532738996e-22	SRSF4	c9
7.50774160332305e-27	0.496772444712384	0.476	0.302	2.52965845582367e-22	ITGAE	c9
7.83134785182602e-27	0.576516666140412	0.474	0.299	2.63869434519426e-22	GOLPH3	c9
8.06229849358696e-27	0.631669715655658	0.374	0.216	2.71651085442919e-22	MAP4	c9
8.10365476973106e-27	0.471392712301052	0.66	0.471	2.73044543811318e-22	DNAJA1	c9
9.20898597304754e-27	0.535890054749135	0.504	0.319	3.10287573375864e-22	MYDGF	c9
9.79588356519157e-27	0.534743237459995	0.493	0.31	3.30062500845565e-22	MVP	c9
1.00510159667993e-26	0.631796527917059	0.373	0.221	3.38658931985337e-22	ARHGEF6	c9
1.02089957847231e-26	0.468875120221232	0.666	0.468	3.43981903970459e-22	GDI2	c9
1.02199926813526e-26	0.56733832652294	0.378	0.218	3.44352433405493e-22	CSRP1	c9
1.03096922710075e-26	0.691152778539163	0.252	0.13	3.47374771379326e-22	DNASE2	c9
1.06505215739112e-26	0.450516212481397	0.685	0.489	3.58858673911364e-22	PSMA6	c9
1.10420518464017e-26	0.410777382527324	0.777	0.586	3.72050894912658e-22	OXNAD1	c9
1.12688941234386e-26	1.00756930802073	0.181	0.084	3.79694118595139e-22	TFRC	c9
1.17815055494094e-26	0.471772939908292	0.662	0.461	3.96966047981801e-22	RAB11B	c9
1.33513995462676e-26	3.61737393945862	0.016	0.001	4.49862056311942e-22	SAMSN1-AS1	c9
1.34040474170407e-26	0.482523510895506	0.536	0.344	4.51635973669769e-22	PSMD4	c9
1.46840433287789e-26	2.13914942557451	0.043	0.009	4.94764155919875e-22	C15orf53	c9
1.58669112105473e-26	0.703949825875517	0.273	0.144	5.34619706328179e-22	IKBKG	c9
1.59845882888126e-26	0.978855686064079	0.156	0.068	5.3858471780325e-22	ZDHHC21	c9
1.61057397402235e-26	0.450169349461548	0.704	0.51	5.4266679480709e-22	NDUFC1	c9
1.66195674011485e-26	0.531807514062755	0.409	0.24	5.59979704014298e-22	TM2D3	c9
1.67583943209351e-26	1.68568025736585	0.07	0.02	5.64657338249586e-22	MAFG	c9
1.70988397026029e-26	1.54304752012674	0.069	0.02	5.76128304939501e-22	IL7	c9
1.74767038856571e-26	0.627771163520439	0.343	0.192	5.88860060723331e-22	MAD2L2	c9
1.75339575457762e-26	0.613147461685832	0.327	0.184	5.90789165547382e-22	CDV3	c9
1.78131225812774e-26	0.559098066300352	0.512	0.338	6.0019535225356e-22	TGFB1	c9
1.83853474077905e-26	0.67396227662731	0.26	0.135	6.19475895558094e-22	SLC52A2	c9
1.95706776362179e-26	0.437974553644673	0.75	0.564	6.59414412274727e-22	BUB3	c9
1.97144771359411e-26	0.276500164392915	0.97	0.907	6.64259592618399e-22	HNRNPA2B1	c9
1.99223140916886e-26	0.536542778064712	0.404	0.24	6.71262451005356e-22	TGIF1	c9
2.032580921719e-26	1.18037292494072	0.128	0.052	6.84857815763999e-22	ICAM1	c9
2.04253901311113e-26	1.11143112523056	0.104	0.037	6.88213095077666e-22	CYTH3	c9
2.08196633088554e-26	0.647730265988782	0.276	0.146	7.01497735528573e-22	ATP6V1D	c9
2.1644494246993e-26	0.465182324080395	0.657	0.462	7.29289589158181e-22	CBX3	c9
2.21116436305401e-26	0.494058078105697	0.523	0.332	7.45029720487419e-22	NUDT21	c9
2.31930953992203e-26	1.5487789439804	0.086	0.028	7.81468156381329e-22	FURIN	c9
2.48266899369952e-26	1.18485557499823	0.133	0.054	8.36510490737115e-22	SLC4A2	c9
2.52546862204211e-26	0.601591110504886	0.37	0.216	8.50931397510869e-22	PPP2CA	c9
2.59514068783862e-26	0.453247022437735	0.713	0.512	8.74406703360343e-22	SUMO1	c9
2.69144556058671e-26	1.1080563207431	0.168	0.076	9.06855667184087e-22	CD38	c9
2.69194894715858e-26	0.497184760924676	0.526	0.336	9.07025278255611e-22	TMEM9B	c9
2.76381330762525e-26	0.616997530447414	0.321	0.179	9.3123925587125e-22	SNAPIN	c9
2.76671859957865e-26	0.540448031068957	0.409	0.24	9.32218164942032e-22	WAPL	c9
2.9680151538162e-26	0.513486172401982	0.615	0.417	1.00004302592683e-21	NAPA	c9
3.00760368076568e-26	0.488363222595132	0.556	0.368	1.01338198419719e-21	NUCB1	c9
3.48946899154083e-26	1.11710812275294	0.125	0.05	1.17574168200977e-21	CTSZ	c9
3.65403301543728e-26	0.699665225477286	0.271	0.144	1.23118988422144e-21	IL6R	c9
3.94372547219971e-26	0.607545763123305	0.405	0.245	1.32879886060297e-21	TESPA1	c9
4.08337409200687e-26	0.450855753621393	0.701	0.503	1.3758520665608e-21	PSMA5	c9
4.13542539574989e-26	0.568389737570076	0.422	0.254	1.39339023284397e-21	SMIM19	c9
4.28382460082855e-26	1.06138005199037	0.133	0.054	1.44339186100317e-21	XXYLT1	c9
4.63938665185097e-26	1.0496622581717	0.145	0.062	1.56319493847467e-21	DFNB31	c9
4.97415558447309e-26	0.479521847286482	0.617	0.409	1.67599198263236e-21	TALDO1	c9
4.99330088258483e-26	0.636918017289179	0.303	0.167	1.68244279937813e-21	RHNO1	c9
5.35597735220997e-26	0.452036045774641	0.673	0.483	1.80464300905363e-21	CSK	c9
5.87088566614622e-26	0.503616863922379	0.659	0.47	1.97813621635131e-21	SNX6	c9
5.96828586315291e-26	0.583160640635277	0.408	0.246	2.01095423873074e-21	FIBP	c9
6.33600860523492e-26	0.484512940491498	0.596	0.393	2.13485473944786e-21	PIN1	c9
6.34180934768536e-26	0.504440797897004	0.531	0.348	2.13680924160911e-21	DBNL	c9
6.69951428501591e-26	0.423650699311787	0.771	0.601	2.25733434319326e-21	ARF5	c9
6.87474905898179e-26	1.09257445785523	0.129	0.052	2.31637794793332e-21	B9D2	c9
7.29241813667547e-26	2.3889144970014	0.036	0.007	2.45710736697143e-21	HMSD	c9
7.49831847115481e-26	0.316929538279054	0.7	0.493	2.5264834256709e-21	APOBEC3G	c9
7.73238010307109e-26	0.781239634273011	0.231	0.117	2.60534815192877e-21	ARNTL	c9
8.15250866746192e-26	0.50622392397132	0.571	0.385	2.74690627041462e-21	PSMA1	c9
8.21973708565795e-26	0.52968276438803	0.416	0.255	2.76955821364159e-21	RBM4	c9
8.56388648968845e-26	0.805774096102244	0.161	0.071	2.88551591383563e-21	KIAA1671	c9
9.28903260895016e-26	0.78425702300064	0.229	0.116	3.12984664725967e-21	RQCD1	c9
9.3819021210897e-26	0.592386353476459	0.382	0.227	3.16113810067996e-21	GPR108	c9
9.40283672360329e-26	0.540737046245334	0.557	0.369	3.16819180565089e-21	TLN1	c9
1.04134197250643e-25	0.615376956260155	0.314	0.173	3.50869764216317e-21	PITPNB	c9
1.26361348012338e-25	0.617051149347106	0.315	0.176	4.25761925992772e-21	LPCAT4	c9
1.32294533577004e-25	0.835451944002611	0.152	0.065	4.45753201434357e-21	HECTD4	c9
1.35545248661507e-25	1.49507699931443	0.069	0.02	4.56706160840082e-21	CCL20	c9
1.3944252609382e-25	0.493200861253108	0.559	0.379	4.69837647420519e-21	ARHGAP30	c9
1.46366222187874e-25	0.756959755918925	0.187	0.088	4.93166349039822e-21	UBE2H	c9
1.5487255671175e-25	0.537928539834696	0.422	0.255	5.21827592584571e-21	TRAPPC3	c9
1.80766308462925e-25	0.544458534986732	0.556	0.375	6.09073999734978e-21	GPRIN3	c9
1.8196009821601e-25	0.683595479237446	0.294	0.163	6.13096354929023e-21	TOR1A	c9
1.92426324627946e-25	0.597583972911179	0.304	0.167	6.48361258201402e-21	MOSPD3	c9
1.97320406205473e-25	0.64745602519181	0.3	0.166	6.64851376668721e-21	TMEM140	c9
2.04652270762643e-25	0.447216045759286	0.483	0.302	6.8955536110765e-21	SLBP	c9
2.10474537091824e-25	0.97635744619501	0.166	0.075	7.09172905277192e-21	COMMD3	c9
2.13952296317157e-25	0.568094392861094	0.377	0.223	7.20890867211029e-21	B4GALT3	c9
2.42558327493348e-25	0.680479346658621	0.224	0.113	8.17276028656086e-21	NEU1	c9
2.48530124147253e-25	0.689114411186995	0.251	0.131	8.37397400301756e-21	ZNF267	c9
2.49609941824187e-25	1.05222746164446	0.146	0.063	8.41035737982414e-21	NCALD	c9
2.60689741510041e-25	0.490139559289614	0.629	0.428	8.78368015043931e-21	ANP32A	c9
2.6991773511435e-25	0.517291877927543	0.474	0.296	9.09460816694291e-21	NRDC	c9
2.74527670605509e-25	0.58805086120584	0.354	0.205	9.24993533338204e-21	PSMB5	c9
2.78044410243519e-25	0.400805619028461	0.657	0.458	9.36842835874512e-21	AUP1	c9
2.78941173707584e-25	0.722529745101317	0.204	0.099	9.39864390690334e-21	MCM6	c9
2.99029098210437e-25	1.04555920076326	0.144	0.062	1.00754864351025e-20	NBPF14	c9
3.02565871273488e-25	0.804147122351938	0.21	0.105	1.01946544666889e-20	UBE2Z	c9
3.09327638204581e-25	0.683625091236318	0.241	0.125	1.04224854416652e-20	LMNB1	c9
3.71586931236853e-25	0.396299956254176	0.798	0.635	1.25202500610945e-20	FKBP8	c9
3.84777244881999e-25	0.643702267594595	0.321	0.183	1.29646844890541e-20	ARF3	c9
3.98278875361152e-25	0.497751714650373	0.52	0.338	1.34196084264187e-20	CAPZA2	c9
4.02321223139981e-25	1.31936369928312	0.093	0.033	1.35558112924785e-20	KLF7	c9
4.11343092731236e-25	0.914423325041551	0.19	0.091	1.38597941664863e-20	N4BP2	c9
4.28480990853013e-25	1.13708654425209	0.121	0.049	1.44372385058014e-20	HIST1H2BK	c9
4.3879630318489e-25	0.615034119617092	0.381	0.228	1.47848026395117e-20	ATOX1	c9
4.50620735060724e-25	0.499118283646624	0.476	0.302	1.5183215047136e-20	TMEM14C	c9
4.59520296686127e-25	0.531516226758893	0.39	0.23	1.54830768765424e-20	COPB2	c9
4.7361906865808e-25	0.802929401683426	0.205	0.101	1.59581208993654e-20	PHF19	c9
4.95062679212744e-25	0.875128182101794	0.183	0.087	1.66806419133942e-20	NOL12	c9
5.15257894494915e-25	1.07366127361319	0.121	0.048	1.73610994971117e-20	NRROS	c9
5.23613280555782e-25	0.726218889681384	0.226	0.114	1.76426258750465e-20	CRYZ	c9
5.25339647666791e-25	3.01237256454388	0.02	0.002	1.77007940884848e-20	P4HA2	c9
5.35560852229756e-25	0.553595047775877	0.336	0.19	1.80451873550294e-20	PSMD9	c9
5.57854647352401e-25	0.563451405193097	0.381	0.223	1.87963544878918e-20	SMARCB1	c9
5.88523990419284e-25	0.59647982501894	0.324	0.183	1.98297273331873e-20	IP6K2	c9
6.27278285892181e-25	0.206909822294464	0.983	0.977	2.11355145648512e-20	ATP5E	c9
6.80272710261654e-25	3.58857850550884	0.013	0.001	2.29211086995562e-20	PDK4	c9
6.88179107277906e-25	0.570785278397183	0.391	0.234	2.31875068406218e-20	AK2	c9
8.00891621705815e-25	1.81828381977947	0.047	0.011	2.69852423017557e-20	NAT14	c9
8.08557345632284e-25	0.608253936436406	0.319	0.181	2.72435312037342e-20	DENND1B	c9
8.66361312854533e-25	0.803787445657048	0.243	0.127	2.91911780753207e-20	MDM2	c9
8.93276630873289e-25	0.56544458989869	0.358	0.208	3.00980628006446e-20	CISD2	c9
9.03097623343664e-25	0.870659552089208	0.217	0.11	3.04289713209414e-20	GRN	c9
9.11119763858716e-25	0.526937310060031	0.412	0.25	3.06992693234556e-20	RNF5	c9
9.78874860626951e-25	0.449400645470988	0.646	0.451	3.29822095539645e-20	ENSA	c9
9.79099204688398e-25	0.246640288967733	0.977	0.958	3.29897686027709e-20	MYL12A	c9
1.02529043706323e-24	1.73877247512381	0.056	0.015	3.45461359864085e-20	CHST2	c9
1.02585925855258e-24	0.546096624525388	0.342	0.194	3.45653018576706e-20	IER3IP1	c9
1.02839702632202e-24	0.488165032449134	0.396	0.235	3.46508094048942e-20	NCKAP1L	c9
1.03167181807601e-24	0.796737716758611	0.196	0.095	3.47611502382531e-20	UBL4A	c9
1.05507120390229e-24	0.505053961633823	0.498	0.318	3.55495691442838e-20	PDCD10	c9
1.08091406342622e-24	0.788319109541605	0.218	0.109	3.64203184530829e-20	CCDC6	c9
1.10395582472171e-24	1.56286600580197	0.063	0.018	3.71966875581733e-20	NQO1	c9
1.1134772065852e-24	0.638365174619019	0.347	0.203	3.75175009986816e-20	AGTRAP	c9
1.19371204802647e-24	0.552614403749352	0.323	0.182	4.02209337462037e-20	PPP1R16B	c9
1.21258799533773e-24	0.571010278784548	0.282	0.152	4.08569399149094e-20	KEAP1	c9
1.22542943868322e-24	0.615060067291328	0.386	0.234	4.12896195069924e-20	HADHB	c9
1.3091546175835e-24	0.576645538395158	0.348	0.203	4.41106556848583e-20	JOSD2	c9
1.36684816887042e-24	0.655244695124808	0.349	0.204	4.60545822019199e-20	ATP1B3	c9
1.43240083182439e-24	0.569214176062777	0.324	0.183	4.82633136274911e-20	VPS25	c9
1.44065853853059e-24	0.850871264393345	0.168	0.077	4.85415487972496e-20	PRKAB1	c9
1.54057224733093e-24	0.480930432976362	0.386	0.224	5.19080413015682e-20	WBP1	c9
1.5676157191356e-24	0.432976019168366	0.702	0.524	5.28192440405551e-20	ARF6	c9
1.58370530456915e-24	0.554945318459182	0.415	0.252	5.33613665321528e-20	ATP6AP1	c9
1.59862195630262e-24	0.571903480296287	0.331	0.188	5.38639681956606e-20	GLRX3	c9
1.63528384551653e-24	0.478078261797545	0.526	0.345	5.5099253890834e-20	RBBP4	c9
1.64012815897306e-24	0.784677781291756	0.249	0.132	5.52624781884382e-20	HTRA2	c9
1.6531420485774e-24	0.539223986944566	0.398	0.24	5.57009681847668e-20	PFKL	c9
1.78870001408172e-24	0.567985449895767	0.357	0.208	6.02684582744694e-20	CAPN1	c9
1.84933950436057e-24	0.91867775219135	0.166	0.076	6.2311645259925e-20	CIDEB	c9
1.90825513585095e-24	0.585758978448654	0.352	0.207	6.42967485473618e-20	SMIM12	c9
1.95648354213052e-24	0.899754182728338	0.133	0.056	6.59217564685458e-20	GPR68	c9
2.04379924173313e-24	0.807866235377371	0.168	0.077	6.88637716509561e-20	DERA	c9
2.04739658341508e-24	1.59314468068582	0.064	0.019	6.89849804815876e-20	CHRNA6	c9
2.08744366007585e-24	0.591459523897463	0.358	0.211	7.03343266825956e-20	NAA10	c9
2.25820351144512e-24	0.556265842555505	0.405	0.247	7.60879091146317e-20	SDF2	c9
2.28047532550417e-24	0.46749836345052	0.579	0.392	7.68383356175376e-20	POLR2G	c9
2.37996999477102e-24	3.16728660600391	0.018	0.002	8.01907090038146e-20	RP11-134O21.1	c9
2.49243549910318e-24	0.60387253009528	0.296	0.164	8.39801217067824e-20	CLPTM1	c9
2.50152825858328e-24	0.544655305095195	0.327	0.185	8.4286493144705e-20	EIF4A3	c9
2.54248824598714e-24	0.517910159281963	0.478	0.306	8.56665989602907e-20	KCNAB2	c9
2.62864205594133e-24	0.535176421051757	0.379	0.226	8.85694654328871e-20	PRKCQ	c9
2.65728306966007e-24	0.502548784540553	0.454	0.28	8.95344957491263e-20	ETFA	c9
2.75149522381056e-24	0.999985244624664	0.121	0.049	9.27088800710729e-20	TMED8	c9
3.03270724811407e-24	0.290635383101649	0.978	0.944	1.02184038017956e-19	PTPRC	c9
3.12633402097225e-24	0.603729704013787	0.326	0.186	1.05338698502639e-19	TRIM14	c9
3.30164040821432e-24	0.572875971457287	0.205	0.102	1.11245471914373e-19	CDKN1A	c9
3.3481443369539e-24	0.503989822392006	0.514	0.331	1.12812375289325e-19	MPG	c9
3.7054572873229e-24	0.498381104417594	0.395	0.233	1.24851677839058e-19	DERL2	c9
3.78947442607022e-24	0.482997842081736	0.552	0.365	1.2768255131201e-19	SLTM	c9
3.84882629913902e-24	1.23484153602722	0.083	0.028	1.2968235332319e-19	ARHGEF12	c9
4.16824406312559e-24	0.742269934024107	0.266	0.144	1.40444815462953e-19	CD59	c9
4.26351187806742e-24	0.487101551162491	0.487	0.312	1.43654769219604e-19	PAFAH1B1	c9
4.36963890570575e-24	2.41530441580705	0.038	0.008	1.4723061328885e-19	ARNTL2	c9
4.37326379886598e-24	0.568398260380818	0.416	0.259	1.4735275043899e-19	GIT2	c9
4.58467803859347e-24	0.445736932376721	0.688	0.509	1.54476141832368e-19	PRDX5	c9
4.60602831533874e-24	0.712519608282508	0.194	0.094	1.55195518057024e-19	MBD2	c9
4.62843912773756e-24	0.462230582457772	0.615	0.427	1.55950627969989e-19	C1orf43	c9
4.67506086641845e-24	1.12107910925658	0.133	0.057	1.57521500833103e-19	SLC35F2	c9
4.70513445578967e-24	0.526788039528239	0.66	0.497	1.58534800353377e-19	TRBC1	c9
4.73744758591366e-24	0.673872966178134	0.268	0.146	1.59623558959775e-19	JKAMP	c9
4.80828708587434e-24	0.730735540837926	0.216	0.109	1.6201042507145e-19	ANXA4	c9
5.09185588202131e-24	0.455492114616389	0.538	0.347	1.71564992088826e-19	YWHAE	c9
5.32001505227614e-24	0.811707111705747	0.181	0.086	1.79252587171392e-19	RALB	c9
5.51891080021395e-24	0.564171428265906	0.402	0.247	1.85954180502409e-19	TRIM69	c9
5.91163686907145e-24	0.634763958373314	0.25	0.133	1.99186692666494e-19	TFDP1	c9
6.21470728162204e-24	0.447202156576641	0.523	0.338	2.09398347146973e-19	SFXN1	c9
6.32176849530767e-24	0.640122762129206	0.325	0.187	2.13005667680896e-19	MPV17	c9
6.80672526937392e-24	0.407357782450182	0.653	0.456	2.29345801226285e-19	SPCS2	c9
7.87734277249752e-24	0.658446911527044	0.314	0.182	2.65419187376531e-19	TMEM256-PLSCR3	c9
8.26351305130655e-24	0.615292163872762	0.297	0.166	2.78430808750723e-19	BAD	c9
8.46856275969275e-24	0.465882754815428	0.377	0.22	2.85339753625087e-19	TAF12	c9
8.47028829459832e-24	0.90172348944719	0.206	0.105	2.85397893798196e-19	CNP	c9
8.57790385925864e-24	0.514869029675343	0.481	0.31	2.89023892633861e-19	ABI1	c9
8.60335627431027e-24	0.653782695457803	0.233	0.12	2.8988148630661e-19	TSR3	c9
9.46287638433153e-24	0.452022450845604	0.713	0.536	3.18842156893667e-19	EWSR1	c9
9.54303678616553e-24	0.577188973633702	0.319	0.184	3.21543081473061e-19	CCPG1	c9
9.5629687515457e-24	0.597332612166661	0.328	0.188	3.22214669114581e-19	NUP58	c9
9.73424579746102e-24	0.48361169352246	0.378	0.223	3.27985677899652e-19	YIF1A	c9
9.86811342239769e-24	0.874533487713519	0.188	0.092	3.32496213654268e-19	WDFY2	c9
1.01129310001603e-23	0.850087495711833	0.207	0.105	3.407450971194e-19	SLC5A3	c9
1.01424368408641e-23	0.670707813408856	0.276	0.151	3.41739266916074e-19	AFTPH	c9
1.01428767232183e-23	0.667035285090386	0.182	0.086	3.41754088312116e-19	ZNF592	c9
1.0204230943329e-23	1.03192105823825	0.143	0.063	3.43821357404527e-19	HIVEP1	c9
1.02338460315523e-23	0.776055120392946	0.204	0.103	3.44819208187122e-19	CH507-9B2.3	c9
1.05088907586955e-23	0.618738520947669	0.25	0.132	3.54086565223488e-19	NUMB	c9
1.13869907238986e-23	1.49667752301766	0.073	0.023	3.83673265451038e-19	SPAG1	c9
1.18167500744711e-23	0.667053339589982	0.272	0.151	3.98153577009231e-19	RFX5	c9
1.25210997440272e-23	0.859573430785078	0.145	0.064	4.21885934775252e-19	SQLE	c9
1.38752779153874e-23	3.04283501297584	0.022	0.003	4.67513614081062e-19	CH17-437K3.1	c9
1.45250088272056e-23	1.27837312394418	0.092	0.034	4.89405647423865e-19	IRAK2	c9
1.52138223447693e-23	0.676331170122409	0.283	0.158	5.12614530084655e-19	IRF2BP2	c9
1.57406278378471e-23	0.495561948735052	0.468	0.296	5.3036471436842e-19	C14orf119	c9
1.57843439942379e-23	0.207764956169161	0.981	0.947	5.31837686541852e-19	CD74	c9
1.61328522330996e-23	0.421912866809523	0.645	0.448	5.43580323142059e-19	MRPL41	c9
1.62456962443204e-23	0.593031276169504	0.295	0.164	5.4738248925613e-19	NDUFA11	c9
1.80109223654024e-23	0.520918890067742	0.463	0.295	6.06860018179868e-19	URM1	c9
1.92560377807276e-23	0.790327485073524	0.218	0.113	6.48812936983837e-19	PAPSS1	c9
1.97960632187232e-23	0.68109337134612	0.221	0.114	6.67008554091658e-19	PEA15	c9
2.16964687649351e-23	0.453531991498449	0.559	0.371	7.31040818565724e-19	MINOS1	c9
2.22491152041234e-23	0.49946577326309	0.393	0.238	7.49661687687732e-19	COX20	c9
2.25377759858796e-23	3.22351750494411	0.014	0.001	7.59387824068228e-19	KRT83	c9
2.28165592315061e-23	0.536754563151065	0.328	0.187	7.68781146746368e-19	MRPL27	c9
2.46919534237496e-23	0.53739273599365	0.347	0.204	8.31970678659818e-19	PREX1	c9
2.60248662218242e-23	0.962702716251026	0.129	0.055	8.76881842478143e-19	CHRNB1	c9
2.78705769692844e-23	0.7509908886838	0.225	0.118	9.39071220403068e-19	FAM118A	c9
2.92998056666433e-23	0.434543506298629	0.665	0.482	9.87227652131879e-19	ACTR2	c9
3.06759580009301e-23	0.854032135950586	0.168	0.079	1.03359572888334e-18	DDX26B	c9
3.10878274344622e-23	0.736519671354523	0.215	0.11	1.04747325757677e-18	RANGAP1	c9
3.21647155785942e-23	0.514338986050952	0.359	0.209	1.08375792670515e-18	COA6	c9
3.22787305033179e-23	0.695647604261897	0.201	0.1	1.08759954557879e-18	STYXL1	c9
3.24225386605806e-23	0.758734008914997	0.216	0.112	1.0924450176296e-18	ITPR1	c9
3.43767450467444e-23	0.525710936981459	0.418	0.258	1.15829004760501e-18	AHSA1	c9
3.86356385682745e-23	0.459819247687386	0.476	0.303	1.30178920591944e-18	SF3B4	c9
3.8725090464548e-23	0.529470198114091	0.412	0.254	1.30480319811248e-18	TPST2	c9
3.9098046208212e-23	0.581053965593286	0.603	0.446	1.31736956893949e-18	IFITM3	c9
4.00023952505221e-23	0.639872406772056	0.261	0.142	1.34784070557109e-18	GGCT	c9
4.12315334915663e-23	1.06790683936679	0.125	0.053	1.38925528946484e-18	AKAP2	c9
4.45764362153049e-23	0.562831810723083	0.421	0.266	1.50195844183848e-18	P2RY10	c9
4.58385178829861e-23	0.438174928306732	0.626	0.423	1.54448302154933e-18	NDUFAB1	c9
4.6377539211983e-23	0.985434188614148	0.12	0.049	1.56264480620856e-18	WIPI1	c9
4.7566792484249e-23	0.482815169268409	0.455	0.285	1.60271550596429e-18	ARRDC1	c9
4.77895908213148e-23	1.98732619026165	0.047	0.012	1.61022247313338e-18	TOR4A	c9
4.78397792258702e-23	0.491530003650759	0.368	0.22	1.61191352123647e-18	PKN1	c9
4.79771126908177e-23	0.405257765407208	0.685	0.502	1.61654083500441e-18	RHOF	c9
4.81452610876828e-23	0.566132818288082	0.298	0.169	1.62220642708838e-18	FO538757.2	c9
5.88513949565108e-23	1.21250177838325	0.105	0.041	1.98293890166468e-18	SLC41A1	c9
6.45870276863637e-23	0.609135695689227	0.25	0.134	2.17619531086434e-18	TFPT	c9
7.51662402607068e-23	1.55011280254341	0.058	0.017	2.53265129934426e-18	POU3F1	c9
7.58559585788839e-23	0.442006793999254	0.635	0.438	2.55589066835692e-18	POLR2E	c9
7.58669647212077e-23	0.483538759815367	0.474	0.322	2.55626150931637e-18	LGALS1	c9
7.8077373171216e-23	0.588569993912534	0.243	0.129	2.63073901163095e-18	POLK	c9
8.06170301034127e-23	0.460650302368045	0.39	0.235	2.71631021230439e-18	SNX20	c9
8.06195364071314e-23	1.01217789773984	0.093	0.034	2.71639465970189e-18	FAM102B	c9
8.32573529567993e-23	0.508499458531776	0.381	0.23	2.8052732505264e-18	TXNL4A	c9
8.3524777306485e-23	0.686852724322203	0.24	0.128	2.8142838465647e-18	CYB5R4	c9
8.38502286276691e-23	0.671040042347833	0.2	0.1	2.82524960338068e-18	FAM53B	c9
8.47592118237327e-23	0.518835693178759	0.324	0.188	2.85587688318885e-18	SMARCC1	c9
8.68797955695013e-23	0.423369186891897	0.621	0.441	2.92732783191878e-18	ANXA2	c9
8.68970539101489e-23	0.448979100104047	0.551	0.366	2.92790933444856e-18	RNH1	c9
8.90458702183599e-23	0.612946879717992	0.306	0.176	3.00031155113742e-18	TMEM30A	c9
8.97628382720068e-23	0.521431579440335	0.669	0.499	3.024469072737e-18	BAX	c9
9.22686075516597e-23	0.52151417446862	0.373	0.222	3.10889846284562e-18	PSMC2	c9
9.32738502941856e-23	1.15131533844923	0.105	0.041	3.14276911181229e-18	C9orf172	c9
9.47436743004342e-23	0.498106679129719	0.402	0.247	3.19229336187883e-18	TIMM8B	c9
9.79050066209415e-23	0.519152935136601	0.421	0.265	3.298811293086e-18	SMS	c9
9.97014746674371e-23	1.10747848655044	0.131	0.057	3.35934148744463e-18	CHRM3-AS2	c9
1.01402154114373e-22	0.464095255656809	0.553	0.379	3.41664418072969e-18	GPI	c9
1.12896679884934e-22	0.635506934785629	0.242	0.129	3.80394073204295e-18	SLC50A1	c9
1.17141712752668e-22	0.48404895086675	0.405	0.247	3.94697286948841e-18	SNX1	c9
1.18495468552104e-22	0.45353965666495	0.492	0.321	3.99258631739459e-18	IL27RA	c9
1.20368059935699e-22	0.709707810820208	0.259	0.142	4.05568141147344e-18	CCDC47	c9
1.24609750202899e-22	0.442671726991943	0.472	0.304	4.19860092333647e-18	TRAF1	c9
1.29613477917085e-22	0.372746088132034	0.721	0.547	4.36719652493825e-18	SFPQ	c9
1.39012976558389e-22	0.546306086605729	0.401	0.246	4.68390323215835e-18	INO80E	c9
1.42939591149976e-22	0.3915909939485	0.681	0.491	4.8162065842073e-18	PAK2	c9
1.45415808842149e-22	0.51702660509446	0.334	0.196	4.89964026312736e-18	PDIA4	c9
1.46294717489182e-22	0.387701431470238	0.539	0.36	4.92925421108049e-18	PDE4B	c9
1.488299228483e-22	0.427398222788456	0.559	0.38	5.01467542045063e-18	FERMT3	c9
1.62388583370829e-22	0.744215251087787	0.195	0.098	5.47152092809671e-18	XXbac-BPG32J3.22	c9
1.84347684984628e-22	2.1661197066254	0.035	0.007	6.21141089787204e-18	MAFTRR	c9
1.84687169455204e-22	0.42171854700667	0.65	0.471	6.22284948762364e-18	PDCD6	c9
1.93888591027033e-22	0.727522993108864	0.203	0.104	6.53288218606485e-18	USP42	c9
1.94043441034211e-22	0.639923075081195	0.257	0.14	6.53809970220671e-18	LINC00426	c9
2.20853800915082e-22	0.588653475626974	0.276	0.155	7.44144796803278e-18	AZI2	c9
2.2143622298384e-22	0.600746686656517	0.26	0.142	7.46107209721752e-18	NDUFA9	c9
2.41724975274081e-22	0.640486454830035	0.244	0.132	8.14468131688489e-18	MFAP1	c9
2.43807730312476e-22	2.81057688304382	0.035	0.007	8.21485766514856e-18	TRBV10-2	c9
2.49535674391507e-22	0.611220931883088	0.284	0.161	8.40785501294745e-18	PSENEN	c9
2.60742633658808e-22	0.559034612042092	0.279	0.156	8.78546229849989e-18	NABP2	c9
2.71065006369811e-22	0.744214061490307	0.184	0.091	9.13326432462442e-18	MPST	c9
2.84729808582017e-22	0.536667116095295	0.279	0.155	9.59368617036248e-18	PDZD11	c9
2.87347272907207e-22	0.465851957079727	0.633	0.455	9.68187901333544e-18	BANF1	c9
3.12687784261446e-22	0.626630097584212	0.312	0.182	1.05357022029052e-17	NBN	c9
3.26073830026387e-22	0.514716792557487	0.451	0.288	1.09867316289091e-17	STARD3	c9
3.57965079540585e-22	1.85959862717475	0.043	0.011	1.20612753900405e-17	MTUS1	c9
3.75414867379107e-22	0.831770993940856	0.201	0.102	1.26492285414716e-17	PRKAG2	c9
3.78883188289453e-22	0.674541167065749	0.212	0.11	1.27660901462248e-17	GSKIP	c9
3.93327514819807e-22	0.542400579609468	0.392	0.243	1.32527772843386e-17	NASP	c9
4.08952971516758e-22	0.96618359808266	0.106	0.043	1.37792614222856e-17	PBX3	c9
4.12207723158952e-22	0.451064805047226	0.55	0.37	1.38889270241177e-17	PUF60	c9
4.14776733075362e-22	0.445644176297671	0.512	0.331	1.39754872442413e-17	POLR2J	c9
4.1807129434357e-22	0.437423944769997	0.609	0.42	1.40864941916122e-17	CLTB	c9
4.30762247720482e-22	0.622696866752425	0.247	0.134	1.45141031746939e-17	ZMAT5	c9
4.31557774810784e-22	0.485150138840952	0.444	0.284	1.45409076644746e-17	TLK1	c9
4.43072849862523e-22	0.713682713170051	0.217	0.114	1.49288966032679e-17	CANT1	c9
4.94440375942982e-22	0.68257142058449	0.175	0.085	1.66596740270228e-17	BCKDK	c9
4.99192622954665e-22	0.540854889967069	0.344	0.203	1.68197962378345e-17	SLC7A5	c9
5.05422898718771e-22	0.57594645437346	0.327	0.194	1.70297191494303e-17	NCOA7	c9
5.98449661964003e-22	0.501064296148323	0.392	0.241	2.01641629102151e-17	TMBIM1	c9
6.27145966004803e-22	0.428204843930265	0.668	0.481	2.11310561785658e-17	TCF25	c9
6.69048397433634e-22	2.4641396320788	0.024	0.004	2.25429167031289e-17	TCF4	c9
6.76078698473834e-22	0.509835317718614	0.458	0.297	2.27797956663774e-17	PYCARD	c9
7.14044672393683e-22	0.42811643681562	0.623	0.443	2.40590211916327e-17	NDUFS8	c9
7.28900953515978e-22	0.266027881415054	0.969	0.947	2.45595887277674e-17	CORO1A	c9
7.75365214406534e-22	0.858799285423546	0.152	0.071	2.61251555342138e-17	P2RX4	c9
7.87785037601751e-22	1.07116569205657	0.127	0.056	2.65436290569534e-17	LRRC8B	c9
8.24852736507559e-22	0.995007600156246	0.128	0.056	2.77925881038857e-17	SGPP2	c9
8.30286324127522e-22	1.63408198306135	0.051	0.014	2.79756674051527e-17	PLK2	c9
8.74969771733039e-22	0.605009928738118	0.255	0.14	2.9481231488773e-17	NFKBIB	c9
9.10131657768781e-22	2.3596582203673	0.031	0.006	3.06659760768613e-17	MYOF	c9
9.12071233702849e-22	0.457530233263875	0.508	0.335	3.07313281483838e-17	CYTH1	c9
9.3549809180529e-22	0.447952767394442	0.671	0.49	3.15206727052874e-17	SRI	c9
9.664981400999e-22	0.661705386064361	0.213	0.112	3.2565188332526e-17	ANKRD28	c9
1.01064971621709e-21	0.505340240922273	0.311	0.18	3.40528315382185e-17	WDR54	c9
1.05163652708564e-21	0.575148567101165	0.278	0.157	3.54338411436234e-17	AGPAT2	c9
1.05203326602469e-21	1.4062778742522	0.085	0.031	3.54472088654359e-17	NLRP6	c9
1.09600939069015e-21	0.89542072303349	0.16	0.077	3.69289404099139e-17	SLC25A13	c9
1.09879608978573e-21	1.41022463748071	0.086	0.032	3.70228354492402e-17	RASGEF1A	c9
1.10162680302737e-21	0.770215745822674	0.211	0.111	3.71182135012042e-17	LGALS3BP	c9
1.10628601347398e-21	0.526699219972982	0.316	0.183	3.72752009379922e-17	PPP2R3C	c9
1.12769666321186e-21	0.521240082531331	0.272	0.151	3.79966113702603e-17	DPM2	c9
1.16678798122033e-21	0.614647147188682	0.357	0.222	3.9313754239238e-17	GBP4	c9
1.1992259781748e-21	0.475079728386643	0.345	0.202	4.04067201086216e-17	GNB1	c9
1.2319734203516e-21	0.412553233450262	0.565	0.388	4.15101124253268e-17	GBP5	c9
1.26367301232202e-21	0.546505348069432	0.367	0.223	4.2578198477178e-17	RASGRP1	c9
1.2829071816273e-21	0.431271813550022	0.354	0.207	4.32262745777503e-17	CNIH4	c9
1.31140088621208e-21	0.682409734477909	0.234	0.126	4.41863414600299e-17	CYTH2	c9
1.32082961853334e-21	0.441049822698033	0.521	0.344	4.45040331668625e-17	ITGAL	c9
1.33802035796459e-21	0.317485144934488	0.837	0.698	4.50832579412589e-17	PARK7	c9
1.37558533641455e-21	0.776333268419021	0.132	0.058	4.6348972325152e-17	TTC38	c9
1.40313634016726e-21	0.440450980695523	0.481	0.317	4.72772758455957e-17	ATP2B4	c9
1.42149146329657e-21	0.48645602646841	0.449	0.289	4.78957333643148e-17	APOL6	c9
1.42606581363835e-21	0.496774868079158	0.502	0.333	4.80498615247304e-17	ZNF292	c9
1.42925394014784e-21	0.26979862949806	0.915	0.829	4.81572822593412e-17	COX6B1	c9
1.44049379936565e-21	0.533215326234642	0.359	0.216	4.85359980758264e-17	PDHB	c9
1.5328610291738e-21	1.75305528241427	0.048	0.013	5.16482195169821e-17	TRIP10	c9
1.55739422428277e-21	0.531267327342432	0.362	0.219	5.24748409929835e-17	CPSF6	c9
1.57733915580533e-21	0.481109588973698	0.503	0.337	5.31468655157047e-17	ARF4	c9
1.65373109060825e-21	1.10380300589726	0.094	0.036	5.57208153669545e-17	FAR2	c9
1.66165234631871e-21	0.486459581307894	0.254	0.139	5.59877141568625e-17	STAM	c9
1.71732272110955e-21	0.677252486312799	0.194	0.098	5.78634717650653e-17	ING5	c9
1.77232854094559e-21	0.432657486761762	0.583	0.402	5.97168378586208e-17	SSNA1	c9
1.82166059184118e-21	2.50874818693748	0.026	0.005	6.13790319814968e-17	C1orf106	c9
1.95884472431969e-21	0.590122031014855	0.297	0.171	6.60013141412278e-17	E2F4	c9
1.97507473464781e-21	0.634496057324905	0.19	0.095	6.65481681092234e-17	PGRMC1	c9
2.03218376247418e-21	0.514630425562201	0.398	0.249	6.84723996928049e-17	PSMC1	c9
2.20499464883913e-21	0.597316110506616	0.312	0.183	7.42950896979857e-17	IL12RB1	c9
2.30634016625764e-21	0.457282308880456	0.475	0.312	7.7709825561885e-17	MGAT1	c9
2.30830651935741e-21	0.721909223585599	0.175	0.086	7.77760798632287e-17	MEF2D	c9
2.35225255104474e-21	0.449709480396116	0.482	0.308	7.92567974549013e-17	SHKBP1	c9
2.39203729238464e-21	0.472963824142687	0.411	0.255	8.05973045296081e-17	FDPS	c9
2.43563125192123e-21	0.963324937308639	0.135	0.061	8.20661594022341e-17	MIR3142HG	c9
2.49423911225053e-21	0.337696808062934	0.81	0.655	8.40408926481694e-17	SHISA5	c9
2.5653787185082e-21	0.443434132669336	0.451	0.285	8.64378705414152e-17	CYC1	c9
2.58602116555718e-21	0.40252877301473	0.689	0.51	8.71333971522836e-17	AIP	c9
2.60426207736096e-21	0.489116674695571	0.436	0.279	8.77480064346e-17	CNPPD1	c9
2.65604483944391e-21	0.599386016620764	0.261	0.146	8.94927748202233e-17	ARHGAP1	c9
2.76822403378372e-21	0.462075508438994	0.497	0.33	9.32725405943085e-17	CYB5R3	c9
2.79739921307336e-21	0.431544038803287	0.399	0.245	9.42555690852937e-17	NUDT22	c9
2.8071180888862e-21	0.42641455017237	0.495	0.327	9.45830368869315e-17	BUD31	c9
2.9460723081217e-21	0.7664120203861	0.192	0.098	9.92649603498527e-17	OSBPL3	c9
2.94659299779938e-21	0.842866182284261	0.169	0.083	9.92825044678523e-17	TDRD3	c9
2.98051014520121e-21	2.2967340749438	0.026	0.005	1.0042530883241e-16	OTUB2	c9
3.04119766399295e-21	0.417202175156601	0.696	0.525	1.02470114090579e-16	NEDD8	c9
3.05909753432286e-21	0.305460200292654	0.491	0.321	1.03073232321474e-16	CD63	c9
3.13639464776987e-21	0.710019323753516	0.187	0.095	1.05677681261958e-16	RGS3	c9
3.17031213492284e-21	0.627613389784676	0.214	0.112	1.0682049707409e-16	ABHD12	c9
3.27845747697608e-21	0.492219471391964	0.338	0.201	1.10464346229232e-16	UBN1	c9
3.28565852968445e-21	0.46319011754107	0.54	0.365	1.10706978499188e-16	CCDC12	c9
3.30992373955379e-21	0.593921334229377	0.292	0.17	1.11524570480525e-16	SESN3	c9
3.31523357816706e-21	0.583786769822645	0.298	0.173	1.11703480182761e-16	MED8	c9
3.34976227377532e-21	1.53838857468511	0.043	0.011	1.12866890052586e-16	EVA1B	c9
3.43247298579473e-21	1.00838480039317	0.114	0.048	1.15653744783368e-16	HACD1	c9
3.51324491680353e-21	0.419310575549104	0.55	0.374	1.18375274226778e-16	SRSF9	c9
3.70762396835095e-21	0.398747451771091	0.835	0.688	1.24924681989617e-16	RNF213	c9
3.72349138498962e-21	0.565699756491459	0.276	0.157	1.2545931872584e-16	POLDIP3	c9
3.78224317688944e-21	0.423826617204512	0.579	0.403	1.27438901602113e-16	CMTM3	c9
3.88001083185176e-21	2.31967875101068	0.03	0.006	1.30733084968413e-16	MRC1	c9
3.90455154916412e-21	1.3239277547241	0.071	0.024	1.31559959897536e-16	SEPT8	c9
3.93615403934157e-21	0.493457706553178	0.379	0.23	1.32624774201575e-16	TNIP2	c9
3.95755734443502e-21	0.473199505203035	0.336	0.2	1.33345937163394e-16	TSEN15	c9
4.06745945866632e-21	0.728678281819661	0.189	0.097	1.37048979000303e-16	KIF20B	c9
4.18392431210465e-21	0.765693821002229	0.154	0.073	1.40973145772054e-16	TMEM127	c9
4.29530257547979e-21	0.44160985246909	0.443	0.279	1.44725924978216e-16	SSBP4	c9
4.36992833774907e-21	0.661216209124547	0.222	0.119	1.47240365412117e-16	BISPR	c9
4.50019428025414e-21	0.445519192714496	0.484	0.313	1.51629546078883e-16	TMEM165	c9
4.54156372113257e-21	1.62182542500997	0.131	0.06	1.53023448019841e-16	CCL3	c9
4.74026428560297e-21	2.44658656181644	0.092	0.037	1.59718464839107e-16	IFI27	c9
4.76517849701594e-21	1.27087218287041	0.072	0.024	1.60557924278455e-16	MS4A6A	c9
4.92269453906281e-21	0.426757968523437	0.58	0.398	1.65865269799182e-16	MAGOH	c9
5.14424821030547e-21	0.506134676826169	0.433	0.278	1.73330299198032e-16	PEF1	c9
5.15632670272984e-21	0.269610625660992	0.896	0.8	1.73737271921779e-16	COX7A2	c9
5.30291295078809e-21	0.608009219694936	0.252	0.14	1.78676348963854e-16	COMMD5	c9
5.36581910274458e-21	1.72393298590336	0.039	0.009	1.80795908847876e-16	TIMP2	c9
5.41432378249207e-21	0.436459230301136	0.38	0.232	1.82430225527288e-16	ARPC1A	c9
5.41991440940843e-21	0.471724547510135	0.427	0.269	1.82618596110608e-16	LPIN2	c9
5.44525442010974e-21	0.590887014543335	0.238	0.129	1.83472402431177e-16	C5orf15	c9
5.64120959555886e-21	0.43107757936501	0.555	0.384	1.9007491611276e-16	SNRPB2	c9
5.90172501080234e-21	0.790378981478768	0.162	0.078	1.98852722513974e-16	APOBEC3F	c9
5.91236224982024e-21	0.347494160676701	0.741	0.551	1.99211133645443e-16	RHOG	c9
6.07259715101961e-21	0.510509738290865	0.324	0.192	2.04610088406455e-16	MICAL1	c9
6.50706717491521e-21	0.824316998490548	0.153	0.072	2.19249121391593e-16	MTM1	c9
7.12569685481266e-21	0.430245534754991	0.479	0.309	2.40093229826058e-16	SUPT4H1	c9
7.30378454547104e-21	0.405174807420982	0.651	0.487	2.46093716475101e-16	GNG2	c9
7.39074833556254e-21	0.546286484552582	0.312	0.182	2.49023874418444e-16	CLTC	c9
7.67745885834292e-21	0.651651081893533	0.189	0.096	2.58684298773006e-16	SMARCAD1	c9
7.84458004308172e-21	0.747322440829785	0.181	0.091	2.64315279971595e-16	STX6	c9
8.08800699608479e-21	1.66484797893314	0.056	0.017	2.72517307726081e-16	C5orf30	c9
8.24331758531164e-21	2.04246491162934	0.025	0.004	2.7775034271949e-16	DOK5	c9
8.26887331229636e-21	0.996311279418004	0.084	0.031	2.78611417384514e-16	TRBV28	c9
8.65704236985557e-21	1.2630332119083	0.087	0.033	2.91690385609914e-16	TRIM59	c9
8.91951746642895e-21	2.38926695433718	0.027	0.005	3.00534221513857e-16	TM6SF1	c9
9.51113743134229e-21	0.459136036271168	0.373	0.23	3.20468264611647e-16	TOR1AIP1	c9
1.02007991778347e-20	0.352062631554864	0.782	0.599	3.43705727497962e-16	ICAM3	c9
1.04943305461122e-20	0.427943920199756	0.508	0.334	3.53595973420704e-16	PSMA3	c9
1.05756338108212e-20	0.451791954057538	0.514	0.346	3.56335405621808e-16	RTFDC1	c9
1.07322032559867e-20	0.430306174163878	0.595	0.422	3.61610856507216e-16	RPN2	c9
1.07898959741899e-20	0.3230883795419	0.789	0.631	3.63554754954355e-16	CALM3	c9
1.0902910827939e-20	0.420733821774384	0.416	0.259	3.67362677436578e-16	PSMD2	c9
1.17469092980388e-20	0.650569472480459	0.33	0.203	3.9580036188812e-16	CAPG	c9
1.17772326715633e-20	0.587857940293367	0.243	0.133	3.96822077635653e-16	PLEKHA2	c9
1.21899678246745e-20	0.410668291968931	0.572	0.398	4.10728775884581e-16	RPN1	c9
1.22530436278422e-20	0.627939099541859	0.192	0.098	4.12854051996517e-16	SNTB2	c9
1.26459363177245e-20	0.772604098149322	0.226	0.124	4.2609217828941e-16	TRAF2	c9
1.39196407153794e-20	0.526326328209867	0.315	0.186	4.69008374263992e-16	MDFIC	c9
1.46206413943848e-20	0.349460013759766	0.856	0.732	4.92627891142402e-16	CD3G	c9
1.54755739812566e-20	0.424261061937619	0.539	0.359	5.21433989724459e-16	MPC2	c9
1.56473185164791e-20	0.373736860367031	0.615	0.43	5.27220750094248e-16	YPEL5	c9
1.58112917273905e-20	0.405269520545366	0.637	0.463	5.32745663462697e-16	PBXIP1	c9
1.64209237226487e-20	0.44392611435023	0.346	0.207	5.53286603910925e-16	LINC00649	c9
1.66423845748924e-20	0.789573601039354	0.222	0.121	5.60748505866424e-16	STAT2	c9
1.68192031356172e-20	0.236105917523395	0.893	0.761	5.66706230451486e-16	TNFAIP3	c9
1.7109527446768e-20	0.665358877872798	0.252	0.142	5.764884177914e-16	MAEA	c9
1.73946874808102e-20	0.423706281047604	0.324	0.189	5.8609659997842e-16	PEX2	c9
1.77952778577318e-20	0.433141894873491	0.419	0.26	5.99594092138415e-16	CDIPT	c9
1.7904798953403e-20	0.353673055610834	0.807	0.643	6.03284295935962e-16	CDC37	c9
1.83206174702409e-20	0.620427073756883	0.206	0.108	6.17294885042296e-16	WBP4	c9
1.87642416502994e-20	0.529878882238373	0.35	0.216	6.32242358165189e-16	AZIN1	c9
1.90786721238348e-20	0.410865638775037	0.562	0.383	6.42836778540488e-16	CCNDBP1	c9
1.92894929377431e-20	0.673469838631078	0.245	0.138	6.49940175044316e-16	DDX60L	c9
1.9873214707393e-20	0.622969543461214	0.195	0.1	6.69608096350898e-16	EXOG	c9
2.01163950293229e-20	0.222966229376122	0.957	0.897	6.77801814118006e-16	CHCHD2	c9
2.18503144060366e-20	0.824663577972812	0.151	0.072	7.36224493596998e-16	CAMTA2	c9
2.23704044719082e-20	0.775454989680102	0.179	0.09	7.53748408276474e-16	OGG1	c9
2.24543761458047e-20	0.439602801300362	0.418	0.264	7.56577749856742e-16	MRPL4	c9
2.2814301647045e-20	0.564688068622555	0.28	0.161	7.68705079695534e-16	LEPROT	c9
2.39700372450594e-20	0.466776281297452	0.338	0.202	8.07646434935033e-16	MARK3	c9
2.62173383382597e-20	2.19967997898938	0.032	0.007	8.83366997969323e-16	FBXO10	c9
2.6283600613039e-20	2.77444594665914	0.021	0.003	8.85599639055737e-16	AJ006998.2	c9
2.76523456711931e-20	0.42705386209458	0.637	0.458	9.31718135045179e-16	NAP1L4	c9
2.78060130010823e-20	0.738151991093946	0.208	0.111	9.36895802058467e-16	MYCBP	c9
2.7940296239235e-20	0.442441669590386	0.441	0.283	9.41420341484783e-16	AKIRIN2	c9
2.88096965185341e-20	1.21132135578104	0.065	0.021	9.70713914495488e-16	NOD2	c9
2.9459323880339e-20	0.580474228435607	0.25	0.14	9.92602458824142e-16	TOLLIP	c9
3.22095439863334e-20	0.513303977501414	0.391	0.247	1.08526837507552e-15	CIAO1	c9
3.24764081473047e-20	0.587309195346689	0.292	0.171	1.09426009611528e-15	C1GALT1	c9
3.27199454980185e-20	0.408416753642511	0.345	0.206	1.10246584361023e-15	NPEPPS	c9
3.27379821048982e-20	0.332049626888375	0.811	0.647	1.10307356904244e-15	TMEM59	c9
3.28329229059793e-20	0.452766464414437	0.559	0.391	1.10627250439407e-15	WTAP	c9
3.31107076218027e-20	0.418057373828199	0.589	0.407	1.11563218260902e-15	HNRNPH3	c9
3.3692026452619e-20	0.473783145063817	0.375	0.231	1.13521913929455e-15	BAZ1B	c9
3.52032689009152e-20	0.609953212161629	0.223	0.121	1.18613894234744e-15	RAB33A	c9
4.0889874043511e-20	0.691992961582751	0.226	0.124	1.37774341602206e-15	GSS	c9
4.08966484151091e-20	0.45488378730775	0.467	0.303	1.37797167169869e-15	CHST11	c9
4.09725966375917e-20	0.799459734177131	0.182	0.094	1.38053067110701e-15	QSOX1	c9
4.43567347245164e-20	0.371729449824496	0.746	0.591	1.49455581980786e-15	SLC25A5	c9
4.46372744428087e-20	0.374304864203058	0.607	0.421	1.50400832507599e-15	DOK2	c9
4.47692803018064e-20	0.589144623079358	0.267	0.155	1.50845613048906e-15	DDX58	c9
4.56853247602084e-20	0.664074590218612	0.215	0.116	1.53932133247046e-15	ACAT1	c9
4.64732496880566e-20	0.446349812054254	0.399	0.252	1.56586967498938e-15	DDRGK1	c9
5.17369318857639e-20	0.504504269978088	0.358	0.221	1.74322418295893e-15	FRG1	c9
5.26858542335593e-20	0.580193429832665	0.246	0.137	1.77519717254555e-15	SLC39A1	c9
5.39026107085735e-20	0.687119737496521	0.2	0.105	1.81619456521467e-15	C8orf76	c9
5.93836683120765e-20	0.861957225270385	0.139	0.065	2.00087332010711e-15	ALDH3A2	c9
5.94385784443358e-20	0.779230988714293	0.155	0.075	2.00272346210345e-15	DOK1	c9
5.95378780443469e-20	0.408162444866544	0.414	0.259	2.00606926282623e-15	RBM42	c9
5.95460967534265e-20	1.97714605411623	0.036	0.008	2.00634618400995e-15	ITGB8	c9
5.97087797734444e-20	0.623484678773348	0.306	0.183	2.01182762568644e-15	TIMMDC1	c9
5.97092375325015e-20	0.644021791758431	0.223	0.122	2.01184304942011e-15	HIBCH	c9
6.50308789993098e-20	0.549360952667656	0.203	0.107	2.19115043700274e-15	RNF41	c9
7.02353384184879e-20	0.805885628831424	0.14	0.066	2.36650949267253e-15	KCNK6	c9
7.19794737526818e-20	0.342137756242966	0.706	0.527	2.42527638862286e-15	MAT2B	c9
7.33091953271591e-20	0.470498064295577	0.36	0.223	2.4700800273533e-15	TMEM87A	c9
8.19286723626905e-20	0.474053724966849	0.339	0.205	2.76050468658849e-15	TMEM14A	c9
8.33044803198133e-20	0.349607042430214	0.831	0.709	2.80686115989579e-15	ISCU	c9
8.36777869805161e-20	0.612964116237843	0.259	0.148	2.81943935452151e-15	AP2A1	c9
8.37584350869172e-20	0.599553715899763	0.233	0.128	2.82215671181859e-15	ACTL6A	c9
8.40121303853901e-20	1.11419156846561	0.09	0.036	2.83070472120533e-15	PCTP	c9
8.45645376676474e-20	0.224285051677871	0.96	0.906	2.84931753217371e-15	PSME1	c9
8.47797094645677e-20	0.950538267031716	0.114	0.049	2.85656753069914e-15	CHPF	c9
9.46397838371861e-20	0.814551132364146	0.172	0.087	3.18879287661015e-15	SFXN3	c9
9.49772199455675e-20	0.488143519902232	0.34	0.207	3.20016244884595e-15	DDA1	c9
1.04442026513776e-19	0.471449174050012	0.367	0.227	3.51906964135516e-15	TUSC2	c9
1.04542197091055e-19	0.603940109884917	0.265	0.153	3.52244478878601e-15	TMEM60	c9
1.0522682224393e-19	0.737116970097508	0.183	0.094	3.54551254868697e-15	PPP2R5D	c9
1.07324359289268e-19	0.414521615504072	0.383	0.236	3.6161869618926e-15	PFDN1	c9
1.10948534907143e-19	0.513742447828658	0.237	0.131	3.73829993516127e-15	FEZ2	c9
1.22511701963966e-19	0.428036293835794	0.559	0.389	4.12790928597386e-15	NME3	c9
1.23959882899694e-19	0.45912624965785	0.435	0.284	4.17670429442229e-15	SZRD1	c9
1.24521657835711e-19	0.476379137649221	0.377	0.237	4.19563273911645e-15	CSNK1D	c9
1.28680995862388e-19	1.26802523151625	0.071	0.025	4.3357774745873e-15	FAM214B	c9
1.31034945098994e-19	0.404402973203889	0.615	0.442	4.41509144016549e-15	NDUFS6	c9
1.31824657473979e-19	0.555853169351224	0.234	0.129	4.44170000892824e-15	CASP3	c9
1.32602179985884e-19	0.367240668430593	0.734	0.565	4.46789785244438e-15	WAS	c9
1.34827352208024e-19	0.405702888427418	0.569	0.393	4.54287280529715e-15	SNRPC	c9
1.36430883459682e-19	0.448033634973603	0.362	0.224	4.59690218729052e-15	CYB561D2	c9
1.3989020106975e-19	0.363917514809928	0.765	0.61	4.71346043484414e-15	UBE2I	c9
1.41269027069195e-19	0.166819154913354	1	0.996	4.75991859806945e-15	HLA-A	c9
1.41595946352221e-19	0.623315003887471	0.24	0.134	4.77093381639174e-15	CASC3	c9
1.43058131207757e-19	0.491356998568349	0.293	0.171	4.82020067291418e-15	NFAT5	c9
1.45523064808081e-19	0.688099205681759	0.178	0.091	4.90325414564347e-15	MEF2A	c9
1.47702168645009e-19	0.763125876446794	0.135	0.062	4.97667687032494e-15	TSPAN3	c9
1.60843078591913e-19	1.1925606652312	0.081	0.03	5.41944669007593e-15	MCU	c9
1.64815752003317e-19	0.427139697873807	0.349	0.213	5.55330194799976e-15	ERCC1	c9
1.65561404348154e-19	0.400154883964344	0.436	0.278	5.5784259581067e-15	SNW1	c9
1.67352295304894e-19	1.15500481787168	0.084	0.032	5.6387682380031e-15	DVL3	c9
1.67614875784606e-19	0.652467017489811	0.207	0.111	5.64761562468653e-15	PRPS2	c9
1.70176306831821e-19	0.387786084829902	0.492	0.326	5.73392048239137e-15	CGGBP1	c9
1.82562772345469e-19	0.377340871695561	0.618	0.433	6.15127005140822e-15	PSMC5	c9
1.85323817241232e-19	0.31892141021876	0.852	0.725	6.24430069812606e-15	SPCS1	c9
1.8636836054934e-19	0.450253980554824	0.415	0.268	6.27949554034946e-15	SDHB	c9
1.92773403673217e-19	0.518693489948803	0.207	0.109	6.49530706336538e-15	SIRT6	c9
1.96775945454731e-19	0.406365081319196	0.603	0.425	6.6301687061517e-15	PPP1R12A	c9
1.98839924966313e-19	0.536615413592193	0.29	0.169	6.69971243181494e-15	FLYWCH2	c9
2.00742991226325e-19	0.403314580925323	0.614	0.434	6.76383434637979e-15	LAMTOR1	c9
2.05203468579617e-19	0.699287688554986	0.241	0.137	6.91412567032162e-15	BCKDHA	c9
2.13084464629696e-19	0.659782732745166	0.232	0.129	7.17966795123297e-15	CPT1A	c9
2.21509095159804e-19	0.379958938502033	0.46	0.295	7.46352745231445e-15	RPA3	c9
2.25986640547919e-19	0.983997866830002	0.118	0.052	7.6143938666216e-15	DHX58	c9
2.29009151606907e-19	0.423542849153484	0.442	0.285	7.71623435424311e-15	DCAF7	c9
2.29097943881383e-19	0.369037783019219	0.737	0.565	7.7192261211393e-15	SNX3	c9
2.39025751450126e-19	0.332969052060975	0.719	0.543	8.05373366936054e-15	ZNF706	c9
2.40759341438562e-19	0.986327321018556	0.085	0.033	8.1121452504309e-15	ABHD6	c9
2.5428346018698e-19	0.373049666885027	0.584	0.405	8.56782690754009e-15	ZNHIT1	c9
2.56564747111121e-19	0.389394096261833	0.259	0.145	8.64469258916212e-15	RAB37	c9
2.66410575037891e-19	0.260936161595984	0.905	0.775	8.97643791532671e-15	COX5B	c9
2.68095780178466e-19	0.704805760907357	0.165	0.082	9.03321921733324e-15	SNX12	c9
2.69277414745173e-19	1.88049127025336	0.039	0.01	9.07303321242385e-15	AC006129.1	c9
2.75289345494672e-19	0.37065596545152	0.642	0.454	9.27559920709748e-15	TMED2	c9
2.7714558372922e-19	0.378436651772726	0.476	0.317	9.33814329817233e-15	GLUD1	c9
2.81160289573331e-19	1.02613191516331	0.121	0.055	9.47341479688382e-15	ARHGAP10	c9
2.96984231554946e-19	0.517058105079871	0.335	0.207	1.00065866980123e-14	PFDN6	c9
2.98605203087927e-19	0.514267020421677	0.242	0.134	1.00612037128446e-14	TMEM11	c9
3.00268696140011e-19	0.420766381913032	0.492	0.325	1.01172534477415e-14	ZMYM6NB	c9
3.1018713442667e-19	0.47586377765499	0.396	0.253	1.04514453073722e-14	SDHD	c9
3.12818924631346e-19	2.5343793193716	0.022	0.004	1.05401208465286e-14	LINC00299	c9
3.16524939478013e-19	0.365803980636255	0.772	0.621	1.06649913107722e-14	EIF4G2	c9
3.19236044586748e-19	0.599430943950735	0.315	0.19	1.07563392863059e-14	SLC38A10	c9
3.23842574451059e-19	0.832346714286845	0.145	0.07	1.0911551703554e-14	MFSD14B	c9
3.29647969622866e-19	0.457842387872099	0.384	0.244	1.11071586884729e-14	AP1M1	c9
3.38700280958204e-19	0.465116882148783	0.386	0.245	1.14121672666057e-14	EIF4A1	c9
3.44175450359266e-19	2.38655186671336	0.073	0.027	1.15966476244051e-14	TRBV30	c9
3.46748922352928e-19	0.399670939114261	0.518	0.348	1.16833581897595e-14	LINC01420	c9
3.58330304905058e-19	0.985059387827332	0.127	0.059	1.2073581293471e-14	DLEU2	c9
3.64314458220768e-19	0.408210668347924	0.518	0.351	1.22752113552906e-14	RAB11A	c9
3.65885247636285e-19	0.830314668009511	0.133	0.062	1.2328137533857e-14	RANBP9	c9
3.89979116061775e-19	0.561419681179747	0.334	0.207	1.31399563365854e-14	SEPHS2	c9
4.23959477158367e-19	1.21087401845021	0.062	0.021	1.4284890623374e-14	QSOX2	c9
4.2652391177258e-19	0.413683733570911	0.332	0.2	1.43712966832653e-14	ZNF524	c9
4.31830234512544e-19	0.349860640537202	0.695	0.513	1.45500879216657e-14	SNRPD3	c9
4.41415949930441e-19	0.550721677919424	0.233	0.129	1.48730690169563e-14	FARS2	c9
4.72122747555433e-19	0.725590247109175	0.171	0.088	1.59077038561328e-14	RAPGEF1	c9
4.835825308741e-19	0.686209796897477	0.161	0.08	1.62938297952719e-14	MYO5A	c9
4.86856983884927e-19	0.95641929810539	0.126	0.058	1.64041592150187e-14	INPP1	c9
4.89984870965242e-19	0.390856655301635	0.622	0.444	1.65095502423029e-14	EIF3I	c9
5.26819060297213e-19	0.526282462489967	0.269	0.156	1.77506414176543e-14	MRPS18A	c9
5.38822236419048e-19	0.734611474230713	0.177	0.092	1.81550764339034e-14	WBSCR16	c9
5.43089599835774e-19	0.494637451328969	0.263	0.151	1.82988609768666e-14	TXNDC11	c9
5.50701446475072e-19	0.684436887711757	0.159	0.079	1.85553345375311e-14	BAG3	c9
5.62690234565423e-19	0.365626665641388	0.745	0.575	1.89592847634474e-14	ERH	c9
5.67917025601046e-19	0.611792014652346	0.257	0.15	1.91353962606017e-14	PARP12	c9
6.32927512912129e-19	0.522873531480926	0.315	0.193	2.13258596200613e-14	UNC13D	c9
6.34294723939212e-19	0.482119440429473	0.312	0.187	2.13719264284078e-14	DCAF11	c9
6.68093141204471e-19	2.25759125385136	0.031	0.007	2.25107302997434e-14	BASP1	c9
7.04725656928449e-19	0.489997705909595	0.248	0.14	2.37450262845472e-14	FAM120A	c9
7.11356705432725e-19	0.477710452715463	0.356	0.221	2.39684528328502e-14	UBTF	c9
7.12460941410592e-19	0.434118391996207	0.375	0.235	2.40056589598885e-14	CISD3	c9
7.56951777128351e-19	0.475416004362156	0.29	0.17	2.55047331785626e-14	NAA60	c9
7.80701850138909e-19	0.309991792163977	0.847	0.739	2.63049681385804e-14	TRBC2	c9
7.85389357899513e-19	0.607794751519601	0.177	0.091	2.64629090250662e-14	LARP4	c9
8.08168267198033e-19	0.617990292646784	0.213	0.116	2.72304215949705e-14	TTF1	c9
8.1933909233781e-19	0.358545937578044	0.747	0.593	2.76068113772302e-14	SEC61G	c9
8.65068970483768e-19	0.415248016024497	0.49	0.332	2.91476338914801e-14	G3BP1	c9
8.7472587740569e-19	0.58381105905807	0.25	0.143	2.94730137133073e-14	TIMM23	c9
8.83173026677636e-19	0.267395219077738	0.912	0.818	2.97576319608763e-14	NDUFA4	c9
8.89045891618611e-19	0.398953086328109	0.589	0.419	2.99555122721975e-14	ROCK1	c9
9.05144416369726e-19	0.425020764767064	0.574	0.402	3.04979359651615e-14	LRP10	c9
9.11457873924191e-19	0.352450968056746	0.766	0.612	3.07106616040017e-14	RSRP1	c9
9.18312775723827e-19	0.64466415117765	0.235	0.133	3.09416306652386e-14	UNC45A	c9
9.55036720481779e-19	0.410870954004842	0.572	0.404	3.21790072599131e-14	ATP6V0B	c9
9.79686312176743e-19	0.843149999770917	0.13	0.061	3.30095506024832e-14	TRIM25	c9
9.89240574312274e-19	0.494519171163742	0.255	0.145	3.33314719108778e-14	ARMCX6	c9
9.98283195714007e-19	0.397431743969928	0.6	0.424	3.36361539963877e-14	NDUFB3	c9
1.04028575752657e-18	0.888451903136452	0.129	0.06	3.50513883141002e-14	NAGA	c9
1.0429431429074e-18	0.418306688170555	0.47	0.312	3.51409262571218e-14	PSMD13	c9
1.04468442380632e-18	0.36897463674192	0.688	0.524	3.51995969757302e-14	SH3KBP1	c9
1.08140822978674e-18	0.725829090086461	0.153	0.076	3.64369688944345e-14	PIP5K1A	c9
1.11056062684495e-18	0.57902176614567	0.218	0.12	3.74192297609136e-14	TAB2	c9
1.11200378956779e-18	0.685721097266748	0.183	0.096	3.74678556856972e-14	C1GALT1C1	c9
1.13994674518556e-18	0.476364320939281	0.289	0.17	3.84093656322822e-14	NADSYN1	c9
1.15987128239855e-18	0.681354787181819	0.174	0.09	3.90807029891368e-14	ZMPSTE24	c9
1.17288658835126e-18	0.720164655074732	0.18	0.095	3.95192407079075e-14	SPTY2D1	c9
1.21369884362689e-18	0.496404904211656	0.263	0.152	4.08943688371643e-14	FBXW2	c9
1.22129038064802e-18	0.385222777326373	0.554	0.379	4.11501580855543e-14	TGOLN2	c9
1.27442969578734e-18	0.73660625040914	0.151	0.074	4.29406341698588e-14	RHBDF2	c9
1.27477160853615e-18	0.613834068621467	0.205	0.112	4.2952154578017e-14	BBC3	c9
1.30143355638753e-18	0.624066376593025	0.199	0.107	4.38505022489216e-14	SDHAF2	c9
1.35025808118512e-18	0.402344773595052	0.417	0.267	4.54955957874514e-14	MAPRE1	c9
1.35347246690115e-18	0.844253723406564	0.158	0.08	4.56039012997673e-14	PSMA2	c9
1.39781021359442e-18	0.41104811648435	0.395	0.249	4.70978173368503e-14	ORAI1	c9
1.42769536904708e-18	0.344221294930912	0.779	0.615	4.81047677646723e-14	ARHGDIA	c9
1.45841284320681e-18	0.65573026702817	0.221	0.125	4.91397623390102e-14	RTP4	c9
1.54077014434655e-18	0.344409457544738	0.776	0.627	5.19147092436127e-14	SH3BGRL	c9
1.58428879096428e-18	0.808069004609846	0.136	0.064	5.33810265227504e-14	ACP2	c9
1.58746222535806e-18	1.31816427763059	0.079	0.03	5.34879522212144e-14	LINC01358	c9
1.59015762244799e-18	0.418418342112859	0.467	0.312	5.35787709307627e-14	PPP1R7	c9
1.59221707592201e-18	0.626680827361984	0.197	0.105	5.36481621561162e-14	SUGP2	c9
1.66728897543606e-18	0.510161676986756	0.323	0.199	5.61776347383427e-14	SAE1	c9
1.73344700413738e-18	0.562607180139187	0.236	0.133	5.84067633574049e-14	CHFR	c9
1.76224091203087e-18	0.449773066329039	0.266	0.155	5.9376945289968e-14	FAM63B	c9
1.76329406925204e-18	0.50555578728648	0.388	0.255	5.94124303693783e-14	MATR3.1	c9
1.84579131756514e-18	0.403099130237968	0.551	0.387	6.21920926540397e-14	SLC3A2	c9
1.85902079199628e-18	0.467315443963845	0.384	0.245	6.26378465655225e-14	EIF4G1	c9
1.88326376599274e-18	0.709338732165951	0.115	0.051	6.34546893313592e-14	LYL1	c9
1.92204371033977e-18	0.50202120772827	0.224	0.123	6.47613407761882e-14	ELP6	c9
1.93628083074455e-18	0.351166469334525	0.719	0.548	6.52410463111068e-14	UBXN4	c9
1.96700691469601e-18	1.06333371720123	0.089	0.036	6.62763309837674e-14	AP000476.1	c9
2.06149336649891e-18	0.501698803739889	0.262	0.152	6.94599574908143e-14	DEDD	c9
2.11815175373438e-18	0.433289891910964	0.469	0.311	7.13690051903262e-14	KXD1	c9
2.13245382022084e-18	1.15276113932694	0.067	0.024	7.1850899018521e-14	NBPF10	c9
2.15038598733633e-18	0.687753974538552	0.221	0.124	7.24551054573101e-14	KIAA0319L	c9
2.16216406054979e-18	1.28075569611252	0.056	0.018	7.28519558561645e-14	METRNL	c9
2.18307927645044e-18	0.552755677068015	0.157	0.078	7.35566731407211e-14	UBE2R2	c9
2.19489482562388e-18	0.345317886136116	0.674	0.491	7.39547862545709e-14	RNF7	c9
2.19861982069837e-18	0.418095615596793	0.398	0.251	7.40802962386107e-14	ERP44	c9
2.2444573239713e-18	0.688846942593124	0.21	0.116	7.5624745073889e-14	PLCB2	c9
2.27356014134805e-18	0.573218767105538	0.228	0.128	7.66053354025812e-14	FUOM	c9
2.33697169793024e-18	0.722385948203769	0.172	0.089	7.87419243900616e-14	TXNRD1	c9
2.40041404726903e-18	0.413012616034606	0.356	0.222	8.08795509086828e-14	PNP	c9
2.40690463989021e-18	0.826465390017081	0.122	0.056	8.10982449364609e-14	SUFU	c9
2.60031083530439e-18	0.502734322398808	0.288	0.173	8.76148732847459e-14	UBAP1	c9
2.70998190934395e-18	0.492838813059613	0.394	0.252	9.13101304534351e-14	ARL6IP6	c9
2.79678377837486e-18	0.807174730521554	0.136	0.065	9.42348326285625e-14	SYNE3	c9
2.81797601530404e-18	0.745299766404005	0.122	0.056	9.49488838596542e-14	UBE2M	c9
2.88945895306038e-18	0.664591076965521	0.187	0.1	9.73574299644165e-14	EGLN1	c9
2.93339985119859e-18	0.792233472782509	0.149	0.074	9.88379745862853e-14	NDUFA7	c9
2.98048874279094e-18	0.393537516601661	0.431	0.279	1.00424587699598e-13	EMC7	c9
2.99331778453112e-18	0.704858436268015	0.165	0.084	1.00856849431992e-13	ALAS1	c9
3.12547372982363e-18	0.864225671906388	0.125	0.058	1.05309711852677e-13	MARCH2	c9
3.1426306908121e-18	0.421967973642346	0.389	0.247	1.05887798496223e-13	RASSF1	c9
3.31016228665882e-18	0.44260453087577	0.404	0.26	1.11532608086682e-13	ZBTB8OS	c9
3.35102631994376e-18	0.46449836048666	0.332	0.204	1.12909480824185e-13	UBA1	c9
3.42824677852879e-18	0.834667363645746	0.159	0.081	1.15511346955749e-13	TIGAR	c9
3.46337954241091e-18	0.488254296613011	0.287	0.171	1.16695110301993e-13	FAM127A	c9
3.67742777309637e-18	0.294841187962687	0.218	0.121	1.23907251386709e-13	GALNT2	c9
3.69669959508917e-18	0.412121182713241	0.335	0.206	1.24556596156935e-13	HCFC1R1	c9
3.74349987238307e-18	0.580465449232975	0.233	0.132	1.26133484700075e-13	PPP2R4	c9
3.79036798350624e-18	0.385521587982794	0.509	0.347	1.27712658836259e-13	ORMDL1	c9
3.86102457790431e-18	0.508423852990651	0.297	0.178	1.30093362127908e-13	PSMD14	c9
4.08070114396118e-18	4.01854083500793	0.01	0.001	1.37495144344628e-13	SYCE3	c9
4.12238429548824e-18	0.421415276744791	0.353	0.218	1.38899616452181e-13	NFATC2IP	c9
4.3056840514809e-18	0.402819839372696	0.451	0.298	1.45075718430597e-13	DNAJB14	c9
4.37316333276683e-18	0.264465943849138	0.863	0.734	1.47349365334245e-13	UQCR10	c9
4.46025523088802e-18	0.406850870686703	0.264	0.152	1.50283839749541e-13	RANBP3	c9
4.61241690807279e-18	0.516494289693845	0.245	0.139	1.55410775300605e-13	VAMP4	c9
4.76702928990835e-18	1.1425723386183	0.088	0.036	1.60620284894172e-13	ZNF438	c9
4.91206055711625e-18	0.323825024108698	0.771	0.61	1.65506968411475e-13	ATP6V0C	c9
4.92708033074744e-18	0.70796733879568	0.143	0.07	1.66013044664204e-13	ATF7	c9
5.04799117739117e-18	0.467638060660438	0.306	0.185	1.70087014731018e-13	TIA1	c9
5.11740761594321e-18	1.57679823979671	0.108	0.049	1.7242593221159e-13	TRBV18	c9
5.3633377409616e-18	0.407369505348285	0.564	0.4	1.8071230184396e-13	HNRNPUL1	c9
5.3822239356821e-18	0.455399485321822	0.367	0.232	1.81348653288873e-13	NUMA1	c9
5.43684795294537e-18	0.529595022535385	0.233	0.131	1.83189154926541e-13	TYK2	c9
5.47997281700242e-18	0.463209157144191	0.345	0.216	1.8464220409608e-13	NBR1	c9
5.5266907949208e-18	0.398549298770895	0.432	0.279	1.86216319644062e-13	LSM10	c9
5.56449612637457e-18	0.368103635410675	0.433	0.28	1.87490132482065e-13	C1D	c9
5.66000432954206e-18	0.475880162392014	0.266	0.155	1.9070818587959e-13	ATP11B	c9
5.84179616016446e-18	0.385925871091806	0.449	0.292	1.96833479820581e-13	ELAVL1	c9
5.98155910627513e-18	0.381366245759828	0.583	0.413	2.01542652526834e-13	CAPN2	c9
6.02433614040693e-18	0.671032708772991	0.2	0.109	2.02983981914871e-13	ISY1	c9
6.06149664344024e-18	0.519091137203674	0.169	0.086	2.04236067904075e-13	DLG1	c9
6.1888530689062e-18	0.525603926167078	0.241	0.137	2.08527215303726e-13	DBF4	c9
6.62482372699938e-18	0.476635209421417	0.349	0.22	2.23216810657517e-13	UBL7	c9
6.67929543011733e-18	0.302863736970577	0.799	0.642	2.25052180222373e-13	SEC61B	c9
7.10420051714681e-18	0.637587710341309	0.166	0.085	2.39368932224745e-13	HDAC8	c9
7.2537140729361e-18	0.414797211530068	0.396	0.254	2.44406641973509e-13	AATF	c9
7.28729385710337e-18	0.42935203208362	0.323	0.196	2.45538079221241e-13	MTHFS	c9
7.39102142717163e-18	0.624108174908769	0.253	0.15	2.49033075967121e-13	BRE	c9
7.47622355981239e-18	0.321780239982907	0.782	0.628	2.51903876624319e-13	KHDRBS1	c9
7.58180888316182e-18	0.783243595730579	0.132	0.062	2.55461468509254e-13	ENG	c9
7.64196923166712e-18	0.41062841988944	0.445	0.296	2.57488511291792e-13	ATF7IP	c9
7.65970286284461e-18	0.748174463014212	0.157	0.08	2.58086028260686e-13	RRBP1	c9
7.87218549483107e-18	0.820878705694528	0.138	0.068	2.65245418062838e-13	EPHB6	c9
7.87682084348716e-18	0.589259515004284	0.188	0.1	2.65401601500456e-13	CHKB	c9
7.92640070941423e-18	0.523954902096954	0.237	0.135	2.67072145503003e-13	CCAR2	c9
8.50000088884611e-18	0.376310779999092	0.67	0.503	2.86399029948781e-13	SRSF3	c9
8.60757431411977e-18	0.366785316759504	0.641	0.47	2.90023608939952e-13	TAX1BP1	c9
8.65074313281582e-18	0.331266198665319	0.507	0.341	2.91478139117096e-13	RHBDD2	c9
8.71890960774632e-18	0.532677961116819	0.188	0.1	2.93774940323405e-13	PCNXL2	c9
8.78881732297092e-18	0.521707010931935	0.366	0.234	2.96130410880182e-13	HNRNPAB	c9
8.95248760554054e-18	0.403299320440377	0.464	0.309	3.01645117381083e-13	ATXN10	c9
9.06777649575819e-18	0.515459232331777	0.252	0.146	3.05529661248076e-13	ANKRD13D	c9
9.08912497760065e-18	0.918621538782256	0.088	0.036	3.06248976995276e-13	KCTD9	c9
9.11033912158374e-18	1.97647894285338	0.039	0.01	3.06963766362643e-13	REEP2	c9
9.25026722288552e-18	1.99906620923824	0.031	0.007	3.11678503807905e-13	GNB4	c9
9.37227283415694e-18	0.612341597419485	0.221	0.124	3.15789360874084e-13	TRIM26	c9
1.0183395804475e-17	0.425396451729638	0.381	0.244	3.43119338235979e-13	BLOC1S2	c9
1.03941316934859e-17	0.388148601510161	0.322	0.196	3.50219873280314e-13	C15orf57	c9
1.04196791206035e-17	0.561726612421863	0.223	0.126	3.51080668289616e-13	VEZT	c9
1.04469824166743e-17	0.602783149361314	0.222	0.126	3.52000625547424e-13	NAPRT	c9
1.06734834493043e-17	0.952050863294008	0.101	0.044	3.59632351340859e-13	PON2	c9
1.08884739075372e-17	0.485631144320547	0.347	0.22	3.66876239840557e-13	HERC1	c9
1.12129214975412e-17	0.554468505149892	0.349	0.223	3.77808176938152e-13	CREB1	c9
1.12249654466672e-17	0.477616754367757	0.402	0.265	3.78213985760004e-13	TMED5	c9
1.13836143398211e-17	0.531225144269465	0.237	0.135	3.83559501565932e-13	MGRN1	c9
1.17441685396179e-17	0.76762075307542	0.141	0.069	3.95708014773884e-13	ATP2A2	c9
1.17556721235999e-17	0.442669125336974	0.429	0.284	3.96095616532574e-13	PLEKHJ1	c9
1.18935213589354e-17	0.472555744375822	0.273	0.162	4.00740308667968e-13	USB1	c9
1.21428741706843e-17	0.410118957961588	0.427	0.278	4.09142002307036e-13	LAMTOR2	c9
1.21921676931098e-17	1.12591721088532	0.073	0.028	4.1080289825164e-13	GSDMB	c9
1.25750272376268e-17	0.75453982667883	0.166	0.086	4.23702967744599e-13	TNFAIP8L2	c9
1.29814319453502e-17	0.297155447527145	0.801	0.652	4.37396367966629e-13	CSTB	c9
1.32279954725797e-17	0.889792601269512	0.117	0.054	4.45704079453101e-13	KLHL42	c9
1.34491662442083e-17	0.434488191801252	0.255	0.147	4.53156207432353e-13	RAB22A	c9
1.35856934754692e-17	0.415150223155806	0.305	0.184	4.57756355962458e-13	EPN1	c9
1.41693613346892e-17	0.373646885741327	0.602	0.433	4.77422460811016e-13	SCP2	c9
1.43948123969543e-17	0.861837006466661	0.123	0.058	4.8501880890298e-13	NOTCH1	c9
1.45959247523603e-17	0.423864913635443	0.351	0.219	4.91795088606029e-13	MRPL16	c9
1.46510316243082e-17	0.531276112201611	0.239	0.137	4.93651859549439e-13	NPTN	c9
1.46763947493002e-17	1.00826739211006	0.083	0.033	4.94506444682919e-13	MSC-AS1	c9
1.46925938522362e-17	0.388026271043668	0.255	0.148	4.95052257257248e-13	TMEM87B	c9
1.47735779038783e-17	0.65865200462735	0.217	0.122	4.97780933893274e-13	DNAJB12	c9
1.49358745807588e-17	0.634098912708213	0.201	0.11	5.03249358124088e-13	CSGALNACT2	c9
1.51237615927851e-17	0.549004474944603	0.219	0.123	5.09580023107301e-13	N4BP1	c9
1.55402825301577e-17	0.490985696052898	0.305	0.187	5.23614279571134e-13	SAR1B	c9
1.5652113484988e-17	0.406331548916049	0.593	0.425	5.27382311763187e-13	ADGRE5	c9
1.57605670022121e-17	1.11797542756395	0.066	0.024	5.31036544572535e-13	ZNF282	c9
1.59826512152695e-17	0.415504781255183	0.539	0.375	5.3851945004729e-13	TMEM248	c9
1.64093583734231e-17	0.45172544998019	0.366	0.235	5.52896921034119e-13	IST1	c9
1.67764159564262e-17	2.47828814483763	0.064	0.023	5.65264559235825e-13	TRAV39	c9
1.70931272142563e-17	0.356688251435424	0.572	0.399	5.75935828357153e-13	VPS29	c9
1.729949935453e-17	0.369487083656477	0.568	0.402	5.82889331251532e-13	SDHC	c9
1.73482753650412e-17	0.63293309681167	0.155	0.079	5.84532790149699e-13	POC5	c9
1.74941011102057e-17	0.353161767928491	0.539	0.371	5.89446242807271e-13	GRSF1	c9
1.78830259076235e-17	1.10948709590453	0.089	0.037	6.02550674931467e-13	TRIM16	c9
1.83644961002204e-17	1.06901519586921	0.083	0.033	6.18773331600825e-13	IDUA	c9
1.83771454446067e-17	0.394302515459943	0.56	0.39	6.19199538610577e-13	EIF2S2	c9
1.84731790672453e-17	0.357875939215073	0.55	0.375	6.22435295491762e-13	MEA1	c9
1.86364076880572e-17	1.0203630084101	0.058	0.02	6.27935120641399e-13	UBXN10-AS1	c9
1.90675661361372e-17	0.567269397103136	0.189	0.101	6.42462573391005e-13	CCDC159	c9
1.93481162789381e-17	0.515504023090451	0.292	0.177	6.51915429902542e-13	TBL1XR1	c9
1.93673690453742e-17	0.363082540355129	0.462	0.307	6.52564132614837e-13	SMG1	c9
1.95683823577992e-17	0.468984554214891	0.299	0.183	6.59337075163685e-13	ZMYM5	c9
1.98854796501246e-17	0.32947225911523	0.559	0.388	6.70021351331297e-13	STOM	c9
2.00575368934564e-17	0.3703601851903	0.379	0.24	6.7581864808812e-13	MLX	c9
2.00798135122286e-17	0.512119103611586	0.208	0.115	6.7656923648103e-13	SLC39A7	c9
2.04039171107855e-17	0.37676294138138	0.588	0.422	6.87489583130807e-13	HNRNPR	c9
2.0453959197937e-17	0.852040065345077	0.118	0.055	6.8917570121529e-13	RP11-539L10.2	c9
2.04778963456877e-17	0.387251101390438	0.353	0.222	6.89982239471602e-13	CHD4	c9
2.0616340493419e-17	0.546960081307658	0.238	0.137	6.9464697658526e-13	MTA2	c9
2.08085166214269e-17	0.479043798060105	0.412	0.272	7.01122159042357e-13	C18orf32	c9
2.10827833863228e-17	2.47107838243268	0.024	0.005	7.10363303418761e-13	DOCK5	c9
2.11660536592416e-17	0.503889597045512	0.359	0.23	7.13169011994486e-13	NFATC3	c9
2.11681515662607e-17	0.359521875803908	0.459	0.307	7.13239698873588e-13	ANKRD11	c9
2.16967657921028e-17	0.371278501718	0.538	0.375	7.31050826599111e-13	GOLGA7	c9
2.17608815708519e-17	0.418429154381882	0.453	0.298	7.33211143648284e-13	UBA2	c9
2.21856574166005e-17	0.555710755576443	0.2	0.11	7.47523540994937e-13	CKAP2	c9
2.22832125532528e-17	1.56838553620115	0.057	0.019	7.50810563769301e-13	RP1-244F24.1	c9
2.2482413498851e-17	0.339974469386942	0.645	0.474	7.57522440430287e-13	PRPF38B	c9
2.3134147278051e-17	0.770177027173124	0.158	0.082	7.79481958386651e-13	FBXO6	c9
2.34131405271038e-17	0.553560768766792	0.202	0.112	7.88882356920235e-13	APOBEC3D	c9
2.44185226279093e-17	0.523497435606941	0.308	0.192	8.22757701424775e-13	PDCL3	c9
2.60306305334227e-17	0.48006194098296	0.19	0.102	8.77076065193146e-13	DDX59	c9
2.64433752366795e-17	0.496745749145843	0.236	0.135	8.9098308522468e-13	EMC2	c9
2.67952993711418e-17	0.436824935167408	0.395	0.256	9.02840817011251e-13	RRP7A	c9
2.69816723961167e-17	0.793731546142932	0.136	0.067	9.09120469714757e-13	SMUG1	c9
2.77698135550452e-17	0.448683089972354	0.294	0.176	9.35676097923692e-13	VRK3	c9
2.81613455703725e-17	0.497742875354435	0.312	0.194	9.48868377648129e-13	PIGT	c9
2.86711119995376e-17	1.6681243587429	0.042	0.012	9.66044447712421e-13	TTYH3	c9
2.93197653462789e-17	0.464003042403947	0.25	0.145	9.8790017357752e-13	MCM3	c9
3.00452292224124e-17	0.527316204801586	0.258	0.151	1.01234395341996e-12	PRPSAP2	c9
3.07793386495365e-17	0.399801358067702	0.471	0.318	1.03707903645748e-12	FDFT1	c9
3.13401370275989e-17	0.71666643705472	0.128	0.061	1.05597457700792e-12	DEAF1	c9
3.15578255642726e-17	0.318812527222482	0.707	0.531	1.0633093745626e-12	RNASET2	c9
3.17076304266494e-17	2.39954855910021	0.022	0.004	1.06835689959552e-12	JAG1	c9
3.24612654643057e-17	0.420740337578038	0.301	0.183	1.09374987855432e-12	SREK1	c9
3.26818723211188e-17	0.380818183968401	0.596	0.439	1.10118300598778e-12	DNAJC8	c9
3.33464086690288e-17	0.448655854390801	0.246	0.142	1.12357389369426e-12	BCL2L1	c9
3.34164998565656e-17	0.53339107531902	0.164	0.084	1.12593554616712e-12	CPTP	c9
3.45068911379673e-17	0.398361770531702	0.387	0.245	1.16267519000267e-12	NSD1	c9
3.47696574694239e-17	0.428154745892214	0.341	0.214	1.17152883877477e-12	RRAGA	c9
3.48871626477933e-17	3.17415546748869	0.013	0.002	1.17548805825475e-12	MEX3B	c9
3.49893496364852e-17	0.784618869641629	0.134	0.065	1.17893114665173e-12	SLC22A18	c9
3.67551616771245e-17	0.788951968320943	0.114	0.052	1.23842841754903e-12	DDX19B	c9
3.68545620560759e-17	0.418926893922407	0.388	0.248	1.24177761391742e-12	COQ10B	c9
3.69541761608097e-17	0.465098444475821	0.349	0.221	1.24513401156232e-12	CAPRIN1	c9
3.76145363768042e-17	0.384125086479112	0.544	0.376	1.26738418868004e-12	HM13	c9
3.76272839383746e-17	0.666771722429802	0.147	0.074	1.26781370501959e-12	BARD1	c9
3.77361308495734e-17	0.351614212759329	0.467	0.316	1.27148119284553e-12	SPN	c9
3.7897530726783e-17	0.482181416806159	0.244	0.141	1.27691940030823e-12	SLAIN2	c9
3.92572219185147e-17	0.451195830347431	0.243	0.14	1.32273283532243e-12	ARSA	c9
3.95762817333692e-17	0.395570561990213	0.585	0.427	1.33348323672414e-12	RASAL3	c9
3.98925547555931e-17	1.06959284987537	0.054	0.018	1.34413973993495e-12	TOP2A	c9
4.03622941298671e-17	1.45804299300171	0.043	0.013	1.35996713841174e-12	BFSP2	c9
4.04012231656734e-17	0.624195843642842	0.179	0.096	1.3612788133442e-12	PIGB	c9
4.04314672480653e-17	0.378701221658503	0.521	0.357	1.36229785745631e-12	COPS6	c9
4.11557859082875e-17	0.662917904601982	0.135	0.065	1.38670305039384e-12	PPFIA1	c9
4.12427605229266e-17	0.241892519853616	0.911	0.823	1.38963357305949e-12	COX6C	c9
4.17160525246736e-17	0.690894798437174	0.183	0.099	1.40558067376635e-12	MOV10	c9
4.17340295087678e-17	0.586782909659032	0.181	0.097	1.40618639026842e-12	APEX2	c9
4.31827729769056e-17	0.460492474599367	0.256	0.15	1.45500035268386e-12	MRPL37	c9
4.31914464910371e-17	1.59089821522406	0.127	0.063	1.455292598069e-12	TRAV8-4	c9
4.46618532078822e-17	0.438490504852027	0.319	0.197	1.50483648198638e-12	MRPL13	c9
4.46651221189265e-17	1.49707081225469	0.049	0.015	1.50494662467511e-12	KCTD11	c9
4.511690644708e-17	0.355221408383478	0.591	0.424	1.52016904582791e-12	HMOX2	c9
4.7134119175055e-17	0.549391140565995	0.218	0.124	1.5881370114843e-12	ATG101	c9
4.72703784429409e-17	3.31774140806758	0.011	0.001	1.59272813125645e-12	SAMD11	c9
4.74111800822525e-17	0.418536554531057	0.403	0.262	1.59747230169142e-12	ZMYM2	c9
4.7423128430008e-17	0.367412312656337	0.437	0.286	1.59787488932069e-12	ARIH2	c9
4.79262307472095e-17	0.508360175241643	0.246	0.143	1.61482641879648e-12	GAK	c9
4.80073984749198e-17	0.512166136141103	0.218	0.123	1.61756128421395e-12	ODF2	c9
4.82535195391209e-17	0.451646832546057	0.33	0.205	1.62585408735114e-12	ZRSR2	c9
4.83217566115109e-17	0.477792686131227	0.294	0.179	1.62815326726825e-12	YIF1B	c9
4.94816344828635e-17	0.587996282136667	0.215	0.122	1.6672341922656e-12	R3HDM1	c9
4.98519273698377e-17	0.543995428838035	0.195	0.107	1.67971084079931e-12	SLC25A20	c9
5.06929541419168e-17	0.375227501992767	0.513	0.352	1.70804839685774e-12	MFF	c9
5.13322283302277e-17	0.531803709334937	0.28	0.168	1.72958810135869e-12	U2AF1L4	c9
5.29188411651606e-17	1.37358843062283	0.069	0.026	1.78304743421892e-12	PLAGL1	c9
5.3368992027989e-17	0.580148768550238	0.177	0.095	1.79821481739106e-12	ANAPC7	c9
5.35763849665521e-17	1.01157881326928	0.098	0.043	1.80520271506301e-12	ARHGAP11B	c9
5.38704141264547e-17	0.634145723669122	0.13	0.062	1.81510973357676e-12	NIPSNAP3A	c9
5.44081835602361e-17	0.504432124126077	0.235	0.135	1.83322933687859e-12	MGAT2	c9
5.48206133153745e-17	1.10813724784943	0.073	0.028	1.84712574504823e-12	TMEM91	c9
5.63123134122666e-17	0.456221118616228	0.336	0.212	1.89738708811291e-12	UQCC2	c9
5.6722338151511e-17	0.393963142366497	0.402	0.26	1.91120246167701e-12	APOA1BP	c9
5.76632170563654e-17	0.69037552688741	0.18	0.097	1.94290443549718e-12	P4HA1	c9
5.85241346355428e-17	0.438233426815644	0.3	0.184	1.97191219240998e-12	SMC5	c9
5.92632262428378e-17	0.508693019732159	0.241	0.141	1.99681514502618e-12	JAKMIP1	c9
6.00157381538618e-17	0.574553179283663	0.163	0.085	2.02217028135622e-12	MARCH3	c9
6.04921631625988e-17	0.767025301653183	0.189	0.105	2.0382229456006e-12	PNPT1	c9
6.05527316139114e-17	0.628858233212799	0.156	0.08	2.04026373899913e-12	TM9SF1	c9
6.09032867078527e-17	0.289660807470305	0.839	0.722	2.05207534233439e-12	TMEM258	c9
6.10138804916452e-17	0.409210105140186	0.281	0.166	2.05580168928549e-12	DCPS	c9
6.15647995262517e-17	1.05926173282236	0.082	0.033	2.07436435523752e-12	NAB2	c9
6.22935083841675e-17	0.406761198130874	0.445	0.299	2.09891747149614e-12	RNF10	c9
6.2987012078281e-17	0.44835196905791	0.444	0.303	2.1222843849656e-12	KMT2A	c9
6.47924736329211e-17	0.531742683927506	0.223	0.127	2.18311760658764e-12	NUP62	c9
6.5497122173279e-17	0.68677019577738	0.144	0.072	2.20686003450646e-12	FAM50B	c9
6.58171718169322e-17	0.628845383819346	0.177	0.095	2.21764378719971e-12	TFIP11	c9
6.62080099035737e-17	0.381792182942743	0.357	0.225	2.23081268569101e-12	PLK3	c9
6.85638888167554e-17	0.635358005518454	0.147	0.073	2.31019166979176e-12	TNK2	c9
6.89870588398281e-17	0.306461561728668	0.723	0.556	2.32444996054917e-12	SAP18	c9
7.21398644700067e-17	0.88600880286278	0.115	0.054	2.4306805934524e-12	CPSF4	c9
7.33674954115681e-17	0.274962329280006	0.944	0.913	2.47204439039737e-12	MIF	c9
7.40866050168232e-17	0.410035071480757	0.56	0.394	2.49627406943684e-12	C7orf73	c9
7.43110725641187e-17	3.37436274224329	0.012	0.001	2.50383727897542e-12	DIRAS2	c9
7.64717342554286e-17	0.442237451159801	0.228	0.129	2.57663861400241e-12	RP11-345J4.5	c9
7.64916717398005e-17	0.492650834602774	0.277	0.166	2.57731038760084e-12	USP39	c9
7.76772691197518e-17	0.700870432671322	0.159	0.083	2.61725790572092e-12	GPATCH2	c9
8.07886957455199e-17	0.640079587868016	0.134	0.065	2.72209431444955e-12	AFAP1	c9
8.08341881747295e-17	0.417850588416114	0.423	0.284	2.72362713635934e-12	LDLRAD4	c9
8.16907744046482e-17	1.26332976129567	0.064	0.023	2.75248895279022e-12	SLC31A2	c9
8.31373547990299e-17	0.355501256516013	0.54	0.373	2.80123003259851e-12	MRPL52	c9
8.56283030992893e-17	2.12023745378025	0.029	0.007	2.88516004462745e-12	ABHD17C	c9
8.63641919694512e-17	1.96789671061023	0.028	0.006	2.90995508421869e-12	SDSL	c9
8.67347818734546e-17	0.358615133397535	0.475	0.318	2.92244174044418e-12	RNF166	c9
9.01223945586255e-17	0.421188077727912	0.27	0.16	3.03658396225833e-12	FAM134A	c9
9.03074935659976e-17	0.344008594141492	0.669	0.504	3.04282068821272e-12	ATP6V1F	c9
9.10579343643947e-17	0.55526095525568	0.209	0.117	3.06810604047392e-12	GLMP	c9
9.19797565855493e-17	0.277292759411953	0.893	0.778	3.0991659183935e-12	ATP6V0E1	c9
9.70614935152761e-17	0.475952947281481	0.26	0.155	3.27038996250371e-12	LINC00847	c9
9.97546489174748e-17	0.798184139804742	0.119	0.056	3.3611331406254e-12	SLC25A44	c9
1.0059126082672e-16	1.04039876863738	0.088	0.037	3.38932194229552e-12	PGLYRP2	c9
1.03635195693409e-16	0.286733957976247	0.768	0.611	3.49188428369373e-12	PSMB1	c9
1.04565351183614e-16	0.338999103470207	0.404	0.259	3.5232249427807e-12	MED4	c9
1.05555599077314e-16	0.596751907881096	0.188	0.104	3.55659035531103e-12	TTC7A	c9
1.06268652339994e-16	0.86572306814025	0.107	0.049	3.58061597194376e-12	SNX18	c9
1.06437888208768e-16	0.400368240173287	0.497	0.345	3.58631820530623e-12	PHF11	c9
1.12937454390307e-16	0.267356178468009	0.514	0.359	3.80531458822701e-12	PTGER4	c9
1.15078440309808e-16	0.406110918381798	0.543	0.387	3.87745296779866e-12	CCDC107	c9
1.16168712784817e-16	0.553343068526921	0.187	0.102	3.91418860857162e-12	SPTLC2	c9
1.1700435591753e-16	0.332656108178023	0.725	0.549	3.94234476828526e-12	FAM96B	c9
1.17744875984637e-16	0.504386937859411	0.22	0.126	3.96729585142637e-12	PTTG1IP	c9
1.17905743043284e-16	0.401396287161417	0.347	0.218	3.97271610610043e-12	ILKAP	c9
1.24496591411108e-16	0.907074553496623	0.107	0.049	4.19478815100589e-12	MANEA	c9
1.29921781163298e-16	0.477990453390592	0.283	0.172	4.37758449451616e-12	HGS	c9
1.34230945953674e-16	0.490174458513565	0.229	0.132	4.5227774929631e-12	GRIPAP1	c9
1.36418595949333e-16	0.422061373148708	0.297	0.181	4.59648817191682e-12	CDC5L	c9
1.37747761483571e-16	0.340692129642924	0.661	0.492	4.64127307542746e-12	OPTN	c9
1.39104426171764e-16	0.132606298615702	0.233	0.134	4.6869845354314e-12	TNF	c9
1.42513325416828e-16	0.504790595776067	0.24	0.14	4.8018439865946e-12	NAGK	c9
1.46216016585661e-16	2.8280134174237	0.022	0.004	4.92660246283726e-12	TP73	c9
1.54749761222453e-16	0.607242328303728	0.163	0.085	5.21413845462934e-12	PGM2	c9
1.56399795716901e-16	0.327632027949304	0.688	0.534	5.26973471688525e-12	AKAP13	c9
1.58662766778983e-16	0.798880403697979	0.117	0.055	5.34598326385107e-12	PPP4R1	c9
1.60255624842751e-16	1.00688700001291	0.062	0.022	5.39965302345165e-12	RP11-65I12.1	c9
1.61966411080239e-16	0.377209396310864	0.46	0.307	5.45729625493757e-12	GTF2B	c9
1.63515453388141e-16	0.376182698617285	0.304	0.187	5.50948968646003e-12	TAF10	c9
1.63907631550365e-16	0.948877441093968	0.105	0.047	5.52270373745798e-12	GORASP1	c9
1.66559970065331e-16	0.329461310172251	0.622	0.449	5.61207163138125e-12	CLPP	c9
1.68652627803732e-16	0.352046391325861	0.699	0.525	5.68258164121896e-12	HSPB1	c9
1.77477402602599e-16	0.605105062287998	0.187	0.103	5.97992360329197e-12	TRIM8	c9
1.81143476489538e-16	0.36044848193793	0.468	0.317	6.10344829683849e-12	NENF	c9
1.8282979941794e-16	0.465561844875424	0.255	0.152	6.16026726158807e-12	PCBD1	c9
1.88148474769882e-16	0.350674285723803	0.539	0.373	6.33947470889639e-12	ZNF207	c9
1.8954309673316e-16	0.477597490325707	0.355	0.226	6.3864651013271e-12	TIMM17A	c9
1.926474266426e-16	0.445782704233742	0.294	0.18	6.49106239329577e-12	PLEKHB2	c9
1.92871839939422e-16	1.51569162080793	0.053	0.018	6.49862377491889e-12	CYFIP1	c9
1.9414358693894e-16	2.51058850483618	0.016	0.002	6.54147401832064e-12	PLS3	c9
1.98568318304767e-16	0.453120681190769	0.25	0.146	6.69056091696083e-12	GNA13	c9
2.01606577609873e-16	0.387635876733662	0.377	0.241	6.79293202598707e-12	MARCH7	c9
2.02050615729699e-16	1.16930770503931	0.064	0.024	6.80789344639647e-12	XXYLT1-AS2	c9
2.02297699787105e-16	0.434950972114479	0.279	0.169	6.81621869662671e-12	TP53I13	c9
2.02904907819371e-16	0.379956278384682	0.508	0.354	6.83667796406588e-12	PFDN2	c9
2.03513769515827e-16	0.620247439340363	0.181	0.098	6.85719295006627e-12	CTD-2020K17.1	c9
2.0721890185919e-16	0.549567924859458	0.282	0.173	6.98203367924355e-12	ARL8B	c9
2.08932644020989e-16	0.387135699074922	0.413	0.272	7.03977650764321e-12	DNAJC7	c9
2.11510473098132e-16	0.436580205134413	0.216	0.121	7.12663388056846e-12	RNF220	c9
2.12242632181293e-16	0.493865373240272	0.26	0.156	7.15130324871648e-12	VMA21	c9
2.13607306207362e-16	0.733724125840155	0.16	0.085	7.19728457535085e-12	DOHH	c9
2.19635908575137e-16	0.505002601654772	0.241	0.142	7.40041230353066e-12	SPAG9	c9
2.20146943006416e-16	1.27698546476167	0.063	0.023	7.4176310976582e-12	SLC1A4	c9
2.201883389253e-16	0.430031045146646	0.245	0.144	7.41902589174907e-12	TIAM1	c9
2.23184624929761e-16	0.512084983439395	0.325	0.206	7.51998275238336e-12	RAB8B	c9
2.24996291315315e-16	0.301988623953668	0.347	0.221	7.58102503957823e-12	PMAIP1	c9
2.28747296693768e-16	0.496690947530921	0.312	0.195	7.70741141479981e-12	RAB3GAP1	c9
2.31672334134574e-16	0.600108137757647	0.197	0.109	7.80596762633035e-12	MTMR6	c9
2.3275929114912e-16	0.525024316771097	0.222	0.127	7.84259155597844e-12	C1orf122	c9
2.36864136543578e-16	0.349276521267057	0.549	0.384	7.98090021669932e-12	SNRPD1	c9
2.4089733764668e-16	0.356241849317446	0.449	0.298	8.11679489466723e-12	LUC7L2	c9
2.55154091572293e-16	0.367728977627112	0.289	0.175	8.59716196143685e-12	MRPS31	c9
2.55478391876587e-16	0.283984004072002	0.835	0.705	8.60808893588974e-12	NDUFA1	c9
2.56661757650346e-16	0.587436540714263	0.202	0.114	8.64796126227075e-12	TSPAN31	c9
2.66480566414299e-16	0.297666328192561	0.694	0.524	8.97879620476339e-12	CFLAR	c9
2.69608384052292e-16	0.419494036470504	0.378	0.249	9.08418489225793e-12	EVI2B	c9
2.76355584045196e-16	0.931890234197723	0.121	0.059	9.31152504881884e-12	DHDDS	c9
2.79726087430859e-16	0.340769868792018	0.641	0.464	9.42509078989536e-12	C16orf13	c9
2.88977874789872e-16	0.522037879079577	0.174	0.093	9.73682051316994e-12	CLPX	c9
2.92856410165186e-16	0.352724712842926	0.518	0.36	9.86750388410579e-12	ATP5G1	c9
2.9526653636008e-16	0.562618935287397	0.224	0.131	9.94871067611653e-12	EXOC1	c9
2.97874304682623e-16	0.606866019873921	0.166	0.088	1.00365768219763e-11	SCLT1	c9
2.99406195784355e-16	0.476681515757852	0.255	0.152	1.00881923607581e-11	NHLRC3	c9
3.05368654828708e-16	0.848319085431351	0.077	0.031	1.02890914557985e-11	HECTD2	c9
3.09795509139292e-16	0.311872867644804	0.589	0.416	1.04382498849393e-11	ERGIC3	c9
3.13294089812938e-16	0.604512993044456	0.177	0.096	1.05561310621571e-11	GFPT1	c9
3.14009720876549e-16	0.355867868419925	0.347	0.218	1.05802435352144e-11	MZT1	c9
3.26888968418685e-16	0.641574792832724	0.208	0.119	1.10141969018992e-11	ETF1	c9
3.29844713911669e-16	0.388081977736861	0.601	0.445	1.11137877905398e-11	ARID5A	c9
3.30775059279007e-16	0.35179782652273	0.62	0.46	1.11451348473469e-11	CD5	c9
3.33499712982452e-16	0.463609076531528	0.31	0.193	1.12369393292307e-11	PSMD1	c9
3.34517813912753e-16	0.625360952759133	0.138	0.07	1.12712432219763e-11	ITPK1	c9
3.3696452636493e-16	0.544054079486191	0.173	0.093	1.13536827513399e-11	FTSJ3	c9
3.38543919053337e-16	0.569861070004604	0.166	0.088	1.14068988085831e-11	CCDC43	c9
3.41255887846525e-16	1.60788060583057	0.048	0.015	1.14982758851008e-11	BCAT1	c9
3.45101343957643e-16	0.61223571611546	0.157	0.082	1.16278446833088e-11	CSTF2	c9
3.49222756883043e-16	0.495749632907077	0.213	0.121	1.17667115704173e-11	DCTPP1	c9
3.56532940281442e-16	0.421077680722513	0.25	0.147	1.20130208898429e-11	SNRNP35	c9
3.57005178391769e-16	0.368793510670288	0.613	0.453	1.20289324807323e-11	PPP2R1A	c9
3.59447504467876e-16	2.53307704634653	0.018	0.003	1.21112242155406e-11	TMEM178B	c9
3.6098513237882e-16	0.433505292861975	0.291	0.177	1.2163033050372e-11	IWS1	c9
3.62422045278603e-16	1.01906213091238	0.068	0.026	1.22114483936172e-11	TFEB	c9
3.63850923245825e-16	0.783654588631817	0.113	0.053	1.22595930078448e-11	VAMP1	c9
3.72952665239297e-16	0.500039748168843	0.2	0.112	1.25662671025729e-11	LRRC8D	c9
3.74064078004599e-16	0.45236818348641	0.251	0.148	1.2603715044287e-11	SCYL1	c9
3.77417329758034e-16	0.388991513312683	0.35	0.224	1.27166995088672e-11	ATG5	c9
3.77720894664421e-16	0.366357696298446	0.472	0.321	1.2726927824823e-11	ATF6B	c9
3.77925029761339e-16	1.8534954701331	0.033	0.008	1.27338059527785e-11	NFIL3	c9
3.8069740241065e-16	0.366395777107545	0.494	0.335	1.28272182768244e-11	H2AFY	c9
3.82856041702715e-16	0.327450377791959	0.651	0.493	1.28999514691313e-11	FNBP1	c9
3.85124536282903e-16	0.44347194157672	0.296	0.183	1.29763861255161e-11	UNC119	c9
4.0979415025076e-16	0.471668540533424	0.45	0.308	1.38076040985491e-11	XIST	c9
4.13090739588648e-16	0.571074691666658	0.211	0.121	1.39186793796999e-11	COG4	c9
4.17036248423902e-16	0.392878737484405	0.368	0.238	1.4051619354395e-11	NARF	c9
4.2447625975636e-16	0.936815649986527	0.091	0.04	1.43023030962308e-11	CEP41	c9
4.29051605527243e-16	0.880368225771005	0.088	0.037	1.44564647966349e-11	BMPR2	c9
4.39573579875596e-16	0.541734975882743	0.193	0.107	1.48109922003283e-11	SLC25A24	c9
4.40196773315765e-16	0.545521386289691	0.179	0.097	1.48319900801014e-11	CPD	c9
4.5124520796794e-16	0.612722080201372	0.211	0.121	1.52042560372718e-11	NAMPT	c9
4.51432906195629e-16	0.3798846734567	0.391	0.256	1.52105803413555e-11	MAP7D1	c9
4.60394057817021e-16	0.568920772247481	0.205	0.117	1.55125173840867e-11	DCTN5	c9
4.82880663711017e-16	0.362039311832655	0.481	0.328	1.6270181083079e-11	MFSD10	c9
4.85226832996169e-16	0.417985533771101	0.314	0.195	1.63492329109729e-11	TM9SF2	c9
4.9517465986403e-16	1.13368508993141	0.056	0.02	1.66844149894586e-11	RILP	c9
5.07640338340713e-16	0.442254603451638	0.231	0.133	1.7104433560052e-11	SMARCD1	c9
5.13089977565356e-16	1.94826597483909	0.04	0.012	1.72880537040871e-11	CTTNBP2NL	c9
5.20294243316631e-16	0.375872107860718	0.381	0.247	1.75307942343106e-11	MTG1	c9
5.24114997580006e-16	0.310487375847867	0.66	0.497	1.76595307284607e-11	TPR	c9
5.26698719015591e-16	0.421379625419549	0.376	0.245	1.77465866385113e-11	DUSP11	c9
5.28088764510625e-16	0.707830771316497	0.126	0.062	1.7793422831421e-11	BCOR	c9
5.31041071727038e-16	0.413785806704475	0.428	0.288	1.78928978707708e-11	GIMAP6	c9
5.35441132175611e-16	0.53358260850993	0.196	0.109	1.80411535075251e-11	DDX49	c9
5.38583531900732e-16	1.25764673735084	0.059	0.021	1.81470335238633e-11	NUSAP1	c9
5.40512420449959e-16	0.35719960840356	0.282	0.17	1.82120254946409e-11	IKBKE	c9
5.5004508380744e-16	0.330386771252327	0.758	0.613	1.85332190538079e-11	MTDH	c9
5.59054633129837e-16	0.463621031759949	0.222	0.128	1.88367868086767e-11	GOLGA2	c9
5.70076298773797e-16	0.448502024593896	0.257	0.154	1.92081508108843e-11	LSM12	c9
5.73508516185785e-16	0.521237852577231	0.148	0.076	1.93237959443639e-11	EIF4G3	c9
5.74965040817733e-16	0.408284563186624	0.252	0.148	1.93728720853127e-11	UROD	c9
5.86336435208508e-16	0.416517310871668	0.238	0.138	1.97560198479155e-11	CDK9	c9
5.87989302762713e-16	0.507498085945463	0.21	0.121	1.98117115672868e-11	PGM1	c9
5.91739094152469e-16	0.307744019837897	0.508	0.344	1.99380570383733e-11	DNAJC1	c9
6.02077908517487e-16	0.39067018206167	0.344	0.219	2.02864130495882e-11	ZC3H13	c9
6.11185605985534e-16	1.48002259263459	0.04	0.011	2.05932878080766e-11	BMF	c9
6.27214548185129e-16	1.133114994168	0.082	0.034	2.11333669865497e-11	TSC22D1	c9
6.3219295288868e-16	0.45773174216703	0.289	0.178	2.13011093546312e-11	ZDHHC24	c9
6.51130124110471e-16	0.551408540096024	0.157	0.082	2.19391784017782e-11	CTNNBIP1	c9
6.61882619846817e-16	0.411155350323072	0.266	0.16	2.23014729931186e-11	SRP68	c9
6.66487762424554e-16	0.429103112655465	0.262	0.157	2.24566386671329e-11	USF2	c9
6.86856716826178e-16	0.380339100851025	0.304	0.188	2.31429502167412e-11	DTD1	c9
6.91776446680209e-16	0.409583511549014	0.379	0.248	2.3308715594443e-11	ANKRD10	c9
7.00037554327137e-16	0.386208949186337	0.524	0.363	2.35870653554985e-11	CANX	c9
7.00542973981595e-16	1.8057072205442	0.027	0.006	2.36040949653359e-11	RP11-371A19.2	c9
7.07080293430924e-16	0.696424285408503	0.153	0.081	2.38243634068615e-11	ZBTB17	c9
7.08260061219938e-16	0.387483633944566	0.298	0.183	2.38641145027446e-11	B3GNT2	c9
7.08649555122377e-16	0.518689365336899	0.277	0.17	2.38772381102934e-11	DNAJC3	c9
7.11196682339106e-16	0.478900448080682	0.229	0.133	2.39630610147338e-11	WRAP73	c9
7.1975357586203e-16	0.47940882976356	0.244	0.145	2.42513769850953e-11	FADD	c9
7.2173120663566e-16	0.504864536904806	0.176	0.095	2.43180112763819e-11	EPS8L2	c9
7.22337309016812e-16	0.301615745267788	0.531	0.37	2.43384332900125e-11	DDX3X	c9
7.28403635481047e-16	0.331580449844128	0.653	0.495	2.45428320938984e-11	THRAP3	c9
7.32828108107777e-16	0.474310778181715	0.255	0.153	2.46919102745834e-11	ALKBH6	c9
7.39489060041837e-16	0.347912934614776	0.53	0.374	2.49163443890496e-11	GATA3	c9
7.48688421816645e-16	0.315570939426741	0.616	0.448	2.522630768469e-11	CHURC1	c9
7.6105109098311e-16	0.348736111625842	0.359	0.227	2.56428554595849e-11	PLD3	c9
7.65234503419909e-16	0.585725272116987	0.187	0.104	2.57838113582304e-11	U2AF1	c9
7.67112005988549e-16	0.609741379908616	0.168	0.09	2.58470719297782e-11	MTRR	c9
7.80566861792805e-16	0.506364427994662	0.265	0.16	2.63004198412468e-11	ICT1	c9
7.87450419622565e-16	0.431852986941003	0.315	0.197	2.65323544387627e-11	HUWE1	c9
7.94498131843896e-16	0.363000203709846	0.429	0.284	2.67698200543482e-11	EMC6	c9
7.94513035690611e-16	0.552682823300713	0.175	0.095	2.67703222245594e-11	PIGX	c9
8.12226715599838e-16	0.265553138213303	0.84	0.73	2.73671669554209e-11	HNRNPC	c9
8.27127111963939e-16	0.352039713876691	0.643	0.489	2.7869220910513e-11	POLD4	c9
8.33250634096756e-16	0.403087363865747	0.376	0.245	2.80755468652561e-11	COPB1	c9
8.47232274646709e-16	0.35835394186271	0.424	0.28	2.85466442619462e-11	DCTN2	c9
8.5550888673033e-16	0.578834900287748	0.146	0.075	2.88255164294917e-11	USP12	c9
8.63331618746637e-16	0.513149656472741	0.188	0.105	2.90890955620492e-11	SLC6A6	c9
8.67548714811434e-16	0.657959955506035	0.137	0.07	2.92311863968565e-11	WHSC1	c9
8.87293843347163e-16	0.383265466409627	0.357	0.228	2.98964787577393e-11	MRPS12	c9
8.88921146787969e-16	0.587901670165111	0.146	0.075	2.99513091198738e-11	FUCA2	c9
8.9358351663632e-16	0.33626614913114	0.662	0.489	3.01084030095442e-11	ROMO1	c9
8.98714845545244e-16	0.430042373880534	0.277	0.17	3.02812980058015e-11	MKLN1	c9
9.26009179314678e-16	0.398496567713156	0.285	0.175	3.12009532878288e-11	PTPN18	c9
9.26570254523624e-16	0.445420342420563	0.175	0.094	3.1219858155919e-11	ERO1A	c9
9.27672973356695e-16	0.351709065142289	0.379	0.245	3.12570131642805e-11	ACIN1	c9
9.30612628976976e-16	0.47856996035696	0.253	0.152	3.13560619207502e-11	TMEM223	c9
9.54375976182385e-16	0.465790656848452	0.214	0.122	3.21567441414893e-11	GMEB1	c9
9.73154339221429e-16	1.574891573477	0.034	0.009	3.27894623057268e-11	IRF8	c9
9.88461261041495e-16	0.348066268551384	0.339	0.214	3.33052137295321e-11	SREK1IP1	c9
1.0206850902256e-15	0.72237374105179	0.142	0.073	3.43909634300613e-11	SLC39A4	c9
1.03516971424631e-15	0.393784559179598	0.338	0.214	3.48790083518153e-11	C6orf89	c9
1.06233760033108e-15	0.552446154049482	0.257	0.156	3.57944031055553e-11	FBXW11	c9
1.06308733017886e-15	0.456068151788278	0.272	0.165	3.58196645030465e-11	TMEM205	c9
1.09126282484876e-15	0.42432543563897	0.318	0.2	3.6769009620454e-11	OVCA2	c9
1.09341070854012e-15	0.352971005456071	0.354	0.228	3.68413804135507e-11	CNTRL	c9
1.09935919688581e-15	0.375680650207489	0.433	0.291	3.70418087798704e-11	YTHDF2	c9
1.11224209991503e-15	0.683243670212286	0.126	0.062	3.74758853145369e-11	ZFYVE19	c9
1.12057541645738e-15	0.796848384695169	0.136	0.069	3.77566680821148e-11	ACADS	c9
1.13192862298297e-15	0.317519582911709	0.705	0.553	3.81392030227882e-11	DEF6	c9
1.13240746351302e-15	0.509591446290804	0.161	0.085	3.81553370756079e-11	ATP6V1A	c9
1.16425685502276e-15	0.36124434979212	0.361	0.231	3.92284704731367e-11	FAM60A	c9
1.17646973254619e-15	0.146237782236544	0.791	0.596	3.96399711684115e-11	HLA-DPB1	c9
1.17946668696709e-15	0.381406192903055	0.331	0.208	3.97409505506693e-11	ELOF1	c9
1.18620580714916e-15	0.393673768795189	0.411	0.272	3.99680184660838e-11	PIN4	c9
1.19305212091744e-15	0.452984373697183	0.212	0.121	4.01986981621922e-11	CREB3	c9
1.24694506778406e-15	0.42457257958148	0.197	0.11	4.20145671139162e-11	USF1	c9
1.29224601098994e-15	0.311520190189807	0.755	0.614	4.35409370942951e-11	NDUFB2	c9
1.35189930116296e-15	0.374577080974517	0.354	0.229	4.55508950533848e-11	MAZ	c9
1.36536144008372e-15	1.79296859240604	0.036	0.01	4.60044883621809e-11	AZIN2	c9
1.36685310034041e-15	0.384411346777969	0.323	0.204	4.60547483628698e-11	RTCA	c9
1.36877596532562e-15	0.356953912414672	0.559	0.392	4.61195373756814e-11	MRPS34	c9
1.37680398110654e-15	0.478135967654385	0.221	0.128	4.63900333394037e-11	CMAS	c9
1.40435837072982e-15	0.835417089041368	0.118	0.057	4.73184509433705e-11	INF2	c9
1.45546334677475e-15	0.393804824825964	0.426	0.284	4.90403820062283e-11	SERINC3	c9
1.47052275717257e-15	0.317385182320135	0.361	0.231	4.95477937801727e-11	BRD4	c9
1.4719708976806e-15	0.912031260902614	0.091	0.04	4.95965874264501e-11	B3GALT6	c9
1.49108021630621e-15	0.335112986359978	0.544	0.386	5.02404568082215e-11	WNK1	c9
1.5095830565604e-15	0.420065175819208	0.24	0.141	5.0863891507746e-11	GBP3	c9
1.52035742441152e-15	0.503352839478659	0.191	0.107	5.12269230581218e-11	IRF2BPL	c9
1.52719410598963e-15	1.31228890212635	0.058	0.021	5.14572782072147e-11	FZD3	c9
1.53927566047935e-15	0.494158245365335	0.231	0.135	5.18643541041913e-11	MPDU1	c9
1.563236571398e-15	0.560691581359736	0.253	0.153	5.26716930366842e-11	RAB35	c9
1.60618360031649e-15	0.985782799500503	0.08	0.033	5.41187502290637e-11	GRAMD4	c9
1.66574922467578e-15	0.41896089397996	0.273	0.166	5.61257543762256e-11	CTCF	c9
1.67037174331836e-15	0.478408225127074	0.203	0.115	5.6281505519369e-11	CSNK1G3	c9
1.76989576731654e-15	0.678746231554897	0.125	0.062	5.96348679839636e-11	DNASE1	c9
1.789259297634e-15	0.63636293666101	0.139	0.072	6.02873027744798e-11	KCNN4	c9
1.84501333844808e-15	0.971918570320691	0.103	0.048	6.21658794256696e-11	U2AF1L5	c9
1.84537611890718e-15	0.497765837594658	0.226	0.133	6.21781029504586e-11	PLEKHA3	c9
1.86628681003774e-15	0.394075564047239	0.403	0.271	6.28826677774116e-11	ITGB1BP1	c9
1.91341765041131e-15	0.685271494149052	0.141	0.073	6.44706943129588e-11	MAP3K14	c9
1.97396057952594e-15	0.815101694895702	0.1	0.046	6.6510627766547e-11	GPR180	c9
1.98285958097959e-15	0.745594272791831	0.136	0.069	6.68104707215265e-11	SLC25A22	c9
2.05937584756186e-15	0.318788112567143	0.746	0.585	6.93886098077492e-11	COX7B	c9
2.07372265917306e-15	0.506478472759972	0.211	0.121	6.9872011278177e-11	ZNF720	c9
2.07545114163334e-15	0.393804828480601	0.22	0.127	6.99302507661937e-11	GLCCI1	c9
2.09126520936756e-15	0.354258234674464	0.388	0.253	7.04630899644305e-11	RNF4	c9
2.12123822577205e-15	0.592010627010578	0.228	0.135	7.14730007791633e-11	NCSTN	c9
2.1259265536187e-15	0.402006043718166	0.429	0.292	7.16309692976285e-11	MAP4K1	c9
2.1265900150027e-15	0.673745168240594	0.151	0.079	7.1653323965501e-11	ABCB8	c9
2.19323478664112e-15	1.3887200711578	0.048	0.016	7.38988529010858e-11	DLGAP1	c9
2.22416511695478e-15	1.75534435046562	0.081	0.035	7.49410194506743e-11	TRAV23DV6	c9
2.23991464278711e-15	1.0643036066495	0.061	0.023	7.5471683974069e-11	STK3	c9
2.24181562415439e-15	0.784162699549316	0.105	0.049	7.55357356402579e-11	C9orf69	c9
2.24847941293348e-15	0.53371500665973	0.328	0.211	7.57602653393806e-11	ZC3H11A	c9
2.25103528233121e-15	0.483907205333441	0.24	0.144	7.58463828028679e-11	PREP	c9
2.29805584636856e-15	0.711681675216481	0.117	0.056	7.74306936875422e-11	SLC17A5	c9
2.31255171057381e-15	0.282536472428044	0.813	0.676	7.79191173360740e-11	C9orf142	c9
2.33418479390079e-15	1.02121106759202	0.093	0.042	7.86480224456933e-11	HS2ST1	c9
2.35220570897104e-15	0.661263879353126	0.147	0.077	7.92552191580701e-11	RNF121	c9
2.38008205322169e-15	0.976639847213184	0.073	0.03	8.01944847012518e-11	MYEF2	c9
2.38369244178232e-15	0.436093701727569	0.167	0.089	8.03161331334136e-11	MLXIP	c9
2.45828152856958e-15	0.310729424322975	0.603	0.442	8.28293378236233e-11	DGUOK	c9
2.46230577052303e-15	1.08520696291053	0.062	0.023	8.29649306320031e-11	MAPK11	c9
2.49317547636164e-15	0.345619772048138	0.451	0.304	8.4005054500529e-11	CHST12	c9
2.49889002598006e-15	0.531683029849809	0.183	0.101	8.4197600535372e-11	FCHSD1	c9
2.51618010049859e-15	0.508128853565556	0.176	0.096	8.47801723061996e-11	VPS41	c9
2.53716041074426e-15	1.58192912814182	0.04	0.012	8.54870828796171e-11	RNASE6	c9
2.5947533834913e-15	1.01675354900852	0.056	0.02	8.74276205033559e-11	C17orf58	c9
2.60484119498977e-15	0.37967580987331	0.316	0.2	8.77675192239853e-11	GOLGB1	c9
2.60996713010588e-15	0.370980532683093	0.357	0.232	8.79402324817874e-11	NLRC3	c9
2.6227614011398e-15	0.498798749701211	0.248	0.149	8.83713226500044e-11	DLD	c9
2.64194623069041e-15	0.318400918679593	0.466	0.316	8.90177362968827e-11	YY1	c9
2.65016845689462e-15	0.292473696279574	0.808	0.66	8.92947759866073e-11	SEPT7	c9
2.66710080713907e-15	0.888840154650747	0.086	0.037	8.9865294595744e-11	AP4M1	c9
2.75696828950478e-15	0.612463300741201	0.152	0.081	9.28932895465739e-11	TRAV4	c9
2.84806589889333e-15	0.342601503064248	0.493	0.339	9.59627323973117e-11	NAA38	c9
2.84879069711768e-15	0.494162918202237	0.161	0.086	9.59871537486832e-11	CEP250	c9
2.86023247353696e-15	0.406250976475962	0.284	0.175	9.63726729633542e-11	HTATSF1	c9
2.90668795276913e-15	0.34623422480595	0.256	0.154	9.79379438806031e-11	SPG11	c9
2.94915020104691e-15	0.493987783922579	0.198	0.112	9.93686668740747e-11	NCOA1	c9
2.99021035192051e-15	0.544503054733853	0.196	0.111	1.0075214759761e-10	ZMYND8	c9
3.02655688386295e-15	0.517514666381072	0.263	0.161	1.01976807644878e-10	PARP4	c9
3.03441585559361e-15	0.325670542138056	0.476	0.323	1.02241607838371e-10	NT5C	c9
3.07082412763785e-15	0.646472705584819	0.169	0.093	1.0346834815663e-10	EEF1E1	c9
3.09378256005723e-15	1.60267822651585	0.03	0.008	1.04241909578568e-10	CAMSAP2	c9
3.14991336760268e-15	0.490815700921993	0.217	0.126	1.06133181008005e-10	RLF	c9
3.16432220821835e-15	0.835935650878982	0.102	0.047	1.06618672483709e-10	TATDN2	c9
3.17449511090286e-15	1.01520461251353	0.086	0.037	1.06961438266761e-10	RHBDD3	c9
3.18673967782329e-15	0.304731750618376	0.589	0.422	1.07374006704578e-10	PARP1	c9
3.19318574025532e-15	2.12773335704136	0.025	0.006	1.07591200332163e-10	ZC3H12C	c9
3.19658374073541e-15	0.505129308100164	0.202	0.115	1.07705692560339e-10	SH2D3C	c9
3.2642910610902e-15	0.308263719833436	0.395	0.259	1.09987023012373e-10	SLA2	c9
3.26591976874221e-15	0.499759644941632	0.18	0.1	1.10041900688e-10	TOB2	c9
3.29620910564551e-15	0.296601261082267	0.713	0.55	1.1106246960562e-10	UQCRQ	c9
3.34793105190819e-15	0.36673580990087	0.422	0.285	1.12805188862994e-10	CPNE1	c9
3.350189926164e-15	0.657909188498116	0.165	0.09	1.1288129937217e-10	SNAPC2	c9
3.3743083215189e-15	0.374518876739098	0.415	0.279	1.13693944585258e-10	CTDSP1	c9
3.42371460612831e-15	0.3243015127151	0.653	0.499	1.15358639938887e-10	ANAPC11	c9
3.45464892972917e-15	0.305079439144832	0.415	0.27	1.16400941038295e-10	FAM195B	c9
3.52099832989014e-15	0.56479090515784	0.148	0.077	1.18636517727318e-10	ARNT	c9
3.52742953882839e-15	0.355477785478423	0.468	0.318	1.18853210881284e-10	RTF1	c9
3.53332132313429e-15	1.0083333674632	0.076	0.032	1.19051728661687e-10	NBPF9	c9
3.59828938106199e-15	0.36806038003537	0.378	0.25	1.21240762405503e-10	CHCHD5	c9
3.60254722982371e-15	2.8757083360721	0.017	0.003	1.2138422636168e-10	CCDC74B	c9
3.63085196259284e-15	0.355861917887907	0.588	0.427	1.22337926027603e-10	RNF181	c9
3.66715795823911e-15	0.516193174264372	0.196	0.111	1.23561220244909e-10	ISOC2	c9
3.69450670148248e-15	0.617742803761154	0.177	0.098	1.24482708799751e-10	CBL	c9
3.73588795424894e-15	0.368708421318415	0.398	0.265	1.25877008730464e-10	IDH3G	c9
3.74163315751515e-15	0.669903774112505	0.159	0.086	1.26070587609316e-10	FRMD8	c9
3.76043064693826e-15	0.377522915889002	0.657	0.498	1.26703950217938e-10	ARID4B	c9
3.79209725719271e-15	0.757843624751436	0.126	0.063	1.27770924983851e-10	STRADA	c9
3.80972696741779e-15	0.771686479096863	0.155	0.084	1.28364940440175e-10	TMEM189	c9
3.81837072236359e-15	0.682040172026869	0.137	0.07	1.28656183119319e-10	KDM4B	c9
3.88433762002667e-15	0.339200954913818	0.302	0.187	1.30878871769179e-10	GNG10	c9
4.07052108600779e-15	0.957374527065023	0.08	0.034	1.37152137471947e-10	CARD17	c9
4.2680439458935e-15	0.440706783753577	0.263	0.16	1.43807472712936e-10	MRPL38	c9
4.34677835102319e-15	0.337995349750516	0.264	0.158	1.46460349759375e-10	SLC2A4RG	c9
4.35625479305152e-15	0.554917497829901	0.121	0.06	1.46779648997078e-10	C6orf106	c9
4.37163647154056e-15	0.375300081603206	0.403	0.268	1.47297919272088e-10	AKR1A1	c9
4.37225534996298e-15	0.423440610275916	0.258	0.156	1.47318771761653e-10	TMUB2	c9
4.37700470239267e-15	0.48015963271024	0.193	0.109	1.47478796442418e-10	HDGF	c9
4.48123937282995e-15	0.487400903983879	0.253	0.155	1.50990879428132e-10	ALG3	c9
4.56381483277401e-15	0.383931162014504	0.447	0.303	1.53773176975487e-10	TOX4	c9
4.57402128500615e-15	0.430524539626763	0.319	0.204	1.54117073176997e-10	YARS	c9
4.69393657903675e-15	0.375016937565991	0.386	0.255	1.58157499094064e-10	MAT2A	c9
4.71349892939355e-15	0.342160779302924	0.447	0.303	1.58816632926986e-10	MESDC2	c9
4.74828077153028e-15	0.332272254331604	0.513	0.355	1.59988572315941e-10	ATP6AP2	c9
4.76121178386715e-15	0.350594090773036	0.402	0.268	1.6042426984562e-10	NIN	c9
4.76833499737395e-15	0.321580030227935	0.426	0.282	1.60664279401518e-10	GLOD4	c9
4.93729337818539e-15	0.418438535549486	0.211	0.121	1.66357163084578e-10	VAMP7	c9
4.93800734898166e-15	0.74797852455403	0.15	0.08	1.66381219616588e-10	MVD	c9
4.99285690396781e-15	0.383717355012787	0.357	0.234	1.68229320522291e-10	TMEM208	c9
5.0458295679648e-15	2.25378216937357	0.026	0.006	1.70014181463006e-10	CD86	c9
5.06828280939378e-15	0.414626693340728	0.325	0.209	1.70770720979714e-10	UBASH3A	c9
5.26087106322713e-15	1.41589801628731	0.025	0.006	1.77259789604375e-10	MAPK8IP1	c9
5.31042343001237e-15	0.349958173054853	0.474	0.327	1.78929407050837e-10	REST	c9
5.32910372599065e-15	0.649371751321002	0.195	0.112	1.79558820943529e-10	GMFB	c9
5.4311735680219e-15	0.484050592369594	0.17	0.093	1.8299796220093e-10	CORO2A	c9
5.47227243675303e-15	1.06061772161277	0.082	0.035	1.84382747483957e-10	C9orf64	c9
5.48467340066784e-15	0.337982151218766	0.2	0.112	1.84800585562102e-10	CSNK1G2	c9
5.5139982523475e-15	0.341765608874929	0.358	0.23	1.85788657114597e-10	SETX	c9
5.54692024528824e-15	0.346587775937566	0.246	0.145	1.86897930744742e-10	RALBP1	c9
5.69578413487268e-15	0.270975191703524	0.822	0.697	1.919137506404e-10	UQCRH	c9
5.718844134359e-15	0.634561076927839	0.147	0.078	1.92690734263092e-10	PRKCD	c9
5.90531996112957e-15	0.619184710527243	0.137	0.071	1.989738507703e-10	IER5	c9
5.96891504432667e-15	0.399648994636774	0.432	0.297	2.01116623503543e-10	TINF2	c9
6.02879109788318e-15	0.327875761595468	0.413	0.275	2.03134087252076e-10	C11orf73	c9
6.03474395269858e-15	0.492004071924312	0.237	0.142	2.03334662742226e-10	AP3D1	c9
6.17016415712719e-15	0.261250419008568	0.595	0.422	2.07897511110244e-10	IDH2	c9
6.18073783147147e-15	0.334882546652903	0.622	0.465	2.082537804936e-10	WHSC1L1	c9
6.21770867318671e-15	0.397199243367053	0.365	0.239	2.09499476034353e-10	UBE2E3	c9
6.23850646345657e-15	0.504693793260217	0.223	0.132	2.10200236779706e-10	EGLN2	c9
6.26395378938908e-15	0.239948722961378	0.89	0.782	2.11057658979676e-10	SON	c9
6.31026652668319e-15	0.334509384235542	0.434	0.291	2.12618120350063e-10	PDCD6IP	c9
6.37610171463816e-15	0.431031655454703	0.243	0.145	2.14836371173018e-10	ZCCHC6	c9
6.39376698142006e-15	0.318721698830844	0.502	0.35	2.15431584671967e-10	EIF3A	c9
6.443189294538e-15	0.310867908282478	0.669	0.507	2.17096820090163e-10	PYURF	c9
6.5350605585116e-15	0.506173994038524	0.258	0.158	2.2019233045849e-10	GLYR1	c9
6.65860819427278e-15	0.171064645381455	0.793	0.658	2.24355144497827e-10	SAT1	c9
6.76819355548986e-15	0.232884600757908	0.858	0.728	2.28047513658675e-10	KRTCAP2	c9
6.81834642963776e-15	0.492474232977689	0.328	0.213	2.29737364600215e-10	HDAC7	c9
6.88866570212938e-15	0.372920949225215	0.475	0.327	2.32106702167547e-10	CCT6A	c9
6.97049623064313e-15	1.15598196254512	0.043	0.014	2.3486389999529e-10	ARSD	c9
6.97241645117075e-15	0.724416167160133	0.105	0.05	2.34928599905747e-10	CROT	c9
7.41487534114911e-15	0.534871534167943	0.234	0.141	2.49836809744678e-10	TMEM263	c9
7.48444862489901e-15	0.346486708715267	0.298	0.185	2.52181011967347e-10	ABHD17A	c9
7.50057660774514e-15	0.421069772397468	0.357	0.238	2.52724428221365e-10	TMEM259	c9
7.56311798468909e-15	0.467704330709728	0.141	0.073	2.54831697376114e-10	SERTAD3	c9
7.97601560584148e-15	0.492867987891075	0.21	0.123	2.68743869823223e-10	C19orf12	c9
8.02909634484742e-15	0.743136193915923	0.122	0.061	2.70532372243289e-10	RIT1	c9
8.09637398576059e-15	0.471849973072543	0.229	0.137	2.72799225076217e-10	SLC41A3	c9
8.12070852433455e-15	0.513856640183847	0.167	0.091	2.73619153018928e-10	MAN2C1	c9
8.29062432361556e-15	0.380126813312561	0.311	0.194	2.79344295959903e-10	TXNDC9	c9
8.30037011112624e-15	0.110824861738525	0.996	0.984	2.79672670524288e-10	H3F3B	c9
8.57487943847548e-15	0.301375033477691	0.804	0.662	2.88921987799993e-10	MORF4L1	c9
8.58682572507799e-15	0.453002528000698	0.212	0.123	2.89324505980778e-10	LTBP4	c9
8.95084172458015e-15	0.446934016222294	0.319	0.205	3.01589661068004e-10	ACTR1A	c9
8.96778806920924e-15	0.656852531489006	0.153	0.082	3.02160651203936e-10	TCEB3	c9
9.13874117245265e-15	0.400537945334816	0.329	0.212	3.0792074506462e-10	EIF2AK1	c9
9.22274399773309e-15	0.46160808214901	0.195	0.11	3.10751136259619e-10	PLEKHO1	c9
9.22632200474358e-15	0.762571975884982	0.137	0.072	3.1087169362783e-10	CDK7	c9
9.22754859133473e-15	0.849132854645009	0.112	0.055	3.10913022236432e-10	NRM	c9
9.29137144127373e-15	0.493848500707583	0.209	0.122	3.13063469342277e-10	TM7SF3	c9
9.30259137679505e-15	0.811402495859019	0.136	0.071	3.13441513849732e-10	TXLNA	c9
9.35751153000702e-15	0.489147218160116	0.186	0.105	3.15291993492056e-10	FAM78A	c9
9.39393959738165e-15	0.412238203539918	0.283	0.176	3.16519400794177e-10	EXOC7	c9
9.42254879868106e-15	0.324463180595927	0.628	0.465	3.1748335922276e-10	NDUFS7	c9
9.48767160066855e-15	0.734145391111322	0.132	0.068	3.19677606912926e-10	HRAS	c9
9.72181178906358e-15	0.318616287432862	0.497	0.339	3.27566726420708e-10	GSDMD	c9
9.87138548789265e-15	1.94948151766779	0.028	0.007	3.32606462629055e-10	PRRG4	c9
1.00002726420922e-14	1.02670162742875	0.052	0.018	3.36949186402654e-10	PDP2	c9
1.00423699931512e-14	0.448207950422181	0.224	0.133	3.38367614549238e-10	TMEM70	c9
1.03759215663387e-14	0.934383666645585	0.078	0.033	3.49606301256215e-10	MIR181A1HG	c9
1.04364367205018e-14	0.432542814625654	0.308	0.196	3.51645298860586e-10	NDUFA8	c9
1.04453681948819e-14	1.03696134759063	0.077	0.033	3.51946235958352e-10	SERPINB8	c9
1.06755978282193e-14	0.719111394739061	0.105	0.049	3.59703593224022e-10	LY6G5C	c9
1.1154811120786e-14	0.56191634165185	0.098	0.045	3.75850205903765e-10	CLPTM1L	c9
1.13154466593771e-14	0.295572298717356	0.644	0.498	3.81262659741053e-10	SOCS1	c9
1.1420391592729e-14	0.298350948661131	0.648	0.488	3.84798674325409e-10	ARGLU1	c9
1.15757713678524e-14	0.364334043217024	0.343	0.223	3.90034040468418e-10	SMC1A	c9
1.18804190524636e-14	0.376787687718563	0.378	0.252	4.00298839553708e-10	XRN1	c9
1.19489912469333e-14	0.417059513016833	0.332	0.218	4.02609311074172e-10	PPM1B	c9
1.19732032429409e-14	0.656647244626028	0.099	0.046	4.03425110067652e-10	AMIGO2	c9
1.21352285886847e-14	0.32897261130693	0.547	0.388	4.08884392067143e-10	PDAP1	c9
1.23337441150071e-14	0.469361124183315	0.249	0.152	4.1557317421105e-10	CSNK2A1	c9
1.23447740126855e-14	0.391400156194577	0.27	0.167	4.15944815583426e-10	NUDT4	c9
1.24694045210005e-14	1.0130530155864	0.079	0.034	4.2014411593059e-10	RP11-449H3.3	c9
1.29522181855188e-14	0.376501640897619	0.383	0.257	4.36412039542871e-10	BECN1	c9
1.30674841070459e-14	0.379792016690475	0.381	0.252	4.40295809502806e-10	RNF145	c9
1.31097616427677e-14	0.349327334071417	0.329	0.209	4.41720308791414e-10	ZNF655	c9
1.32481619797631e-14	0.416563067985145	0.251	0.153	4.46383569746138e-10	C4orf27	c9
1.34240292316193e-14	0.172777576822728	0.174	0.097	4.52309240930181e-10	ATF3	c9
1.35230767655004e-14	0.533030794544588	0.176	0.098	4.55646548536772e-10	DCAF12	c9
1.36944536545503e-14	0.436408486123821	0.256	0.156	4.61420921436417e-10	NIT2	c9
1.37868389162157e-14	0.35283927851786	0.483	0.331	4.64533750442972e-10	UQCRC1	c9
1.40175903250159e-14	0.397274517381423	0.322	0.208	4.72308688411087e-10	BAG1	c9
1.4189296660864e-14	0.506333424320441	0.192	0.11	4.78094161691153e-10	KCTD20	c9
1.43099416877899e-14	0.346376375445098	0.421	0.285	4.82159175228394e-10	HAGH	c9
1.43740130893187e-14	0.390605553251915	0.293	0.183	4.84317997031503e-10	RAP2B	c9
1.52361330538276e-14	0.515137049255912	0.2	0.116	5.13366267115668e-10	NKIRAS2	c9
1.53551552803627e-14	0.369830282797589	0.193	0.109	5.1737660201654e-10	ZNF585A	c9
1.55101143804798e-14	0.400547655259798	0.317	0.203	5.22597793935885e-10	UBA3	c9
1.56007061252329e-14	0.35610851613838	0.29	0.181	5.25650192183596e-10	SVBP	c9
1.57544988497128e-14	0.813815877015612	0.108	0.052	5.30832084242225e-10	TIPIN	c9
1.58359329342419e-14	0.294593878916618	0.641	0.472	5.33575924286345e-10	SF3B6	c9
1.58613993222208e-14	0.382751455771701	0.215	0.125	5.34433988762907e-10	SUZ12	c9
1.5934725456407e-14	0.55249161769391	0.293	0.19	5.36904639528178e-10	VHL	c9
1.59823499400386e-14	0.454793457716782	0.211	0.124	5.3850929887966e-10	RSPRY1	c9
1.61079464869623e-14	0.570544688041807	0.168	0.093	5.42741148931708e-10	RUFY1	c9
1.61207858467759e-14	0.388367049167557	0.378	0.253	5.43173758321267e-10	FAM32A	c9
1.62558767385153e-14	0.357321308263624	0.411	0.273	5.47725510827535e-10	GDI1	c9
1.6368401298986e-14	1.21449699191965	0.057	0.021	5.51516913368035e-10	TIAM2	c9
1.65192241798428e-14	0.301076434867384	0.72	0.572	5.56598739515623e-10	SF3B2	c9
1.67056628656024e-14	0.376152314385122	0.269	0.165	5.62880604593608e-10	DMTF1	c9
1.70167764659359e-14	0.369108995302638	0.409	0.274	5.73363266243245e-10	CCDC90B	c9
1.75953565497036e-14	0.479633063992819	0.165	0.089	5.92857943585714e-10	WASH1	c9
1.78654696636277e-14	0.397703284254397	0.312	0.198	6.01959134846272e-10	LAMTOR3	c9
1.79475847376833e-14	0.777407313024444	0.097	0.045	6.047259201515e-10	SGCB	c9
1.83605239209938e-14	1.21457952081645	0.061	0.024	6.18639492993965e-10	AC009948.5	c9
1.84283472572753e-14	0.405645160355044	0.273	0.171	6.20924732486635e-10	FARSA	c9
1.84888503538279e-14	0.534041707291657	0.211	0.124	6.22963323821876e-10	ABHD16A	c9
1.86769227871948e-14	0.330618656975972	0.322	0.206	6.29300236391743e-10	TM2D1	c9
1.87224355311413e-14	0.613818048209939	0.15	0.08	6.30833742786274e-10	NRAS	c9
1.88393910551602e-14	0.262107225233408	0.766	0.62	6.34774442212569e-10	PDIA3	c9
1.90207814595027e-14	0.332375598352671	0.314	0.199	6.40886210496483e-10	CCDC130	c9
1.90371666259101e-14	1.22702067836297	0.062	0.024	6.41438292293414e-10	COPRS	c9
1.94193525186718e-14	2.27174963031315	0.021	0.004	6.54315663764129e-10	SECTM1	c9
1.94204403980775e-14	0.288568934494848	0.725	0.558	6.54352318772824e-10	C14orf166	c9
1.95813068518102e-14	0.397660438514161	0.295	0.185	6.59772553064892e-10	TRPT1	c9
1.98257568473459e-14	0.385653211679098	0.326	0.209	6.68009051214473e-10	FYTTD1	c9
1.9883638358193e-14	0.57167394271356	0.156	0.085	6.69959310840954e-10	CKAP5	c9
1.98868757281225e-14	0.453162678593459	0.202	0.117	6.70068390783361e-10	RBM18	c9
2.0067910801904e-14	0.324019446840454	0.359	0.235	6.76168186559352e-10	ZCRB1	c9
2.01266851828159e-14	0.363563501332378	0.347	0.228	6.78148530549799e-10	ARID4A	c9
2.02340294921887e-14	0.625186899096186	0.192	0.111	6.81765389709805e-10	ANKHD1	c9
2.03447460746123e-14	0.413650418656455	0.26	0.159	6.85495874237987e-10	TOR3A	c9
2.05936535722997e-14	0.606431930118491	0.185	0.105	6.93882563465067e-10	TACO1	c9
2.07451537905241e-14	0.946929419719042	0.094	0.044	6.98987211817919e-10	TUBG1	c9
2.09150095439167e-14	0.311319730414747	0.691	0.534	7.04710331572728e-10	BCAP31	c9
2.10018155820539e-14	0.347298537452722	0.374	0.246	7.07635174221724e-10	STOML2	c9
2.11758994514557e-14	0.598370056602246	0.153	0.082	7.13500756117348e-10	FKBP15	c9
2.16123840096439e-14	0.581723913493107	0.192	0.111	7.28207666820943e-10	POLG	c9
2.2118383394632e-14	0.477487903530212	0.239	0.146	7.4525681009873e-10	GBAS	c9
2.21967916332601e-14	1.41564556994224	0.038	0.011	7.47898697291067e-10	OTOF	c9
2.22866351051126e-14	0.601789536231302	0.145	0.077	7.50925883231665e-10	ADAM17	c9
2.23434496705692e-14	0.30768643547843	0.676	0.509	7.52840193200159e-10	RNF149	c9
2.24480471135402e-14	0.547814278725472	0.154	0.083	7.56364499443623e-10	GIPC1	c9
2.27453804457074e-14	0.437383920330506	0.203	0.117	7.66382848737664e-10	PIKFYVE	c9
2.28321520743669e-14	0.400770130475425	0.315	0.201	7.69306531993717e-10	ENOPH1	c9
2.30674447618182e-14	0.388839981241529	0.27	0.167	7.77234483804703e-10	EIF3J	c9
2.323710526149e-14	0.348995590350428	0.483	0.335	7.82951024680643e-10	ANAPC5	c9
2.33589227900034e-14	0.411854408223339	0.338	0.222	7.87055544486374e-10	TRIM38	c9
2.34608917741334e-14	0.411695145056908	0.256	0.158	7.90491287437652e-10	C3orf17	c9
2.34797087924695e-14	0.377096453649458	0.368	0.241	7.91125308053468e-10	GNAI3	c9
2.39822951767282e-14	0.385401613212293	0.246	0.15	8.08059453684681e-10	KPNA4	c9
2.40384578421207e-14	1.01745772125668	0.082	0.036	8.09951798532415e-10	EBI3	c9
2.42893255326874e-14	0.282792227119156	0.53	0.372	8.1840453449837e-10	FGFR1OP2	c9
2.45290827065539e-14	0.560673887087304	0.346	0.234	8.26482912714628e-10	MX2	c9
2.47060595254413e-14	0.887514191497674	0.105	0.051	8.32445969650218e-10	UNC93B1	c9
2.56346456105758e-14	0.352021830354986	0.325	0.207	8.63733749202739e-10	MRPL21	c9
2.5979012131238e-14	0.271838458209059	0.818	0.695	8.75336834749934e-10	WIPF1	c9
2.59870388504429e-14	0.349291013694794	0.324	0.209	8.75607287026823e-10	PHF20L1	c9
2.66901409851782e-14	0.396282773381207	0.351	0.23	8.99297610354594e-10	NUDT16L1	c9
2.72801809757539e-14	0.247742193113693	0.919	0.872	9.19178417797053e-10	FYB	c9
2.72951626125671e-14	0.395590926511873	0.3	0.191	9.19683209067835e-10	ARMC10	c9
2.81616476374439e-14	0.38561715658056	0.233	0.139	9.48878555496036e-10	MED27	c9
2.86996730148889e-14	0.44003808679248	0.219	0.13	9.67006782563665e-10	METAP1	c9
2.87001903491656e-14	0.588679717986821	0.172	0.097	9.67024213624786e-10	IFFO1	c9
2.91362663898628e-14	0.429382336014455	0.229	0.136	9.81717359740038e-10	BTN2A1	c9
2.92830918484824e-14	0.505463513086217	0.214	0.127	9.86664496742765e-10	DUSP16	c9
2.98228020801024e-14	0.374635359251569	0.374	0.248	1.00484949328697e-09	VIMP	c9
2.98264954152627e-14	0.385806482261022	0.302	0.193	1.00497393652186e-09	IMMT	c9
2.98771118347566e-14	0.479081546223058	0.159	0.087	1.00667940616029e-09	DDX52	c9
3.02107358152285e-14	0.314427807832247	0.431	0.288	1.01792053255831e-09	LYPLA2	c9
3.03287994374485e-14	0.483128140088459	0.24	0.146	1.02189856824539e-09	AAGAB	c9
3.0588077335642e-14	0.293937624629917	0.624	0.473	1.03063467774712e-09	SRSF10	c9
3.10920328881216e-14	0.508311807916066	0.219	0.132	1.04761495613237e-09	TRIM11	c9
3.130535259453e-14	0.419242694147397	0.196	0.112	1.05480255032009e-09	GTF2IRD2B	c9
3.20974726499098e-14	0.364609157113401	0.479	0.334	1.08149224346606e-09	XRN2	c9
3.22513731893848e-14	0.390299480678605	0.238	0.144	1.08667776824313e-09	CFAP20	c9
3.36980221708715e-14	0.612299832405336	0.166	0.092	1.13542115902534e-09	GLE1	c9
3.3863119960336e-14	0.813431077611937	0.092	0.042	1.14098396394356e-09	SRD5A1	c9
3.38939796558267e-14	0.461443452296619	0.248	0.151	1.14202375052342e-09	ZFX	c9
3.42239048436886e-14	0.433963572138881	0.186	0.106	1.15314024980324e-09	KAT5	c9
3.42687914355308e-14	0.303234189958578	0.608	0.444	1.15465265862877e-09	TOMM5	c9
3.43882033789147e-14	0.296293603510344	0.649	0.48	1.15867612464915e-09	LMAN2	c9
3.49614105632916e-14	0.748063093038221	0.105	0.051	1.17798976751955e-09	RCC2	c9
3.56141875235928e-14	0.394886880164964	0.265	0.163	1.19998443441994e-09	LZIC	c9
3.57465713378745e-14	0.341370699628039	0.391	0.258	1.20444497465834e-09	CDK5RAP3	c9
3.6048542022964e-14	0.888321780630164	0.073	0.03	1.21461957492175e-09	TBC1D10B	c9
3.71916926126483e-14	0.543884201838346	0.187	0.108	1.25313689089057e-09	TM2D2	c9
3.73970262386991e-14	0.58829357227116	0.15	0.081	1.26005540208673e-09	PCYT1A	c9
3.87786906610857e-14	0.330676900662982	0.335	0.216	1.30660920313462e-09	PRPF31	c9
3.884962779234e-14	0.435175231867788	0.278	0.174	1.3089993588351e-09	RFFL	c9
3.89369516281649e-14	0.333932299706092	0.578	0.423	1.31194164815939e-09	RSBN1L	c9
3.9224866883686e-14	0.540774036022871	0.179	0.101	1.32164266477892e-09	METTL3	c9
3.99780959196951e-14	0.892361982467897	0.075	0.032	1.34702196391821e-09	KIF1C	c9
4.06895133626952e-14	0.374789665191725	0.211	0.123	1.37099246324265e-09	TIMM50	c9
4.0764594751645e-14	0.352091969102865	0.651	0.506	1.37352225556193e-09	TRIM22	c9
4.16215752824627e-14	0.30747004198817	0.688	0.527	1.4023973575673e-09	EIF5	c9
4.16662282432302e-14	0.409139702811404	0.292	0.185	1.4039018944274e-09	F2R	c9
4.2041748793346e-14	0.497469543838268	0.222	0.133	1.416554683843e-09	REEP3	c9
4.22364469198844e-14	0.609674072021917	0.168	0.094	1.42311484251858e-09	AARS	c9
4.23380746803057e-14	0.37671559561924	0.369	0.246	1.42653908827822e-09	CEP350	c9
4.44502719673441e-14	0.333531890694191	0.51	0.356	1.49770746366769e-09	MRPL34	c9
4.45990074382557e-14	0.447982290124322	0.28	0.175	1.50271895662459e-09	PPP4R3A	c9
4.49084735062391e-14	0.600436749827818	0.156	0.086	1.51314610631922e-09	GGA3	c9
4.76084448793442e-14	0.281255196736487	0.794	0.666	1.60411894176462e-09	PSMB10	c9
4.85712264299065e-14	0.477163094131003	0.219	0.131	1.63655890332927e-09	PPP5C	c9
4.86306453173662e-14	0.300055231113216	0.335	0.214	1.63856096332334e-09	DDX27	c9
4.93539620074281e-14	0.355641374674546	0.39	0.261	1.66293239587828e-09	SAP30BP	c9
4.95358013214057e-14	0.78205043517619	0.097	0.046	1.66905928972344e-09	TBL2	c9
4.97018586640238e-14	2.29823070495265	0.018	0.003	1.67465442582562e-09	NPB	c9
5.01211634901762e-14	0.649431724936799	0.14	0.075	1.688782482638e-09	EMG1	c9
5.08630105235029e-14	0.649257812869701	0.099	0.046	1.71377827657891e-09	ENDOV	c9
5.11197278702083e-14	1.18442663404522	0.063	0.025	1.7224281108588e-09	ADPRH	c9
5.21008513607647e-14	0.57444872550386	0.114	0.056	1.75548608574961e-09	C1orf216	c9
5.2378316797685e-14	0.348460644545954	0.286	0.18	1.7648350061812e-09	HMG20B	c9
5.31706821295509e-14	0.271537939282346	0.759	0.613	1.79153296367309e-09	SRP9	c9
5.46231912394534e-14	0.71118441352233	0.122	0.063	1.84047380562214e-09	UHRF1BP1L	c9
5.61030910530363e-14	0.188543803704792	0.94	0.875	1.890337549941e-09	CD99	c9
5.70733941413913e-14	0.61089004350229	0.127	0.065	1.92303094220004e-09	MSRB1	c9
5.72170924017181e-14	0.907227570381573	0.094	0.044	1.92787271138349e-09	UEVLD	c9
5.74806474384321e-14	0.340099108836246	0.744	0.606	1.93675293479053e-09	RAP1B	c9
5.82125676407313e-14	0.368985091984909	0.458	0.32	1.9614142540868e-09	TXNDC12	c9
5.821900755378e-14	0.284389175017711	0.617	0.461	1.96163124051706e-09	TMEM219	c9
5.89676032878987e-14	0.412573468922395	0.268	0.168	1.98685442518246e-09	RPUSD3	c9
6.04389766714283e-14	0.427872203981884	0.24	0.147	2.0364308799671e-09	MID1IP1	c9
6.130214765078e-14	2.6786549388055	0.015	0.002	2.06551456294538e-09	FAM167A	c9
6.18394444893191e-14	0.480763501101052	0.18	0.102	2.08361824262312e-09	SLC35B3	c9
6.28629697362398e-14	1.19685195719849	0.064	0.026	2.11810490229286e-09	SEMA7A	c9
6.38666930331643e-14	1.00855634791276	0.078	0.034	2.15192435505944e-09	ADCY3	c9
6.4415757080817e-14	0.361928095147737	0.432	0.298	2.17042451908105e-09	TRA2A	c9
6.47955468211608e-14	0.409637121347394	0.267	0.167	2.18322115459219e-09	DCUN1D5	c9
6.53365415218978e-14	0.318797742129556	0.404	0.27	2.20144943003882e-09	CCT5	c9
6.5435201200867e-14	0.277465166695793	0.615	0.451	2.20477366926201e-09	RAD21	c9
6.60035387576051e-14	2.4379113849163	0.016	0.003	2.22392323489875e-09	DIAPH2-AS1	c9
6.61988209134383e-14	0.541933104068803	0.213	0.127	2.23050307185739e-09	TANGO2	c9
6.62871197147268e-14	0.394065178684863	0.453	0.32	2.233478211668e-09	GBP1	c9
6.87051443702612e-14	0.299435651745618	0.557	0.408	2.31495113441158e-09	GBP2	c9
7.06850691808758e-14	0.556356563040559	0.162	0.091	2.38166272098043e-09	LRRC61	c9
7.14069162071124e-14	0.522275809707433	0.169	0.095	2.40598463468244e-09	BCL10	c9
7.20940351901757e-14	1.99470355041028	0.024	0.006	2.42913642169778e-09	KLF4	c9
7.25215820743319e-14	0.489799598052721	0.221	0.133	2.44354218641254e-09	MARCH5	c9
7.27111228030447e-14	0.375121609294992	0.295	0.187	2.44992857172579e-09	SLC25A1	c9
7.299481030602e-14	0.320200158038254	0.335	0.216	2.45948713845104e-09	LSM1	c9
7.41589527096776e-14	0.322693063774674	0.347	0.226	2.49871175259988e-09	BOLA3	c9
7.4437246824282e-14	0.571541538790636	0.178	0.102	2.50808859449736e-09	C6orf47	c9
7.64902019960907e-14	0.523093040211522	0.189	0.109	2.57726086605628e-09	KMT5B	c9
7.67240572013581e-14	0.603144985095424	0.195	0.114	2.58514038334256e-09	KANSL2	c9
7.76475530714921e-14	0.529730097132156	0.117	0.058	2.61625665319085e-09	MSC	c9
7.77036531066932e-14	0.566745644872204	0.166	0.093	2.61814688777692e-09	KDM4A	c9
7.82504846581785e-14	0.286726135546915	0.62	0.449	2.63657183007267e-09	NDUFA2	c9
7.97083808091777e-14	0.540597239373833	0.187	0.108	2.68569418298443e-09	VRK2	c9
8.15896885730714e-14	0.346611975155941	0.55	0.405	2.74908296678107e-09	CSNK1A1	c9
8.22116091209959e-14	0.515592138912941	0.169	0.096	2.77003795772284e-09	CES2	c9
8.31628032599408e-14	0.283005348822369	0.604	0.438	2.80208749304045e-09	GTF2A2	c9
8.31968860273901e-14	0.363479404225388	0.295	0.188	2.80323587780688e-09	TSG101	c9
8.34335724933669e-14	0.306308913513551	0.734	0.6	2.8112107915915e-09	ELF1	c9
8.40707090713772e-14	0.319204897801262	0.313	0.2	2.83267847145098e-09	PSMA3-AS1	c9
8.48494442998041e-14	0.348895500854975	0.35	0.23	2.8589171762376e-09	TTC1	c9
8.53224340251506e-14	0.751640942433541	0.099	0.047	2.87485409204342e-09	IDH1	c9
8.65925671122107e-14	0.608474649150368	0.161	0.09	2.91764995627883e-09	PHF6	c9
8.72385663404282e-14	0.58779080986379	0.13	0.068	2.93941625427439e-09	PROSER1	c9
8.73780336353618e-14	0.355179667335269	0.219	0.13	2.94411546530988e-09	CDC16	c9
8.92921467060891e-14	0.314795122897737	0.427	0.291	3.00860959111497e-09	SMARCE1	c9
9.13991033150147e-14	0.624028500430874	0.298	0.199	3.07960138709611e-09	ZNF331	c9
9.24653461954272e-14	0.574160119255228	0.136	0.071	3.11552737470872e-09	REC8	c9
9.25065139789246e-14	0.325026274332181	0.36	0.237	3.11691448200589e-09	STRA13	c9
9.36900617238718e-14	0.545130071254503	0.159	0.088	3.15679293972414e-09	ARMT1	c9
9.39416772720599e-14	0.538834024172498	0.167	0.093	3.16527087400479e-09	PSEN1	c9
9.72382677948183e-14	0.399336886033321	0.298	0.191	3.27634619507861e-09	NAA20	c9
9.72659158513529e-14	0.352542718238554	0.398	0.268	3.27727776869549e-09	MRPL3	c9
9.78029965977294e-14	0.785705738445025	0.098	0.047	3.29537416736389e-09	SEPHS1	c9
9.83239884361686e-14	1.10477921188676	0.052	0.019	3.31292846636826e-09	C9orf3	c9
9.86459292298674e-14	0.295131542911319	0.4	0.27	3.32377593947115e-09	RANBP2	c9
9.86748692672926e-14	1.02728309940996	0.073	0.031	3.32475104509216e-09	ZNF25	c9
9.868678601221e-14	0.491640008414099	0.502	0.357	3.3251525678954e-09	PPA1	c9
1.00341863829557e-13	0.371878991225403	0.332	0.214	3.38091875987309e-09	TACC1	c9
1.0064344660344e-13	0.660452326985782	0.122	0.063	3.39108028985632e-09	PMEPA1	c9
1.01150765503286e-13	0.674476338525779	0.127	0.066	3.40817389286772e-09	TAX1BP3	c9
1.01211280542758e-13	0.522410365260214	0.167	0.093	3.41021288660767e-09	HMGXB3	c9
1.01471232983084e-13	0.345058739251826	0.381	0.254	3.41897172413203e-09	SF3A3	c9
1.03696336657541e-13	0.433212009622132	0.199	0.116	3.49394436733919e-09	IQCB1	c9
1.057470630936e-13	0.297682778889098	0.674	0.531	3.56304154387576e-09	XRCC5	c9
1.06217837230766e-13	0.508833719605033	0.103	0.049	3.57890380765343e-09	ARHGAP35	c9
1.0658461242668e-13	0.382367268063217	0.312	0.202	3.59126193110456e-09	EIF2S1	c9
1.06730485565944e-13	0.648737970952687	0.165	0.093	3.59617698065892e-09	WDR11	c9
1.07569585913975e-13	0.620341957701402	0.169	0.095	3.62444962778548e-09	RASA1	c9
1.08415704940264e-13	1.79855299026025	0.025	0.006	3.65295876225725e-09	CNTLN	c9
1.10491996857123e-13	0.135011907294987	0.981	0.968	3.72291734210391e-09	PPIA	c9
1.12334821359728e-13	0.311554883980413	0.404	0.271	3.78500947089466e-09	SNRNP40	c9
1.14217890990747e-13	0.284525111495211	0.75	0.61	3.84845761904224e-09	RBM8A	c9
1.14601737428611e-13	0.699274245659686	0.128	0.067	3.86139094091962e-09	SCCPDH	c9
1.14704839383709e-13	0.351357622721355	0.331	0.214	3.86486485819468e-09	SCNM1	c9
1.1838056798391e-13	0.338060307095157	0.52	0.373	3.98871485764988e-09	CYLD	c9
1.19634967199201e-13	0.344295419801858	0.431	0.295	4.03098058480989e-09	VDAC3	c9
1.19884492986989e-13	0.346966884766727	0.397	0.268	4.03938810670359e-09	CCDC115	c9
1.20085072755321e-13	0.491714684279818	0.169	0.095	4.04614644141779e-09	DNAJC21	c9
1.20227022029588e-13	1.12705198637049	0.06	0.024	4.05092928026494e-09	WDHD1	c9
1.21169347765084e-13	0.320747635840848	0.493	0.346	4.08268000359673e-09	SNRPE	c9
1.22429612414029e-13	0.443672187284175	0.218	0.131	4.12514336067828e-09	ACOT8	c9
1.22477063358666e-13	0.616240514968927	0.145	0.079	4.1267421728069e-09	PEX14	c9
1.24886199493763e-13	0.465295185581299	0.202	0.119	4.20791560574286e-09	GNPDA1	c9
1.25611108550257e-13	0.36953292144597	0.238	0.145	4.23234069149235e-09	PHACTR2	c9
1.29179525951697e-13	0.383977082422873	0.304	0.194	4.35257494741647e-09	PDE6D	c9
1.2975772194234e-13	0.369606952838761	0.318	0.207	4.37205668312521e-09	COPS3	c9
1.30084232234638e-13	0.417683820108106	0.265	0.166	4.3830581209139e-09	TNPO1	c9
1.31019745654154e-13	0.471658795208015	0.149	0.08	4.41457931007105e-09	BTBD10	c9
1.33150771075324e-13	0.294996059464545	0.473	0.327	4.48638208061195e-09	TIAL1	c9
1.34024000663482e-13	0.371728532757874	0.286	0.181	4.51580467835535e-09	RC3H1	c9
1.35360787002474e-13	0.346510170809322	0.359	0.239	4.56084635726136e-09	TIPRL	c9
1.35633702365306e-13	0.452529709654895	0.207	0.123	4.57004196749662e-09	PTEN	c9
1.40027463544974e-13	0.302930946400932	0.465	0.319	4.71808535668435e-09	DECR1	c9
1.41844852429159e-13	0.40374496841669	0.192	0.111	4.7793204577481e-09	SH3BP2	c9
1.42402834312115e-13	0.621649045913085	0.127	0.066	4.79812109931241e-09	APAF1	c9
1.44391758160415e-13	0.53898292004707	0.267	0.171	4.86513589945701e-09	USO1	c9
1.45306570515833e-13	0.422253174431491	0.253	0.157	4.89595958696047e-09	RFXANK	c9
1.47171615272326e-13	1.48266070373787	0.033	0.009	4.95880040498575e-09	MAMLD1	c9
1.48899037129489e-13	0.509211923052595	0.229	0.141	5.01700415704102e-09	EXOSC9	c9
1.50318396426428e-13	1.8205260680353	0.027	0.007	5.06482804919207e-09	RP11-305L7.3	c9
1.50580440579579e-13	1.47042080226295	0.045	0.016	5.07365736488834e-09	PIP5K1B	c9
1.55867016718173e-13	0.412761214430552	0.244	0.15	5.25178326130214e-09	NOL8	c9
1.56547550800021e-13	0.552217168080331	0.182	0.106	5.27471317665591e-09	CLN5	c9
1.5771110142223e-13	0.322587458186932	0.423	0.288	5.31391785132062e-09	SMARCA5	c9
1.59077586684084e-13	0.314528517115941	0.498	0.354	5.35996020573352e-09	PTBP1	c9
1.59997347399084e-13	0.34533287897474	0.563	0.409	5.39095062326474e-09	SNRNP70	c9
1.61746730955498e-13	0.521079648928027	0.197	0.117	5.44989435281455e-09	ATG13	c9
1.63579228424837e-13	0.354823589235093	0.431	0.298	5.51163852254645e-09	UFM1	c9
1.65129520106833e-13	0.287812723220721	0.751	0.596	5.56387405047964e-09	VPS28	c9
1.65325749863268e-13	0.391308634111153	0.195	0.113	5.57048581589297e-09	RNPEP	c9
1.66285331336025e-13	0.631655852907479	0.12	0.061	5.60281795403602e-09	NSUN3	c9
1.66768446818008e-13	0.447080908511187	0.189	0.11	5.61909604708595e-09	AGPAT1	c9
1.68083361411305e-13	0.366911761962588	0.277	0.174	5.66340077939251e-09	ACTR10	c9
1.69132817845794e-13	0.658538790031417	0.13	0.069	5.69876116449619e-09	RBM7	c9
1.69832308016649e-13	0.279768199129515	0.563	0.402	5.72232978631296e-09	VMP1	c9
1.7745522221104e-13	0.500590345474147	0.121	0.061	5.97917625717877e-09	CLU	c9
1.77582562636937e-13	0.574332983818953	0.124	0.064	5.98346686548897e-09	RITA1	c9
1.77903351987717e-13	0.331677590948483	0.331	0.218	5.99427554187413e-09	MLEC	c9
1.81416740310813e-13	0.333252953451772	0.338	0.222	6.11265564803252e-09	RECQL	c9
1.82793501932408e-13	0.819653862762303	0.1	0.048	6.15904425411056e-09	UBE2F	c9
1.86193966230208e-13	2.63300428712014	0.012	0.002	6.27361949816062e-09	NDN	c9
1.86995676508734e-13	2.65162218952118	0.012	0.002	6.30063232428528e-09	TNS2	c9
1.88069901196678e-13	2.62630990270542	0.012	0.002	6.33682725092086e-09	HHEX	c9
1.89217062261869e-13	0.506791618969699	0.218	0.133	6.37547969585141e-09	CHD8	c9
1.95300306200613e-13	0.420516358238436	0.202	0.118	6.58044851712345e-09	TMEM156	c9
1.95962690072516e-13	0.371664605048379	0.371	0.251	6.60276687930336e-09	ERLEC1	c9
1.98060243109678e-13	0.388309288396944	0.459	0.325	6.6734418313375e-09	LAPTM4A	c9
1.98610279970468e-13	0.306328646389686	0.473	0.329	6.69197477332495e-09	THOC7	c9
2.01944485195514e-13	0.338509190178991	0.354	0.233	6.80431748417763e-09	GID8	c9
2.02674477104549e-13	0.343503711198944	0.276	0.174	6.82891383156067e-09	AKTIP	c9
2.04062074507633e-13	0.293113328286868	0.599	0.438	6.87566753846019e-09	ARHGAP9	c9
2.04493602325581e-13	0.651208525259839	0.145	0.079	6.89020743675814e-09	CLIC5	c9
2.08055667144713e-13	0.328698580807941	0.553	0.403	7.01022764877397e-09	WBP2	c9
2.09278731901966e-13	1.17404875600614	0.06	0.024	7.05143759270486e-09	SYNGR3	c9
2.10789490035138e-13	0.296548098262481	0.415	0.281	7.10234107724395e-09	PARVG	c9
2.10958470785e-13	1.17684663163036	0.047	0.017	7.10803471462977e-09	AGAP3	c9
2.12792702397491e-13	0.638905406346137	0.107	0.053	7.16983731458106e-09	GYS1	c9
2.12812289693969e-13	0.423081966575528	0.247	0.154	7.17049728894858e-09	HOOK3	c9
2.17049317831263e-13	0.383565063359179	0.233	0.142	7.31325971500658e-09	MFSD1	c9
2.20269029228427e-13	0.384881361219684	0.244	0.15	7.42174467082261e-09	RC3H2	c9
2.30574311772264e-13	0.294809025357748	0.448	0.309	7.76897086085466e-09	C19orf24	c9
2.31124267333423e-13	0.302190200256695	0.415	0.284	7.78750106353234e-09	UFD1L	c9
2.31246229745663e-13	0.757085550034671	0.106	0.053	7.79161046505035e-09	AP3S2	c9
2.36592011383281e-13	0.448184923896212	0.212	0.127	7.97173123154827e-09	ZNF280D	c9
2.41793974132235e-13	0.342696809903588	0.319	0.208	8.14700616441152e-09	DPF2	c9
2.42226768087576e-13	0.523972793398363	0.185	0.107	8.16158872394277e-09	SLC35B2	c9
2.50346179676872e-13	0.324400312395205	0.319	0.208	8.43516417803252e-09	LARP7	c9
2.50785633844493e-13	0.375462988234649	0.325	0.212	8.44997114675635e-09	UBE2J2	c9
2.50791031184946e-13	2.29280132295585	0.014	0.002	8.45015300474556e-09	CCL23	c9
2.52838798857511e-13	0.367669783114417	0.306	0.198	8.51915048870498e-09	TCERG1	c9
2.53282405176051e-13	0.377571472201974	0.411	0.281	8.53409736000185e-09	SCAMP3	c9
2.56053244869028e-13	0.439458480420462	0.189	0.11	8.62745803261703e-09	TPRA1	c9
2.58512100419824e-13	0.338723254037157	0.241	0.146	8.71030671154556e-09	NDUFV3	c9
2.60926111803685e-13	0.540117089056623	0.167	0.095	8.79164441111336e-09	PGP	c9
2.62230185691698e-13	0.319026241925302	0.279	0.176	8.83558387669606e-09	NSUN5	c9
2.62773106261148e-13	0.510641559133133	0.167	0.095	8.85387704236313e-09	MR1	c9
2.63048780327697e-13	0.301519086361702	0.436	0.299	8.86316560436141e-09	G3BP2	c9
2.65768416376374e-13	0.390792373530845	0.243	0.151	8.95480102138554e-09	SUDS3	c9
2.69255880040269e-13	0.431865923224112	0.187	0.109	9.07230762207684e-09	MED1	c9
2.70597442279843e-13	0.467140750096426	0.2	0.118	9.11751022017702e-09	COL4A3BP	c9
2.71559091669336e-13	0.428558275284467	0.207	0.123	9.14991203470660e-09	TMEM107	c9
2.72306435928475e-13	0.493342555083584	0.226	0.139	9.17509305217405e-09	WDR46	c9
2.74753763115913e-13	0.71294531516987	0.12	0.062	9.25755329442757e-09	STK40	c9
2.74798883223651e-13	0.647084238321527	0.158	0.089	9.25907357133768e-09	CHST7	c9
2.78820308104694e-13	0.339711260371532	0.461	0.326	9.39457146127954e-09	DCXR	c9
2.79136782598138e-13	0.401637541710934	0.193	0.113	9.40523475286166e-09	EDEM1	c9
2.84310598726628e-13	0.308642012745863	0.397	0.268	9.57956131349501e-09	EIF4E	c9
2.85022217374996e-13	0.35367888497828	0.604	0.456	9.60353859223313e-09	KPNB1	c9
2.85376507211499e-13	1.0739978707375	0.06	0.024	9.61547603398425e-09	LINC01011	c9
2.87693475277912e-13	0.463202105786338	0.191	0.112	9.69354395601397e-09	NMT1	c9
2.88911174422634e-13	0.577357195996201	0.134	0.071	9.73457311099623e-09	HECTD3	c9
2.89185414425415e-13	2.13040927857701	0.022	0.005	9.74381335364992e-09	CLIC4	c9
2.91439714491357e-13	0.31941819789216	0.419	0.285	9.81976974007178e-09	DENR	c9
2.94257079440379e-13	0.416591912764048	0.23	0.14	9.91469803466413e-09	ELP5	c9
2.9483056904239e-13	0.477015279888524	0.206	0.124	9.93402119331429e-09	ACAT2	c9
2.96109138212811e-13	0.421800874825988	0.211	0.126	9.97710130294246e-09	PSMD10	c9
2.99218656876758e-13	0.304597804964728	0.641	0.485	1.00818734248055e-08	RBCK1	c9
3.03252449099507e-13	0.362161793291357	0.264	0.167	1.02177880199588e-08	CSRNP1	c9
3.06573884737581e-13	0.500671395553994	0.18	0.104	1.03297004723481e-08	LRRC8C	c9
3.08257501483381e-13	1.36512649885634	0.105	0.054	1.03864282549811e-08	TRAV16	c9
3.08613158094634e-13	1.2275783762375	0.04	0.013	1.03984117488406e-08	NUDT6	c9
3.09444571121927e-13	0.404122287378424	0.285	0.182	1.04264253793822e-08	RAB5A	c9
3.16644963830213e-13	0.260390258492614	0.426	0.289	1.06690354112952e-08	PIH1D1	c9
3.18846729376802e-13	1.08439759511224	0.131	0.071	1.0743221699622e-08	TRAV8-6	c9
3.20989152238623e-13	0.450410226821112	0.212	0.127	1.08154084955282e-08	TSSC1	c9
3.2444421760154e-13	0.539688547387089	0.118	0.06	1.09318234678663e-08	CLK2	c9
3.25406544687828e-13	0.576950324412663	0.148	0.082	1.09642481167117e-08	SCAMP4	c9
3.25911118586171e-13	0.282995578502734	0.322	0.209	1.09812492296424e-08	IL21R	c9
3.29197833266651e-13	0.966688520127382	0.058	0.023	1.10919917940865e-08	PLEKHO2	c9
3.30151514743342e-13	0.315643325655778	0.292	0.185	1.11241251377622e-08	GLTP	c9
3.30670957104946e-13	0.473518262291498	0.212	0.129	1.1141627228694e-08	KPNA3	c9
3.30782759969109e-13	0.505235660470147	0.193	0.114	1.11453943143992e-08	INIP	c9
3.31771625926319e-13	0.35109679234722	0.379	0.253	1.11787131639614e-08	EXOSC1	c9
3.40741573573856e-13	0.368490309947091	0.279	0.176	1.14809465799975e-08	PBRM1	c9
3.43431370447004e-13	0.248906060187188	0.445	0.3	1.15715765958414e-08	TMOD3	c9
3.51610116109898e-13	0.459251199964307	0.152	0.083	1.18471512522069e-08	EIF2B4	c9
3.52791289638705e-13	0.305789891059755	0.41	0.275	1.18869497130865e-08	MRPS7	c9
3.53564650867166e-13	0.386063649216016	0.248	0.154	1.19130073463183e-08	YAF2	c9
3.57051945734356e-13	0.353199157192785	0.228	0.138	1.20305082595734e-08	STAT5B	c9
3.57209022696519e-13	0.245256706100693	0.745	0.615	1.20358008107365e-08	NEAT1	c9
3.58419985410245e-13	1.23929027708144	0.121	0.065	1.20766029884128e-08	TRAV13-2	c9
3.60270955157811e-13	0.539663714598664	0.153	0.085	1.21389695630873e-08	PSMG1	c9
3.61303414804993e-13	0.338197032049411	0.315	0.203	1.21737572584394e-08	CNDP2	c9
3.67186476554839e-13	0.720249754270444	0.081	0.036	1.23719811410387e-08	A1BG-AS1	c9
3.70370237518845e-13	0.184710902092728	0.965	0.902	1.247925478296e-08	DDX5	c9
3.73089369121358e-13	0.807488579521805	0.104	0.051	1.2570873203175e-08	TBCE	c9
3.74470555787386e-13	1.13978386720016	0.039	0.012	1.26174109067002e-08	AP003774.1	c9
3.79351865102766e-13	0.511062934549406	0.134	0.071	1.27818817427726e-08	SEC24D	c9
3.80857945820496e-13	0.476969350606137	0.187	0.11	1.28326276264758e-08	LTN1	c9
3.87359403632795e-13	0.144786367647207	0.626	0.476	1.30516877460034e-08	EEF1G	c9
3.92339492198298e-13	0.357091564700348	0.218	0.13	1.32194868501294e-08	DYNC1LI2	c9
3.92352644891775e-13	0.475781371666016	0.202	0.12	1.32199300169835e-08	LRRC41	c9
3.95794624204941e-13	0.317476287467213	0.515	0.363	1.33359040679613e-08	DCTN3	c9
4.09076089885516e-13	2.47420037734818	0.014	0.002	1.37834097726026e-08	OGN	c9
4.16947860505057e-13	0.580305287423805	0.154	0.086	1.40486412118574e-08	TPK1	c9
4.34488806391517e-13	0.583938438988207	0.142	0.078	1.46396658425558e-08	AMBRA1	c9
4.36336198037122e-13	0.350596669450229	0.257	0.16	1.47019118566628e-08	CBX5	c9
4.41804857678846e-13	0.661365328632129	0.093	0.044	1.4886172874631e-08	SLC35D2	c9
4.45196018658171e-13	0.350005119404142	0.449	0.311	1.50004346526684e-08	TAOK3	c9
4.463841349349e-13	0.320851507131601	0.372	0.247	1.50404670424965e-08	GPS1	c9
4.46905867132047e-13	0.383232629802089	0.305	0.198	1.50580462871472e-08	RBM22	c9
4.48854018788763e-13	0.364283001905338	0.204	0.122	1.51236873090686e-08	PNPLA8	c9
4.53964005336132e-13	0.426093206451319	0.148	0.081	1.52958631957956e-08	PCYT2	c9
4.53993573140101e-13	0.300301160322674	0.377	0.252	1.52968594533825e-08	MRPS16	c9
4.59108757438472e-13	0.396976933995622	0.226	0.138	1.54692104731319e-08	WWP2	c9
4.67500764079965e-13	0.452340498775511	0.179	0.103	1.57519707449104e-08	ELL	c9
4.68063081400342e-13	0.394340631245755	0.244	0.151	1.57709174647031e-08	ZC3H8	c9
4.68936163917571e-13	0.786923533138981	0.086	0.04	1.58003351070386e-08	ITGAV	c9
4.72059082662757e-13	1.40144818446029	0.032	0.009	1.59055587312389e-08	MDK	c9
4.72783305718075e-13	0.504829190284222	0.158	0.089	1.59299607028648e-08	RASSF2	c9
4.78921659696678e-13	0.563756172740536	0.197	0.118	1.61367864018199e-08	NUBP1	c9
4.78934109606022e-13	0.826534238666139	0.074	0.033	1.61372058890653e-08	KLHL5	c9
4.80868885113729e-13	1.12574136588253	0.062	0.025	1.6202396215022e-08	MRPL12	c9
4.91005571780163e-13	0.395300072929037	0.227	0.138	1.65439417355608e-08	FBXL3	c9
5.00708905824246e-13	1.39696688477167	0.041	0.014	1.68708858728421e-08	IFNLR1	c9
5.02009486784191e-13	0.380801443628144	0.253	0.159	1.69147076477065e-08	ARL1	c9
5.09240416091411e-13	0.449935932730058	0.176	0.101	1.7158346579784e-08	GEMIN7	c9
5.2599709000953e-13	0.386547960701779	0.241	0.148	1.77229459507811e-08	FAM46C	c9
5.28119298948331e-13	0.453858603315155	0.162	0.091	1.77944516587651e-08	YKT6	c9
5.31375137992707e-13	0.479060574017202	0.213	0.129	1.79041538995263e-08	TNPO3	c9
5.32053909374466e-13	0.32096614934415	0.334	0.221	1.79270244224633e-08	PTRHD1	c9
5.37017909768486e-13	0.392562738242946	0.13	0.068	1.80942814517394e-08	ZFYVE21	c9
5.41964699742204e-13	0.574031848101353	0.121	0.063	1.82609585931138e-08	SNX11	c9
5.50275921711685e-13	0.411928348377713	0.185	0.108	1.85409969061535e-08	MED16	c9
5.57028135025675e-13	0.685948497699773	0.116	0.059	1.87685059815551e-08	TNFSF12	c9
5.66247814164883e-13	0.459175192627767	0.173	0.1	1.90791538504716e-08	FRA10AC1	c9
5.68596054079986e-13	0.262797597413199	0.552	0.391	1.9158275446171e-08	PCNP	c9
5.68963823459104e-13	0.808631729528796	0.076	0.034	1.91706670676311e-08	FASTKD3	c9
5.72114722991307e-13	0.455518485017604	0.185	0.109	1.92768334764691e-08	KATNA1	c9
5.87743264269786e-13	0.323262583922346	0.461	0.323	1.98034215463062e-08	ADH5	c9
5.89002584066788e-13	0.631406080869217	0.137	0.074	1.98458530675464e-08	MAPKAPK2	c9
6.03097746278976e-13	0.334644223351738	0.501	0.355	2.03207754631238e-08	UQCRC2	c9
6.06276263082017e-13	0.300323071328922	0.589	0.431	2.04278724082855e-08	EIF4H	c9
6.09508516374266e-13	0.304438731068173	0.458	0.318	2.05367799507145e-08	HNRNPL	c9
6.10878543027377e-13	0.436007295359728	0.265	0.169	2.05829416287644e-08	MRPS23	c9
6.23508163947548e-13	0.267282584916404	0.495	0.352	2.10084840760487e-08	TOP1	c9
6.24774764416332e-13	0.255816309048065	0.314	0.201	2.10511609122439e-08	RNF113A	c9
6.29126031533609e-13	0.327625338651143	0.471	0.33	2.11977725064934e-08	SUMO3	c9
6.32065852652406e-13	0.329317984082753	0.386	0.26	2.12968268392702e-08	PSMD11	c9
6.37605919230798e-13	0.409152092232062	0.268	0.172	2.14834938425625e-08	TMEM222	c9
6.46685732142166e-13	0.42735511497525	0.226	0.139	2.17894290587982e-08	GPS2	c9
6.54802256286781e-13	0.422191790821708	0.174	0.1	2.20629072233268e-08	MAP3K5	c9
6.66599082926061e-13	0.300008528186153	0.692	0.544	2.24603895001107e-08	DYNLT1	c9
6.74665687580405e-13	0.491173812896031	0.119	0.061	2.27321856773342e-08	WBP1L	c9
6.96514154614649e-13	0.319449897358099	0.277	0.177	2.3468347925586e-08	RBM5	c9
7.00367024190016e-13	0.33327513301195	0.31	0.202	2.35981665130584e-08	TPGS1	c9
7.10941106243798e-13	0.357291255432856	0.258	0.162	2.39544496337785e-08	SART1	c9
7.16411179549506e-13	0.515205486848221	0.175	0.102	2.41387582837411e-08	GNL2	c9
7.20826468133106e-13	0.437173966933547	0.204	0.122	2.42875270172769e-08	SLC35B1	c9
7.23047599295027e-13	0.238906741328177	0.838	0.726	2.43623658106466e-08	ACAP1	c9
7.28593235201522e-13	0.518926400217626	0.16	0.09	2.45492204668801e-08	COQ5	c9
7.3259291263546e-13	0.339808993272908	0.267	0.169	2.46839855983392e-08	DNAJB11	c9
7.34720853893191e-13	0.714293483187105	0.125	0.067	2.47556844510772e-08	ARL15	c9
7.41018733251072e-13	0.540522274694378	0.154	0.087	2.49678851981616e-08	NCLN	c9
7.44244837787263e-13	1.79970802623929	0.034	0.01	2.5076585564404e-08	PDCD1LG2	c9
7.45030122825170e-13	0.337198614710402	0.438	0.307	2.51030449584713e-08	POLR2I	c9
7.57678349743521e-13	0.469998921497391	0.202	0.121	2.55292143162582e-08	INTS6	c9
7.5997224066793e-13	0.275215270992641	0.626	0.468	2.56065046770652e-08	GRB2	c9
7.65098283104484e-13	0.439212146092325	0.139	0.076	2.57792215509225e-08	TMEM64	c9
7.77457944456531e-13	0.708349331372177	0.113	0.058	2.61956679805183e-08	PAK1IP1	c9
7.79716847351945e-13	0.332627470980593	0.209	0.125	2.62717794546764e-08	ATXN3	c9
7.89858905786531e-13	0.341794986057965	0.273	0.173	2.66135059715714e-08	ZPR1	c9
7.99043056505487e-13	0.42726257608337	0.221	0.136	2.69229567458959e-08	STK24	c9
7.99852700360528e-13	0.297372344584284	0.614	0.465	2.69502368859476e-08	BRD2	c9
8.00405751720589e-13	0.915933977993542	0.082	0.038	2.69688713984735e-08	C4orf33	c9
8.0512527045393e-13	1.03365167155439	0.072	0.031	2.71278908626747e-08	ARHGEF18	c9
8.10551782949927e-13	0.286831360876418	0.54	0.393	2.73107317747149e-08	SS18L2	c9
8.13739840200323e-13	0.397499416339038	0.296	0.194	2.74181501757097e-08	SHOC2	c9
8.25947414227069e-13	0.630315436667642	0.14	0.077	2.78294721749669e-08	ICMT	c9
8.34257705209203e-13	1.027681010255	0.059	0.024	2.81094791193189e-08	PHLDA2	c9
8.46615058316556e-13	0.360150749264778	0.293	0.19	2.85258477749181e-08	SMIM7	c9
8.50716225137447e-13	0.312443509191274	0.375	0.253	2.86640324897811e-08	OGFR	c9
8.55492344320129e-13	0.625473898487928	0.134	0.072	2.88249590495224e-08	PLOD3	c9
8.55763387120616e-13	0.99701992218567	0.082	0.038	2.8834091565642e-08	RENBP	c9
8.5821726815518e-13	0.4430616170676	0.22	0.135	2.89167726332206e-08	TRAPPC6B	c9
8.66646281320903e-13	0.338721072031275	0.286	0.184	2.92007798028265e-08	CXorf38	c9
8.9637106029938e-13	0.534377817659363	0.146	0.081	3.02023265057273e-08	UNG	c9
8.97844424982195e-13	0.440493901554359	0.154	0.086	3.02519700553501e-08	PRPF39	c9
9.15627941768818e-13	0.327234772072328	0.417	0.288	3.08511678699585e-08	PSMB7	c9
9.2463003258334e-13	0.385680180816775	0.25	0.155	3.1154484317863e-08	ANKRD13A	c9
9.36227204050876e-13	0.637708830807603	0.137	0.075	3.15452394132902e-08	KLF10	c9
9.46505388174637e-13	0.320616638615339	0.327	0.215	3.18915525491562e-08	MANF	c9
9.73941769619387e-13	0.35394287159564	0.305	0.2	3.28159939855556e-08	SRPK1	c9
9.8567962351333e-13	0.551700856114369	0.134	0.072	3.32114892346582e-08	GDAP2	c9
9.88059749841214e-13	0.391720088541997	0.208	0.125	3.32916852111499e-08	DNTTIP1	c9
9.8813017971163e-13	0.415874608219349	0.198	0.118	3.32940582752037e-08	FAM45A	c9
1.00669115782161e-12	0.785760662290883	0.099	0.049	3.39194518716412e-08	TMCO4	c9
1.00733986035631e-12	0.431567571806761	0.242	0.151	3.39413092548456e-08	COMMD10	c9
1.0240368292221e-12	0.318326723004849	0.295	0.189	3.45038969238095e-08	PABPN1	c9
1.03598997719738e-12	0.532384570961978	0.127	0.068	3.49066462916884e-08	PRKAR1B	c9
1.05977186803349e-12	0.479517179280364	0.175	0.102	3.57079533215205e-08	BRI3	c9
1.06478845972543e-12	0.497590485586148	0.139	0.075	3.58769823619887e-08	RNF141	c9
1.06558001143558e-12	0.467711974666244	0.176	0.102	3.59036529053104e-08	FAF2	c9
1.07437775435145e-12	0.289981064071874	0.615	0.461	3.62000840551177e-08	TMEM230	c9
1.08646011317647e-12	0.395230964462467	0.288	0.186	3.66071870533681e-08	RAB1A	c9
1.09034395547258e-12	2.21944490935827	0.02	0.004	3.67380492356932e-08	MRC2	c9
1.1252379080609e-12	0.35638945555585	0.258	0.163	3.79137660742039e-08	DDB2	c9
1.14497645246309e-12	0.328587180308917	0.257	0.161	3.85788365892913e-08	CHRAC1	c9
1.14932120533068e-12	0.373623672780036	0.296	0.192	3.87252286924118e-08	STIM1	c9
1.16173361753551e-12	0.379145026597791	0.323	0.216	3.91434525092413e-08	SMNDC1	c9
1.16272826733183e-12	0.437247067769609	0.215	0.13	3.91769662394787e-08	KIAA1033	c9
1.17192233335218e-12	2.09724396900791	0.027	0.007	3.94867510999683e-08	FAM72A	c9
1.17536582268686e-12	0.253870443460754	0.46	0.32	3.96027760296112e-08	PCM1	c9
1.18836869035612e-12	0.403554961135709	0.238	0.148	4.00408946528593e-08	COPS7A	c9
1.19261231810787e-12	0.735320774134121	0.088	0.041	4.01838794463264e-08	TRIOBP	c9
1.20032089201693e-12	0.655189855891059	0.078	0.035	4.04436121356185e-08	CH25H	c9
1.21409740214933e-12	2.86422260094024	0.011	0.002	4.09077978680194e-08	SH2D4A	c9
1.21851469559783e-12	0.361680389708497	0.282	0.182	4.10566341534733e-08	TMEM141	c9
1.23928085129263e-12	0.307486635917636	0.43	0.298	4.17563290034538e-08	HDAC1	c9
1.24729384321639e-12	0.32273107832929	0.234	0.144	4.2026318753333e-08	C5orf24	c9
1.25874275354861e-12	0.365199799146811	0.31	0.203	4.24120783380667e-08	GARS	c9
1.30298957624695e-12	0.845049266897503	0.079	0.036	4.39029307820648e-08	AC009403.2	c9
1.3113304594314e-12	0.302817134690102	0.705	0.557	4.41839685000817e-08	XRCC6	c9
1.35703523976698e-12	1.45781554945615	0.036	0.011	4.57239453687088e-08	GRAMD1B	c9
1.36454824626346e-12	0.308798062589299	0.199	0.118	4.59770886096011e-08	TMEM203	c9
1.36490834552447e-12	0.32599067358693	0.283	0.181	4.59892217941013e-08	MRPL47	c9
1.37376558548623e-12	0.384880520644414	0.341	0.23	4.6287657637373e-08	GTF2I	c9
1.3996997729462e-12	0.446076937834232	0.144	0.079	4.71614841496494e-08	RNF170	c9
1.40694715258097e-12	0.729362096864333	0.135	0.074	4.74056773590632e-08	MTHFD1	c9
1.40789551448129e-12	0.414092153213167	0.256	0.164	4.74376314649327e-08	CEP85L	c9
1.41639227239503e-12	0.368918937457518	0.293	0.191	4.77239212260781e-08	FAM103A1	c9
1.42284142790865e-12	0.299664497891139	0.189	0.114	4.7941219071954e-08	TRAV8-2	c9
1.45906735374276e-12	0.349628603813969	0.297	0.193	4.91618154170085e-08	DCTD	c9
1.46722211685564e-12	0.703987311596083	0.124	0.067	4.94365820053338e-08	TFE3	c9
1.49061258484914e-12	0.360621527563914	0.241	0.15	5.02247004339069e-08	ME2	c9
1.49076260996647e-12	0.813836363515676	0.089	0.042	5.02297553802102e-08	C15orf39	c9
1.493058586138e-12	0.548448238514015	0.175	0.103	5.03071160013336e-08	ZCCHC8	c9
1.54642591254878e-12	0.283600607571439	0.688	0.549	5.21052746974186e-08	SEP15	c9
1.5562196232481e-12	0.620322463252829	0.099	0.049	5.24352639857216e-08	GALNS	c9
1.56392813138255e-12	2.12397333105522	0.024	0.006	5.26949944588036e-08	CDH24	c9
1.57636260967661e-12	0.331587739186921	0.318	0.209	5.31139617704437e-08	AGGF1	c9
1.59567827798596e-12	0.464641997702342	0.173	0.101	5.37647838984588e-08	CMTR1	c9
1.60841567257423e-12	0.447532812738164	0.18	0.106	5.4193957671716e-08	VIM-AS1	c9
1.61987784180993e-12	0.534812117174643	0.13	0.07	5.45801640019438e-08	ZDHHC13	c9
1.64029001036472e-12	0.544819840341696	0.199	0.12	5.5267931609229e-08	SPEN	c9
1.65961858786713e-12	1.19892166458062	0.055	0.022	5.59191886995952e-08	FAM13A	c9
1.67086144759232e-12	0.568272676555237	0.154	0.088	5.62980056151757e-08	ALG1	c9
1.68029992054419e-12	0.280217995940582	0.689	0.528	5.66160255228158e-08	MDH2	c9
1.72721306824826e-12	0.733498944389217	0.066	0.028	5.8196717121557e-08	BTBD6	c9
1.73600397605472e-12	0.294989756596117	0.248	0.153	5.84929179691878e-08	TMEM126A	c9
1.78172983918772e-12	0.722550962743033	0.098	0.049	6.0033605201591e-08	LIMK1	c9
1.82847077893636e-12	0.631795387424787	0.112	0.058	6.16084944254817e-08	GTF3C3	c9
1.89814872373502e-12	0.472697818135817	0.162	0.092	6.39562230975279e-08	RPUSD1	c9
1.94469996273379e-12	0.456455982042393	0.206	0.126	6.55247205443522e-08	RIN3	c9
1.95558221974658e-12	0.595647248966032	0.143	0.08	6.58913873121412e-08	KIAA0232	c9
1.96003491228375e-12	0.682246554063819	0.136	0.075	6.60414163344887e-08	MTFR1L	c9
1.96813877094377e-12	0.695241100840988	0.096	0.047	6.63144677481794e-08	AP1AR	c9
1.98766094167989e-12	0.346106794046701	0.268	0.171	6.69722477689622e-08	PSMD12	c9
2.01616921416263e-12	0.298347609651889	0.331	0.218	6.79328055019957e-08	ADAM8	c9
2.07046057078269e-12	2.16279314433693	0.016	0.003	6.97620984719519e-08	LINC00271	c9
2.12248912291901e-12	0.307939104856556	0.458	0.323	7.1515148507633e-08	ARAP2	c9
2.1347576641286e-12	0.285203881077722	0.39	0.264	7.1928524735149e-08	SHARPIN	c9
2.15255981068697e-12	0.534338809545623	0.169	0.099	7.25283502612866e-08	GUCD1	c9
2.17355892944969e-12	0.490257163996036	0.134	0.073	7.32358945688778e-08	ATP2C1	c9
2.1834443024336e-12	0.431495390215273	0.217	0.133	7.35689723261977e-08	ZMAT3	c9
2.18681475789663e-12	0.625919773630414	0.126	0.068	7.36825364525692e-08	MTMR2	c9
2.20721266724828e-12	1.82460963433904	0.027	0.007	7.43698236102636e-08	SLC30A3	c9
2.22232199278037e-12	0.298873534581382	0.339	0.225	7.48789172247417e-08	ETNK1	c9
2.23115687057795e-12	0.339573914787077	0.319	0.21	7.51765995972533e-08	TMEM126B	c9
2.26574741175406e-12	0.277878660670985	0.552	0.403	7.63420932916414e-08	BZW1	c9
2.28288061372595e-12	0.374154111998086	0.273	0.177	7.69193793988822e-08	USP36	c9
2.29557012568477e-12	0.411297525692616	0.235	0.148	7.73469398148225e-08	PIK3R5	c9
2.30187868444133e-12	0.503844988733381	0.177	0.104	7.75595003935661e-08	HEXA	c9
2.33005294144868e-12	0.532516040657787	0.147	0.082	7.85088038091717e-08	MED25	c9
2.34965222555276e-12	0.698628625977968	0.121	0.065	7.91691820877747e-08	C17orf75	c9
2.36081741943135e-12	0.865182424861337	0.096	0.048	7.954538213032e-08	ASB7	c9
2.41920481748039e-12	0.65460280794991	0.114	0.059	8.15126871201843e-08	DSTYK	c9
2.42564940045542e-12	0.253555054916663	0.446	0.311	8.17298308989448e-08	KDM5A	c9
2.4572284472631e-12	0.35874654994244	0.18	0.105	8.27938553020827e-08	NSF	c9
2.47891690759562e-12	0.283746420261739	0.422	0.29	8.35246262845267e-08	PPHLN1	c9
2.49838645016819e-12	0.539979117571212	0.167	0.097	8.4180633051967e-08	DCLRE1C	c9
2.53812567659616e-12	0.445033108310149	0.177	0.104	8.55196065472311e-08	WIPF2	c9
2.55016860197588e-12	0.419831464016715	0.159	0.09	8.59253808749754e-08	MED13	c9
2.55376587518429e-12	0.442236620692779	0.187	0.112	8.60465873984594e-08	MCMBP	c9
2.60332185016338e-12	0.399010843060563	0.195	0.117	8.7716326419405e-08	DESI2	c9
2.61644514637499e-12	0.363451284223289	0.266	0.171	8.81585027619588e-08	CERS2	c9
2.66980707502133e-12	0.340377167967904	0.291	0.188	8.99564795857686e-08	KANSL1	c9
2.68175644143175e-12	0.305234200399132	0.385	0.263	9.03591015376013e-08	MRPS36	c9
2.75260807978661e-12	0.481312996383635	0.181	0.107	9.274637664033e-08	CXorf40B	c9
2.80101028476175e-12	0.29894495167489	0.441	0.307	9.43772405347623e-08	SEC13	c9
2.82088118230772e-12	0.420927610773249	0.209	0.127	9.50467705566764e-08	GLB1	c9
2.86682250343924e-12	0.408676211058604	0.227	0.141	9.65947174308817e-08	NUPL2	c9
3.02040311563307e-12	0.364870106888725	0.249	0.158	1.01769462578141e-07	ACADM	c9
3.03672457288987e-12	0.320381969554664	0.381	0.26	1.02319397758951e-07	COPS5	c9
3.07076886146632e-12	0.492043293092374	0.152	0.086	1.03466486018246e-07	NFKBIL1	c9
3.10168535435442e-12	0.338925731325535	0.346	0.232	1.04508186329618e-07	ITPA	c9
3.18548768495266e-12	0.836468150254842	0.084	0.04	1.07331822056795e-07	DSE	c9
3.26161672004742e-12	1.13610283904159	0.049	0.018	1.09896913765278e-07	CDYL2	c9
3.26950701915215e-12	0.305231616418192	0.277	0.179	1.10162769503312e-07	ELK3	c9
3.35620847039743e-12	0.495052533047938	0.158	0.091	1.13084088201571e-07	KIF3A	c9
3.40187493821525e-12	0.643061539215117	0.102	0.051	1.14622774168225e-07	WDYHV1	c9
3.41753253755511e-12	0.444729568363067	0.151	0.085	1.15150341320382e-07	TCAF1	c9
3.47091790317083e-12	0.375953648929628	0.253	0.161	1.16949107829438e-07	ERVK3-1	c9
3.51401573416717e-12	0.380537235056432	0.225	0.139	1.18401246147029e-07	DTNBP1	c9
3.5236383412333e-12	0.524150150993144	0.18	0.107	1.18725470269515e-07	ZNF821	c9
3.52494433821402e-12	0.460987273527898	0.178	0.105	1.18769474531783e-07	EFTUD2	c9
3.53504268837715e-12	1.64940043457084	0.024	0.006	1.1910972834218e-07	KIR2DL4	c9
3.60463004879652e-12	0.256744921211909	0.353	0.235	1.2145440486415e-07	SAFB	c9
3.62486394559564e-12	0.283392058702853	0.506	0.364	1.221361657829e-07	IK	c9
3.63001618816756e-12	0.567108037623886	0.121	0.065	1.22309765444118e-07	CDK5	c9
3.68347033248412e-12	0.669345103997911	0.133	0.073	1.2411084938272e-07	ALG6	c9
3.73770716643932e-12	1.94576940158999	0.021	0.005	1.25938305266006e-07	CEND1	c9
3.74738423205564e-12	0.343066297355835	0.416	0.293	1.26264364314883e-07	ETHE1	c9
3.75474627676272e-12	0.889681998401475	0.075	0.034	1.26512421049243e-07	ARPC4-TTLL3	c9
3.78529173438379e-12	0.399630544943972	0.186	0.111	1.27541619698327e-07	AP5Z1	c9
3.78657561960311e-12	0.353527507315105	0.227	0.141	1.27584878926907e-07	TRMT1	c9
3.83887819094465e-12	0.265930401103139	0.666	0.516	1.29347161765689e-07	SLFN5	c9
3.84917087123404e-12	0.296870465039755	0.375	0.254	1.2969396333536e-07	VPS35	c9
3.92690268629314e-12	0.359831070083042	0.272	0.175	1.32313059111961e-07	VTA1	c9
3.93742545158104e-12	0.33596190971376	0.244	0.153	1.32667613165572e-07	LINC00969	c9
3.94601950947458e-12	0.280183899670931	0.249	0.156	1.32957181352236e-07	PSPC1	c9
3.94927818327675e-12	0.304912736862389	0.3	0.197	1.33066979107327e-07	RPS6KB2	c9
3.97282068366275e-12	0.302052225510745	0.431	0.302	1.33860220115333e-07	NDUFB5	c9
4.02842192745301e-12	0.488790008301995	0.147	0.082	1.35733648423602e-07	TRIP4	c9
4.03964996625967e-12	0.327482400202934	0.504	0.363	1.36111965963153e-07	PSMD7	c9
4.058180988893e-12	0.345053041626793	0.214	0.131	1.36736350239761e-07	C18orf8	c9
4.15909705258403e-12	0.268425066294851	0.3	0.196	1.40136616089766e-07	PPP6R3	c9
4.21274431197452e-12	0.418065110780101	0.163	0.094	1.41944206847669e-07	INO80	c9
4.23976460808306e-12	0.272332889308303	0.394	0.266	1.42854628704751e-07	PNKD	c9
4.26121959995038e-12	2.55308146409959	0.014	0.002	1.43577533200728e-07	STON1	c9
4.26887074853909e-12	2.78319527964305	0.013	0.002	1.43835331001276e-07	LTF	c9
4.29301754229663e-12	0.3398063198681	0.378	0.258	1.44648933070143e-07	NDUFA10	c9
4.3077132025772e-12	0.269400279803858	0.443	0.307	1.45144088647636e-07	MIER1	c9
4.41605360264591e-12	2.9229002064581	0.02	0.004	1.48794510087551e-07	STRIP2	c9
4.44247626121589e-12	0.390213530102199	0.25	0.159	1.49684795145408e-07	RABIF	c9
4.45930347857111e-12	0.517598462059227	0.198	0.121	1.50251771406975e-07	KLC1	c9
4.48444327333824e-12	0.29993367388661	0.311	0.205	1.51098831651859e-07	USP8	c9
4.4995106243271e-12	0.320325330190501	0.476	0.339	1.51606510976077e-07	MRFAP1L1	c9
4.55201877933241e-12	0.341834461630701	0.348	0.235	1.53375720750826e-07	GPR65	c9
4.55449683062627e-12	0.279353986334438	0.727	0.572	1.53459216211122e-07	NDUFB10	c9
4.59643380245756e-12	0.665214409447542	0.1	0.05	1.54872240540005e-07	RRNAD1	c9
4.71017714074595e-12	0.576615729705575	0.17	0.1	1.58704708580294e-07	UTP6	c9
4.80958638986009e-12	0.27538534846337	0.266	0.17	1.62054203819946e-07	TAF11	c9
4.82458774828876e-12	0.255323262456699	0.546	0.389	1.62559659590841e-07	EMC4	c9
4.85967231214381e-12	0.611940019248692	0.143	0.081	1.63741798885374e-07	UBR7	c9
4.9547600405125e-12	0.38436232536465	0.33	0.224	1.66945684805028e-07	BCCIP	c9
5.02028478237405e-12	0.361912453774643	0.196	0.118	1.69153475457311e-07	BROX	c9
5.09856837145133e-12	0.510746600038889	0.198	0.121	1.71791162707681e-07	C11orf49	c9
5.12319947429723e-12	0.353581496146388	0.178	0.105	1.72621083086971e-07	MPHOSPH9	c9
5.20312613021236e-12	0.390070028234763	0.28	0.183	1.75314131831375e-07	ITFG1	c9
5.21292685568418e-12	0.339540158045322	0.281	0.182	1.75644357475423e-07	ZGPAT	c9
5.23612697195175e-12	0.438967732072419	0.168	0.098	1.76426062192942e-07	CALU	c9
5.25820394727338e-12	0.299968286857883	0.261	0.166	1.77169923799429e-07	MED29	c9
5.27443540298839e-12	1.66077533762419	0.023	0.006	1.77716826468291e-07	TGFB1I1	c9
5.29221688661628e-12	0.637878508522097	0.117	0.062	1.78315955777649e-07	KAT2B	c9
5.37695079672091e-12	1.85778647476382	0.033	0.01	1.81170980144714e-07	RASD1	c9
5.40121109414703e-12	1.35260692102855	0.034	0.011	1.8198840660619e-07	RASSF4	c9
5.47292879074724e-12	1.50177458274738	0.025	0.007	1.84404862675437e-07	ATP8B4	c9
5.48403412715652e-12	0.288571774349009	0.368	0.252	1.84779045880412e-07	FIP1L1	c9
5.51188207970159e-12	0.239521166239694	0.843	0.741	1.85717354793466e-07	UBE2D2	c9
5.59679334700302e-12	0.81192108091536	0.075	0.034	1.8857835503392e-07	HIGD1A	c9
5.64562654843278e-12	0.759071089265816	0.082	0.039	1.90223740922894e-07	DENND1A	c9
5.68186794477401e-12	0.418428903132635	0.203	0.124	1.91444858531216e-07	EBNA1BP2	c9
5.7864166119914e-12	0.311045905678211	0.167	0.096	1.94967521324438e-07	MLH1	c9
5.82899837850546e-12	0.413259886571637	0.13	0.07	1.96402271365363e-07	STRN	c9
5.92430059629014e-12	0.517573248268584	0.175	0.104	1.996133842914e-07	TARDBP	c9
5.99817843571695e-12	0.266802456243715	0.445	0.311	2.02102624213047e-07	TRADD	c9
6.20000753603318e-12	0.624335471086747	0.125	0.068	2.08903053919102e-07	CPSF3	c9
6.2582297440335e-12	2.73946039912801	0.012	0.002	2.10864792995465e-07	RP11-155L15.1	c9
6.43737430010988e-12	0.391918970858097	0.19	0.114	2.16900889667902e-07	AP1G1	c9
6.44533063278218e-12	0.508990712253424	0.165	0.097	2.17168970340963e-07	FCHO1	c9
6.50414442572016e-12	0.292186423180001	0.277	0.177	2.19150642280215e-07	CDK4	c9
6.59114699086044e-12	0.360873041199328	0.206	0.126	2.22082106710052e-07	COMTD1	c9
6.68232923370238e-12	0.678166607852603	0.101	0.051	2.25154401200368e-07	GTF2H2C	c9
6.71532507875722e-12	0.360622892426641	0.258	0.165	2.26266163203646e-07	CCNT1	c9
6.73723815164585e-12	0.348075592591737	0.291	0.189	2.27004502281555e-07	FAM208A	c9
6.8980224493013e-12	0.39271770513883	0.214	0.131	2.32421968406758e-07	ARHGEF2	c9
6.99153381977914e-12	0.287933149827216	0.693	0.556	2.35572740523638e-07	SRSF11	c9
7.01092947057413e-12	0.53001862362781	0.139	0.078	2.36226257581525e-07	VPS45	c9
7.02704728400548e-12	0.294723113100626	0.554	0.411	2.36769331187281e-07	ANXA7	c9
7.11366517332933e-12	0.364447906040276	0.207	0.126	2.39687834350159e-07	CAPNS1	c9
7.1201849197279e-12	0.455452236061347	0.244	0.156	2.39907510685312e-07	HERC4	c9
7.21935153533587e-12	0.279514712757959	0.485	0.342	2.43248830631607e-07	COX16	c9
7.23154498288797e-12	0.39904737192049	0.172	0.101	2.43659676653427e-07	CREB3L2	c9
7.24275677590355e-12	0.37592425167535	0.225	0.141	2.44037446807294e-07	XRCC1	c9
7.37769807308818e-12	0.748088456212916	0.104	0.053	2.48584158874633e-07	TEX30	c9
7.46545448199024e-12	0.391977950276153	0.243	0.154	2.51541023316179e-07	NCBP3	c9
7.55786985269375e-12	0.27887806793807	0.321	0.212	2.54654866816663e-07	PPWD1	c9
7.72004413341292e-12	0.279101700460651	0.301	0.197	2.60119167031215e-07	SP3	c9
7.75719945719001e-12	0.357817240690917	0.205	0.126	2.6137107851056e-07	MYL6B	c9
7.90525401998492e-12	0.456585868472964	0.201	0.123	2.66359628949372e-07	SNX14	c9
7.95036453988368e-12	0.264971216276133	0.47	0.333	2.67879582806841e-07	PDCD2	c9
8.06131699807442e-12	0.404579506660478	0.153	0.087	2.71618014933119e-07	EIF2AK4	c9
8.09032542820526e-12	0.361603090614969	0.584	0.449	2.72595424977948e-07	MYCBP2	c9
8.1776258386495e-12	0.311536517772119	0.547	0.406	2.75536925007456e-07	PSMF1	c9
8.2690019326718e-12	0.290953180125196	0.354	0.239	2.78615751119444e-07	EMC3	c9
8.40661062234771e-12	0.703390073112626	0.093	0.046	2.83252338309384e-07	UBE2W	c9
8.44623866412454e-12	0.371336452104066	0.208	0.128	2.84587565549012e-07	FMNL3	c9
8.5728329890421e-12	0.470673952593058	0.151	0.086	2.88853034732785e-07	SUCLA2	c9
8.60422313265391e-12	0.329719066074605	0.26	0.166	2.89910694231641e-07	ING4	c9
8.65055307262554e-12	0.538281875161934	0.137	0.076	2.91471735229045e-07	BIN3	c9
8.69929915741869e-12	0.367591695954783	0.194	0.117	2.93114185810065e-07	RUVBL2	c9
8.84821608588016e-12	0.29034140375771	0.35	0.238	2.98131792797646e-07	FRYL	c9
8.87452929855628e-12	0.442278551610446	0.263	0.172	2.99018390185555e-07	EIF2B1	c9
9.01702146956046e-12	1.55650780578802	0.023	0.006	3.0381952139537e-07	NCKAP1	c9
9.02414001124742e-12	0.726681546226134	0.11	0.058	3.04059373538971e-07	GPR107	c9
9.06359831096651e-12	0.659014028652059	0.09	0.044	3.05388881489706e-07	CDK19	c9
9.30663178954747e-12	0.412480912594235	0.167	0.097	3.13577651517013e-07	VPS37A	c9
9.43026358331218e-12	0.259387260346429	0.53	0.388	3.17743301176121e-07	PRPF40A	c9
9.65749469953396e-12	0.318333306931114	0.244	0.157	3.25399626406097e-07	CLIC3	c9
9.74743000707798e-12	0.542220618466057	0.131	0.072	3.28429906658485e-07	FAM104B	c9
9.76216292900941e-12	0.695472401156007	0.084	0.04	3.28926317730043e-07	TAB3	c9
9.84191023141985e-12	0.239234192729701	0.211	0.129	3.3161332333746e-07	RP11-553L6.2	c9
9.91182115692467e-12	0.284032546428216	0.402	0.281	3.3396890206142e-07	TTC14	c9
1.00206864029427e-11	0.351386070004924	0.218	0.136	3.3763700766075e-07	ANKRA2	c9
1.00623073529971e-11	0.321281869098846	0.285	0.185	3.39039383951884e-07	TPGS2	c9
1.00951202278362e-11	0.28614688197582	0.198	0.12	3.40144980956712e-07	TBC1D2B	c9
1.02733250970011e-11	0.438207053426744	0.149	0.085	3.46149415818356e-07	TRAPPC10	c9
1.03695429155322e-11	0.269673006774173	0.501	0.357	3.4939137899594e-07	DNAJC15	c9
1.04276282415595e-11	0.278012059527446	0.364	0.246	3.51348505971104e-07	COA4	c9
1.04650449561417e-11	0.311046422881952	0.625	0.486	3.52609224752239e-07	PET100	c9
1.04813143464608e-11	0.414690207196811	0.268	0.173	3.5315740558965e-07	TRIP12	c9
1.05745737227577e-11	0.281905476492961	0.473	0.332	3.56299687014597e-07	KDELR2	c9
1.0612330119137e-11	0.219185040642364	0.787	0.657	3.57571851034202e-07	HNRNPF	c9
1.06307555637012e-11	0.636862487022563	0.096	0.048	3.58192677963349e-07	ZCCHC2	c9
1.06543490914684e-11	0.132939807961484	1	0.995	3.58987638287936e-07	HLA-C	c9
1.06729686629636e-11	0.735796852084998	0.077	0.036	3.59615006129896e-07	PI4K2A	c9
1.0836400580703e-11	0.290597801271148	0.377	0.256	3.65121681166207e-07	TAF9	c9
1.08520191970468e-11	0.367895392328513	0.229	0.143	3.65647934825295e-07	SAMM50	c9
1.08894759803444e-11	0.505783793439907	0.149	0.085	3.66910003681726e-07	MUL1	c9
1.10236327698958e-11	0.235240257620282	0.248	0.155	3.71430282548868e-07	SUPT6H	c9
1.11738018013177e-11	0.462530516122585	0.185	0.111	3.76490077893599e-07	CCDC22	c9
1.1182964765238e-11	0.456232477205848	0.106	0.055	3.76798814799929e-07	ST3GAL2	c9
1.12139779054918e-11	0.273526579901079	0.451	0.323	3.7784377154764e-07	GLRX	c9
1.1313485933214e-11	0.17823138498039	0.912	0.837	3.81196595033712e-07	C19orf43	c9
1.1616046780401e-11	0.337590252049448	0.187	0.112	3.91391080218831e-07	SELO	c9
1.17052585724192e-11	0.617566417726281	0.089	0.043	3.94396982339094e-07	ELF4	c9
1.19736478025591e-11	0.300003601245721	0.254	0.162	4.03440089059427e-07	TMEM120A	c9
1.20482673795988e-11	0.412437453986895	0.228	0.144	4.05954321088202e-07	PPP2R5A	c9
1.24700878779508e-11	0.400136752686754	0.293	0.196	4.20167140959674e-07	TRAF5	c9
1.25859503719183e-11	0.481822210085878	0.184	0.111	4.24071011831414e-07	RIOK1	c9
1.27395275825991e-11	0.236146157671555	0.369	0.249	4.29245642368092e-07	BRWD1	c9
1.27437819405438e-11	0.454414200819729	0.196	0.119	4.29388988704683e-07	PRCP	c9
1.27732170182909e-11	0.712409684481782	0.084	0.04	4.30380774214295e-07	EIF4ENIF1	c9
1.28207417666489e-11	0.280664251167201	0.412	0.29	4.31982073085469e-07	RNF115	c9
1.28463162304422e-11	0.534781628311376	0.188	0.115	4.3284377906852e-07	ZNF107	c9
1.28899693452512e-11	0.37880942670042	0.331	0.223	4.34314627118895e-07	NINJ1	c9
1.29005251258412e-11	0.811465173219098	0.088	0.043	4.34670293590093e-07	LRRC45	c9
1.31023049521076e-11	0.280274954212342	0.576	0.429	4.41469063056314e-07	DDOST	c9
1.31167926997175e-11	0.335164179166958	0.315	0.212	4.41957213224281e-07	FUBP1	c9
1.31333871942564e-11	1.26612207513442	0.046	0.017	4.42516348123275e-07	COL6A3	c9
1.3251350290353e-11	0.424113293765502	0.194	0.118	4.46490996683155e-07	CINP	c9
1.33045107687787e-11	0.475063568983333	0.111	0.058	4.48282185843229e-07	C12orf49	c9
1.3635723073214e-11	0.448469747581129	0.19	0.116	4.59442053228874e-07	INSIG1	c9
1.37953014875805e-11	0.508700938034433	0.134	0.074	4.64818888322537e-07	EXOC3	c9
1.39810260382001e-11	0.216119354317843	0.877	0.774	4.71076691331114e-07	UBE2D3	c9
1.41617249124935e-11	0.259523315660788	0.474	0.336	4.77165159201556e-07	SMAP1	c9
1.42528696891886e-11	0.263065613971665	0.742	0.624	4.80236191307519e-07	NBEAL1	c9
1.44283204371315e-11	0.215253580016164	0.556	0.407	4.8614782880871e-07	TRAT1	c9
1.45669318267671e-11	0.464823180257947	0.114	0.06	4.9081820097109e-07	DHFR	c9
1.46503865809989e-11	0.309957547331718	0.261	0.168	4.93630125460176e-07	ADPGK	c9
1.47967890676174e-11	1.22902024332515	0.055	0.022	4.98563010844299e-07	ABCD1	c9
1.48007262275026e-11	0.267031848642324	0.363	0.244	4.98695669509472e-07	C19orf25	c9
1.48355036306813e-11	0.273264139954663	0.5	0.362	4.99867459332175e-07	ARHGEF3	c9
1.49764955538367e-11	0.502255571049131	0.133	0.074	5.04618041190974e-07	MAP7D3	c9
1.49933739821566e-11	0.379632424910805	0.187	0.113	5.05186742954784e-07	MKNK2	c9
1.50959247442712e-11	0.517298624649875	0.191	0.117	5.08642088333475e-07	ASMTL	c9
1.51031152734385e-11	0.581573014549355	0.113	0.06	5.08884366023235e-07	COPG2	c9
1.51129672906243e-11	0.2932816475611	0.254	0.163	5.09216319890297e-07	PPP6R2	c9
1.51315312945923e-11	2.07347949566317	0.02	0.005	5.09841815439991e-07	PLXNB2	c9
1.52059033875016e-11	0.295700380678724	0.239	0.152	5.12347708738478e-07	SLC10A3	c9
1.55556459325127e-11	0.510395479012975	0.106	0.055	5.24131934050084e-07	UBAC1	c9
1.5647564593596e-11	0.296641127251058	0.433	0.308	5.27229041416623e-07	ADIPOR1	c9
1.5731549220067e-11	0.316697108216389	0.315	0.211	5.30058819420937e-07	SEC61A1	c9
1.58946650785504e-11	0.419052388346359	0.156	0.09	5.35554845156676e-07	RMND5B	c9
1.59138097694518e-11	0.34787427668811	0.236	0.15	5.36199906371908e-07	CARD19	c9
1.60827722315579e-11	0.442919031056831	0.205	0.127	5.41892927570113e-07	NELFA	c9
1.60968800538774e-11	0.629707473723415	0.112	0.059	5.42368276535347e-07	GEMIN8	c9
1.61615689697295e-11	0.35511253212765	0.44	0.315	5.44547904866065e-07	PDE3B	c9
1.62907315942714e-11	0.763159675253315	0.044	0.016	5.48899910337381e-07	RP11-539I5.1	c9
1.64188072522771e-11	0.546750388371388	0.144	0.082	5.53215291558225e-07	ELK1	c9
1.66433177193992e-11	0.344939369774422	0.213	0.132	5.60779947237435e-07	TRIAP1	c9
1.67800734131513e-11	0.322896543527573	0.316	0.212	5.6538779358272e-07	ACTR1B	c9
1.68183902368366e-11	0.334589263994369	0.351	0.24	5.66678840639972e-07	ZFAND3	c9
1.68203091808598e-11	0.544225077040392	0.132	0.073	5.66743497539889e-07	DAPK3	c9
1.70353772506544e-11	0.29148291856797	0.313	0.208	5.73990001083551e-07	GOPC	c9
1.7182036607903e-11	0.60578833566516	0.1	0.051	5.78931541466683e-07	TMEM229B	c9
1.76398406841055e-11	0.813370331638021	0.065	0.029	5.9435679201025e-07	ANKS1B	c9
1.76565461123601e-11	0.403524246232577	0.176	0.105	5.9491966470986e-07	SETD3	c9
1.80540533785124e-11	0.419996442937445	0.163	0.095	6.08313274535596e-07	RABL6	c9
1.8092274345909e-11	0.464742378168125	0.174	0.105	6.09601091811057e-07	LY96	c9
1.83932510546008e-11	0.316377238051012	0.248	0.158	6.1974220103372e-07	TCF12	c9
1.84438156037675e-11	0.278628394219899	0.465	0.327	6.21445922953342e-07	SLIRP	c9
1.84857564193692e-11	2.38858477721012	0.013	0.002	6.22859076794224e-07	GLUD2	c9
1.87472554990009e-11	0.425592216355714	0.234	0.151	6.31670026783335e-07	MKL1	c9
1.87787320103875e-11	2.07030636060645	0.015	0.003	6.32730596357996e-07	RP11-290L1.3	c9
1.9246778773152e-11	0.266720893907241	0.34	0.229	6.48500963982583e-07	PPP4R3B	c9
1.93152376940814e-11	0.547656610805957	0.158	0.093	6.50807618864379e-07	SNUPN	c9
1.95154810314268e-11	0.265277339973081	0.41	0.286	6.57554617872895e-07	MED28	c9
1.95537054123402e-11	0.39305067344684	0.209	0.13	6.58842550163389e-07	DDX42	c9
1.95954783598578e-11	0.387435490368418	0.208	0.129	6.6025004785705e-07	GTPBP4	c9
1.99941353401491e-11	0.345677850909802	0.288	0.192	6.73682396150985e-07	POP4	c9
2.00230045010794e-11	0.295743386553329	0.413	0.288	6.74655113659368e-07	NDUFS2	c9
2.01967108679295e-11	0.343792101724616	0.26	0.169	6.80507975984016e-07	MRPS11	c9
2.04146377279483e-11	0.274727392441831	0.388	0.269	6.8785080360549e-07	AIMP1	c9
2.0733342729228e-11	0.239806452689536	0.401	0.278	6.98589249918607e-07	TCP1	c9
2.08596121583045e-11	0.340466300855919	0.207	0.127	7.02843772061912e-07	HMCES	c9
2.0918025297276e-11	0.25745650897945	0.487	0.348	7.04811944366416e-07	RNF187	c9
2.10160304785151e-11	0.361620268537328	0.232	0.147	7.08114130943089e-07	PI4KB	c9
2.1057225530282e-11	0.501929063358911	0.159	0.093	7.09502157017321e-07	PSMD5	c9
2.12002866556932e-11	0.714350313293441	0.099	0.051	7.14322458576926e-07	DAAM1	c9
2.14900409335724e-11	0.468498772279304	0.128	0.071	7.2408543921579e-07	HEATR1	c9
2.15863508039933e-11	0.474106087900499	0.147	0.084	7.27330503989749e-07	ASB3	c9
2.15895677537602e-11	0.369572255640242	0.144	0.081	7.27438895895196e-07	FZR1	c9
2.18851260052476e-11	0.489169819340351	0.094	0.047	7.37397435620811e-07	NPLOC4	c9
2.20830233543886e-11	0.421189558690828	0.191	0.117	7.44065388902768e-07	CBR1	c9
2.21600300905536e-11	0.544436950493924	0.137	0.078	7.46660053871114e-07	PTPN9	c9
2.21798808902509e-11	0.255257086326253	0.622	0.474	7.47328906716114e-07	TSC22D4	c9
2.22115089931272e-11	0.378882353696698	0.17	0.101	7.48394584014428e-07	PPM1A	c9
2.28580343901547e-11	0.748237936427954	0.038	0.013	7.70178610741873e-07	TRBV7-7	c9
2.29455840182251e-11	0.660214102174112	0.089	0.044	7.73128507910078e-07	MIB1	c9
2.32716998296605e-11	0.434978713433094	0.139	0.079	7.84116654060581e-07	B4GALT7	c9
2.34155890085711e-11	0.339545463669396	0.22	0.139	7.88964856054793e-07	AK6	c9
2.34699738348573e-11	0.532005262635838	0.173	0.105	7.90797298391682e-07	LLPH	c9
2.36213757879826e-11	0.329560650355807	0.202	0.124	7.95898635800286e-07	RNF139	c9
2.36708244795884e-11	0.488796093517797	0.136	0.076	7.9756476001525e-07	ZNF384	c9
2.38730411719191e-11	0.535689119472049	0.141	0.08	8.04378249246644e-07	ATHL1	c9
2.39856509468818e-11	0.19061135502215	0.298	0.197	8.08172523004237e-07	C1orf228	c9
2.4100846350358e-11	0.419276582431295	0.211	0.133	8.12053916928962e-07	MAP3K1	c9
2.41825793284913e-11	0.350282308713502	0.235	0.15	8.14807827894185e-07	SLC7A6OS	c9
2.4368379905313e-11	0.26703399126827	0.198	0.121	8.21068192529617e-07	THADA	c9
2.43890302747097e-11	0.256198224552514	0.572	0.422	8.2176398607607e-07	AKNA	c9
2.44087756821992e-11	0.487165271616747	0.16	0.094	8.22429287836019e-07	VPS16	c9
2.46794724197887e-11	0.585081063620843	0.118	0.064	8.3155014371236e-07	ZDHHC18	c9
2.46969749819096e-11	0.566710738833736	0.121	0.066	8.32139875040463e-07	SLC12A9	c9
2.51216906366634e-11	0.371250717847479	0.171	0.101	8.46450244311736e-07	ARHGAP27	c9
2.51379451007517e-11	0.352825517934941	0.302	0.202	8.46997922224729e-07	COPS8	c9
2.52268289072256e-11	0.29580707550328	0.254	0.164	8.49992773200059e-07	TMEM154	c9
2.5510337952833e-11	0.275801790091197	0.3	0.198	8.59545326982754e-07	PYM1	c9
2.58218144015294e-11	0.456713347079627	0.172	0.103	8.70040214445131e-07	MYSM1	c9
2.60456909920907e-11	0.245942896840763	0.448	0.318	8.77583512287505e-07	MMP24-AS1	c9
2.6817949586889e-11	0.304609640934608	0.236	0.15	9.03603993380636e-07	BRD7	c9
2.70043920608817e-11	0.430085231762622	0.14	0.079	9.09885986099347e-07	GLRX2	c9
2.70580495981138e-11	0.962295364115041	0.054	0.022	9.11693923158848e-07	P2RY11	c9
2.71290834255557e-11	0.614255911747496	0.15	0.087	9.14087336940674e-07	DCP1B	c9
2.71521837381751e-11	0.445172909045521	0.132	0.073	9.14865678874072e-07	DTX3	c9
2.71573242542916e-11	0.248297662312279	0.341	0.229	9.150388834241e-07	AAMP	c9
2.71826611863553e-11	0.260098318471937	0.713	0.588	9.15892586013057e-07	JTB	c9
2.73929949657021e-11	0.272583508511029	0.274	0.177	9.22979572374366e-07	RBM23	c9
2.75565050932171e-11	0.349177093840055	0.151	0.086	9.28488882610857e-07	RNF38	c9
2.76358077264481e-11	0.499889651256501	0.169	0.102	9.31160905534941e-07	PDCL	c9
2.7672299680918e-11	1.01917085806367	0.064	0.028	9.32390465448851e-07	DHX57	c9
2.78741113786896e-11	0.237748168980799	0.762	0.633	9.39190308793569e-07	KMT2E	c9
2.80536096933576e-11	0.343959998585532	0.266	0.174	9.45238325007992e-07	NUP50	c9
2.81785052602003e-11	2.67174408051719	0.01	0.001	9.4944655623719e-07	PTGR1	c9
2.87745858954645e-11	0.412904553490706	0.253	0.166	9.6953089716178e-07	HBS1L	c9
2.8882736849732e-11	0.254541692318463	0.674	0.519	9.73174935414872e-07	RNPS1	c9
2.95627119794029e-11	0.661277463218807	0.112	0.06	9.96086017434002e-07	CDKN2C	c9
2.99090515506773e-11	1.21240917276558	0.044	0.017	1.00775558294852e-06	TRIP6	c9
3.02025989242547e-11	0.387161277016373	0.28	0.186	1.01764636815384e-06	CLIP1	c9
3.03955119835555e-11	0.6782534233592	0.106	0.056	1.02414638077392e-06	UBXN2B	c9
3.082210500112e-11	0.472952685383531	0.137	0.077	1.03852000590774e-06	PIAS3	c9
3.10830106960984e-11	0.819459457135302	0.073	0.034	1.04731096239434e-06	TDRKH	c9
3.12544641069798e-11	0.260946634252017	0.472	0.336	1.05308791362058e-06	TEX264	c9
3.14299486333072e-11	0.407363382874144	0.195	0.12	1.05900068925065e-06	RBM10	c9
3.14610354152861e-11	0.405255116423448	0.2	0.123	1.06004812728265e-06	BCAP29	c9
3.1639800753428e-11	2.36465885268236	0.017	0.004	1.066071446586e-06	IL10RB-AS1	c9
3.22995247182428e-11	0.460586701228773	0.141	0.08	1.08830018585647e-06	SUGP1	c9
3.33360230805927e-11	0.487621043075444	0.147	0.084	1.12322396167749e-06	ZC3H3	c9
3.33940502706996e-11	0.483085308804325	0.158	0.094	1.12517912982095e-06	HIF1AN	c9
3.4103312866878e-11	0.268146766851447	0.42	0.295	1.14907702373659e-06	DDX39A	c9
3.43514583242183e-11	1.19385939882162	0.111	0.061	1.15743803677621e-06	TRAV26-1	c9
3.4570925702355e-11	0.389227122051451	0.137	0.077	1.16483277061515e-06	NAA30	c9
3.48504984710665e-11	0.344834637110785	0.128	0.07	1.17425269548412e-06	USPL1	c9
3.48896065450234e-11	0.287826594313408	0.267	0.175	1.17557040292802e-06	HDAC2	c9
3.51622811197405e-11	0.281771914377985	0.367	0.253	1.18475790004854e-06	VTI1B	c9
3.54906680322971e-11	0.242315121365928	0.372	0.253	1.19582256868022e-06	BCL7B	c9
3.57301955192683e-11	0.29246976285136	0.411	0.287	1.20389320782623e-06	TXN2	c9
3.58199394485503e-11	0.452720403885869	0.156	0.092	1.20691703977945e-06	ZNF672	c9
3.61809109671868e-11	0.565194441665091	0.09	0.045	1.21907961412839e-06	NME1	c9
3.65568348679734e-11	0.323535070817666	0.193	0.118	1.23174599404149e-06	EXOC5	c9
3.68903703476165e-11	0.280912555386102	0.29	0.191	1.24298413849259e-06	NSL1	c9
3.69669902526842e-11	0.328344740725209	0.356	0.248	1.24556576957394e-06	COA3	c9
3.71125210564801e-11	0.378890924720102	0.169	0.101	1.25046928447704e-06	TMEM33	c9
3.74471734313388e-11	0.25727511648101	0.614	0.459	1.26174506159553e-06	PNRC2	c9
3.75207682850274e-11	0.472721607094357	0.139	0.079	1.26422476659571e-06	PRKCI	c9
3.79255609232706e-11	0.314979481687263	0.27	0.176	1.27786384974868e-06	TOM1	c9
3.83538150182558e-11	0.458987098649745	0.21	0.133	1.29229344322511e-06	UBA7	c9
3.83828624849886e-11	0.273815622503974	0.427	0.303	1.29327216856921e-06	IAH1	c9
3.88540741829389e-11	0.446359841168275	0.166	0.099	1.30914917551994e-06	BTBD1	c9
3.88899217072633e-11	0.149934577109481	0.444	0.304	1.31035702200453e-06	SYNE1	c9
3.9471969241617e-11	0.29204063657374	0.306	0.205	1.32996853162704e-06	TTC19	c9
3.97765502656066e-11	0.474501556167699	0.162	0.096	1.34023108464935e-06	SGTA	c9
4.09728722960332e-11	1.09937713229452	0.052	0.021	1.38053995914254e-06	ABHD14A	c9
4.23009157423244e-11	0.393951465918084	0.178	0.107	1.42528705502188e-06	UBA6	c9
4.30833914339462e-11	0.433239112980933	0.199	0.124	1.45165179097538e-06	RAB3GAP2	c9
4.35843178024181e-11	0.229751746380645	0.63	0.47	1.46853000403468e-06	SELK	c9
4.35856796140963e-11	1.90342974674218	0.028	0.009	1.46857588891736e-06	CREB3L3	c9
4.40682059119015e-11	0.259284498923554	0.528	0.387	1.48483412999561e-06	DNAJB6	c9
4.41081102880369e-11	0.823723192886136	0.074	0.035	1.48617866804511e-06	C16orf45	c9
4.44222490754375e-11	0.398302013727021	0.166	0.098	1.49676326034779e-06	NR2C2	c9
4.44242871373654e-11	0.481631206254272	0.153	0.089	1.49683193080639e-06	SCO2	c9
4.48509571646698e-11	0.412447990982812	0.175	0.105	1.51120815070638e-06	DCAF16	c9
4.48628442026388e-11	0.470408883585992	0.152	0.088	1.51160867256371e-06	DIS3	c9
4.48886340661588e-11	0.40497544162735	0.168	0.1	1.51247763622516e-06	AAR2	c9
4.60994308588251e-11	0.726061649685476	0.061	0.027	1.55327422335725e-06	B4GALT5	c9
4.61537578521191e-11	0.306477951837934	0.282	0.186	1.5551047170693e-06	TFG	c9
4.6673893699576e-11	0.276341342192133	0.331	0.224	1.57263017431351e-06	CHTF8	c9
4.74823333826707e-11	0.730180854437686	0.068	0.031	1.59986974099571e-06	PPP1R3D	c9
4.75590104565511e-11	1.28094562491649	0.051	0.021	1.60245329832303e-06	RNF207	c9
4.83505229677382e-11	0.309364915173587	0.196	0.12	1.62912252087497e-06	MRPL19	c9
4.83666480666603e-11	0.307624522844064	0.387	0.272	1.62966583995805e-06	PTPN2	c9
4.90807773358281e-11	0.534343924647159	0.121	0.066	1.65372771155339e-06	ENDOD1	c9
4.93945134799468e-11	2.02465343388844	0.012	0.002	1.66429873719333e-06	MME	c9
4.97844620862977e-11	0.51315442057988	0.117	0.063	1.67743766553572e-06	ASL	c9
5.01354016180051e-11	0.220819099000524	0.363	0.244	1.68926222211706e-06	SUGT1	c9
5.09050263887926e-11	0.331254183384544	0.316	0.213	1.71519395914398e-06	INPP4A	c9
5.12427225519571e-11	0.475502026946644	0.13	0.073	1.72657229366564e-06	PIAS4	c9
5.17868582326617e-11	1.50581504172176	0.03	0.009	1.7449064012913e-06	RP11-14N7.2	c9
5.19410957398722e-11	0.318344037301149	0.209	0.13	1.75010327985925e-06	LATS1	c9
5.19713342290731e-11	0.250111489012119	0.395	0.272	1.75112213551439e-06	HNRNPD	c9
5.21710738555756e-11	0.239898311999976	0.602	0.465	1.75785216248977e-06	RBBP6	c9
5.32693627289633e-11	0.330577318793765	0.377	0.264	1.79485790778969e-06	PTPRA	c9
5.33323320016534e-11	0.29694651010881	0.144	0.082	1.79697959446371e-06	EIF3B	c9
5.36048988291623e-11	0.265670694864342	0.416	0.294	1.8061634611498e-06	NGRN	c9
5.46914769826628e-11	0.395555284213976	0.204	0.128	1.84277462545384e-06	RAB28	c9
5.50089151334994e-11	0.23162298551329	0.791	0.66	1.85347038650813e-06	C11orf58	c9
5.52080463437832e-11	0.221481178634905	0.756	0.631	1.86017991350743e-06	VAMP8	c9
5.53277533613045e-11	0.296781963750322	0.401	0.282	1.86421332175579e-06	AMZ2	c9
5.57631312355952e-11	0.441125134540408	0.187	0.115	1.87888294385214e-06	LYRM4	c9
5.65132052226711e-11	0.442963030322575	0.153	0.09	1.90415593677268e-06	SLC39A8	c9
5.7223499111568e-11	0.50243777222164	0.133	0.075	1.92808857906517e-06	H6PD	c9
5.77119069322689e-11	0.323743742166617	0.156	0.091	1.94454499217587e-06	BRAP	c9
5.77871792037126e-11	0.254198707767791	0.381	0.263	1.94708121608989e-06	NCK1	c9
5.81406075220551e-11	0.392257689783942	0.184	0.112	1.95898962984813e-06	KIFAP3	c9
5.82088488208722e-11	0.426237480600073	0.174	0.105	1.96128895217047e-06	DHX38	c9
5.84590372910039e-11	0.283483094207912	0.345	0.233	1.96971880248308e-06	STX10	c9
5.864756414725e-11	0.50868071063931	0.223	0.146	1.97607102637744e-06	ADARB2	c9
5.8683811524617e-11	0.734555340033022	0.074	0.035	1.97729234551044e-06	SAC3D1	c9
5.87785799500137e-11	0.249172404368485	0.2	0.122	1.98048547283576e-06	GLRX5	c9
5.95578830616589e-11	0.332794741629589	0.134	0.075	2.00674331187954e-06	PGGT1B	c9
5.97392641314283e-11	0.463084646716301	0.192	0.119	2.01285476564435e-06	PYCR2	c9
5.99122370648095e-11	0.490377702527136	0.149	0.087	2.01868291566169e-06	STX7	c9
6.00739673832963e-11	0.849100195641967	0.08	0.039	2.02413225701279e-06	SLC10A7	c9
6.07027450376264e-11	0.321429690256524	0.352	0.246	2.04531829129778e-06	RFC1	c9
6.09358341531289e-11	0.599376023791839	0.136	0.078	2.05317199595552e-06	ZBTB2	c9
6.21308870688061e-11	1.08528587822073	0.043	0.016	2.09343810889635e-06	FAM43A	c9
6.22301958238354e-11	0.559646793071193	0.059	0.026	2.09678421808831e-06	RP11-15A1.3	c9
6.2645154845375e-11	0.265157510593655	0.322	0.216	2.11076584736006e-06	SEC31A	c9
6.31637382161088e-11	0.290987764982465	0.347	0.237	2.12823899545357e-06	ANP32E	c9
6.33308228768757e-11	0.436794606560202	0.197	0.122	2.13386874601345e-06	C3orf38	c9
6.35101958374206e-11	0.549620401855973	0.108	0.058	2.13991253854605e-06	ALDOC	c9
6.43773337309477e-11	0.221937504018324	0.714	0.574	2.16912988273055e-06	LSM7	c9
6.48221777904992e-11	0.318717636142181	0.137	0.077	2.18411845847308e-06	NT5C2	c9
6.48606718539442e-11	0.871036294818238	0.079	0.038	2.18541547744679e-06	MAPK9	c9
6.5762041912543e-11	0.328107221976749	0.239	0.153	2.21578624020122e-06	YY1AP1	c9
6.65753924463316e-11	0.465486263175632	0.148	0.086	2.2431912730867e-06	CTB-50L17.10	c9
6.71469438641945e-11	0.438592616807775	0.157	0.093	2.26244912656017e-06	C19orf52	c9
6.71583696571325e-11	0.639358797055834	0.084	0.041	2.26283410722742e-06	INTS7	c9
6.73247254844524e-11	0.285080709104135	0.732	0.595	2.26843930047314e-06	SLC2A3	c9
6.73839528974403e-11	0.258258789346292	0.278	0.183	2.27043490892635e-06	BTN3A3	c9
6.74078201045127e-11	0.503011113597357	0.118	0.064	2.27123909060145e-06	ELMOD2	c9
6.85387237800078e-11	0.869200786025694	0.045	0.017	2.30934375904358e-06	TESK1	c9
6.88620969418972e-11	0.272771654310106	0.364	0.254	2.32023949436028e-06	NUB1	c9
6.91259608625618e-11	0.281588315643306	0.556	0.413	2.32913012530316e-06	LSM6	c9
6.97615841211852e-11	0.310203211379158	0.226	0.143	2.35054681537921e-06	GCH1	c9
7.06665669066364e-11	0.431686255116758	0.162	0.096	2.38103930535221e-06	MCUR1	c9
7.06695891917926e-11	0.330189267179883	0.298	0.199	2.38114113822826e-06	PLGRKT	c9
7.181894437208e-11	0.259381322448212	0.45	0.325	2.41986751167286e-06	H1FX	c9
7.2106092416236e-11	0.309825303339428	0.334	0.229	2.42954267787265e-06	CCDC28A	c9
7.26352604588939e-11	0.281194667730405	0.544	0.408	2.44737246590197e-06	SNX17	c9
7.29398172145192e-11	0.311302776294276	0.207	0.129	2.45763420122601e-06	EMC8	c9
7.354623029759e-11	0.402274807171802	0.352	0.247	2.478066683647e-06	NFKB2	c9
7.41273911952347e-11	1.5856489616537	0.029	0.009	2.49764831893224e-06	LYN	c9
7.41901857394715e-11	0.352200741284515	0.267	0.177	2.49976411830575e-06	PRKAG1	c9
7.48605073468465e-11	0.292122133489026	0.253	0.165	2.52234993454465e-06	RABEP1	c9
7.50232515665205e-11	0.289788832402173	0.31	0.208	2.52783343828234e-06	USP14	c9
7.55899477641098e-11	0.658661474410626	0.131	0.075	2.54692769996392e-06	BLZF1	c9
7.56491218601754e-11	0.244824542816389	0.451	0.318	2.54892151195675e-06	EMC10	c9
7.5652229506486e-11	0.28401600470599	0.299	0.202	2.54902622099154e-06	TRIM56	c9
7.63272920011516e-11	0.416523519018779	0.16	0.095	2.5717717766868e-06	CEP104	c9
7.66596576864241e-11	0.307290627183015	0.284	0.186	2.58297050608637e-06	RAB5B	c9
7.67003099043099e-11	0.491027403264463	0.149	0.087	2.58434024191582e-06	FAM175B	c9
7.71732698268029e-11	0.267211912194384	0.335	0.228	2.6002761535443e-06	ACAA1	c9
7.87782997129225e-11	0.289030202532369	0.208	0.13	2.65435603052721e-06	TRAF3	c9
7.88601286349805e-11	0.235092542776048	0.428	0.302	2.65711317422703e-06	GRAMD1A	c9
8.04516357775742e-11	0.249488977353483	0.364	0.25	2.71073741588958e-06	CCDC124	c9
8.10348166906039e-11	0.575613660663318	0.141	0.082	2.73038711357321e-06	CNPY2	c9
8.16157529518545e-11	0.410503690982498	0.113	0.061	2.74996117995978e-06	HOXB4	c9
8.30051006086176e-11	1.43930553353852	0.025	0.007	2.79677385990676e-06	KLF8	c9
8.30265252673895e-11	0.252791842152928	0.124	0.068	2.79749574235942e-06	STK39	c9
8.36315693091845e-11	0.264927606994674	0.395	0.274	2.81788209630366e-06	COMMD1	c9
8.50216365070502e-11	0.58442840899341	0.094	0.048	2.86471902046855e-06	DENND6B	c9
8.50797725591862e-11	1.47350240018396	0.037	0.013	2.86667785660922e-06	VSIG10	c9
8.5174566582166e-11	0.331842756562732	0.256	0.169	2.8698718464195e-06	PRPF19	c9
8.65366160532023e-11	0.314675173025912	0.27	0.178	2.9157647412966e-06	EFR3A	c9
8.7394946620687e-11	0.333383052380065	0.245	0.159	2.94468533143743e-06	PRCC	c9
8.83393043970331e-11	0.504590151448726	0.123	0.069	2.97650452235363e-06	DYRK1B	c9
8.85985690627989e-11	0.26349245664284	0.454	0.331	2.98524018600195e-06	FNTA	c9
8.92073027319186e-11	0.282039652536677	0.378	0.264	3.00575085824926e-06	ERICH1	c9
9.39956143568584e-11	1.15666333212123	0.036	0.012	3.16708823013999e-06	BOLA3-AS1	c9
9.52373033171304e-11	0.258676646423379	0.268	0.175	3.20892569796739e-06	MRPL17	c9
9.79539005996775e-11	0.51995344656113	0.122	0.068	3.30045872680553e-06	RIPK3	c9
9.90508785942654e-11	0.868453088472382	0.053	0.022	3.33742030335518e-06	AC145124.2	c9
9.97890904067125e-11	0.551582620834248	0.121	0.067	3.36229361216377e-06	METTL13	c9
1.01153971843652e-10	0.250386560801187	0.335	0.226	3.40828192730001e-06	SUPT5H	c9
1.02223527739381e-10	0.673163173872374	0.117	0.065	3.44431954365071e-06	NFKBID	c9
1.04108243666277e-10	0.285925226250108	0.338	0.233	3.50782316209153e-06	CFDP1	c9
1.04190137426987e-10	0.494869288269732	0.141	0.082	3.5105824904649e-06	ZMIZ2	c9
1.0481611910011e-10	0.21757091350319	0.499	0.357	3.53167431695911e-06	MAF1	c9
1.05838039014572e-10	0.358164858753681	0.228	0.146	3.566106886557e-06	CDK11B	c9
1.06209536415587e-10	0.337159764254118	0.165	0.098	3.57862411998679e-06	CC2D1A	c9
1.06451839930546e-10	0.547913082830762	0.084	0.041	3.58678829461982e-06	ZNF736	c9
1.06604327273698e-10	0.32577182041379	0.26	0.171	3.59192620315998e-06	SBNO1	c9
1.06838881007755e-10	0.79149836308713	0.066	0.03	3.59982925667529e-06	RP11-342D11.3	c9
1.078073779404e-10	0.367497643322687	0.191	0.118	3.63246179232384e-06	CDK13	c9
1.08695986644541e-10	1.26098381723362	0.04	0.015	3.66240257400115e-06	CYP7B1	c9
1.10389394879646e-10	0.266388482576721	0.589	0.439	3.71946027107478e-06	OCIAD1	c9
1.10904412263091e-10	0.78643294134565	0.064	0.029	3.73681326679259e-06	ZNF28	c9
1.11967192059673e-10	0.791158967259916	0.053	0.022	3.77262256925862e-06	CBR3	c9
1.13466693879913e-10	0.224418632901234	0.791	0.684	3.82314678358978e-06	SLC25A3	c9
1.13997129670023e-10	0.853420918858657	0.032	0.011	3.84101928710176e-06	LINC01229	c9
1.15232065287539e-10	0.340473917801524	0.211	0.133	3.88262920779833e-06	KIN	c9
1.15856360555092e-10	0.348554754765278	0.199	0.123	3.90366421254326e-06	HACL1	c9
1.17063614458692e-10	0.572226544152979	0.141	0.083	3.94434142557117e-06	GOT1	c9
1.17285082831657e-10	0.273665451847315	0.372	0.26	3.95180358092986e-06	MECP2	c9
1.1758230774676e-10	0.421038473649121	0.172	0.105	3.96181827721934e-06	RCOR3	c9
1.17726472806009e-10	0.309947252507456	0.221	0.142	3.96667577472567e-06	ZNF106	c9
1.2148179334796e-10	1.00371969096297	0.034	0.012	4.09320754506618e-06	AC147651.4	c9
1.21929363427271e-10	0.328008780706927	0.223	0.143	4.10828797131847e-06	SEL1L	c9
1.22897584824644e-10	0.248517905227942	0.332	0.224	4.14091122308154e-06	COMMD2	c9
1.23063154416391e-10	0.447982340665281	0.161	0.097	4.14648992490587e-06	MESDC1	c9
1.24740877726437e-10	0.394153003727306	0.188	0.117	4.20301913411457e-06	FAM69A	c9
1.25610052410211e-10	0.363440905504637	0.163	0.097	4.23230510590964e-06	TEFM	c9
1.26885606956686e-10	0.228946460432966	0.278	0.182	4.27528364079858e-06	PDS5A	c9
1.27029368508109e-10	0.651008234647908	0.084	0.042	4.28012754251223e-06	ACTR3C	c9
1.27842423722521e-10	0.652771078965859	0.102	0.054	4.30752262490662e-06	ATP7A	c9
1.27856320410748e-10	0.32755879141118	0.222	0.142	4.30799085991973e-06	GET4	c9
1.28342899579108e-10	0.198403857175903	0.542	0.399	4.32438565841847e-06	FAM177A1	c9
1.28538152878257e-10	0.414056665299645	0.158	0.094	4.33096452307999e-06	CENPK	c9
1.29965041928642e-10	0.295044662305633	0.289	0.194	4.37904212274365e-06	PRRC2A	c9
1.30776213757665e-10	0.272600826879916	0.328	0.222	4.40637374635076e-06	PARL	c9
1.31849826397727e-10	0.302152851609652	0.29	0.194	4.44254805064501e-06	PSMD3	c9
1.32859080115172e-10	0.288360465896598	0.241	0.155	4.47655384540059e-06	KDM5C	c9
1.34106779738136e-10	0.390235028939408	0.192	0.12	4.51859383649675e-06	PPP1R21	c9
1.34483232523928e-10	0.311033323867524	0.202	0.125	4.53127803666123e-06	SHC1	c9
1.37137144568954e-10	0.812047184399088	0.059	0.026	4.62069894910635e-06	CTC-343N3.1	c9
1.37431866101704e-10	0.522118956791838	0.083	0.041	4.63062929643082e-06	GATSL3	c9
1.38373704722859e-10	0.632217342849784	0.105	0.056	4.66236360693202e-06	AGPAT3	c9
1.39061805797961e-10	0.714863880708435	0.083	0.041	4.68554848455651e-06	STK11	c9
1.40082331689074e-10	0.222588151076238	0.287	0.19	4.71993408393165e-06	SHMT2	c9
1.40755912719988e-10	0.590148987348641	0.116	0.064	4.74262972318727e-06	EYA3	c9
1.40953871258082e-10	1.57657451013846	0.024	0.007	4.74929973816981e-06	FSD1L	c9
1.41252911140571e-10	1.97692674391418	0.018	0.004	4.75937558797041e-06	CDKN2B	c9
1.42064117854734e-10	0.241625145795774	0.409	0.284	4.78670838699741e-06	VPS4B	c9
1.43007269287846e-10	0.348967643582865	0.286	0.191	4.81848693138467e-06	FAM120AOS	c9
1.43816857455199e-10	0.302017960175636	0.277	0.184	4.84576519509548e-06	BOD1L1	c9
1.4428854760515e-10	0.412589889585629	0.128	0.072	4.86165832300793e-06	MAGEF1	c9
1.44401299249026e-10	1.11874333974842	0.046	0.018	4.86545737689668e-06	ARHGAP11A	c9
1.45545930616457e-10	2.16792177109146	0.017	0.004	4.90402458619091e-06	RP11-305L7.1	c9
1.46627482341438e-10	0.244264284884857	0.682	0.536	4.94046639001243e-06	IDS	c9
1.46853665527084e-10	0.317066836049803	0.251	0.164	4.94808740626958e-06	KLHL28	c9
1.48041139530714e-10	0.294624674892547	0.33	0.225	4.98809815534788e-06	PRELID3B	c9
1.48443685065005e-10	0.276962168549873	0.29	0.194	5.00166152458029e-06	RB1CC1	c9
1.48963674042244e-10	0.212638505235056	0.815	0.708	5.01918203317937e-06	HIGD2A	c9
1.49330869758945e-10	0.721495992577049	0.087	0.044	5.03155432565789e-06	ZNF738	c9
1.5056608023336e-10	0.432746681573207	0.073	0.034	5.07317350738284e-06	DGAT1	c9
1.51033122572711e-10	0.280098826501646	0.325	0.222	5.08891003196491e-06	PJA2	c9
1.51630105240785e-10	0.306339474464271	0.223	0.142	5.109024765983e-06	ATF2	c9
1.52349115098649e-10	1.45458776844695	0.018	0.004	5.13325108413386e-06	CEBPA	c9
1.53458494186875e-10	0.254380882058531	0.579	0.437	5.17063050313256e-06	HNRNPM	c9
1.54553489855375e-10	0.279181820441142	0.187	0.115	5.207525287187e-06	NBEAL2	c9
1.55513499389498e-10	0.536001655101637	0.101	0.053	5.23987184842974e-06	RCBTB1	c9
1.55738545491071e-10	0.222439220876609	0.506	0.365	5.24745455177614e-06	TRA2B	c9
1.56557481074286e-10	0.441892175087269	0.137	0.079	5.27504776731698e-06	PIK3C2A	c9
1.57569581599159e-10	0.214434962821152	0.372	0.257	5.30914948240206e-06	THOC2	c9
1.57980688987504e-10	0.244506989801014	0.445	0.32	5.32300133474494e-06	POLR2F	c9
1.58076158301243e-10	0.499682559897024	0.094	0.049	5.32621807780208e-06	PRKAG2-AS1	c9
1.59107773099533e-10	0.82783114461673	0.061	0.027	5.36097730681566e-06	PRICKLE3	c9
1.59251453870915e-10	0.28090234546045	0.234	0.15	5.3658184867266e-06	TMEM128	c9
1.59627510816527e-10	0.313015644321143	0.113	0.061	5.37848934945206e-06	SMAD4	c9
1.59913496053735e-10	0.336893531940456	0.26	0.171	5.38812533603453e-06	TBX21	c9
1.60103845187253e-10	0.279590213000234	0.309	0.208	5.39453895973929e-06	CHMP3	c9
1.60677939680311e-10	0.319870803766516	0.21	0.133	5.41388249958839e-06	SEC23B	c9
1.6291726353947e-10	0.383768786809746	0.139	0.08	5.4893342776989e-06	SH3GL1	c9
1.63521227153367e-10	1.32957364512211	0.031	0.01	5.50968422770555e-06	ENO3	c9
1.63779906050155e-10	0.28672877662345	0.3	0.204	5.51840015445392e-06	DIABLO	c9
1.65346574779353e-10	0.20313852814839	0.243	0.155	5.57118749061551e-06	EIF2B5	c9
1.65850063214065e-10	0.267010390473349	0.553	0.418	5.58815202993471e-06	UQCRFS1	c9
1.67265273315561e-10	0.514600487902379	0.085	0.042	5.63583611909451e-06	OGFRL1	c9
1.72785931810044e-10	0.419960769931847	0.156	0.093	5.82184918640763e-06	ASCC1	c9
1.74359897897513e-10	0.273260414355756	0.325	0.221	5.87488239975881e-06	PFDN4	c9
1.74902686700396e-10	0.282314607714577	0.259	0.169	5.89317112568314e-06	STX5	c9
1.76288496047323e-10	0.338279237046178	0.268	0.178	5.93986458581852e-06	HARS	c9
1.76438554322293e-10	0.159745980700907	0.965	0.932	5.94492064933534e-06	CALM1	c9
1.78403152134067e-10	0.65826216084277	0.067	0.031	6.01111580800524e-06	SGPL1	c9
1.80789994848198e-10	0.589405602515479	0.12	0.067	6.09153808641518e-06	GTPBP1	c9
1.81740776135792e-10	0.898275607425523	0.06	0.027	6.12357371111938e-06	KIAA0825	c9
1.8224871971298e-10	0.254295592729395	0.36	0.248	6.14068836200916e-06	SPAG7	c9
1.84867719254624e-10	0.262648834447199	0.27	0.179	6.22893293256529e-06	ACSL5	c9
1.8505027538623e-10	0.27713988291522	0.208	0.131	6.23508397886363e-06	ADCY7	c9
1.85354015486381e-10	0.310560752915364	0.217	0.138	6.24531819779812e-06	CRIPT	c9
1.85636153272442e-10	0.673220310183098	0.08	0.039	6.25482454836165e-06	KMT5C	c9
1.86596948296595e-10	0.284201204422993	0.285	0.192	6.28719757590546e-06	MCRS1	c9
1.90027922481489e-10	0.523811266546835	0.121	0.068	6.4028008200913e-06	KCMF1	c9
1.93088438227922e-10	0.545044032999526	0.08	0.039	6.5059218376516e-06	MEGF9	c9
1.93871192091794e-10	0.287836105476505	0.348	0.241	6.53229594634089e-06	GNPTG	c9
1.94666947391362e-10	2.54025852070594	0.011	0.002	6.55910812540455e-06	IRAK3	c9
1.95128096490007e-10	0.289684140478907	0.218	0.137	6.57464608313431e-06	MUS81	c9
1.95493553908955e-10	0.511920042027437	0.099	0.052	6.58695980540832e-06	CRHR1	c9
1.97379565153096e-10	0.431878710477732	0.121	0.067	6.6505070682684e-06	SPATA20	c9
1.98825829400613e-10	0.291083715512103	0.209	0.132	6.69923749582424e-06	ITPKB	c9
2.01207190739922e-10	0.377045978766601	0.185	0.115	6.77947508479094e-06	TRIM13	c9
2.02435498986261e-10	0.292195108578534	0.292	0.198	6.82086170284309e-06	FAM192A	c9
2.02932403725823e-10	0.573872874170859	0.089	0.046	6.83760441113789e-06	ZNF764	c9
2.04207438571442e-10	0.216373131243335	0.419	0.297	6.88056543522618e-06	CNOT2	c9
2.04955130764805e-10	1.53895598840347	0.037	0.013	6.90575817598934e-06	GPAT2	c9
2.05877178900265e-10	0.440251662214864	0.128	0.073	6.93682566586553e-06	PGAP3	c9
2.09620525530892e-10	0.276249651366698	0.321	0.218	7.06295398723787e-06	ATG3	c9
2.1145560309727e-10	0.235194804127801	0.415	0.296	7.12478509075941e-06	AFF4	c9
2.12928932766027e-10	0.40301450506287	0.177	0.108	7.17442746061851e-06	TMEM9	c9
2.13222942344086e-10	0.571098507017891	0.084	0.042	7.18433381934162e-06	VPS33B	c9
2.13261141901778e-10	0.718662362122956	0.09	0.047	7.18562091523851e-06	TCP11L1	c9
2.15193390498228e-10	0.258814550389518	0.402	0.286	7.2507260994473e-06	PSMD6	c9
2.1551102179385e-10	0.305432564502787	0.167	0.1	7.26142836832197e-06	PHF23	c9
2.16754849534488e-10	0.257738007308958	0.346	0.236	7.30333790021504e-06	CNOT8	c9
2.20530862208952e-10	0.429906477131708	0.164	0.099	7.43056687126842e-06	PRR4	c9
2.20861403127901e-10	0.249950981797447	0.146	0.086	7.44170411699149e-06	GADD45A	c9
2.24116144224941e-10	0.238366107844953	0.556	0.407	7.55136936351516e-06	PSMG2	c9
2.2469121619178e-10	1.13307706382912	0.048	0.02	7.57074583836585e-06	IRS2	c9
2.26946623568762e-10	1.22921123230573	0.035	0.012	7.64673953452586e-06	RNF19B	c9
2.27331135475527e-10	0.350503762175799	0.219	0.141	7.65969527871241e-06	TBC1D20	c9
2.27454981942487e-10	0.567192959860245	0.152	0.091	7.66386816157016e-06	SMG9	c9
2.27796399766463e-10	0.237188404857828	0.324	0.222	7.67537189373121e-06	ITGB2-AS1	c9
2.29064544775288e-10	0.791995904407354	0.052	0.022	7.71810077165855e-06	SEMA4B	c9
2.29669815916634e-10	0.269510527459152	0.279	0.188	7.73849477749506e-06	DDB1	c9
2.29978678670417e-10	0.465763409325894	0.123	0.07	7.74890159912103e-06	KANSL3	c9
2.30799014401511e-10	0.366278283856124	0.162	0.098	7.77654199124451e-06	PPP3CB	c9
2.31928010014217e-10	0.272706097610407	0.565	0.425	7.81458236941904e-06	ZC3H15	c9
2.32389068457067e-10	0.323016328975532	0.155	0.092	7.8301172725924e-06	HOOK2	c9
2.32608993855619e-10	0.672756183158952	0.052	0.022	7.83752743897122e-06	PTPN12	c9
2.33733695877094e-10	0.282833253664657	0.265	0.175	7.87542314888281e-06	KAT6B	c9
2.33925182599281e-10	0.295167452855443	0.428	0.31	7.88187510250017e-06	MTCH1	c9
2.34019116733168e-10	0.459317267333283	0.16	0.097	7.88504011920737e-06	MAP1S	c9
2.42456669815904e-10	0.333345784975819	0.205	0.13	8.16933503277706e-06	TMEM199	c9
2.4258673375648e-10	0.305194346316852	0.198	0.123	8.17371740719082e-06	IPO7	c9
2.43840445062442e-10	0.28630797728908	0.235	0.152	8.21595995593393e-06	NOC2L	c9
2.47796794152789e-10	0.288135103796162	0.223	0.143	8.34926518218407e-06	GPX7	c9
2.48243239129246e-10	0.769427229602128	0.17	0.109	8.36430769922082e-06	TRBV20-1	c9
2.5144696910763e-10	0.282797627051157	0.205	0.13	8.47225417711249e-06	TAOK1	c9
2.51652747359888e-10	0.582890785872818	0.079	0.039	8.47918766954407e-06	NPHP3	c9
2.54518358723711e-10	0.482798732703383	0.155	0.093	8.57574157883671e-06	DPH1	c9
2.5667309838168e-10	0.328111755469264	0.182	0.113	8.64834337687234e-06	ZFAND2A	c9
2.58233511568023e-10	0.287486463799745	0.238	0.155	8.70091993877295e-06	FOPNL	c9
2.59230557557704e-10	0.463430677112299	0.125	0.071	8.73451440634929e-06	INO80C	c9
2.60700480094447e-10	0.274461181650105	0.236	0.151	8.78404197630231e-06	SSSCA1	c9
2.6098867802884e-10	0.427972755311353	0.149	0.088	8.79375251750375e-06	LRCH1	c9
2.62559179562017e-10	0.325183408639925	0.261	0.173	8.84666899616262e-06	TMED3	c9
2.66884352642535e-10	0.242016898036478	0.315	0.214	8.99240137793759e-06	SLFN12L	c9
2.67332033685021e-10	0.427058356288969	0.224	0.145	9.00748554298311e-06	VAV1	c9
2.67860822698571e-10	0.383092185259886	0.19	0.119	9.02530256000566e-06	DTX2	c9
2.70798887582298e-10	0.325846883791561	0.248	0.163	9.12429771819794e-06	PPP3R1	c9
2.71272739506583e-10	0.367358206037732	0.206	0.131	9.1402636849348e-06	CCDC97	c9
2.71274585674448e-10	0.758140867716286	0.069	0.032	9.14032588971486e-06	LINC00467	c9
2.72229885747893e-10	0.365494527658168	0.189	0.118	9.1725137703895e-06	CNOT3	c9
2.75994996349371e-10	0.279137054772552	0.19	0.118	9.29937540699569e-06	HDAC10	c9
2.77993341180069e-10	0.315022818198337	0.185	0.114	9.36670763772125e-06	MAN2B2	c9
2.79181277512133e-10	3.12753478845454	0.01	0.002	9.4067339644938e-06	RP11-444D3.1	c9
2.85843865316857e-10	0.710573254715684	0.07	0.033	9.63122319798618e-06	CAMKK2	c9
2.87014957322325e-10	0.276093619911695	0.636	0.497	9.67068197201841e-06	DOCK8	c9
2.93955137854158e-10	0.225553226349739	0.586	0.441	9.90452441485798e-06	POLR3GL	c9
2.94153020531638e-10	0.295299015516772	0.297	0.203	9.91119187379301e-06	PPP2R2A	c9
2.94167968366173e-10	0.456224086566822	0.189	0.119	9.91169552612983e-06	SART3	c9
2.95373311823965e-10	0.183013410219466	0.343	0.234	9.95230836859669e-06	GMIP	c9
2.95512695055174e-10	1.91628562067779	0.012	0.002	9.95700474718902e-06	SIRPB1	c9
2.95617136718241e-10	0.30407635835267	0.332	0.228	9.96052380458441e-06	CUEDC2	c9
2.96294123650726e-10	0.408616762460913	0.173	0.106	9.98333420228757e-06	PIGF	c9
2.96877291886036e-10	0.361256285434863	0.234	0.153	1.00029834728081e-05	STAG1	c9
2.97601770504582e-10	0.212181006241295	0.356	0.246	1.00273940553814e-05	STAG2	c9
3.03114054104392e-10	0.357412604321562	0.284	0.194	1.02131249389934e-05	C16orf54	c9
3.09091464088748e-10	0.223641251258958	0.293	0.195	1.04145277910063e-05	HELZ	c9
3.09599918165635e-10	0.272771509272078	0.219	0.14	1.04316596426729e-05	DYNC1I2	c9
3.11112193647995e-10	0.465421436154133	0.135	0.078	1.04826142527755e-05	TMEM214	c9
3.12607890001661e-10	0.253758012105277	0.342	0.236	1.0533010245716e-05	CAND1	c9
3.15235278888059e-10	0.420988973206583	0.15	0.089	1.06215374868543e-05	TMEM5	c9
3.15837294849155e-10	0.552359315779959	0.096	0.051	1.06418218126474e-05	PPP1R12C	c9
3.20658590561459e-10	0.23823157379026	0.47	0.341	1.08042705503778e-05	SSR1	c9
3.22991609701958e-10	0.211922867871127	0.2	0.125	1.08828792972978e-05	POM121C	c9
3.24301061796552e-10	0.346112746254426	0.201	0.126	1.0926999976173e-05	KCTD13	c9
3.26674998657206e-10	0.303469304841222	0.125	0.07	1.10069874047559e-05	FMR1	c9
3.31747266811524e-10	0.247783938959212	0.398	0.285	1.11778924079475e-05	BPTF	c9
3.34266368938168e-10	2.44720472035007	0.014	0.003	1.12627710350026e-05	RUFY4	c9
3.37662159181425e-10	0.427165072840933	0.091	0.047	1.13771887914589e-05	SLC35A2	c9
3.38173020197457e-10	0.260277622023852	0.357	0.248	1.13944017425331e-05	BDP1	c9
3.38983071328434e-10	0.432250584329702	0.173	0.107	1.14216956053402e-05	TTC9C	c9
3.39458579519233e-10	0.224991355006524	0.38	0.263	1.1437717378321e-05	PHF14	c9
3.50565427050343e-10	1.58004893615745	0.028	0.009	1.18119514990343e-05	ST6GALNAC3	c9
3.56430326009799e-10	0.329231374783996	0.195	0.122	1.20095634045742e-05	AKAP8L	c9
3.56846769509217e-10	0.326152282534253	0.196	0.123	1.20235950518435e-05	HAT1	c9
3.57432238772847e-10	0.488027162455488	0.089	0.045	1.20433218532123e-05	USP32	c9
3.61744602628929e-10	0.229144197770723	0.617	0.477	1.21886226409791e-05	CCDC85B	c9
3.6795488445156e-10	0.32132039458277	0.196	0.123	1.23978718767109e-05	MTX2	c9
3.71611588346658e-10	0.38293670561074	0.201	0.127	1.25210808577523e-05	MRPL39	c9
3.73677440298141e-10	0.321814356264999	0.229	0.148	1.25906876734056e-05	ZNF580	c9
3.74243968889553e-10	0.242580145710812	0.295	0.199	1.26097762877646e-05	COQ4	c9
3.74288773145446e-10	0.280414664361379	0.179	0.11	1.26112859223626e-05	OCEL1	c9
3.76341708698043e-10	0.801790591741455	0.079	0.04	1.26804575328718e-05	SPATS2	c9
3.79449181252433e-10	0.611495135576597	0.055	0.024	1.27851607131195e-05	PQLC1	c9
3.81456189335828e-10	0.609868515897377	0.078	0.039	1.28527848434814e-05	SERPINH1	c9
3.8153703741944e-10	0.462491421536474	0.129	0.074	1.28555089388106e-05	ZDHHC16	c9
4.03140836463288e-10	0.443354266064335	0.18	0.112	1.3583427343794e-05	BABAM1	c9
4.05092903503297e-10	1.6349196205104	0.028	0.009	1.36492002906401e-05	CHRNA5	c9
4.08921067654757e-10	0.410334256329233	0.142	0.083	1.37781864535594e-05	TBC1D7	c9
4.10065649294321e-10	0.240690281744409	0.362	0.252	1.38167519873228e-05	H2AFJ	c9
4.10802519869613e-10	1.06941101233936	0.054	0.023	1.38415801044867e-05	LINC00265	c9
4.11361146603516e-10	0.348059234520929	0.263	0.176	1.38604024736589e-05	PDCD7	c9
4.11981237821323e-10	0.271881143045744	0.265	0.175	1.38812958271517e-05	PREB	c9
4.12697049553822e-10	0.257518817094588	0.383	0.269	1.39054143876665e-05	TMEM134	c9
4.12747399973655e-10	0.329168779021044	0.242	0.16	1.39071108947123e-05	ST6GALNAC6	c9
4.14071256752032e-10	0.354336365198482	0.16	0.096	1.3951716925003e-05	RNF20	c9
4.22059390007196e-10	0.176257053296105	0.374	0.258	1.42208690869025e-05	ALDH9A1	c9
4.23250076031185e-10	0.59176137537107	0.103	0.056	1.42609880617947e-05	BTN2A2	c9
4.24344280036302e-10	0.3729701206167	0.156	0.094	1.42978561715431e-05	IRF9	c9
4.24479547157471e-10	0.306679026300384	0.127	0.072	1.43024138619238e-05	RNF24	c9
4.28063983925075e-10	0.470038402998194	0.125	0.072	1.44231878743715e-05	SLC39A9	c9
4.32199106125476e-10	1.58526814313976	0.03	0.01	1.45625166817918e-05	TST	c9
4.40249480583798e-10	0.225420608228379	0.701	0.556	1.48337659987905e-05	HNRNPU	c9
4.41031546580366e-10	0.443788307900868	0.131	0.076	1.48601169304788e-05	AGPS	c9
4.42456149534086e-10	0.150445390885769	0.976	0.945	1.49081175024015e-05	ATP5G2	c9
4.44587280781763e-10	0.728859018587731	0.073	0.036	1.49799238386607e-05	LRRC2	c9
4.49383428637557e-10	1.12295130957905	0.036	0.013	1.51415252445138e-05	AC010226.4	c9
4.5712413477306e-10	0.549191023579048	0.125	0.072	1.54023405970435e-05	TMEM187	c9
4.57636649546444e-10	0.555808079263043	0.083	0.042	1.54196092698179e-05	ERF	c9
4.5954268604722e-10	0.28715837038461	0.178	0.109	1.5483831263675e-05	ZCCHC9	c9
4.60733044288365e-10	0.329815092698183	0.216	0.139	1.55239391942522e-05	DPH3	c9
4.61128116129594e-10	0.326228265784401	0.291	0.199	1.55372507448705e-05	TRPC4AP	c9
4.6930098644718e-10	0.44166744806303	0.132	0.076	1.58126274373513e-05	TMEM161A	c9
4.70688050273667e-10	0.348324824912883	0.202	0.129	1.58593631659209e-05	PRPSAP1	c9
4.77565693245627e-10	0.221831216552508	0.596	0.454	1.60910984682182e-05	STUB1	c9
4.85808178957694e-10	0.180587360399619	0.572	0.427	1.63688207818006e-05	SH2D1A	c9
4.89134413548685e-10	0.566308024515089	0.121	0.069	1.64808949301094e-05	TMEM68	c9
4.89586284838384e-10	0.249224571580566	0.501	0.364	1.64961202813445e-05	PPCS	c9
4.89714942422511e-10	1.48265492797606	0.024	0.007	1.65004552699841e-05	FSCN1	c9
4.94992833515026e-10	0.237142001842133	0.514	0.377	1.66782885324553e-05	IMP3	c9
4.99302201792296e-10	0.426317216215294	0.227	0.149	1.68234883871896e-05	FAF1	c9
5.00970724141767e-10	0.348969946283357	0.238	0.158	1.68797075792327e-05	NIPA2	c9
5.02004196312535e-10	1.47721313802245	0.039	0.015	1.69145293905546e-05	TRBV7-4	c9
5.10358351370081e-10	0.417087289593709	0.175	0.109	1.71960142910635e-05	TMX3	c9
5.11604635170706e-10	1.13234949894194	0.037	0.013	1.72380065774418e-05	CRIM1	c9
5.20553590511355e-10	0.574875899683764	0.102	0.055	1.75395326786896e-05	RRAGC	c9
5.23588052443974e-10	1.78028278616737	0.018	0.004	1.76417758390472e-05	DYRK3	c9
5.23775976519249e-10	0.264996048176583	0.614	0.479	1.76481077528396e-05	MEAF6	c9
5.36398534636054e-10	0.25441021041195	0.319	0.22	1.80734122260272e-05	FOXN2	c9
5.39615367842118e-10	0.270580254966368	0.534	0.397	1.81818002040723e-05	MLF2	c9
5.39976862559358e-10	1.78250378902049	0.018	0.004	1.8193980407075e-05	HBEGF	c9
5.42693869018051e-10	0.241008107392917	0.667	0.536	1.82855272226942e-05	GNAS	c9
5.4789343132318e-10	0.623424388035009	0.089	0.046	1.84607212750032e-05	TCTEX1D2	c9
5.49938847361849e-10	0.267138795976513	0.239	0.156	1.85296395230101e-05	ACD	c9
5.50025766453688e-10	0.523868159780517	0.134	0.078	1.85325681748906e-05	ACOT2	c9
5.50292773017965e-10	0.270937514089049	0.343	0.236	1.85415646940673e-05	WAC	c9
5.5105402136635e-10	0.205559682162886	0.636	0.48	1.85672141959178e-05	P4HB	c9
5.52510781327996e-10	0.576914396958193	0.123	0.071	1.86162982660655e-05	PRICKLE4	c9
5.57994289924503e-10	0.250129288049456	0.372	0.261	1.88010596047162e-05	ADSS	c9
5.58502680342262e-10	0.313962455425208	0.241	0.159	1.88181893114522e-05	MARS	c9
5.59199859128585e-10	0.234793339940828	0.472	0.339	1.88416800534786e-05	LRPAP1	c9
5.60691924676132e-10	0.411209738262666	0.211	0.137	1.88919537100376e-05	ARID2	c9
5.64374124143155e-10	0.219389374913651	0.528	0.388	1.90160217388795e-05	SSR3	c9
5.74290970396836e-10	0.360533918476437	0.119	0.066	1.9350159956551e-05	FAM174A	c9
5.74766213298594e-10	0.265424639903565	0.247	0.161	1.93661727908828e-05	DIMT1	c9
5.79546866528951e-10	0.402033417862774	0.121	0.069	1.95272521208265e-05	DUSP10	c9
5.84289379462094e-10	0.291467336874389	0.205	0.13	1.96870463515958e-05	EP300	c9
5.84819657008937e-10	0.309229614530866	0.208	0.133	1.97049135232591e-05	HAUS1	c9
5.89828552563455e-10	0.276455708721495	0.469	0.348	1.98736832500731e-05	MMADHC	c9
5.9008432232818e-10	0.37432028097596	0.169	0.104	1.98823011565257e-05	ELK4	c9
5.94570971634382e-10	0.321888874583899	0.187	0.117	2.00334743182489e-05	DDX39B	c9
6.01686512784701e-10	0.268428971689543	0.269	0.179	2.02732253617677e-05	DSCR3	c9
6.02339930161652e-10	0.203910550248617	0.381	0.268	2.02952416068667e-05	DAXX	c9
6.02854861092248e-10	0.530590614610351	0.134	0.078	2.03125916896422e-05	TOR1AIP2	c9
6.05796311826281e-10	0.349516554851945	0.188	0.118	2.04117009306747e-05	SCAF1	c9
6.0815520887303e-10	0.312828060669794	0.152	0.09	2.04911816077679e-05	AKT3	c9
6.16293382870922e-10	0.242440380102066	0.472	0.343	2.07653892424528e-05	ODF2L	c9
6.19864512348667e-10	0.355952520013388	0.166	0.101	2.0885714879076e-05	KIAA1429	c9
6.21263042736289e-10	0.271077400925362	0.365	0.253	2.09328369619565e-05	NR1H2	c9
6.235361159181e-10	0.279547441592686	0.288	0.195	2.10094258897445e-05	DHX30	c9
6.25580237663618e-10	0.343073657163356	0.272	0.183	2.10783005278379e-05	KLHDC3	c9
6.37108281170601e-10	1.44610961364499	0.025	0.008	2.14667264257622e-05	PCAT6	c9
6.38234339658117e-10	0.480655446209761	0.2	0.128	2.15046678404406e-05	ZBED5	c9
6.43994551455809e-10	0.203781591039217	0.272	0.183	2.1698752416752e-05	PELI1	c9
6.44253468398475e-10	2.33659129932061	0.012	0.002	2.17074763642182e-05	PTH2R	c9
6.70019515244558e-10	1.91137314298982	0.014	0.003	2.25756375466502e-05	TICAM2	c9
6.70521869584907e-10	0.303008678300969	0.21	0.134	2.25925638737939e-05	NUDT2	c9
6.77313836305982e-10	0.399079630854899	0.18	0.113	2.28214124004937e-05	NIT1	c9
6.77664328736379e-10	0.388299991757992	0.177	0.111	2.28332218924435e-05	GTF2H1	c9
6.79618152377849e-10	0.255755520074761	0.308	0.21	2.28990540262192e-05	MIF4GD	c9
6.80043189018755e-10	0.525634459057269	0.1	0.054	2.29133752107979e-05	BAP1	c9
6.85318459999606e-10	0.226952866718887	0.296	0.201	2.30911201912267e-05	CAPN7	c9
6.90506456529089e-10	1.69530781553322	0.033	0.012	2.32659245462911e-05	CD80	c9
7.09796282825386e-10	0.220388770496743	0.724	0.591	2.39158759535185e-05	SSU72	c9
7.09920080129908e-10	0.277012102785079	0.243	0.161	2.39200471798971e-05	UPF3B	c9
7.15791867280046e-10	0.332278741672507	0.225	0.147	2.41178911761339e-05	SIRT2	c9
7.17265525719305e-10	0.214597284552924	0.428	0.303	2.41675446235863e-05	ATG12	c9
7.20017277896472e-10	0.43574893454229	0.114	0.063	2.42602621614437e-05	GOLGA8A	c9
7.30842693412927e-10	0.347799256874561	0.169	0.104	2.46250137118552e-05	PES1	c9
7.31505214910561e-10	0.202584954590977	0.51	0.376	2.46473367111964e-05	FAAP20	c9
7.33517285382692e-10	0.642404187615059	0.119	0.068	2.47151314136844e-05	SLC38A9	c9
7.37446563018898e-10	0.307255120710647	0.183	0.114	2.48475244943588e-05	CDCA4	c9
7.4162935485565e-10	0.208376632497292	0.251	0.165	2.49884594825063e-05	ZFYVE28	c9
7.42261875427194e-10	0.552442561613587	0.116	0.066	2.50097716306439e-05	EHBP1L1	c9
7.42704658417956e-10	0.376628502517194	0.364	0.26	2.50246907607346e-05	NT5C3A	c9
7.44564777653191e-10	0.223160604732423	0.325	0.224	2.50873656182466e-05	CHORDC1	c9
7.5217323045227e-10	0.228543820776665	0.531	0.392	2.53437248268588e-05	RAB2A	c9
7.60524986702125e-10	0.232697969145665	0.214	0.136	2.56251289019414e-05	ZC3H18	c9
7.61166378816823e-10	0.406376446062995	0.217	0.141	2.5646739967854e-05	CDK10	c9
7.63368360185378e-10	0.279440014655664	0.283	0.192	2.57209335280861e-05	DNAJC2	c9
7.7202130266161e-10	0.707775330336829	0.053	0.023	2.60124857718803e-05	GSTM4	c9
7.72541762922869e-10	0.729029387303417	0.075	0.037	2.60300221599232e-05	FECH	c9
7.75499552230944e-10	0.273652349987313	0.278	0.187	2.61296819128694e-05	TAPBPL	c9
7.83638643436825e-10	1.07214410142692	0.06	0.028	2.64039204519604e-05	RMI2	c9
7.91489942004905e-10	0.235483741813847	0.357	0.249	2.66684621059133e-05	CCDC53	c9
7.98801514344283e-10	0.359863933495263	0.157	0.095	2.69148182243163e-05	C9orf114	c9
8.04593294595409e-10	0.425142458533028	0.148	0.089	2.71099664680977e-05	DNMT3A	c9
8.04750367102127e-10	2.30556468854431	0.01	0.002	2.71152588691391e-05	HLA-DQA2	c9
8.05832548947511e-10	0.540950172690903	0.106	0.059	2.71517219042374e-05	METTL2A	c9
8.05938813745408e-10	0.296609322229502	0.286	0.195	2.71553023903378e-05	MRPS24	c9
8.09173892847443e-10	0.231637022769974	0.26	0.171	2.72643051456018e-05	RNF34	c9
8.10807953961523e-10	0.40374040265703	0.156	0.095	2.73193632007796e-05	ELMO2	c9
8.28011448130157e-10	0.325797063494073	0.153	0.093	2.78990177332975e-05	FBXO31	c9
8.40629139615232e-10	0.378935471818571	0.232	0.152	2.83241582301956e-05	XIAP	c9
8.42874079429152e-10	0.209743121857567	0.417	0.299	2.83997992322858e-05	TNIK	c9
8.51056817866013e-10	0.267339475843015	0.198	0.125	2.86755084211775e-05	MRPL46	c9
8.53628764182432e-10	0.791940795038812	0.054	0.023	2.87621675803629e-05	IL1RAP	c9
8.57079456090472e-10	0.204384767510385	0.763	0.638	2.88784351935124e-05	SNU13	c9
8.5783890704527e-10	0.370589598568231	0.182	0.114	2.89040241339833e-05	COIL	c9
8.64511349243025e-10	0.242031345692043	0.361	0.252	2.91288454013945e-05	BTF3L4	c9
8.70892601855298e-10	0.271748363776624	0.277	0.186	2.93438553269124e-05	PPID	c9
8.76658513904336e-10	0.777838421378642	0.058	0.026	2.95381319674927e-05	DUS2	c9
8.86057683508906e-10	0.311825203680747	0.201	0.128	2.98548275881491e-05	BCL7C	c9
8.97502372373418e-10	0.175021188045232	0.319	0.218	3.02404449347499e-05	CDK12	c9
8.97829958203772e-10	0.236166878146999	0.286	0.191	3.02514826117179e-05	CECR1	c9
9.25054791203366e-10	0.30803579197225	0.108	0.06	3.11687961348062e-05	ALKBH5	c9
9.39457059498954e-10	0.344303839751434	0.204	0.131	3.16540661627578e-05	DNAJC17	c9
1.00391674038397e-09	0.205950729724555	0.458	0.33	3.38259706504974e-05	RGS19	c9
1.00444045398127e-09	0.399521431388828	0.196	0.125	3.38436166564451e-05	ZNF862	c9
1.00632110705832e-09	0.45804414294497	0.102	0.056	3.3906983381223e-05	GLA	c9
1.0074992010703e-09	0.345394410089839	0.181	0.112	3.39466780808625e-05	APPBP2	c9
1.01268922726258e-09	0.458492699882251	0.118	0.066	3.41215508233855e-05	UPF1	c9
1.02478426484218e-09	0.788162460172227	0.094	0.051	3.45290810195924e-05	ANKRD55	c9
1.03051185053349e-09	0.159065045114781	0.935	0.884	3.47220662918753e-05	DAZAP2	c9
1.04938784979436e-09	0.335379392876575	0.169	0.104	3.53580742109712e-05	IMPA1	c9
1.05223191762946e-09	0.266229323094951	0.427	0.306	3.54539022326071e-05	SARS	c9
1.05258133037011e-09	0.463058417101151	0.127	0.074	3.54656753454904e-05	DLEU1	c9
1.06573338288284e-09	0.314019956094395	0.217	0.141	3.59088206028545e-05	PMM1	c9
1.06829175326061e-09	0.460347741418304	0.093	0.05	3.59950223343629e-05	NADK	c9
1.06834506472215e-09	0.225925477039339	0.404	0.284	3.59968186107481e-05	PRPF4B	c9
1.06897145840948e-09	0.341889504591203	0.127	0.073	3.60179243196491e-05	PDPR	c9
1.07336868554045e-09	0.224139612026474	0.562	0.424	3.61660844905998e-05	CCT8	c9
1.08748229744221e-09	0.320151605134045	0.273	0.185	3.66416285300178e-05	ADRBK1	c9
1.09086221303382e-09	0.742824963730757	0.061	0.028	3.67555114059615e-05	QPCT	c9
1.09859963048015e-09	1.80127799244755	0.025	0.008	3.70162159493981e-05	AP001610.5	c9
1.1008038058733e-09	0.5726938093501	0.104	0.057	3.70904834350949e-05	LRWD1	c9
1.10329599619656e-09	0.358976299981823	0.207	0.133	3.71744552958471e-05	WAC-AS1	c9
1.14256443034313e-09	0.300322521155101	0.224	0.147	3.84975659159814e-05	LRRC59	c9
1.1512683102918e-09	0.256953117936529	0.229	0.149	3.8790834446972e-05	ATP6V1H	c9
1.1612293383518e-09	0.41442495917217	0.145	0.087	3.91264613264257e-05	BORCS7	c9
1.17663120260388e-09	0.299380243624197	0.266	0.178	3.96454117405351e-05	MBD4	c9
1.17869991898774e-09	0.451531868103537	0.2	0.13	3.97151150703731e-05	FAM134B	c9
1.18735388919796e-09	0.393283873679003	0.198	0.127	4.0006701942636e-05	CTNNBL1	c9
1.18799729085272e-09	0.253028425752055	0.457	0.339	4.00283807179917e-05	HIF1A	c9
1.19240038589867e-09	0.668657688786371	0.113	0.064	4.01767386024697e-05	DVL2	c9
1.21048266346576e-09	0.249933913645867	0.269	0.181	4.07860028628152e-05	DCAF8	c9
1.21163181417715e-09	0.346921339081905	0.202	0.13	4.08247223468849e-05	NME6	c9
1.21480872304169e-09	0.617837994567626	0.066	0.031	4.09317651141668e-05	ABHD8	c9
1.23526389771361e-09	0.300228735167155	0.28	0.191	4.16209817695625e-05	ECHDC2	c9
1.23809180609268e-09	0.787236723072539	0.086	0.045	4.17162653144867e-05	ACOX3	c9
1.24088965306355e-09	0.417440356407146	0.129	0.075	4.18105359703233e-05	ZBTB48	c9
1.24872929135125e-09	0.234048870742044	0.533	0.397	4.2074684742789e-05	HADHA	c9
1.25793562717168e-09	0.320242108092039	0.183	0.115	4.23848830219225e-05	RHOT1	c9
1.26530970842829e-09	0.510928013174951	0.105	0.058	4.26333453157827e-05	TTF2	c9
1.29566382454643e-09	1.68585242970042	0.022	0.006	4.36560969042673e-05	RP11-356I2.1	c9
1.298333399818e-09	0.273300626380061	0.371	0.263	4.37460455734677e-05	HPS1	c9
1.3179462646363e-09	0.30399997728429	0.172	0.107	4.44068814406555e-05	SMG5	c9
1.32827320419501e-09	2.05329644475014	0.018	0.005	4.47548373421465e-05	SIPA1L2	c9
1.34068028833645e-09	0.183597255835894	0.336	0.231	4.51728816352082e-05	SNAP23	c9
1.35752485071979e-09	0.308878527041997	0.16	0.098	4.57404423201526e-05	RNFT1	c9
1.3593417587054e-09	0.258114523569637	0.307	0.211	4.58016612178197e-05	YDJC	c9
1.36018560062189e-09	0.920914479022893	0.061	0.029	4.58300936273539e-05	RACGAP1	c9
1.37955309423208e-09	0.242546297459868	0.34	0.238	4.64826619570557e-05	POLR2A	c9
1.39225130638682e-09	0.260852442238517	0.385	0.274	4.69105155173975e-05	KRCC1	c9
1.40224977865782e-09	0.551362305006441	0.077	0.039	4.72474040420967e-05	SRP19	c9
1.4177806358955e-09	0.294464467996109	0.259	0.174	4.77707007458631e-05	ZNF791	c9
1.4235829510278e-09	0.157598123441654	0.38	0.265	4.79662039519306e-05	GON4L	c9
1.42784618052341e-09	0.236529728615511	0.272	0.184	4.81098492065559e-05	SMIM10L1	c9
1.42812204260521e-09	0.290954203752517	0.447	0.326	4.811914410354e-05	GOLGA4	c9
1.44665191934634e-09	0.448597779270687	0.125	0.073	4.87434897704557e-05	ALDH18A1	c9
1.45008633249762e-09	0.25095531997671	0.401	0.287	4.88592088871749e-05	HSF1	c9
1.45210034967326e-09	0.313228629673964	0.187	0.118	4.89270691818908e-05	ERCC3	c9
1.46757804509627e-09	0.272598229630458	0.321	0.223	4.94485746514739e-05	SLU7	c9
1.48551846142524e-09	0.262302506202726	0.608	0.473	5.0053059039262e-05	RAD23A	c9
1.49474410418535e-09	0.226261018203865	0.238	0.157	5.03639078464213e-05	GTF2F2	c9
1.51681608846464e-09	0.310482764586679	0.236	0.156	5.11076012847275e-05	TMEM101	c9
1.53130756974896e-09	0.23889049771617	0.338	0.237	5.15958772551214e-05	GOLGA8B	c9
1.53329918591597e-09	0.422280933143404	0.116	0.066	5.16629827702527e-05	NFE2L1	c9
1.5350368541222e-09	0.283385247032872	0.335	0.234	5.17215317627934e-05	RICTOR	c9
1.5367533837874e-09	0.783327780626734	0.076	0.039	5.17793685133328e-05	PABPC1L	c9
1.53806699191568e-09	0.220411258141622	0.526	0.391	5.18236292256068e-05	MACF1	c9
1.54347188659974e-09	0.282776654113639	0.2	0.128	5.20057417470916e-05	RWDD3	c9
1.55738208735461e-09	0.428461600577862	0.132	0.078	5.24744320513263e-05	CEPT1	c9
1.57293088709522e-09	0.410861176068965	0.134	0.079	5.29983333097865e-05	WDR59	c9
1.60135831755653e-09	0.205403392594129	0.376	0.264	5.39561671517496e-05	UBE2V2	c9
1.6025710479061e-09	0.273308053791754	0.289	0.198	5.39970288881482e-05	ACO2	c9
1.61046920870075e-09	0.394527879423133	0.169	0.105	5.4263149517963e-05	MRTO4	c9
1.61540952746844e-09	1.80364254875305	0.024	0.008	5.44296086185215e-05	EPS8L1	c9
1.63425317566183e-09	1.0921454391097	0.034	0.012	5.50645265007498e-05	ANKDD1A	c9
1.66039606565243e-09	0.248429437425851	0.307	0.212	5.59453850360929e-05	MFSD14A	c9
1.66665189435128e-09	0.224399475130655	0.806	0.705	5.61561689282722e-05	ANKRD12	c9
1.67720439197021e-09	1.10406232283259	0.048	0.021	5.65117247830442e-05	NEK3	c9
1.68055463693045e-09	0.542347928782471	0.081	0.042	5.66246079367347e-05	ZNF687	c9
1.70262529824806e-09	0.267615813154137	0.233	0.154	5.73682567991703e-05	KIAA0141	c9
1.71009324439218e-09	0.255030400798414	0.253	0.169	5.76198817765503e-05	DNAJB2	c9
1.71169564013174e-09	0.392538673099041	0.184	0.116	5.76738728985989e-05	FAM219B	c9
1.73204601851115e-09	0.810322823013375	0.056	0.026	5.83595585477148e-05	VKORC1L1	c9
1.76516524377342e-09	0.353522829005855	0.179	0.113	5.94754777237015e-05	PHTF1	c9
1.76558693131782e-09	0.367313358430144	0.148	0.089	5.94896860638227e-05	MCFD2	c9
1.76696983787887e-09	0.456744007414885	0.122	0.071	5.95362817174905e-05	RP4-728D4.2	c9
1.77822235648805e-09	0.364368890890651	0.178	0.113	5.99154240795085e-05	RRM1	c9
1.7911476395796e-09	0.249704665082783	0.194	0.123	6.03509285679952e-05	R3HCC1	c9
1.79974832231317e-09	0.208383780599092	0.626	0.482	6.06407199720199e-05	DPP7	c9
1.81664984754427e-09	0.242393233422363	0.374	0.266	6.12101999631566e-05	BNIP2	c9
1.82337541735106e-09	0.375742467793517	0.175	0.11	6.14368113122267e-05	MARK2	c9
1.8277971985524e-09	0.228490612266756	0.463	0.339	6.15857988080247e-05	PDCD5	c9
1.83387904981352e-09	0.904950914097382	0.058	0.027	6.17907207044169e-05	RP11-473M20.9	c9
1.855555068531e-09	0.406492220639747	0.161	0.1	6.25210724790836e-05	SGSM3	c9
1.85777629082245e-09	0.271888814223764	0.319	0.223	6.25959143429717e-05	GPBP1L1	c9
1.88157841555891e-09	0.225764834281336	0.409	0.291	6.33979031338418e-05	SLC25A39	c9
1.888667050403e-09	0.671000668539406	0.097	0.053	6.36367475962787e-05	TYW5	c9
1.89142507268592e-09	1.12694734850439	0.071	0.035	6.37296763990793e-05	TRBV7-6	c9
1.91134542557142e-09	0.330926408793667	0.191	0.122	6.44008727692036e-05	SCFD1	c9
1.92257866937401e-09	0.2165457014687	0.352	0.245	6.47793656858878e-05	RSU1	c9
1.95021655545075e-09	0.285808693640612	0.245	0.163	6.57105966193576e-05	TSN	c9
1.95353158787536e-09	0.414303347660209	0.123	0.071	6.58222933218724e-05	TRAPPC13	c9
1.96109828262054e-09	0.370180629844721	0.186	0.119	6.60772455346164e-05	CRTC2	c9
1.97392906025437e-09	0.195944519097178	0.281	0.19	6.65095657562107e-05	ASXL1	c9
1.9744978077385e-09	0.40847978593108	0.125	0.073	6.65287291339411e-05	DYRK1A	c9
1.9746466962794e-09	0.379417917101674	0.155	0.096	6.65337457844381e-05	TOPBP1	c9
1.97888542922137e-09	0.505347798711596	0.122	0.071	6.66765656521849e-05	VPS33A	c9
1.98577809501434e-09	0.478547512015948	0.131	0.077	6.69088071334133e-05	ADIPOR2	c9
1.99624728291405e-09	0.481604315836442	0.071	0.035	6.7261555950506e-05	ZNF354A	c9
2.00473318188639e-09	0.271873841428715	0.224	0.147	6.75474798304801e-05	STX12	c9
2.01657243449481e-09	0.249917322661628	0.259	0.173	6.79463916078681e-05	STX16	c9
2.0335668796064e-09	1.50263356337948	0.024	0.008	6.85190024414581e-05	NEK10	c9
2.0639984855573e-09	0.272333135494269	0.142	0.085	6.95443649723677e-05	COG1	c9
2.08163826139978e-09	0.197204807637341	0.505	0.372	7.0138719579604e-05	ACAP2	c9
2.10389969848864e-09	0.271736359494289	0.345	0.243	7.08887964408762e-05	ATP6V1E1	c9
2.10702331468294e-09	0.448382536351031	0.106	0.059	7.0994043564927e-05	EPOR	c9
2.11538731759238e-09	0.594849020937221	0.106	0.06	7.12758602789578e-05	ERV3-1	c9
2.14027556843265e-09	0.229999399911264	0.555	0.424	7.21144450027696e-05	PAPOLA	c9
2.15619289303235e-09	0.239254460123534	0.273	0.184	7.26507633378319e-05	PBDC1	c9
2.19499310606085e-09	0.18178646251632	0.817	0.696	7.39580977156143e-05	STK17B	c9
2.23127314325752e-09	0.225645352621507	0.311	0.215	7.51805172889189e-05	NUBP2	c9
2.23179926971983e-09	0.236433733762897	0.266	0.18	7.51982445939401e-05	ABCG1	c9
2.2360517958985e-09	0.581754535247967	0.07	0.034	7.53415292110039e-05	RP11-493L12.4	c9
2.23801417998445e-09	0.580002908183133	0.102	0.056	7.54076497803962e-05	SOCS4	c9
2.25899096155898e-09	0.34302751853202	0.124	0.072	7.61144414587682e-05	GABPA	c9
2.26446916726572e-09	0.279232021056714	0.122	0.07	7.62990241218511e-05	AHCYL1	c9
2.27472697756982e-09	0.195444936944379	0.218	0.14	7.66446507822376e-05	WDR6	c9
2.29456249365564e-09	0.726476060045267	0.073	0.037	7.7312988661233e-05	DHTKD1	c9
2.30083650274545e-09	0.643753378481233	0.068	0.033	7.75243851235052e-05	RP11-169D4.2	c9
2.3299661449754e-09	0.224717065513958	0.316	0.217	7.85058792888013e-05	NAA50	c9
2.34216140564826e-09	0.266446615392369	0.573	0.431	7.89167864019124e-05	TUFM	c9
2.34516147019123e-09	0.2560099964514	0.227	0.149	7.90178705766234e-05	FAM160B1	c9
2.34739034138437e-09	0.24180657661436	0.334	0.232	7.90929701626049e-05	GTF2H5	c9
2.38055099839779e-09	0.30738541910923	0.239	0.16	8.02102853400152e-05	RING1	c9
2.38272226306596e-09	0.376710945410031	0.125	0.073	8.02834439317446e-05	ARFIP1	c9
2.39310915563494e-09	0.866768098822207	0.055	0.025	8.06334198899638e-05	EGR2	c9
2.40551214643558e-09	0.480289365881727	0.097	0.053	8.10513262620003e-05	TMEM206	c9
2.41781845879278e-09	1.83544420877049	0.015	0.003	8.14659751505639e-05	MCAM	c9
2.42878144167114e-09	0.629671582499141	0.082	0.043	8.18353618956673e-05	GFOD2	c9
2.44071796213079e-09	0.509162963692319	0.121	0.071	8.22375510160349e-05	WDR83	c9
2.46581309179542e-09	0.223300623526098	0.346	0.243	8.30831063149548e-05	DOCK2	c9
2.51497718685787e-09	0.495468064646064	0.123	0.072	8.4739641333989e-05	TOR1B	c9
2.52930952717036e-09	0.357831084571921	0.169	0.105	8.52225552084782e-05	PDPK1	c9
2.5391041284061e-09	0.343287110043317	0.144	0.086	8.55525745025152e-05	ASB16-AS1	c9
2.55037932033691e-09	0.650247614579922	0.088	0.047	8.59324808194317e-05	PCBD2	c9
2.55451336930661e-09	0.177414271764675	0.677	0.543	8.6071773465417e-05	ATP5I	c9
2.56991751083314e-09	0.220608837584045	0.246	0.163	8.65908006100119e-05	FOXO1	c9
2.57123976660863e-09	0.210386650848948	0.399	0.284	8.66353526961112e-05	RPL7L1	c9
2.57373743254702e-09	0.2019789200135	0.182	0.114	8.67195090522395e-05	BORCS6	c9
2.58878517188923e-09	1.49754344138564	0.03	0.01	8.72265275816356e-05	VASH1	c9
2.59560608667568e-09	0.590215441737621	0.109	0.062	8.74563514844504e-05	PAN3	c9
2.60055486674321e-09	0.430376516778921	0.083	0.043	8.76230956800457e-05	TSNAX	c9
2.60078374849249e-09	0.361213034641655	0.205	0.134	8.76308076217061e-05	C1orf50	c9
2.6064266788748e-09	0.233627868395984	0.163	0.1	8.78209405180074e-05	VWA9	c9
2.62250973421787e-09	0.239963956336743	0.329	0.229	8.8362842984737e-05	ZNF644	c9
2.65703780527634e-09	0.173979443401427	0.93	0.872	8.9526231810981e-05	CIRBP	c9
2.66441290897331e-09	0.250581067084914	0.595	0.457	8.97747285549467e-05	M6PR	c9
2.67043976112848e-09	0.414153160457032	0.089	0.047	8.99777973114632e-05	UBFD1	c9
2.67876805756102e-09	0.385593688830471	0.169	0.106	9.02584109314609e-05	UIMC1	c9
2.70419501605631e-09	0.382053560249168	0.187	0.12	9.11151468710014e-05	HSPA14	c9
2.72478700946079e-09	0.473641841014792	0.089	0.048	9.18089734967718e-05	ZSWIM8	c9
2.72837917222522e-09	1.06508936628957	0.046	0.02	9.19300078289565e-05	GDAP1	c9
2.7394340635563e-09	0.15390794215024	0.333	0.226	9.23024913374659e-05	CDC40	c9
2.74570906408187e-09	0.178848644618029	0.329	0.229	9.25139212051746e-05	HLA-DMA	c9
2.78134635018995e-09	0.306807494750003	0.201	0.129	9.37146839233001e-05	MCM3AP	c9
2.79367173052344e-09	0.331231420348528	0.158	0.098	9.41299752882569e-05	LANCL1	c9
2.79649959600496e-09	0.278019864088671	0.139	0.083	9.42252573877913e-05	INSIG2	c9
2.96021303652067e-09	0.258084594772491	0.381	0.275	9.97414180525276e-05	RELB	c9
2.96034799991907e-09	0.470912290456334	0.134	0.08	9.97459655092731e-05	RFC2	c9
2.99168455950408e-09	0.262673837122049	0.252	0.17	0.00010080181954793	MTF2	c9
3.03055401176389e-09	0.258459535293299	0.187	0.118	0.000102111486872372	TDP1	c9
3.03059476947203e-09	1.47949883177766	0.024	0.007	0.000102112860162591	MYLPF	c9
3.06296595790391e-09	0.217582325719165	0.669	0.54	0.000103203574985614	ATP5F1	c9
3.08378984659915e-09	0.189445540583859	0.177	0.111	0.000103905215091312	EIF4EBP2	c9
3.08987140877405e-09	0.254953253429975	0.185	0.118	0.000104110127247233	RNF14	c9
3.11622347113529e-09	0.249338261258844	0.289	0.197	0.000104998033636432	SPATA13	c9
3.1306926952057e-09	0.387406300638879	0.11	0.062	0.000105485559672261	LMNB2	c9
3.13162109378890e-09	0.27719242271455	0.281	0.192	0.000105516841134123	TSPYL1	c9
3.14040138783459e-09	0.252408882900653	0.125	0.073	0.000105812684361699	KIF3B	c9
3.15221253839366e-09	0.267287735672971	0.25	0.168	0.000106210649268636	STK16	c9
3.18049205558585e-09	0.467146683090025	0.124	0.073	0.00010716349932091	NME7	c9
3.18102912169607e-09	0.330546721393454	0.137	0.081	0.000107181595226427	C2orf68	c9
3.18618745923869e-09	0.348487251748042	0.185	0.118	0.000107355400251589	PGD	c9
3.20022902132793e-09	0.285434779758395	0.19	0.122	0.000107828516644623	UCKL1	c9
3.21643649019689e-09	0.240910737032628	0.395	0.285	0.000108374611100694	TMPO	c9
3.26117538431194e-09	0.887445625060248	0.04	0.016	0.000109882043399006	VPS37C	c9
3.26299858360590e-09	0.721670521176967	0.066	0.032	0.000109943474276017	RFX7	c9
3.26678008082718e-09	0.198099513985329	0.315	0.219	0.000110070888043391	TRANK1	c9
3.27029653897391e-09	0.859001995821637	0.052	0.023	0.000110189371584187	WDR34	c9
3.27848731375725e-09	0.508213917240538	0.08	0.041	0.000110465351549737	ERCC2	c9
3.33650479280708e-09	0.276734753582227	0.184	0.116	0.000112420192488842	CRELD1	c9
3.35002840746675e-09	0.185703481192834	0.371	0.26	0.000112875857161185	SURF1	c9
3.3604633088677e-09	0.219765103736041	0.282	0.191	0.000113227450728988	MRPL36	c9
3.37479243319011e-09	0.252277627850425	0.434	0.316	0.000113710256243907	HSPA9	c9
3.39916324674736e-09	0.210933549280824	0.295	0.2	0.000114531406435906	TSSC4	c9
3.4148521364363e-09	0.55631454202764	0.079	0.041	0.000115060027885085	KLHL21	c9
3.43534199843454e-09	0.484636755889195	0.092	0.05	0.000115750413295253	NFE2L3	c9
3.46473289746336e-09	0.492656018562464	0.129	0.076	0.00011674071024713	ATP6V1C1	c9
3.4795551770398e-09	0.244636808376486	0.407	0.293	0.000117240132135179	CD46	c9
3.50409535024819e-09	0.570980954000366	0.123	0.073	0.000118066988731262	PRIMPOL	c9
3.54089830497014e-09	0.274710658772178	0.537	0.401	0.000119307027487664	GPBP1	c9
3.58977313431734e-09	0.216160158775758	0.284	0.194	0.000120953815987688	RIF1	c9
3.59314393198723e-09	0.196162174303731	0.548	0.412	0.000121067391644378	NONO	c9
3.60210084930138e-09	0.405806005124282	0.131	0.078	0.000121369186016361	BLVRB	c9
3.6315029399431e-09	0.191866121036979	0.296	0.202	0.000122359860058443	HSPA4	c9
3.63659188828778e-09	0.284733370565503	0.258	0.174	0.000122531327083969	DHX15	c9
3.66094881582224e-09	0.918530137864879	0.042	0.017	0.000123352009400315	KCTD21	c9
3.68755191497848e-09	0.28945247900203	0.18	0.114	0.000124248374223285	MAP4K4	c9
3.69262153909306e-09	1.54920935869429	0.02	0.005	0.000124419190138202	LINC01146	c9
3.7228924743763e-09	0.354951071121406	0.174	0.111	0.000125439139031635	HCFC1	c9
3.72431904319878e-09	0.329122072730877	0.233	0.156	0.00012548720584154	FLAD1	c9
3.72684678896399e-09	0.186348617910689	0.202	0.13	0.000125572375707353	MAP2K7	c9
3.76197688376642e-09	0.184676342450173	0.389	0.275	0.000126756049121626	SDF2L1	c9
3.7659783222497e-09	0.242292185459904	0.41	0.295	0.000126890873589881	TIMM17B	c9
3.7756170827504e-09	0.629666802883273	0.073	0.036	0.000127215641986192	WDR25	c9
3.79381550650655e-09	0.351369575975566	0.292	0.204	0.000127828819676232	MAN2B1	c9
3.80869355909999e-09	0.351281324136477	0.147	0.089	0.000128330120780315	UBALD1	c9
3.8184630140563e-09	0.317505471256924	0.182	0.115	0.000128659292795613	REV1	c9
3.83209621494838e-09	0.82748836621634	0.043	0.018	0.000129118649866471	FUT8-AS1	c9
3.87186808107452e-09	0.540402765402265	0.085	0.045	0.000130458723123725	FAM126A	c9
3.88466453417128e-09	0.201596618709112	0.347	0.243	0.000130889886814367	LRBA	c9
3.91092143050679e-09	0.366206033258092	0.218	0.145	0.000131774586679496	SYS1	c9
3.95398974850311e-09	0.169074687332454	0.301	0.206	0.000133225730586064	METTL17	c9
3.97269620579532e-09	0.225272452850354	0.294	0.202	0.000133856025958068	NUDT1	c9
4.01858336203944e-09	0.197470709265608	0.382	0.273	0.000135402147800557	UBE3A	c9
4.02012446639427e-09	0.593273250893447	0.074	0.038	0.000135454073770689	BLM	c9
4.032428851972e-09	0.819655755638334	0.058	0.027	0.000135868657738345	MYL5	c9
4.04854164290989e-09	1.3150717548319	0.026	0.009	0.000136411562116206	RP5-940J5.9	c9
4.1226395393008e-09	0.45754301444159	0.185	0.12	0.000138908216637201	CDC27	c9
4.152210250213e-09	0.287948654018605	0.29	0.202	0.000139904572170677	CLK3	c9
4.16406387456298e-09	0.288235288244648	0.257	0.174	0.000140303968189525	CUL1	c9
4.211249273519e-09	0.251831507302286	0.685	0.579	0.000141893833021949	DDIT4	c9
4.28346366318504e-09	0.376135517704334	0.174	0.111	0.000144327024667357	SYMPK	c9
4.30311249965846e-09	1.52980912345673	0.018	0.005	0.000144989072563492	FAM92A1	c9
4.37526272418498e-09	0.297008701006072	0.252	0.17	0.000147420102228689	AP3B1	c9
4.38611567191909e-09	0.292336051082076	0.209	0.137	0.000147785781449642	TPD52L2	c9
4.40324510375288e-09	0.376172581066665	0.143	0.087	0.000148362940525849	C18orf25	c9
4.41340090251902e-09	0.292862953247357	0.199	0.129	0.000148705130009476	ABHD18	c9
4.4718036795834e-09	0.247614962276857	0.465	0.34	0.000150672953179883	DYNC1H1	c9
4.48852045272505e-09	0.226158800126134	0.371	0.266	0.000151236208134118	ZFAND6	c9
4.49221900341673e-09	0.329071781312606	0.266	0.182	0.000151360827101123	UBR4	c9
4.49823120616291e-09	0.302972397446605	0.232	0.155	0.000151563402260453	LAX1	c9
4.55361447798366e-09	0.210211342154628	0.205	0.132	0.000153429486221181	PICALM	c9
4.56740496076771e-09	0.518723724928702	0.102	0.057	0.000153894142748107	NEMP2	c9
4.60747684372694e-09	0.490959238023798	0.112	0.064	0.000155244324772535	FAM179B	c9
4.65775491878616e-09	0.343483468112558	0.155	0.096	0.000156938394233581	PRRC1	c9
4.67227473986762e-09	0.311161224539819	0.169	0.106	0.0001574276250851	PNMA1	c9
4.8412111038915e-09	0.965286748955115	0.109	0.064	0.00016311976693452	TRAV17	c9
4.90988693322309e-09	0.201049256252376	0.391	0.275	0.000165433730328019	MPLKIP	c9
4.91788899778901e-09	0.225074847627647	0.265	0.179	0.000165703351891503	CPSF7	c9
5.05804994354862e-09	0.48760462288072	0.14	0.086	0.000170425934797927	UTP11L	c9
5.12264797943034e-09	0.335320140329424	0.212	0.139	0.000172602501018926	SIN3A	c9
5.19518558922997e-09	0.156883451293532	0.923	0.854	0.000175046583243515	GMFG	c9
5.19797230785486e-09	0.243753264072468	0.222	0.146	0.000175140478940862	ZNF688	c9
5.22497544434321e-09	0.388811233141864	0.137	0.082	0.0001760503226217	ST3GAL5	c9
5.26981681697341e-09	0.522594715301756	0.109	0.062	0.000177561207831102	TMEM39B	c9
5.28068817956872e-09	0.482963965817032	0.089	0.048	0.000177927507522388	PRDM4	c9
5.30627232997333e-09	0.260217447601446	0.251	0.169	0.000178789539886121	MRPL49	c9
5.42151555637505e-09	0.268701421434809	0.213	0.14	0.000182672545156501	DGCR2	c9
5.47217969041235e-09	0.564647003920979	0.05	0.022	0.000184379622488754	ZSCAN29	c9
5.50039310438306e-09	0.439858420345767	0.067	0.033	0.000185330245259083	RBM27	c9
5.51136038523293e-09	0.489310708028331	0.127	0.075	0.000185699776820038	MLKL	c9
5.5287061895025e-09	0.185958205499417	0.502	0.368	0.000186284226349097	SF3A1	c9
5.58177450221858e-09	0.234234385364269	0.551	0.41	0.000188072310077753	TCEB1	c9
5.61454496062011e-09	0.241296018264535	0.329	0.228	0.000189176477903134	BAZ2A	c9
5.62914594919853e-09	0.239378581227714	0.703	0.589	0.000189668443612295	STAT3	c9
5.64679208962175e-09	0.19150190958575	0.49	0.364	0.000190263012667715	NKTR	c9
5.72767227788609e-09	1.13881118923715	0.025	0.008	0.000192988189731094	RTKN	c9
5.73424864470368e-09	0.643121093583281	0.078	0.041	0.000193209773834646	ADAM15	c9
5.85842659183903e-09	0.545436431783563	0.078	0.041	0.000197393825585424	KLHL2	c9
5.96259339343066e-09	0.417781043273547	0.15	0.093	0.000200903621798253	CEP290	c9
6.08618486711355e-09	0.339230888392742	0.167	0.105	0.000205067912912524	OXR1	c9
6.18316931086307e-09	1.76821340278739	0.024	0.007	0.00020833570676022	TREX1	c9
6.19440495954735e-09	0.218455333138528	0.594	0.457	0.000208714280706989	POLR2K	c9
6.2223394324661e-09	0.668898785299112	0.056	0.026	0.000209655504837513	ADAP1	c9
6.24767267195507e-09	0.255761053552862	0.243	0.163	0.000210509083008854	LRCH4	c9
6.25230950574305e-09	0.200584980644022	0.613	0.468	0.000210665316486506	AURKAIP1	c9
6.25460178720086e-09	0.275168513181298	0.153	0.094	0.000210742552617946	DPP9	c9
6.25833495559595e-09	0.200873699518843	0.591	0.445	0.00021086833799385	PRDX6	c9
6.26300680348465e-09	0.168601173612344	0.31	0.213	0.000211025751236612	RIOK3	c9
6.4332622283403e-09	0.190872405675118	0.48	0.356	0.000216762337521698	BCLAF1	c9
6.45635683937067e-09	0.188645002247326	0.59	0.451	0.000217540487345755	SRRM2	c9
6.47331731682475e-09	0.387128069712015	0.132	0.079	0.000218111953673093	FAM222B	c9
6.54166623982722e-09	0.150032714624181	0.298	0.202	0.000220414902284738	EFCAB14	c9
6.61788262655183e-09	0.862670321099381	0.036	0.014	0.000222982937219037	TTL	c9
6.69863761437124e-09	0.261605154992155	0.196	0.127	0.000225703895778625	PARN	c9
6.72477730896492e-09	0.757864786397466	0.047	0.02	0.000226584646648264	BIVM	c9
6.72869236299507e-09	0.264578532173432	0.175	0.11	0.000226716560478756	TMEM115	c9
6.76433617805011e-09	0.367561188249847	0.155	0.097	0.00022791754318322	EDRF1	c9
6.81566146727846e-09	0.687859861225994	0.077	0.04	0.00022964689747848	TSC1	c9
6.84326125492048e-09	0.449266374367809	0.136	0.083	0.000230576844723291	CLEC16A	c9
7.02370118994995e-09	1.38831350094346	0.024	0.008	0.000236656587894174	WWTR1	c9
7.02764217280789e-09	0.548772920430476	0.096	0.053	0.000236789375370589	RNF135	c9
7.07220325202852e-09	2.07593376083957	0.015	0.004	0.000238290816373849	CTC-490E21.14	c9
7.090379915494e-09	0.2778216688541	0.221	0.146	0.000238903260872655	NCOA2	c9
7.12242911392538e-09	0.325989314860204	0.154	0.096	0.000239983126564602	PHF21A	c9
7.19201614613521e-09	0.282491883684293	0.227	0.149	0.00024232779202788	MAP2K2	c9
7.19680244598234e-09	0.234825068940309	0.202	0.131	0.000242489061614929	FAM172A	c9
7.27473992733492e-09	1.08856379760732	0.034	0.013	0.000245115087111623	C1orf198	c9
7.41251093179971e-09	0.366063075418935	0.147	0.09	0.000249757143336059	SMG6	c9
7.46688564577281e-09	0.191928072692333	0.344	0.242	0.000251589244948669	SYAP1	c9
7.47053284201231e-09	0.37470144954301	0.161	0.101	0.000251712133578763	GRWD1	c9
7.47092995305518e-09	0.313565344705582	0.237	0.16	0.000251725513838241	UCHL5	c9
7.60030810973576e-09	1.12953208147172	0.024	0.008	0.000256084781449437	COLGALT2	c9
7.64148853572606e-09	0.205648864721235	0.185	0.118	0.000257472314722754	TMEM167B	c9
7.66098080831287e-09	0.317511409166471	0.204	0.134	0.000258129087355294	LRCH3	c9
7.66203366769659e-09	0.226763706326856	0.34	0.241	0.000258164562399369	UPF2	c9
7.68606658767002e-09	0.195988838484791	0.21	0.137	0.000258974327604954	PRKAA1	c9
7.75795639286681e-09	0.22481109268915	0.377	0.269	0.000261396582701254	JPX	c9
7.77836763490549e-09	1.45792898515092	0.026	0.009	0.000262084319090506	MUC12	c9
7.81192464365792e-09	0.189285711246954	0.379	0.271	0.00026321498894341	RPAIN	c9
7.87312836867279e-09	0.969788006392986	0.051	0.023	0.000265277187254061	CD274	c9
8.01429401121385e-09	1.73258289443378	0.018	0.005	0.000270033622413839	EVC	c9
8.08756503390267e-09	0.853706213686441	0.041	0.017	0.000272502416252316	GTPBP2	c9
8.15790212736416e-09	0.217375668097791	0.323	0.226	0.000274872354279408	RAB18	c9
8.20646089348309e-09	0.194694294014015	0.429	0.314	0.000276508493345019	PHIP	c9
8.22356290189219e-09	0.455843928840334	0.106	0.061	0.000277084728416355	BCDIN3D	c9
8.26530123445829e-09	0.280519818761485	0.15	0.092	0.000278491059793838	MAP2K4	c9
8.26553257522093e-09	0.246742159558422	0.355	0.252	0.000278498854589494	PSMC6	c9
8.40424258683797e-09	0.217701438935392	0.32	0.224	0.000283172549720919	DNTTIP2	c9
8.41499532618074e-09	0.236576074449003	0.334	0.236	0.000283534852520334	SRRT	c9
8.47368932668969e-09	0.253265646351168	0.197	0.128	0.000285512488173482	PGS1	c9
8.49260765091621e-09	0.208877276348796	0.27	0.185	0.000286149922189971	PSD4	c9
8.49651125198487e-09	0.25020719113333	0.319	0.223	0.000286281450124378	EML3	c9
8.52992693746111e-09	0.231259197969359	0.298	0.208	0.000287407358230815	ADAM10	c9
8.59355888765846e-09	0.280946591365443	0.148	0.091	0.000289551373160764	EDEM2	c9
8.63241441841338e-09	0.226772087511261	0.258	0.174	0.00029086057141402	POLDIP2	c9
8.63582768590032e-09	0.219735488745516	0.267	0.182	0.000290975578048725	PUM2	c9
8.80897939880465e-09	0.204296534875154	0.632	0.486	0.000296809751863324	NDUFAF3	c9
8.83224266611051e-09	0.350514053799266	0.134	0.081	0.000297593584391927	KBTBD4	c9
8.91006918507809e-09	0.262236114166171	0.239	0.16	0.000300215871122021	GOLT1B	c9
8.95470578180055e-09	0.359447954115252	0.116	0.067	0.000301719856611988	PITPNM1	c9
9.05317872574854e-09	0.351050388259286	0.149	0.092	0.000305037803985371	TAF2	c9
9.16118813321854e-09	0.305568688262764	0.21	0.138	0.000308677072960665	LRRFIP2	c9
9.19750174746e-09	0.238814008929541	0.219	0.145	0.000309900623878917	UBE2Q2	c9
9.35145349363893e-09	0.257899042901822	0.187	0.121	0.00031508787401467	TDP2	c9
9.37627820624735e-09	0.300022158409673	0.16	0.1	0.000315924317881298	DDHD2	c9
9.41404920404337e-09	0.378319791986652	0.153	0.095	0.000317196973881037	AP1B1	c9
9.42725724398049e-09	0.398559407287446	0.146	0.09	0.000317642005578679	PPP1R15B	c9
9.44635984723752e-09	0.41476956278597	0.116	0.067	0.000318285648692821	RABL2B	c9
9.49846387474302e-09	0.234749709563852	0.171	0.108	0.000320041241795591	TMEM175	c9
9.53805265490691e-09	0.25741601644818	0.18	0.115	0.000321375146154433	SMG7	c9
9.55519409389901e-09	0.24490979057285	0.161	0.101	0.000321952709799833	TRMU	c9
9.58821345818916e-09	0.276169809848548	0.127	0.075	0.000323065264260226	NNT-AS1	c9
9.60912616749581e-09	0.437394777641689	0.073	0.037	0.000323769897087604	GOSR2	c9
9.63460267497965e-09	0.224777589733422	0.427	0.313	0.000324628302530764	RAB6A	c9
9.73005490048748e-09	1.76621146606624	0.018	0.005	0.000327844469817025	SHISA4	c9
9.92547349394763e-09	0.291793193150218	0.141	0.086	0.000334428903905071	TCEA2	c9
9.96081519238571e-09	0.313484398907264	0.244	0.166	0.000335619707092244	CTR9	c9
9.97339139061682e-09	0.224583810058194	0.204	0.133	0.000336043449515443	ZNF224	c9
1.00025934550459e-08	0.268931837835112	0.361	0.259	0.000337027383874316	IDI1	c9
1.016516791347e-08	0.708105186620418	0.07	0.035	0.000342505167676458	XRCC4	c9
1.02020297257988e-08	0.401251382818525	0.205	0.136	0.000343747189581064	ATF7IP2	c9
1.02264271247851e-08	0.231781814195324	0.302	0.21	0.00034456923554251	RELA	c9
1.03985912806375e-08	0.216581211625893	0.105	0.059	0.000350370134609801	VMAC	c9
1.05989796755416e-08	0.441871307069592	0.123	0.073	0.000357122021187698	DDX55	c9
1.06271299543469e-08	1.13667812834163	0.06	0.029	0.000358070516681763	TRAV36DV7	c9
1.06397750155941e-08	0.321503889947054	0.137	0.083	0.000358496579375426	NDUFAF1	c9
1.06418380485186e-08	0.426616081972258	0.125	0.075	0.000358566091206785	FAM160B2	c9
1.06685776174247e-08	0.230495058651953	0.178	0.114	0.000359467054241509	SLC25A32	c9
1.07331673274998e-08	0.409735712052102	0.185	0.119	0.000361643339932777	RNGTT	c9
1.08891207959881e-08	0.306640272825137	0.221	0.148	0.000366898036100024	TPP2	c9
1.09779221766155e-08	0.332497898476249	0.145	0.089	0.000369890109818883	KCTD5	c9
1.10686908396814e-08	0.78132430372056	0.054	0.025	0.000372948469152225	RP11-644F5.10	c9
1.10770422968376e-08	0.21729140123446	0.25	0.168	0.000373229863149646	EXOSC3	c9
1.11155045258116e-08	0.493086956179747	0.105	0.06	0.000374525809492697	RP5-1091N2.9	c9
1.11930592077579e-08	0.228604792960277	0.333	0.236	0.000377138936946193	SNF8	c9
1.12046345423629e-08	0.337843680453856	0.159	0.1	0.000377528956270377	MAU2	c9
1.1376101891807e-08	0.195841050815613	0.759	0.631	0.000383306377142545	C14orf2	c9
1.14168686816916e-08	0.395716387064154	0.15	0.093	0.000384679973360918	MICU1	c9
1.14278202319724e-08	0.185802729341899	0.824	0.718	0.00038504897489608	USMG5	c9
1.1488266117302e-08	0.214187733097741	0.309	0.216	0.000387085638556374	PCIF1	c9
1.15419677986127e-08	0.408718708075926	0.159	0.101	0.000388895063006456	GTF3C5	c9
1.15674154129681e-08	0.253522983450768	0.364	0.26	0.000389752494924546	VBP1	c9
1.16291627151664e-08	0.415305970043025	0.123	0.073	0.000391833008524816	STX11	c9
1.1666381601907e-08	0.405002465482953	0.114	0.066	0.000393087061694654	C7orf60	c9
1.17735202467561e-08	0.243846030370464	0.247	0.166	0.000396696991194199	MRPL50	c9
1.1909630664516e-08	0.372423647784835	0.156	0.098	0.000401283095610201	MTOR	c9
1.19300102928062e-08	0.382713711049053	0.113	0.066	0.000401969766805811	EIF1AD	c9
1.20424291690177e-08	0.153067241292263	0.208	0.135	0.000405757608420883	FAM136A	c9
1.21198142308951e-08	0.378234808442234	0.109	0.063	0.000408365020695781	SIK3	c9
1.26393167850038e-08	0.164402547838515	0.59	0.462	0.000425869139753918	IKZF3	c9
1.26721599008199e-08	1.47375216645428	0.022	0.007	0.000426975755698225	MYO1B	c9
1.26970504288915e-08	0.289026781288186	0.154	0.096	0.00042781441715107	RIPK1	c9
1.27196050434759e-08	1.29337949930715	0.03	0.011	0.000428574372334876	RP11-440D17.3	c9
1.29044719057804e-08	0.202275485261519	0.651	0.512	0.000434803276393364	HP1BP3	c9
1.29631492524027e-08	0.159024807770112	0.46	0.338	0.000436780350910457	NELL2	c9
1.29748791102581e-08	0.546795673731546	0.078	0.041	0.000437175576741036	MCOLN1	c9
1.29932090905729e-08	0.193471512826472	0.262	0.178	0.000437793187097762	CCNK	c9
1.30790278041395e-08	0.571834640926136	0.109	0.064	0.000440684762832675	MINPP1	c9
1.30814740037396e-08	0.285473194451529	0.183	0.118	0.000440767185082001	GBF1	c9
1.31054647744235e-08	0.252477840144289	0.295	0.207	0.000441575530109424	SF3B3	c9
1.32217005825196e-08	0.251043240919994	0.238	0.161	0.000445491979427414	SMARCA4	c9
1.33103729217344e-08	0.236188776030569	0.157	0.098	0.000448479705224919	ARAP1	c9
1.33168418049843e-08	0.394659234111755	0.091	0.05	0.000448697667777143	FAM193A	c9
1.34361385757411e-08	0.136787548637455	0.369	0.261	0.000452717253171022	HDDC2	c9
1.36670458036521e-08	0.1740139569509	0.842	0.731	0.000460497441308254	TAGLN2	c9
1.37098377209449e-08	0.165349523856083	0.25	0.169	0.000461939272169516	GRPEL1	c9
1.38453013066089e-08	0.404602843313107	0.117	0.069	0.000466503582224881	DNAJC11	c9
1.405155289187e-08	0.339862676906387	0.156	0.098	0.000473453023138667	OGFOD1	c9
1.40956785337646e-08	0.289829650022892	0.192	0.126	0.000474939792516664	PPIL3	c9
1.40991384676903e-08	0.274993991093455	0.285	0.198	0.000475056371530357	GRHPR	c9
1.4141820145811e-08	0.225738127652691	0.143	0.087	0.000476494487992957	PTS	c9
1.41812669780231e-08	0.210871816339028	0.326	0.229	0.000477823609557511	NCBP2	c9
1.42078406490224e-08	0.831490875192126	0.037	0.015	0.000478718982828161	ARSB	c9
1.43391302008392e-08	0.578243808651259	0.076	0.04	0.000483142652987076	MAPK7	c9
1.43700045871391e-08	0.19394450501008	0.263	0.179	0.000484182934559066	POLR2H	c9
1.44727747773792e-08	0.225047262792112	0.282	0.196	0.000487645673349016	USP10	c9
1.44883328543235e-08	0.195124207975429	0.325	0.228	0.000488169887193577	MRPL9	c9
1.45803422394413e-08	0.253950106424569	0.198	0.129	0.000491270051415734	FAM21C	c9
1.46879946626114e-08	0.183964440815119	0.38	0.272	0.000494897292162029	MITD1	c9
1.48683018032312e-08	0.301036297462071	0.105	0.059	0.000500972560958071	MYPOP	c9
1.48836404936217e-08	0.170158442922858	0.29	0.199	0.000501489382792091	GMPR2	c9
1.48962149974656e-08	1.65549346978759	0.018	0.005	0.000501913068124605	PM20D1	c9
1.4982258895237e-08	0.822321759639511	0.046	0.02	0.000504812231216115	PLA2G15	c9
1.50610085203874e-08	0.194035808597931	0.303	0.212	0.000507465621085933	TMF1	c9
1.50709748296706e-08	0.232406864229261	0.293	0.205	0.000507801425910922	VPS72	c9
1.5338114733227e-08	0.535077070817729	0.069	0.035	0.000516802437821351	ARHGEF19	c9
1.53453033711988e-08	0.261505831073576	0.186	0.12	0.000517044651789172	THAP4	c9
1.53912635602009e-08	0.247563184127895	0.344	0.245	0.000518593234397408	ATXN2L	c9
1.54763709110046e-08	0.242435251460189	0.453	0.339	0.00052146084147539	IRF2	c9
1.56209012436048e-08	0.555151374080058	0.091	0.051	0.000526330646502022	FAM118B	c9
1.57842749901161e-08	0.696806169608392	0.051	0.023	0.000531835361516973	SRF	c9
1.57863425410545e-08	0.546223781550151	0.111	0.065	0.000531905025578291	TMEM62	c9
1.59575352440641e-08	0.479589442160487	0.116	0.068	0.000537673192513494	ZBTB45	c9
1.59808357467605e-08	0.154675194401027	0.319	0.222	0.00053845827965135	SLC4A7	c9
1.60736703309796e-08	0.406550361504401	0.121	0.072	0.000541586248132027	TMEM254	c9
1.61778180381465e-08	0.691724809353004	0.067	0.034	0.000545095400977309	MICAL3	c9
1.62069647043124e-08	0.173718800814058	0.233	0.154	0.000546077468747103	ASCC3	c9
1.6289989169854e-08	0.995963676483528	0.095	0.054	0.000548874895089062	TRBV7-2	c9
1.63272868106574e-08	0.291584733438639	0.12	0.071	0.000550131601798291	SIN3B	c9
1.64490932359988e-08	0.170087202793123	0.414	0.297	0.000554235747493743	PPP6C	c9
1.65041726029584e-08	0.4285163609826	0.116	0.068	0.00055609159168408	C11orf24	c9
1.65558424487387e-08	0.195573641756624	0.358	0.257	0.000557832555467801	CHD3	c9
1.6586758641557e-08	0.247164703303731	0.185	0.119	0.000558874245668623	MTO1	c9
1.661709177866e-08	0.797178687742176	0.04	0.017	0.000559896290390168	MORN2	c9
1.67172060401719e-08	0.672958526532987	0.11	0.065	0.000563269540317553	IRF4	c9
1.6852570061241e-08	0.387172446076303	0.067	0.033	0.000567830495643454	LIMD1	c9
1.69036444736454e-08	0.266513481450938	0.2	0.13	0.000569551396895009	PIGS	c9
1.70193405152006e-08	0.590270712227286	0.083	0.045	0.00057344965931917	RRM2B	c9
1.70728498207525e-08	0.18220332087863	0.386	0.278	0.000575252601860436	SLAMF6	c9
1.71518646834e-08	0.191881495098086	0.281	0.193	0.000577914928642481	C6orf62	c9
1.72555018469113e-08	0.20205769708935	0.372	0.268	0.000581406879229829	U2AF2	c9
1.72598916762076e-08	0.409277112487378	0.102	0.058	0.00058155479013814	ZNF518B	c9
1.73280816050759e-08	0.546137388473018	0.068	0.034	0.000583852381601429	AC009299.3	c9
1.73664270212352e-08	0.23769498056189	0.25	0.171	0.000585144392053498	ERBB2IP	c9
1.73766331087229e-08	0.612526880008464	0.048	0.021	0.000585488275965309	PLXND1	c9
1.74462726858465e-08	0.505519695645113	0.023	0.007	0.000587834711876911	PVALB	c9
1.75129442190694e-08	0.998143625862017	0.035	0.014	0.000590081142517323	FUT7	c9
1.75239291709506e-08	0.201902355705016	0.243	0.163	0.000590451269486009	DLST	c9
1.75869595606166e-08	0.237199542853896	0.46	0.344	0.000592575015435416	CASP1	c9
1.7632135033434e-08	0.285958949750116	0.177	0.114	0.000594097157816525	ALG12	c9
1.80302125777625e-08	0.201553115370497	0.101	0.057	0.000607509982595129	TRGV5	c9
1.80581398546992e-08	0.479149902692886	0.124	0.075	0.000608450964264234	RBM19	c9
1.80923013318294e-08	0.386580502301444	0.121	0.073	0.00060960200107466	SP1	c9
1.81408132995898e-08	0.328545335106612	0.136	0.083	0.00061123656331638	SYVN1	c9
1.85003167104799e-08	0.283326578333088	0.112	0.065	0.000623349671242911	PLCL2	c9
1.86078277546298e-08	0.376497687585518	0.144	0.089	0.000626972148364496	RAVER1	c9
1.86435863402746e-08	0.210912779275061	0.256	0.174	0.000628176998149213	POLR3K	c9
1.88570780057669e-08	0.226626914379847	0.292	0.204	0.00063537038632631	NSFL1C	c9
1.88686380854921e-08	0.187165714264596	0.281	0.192	0.00063575989165257	ALG13	c9
1.88723205624416e-08	0.178081446668003	0.577	0.436	0.000635883969030909	MRPL33	c9
1.8878137835946e-08	0.188023924278323	0.226	0.152	0.000636079976244365	H2AFX	c9
1.90577283343514e-08	0.29053587673646	0.261	0.18	0.000642131098497637	INTS10	c9
1.93665428835735e-08	0.321607046511886	0.148	0.092	0.000652536295919125	NISCH	c9
1.94108340146152e-08	0.55823082389062	0.107	0.063	0.000654028641288445	ATP13A2	c9
1.95397848788237e-08	0.416602478040712	0.09	0.05	0.000658373511707087	STK38L	c9
1.95689277206738e-08	0.221525122160633	0.21	0.139	0.000659355450620383	C1orf35	c9
1.97416874393735e-08	0.288716677323469	0.212	0.142	0.00066517641658225	SNAP29	c9
1.97571591027263e-08	0.32282145376194	0.171	0.11	0.000665697718807261	CHMP6	c9
1.97803370926302e-08	0.222462977919808	0.309	0.216	0.000666478677999081	PEX16	c9
1.9873892718549e-08	0.200659492974351	0.234	0.159	0.000669630941258792	FAM111A	c9
1.98864336505637e-08	0.168508629085968	0.293	0.203	0.000670053495422094	USP47	c9
1.99847546362059e-08	0.20158982021253	0.29	0.201	0.000673366322712321	IL17RA	c9
2.0149456804228e-08	0.208902037283349	0.316	0.222	0.000678915797561659	AKR7A2	c9
2.02587580506512e-08	0.297303284791522	0.222	0.149	0.000682598593758641	ARCN1	c9
2.0281119409353e-08	0.31925148513825	0.135	0.082	0.00068335203737874	RNF25	c9
2.03949942135624e-08	0.202253413503611	0.397	0.29	0.000687188935031771	RNASEH2B	c9
2.04660153055992e-08	0.192585945217989	0.355	0.256	0.000689581919706859	ASF1A	c9
2.06517666398841e-08	0.598343044307722	0.105	0.061	0.000695840625164256	MSH2	c9
2.07214924654471e-08	0.255626961576824	0.293	0.205	0.000698189967130774	FPGS	c9
2.07355713781687e-08	0.179255380526932	0.511	0.385	0.000698664342016016	SERINC1	c9
2.07508100097121e-08	0.223729157603522	0.649	0.509	0.00069917779246724	SCAND1	c9
2.0893011842879e-08	0.408513825148405	0.123	0.074	0.000703969141033965	UCK1	c9
2.10281292361749e-08	0.774053640183141	0.049	0.022	0.000708521786483675	ZEB1-AS1	c9
2.10432728102654e-08	0.25433619349842	0.243	0.166	0.000709032034069084	POLE3	c9
2.1056668327076e-08	0.946918705850304	0.034	0.013	0.0007094833826125	S1PR2	c9
2.12405301416701e-08	0.611584390540209	0.082	0.044	0.000715678422593434	CCDC9	c9
2.14919667748372e-08	1.30767497505298	0.025	0.009	0.000724150328511365	RP5-903G2.2	c9
2.1492856481219e-08	0.241138747316302	0.274	0.191	0.000724180306278193	CDS2	c9
2.20844187392441e-08	0.496727610676555	0.106	0.062	0.000744112405000091	GRAMD3	c9
2.20893060096685e-08	0.215997555157289	0.198	0.13	0.000744277076689771	ZC3H12A	c9
2.27004518530227e-08	0.317411223298234	0.161	0.103	0.000764869024735745	MTA1	c9
2.27191798160112e-08	0.452167122004341	0.111	0.065	0.000765500044720683	POMGNT1	c9
2.27712245183664e-08	1.08589880242419	0.043	0.019	0.000767253638921839	FBXO45	c9
2.28629226493057e-08	0.201336427862751	0.28	0.192	0.000770343315745705	C15orf40	c9
2.33248433578613e-08	0.76380707467495	0.047	0.021	0.000785907272099778	KLF11	c9
2.3576647621452e-08	0.2949231751191	0.133	0.081	0.000794391564957204	MED24	c9
2.36146518144589e-08	0.197187247650005	0.229	0.155	0.000795672078236377	RAD50	c9
2.36150358024882e-08	0.198475178841297	0.25	0.17	0.000795685016329039	XAB2	c9
2.3667458531868e-08	0.545137690759354	0.091	0.051	0.00079745134777276	TADA1	c9
2.37951526131241e-08	0.25768537459526	0.215	0.144	0.000801753872146604	NRBF2	c9
2.40463473867107e-08	0.191603599509008	0.605	0.483	0.000810217628847831	NME2	c9
2.42135227238455e-08	0.45024643322574	0.097	0.055	0.000815850434657249	GHDC	c9
2.42233296551487e-08	0.26159685174147	0.191	0.125	0.000816180869400579	B3GALT4	c9
2.42621820698168e-08	0.57063505832853	0.104	0.06	0.000817489962660406	CNEP1R1	c9
2.4357260034646e-08	0.382859919227002	0.18	0.118	0.000820693519607362	DCAF13	c9
2.44198921365682e-08	0.352506180122651	0.155	0.098	0.00082280384564953	LSG1	c9
2.44936869955461e-08	0.172407302977692	0.512	0.374	0.000825290289627929	MRFAP1	c9
2.45565553571186e-08	0.621944538114258	0.059	0.029	0.000827408576202755	USP13	c9
2.46588041675972e-08	1.72274359038852	0.021	0.006	0.00083085374762302	BARX2	c9
2.46989711123925e-08	0.221042037748126	0.515	0.388	0.000832207132660953	RPS19BP1	c9
2.47113525297556e-08	0.369395123190856	0.105	0.061	0.000832624312137584	DNAJC13	c9
2.47874689192529e-08	0.437965776933768	0.121	0.072	0.000835188977765306	UBE3C	c9
2.48929279731119e-08	0.705558344541554	0.049	0.022	0.000838742315126033	ZNF654	c9
2.49337115708234e-08	0.308525105523497	0.14	0.087	0.000840116477667325	FAM73A	c9
2.51371608432841e-08	0.364221885547822	0.153	0.097	0.000846971497453614	ERAL1	c9
2.52053693163245e-08	0.255156591584391	0.191	0.125	0.000849269713744239	MRPS22	c9
2.53652616768964e-08	0.181920325864426	0.349	0.25	0.000854657126941348	TPP1	c9
2.55503745988961e-08	0.219693659581533	0.228	0.153	0.000860894321735206	PSME3	c9
2.56618321976367e-08	0.738315563150057	0.049	0.022	0.00086464977406717	AMACR	c9
2.57045175345372e-08	0.260751616567994	0.57	0.437	0.000866088013808696	ELOVL5	c9
2.57074305140632e-08	0.232832069901764	0.266	0.183	0.000866186163740846	GLS	c9
2.57247511319145e-08	0.215600412518468	0.156	0.098	0.000866769764638727	CLASP1	c9
2.58243690881178e-08	0.178086018066315	0.841	0.749	0.000870126292055042	PTGES3	c9
2.58798310479869e-08	0.367676426781137	0.138	0.086	0.000871995027330871	PAM16	c9
2.59643669300514e-08	1.11134253642859	0.038	0.016	0.00087484337934115	RP11-81H14.2	c9
2.59870068681702e-08	1.18028291476212	0.03	0.011	0.000875606209416125	CBX8	c9
2.59884256268607e-08	0.237490817824067	0.231	0.156	0.000875654013071444	OXCT1	c9
2.617809170341e-08	0.861824791320205	0.071	0.037	0.000882044621854697	MOB1B	c9
2.63009074823431e-08	0.657162530565915	0.079	0.043	0.000886182776710069	APOPT1	c9
2.6553949908726e-08	0.793737204813945	0.064	0.032	0.000894708788224615	IFI27L1	c9
2.71686255701295e-08	0.61156767050052	0.055	0.026	0.000915419669959944	ARRB1	c9
2.71890714608155e-08	0.184956769768947	0.505	0.378	0.000916108573800717	BAZ1A	c9
2.73353687710761e-08	0.261809713079041	0.195	0.128	0.000921037915372639	SRFBP1	c9
2.73709606145128e-08	0.300331756526223	0.208	0.14	0.000922237146945393	FBRS	c9
2.7421758051692e-08	0.566684721610875	0.073	0.038	0.000923948715793709	GBA2	c9
2.75449708301595e-08	0.520901689492225	0.081	0.044	0.000928100247151393	NUDT7	c9
2.75874900106925e-08	0.684307981209016	0.084	0.046	0.000929532888420272	MANEA-AS1	c9
2.79885886886307e-08	0.313585889121651	0.158	0.101	0.000943047507274724	CDR2	c9
2.80639670796558e-08	0.500563982865255	0.083	0.045	0.000945587306781922	SETD4	c9
2.81209945609566e-08	0.43116107922747	0.115	0.068	0.000947508790736873	TMED1	c9
2.82465464960582e-08	0.390818860692457	0.072	0.037	0.000951739137638185	RWDD2B	c9
2.83208905223133e-08	0.338311493649768	0.145	0.09	0.000954244085258826	ZNF335	c9
2.83725286626563e-08	0.166726130645791	0.82	0.711	0.00095598398075954	MBNL1	c9
2.85192851444923e-08	0.240897161913312	0.202	0.133	0.000960928793658523	SUPT7L	c9
2.87288384970207e-08	0.233103610561207	0.26	0.179	0.000967989484318615	MORF4L2	c9
2.90930611210256e-08	0.400926515046305	0.141	0.088	0.000980261601411835	GOLGA5	c9
2.97148372169218e-08	0.200063803251511	0.301	0.212	0.00100121172518696	RASSF7	c9
2.97756830044443e-08	0.220673568851861	0.244	0.166	0.00100326186315174	TARSL2	c9
3.00205501563446e-08	0.209847285819465	0.314	0.221	0.00101151241696787	KRR1	c9
3.0026209094435e-08	0.120261826790592	0.322	0.227	0.00101170308922789	TUBB4B	c9
3.00590667616701e-08	0.472429371744169	0.128	0.078	0.00101281019546771	USP38	c9
3.00929614676774e-08	0.744591160797663	0.054	0.025	0.00101395224369192	CASP9	c9
3.0123548033846e-08	0.589347217985994	0.073	0.038	0.00101498282745241	PITPNA	c9
3.05698991006297e-08	0.580934704622888	0.081	0.044	0.00103002218029662	LDOC1	c9
3.0658420398803e-08	0.312908798932052	0.189	0.125	0.00103300481691727	ITPR2	c9
3.08304263548758e-08	0.362351881767364	0.148	0.093	0.00103880038560119	MTG2	c9
3.09122652580172e-08	0.768539791723138	0.042	0.018	0.00104155786560363	RP4-563E14.1	c9
3.104212977528e-08	0.807963327790941	0.062	0.031	0.00104593352064828	FANCG	c9
3.1147029457684e-08	0.285622725309116	0.167	0.107	0.00104946801054721	ZNF143	c9
3.15875612782684e-08	0.217448408204246	0.377	0.272	0.00106431128970998	GORASP2	c9
3.1632727690714e-08	0.463650743789592	0.089	0.049	0.00106583312681092	C22orf34	c9
3.17167384997263e-08	0.709314683496922	0.107	0.063	0.00106866378700978	RP11-488L18.8	c9
3.19877671667696e-08	0.489932162051304	0.111	0.066	0.00107779582691713	C5orf22	c9
3.24002316172868e-08	0.539340989150229	0.072	0.037	0.00109169340411286	MAST3	c9
3.2446255389074e-08	0.506214683187616	0.153	0.097	0.00109324412907946	TGFBR3	c9
3.26115651008188e-08	0.232453231124586	0.234	0.158	0.00109881407450699	ALG5	c9
3.26120195463743e-08	0.18052240474914	0.25	0.172	0.00109882938659553	CUL5	c9
3.29844408704595e-08	0.351434853418684	0.117	0.069	0.00111137775068926	SARM1	c9
3.33706444600883e-08	0.144505117224778	0.398	0.288	0.00112439049443822	RNF126	c9
3.35896882592334e-08	0.900949864381207	0.056	0.028	0.00113177095620661	PHF13	c9
3.36221270459511e-08	0.230706157808053	0.211	0.142	0.00113286394868628	ZKSCAN1	c9
3.37034099578029e-08	0.35866924452604	0.139	0.087	0.00113560269511821	RPAP3	c9
3.37645211169465e-08	0.504232586283035	0.072	0.037	0.0011376617745144	KATNAL1	c9
3.41335288109436e-08	0.161911802914491	0.472	0.343	0.00115009511975593	LSM3	c9
3.45920455436551e-08	0.268402804119843	0.155	0.098	0.00116554438254792	MRPL35	c9
3.53401772675159e-08	0.224605090128731	0.226	0.153	0.00119075193285168	ERAP1	c9
3.54224173517107e-08	0.227829316576597	0.123	0.074	0.00119352293024854	JMY	c9
3.56086130274415e-08	0.291360415604226	0.152	0.095	0.00119979660734661	NCOR2	c9
3.56628690351126e-08	0.293221105775985	0.164	0.105	0.00120162470926908	RALGAPB	c9
3.60615558758959e-08	0.182851387137274	0.268	0.185	0.00121505806368244	RAF1	c9
3.62052425443929e-08	0.306443582882043	0.122	0.074	0.00121989944229077	ZNF236	c9
3.64217643172839e-08	0.46704336285049	0.113	0.067	0.00122719492690656	KHNYN	c9
3.64945957402033e-08	0.835321600007258	0.035	0.014	0.00122964890887041	CCNB1	c9
3.67397898963457e-08	0.495459233042313	0.075	0.04	0.00123791048076747	MMAA	c9
3.69148536012499e-08	0.508107558470167	0.088	0.049	0.00124380907724052	ZNF75D	c9
3.69677000036347e-08	0.287429820344513	0.2	0.133	0.00124558968392247	ZCCHC10	c9
3.70233169342949e-08	0.993970236273409	0.035	0.014	0.00124746364078413	NHLRC4	c9
3.71733895571811e-08	0.843333422305822	0.046	0.021	0.00125252018773966	TMEM164	c9
3.72730542929495e-08	0.163181366820029	0.317	0.222	0.00125587829134664	VPS4A	c9
3.76997548232744e-08	0.203104371255612	0.196	0.129	0.00127025553901541	MLLT10	c9
3.78575556344537e-08	0.370997552303169	0.119	0.071	0.00127557247954728	PAAF1	c9
3.79756543654303e-08	0.459254566056607	0.074	0.039	0.00127955169818881	SSFA2	c9
3.81865758303087e-08	0.213813705064841	0.23	0.155	0.00128665848602642	PLRG1	c9
3.83845671003815e-08	0.316679955619904	0.252	0.175	0.00129332960388026	ANKLE2	c9
3.85060972896889e-08	0.309566295133311	0.202	0.135	0.00129742444207878	AFF1	c9
3.86530985407905e-08	0.390357732068348	0.133	0.082	0.00130237750223339	RBBP5	c9
3.89675710923213e-08	0.664050205980016	0.081	0.044	0.00131297334038467	RHBDD1	c9
3.89903846303475e-08	0.194208642288152	0.234	0.159	0.00131374201973493	NGLY1	c9
3.92078018532503e-08	0.206063963214576	0.161	0.102	0.00132106767564342	AP5M1	c9
3.93200376937854e-08	0.266686274879604	0.193	0.128	0.00132484935005441	ADPRHL2	c9
3.93353294400787e-08	0.16868211514356	0.427	0.308	0.00132536459015401	CALCOCO2	c9
3.93440579850938e-08	0.20462587413766	0.32	0.226	0.00132565868974975	NIFK	c9
3.94733678271157e-08	0.202630913928013	0.472	0.349	0.00133001565556683	GGNBP2	c9
3.99150299536315e-08	0.38094872288797	0.127	0.078	0.00134489701925766	PIEZO1	c9
4.01529617901254e-08	0.273802178973295	0.145	0.09	0.00135291389455649	MFSD8	c9
4.02183917513064e-08	0.396886011673347	0.137	0.085	0.00135511849166852	NOC4L	c9
4.03879598873277e-08	1.00640932234887	0.035	0.014	0.00136083192044362	RP11-137H2.4	c9
4.04050414562175e-08	0.554719684245907	0.121	0.074	0.00136140746682579	PPME1	c9
4.05415764979724e-08	0.395572230231699	0.127	0.078	0.00136600787852268	RPS6KA4	c9
4.05526087319421e-08	0.147362162320251	0.362	0.256	0.00136637959861406	FAM204A	c9
4.06769027103885e-08	0.153833019340442	0.303	0.211	0.00137056755992383	RPIA	c9
4.09673580534757e-08	0.22010732007854	0.435	0.326	0.00138035416225381	SNRPN	c9
4.12944528391617e-08	0.631914498779224	0.073	0.039	0.00139137529396272	CCDC117	c9
4.18363572356591e-08	0.190342541746982	0.473	0.358	0.0014096342206983	PGLS	c9
4.21946450380741e-08	0.3243733734165	0.169	0.109	0.00142170636991287	MFSD5	c9
4.24490604147811e-08	0.175333489924216	0.274	0.189	0.00143027864161563	RNF11	c9
4.24583482132322e-08	0.189629058040693	0.47	0.347	0.00143059158469665	DNAJA2	c9
4.29324831645284e-08	0.214427757608144	0.266	0.184	0.00144656708774562	TRNAU1AP	c9
4.33434448628272e-08	0.49328643371545	0.128	0.079	0.0014604140312081	NCOA5	c9
4.39224192849801e-08	0.425029866264936	0.117	0.07	0.00147992199538812	SPTSSA	c9
4.4093801356444e-08	0.213369660496221	0.204	0.136	0.00148569654290403	TRAPPC12	c9
4.43192684520483e-08	0.233062601051126	0.192	0.127	0.00149329343122332	IREB2	c9
4.46627046211686e-08	0.224161994332868	0.183	0.119	0.00150486516950565	FAM207A	c9
4.47853934860302e-08	0.463809798713516	0.1	0.058	0.0015089990481183	PAXBP1	c9
4.50092056289267e-08	0.238970573724572	0.603	0.476	0.00151654017446106	FAM107B	c9
4.52629385683049e-08	0.39371619557444	0.093	0.053	0.00152508945212047	RFX1	c9
4.52757115082046e-08	0.157722381164072	0.38	0.274	0.00152551982355745	PDE4DIP	c9
4.59082960515704e-08	0.180497998556396	0.32	0.224	0.00154683412716161	BRMS1	c9
4.59522792406538e-08	0.762901990004891	0.056	0.028	0.00154831609673459	LYSMD4	c9
4.60108543251418e-08	0.372923681170836	0.133	0.082	0.00155028972563133	FBXO28	c9
4.60261785926087e-08	0.191265066905943	0.847	0.728	0.00155080606149936	ATP5D	c9
4.613452508448e-08	0.348344545264681	0.095	0.054	0.00155445668819647	CCDC92	c9
4.63175393592969e-08	0.223379911394453	0.234	0.159	0.00156062317117215	CDK11A	c9
4.66764272146311e-08	0.625042956865381	0.073	0.038	0.00157271553856978	RELT	c9
4.67166371232807e-08	0.187777607096858	0.541	0.407	0.00157407037123182	CCT7	c9
4.67317792167644e-08	0.233341198292108	0.247	0.169	0.00157458056892966	INPP5K	c9
4.68622397904555e-08	0.296356811082248	0.169	0.11	0.00157897630749961	NSUN2	c9
4.71307747559105e-08	0.166240587159794	0.232	0.155	0.00158802432462565	GFER	c9
4.797824829026e-08	0.310502376754973	0.192	0.127	0.00161657909789202	MVB12A	c9
4.8225242539173e-08	0.191333060912147	0.258	0.178	0.0016249013221149	PRDM2	c9
4.84987086364796e-08	0.198407141318229	0.207	0.139	0.00163411548879754	YLPM1	c9
4.87911346824653e-08	0.602786658405555	0.086	0.048	0.00164396849199099	IZUMO4	c9
4.90909382060632e-08	0.181854981412887	0.343	0.247	0.00165407007191509	SENP6	c9
4.91642424811685e-08	0.40910653360787	0.121	0.073	0.00165653998616049	UGGT1	c9
4.95184307263292e-08	0.216780622424026	0.169	0.109	0.00166847400489294	SEC23IP	c9
5.02626759523909e-08	0.204159885196563	0.143	0.089	0.00169355060353986	DTYMK	c9
5.06313671317754e-08	0.149058872014709	0.183	0.118	0.00170597328413804	WDR20	c9
5.0709727392608e-08	0.670637585428761	0.079	0.043	0.00170861355476654	LLGL1	c9
5.14840066666205e-08	0.223948728770167	0.162	0.103	0.00173470212062511	BMS1	c9
5.32431770655403e-08	0.193963237450075	0.412	0.302	0.00179397560804632	RNF114	c9
5.32696669904378e-08	0.259739506007939	0.171	0.111	0.00179486815957581	DNM1L	c9
5.36938256483864e-08	1.11183445977549	0.029	0.011	0.00180915976139673	DLGAP3	c9
5.3792869576426e-08	0.226694123655272	0.156	0.099	0.0018124969475081	CASP7	c9
5.41450990064901e-08	2.28721403543614	0.01	0.002	0.00182436496592468	PTPN14	c9
5.42637693393403e-08	0.209799948340893	0.354	0.254	0.00182836344411973	CCS	c9
5.4300208462145e-08	0.136066114571774	0.218	0.146	0.00182959122392351	DDX56	c9
5.43299055347897e-08	0.767018542196843	0.057	0.028	0.0018305918370892	CLNK	c9
5.45297940107071e-08	0.424184074493211	0.092	0.052	0.00183732687939677	FRS2	c9
5.45692183133239e-08	0.342914096521887	0.142	0.089	0.00183865524184913	TMEM159	c9
5.47157732434145e-08	0.198478707068369	0.746	0.632	0.00184359326366361	SKAP1	c9
5.48331907069708e-08	0.624591518116959	0.136	0.086	0.00184754952768067	ZC3H12D	c9
5.50792176155009e-08	0.179206983328247	0.283	0.198	0.00185583915833669	RAB4A	c9
5.56002905747871e-08	0.275242304107067	0.127	0.077	0.00187339619062688	THOC5	c9
5.57491428066056e-08	0.193124809611333	0.607	0.469	0.00187841161772577	VAPA	c9
5.59689397059442e-08	0.362174313895388	0.076	0.041	0.00188581745445208	TBC1D22B	c9
5.60932238371744e-08	0.382240413235055	0.075	0.04	0.00189000508396976	MTMR12	c9
5.61079034391553e-08	0.482767753495245	0.115	0.069	0.0018904996984789	PHF8	c9
5.62357483395583e-08	0.833329008409808	0.041	0.018	0.00189480730455308	PLEKHN1	c9
5.67892456411764e-08	0.186066663063476	0.191	0.125	0.0019134568426338	TRMT2A	c9
5.70340495664938e-08	0.218675331254824	0.139	0.086	0.00192170526609344	DCAF15	c9
5.70520166172916e-08	0.28572035716914	0.161	0.103	0.00192231064790302	ABCD4	c9
5.71224363915426e-08	0.180977795541814	0.281	0.197	0.00192468337177664	PHAX	c9
5.718289495448e-08	0.422536519792633	0.122	0.075	0.00192672046259625	ASH2L	c9
5.72750249689583e-08	0.219248853214384	0.33	0.238	0.00192982469130408	NUTM2A-AS1	c9
5.74086932383084e-08	0.312681744025701	0.115	0.069	0.00193432850997156	OAZ2	c9
5.74823107067599e-08	0.173741667287441	0.196	0.129	0.00193680897695357	MBD1	c9
5.86450147974903e-08	0.201635422705556	0.411	0.301	0.00197598512858664	ERGIC2	c9
5.89187047584143e-08	0.746564681512373	0.028	0.01	0.00198520683813001	ADAM28	c9
5.90997030532007e-08	0.347600644814768	0.118	0.071	0.00199130539467454	FHOD1	c9
5.92188587385154e-08	0.271854421433775	0.138	0.086	0.00199532022633554	PPTC7	c9
5.94622573123909e-08	0.313677294768565	0.148	0.093	0.0020035212978837	ZBTB24	c9
5.95495388397563e-08	0.206898806546713	0.225	0.152	0.00200646216166675	CERK	c9
5.96405132266966e-08	0.225100970701868	0.342	0.246	0.00200952745266032	WBSCR22	c9
6.00456578976758e-08	0.221196565905964	0.619	0.495	0.00202317839720429	LAMP1	c9
6.04290724734706e-08	1.15485365156781	0.024	0.008	0.00203609716792112	CHKA	c9
6.07240738225252e-08	0.839709962523982	0.048	0.022	0.00204603694337616	ADAT3	c9
6.1199991245631e-08	1.14633592265062	0.038	0.016	0.00206207250503029	AIFM2	c9
6.15098491954879e-08	1.37576708772618	0.016	0.004	0.00207251285879277	ZNF497	c9
6.15702194039203e-08	0.133075301828394	0.567	0.43	0.00207454697259569	USP15	c9
6.20061313582563e-08	0.161337206226831	0.185	0.121	0.00208923458998509	MIDN	c9
6.2026087208729e-08	0.206538155832708	0.274	0.19	0.00208990698241092	MAP2K1	c9
6.23566281871491e-08	0.345599748230628	0.186	0.124	0.0021010442301378	DYNC1LI1	c9
6.26475677057772e-08	0.442710796977028	0.086	0.048	0.00211084714627846	ZFP64	c9
6.28306099871951e-08	0.522941727094537	0.106	0.063	0.00211701457290855	CHD1L	c9
6.2905803950457e-08	0.182939330625662	0.208	0.139	0.0021195481583067	AKAP17A	c9
6.29887171074522e-08	0.265227219882228	0.236	0.163	0.00212234183421849	P4HTM	c9
6.30863148306747e-08	0.493462094569801	0.089	0.051	0.00212563029190475	EXD3	c9
6.33724229105456e-08	0.400546901708083	0.112	0.067	0.00213527041754792	UBE2Q1	c9
6.3784225513163e-08	0.224869853728251	0.19	0.126	0.00214914569444051	DICER1	c9
6.38452553603265e-08	0.356823885608098	0.113	0.068	0.00215120203411084	KATNB1	c9
6.39233815271335e-08	0.204292130683843	0.155	0.098	0.00215383441717524	C2orf74	c9
6.40111098911125e-08	0.202310105495267	0.379	0.281	0.00215679033667115	CCAR1	c9
6.41777628966571e-08	0.393241257835424	0.095	0.054	0.00216240554303996	ARMC7	c9
6.41839720039188e-08	0.183643557219269	0.218	0.146	0.00216261475270004	MRPL32	c9
6.44996246032685e-08	0.1763847727474	0.278	0.194	0.00217325035138253	RPS6KA3	c9
6.49059436960689e-08	0.132733972883238	0.197	0.129	0.00218694086689535	ZDHHC3	c9
6.51224903481935e-08	0.161221857982748	0.301	0.212	0.00219423718979203	NELFCD	c9
6.54766919148608e-08	0.168344349906681	0.363	0.26	0.00220617165737932	ZNF638	c9
6.62770909631483e-08	0.521104130238117	0.069	0.036	0.00223314030291232	SLC25A19	c9
6.63646830146307e-08	0.361296379600857	0.141	0.089	0.00223609162949497	ALOX12-AS1	c9
6.64224823187649e-08	0.334503446314995	0.109	0.065	0.00223803911924846	SLC39A13	c9
6.65131423893445e-08	0.240593951242638	0.318	0.229	0.00224109381966657	REXO2	c9
6.66032980370541e-08	0.27747177813696	0.185	0.121	0.0022441315240605	KPNA1	c9
6.69664881417262e-08	0.263552726031255	0.212	0.143	0.00225636885144732	MRPS27	c9
6.70998564379864e-08	0.157915583915664	0.817	0.702	0.00226086256282151	DDX24	c9
6.74150743517389e-08	0.250753570759027	0.27	0.19	0.00227148351520749	COPA	c9
6.81313174232305e-08	0.241459540181163	0.202	0.135	0.00229561660925833	GART	c9
6.81945202873579e-08	0.175061383305144	0.734	0.622	0.00229774616656224	POLR2L	c9
6.86972472138419e-08	0.428588157016099	0.115	0.069	0.00231468504762319	CKS1B	c9
6.87109643856305e-08	0.396142333164927	0.112	0.067	0.00231514723400944	SEH1L	c9
6.88002507713793e-08	0.188340289972513	0.52	0.389	0.00231815564949085	DDX46	c9
6.90019691054156e-08	1.72788342561449	0.013	0.003	0.00232495234703787	ACOT11	c9
6.91682293328532e-08	0.409459879865523	0.109	0.065	0.00233055431914115	FAM188A	c9
6.92117558716146e-08	0.292105622352667	0.154	0.099	0.00233202090233818	STT3A	c9
6.96017611422053e-08	0.259407894094384	0.166	0.107	0.00234516173992546	SCAF8	c9
6.9841420477163e-08	0.218264635424916	0.17	0.111	0.00235323682155753	LEMD2	c9
7.05493150224807e-08	0.44028967950338	0.079	0.043	0.00237708862036746	ABHD11	c9
7.07407474601043e-08	0.259279970475092	0.193	0.128	0.00238353874492075	AP3M1	c9
7.09063542975134e-08	0.18264329230679	0.236	0.161	0.00238911870170042	PTGES2	c9
7.12808280092294e-08	0.269961699415714	0.174	0.113	0.00240173621894298	RNF111	c9
7.13380713754363e-08	0.325429304576435	0.106	0.063	0.00240366497692395	MYO18A	c9
7.20455242280432e-08	0.43916184117277	0.125	0.077	0.00242750189333969	ZNF362	c9
7.20791572907374e-08	0.44813103531547	0.078	0.043	0.00242863512575411	OTUD7B	c9
7.20804597837084e-08	0.341714815821618	0.123	0.075	0.00242867901195227	VPS8	c9
7.21541997532619e-08	0.14707251248581	0.298	0.21	0.00243116360648641	CHTOP	c9
7.22822265841829e-08	0.444541145883588	0.098	0.057	0.00243547734252746	BRPF1	c9
7.25786535268514e-08	0.330613604488785	0.169	0.11	0.00244546515193373	DPM1	c9
7.26841149410839e-08	0.151114051263926	0.338	0.242	0.00244901856882488	BTN3A1	c9
7.28980334612492e-08	0.44925314730971	0.105	0.061	0.00245622633944333	SPIN2B	c9
7.30538040178357e-08	0.284600841031539	0.163	0.105	0.00246147487257696	NUP153	c9
7.3533701520869e-08	0.318993882860058	0.163	0.105	0.00247764453904416	L3MBTL2	c9
7.46651042275179e-08	0.202513431175071	0.237	0.163	0.00251576602184199	IL4R	c9
7.53337067818536e-08	0.382458361018555	0.108	0.064	0.00253829391630778	APOL1	c9
7.63910327353432e-08	0.200287496513076	0.137	0.085	0.00257391945698466	YTHDF3	c9
7.65927928949165e-08	0.322372911687757	0.108	0.064	0.00258071756380132	SENP1	c9
7.72045206667429e-08	0.378715335382726	0.1	0.058	0.00260132911934523	UBP1	c9
7.73166382429222e-08	0.172117704138455	0.231	0.156	0.00260510680895702	PAIP1	c9
7.77918282296176e-08	0.408318812888768	0.146	0.093	0.00262111786036874	GPR137	c9
7.80603611425039e-08	0.3246345730398	0.082	0.045	0.00263016580833553	BOLA2B	c9
7.94048712375113e-08	0.169423734931179	0.524	0.4	0.00267546773147671	TSPAN14	c9
7.96515265746225e-08	0.158234756706803	0.293	0.204	0.00268377853640533	NDUFS4	c9
7.98134769848955e-08	0.180579910218249	0.405	0.296	0.00268923529352907	ABT1	c9
7.99767718651559e-08	0.797780667571398	0.031	0.012	0.00269473735122456	SYCP2	c9
8.05454671050847e-08	0.247801722068077	0.218	0.147	0.00271389896863873	CTDSP2	c9
8.05790765098701e-08	0.234496098483289	0.241	0.167	0.00271503140392356	ABHD13	c9
8.09227491448554e-08	0.257868460218998	0.17	0.111	0.00272661110968676	DHX16	c9
8.09566504025748e-08	0.262560892822853	0.224	0.153	0.00272775337866436	SACM1L	c9
8.12537746696147e-08	0.189599869362958	0.273	0.19	0.002737764683718	MRPS14	c9
8.16885074565142e-08	0.146542237832354	0.637	0.49	0.00275241257023979	ARPC5L	c9
8.19823701503014e-08	0.520045925630052	0.108	0.065	0.00276231397984425	FAM91A1	c9
8.21390474211848e-08	0.288326320514236	0.122	0.074	0.0027675930638094	GPN2	c9
8.46321435063043e-08	0.198960399141365	0.597	0.477	0.00285159544330142	TMEM14B	c9
8.49633565043806e-08	0.154003919910241	0.146	0.091	0.0028627553340586	TRERF1	c9
8.51425091366231e-08	0.279089708306703	0.134	0.083	0.00286879170284938	ATP6V0A2	c9
8.56287478689695e-08	1.336494990423	0.031	0.012	0.00288517503069706	LACC1	c9
8.56613357974808e-08	0.423172959135175	0.109	0.065	0.00288627304836032	AEBP2	c9
8.6305767658067e-08	0.280325530289295	0.287	0.207	0.00290798653547091	RSRC1	c9
8.635081167173e-08	0.187744870386467	0.276	0.193	0.00290950424846727	RAP1GDS1	c9
8.6992294721301e-08	0.423156756283217	0.1	0.058	0.00293111837833951	RP11-147L13.15	c9
8.720847840326e-08	0.377458415736742	0.058	0.029	0.00293840247131944	MAN2A2	c9
8.77677882453558e-08	0.270361483611323	0.181	0.119	0.00295724785713902	ZNF414	c9
8.80013432648503e-08	0.45269910722864	0.085	0.047	0.00296511725996587	RABL3	c9
8.80430459172138e-08	0.253557214366216	0.18	0.118	0.0029665223891346	CRY1	c9
8.81953148624936e-08	0.281556892003292	0.179	0.118	0.00297165293897686	ISOC1	c9
8.86208861292707e-08	0.109363355901984	0.131	0.08	0.00298599213723965	CSTF3	c9
8.89347838168131e-08	0.551453889638039	0.079	0.043	0.0029965686059237	SLC11A2	c9
8.92406082968187e-08	0.452575642969703	0.072	0.038	0.00300687305595301	NELFB	c9
8.96098352820781e-08	0.244181193181544	0.16	0.103	0.00301931378999434	YIPF2	c9
8.98445490507782e-08	0.151898523398353	0.894	0.809	0.00302722223571692	SSR4	c9
9.00914138372637e-08	0.216277459121775	0.291	0.207	0.00303554009783276	FASTK	c9
9.11122638831925e-08	0.202484611456802	0.319	0.23	0.00306993661928029	CHCHD3	c9
9.15704706850063e-08	0.292296265558056	0.188	0.126	0.0030853754392606	TRAF7	c9
9.24553277910771e-08	0.162897614489107	0.354	0.257	0.00311518981459255	STT3B	c9
9.26412659663228e-08	0.176972206425172	0.864	0.783	0.00312145481546928	RAN	c9
9.30522761719565e-08	0.2163013766903	0.329	0.235	0.0031353033933379	BIRC2	c9
9.3182200207868e-08	1.96731378891742	0.014	0.004	0.0031396810538039	CFAP57	c9
9.33467045076177e-08	0.624842623803153	0.072	0.038	0.00314522386167967	ZFYVE1	c9
9.42572172956615e-08	0.182833909334392	0.239	0.163	0.00317590267956002	ASXL2	c9
9.4345927872628e-08	0.172248336847092	0.21	0.141	0.00317889169374033	CTBP1	c9
9.55031217109032e-08	0.169036448817886	0.347	0.248	0.00321788218292717	RAD23B	c9
9.66732597300053e-08	0.409207531196557	0.119	0.072	0.0032573088133428	ZDHHC5	c9
9.69463239633812e-08	0.316898226995943	0.147	0.094	0.00326650943962217	SEC16A	c9
9.79875780129174e-08	0.287967788607137	0.216	0.146	0.00330159345356724	IFT20	c9
9.80683829021938e-08	0.47967952240042	0.117	0.072	0.00330431609350652	SMC2	c9
9.85435220955064e-08	0.441375546719102	0.103	0.061	0.00332032543348599	MOSPD2	c9
9.87357202460818e-08	0.375401858510135	0.137	0.086	0.00332680135797148	DNAJC30	c9
9.89814772677334e-08	0.785370374763955	0.048	0.022	0.00333508189505901	RP11-488L18.10	c9
9.91359773508518e-08	0.637721595778789	0.083	0.046	0.0033402876208596	ELAC1	c9
1.00008566903409e-07	0.276312249694206	0.177	0.116	0.00336968865324346	KIDINS220	c9
1.00356961869987e-07	0.302626855922851	0.161	0.105	0.00338142747324733	IDH3A	c9
1.0071086100814e-07	0.462370597247749	0.106	0.064	0.00339335175080828	INTS9	c9
1.011579453433e-07	0.372981034250807	0.122	0.075	0.00340841581039714	LIN37	c9
1.02781842575392e-07	0.241467806074919	0.261	0.184	0.00346313140373525	ZFC3H1	c9
1.0320686245442e-07	0.227604690492353	0.227	0.155	0.00347745202353921	ATPAF1	c9
1.03653570755386e-07	0.751960256881012	0.059	0.03	0.00349250341303197	GTF2H4	c9
1.04709041859289e-07	0.39760226698511	0.132	0.083	0.00352806645640688	PI4K2B	c9
1.06923940621002e-07	0.194405840711596	0.234	0.159	0.00360269525528405	ESCO1	c9
1.07159383635242e-07	0.172985848389274	0.461	0.345	0.00361062827220583	ITSN2	c9
1.08955951767783e-07	0.166541587875966	0.227	0.154	0.00367116183886368	DALRD3	c9
1.09747333501297e-07	0.737201539877093	0.043	0.02	0.00369782665499271	FDX1L	c9
1.09985751054029e-07	0.289456242515087	0.117	0.071	0.00370585989601445	CMTR2	c9
1.10778367640346e-07	0.45118554485199	0.142	0.091	0.00373256631927382	PEX19	c9
1.11583206871111e-07	0.311067824520788	0.187	0.126	0.0037596845723152	RAE1	c9
1.11938218292249e-07	0.612429572439011	0.069	0.036	0.00377164632713902	EEPD1	c9
1.12067817704742e-07	0.608007101086052	0.094	0.055	0.00377601304974357	SYNJ2	c9
1.12277335192373e-07	0.363611371670541	0.134	0.084	0.00378307253197181	TMEM39A	c9
1.13191060565895e-07	0.393574069553071	0.105	0.063	0.00381385959470726	NHLRC2	c9
1.13621005449368e-07	0.168753048410614	0.179	0.117	0.00382834615761102	AGAP2	c9
1.13719373513474e-07	0.223708071999909	0.146	0.092	0.003831660571163	TTC5	c9
1.13988165638617e-07	0.162201185380992	0.24	0.164	0.00384071725302757	UNC50	c9
1.18498273749935e-07	0.1379902719095	0.247	0.169	0.00399268083573032	HACD4	c9
1.19277237384996e-07	0.143411973100365	0.3	0.211	0.00401892723645007	TIMM13	c9
1.20183085794078e-07	0.345121216417822	0.182	0.122	0.00404944889274565	TYW3	c9
1.21342824902298e-07	0.292419025642478	0.154	0.099	0.00408852514225803	ACOT9	c9
1.216264285769e-07	0.449013973532043	0.082	0.046	0.00409808088447007	ZNF71	c9
1.21915129054211e-07	0.286228998722327	0.13	0.081	0.00410780835835259	AMDHD2	c9
1.21984539857684e-07	0.331016498692926	0.132	0.082	0.0041101470859648	CDKAL1	c9
1.23422882544395e-07	0.587005914915137	0.063	0.033	0.00415861060445086	C2CD2	c9
1.23636650353939e-07	0.27944531251026	0.19	0.127	0.00416581329702561	C1orf131	c9
1.2424018459247e-07	0.588927611150083	0.076	0.042	0.00418614877965868	RETSAT	c9
1.24408859190579e-07	0.294691027665933	0.111	0.067	0.00419183210156737	ABCC10	c9
1.25555696549318e-07	0.468171859646226	0.093	0.054	0.00423047363953271	SAP130	c9
1.26380868531741e-07	0.292881781965723	0.172	0.114	0.00425827698430849	SAYSD1	c9
1.26778598285037e-07	0.75577163660514	0.104	0.063	0.00427167809061605	TRBV9	c9
1.29906879848951e-07	0.373043223109491	0.089	0.05	0.00437708240963054	TNFRSF10B	c9
1.30244174869029e-07	0.189225037490132	0.232	0.158	0.00438844722803706	MRPS30	c9
1.3044096103839e-07	0.464928204276557	0.093	0.054	0.00439507774122751	HEATR6	c9
1.31575258616893e-07	0.709647263283633	0.056	0.028	0.0044332967638376	VWA5A	c9
1.32170160017014e-07	0.253834948588063	0.301	0.216	0.00445334137161327	HINT2	c9
1.3236048426354e-07	0.101884478063878	0.35	0.248	0.00445975415677571	METAP2	c9
1.32897066614562e-07	0.22965502983375	0.178	0.118	0.00447783376251105	TM9SF3	c9
1.3348375381425e-07	0.554562765897673	0.052	0.025	0.00449760160101734	NACC1	c9
1.34818641850202e-07	1.00209649293161	0.039	0.017	0.0045425793185007	ZNF213	c9
1.36650389577069e-07	0.697080286501318	0.052	0.025	0.00460429822640975	PPARA	c9
1.38871466321877e-07	0.225212031588587	0.235	0.163	0.00467913518624933	DDX23	c9
1.39296557356433e-07	0.139551114571262	0.209	0.14	0.00469345820356765	ADA	c9
1.39832517699889e-07	0.252463991775038	0.231	0.159	0.00471151685138007	ATG4B	c9
1.40152665230884e-07	0.483619235924438	0.078	0.043	0.00472230390228942	RFNG	c9
1.42097070962852e-07	0.251921952400718	0.325	0.237	0.00478781870902235	RBM6	c9
1.42405407789073e-07	0.976295719562311	0.026	0.01	0.00479820781004503	L1CAM	c9
1.42951903241956e-07	0.486614577202538	0.046	0.021	0.00481662142783446	ETV1	c9
1.44077615382226e-07	0.209632408230215	0.255	0.176	0.00485455117268871	UROS	c9
1.45157266609556e-07	0.310249049783622	0.148	0.095	0.00489092894114239	ANKRD13C	c9
1.45240277702727e-07	0.182973723704313	0.431	0.321	0.00489372591691567	MGEA5	c9
1.45684576467256e-07	0.242848458552632	0.274	0.194	0.00490869611948771	DHX9	c9
1.45720748124677e-07	0.2374829497246	0.267	0.187	0.00490991488731285	TVP23B	c9
1.45888410491248e-07	0.295168761206397	0.108	0.064	0.00491556410309211	PANK4	c9
1.46196821541586e-07	0.170076028317422	0.396	0.29	0.0049259557050222	TROVE2	c9
1.47537443970763e-07	0.225832293641375	0.206	0.14	0.00497112663715089	PRKRA	c9
1.48458658549607e-07	0.181718191403852	0.214	0.144	0.00500216604117047	RINL	c9
1.5036967139573e-07	0.288511537117358	0.204	0.14	0.00506655570800774	FNDC3A	c9
1.5111806067941e-07	0.377933886438698	0.066	0.034	0.00509177193653206	MICALL1	c9
1.51146443486656e-07	0.212156020589678	0.173	0.113	0.00509272826683938	PPP1R35	c9
1.51369339675842e-07	0.649721774053035	0.069	0.037	0.00510023853103782	HNRNPUL2	c9
1.52160227389532e-07	0.141493703947083	0.272	0.19	0.00512688670166288	TBC1D5	c9
1.52283975544123e-07	0.375931390275962	0.12	0.074	0.00513105627198368	PXK	c9
1.54201578168927e-07	0.230083622744342	0.196	0.132	0.00519566797482383	WDR77	c9
1.55050428649311e-07	0.233502335664837	0.152	0.097	0.00522426914290988	ATP9B	c9
1.55463840332113e-07	0.156042916460207	0.394	0.288	0.00523819863615022	FBXO7	c9
1.55516851302967e-07	0.297008431059365	0.154	0.1	0.00523998478780218	CSTF1	c9
1.57164333685836e-07	0.285692457326562	0.215	0.148	0.00529549505921056	USP9X	c9
1.57336707773154e-07	0.335319874820384	0.116	0.071	0.00530130303170866	DHRS4L2	c9
1.57707468822724e-07	0.242686090714042	0.15	0.096	0.00531379545451285	MOGS	c9
1.58135302478584e-07	0.242197743474403	0.234	0.163	0.00532821088171341	GPAA1	c9
1.58203512000823e-07	0.30026399220359	0.114	0.069	0.00533050913335573	RNF8	c9
1.59542186931013e-07	0.222651662454029	0.237	0.164	0.00537561444645357	AKT2	c9
1.59545207873206e-07	0.135785372583695	0.085	0.047	0.00537571623407981	MSANTD4	c9
1.60488988070127e-07	0.900305683819355	0.039	0.017	0.00540751596403486	STAC	c9
1.60780139317967e-07	0.582288287723842	0.07	0.037	0.00541732601417957	ECI1	c9
1.61051880094397e-07	0.2528276548821	0.166	0.108	0.00542648204790062	G2E3	c9
1.61375565842746e-07	0.196391137181514	0.169	0.111	0.00543738831550549	SMAD3	c9
1.62706592087725e-07	0.188212468768966	0.216	0.146	0.00548223591380379	APBA3	c9
1.63390329634794e-07	0.265532342932496	0.184	0.123	0.00550527376671474	DUSP12	c9
1.63556643448007e-07	0.499972020132883	0.086	0.049	0.00551087754433715	FAM213B	c9
1.63574600809936e-07	1.40319525814011	0.016	0.005	0.00551148259969	RP11-81A22.5	c9
1.63902418849824e-07	0.577342622612612	0.07	0.037	0.00552252810072596	MGAT4B	c9
1.64063126173422e-07	0.298459660614951	0.168	0.11	0.00552794297328727	ARID1B	c9
1.64156105936204e-07	1.0924168975687	0.029	0.011	0.00553107583341445	ZNF219	c9
1.64663028145025e-07	0.67177282612144	0.068	0.036	0.00554815607031846	NEMP1	c9
1.65190809050252e-07	0.232596569590614	0.196	0.132	0.00556593912013918	HMGXB4	c9
1.65506125132324e-07	0.213240240845955	0.831	0.735	0.00557656338020853	MYH9	c9
1.65633764670266e-07	0.260762426373037	0.257	0.181	0.00558086406679996	CDC73	c9
1.66498138729643e-07	0.400940635531016	0.054	0.026	0.0056099882863566	AHDC1	c9
1.66821020328665e-07	0.213977435303417	0.259	0.184	0.00562086745895406	DHX29	c9
1.67216210577366e-07	0.190024376501935	0.184	0.122	0.00563418299919376	GPATCH2L	c9
1.6892364433057e-07	0.154012025181619	0.323	0.232	0.00569171327207422	PRKD2	c9
1.69701186405331e-07	0.184767490775057	0.515	0.404	0.00571791177474124	SET	c9
1.69761338671407e-07	0.304932180583415	0.166	0.109	0.00571993854519437	SPTLC1	c9
1.70757266469702e-07	0.327922042164502	0.121	0.075	0.00575349533643015	TTN	c9
1.73857374522651e-07	0.226042851303276	0.149	0.095	0.00585795037716621	ZNF600	c9
1.75562915654839e-07	0.270808184646975	0.196	0.132	0.00591541688007416	TAF6	c9
1.7602697187019e-07	0.573836564123414	0.071	0.038	0.00593105279019419	C14orf80	c9
1.76796133632718e-07	0.216655703322966	0.183	0.121	0.00595696892662081	GLMN	c9
1.76949363802544e-07	0.708899379175578	0.054	0.027	0.00596213186396293	DDX47	c9
1.77560493295918e-07	0.263158881830058	0.14	0.089	0.00598272326111265	WDR36	c9
1.77592352406635e-07	0.246574217050224	0.179	0.119	0.00598379672198916	ASPSCR1	c9
1.77815297971828e-07	0.128253249713183	0.538	0.41	0.00599130864986277	TAF7	c9
1.78705078149509e-07	0.177005340125664	0.262	0.184	0.00602128890316955	ZC3H7A	c9
1.78741024502913e-07	0.204361737446632	0.22	0.15	0.00602250007960116	ZFP90	c9
1.78966330510638e-07	1.2254575105038	0.026	0.01	0.00603009154022544	MEST	c9
1.79837398702245e-07	0.324862730848571	0.153	0.099	0.00605944131187344	SBNO2	c9
1.81960672598137e-07	1.25870753452856	0.019	0.006	0.00613098290252162	GPSM1	c9
1.83836696738926e-07	0.168314880358897	0.818	0.699	0.00619419365992137	RBM39	c9
1.88210612714353e-07	0.349826750511929	0.127	0.079	0.0063415683847974	SLF2	c9
1.91022268228228e-07	1.12672152917231	0.024	0.009	0.00643630430568191	MLLT4	c9
1.91958298084489e-07	0.301387992648039	0.215	0.148	0.00646784289565877	COPG1	c9
1.92952503556277e-07	0.807244233472752	0.042	0.019	0.00650134165482521	SLC35E4	c9
1.9327301531549e-07	0.27662989223156	0.195	0.132	0.00651214097804012	CHID1	c9
1.94109386403839e-07	0.487973050131022	0.068	0.036	0.00654032166549096	SSH3	c9
1.94750561368734e-07	0.192397842850093	0.459	0.346	0.00656192541475812	RAB14	c9
1.95662028259382e-07	0.18691682617507	0.196	0.131	0.00659263638017161	FAM3A	c9
1.95895064746928e-07	0.700223901344814	0.057	0.029	0.00660048831158298	CCDC191	c9
1.95960765535712e-07	0.161920872108038	0.239	0.165	0.00660270203396028	CRELD2	c9
1.98040206968006e-07	0.33031821402946	0.138	0.088	0.00667276673358001	ANKRD54	c9
2.00048754412844e-07	0.937533934382346	0.023	0.008	0.00674044273118636	TRAV34	c9
2.03138574468155e-07	0.187222367311541	0.184	0.122	0.00684455112813002	ATAD2B	c9
2.05092266187248e-07	0.265541714269322	0.136	0.086	0.00691037881691315	MBIP	c9
2.05113030484977e-07	0.274219458656799	0.201	0.138	0.00691107844916082	TMX2	c9
2.06020317348162e-07	0.170443723856373	0.175	0.116	0.00694164857272897	WDR45B	c9
2.07143921323583e-07	0.241829089898936	0.182	0.122	0.0069795072850768	C7orf55	c9
2.08938026635878e-07	0.285187938997568	0.153	0.099	0.00703995786946928	CDK16	c9
2.09934636057222e-07	0.157354632768284	0.323	0.233	0.00707353762731205	TMEM183A	c9
2.10538639101934e-07	0.179382043781871	0.227	0.157	0.00709388890590057	CARS	c9
2.1163519530111e-07	0.502298556984826	0.106	0.065	0.00713083627047559	TSPYL4	c9
2.11896891870486e-07	1.99512051507609	0.012	0.003	0.00713965387468417	GPR34	c9
2.13692275075154e-07	0.226395519527114	0.211	0.144	0.00720014751638224	PRPF18	c9
2.1405132651263e-07	0.202394103430029	0.196	0.131	0.00721224539551656	PMPCA	c9
2.15233752141164e-07	0.986135289000035	0.057	0.029	0.00725208604464438	TRBV12-4	c9
2.15257298419336e-07	0.140720412053193	0.54	0.413	0.00725287941294111	CACYBP	c9
2.15702701582128e-07	0.202084803017892	0.312	0.223	0.00726788682710823	COPS2	c9
2.15982867754007e-07	0.444858072301324	0.104	0.062	0.0072773267461035	ZNF576	c9
2.16003911766327e-07	0.230765065024505	0.16	0.104	0.00727803580305464	CRCP	c9
2.16264902912485e-07	0.231207376760111	0.413	0.308	0.00728682963873325	PTPN1	c9
2.16374858698192e-07	0.161784034833232	0.236	0.161	0.0072905344889769	PAF1	c9
2.16919476138969e-07	0.154938233938547	0.226	0.155	0.00730888482902642	NFX1	c9
2.17326841535261e-07	0.217254347980801	0.25	0.176	0.0073226105986891	KDM6A	c9
2.17958113478045e-07	0.315725738142663	0.112	0.068	0.00734388067552926	VIPAS39	c9
2.19551646454689e-07	0.155154715076083	0.203	0.137	0.00739757317564428	CXXC1	c9
2.20441012663717e-07	0.205569764347009	0.447	0.335	0.00742753948069126	ZMAT2	c9
2.20895019132016e-07	0.142063737456975	0.21	0.143	0.00744283677463416	SDCCAG8	c9
2.21266383392936e-07	0.257252468956913	0.146	0.094	0.00745534952204157	LTBP3	c9
2.23891855812337e-07	0.166160311294774	0.282	0.199	0.00754381218974089	TUBGCP2	c9
2.2613123465337e-07	0.584711094022254	0.058	0.03	0.00761926582041064	APOBR	c9
2.28560480062189e-07	0.203407421272336	0.66	0.549	0.00770111681521541	PRDX2	c9
2.30360680764738e-07	0.579426296245955	0.061	0.032	0.00776177277768707	KLHDC10	c9
2.31590797198954e-07	0.305730818568055	0.186	0.125	0.00780322032082157	WDR18	c9
2.31638378627659e-07	0.162754170432321	0.259	0.182	0.00780482352948033	MKKS	c9
2.32415606498468e-07	0.731055384343511	0.064	0.034	0.0078310114453594	FBXL8	c9
2.32611555897489e-07	0.200021096770205	0.2	0.135	0.00783761376441	MRPL48	c9
2.33753007302185e-07	0.645259465277171	0.061	0.032	0.00787607382803984	BORCS8	c9
2.39192605598576e-07	0.183906969594559	0.331	0.238	0.00805935565303841	UBE2J1	c9
2.39669839172623e-07	0.196300195591108	0.149	0.096	0.00807543556108237	DLGAP4	c9
2.40971284795863e-07	0.45500297272159	0.045	0.021	0.00811928646991182	PRDM15	c9
2.41418277302152e-07	0.310877278388955	0.187	0.126	0.00813434743541871	TNFSF14	c9
2.42622863628857e-07	0.163639650471225	0.434	0.324	0.00817493476711071	TMUB1	c9
2.42979144422926e-07	0.138826929612382	0.218	0.149	0.00818693929218607	TERF1	c9
2.43157782832499e-07	0.233165293721552	0.131	0.082	0.00819295833475822	IPO9	c9
2.44086205652396e-07	0.122762704943669	0.278	0.195	0.00822424061325184	ANKRD49	c9
2.44678846010704e-07	0.140691458941137	0.415	0.302	0.00824420903748465	PRKCSH	c9
2.46794372896062e-07	0.348614025713583	0.107	0.065	0.00831548960035991	TXNRD2	c9
2.46862228885847e-07	0.17146721116878	0.189	0.127	0.00831777594007971	MBD6	c9
2.52306644027729e-07	0.465299900886653	0.109	0.066	0.00850122006387029	HSPA13	c9
2.52397125969902e-07	0.31124074343128	0.162	0.107	0.00850426876242989	FAM126B	c9
2.52449150315874e-07	0.271152059459537	0.167	0.11	0.00850602167074307	ATL3	c9
2.54089923182003e-07	0.127784187913041	0.287	0.202	0.0085613058716944	SMU1	c9
2.54300049073787e-07	0.181400190217524	0.526	0.401	0.00856838585349218	ENY2	c9
2.54726599292238e-07	0.156902343730194	0.298	0.214	0.00858275803655266	AP2B1	c9
2.55593878167853e-07	0.364429853596616	0.117	0.072	0.00861198013098765	GNB1L	c9
2.61601734845135e-07	0.143215063723938	0.191	0.127	0.00881440885387197	LINC01138	c9
2.61876196844211e-07	0.265504445970774	0.283	0.203	0.00882365657646885	RTCB	c9
2.69255382617623e-07	0.142759126084699	0.396	0.288	0.00907229086191818	ATF4	c9
2.70448755877304e-07	0.36384122959603	0.097	0.057	0.00911250038052989	ZNF575	c9
2.71225552583509e-07	0.181007092675929	0.278	0.197	0.00913867376874877	ATAD1	c9
2.71992687043075e-07	0.176574337100044	0.315	0.227	0.00916452159722936	EPRS	c9
2.74126806745516e-07	0.600022099397703	0.076	0.043	0.0092364286264834	ARHGAP31	c9
2.74208892129099e-07	0.408912670952131	0.121	0.075	0.00923919441139785	CCDC18	c9
2.75059194143933e-07	0.206932270766933	0.218	0.15	0.00926784448748567	TMEM106C	c9
2.75151731218944e-07	0.154335372188844	0.724	0.606	0.00927096243169111	TERF2IP	c9
2.76607331263031e-07	0.157692504250834	0.391	0.285	0.00932000741957657	NDUFS3	c9
2.84505799472962e-07	0.301701799222988	0.222	0.155	0.00958613840744197	DRG1	c9
2.85588744230048e-07	0.49572191109751	0.086	0.049	0.00962262714808725	ZNF254	c9
2.88953624545298e-07	0.442405834625666	0.161	0.107	0.00973600342542926	METTL15	c9
2.9020778774005e-07	0.262763313040617	0.135	0.085	0.00977826120011323	FUNDC1	c9
2.90455271089213e-07	0.284213965741489	0.131	0.082	0.00978659990407994	BACH1	c9
2.9396000031551e-07	0.150102794268027	0.187	0.125	0.00990468825063081	ATG4D	c9
2.97110791017577e-07	0.198462946974834	0.204	0.139	0.0100108509925462	SEC23A	c9
2.99066721350127e-07	0.39024862252178	0.113	0.07	0.0100767541091712	SPIN1	c9
3.00845753798461e-07	0.458593767796924	0.095	0.056	0.0101366968284854	MRPL30	c9
3.01103497258441e-07	0.429378783042503	0.061	0.032	0.0101453812366259	DNLZ	c9
3.01718964978292e-07	0.142402736463196	0.303	0.217	0.0101661188059786	AASDHPPT	c9
3.03115108579862e-07	0.272744403001217	0.121	0.075	0.0102131604684899	SCAI	c9
3.05544105388336e-07	0.339668171228209	0.102	0.061	0.0102950030869546	PPP2R2D	c9
3.06873264625476e-07	0.842169451894561	0.058	0.03	0.0103397877782908	MTERF2	c9
3.10905532200874e-07	0.214077711603092	0.187	0.126	0.0104756510019763	MED31	c9
3.12052381571779e-07	0.172848110284773	0.383	0.281	0.0105142929446795	LENG8	c9
3.14459376178296e-07	0.21570517978474	0.312	0.225	0.0105953942209515	ZNF148	c9
3.15311200483324e-07	0.26841173458047	0.176	0.118	0.0106240955890851	ELMOD3	c9
3.15424072196005e-07	0.165707130601227	0.408	0.3	0.0106278986885722	YPEL3	c9
3.15543147400968e-07	0.140299817256192	0.177	0.117	0.0106319108085282	RCE1	c9
3.15760118753121e-07	1.16453533739171	0.027	0.011	0.0106392214412677	NTRK1	c9
3.15843901970857e-07	0.57530394723766	0.089	0.052	0.0106420444330061	LCLAT1	c9
3.16413979042073e-07	0.192548771473074	0.231	0.16	0.0106612526098436	CALCOCO1	c9
3.16418721224098e-07	0.438260099531065	0.108	0.066	0.0106614123929248	ZC3H4	c9
3.16691531339683e-07	0.252903880364174	0.181	0.122	0.0106706044569593	CTD-2192J16.22	c9
3.17541775505927e-07	0.146517851235426	0.385	0.282	0.0106992525838967	PTBP3	c9
3.19475983651958e-07	0.416212807374238	0.102	0.061	0.0107644237931691	MLYCD	c9
3.21441069606568e-07	0.264976471329207	0.095	0.056	0.0108306353993237	MANBAL	c9
3.22048905558078e-07	1.56488248813919	0.017	0.005	0.0108511158238739	C18orf54	c9
3.23646183178784e-07	0.162862474068142	0.413	0.303	0.0109049344960259	MRPS18C	c9
3.23669016039715e-07	0.894783123140702	0.024	0.008	0.0109057038264422	NRSN2	c9
3.29203631396296e-07	0.267503496877464	0.13	0.082	0.0110921871562668	PEX13	c9
3.30709580963787e-07	0.228436771363257	0.182	0.121	0.0111429286209938	INO80D	c9
3.30795899621439e-07	0.344249908181955	0.101	0.06	0.0111458370418448	GNPDA2	c9
3.32003339066869e-07	0.252068555810815	0.136	0.086	0.0111865205065191	FBXO8	c9
3.32618644814016e-07	0.379772533333665	0.115	0.071	0.0112072526183634	CHAMP1	c9
3.32646765996211e-07	0.552552225908951	0.081	0.046	0.0112082001334763	COLGALT1	c9
3.35004198100395e-07	0.155016931034319	0.338	0.244	0.0112876314507947	ZFAND2B	c9
3.35426417607515e-07	1.46530530716587	0.016	0.005	0.0113018577148676	ARHGEF40	c9
3.37065809405709e-07	0.485084341122652	0.078	0.044	0.011357095382116	FIG4	c9
3.37166370380467e-07	0.328533314831976	0.118	0.073	0.0113604836835994	ANAPC10	c9
3.38664215927162e-07	0.273717845801596	0.121	0.075	0.0114109520914498	BRF1	c9
3.40241694286199e-07	0.196811354707539	0.489	0.368	0.0114641036472792	TMEM160	c9
3.43361822901619e-07	0.159367943668159	0.298	0.211	0.0115692332608471	ASCC2	c9
3.45895042965361e-07	0.320069319366111	0.15	0.098	0.0116545875776749	TOR2A	c9
3.47989201376228e-07	0.173215891844648	0.23	0.159	0.0117251481511706	NIP7	c9
3.50334846675485e-07	0.180585934675336	0.28	0.199	0.0118041823238838	LCMT1	c9
3.50453401374831e-07	1.05747941640654	0.034	0.014	0.0118081769059236	FAM63A	c9
3.53198035874323e-07	0.186170754415961	0.419	0.314	0.0119006546207494	PSMB4	c9
3.54045650836599e-07	0.268436878304959	0.145	0.093	0.0119292141592884	FBXO18	c9
3.55195885431527e-07	0.579229862751865	0.088	0.051	0.0119679701637299	TKFC	c9
3.55243841452736e-07	0.365476691892034	0.126	0.08	0.0119695859939085	ACBD5	c9
3.56631283167247e-07	0.276891830383554	0.183	0.123	0.0120163344550372	PIK3C3	c9
3.59300656044425e-07	0.229956093714388	0.215	0.149	0.0121062763047609	GMDS	c9
3.59764682643176e-07	0.747248734835326	0.046	0.022	0.0121219112169792	VKORC1	c9
3.62205232995813e-07	0.184121684644801	0.137	0.087	0.0122041431205609	PRPF4	c9
3.62742708972831e-07	0.250431506407644	0.204	0.141	0.0122222528361306	BRD9	c9
3.64216121971296e-07	0.283173106008367	0.178	0.12	0.0122718980137009	TBC1D17	c9
3.64289653371736e-07	0.123670527814987	0.375	0.273	0.0122743755807073	ZFAND5	c9
3.68964598106534e-07	0.191279542558876	0.26	0.184	0.0124318931686015	C21orf91	c9
3.69602138071416e-07	0.179297974997601	0.568	0.439	0.0124533744401783	TRAM1	c9
3.71567878926048e-07	0.54667011120631	0.085	0.049	0.0125196081125343	ZBTB14	c9
3.73384842224786e-07	0.174357020214726	0.452	0.342	0.0125808288739219	STK10	c9
3.76154524262134e-07	0.321054830412278	0.111	0.068	0.0126741505404883	NPIPB5	c9
3.77792195903475e-07	0.25291146988037	0.166	0.109	0.0127293302487717	ARHGAP17	c9
3.77976272889331e-07	0.665612377055131	0.054	0.027	0.0127355325387331	STK11IP	c9
3.78002447253787e-07	0.453520850178491	0.092	0.054	0.0127364144577691	PPCDC	c9
3.80843218795538e-07	0.335514750944917	0.12	0.074	0.0128321314140969	RUSC1	c9
3.80990764639457e-07	0.130282628029588	0.252	0.175	0.0128371028237619	VPS26A	c9
3.87291273954762e-07	0.27889026411955	0.22	0.153	0.0130493921846318	ZNF91	c9
3.88377898031292e-07	0.248271968723793	0.11	0.067	0.0130860048962664	KCTD18	c9
3.90286364371422e-07	0.416775460361853	0.06	0.032	0.0131503087611307	SOX4	c9
3.90801714455218e-07	0.239202430054848	0.141	0.091	0.0131676729668541	SCAMP1	c9
3.99913901764062e-07	0.310484136876537	0.125	0.079	0.0134746990060383	FGFR1OP	c9
4.00272146056403e-07	0.230659581841772	0.173	0.116	0.0134867696892244	MCCC2	c9
4.00711147206032e-07	0.243730516932565	0.137	0.087	0.01350156139396	ATG9A	c9
4.11771183270497e-07	0.174875610031814	0.463	0.357	0.0138742182491161	SRPRA	c9
4.13769283578148e-07	0.269928974023381	0.148	0.096	0.0139415422408821	HYOU1	c9
4.14315703101128e-07	0.146795595254178	0.118	0.072	0.0139599533002894	KDM3B	c9
4.18494365792895e-07	0.237894762792174	0.156	0.102	0.0141007491610258	LYPLAL1	c9
4.18870461326761e-07	0.641153376486167	0.073	0.04	0.0141134213239439	GMNN	c9
4.19706418953907e-07	0.242419670685155	0.194	0.132	0.014141588080233	PRR14	c9
4.24419110399783e-07	0.387868099786847	0.117	0.073	0.0143003775058103	RNF31	c9
4.25755890111781e-07	0.411365662361709	0.072	0.039	0.0143454189614264	IRAK1	c9
4.40368594818015e-07	0.199272071007992	0.394	0.291	0.0148377794337982	DDT	c9
4.41012870132317e-07	2.07986074283057	0.013	0.003	0.0148594876462383	KDELC1	c9
4.43740199074105e-07	0.447871696210623	0.089	0.052	0.0149513822676029	SMPD2	c9
4.44797142398239e-07	0.198059604900496	0.295	0.211	0.0149869949159663	CNOT4	c9
4.4603235808535e-07	0.26131016709757	0.137	0.087	0.0150286142733278	RP3-477O4.14	c9
4.48756706060417e-07	0.161982136835095	0.333	0.241	0.0151204084539997	UBE2G1	c9
4.52933208811942e-07	0.15049907456225	0.21	0.143	0.0152611315377096	QARS	c9
4.55490146566032e-07	0.767690843377798	0.048	0.023	0.0153472849983959	IQCE	c9
4.5638960116662e-07	0.127397536846535	0.399	0.297	0.0153775912217081	PRPF6	c9
4.61375036765284e-07	0.31865356901911	0.062	0.033	0.0155455704887695	FGFR1	c9
4.61665082031565e-07	0.159289867180796	0.574	0.447	0.0155553432739715	FAM49B	c9
4.61761447624376e-07	0.186801575715324	0.254	0.18	0.0155585902162557	CWC25	c9
4.64358017172365e-07	0.404886918566514	0.116	0.072	0.0156460790306057	SLC30A6	c9
4.64420799493627e-07	0.271111874638188	0.137	0.089	0.0156481944181383	SENP5	c9
4.65412289967586e-07	0.563900734957085	0.091	0.054	0.0156816016981678	POMT1	c9
4.66427270814498e-07	0.77097644909522	0.039	0.017	0.0157158004628237	VANGL1	c9
4.66897197407095e-07	0.365177752308961	0.124	0.079	0.0157316341694347	DPAGT1	c9
4.72751099182164e-07	0.179951592450894	0.5	0.381	0.0159288755358438	CCT3	c9
4.73085172948573e-07	0.235779255825942	0.111	0.068	0.0159401318173292	HEXIM1	c9
4.73555930352831e-07	0.13402731233411	0.191	0.129	0.0159559935173083	PLAA	c9
4.73806668853319e-07	1.1436875429555	0.026	0.01	0.0159644419003437	LRRC16A	c9
4.74441016155918e-07	0.128108359649537	0.169	0.112	0.0159858155983575	AKAP10	c9
4.78769758195942e-07	0.198451238055942	0.29	0.209	0.0161316682326541	DIDO1	c9
4.80578227843502e-07	0.246383577088497	0.15	0.098	0.0161926028089589	KIAA2026	c9
4.82984191421952e-07	0.381527567912277	0.052	0.026	0.0162736693457713	SRD5A3	c9
4.87899488719149e-07	1.25610486376466	0.016	0.005	0.016439285372903	ESR1	c9
4.88983267648256e-07	0.7712638788615	0.04	0.018	0.0164758022201403	GAREM2	c9
4.89382006070781e-07	0.401333368206085	0.117	0.073	0.0164892373125489	TSFM	c9
4.96663670796461e-07	0.176842203067818	0.794	0.682	0.016734585723816	CD53	c9
4.96668060149977e-07	0.128121794142937	0.305	0.219	0.0167347336186933	TTC17	c9
4.97919030266363e-07	0.197617842916588	0.155	0.101	0.0167768838057948	ATAD2	c9
5.00603160693138e-07	0.508373552604788	0.074	0.042	0.0168673228963946	CASD1	c9
5.02060865361277e-07	0.314215997542578	0.096	0.057	0.0169164387974829	FAM98B	c9
5.03014844907927e-07	0.866273969310472	0.048	0.024	0.0169485821843277	GLIDR	c9
5.03733846196821e-07	0.172560047907395	0.375	0.279	0.0169728082137557	DEGS1	c9
5.04448565380272e-07	0.513978100931607	0.05	0.025	0.0169968899619229	ANKRD40	c9
5.05515453421724e-07	0.181691403340441	0.231	0.16	0.0170328376875916	TMEM55B	c9
5.13422726434423e-07	0.331442244567226	0.137	0.088	0.0172992653444814	LRRC14	c9
5.13689969040504e-07	0.530846725815456	0.073	0.041	0.0173082698168507	SPPL2B	c9
5.13744314526355e-07	0.131113143569394	0.315	0.227	0.017310100933651	MICU2	c9
5.13994916579275e-07	0.286526737256783	0.136	0.087	0.0173185447192221	CMIP	c9
5.14625318285024e-07	0.223415160168829	0.359	0.266	0.0173397854742956	PTDSS1	c9
5.22207700014322e-07	0.55370898836651	0.095	0.057	0.0175952662442826	DROSHA	c9
5.25652309565199e-07	0.153848842626056	0.379	0.278	0.0177113289184898	BIRC6	c9
5.27775089025375e-07	0.147657497035601	0.857	0.754	0.017782853849621	GUK1	c9
5.32527423949622e-07	0.221628531456617	0.205	0.142	0.0179429790225586	UBE4A	c9
5.37779159439643e-07	0.372055937014991	0.074	0.041	0.0181199309981593	PCBP4	c9
5.38630392657545e-07	0.669447300109133	0.067	0.036	0.0181486124502033	IFT74	c9
5.39862538822224e-07	0.383993051672975	0.096	0.058	0.018190128383076	FASTKD1	c9
5.41039457295393e-07	0.59646885109902	0.077	0.044	0.018229783474111	PLEKHG2	c9
5.4178721139882e-07	0.228888277799094	0.117	0.072	0.0182549783008718	AKAP8	c9
5.44916303564818e-07	0.987195876727517	0.029	0.012	0.018360409932313	CTD-2555O16.2	c9
5.46348620516757e-07	0.698013377673571	0.029	0.012	0.0184086704196916	ATP9A	c9
5.47485606876905e-07	0.289404978210052	0.161	0.107	0.0184469800381104	SMIM4	c9
5.49665146724699e-07	0.340134419222959	0.132	0.084	0.018520417453742	FTSJ2	c9
5.50915443314975e-07	0.471425771806094	0.105	0.065	0.0185625449470548	HN1L	c9
5.54571725701688e-07	0.211125365448935	0.232	0.162	0.0186857397257927	HDAC3	c9
5.5634590977236e-07	0.328249956934917	0.121	0.076	0.0187455190838699	OGFOD2	c9
5.58592891095627e-07	0.231948602515091	0.169	0.113	0.0188212288725761	POLR2D	c9
5.60087164331462e-07	0.107649488713371	0.298	0.213	0.0188715769149843	PTP4A1	c9
5.60978059808733e-07	0.125719243021778	0.235	0.163	0.0189015947471955	KIAA1191	c9
5.61788362946539e-07	0.157389998251795	0.25	0.176	0.0189288971011207	CS	c9
5.69214911589554e-07	0.331911088933542	0.105	0.063	0.0191791272310984	PTER	c9
5.69361020886554e-07	0.172985724069566	0.174	0.116	0.0191840502377515	POR	c9
5.72988690711485e-07	0.354152955471687	0.121	0.076	0.0193062809448328	RMND5A	c9
5.73964747956166e-07	0.737051653801329	0.034	0.015	0.019339168217635	STPG1	c9
5.74665794669835e-07	0.137616889569773	0.453	0.337	0.0193627892856054	PCSK7	c9
5.75638247243442e-07	0.243760042778812	0.178	0.12	0.0193955551026205	RXRB	c9
5.77110101741079e-07	1.35325419726931	0.015	0.004	0.0194451477680639	MAMDC4	c9
5.78175001574463e-07	0.463090851822276	0.097	0.058	0.01948102850305	TTI2	c9
5.79146879675885e-07	0.163202396302919	0.289	0.207	0.0195137749637993	SRP54	c9
5.82346096879966e-07	0.24846095324975	0.159	0.106	0.0196215693882736	SMC6	c9
5.86363485551699e-07	0.153157461621557	0.265	0.188	0.019756931282179	TRIM27	c9
5.87051782733391e-07	0.618499221641625	0.06	0.032	0.0197801227674189	CCDC28B	c9
5.98102886837616e-07	0.129464185416377	0.164	0.108	0.0201524786691066	PDLIM5	c9
5.99134169223238e-07	0.139387231598797	0.442	0.332	0.0201872266978078	CCDC88C	c9
6.02085940339391e-07	0.244478110418833	0.116	0.072	0.0202866836737954	RP11-182L21.6	c9
6.02798446800259e-07	0.184759163655621	0.305	0.22	0.0203106908664879	PLCG1	c9
6.06806473719144e-07	0.343344149349088	0.084	0.048	0.0204457373254928	OPA3	c9
6.07229410733407e-07	0.204602414157452	0.254	0.181	0.0204599877652514	NTMT1	c9
6.19290268026958e-07	0.126361668396525	0.183	0.123	0.0208663662909003	APIP	c9
6.29717732990725e-07	0.524539392170149	0.056	0.029	0.0212177092953895	FKBP1C	c9
6.31378923918397e-07	0.173166523071007	0.759	0.637	0.0212736814625065	RHOH	c9
6.3173340373869e-07	0.167254287193798	0.41	0.31	0.0212856253055714	BCL11B	c9
6.31942784669903e-07	0.150693265268067	0.218	0.151	0.0212926801866677	NFU1	c9
6.32942688888486e-07	0.196196748667466	0.163	0.108	0.0213263709594086	DCAF6	c9
6.33849831401056e-07	0.197218825609415	0.503	0.382	0.0213569362192272	ILF3	c9
6.39031990746275e-07	0.363541682344423	0.105	0.065	0.021531543896205	RCL1	c9
6.41367929080213e-07	0.129094231104146	0.242	0.17	0.0216102510024287	C12orf76	c9
6.41436063921883e-07	0.146401254297341	0.418	0.316	0.0216125467377839	DGKZ	c9
6.44911301154154e-07	0.18880465715628	0.23	0.161	0.0217296413810881	GMPS	c9
6.5248680553829e-07	0.23227677776146	0.203	0.141	0.0219848904258071	PHKG2	c9
6.55772802100114e-07	0.350041978675737	0.103	0.062	0.0220956087939612	C10orf76	c9
6.57135732984725e-07	0.17134807798805	0.22	0.153	0.0221415313871873	IBTK	c9
6.57150391243539e-07	0.451879899108051	0.105	0.065	0.0221420252825598	TTC4	c9
6.59653233225193e-07	0.421751756070532	0.077	0.044	0.0222263560402897	MSRB2	c9
6.59789139667691e-07	0.472075621024356	0.098	0.059	0.0222309352719632	CFL2	c9
6.60056754920439e-07	0.395311659987351	0.083	0.048	0.0222399523002893	ATG4A	c9
6.62639345789372e-07	0.288712314535042	0.094	0.056	0.0223269701170271	SLC27A3	c9
6.6568827692212e-07	0.268618779563046	0.101	0.061	0.0224297008026139	CXorf40A	c9
6.66959825533545e-07	0.181157679934256	0.154	0.101	0.0224725443615273	WDR55	c9
6.67779474737432e-07	0.414743859521923	0.084	0.049	0.022500161621803	F5	c9
6.72754440560727e-07	0.169486026158266	0.175	0.117	0.0226677881202531	OPA1	c9
6.75334576423135e-07	0.155860086389759	0.22	0.152	0.0227547232180011	ACYP1	c9
6.84311609665613e-07	0.467281610924485	0.084	0.049	0.0230571953760732	PCGF6	c9
6.90802480137554e-07	0.187590849087327	0.204	0.141	0.0232758987657547	ARFGEF1	c9
6.90985799775439e-07	0.248265690503708	0.148	0.096	0.0232820755376336	LTV1	c9
6.93474106872631e-07	0.155593093707733	0.294	0.212	0.0233659165569664	NFE2L2	c9
6.98306826489574e-07	1.91941824460144	0.01	0.002	0.0235287502117397	MBOAT2	c9
6.99829701613913e-07	0.172722099857628	0.286	0.207	0.0235800619661792	TNFRSF1A	c9
7.04195747435003e-07	0.31260898772091	0.135	0.087	0.023727171514075	ANKFY1	c9
7.04873033914585e-07	1.22684423864186	0.031	0.013	0.023749992004718	SV2A	c9
7.18048482471292e-07	0.158407562017234	0.196	0.133	0.0241939255683877	SLC4A1AP	c9
7.18155880654141e-07	0.227599905226088	0.093	0.055	0.0241975442427606	AP001258.4	c9
7.19238601438388e-07	0.195493290138791	0.256	0.183	0.024234025436865	RTN3	c9
7.21944292175349e-07	0.503479531180845	0.073	0.041	0.0243251909805562	SLC39A11	c9
7.23237191615152e-07	0.337503304005906	0.089	0.053	0.0243687539342809	TMEM185B	c9
7.24178197429769e-07	0.396113705185942	0.118	0.074	0.0244004601841986	SLC35A3	c9
7.26632445188458e-07	0.158238256117447	0.563	0.436	0.0244831536081799	ZNRD1	c9
7.3324233223449e-07	0.126646462458628	0.185	0.125	0.0247058671423089	TNRC6A	c9
7.34277024952728e-07	0.189833762438904	0.382	0.282	0.0247407300787572	ZNF24	c9
7.35902644735059e-07	0.207873399100339	0.153	0.101	0.0247955037117031	RP11-455F5.5	c9
7.3814813421276e-07	0.538554241321111	0.079	0.045	0.0248711632341647	SLFN11	c9
7.40542778202873e-07	0.231799354947927	0.178	0.12	0.0249518483687676	SP2	c9
7.49757881941672e-07	0.530073805205378	0.065	0.035	0.0252623420741427	SPRY1	c9
7.56498435174521e-07	0.276875625405387	0.144	0.094	0.0254894582747703	BSCL2	c9
7.58003038464239e-07	0.322854654470566	0.149	0.098	0.0255401543780141	TMEM129	c9
7.63579445888739e-07	0.149239378776583	0.263	0.187	0.0257280458497752	ADD1	c9
7.69298137103623e-07	0.203883266625508	0.556	0.437	0.0259207314315695	RSRC2	c9
7.71554323421279e-07	0.12447782652876	0.253	0.178	0.0259967513733566	CLK4	c9
7.7605369549022e-07	0.258315235017917	0.136	0.087	0.0261483532158475	OSBPL2	c9
7.79801188043051e-07	1.11781559849727	0.027	0.011	0.0262746212299226	TTC21A	c9
7.82884487588136e-07	0.201912438419325	0.148	0.097	0.0263785099247946	ZNF195	c9
7.84356020094135e-07	0.581151027440031	0.052	0.026	0.0264280917410518	AACS	c9
7.86257512797487e-07	0.176668159612484	0.273	0.197	0.0264921606361985	QRICH1	c9
7.89097629002204e-07	0.138129999643458	0.145	0.094	0.0265878555116003	TP53BP2	c9
7.89240678840635e-07	0.407133150177422	0.112	0.07	0.0265926754328563	TRMT11	c9
7.89737462670793e-07	0.12500664845664	0.194	0.132	0.0266094140672297	PPIL2	c9
7.90030805446892e-07	0.183308573920884	0.194	0.132	0.0266192979587276	GPN1	c9
7.91093678292869e-07	0.184268124288987	0.137	0.088	0.0266551103963999	FBXW7	c9
7.91729910899773e-07	0.174764036443345	0.223	0.156	0.026676547617857	STX4	c9
7.92534292875256e-07	0.469992158465975	0.099	0.06	0.0267036504641389	RBM34	c9
7.95860595139653e-07	0.351372852578987	0.066	0.036	0.0268157268926355	MAP1LC3B2	c9
8.01412305489201e-07	0.29026784354358	0.123	0.078	0.0270027862211531	NUP43	c9
8.04678517650745e-07	0.197637092859997	0.518	0.4	0.0271128379737242	OSTC	c9
8.077769338133e-07	0.307015070666017	0.184	0.127	0.0272172360079053	HAPLN3	c9
8.17098131641035e-07	1.50478555668668	0.02	0.007	0.027531304447513	PROB1	c9
8.20316847861535e-07	0.120986247622795	0.246	0.173	0.0276397558718466	DCP1A	c9
8.34610782423248e-07	0.159887393612751	0.208	0.143	0.0281213757029689	DPP8	c9
8.51936165644999e-07	0.385517077380852	0.081	0.047	0.0287051371652426	NOM1	c9
8.52719406315579e-07	0.41436809239711	0.071	0.039	0.0287315276763971	SDCCAG3	c9
8.58600354753115e-07	0.292549592451421	0.065	0.035	0.0289296803530515	C11orf68	c9
8.59924899427371e-07	0.11548274568715	0.325	0.235	0.0289743095613058	SETD5	c9
8.67127436343345e-07	0.368755429837053	0.088	0.052	0.0292169918401527	GSR	c9
8.73259926352682e-07	0.151302515281827	0.683	0.562	0.0294236199585273	NCOR1	c9
8.79198465007344e-07	0.258519493208857	0.099	0.06	0.0296237130799574	SZT2	c9
8.81759070792134e-07	0.19130497950001	0.136	0.087	0.0297099901312702	VAC14	c9
8.83685522364805e-07	0.296810274262428	0.094	0.056	0.0297748999905598	CPT2	c9
8.90858265327041e-07	0.19800505034039	0.252	0.181	0.0300165783919293	TAZ	c9
8.98974995079734e-07	0.578651006786282	0.056	0.029	0.0302900634842166	KIAA0556	c9
9.01772184936263e-07	0.35544284238552	0.13	0.084	0.0303843119992424	GCA	c9
9.01975390167739e-07	0.212568720023681	0.157	0.105	0.0303911587963118	KLHL20	c9
9.03060871745046e-07	0.160412377290733	0.683	0.556	0.0304277330125776	SELPLG	c9
9.05078616504327e-07	0.202341811805803	0.306	0.223	0.0304957189044968	AMD1	c9
9.09536732632331e-07	0.450790420439082	0.057	0.03	0.0306459306693138	SMURF1	c9
9.14637691172937e-07	0.209145700486854	0.201	0.138	0.0308178023663809	COPS4	c9
9.16444654857937e-07	0.216942890486276	0.112	0.07	0.0308786862007833	ANKIB1	c9
9.17698658043522e-07	0.394932460667779	0.064	0.035	0.0309209385841184	ZNF48	c9
9.2046800700817e-07	0.215061941658427	0.109	0.067	0.0310142490281333	CASP2	c9
9.20984094127609e-07	0.538168199591926	0.085	0.05	0.0310316380675357	MRPS17	c9
9.37741582659119e-07	0.173585068683644	0.204	0.141	0.0315962648861163	DDHD1	c9
9.38234071661605e-07	0.18979246608319	0.154	0.102	0.0316128588105661	PTAR1	c9
9.38857965454163e-07	0.25344083566856	0.201	0.14	0.0316338802880126	PRDX4	c9
9.41651275370534e-07	1.67990354256039	0.014	0.004	0.0317279980723348	GAL3ST2	c9
9.47004089825266e-07	0.587752867155277	0.07	0.039	0.0319083558025725	PDF	c9
9.51708582275783e-07	0.268105962711423	0.116	0.072	0.0320668689712002	WDR7	c9
9.5250180942883e-07	0.123853551458888	0.361	0.263	0.032093595966895	AKR1B1	c9
9.59703306814429e-07	0.174191751038199	0.23	0.161	0.0323362432198054	UHRF2	c9
9.60016108729642e-07	0.211424450149553	0.202	0.139	0.0323467827675366	NUFIP2	c9
9.60696046721189e-07	0.738492307500054	0.034	0.015	0.0323696925982238	PDXP	c9
9.6208455185147e-07	0.51449076167661	0.08	0.046	0.0324164768900834	MIER2	c9
9.64190194393075e-07	0.19984608676449	0.502	0.392	0.0324874244098803	PNN	c9
9.65617180783327e-07	0.168433909915638	0.244	0.172	0.0325355052893134	DEDD2	c9
9.66075914274276e-07	0.803686629757418	0.044	0.021	0.0325509618555575	ZSCAN9	c9
9.78752608704547e-07	0.392469425427428	0.105	0.064	0.032978090397691	TRAPPC11	c9
9.84775795379529e-07	0.327742919692112	0.118	0.074	0.0331810356495178	LDAH	c9
9.85374842679804e-07	0.261684576457103	0.146	0.096	0.0332012199492533	AP4B1	c9
9.88904162367995e-07	0.226831482717933	0.173	0.118	0.0333201368468272	GTPBP6	c9
9.90331586576796e-07	0.165369525518778	0.336	0.247	0.0333682324781186	MRPS5	c9
9.97164476580922e-07	1.3642553501597	0.022	0.008	0.0335984598739176	NEIL3	c9
1.00241682459852e-06	0.141786939201519	0.215	0.148	0.0337754324880225	NDEL1	c9
1.04602163274193e-06	0.602981386199594	0.082	0.048	0.0352446528936065	APOO	c9
1.04724707365854e-06	0.220926653904969	0.276	0.2	0.0352859428998508	CYP20A1	c9
1.05434377396421e-06	0.340670420448133	0.064	0.035	0.0355250591199502	IPPK	c9
1.05945437144278e-06	0.304731525372108	0.211	0.148	0.035697255591393	GUSB	c9
1.06016773172232e-06	0.170333841308876	0.25	0.178	0.0357212915526517	SEC22B	c9
1.06091558134548e-06	1.50794778817546	0.013	0.004	0.0357464895978545	BTNL9	c9
1.06332726137397e-06	0.165674993515311	0.326	0.238	0.0358277487447346	WBP11	c9
1.06454690034179e-06	0.355588039443262	0.109	0.068	0.0358688432601164	SRBD1	c9
1.06764525065044e-06	0.20549029353912	0.141	0.092	0.0359732390754158	CPSF1	c9
1.0740919980056e-06	0.469499196211097	0.083	0.049	0.0361904557808007	MRGBP	c9
1.0748614689677e-06	1.08721508854339	0.028	0.012	0.0362163823353976	DHCR24	c9
1.07564354262912e-06	1.47507012737533	0.013	0.004	0.0362427335253456	GPRIN1	c9
1.0756746825109e-06	0.171845799419217	0.141	0.092	0.0362437827525223	ALG2	c9
1.07860528860594e-06	0.263917345619491	0.118	0.074	0.0363425265942886	TAB1	c9
1.08671980471096e-06	1.68842932255981	0.011	0.003	0.0366159370999312	CTHRC1	c9
1.09067627009582e-06	0.174700499723035	0.295	0.212	0.0367492462446084	RNF13	c9
1.0942162307349e-06	0.251154824262419	0.142	0.093	0.0368685216783818	C18orf21	c9
1.09461900329633e-06	1.05740770286109	0.023	0.008	0.0368820926970665	NR2F6	c9
1.09961510364491e-06	0.197879969353195	0.234	0.166	0.0370504313022118	KAT7	c9
1.10221412528918e-06	0.123596750636509	0.226	0.158	0.0371380027374937	USE1	c9
1.11434986831818e-06	0.655658034939176	0.078	0.045	0.0375469044631129	SEC22A	c9
1.12821331455622e-06	0.247777177951846	0.212	0.149	0.0380140194206574	AGA	c9
1.13638818906849e-06	1.03347307934253	0.024	0.009	0.0382894636424738	SLX1A	c9
1.14102855434986e-06	0.147312989138778	0.178	0.12	0.0384458161102643	VAMP3	c9
1.1674319845509e-06	0.298146155871717	0.111	0.069	0.0393354532874581	STK19	c9
1.16949690661484e-06	0.342925102511089	0.093	0.056	0.0394050287714803	JMJD8	c9
1.17335629451098e-06	0.409445240558487	0.102	0.063	0.0395350669872531	TARS2	c9
1.18169758621457e-06	0.338337386981093	0.146	0.097	0.0398161184699136	PDS5B	c9
1.18891524406939e-06	0.181625740607985	0.645	0.519	0.0400593102336741	SRRM1	c9
1.19205704940018e-06	0.133832060697088	0.318	0.231	0.0401651702224898	NKAP	c9
1.19948585385296e-06	0.363568405353058	0.105	0.065	0.0404154763597216	LETM1	c9
1.20301747582321e-06	0.404203151966689	0.1	0.061	0.0405344708303874	CLN6	c9
1.20390255479869e-06	0.22014860464288	0.146	0.096	0.040564292681387	NUDT18	c9
1.21771258823305e-06	0.250921546105509	0.088	0.052	0.0410296079479244	AHCYL2	c9
1.22106415422733e-06	0.169974836878173	0.38	0.283	0.0411425356125358	MYO1G	c9
1.23093120670518e-06	0.688268032117505	0.045	0.022	0.0414749960787243	AGER	c9
1.2336303937923e-06	0.200857592445912	0.209	0.145	0.0415659424884377	DRG2	c9
1.23384596343088e-06	0.280455921309497	0.161	0.109	0.04157320589184	VPS13B	c9
1.23861279933433e-06	0.711671078576589	0.054	0.028	0.0417338196607708	THAP8	c9
1.23865823501722e-06	0.737899476883697	0.037	0.017	0.0417353505706703	PTPRM	c9
1.24224632229664e-06	0.743479038478105	0.053	0.027	0.0418562475834629	PKD2	c9
1.24648608820004e-06	0.138769184703018	0.242	0.171	0.0419991022558121	ARMCX3	c9
1.24840895175744e-06	0.328872646242091	0.13	0.084	0.0420638912205152	THAP3	c9
1.27006901331685e-06	0.133347827356343	0.299	0.217	0.0427937053346981	LMF2	c9
1.27073191756217e-06	0.198120984479578	0.441	0.34	0.0428160412303397	TNFSF8	c9
1.27312901992186e-06	0.430094674207642	0.077	0.045	0.0428968091972471	PARD6A	c9
1.28024157427089e-06	0.343155111115267	0.068	0.037	0.0431364596034835	TECPR2	c9
1.28264959204269e-06	0.486679509158911	0.096	0.059	0.0432175953542865	YRDC	c9
1.29018524241542e-06	0.225052751522931	0.137	0.089	0.0434715015579452	PMM2	c9
1.29483829768333e-06	0.395934217058762	0.115	0.073	0.043628281602142	PPP1R8	c9
1.29747770272877e-06	0.337789403930962	0.117	0.074	0.0437172137157431	PEX1	c9
1.30584390075437e-06	0.552147324447847	0.054	0.028	0.0439991043920177	RP3-323P24.3	c9
1.31323140271471e-06	0.371875949927733	0.089	0.054	0.0442480188830693	RP11-545E17.3	c9
1.3222351486014e-06	0.370546334902178	0.105	0.065	0.0445513910969756	BCL2L11	c9
1.33021560878108e-06	0.312657415911102	0.137	0.09	0.0448202847222697	BRD8	c9
1.33204343822686e-06	0.87029033293896	0.038	0.017	0.0448818716076159	KIF5C	c9
1.33614558538581e-06	0.299066536247071	0.103	0.063	0.0450200893539894	SIL1	c9
1.33918329317021e-06	0.177984944942453	0.24	0.171	0.0451224418800769	UBE2E1	c9
1.34367954703754e-06	0.192269501329474	0.159	0.106	0.045273938657883	RNF6	c9
1.34491405283822e-06	0.320167999332337	0.061	0.033	0.045315534096331	H3F3C	c9
1.34947166190504e-06	0.443617751968448	0.07	0.039	0.0454690981762284	ATN1	c9
1.35513571246877e-06	0.22237837602772	0.118	0.074	0.0456599426959229	CIZ1	c9
1.35940929094245e-06	0.170949240166063	0.355	0.262	0.045803936649015	ISCA2	c9
1.35953293503696e-06	0.115606346775309	0.526	0.404	0.0458081027131352	ZRANB2	c9
1.36104224463591e-06	0.594208634716718	0.051	0.026	0.0458589573907623	DAG1	c9
1.36259995716046e-06	0.366783790292612	0.124	0.08	0.0459114429565645	C1RL	c9
1.37129432073482e-06	0.204290875239141	0.171	0.116	0.0462043908428389	DKC1	c9
1.37860677091603e-06	0.50562684707855	0.045	0.022	0.0464507765392446	TRAK1	c9
1.37973071420905e-06	0.526471430808274	0.073	0.041	0.0464886466845599	MFSD3	c9
1.3803357475845e-06	0.171083041018049	0.676	0.556	0.0465090326791121	SF3B1	c9
1.38418717031726e-06	0.143322371793425	0.924	0.86	0.0466388025166698	PCBP1	c9
1.38718388419452e-06	0.598986999818829	0.056	0.029	0.0467397737940502	AC253572.1	c9
1.38845940691286e-06	0.166312669198497	0.234	0.165	0.046782751256522	SCAF4	c9
1.40650654544252e-06	0.253621791589816	0.08	0.046	0.0473908315421401	JAKMIP2	c9
1.4108449684815e-06	0.280192720249728	0.136	0.089	0.0475370103680158	TRIM35	c9
1.41477184948505e-06	0.237198135983607	0.175	0.12	0.0476693226965493	NFYB	c9
1.42408392456817e-06	0.316419006205176	0.118	0.075	0.0479830837544	EIF2B3	c9
1.42961792642844e-06	0.337573622959268	0.097	0.059	0.0481695464130798	NBPF11	c9
1.43280474035405e-06	0.575475525205562	0.048	0.024	0.0482769229214893	FOXK2	c9
1.43710781594308e-06	0.630806016518306	0.051	0.026	0.0484219107503863	ZNF570	c9
1.4650841500358e-06	0.335175621815274	0.081	0.047	0.0493645453513062	BTBD7	c9
1.46663950999389e-06	0.354481736960812	0.1	0.061	0.0494169516497343	CDPF1	c9
1.47344450900183e-06	0.123789133275322	0.367	0.268	0.0496462392863077	SNX5	c9
1.47432392147292e-06	0.300346965406809	0.166	0.113	0.0496758702101084	CEP135	c9
1.47670642088633e-06	0.596105705592714	0.052	0.027	0.049756146145344	CTB-58E17.1	c9
1.47988683955546e-06	0.37827506311851	0.094	0.057	0.0498633071719816	FAM76A	c9
1.48202996289183e-06	0.10586578256212	0.207	0.143	0.0499355175696774	EP400	c9
