p_val	avg_log2FC	pct.1	pct.2	p_val_adj	gene	seurat_clusters
0	8.4524413404636	0.247	0.002	0	CCL22	c29
0	5.53263342934135	0.207	0.006	0	PRKCDBP	c29
0	5.42252726202133	0.184	0.005	0	LRRC32	c29
0	5.41500289256566	0.331	0.009	0	TNFRSF8	c29
0	5.34357809635443	0.336	0.011	0	IL1R2	c29
0	5.28888176664087	0.676	0.031	0	CCR8	c29
0	5.05610055711942	0.275	0.011	0	ZBTB32	c29
0	5.05420935420459	0.59	0.029	0	EBI3	c29
0	4.83231143939331	0.212	0.008	0	NTRK1	c29
0	4.62518202399944	0.991	0.226	0	TNFRSF4	c29
0	4.58646294075138	0.821	0.079	0	TNFRSF9	c29
0	4.49660720902675	0.371	0.019	0	AC145110.1	c29
0	4.4235839119786	0.585	0.044	0	SDC4	c29
0	4.39427043606654	0.559	0.039	0	VDR	c29
0	4.17986020959909	0.333	0.02	0	LAPTM4B	c29
0	4.06248907173118	0.972	0.168	0	TNFRSF18	c29
0	4.04307534315693	0.371	0.028	0	SOX4	c29
0	4.03146847608647	0.683	0.072	0	IL2RA	c29
0	3.76367258012907	0.618	0.05	0	LAYN	c29
0	3.69248485456158	0.921	0.103	0	FOXP3	c29
0	3.53076122216729	0.536	0.056	0	LMCD1	c29
0	3.166491159564	0.655	0.079	0	AC017002.1	c29
0	3.11472723308008	0.748	0.129	0	MAGEH1	c29
0	3.10122726194207	0.62	0.08	0	IKZF4	c29
1.5094732394295e-303	4.16755402009056	0.527	0.066	5.08601913293376e-299	CD83	c29
1.94911511122335e-300	2.91722692999211	0.741	0.133	6.56734845575596e-296	AC133644.2	c29
2.69347911023843e-292	3.48018177980152	0.413	0.04	9.07540851403735e-288	CD79A	c29
5.75991860811595e-290	3.13681870669878	0.494	0.058	1.94074697581859e-285	IL12RB2	c29
5.94767835081969e-283	3.48676296670608	0.625	0.099	2.00401074352519e-278	ID3	c29
6.48807185908237e-278	2.69842297633403	0.674	0.113	2.18609093219921e-273	GK	c29
5.69014834087722e-273	2.55629489515019	0.655	0.104	1.91723858197517e-268	IKZF2	c29
7.06514678951041e-271	3.18695535672018	0.559	0.081	2.38053055925764e-266	GADD45A	c29
7.09287942944417e-271	2.94595502771106	0.739	0.147	2.38987479495692e-266	TBC1D4	c29
6.88596784682305e-268	4.06688518340548	0.249	0.016	2.32015800630856e-263	TSPAN13	c29
8.93098691364827e-268	3.41941125132774	0.298	0.023	3.00920673068465e-263	TBC1D8	c29
5.40700785828644e-264	3.24964191477927	0.492	0.064	1.82183722777103e-259	CUL9	c29
7.30553148679061e-258	3.81424868311316	0.543	0.082	2.46152577915923e-253	PTP4A3	c29
3.38433214975724e-252	4.28312262177704	0.203	0.011	1.1403168745392e-247	SLCO4A1	c29
2.31822577720047e-251	3.19703531674906	0.497	0.068	7.81102993369926e-247	KCNN4	c29
2.36614685432227e-249	2.74272160393318	0.643	0.112	7.97249521095347e-245	MAP1LC3A	c29
1.95329430715199e-247	3.29710994781848	0.401	0.045	6.58142983851793e-243	F5	c29
1.27265513826953e-246	3.07774348231241	0.48	0.064	4.28808422288534e-242	GEM	c29
8.03426213834028e-244	2.72172991368635	0.811	0.205	2.70706428489237e-239	IL21R	c29
3.65742009123353e-242	2.83452433724666	0.529	0.079	1.23233112554022e-237	INPP5F	c29
2.90040862550943e-237	4.54421798383601	0.163	0.007	9.77263682279146e-233	LINC00519	c29
1.57522372086636e-235	4.8419281231382	0.131	0.004	5.3075588050871e-231	LRG1	c29
3.33488512907022e-233	2.51179427371544	0.765	0.171	1.12365619538892e-228	SNX9	c29
5.72241273540961e-231	2.77454113261447	0.977	0.425	1.92810974706892e-226	BATF	c29
1.00499924034661e-227	3.3683403744022	0.396	0.048	3.38624444042386e-223	ENTPD1	c29
1.66420214476891e-227	2.7115751636768	0.967	0.435	5.60736270658436e-223	TNFRSF1B	c29
1.37542880460628e-224	2.96500729801203	0.385	0.044	4.6343698142404e-220	IZUMO4	c29
1.44381600342773e-224	3.04336262498525	0.52	0.081	4.86479364194939e-220	TFRC	c29
3.59932862496665e-224	3.13257954005939	0.417	0.053	1.21275778689626e-219	ZBED2	c29
1.85269563599388e-223	3.80597166644167	0.221	0.015	6.24247267591777e-219	EPAS1	c29
1.94240387562688e-223	3.00341109152432	0.634	0.124	6.54473561853722e-219	LTA	c29
4.22388867083664e-220	2.73896479514849	0.62	0.117	1.4231970487517e-215	NAMPT	c29
8.25537573838179e-217	2.53115311829101	0.967	0.464	2.78156630129036e-212	SH2D2A	c29
3.34907882535971e-216	11.7528192498299	0.035	0	1.1284386194167e-211	XIRP1	c29
5.56771212846048e-215	3.343953098561	0.385	0.047	1.87598492456347e-210	LINC01588	c29
1.84921036577373e-213	2.41891033726306	0.993	0.661	6.23072940643799e-209	PKM	c29
2.90840376730321e-213	2.14624323359276	0.904	0.271	9.79957565355143e-209	CTLA4	c29
8.77068127180098e-212	2.37621468806188	0.811	0.217	2.95519334772062e-207	PMAIP1	c29
3.31826879034048e-209	2.37117367501854	0.932	0.33	1.11805748621732e-204	DUSP4	c29
3.81706518570119e-209	4.73543062622312	0.163	0.008	1.28612194367016e-204	C17orf96	c29
3.25519704722495e-204	2.88763527187353	0.436	0.062	1.09680609309198e-199	IRF5	c29
6.05857490093138e-199	4.36440666383657	0.145	0.007	2.04137622711982e-194	CD177	c29
2.92713635501655e-198	3.83784652863135	0.207	0.015	9.86269323459276e-194	STAC	c29
8.3728008463858e-194	3.20256522828808	0.294	0.03	2.82113151718123e-189	METTL7A	c29
4.98553203220881e-191	5.64252368162709	0.072	0.001	1.67982516293244e-186	TTBK1	c29
9.77964279504944e-188	4.60837893403825	0.112	0.004	3.29515284336396e-183	ATP1A4	c29
1.14026139309331e-185	2.58132317159802	0.522	0.095	3.84199673788859e-181	CTD-2020K17.1	c29
5.76173928927969e-184	3.31494928918913	0.219	0.018	1.9413604361299e-179	FANK1	c29
1.496664734046e-182	3.00156873810987	0.431	0.068	5.0428621548946e-178	LAIR2	c29
2.11577032405207e-182	4.07229438671433	0.117	0.005	7.12887652986103e-178	GNG8	c29
4.02198456127805e-182	2.04637976671686	0.965	0.44	1.35516747807703e-177	TIGIT	c29
3.17609082316802e-181	2.76876853449042	0.373	0.051	1.07015204195823e-176	COL9A2	c29
1.92401310952561e-180	2.88736749718425	0.343	0.043	6.48276977123557e-176	GNA15	c29
3.068332915546e-179	3.75518736038259	0.168	0.011	1.03384409256407e-174	CTTNBP2NL	c29
3.60679418599771e-179	3.95166882055627	0.147	0.008	1.21527323303007e-174	PDGFA	c29
4.89692185312849e-177	5.37517226783157	0.075	0.002	1.64996884919311e-172	DGCR5	c29
1.17471400356521e-175	2.67679135537985	0.786	0.256	3.95808136361262e-171	ICOS	c29
1.88863625478569e-172	3.07222879597351	0.795	0.277	6.36357099687489e-168	PIM3	c29
3.97104449086157e-172	4.23411891435048	0.142	0.008	1.3380037307509e-167	CTC-490G23.2	c29
8.9100632272115e-172	2.46235096498046	0.832	0.302	3.00215670377664e-167	TRAF1	c29
1.44015202492939e-171	2.91956818282621	0.357	0.049	4.85244823279708e-167	GCNT1	c29
6.34043461461519e-171	2.21941051879123	0.76	0.222	2.13634603904844e-166	IGFLR1	c29
1.37037814319406e-169	2.61109203520177	0.445	0.075	4.61735211567807e-165	LINC01281	c29
3.64606802684831e-168	2.51826574369133	0.73	0.218	1.22850616096627e-163	MAP2K3	c29
4.39791237003682e-168	1.9936812334222	0.944	0.454	1.48183259396021e-163	DNPH1	c29
8.92924038253514e-168	2.42798840786714	0.538	0.109	3.00861825449139e-163	ETV7	c29
1.57159211486786e-166	3.8663247058509	0.159	0.01	5.29532247183576e-162	CD80	c29
5.31957494349663e-164	3.86924813010927	0.186	0.014	1.79237758146176e-159	FAM174B	c29
1.35301818212955e-163	5.5265795818377	0.072	0.002	4.55885946286732e-159	AHSP	c29
6.91012638306601e-162	2.86844691272344	0.585	0.139	2.32829798351026e-157	BCL2L1	c29
9.40221595304742e-162	1.48112462977061	1	0.977	3.1679826432198e-157	GAPDH	c29
2.29360610211663e-161	3.54292296951257	0.249	0.026	7.72807640047177e-157	MYO1E	c29
4.00246978723609e-161	2.19729585040463	0.769	0.243	1.34859217011133e-156	NFKB2	c29
7.60528368096724e-161	2.87955094708674	0.228	0.022	2.5625242834651e-156	SERPINE2	c29
5.8330525997928e-160	2.0724146117636	0.746	0.214	1.96538874297418e-155	PHLDA1	c29
3.17445289180126e-156	3.36202765068868	0.2	0.018	1.06960015736352e-151	TNS3	c29
5.77566774042262e-152	2.25030880105005	0.769	0.254	1.946053488458e-147	CREM	c29
2.29477205985201e-151	2.10057537760204	0.59	0.137	7.73200497846535e-147	STAM	c29
2.84273778562675e-151	2.86341790618722	0.27	0.032	9.57832069489078e-147	TRIB1	c29
4.43153492444516e-151	6.06038611555956	0.054	0.001	1.49316137744255e-146	NIPAL4	c29
1.97343994806793e-150	5.07351239428316	0.068	0.002	6.64930856102007e-146	SPATC1	c29
2.03895549087678e-150	3.24234078143831	0.233	0.025	6.87005663096023e-146	RP11-121P12.1	c29
2.60611511196667e-150	3.89555201968353	0.373	0.062	8.7810442582605e-146	NFKBID	c29
2.56850105999041e-149	3.59452214320852	0.193	0.017	8.65430747153168e-145	CDCA7L	c29
6.81132812069337e-148	2.46850488988139	0.399	0.068	2.29500889698642e-143	ADTRP	c29
5.28920119467218e-146	2.16437174462429	0.751	0.246	1.78214345053284e-141	GRINA	c29
2.09060551460275e-145	2.22398819104703	0.443	0.082	7.04408622090251e-141	ZC3H12D	c29
1.80350998578491e-144	7.00423418318214	0.047	0.001	6.07674654610368e-140	DIRAS3	c29
2.26536487071176e-144	2.45107474078027	0.699	0.22	7.63292039537622e-140	NINJ1	c29
6.3635074855948e-144	2.52547596704966	0.459	0.091	2.14412021219631e-139	ACSL4	c29
3.41100636110808e-142	1.89776392283149	0.963	0.673	1.14930448331176e-137	CD7	c29
5.51431292357235e-142	2.71509434765075	0.373	0.063	1.85799259646847e-137	SQLE	c29
1.5384013132675e-140	3.9926366160661	0.459	0.097	5.18348938492353e-136	NR4A1	c29
2.14274475555628e-140	2.4146182806377	0.368	0.061	7.21976417937133e-136	DFNB31	c29
3.62814425851765e-140	1.95481903625088	0.758	0.253	1.22246692646494e-135	TXNDC17	c29
4.43854530643619e-140	2.70508652081526	0.317	0.047	1.49552345555061e-135	HACD1	c29
3.75534994662724e-139	1.24179744587693	1	0.895	1.26532761101658e-134	IL2RG	c29
5.86460206023657e-139	2.32373681229983	0.501	0.109	1.97601901817611e-134	AD000671.6	c29
6.23515635515462e-138	2.45270260188222	0.904	0.465	2.1008735823058e-133	SYNGR2	c29
1.51852978859643e-137	3.97838590050088	0.142	0.01	5.11653426969683e-133	COCH	c29
1.67545036019863e-134	5.97333236239056	0.042	0.001	5.64526244365327e-130	RP11-554A11.9	c29
9.47319795397316e-134	2.53209733466468	0.364	0.062	3.19189931861172e-129	IRF4	c29
1.13810122258651e-132	2.01506700531314	0.695	0.212	3.83471825938299e-128	MIR4435-2HG	c29
2.67759387781165e-132	2.10793844203894	0.527	0.121	9.02188481189856e-128	SEC14L1	c29
3.97147581730015e-132	2.1519762357562	0.646	0.188	1.33814906188111e-127	BCL3	c29
3.07140154809582e-131	2.04369886411	0.639	0.18	1.03487803761541e-126	PELI1	c29
6.67739183572251e-130	1.97123802151879	0.818	0.329	2.24988040512834e-125	CCND2	c29
4.9304450153033e-127	1.41012325525683	1	0.947	1.66126414345629e-122	CD74	c29
6.39119748743549e-127	2.21297778513402	0.441	0.091	2.15345008141651e-122	FHL3	c29
1.23689360076073e-126	2.32586843987372	0.336	0.055	4.16758929840321e-122	SLC35F2	c29
1.18330407399765e-125	1.94504782232077	0.814	0.316	3.98702474692768e-121	TYMP	c29
5.87439106000149e-124	2.53290273483793	0.375	0.071	1.9793173237569e-119	ATP1B1	c29
1.51972262437838e-123	5.62510988990751	0.04	0.001	5.12055341058051e-119	COL4A5	c29
1.90866457663367e-123	1.34793643877137	0.977	0.699	6.43105442450949e-119	PARK7	c29
2.99128226724692e-123	4.14429665527444	0.1	0.005	1.00788264712618e-118	BARX2	c29
4.858718433552e-123	3.91145572536264	0.128	0.009	1.63709658900101e-118	EGR3	c29
8.74566084061077e-123	1.67543817195482	0.9	0.484	2.94676296363539e-118	CARD16	c29
1.28248483124602e-122	1.20296561026773	1	0.969	4.32120439040036e-118	IL32	c29
8.14395106603715e-122	1.62880069387726	0.807	0.284	2.74402287219056e-117	CD4	c29
1.19598424787605e-120	4.23632733396215	0.091	0.005	4.02974932479357e-116	IL1R1	c29
2.17498900273334e-120	1.88913999223476	0.697	0.227	7.32840794580972e-116	ATOX1	c29
3.20215140128991e-120	3.57542893246206	0.193	0.021	1.07893289315062e-115	CCND1	c29
4.9411177457054e-119	3.42119283658281	0.126	0.009	1.66486021323798e-114	FLVCR2	c29
1.10653935736321e-118	1.82932013383628	0.636	0.189	3.72837371069961e-114	NDFIP2	c29
5.26273124951417e-118	2.38951550406984	0.34	0.061	1.77322466721131e-113	CAMK1	c29
1.42539101822399e-116	2.4088571316401	0.406	0.085	4.80271249680392e-112	WNT10A	c29
2.38627085495933e-116	4.19013372557412	0.077	0.003	8.04030101869997e-112	RASAL1	c29
3.66751257586949e-116	2.23157824015865	0.354	0.065	1.23573168731346e-111	PRKAR1B	c29
5.7823957235563e-116	1.74221068741619	0.417	0.087	1.94832041509506e-111	HAVCR2	c29
7.01238280836074e-116	2.51716139270966	0.254	0.036	2.36275226344907e-111	MZB1	c29
8.02425585785946e-116	1.81682591084117	0.667	0.208	2.70369276874717e-111	TSPAN5	c29
1.26392236238152e-115	3.02514267251759	0.238	0.032	4.25866000780831e-111	UNQ6494	c29
1.36369337214358e-115	3.03830479405134	0.168	0.016	4.59482844810056e-111	DOT1L	c29
2.02047291243264e-115	1.62825354878447	0.939	0.619	6.80778143115054e-111	PGAM1	c29
2.11868681377333e-114	4.23803108926437	0.077	0.003	7.13870335032784e-110	ECEL1	c29
2.15477764122338e-114	2.08217854277722	0.566	0.16	7.26030778433807e-110	NEDD9	c29
4.01857289493752e-114	1.69063104200649	0.935	0.5	1.35401795122025e-109	BIRC3	c29
3.728930453954e-113	2.10052919325653	0.443	0.101	1.25642582715526e-108	CDKN1A	c29
2.00174707089546e-112	2.02038100967271	0.401	0.083	6.74468658067515e-108	MARCH3	c29
5.01169691384067e-112	2.37518789191568	0.322	0.057	1.68864115814947e-107	ADGRE1	c29
1.3570311891866e-110	1.60005185698355	0.867	0.381	4.57238088884531e-106	SEC11C	c29
1.93468825642181e-110	2.00850277858073	0.632	0.201	6.51873861118764e-106	CTNNB1	c29
1.9814301829761e-110	1.36042853874584	0.986	0.797	6.67623085851967e-106	SOD1	c29
3.28424612452092e-110	1.89228238000423	0.704	0.246	1.10659388919608e-105	ANKRD10	c29
9.75438709484111e-110	6.09940152801351	0.035	0	3.28664318773576e-105	WLS	c29
2.13254481406649e-109	1.62671821456593	0.837	0.371	7.18539649651562e-105	GRSF1	c29
2.77541582957642e-109	2.15802986505722	0.667	0.217	9.3514860961748e-105	HLA-DQA1	c29
2.92142338086034e-109	2.0788545918509	0.492	0.123	9.84344393947082e-105	APLP2	c29
3.88663913164479e-109	2.97261799029105	0.186	0.021	1.30956418901639e-104	AC074289.1	c29
7.10795368817764e-109	2.2519286098657	0.326	0.059	2.39495391569457e-104	MIR3142HG	c29
7.33198933028732e-109	2.04099119359457	0.571	0.165	2.47044048494701e-104	CSRNP1	c29
1.48669682582414e-108	3.79330980685552	0.124	0.01	5.00927628493185e-104	LINC01229	c29
3.38612497886205e-108	2.12237956909722	0.424	0.096	1.14092095037778e-103	ACOT9	c29
5.1152317231499e-108	3.5531922396047	0.103	0.007	1.72352617679813e-103	CSF2RB	c29
8.01137277777113e-108	2.17167102846953	0.38	0.078	2.69935194374221e-103	PSMA2	c29
1.63240979659877e-107	1.83038321993098	0.559	0.155	5.50024156865989e-103	FAM110A	c29
1.68077781685399e-107	2.86942027331967	0.184	0.021	5.66321277610785e-103	FAIM2	c29
7.32951660077528e-107	2.03271337311293	0.448	0.106	2.46960732346522e-102	MICAL2	c29
8.3372154457245e-106	3.87370803106388	0.11	0.008	2.80914137228241e-101	CREB3L3	c29
3.90259795124802e-105	1.8115648134763	0.678	0.229	1.31494135369351e-100	TNIP2	c29
5.5001412707239e-105	2.05912473689233	0.438	0.104	1.85321759975771e-100	EPHX2	c29
7.5674022398082e-105	2.71394800019054	0.329	0.063	2.54976051068098e-100	CRADD	c29
2.47598011466632e-104	3.35772031101187	0.168	0.018	8.3425673983567e-100	HILPDA	c29
3.84700338333079e-104	3.50322226351435	0.121	0.01	1.29620931997948e-99	REEP2	c29
2.10016119102848e-103	2.10461841023744	0.399	0.089	7.07628311705136e-99	LRRC61	c29
6.6432913929644e-103	1.70361339457849	0.844	0.407	2.23839060194543e-98	GBP2	c29
6.86848858896757e-103	2.66272660545544	0.503	0.141	2.31426854516673e-98	MIR155HG	c29
2.53378045372088e-102	2.72339587133879	0.289	0.051	8.53731986076714e-98	ICAM1	c29
4.13099817596091e-102	1.10502971700294	0.986	0.721	1.39189852540827e-97	TPI1	c29
4.99346339792124e-102	2.31995906575366	0.303	0.055	1.68249755729558e-97	SGPP2	c29
1.10139482653877e-101	2.11176843923131	0.436	0.106	3.71103972853972e-97	MBOAT7	c29
1.49789260697861e-101	1.43944281400854	0.944	0.662	5.04699934995372e-97	ENO1	c29
1.5591704654677e-101	1.8500360365851	0.599	0.188	5.25346896634688e-97	SHMT2	c29
2.15438615696211e-101	5.06229045774687	0.063	0.002	7.25898871726814e-97	IL1RN	c29
4.29696504843738e-101	2.59992891613199	0.303	0.056	1.44781940342049e-96	LST1	c29
1.17333994860596e-100	1.44642092193806	0.935	0.59	3.95345162283294e-96	PRDX1	c29
1.36577227750258e-100	2.90940071701144	0.191	0.024	4.60183311181719e-96	RBBP8	c29
1.65958797077813e-100	1.96100954713353	0.476	0.124	5.59181570873985e-96	HAPLN3	c29
2.04559875490512e-100	1.59662676391316	0.797	0.34	6.8924404447773e-96	RHBDD2	c29
2.18276028771579e-100	2.72846766958666	0.191	0.024	7.3545925134296e-96	ADPRH	c29
6.00136493184319e-100	2.00289145592196	0.364	0.077	2.02209990013524e-95	CSF1	c29
6.0023741537087e-100	1.30169872599567	0.967	0.654	2.02243994735061e-95	CD27	c29
7.2592319912919e-100	2.49269329142395	0.338	0.069	2.44592562714589e-95	HIVEP3	c29
4.06514375039224e-99	4.31682113550002	0.061	0.002	1.36970953525716e-94	LINC00589	c29
5.67988655397951e-99	1.99800118005526	0.361	0.075	1.91378097549786e-94	CTNNA1	c29
7.11192071064791e-99	1.6550924331055	0.932	0.504	2.39629056424571e-94	HLA-DRB1	c29
1.25247283733291e-98	2.17731987918116	0.354	0.075	4.22008197810949e-94	ICA1	c29
1.69777507406249e-98	1.49050645315585	0.508	0.135	5.72048333454614e-94	TOX2	c29
3.63646380839735e-98	2.72103460872204	0.221	0.032	1.2252701156014e-93	NAB2	c29
5.88779010960444e-98	1.78137946397193	0.566	0.168	1.98383199953012e-93	CHMP4B	c29
9.74654783664033e-98	4.39162648812145	0.056	0.002	3.28400182807759e-93	CABLES1	c29
9.7634586434015e-98	1.90646284753927	0.352	0.073	3.2896997553077e-93	NAB1	c29
1.77443862505399e-97	1.84094977644337	0.527	0.15	5.97879350325692e-93	TXNDC11	c29
3.96195332638614e-97	1.60891042878863	0.629	0.205	1.33494055379255e-92	NCF4	c29
1.04892497859446e-96	2.24549537501896	0.245	0.038	3.53424782287618e-92	FLNB	c29
9.16788315061008e-96	7.137785822716	0.023	0	3.08902654876656e-91	COL4A6	c29
1.70102621410018e-95	1.63632174094161	0.389	0.088	5.73143772578913e-91	RTKN2	c29
1.9786625105203e-95	1.58627168793734	0.713	0.272	6.66690546294708e-91	RELB	c29
5.65894107930902e-95	1.80177695016583	0.506	0.144	1.90672360726238e-90	CD59	c29
2.15729940055068e-94	2.15882959110337	0.345	0.074	7.26880460021544e-90	USP12	c29
3.8147283184852e-94	2.55049510075097	0.422	0.11	1.2853345596304e-89	NGFRAP1	c29
6.55329484772993e-94	1.36500343946651	0.904	0.525	2.20806716599412e-89	ARF6	c29
6.67636007870657e-94	1.74591553150138	0.627	0.211	2.24953276491939e-89	HDAC7	c29
7.14363431905306e-93	1.73099191115922	0.531	0.156	2.40697614746174e-88	POU2F2	c29
7.58865945580931e-93	1.25348225383613	0.963	0.694	2.55692291704039e-88	SPOCK2	c29
1.09065215719697e-92	2.58990746303716	0.186	0.025	3.67484337845948e-88	CXXC5	c29
1.24816515702445e-92	1.62588917815317	0.951	0.75	4.20556768007819e-88	ZFP36L1	c29
2.33709655149014e-92	4.10488502682006	0.065	0.003	7.87461312059089e-88	BTNL9	c29
3.15131461143972e-92	2.18647661522757	0.338	0.072	1.0618039451785e-87	LY75	c29
7.21722743663389e-92	1.4706871384494	0.676	0.234	2.43177261249942e-87	MTHFD2	c29
1.39567220217238e-91	2.8732725234411	0.252	0.044	4.70257791799962e-87	NME1	c29
2.45774924576335e-91	1.62268478497758	0.925	0.659	8.28114030867503e-87	SAT1	c29
4.82981771582396e-90	1.82165864109253	0.8	0.404	1.62735878116973e-85	REL	c29
1.24819115874844e-89	1.75985338083184	0.676	0.264	4.205655290287e-85	SMS	c29
1.99760344054197e-89	2.41346385305912	0.168	0.021	6.7307250325621e-85	CEACAM1	c29
3.89937306311478e-89	1.70440684077699	0.466	0.125	1.31385475988589e-84	DUSP16	c29
8.8653211085414e-89	2.45334376942818	0.203	0.03	2.98708129431194e-84	HMOX1	c29
1.48348863543621e-88	1.39071377199748	0.897	0.526	4.99846660823876e-84	HSPB1	c29
1.70675785677038e-88	1.81097865047405	0.476	0.133	5.75074992260211e-84	CKS2	c29
2.00137145082489e-88	2.69470005133601	0.175	0.023	6.7434209664094e-84	XXYLT1-AS2	c29
2.90506850377313e-88	2.29850144969309	0.242	0.041	9.78833781661318e-84	MGST2	c29
1.30425064001728e-87	1.90724733347999	0.485	0.142	4.39454210647423e-83	RAB11FIP1	c29
3.65588228300987e-87	0.769389024027821	0.998	0.959	1.23181297643735e-82	MYL6	c29
1.93480733534254e-86	1.42863985570346	0.839	0.431	6.51913983570314e-82	IL2RB	c29
2.16988673092059e-86	1.86348723461655	0.564	0.188	7.31121635116384e-82	ODF3B	c29
1.8775645105797e-85	2.52441676485677	0.189	0.027	6.32626586194723e-81	CLNK	c29
3.32625614326764e-85	1.82714305093166	0.748	0.363	1.1207487449126e-80	PIM2	c29
3.84622468010519e-85	0.689447967800913	1	0.991	1.29594694371464e-80	PFN1	c29
1.37261277650161e-84	1.93498328174953	0.408	0.106	4.62488148914453e-80	LMNA	c29
1.69200425840245e-84	1.66088486940345	0.72	0.295	5.70103914826122e-80	HLA-DRA	c29
3.07314720672448e-84	0.619533968736158	1	0.996	1.03546621983375e-79	HLA-A	c29
3.42427326071347e-84	1.73266328979916	0.45	0.124	1.1537746324648e-79	CD79B	c29
3.71092679142076e-84	1.93392472565745	0.303	0.063	1.25035967310131e-79	HIVEP1	c29
1.84838510844468e-83	3.04525360378665	0.159	0.02	6.22794878439351e-79	ZG16B	c29
2.04261166209393e-83	5.86413504537118	0.033	0.001	6.88237573425929e-79	LINC01055	c29
5.07550113064146e-83	3.65573138796712	0.089	0.006	1.71013935095833e-78	BASP1	c29
5.12645532681038e-83	3.36726697531207	0.105	0.009	1.72730785781549e-78	SLC41A2	c29
9.34928653540151e-83	1.49836392510387	0.802	0.381	3.15014860523818e-78	RANBP1	c29
1.32659099248202e-82	4.51554221140907	0.065	0.003	4.46981569006892e-78	ARG2	c29
4.40805660587e-82	0.714874232521898	1	0.999	1.48525059278184e-77	ACTB	c29
6.17968254131042e-82	2.07561321657842	0.27	0.053	2.08218223546913e-77	FNDC3B	c29
6.54938296870063e-82	1.46165403524922	0.718	0.283	2.20674909747399e-77	SFT2D1	c29
1.08909351546961e-81	1.86808438975133	0.653	0.268	3.66959169102329e-77	SERPINB9	c29
3.133042226329e-81	2.47571591702009	0.21	0.034	1.05564724773929e-76	C16orf45	c29
9.2448978211721e-81	0.73417089065688	0.993	0.953	3.11497587186573e-76	H3F3A	c29
1.0578564471466e-80	3.05963183439751	0.166	0.022	3.56434151301577e-76	IL4I1	c29
1.68295815440527e-80	1.70422168630944	0.615	0.224	5.67055920545313e-76	HTATIP2	c29
2.15311667089587e-80	2.43664626148968	0.191	0.029	7.25471131091656e-76	PDE4A	c29
5.0258553102437e-80	1.44554845398065	0.674	0.254	1.69341168823351e-75	BTG3	c29
5.31865107003971e-80	4.36323737304359	0.061	0.003	1.79206629153918e-75	FAM78B	c29
6.65841826885579e-80	1.16993299853689	0.909	0.549	2.24348745150827e-75	FKBP1A	c29
6.88168844114765e-80	2.00692825310417	0.326	0.074	2.31871610336029e-75	IL18R1	c29
9.40435837101186e-80	1.36881717854779	0.865	0.456	3.16870450952874e-75	PDIA6	c29
2.018168284577e-79	6.94469214427868	0.023	0	6.80001621805375e-75	RP11-672A2.6	c29
5.57398140397154e-79	1.41620623935633	0.807	0.367	1.87809729425417e-74	TMEM173	c29
8.83922250952099e-79	2.20099002195153	0.228	0.04	2.978287632358e-74	ADAT2	c29
1.93168632424775e-78	4.11384548777908	0.049	0.002	6.50862390092036e-74	CPE	c29
2.35972471026322e-78	0.555345829504134	1	0.999	7.95085643876088e-74	HLA-B	c29
3.20318773982718e-78	4.4912608705153	0.044	0.002	1.07928207705737e-73	HES1	c29
3.25936816977777e-78	2.58737951642179	0.168	0.023	1.09821151112492e-73	SUOX	c29
3.30509037176562e-78	1.17395032566378	0.89	0.497	1.11361714986271e-73	DYNLL1	c29
3.69822361629857e-78	1.98539211417323	0.378	0.097	1.24607946527564e-73	SLC1A5	c29
3.90426810017371e-78	1.45551563860727	0.622	0.222	1.31550409367253e-73	SPPL2A	c29
5.15802967045769e-78	0.838482437039783	0.988	0.888	1.73794651716401e-73	ALDOA	c29
7.70006734028431e-78	1.21261690264883	0.897	0.573	2.5944606896354e-73	COX5A	c29
1.0328338661204e-77	1.57399821357008	0.524	0.17	3.48003042850607e-73	NFAT5	c29
1.69286883781054e-77	2.94869365032085	0.128	0.014	5.70395226211882e-73	CYP7B1	c29
2.02490409009268e-77	1.6300751805124	0.476	0.143	6.82271184115829e-73	TIAM1	c29
2.10936216020149e-77	2.26978825137794	0.28	0.06	7.10728486258291e-73	GADD45G	c29
2.15392924959848e-77	1.1322642153925	0.939	0.657	7.25744921359711e-73	ARPC1B	c29
3.05639407551968e-77	2.84979658824727	0.147	0.019	1.0298214198056e-72	CHRNA6	c29
5.88709211922432e-77	1.6831774488784	0.445	0.128	1.98359681865144e-72	SPATS2L	c29
8.85692768390185e-77	1.21700543107781	0.879	0.469	2.98425321381389e-72	PTPN7	c29
5.15998827711427e-76	1.83946115002998	0.396	0.107	1.73860645009088e-71	WARS	c29
5.29037801208914e-76	1.47546283947888	0.643	0.247	1.78253996739332e-71	RFTN1	c29
9.62071543033489e-76	2.6949326330528	0.193	0.031	3.24160385709704e-71	C1orf112	c29
3.81707359908759e-75	2.07772221610689	0.266	0.055	1.28612477847657e-70	CPM	c29
4.23112469863275e-75	0.944646019264628	0.956	0.684	1.42563515595732e-70	SLC25A3	c29
8.20869320285953e-75	1.51696252594955	0.478	0.145	2.76583708777149e-70	PLPP5	c29
2.06088745648979e-74	1.33333554667562	0.86	0.554	6.94395419589671e-70	RHOG	c29
4.52752297753913e-74	2.67934296420788	0.145	0.019	1.52550359205203e-69	SLC9A7	c29
6.66996222964568e-74	2.01893294158294	0.41	0.119	2.24737707365682e-69	THADA	c29
7.00881387537734e-74	1.56951817919428	0.485	0.15	2.36154974716964e-69	PAM	c29
1.05089344176892e-73	1.27695450391699	0.774	0.368	3.54088036269619e-69	SIRPG	c29
1.41994621202409e-73	1.33645745047351	0.972	0.762	4.78436676679396e-69	LTB	c29
2.83911251831887e-73	1.18612255791168	0.853	0.441	9.56610571922361e-69	COX17	c29
3.10564748003503e-73	2.00853356000697	0.315	0.075	1.046416861923e-68	PKIA	c29
5.28779275537472e-73	1.66253095989098	0.462	0.142	1.78166889099596e-68	RHOC	c29
1.3330483139811e-72	1.55852899685832	0.492	0.157	4.49157298912791e-68	MSI2	c29
1.39117547038111e-72	5.52465247575554	0.035	0.001	4.68742662990213e-68	CACNB2	c29
2.46888769098335e-72	2.14749027494787	0.228	0.043	8.31867018599929e-68	LINC01480	c29
2.6994060027745e-72	1.29984152631854	0.781	0.391	9.09537858574839e-68	VDAC1	c29
3.09364964351512e-72	1.66991546141859	0.438	0.128	1.04237431088598e-67	TRAF3	c29
3.3914183593903e-72	2.67801021942624	0.161	0.023	1.14270450201297e-67	PHLDA2	c29
9.69517095028315e-72	1.18109413917586	0.967	0.802	3.2666908999884e-67	HSP90AB1	c29
1.05268588240263e-71	1.22419048155695	0.907	0.54	3.54691981216741e-67	CD82	c29
1.91718045287551e-71	1.71362976749322	0.361	0.096	6.45974781791875e-67	CD200	c29
2.07842322027131e-71	2.20636045228942	0.21	0.038	7.00303919838215e-67	AKAP5	c29
2.92274979409926e-71	2.73352136014385	0.186	0.031	9.84791315623806e-67	TRAF4	c29
3.28491933307917e-71	1.12269107576413	0.904	0.597	1.1068207200877e-66	EZR	c29
5.89490358876852e-71	0.985074564780003	0.984	0.871	1.98622881519966e-66	S100A4	c29
6.99449392967523e-71	1.27632654333612	0.788	0.391	2.35672478466477e-66	SDF4	c29
1.06567575714806e-70	1.95604902357099	0.308	0.073	3.59068789613466e-66	GGT1	c29
6.08596047398911e-70	5.21130875118322	0.033	0.001	2.05060352210589e-65	DGKI	c29
6.31057513856847e-70	1.33633979667689	0.622	0.242	2.12628518718926e-65	PTTG1	c29
7.57674113721868e-70	1.32677601964182	0.788	0.399	2.55290715877446e-65	ARID5B	c29
7.99909438205962e-70	1.12685635826111	0.876	0.481	2.69521486109117e-65	TXN	c29
8.00852050135701e-70	3.647587966801	0.1	0.01	2.69839089772723e-65	HLF	c29
8.45131589493974e-70	2.02813452539659	0.364	0.099	2.847586377641e-65	KDM6B	c29
9.02803079044176e-70	1.33211482744848	0.678	0.275	3.04190469453145e-65	CD58	c29
9.72020184120783e-70	0.637558617078855	0.995	0.939	3.27512480837657e-65	RPS26	c29
2.33729901190357e-69	1.22604072442847	0.832	0.433	7.87529529070789e-65	TNIP1	c29
3.6765673237056e-69	1.28060701681397	0.76	0.36	1.23878259404936e-64	ATP5G1	c29
4.53436756936219e-69	1.03821402270424	0.923	0.618	1.5278098088209e-64	SQSTM1	c29
7.49367698035989e-69	2.89240234255444	0.2	0.036	2.52491952176246e-64	NR4A3	c29
8.37811798302332e-69	1.66098886995024	0.347	0.09	2.82292307319988e-64	UBASH3B	c29
1.40602231298029e-68	4.11863605265295	0.049	0.002	4.73745158135578e-64	TWIST1	c29
1.51415831050805e-68	1.61850153972533	0.413	0.12	5.10180501142584e-64	C16orf87	c29
9.68486713096091e-68	2.19148866562486	0.21	0.039	3.26321913110597e-63	GM2A	c29
9.94400180488046e-68	5.94824056735105	0.023	0	3.35053196813642e-63	SCNN1B	c29
1.0298862041077e-67	5.72111296260553	0.023	0	3.47009857612048e-63	A4GALT	c29
1.33416426047847e-67	1.85708968034654	0.329	0.085	4.49533305925616e-63	MAST4	c29
1.4420764488033e-67	1.77108778726462	0.338	0.088	4.85893238659783e-63	CHST7	c29
2.70192781161795e-67	4.62269280808478	0.054	0.003	9.10387556846551e-63	NAPSA	c29
3.98130359108143e-67	1.55882145090225	0.415	0.122	1.34146043197898e-62	KDM2B	c29
4.9919849921675e-67	1.32897713710025	0.622	0.24	1.68199942326092e-62	SRA1	c29
1.05211253395304e-66	1.70576274858463	0.385	0.11	3.54498797190137e-62	CCR4	c29
1.83988075589521e-66	1.40761005316445	0.622	0.248	6.19929421891331e-62	FAS	c29
3.66728932931785e-66	3.54582914676845	0.079	0.007	1.23565646662036e-61	CD276	c29
4.49194743660292e-66	1.8188454976666	0.256	0.056	1.51351676928899e-61	ERI1	c29
4.83483641775696e-66	1.55942134445612	0.45	0.144	1.62904978259903e-61	PHACTR2	c29
2.31487565429445e-65	1.11923669772335	0.862	0.499	7.79974202957972e-61	NOP10	c29
3.6182201883976e-65	2.40812003730138	0.159	0.024	1.21912311027869e-60	FAH	c29
5.64939545698652e-65	1.45227761720163	0.732	0.352	1.90350730527704e-60	CNIH1	c29
6.86029931102171e-65	1.54175135910172	0.406	0.12	2.31150924985566e-60	DCTPP1	c29
1.53155175124976e-64	1.92327614652887	0.252	0.055	5.16041047066096e-60	LRRC8B	c29
2.09337064254433e-64	1.73253762700134	0.333	0.089	7.05340304298888e-60	ADORA2A	c29
6.22948472728061e-64	1.21036842005331	0.725	0.326	2.09896258400993e-59	CMTM6	c29
1.01665387357616e-63	2.8421785444008	0.103	0.011	3.42551356162752e-59	ATP6V0A1	c29
2.06968713647898e-63	3.81193259459687	0.077	0.006	6.97360383765228e-59	TRIM2	c29
4.80311555213395e-63	1.16788764720268	0.706	0.314	1.61836175413601e-58	GTF3C6	c29
5.76862614137096e-63	1.49052808822035	0.368	0.104	1.94368089207353e-58	NSF	c29
6.58768876044233e-63	1.64444847522176	0.343	0.094	2.21965585094344e-58	HYOU1	c29
1.37601207408951e-62	2.03259331659642	0.221	0.045	4.6363350824372e-58	SLC16A1	c29
1.84682593476874e-62	2.43994174387631	0.159	0.025	6.22269530460979e-58	PLAGL1	c29
3.50461362016141e-62	3.0545038674937	0.086	0.008	1.18084451317719e-57	STAP2	c29
3.91075142599893e-62	1.50404623714831	0.753	0.388	1.31768858547608e-57	SLC3A2	c29
6.90891769906493e-62	1.80410532039269	0.424	0.139	2.32789072952294e-57	DDHD1	c29
9.38874357165937e-62	1.53312973127284	0.723	0.374	3.16344325903491e-57	GATA3	c29
1.9853186441285e-61	1.47271107154511	0.392	0.116	6.68933263952656e-57	ISOC1	c29
3.36390766468304e-61	0.896820908892966	0.944	0.715	1.1334350485383e-56	GNG5	c29
4.40395193202932e-61	1.48099257059135	0.392	0.118	1.48386756397796e-56	CCDC50	c29
4.53975105655893e-61	7.15011422573087	0.012	0	1.52962372099697e-56	STON2	c29
5.46048695825507e-61	4.20538296147199	0.028	0.001	1.83985647571446e-56	RP11-520A21.1	c29
6.13072153327487e-61	4.43136494731154	0.063	0.004	2.06568531342163e-56	MMP9	c29
9.12860153094631e-61	1.55564201335876	0.352	0.099	3.07579099983705e-56	PTPRJ	c29
1.28816747159721e-60	1.14415364193103	0.755	0.367	4.34035147879962e-56	ILF2	c29
1.39189320477662e-60	3.27138861517712	0.077	0.007	4.68984496417434e-56	PRRG4	c29
3.08725488019295e-60	1.19710974302703	0.681	0.287	1.04021965933221e-55	NUDT5	c29
3.43108748960888e-60	0.764571683611287	0.972	0.823	1.15607061874882e-55	SUB1	c29
8.73252378108614e-60	1.02908021398367	0.893	0.588	2.94233656279916e-55	STAT3	c29
2.17578124947276e-59	1.78659913027949	0.252	0.058	7.33107734197352e-55	INPP1	c29
3.13178135446261e-59	2.05791723127925	0.27	0.067	1.05522240957263e-54	ZC2HC1A	c29
4.6718250527207e-59	2.6265668442066	0.128	0.018	1.57412473326371e-54	SOCS2	c29
9.81158039636796e-59	1.3792349628976	0.476	0.164	3.30591389875222e-54	EED	c29
1.16107767339918e-58	4.50741617673653	0.033	0.001	3.9121351127512e-54	SH3RF2	c29
1.63412518733527e-58	1.22842356937436	0.517	0.186	5.50602140620747e-54	SAR1B	c29
1.70010897899691e-58	1.28133278265334	0.487	0.169	5.72834719383219e-54	ETV6	c29
1.82206876445747e-58	1.2109236562789	0.86	0.525	6.13927849496299e-54	CFLAR	c29
2.23343763111827e-58	1.3500855204503	0.711	0.358	7.5253447542899e-54	PPA1	c29
2.28073744536861e-58	1.04956850327343	0.832	0.461	7.68471674842498e-54	PSMB6	c29
2.34971118915345e-58	2.02085485879946	0.557	0.236	7.91711688073364e-54	GADD45B	c29
2.55723053639917e-58	2.82574054839333	0.114	0.015	8.61633256934336e-54	CHST2	c29
3.19334027152551e-58	1.13255351778323	0.725	0.337	1.0759640710878e-53	ARF4	c29
4.0078965584358e-58	2.24976170286154	0.184	0.035	1.35042066639936e-53	SLC25A19	c29
4.58195862902802e-58	1.22372131934718	0.622	0.266	1.5438451404647e-53	CSNK2B	c29
5.46854833318231e-58	1.87541296242272	0.359	0.108	1.84257267538245e-53	OTUD5	c29
1.16268885167521e-57	0.868415514448303	0.967	0.77	3.91756381683446e-53	ARL6IP5	c29
1.85976522826013e-57	2.87089791164704	0.135	0.02	6.26629296009968e-53	CCL20	c29
2.06712107866168e-57	1.38534704804441	0.422	0.138	6.96495776244267e-53	NDUFC2	c29
2.28761629389527e-57	3.54291879210336	0.068	0.006	7.70789434065072e-53	ZC3H12C	c29
3.35300863624516e-57	1.17175300979508	0.718	0.355	1.12976272989644e-52	NDUFA13	c29
3.36397350724213e-57	1.66830517013506	0.289	0.075	1.13345723353016e-52	FUCA2	c29
4.3602977803968e-57	1.31381472126083	0.751	0.423	1.4691587341269e-52	DOK2	c29
4.75848303882754e-57	1.30013915974363	0.571	0.228	1.60332327510255e-52	HLA-DMA	c29
5.0676536540849e-57	0.893233695133213	0.916	0.648	1.70749522220737e-52	HNRNPA3	c29
6.70435383386119e-57	4.08834476465332	0.037	0.002	2.25896498078119e-52	IL1A	c29
6.94351451218277e-57	1.72096435821952	0.284	0.074	2.33954777973486e-52	ASB2	c29
7.27322632764777e-57	3.35011202796698	0.068	0.006	2.45064087883764e-52	PTGIR	c29
9.74063290342053e-57	1.5391627853293	0.42	0.141	3.28200885047851e-52	RARA	c29
1.13184062649762e-56	1.49844273755996	0.566	0.236	3.81362380692107e-52	CXCR6	c29
1.64096775216987e-56	1.62531027871113	0.298	0.08	5.52907674416117e-52	ZBTB7B	c29
1.73815605559855e-56	5.1969234543186	0.023	0.001	5.85654301373376e-52	LIN7A	c29
2.18528068150774e-56	2.18796753147472	0.168	0.03	7.36308472827217e-52	UCK2	c29
3.02483027523165e-56	2.40189740741478	0.114	0.015	1.01918631293655e-51	PIP5K1B	c29
3.20490129173954e-56	1.41650511064278	0.469	0.168	1.07985944123872e-51	EML2	c29
4.39096676207559e-56	1.15822926827804	0.876	0.577	1.47949234081375e-51	CLEC2D	c29
4.66209305364533e-56	1.18651391689638	0.664	0.291	1.57084563349526e-51	LMAN1	c29
4.67252613658657e-56	1.29717764927753	0.674	0.299	1.57436095646148e-51	HLA-DRB5	c29
4.99942960311902e-56	4.39512833721336	0.063	0.005	1.68450781047492e-51	ACTG2	c29
9.66501771853441e-56	1.04271106029793	0.725	0.338	3.25653107008298e-51	PRDM1	c29
1.79133854909738e-55	1.90671205618567	0.224	0.05	6.03573610732872e-51	CTSZ	c29
2.35297693147558e-55	1.45028588131587	0.457	0.162	7.92812047291384e-51	TUBA1C	c29
2.36533516096293e-55	2.11023657742511	0.247	0.06	7.9697602913485e-51	TNIP3	c29
2.43021194327011e-55	1.84803409444009	0.2	0.041	8.1883561216543e-51	ARHGAP31	c29
2.7902677385182e-55	1.12615069386051	0.914	0.637	9.40152811816323e-51	UCP2	c29
3.04227743734824e-55	0.99624754747096	0.765	0.368	1.02506495974011e-50	C4orf48	c29
3.17757985066462e-55	0.957716662252355	0.846	0.503	1.07065375488294e-50	PSMD8	c29
3.20398553645373e-55	1.93283241932404	0.214	0.047	1.07955088665272e-50	NRIP1	c29
4.0084880660569e-55	3.87783105722273	0.061	0.005	1.35061996897721e-50	CLIC4	c29
4.20974981033676e-55	1.17675546619742	0.597	0.239	1.41843310109487e-50	STARD7	c29
4.4702065692529e-55	1.76606568322379	0.254	0.062	1.50619140144407e-50	SLC12A6	c29
4.93691769865658e-55	1.03562256927744	0.744	0.348	1.66344504938535e-50	YWHAE	c29
5.32905276480383e-55	0.957308715675179	0.848	0.5	1.795571038573e-50	POMP	c29
1.43305426235956e-54	2.53024286697197	0.159	0.028	4.82853303159431e-50	FURIN	c29
1.86963307012589e-54	1.26987673169009	0.641	0.29	6.29954166648216e-50	PRMT1	c29
2.87497370885961e-54	6.07127746197786	0.023	0.001	9.68693641463156e-50	MPO	c29
2.93552690347836e-54	5.17344093222424	0.03	0.001	9.89096434858e-50	TAGLN3	c29
3.57075480624225e-54	1.18028580069054	0.669	0.301	1.20313012441526e-49	PHPT1	c29
3.9808365945374e-54	0.620758311773816	0.986	0.889	1.34130308216343e-49	SUMO2	c29
3.99512447877697e-54	1.38163085608375	0.387	0.121	1.34611724187911e-49	HIBCH	c29
4.01371104417667e-54	2.56603587537045	0.121	0.018	1.35237979922489e-49	PRELID2	c29
4.07321320024676e-54	1.16638543662255	0.727	0.365	1.37242845569114e-49	TPM4	c29
4.23266423406315e-54	2.1222028951691	0.17	0.032	1.42615388702524e-49	FAM184A	c29
6.78668968691377e-54	1.28478187160504	0.527	0.205	2.28670722310872e-49	SQRDL	c29
9.25601174958154e-54	1.0956801563802	0.674	0.304	3.118720598904e-49	CD28	c29
9.6672670356524e-54	1.74683957091779	0.34	0.104	3.25728895499272e-49	MRTO4	c29
1.57333897110783e-53	1.12488554102144	0.471	0.165	5.30120832925073e-49	MAF	c29
1.78846561119229e-53	1.10371211096843	0.681	0.314	6.0260560303513e-49	PRDX3	c29
1.93783281466248e-53	1.21872906677621	0.441	0.151	6.52933388572377e-49	BTLA	c29
2.28847774414676e-53	1.41515287051565	0.368	0.115	7.7107969111281e-49	MCCC2	c29
2.61827201933047e-53	3.06336516722172	0.093	0.011	8.82200574193209e-49	SLC29A1	c29
3.04259008678381e-53	1.65836347412361	0.275	0.073	1.02517030384094e-48	NCR3	c29
4.0875158338376e-53	1.23227741618196	0.657	0.305	1.37724758505324e-48	SLAMF1	c29
6.98261568708431e-53	1.53830337092922	0.268	0.069	2.35272252960619e-48	TPMT	c29
7.71760178804944e-53	1.07973491855984	0.618	0.256	2.60036874646538e-48	ARPP19	c29
8.32498217964374e-53	1.0987534007529	0.872	0.576	2.80501949560916e-48	EIF5A	c29
9.04569867141752e-53	1.11911891486316	0.741	0.379	3.04785771034742e-48	PCED1B	c29
9.39210398402841e-53	1.66056051379077	0.317	0.092	3.16457551637853e-48	FOSL2	c29
1.02231766069231e-52	1.06008380258138	0.841	0.509	3.44459712593668e-48	CTSC	c29
1.03053205425437e-52	1.79752157622012	0.254	0.064	3.47227470360468e-48	FANCL	c29
1.08032761995694e-52	1.53908844072827	0.389	0.13	3.64005588268293e-48	TSPAN17	c29
1.14379967442535e-52	1.05106794696163	0.79	0.419	3.85391862300878e-48	MRPS6	c29
1.65014696851326e-52	3.18337405508365	0.084	0.009	5.56000519570857e-48	RP11-493L12.5	c29
2.1153849120645e-52	2.03398187038613	0.198	0.043	7.12757792271011e-48	RP11-486I11.2	c29
2.72690270786048e-52	6.36572515062371	0.014	0	9.18802598386511e-48	RP11-486M23.2	c29
3.0256084468763e-52	5.68564438725309	0.021	0	1.0194485100905e-47	ASPHD1	c29
3.39240158577151e-52	0.778404761676526	0.935	0.696	1.14303579030985e-47	ATP5G3	c29
5.01144847950052e-52	1.31425753515327	0.45	0.162	1.6885574506829e-47	KDM5B	c29
6.00582026019004e-52	0.562250643945578	0.993	0.942	2.02360107846843e-47	OAZ1	c29
1.40594815032006e-51	1.30340401493793	0.408	0.136	4.7372016976884e-47	NPTN	c29
1.48898157573815e-51	2.26935691997892	0.124	0.019	5.01697452129212e-47	ECE2	c29
1.7778403207174e-51	0.841851434750048	0.907	0.644	5.99025517662522e-47	SEC61B	c29
2.40025985442949e-51	1.79312800298236	0.198	0.043	8.08743555351471e-47	PLEKHG2	c29
4.02727125310501e-51	4.65469413078614	0.028	0.001	1.3569487760212e-46	DGAT2	c29
4.40842236590822e-51	1.12560105946701	0.576	0.239	1.48537383196912e-46	COX20	c29
4.57773336048041e-51	0.803258461682064	0.981	0.87	1.54242147848027e-46	LSP1	c29
6.39976168002466e-51	1.51704758927287	0.336	0.103	2.15633570046751e-46	PPIF	c29
6.71185284106939e-51	2.71290230362245	0.114	0.017	2.26149169626992e-46	USP51	c29
7.6823535826892e-51	0.658358274690455	0.988	0.888	2.5884922161513e-46	CD2	c29
9.44958066140282e-51	1.04911671400084	0.634	0.271	3.18394170805307e-46	LYST	c29
9.65867461822407e-51	1.1913873085797	0.51	0.199	3.25439382586442e-46	FBLN7	c29
1.40099624976388e-50	1.61666848680579	0.296	0.084	4.72051676395443e-46	NOP16	c29
2.17443424211203e-50	5.72664124074484	0.016	0	7.32653873537228e-46	IL3RA	c29
2.25997059235025e-50	2.00343055234883	0.233	0.058	7.61474491386493e-46	KIAA1324	c29
2.73778588079467e-50	3.24106616454224	0.056	0.004	9.22469574674956e-46	CTA-384D8.35	c29
3.45133330281885e-50	3.03450692985735	0.084	0.01	1.16289224305178e-45	FLT1	c29
3.71994299870156e-50	2.38856993723957	0.149	0.027	1.2533975939825e-45	POU2AF1	c29
7.17476547181873e-50	5.19868682564011	0.021	0	2.4174654780746e-45	RP11-61G19.2	c29
8.24587523771826e-50	2.23220069111224	0.128	0.021	2.77836520259679e-45	GAN	c29
8.92887422264498e-50	4.47657773019441	0.028	0.001	3.008494880578e-45	PTGS1	c29
1.24293464284357e-49	0.798987441936601	0.911	0.612	4.18794398559713e-45	PSMB1	c29
1.51937539097628e-49	1.43738027395184	0.366	0.118	5.11938344235549e-45	CDIP1	c29
1.98420888707531e-49	1.69464216064048	0.254	0.067	6.68559342411155e-45	NFKBIE	c29
2.00989069757232e-49	1.70922979880454	0.27	0.074	6.77212571640017e-45	KLF10	c29
2.09139395109728e-49	1.89074971200459	0.256	0.069	7.04674277882718e-45	PAICS	c29
2.17626147466883e-49	4.45375885569583	0.033	0.001	7.33269541274914e-45	TMPRSS6	c29
2.2136385511678e-49	1.2693428711479	0.429	0.152	7.45863373430479e-45	AFTPH	c29
2.54410138562899e-49	1.23186091980882	0.448	0.162	8.57209520873833e-45	IL4R	c29
2.68522239461094e-49	1.39942626884133	0.336	0.103	9.04758833640211e-45	TTC7A	c29
2.99439614633726e-49	0.939829022195984	0.909	0.601	1.00893183754688e-44	HLA-DPA1	c29
4.03847243313633e-49	1.16756350348455	0.578	0.256	1.36072290162095e-44	RBM4	c29
5.11182551679212e-49	1.26543521289063	0.41	0.141	1.72237848962794e-44	NFKBIB	c29
5.44030647501387e-49	1.90444273871865	0.189	0.041	1.83305686369117e-44	ACSL1	c29
7.60801690221786e-49	1.33177878906096	0.452	0.17	2.56344521503329e-44	IKBKE	c29
7.76088809410957e-49	1.38455963874789	0.538	0.228	2.61495363442928e-44	REXO2	c29
1.60678022634571e-48	1.00720785172188	0.727	0.385	5.41388529464923e-44	RNASEK	c29
2.11050030712832e-48	1.34409051966459	0.385	0.129	7.11111973483818e-44	ZC3H12A	c29
2.14930039901841e-48	1.3413513603292	0.364	0.117	7.24185276445263e-44	NUBP1	c29
2.24043011292324e-48	1.20462331915259	0.48	0.182	7.54890522248355e-44	ZC3H7A	c29
2.35314689206427e-48	0.945764728606232	0.876	0.573	7.92869313812134e-44	NDUFV2	c29
2.58911101266353e-48	1.16649776784791	0.483	0.184	8.72375064606851e-44	ARF3	c29
3.48006543070077e-48	1.12684224269505	0.706	0.387	1.17257324622032e-43	PTPN6	c29
3.48297797678188e-48	1.10298920400494	0.58	0.251	1.17355459949689e-43	TNFRSF25	c29
4.01924515500663e-48	1.38777529543676	0.347	0.111	1.35424446252793e-43	FAM3C	c29
5.47786057665441e-48	1.76495923538734	0.196	0.044	1.84571034269794e-43	CPEB4	c29
6.25424534779282e-48	1.5430091873641	0.273	0.076	2.10730542748531e-43	COMMD3	c29
6.66363162987536e-48	1.32285152438666	0.392	0.134	2.2452440413702e-43	LIMA1	c29
8.02810759067893e-48	1.2305834049739	0.408	0.142	2.70499057160336e-43	CCDC47	c29
8.54534600613124e-48	1.04907236004919	0.746	0.404	2.87926888330586e-43	BZW1	c29
8.62451662982143e-48	0.853725104808762	0.928	0.71	2.90594463325203e-43	LDHA	c29
1.14963660759133e-47	1.15944507458977	0.466	0.175	3.87358558561822e-43	TOM1	c29
1.27485360153456e-47	2.30946628293937	0.135	0.024	4.29549172501055e-43	PLA2G4C	c29
1.64415395867181e-47	1.09021481470772	0.608	0.267	5.53981234834879e-43	EIF4E	c29
1.75826765200314e-47	1.06842587245559	0.676	0.328	5.92430702665937e-43	CCT6A	c29
1.96678061487784e-47	1.72435093870361	0.189	0.042	6.62687060376938e-43	OTUD7B	c29
2.17787178303909e-47	1.34713611875817	0.336	0.106	7.33812118577192e-43	ZNF281	c29
2.52513152329156e-47	1.86571515684534	0.238	0.062	8.50817815457858e-43	ATF5	c29
2.76567668705991e-47	5.31402165460643	0.028	0.001	9.31867102937967e-43	CRLF2	c29
3.21036026669102e-47	0.997179860166954	0.814	0.492	1.08169878825887e-42	PSMA6	c29
3.52014226453079e-47	1.13455668934544	0.545	0.231	1.18607673461101e-42	UBE2V1	c29
4.09954649630169e-47	0.840461402688029	0.876	0.602	1.38130119646389e-42	ATP5B	c29
4.45203491280758e-47	1.34995908605147	0.387	0.132	1.50006864352139e-42	GFI1	c29
5.01714335890854e-47	1.18947622637276	0.476	0.183	1.69047628335064e-42	UNC119	c29
5.03123153698585e-47	0.980886340865247	0.744	0.382	1.69522315407201e-42	VOPP1	c29
5.28442363964885e-47	0.85395513953688	0.828	0.511	1.78053370114328e-42	PRDX5	c29
5.73539285484027e-47	0.766848178062378	0.944	0.693	1.93248326850988e-42	PSMB8	c29
5.85828681944393e-47	0.987961714722612	0.657	0.299	1.97389116094344e-42	IFI27L2	c29
7.07222302524701e-47	0.635530291486351	0.965	0.79	2.38291482612673e-42	COX6A1	c29
8.19310494597224e-47	2.8270980073298	0.07	0.007	2.76058478049589e-42	LINC00884	c29
8.36724711317896e-47	1.46820320686327	0.305	0.092	2.81926024231452e-42	GPR137	c29
8.43582479694766e-47	1.58214571660872	0.266	0.074	2.84236680708355e-42	MTHFD1	c29
9.73039239704556e-47	1.17494942853319	0.599	0.272	3.27855841426053e-42	ZFAND5	c29
9.95595223957101e-47	0.840219668917342	0.869	0.574	3.35455854760106e-42	PSMB3	c29
1.75076913753505e-46	0.815632239349656	0.881	0.576	5.8990415320106e-42	SNRPB	c29
1.87107543080147e-46	0.679393152213265	0.956	0.765	6.30440155654249e-42	HNRNPK	c29
2.10251651164979e-46	1.12853058916954	0.746	0.399	7.0842191343528e-42	GPX1	c29
2.42319977156305e-46	1.54849247384973	0.266	0.074	8.16472931030454e-42	RBM19	c29
2.85171598221252e-46	1.37982682952033	0.531	0.226	9.60857183046688e-42	PLK3	c29
3.95918455695842e-46	1.45600062312302	0.221	0.055	1.33400764462157e-41	ARHGAP10	c29
5.26495383195707e-46	1.81640604202367	0.179	0.039	1.77397354413962e-41	LAT2	c29
5.27642480992131e-46	0.949750996215752	0.685	0.322	1.77783857545489e-41	HNRNPLL	c29
7.02867120051155e-46	0.965490228491416	0.723	0.371	2.36824047430036e-41	SURF4	c29
8.10062216584665e-46	1.48666118156835	0.319	0.101	2.72942363256037e-41	CREB3L2	c29
8.11851691924373e-46	1.68171054178957	0.205	0.049	2.73545309076998e-41	MRPS17	c29
1.08698379770466e-45	2.06118693334413	0.163	0.034	3.66248320798608e-41	SLC27A2	c29
1.11477802735434e-45	1.37013650814995	0.326	0.103	3.7561330853677e-41	PES1	c29
1.28509009998599e-45	1.08328012604932	0.702	0.346	4.32998258289281e-41	SNRPE	c29
1.47113085241378e-45	1.42620096169435	0.364	0.124	4.956828294123e-41	EBNA1BP2	c29
1.5282148271628e-45	1.21681482742645	0.457	0.174	5.14916703864235e-41	UXS1	c29
1.70508519889852e-45	0.904840911885315	0.802	0.455	5.74511406916869e-41	UBE2N	c29
1.97836987900141e-45	1.63222406728267	0.485	0.204	6.66591947030734e-41	SLC7A5	c29
2.01564461388194e-45	3.80249458117765	0.056	0.005	6.79151296201379e-41	PYCR1	c29
2.38784415850219e-45	1.24663369842001	0.448	0.168	8.04560210765726e-41	DNAJB11	c29
2.63122535008792e-45	1.10054062106384	0.716	0.386	8.86565069458623e-41	IFI6	c29
2.6826112516014e-45	2.29935327435607	0.11	0.017	9.03879035114577e-41	CDK14	c29
2.93103157044289e-45	3.06147217074636	0.063	0.006	9.87581777345028e-41	BTNL8	c29
3.11619111929164e-45	0.977871195880275	0.886	0.632	1.04996943573412e-40	C9orf16	c29
3.14237280641348e-45	1.82279790247611	0.203	0.049	1.05879109339296e-40	TMED8	c29
3.14264229602569e-45	3.78932851898713	0.077	0.009	1.0588818952229e-40	PMCH	c29
3.37676685255417e-45	1.00561376025619	0.669	0.338	1.1377678232996e-40	EPSTI1	c29
4.31099839254629e-45	1.84314550711712	0.191	0.044	1.45254779838455e-40	ACOX3	c29
4.48842918260663e-45	1.34735314533006	0.473	0.186	1.51233132878748e-40	MDFIC	c29
4.5632329819488e-45	1.48241990915677	0.291	0.088	1.53753572093783e-40	PARVB	c29
5.49825544913203e-45	0.80334878191342	0.874	0.571	1.85258219103055e-40	RAC1	c29
5.64802191077424e-45	1.19635871922586	0.564	0.249	1.90304450261627e-40	TPP1	c29
9.90598735673777e-45	1.91474710212068	0.161	0.033	3.33772337997923e-40	GRAMD4	c29
1.13627329207682e-44	1.31817260055976	0.319	0.1	3.82855923032363e-40	FAM53B	c29
1.1449463613101e-44	0.951677105796142	0.746	0.38	3.85778226979826e-40	ADRM1	c29
1.30358394434119e-44	2.78209535541577	0.105	0.016	4.39229574206321e-40	CADM1	c29
1.42427164852569e-44	1.00779130228114	0.744	0.412	4.79894089254245e-40	CACYBP	c29
1.45226951174991e-44	1.20601881308022	0.471	0.184	4.89327689289016e-40	MIIP	c29
1.49727222954867e-44	3.43049184566664	0.063	0.006	5.04490905024128e-40	MYOF	c29
2.52317077360501e-44	2.73242947840063	0.07	0.008	8.50157160458473e-40	IGHM	c29
3.03751732016204e-44	1.23133327762747	0.382	0.135	1.0234610858554e-39	C17orf49	c29
3.39524102256744e-44	1.16982961416655	0.592	0.274	1.14399251014387e-39	PRNP	c29
4.25854654484955e-44	2.06033290533552	0.117	0.019	1.43487467282161e-39	AC002331.1	c29
4.61114008218516e-44	1.44804543503408	0.301	0.093	1.55367753929147e-39	EEF1E1	c29
7.04686544354728e-44	1.06288960374352	0.911	0.702	2.37437084254882e-39	CALR	c29
8.99890421782246e-44	1.13727949906963	0.636	0.307	3.0320907871531e-39	PTPN1	c29
1.03826216481677e-43	1.01128509655663	0.678	0.353	3.49832053813363e-39	TOP1	c29
1.45238975203558e-43	1.42672107694996	0.275	0.081	4.89368203050868e-39	BACH1	c29
1.67361672509919e-43	2.56065176502789	0.135	0.026	5.63908419354921e-39	SEMA7A	c29
1.76280208355581e-43	1.08538293374885	0.476	0.183	5.93958534033294e-39	B3GNT2	c29
1.80935440618601e-43	1.25085048569217	0.543	0.242	6.09643873620314e-39	TM2D3	c29
1.91175837572394e-43	6.18381538211636	0.014	0	6.44147867116426e-39	CTSV	c29
1.92637436450678e-43	1.30750035671109	0.31	0.098	6.49072578376915e-39	ST6GALNAC4	c29
2.02516466684017e-43	0.887671669880699	0.8	0.437	6.82358982845127e-39	PPM1G	c29
2.1487117431739e-43	1.07816841302798	0.599	0.275	7.23986934745013e-39	GSTO1	c29
2.79916056373592e-43	1.11377423240601	0.371	0.126	9.43149160345183e-39	SYT11	c29
4.42755351414872e-43	1.88082111003012	0.166	0.036	1.49181988105727e-38	NPM3	c29
5.18879664940886e-43	0.996013588704973	0.69	0.352	1.74831314305182e-38	CTSB	c29
5.33253906998969e-43	1.62162077822748	0.214	0.055	1.79674571424233e-38	BTN2A2	c29
6.22589997017486e-43	2.26708252868674	0.131	0.024	2.09775473595072e-38	EGR2	c29
6.75540669740748e-43	1.23507173349781	0.378	0.133	2.27616673262448e-38	HTRA2	c29
6.88132554716368e-43	1.58333204453784	0.205	0.051	2.31859382986133e-38	SGPP1	c29
8.09457828443641e-43	0.515911684345913	0.979	0.908	2.727387207158e-38	HNRNPA2B1	c29
9.53211693259325e-43	0.885065885168343	0.804	0.506	3.21175147926797e-38	PSMA5	c29
9.67557590289599e-43	1.59083028641141	0.2	0.049	3.26008854472178e-38	NFE2L3	c29
9.68486718241784e-43	1.01913661627726	0.695	0.364	3.26321914844387e-38	NOP58	c29
9.77768330881887e-43	1.24611014509828	0.515	0.226	3.29449261407343e-38	SOCS3	c29
1.27774973412785e-42	1.27215178296357	0.487	0.203	4.30524995417036e-38	SNHG15	c29
1.37919917912291e-42	1.02402754308055	0.58	0.26	4.64707371413674e-38	PSMD11	c29
1.50170617564088e-42	0.934378189194589	0.737	0.388	5.05984878820438e-38	TMED9	c29
1.97825293664921e-42	1.39018055606201	0.31	0.1	6.66552544474585e-38	KPNA2	c29
2.14377284821014e-42	1.86595825939173	0.159	0.034	7.22322823475924e-38	ADCY3	c29
2.43839926025343e-42	1.11783320817452	0.501	0.208	8.21594246749791e-38	EFHD2	c29
2.79263430666566e-42	0.773093749376538	0.881	0.583	9.40950203287927e-38	SNRPG	c29
2.96721225051258e-42	0.903606676265514	0.758	0.414	9.99772495687709e-38	PRKAR1A	c29
3.65402307583784e-42	1.00870710556992	0.538	0.228	1.2311865351728e-37	SYNCRIP	c29
3.67474977395424e-42	1.48279030174805	0.238	0.066	1.23817018883614e-37	ALDH3A2	c29
3.87265505951877e-42	2.96497916197462	0.063	0.006	1.30485239575426e-37	TMPRSS3	c29
4.28478580425174e-42	1.75941334071257	0.147	0.03	1.44371572888458e-37	EIF3C	c29
4.47017174815832e-42	0.904183197640053	0.758	0.401	1.50617966882446e-37	HERPUD1	c29
5.17907292331072e-42	1.47620263377199	0.226	0.06	1.74503683078031e-37	NAGA	c29
7.21689096403438e-42	3.40338267981067	0.065	0.007	2.43165924142174e-37	AC011893.3	c29
7.83247093139506e-42	0.849302922423931	0.846	0.512	2.63907275562425e-37	NDUFC1	c29
8.61027498603323e-42	1.2448827507927	0.413	0.156	2.90114605379404e-37	VMA21	c29
9.75132481967503e-42	1.77451659568804	0.228	0.063	3.2856113847413e-37	SNX11	c29
1.01830742553125e-41	0.972980640928068	0.597	0.274	3.431085039585e-37	IFNAR2	c29
1.05678327174027e-41	1.78600004078573	0.152	0.032	3.56072555580167e-37	SNX8	c29
1.37016384945909e-41	1.52144686600189	0.193	0.047	4.61663007436745e-37	MREG	c29
1.53291337077669e-41	1.47816960919206	0.196	0.048	5.16499831149499e-37	VAV3	c29
1.57303872722652e-41	1.63270844671957	0.198	0.05	5.30019668751705e-37	CHPF	c29
1.74837005927892e-41	0.915262361251828	0.608	0.28	5.89095807773439e-37	LIMS1	c29
1.93755742872002e-41	1.34170475591817	0.45	0.189	6.52840600032922e-37	PTMS	c29
2.15568193474814e-41	2.54641721083106	0.084	0.011	7.26335471094038e-37	AC147651.4	c29
2.58030216887384e-41	1.46528174991477	0.263	0.078	8.6940701278035e-37	TOMM34	c29
2.83118371908384e-41	1.30099903014922	0.275	0.083	9.53939042308109e-37	GPHN	c29
3.24175249557713e-41	1.32363722230702	0.301	0.096	1.09227608585976e-36	JARID2	c29
4.20049363947414e-41	0.771167971151798	0.937	0.741	1.41531432688442e-36	PSME2	c29
5.18415373334408e-41	1.36236064835539	0.336	0.114	1.74674875891295e-36	PEA15	c29
6.24416324031482e-41	0.866582490748182	0.804	0.473	2.10390836219167e-36	DNAJA1	c29
6.29652511386415e-41	0.742951961059342	0.909	0.655	2.12155117186539e-36	NDFIP1	c29
6.35878670333002e-41	1.88115567448888	0.161	0.035	2.14252959182002e-36	CCDC86	c29
7.87974678823092e-41	1.01729610919473	0.65	0.335	2.65500188282653e-36	ZNF292	c29
9.25034853152052e-41	2.83598000842901	0.068	0.008	3.11681243421052e-36	PARD6G	c29
1.14227618897372e-40	1.22959197437469	0.625	0.323	3.84878539112804e-36	GLRX	c29
1.36515041236286e-40	6.11596972661412	0.012	0	4.59973779941541e-36	RP11-54O7.18	c29
1.52239885632217e-40	1.04300906012837	0.513	0.22	5.12957070649193e-36	LAP3	c29
1.55184352985285e-40	0.797527314288169	0.867	0.583	5.2287815894862e-36	WDR1	c29
1.69315708900835e-40	1.73341360732459	0.182	0.044	5.70492349570472e-36	SLC7A1	c29
1.69723532894285e-40	0.493263334921596	0.984	0.898	5.71866471734003e-36	CHCHD2	c29
2.14858309835619e-40	1.09756553900884	0.592	0.278	7.23943589160135e-36	ACADVL	c29
2.38154600175844e-40	1.05287578047574	0.566	0.254	8.02438109832489e-36	EIF6	c29
2.68408447575953e-40	1.27751647707361	0.303	0.098	9.04375423262417e-36	OSBPL3	c29
2.79105096345385e-40	0.877375331205463	0.767	0.462	9.40416711626142e-36	NDUFA6	c29
3.0144116615872e-40	0.911071588828598	0.716	0.374	1.01567586525519e-35	MRPL52	c29
3.15723288772062e-40	0.89072091011024	0.914	0.706	1.06379804918859e-35	GPX4	c29
3.87325889293922e-40	0.85931341814015	0.837	0.549	1.30505585138694e-35	SFPQ	c29
4.78100678803165e-40	1.41999191705527	0.245	0.071	1.61091242715938e-35	IER5	c29
4.88647178097775e-40	1.57816090238262	0.175	0.041	1.64644780188264e-35	DNAJC18	c29
4.90325184130443e-40	1.28971527027839	0.345	0.121	1.65210167540912e-35	RAB33A	c29
5.7819687998708e-40	1.43310238590052	0.259	0.077	1.94817656742847e-35	PRKCD	c29
6.38754678733099e-40	3.12858376928374	0.051	0.005	2.1522200145233e-35	CTD-2325P2.3	c29
6.63842587755055e-40	1.29784572526903	0.291	0.093	2.23675121518188e-35	MAD2L1BP	c29
6.92924942244295e-40	3.25795880686143	0.054	0.005	2.33474130039793e-35	TMEM136	c29
8.71073009520012e-40	0.987988802467002	0.618	0.296	2.93499339827673e-35	GALM	c29
9.32826738533481e-40	1.24312099393875	0.322	0.108	3.14306641281471e-35	AKIP1	c29
1.13637811374419e-39	1.78638021468916	0.149	0.032	3.82891241644969e-35	RASGEF1A	c29
1.17351345339025e-39	0.955297846600322	0.632	0.305	3.9540362298531e-35	LASP1	c29
1.18439920908951e-39	1.13824811385333	0.392	0.145	3.9907146951062e-35	PVT1	c29
1.26219092896642e-39	0.624278692206383	0.944	0.743	4.25282611605946e-35	COX8A	c29
1.35401074419843e-39	1.17644567550951	0.818	0.58	4.56220380150218e-35	DDIT4	c29
1.50675761570338e-39	1.07795678899912	0.499	0.211	5.07686911035097e-35	PTP4A1	c29
1.74929195367392e-39	1.07188013257918	0.503	0.218	5.89406430870891e-35	PPP2CA	c29
1.79182554573069e-39	1.24368650270224	0.368	0.138	6.03737699378498e-35	NPDC1	c29
2.02627123948246e-39	1.03731317890468	0.49	0.202	6.8273183143122e-35	RTCB	c29
2.31043084375255e-39	1.06117589493423	0.51	0.218	7.78476568493986e-35	MLEC	c29
2.32619863838297e-39	1.93847095848324	0.172	0.041	7.83789369216757e-35	RNASEK-C17orf49	c29
2.42345929970426e-39	0.926291394415377	0.639	0.304	8.16560376442355e-35	SF3B4	c29
2.49244996547246e-39	1.12361408293752	0.399	0.15	8.39806091366292e-35	BRE	c29
2.57716319367131e-39	1.3783297554015	0.326	0.113	8.6834936647561e-35	METTL8	c29
3.3205341000331e-39	4.35544688358845	0.028	0.001	1.11882075966515e-34	WSCD2	c29
3.36163911291955e-39	2.6699920459373	0.084	0.012	1.13267068270711e-34	COA7	c29
3.47475883564915e-39	1.68962038194343	0.175	0.042	1.17078524208362e-34	SLC41A1	c29
3.4776482575823e-39	0.869431112897238	0.674	0.329	1.17175880390978e-34	NRBP1	c29
3.52602231693324e-39	0.828220677921317	0.869	0.561	1.18805795946749e-34	TAP1	c29
3.93493348207371e-39	1.28482611032221	0.627	0.312	1.32583648744992e-34	HLA-DQB1	c29
4.02463272596174e-39	1.06020448955323	0.494	0.211	1.35605975068555e-34	NFE2L2	c29
4.27778482686752e-39	1.26138313371604	0.375	0.14	1.44135681956474e-34	DYNC1I2	c29
4.30568177749493e-39	3.58834242005858	0.035	0.002	1.45075641810914e-34	FAM124B	c29
4.57483089911842e-39	0.757008477864082	0.916	0.666	1.54144352314896e-34	C11orf31	c29
4.69694977121422e-39	0.871243278371404	0.755	0.411	1.58259025591292e-34	ANXA7	c29
6.02606016181844e-39	0.908488522057083	0.755	0.431	2.03042071092311e-34	ANP32A	c29
6.38033497616499e-39	5.66194469543942	0.016	0	2.14979006686903e-34	PXDC1	c29
7.76766053969667e-39	1.13749900378184	0.378	0.139	2.6172355422454e-34	GPR137B	c29
1.20198965495853e-38	1.03686904607658	0.592	0.282	4.04998394341726e-34	MYO1G	c29
1.24048948495407e-38	4.80238276596346	0.026	0.001	4.17970527060425e-34	IL1RL1	c29
1.25077085901579e-38	1.61137371441956	0.2	0.053	4.2143473323678e-34	BHLHE40-AS1	c29
1.26152927571208e-38	2.07070179410436	0.126	0.024	4.25059674158428e-34	SMIM13	c29
1.5155821075681e-38	1.57767786137109	0.189	0.048	5.10660235323994e-34	U2AF1L5	c29
1.51723764713524e-38	0.939147418726038	0.548	0.245	5.11218052825747e-34	PPP1CB	c29
1.55035128949202e-38	1.18886272978066	0.816	0.578	5.2237536348144e-34	TUBB	c29
1.63451412712797e-38	0.68147679049746	0.958	0.763	5.50733189994498e-34	TNFAIP3	c29
1.72004710684771e-38	1.18694444739354	0.378	0.141	5.79552672181268e-34	NAGK	c29
1.89322479565507e-38	1.16267814629125	0.478	0.205	6.37903162648018e-34	ATP1B3	c29
2.13603637697768e-38	0.817646084831097	0.818	0.519	7.19716096858859e-34	VCP	c29
2.13934933111398e-38	0.732209993222903	0.886	0.634	7.20832363625544e-34	CALM3	c29
2.18066345175574e-38	4.84558453912058	0.028	0.001	7.34752743434581e-34	CHST3	c29
2.51861008670341e-38	1.13912566340515	0.375	0.138	8.48620482613847e-34	DPH3	c29
2.7154053847048e-38	1.13112325512734	0.399	0.151	9.14928690322437e-34	SSSCA1	c29
2.93878207197896e-38	0.571560501766981	0.981	0.865	9.90193231332592e-34	CLIC1	c29
3.29018885812908e-38	1.27723611043495	0.294	0.096	1.10859623385801e-33	ZNF410	c29
3.57850971450679e-38	0.782678061208627	0.895	0.6	1.20574306320592e-33	TRAC	c29
4.13413971058404e-38	1.34402196941657	0.238	0.069	1.39295703408418e-33	ATP2A2	c29
4.26996769266793e-38	1.18625742741245	0.347	0.124	1.43872291436753e-33	TRAF2	c29
4.33173429998894e-38	1.14412996616575	0.375	0.138	1.45953455503827e-33	PRDX4	c29
4.8491962318567e-38	1.28312694648609	0.294	0.097	1.6338881783618e-33	RNFT1	c29
4.90255553351374e-38	0.565334814689239	0.972	0.819	1.65186706146212e-33	NDUFA4	c29
5.07685936564361e-38	0.771972692981492	0.494	0.208	1.71059699465996e-33	OAS1	c29
5.31497419408876e-38	1.19699867261364	0.366	0.136	1.79082740495627e-33	MPDU1	c29
6.03457772903386e-38	1.07682911605146	0.443	0.178	2.03329062002067e-33	PSMD14	c29
7.22073380084483e-38	0.573455304691323	0.995	0.926	2.43295404685666e-33	UBC	c29
7.65223973171853e-38	0.933233805359103	0.648	0.327	2.57834565520524e-33	SLIRP	c29
1.01040017636814e-37	0.527879458019584	0.986	0.887	3.40444235425481e-33	ARPC2	c29
1.07603407447669e-37	0.543696530785317	0.967	0.846	3.62558921054174e-33	EDF1	c29
1.18373027986697e-37	1.01062613528303	0.473	0.2	3.98846080498375e-33	ARPC4	c29
1.22096818603989e-37	1.17340338406824	0.329	0.117	4.1139302060428e-33	ZNRF1	c29
1.32537160806387e-37	1.02622249730634	0.62	0.317	4.4657070962104e-33	SPN	c29
1.49580246135921e-37	1.02853344442787	0.448	0.183	5.03995681330372e-33	ITFG1	c29
1.51401340849049e-37	1.15146668316671	0.592	0.305	5.10131677856786e-33	RILPL2	c29
1.53184759502206e-37	0.891159446054834	0.786	0.487	5.16140728666734e-33	LPXN	c29
1.57930388668987e-37	0.860141695139007	0.8	0.469	5.32130651581285e-33	GRB2	c29
2.03849005262859e-37	3.22309919068383	0.051	0.005	6.86848838332678e-33	FILIP1L	c29
2.57488212098997e-37	1.19971780830866	0.387	0.149	8.6758078184636e-33	GOT2	c29
2.65815522328252e-37	1.05930415398222	0.541	0.249	8.95638820932813e-33	LYPLA1	c29
2.75013569640232e-37	1.13793655827117	0.438	0.183	9.26630721545798e-33	CHMP4A	c29
2.96828080866816e-37	2.59025010344658	0.082	0.012	1.00013253567265e-32	CLEC7A	c29
3.89665606157621e-37	0.998754672919401	0.695	0.377	1.31293929338749e-32	LINC00152	c29
4.75036072368597e-37	0.908724121260892	0.599	0.278	1.60058654223875e-32	HSBP1	c29
5.43923885227254e-37	1.03436743027872	0.483	0.206	1.83269713888471e-32	STAT5A	c29
5.47148410764026e-37	1.39914028288548	0.732	0.45	1.84356185522831e-32	HSPA5	c29
5.61139025737309e-37	3.00576683895793	0.049	0.005	1.89070183331929e-32	ADAM12	c29
7.1850702276343e-37	3.5066548563687	0.04	0.003	2.4209375624991e-32	BAIAP2L1	c29
7.88403905612158e-37	1.29110444924493	0.247	0.075	2.65644811956961e-32	MLKL	c29
8.196797137299e-37	1.16304446598428	0.394	0.155	2.76182882744152e-32	CDK6	c29
8.20064045199106e-37	1.17371000739632	0.333	0.118	2.76312379389387e-32	PLIN3	c29
8.22305668944308e-37	4.88363781543933	0.028	0.001	2.77067672094095e-32	RP11-1100L3.8	c29
9.12326173319489e-37	4.12362870449304	0.028	0.001	3.07399180838269e-32	ATP6V1C2	c29
9.82210435217954e-37	1.06574707148902	0.385	0.146	3.30945984042337e-32	LRRC59	c29
9.91154098173661e-37	0.864721586774383	0.716	0.376	3.33959461838633e-32	COPZ1	c29
1.03794279049892e-36	1.93698524803106	0.142	0.031	3.49724443830707e-32	CCDC28B	c29
1.06865745322005e-36	0.662444370468591	0.942	0.731	3.60073442287964e-32	HNRNPC	c29
1.06999290624905e-36	1.360729990161	0.291	0.099	3.60523409831554e-32	IGF2R	c29
1.14989697092555e-36	1.06552972610499	0.587	0.286	3.87446285383654e-32	ODC1	c29
1.60178791514577e-36	1.01651984371482	0.485	0.207	5.39706420129214e-32	ADAM10	c29
1.61573103145505e-36	1.1414004682659	0.336	0.121	5.44404413738464e-32	TAB2	c29
1.72009461229929e-36	5.82526070002397	0.012	0	5.79568678668123e-32	NXPH3	c29
1.78709533213857e-36	1.04309796452302	0.538	0.249	6.02143901210771e-32	TRIM69	c29
2.29601820502513e-36	1.92724850683063	0.156	0.037	7.73620374001167e-32	TRIM16	c29
2.30961538259555e-36	1.21572483721603	0.282	0.093	7.78201807011743e-32	ABI2	c29
2.32243149395098e-36	0.997637385359908	0.464	0.194	7.82520067571842e-32	ADK	c29
2.63675621825767e-36	1.40258117394264	0.259	0.082	8.88428640179741e-32	CENPM	c29
2.65028881377057e-36	0.958949094824209	0.627	0.316	8.92988312911855e-32	HSPA9	c29
2.86678691978195e-36	0.921901143132778	0.79	0.49	9.65935184751329e-32	WSB1	c29
2.88623146897316e-36	2.52673931749044	0.075	0.01	9.72486831155815e-32	MCF2L2	c29
2.88743092199754e-36	1.038848410266	0.319	0.113	9.7289097485785e-32	TSHZ2	c29
2.92452935690699e-36	1.00816752557792	0.466	0.194	9.8539092151624e-32	MRPS24	c29
4.0496300928502e-36	0.750189066038565	0.881	0.574	1.36448236348495e-31	BST2	c29
4.09859021545751e-36	0.747490314668483	0.888	0.623	1.38097898719626e-31	EIF4G2	c29
4.39057990670558e-36	0.981599033209255	0.548	0.254	1.47936199376538e-31	BCL2	c29
5.2404479151619e-36	1.34028407359097	0.287	0.096	1.76571652053465e-31	SIPA1L1	c29
5.73014199039503e-36	0.48789802848508	0.998	0.988	1.9307140422437e-31	ACTG1	c29
6.12046297752346e-36	1.63401691090635	0.149	0.034	2.06222879564675e-31	IRAK2	c29
7.37072785597235e-36	0.940919719363237	0.517	0.23	2.48349304379132e-31	ATP6V0D1	c29
7.65453157232623e-36	1.47906959441334	0.238	0.073	2.5791178679796e-31	PXK	c29
8.29373097424162e-36	1.17567924826918	0.326	0.117	2.79448971446097e-31	DCAF13	c29
8.42552385829805e-36	1.73286624535004	0.203	0.057	2.83889600881494e-31	SLC43A3	c29
8.6251912537902e-36	1.01542682314118	0.608	0.302	2.90617194105207e-31	GRAMD1A	c29
9.20927915265464e-36	1.29263036266047	0.252	0.079	3.10297451769546e-31	EXOSC4	c29
9.34017256512522e-36	0.90247387086879	0.692	0.386	3.14707774409329e-31	CHMP2A	c29
9.91674973023833e-36	2.39881063683988	0.082	0.012	3.3413496541065e-31	TOR4A	c29
1.02040182639354e-35	1.15223569947846	0.27	0.087	3.43814191385039e-31	SH3TC1	c29
1.03795868160267e-35	1.06752190601801	0.343	0.124	3.49729798179203e-31	ABHD16A	c29
1.05198006497793e-35	0.887166202303789	0.65	0.331	3.54454163093663e-31	ECH1	c29
1.05249045981475e-35	0.87965191843968	0.583	0.269	3.54626135529982e-31	AKR1A1	c29
1.11564752736527e-35	0.923115648951952	0.59	0.285	3.75906277870456e-31	PSMA4	c29
1.26707690491361e-35	1.2896909816757	0.326	0.119	4.26928892341592e-31	ETF1	c29
1.27158316117439e-35	1.23440323388416	0.266	0.085	4.284472303261e-31	UTP11L	c29
1.41025339726391e-35	0.815717105612672	0.779	0.443	4.75170779674103e-31	NDUFS6	c29
1.51298313827821e-35	0.792978959309408	0.762	0.443	5.09784538611459e-31	CLTA	c29
1.54166280829146e-35	1.3123347234715	0.592	0.324	5.19447866625724e-31	LGALS1	c29
1.73690763466987e-35	1.07262065489721	0.497	0.227	5.85233658425667e-31	TUBB4B	c29
2.06641806475418e-35	1.17536833562464	0.273	0.089	6.96258902738275e-31	WDR36	c29
2.0979565319595e-35	1.26931838052216	0.305	0.107	7.06885473878435e-31	CXorf40B	c29
2.20672347220628e-35	1.06177639113784	0.357	0.133	7.43533406725183e-31	NUMB	c29
2.63587564228308e-35	3.87744032101592	0.028	0.002	8.8813193891086e-31	TNFRSF11A	c29
2.64026815018019e-35	0.572102310426847	0.963	0.806	8.89611950521712e-31	CALM2	c29
2.79474207460955e-35	3.37068644429867	0.04	0.003	9.4166039461894e-31	ZBTB46	c29
3.03210052395032e-35	1.9113098397636	0.126	0.026	1.02163595053982e-30	CTB-58E17.1	c29
3.17549237306722e-35	1.13744993629868	0.333	0.122	1.06995040018127e-30	DNAJB12	c29
3.2814675622878e-35	1.26892616914817	0.27	0.089	1.10565768043725e-30	SCO2	c29
3.30653863282306e-35	0.883028689029812	0.783	0.476	1.1141051269434e-30	FMNL1	c29
3.49407826426335e-35	1.30837205466643	0.464	0.208	1.17729473036089e-30	ACP5	c29
3.93728669869206e-35	1.39054362845245	0.219	0.064	1.3266293802573e-30	CMSS1	c29
4.03293543457958e-35	1.02257700836006	0.45	0.192	1.35885726532724e-30	STIP1	c29
4.03674032493252e-35	1.75013948755501	0.168	0.042	1.36013928508276e-30	PLAGL2	c29
4.34461948044553e-35	0.990903170526555	0.541	0.256	1.46387608774132e-30	MAT2A	c29
4.8996537226132e-35	0.857267945270628	0.632	0.313	1.65088932529729e-30	PSMD13	c29
5.75031972453516e-35	1.84139270753142	0.126	0.026	1.93751272798488e-30	FAM135A	c29
6.73971272612576e-35	0.909062103330019	0.585	0.282	2.27087880594081e-30	ETFA	c29
6.8228797481379e-35	1.51496887291478	0.205	0.059	2.29890110233758e-30	RYBP	c29
7.2411809358699e-35	0.872396713396339	0.704	0.386	2.43984350453201e-30	MRPL51	c29
7.41275290506414e-35	0.826780053056613	0.751	0.425	2.49765296383231e-30	NDUFAB1	c29
8.74135767748595e-35	0.988568107050136	0.76	0.483	2.94531305585212e-30	NME2	c29
8.98171033905078e-35	1.00138446741554	0.499	0.223	3.02629748163977e-30	PSMC2	c29
1.02644375107378e-34	0.850074470151907	0.69	0.357	3.45849957486799e-30	DNAJC15	c29
1.20313370114934e-34	0.976842981200025	0.529	0.246	4.0538386926526e-30	EIF4A1	c29
1.26625632187946e-34	1.01312423206529	0.471	0.203	4.26652405094065e-30	GARS	c29
1.30789562253044e-34	0.877808037920184	0.697	0.39	4.40682351055406e-30	GBP5	c29
1.36552075556881e-34	3.33618225676829	0.03	0.002	4.60098563381356e-30	XKRX	c29
1.37846136520581e-34	1.8451193996566	0.119	0.024	4.64458772392446e-30	SYNGR3	c29
1.47144509037382e-34	1.26675423944394	0.301	0.107	4.95788708750555e-30	SEPT11	c29
1.75825665088975e-34	0.716954774759393	0.855	0.558	5.92426995950793e-30	XRCC6	c29
1.82337050931605e-34	0.923346025983013	0.51	0.224	6.14366459408949e-30	YIF1A	c29
1.86423242991616e-34	1.95848019092218	0.119	0.024	6.28134474935952e-30	COPRS	c29
1.86683049918855e-34	1.15353130927784	0.326	0.12	6.29009868396591e-30	IFT27	c29
2.41646088648919e-34	1.14682222447242	0.312	0.111	8.14202331093666e-30	SH3BP2	c29
3.2048994761503e-34	0.928727015335923	0.413	0.165	1.07985882949408e-29	STXBP2	c29
3.25061916387382e-34	0.849203909613816	0.709	0.398	1.09526362107564e-29	HN1	c29
3.56376607305889e-34	0.65690310872263	0.984	0.952	1.20077534065646e-29	SRGN	c29
4.57042955048474e-34	0.764159696908252	0.879	0.629	1.53996053274033e-29	SERBP1	c29
5.03502545764395e-34	0.944491094236179	0.448	0.186	1.69650147769855e-29	NXT1	c29
5.4588335591882e-34	1.00927618741487	0.448	0.19	1.83929937943287e-29	ASXL1	c29
5.63224738766438e-34	1.13174338600267	0.324	0.118	1.89772943479964e-29	CINP	c29
5.73817707706887e-34	1.27980179984809	0.291	0.102	1.93342138434759e-29	PHF19	c29
5.7601270327929e-34	0.952164777787726	0.396	0.157	1.94081720242924e-29	BAK1	c29
5.84468626862678e-34	1.33759727361651	0.224	0.068	1.96930859135111e-29	THG1L	c29
5.9755081692987e-34	0.957660991226271	0.476	0.213	2.0133877225635e-29	TMBIM4	c29
6.69347045404179e-34	1.26928788064044	0.291	0.102	2.25529793478484e-29	PCK2	c29
7.26649725756713e-34	1.37681967116588	0.226	0.069	2.44837358596467e-29	KCTD17	c29
8.42965520148959e-34	0.984180736250771	0.438	0.185	2.8402880235899e-29	CDV3	c29
1.03922296604419e-33	0.841413344809922	0.681	0.367	3.50155786178931e-29	RBPJ	c29
1.04323314131894e-33	1.23385247111694	0.266	0.088	3.51506974636003e-29	DNMT3A	c29
1.09811646254055e-33	1.06565708869452	0.326	0.118	3.69999360888413e-29	YIPF6	c29
1.16789916687737e-33	0.735983074670036	0.839	0.553	3.9351194528766e-29	COPE	c29
1.24314819312304e-33	1.0216757337868	0.494	0.221	4.18866352190875e-29	SLC25A38	c29
1.28400436514324e-33	1.4226989027348	0.226	0.07	4.32632430791363e-29	MAPK6	c29
1.31486593353681e-33	1.03057342547822	0.422	0.174	4.43030927645891e-29	HDAC2	c29
1.65107709008604e-33	1.04007853124648	0.422	0.175	5.56313914733591e-29	MRPL17	c29
1.70378974104641e-33	0.872942953426533	0.513	0.227	5.74074915348177e-29	TIMM17A	c29
1.74195894915281e-33	3.97353906562191	0.033	0.002	5.86935648327548e-29	PHKA1	c29
1.83951912469018e-33	0.959631821278738	0.373	0.143	6.19807573873111e-29	NDUFA9	c29
1.86111930155929e-33	0.893407248540173	0.443	0.185	6.27085537467388e-29	IP6K2	c29
1.9141277071908e-33	0.932349979080412	0.515	0.235	6.4494618966087e-29	AK2	c29
1.93294909851582e-33	1.92494765286521	0.11	0.021	6.51287869253921e-29	TMEM110	c29
2.01855143438417e-33	1.52138910416284	0.175	0.046	6.80130720301403e-29	NOTCH2NL	c29
2.24177083714036e-33	1.0933764068768	0.371	0.145	7.55342265866074e-29	MRPL32	c29
2.32943731072208e-33	1.05235669544966	0.35	0.132	7.84880607474698e-29	SEC23B	c29
2.41684134319397e-33	1.10417590653191	0.366	0.144	8.14330522175775e-29	DESI1	c29
2.60461124616486e-33	4.6816543693064	0.019	0.001	8.77597713282788e-29	MAGI1	c29
2.71241447001071e-33	1.7037567153233	0.121	0.025	9.13920931525408e-29	MRPL12	c29
2.8081075683341e-33	1.20006050055966	0.263	0.088	9.46163764074492e-29	NOL12	c29
3.05393583737166e-33	1.00922280628983	0.55	0.268	1.02899314104401e-28	P2RY10	c29
3.66784489084921e-33	1.98778254302379	0.133	0.03	1.23584365752273e-28	MTHFD1L	c29
3.76794086937923e-33	1.66276566064136	0.142	0.033	1.26956999652864e-28	MICAL3	c29
3.95476882453463e-33	0.852574185705892	0.548	0.256	1.3325198077387e-28	MATR3.1	c29
3.99625079954923e-33	1.24500680924191	0.247	0.079	1.34649674440012e-28	KIAA0232	c29
3.99941107135709e-33	4.84484957086644	0.012	0	1.34756156638306e-28	LAMC2	c29
4.12658050697931e-33	0.934995258517356	0.508	0.228	1.39041003602161e-28	MRPS12	c29
4.27823436054241e-33	0.920929933553627	0.552	0.265	1.44150828544116e-28	HSD17B10	c29
4.6807232467425e-33	3.93990038305964	0.021	0.001	1.57712289075742e-28	RBM47	c29
4.88453180974986e-33	1.07517444113501	0.261	0.086	1.64579414797712e-28	ATP6V1A	c29
5.0794941381746e-33	1.4137080829882	0.249	0.083	1.71148475491655e-28	FRMD4B	c29
5.16575603793227e-33	0.832032834836209	0.585	0.28	1.7405498394209e-28	EMC7	c29
6.07316029813131e-33	1.0144693721016	0.378	0.156	2.04629063085236e-28	RBKS	c29
6.25488425039028e-33	0.948993870582826	0.366	0.142	2.1075206993265e-28	PTPN11	c29
6.46115219341955e-33	0.798605934959267	0.786	0.505	2.17702062005078e-28	SRSF3	c29
6.71953976450739e-33	1.12952171312231	0.308	0.111	2.26408172825312e-28	YWHAG	c29
6.85271556561208e-33	1.56990367999795	0.168	0.044	2.30895398267734e-28	CCNG2	c29
6.9337760851067e-33	0.934897037841911	0.469	0.206	2.33626651411585e-28	PSMB5	c29
7.20367434785496e-33	2.32455519587491	0.079	0.012	2.42720603476625e-28	METTL1	c29
7.44665680690623e-33	0.612909054559845	0.914	0.669	2.50907654451899e-28	ATP5J2	c29
7.92356888488195e-33	1.21940261100363	0.338	0.131	2.66976730007212e-28	ARHGEF2	c29
8.62681180425274e-33	1.07588399339917	0.385	0.155	2.90671796932492e-28	ALG3	c29
8.64494723495286e-33	0.909013717750343	0.497	0.226	2.91282852134502e-28	FAM104A	c29
9.38457681791443e-33	0.439421693497024	0.991	0.911	3.16203931302809e-28	RHOA	c29
1.08578672423417e-32	1.22153683286112	0.282	0.098	3.65844978863461e-28	KLHDC7B	c29
1.10139944634926e-32	0.689994519394639	0.883	0.669	3.71105529452919e-28	ACTR3	c29
1.19957065184489e-32	0.878089791407518	0.608	0.312	4.04183335432616e-28	MVP	c29
1.23687608648937e-32	0.851076438488727	0.615	0.308	4.16753028581729e-28	PSMC4	c29
1.31876569807376e-32	0.875098603512951	0.531	0.246	4.44344914308974e-28	COA4	c29
1.3715579609654e-32	3.1220639738224	0.047	0.005	4.6213273936768e-28	PIK3CD-AS2	c29
1.55926222260343e-32	0.901967581731339	0.478	0.209	5.25377813284e-28	CISD2	c29
1.64830785773073e-32	1.93758622469346	0.131	0.029	5.55380849583791e-28	HPSE	c29
1.68080325539533e-32	1.18502592574549	0.254	0.084	5.66329848872903e-28	TDRD3	c29
1.84827948476079e-32	0.82543940302916	0.657	0.336	6.227592895953e-28	H2AFY	c29
1.93253600691989e-32	1.58708659249528	0.142	0.034	6.51148682171587e-28	CORO1C	c29
1.98306431338342e-32	2.77786582855648	0.065	0.009	6.68173689751411e-28	DNAJB5	c29
2.08209255657129e-32	1.11547830159947	0.352	0.138	7.0154026601113e-28	SLC39A1	c29
2.26813535627522e-32	5.01467324295289	0.014	0	7.64225526943372e-28	RP13-349O20.2	c29
2.30415806934162e-32	0.943049237620566	0.601	0.309	7.76363019883964e-28	C19orf24	c29
2.54680662427881e-32	1.09809504541115	0.352	0.137	8.58121023984501e-28	SRPRB	c29
2.75287714294064e-32	1.06972350828548	0.401	0.168	9.27554424542419e-28	NUDT4	c29
2.91476560787546e-32	0.775245366940273	0.79	0.494	9.82101123917556e-28	PAK2	c29
2.94268188431101e-32	0.851633793627869	0.776	0.488	9.91507234099751e-28	GNG2	c29
3.50793786256222e-32	0.753761987972413	0.823	0.549	1.18196458341171e-27	PRDX2	c29
3.56602201224506e-32	0.93781259757622	0.436	0.186	1.20153545680585e-27	EIF4A3	c29
3.79176340527776e-32	0.956168367503288	0.394	0.159	1.27759676177429e-27	ARL1	c29
3.79334146470248e-32	1.6486668611499	0.147	0.036	1.27812847311685e-27	PCTP	c29
3.93782573155781e-32	0.96259463839662	0.441	0.19	1.32681100199109e-27	GLRX3	c29
4.04017459756877e-32	1.61964053249524	0.166	0.044	1.36129642890482e-27	DHRS7B	c29
4.11844198897502e-32	1.29911784430858	0.249	0.083	1.38766784376524e-27	AIMP2	c29
4.1577676651242e-32	0.883933094198174	0.664	0.347	1.40091823708695e-27	DNAJA2	c29
4.20023142977351e-32	1.73888233320657	0.135	0.031	1.41522597794789e-27	HRH2	c29
4.95277230306652e-32	0.883278272019429	0.702	0.404	1.66878709979523e-27	NHP2	c29
5.84303020417621e-32	3.54835487411248	0.035	0.003	1.96875059699513e-27	BSPRY	c29
6.22224647060005e-32	0.787301924574851	0.869	0.61	2.09652372580398e-27	ANXA6	c29
6.4212067084237e-32	0.779327712247967	0.741	0.446	2.16356138833628e-27	EIF3I	c29
6.87119950713826e-32	1.12327169385415	0.315	0.117	2.31518196193517e-27	PGD	c29
7.21454856375888e-32	1.48265209914245	0.196	0.058	2.43086999307292e-27	TTF2	c29
9.0181562711951e-32	1.17510972044337	0.282	0.099	3.03857757401648e-27	JOSD1	c29
9.37540434062003e-32	1.36724082263522	0.21	0.063	3.15894873852851e-27	MINPP1	c29
1.00886953466615e-31	1.13006218907841	0.303	0.112	3.39928501010411e-27	NCOA1	c29
1.02958708760067e-31	1.24830490387231	0.268	0.092	3.4690907329617e-27	POLR1C	c29
1.06442278788414e-31	0.865321305379214	0.562	0.28	3.58646614149681e-27	ARL6IP1	c29
1.30781141179539e-31	0.984223023073459	0.336	0.127	4.40653977090339e-27	VEZT	c29
1.36500385615337e-31	1.29863879010432	0.224	0.071	4.59924399292316e-27	PRICKLE4	c29
1.37494425794152e-31	1.16539966792696	0.228	0.072	4.63273718270817e-27	KIF3B	c29
1.37928943925766e-31	2.85488884354066	0.049	0.005	4.64737783663476e-27	HS3ST1	c29
1.54726156978118e-31	0.776493264398119	0.839	0.545	5.21334313322071e-27	ZNF706	c29
1.57540916426219e-31	0.870757006051664	0.578	0.289	5.30818363806504e-27	TADA3	c29
1.75223787656393e-31	0.608225547690758	0.874	0.626	5.90399030129449e-27	MCL1	c29
1.75429053243001e-31	0.946834807793294	0.424	0.181	5.91090651996967e-27	MRPL47	c29
1.78013176558784e-31	0.873821787150295	0.576	0.287	5.99797597097166e-27	CYC1	c29
1.94856399308796e-31	1.03523313335449	0.345	0.134	6.56549151831057e-27	GART	c29
2.03461385652242e-31	0.936913483131171	0.434	0.186	6.85542792816665e-27	RAB1A	c29
2.24409432406845e-31	0.913665845422218	0.508	0.239	7.56125141551624e-27	PPP4R2	c29
2.40617858503627e-31	0.993801426209371	0.543	0.273	8.1073781244212e-27	NFKB1	c29
2.4238446277671e-31	2.8165725321228	0.072	0.011	8.16690208879846e-27	HDAC9	c29
2.47708067331967e-31	2.91403516065437	0.056	0.007	8.3462756206833e-27	DGUOK-AS1	c29
2.69121720535499e-31	0.909399840800189	0.424	0.181	9.0677872517231e-27	MTCH2	c29
2.82729367215197e-31	0.89585193123161	0.583	0.297	9.52628329894885e-27	RPA3	c29
2.89988057065099e-31	0.808629918531877	0.606	0.302	9.77085759475146e-27	RNF114	c29
2.90623908714069e-31	0.879296571607959	0.517	0.244	9.79228198021184e-27	TMX1	c29
3.01242622162313e-31	0.87559164039199	0.503	0.237	1.0150068911137e-26	ANP32E	c29
3.29181126608886e-31	1.40563345243847	0.242	0.081	1.10914288799598e-26	PNO1	c29
3.3892730474922e-31	0.838863509201772	0.611	0.304	1.14198166062202e-26	MESDC2	c29
3.52449518601197e-31	0.582105945058695	0.907	0.656	1.18754340797487e-26	WDR83OS	c29
3.57107083796136e-31	0.925465226665885	0.531	0.256	1.2032366081427e-26	PBX4	c29
3.61814322286439e-31	3.80817747396266	0.033	0.002	1.21909717751193e-26	RP11-492E3.2	c29
3.70519855055544e-31	1.13182177504093	0.263	0.091	1.24842959962415e-26	PHKB	c29
3.70558526762389e-31	1.02055685133557	0.361	0.144	1.24855990007319e-26	TIMM23	c29
3.72338056719918e-31	1.05793690909759	0.394	0.167	1.25455584831209e-26	DCPS	c29
3.75481535370849e-31	0.828201017158506	0.671	0.378	1.26514748527854e-26	HM13	c29
3.866656418154e-31	1.14320090617235	0.303	0.112	1.30283121353281e-26	TRAP1	c29
4.12106269949618e-31	0.951675930598309	0.373	0.149	1.38855086596824e-26	PAFAH1B3	c29
4.89458168054005e-31	1.58713228276218	0.138	0.033	1.64918035144117e-26	ABHD6	c29
5.18376149165131e-31	1.22674998332637	0.226	0.072	1.74661659699699e-26	CDK7	c29
5.22796124549839e-31	0.920246395059623	0.359	0.142	1.76150926205823e-26	JAKMIP1	c29
5.24821293418757e-31	1.15298901340394	0.329	0.128	1.76833286604516e-26	NUP62	c29
5.42290470671769e-31	1.56095145340007	0.238	0.079	1.82719351188146e-26	NCOA5	c29
5.43945734503419e-31	1.05522628623198	0.326	0.124	1.83277075783582e-26	WDR18	c29
5.77710906377157e-31	0.83763165667426	0.55	0.265	1.94653912794719e-26	MRPL4	c29
6.20366030834245e-31	0.758258069935112	0.725	0.409	2.09026130429291e-26	HNRNPH3	c29
6.46806646920218e-31	0.896137774069457	0.408	0.171	2.17935031613298e-26	C11orf98	c29
6.59070364742096e-31	1.01914446921667	0.359	0.143	2.22067168696202e-26	GGCT	c29
6.66582234091219e-31	4.24963230539338	0.019	0.001	2.24598217954695e-26	IL17RB	c29
6.70212965106101e-31	1.5048494004576	0.182	0.052	2.2582155646285e-26	HMGCS1	c29
6.91421085220339e-31	0.811298640591552	0.576	0.278	2.32967420454141e-26	RHEB	c29
7.01045546065413e-31	0.89236275869327	0.655	0.365	2.3621028629128e-26	APOBEC3C	c29
7.13835089076365e-31	1.02389100167681	0.387	0.162	2.4051959491339e-26	ACAA2	c29
7.39055021865577e-31	3.39920747692424	0.04	0.004	2.49017199067387e-26	BATF3	c29
7.72531444475235e-31	0.810814853579255	0.627	0.325	2.60296744901486e-26	LAPTM4A	c29
7.7626545022138e-31	0.520766896430944	0.958	0.797	2.61554880797592e-26	TPM3	c29
7.77301901067727e-31	1.47204613202412	0.168	0.046	2.6190410254576e-26	ATP13A3	c29
8.04837224190917e-31	0.964639675229943	0.305	0.112	2.71181854318888e-26	GMFB	c29
8.07241908571131e-31	1.36446876606149	0.207	0.064	2.71992088673957e-26	ZDHHC18	c29
8.44643497836012e-31	0.876608469533945	0.555	0.272	2.84594180160866e-26	PSMC3	c29
1.12467073292286e-30	0.75869227170802	0.611	0.307	3.78946556751028e-26	YWHAH	c29
1.13869189301837e-30	0.85037517924628	0.58	0.289	3.83670846433608e-26	LYPLA2	c29
1.17172408132366e-30	0.797549687742057	0.476	0.212	3.94800711961195e-26	FUBP1	c29
1.26044572380315e-30	1.0370557133203	0.322	0.122	4.24694582178233e-26	SLC35B1	c29
1.46208591995315e-30	2.68402509226861	0.056	0.007	4.92635229869015e-26	NCF2	c29
1.73534674291042e-30	0.851227258066641	0.38	0.152	5.84707731556236e-26	NOC2L	c29
2.01213475599635e-30	0.341366744310547	0.995	0.984	6.77968684685409e-26	H3F3B	c29
2.04338948244017e-30	5.10510335031341	0.014	0	6.88499652213391e-26	TTLL8	c29
2.07009465116568e-30	0.51979489208833	0.949	0.777	6.97497691763764e-26	COX5B	c29
2.11997928737921e-30	0.882193169302672	0.508	0.236	7.1430582108955e-26	HADHB	c29
2.3793581097831e-30	1.12586596525442	0.266	0.092	8.01700921510317e-26	C12orf45	c29
2.40676683082859e-30	1.04243702804495	0.338	0.133	8.10936015979384e-26	TMEM70	c29
2.53537531534995e-30	1.51629696386858	0.441	0.216	8.54269358754013e-26	MAL	c29
2.55961847138788e-30	0.835483251153378	0.445	0.194	8.62437847749431e-26	PSMD1	c29
2.62988214225669e-30	3.75904185685506	0.023	0.001	8.8611248901197e-26	CHDH	c29
2.64776966424335e-30	0.929281978995752	0.415	0.178	8.92139510670154e-26	ACTA2	c29
2.72680638933919e-30	2.86298865892269	0.061	0.008	9.18770144823945e-26	ARNTL2	c29
2.91287941776862e-30	0.8452705807867	0.536	0.254	9.8146559102296e-26	EXOSC1	c29
3.06756270125628e-30	1.13320703952379	0.296	0.111	1.03358457656129e-25	GRN	c29
3.54276045833256e-30	0.975971384664676	0.38	0.159	1.19369770883057e-25	MAPKAPK3	c29
4.297276648836e-30	0.813409202334517	0.445	0.192	1.4479243940588e-25	POP4	c29
4.52055415063018e-30	0.849453372057689	0.545	0.269	1.52315551551333e-25	PTPN22	c29
5.04418611034835e-30	1.47793729210704	0.159	0.042	1.69958806802077e-25	EEF2K	c29
5.07382481475726e-30	0.828189143683842	0.531	0.254	1.70957453308431e-25	CDC123	c29
6.39852127505211e-30	0.898375325946741	0.389	0.161	2.15591775841606e-25	MRPL38	c29
6.508035257321e-30	0.940627684440076	0.34	0.133	2.19281739960174e-25	REEP3	c29
7.0077807310262e-30	1.1063913116886	0.249	0.085	2.36120163951197e-25	ALAS1	c29
7.05158484949679e-30	0.843104058922424	0.42	0.179	2.37596099918945e-25	POLR2H	c29
7.16277174848959e-30	0.852721801463999	0.406	0.169	2.41342431293608e-25	MRPS23	c29
8.13466850669954e-30	2.3532197201726	0.058	0.008	2.74089520664734e-25	ADRBK2	c29
8.15263010383038e-30	4.34557522521695	0.019	0.001	2.74694718718461e-25	OXCT2	c29
8.16761859795086e-30	1.03017930966179	0.289	0.106	2.75199741039356e-25	UBE2Z	c29
8.43663745922855e-30	1.05995483814839	0.413	0.183	2.84264062551247e-25	C21orf91	c29
8.45572556120175e-30	2.54980519068001	0.058	0.008	2.84907217059132e-25	RHOD	c29
8.51880835672848e-30	2.4309616038463	0.072	0.011	2.87032728771609e-25	TMCC2	c29
1.00823449692018e-29	0.726629097127468	0.76	0.429	3.39714531392285e-25	C1orf43	c29
1.01210481713792e-29	1.46033552535953	0.145	0.037	3.41018597086449e-25	MOB1B	c29
1.01712169331036e-29	0.943585150282946	0.333	0.129	3.42708983343992e-25	GTPBP4	c29
1.08841183853093e-29	1.23464922627464	0.249	0.087	3.66729484874612e-25	MEF2D	c29
1.09533444140223e-29	0.847222077623906	0.494	0.229	3.69061986686066e-25	GPR108	c29
1.15388039275758e-29	0.830007128184786	0.462	0.21	3.88788459535738e-25	NABP1	c29
1.22306508371444e-29	1.04552545452175	0.28	0.101	4.12099549306742e-25	GRWD1	c29
1.22429698764437e-29	0.698469244972879	0.804	0.536	4.12514627016892e-25	ATP5A1	c29
1.30923695487576e-29	0.969492966400049	0.758	0.499	4.41134299575839e-25	SOCS1	c29
1.34731972583778e-29	1.04388915297352	0.31	0.117	4.53965908423783e-25	IFIH1	c29
1.40294393761651e-29	4.00455401340409	0.026	0.002	4.72707930340507e-25	ABTB2	c29
1.45477754091225e-29	0.657330354706192	0.911	0.711	4.90172744634975e-25	ISCU	c29
1.5988091109648e-29	0.8981232367357	0.364	0.148	5.38702741848479e-25	ZNF580	c29
1.72815762925078e-29	0.789924993034791	0.608	0.307	5.82285431599759e-25	SEC13	c29
1.74668728687915e-29	1.05074250000046	0.368	0.152	5.88528814441062e-25	RFX5	c29
1.79015032155186e-29	3.05318694458804	0.042	0.004	6.03173249343683e-25	RP1-207H1.3	c29
1.89487601111703e-29	0.664129656676238	0.816	0.551	6.38459523185772e-25	RBX1	c29
2.03207673247103e-29	1.03633061819086	0.319	0.124	6.8468793423879e-25	TRAPPC5	c29
2.10572715075221e-29	0.931789864005985	0.424	0.185	7.09503706174451e-25	VPS25	c29
2.11330566882878e-29	0.900184950201233	0.427	0.188	7.1205721205517e-25	GNG10	c29
2.21576613779871e-29	1.8641594072864	0.107	0.023	7.46580242469897e-25	NIPAL2	c29
2.24824880726008e-29	4.17383023183053	0.021	0.001	7.57524953118211e-25	RP11-94H18.1	c29
2.28919308441682e-29	1.72278497072186	0.149	0.039	7.71320717863404e-25	TIMM8A	c29
2.30976621229753e-29	1.07275995751236	0.249	0.085	7.78252627571529e-25	MBIP	c29
2.39925254405512e-29	1.69843673175041	0.124	0.029	8.08404152193932e-25	ARHGEF12	c29
2.54129391081199e-29	1.17051274880749	0.294	0.111	8.56263570308992e-25	RANGAP1	c29
2.59159690586586e-29	0.8044891230018	0.424	0.181	8.73212661462443e-25	DUSP23	c29
2.77916029333234e-29	0.906047292347756	0.41	0.175	9.36410269235399e-25	LPAR2	c29
2.86645916467748e-29	0.87261765132326	0.478	0.223	9.65824750946431e-25	CHD4	c29
2.91292139976019e-29	1.38932644624627	0.24	0.083	9.81479736435197e-25	GCA	c29
3.09757094327286e-29	1.00737567600892	0.361	0.153	1.04369555362636e-24	LGALS9	c29
3.24168868181971e-29	1.14281377480093	0.27	0.098	1.09225458445233e-24	KLHL22	c29
3.30333005389986e-29	0.319943791955954	1	0.995	1.11302402836102e-24	HLA-C	c29
3.39146643775357e-29	0.612133477595348	0.543	0.263	1.14272070153669e-24	PDCD1	c29
3.7567952965688e-29	2.81158564076711	0.042	0.004	1.26581460722589e-24	SECTM1	c29
3.7856723259069e-29	0.702682368565965	0.765	0.44	1.27554443349107e-24	POLR2E	c29
4.0349334869152e-29	0.948362748457517	0.937	0.78	1.35953048908121e-24	NFKBIA	c29
4.1001431352241e-29	3.53601610419744	0.03	0.002	1.38150222798241e-24	FBXO27	c29
4.31388084997496e-29	1.23005709693278	0.224	0.074	1.45351901359056e-24	ZDHHC16	c29
4.39801841780464e-29	0.841123508391706	0.615	0.329	1.4818683256951e-24	PHB	c29
4.47922653431155e-29	2.92460273924182	0.04	0.004	1.50923058847093e-24	QPRT	c29
4.67689886738158e-29	0.810898331522193	0.483	0.221	1.57583430437555e-24	NFYC	c29
4.88947468492528e-29	0.943374055201953	0.49	0.234	1.64745960033872e-24	HPRT1	c29
4.91879661369607e-29	1.21794341825333	0.203	0.063	1.65733933101875e-24	UHRF1BP1L	c29
4.97406532109308e-29	1.34609294513434	0.205	0.065	1.6759615692891e-24	ACP2	c29
4.98031120097995e-29	0.866511428196665	0.529	0.257	1.67806605605819e-24	RRP7A	c29
5.22133636159735e-29	0.972008647855241	0.347	0.141	1.75927707367661e-24	MTFP1	c29
5.23961150711129e-29	1.340447585501	0.249	0.089	1.76543470120608e-24	CCR6	c29
5.37179625416281e-29	0.968882623496976	0.35	0.141	1.80997302987762e-24	TOLLIP	c29
5.46327689335996e-29	0.812219438286357	0.681	0.371	1.84079651644871e-24	RBM17	c29
5.84474625633085e-29	0.918032933414626	0.389	0.166	1.96932880360812e-24	GNPTAB	c29
6.40450120437682e-29	0.899707981072469	0.49	0.232	2.15793263580273e-24	COPB2	c29
6.43253107647028e-29	0.647761272807968	0.879	0.622	2.1673770209059e-24	EID1	c29
6.70859431780024e-29	1.64948765531208	0.138	0.035	2.26039376943961e-24	LFNG	c29
7.63692552527784e-29	0.907192360758094	0.427	0.191	2.57318568648711e-24	MOB3A	c29
7.74101420207111e-29	3.51527780295698	0.042	0.004	2.60825732524584e-24	APOBEC3B	c29
8.12242843241288e-29	0.945262535338445	0.368	0.152	2.7367710360172e-24	DPM2	c29
8.17562813562984e-29	4.75142346316673	0.019	0.001	2.75469614401912e-24	DUPD1	c29
8.53352645795393e-29	1.02032577588383	0.31	0.119	2.875286404743e-24	PYCR2	c29
8.59196042181506e-29	0.783229272112888	0.576	0.285	2.89497514452636e-24	SZRD1	c29
8.63939119854555e-29	1.32173720021822	0.182	0.054	2.91095647043794e-24	SEC24A	c29
9.54092090682093e-29	1.12985595379816	0.266	0.096	3.21471789034424e-24	POLB	c29
1.00574808508328e-28	0.65846506959133	0.855	0.577	3.38876759787962e-24	ERH	c29
1.05337263261635e-28	1.49353158717844	0.254	0.092	3.54923374833754e-24	NMB	c29
1.0748954959834e-28	1.08063365217186	0.287	0.107	3.62175288416647e-24	MRPL15	c29
1.07952017849952e-28	0.80378069540624	0.506	0.239	3.6373352894363e-24	TRAPPC4	c29
1.22106310636614e-28	0.850724659355123	0.373	0.154	4.11425003059007e-24	TMEM60	c29
1.22685903348843e-28	0.905943238833566	0.538	0.271	4.13377882743592e-24	CCT5	c29
1.30871497234959e-28	0.740910862622244	0.646	0.348	4.40958422783472e-24	PSMB2	c29
1.44526378012601e-28	1.17293491781682	0.31	0.123	4.86967178075656e-24	PGM2L1	c29
1.44669120826306e-28	0.764928340861447	0.571	0.286	4.87448135712154e-24	PSMD6	c29
1.48667456709095e-28	0.869794073383952	0.389	0.165	5.00920128635624e-24	CLPTM1	c29
1.51221235247815e-28	2.26571591213007	0.077	0.013	5.09524830043988e-24	TRIP10	c29
1.56967882408408e-28	0.21967713840203	1	1	5.28887582986888e-24	B2M	c29
1.95084672795771e-28	1.05227266848784	0.303	0.117	6.57318296518072e-24	RQCD1	c29
2.10948489274245e-28	0.940061830199061	0.387	0.165	7.10769839760642e-24	TMEM205	c29
2.26700642678651e-28	1.22363829277454	0.224	0.075	7.63845145441448e-24	EMG1	c29
2.39914200833488e-28	0.433947359805972	0.97	0.889	8.08366908288355e-24	YWHAB	c29
2.48557768379935e-28	0.978733118477757	0.415	0.184	8.37490544779354e-24	IL12RB1	c29
2.55119542341024e-28	1.31251928878838	0.182	0.054	8.59599785963848e-24	SYNJ2	c29
2.66475687610553e-28	1.64283975599621	0.133	0.033	8.97863181834996e-24	MIR181A1HG	c29
2.86182147506351e-28	0.55201962442472	0.937	0.777	9.64262127807899e-24	PSMA7	c29
3.03684041414447e-28	1.32529854709094	0.189	0.058	1.02323300914184e-23	VARS	c29
3.07126146462845e-28	1.04911356251417	0.247	0.087	1.03483083789191e-23	AGFG1	c29
3.21224509372412e-28	0.976354806034744	0.326	0.13	1.0823338618794e-23	ATP6V1B2	c29
3.45792623831228e-28	2.39550605637286	0.065	0.01	1.16511366673694e-23	TST	c29
3.47672489872324e-28	0.892298316119456	0.338	0.134	1.17144768737581e-23	MAPKAP1	c29
3.58293271015193e-28	1.29962174594727	0.219	0.073	1.20723334735859e-23	STX11	c29
3.66675255722406e-28	0.889648185966193	0.368	0.154	1.23547560663108e-23	TMEM126A	c29
3.91658492433672e-28	1.13818400261112	0.294	0.114	1.31965412440601e-23	ZNF593	c29
4.0919410226311e-28	0.823625809380553	0.594	0.323	1.37873860816532e-23	IL27RA	c29
4.16572217240527e-28	0.580232857012411	0.881	0.612	1.40359842877023e-23	UBE2I	c29
4.31638649391587e-28	1.20351881105507	0.214	0.07	1.45436326526002e-23	TGIF2	c29
4.78028158937826e-28	0.843679182336825	0.443	0.204	1.61066807872511e-23	MAN2B1	c29
4.83183866357579e-28	0.645714606815935	0.855	0.595	1.62803971930523e-23	NDUFB4	c29
4.87064832861856e-28	1.77116360186236	0.114	0.026	1.64111624784474e-23	PAQR4	c29
4.87201613386304e-28	1.38833422755337	0.189	0.058	1.64157711614381e-23	RRAGB	c29
5.10847466182801e-28	1.18762572593172	0.238	0.083	1.72124945255633e-23	CSTF2	c29
5.51565328633869e-28	0.765466333299504	0.527	0.251	1.85844421829896e-23	PSMC1	c29
5.62771648368638e-28	0.886104427503763	0.301	0.114	1.89620279201329e-23	NEU1	c29
6.1969895986809e-28	0.772116397513822	0.559	0.274	2.08801367537954e-23	COMMD1	c29
6.89954513848063e-28	0.566682374006515	0.923	0.732	2.32473273895966e-23	TAGLN2	c29
6.97266078009357e-28	0.908197560578814	0.462	0.216	2.34936832324473e-23	RAB9A	c29
8.05206784831405e-28	0.842048152535773	0.508	0.246	2.71306374081094e-23	WBSCR22	c29
9.18481832020361e-28	1.15911846790172	0.249	0.089	3.09473268480941e-23	DPP3	c29
9.27410330447772e-28	0.776292806141394	0.613	0.324	3.12481636741072e-23	MAPK1IP1L	c29
9.30746814389599e-28	0.738316133978583	0.587	0.3	3.13605831640431e-23	RAB5C	c29
1.32561817098969e-27	0.712391930759718	0.767	0.473	4.46653786533266e-23	SELT	c29
1.46776951807616e-27	3.9265501052721	0.028	0.002	4.9455026142058e-23	ESPL1	c29
1.50653975633143e-27	2.06950251826673	0.075	0.013	5.07613505498311e-23	SV2A	c29
1.66802273441427e-27	1.14178901181375	0.235	0.081	5.62023580133545e-23	PPIL1	c29
1.79596956150367e-27	0.951892562678888	0.319	0.127	6.05133984053048e-23	HMCES	c29
1.85711004755961e-27	0.694436078049615	0.72	0.438	6.25734659424736e-23	HNRNPM	c29
1.93326831260016e-27	1.73837069811859	0.093	0.019	6.51395425247497e-23	PDE9A	c29
1.96750640583883e-27	3.11362874972879	0.03	0.002	6.62931608383336e-23	ZACN	c29
2.02180650968253e-27	1.10898533767461	0.534	0.276	6.81227485372432e-23	SDF2L1	c29
2.20990047779334e-27	3.6576685777865	0.033	0.003	7.44603866987687e-23	DIAPH2-AS1	c29
2.76927865995509e-27	1.13325667136859	0.184	0.056	9.33080751685268e-23	AGPAT3	c29
2.97609558910699e-27	0.719062221158606	0.828	0.552	1.00276564779371e-22	STAT1	c29
3.06600799539686e-27	1.21003136811724	0.245	0.088	1.03306073396902e-22	EMC9	c29
3.13833378725533e-27	0.884656267767439	0.343	0.14	1.05743018627781e-22	CERS5	c29
3.32675917170767e-27	0.879258234231368	0.497	0.236	1.12091823531518e-22	CISD3	c29
3.43313275187145e-27	0.738248522023668	0.73	0.424	1.15675974941557e-22	RPN2	c29
3.45271097110081e-27	0.695533777946153	0.711	0.419	1.16335643460271e-22	UQCRFS1	c29
3.50471254818132e-27	1.05811624081737	0.263	0.097	1.18087784598421e-22	LUZP1	c29
3.63562836394842e-27	0.767308015624655	0.636	0.348	1.22498862094878e-22	NUTF2	c29
3.99258802969169e-27	2.93151625746494	0.049	0.006	1.34526261072432e-22	RP11-356I2.1	c29
4.3425668396986e-27	0.739147278239978	0.569	0.29	1.46318447096805e-22	IFI35	c29
4.50075403334301e-27	0.955056563673552	0.284	0.108	1.51648406399459e-22	MEMO1	c29
4.70496531855988e-27	1.96230503721629	0.093	0.019	1.58529101443557e-22	SLC35E4	c29
5.08483730529171e-27	1.05521007102348	0.252	0.091	1.71328508164499e-22	SMG9	c29
5.23424378633799e-27	0.806426029187787	0.417	0.186	1.76362610136872e-22	UBE2K	c29
5.30599854616227e-27	0.681679652741483	0.587	0.305	1.78780315014392e-22	LGALS3	c29
5.82288721003109e-27	0.977180323507469	0.298	0.117	1.96196361654788e-22	FCRL3	c29
5.88066586328041e-27	0.754473757192469	0.676	0.385	1.9814315559737e-22	CCDC167	c29
5.88916998886881e-27	0.666666556285213	0.825	0.552	1.98429693604946e-22	FAM96B	c29
6.02588561566966e-27	1.53973199941988	0.159	0.046	2.03036189934374e-22	DUSP5	c29
6.07119763886793e-27	4.14976357822106	0.019	0.001	2.04562933244016e-22	LINC01515	c29
6.61863624189908e-27	1.01281822349436	0.289	0.112	2.23008329534548e-22	ISOC2	c29
7.41876171513572e-27	1.14037647383872	0.228	0.079	2.49967757229783e-22	APOBEC3F	c29
8.01380433114697e-27	1.03446195478855	0.305	0.12	2.70017123133666e-22	BANP	c29
8.67977342246984e-27	1.28773548298072	0.175	0.053	2.92456285696699e-22	DDX19B	c29
9.00086325082768e-27	0.742926547772774	0.879	0.632	3.03275086373388e-22	LBH	c29
9.02040293195264e-27	0.712188360578153	0.657	0.364	3.03933456389212e-22	PSMD7	c29
9.18610448659307e-27	1.03676874751009	0.252	0.091	3.09516604571267e-22	OTULIN	c29
9.49307776109339e-27	1.07038936021922	0.308	0.125	3.19859762082281e-22	ATG101	c29
1.00453194103784e-26	3.46457374700053	0.03	0.002	3.38466992213289e-22	SH3PXD2A-AS1	c29
1.02016890792036e-26	1.04587959808711	0.256	0.094	3.43735711834687e-22	PDXK	c29
1.08447364097902e-26	0.729241180507204	0.699	0.395	3.65402548591472e-22	SNRPC	c29
1.15000234288508e-26	0.492781128679224	0.944	0.801	3.87481789411699e-22	COX7A2	c29
1.17800296322998e-26	1.30334729868016	0.17	0.051	3.96916318430711e-22	EZH2	c29
1.17812108473412e-26	0.52980328393337	0.897	0.658	3.96956118290313e-22	PPP1CA	c29
1.27614444882841e-26	0.676772910806286	0.713	0.406	4.29984110588243e-22	ATP6V0B	c29
1.43046580256837e-26	1.02619881276742	0.403	0.186	4.81981147517388e-22	PMVK	c29
1.47281517006085e-26	0.694421214244178	0.786	0.504	4.96250343400303e-22	SIT1	c29
1.55424267467083e-26	0.835518116118434	0.487	0.238	5.2368652680359e-22	CSNK1D	c29
1.61870162847385e-26	0.84451167504822	0.422	0.189	5.45405326697979e-22	MPV17	c29
1.74446200845621e-26	1.50414052323889	0.149	0.042	5.87779029129237e-22	ACTR3C	c29
1.85599232290379e-26	0.97408827094186	0.317	0.129	6.25358053279202e-22	ABHD18	c29
1.85827591540982e-26	0.754301746672859	0.711	0.417	6.26127486938185e-22	MDH1	c29
1.91663518890755e-26	0.658654655670028	0.566	0.282	6.45791060550511e-22	SPCS3	c29
2.04382924452629e-26	2.14738775142841	0.047	0.006	6.88647825650686e-22	CX3CR1	c29
2.08967460225227e-26	0.951302456730735	0.448	0.223	7.0409496048288e-22	GBP4	c29
2.29291550033622e-26	1.04188723721721	0.249	0.091	7.72574948683286e-22	YKT6	c29
2.4126662502675e-26	1.11827052805345	0.24	0.086	8.12923766365132e-22	DAPP1	c29
2.42519188686573e-26	0.79566575087415	0.527	0.268	8.17144154360539e-22	SNX5	c29
2.44065159382248e-26	0.777191612154254	0.674	0.385	8.22353148022548e-22	SNRPD1	c29
2.48075562964434e-26	0.783443525055376	0.508	0.249	8.35865801852363e-22	TIMM8B	c29
2.68138731850044e-26	1.11159932871521	0.273	0.105	9.03466643095538e-22	RDX	c29
3.11302341390331e-26	1.06641725412543	0.205	0.067	1.04890210908058e-21	ZHX1	c29
3.20368002466514e-26	0.687804946468032	0.515	0.244	1.07944794751067e-21	TMEM261	c29
3.25566667496813e-26	1.0255567669949	0.312	0.127	1.09696432946376e-21	PFKFB3	c29
3.28910945868812e-26	1.19190383906499	0.193	0.062	1.10823254101038e-21	LMNB2	c29
3.32783160236334e-26	0.982945883627285	0.256	0.094	1.1212795801003e-21	AP1B1	c29
3.41526353580741e-26	0.928374487592263	0.375	0.165	1.15073889575495e-21	NDUFA11	c29
3.42993752478661e-26	0.772154328152312	0.531	0.267	1.1556831496016e-21	ASNA1	c29
3.53010610858643e-26	1.27999939204953	0.14	0.038	1.18943395222711e-21	ZMIZ1	c29
3.72438566405319e-26	0.44158124894513	0.958	0.823	1.25489450564608e-21	SKP1	c29
4.0616401798148e-26	0.747627659024292	0.524	0.254	1.3685290421868e-21	COMT	c29
4.12989807537568e-26	0.724462294502686	0.72	0.437	1.39152785751708e-21	MRPL33	c29
4.18757247522373e-26	3.80056539328785	0.019	0.001	1.41096066980188e-21	NCS1	c29
4.42802041247238e-26	2.07677676591509	0.063	0.01	1.49197719777844e-21	ANK1	c29
4.49891560954971e-26	2.20373481314844	0.063	0.01	1.51586462548168e-21	SLC43A2	c29
4.66241114413751e-26	0.864735822364995	0.373	0.162	1.57095281090569e-21	LEPROT	c29
4.69861484581355e-26	0.652122820807943	0.772	0.474	1.58315128614842e-21	SF3B6	c29
4.86128860253004e-26	0.951563200076373	0.72	0.488	1.63796258173647e-21	TUBA1B	c29
4.93274578458558e-26	1.04933261830321	0.284	0.111	1.66203936465827e-21	RIOK1	c29
5.13103928184741e-26	0.6828414752898	0.767	0.489	1.72885237562567e-21	SEC11A	c29
5.37859858875862e-26	2.98374292608217	0.033	0.003	1.81226500849633e-21	GTSF1L	c29
5.57528282391604e-26	0.501937430318999	0.937	0.743	1.87853579469027e-21	ARF1	c29
5.89040482215869e-26	1.11935303408946	0.238	0.085	1.98471300077815e-21	PAM16	c29
6.08186275987562e-26	1.06620570185281	0.287	0.112	2.04922283831249e-21	EXOSC5	c29
6.22394535357664e-26	4.85147096923587	0.012	0	2.09709614743411e-21	CTD-3064M3.7	c29
6.80833291825214e-26	1.00167023704364	0.252	0.092	2.29399969347588e-21	STX6	c29
7.0162983704458e-26	0.944194459266026	0.282	0.108	2.36407157293801e-21	MFSD5	c29
7.5984690513294e-26	0.815965401321028	0.359	0.153	2.56022816215493e-21	CSNK2A1	c29
8.33091444957831e-26	1.04959558965917	0.256	0.096	2.80701831464092e-21	HSPBP1	c29
8.39739767528295e-26	0.805714959048531	0.534	0.275	2.82941917270984e-21	RAB10	c29
8.83446682457905e-26	0.930589050519479	0.387	0.172	2.97668525187367e-21	FARSA	c29
8.86985081869179e-26	0.712134623962848	0.557	0.285	2.98860753485001e-21	AKIRIN2	c29
8.94496867619886e-26	0.953235708878921	0.301	0.121	3.01391774575844e-21	KPNA1	c29
9.36304398726486e-26	0.53274193537799	0.939	0.784	3.15478404106902e-21	RAN	c29
9.95137446955555e-26	0.667284332624703	0.795	0.53	3.35301611377205e-21	CXCR3	c29
1.00589225278019e-25	0.960624449093538	0.303	0.121	3.38925335651757e-21	CREB3	c29
1.01115120239531e-25	1.03276854828037	0.289	0.114	3.40697286135076e-21	CD151	c29
1.13692880193918e-25	1.2398952840619	0.231	0.083	3.83076790525386e-21	RRS1	c29
1.2144652334672e-25	1.1848791550803	0.193	0.063	4.09201915764438e-21	TIMM21	c29
1.27962177493111e-25	0.783108669001647	0.559	0.294	4.31155760845288e-21	ELAVL1	c29
1.29265508643334e-25	1.97438101302247	0.061	0.009	4.35547204822848e-21	MDK	c29
1.34402543770759e-25	1.15849890166793	0.212	0.073	4.52855930981197e-21	BOP1	c29
1.36804015218893e-25	0.676396145171176	0.657	0.357	4.60947448878539e-21	SRPRA	c29
1.37362641339831e-25	0.777708398655185	0.485	0.236	4.62829683730426e-21	TMEM167A	c29
1.41447374291633e-25	0.749934440393742	0.483	0.232	4.76592782938229e-21	TXNL4A	c29
1.4978979600658e-25	1.14803752420535	0.207	0.07	5.0470173866457e-21	RRP1	c29
1.52694527107002e-25	0.990201715204864	0.298	0.12	5.14488939634333e-21	TARS	c29
1.558903693397e-25	0.862016696674165	0.506	0.253	5.25257010453186e-21	RNF145	c29
1.56495720676164e-25	4.72723497732963	0.016	0.001	5.27296681246267e-21	IGHA1	c29
1.61383313921003e-25	2.02240841064073	0.077	0.014	5.43764937925429e-21	SUV39H2	c29
1.62004499656184e-25	0.610180070296981	0.718	0.421	5.45857961141548e-21	ANXA5	c29
1.67582662534208e-25	1.38228708072849	0.135	0.036	5.64653023142759e-21	HMBS	c29
1.76112808527742e-25	0.763957370305767	0.466	0.223	5.93394497053374e-21	AMD1	c29
1.76755189405768e-25	1.23893618287819	0.21	0.072	5.95558935183793e-21	MAGEF1	c29
1.98243289141707e-25	1.46696952267274	0.126	0.032	6.67960938434067e-21	E2F6	c29
2.0943529381943e-25	1.05616008650874	0.256	0.096	7.05671278995187e-21	PGRMC1	c29
2.14199371569591e-25	0.917129259636318	0.291	0.115	7.21723362566579e-21	INIP	c29
2.46692201687207e-25	1.01140631476515	0.273	0.106	8.31204704364875e-21	SLC5A3	c29
2.56146376975524e-25	1.24739081038854	0.145	0.04	8.63059602581329e-21	KLHL2	c29
2.56382405173984e-25	0.987403044350453	0.27	0.104	8.63854875993223e-21	IDH3A	c29
2.58269709228594e-25	1.62103861085929	0.105	0.024	8.70213958274823e-21	RBBP9	c29
2.59917605795722e-25	0.567254555400691	0.881	0.645	8.75766380968107e-21	CDC37	c29
2.74840095317863e-25	0.715760521987512	0.632	0.348	9.26046217164006e-21	RTFDC1	c29
2.8099079089823e-25	0.889578800208824	0.352	0.151	9.46770370852498e-21	AP1S1	c29
2.98643979519451e-25	1.00268588940373	0.289	0.116	1.00625102459284e-20	DKC1	c29
3.04607487964482e-25	0.451990234468861	0.951	0.81	1.02634446994752e-20	TCEB2	c29
3.21500262486658e-25	0.790586608882525	0.424	0.194	1.08326298442254e-20	PSMD3	c29
3.25844052341118e-25	0.855462188055489	0.455	0.221	1.09789894995816e-20	ATIC	c29
3.27571382671085e-25	1.02677611600839	0.238	0.086	1.10371901677196e-20	NANS	c29
3.65110171392005e-25	0.76285136983915	0.436	0.201	1.23020221148822e-20	OVCA2	c29
3.7105115022007e-25	1.06832295359999	0.298	0.121	1.2502197455515e-20	TCTN3	c29
4.02041962368074e-25	0.885287270504687	0.434	0.207	1.35464018800299e-20	RAB8B	c29
4.03723808694656e-25	2.21005139669333	0.068	0.012	1.36030700101577e-20	KBTBD8	c29
4.38055080642382e-25	0.617611556841518	0.869	0.615	1.47598278871644e-20	CDC42	c29
4.39795276492471e-25	0.786805574783459	0.65	0.381	1.48184620461373e-20	CCT3	c29
4.40774772609217e-25	0.838809661416113	0.361	0.157	1.48514651882949e-20	NABP2	c29
4.59373158917286e-25	1.38517453297234	0.131	0.035	1.5478119216559e-20	ABAT	c29
4.85286941054987e-25	0.762284756779314	0.478	0.236	1.63512581919067e-20	HNRNPAB	c29
4.85348325296241e-25	0.875472097407861	0.298	0.119	1.63533264725316e-20	FAM207A	c29
4.91356836737114e-25	0.58273733694957	0.807	0.539	1.65557772570203e-20	EWSR1	c29
5.04242202769726e-25	0.319209134410683	1	0.997	1.69899367801232e-20	PTMA	c29
5.11107284618709e-25	1.3979856284896	0.161	0.048	1.72212488479428e-20	DENND6B	c29
5.55219409989462e-25	1.06491505848094	0.256	0.098	1.87075628001849e-20	TCEAL4	c29
5.70474226172049e-25	0.821544522277654	0.378	0.167	1.9221558576641e-20	DCUN1D5	c29
6.31439583674505e-25	1.56260755787016	0.117	0.029	2.12757253323288e-20	PDCD2L	c29
6.65941000159554e-25	0.679009184208141	0.622	0.333	2.2438216059376e-20	UQCRC1	c29
6.77597262619933e-25	0.872042467399635	0.368	0.164	2.2830962166716e-20	AKT2	c29
6.81823641278065e-25	0.832215251352508	0.315	0.13	2.29733657692231e-20	FAAH2	c29
7.53561243277521e-25	0.817041393227451	0.319	0.131	2.53904925309928e-20	PMPCA	c29
7.81498473280246e-25	0.795453623911347	0.48	0.232	2.63318095587046e-20	ITPA	c29
8.48056040869949e-25	0.899780158557321	0.312	0.128	2.85744002410721e-20	AHR	c29
8.72790270400932e-25	0.938989443190712	0.284	0.113	2.9407795370889e-20	MKNK2	c29
9.0720779003438e-25	2.735117262564	0.044	0.005	3.05674592774184e-20	TNFRSF13B	c29
9.63208787303253e-25	1.43037510466914	0.14	0.039	3.24543568793958e-20	AC007246.3	c29
9.69079242955802e-25	0.801728316621822	0.664	0.403	3.26521560121528e-20	CDK2AP2	c29
9.76714854193806e-25	0.627887235858427	0.476	0.223	3.29094302972061e-20	CNST	c29
9.93473002994661e-25	1.19392828066535	0.212	0.075	3.34740793629021e-20	BARD1	c29
9.98330575719494e-25	0.661181000768412	0.641	0.356	3.36377504182926e-20	UQCRC2	c29
1.00472572203718e-24	0.644058904942071	0.709	0.421	3.38532284783209e-20	SAMSN1	c29
1.17375258200611e-24	1.22416973142522	0.205	0.07	3.95484194981138e-20	KLC2	c29
1.27117712893204e-24	0.910984070807375	0.382	0.174	4.2831042182236e-20	CUL1	c29
1.32941230991202e-24	0.920576640503387	0.252	0.094	4.47932183701755e-20	PSEN1	c29
1.3857050584996e-24	0.604898206412172	0.783	0.494	4.66899462410856e-20	ATP5C1	c29
1.45813302461876e-24	0.859397337902947	0.441	0.209	4.91303341315046e-20	SMIM12	c29
1.47984084430995e-24	3.39206724907086	0.026	0.002	4.98617574081794e-20	GS1-204I12.4	c29
1.60835616196748e-24	0.782583573199992	0.413	0.19	5.41919525213324e-20	NUP58	c29
1.62095460042324e-24	1.07682144652933	0.212	0.074	5.46164443066606e-20	MAPKAPK2	c29
1.75999174255982e-24	0.895869142159264	0.424	0.201	5.93011617738105e-20	IMP4	c29
1.87468264355313e-24	1.74338136175027	0.086	0.018	6.31655569918792e-20	CYFIP1	c29
1.98290129238822e-24	0.876313564619901	0.387	0.177	6.68118761457286e-20	COMMD4	c29
2.08431777358199e-24	0.942040512938151	0.287	0.115	7.02290030630717e-20	ABCF2	c29
2.29017423304286e-24	3.72013076469985	0.023	0.002	7.71651306081461e-20	SHC4	c29
2.32233233873973e-24	0.666670586930997	0.832	0.572	7.82486658214966e-20	RPL22L1	c29
2.37091392619248e-24	0.891112953505818	0.408	0.194	7.98855738291294e-20	MICAL1	c29
2.47977620512616e-24	0.832831820808873	0.319	0.133	8.3553579455521e-20	MFAP1	c29
2.58921589339789e-24	0.780056574136152	0.41	0.189	8.72410403121484e-20	MRPL27	c29
2.59529043271737e-24	0.971760705358026	0.359	0.159	8.74457158399791e-20	MARS	c29
2.67753815818905e-24	0.816809537283799	0.734	0.503	9.02169707020218e-20	HSP90B1	c29
2.79779846204644e-24	1.26489464389597	0.159	0.048	9.42690213801927e-20	OPA3	c29
3.19647242809996e-24	1.21000022159973	0.128	0.034	1.077019419924e-19	CCRL2	c29
3.22303497857305e-24	1.53082124752597	0.135	0.038	1.0859694056804e-19	C4orf33	c29
3.37188973529734e-24	0.730419550040887	0.515	0.26	1.13612452741109e-19	AHSA1	c29
3.44559313853336e-24	0.816378932810494	0.378	0.17	1.16095815209743e-19	STAMBP	c29
3.70789707406831e-24	0.775999902681585	0.441	0.214	1.24933884013658e-19	NAA10	c29
3.71177156761986e-24	0.829011440892137	0.422	0.2	1.25064431199384e-19	SRPK1	c29
3.82938831081357e-24	0.660338396905443	0.664	0.372	1.29027409744552e-19	PUF60	c29
4.09443965768176e-24	0.832264453210676	0.441	0.213	1.37958049825929e-19	UQCC2	c29
4.27937850916281e-24	0.6448758497483	0.723	0.436	1.44189379487732e-19	PSMC5	c29
4.28653392246757e-24	0.764059484725273	0.427	0.198	1.44430473983622e-19	MRPL13	c29
4.36964828488714e-24	0.826441743700243	0.329	0.139	1.47230929310987e-19	WDR46	c29
4.88293763655757e-24	0.687913711329963	0.615	0.329	1.64525700726171e-19	BUD31	c29
4.95282744989116e-24	0.36800092782926	0.984	0.886	1.66880568096633e-19	ARPC3	c29
5.48752736527438e-24	0.703345984363245	0.499	0.249	1.84896747045555e-19	SDF2	c29
5.49801559348334e-24	0.744912492765514	0.636	0.365	1.85250137406828e-19	CANX	c29
6.31976441290432e-24	1.14613596713293	0.242	0.093	2.12938142128398e-19	ZBTB24	c29
6.48591078335549e-24	0.689305731101694	0.758	0.491	2.1853627793438e-19	ROMO1	c29
6.53929963871347e-24	0.802462640848927	0.364	0.161	2.20335162026812e-19	PUM3	c29
6.60479780992969e-24	2.25080127182122	0.061	0.01	2.22542057407771e-19	AC006129.1	c29
6.92871167938099e-24	1.04124599226376	0.21	0.074	2.33456011325063e-19	MAP7D3	c29
6.95273271760581e-24	1.13009092421805	0.207	0.073	2.3426537618701e-19	TSFM	c29
7.0230002514196e-24	0.652244191430261	0.841	0.582	2.36632970471332e-19	RPS27L	c29
7.14884388846457e-24	0.711145042334	0.371	0.161	2.40873145977925e-19	ICT1	c29
7.16045277292581e-24	0.566955811762741	0.723	0.478	2.41264295730962e-19	EEF1G	c29
7.30427992129234e-24	0.791295014131259	0.434	0.206	2.46110407668024e-19	UBA1	c29
7.50331243891412e-24	2.84050822049976	0.035	0.004	2.52816609316772e-19	PSD	c29
7.56813193965454e-24	0.509586167033337	0.942	0.756	2.5500063757472e-19	ANAPC16	c29
7.64551779052078e-24	0.746163474972	0.424	0.197	2.57608076433807e-19	C14orf1	c29
7.6976389091294e-24	3.49707902479705	0.019	0.001	2.59364245404206e-19	CFAP73	c29
7.71576241891643e-24	0.971786292694138	0.212	0.074	2.5997489894297e-19	ABHD10	c29
7.81456621125012e-24	0.828488461129804	0.24	0.088	2.63303993921862e-19	CCDC43	c29
7.88981808394939e-24	1.5849731994631	0.119	0.031	2.65839530520591e-19	SLC39A3	c29
8.33773960407835e-24	0.874448915617664	0.329	0.14	2.80931798219816e-19	UCHL3	c29
8.56037008713311e-24	1.01204923054467	0.287	0.117	2.88433109715863e-19	FAM69A	c29
8.7315807239537e-24	0.814754819556832	0.427	0.206	2.94201880912896e-19	PHTF2	c29
8.91768703599868e-24	0.781645330490296	0.413	0.191	3.00472546990939e-19	FAM103A1	c29
9.13345051327097e-24	1.0152994710845	0.252	0.096	3.07742481594152e-19	LTV1	c29
1.03181573268787e-23	0.642164640638647	0.716	0.432	3.47659992971852e-19	EIF4H	c29
1.03739764651565e-23	1.64165046671892	0.084	0.017	3.49540763016982e-19	C5orf30	c29
1.10036082111046e-23	0.680799414299301	0.508	0.255	3.70755575064959e-19	CYB5B	c29
1.10037293712697e-23	0.689910272092647	0.862	0.638	3.70759657435561e-19	RHOH	c29
1.12294306713964e-23	0.775862411771065	0.424	0.204	3.7836443704203e-19	ADI1	c29
1.14047763153739e-23	0.818276538444406	0.375	0.169	3.84272533170207e-19	STX5	c29
1.16396032840284e-23	0.677320958917675	0.69	0.4	3.92184793052055e-19	RPN1	c29
1.20454166151742e-23	0.819244211568769	0.361	0.161	4.05858267431679e-19	SRP68	c29
1.27160490354004e-23	1.37047322388208	0.156	0.048	4.28454556198781e-19	THOP1	c29
1.2937879952261e-23	1.96132994118961	0.093	0.021	4.35928927111481e-19	RYR1	c29
1.30238362472946e-23	0.861297477977352	0.315	0.133	4.38825138516345e-19	PPP2R4	c29
1.3632320032996e-23	1.07481204184762	0.198	0.068	4.59327391191766e-19	SLC25A17	c29
1.38605170953653e-23	0.701766418130077	0.48	0.236	4.67016263011239e-19	SNF8	c29
1.64679969371546e-23	1.30657035313488	0.131	0.036	5.54872688800486e-19	CEP83	c29
1.65386054616561e-23	0.93405318421236	0.261	0.102	5.57251772425042e-19	STYXL1	c29
1.65988126803796e-23	0.695183063414981	0.627	0.347	5.59280394452711e-19	PSMD4	c29
1.72066525346689e-23	0.642057098052011	0.618	0.334	5.79760950503133e-19	POLR2J	c29
1.7397235676001e-23	0.759738043255007	0.531	0.276	5.86182458867178e-19	LMBRD1	c29
1.7399482406476e-23	1.67077983893048	0.082	0.017	5.86258160203803e-19	PIK3R3	c29
1.76126105252383e-23	0.871746350092771	0.324	0.139	5.93439299037378e-19	AK6	c29
1.80452707320459e-23	0.932797449891119	0.308	0.131	6.08017352045556e-19	SLC16A3	c29
1.82217191117357e-23	0.932047987593297	0.305	0.128	6.13962603750822e-19	GLCCI1	c29
1.85811853825157e-23	1.1958838485259	0.147	0.043	6.26074460278484e-19	ERLIN2	c29
1.85921998091273e-23	0.683955141784925	0.69	0.424	6.26445580368736e-19	HNRNPR	c29
1.86114106038632e-23	0.912578238931469	0.324	0.139	6.27092868886566e-19	EXOSC7	c29
1.86741190845344e-23	0.638509574362127	0.704	0.432	6.29205768434301e-19	TUFM	c29
1.94643556445665e-23	0.87623323086481	0.357	0.159	6.55831999088022e-19	TOMM40	c29
1.97408091895527e-23	0.662265440951513	0.587	0.313	6.6514682483279e-19	PSMB4	c29
2.01726332284501e-23	0.873611087206461	0.352	0.156	6.79696703999399e-19	TMEM216	c29
2.12582012994544e-23	0.700553714893501	0.559	0.295	7.16273834583815e-19	FAM129A	c29
2.15482145881447e-23	0.850564111902466	0.28	0.113	7.26045542332948e-19	SRSF6	c29
2.23948895715365e-23	0.660309312183185	0.797	0.558	7.54573409223351e-19	HNRNPU	c29
2.24554894357284e-23	1.79838226251813	0.079	0.016	7.56615261047431e-19	DLGAP1	c29
2.26805599493205e-23	0.998828145261816	0.249	0.096	7.64198786932403e-19	MCUR1	c29
2.33564955163273e-23	1.03732624135059	0.224	0.082	7.86973759927132e-19	ZMIZ2	c29
2.36343025481022e-23	0.749247221333434	0.758	0.488	7.96334190055757e-19	RAP1A	c29
2.43253598646928e-23	0.777587372928919	0.347	0.152	8.1961867528096e-19	DNAAF2	c29
2.50120253862188e-23	0.898780152401073	0.338	0.149	8.42755183363257e-19	GNL3	c29
2.51929381738418e-23	0.911035064621958	0.282	0.114	8.48850858829426e-19	SAYSD1	c29
2.532429300589e-23	1.00585212457605	0.231	0.086	8.53276728540456e-19	PSMG1	c29
2.58305413968467e-23	0.621451243414487	0.781	0.498	8.70334261825353e-19	CAPZA1	c29
2.60203676355912e-23	0.908272117455936	0.268	0.106	8.76730267113611e-19	CLN5	c29
2.63422232092398e-23	0.68260127601281	0.503	0.248	8.87574868812124e-19	COA3	c29
2.77518913332992e-23	0.464991376013631	0.979	0.947	9.35072226584184e-19	HSPA8	c29
2.77953362599094e-23	0.74128067505002	0.441	0.212	9.36536059941387e-19	COA6	c29
2.79307442333562e-23	1.90511982651708	0.084	0.018	9.41098496198705e-19	MAP4K3	c29
2.92164076587492e-23	0.435413684316516	0.958	0.821	9.84417639653897e-19	TMBIM6	c29
2.92666503399674e-23	1.35747887730785	0.149	0.045	9.86110516554863e-19	NUP188	c29
3.19792194845574e-23	1.19533151102303	0.193	0.067	1.07750782131268e-18	TFE3	c29
3.30312820914906e-23	0.995656346460911	0.296	0.126	1.11295601879068e-18	MYL6B	c29
3.90421592980808e-23	0.636332019154015	0.66	0.38	1.31548651538954e-18	RER1	c29
3.91143228309571e-23	0.798245681662746	0.424	0.204	1.31791799346627e-18	NSFL1C	c29
3.93298502896568e-23	0.680074109913879	0.473	0.232	1.3251799756597e-18	RBBP7	c29
3.96778655486066e-23	0.72186275729968	0.592	0.329	1.33690600179475e-18	CMC2	c29
3.98390498528511e-23	0.661403656156898	0.725	0.456	1.34233694574196e-18	EIF1B	c29
4.25611367254859e-23	0.692920717284845	0.501	0.252	1.43405494082852e-18	BTF3L4	c29
4.30723171844414e-23	0.765165185905029	0.263	0.102	1.45127865521257e-18	VCPKMT	c29
4.33465529486238e-23	0.552385202269597	0.872	0.639	1.46051875505093e-18	SNU13	c29
4.51392127722581e-23	0.720659548161827	0.387	0.175	1.52092063514847e-18	C21orf59	c29
4.53757148449306e-23	0.805199885817054	0.303	0.127	1.52888933598509e-18	LMNB1	c29
4.74317865314814e-23	0.787210516217595	0.49	0.249	1.59816661539174e-18	FIBP	c29
5.02258655260419e-23	0.686319917223736	0.604	0.336	1.69231031303446e-18	PSMA3	c29
5.17329450778713e-23	1.1708509196848	0.406	0.2	1.7430898514538e-18	ZNF331	c29
5.19819699234502e-23	0.688515798900294	0.72	0.469	1.75148049460073e-18	ITGA4	c29
5.2748548541609e-23	0.680146317165225	0.597	0.334	1.77730959456098e-18	G3BP1	c29
5.28014604621056e-23	0.462857115751781	0.946	0.786	1.77909240881019e-18	HLA-F	c29
5.38329182929764e-23	0.362924984343501	0.998	0.968	1.81384634896355e-18	PPIA	c29
5.8589197557905e-23	0.933824244043133	0.263	0.104	1.97410442251605e-18	CH507-9B2.3	c29
6.0216238983502e-23	0.859996315619623	0.312	0.132	2.02892595631012e-18	CHID1	c29
6.46367994797144e-23	2.81752715607456	0.037	0.004	2.1778723216695e-18	SNX33	c29
6.6439479283346e-23	1.29862341822924	0.133	0.038	2.23861181497306e-18	PRMT5	c29
6.90962313675452e-23	0.976119564245563	0.247	0.096	2.32812841969807e-18	RGS3	c29
6.99520905819587e-23	0.919911735837886	0.282	0.116	2.35696574006852e-18	LYRM4	c29
8.88670851227962e-23	1.34066486263173	0.142	0.042	2.9942875661275e-18	SLFN12	c29
9.95505563831285e-23	0.72786894066575	0.385	0.175	3.35425644677313e-18	CS	c29
9.98785125570889e-23	0.827759708750493	0.364	0.166	3.36530660209855e-18	SARNP	c29
9.99768277144243e-23	0.591792151639812	0.713	0.427	3.36861923300981e-18	TMCO1	c29
1.02224314337018e-22	0.292690767099011	0.988	0.977	3.44434604727147e-18	ATP5E	c29
1.08136649014655e-22	1.79579541397129	0.103	0.025	3.64355625189978e-18	CASP9	c29
1.15114397376629e-22	0.72222305044713	0.639	0.355	3.87866450520813e-18	PFDN2	c29
1.17762141449944e-22	0.920249710222416	0.228	0.085	3.96787759401442e-18	ALG8	c29
1.18489893125034e-22	0.672792271106111	0.506	0.255	3.9923984589549e-18	SMC3	c29
1.18652700042113e-22	0.535692371711617	0.874	0.63	3.99788407521895e-18	ATP5J	c29
1.22307287125656e-22	0.63600586738975	0.625	0.34	4.12102173241186e-18	CAPZA2	c29
1.23694526028499e-22	1.07900054142142	0.273	0.112	4.16776336000426e-18	ARL4A	c29
1.26695985621885e-22	4.2815247576287	0.012	0	4.26889453954378e-18	IGHV6-1	c29
1.26740684152482e-22	0.747007017896798	0.382	0.177	4.27040061183372e-18	IFRD1	c29
1.27738059604941e-22	2.45387011270473	0.061	0.01	4.30400618032888e-18	PDCD1LG2	c29
1.90442918573309e-22	0.929929073709197	0.252	0.099	6.41678369840906e-18	XXbac-BPG32J3.22	c29
1.9338098565907e-22	1.37877529922236	0.117	0.031	6.51577893079669e-18	PQLC2	c29
2.24760624183278e-22	0.742607384824513	0.438	0.213	7.57308447123137e-18	ACTR1B	c29
2.28921158992066e-22	0.655126023325065	0.702	0.43	7.71326953107866e-18	DDOST	c29
2.32317484772835e-22	1.06614444711939	0.184	0.063	7.82770533193589e-18	UTP4	c29
2.37460524013613e-22	0.659945668065358	0.424	0.198	8.00099489611466e-18	MTHFS	c29
2.39716925380795e-22	1.2202913068311	0.156	0.049	8.07702208378052e-18	SSH1	c29
2.4646763617127e-22	0.882802624949995	0.357	0.165	8.30448053315477e-18	CRELD2	c29
2.63659030068998e-22	3.54123517043207	0.021	0.001	8.88372735914481e-18	SCG5	c29
2.66346794866388e-22	1.01279713224313	0.231	0.088	8.97428890622808e-18	AHCY	c29
2.66597542280106e-22	0.6604403945219	0.73	0.466	8.98273758958588e-18	NOL7	c29
2.77312440061193e-22	1.01706961592036	0.247	0.098	9.34376535542185e-18	P4HA1	c29
2.82064544125477e-22	0.912608322485861	0.245	0.095	9.50388274976381e-18	PHF21A	c29
2.88208282099889e-22	0.72594270388418	0.42	0.202	9.71088985707367e-18	HSPA4	c29
2.94375199437339e-22	4.56995735090898	0.014	0.001	9.9186779698417e-18	ADAMTS3	c29
2.97600118818885e-22	0.760820965885056	0.354	0.16	1.00273384034835e-17	ZEB1	c29
3.03265485776359e-22	0.66852418430612	0.431	0.206	1.02182272777486e-17	ACTR1A	c29
3.10583697815751e-22	1.45381614560316	0.145	0.044	1.04648071142039e-17	UEVLD	c29
3.19409721190622e-22	1.12945278065705	0.147	0.045	1.07621911457968e-17	WSB2	c29
3.20923595104455e-22	0.840997663205083	0.301	0.128	1.08131996134495e-17	SRFBP1	c29
3.20937255914641e-22	1.06403690305754	0.196	0.07	1.08136599007879e-17	CBX6	c29
3.23005192341737e-22	0.864280450084245	0.378	0.179	1.08833369507625e-17	MAN1A2	c29
3.3249088665597e-22	2.03998383492105	0.075	0.015	1.12029479349863e-17	PLAT	c29
3.39429035927562e-22	0.609772060223441	0.879	0.678	1.14367219365433e-17	NCL	c29
3.40985148233954e-22	0.964502883574598	0.273	0.113	1.14891535845948e-17	NIT1	c29
3.44165276639253e-22	1.24228826633981	0.163	0.053	1.1596304831083e-17	DPH2	c29
3.7199550392264e-22	2.54455617854479	0.042	0.005	1.25340165091694e-17	SLC1A1	c29
3.75676595438859e-22	0.821285271611775	0.704	0.445	1.26580472067169e-17	HSPD1	c29
3.87783473088156e-22	0.888888980512939	0.256	0.102	1.30659763422323e-17	GPATCH4	c29
4.2461624557856e-22	0.737700828863531	0.548	0.296	1.4307019778524e-17	DDX39A	c29
4.48559776186479e-22	4.65321650123254	0.016	0.001	1.51137730988272e-17	GRIK4	c29
4.5657025522021e-22	0.63831973039231	0.653	0.367	1.53836781793898e-17	CCDC12	c29
4.6921827968226e-22	0.982747420776793	0.259	0.105	1.58098407156141e-17	UBA5	c29
4.79531110652024e-22	0.917068643670049	0.228	0.086	1.61573212423093e-17	PRPF39	c29
4.94671634944784e-22	0.906498705288704	0.226	0.085	1.66674660678295e-17	MUL1	c29
5.04495271646261e-22	1.69648544614581	0.096	0.023	1.69984636828491e-17	C10orf128	c29
5.41305444023416e-22	1.75449535577381	0.079	0.017	1.8238745630925e-17	CCNI2	c29
5.47110358985332e-22	0.472700800855271	0.937	0.775	1.84343364356518e-17	UBE2D3	c29
5.52183174805716e-22	0.724792735109402	0.443	0.217	1.86052598919038e-17	PRPF31	c29
5.62368227673321e-22	0.652937000511455	0.571	0.308	1.89484350632249e-17	DR1	c29
5.96359376122332e-22	0.63728593762365	0.503	0.253	2.00937328190659e-17	ERP44	c29
6.05806987906158e-22	0.669244579813529	0.59	0.33	2.04120606505101e-17	STRAP	c29
6.19649482781623e-22	0.817226743385881	0.373	0.175	2.0878469672844e-17	ANKLE2	c29
6.20443764248683e-22	0.453853513253868	0.925	0.742	2.09052321925951e-17	UBE2D2	c29
6.53892421085259e-22	0.644198829709528	0.545	0.285	2.20322512360467e-17	EMC6	c29
6.65326216070552e-22	0.826115194765188	0.417	0.208	2.24175015242812e-17	SEPHS2	c29
6.69841122365941e-22	1.3108226159932	0.145	0.044	2.2569626776998e-17	IL23A	c29
6.98820491544724e-22	2.79529663504685	0.035	0.004	2.35460576421079e-17	RAPH1	c29
7.7674031832758e-22	1.17062188272435	0.238	0.094	2.61714882857295e-17	AARS	c29
7.91361765993302e-22	0.442762195529004	0.932	0.75	2.66641433433783e-17	HCLS1	c29
7.97347525278492e-22	0.756856949352087	0.403	0.192	2.68658275167335e-17	NAA20	c29
8.25276306769083e-22	1.2963027977968	0.133	0.039	2.78068598802775e-17	NIPA1	c29
8.65716061228019e-22	0.65947003862495	0.483	0.242	2.91694369670169e-17	SYAP1	c29
8.76847240520599e-22	0.746117542490013	0.522	0.282	2.95444909221011e-17	ILK	c29
8.9199821737404e-22	0.670246804510425	0.41	0.194	3.00549879362009e-17	ABCF1	c29
9.23352588389734e-22	1.19805104785892	0.161	0.052	3.11114421132037e-17	OTUD4	c29
9.55349411105562e-22	1.22725783710928	0.172	0.058	3.21895430577908e-17	PAK1IP1	c29
9.72633989656475e-22	0.371042215177859	0.991	0.934	3.27719296474853e-17	CD3D	c29
1.0440009555685e-21	0.591381186815394	0.739	0.469	3.51765681969249e-17	AURKAIP1	c29
1.10108808643605e-21	1.03358068939359	0.191	0.068	3.71000619843763e-17	HEXIM1	c29
1.12592973192034e-21	1.27044141963694	0.375	0.186	3.79370763873241e-17	FABP5	c29
1.1467469766849e-21	1.26433028123273	0.159	0.051	3.8638492632421e-17	LACTB	c29
1.18042841899627e-21	0.7609584954151	0.394	0.186	3.97733551496604e-17	TFG	c29
1.19841783640967e-21	1.02002709719242	0.177	0.06	4.03794905799873e-17	CNEP1R1	c29
1.23801795354919e-21	1.53147648728762	0.112	0.03	4.17137769268863e-17	GTF2H4	c29
1.25573989832845e-21	0.879159293749134	0.338	0.154	4.23109001342787e-17	STAMBPL1	c29
1.26274533880594e-21	0.766251323899165	0.368	0.169	4.25469414457275e-17	NARS	c29
1.43031080092669e-21	1.23332301719554	0.179	0.063	4.81928921264239e-17	RANBP9	c29
1.50603321871047e-21	1.1702182642392	0.182	0.063	5.07442832712304e-17	RRP9	c29
1.54624999172821e-21	0.438121215808821	0.958	0.843	5.20993472212904e-17	UBB	c29
1.56945820630716e-21	0.897065000674423	0.221	0.083	5.28813248033135e-17	AIFM1	c29
1.64149172689121e-21	0.607295197073537	0.732	0.472	5.53084222458723e-17	SELK	c29
1.65384891025923e-21	0.599946105446239	0.587	0.319	5.57247851822744e-17	CWC15	c29
1.65493725356773e-21	1.35364502845459	0.128	0.037	5.57614558217112e-17	ECI1	c29
1.75181698456715e-21	1.28449817948417	0.149	0.047	5.90257214780054e-17	CTPS1	c29
1.75277556389442e-21	0.696969603838976	0.415	0.2	5.90580198498586e-17	CHMP2B	c29
1.81941343804492e-21	0.582948489136073	0.59	0.325	6.13033163814855e-17	NT5C	c29
1.83470265409739e-21	1.06297321437802	0.198	0.072	6.18184712271574e-17	EPT1	c29
1.98078813096004e-21	0.658140522591096	0.497	0.253	6.67406752845675e-17	VTI1B	c29
2.14932738357937e-21	0.723844226839165	0.389	0.184	7.24194368623231e-17	GNL1	c29
2.30130942881216e-21	0.696043620871635	0.408	0.196	7.7540319894397e-17	USP10	c29
2.32005551611491e-21	3.63405384015301	0.019	0.001	7.81719505599756e-17	BEND3	c29
2.38254393347523e-21	0.793706665507329	0.291	0.123	8.02774352945143e-17	JAZF1	c29
2.40708863471922e-21	1.63169721105994	0.096	0.023	8.11044444582292e-17	SLC1A4	c29
2.52447835137158e-21	3.81318726748805	0.016	0.001	8.50597735711139e-17	ANKRD29	c29
2.55827724549605e-21	0.813272400765103	0.305	0.132	8.61985935097438e-17	DUSP22	c29
2.58110806593615e-21	0.943187445846745	0.193	0.069	8.69678551736526e-17	RBM7	c29
2.62945724510711e-21	0.649211028049282	0.459	0.23	8.85969324166388e-17	MOB4	c29
2.68579705727041e-21	1.19788177199559	0.189	0.068	9.04952460476691e-17	MKNK1	c29
2.80285275887776e-21	0.796702684235065	0.347	0.161	9.44393208576273e-17	CBX5	c29
2.83560614568249e-21	5.11154396634964	0.012	0	9.55429134726258e-17	IL13RA1	c29
2.88231805201772e-21	0.623957641304393	0.657	0.388	9.7116824444685e-17	PSMA1	c29
2.90180978709548e-21	0.685186128778523	0.506	0.263	9.77735789663951e-17	SPG21	c29
2.98555733467061e-21	0.879705126766265	0.289	0.124	1.00595368834391e-16	TIMM50	c29
2.98711906435005e-21	0.917734641775905	0.203	0.074	1.0064798975421e-16	PPME1	c29
3.08463597657172e-21	1.21340178068317	0.124	0.035	1.03933724594608e-16	PINX1	c29
3.14958609340727e-21	0.507394594896097	0.821	0.511	1.06122153831265e-16	OTUB1	c29
3.15180110150674e-21	0.839606859610859	0.408	0.203	1.06196786314168e-16	MALT1	c29
3.5833431196416e-21	0.811416303736582	0.317	0.138	1.20737163073204e-16	CBX1	c29
3.6595035898495e-21	0.635795635464984	0.704	0.453	1.23303313956389e-16	NDUFB1	c29
3.6873802764709e-21	0.767526821163848	0.31	0.134	1.24242591035411e-16	TBK1	c29
3.70796860704109e-21	0.525154573843241	0.853	0.588	1.24936294245643e-16	TMEM50A	c29
3.7511838198848e-21	0.668999363569652	0.469	0.234	1.26392387627198e-16	ELOVL1	c29
3.80718733237416e-21	1.53048174533144	0.45	0.264	1.28279369977015e-16	LAG3	c29
3.84770749025205e-21	0.801257344060163	0.275	0.115	1.29644656176553e-16	AP1G1	c29
3.92824650380256e-21	0.865269135681031	0.254	0.103	1.32358337699124e-16	FAF2	c29
3.9448500323414e-21	0.785622036552092	0.333	0.151	1.32917776989711e-16	IKBKB	c29
4.38083426481033e-21	0.885059610937768	0.203	0.074	1.47607829718519e-16	TMEM127	c29
4.57945154469208e-21	0.655816517335566	0.545	0.289	1.54300040346855e-16	PSMB7	c29
4.61509725089346e-21	1.038930482179	0.277	0.119	1.55501086771604e-16	BZW2	c29
4.71510840213071e-21	0.601691280416111	0.597	0.321	1.58870862501392e-16	TXNDC12	c29
4.86317440613527e-21	0.862760241325306	0.517	0.293	1.63859798440322e-16	DDX21	c29
4.98600829807216e-21	0.573382153339016	0.741	0.463	1.67998563595243e-16	PPP4C	c29
5.4273557350459e-21	1.11568359570219	0.161	0.053	1.82869324136637e-16	TFB2M	c29
5.44322000673593e-21	0.55438936005737	0.825	0.555	1.8340385490696e-16	BSG	c29
5.45983699841333e-21	0.613485573622594	0.524	0.277	1.83963747824539e-16	OS9	c29
6.01188838528761e-21	1.14606616711719	0.135	0.041	2.02564567253881e-16	B3GALT6	c29
6.08052618117035e-21	0.642869999326395	0.646	0.378	2.04877249148354e-16	IMP3	c29
6.31979461662437e-21	0.844807962396644	0.291	0.126	2.12939159812541e-16	RIN3	c29
6.33647619211299e-21	0.624094672709336	0.357	0.163	2.13501228817055e-16	FOXO1	c29
6.34905341881823e-21	0.705885843465819	0.464	0.235	2.13925005893661e-16	TMEM208	c29
7.00214960116933e-21	0.703749434070078	0.268	0.109	2.35930428661799e-16	KMT5B	c29
7.30522045254053e-21	0.813701155473955	0.249	0.1	2.46142097927901e-16	CSTF1	c29
7.31469200472034e-21	1.24797614009285	0.156	0.051	2.46461232407047e-16	TRAF3IP2	c29
7.4148610462151e-21	0.953892226058812	0.221	0.085	2.49836328091172e-16	DOHH	c29
7.47828395413878e-21	0.784182448939419	0.284	0.12	2.51973299550752e-16	MPHOSPH6	c29
7.76446228752501e-21	0.871038578332858	0.263	0.109	2.61615792315868e-16	TM2D2	c29
8.43467588698873e-21	0.765690757859287	0.375	0.179	2.84197969336198e-16	MORF4L2	c29
8.51117703011393e-21	0.746713936193731	0.345	0.158	2.86775598852659e-16	TCF12	c29
8.52657041328077e-21	1.09938424136176	0.142	0.044	2.87294263505082e-16	RHBDD1	c29
9.01841651051306e-21	0.808451896319589	0.373	0.178	3.03866525905227e-16	RBM23	c29
9.08671188695184e-21	0.497015327300016	0.867	0.612	3.06167670318955e-16	ATP6V0C	c29
9.19272088034229e-21	0.962284515157745	0.291	0.128	3.09739537342253e-16	GLB1	c29
9.52115548277205e-21	0.657164832234767	0.531	0.286	3.20805812836521e-16	TLK1	c29
1.02408063716054e-20	0.651811489655158	0.517	0.272	3.45053729884871e-16	GORASP2	c29
1.02985127078589e-20	0.89486614717334	0.231	0.091	3.46998087178597e-16	ZMPSTE24	c29
1.03162940246044e-20	0.866564590455475	0.326	0.15	3.47597210865019e-16	DLD	c29
1.03819675627518e-20	0.778562620195071	0.319	0.142	3.49810015059359e-16	AGFG2	c29
1.08189671480178e-20	0.672892397771547	0.483	0.247	3.64534279085313e-16	STOML2	c29
1.08330574084e-20	1.01234367172575	0.235	0.094	3.65009036318629e-16	IL15RA	c29
1.10837467536379e-20	0.873217211291182	0.263	0.11	3.73455763117074e-16	HDGF	c29
1.12147949248271e-20	0.821542491852055	0.256	0.105	3.77871300197125e-16	U2AF1	c29
1.1255416778779e-20	0.597247635449993	0.688	0.406	3.7924001294418e-16	CSNK1A1	c29
1.16639971962549e-20	0.620447051743578	0.618	0.349	3.93006721530611e-16	TANK	c29
1.18092687075165e-20	0.707175772701092	0.408	0.198	3.9790149983106e-16	C15orf57	c29
1.19744990108109e-20	0.567624825377903	0.718	0.435	4.03468769670263e-16	AP2M1	c29
1.20745660495213e-20	0.83880461085668	0.196	0.071	4.06840428472569e-16	KDM4B	c29
1.25530017697965e-20	1.394856758081	0.149	0.049	4.22960841631522e-16	FAM213B	c29
1.42376385884133e-20	0.672541366365059	0.396	0.189	4.79722994597999e-16	TSG101	c29
1.44496133450667e-20	1.75650860360555	0.075	0.016	4.86865272048677e-16	TET3	c29
1.54077431699528e-20	0.762479491221331	0.445	0.229	5.19148498368391e-16	ACAA1	c29
1.59764937390477e-20	0.569741614265635	0.781	0.532	5.38311980043474e-16	XRCC5	c29
1.60343441847276e-20	0.898111068831499	0.245	0.1	5.40261192960213e-16	SPSB1	c29
1.62381421489231e-20	0.338160125482371	0.977	0.917	5.47127961565815e-16	SRP14	c29
1.64157124018495e-20	0.651118952197257	0.371	0.172	5.53111013667917e-16	NAA60	c29
1.64965719555417e-20	1.04418713747084	0.228	0.091	5.55835495470021e-16	PHF6	c29
1.75310526494198e-20	2.42237062432656	0.044	0.006	5.9069128796955e-16	PLPPR2	c29
1.79349573842938e-20	0.661362626118593	0.501	0.266	6.04300454106396e-16	YIPF3	c29
1.79509014482903e-20	1.12902272108394	0.17	0.059	6.04837673398693e-16	METTL2A	c29
1.81726651990524e-20	0.743208716739998	0.317	0.141	6.1230978121687e-16	COMMD5	c29
1.86389633131722e-20	0.577784600500616	0.536	0.284	6.28021229874025e-16	PRPF4B	c29
1.93710852359363e-20	0.986653280424351	0.189	0.068	6.52689345939637e-16	TMED1	c29
1.94868614458531e-20	0.619017785967319	0.462	0.232	6.56590309556573e-16	UBQLN1	c29
1.99086866442722e-20	0.87392608294532	0.424	0.216	6.70803287792108e-16	MANF	c29
2.01217160284685e-20	2.32352922560416	0.04	0.005	6.77981099863218e-16	IL23R	c29
2.30931299205243e-20	0.483786139396205	0.862	0.602	7.78099919542145e-16	ICAM3	c29
2.42139007802018e-20	3.17381754059546	0.028	0.003	8.1586317288812e-16	LINC00885	c29
2.43532669416572e-20	1.02760305484933	0.184	0.066	8.20558976332197e-16	MSRB1	c29
2.45073546435291e-20	0.643690983863521	0.434	0.213	8.25750807359068e-16	MRPL28	c29
2.57857985293472e-20	0.724406598780913	0.657	0.406	8.68826695647824e-16	ISG15	c29
2.58276662703789e-20	0.774498451483985	0.252	0.102	8.70237387314148e-16	SMYD3	c29
2.61343316688714e-20	0.603105025047835	0.517	0.274	8.80570171250952e-16	EIF4E2	c29
2.65906439800679e-20	0.888797436737985	0.217	0.083	8.95945158264408e-16	RFK	c29
2.90636897296599e-20	0.560047837246134	0.823	0.551	9.79271961751161e-16	PAIP2	c29
2.918532794794e-20	0.645611203409123	0.569	0.311	9.83370439877889e-16	ATXN10	c29
2.94501159472229e-20	0.475862937152578	0.909	0.7	9.92292206725728e-16	BRK1	c29
2.94753151707059e-20	0.651159508931823	0.487	0.255	9.93141269361763e-16	SDHD	c29
2.96548674895349e-20	1.08784190190454	0.166	0.057	9.9919110519239e-16	SLC25A44	c29
2.97950326337854e-20	2.97036087175727	0.037	0.005	1.00391382956277e-15	TMOD1	c29
3.14538685630746e-20	0.384827407181023	0.977	0.877	1.05980664736424e-15	YWHAZ	c29
3.28911990863708e-20	0.359788234787606	0.958	0.852	1.10823606201618e-15	UBL5	c29
3.29021594170339e-20	0.764251896293498	0.48	0.256	1.10860535939754e-15	CHD1	c29
3.29540137420014e-20	0.779039883042904	0.273	0.115	1.11035253902299e-15	TSPAN31	c29
3.32056169873677e-20	0.690664515491149	0.396	0.195	1.11883005877237e-15	NCOA3	c29
3.39042981676035e-20	0.621392680470198	0.503	0.262	1.14237142245923e-15	RBM42	c29
3.79253509560183e-20	0.634208832753964	0.392	0.187	1.27785677511208e-15	TVP23B	c29
3.79820596328598e-20	1.09378142952656	0.156	0.052	1.27976751726958e-15	ABHD5	c29
4.0312643137381e-20	0.758760762673705	0.301	0.132	1.35829419787091e-15	GPN1	c29
4.36582095583973e-20	0.462224268486039	0.904	0.664	1.47101971286064e-15	MORF4L1	c29
4.47566968424096e-20	0.638171014889185	0.632	0.374	1.50803214340815e-15	MINOS1	c29
4.47784484343298e-20	1.08593513751163	0.196	0.073	1.50876504154631e-15	NDUFB8	c29
4.53239987103152e-20	1.07196198548689	0.2	0.076	1.52714681254536e-15	RNF141	c29
4.57250730842169e-20	0.800834586005685	0.31	0.14	1.5406606124996e-15	FBRS	c29
5.20721396233014e-20	1.02754823869727	0.193	0.072	1.75451867246752e-15	SEC24D	c29
5.2231671876519e-20	0.708704297500717	0.445	0.227	1.75989395220743e-15	BOLA3	c29
5.41247111577005e-20	1.1341342498349	0.152	0.05	1.82367801774756e-15	STK38L	c29
5.4408591636669e-20	0.556999504355701	0.674	0.389	1.83324308660592e-15	PRPF40A	c29
5.52071711459422e-20	0.755475049856573	0.34	0.158	1.86015042459138e-15	ALG5	c29
5.66785106124979e-20	0.939404602825107	0.191	0.07	1.9097257365775e-15	METTL2B	c29
5.73027441650282e-20	0.63206545735151	0.457	0.229	1.93075866189646e-15	NCBP2	c29
5.75019687700869e-20	0.88012177736261	0.303	0.137	1.93747133573931e-15	POLD2	c29
5.80942369325371e-20	0.662226951668612	0.429	0.215	1.95742721920491e-15	SSRP1	c29
5.83324716616992e-20	0.92651251393337	0.168	0.058	1.96545430016929e-15	INF2	c29
5.93692990135371e-20	0.569127230911695	0.604	0.335	2.00038916096212e-15	NUDT21	c29
6.05651971255406e-20	0.775761289554716	0.415	0.21	2.04068375194797e-15	UBASH3A	c29
6.18112092585304e-20	1.53222620119291	0.086	0.021	2.08266688475692e-15	UTS2	c29
6.45298269396616e-20	0.540163620914169	0.739	0.461	2.17426798890496e-15	AUP1	c29
6.60749889267015e-20	1.11217336325722	0.149	0.049	2.22633067689628e-15	UBE2F	c29
6.76100168223753e-20	1.74006465756899	0.086	0.021	2.27805190681311e-15	RNF207	c29
6.80898523689678e-20	0.783802731228923	0.254	0.105	2.29421948572e-15	LLPH	c29
6.82025770887944e-20	0.854649954028686	0.21	0.08	2.29801763242984e-15	TAF9B	c29
7.68999160627021e-20	0.539924583489114	0.66	0.377	2.59106577181668e-15	LSM2	c29
7.76397456272167e-20	0.826633198651177	0.27	0.116	2.61599358916344e-15	CSNK1G3	c29
7.81258238937131e-20	0.58663966609165	0.552	0.297	2.63237151027477e-15	SNRPA1	c29
7.95622851758901e-20	0.735865505281267	0.366	0.179	2.68077163671644e-15	HOXB2	c29
7.96628282763966e-20	0.632756690574736	0.471	0.245	2.68415933594491e-15	NASP	c29
8.21710145711879e-20	0.695492675562333	0.413	0.205	2.76867016496161e-15	YARS	c29
8.21857074452193e-20	0.494277728658368	0.59	0.345	2.76916522665922e-15	MX1	c29
8.32114259154486e-20	1.25961772759178	0.126	0.038	2.80372578479513e-15	NOMO2	c29
8.81142489608211e-20	0.585617426564656	0.389	0.186	2.96892150448591e-15	TIA1	c29
8.81304385433669e-20	0.641054011918983	0.357	0.165	2.9694669962802e-15	TOR1A	c29
9.07539954069083e-20	0.87885075230672	0.212	0.082	3.05786512124037e-15	CBWD5	c29
9.53660462937636e-20	0.512790508338741	0.862	0.595	3.21326356382207e-15	SEC61G	c29
9.54443890549152e-20	0.665228041454539	0.441	0.227	3.21590324481631e-15	ZNFX1	c29
9.55672480500727e-20	0.638264355539471	0.487	0.253	3.22004285579915e-15	UBE2A	c29
9.73339033017938e-20	0.658223000438625	0.469	0.24	3.27956853785064e-15	TIPRL	c29
9.82543676309236e-20	1.1416360307618	0.191	0.072	3.31058266295634e-15	TXLNA	c29
1.00389149923926e-19	0.809530022841547	0.203	0.077	3.38251201753675e-15	EDARADD	c29
1.00921224957725e-19	0.737610133731913	0.564	0.322	3.4004397537256e-15	MYDGF	c29
1.01704839299483e-19	0.651769786446389	0.406	0.198	3.42684285535679e-15	RPS6KB2	c29
1.03916831427264e-19	1.15771555400738	0.133	0.041	3.50137371811023e-15	POFUT1	c29
1.04549531918121e-19	0.664283736411801	0.485	0.255	3.52269192844919e-15	DERL1	c29
1.09307171035456e-19	1.03946955626332	0.121	0.036	3.68299582086865e-15	PLCL1	c29
1.12111995422383e-19	1.27898419687798	0.128	0.039	3.77750157376176e-15	ZFP91	c29
1.21209517950266e-19	0.714664157986554	0.347	0.163	4.08403349781628e-15	GPAA1	c29
1.21920881777658e-19	0.703885860268133	0.424	0.215	4.10800219061642e-15	GSPT1	c29
1.22459951190263e-19	0.764358225124056	0.31	0.14	4.12616559540473e-15	FNDC3A	c29
1.25307142104181e-19	0.968685772718965	0.317	0.15	4.22209884605829e-15	NOLC1	c29
1.27644878233408e-19	1.00857541669407	0.189	0.07	4.30086652719643e-15	DGKH	c29
1.31288692672807e-19	0.552591929645168	0.573	0.314	4.42364121091758e-15	PPP1R7	c29
1.32442918077506e-19	0.561924856549728	0.583	0.319	4.46253168170348e-15	EMC10	c29
1.38373770237237e-19	0.845841638309302	0.217	0.084	4.66236581437346e-15	TMEM189	c29
1.45011155261133e-19	0.629234242090751	0.487	0.254	4.88600586536861e-15	NR1H2	c29
1.45173763306071e-19	0.509118000947703	0.837	0.593	4.89148478083475e-15	SLC25A5	c29
1.45840096890846e-19	0.775125702123503	0.329	0.153	4.91393622464017e-15	PSME3	c29
1.51171258688594e-19	0.59131524981962	0.562	0.299	5.09356439025348e-15	C14orf119	c29
1.51851829220269e-19	3.28316779543298	0.023	0.002	5.11649553374774e-15	SMIM24	c29
1.56447676876989e-19	0.629696299782832	0.434	0.216	5.27134802469325e-15	CHCHD1	c29
1.57492344058305e-19	0.559131616947504	0.741	0.473	5.30654704070054e-15	PDCD6	c29
1.58048889393694e-19	1.74456010161513	0.093	0.024	5.32529927923114e-15	WDHD1	c29
1.59481729901535e-19	0.617492741860489	0.464	0.236	5.37357740730233e-15	ZCRB1	c29
1.60965569840572e-19	0.731562299721206	0.394	0.197	5.42357391020823e-15	TM9SF2	c29
1.6322645913639e-19	0.860514050559754	0.326	0.159	5.49975231414154e-15	MT1E	c29
1.69775290969485e-19	0.688910166795308	0.371	0.177	5.72040865392583e-15	RP11-325F22.2	c29
1.706383780945e-19	0.631423855399379	0.508	0.269	5.7494895115161e-15	MAPRE1	c29
1.82120043159566e-19	0.571606342640158	0.506	0.261	6.13635273421841e-15	MED4	c29
1.90741630965716e-19	0.525173614068051	0.695	0.431	6.42684851375885e-15	USP15	c29
1.94034905678148e-19	0.942146594303963	0.203	0.078	6.53781211191954e-15	RNF121	c29
1.94107952857506e-19	0.624460368679236	0.471	0.243	6.54027336358079e-15	MRPS15	c29
1.96203181169992e-19	0.631914237478851	0.438	0.221	6.61086998634172e-15	MRPL16	c29
2.00566306744276e-19	0.608727120194395	0.485	0.252	6.75788113944164e-15	PSMC6	c29
2.17644328880426e-19	0.660797538154718	0.448	0.229	7.33330801729707e-15	TUSC2	c29
2.1783346891435e-19	0.764615950651967	0.275	0.119	7.3396809016001e-15	RNGTT	c29
2.2073037232347e-19	0.946257111720775	0.189	0.07	7.43728916506701e-15	SPTSSA	c29
2.20967536618376e-19	0.648172440966655	0.485	0.253	7.44528017881957e-15	CD2BP2	c29
2.31866877328223e-19	0.827057397254269	0.24	0.099	7.81252256469714e-15	STT3A	c29
2.37604656426118e-19	0.805635046212207	0.291	0.129	8.00585129362162e-15	ECE1	c29
2.69528485502426e-19	0.588482888431965	0.48	0.248	9.08149279051875e-15	NUDT22	c29
2.83389642952444e-19	0.822531347736804	0.247	0.102	9.54853062963965e-15	DUS3L	c29
2.87699017228056e-19	1.34653960821753	0.096	0.025	9.69373068648213e-15	LINC00891	c29
2.98426316061607e-19	0.901354847084878	0.226	0.092	1.00551762933798e-14	OGG1	c29
3.00509608922484e-19	0.85362806814193	0.231	0.094	1.01253707630342e-14	FTSJ3	c29
3.09550671820802e-19	2.63497021500354	0.061	0.012	1.04300003363301e-14	CEP55	c29
3.19997732213781e-19	0.621318036782636	0.368	0.175	1.07820035892111e-14	SURF2	c29
3.32507036004866e-19	3.1301223462608	0.023	0.002	1.1203492071148e-14	RP3-330M21.5	c29
3.35759751622966e-19	0.617718006158295	0.545	0.292	1.13130890711842e-14	LBR	c29
3.42498260250709e-19	0.807339010490855	0.254	0.108	1.15401363808874e-14	SUSD6	c29
3.56989465018329e-19	1.46640151944525	0.117	0.035	1.20284030343276e-14	PANX1	c29
3.66871644808311e-19	1.84880452432506	0.075	0.017	1.23613732001712e-14	TRIP6	c29
3.69418281399458e-19	0.888833395560783	0.235	0.097	1.24471795734733e-14	MESDC1	c29
3.77305511328931e-19	0.967974511871561	0.193	0.073	1.2712931898717e-14	FAM50B	c29
3.80156279688408e-19	0.710407206721893	0.322	0.148	1.28089856878212e-14	UBE2D1	c29
3.80327416140239e-19	0.611177975793421	0.403	0.197	1.28147519594292e-14	IER3IP1	c29
3.80874716477189e-19	0.606669614483886	0.559	0.309	1.28331926969824e-14	POLR2I	c29
4.04360046184685e-19	0.617471582461685	0.401	0.197	1.36245073961468e-14	MALSU1	c29
4.06426759272154e-19	0.929481143424995	0.207	0.081	1.3694143226916e-14	NRAS	c29
4.21653425627465e-19	1.1139493302358	0.145	0.048	1.42071905230918e-14	CTU2	c29
4.29551261715763e-19	0.587775832844715	0.524	0.29	1.44733002122509e-14	SMARCA5	c29
4.31288024920926e-19	1.46971735274349	0.103	0.028	1.45318187116857e-14	VWA5A	c29
4.45444197703091e-19	2.18992914117667	0.047	0.008	1.50087967974079e-14	FAM109B	c29
4.46088959909749e-19	0.699407463199805	0.38	0.185	1.50305214151991e-14	TIMMDC1	c29
4.50182576870397e-19	0.768811778462331	0.266	0.115	1.51684517450712e-14	MCM5	c29
4.62448193896561e-19	0.692277136306997	0.396	0.198	1.55817294451507e-14	NDUFA8	c29
4.7194938320826e-19	0.76719442826101	0.284	0.125	1.59018625178191e-14	RSPRY1	c29
4.90907852419439e-19	0.792878626919254	0.263	0.112	1.65406491794206e-14	MYCBP	c29
4.90994805013764e-19	1.09028785433839	0.172	0.062	1.65435789601337e-14	FAM89B	c29
5.19046398259786e-19	0.47624427722188	0.916	0.727	1.74887493429652e-14	SPCS1	c29
5.28202907746713e-19	0.625559704436535	0.382	0.184	1.77972687736178e-14	SREK1	c29
5.34396084046591e-19	0.684885434106457	0.291	0.128	1.80059416558658e-14	AP3M1	c29
5.47638761214854e-19	0.546232804785008	0.622	0.355	1.84521404203733e-14	PTBP1	c29
5.48205563124545e-19	0.729053374357342	0.366	0.178	1.84712382439184e-14	PRKAG1	c29
5.65423757719251e-19	4.3386021820336	0.012	0	1.90513880925924e-14	TET2-AS1	c29
5.74751949197025e-19	0.755840445155928	0.28	0.123	1.93656921762445e-14	HAT1	c29
5.83363205561463e-19	0.735873611079519	0.268	0.115	1.96558398481879e-14	MRPS28	c29
5.88856357900442e-19	0.869314766302693	0.275	0.122	1.98409261230975e-14	TSR3	c29
6.16205615846486e-19	0.575630758165543	0.548	0.3	2.07624320203315e-14	UBA2	c29
6.29418944762888e-19	1.03428192635614	0.261	0.115	2.12076419248407e-14	PCNXL4	c29
6.2981429125518e-19	0.810467189573819	0.289	0.13	2.1220962729552e-14	ACTL6A	c29
6.6199186182962e-19	0.628922038911324	0.366	0.175	2.23051537924872e-14	PITPNB	c29
6.62985292514823e-19	1.13324202811496	0.145	0.048	2.23386264459945e-14	MAN1A1	c29
6.66122186738591e-19	0.574816514338758	0.59	0.344	2.24443209599701e-14	CASP1	c29
6.75988379115114e-19	0.569164694976096	0.478	0.25	2.27767524459047e-14	VIMP	c29
6.91240284492332e-19	0.795186713897947	0.27	0.118	2.32906501456847e-14	DCTN5	c29
7.09062815755652e-19	4.0115597981684	0.019	0.001	2.38911625140709e-14	CPXM1	c29
7.22362742292096e-19	0.592361714640104	0.529	0.285	2.43392902387899e-14	NDUFS3	c29
7.61480885444879e-19	0.596335170718581	0.473	0.248	2.56573369541797e-14	RAD23B	c29
7.63842633356118e-19	0.590613959702266	0.597	0.334	2.57369136883011e-14	KDELR2	c29
7.70994449217378e-19	1.20891884217249	0.145	0.048	2.59778869719303e-14	TRMT61A	c29
7.79802744842551e-19	0.564183447617564	0.576	0.321	2.62746736847249e-14	DECR1	c29
7.89383092736496e-19	1.98118244399142	0.049	0.008	2.65974739266635e-14	HOXA1	c29
8.56545574120454e-19	0.613598233511218	0.441	0.224	2.88604465744146e-14	BCCIP	c29
9.36570505010307e-19	0.943445550114183	0.268	0.118	3.15568065958173e-14	RUVBL2	c29
9.62574985206397e-19	0.971255860458848	0.247	0.106	3.24330015515443e-14	PNMA1	c29
1.01824536491981e-18	0.940327098827488	0.138	0.044	3.4308759325608e-14	XPO5	c29
1.06262289226805e-18	1.19720923389596	0.161	0.057	3.58040157320797e-14	ASNS	c29
1.0707676145304e-18	0.915266521801311	0.198	0.077	3.60784440039872e-14	DOK1	c29
1.0757004613721e-18	0.608215080265699	0.517	0.283	3.62446513454715e-14	SCAMP3	c29
1.10153256559774e-18	0.627846332262942	0.455	0.237	3.71150382652501e-14	ETFB	c29
1.11654537629817e-18	0.717717073973137	0.601	0.387	3.76208799089904e-14	VASP	c29
1.12271014065056e-18	0.912023231537043	0.21	0.083	3.782859547908e-14	ELK1	c29
1.12283576604026e-18	0.813882978012803	0.277	0.123	3.78328283009604e-14	C19orf12	c29
1.14534408381663e-18	0.948772491219889	0.166	0.059	3.85912235601174e-14	C1orf27	c29
1.15344695462419e-18	0.990122057500025	0.221	0.091	3.88642416891074e-14	CERS4	c29
1.18699995870624e-18	0.864065338466024	0.298	0.137	3.99947766086482e-14	SLC52A2	c29
1.26683837183405e-18	0.532786490554406	0.711	0.428	4.26848521005764e-14	RNF181	c29
1.26888668761156e-18	1.03237353233802	0.147	0.049	4.27538680523839e-14	NRROS	c29
1.31818021056442e-18	0.724241773741548	0.256	0.109	4.44147640147577e-14	TMX3	c29
1.34499112836906e-18	0.619868793803981	0.508	0.277	4.53181310792672e-14	MRPS7	c29
1.37466975655106e-18	0.707270835202451	0.263	0.113	4.63181227772313e-14	MAGOHB	c29
1.41106750351836e-18	0.63379418839332	0.382	0.187	4.75445084635477e-14	MRPL40	c29
1.42810148106265e-18	1.3159971140089	0.14	0.046	4.8118451302925e-14	RCN1	c29
1.48009246006949e-18	0.649490254632096	0.559	0.338	4.98702353495815e-14	RORA	c29
1.51497542995099e-18	2.66177222606867	0.033	0.004	5.10455821367687e-14	PLEKHA7	c29
1.5239608076817e-18	0.826555722350613	0.259	0.112	5.13483354540271e-14	ANKHD1	c29
1.52858589833413e-18	0.598517678193123	0.352	0.166	5.15041732584703e-14	HBS1L	c29
1.55319235678508e-18	0.536239480312182	0.748	0.474	5.23332632695164e-14	SRSF10	c29
1.62584248037931e-18	0.738979436331882	0.34	0.162	5.47811365339004e-14	TMEM120A	c29
1.63748610631437e-18	1.01474847037315	0.159	0.056	5.51734568661563e-14	UBAC1	c29
1.67270285031077e-18	1.18712534451456	0.145	0.049	5.63600498383712e-14	PEX10	c29
1.77563707515353e-18	0.575717799930642	0.427	0.213	5.9828315610223e-14	SLC25A11	c29
1.85335286688384e-18	0.629053323186053	0.378	0.183	6.24468714967841e-14	WDR61	c29
1.86698853753645e-18	0.734955272678191	0.333	0.159	6.29063117837531e-14	ATG4B	c29
1.92327218966831e-18	0.478460396165689	0.818	0.561	6.4802733158684e-14	C14orf166	c29
2.00038887219513e-18	0.672787422799912	0.345	0.164	6.74011026597426e-14	TSN	c29
2.03384809138544e-18	3.51136535216489	0.019	0.001	6.85284775911409e-14	GATA3-AS1	c29
2.03991687198306e-18	3.43695143773172	0.019	0.001	6.87329590845973e-14	TRIM31	c29
2.05027872677031e-18	0.667313906724928	0.389	0.195	6.90820914197989e-14	PIGT	c29
2.09903852943876e-18	0.977422930928173	0.2	0.079	7.07250042109094e-14	UBE2R2	c29
2.11336848944581e-18	0.736916988293025	0.389	0.199	7.12078378833873e-14	HUWE1	c29
2.12045011132064e-18	0.744027862532858	0.31	0.144	7.14464460508376e-14	FBXL15	c29
2.14329722786367e-18	2.9847760083606	0.026	0.003	7.22162567956384e-14	ENOX1	c29
2.20214487136289e-18	0.808189443704198	0.305	0.143	7.41990692957011e-14	SPAG9	c29
2.21707038651936e-18	0.539447795842774	0.576	0.317	7.47019696033833e-14	ICAM2	c29
2.23998114652128e-18	1.01830460413183	0.182	0.069	7.54739247508882e-14	DUSP10	c29
2.27236713793507e-18	0.636458728499643	0.329	0.153	7.65651383455842e-14	SAR1A	c29
2.2898219000185e-18	1.06225568409364	0.17	0.062	7.71532590992233e-14	GRAMD3	c29
2.29063342943952e-18	0.360043236250728	0.979	0.903	7.71806027715352e-14	DDX5	c29
2.36803426831723e-18	0.686464203812502	0.284	0.126	7.97885466366807e-14	DNTTIP1	c29
2.37701203729693e-18	0.740711780675773	0.21	0.083	8.00910435846827e-14	COQ9	c29
2.41174528275347e-18	0.567902878240881	0.846	0.642	8.12613455570953e-14	CORO1B	c29
2.41887392555599e-18	1.58772495764737	0.093	0.025	8.15015380476836e-14	CTNNAL1	c29
2.69458564581523e-18	0.652849021947941	0.333	0.156	9.07913687500983e-14	PAIP1	c29
2.83467962186276e-18	0.668141017196251	0.317	0.146	9.55116951790439e-14	APBA3	c29
2.8802669910788e-18	0.366468952984043	0.96	0.825	9.7047715997409e-14	COX6C	c29
2.88058148063845e-18	0.918140248163155	0.191	0.073	9.70583124086318e-14	PTRH2	c29
2.97560116333921e-18	1.30084713523167	0.156	0.056	1.00259905597551e-13	SLC4A2	c29
3.00863599326499e-18	0.508167781143264	0.711	0.437	1.01372981157071e-13	LAMTOR1	c29
3.02770371378083e-18	0.949875741984896	0.233	0.098	1.02015448932131e-13	LSG1	c29
3.16211844558589e-18	1.10425546480069	0.147	0.05	1.06544418905571e-13	HIST1H2BK	c29
3.21609543684239e-18	1.31976587082293	0.117	0.035	1.08363119648967e-13	RP11-1399P15.1	c29
3.26258338119515e-18	0.643388163789232	0.352	0.168	1.09929484445989e-13	EIF3J	c29
3.26763507143347e-18	2.98693243023096	0.028	0.003	1.10099696096879e-13	MFSD2A	c29
3.56730365364628e-18	0.571179937792271	0.434	0.221	1.20196729305958e-13	KRR1	c29
3.76857711897172e-18	0.820034382546564	0.21	0.084	1.26978437446633e-13	TBC1D7	c29
3.77182604248708e-18	0.668963004871723	0.312	0.144	1.2708790667556e-13	SGMS1	c29
3.82117327151387e-18	0.410967350008775	0.907	0.696	1.28750612210388e-13	PGK1	c29
3.82161667929675e-18	0.519764142946725	0.741	0.458	1.28765552392225e-13	BANF1	c29
3.869805612314e-18	0.644735259013686	0.331	0.155	1.30389230301308e-13	PLRG1	c29
3.89487795774024e-18	1.44094894820613	0.107	0.031	1.312340179081e-13	SEC14L2	c29
3.95513503947748e-18	0.595635574605466	0.431	0.221	1.33264320020154e-13	CPSF6	c29
4.44780335339076e-18	1.39816092644145	0.114	0.035	1.49864286189148e-13	ARPC4-TTLL3	c29
4.50109409376628e-18	0.743656977574815	0.284	0.128	1.51659864395361e-13	FMNL3	c29
4.88484715364427e-18	0.635163677713023	0.317	0.146	1.6459003999489e-13	MCM3	c29
4.93044784672215e-18	0.690360002608664	0.308	0.141	1.66126509747456e-13	ELP5	c29
4.97826990484248e-18	0.96708436780261	0.198	0.078	1.67737826173762e-13	PRMT3	c29
5.00628412394473e-18	0.980017001778398	0.189	0.073	1.68681737272194e-13	DDX10	c29
5.03141772675449e-18	0.506708285912826	0.646	0.373	1.69528588885266e-13	C20orf24	c29
5.03822469237997e-18	0.657150561612955	0.375	0.186	1.69757942785051e-13	TPGS2	c29
5.05721641711924e-18	0.642598771150953	0.483	0.262	1.70397849958416e-13	APOA1BP	c29
5.05906147016074e-18	0.832174723299315	0.226	0.094	1.70460017175596e-13	ASCC1	c29
5.08295656493719e-18	1.02964055286636	0.131	0.042	1.71265138498994e-13	GALNT7	c29
5.15577666899385e-18	0.676041852117942	0.338	0.161	1.73718739085079e-13	ERVK3-1	c29
5.24301292918127e-18	0.658015468237495	0.445	0.234	1.76658077635834e-13	ARPC1A	c29
5.46424731117927e-18	0.689792079979014	0.373	0.186	1.84112348902874e-13	SMC5	c29
5.47699221897772e-18	2.32080420350728	0.033	0.004	1.84541775826235e-13	ARL11	c29
5.70530318901426e-18	2.8807406823826	0.019	0.001	1.92234485650646e-13	LINC00469	c29
5.70793923599852e-18	2.22480233274088	0.035	0.005	1.92323304617734e-13	CARD9	c29
5.8937009197804e-18	0.58307009260195	0.646	0.381	1.98582358791081e-13	AP2S1	c29
5.92123818420944e-18	0.773944180111696	0.231	0.096	1.99510199378753e-13	SKAP2	c29
6.35349463434549e-18	0.57052318970885	0.529	0.288	2.14074648209637e-13	TXN2	c29
6.46653711961375e-18	0.724667986407979	0.289	0.132	2.17883501708266e-13	TRIAP1	c29
6.97232133962745e-18	0.698297603741689	0.361	0.178	2.34925395217407e-13	PRDM2	c29
7.05763857111357e-18	0.70435076228152	0.312	0.146	2.37800074015101e-13	IKBKG	c29
7.24407156686403e-18	0.816714211946869	0.305	0.143	2.44081747373917e-13	CYB5A	c29
7.25478615116874e-18	0.747593689049198	0.364	0.183	2.44442764577479e-13	RAB5A	c29
7.25947702842054e-18	0.530275039459186	0.399	0.199	2.44600818995602e-13	FAM192A	c29
8.11493236891794e-18	0.530371387189239	0.732	0.463	2.73424531238321e-13	NDUFA12	c29
8.12614041003348e-18	0.57647750305592	0.678	0.408	2.73802174975668e-13	CCT7	c29
8.30062333103158e-18	0.616252789873195	0.483	0.259	2.79681202515778e-13	BECN1	c29
8.37537534507137e-18	0.9212520734388	0.189	0.073	2.82199896876835e-13	ARFIP1	c29
8.48240583939061e-18	0.612865614401333	0.361	0.175	2.85806182352427e-13	EHMT1	c29
8.58862964793475e-18	0.70001951966464	0.364	0.181	2.89385287357513e-13	SNAPIN	c29
8.65762337626422e-18	0.530681631026618	0.599	0.343	2.91709962039847e-13	COX16	c29
8.78473428585057e-18	0.710819088835728	0.249	0.107	2.95992837027449e-13	C8orf76	c29
8.92535539902247e-18	0.439250391301212	0.874	0.688	3.00730924814663e-13	CAP1	c29
8.9400635983067e-18	1.53432745233262	0.084	0.021	3.01226502881346e-13	CHAC2	c29
9.11986338472267e-18	0.552092805227958	0.734	0.473	3.07284676884845e-13	PSAP	c29
9.22142205406925e-18	0.370745359529626	0.96	0.842	3.10706594689809e-13	GABARAP	c29
9.295136934435e-18	0.963018015271563	0.198	0.079	3.13190343868853e-13	PRKAB1	c29
9.29984042162722e-18	0.576727744089351	0.636	0.383	3.13348823166307e-13	ILF3	c29
9.41947591175639e-18	0.598146983019474	0.394	0.195	3.1737982137072e-13	PDE6D	c29
9.49507849316879e-18	0.87555178967709	0.212	0.086	3.19927174748829e-13	PGM2	c29
1.0054840083404e-17	0.651294852423172	0.289	0.13	3.38787781770216e-13	EMC8	c29
1.01560079706991e-17	0.599865713145012	0.287	0.129	3.42196532564735e-13	SOAT1	c29
1.03202502809085e-17	0.497411327002159	0.671	0.395	3.4773051296493e-13	TOMM22	c29
1.04974834136667e-17	0.648539427846644	0.387	0.194	3.53702206140087e-13	DHX9	c29
1.10595300440689e-17	0.656062661677155	0.361	0.178	3.72639805304858e-13	IL10RB	c29
1.13190011684274e-17	0.688860090322671	0.303	0.14	3.81382425368993e-13	LAMP2	c29
1.1386768965914e-17	0.599500595508259	0.336	0.159	3.83665793537506e-13	PRCC	c29
1.13916883277579e-17	0.612975779897202	0.417	0.216	3.83831546515476e-13	RRAGA	c29
1.14704428812366e-17	2.43546021395752	0.042	0.007	3.86485102440387e-13	PROB1	c29
1.1555400110631e-17	1.16930646841018	0.133	0.044	3.89347651327602e-13	MIB1	c29
1.15890395529532e-17	0.556618250024735	0.601	0.34	3.90481098697206e-13	LRPAP1	c29
1.22723716509582e-17	0.695975701549529	0.312	0.147	4.13505290407385e-13	AAGAB	c29
1.23294550056457e-17	2.45510159714173	0.03	0.004	4.15428656960225e-13	SLC12A5	c29
1.23485872758985e-17	0.507282209581996	0.758	0.516	4.16073299674126e-13	SUMO1	c29
1.25826386213323e-17	0.572081229012667	0.308	0.143	4.23959425707171e-13	SMC4	c29
1.27969199511815e-17	0.76552955362098	0.322	0.154	4.31179420835108e-13	C4orf27	c29
1.30508142273952e-17	1.1173255292756	0.128	0.042	4.39734134577852e-13	SCFD2	c29
1.32274973388817e-17	0.654861193582328	0.389	0.197	4.45687295336279e-13	RIC8A	c29
1.34072969500924e-17	0.637721523013041	0.326	0.153	4.51745463436415e-13	DEDD	c29
1.36362777923733e-17	0.53797066516562	0.65	0.386	4.59460743936227e-13	LAMTOR5	c29
1.42485814550041e-17	0.611560446853621	0.434	0.228	4.80091703544907e-13	EPRS	c29
1.42834839245573e-17	2.60421423873385	0.037	0.005	4.81267707354034e-13	CDH1	c29
1.45240475445792e-17	0.589260641186012	0.459	0.248	4.89373257967053e-13	STAU1	c29
1.46729357720202e-17	0.556647225824019	0.515	0.281	4.94389897902447e-13	LSM10	c29
1.46752276343082e-17	0.696521770823842	0.254	0.11	4.9446711991038e-13	CHMP6	c29
1.48726742295248e-17	0.858478527214564	0.228	0.097	5.01119885489609e-13	SGTA	c29
1.52456809169023e-17	1.6426482342606	0.086	0.023	5.13687972814104e-13	ZNF280C	c29
1.53085552811427e-17	0.720202805608259	0.207	0.083	5.15806461642822e-13	ANAPC2	c29
1.53753082669656e-17	1.5899265101087	0.072	0.017	5.18055636747139e-13	KSR1	c29
1.5612409699946e-17	0.661695251201879	0.301	0.138	5.26044532429981e-13	CWC27	c29
1.63401873783356e-17	0.660439200634248	0.315	0.148	5.5056627352564e-13	RPL26L1	c29
1.72315564375959e-17	1.73538565520802	0.07	0.016	5.80600062608355e-13	SLC36A1	c29
1.78959038557258e-17	0.982599883823269	0.163	0.06	6.02984584514825e-13	FAM98A	c29
1.82069485108366e-17	4.20090077342494	0.014	0.001	6.13464923124127e-13	CDC42EP1	c29
1.8769005493859e-17	3.91366246509876	0.014	0.001	6.32402871110085e-13	NCAM1	c29
1.90460065543964e-17	0.6556324768383	0.455	0.247	6.41736144843834e-13	EIF4G1	c29
1.93913426589232e-17	0.499490249827718	0.825	0.623	6.53371899549758e-13	POLR2L	c29
2.21095158542878e-17	0.680491612594185	0.758	0.546	7.44958027194372e-13	SLA	c29
2.27218788229678e-17	0.460322852601364	0.83	0.589	7.65590985061076e-13	DBI	c29
2.29128837168002e-17	0.601195940285941	0.396	0.199	7.72026703953866e-13	SMIM15	c29
2.34733902357749e-17	0.555591179226523	0.464	0.245	7.90912410604199e-13	SUGT1	c29
2.38209565006641e-17	0.65728752658153	0.403	0.209	8.02623308333376e-13	PFDN6	c29
2.48205633163148e-17	0.559681322391799	0.657	0.404	8.36304060379911e-13	LRP10	c29
2.54887333098365e-17	0.66735079454481	0.417	0.219	8.58817380141631e-13	PDHB	c29
2.6004540885351e-17	1.3518375868883	0.112	0.034	8.76197000591015e-13	SEMA4A	c29
2.7378216601656e-17	0.414863374453389	0.858	0.66	9.22481630176196e-13	SHFM1	c29
2.82914196490424e-17	0.587176133321072	0.522	0.289	9.53251093654834e-13	MRPL14	c29
2.85508581996265e-17	0.699078620516621	0.466	0.264	9.61992616178214e-13	SYTL3	c29
2.90673768105644e-17	0.690701574254476	0.294	0.137	9.79396194255155e-13	CCAR2	c29
2.98179243857623e-17	0.481584181900321	0.858	0.612	1.00468514425387e-12	RBM8A	c29
3.01479360651527e-17	0.771912624157826	0.231	0.098	1.01580455777926e-12	ERAL1	c29
3.07436909551779e-17	2.71221646169251	0.033	0.004	1.03587792304376e-12	MMEL1	c29
3.25128623743742e-17	1.02015768110281	0.152	0.054	1.09548838484216e-12	TET2	c29
3.29990720475412e-17	0.584064797980824	0.585	0.352	1.11187073356985e-12	EIF3A	c29
3.36255232302883e-17	0.500140463424265	0.746	0.482	1.13297837972133e-12	LMAN2	c29
3.39331660898438e-17	0.381920792616936	0.946	0.78	1.1433440982312e-12	ATP6V0E1	c29
3.51172184366867e-17	0.520600305021475	0.517	0.28	1.18323955800572e-12	PEF1	c29
3.54055519596323e-17	0.87719559999504	0.224	0.095	1.19295466772785e-12	MAPK13	c29
3.63204177303478e-17	0.952042161363454	0.142	0.049	1.22378015500634e-12	PPP2R1B	c29
3.64808087114649e-17	0.804552147540594	0.233	0.1	1.2291843687241e-12	AAR2	c29
3.78993991504934e-17	0.522689693562692	0.597	0.348	1.27698235497672e-12	RBBP4	c29
3.80708723298979e-17	1.08081438666522	0.163	0.061	1.28275997228358e-12	CXorf40A	c29
3.81573196095054e-17	1.3052803987224	0.112	0.035	1.28567272692267e-12	PPP1R3F	c29
3.98142043169755e-17	0.786825469649674	0.287	0.135	1.34149980025617e-12	SNX10	c29
4.10684439482428e-17	4.24349102411079	0.012	0.001	1.38376015039209e-12	CASQ1	c29
4.42564056109841e-17	0.983409439676239	0.217	0.092	1.4911753306565e-12	LARP4	c29
4.56530442226589e-17	0.75769216898517	0.282	0.131	1.53823367203827e-12	RP11-345J4.5	c29
4.59599257870187e-17	1.62806347761776	0.086	0.023	1.54857373946781e-12	CD274	c29
4.93380599578033e-17	0.657290866482709	0.294	0.136	1.66239659221822e-12	TFPT	c29
4.9587288676254e-17	0.541986561829274	0.368	0.18	1.6707941046577e-12	SKA2	c29
4.97154121777163e-17	0.57102265778757	0.464	0.25	1.67511109791597e-12	SNX1	c29
4.99111241073044e-17	0.566703361048702	0.415	0.213	1.68170541567151e-12	UBE2J2	c29
5.07446496707193e-17	1.04930063734789	0.142	0.049	1.70979022600522e-12	EMC1	c29
5.0797385064157e-17	0.645842452026649	0.287	0.132	1.71156709235171e-12	EXOC1	c29
5.15253132521054e-17	0.40863372792782	0.9	0.724	1.73609390471644e-12	TMEM258	c29
5.24404509665346e-17	0.503676259146922	0.823	0.588	1.76692855486642e-12	COX7B	c29
5.25641826779695e-17	1.01407010925178	0.168	0.063	1.7710975711515e-12	TSR1	c29
5.36198930724432e-17	1.30052867200859	0.124	0.04	1.8066686771829e-12	GMNN	c29
5.41738709574321e-17	0.695069253707837	0.235	0.101	1.82533440803972e-12	TOB2	c29
5.48739432635509e-17	0.839198932712404	0.24	0.105	1.84892264432208e-12	LY96	c29
5.51575121384555e-17	0.512496895731407	0.541	0.297	1.85847721399312e-12	PPP6C	c29
5.5968481078042e-17	0.657350829731847	0.385	0.198	1.88580200144355e-12	PDIA4	c29
5.61911071975654e-17	0.58518346029198	0.464	0.252	1.89330316591477e-12	ORMDL2	c29
5.62360050044875e-17	0.527226709329381	0.751	0.472	1.8948159526212e-12	TAX1BP1	c29
5.75907514803145e-17	0.488312130760294	0.783	0.558	1.94046278037772e-12	PRELID1	c29
5.89750586513183e-17	0.604605400249729	0.413	0.215	1.98710562619752e-12	ERCC1	c29
6.04697293054813e-17	0.441141428440396	0.853	0.654	2.03746705921889e-12	HNRNPA0	c29
6.25299274017169e-17	0.59437943332362	0.305	0.143	2.10688337387345e-12	AP3D1	c29
6.55588148161061e-17	0.762599155625879	0.221	0.093	2.20893870641388e-12	ETFDH	c29
6.70162092575081e-17	0.603025386465841	0.422	0.225	2.25804415472248e-12	CREB1	c29
6.99915290889426e-17	0.608668474503854	0.28	0.127	2.35829458112283e-12	NAPRT	c29
7.05767067353747e-17	0.522355468091264	0.632	0.384	2.37801155674172e-12	ZBTB38	c29
7.31693245564783e-17	0.805797470526826	0.21	0.087	2.46536722160598e-12	PLEKHM1	c29
7.46604375910567e-17	3.61665632732884	0.019	0.002	2.51560878419307e-12	OPLAH	c29
7.51679500098952e-17	0.669819268571781	0.242	0.105	2.53270890763341e-12	IMPA1	c29
7.52544343846164e-17	1.80032854187809	0.07	0.017	2.53562291215527e-12	FAM43A	c29
7.61540527081781e-17	0.887762200225833	0.177	0.068	2.56593465194935e-12	CPSF3	c29
7.9670521230875e-17	0.621483050230622	0.359	0.179	2.6844185423531e-12	TBL1XR1	c29
8.21277588071334e-17	0.563862063960298	0.396	0.203	2.76721270524755e-12	EIF2S1	c29
8.27403892475573e-17	0.614657298684128	0.35	0.172	2.78785467530719e-12	EIF2B1	c29
8.27877330736995e-17	0.775876614789721	0.238	0.104	2.78944987818523e-12	NAPG	c29
8.33813496307739e-17	3.52545784839518	0.016	0.001	2.8094511944593e-12	CTD-2377D24.4	c29
8.44845295164231e-17	0.495886279073022	0.669	0.404	2.84662173752636e-12	SET	c29
8.53032597533784e-17	0.72172606497187	0.247	0.109	2.87420803413033e-12	VRK2	c29
8.82135652320044e-17	0.844994404288233	0.336	0.171	2.97226786692716e-12	TBX21	c29
8.83804640144539e-17	0.548287848538357	0.667	0.426	2.97789135450301e-12	PAPOLA	c29
9.75998087626271e-17	0.589049830651972	0.431	0.226	3.28852795644796e-12	PRELID3B	c29
9.90433378018496e-17	0.910501867457921	0.17	0.065	3.33716622389552e-12	HN1L	c29
1.01766396342241e-16	0.541120352856053	0.662	0.404	3.42891695835547e-12	VMP1	c29
1.03174435856184e-16	0.389421320635377	0.972	0.833	3.47635944173826e-12	PPIB	c29
1.04089331571877e-16	0.853471912411869	0.217	0.092	3.50718593798283e-12	MAN2C1	c29
1.0460975393771e-16	0.65555497942577	0.422	0.226	3.5247210491772e-12	SMARCB1	c29
1.07184240620329e-16	0.420739120528745	0.853	0.626	3.61146580346137e-12	LRRFIP1	c29
1.07562189469103e-16	0.597645627278018	0.417	0.219	3.62420041197195e-12	PNKP	c29
1.08192554066254e-16	0.441097398731236	0.851	0.603	3.64543991670836e-12	ARF5	c29
1.10067182025592e-16	0.712351648479153	0.401	0.211	3.70860363117029e-12	TIMM13	c29
1.10735462689893e-16	0.766028980732049	0.249	0.111	3.73112067987326e-12	KCTD20	c29
1.12488848344862e-16	0.485775059751333	0.361	0.175	3.79019925613177e-12	MED8	c29
1.14296236942249e-16	0.497295202994034	0.723	0.465	3.85109740753213e-12	CBX3	c29
1.16430759459733e-16	0.527634172283096	0.434	0.227	3.92301800923624e-12	TSTA3	c29
1.16644587974209e-16	0.728755390927298	0.249	0.11	3.93022274720299e-12	ISY1	c29
1.17151886024736e-16	1.61637076086107	0.072	0.018	3.94731564771746e-12	CLCF1	c29
1.19191742866687e-16	2.31533506140871	0.037	0.006	4.01604658415015e-12	RP3-395M20.9	c29
1.20139789603986e-16	0.830927594876721	0.193	0.078	4.0479900709167e-12	SLC25A13	c29
1.31893333463106e-16	0.518917511009639	0.459	0.243	4.4440139777059e-12	RALGDS	c29
1.37577052327281e-16	0.52782512628942	0.476	0.254	4.63552120111539e-12	ECHS1	c29
1.39431956675317e-16	0.52673430051688	0.622	0.376	4.69802034821813e-12	ZNF207	c29
1.40599120231958e-16	0.810368635895302	0.221	0.095	4.73734675709558e-12	VPS16	c29
1.42114036798955e-16	0.577340541721842	0.38	0.193	4.78839035590398e-12	PDCL3	c29
1.46682422557402e-16	0.591141667714883	0.506	0.285	4.94231754564912e-12	TMPO	c29
1.50955023633976e-16	1.72153215183397	0.065	0.015	5.08627856632317e-12	URB2	c29
1.51645048357025e-16	0.569300157796242	0.436	0.231	5.10952825934161e-12	RPP21	c29
1.5263483232285e-16	0.976491533609927	0.149	0.054	5.1428780402861e-12	TEX30	c29
1.54038174912308e-16	0.781942437433776	0.282	0.133	5.19016226549531e-12	PICALM	c29
1.60942495128528e-16	0.534624617306326	0.517	0.285	5.42279643086064e-12	UFD1L	c29
1.64667787195067e-16	0.551844363277523	0.639	0.392	5.54831642175059e-12	NME3	c29
1.68367762846701e-16	0.481929367356085	0.615	0.372	5.67298340135673e-12	DDX3X	c29
1.68949120982027e-16	0.45847458869485	0.844	0.629	5.69257168236843e-12	SH3BGRL	c29
1.70492108900662e-16	0.50520832299507	0.373	0.185	5.74456111729889e-12	PPP2R3C	c29
1.70898501353325e-16	0.325209846520914	0.972	0.855	5.75825410459895e-12	PSMB9	c29
1.72467730165781e-16	0.56978610749105	0.375	0.191	5.81112770020582e-12	SMARCC1	c29
1.72631281812297e-16	0.862814917270849	0.231	0.101	5.81663840938354e-12	EGLN1	c29
1.74632357102301e-16	0.503431762866573	0.406	0.205	5.88406264020494e-12	VPS72	c29
1.7513727904048e-16	0.557570257990895	0.718	0.467	5.90107547998994e-12	WHSC1L1	c29
1.7584000705046e-16	0.568931396308077	0.716	0.487	5.9247531975582e-12	CSK	c29
1.76262690020373e-16	0.725237410745098	0.709	0.479	5.93899507754644e-12	IER2	c29
1.76655500125749e-16	0.856193420604425	0.196	0.08	5.95223042123698e-12	RAB21	c29
1.77275901271378e-16	0.76352603856334	0.235	0.103	5.97313421743782e-12	GNL2	c29
1.77475081870032e-16	1.02430299607412	0.135	0.047	5.97984540852885e-12	LXN	c29
1.78364217328182e-16	1.47131828756939	0.098	0.029	6.00980393865578e-12	ANKS1B	c29
1.78473599691323e-16	0.55340101147695	0.734	0.482	6.01348946799944e-12	P4HB	c29
1.78482497606286e-16	0.577426111144023	0.315	0.15	6.0137892743462e-12	UROD	c29
1.8281874313266e-16	1.39377525489943	0.086	0.024	6.15989473111185e-12	GLIDR	c29
1.85530139887363e-16	0.55775836845654	0.462	0.254	6.25125253336482e-12	DDRGK1	c29
1.8573980965357e-16	0.577847173243452	0.49	0.269	6.25831714646737e-12	ADSL	c29
1.87772298793146e-16	0.370796222144417	0.981	0.933	6.32679983553627e-12	NPM1	c29
1.92588939174333e-16	0.484090636644152	0.66	0.426	6.48909171653999e-12	CTSA	c29
1.95826144480272e-16	0.461711312590774	0.844	0.615	6.5981661121183e-12	SRP9	c29
1.99819014511176e-16	0.94899775167655	0.189	0.077	6.73270187493955e-12	EIF4G3	c29
2.00165167947504e-16	0.830915896587413	0.182	0.071	6.74436516882319e-12	UMPS	c29
2.02565304878663e-16	0.691139217025515	0.261	0.119	6.82523538258167e-12	TDP1	c29
2.05047401392152e-16	0.831753284224714	0.207	0.086	6.90886714250716e-12	PHLDB3	c29
2.08675028499938e-16	0.503651430376586	0.767	0.543	7.0310964102769e-12	CD164	c29
2.13349406001335e-16	0.776037681379811	0.254	0.115	7.188594885809e-12	CANT1	c29
2.21235530222111e-16	1.2270499728586	0.093	0.027	7.45430995530381e-12	DDX47	c29
2.2293113356514e-16	0.833462579329571	0.207	0.087	7.51144161434383e-12	CSGALNACT1	c29
2.25551437452616e-16	0.502335089487732	0.669	0.408	7.59973013352843e-12	PSMF1	c29
2.28332932023759e-16	0.533787842668177	0.786	0.552	7.69344981160852e-12	UQCRQ	c29
2.30598202237784e-16	0.971807720432008	0.168	0.065	7.76977582619991e-12	NCALD	c29
2.51651491521577e-16	0.772491383525218	0.219	0.093	8.479145355328e-12	WBSCR16	c29
2.53604268474234e-16	0.573309336111212	0.538	0.317	8.54494222197085e-12	FAM96A	c29
2.54837505446067e-16	0.840560236087104	0.266	0.124	8.58649490849979e-12	EHD4	c29
2.55666550573024e-16	0.82044335836815	0.266	0.124	8.61442875500748e-12	PTEN	c29
2.58756223908731e-16	0.475665452611881	0.711	0.46	8.71853220838078e-12	SPCS2	c29
2.61839529827814e-16	3.98660965927809	0.012	0.001	8.82242111801837e-12	LTBR	c29
2.85378730159749e-16	0.652828124541281	0.35	0.178	9.61555093400259e-12	RUNX1	c29
2.90563088522697e-16	0.485907644515743	0.65	0.393	9.79023270468374e-12	RAB2A	c29
2.93644317678305e-16	0.760106263458662	0.184	0.073	9.8940516398528e-12	PISD	c29
3.11925115919843e-16	1.63365364460957	0.056	0.012	1.05100048558032e-11	SPINT1	c29
3.18672272825756e-16	0.555994035080128	0.312	0.148	1.0737343560591e-11	ATP6V1D	c29
3.1868291808116e-16	0.650101689604459	0.366	0.189	1.07377022418266e-11	CD320	c29
3.24262444156846e-16	0.883199248413381	0.196	0.081	1.09256987934208e-11	NAA25	c29
3.30840304021854e-16	0.526699807612033	0.653	0.411	1.11473332037123e-11	TCEB1	c29
3.3428861091606e-16	0.504774956691047	0.49	0.274	1.12635204562057e-11	HNRNPD	c29
3.35844903127787e-16	0.760939367472605	0.247	0.111	1.13159581659876e-11	RUVBL1	c29
3.4364873151096e-16	0.711470606255794	0.34	0.17	1.15789003595303e-11	PRPF19	c29
3.59102812012278e-16	0.563557866278823	0.464	0.253	1.20996101479417e-11	RNF5	c29
3.81659278349573e-16	0.586171343380485	0.478	0.262	1.28596277247105e-11	PSMD2	c29
3.94393542460493e-16	0.695168719954856	0.289	0.136	1.32886960196639e-11	NCSTN	c29
4.01997687871582e-16	0.969606583609528	0.163	0.062	1.35449100951451e-11	C5orf63	c29
4.206302812255e-16	0.642473465950547	0.373	0.192	1.4172716695612e-11	MRPL36	c29
4.3128065735826e-16	0.789502650611382	0.217	0.093	1.45315704690292e-11	MRRF	c29
4.381074345919e-16	0.350539824364042	0.478	0.261	1.47615919011395e-11	HSPH1	c29
4.42562629682674e-16	0.548532977376159	0.406	0.213	1.4911705244528e-11	EIF2AK1	c29
4.43374598968918e-16	0.508482808747487	0.699	0.474	1.49390637376587e-11	MRPL20	c29
4.4983802852159e-16	0.728610738068611	0.256	0.118	1.51568425330065e-11	ASMTL	c29
4.52558357615744e-16	0.57046904271386	0.301	0.142	1.52485013015049e-11	ZNF106	c29
4.90081036458228e-16	0.638218137834276	0.256	0.116	1.65127904424235e-11	NDRG1	c29
5.06495556003353e-16	0.556897265852985	0.364	0.184	1.7065861263977e-11	TMEM256-PLSCR3	c29
5.12386940281723e-16	2.1510636883503	0.049	0.009	1.72643655658524e-11	NTRK2	c29
5.22812519443713e-16	0.740130253209534	0.338	0.172	1.76156450301365e-11	DNAJC3	c29
5.36001342692878e-16	1.11025466383589	0.135	0.047	1.80600292406938e-11	SLC35A1	c29
5.75748325521829e-16	0.60697442078324	0.326	0.16	1.93992640801325e-11	ST6GALNAC6	c29
5.7614326726811e-16	0.598079384481645	0.394	0.207	1.94125712473317e-11	SND1	c29
5.77332238505327e-16	0.677648993883993	0.345	0.176	1.94526324441985e-11	KAT6B	c29
5.96488857744459e-16	0.560435389855461	0.499	0.276	2.00980955728418e-11	C11orf73	c29
6.03221778352586e-16	2.97746023128656	0.026	0.003	2.0324954599812e-11	AC011997.1	c29
6.24719599561365e-16	0.623548729826483	0.263	0.12	2.10493021876206e-11	HSPA14	c29
6.40273145871188e-16	0.517253826230102	0.361	0.182	2.15733633769838e-11	CAB39	c29
6.4543488818717e-16	0.490391320286204	0.641	0.386	2.17472831225785e-11	SNRPB2	c29
6.96928459264532e-16	0.660655335585561	0.238	0.105	2.34823075064591e-11	TARDBP	c29
7.12700268194888e-16	0.603748324226343	0.427	0.231	2.40137228365585e-11	AAMP	c29
7.13327252183972e-16	0.728470345747409	0.252	0.115	2.40348484350867e-11	SLC30A5	c29
7.17558849887749e-16	0.660211302101785	0.305	0.149	2.41774278881178e-11	ZBTB1	c29
7.19967603625391e-16	2.38055155005791	0.037	0.006	2.42585884365539e-11	SETBP1	c29
7.206320921509e-16	0.695339207855364	0.231	0.101	2.42809777129324e-11	UTP6	c29
7.59202209971768e-16	1.00843876464703	0.126	0.043	2.55805592627888e-11	PPRC1	c29
7.69761442641538e-16	0.569543584863018	0.287	0.134	2.5936342048364e-11	ECD	c29
7.82146297218125e-16	0.738553314707916	0.301	0.147	2.63536373384675e-11	IARS	c29
7.99459723139808e-16	0.712397217889736	0.226	0.099	2.69369959114727e-11	CBL	c29
8.36297230843733e-16	0.5793788548568	0.401	0.21	2.81781988960488e-11	MRPL22	c29
8.39929459556844e-16	0.529537981747139	0.69	0.437	2.83005832103083e-11	CCT4	c29
8.46414272323832e-16	0.334230848481411	0.895	0.659	2.85190824916792e-11	RGS1	c29
8.50168054112703e-16	3.02367191139231	0.019	0.002	2.86455624152734e-11	LCN10	c29
9.02285544057532e-16	0.736103431265338	0.245	0.111	3.04016091214745e-11	DDX49	c29
9.17113070427817e-16	0.67950906988537	0.226	0.099	3.09012077949949e-11	CALU	c29
9.35959582501586e-16	3.07752602779617	0.026	0.003	3.15362221728084e-11	KCNH4	c29
9.55076172985315e-16	0.484409543068176	0.548	0.315	3.21803365725672e-11	SP140	c29
9.9145722271425e-16	0.518214733755759	0.48	0.263	3.34061596621339e-11	ARHGAP25	c29
9.95486792454954e-16	0.892504532612623	0.193	0.081	3.35419319849772e-11	AIM2	c29
1.01770092363076e-15	0.666120537140631	0.333	0.169	3.42904149208149e-11	RPUSD3	c29
1.04523590316038e-15	0.487851482570142	0.499	0.274	3.52181785210857e-11	C18orf32	c29
1.14314114641604e-15	0.545237412580753	0.408	0.214	3.85169977873422e-11	NCOA4	c29
1.20515597851326e-15	0.48305599613129	0.282	0.131	4.06065255400259e-11	CASP3	c29
1.24223672903011e-15	0.995592447855528	0.124	0.042	4.18559243479404e-11	POMZP3	c29
1.25345974985535e-15	0.74784321027268	0.249	0.114	4.22340728116261e-11	PAPSS1	c29
1.2611107055972e-15	0.627912907943596	0.322	0.158	4.24918641143919e-11	NIPA2	c29
1.26518960716153e-15	0.508592602205446	0.564	0.328	4.26292986237008e-11	ZMYM6NB	c29
1.27402364697788e-15	0.465032851867179	0.762	0.487	4.29269527612727e-11	NDUFAF3	c29
1.31041464319343e-15	0.44417958735867	0.83	0.616	4.41531109877593e-11	NDUFB2	c29
1.31211792370119e-15	0.602343735122548	0.305	0.148	4.42105013211880e-11	PI4KB	c29
1.38372391352723e-15	0.589007149430104	0.34	0.171	4.66231935423866e-11	MTF2	c29
1.40307356922828e-15	0.535191779270953	0.448	0.242	4.72751608415777e-11	NELFE	c29
1.46228625120359e-15	0.59419867792842	0.263	0.121	4.92702729480536e-11	MRPL19	c29
1.47518888452236e-15	0.48348830585306	0.445	0.237	4.97050142750965e-11	IST1	c29
1.52400171473927e-15	0.830309111853204	0.214	0.093	5.1349713776425e-11	FBXO31	c29
1.5371571943591e-15	0.730242308826462	0.182	0.073	5.17929745067354e-11	ATP2C1	c29
1.54145970062066e-15	0.467902148584543	0.753	0.519	5.19379431527127e-11	UBE2B	c29
1.57132225028434e-15	0.620786223660409	0.352	0.181	5.29441319010805e-11	CBFB	c29
1.66562594399441e-15	1.19460727302399	0.282	0.135	5.61216005569476e-11	TNF	c29
1.68747465648815e-15	0.480684906597764	0.825	0.589	5.68577710757118e-11	JTB	c29
1.69398313009654e-15	1.04081538755691	0.11	0.035	5.70770675854728e-11	ACTR3B	c29
1.87587242314057e-15	0.803579857416899	0.2	0.085	6.32056454252984e-11	NUP93	c29
1.94418348395367e-15	1.96361181834646	0.056	0.012	6.5507318308335e-11	LACC1	c29
1.94626107024805e-15	0.593674124192614	0.473	0.269	6.55773205009378e-11	U2AF2	c29
1.95744283119467e-15	0.497545808582751	0.597	0.358	6.59540787542733e-11	GABPB1	c29
1.95839240084537e-15	0.486588430286143	0.466	0.253	6.59860735540839e-11	MRPS16	c29
1.98236624114209e-15	0.470706163946359	0.473	0.256	6.67938481290415e-11	SF3A3	c29
2.03713855499848e-15	0.557876043118366	0.51	0.291	6.86393464721187e-11	MRPL18	c29
2.06300465880813e-15	0.498218209087228	0.72	0.481	6.95108789738811e-11	MEAF6	c29
2.18665794230729e-15	0.483372052643095	0.709	0.451	7.36772527081018e-11	NDUFA2	c29
2.21843349656856e-15	0.653972900611972	0.261	0.122	7.4747898233381e-11	TYW3	c29
2.30459762164081e-15	0.536394986367033	0.606	0.369	7.76511122635656e-11	RNH1	c29
2.36581868170628e-15	0.803541889269246	0.17	0.067	7.97138946614114e-11	ARMC6	c29
2.3758769945731e-15	0.481023186890991	0.466	0.254	8.00527994551461e-11	ZFR	c29
2.39244554980163e-15	0.580432451340637	0.331	0.166	8.06110603550162e-11	CCNT1	c29
2.50217399451873e-15	0.77753646563256	0.21	0.091	8.43082505713141e-11	TXNRD1	c29
2.59716353826138e-15	0.946508551627748	0.142	0.052	8.75088282581789e-11	NF2	c29
2.60247754526122e-15	0.722454771983961	0.233	0.104	8.76878784100314e-11	ELAC2	c29
2.80915785260409e-15	2.64373620229173	0.042	0.008	9.46517646856422e-11	RP11-338I21.1	c29
2.86332380875138e-15	1.07596195720297	0.14	0.051	9.64768324120691e-11	MOB3C	c29
2.90121291167408e-15	0.789366595236377	0.182	0.074	9.77534678459463e-11	DAPK3	c29
2.95497166479791e-15	0.621376414055415	0.315	0.156	9.95648152737009e-11	GFER	c29
2.98213396852235e-15	0.582321107264461	0.401	0.215	1.00480021935392e-10	FKBP3	c29
3.06721281204084e-15	0.552905032357689	0.31	0.151	1.03346668488904e-10	MRPL37	c29
3.09158718518102e-15	1.30364534496835	0.086	0.025	1.04167938617489e-10	CKMT2-AS1	c29
3.1308774903337e-15	0.644017767602864	0.256	0.118	1.05491786159304e-10	RBM18	c29
3.26303887476783e-15	0.848192289476788	0.163	0.064	1.09944831846427e-10	INTS9	c29
3.29300355008392e-15	0.607607335850591	0.389	0.208	1.10954461616527e-10	MYD88	c29
3.31156367934764e-15	0.587141678262838	0.315	0.155	1.1157982661194e-10	DRG1	c29
3.31484433359057e-15	0.776088337236442	0.238	0.108	1.11690364976001e-10	IFRD2	c29
3.45988482514904e-15	0.487901295981239	0.455	0.247	1.16577359298572e-10	DUSP11	c29
3.5094504695347e-15	0.640936860976716	0.224	0.098	1.18247424120502e-10	GTF3C2	c29
3.59049363203185e-15	0.467127516052663	0.697	0.448	1.20978092437681e-10	TMED10	c29
3.59169844919079e-15	0.663073282163121	0.261	0.121	1.21018687547034e-10	LRRC41	c29
3.65140060699081e-15	0.504444631742149	0.597	0.355	1.23030292051948e-10	SMAP2	c29
3.65202054318015e-15	0.678836964844493	0.224	0.099	1.23051180181912e-10	CDK16	c29
3.66959206083347e-15	0.517701483544751	0.443	0.24	1.23643234897723e-10	EMC3	c29
3.68130551574296e-15	0.660068927176452	0.28	0.134	1.24037908047443e-10	HAUS1	c29
4.00059613455856e-15	0.55348966538578	0.699	0.459	1.34796086157816e-10	M6PR	c29
4.00521139123512e-15	0.497706966022473	0.492	0.279	1.34951592616276e-10	TCP1	c29
4.0476387737267e-15	0.686017661395902	0.221	0.097	1.36381140841947e-10	ZFPL1	c29
4.15120712634992e-15	1.02432913241947	0.124	0.043	1.39870772915234e-10	APOPT1	c29
4.15163407440366e-15	0.568678976795803	0.462	0.258	1.39885158502957e-10	FDPS	c29
4.26685979736366e-15	0.596635979896811	0.322	0.161	1.43767574012371e-10	RING1	c29
4.28748753306676e-15	2.80438436800409	0.023	0.003	1.44462604939151e-10	FOXB1	c29
4.31908084249919e-15	0.436182915685023	0.305	0.149	1.45527109907168e-10	FAM46C	c29
4.52806489191298e-15	0.689993319510508	0.247	0.114	1.52568618468116e-10	ABHD12	c29
4.65408024768147e-15	0.93138591768972	0.163	0.064	1.5681457986538e-10	RAB30	c29
4.77588327306727e-15	1.44729035478515	0.077	0.021	1.60918611002728e-10	IL7	c29
5.00393805965272e-15	0.444897187562124	0.608	0.353	1.68602688981939e-10	RAB11A	c29
5.06858546043283e-15	2.44351435204662	0.033	0.005	1.70780918503824e-10	SHISA4	c29
5.25829235489573e-15	0.506064449019393	0.343	0.172	1.77172902605857e-10	NADSYN1	c29
5.28507185129889e-15	0.457445969435401	0.678	0.419	1.78075210957665e-10	ERGIC3	c29
5.32256249995275e-15	0.515149119951582	0.541	0.313	1.79338420873408e-10	FUNDC2	c29
5.35006998686153e-15	0.817565745244939	0.193	0.082	1.80265258137312e-10	GBA	c29
5.36814580921668e-15	0.895574813741657	0.147	0.055	1.80874304895747e-10	RAB4B	c29
5.50897108354689e-15	0.409513661468241	0.816	0.573	1.85619271689029e-10	RALY	c29
5.55162708388349e-15	1.18329979009419	0.126	0.045	1.8705652296437e-10	PSAT1	c29
5.5752869079193e-15	0.466114609924949	0.692	0.453	1.87853717075433e-10	RAD21	c29
5.72413645726588e-15	2.55176519500431	0.021	0.002	1.92869053791117e-10	RP11-15K19.2	c29
5.88864758975465e-15	1.44610267734028	0.079	0.022	1.98412091889193e-10	GNA12	c29
6.08520563432625e-15	0.627773778457571	0.317	0.158	2.05034918642989e-10	NIT2	c29
6.14969502800987e-15	0.53979706787175	0.296	0.142	2.07207824273765e-10	SNAP29	c29
6.15973459322417e-15	0.433105392955835	0.338	0.168	2.07546097384095e-10	LPP	c29
6.16325741734101e-15	0.514156434501764	0.401	0.211	2.07664795419888e-10	FYTTD1	c29
6.19117395493116e-15	0.655596724274471	0.238	0.108	2.0860541523745e-10	METTL21A	c29
6.33551588234081e-15	0.791599732846275	0.182	0.075	2.13468872139591e-10	NDUFA7	c29
6.52699096131775e-15	0.517350768968063	0.319	0.157	2.1992043345064e-10	PDZD11	c29
6.62746236664049e-15	0.842618518367763	0.191	0.081	2.23305716981585e-10	MVD	c29
7.15567484649554e-15	0.707158796647911	0.214	0.094	2.41103308277821e-10	TP53BP1	c29
7.20017398274292e-15	0.577140039640844	0.282	0.136	2.4260266217454e-10	CASC3	c29
7.27413709865012e-15	0.781448070264139	0.2	0.086	2.45094775401917e-10	NAALADL1	c29
7.28631844780738e-15	1.8453391298996	0.063	0.015	2.45505213780422e-10	EVC2	c29
7.29453826870038e-15	0.559030385726408	0.359	0.186	2.4578217242559e-10	MRPS35	c29
7.32930217882591e-15	0.637308195291889	0.331	0.169	2.4695350761336e-10	MRPL24	c29
7.36125324044165e-15	0.784453422125466	0.214	0.095	2.48030066683441e-10	QSOX1	c29
7.48831347935198e-15	0.457725552938999	0.699	0.455	2.52311234373285e-10	PPP2R1A	c29
7.63730106848919e-15	0.453382083574849	0.683	0.426	2.57331222201675e-10	ZC3H15	c29
7.83419936135016e-15	1.15113796950158	0.119	0.041	2.63965513281332e-10	RABGEF1	c29
8.10737198573346e-15	0.402846411679855	0.503	0.274	2.73169791687303e-10	DNAJC7	c29
8.13854646581443e-15	0.752491962960068	0.203	0.087	2.74220184619151e-10	NCLN	c29
8.28458080411557e-15	0.890282081746423	0.2	0.087	2.7914066561387e-10	TRUB2	c29
8.47835636218696e-15	0.633486553260632	0.221	0.098	2.85669739267527e-10	KIF20B	c29
8.53283518367241e-15	0.727835035084252	0.186	0.078	2.87505348678658e-10	ADIPOR2	c29
8.6808832937001e-15	0.528487891749775	0.34	0.173	2.92493681697931e-10	E2F4	c29
8.82573017006075e-15	0.486270783008801	0.713	0.472	2.97374152350027e-10	GDI2	c29
8.83553952163332e-15	0.659783560846609	0.166	0.065	2.97704668641913e-10	PIGM	c29
9.33553423629338e-15	3.81847829571973	0.014	0.001	3.14551490557669e-10	SLC8A1	c29
9.46680351493278e-15	0.655180290511298	0.287	0.141	3.18974477632145e-10	WDR6	c29
9.4705739238585e-15	0.809508787050701	0.196	0.083	3.19101517790488e-10	GOT1	c29
9.48131276229638e-15	0.600267879488894	0.263	0.123	3.19463352212814e-10	MTX2	c29
9.7293866831956e-15	0.53600951052916	0.296	0.143	3.27821954903592e-10	RNASEH1	c29
1.00397161180813e-14	0.599787549614006	0.331	0.168	3.38278194882632e-10	TIMM10	c29
1.00605236606531e-14	2.32329492698268	0.037	0.006	3.38979284222044e-10	MRC1	c29
1.00759554416998e-14	0.764174917995897	0.242	0.113	3.39499242652633e-10	WDR43	c29
1.03607790538638e-14	0.683487972692393	0.485	0.287	3.49096089440887e-10	CCT2	c29
1.05136129545017e-14	1.99399887448687	0.047	0.009	3.54245674888979e-10	RP11-12G12.7	c29
1.07651623149596e-14	0.639554664647793	0.401	0.219	3.62721379040248e-10	ATG3	c29
1.0823884539949e-14	0.583620855985833	0.392	0.209	3.6469996568904e-10	MRPL21	c29
1.09328184814966e-14	0.624238690903208	0.284	0.139	3.68370385915546e-10	LRRFIP2	c29
1.1028080183846e-14	0.487814795830236	0.387	0.203	3.71580133714507e-10	COPS8	c29
1.12759712826299e-14	0.624055989098503	0.256	0.12	3.7993257639693e-10	GDE1	c29
1.18635322781463e-14	0.930738932189162	0.133	0.048	3.9972985657986e-10	GORASP1	c29
1.18694723014508e-14	0.643647838730415	0.252	0.119	3.99929999725084e-10	CRY1	c29
1.18958575352874e-14	0.649157675986122	0.312	0.158	4.00819023793974e-10	CTD-2336O2.1	c29
1.19457976407894e-14	0.488121511454577	0.443	0.247	4.02501705708759e-10	COPB1	c29
1.21028285339869e-14	0.509743600738086	0.592	0.354	4.07792704624154e-10	MFF	c29
1.22645261383856e-14	0.672150263740249	0.263	0.125	4.13240943706765e-10	NOP14	c29
1.22747366661444e-14	0.536007065256067	0.501	0.289	4.13584977229068e-10	NDUFS2	c29
1.25418451914209e-14	0.765374871495369	0.186	0.079	4.22584931879736e-10	NOC3L	c29
1.27782982886504e-14	0.591119440780863	0.301	0.148	4.30551982537787e-10	SNRNP35	c29
1.27797699439787e-14	0.614688551166496	0.34	0.175	4.3060156849242e-10	POLDIP2	c29
1.28497580386936e-14	3.42128878724079	0.019	0.002	4.32959747355741e-10	HLA-DQA2	c29
1.29085480555848e-14	1.16866954217232	0.128	0.046	4.34940618184874e-10	MYO1C	c29
1.30470457197361e-14	0.674886140388149	0.252	0.118	4.39607158480787e-10	CBR1	c29
1.3844825106072e-14	0.491047266390028	0.564	0.331	4.66487537123989e-10	ARL5A	c29
1.4007870893067e-14	0.487726678418004	0.392	0.208	4.71981201871e-10	NPEPPS	c29
1.4250891173685e-14	0.693597938363889	0.212	0.093	4.80169527206143e-10	FBXO18	c29
1.44806043332733e-14	0.447249440464807	0.333	0.167	4.87909482405311e-10	CTR9	c29
1.46527109062533e-14	0.657564829656908	0.214	0.094	4.93708441275298e-10	SNX4	c29
1.46544505167544e-14	0.592791930373562	0.443	0.251	4.93767055711523e-10	CCDC124	c29
1.47259108104654e-14	0.565930689423408	0.688	0.466	4.96174838847822e-10	RASSF5	c29
1.47587771529427e-14	1.10085484763097	0.084	0.024	4.9728223739125e-10	RXRA	c29
1.48227482001163e-14	0.901221334107843	0.17	0.07	4.9943767785472e-10	ZDHHC21	c29
1.52917345527502e-14	0.454896505295165	0.527	0.296	5.15239704020364e-10	ABT1	c29
1.54708222260874e-14	0.712181870189112	0.207	0.091	5.2127388408579e-10	PATL1	c29
1.69219112364518e-14	0.525002182668627	0.317	0.158	5.70166877201006e-10	RRN3	c29
1.72906361873364e-14	0.518384992030701	0.312	0.155	5.82590695696114e-10	KEAP1	c29
1.73999552655395e-14	0.539966582146177	0.364	0.189	5.86274092717086e-10	DDB1	c29
1.81749146653663e-14	1.40919380629638	0.077	0.021	6.12385574734852e-10	CARD6	c29
1.87942248612008e-14	0.930021454198084	0.14	0.052	6.33252612473298e-10	CHP1	c29
1.88169394554331e-14	0.770599560009713	0.182	0.076	6.34017958011363e-10	KNOP1	c29
1.88829401579579e-14	0.707772166880342	0.196	0.084	6.36241785682235e-10	EIF2B4	c29
1.89141497082506e-14	1.02788170264868	0.131	0.048	6.37293360269796e-10	SLC35A2	c29
1.91660946112304e-14	0.442816762529947	0.424	0.227	6.45782391830798e-10	SUPT5H	c29
1.94992790766577e-14	0.700323929846743	0.273	0.133	6.57008709208905e-10	TYK2	c29
1.97259239798549e-14	0.46255917055597	0.399	0.21	6.6464528257723e-10	ELOF1	c29
1.97856000003391e-14	0.46981010161802	0.58	0.339	6.66656006411425e-10	TMEM9B	c29
2.00284276486848e-14	0.538261116442485	0.289	0.141	6.74837841194785e-10	OSTM1	c29
2.0117870042035e-14	0.751663274377021	0.247	0.116	6.77851513196326e-10	CRYZ	c29
2.03744498759823e-14	0.733101576662078	0.198	0.086	6.86496714121347e-10	ABHD2	c29
2.11262518057931e-14	0.642795792243088	0.249	0.116	7.11827928344393e-10	SH2D3C	c29
2.18024647141798e-14	0.525210538948892	0.431	0.236	7.34612246079576e-10	DERL2	c29
2.20086324433106e-14	0.536387885089044	0.445	0.254	7.41558861544909e-10	NDE1	c29
2.22380604087493e-14	0.804386262730223	0.163	0.065	7.49289207412399e-10	POMGNT1	c29
2.23308914877183e-14	0.385472872644412	0.441	0.244	7.52417057787179e-10	TOX	c29
2.25784297891032e-14	0.483504771004245	0.366	0.192	7.60757613314044e-10	PFKP	c29
2.26761004141837e-14	0.521144585555122	0.522	0.309	7.64048527355506e-10	MIER1	c29
2.27869895991788e-14	0.660573035915182	0.294	0.146	7.67784827554731e-10	ZCCHC6	c29
2.27954023183476e-14	0.940003096158013	0.196	0.086	7.68068285714405e-10	TCAF1	c29
2.31211441234084e-14	0.387513542919434	0.942	0.822	7.79043830094124e-10	YBX1	c29
2.39533981309963e-14	0.508499258266777	0.655	0.426	8.0708579662579e-10	CCT8	c29
2.42635927587382e-14	0.521064709788823	0.31	0.153	8.17537494412924e-10	FBXW2	c29
2.43199800896507e-14	0.664152979759436	0.261	0.125	8.19437409140692e-10	LMBR1L	c29
2.50166683863475e-14	0.580386720472984	0.308	0.155	8.42911624609593e-10	YAF2	c29
2.54010002214009e-14	0.74437402182746	0.184	0.078	8.55861301459882e-10	NT5C2	c29
2.54488209878842e-14	1.3204929807358	0.091	0.028	8.57472574365771e-10	RMI2	c29
2.58768428171581e-14	0.717446855264818	0.256	0.123	8.71894341881324e-10	C3orf38	c29
2.61069615267387e-14	0.547844099175908	0.294	0.144	8.79647961681933e-10	SAMM50	c29
2.61638503069125e-14	0.525350281914659	0.517	0.306	8.8156477224111e-10	CHST11	c29
2.62202430566492e-14	0.742583240529287	0.189	0.08	8.83464869550739e-10	ABCB8	c29
2.63360288142242e-14	0.559664925611449	0.559	0.35	8.87366154866471e-10	RNF187	c29
2.69096089426146e-14	0.503663063033422	0.476	0.27	9.06692363712456e-10	AIMP1	c29
2.77956444396031e-14	1.21728387774633	0.126	0.046	9.36546443747985e-10	WDR12	c29
2.81116685550453e-14	1.64063245802719	0.075	0.021	9.47194560293697e-10	SLC48A1	c29
2.98366590743089e-14	0.8850582398691	0.166	0.068	1.00531639084976e-09	SPATA20	c29
3.02144620655063e-14	0.524722105178641	0.347	0.18	1.01804608483517e-09	ZDHHC24	c29
3.05936423237887e-14	0.947226519491015	0.147	0.057	1.03082218445774e-09	C1orf216	c29
3.08579108495023e-14	0.549033352513424	0.338	0.174	1.03972644816313e-09	TMED3	c29
3.13459619552996e-14	0.734903783117691	0.214	0.096	1.05617084212186e-09	TFIP11	c29
3.14969129904857e-14	0.392746247899813	0.869	0.672	1.06125698630142e-09	C19orf53	c29
3.15042825576385e-14	0.513176686636435	0.392	0.211	1.06150529649707e-09	CAPN1	c29
3.20204611723757e-14	0.706556368695765	0.163	0.065	1.07889741874203e-09	TTC4	c29
3.30028073432052e-14	0.534093412239793	0.352	0.183	1.11199659062196e-09	RC3H1	c29
3.30050271985819e-14	0.461414502353494	0.415	0.225	1.11207138642902e-09	TMEM87A	c29
3.38866470034515e-14	1.04559504453229	0.126	0.046	1.14177668413429e-09	C2orf42	c29
3.40853610703389e-14	0.647687451742993	0.259	0.124	1.148472155904e-09	SNX14	c29
3.43500402371902e-14	0.928092081154917	0.145	0.056	1.15739025575189e-09	GLA	c29
3.44448949233008e-14	0.421369318425241	0.513	0.289	1.1605862895457e-09	FBXO7	c29
3.53245932686738e-14	0.749666377586822	0.182	0.077	1.19022684559469e-09	RPF2	c29
3.62517827502547e-14	0.909648315674852	0.152	0.059	1.22146756798708e-09	PAOX	c29
3.64860510017226e-14	0.450100799054432	0.455	0.251	1.22936100245204e-09	POP5	c29
3.67426677930479e-14	0.807356099716565	0.212	0.096	1.23800744861895e-09	MR1	c29
3.68866133049726e-14	0.633524363237558	0.256	0.122	1.24285754869775e-09	DMAP1	c29
3.71933752778704e-14	0.589169099091902	0.245	0.114	1.25319358661257e-09	ATP13A1	c29
3.80342899860286e-14	2.52133621209659	0.026	0.003	1.28152736678925e-09	TMEM217	c29
3.86154362940777e-14	0.777855616613196	0.182	0.077	1.30110851049265e-09	REPIN1	c29
3.90785522054943e-14	0.524451372540464	0.308	0.154	1.31671273801193e-09	KIAA0141	c29
3.93291279792063e-14	0.539835483931852	0.282	0.137	1.32515563813138e-09	MGAT2	c29
3.93477419619707e-14	0.604141266962477	0.249	0.117	1.32578281766664e-09	CRLS1	c29
3.96645160916822e-14	0.414373118947048	0.597	0.369	1.33645620519314e-09	SLTM	c29
3.99888529886518e-14	2.08148967974397	0.047	0.01	1.34738441259964e-09	CTTN	c29
4.0343656308227e-14	0.447442426352886	0.527	0.302	1.3593391556494e-09	GOLPH3	c29
4.20188280556261e-14	0.490371285084153	0.41	0.225	1.41578239250626e-09	CHORDC1	c29
4.31089159445095e-14	0.721994362520782	0.275	0.136	1.4525118138343e-09	GINM1	c29
4.31778452397568e-14	0.484404007822095	0.613	0.383	1.45483431750837e-09	FERMT3	c29
4.44848405236149e-14	0.710505269454498	0.179	0.077	1.49887221660268e-09	RGS16	c29
4.57326901651319e-14	2.74466822886321	0.021	0.002	1.54091726242395e-09	PRR19	c29
4.61437882486196e-14	0.525712444659048	0.345	0.179	1.55476880124899e-09	HARS	c29
4.66163966764652e-14	0.488155558999384	0.392	0.209	1.57069286961682e-09	BAG1	c29
4.81659193126358e-14	0.496126923796396	0.31	0.157	1.62290248531995e-09	ESF1	c29
4.83857576043042e-14	0.441610446844647	0.599	0.357	1.63030971671943e-09	ATP6AP2	c29
4.9721753834892e-14	0.462848088616179	0.55	0.325	1.67532477371285e-09	PCMT1	c29
5.05027646217086e-14	0.938467965768719	0.156	0.063	1.70164015116385e-09	BCOR	c29
5.08598475892872e-14	0.861285654558298	0.212	0.097	1.71367170467344e-09	TRMT6	c29
5.21486874262703e-14	0.647634448584024	0.275	0.135	1.75709787414075e-09	WDFY1	c29
5.29327724456553e-14	1.94004433627758	0.042	0.008	1.78351683478391e-09	CTA-293F17.1	c29
5.30797821520832e-14	0.628976322893166	0.298	0.151	1.78847017983229e-09	ABCE1	c29
5.45967192224966e-14	0.847638717926156	0.186	0.08	1.8395818574828e-09	WDTC1	c29
5.68586037713603e-14	0.693758415889796	0.212	0.096	1.91579379547222e-09	RABL6	c29
5.72365869304985e-14	1.32500446957376	0.075	0.021	1.92852956003622e-09	NEK3	c29
5.72602474951536e-14	0.793436193825767	0.198	0.088	1.92932677910171e-09	NAT9	c29
5.79422286518707e-14	0.580258698947523	0.282	0.139	1.95230545219613e-09	CRIPT	c29
5.9382871254721e-14	1.96480270734941	0.037	0.007	2.00084646405657e-09	BCAS1	c29
6.07189271110283e-14	0.619340613409495	0.296	0.149	2.04586353007899e-09	RAB22A	c29
6.13586801423313e-14	2.81156871345716	0.023	0.003	2.06741936871571e-09	ASTL	c29
6.31897394827058e-14	0.552251631164551	0.294	0.147	2.12911508213029e-09	TRPM7	c29
6.36272659475164e-14	0.541061336747385	0.317	0.163	2.14385709883562e-09	DDX23	c29
6.55364586821663e-14	0.795699219896446	0.191	0.083	2.20818543883691e-09	GPAT4	c29
6.65295110929583e-14	0.42295487014225	0.406	0.218	2.24164534676614e-09	NAA50	c29
6.67930058184492e-14	0.517094100668389	0.385	0.206	2.25052353804683e-09	ZDHHC12	c29
6.84286288288029e-14	1.00341109099101	0.128	0.047	2.30563421975768e-09	SEPHS1	c29
6.90051655998279e-14	4.02215422389782	0.014	0.001	2.3250600497206e-09	SPR	c29
6.94859148983756e-14	0.857404540122454	0.163	0.067	2.34125841658587e-09	KCNK6	c29
6.98373484350853e-14	0.427975897133329	0.305	0.152	2.35309961817176e-09	H2AFX	c29
7.04424316864722e-14	0.689965426100562	0.219	0.101	2.37348729324399e-09	USP18	c29
7.17780024933693e-14	1.17940152576516	0.11	0.038	2.41848801601158e-09	AP4M1	c29
7.3592440384559e-14	1.35685857633101	0.072	0.02	2.47962368631733e-09	CPEB3	c29
7.35972641201526e-14	0.43158688853233	0.702	0.454	2.47978621726442e-09	ENSA	c29
7.39728903753406e-14	0.556987896433202	0.448	0.258	2.49244256830673e-09	ORMDL3	c29
7.4124833780159e-14	0.436360819422084	0.709	0.457	2.49756214938868e-09	SNRPF	c29
7.4741842353799e-14	0.533574004757916	0.259	0.123	2.5183516362689e-09	ZNF720	c29
7.48231460915179e-14	0.553308816069464	0.235	0.109	2.5210910844076e-09	ATF6	c29
7.49355500041616e-14	0.986829251666863	0.121	0.044	2.52487842184022e-09	SLC11A2	c29
7.53005148275248e-14	1.14233900245741	0.105	0.035	2.53717554659862e-09	ZNF85	c29
7.59120754938424e-14	0.528053812015105	0.324	0.165	2.55778147168952e-09	TMEM154	c29
7.73529057209689e-14	0.620409426161434	0.254	0.121	2.60632880536232e-09	CEBPG	c29
7.76727975715753e-14	0.693989159044	0.212	0.096	2.61710724137666e-09	ANAPC7	c29
8.19998642606828e-14	0.442868192865465	0.408	0.218	2.76290342639945e-09	NBR1	c29
8.37386293260678e-14	0.44525688213974	0.534	0.317	2.82148937651253e-09	TMEM165	c29
8.38701221645179e-14	0.848442159604273	0.149	0.059	2.82591989621127e-09	YRDC	c29
8.44734023082755e-14	0.765492589873659	0.182	0.078	2.84624681737503e-09	ICMT	c29
8.47997336295008e-14	0.760640328468842	0.186	0.08	2.8572422249124e-09	FH	c29
8.48772757092795e-14	3.6847538321052	0.016	0.001	2.85985492774846e-09	KLK1	c29
8.57071667592076e-14	2.91194835240261	0.019	0.002	2.88781727678474e-09	ZNF334	c29
8.62297896586871e-14	0.586159733931864	0.224	0.102	2.9054265327598e-09	GEMIN7	c29
8.65754032845572e-14	0.448801599322465	0.627	0.381	2.91707163826987e-09	GPI	c29
8.97281683843601e-14	0.455040962214877	0.538	0.319	3.02330090554263e-09	GLUD1	c29
9.02328371602152e-14	2.84971702665646	0.016	0.001	3.04030521527629e-09	AL450992.2	c29
9.11949385201187e-14	0.520438878193678	0.296	0.147	3.07272225849688e-09	CREBL2	c29
9.17753726487296e-14	0.496167995224585	0.455	0.258	3.0922794060263e-09	TAF9	c29
9.19825276122553e-14	0.625038379211874	0.186	0.08	3.09925928536733e-09	SNRNP25	c29
9.22962812543148e-14	0.452963621359194	0.49	0.281	3.10983090058288e-09	PQBP1	c29
9.24609416907777e-14	0.764709689086088	0.345	0.193	3.11537896932906e-09	PDE4D	c29
9.45606610418322e-14	0.882212750131002	0.163	0.067	3.18612691314349e-09	SEH1L	c29
9.52433749162219e-14	0.425844967286947	0.471	0.264	3.20913027442718e-09	MRPS36	c29
9.52723902431411e-14	0.663296331321074	0.21	0.094	3.2101079168524e-09	MFSD6	c29
9.62598706705304e-14	0.730015595158933	0.189	0.082	3.24338008237285e-09	CNPY2	c29
9.71502389394728e-14	0.589859122228281	0.252	0.12	3.2733801508266e-09	NFYB	c29
9.7611328499613e-14	0.578262525164385	0.198	0.086	3.28891610246596e-09	GEMIN6	c29
9.76652150117421e-14	0.501705246496732	0.336	0.173	3.29073175460564e-09	TMEM222	c29
9.91412365401382e-14	0.53957272119508	0.378	0.206	3.34046482398342e-09	JOSD2	c29
9.97116184947361e-14	0.69036752509772	0.21	0.095	3.35968327356164e-09	PTPRN2	c29
1.01562067732532e-13	0.728921239184503	0.17	0.071	3.42203231017994e-09	AHCYL1	c29
1.03037223308722e-13	0.521807163890979	0.396	0.216	3.47173620216408e-09	NUBP2	c29
1.03090484630533e-13	0.443332205300494	0.394	0.209	3.47353078914117e-09	DPF2	c29
1.03185286167452e-13	3.51586601888017	0.012	0.001	3.47672503212612e-09	RP11-764E7.1	c29
1.05566804080613e-13	0.562419606225616	0.434	0.249	3.55696789669218e-09	FAM173A	c29
1.06096635344526e-13	1.16497460472129	0.091	0.029	3.57482003129846e-09	NPEPL1	c29
1.06653786051125e-13	0.756108869333589	0.193	0.085	3.59359266720662e-09	NOC4L	c29
1.07393391480597e-13	0.981054824322559	0.133	0.05	3.61851293254723e-09	AGMAT	c29
1.10735156904386e-13	0.443903101654482	0.594	0.366	3.73111037673637e-09	TRA2B	c29
1.12194931096433e-13	0.48988371270906	0.51	0.292	3.78029600836322e-09	SLC25A39	c29
1.12209870166251e-13	0.989017163367465	0.121	0.044	3.78079936538168e-09	FEN1	c29
1.13880477592481e-13	0.48674688797479	0.364	0.191	3.83708881200107e-09	SMIM7	c29
1.14412046979798e-13	0.992825433904735	0.131	0.049	3.85499951093733e-09	SCLY	c29
1.14918136306623e-13	0.981426277129997	0.159	0.065	3.87205168471535e-09	PDLIM7	c29
1.15130701506671e-13	0.768956606707382	0.233	0.111	3.87921385656576e-09	MTMR6	c29
1.1662673808651e-13	0.425344570974621	0.583	0.351	3.92962131308686e-09	DBNL	c29
1.19714572773878e-13	0.648447071526377	0.333	0.178	4.03366281504305e-09	CDK4	c29
1.23188045605556e-13	0.529760827585977	0.357	0.189	4.1506980086336e-09	ANAPC15	c29
1.23782438468017e-13	0.444944921473339	0.448	0.25	4.17072548174137e-09	CIAO1	c29
1.25029435925013e-13	0.504589662600288	0.287	0.142	4.21274181405738e-09	TMEM263	c29
1.26301962585749e-13	1.03357734494167	0.121	0.044	4.25561832736422e-09	BLOC1S5	c29
1.28113437256998e-13	0.466256974450225	0.385	0.208	4.3166541549373e-09	HCFC1R1	c29
1.2830596888622e-13	0.469775850145722	0.441	0.244	4.32314131565231e-09	ATP6V1E1	c29
1.31442455534875e-13	2.08425300828705	0.04	0.007	4.42882209679207e-09	KLF8	c29
1.31619489466808e-13	0.495128289775627	0.294	0.146	4.43478707809462e-09	ANKRD17	c29
1.31906034249665e-13	0.569248291630647	0.266	0.129	4.44444191800821e-09	ZNF880	c29
1.35447702812304e-13	0.505722144432458	0.382	0.204	4.56377489855776e-09	PPP2R2A	c29
1.38196899755747e-13	0.524424938259267	0.228	0.105	4.65640634037013e-09	PELP1	c29
1.38926943906515e-13	1.0499179195086	0.105	0.036	4.6810044479861e-09	SLC5A6	c29
1.45196171689623e-13	0.563222614550432	0.256	0.124	4.89223980891017e-09	IPO7	c29
1.46125830707594e-13	0.478939473491975	0.695	0.458	4.92356373986166e-09	NDUFB7	c29
1.54021328528794e-13	0.629637699965971	0.217	0.099	5.1895946434492e-09	DCAF12	c29
1.54986191493964e-13	1.24702966323884	0.079	0.023	5.22210473619761e-09	STK3	c29
1.60390444914339e-13	1.01953210564674	0.126	0.047	5.40419565094373e-09	NOM1	c29
1.6064756297794e-13	0.793750914441917	0.163	0.068	5.4128589869787e-09	PITPNM1	c29
1.60990409336095e-13	1.80680358185849	0.07	0.019	5.42441085217039e-09	TNFRSF12A	c29
1.62503827117971e-13	0.9697630030864	0.145	0.057	5.47540395091292e-09	NEMP2	c29
1.66225478096358e-13	0.45554275396568	0.434	0.238	5.60080125897868e-09	PFDN1	c29
1.66824684358572e-13	0.55971748907731	0.291	0.146	5.62099091477772e-09	FADD	c29
1.71674064867531e-13	1.69435130824947	0.063	0.016	5.78438594164658e-09	CD72	c29
1.7813947996157e-13	0.389976250246562	0.858	0.633	6.00223163782513e-09	SKAP1	c29
1.78852544525852e-13	0.730493794298789	0.198	0.089	6.02625763525405e-09	ALG1	c29
1.79678174856283e-13	1.51512139157123	0.051	0.012	6.05407642360758e-09	QPCTL	c29
1.81418279296933e-13	0.383986145112831	0.876	0.736	6.11270750263087e-09	SRSF7	c29
1.8398490320482e-13	0.498202496372862	0.45	0.258	6.19918732858321e-09	TRAPPC3	c29
1.8588947996779e-13	0.531359884339929	0.324	0.169	6.26336013803473e-09	BAD	c29
1.87687894207074e-13	0.51999346682909	0.361	0.192	6.32395590741316e-09	SLC38A10	c29
1.88591920997538e-13	0.529645327151216	0.483	0.281	6.35441618609103e-09	CCAR1	c29
1.90357587044205e-13	0.4764403278096	0.555	0.336	6.41390853786743e-09	ZMAT2	c29
1.92605370755217e-13	0.72607657798262	0.2	0.09	6.48964536222628e-09	USP5	c29
1.92709645421577e-13	0.613641325169562	0.224	0.103	6.49315879283462e-09	YIPF2	c29
1.9536407003518e-13	0.379645394710085	0.811	0.6	6.58259697576535e-09	HLA-DPB1	c29
1.95849922153627e-13	0.656841193837298	0.524	0.329	6.59896727704431e-09	SDCBP	c29
1.97498709760043e-13	0.685592912465848	0.207	0.094	6.65452152665489e-09	ZNF326	c29
2.01640539943607e-13	0.439802645501806	0.692	0.438	6.7940763528599e-09	ELOVL5	c29
2.07971881777724e-13	0.46157384315824	0.564	0.336	7.00740458461864e-09	XRN2	c29
2.08145464538652e-13	0.597619858855722	0.284	0.143	7.01325328216536e-09	RBM38	c29
2.09532158622691e-13	0.784918092127088	0.147	0.058	7.05997655263294e-09	AARSD1	c29
2.12728747307348e-13	0.534498546703374	0.226	0.104	7.16768241177378e-09	LEO1	c29
2.14515029623078e-13	0.683227906365965	0.203	0.092	7.22786940811999e-09	SREBF2	c29
2.18680673558181e-13	0.694584469228329	0.196	0.087	7.36822661486935e-09	RPAP3	c29
2.18968841808985e-13	0.385801587253377	0.732	0.485	7.37793615591193e-09	RBM25	c29
2.20734878852983e-13	0.445237399793172	0.457	0.255	7.43744100807241e-09	RNF4	c29
2.21453415977931e-13	2.46693625401499	0.026	0.004	7.46165139796041e-09	NTNG2	c29
2.21454529456921e-13	0.918579988096991	0.152	0.061	7.46168891552148e-09	CLN6	c29
2.25810637317895e-13	0.533615092580848	0.31	0.159	7.60846361378915e-09	ACADM	c29
2.25855165702931e-13	0.564219272434459	0.266	0.131	7.60996395319456e-09	TMEM199	c29
2.28668246030193e-13	0.719117255824031	0.406	0.238	7.70474788174133e-09	SRM	c29
2.33230962918989e-13	0.472995383853121	0.296	0.148	7.8584840645924e-09	COPG1	c29
2.35033503311179e-13	0.440225766450657	0.452	0.258	7.91921886056686e-09	SMIM19	c29
2.40803039269966e-13	0.624514710428256	0.163	0.067	8.11361760516222e-09	FAM174A	c29
2.41293026425085e-13	0.877290172218252	0.168	0.071	8.13012723236683e-09	PAAF1	c29
2.47693083271391e-13	1.58592193567781	0.072	0.02	8.34577074774625e-09	PLA2G15	c29
2.56287497346e-13	0.576033307441832	0.28	0.141	8.63535093557613e-09	MED27	c29
2.56311459058165e-13	0.547715008711611	0.31	0.159	8.63615830150581e-09	NIP7	c29
2.62297512871849e-13	0.605173977528253	0.196	0.087	8.83785239870406e-09	BCKDK	c29
2.77032044377999e-13	0.731335507281135	0.179	0.077	9.33431770327228e-09	TARBP2	c29
2.77418925906124e-13	0.310193934140248	0.986	0.915	9.34735328948095e-09	CYBA	c29
2.80248898386821e-13	0.623245231610096	0.396	0.221	9.44270638224556e-09	EHD1	c29
2.83114104730665e-13	0.667739688067931	0.161	0.066	9.53924664479502e-09	LIMK2	c29
2.83718982582876e-13	3.44842613801869	0.021	0.002	9.55962739914743e-09	CHAC1	c29
2.94211874143457e-13	0.477052611772305	0.303	0.152	9.91317488738964e-09	PDHA1	c29
3.02789587908568e-13	0.534657486385738	0.343	0.184	1.02021923749913e-08	CLTC	c29
3.05772293834158e-13	0.447482806870727	0.406	0.223	1.03026916684481e-08	CAPRIN1	c29
3.08473042968783e-13	0.585013541540465	0.31	0.161	1.03936907097902e-08	GOLT1B	c29
3.11897911316557e-13	0.364320614365194	0.855	0.635	1.05090882239001e-08	KMT2E	c29
3.21041776204304e-13	2.27103106093092	0.026	0.004	1.08171816074278e-08	TSPAN33	c29
3.28163389234034e-13	1.80977537933066	0.054	0.013	1.10571372368515e-08	PHLDA3	c29
3.29859159421503e-13	0.723369431766943	0.182	0.079	1.11142745175481e-08	DPAGT1	c29
3.30593319546499e-13	0.467718593527817	0.455	0.257	1.11390113087997e-08	MRPL11	c29
3.34625503555213e-13	0.67325399035526	0.231	0.11	1.12748717167893e-08	WBP4	c29
3.37142981658596e-13	0.500782908820519	0.587	0.38	1.13596956240047e-08	BAZ1A	c29
3.44160883681788e-13	0.427487853494665	0.357	0.188	1.15961568147742e-08	ADD1	c29
3.47514668422456e-13	0.502927207321758	0.359	0.193	1.17091592378262e-08	DNAJC2	c29
3.51304579705936e-13	0.558902219963795	0.24	0.114	1.18368565086118e-08	TBRG4	c29
3.56081831861352e-13	1.63350991617318	0.121	0.046	1.19978212427364e-08	ARL5B	c29
3.5609423097356e-13	0.548104007239815	0.438	0.251	1.19982390184231e-08	ORAI1	c29
3.58160556526841e-13	0.638185623248451	0.641	0.436	1.20678617916154e-08	SERPINB1	c29
3.63362872717594e-13	0.594412170999114	0.254	0.123	1.22431486333466e-08	R3HCC1	c29
3.65056212667581e-13	0.839567367009095	0.133	0.051	1.23002040296215e-08	FAM118B	c29
3.68716408765729e-13	0.528273234695908	0.301	0.154	1.24235306769525e-08	RANBP3	c29
3.70774664284713e-13	0.411291622639241	0.462	0.259	1.24928815384091e-08	NDUFA10	c29
3.76833174270531e-13	0.553011371950316	0.247	0.119	1.26970169738713e-08	ASPSCR1	c29
3.77556535034358e-13	0.423728497115266	0.58	0.345	1.27213898914476e-08	NDUFB6	c29
3.7859237732126e-13	0.705934323944664	0.166	0.069	1.27562915614625e-08	GTF2H2	c29
3.79809667807042e-13	0.562039804073597	0.228	0.107	1.27973069470905e-08	ARL2	c29
3.79870206736571e-13	0.853191960655073	0.172	0.074	1.2799346745782e-08	JMY	c29
3.82636870923233e-13	0.448432425622124	0.597	0.362	1.28925667288874e-08	MPC2	c29
3.83536772606471e-13	1.20749804075094	0.096	0.032	1.29228880162024e-08	ACY1	c29
3.84737442161173e-13	0.559366361748676	0.238	0.113	1.29633433761786e-08	NMT1	c29
3.88181463053501e-13	0.65862108203736	0.186	0.082	1.30793862161247e-08	PCYT1A	c29
3.92411933223925e-13	0.442303947436328	0.536	0.314	1.32219276780469e-08	KXD1	c29
3.98898219360037e-13	0.456422472128694	0.406	0.222	1.34404766031171e-08	UBL7	c29
4.05010358307933e-13	0.394085937214409	0.385	0.205	1.36464190128275e-08	DIABLO	c29
4.1044925188836e-13	0.426871983960981	0.52	0.3	1.38296770931264e-08	TNIK	c29
4.16992336625756e-13	0.988588708107198	0.149	0.061	1.40501397902682e-08	MSH2	c29
4.22030251822411e-13	0.555334512992704	0.21	0.096	1.42198873049043e-08	WDR75	c29
4.2297094858459e-13	2.65415971134458	0.026	0.004	1.42515831416092e-08	NLN	c29
4.62240208022087e-13	0.584767344430992	0.2	0.09	1.55747215690962e-08	UBALD1	c29
4.91932837465387e-13	0.617253815872621	0.256	0.126	1.65751850255588e-08	TRIM26	c29
4.95490131572435e-13	0.50120710310448	0.34	0.182	1.66950444932016e-08	CDC73	c29
5.00824125174347e-13	0.542099075997738	0.226	0.106	1.68747680736244e-08	EFTUD2	c29
5.02898815855089e-13	0.549059141125193	0.266	0.131	1.69446727014214e-08	ABCB7	c29
5.07982653583987e-13	0.480012946187816	0.471	0.273	1.71159675298588e-08	SNRNP40	c29
5.10205556075413e-13	0.558035291448962	0.266	0.132	1.7190866006405e-08	HMGXB4	c29
5.13164653748696e-13	0.672662099786474	0.261	0.13	1.72905698434086e-08	TNPO3	c29
5.16097928595232e-13	0.493253189771299	0.352	0.186	1.73894036060877e-08	MTMR14	c29
5.16404018268556e-13	0.496999627443086	0.347	0.186	1.73997169915407e-08	TXNDC15	c29
5.2852548551663e-13	0.519810787817441	0.294	0.149	1.78081377089973e-08	GMDS	c29
5.28809389364793e-13	0.386789174198474	0.781	0.531	1.78177035652573e-08	COX7A2L	c29
5.33574113815933e-13	0.506378461857271	0.653	0.428	1.7978246190914e-08	NDUFB3	c29
5.59904734983086e-13	1.76409957163909	0.047	0.01	1.88654301405201e-08	RP11-442H21.2	c29
5.63285053381837e-13	0.521200505081676	0.48	0.287	1.89793265886476e-08	CPNE1	c29
5.6924352522543e-13	0.418780293371541	0.413	0.227	1.91800913389457e-08	USP4	c29
5.70020267821523e-13	2.00581962232513	0.04	0.008	1.92062629039784e-08	BCL2L14	c29
5.70638088755809e-13	0.576410589756015	0.259	0.127	1.92270797625382e-08	PSMD10	c29
5.73129022540488e-13	0.44734373578741	0.438	0.247	1.93110092854792e-08	BLOC1S2	c29
5.73147105971868e-13	1.46752964099844	0.07	0.02	1.93116185886161e-08	GDAP1	c29
5.77578280870396e-13	0.457469997541193	0.618	0.39	1.94609225956471e-08	SSR3	c29
5.87620154700291e-13	0.691974399469393	0.189	0.084	1.97992734924716e-08	GPATCH2	c29
5.9284463672477e-13	0.498109584981398	0.287	0.144	1.99753071898044e-08	MAEA	c29
5.9346693106644e-13	0.379223656998731	0.571	0.343	1.99962747753526e-08	ACTN4	c29
5.98863113726216e-13	0.43039035756819	0.604	0.375	2.01780937538911e-08	PPP1R11	c29
6.00683712649929e-13	1.14037766957859	0.131	0.051	2.02394370140267e-08	MTSS1	c29
6.16746095316722e-13	0.510526930265258	0.303	0.155	2.07806429356016e-08	LSM12	c29
6.19366421238251e-13	0.648157358491421	0.268	0.135	2.08689321972016e-08	WRAP73	c29
6.22210237140154e-13	1.79464620683647	0.054	0.013	2.09647517302003e-08	RPP25	c29
6.40010074539505e-13	0.597188586111056	0.217	0.101	2.15644994515341e-08	DCTN6	c29
6.44303201713694e-13	0.500390176754961	0.301	0.153	2.17091520785412e-08	PRPSAP2	c29
6.51745613120351e-13	0.58345832247204	0.27	0.136	2.19599166884771e-08	FAM136A	c29
6.66519150676453e-13	0.515902164318662	0.448	0.253	2.24576962628924e-08	FIP1L1	c29
6.67695437235647e-13	0.567825373604896	0.242	0.117	2.24973300622179e-08	NR2C2AP	c29
6.77383923176663e-13	0.58096955000036	0.214	0.099	2.28237739075145e-08	NUP37	c29
6.78175857931886e-13	0.664274968667177	0.203	0.092	2.2850457357157e-08	ZNF672	c29
6.98350752154977e-13	0.411267180415792	0.534	0.312	2.35302302431098e-08	SHKBP1	c29
7.09289118884317e-13	0.699108998259305	0.186	0.083	2.38987875716882e-08	LACTB2	c29
7.1332810259613e-13	1.2531671362061	0.1	0.035	2.4034877088874e-08	CARD17	c29
7.20489890835287e-13	1.06601328831196	0.117	0.043	2.42761863818042e-08	GFOD2	c29
7.2259880236789e-13	1.20196315295603	0.075	0.022	2.43472440469837e-08	FARP2	c29
7.22933116029815e-13	0.899517697581837	0.112	0.04	2.43585084115086e-08	ITGAV	c29
7.2700776219778e-13	0.340389094435635	0.888	0.69	2.4495799539492e-08	DUSP2	c29
7.28239483600808e-13	0.448359391187684	0.415	0.234	2.45373011604456e-08	BAZ1B	c29
7.34405600059294e-13	0.606485479464157	0.224	0.106	2.47450622883978e-08	RCOR3	c29
7.49686713686765e-13	0.502177494788692	0.399	0.221	2.52599441309618e-08	TDG	c29
7.57299364251727e-13	0.406266751944342	0.893	0.732	2.55164447790977e-08	JAK1	c29
7.57992949579192e-13	0.442640520007854	0.699	0.451	2.55398144431213e-08	MRPL41	c29
7.71493154557104e-13	1.19377192225028	0.107	0.038	2.59946903496471e-08	PITPNA	c29
7.79703449398901e-13	0.729994879316857	0.191	0.086	2.62713280240466e-08	WDR5	c29
7.90616769617517e-13	0.673788574263013	0.273	0.142	2.66390414354926e-08	MAP3K8	c29
8.09982451222511e-13	0.423500795433812	0.492	0.287	2.72915487114913e-08	DENR	c29
8.12068813208171e-13	0.696424337107327	0.242	0.119	2.73618465922361e-08	ARNTL	c29
8.15498302261977e-13	0.477725778252765	0.266	0.131	2.74773997964151e-08	FARS2	c29
8.21107811189896e-13	0.547736542709477	0.333	0.178	2.76664065902324e-08	RBM5	c29
8.36211456976969e-13	0.43589779035495	0.347	0.184	2.8175308831382e-08	SMIM10L1	c29
8.43868212276184e-13	0.44245113692244	0.797	0.559	2.84332955444337e-08	SAP18	c29
8.51537450797397e-13	0.290860423002284	0.963	0.81	2.86917028671675e-08	SSR4	c29
8.51990197881232e-13	0.893376059388254	0.159	0.067	2.87069577274102e-08	TAX1BP3	c29
8.5296506586927e-13	0.473215553102032	0.732	0.501	2.87398049293992e-08	MRPL57	c29
8.64045786960968e-13	0.73498429274347	0.196	0.089	2.91131587458629e-08	PMM2	c29
8.76176198181218e-13	0.497158562488997	0.361	0.196	2.9521880821518e-08	DHX30	c29
8.8647914180065e-13	0.56038784029407	0.301	0.157	2.98690282038311e-08	CCDC137	c29
9.03377501525986e-13	0.442385874110782	0.664	0.451	3.04384015364166e-08	CHURC1	c29
9.11136672658406e-13	0.466324284990583	0.422	0.238	3.06998390485523e-08	GOLGA8B	c29
9.17480461996672e-13	0.537873095563224	0.464	0.271	3.09135866865159e-08	C17orf89	c29
9.26358428243339e-13	1.64958982982305	0.056	0.014	3.12127208812311e-08	TTL	c29
9.43235854591743e-13	0.544265201959241	0.261	0.129	3.17813888846142e-08	TSSC1	c29
9.44539825745467e-13	1.02620540082985	0.093	0.031	3.18253248886678e-08	SLC29A3	c29
9.6852085851595e-13	0.605777914629539	0.284	0.146	3.26333418068364e-08	ARRDC2	c29
9.98435132200845e-13	0.805582748379255	0.196	0.091	3.36412733443753e-08	AHI1	c29
1.02791948777208e-12	0.488760755756813	0.42	0.238	3.46347192209924e-08	MRPS33	c29
1.0572301302243e-12	1.35438746378753	0.079	0.024	3.56223120077774e-08	ZNF282	c29
1.05740667528268e-12	0.38660624031559	0.478	0.274	3.56282605169746e-08	UBE3A	c29
1.10539696207816e-12	0.414671981917925	0.345	0.184	3.72452452402615e-08	USP22	c29
1.13078992508018e-12	2.46270424654277	0.021	0.003	3.81008357356515e-08	RP11-780K2.1	c29
1.14959866574402e-12	0.455626236968216	0.282	0.142	3.87345774435789e-08	NUPL2	c29
1.16531476973026e-12	0.421756728057669	0.366	0.198	3.92641158512914e-08	PHAX	c29
1.16561412195492e-12	0.739392406034431	0.207	0.096	3.92742022251491e-08	PRRC1	c29
1.21177799612079e-12	2.54042788402834	0.028	0.004	4.08296478012938e-08	TCF4	c29
1.21397709617809e-12	0.450656960700875	0.305	0.158	4.09037442786246e-08	NOP56	c29
1.22262510569143e-12	0.760873030147547	0.179	0.079	4.1195130311167e-08	B4GALT7	c29
1.24373980774479e-12	0.824729157463028	0.124	0.047	4.19065690821531e-08	PCCB	c29
1.25058207689469e-12	0.591537312520382	0.261	0.13	4.21371124988898e-08	MDM2	c29
1.25285138636985e-12	0.461273405851673	0.294	0.149	4.22135746123457e-08	ZNF330	c29
1.27030945200142e-12	0.491016011317673	0.338	0.181	4.28018066757357e-08	YIF1B	c29
1.2878636339613e-12	0.708395828471365	0.191	0.086	4.33932772826922e-08	NOP14-AS1	c29
1.33573101951111e-12	0.591787980252476	0.252	0.125	4.50061209714073e-08	ACAT2	c29
1.34726074134541e-12	2.28214508815049	0.03	0.005	4.53946034188921e-08	CEND1	c29
1.35268458166199e-12	0.497922268683541	0.347	0.187	4.5577354294519e-08	C12orf10	c29
1.37925160718871e-12	0.47356102169867	0.347	0.186	4.64725036526165e-08	DAZAP1	c29
1.40047890073859e-12	0.36356855455455	0.904	0.707	4.71877360814861e-08	NDUFA1	c29
1.42125697896299e-12	0.491656222210186	0.392	0.217	4.78878326491791e-08	JAGN1	c29
1.43495150569488e-12	0.885776798076733	0.27	0.142	4.83492560328833e-08	NFATC1	c29
1.44853340074216e-12	0.618893004053035	0.207	0.096	4.88068844046063e-08	BDH2	c29
1.44983187683444e-12	0.593054266389077	0.179	0.078	4.88506352580595e-08	TMEM214	c29
1.45607493077423e-12	0.774146590484114	0.184	0.083	4.90609887175071e-08	CLEC16A	c29
1.46381540390089e-12	1.10116582153249	0.07	0.02	4.93217962190367e-08	FAM83G	c29
1.52990815323581e-12	0.596795703490687	0.259	0.129	5.15487253151275e-08	FUOM	c29
1.55097626443918e-12	0.436353193997778	0.462	0.268	5.22585942540138e-08	IDH3G	c29
1.62193337230083e-12	0.622485109181916	0.221	0.105	5.46494230463043e-08	FBXO22	c29
1.65046331664276e-12	0.417074907736433	0.52	0.306	5.56107109909612e-08	CCM2	c29
1.68524927201146e-12	0.536515115345246	0.266	0.134	5.67827889711543e-08	ZCCHC10	c29
1.70245904107739e-12	0.812925469925996	0.168	0.073	5.73626549300617e-08	ALDH18A1	c29
1.7323249819418e-12	0.454347486812811	0.725	0.531	5.8368957941547e-08	MAT2B	c29
1.73264296622919e-12	0.668651907471227	0.214	0.102	5.83796721041264e-08	TMEM33	c29
1.76139303724419e-12	0.461623622735288	0.34	0.184	5.93483769969058e-08	GLS	c29
1.90926209754737e-12	0.497447708789488	0.245	0.119	6.43306771147609e-08	POP7	c29
1.93817933835274e-12	0.544709025807941	0.252	0.125	6.53050146264572e-08	RNF139	c29
2.02884884343825e-12	0.414907657687137	0.664	0.441	6.83600329308085e-08	UBE2L3	c29
2.03908315481664e-12	0.613300738628397	0.242	0.119	6.87048678183918e-08	MRPS9	c29
2.04138413041175e-12	0.394914829413965	0.448	0.258	6.87823968900935e-08	CHD3	c29
2.04795919838692e-12	3.53271917503827	0.019	0.002	6.90039372304489e-08	RBPMS	c29
2.06363755752208e-12	0.545608811278286	0.31	0.165	6.95322038631491e-08	CAT	c29
2.08372010467712e-12	0.503461463905219	0.245	0.121	7.0208865206991e-08	SPEN	c29
2.08452908203645e-12	0.387124845189169	0.408	0.224	7.02361228901361e-08	COPS2	c29
2.09099480374423e-12	0.432074741996741	0.347	0.187	7.04539789173579e-08	CLIP1	c29
2.10556873500605e-12	2.60511070670389	0.019	0.002	7.09450329572939e-08	ZNF662	c29
2.1130139408485e-12	2.64349453469441	0.019	0.002	7.11958917229493e-08	DSCAML1	c29
2.12004944582441e-12	0.422119098135049	0.524	0.313	7.14329460276075e-08	SH3GLB1	c29
2.12794930984891e-12	0.509969074288525	0.252	0.124	7.16991240460491e-08	MRPL45	c29
2.16639087387664e-12	0.557710889161661	0.252	0.125	7.29943741043994e-08	ELP6	c29
2.18965804665556e-12	0.704217731932592	0.166	0.071	7.37783382240123e-08	INO80C	c29
2.19632755455174e-12	0.454978635151273	0.76	0.521	7.40030606230662e-08	RNPS1	c29
2.20421894254576e-12	0.550900777064018	0.191	0.086	7.42689530501367e-08	DNAJC30	c29
2.21537939803480e-12	0.827629541863253	0.128	0.05	7.46449934373847e-08	NADK	c29
2.22167419478579e-12	0.404462109128639	0.685	0.447	7.48570903191123e-08	TOMM5	c29
2.25365461882817e-12	0.442832357949289	0.69	0.467	7.59346387267963e-08	PA2G4	c29
2.25996300426411e-12	0.97490952471155	0.105	0.037	7.61471934656749e-08	TNFAIP1	c29
2.27868155161622e-12	0.4989753451241	0.254	0.125	7.67778962001568e-08	MRPS22	c29
2.28424959720985e-12	0.601621599283853	0.238	0.117	7.69655059283885e-08	CAAP1	c29
2.35832458134018e-12	0.457980065685619	0.28	0.142	7.94613884436762e-08	EI24	c29
2.36000923852856e-12	0.639692379699947	0.256	0.13	7.95181512829812e-08	CMAS	c29
2.41353921611137e-12	0.309766361470719	0.832	0.624	8.13217903476565e-08	HSPE1	c29
2.4463309626237e-12	0.552114450495944	0.228	0.11	8.2426675454643e-08	CASK	c29
2.50529087497992e-12	0.412342306678295	0.681	0.44	8.44132707415733e-08	GTF2A2	c29
2.50674584039918e-12	0.460550148051846	0.485	0.289	8.44622943464099e-08	FDX1	c29
2.52599606498489e-12	0.395545870448743	0.648	0.406	8.51109114136007e-08	C17orf62	c29
2.55801770754598e-12	0.494018658372457	0.478	0.285	8.61898486380543e-08	RPL7L1	c29
2.61567740421903e-12	0.436722574572749	0.73	0.478	8.8132634457756e-08	GHITM	c29
2.65226715107832e-12	0.936887688593097	0.107	0.039	8.9365489388433e-08	TEX10	c29
2.65345159045961e-12	2.52861014040801	0.023	0.003	8.94053978889461e-08	AP001058.3	c29
2.66237199275487e-12	0.511151029657426	0.228	0.109	8.97059619238825e-08	TULP4	c29
2.68043175161332e-12	1.17933391343747	0.1	0.035	9.03144674388593e-08	RRP12	c29
2.69535518501082e-12	0.644396365472846	0.184	0.083	9.08172976037546e-08	KIAA0196	c29
2.70393595954124e-12	2.33623257775358	0.037	0.007	9.11064182207827e-08	DNAH8	c29
2.73608578971153e-12	0.963626238738862	0.114	0.043	9.21896745985403e-08	ALYREF	c29
2.77172165251957e-12	0.494295085982595	0.228	0.109	9.33903893599944e-08	SPTLC1	c29
2.8065179047641e-12	0.511913932619086	0.294	0.153	9.45628142831217e-08	ZC3H8	c29
2.8088642355333e-12	0.438262382230216	0.51	0.301	9.46418715520591e-08	G3BP2	c29
2.8547227044321e-12	0.480431539787207	0.408	0.231	9.61870268031353e-08	GTF2I	c29
2.92281834497078e-12	1.02515504912401	0.096	0.033	9.84814413154455e-08	MAPKBP1	c29
2.97730069556774e-12	0.426807419825399	0.751	0.54	1.0031716963646e-07	SSBP1	c29
3.03787457457124e-12	0.383843947891793	0.492	0.281	1.02358145915604e-07	LAMTOR2	c29
3.05101003460605e-12	0.41225765069229	0.415	0.232	1.02800732106016e-07	TTC1	c29
3.10165067835078e-12	0.821181179684844	0.133	0.053	1.04507017956351e-07	TMEM185B	c29
3.14793488361831e-12	1.01595406443431	0.124	0.048	1.06066517968635e-07	CCDC141	c29
3.23385836319738e-12	0.241304018303149	0.548	0.34	1.08961623689573e-07	CTD-3252C9.4	c29
3.25606950959379e-12	0.381971933982083	0.685	0.441	1.09710006056253e-07	DNAJC8	c29
3.26669466390855e-12	0.575368618831147	0.228	0.111	1.10068010005735e-07	MED6	c29
3.28683551236548e-12	0.984560884019018	0.235	0.117	1.10746635753643e-07	INSIG1	c29
3.29196542914404e-12	1.30826671553482	0.068	0.019	1.10919483169579e-07	ZSWIM6	c29
3.29963645761671e-12	0.528697159725892	0.233	0.113	1.11177950802937e-07	PIGBOS1	c29
3.31105145535370e-12	0.407994551814096	0.396	0.218	1.11562567736688e-07	AZIN1	c29
3.33874905370884e-12	0.572538974862554	0.231	0.112	1.12495810615666e-07	GSKIP	c29
3.37050414610476e-12	0.376523720138129	0.387	0.211	1.13565766698854e-07	ZNF655	c29
3.40698976268521e-12	0.595659351637773	0.245	0.121	1.14795113063916e-07	TDP2	c29
3.41600436339945e-12	0.653439619395204	0.175	0.077	1.15098851020381e-07	ATP6V1C1	c29
3.50596866177678e-12	0.484676472839034	0.329	0.177	1.18130108089907e-07	UROS	c29
3.5065562209255e-12	0.644391419528943	0.212	0.101	1.18149905307864e-07	EIF2B2	c29
3.5485289129473e-12	0.409093949973877	0.634	0.401	1.19564133192846e-07	OSTC	c29
3.5628190577898e-12	0.657503719318128	0.193	0.089	1.20045625333169e-07	RRP15	c29
3.5682374725048e-12	0.462046390727137	0.371	0.205	1.20228193398577e-07	UBA3	c29
3.58584986301925e-12	0.234070554026685	0.991	0.981	1.20821625284571e-07	SERF2	c29
3.71632925623124e-12	2.15658649548583	0.028	0.004	1.25217997959455e-07	B3GALT2	c29
3.73521111313555e-12	0.426330677505681	0.625	0.394	1.25854203245989e-07	WTAP	c29
3.78779721379705e-12	1.54204636432938	0.047	0.011	1.27626039321678e-07	WBSCR27	c29
3.89492566544071e-12	1.14453193874379	0.072	0.022	1.31235625371359e-07	LINC01012	c29
3.94523150366023e-12	0.384480624968353	0.723	0.465	1.32930630284328e-07	RAB11B	c29
3.95533036899101e-12	0.513678580188549	0.324	0.175	1.33270901452783e-07	DHX15	c29
3.97765746657112e-12	1.04538681173349	0.105	0.038	1.34023190678647e-07	RHBDD3	c29
3.98150041589521e-12	0.304887987658415	0.963	0.913	1.34152675013173e-07	MIF	c29
4.05848974647508e-12	3.56733042103403	0.016	0.002	1.36746753517731e-07	RP11-162J8.3	c29
4.0649876034507e-12	1.70757397646041	0.044	0.01	1.36965692310668e-07	PMF1-BGLAP	c29
4.07943335334555e-12	0.490354365271361	0.319	0.17	1.37452427407625e-07	ARAF	c29
4.09482410338432e-12	1.20574693099306	0.082	0.026	1.37971003339431e-07	ARRB1	c29
4.1202137803261e-12	0.490163589065584	0.298	0.157	1.38826483114308e-07	FLAD1	c29
4.25180217768139e-12	0.52385498356812	0.359	0.199	1.43260222574797e-07	MRPL42	c29
4.26723536317212e-12	0.49985536631899	0.259	0.129	1.43780228326721e-07	PLAA	c29
4.48171985340602e-12	0.718900343293151	0.17	0.075	1.51007068740662e-07	PYGB	c29
4.48943050029794e-12	1.18109946140792	0.091	0.031	1.51266871277039e-07	GALE	c29
4.50280437387556e-12	2.23200158869621	0.028	0.005	1.51717490573363e-07	DYRK3	c29
4.52734315987567e-12	0.38347426988176	0.639	0.39	1.52544300428851e-07	PDAP1	c29
4.65404993941281e-12	0.508583974858829	0.284	0.147	1.56813558658575e-07	CDK11B	c29
4.66483388231471e-12	0.756707626549402	0.186	0.085	1.57176912830712e-07	EXOC6	c29
4.66634008139938e-12	1.58358507902301	0.061	0.017	1.57227662702671e-07	UST	c29
4.66938275956596e-12	0.729273566394386	0.172	0.077	1.57330182700816e-07	CSNK1E	c29
4.88379868310913e-12	0.621533820747191	0.228	0.111	1.64554712828679e-07	SIRT6	c29
4.92476594021303e-12	1.16957935704167	0.098	0.035	1.65935063589538e-07	C3orf14	c29
4.98297136389684e-12	0.584489381219862	0.242	0.121	1.6789623713514e-07	GNPDA1	c29
5.03922878980749e-12	0.490404851653314	0.385	0.218	1.69791774843773e-07	SMNDC1	c29
5.04368213275335e-12	0.545764539104774	0.366	0.206	1.69941825780991e-07	FPGS	c29
5.04852005399708e-12	0.884444660279818	0.149	0.063	1.70104834699378e-07	SIL1	c29
5.04869873801242e-12	0.369106694247372	0.688	0.44	1.70110855278591e-07	TRAM1	c29
5.09021458385478e-12	0.551894622541398	0.326	0.179	1.71509690188403e-07	IWS1	c29
5.09159579011462e-12	0.383898105704371	0.839	0.654	1.71556228552122e-07	DAD1	c29
5.09623523027167e-12	1.48300062618496	0.051	0.013	1.71712549848774e-07	TTYH3	c29
5.10451299055418e-12	0.887856548738074	0.117	0.044	1.71991460703733e-07	ZNF738	c29
5.18503289633369e-12	0.819651524903699	0.212	0.103	1.74704498409067e-07	FKBP4	c29
5.23973939098822e-12	0.457190072853271	0.422	0.243	1.76547779039957e-07	PFKL	c29
5.2654913291586e-12	1.66837273862035	0.042	0.009	1.7741546484467e-07	AMZ1	c29
5.36331312942159e-12	0.407515246259866	0.653	0.413	1.80711472582731e-07	TALDO1	c29
5.38838166266654e-12	0.402297432651041	0.755	0.53	1.81556131741886e-07	EIF5	c29
5.45645727011964e-12	0.438256658709544	0.427	0.246	1.83849871259411e-07	ATXN2L	c29
5.65228252906167e-12	0.213827629947725	0.543	0.324	1.90448007534204e-07	CD63	c29
5.65912065369006e-12	0.452764944992674	0.564	0.355	1.90678411305433e-07	COMMD7	c29
5.71949950516668e-12	0.809252856383874	0.124	0.048	1.92712816327086e-07	ASB7	c29
5.75312883173263e-12	0.774609351471219	0.147	0.062	1.93845922856399e-07	HCCS	c29
5.78023046911655e-12	0.44387417701845	0.382	0.214	1.94759085426413e-07	TFAM	c29
5.82504260254864e-12	0.549929682965353	0.27	0.139	1.96268985450274e-07	BCKDHA	c29
5.86201813115897e-12	0.597949056445101	0.205	0.096	1.9751483891127e-07	BCL10	c29
5.91646422370804e-12	1.67135733060061	0.114	0.044	1.99349345553619e-07	IQCG	c29
5.93188419002017e-12	0.955167006621014	0.128	0.051	1.9986890589854e-07	TKFC	c29
5.96598162978329e-12	0.547012428234414	0.291	0.154	2.01017785033918e-07	QTRT1	c29
5.97227022834286e-12	0.399734039799211	0.415	0.235	2.01229673073784e-07	GID8	c29
6.13504101643834e-12	1.9543402865309	0.035	0.007	2.06714072007873e-07	SDSL	c29
6.14338218513254e-12	0.938675311537485	0.124	0.049	2.06995119345856e-07	PUS1	c29
6.26876334445206e-12	0.453175992827887	0.608	0.395	2.11219712127968e-07	MRPS34	c29
6.37431223734629e-12	0.434979326035068	0.331	0.179	2.14776076525146e-07	TMEM30A	c29
6.37964081707329e-12	2.66758906685834	0.026	0.004	2.14955617690468e-07	LINC01353	c29
6.44181472344148e-12	0.574893188688295	0.168	0.074	2.17050505291637e-07	MAP3K14	c29
6.55020954824094e-12	0.61504660174676	0.168	0.074	2.2070276051843e-07	CHPF2	c29
6.59262190636554e-12	0.943771112235012	0.138	0.057	2.2213180251308e-07	SOCS4	c29
6.68239860874403e-12	0.54691570669606	0.275	0.143	2.25156738723021e-07	UTP18	c29
6.75394924852231e-12	0.353917409416655	0.662	0.425	2.27567565979711e-07	SEPT2	c29
6.85882927548576e-12	1.15313736522915	0.086	0.029	2.31101393608217e-07	DHX57	c29
6.85926008894067e-12	0.479272242313867	0.385	0.216	2.31115909436767e-07	DDX27	c29
6.89215967396214e-12	0.321098790838458	0.506	0.3	2.3222442805448e-07	NRDC	c29
7.03548329825094e-12	0.406627431735483	0.333	0.179	2.37053574251267e-07	CCNK	c29
7.06802203087616e-12	0.427770320927216	0.732	0.511	2.38149934308341e-07	SCAND1	c29
7.1034016465458e-12	0.551368414983517	0.254	0.13	2.39342015078714e-07	RP11-553L6.2	c29
7.11963872825214e-12	0.807576135901762	0.121	0.047	2.39889107309727e-07	SLC25A33	c29
7.14400726214569e-12	1.07703096511848	0.086	0.029	2.40710180690737e-07	SLC35D1	c29
7.16942354263136e-12	0.416607132160298	0.245	0.12	2.41566556845421e-07	ANKRD36B	c29
7.1699056676303e-12	0.842751924201072	0.154	0.067	2.41582801565135e-07	SLC22A18	c29
7.30502468142093e-12	0.616083324642792	0.152	0.064	2.46135501615797e-07	GOLGA8A	c29
7.40120111229927e-12	0.431770734740027	0.529	0.319	2.49376070277812e-07	DARS	c29
7.41264360789407e-12	0.405578040874202	0.368	0.201	2.49761613724383e-07	SAE1	c29
7.6109173325291e-12	0.447119299803981	0.268	0.136	2.56442248602235e-07	GIGYF2	c29
7.88611451553894e-12	0.392391922672428	0.466	0.266	2.65714742486569e-07	SUCLG1	c29
7.96617939260997e-12	0.674569308760632	0.179	0.082	2.684124484546e-07	TM9SF1	c29
7.98242777578162e-12	0.319292194040721	0.862	0.65	2.68959921477186e-07	TMEM59	c29
8.24733043249898e-12	0.748359014379605	0.154	0.066	2.77885551592621e-07	NAT10	c29
8.27049754534511e-12	0.563209978844688	0.256	0.131	2.78666144292858e-07	UBALD2	c29
8.33432196489352e-12	0.497670089344289	0.394	0.224	2.80816644285122e-07	ARHGEF6	c29
8.39186864095815e-12	0.44965715649081	0.242	0.12	2.82755621988444e-07	PSMG3	c29
8.39537037812817e-12	0.953668684653087	0.14	0.059	2.82873609520651e-07	PRR5	c29
8.39809872587473e-12	0.359749789079429	0.783	0.546	2.82965538469623e-07	PHB2	c29
8.57976136084428e-12	0.521148925662791	0.312	0.167	2.89086479292287e-07	MRPL50	c29
8.92252087955926e-12	0.416774953614938	0.52	0.313	3.0063541851587e-07	ABI1	c29
8.96104470888349e-12	0.441221837947858	0.622	0.401	3.0193344042112e-07	MAGOH	c29
9.04115775912598e-12	0.401431227759704	0.322	0.171	3.04632769535991e-07	AP3B1	c29
9.07871821724414e-12	1.06509335974385	0.114	0.044	3.05898331611824e-07	MSRB2	c29
9.14330999354702e-12	0.353332181654369	0.606	0.369	3.08074686922573e-07	TMEM160	c29
9.25392031759189e-12	1.6162658093858	0.063	0.018	3.11801591180941e-07	DMGDH	c29
9.27643805585332e-12	0.462582154637136	0.608	0.383	3.12560303853922e-07	MRPL54	c29
9.27849235908965e-12	0.937870458201445	0.119	0.046	3.12629521547167e-07	MRPL53	c29
9.32934420697021e-12	0.420258724286204	0.242	0.119	3.14342923709654e-07	COL4A3BP	c29
9.33470095036387e-12	0.785635567025269	0.172	0.078	3.1452341382156e-07	CD38	c29
9.42423990540892e-12	0.392278017935945	0.622	0.399	3.17540339372848e-07	HADHA	c29
9.47994269937995e-12	0.441814199761477	0.494	0.301	3.19417189312908e-07	RNF10	c29
9.58152344088824e-12	0.456674010629802	0.336	0.183	3.22839850817288e-07	CDC5L	c29
9.76105837909196e-12	1.46336886919795	0.051	0.013	3.28889101025124e-07	CENPBD1	c29
9.84687487235555e-12	1.9553390798321	0.033	0.006	3.31780601949148e-07	RGPD1	c29
9.8622428146791e-12	0.472443415566245	0.301	0.159	3.32298409397798e-07	GLYR1	c29
1.02313604953459e-11	0.74911503041927	0.152	0.065	3.44735460530185e-07	SHQ1	c29
1.04007886673121e-11	0.628187355197932	0.175	0.078	3.50444173356413e-07	PRKCZ	c29
1.04176561270649e-11	0.811326727963178	0.119	0.046	3.51012505545324e-07	LMTK2	c29
1.04276735723319e-11	0.469850336113801	0.359	0.201	3.5135003334615e-07	PLGRKT	c29
1.05091310248478e-11	0.632722711451601	0.203	0.097	3.54094660751223e-07	PIGX	c29
1.08276532393897e-11	0.522953851463257	0.249	0.128	3.64826948247995e-07	OAS3	c29
1.10032992371157e-11	0.606652143327383	0.207	0.099	3.70745164495375e-07	CASP7	c29
1.12955330427633e-11	0.613741219557158	0.121	0.047	3.80591690342865e-07	UBE2W	c29
1.13273748781544e-11	0.331657870110417	0.881	0.703	3.81664569144534e-07	DDX24	c29
1.14687880263066e-11	0.648886846667652	0.207	0.099	3.86429343758376e-07	ORC3	c29
1.14913029863033e-11	1.07113176343627	0.082	0.027	3.87187962820504e-07	CLUH	c29
1.15014626436404e-11	0.683592207937016	0.133	0.054	3.87530282314821e-07	TSTD2	c29
1.16020780382232e-11	0.404077488655281	0.417	0.239	3.90920417419893e-07	NCKAP1L	c29
1.17461960444215e-11	0.397864300064528	0.564	0.347	3.95776329520737e-07	NECAP2	c29
1.17699775800439e-11	1.44370744111635	0.075	0.023	3.96577624581998e-07	SRF	c29
1.18163759245726e-11	0.847951243907557	0.142	0.06	3.98140970402549e-07	TNFAIP8L1	c29
1.18691148250034e-11	0.397154280192396	0.594	0.373	3.99917954913665e-07	MIEN1	c29
1.18873948636466e-11	0.413423488972188	0.676	0.444	4.00533882535709e-07	DGUOK	c29
1.19171018744764e-11	0.891519450499348	0.105	0.039	4.01534830558607e-07	RENBP	c29
1.19325660380359e-11	0.399315349874579	0.301	0.157	4.02055880085581e-07	FBXW11	c29
1.2088746298587e-11	0.652678811846954	0.233	0.118	4.0731821778459e-07	DESI2	c29
1.21092741421551e-11	0.531524074210439	0.303	0.162	4.08009882945773e-07	HDAC3	c29
1.23041470785403e-11	0.700184051346248	0.166	0.073	4.14575931664336e-07	B4GALT4	c29
1.26374469514425e-11	0.328820232440977	0.357	0.193	4.25806137581904e-07	ALG13	c29
1.26785037877063e-11	2.86221696903821	0.019	0.002	4.27189506622977e-07	NOL3	c29
1.27687703100142e-11	0.79797006722935	0.121	0.048	4.30230946825618e-07	IPP	c29
1.3003091956539e-11	2.67718015647647	0.016	0.002	4.38126180383625e-07	AC005537.2	c29
1.3164849760593e-11	0.888123639844919	0.124	0.049	4.43576447833421e-07	ZNF749	c29
1.32079151405585e-11	0.457220236479102	0.324	0.174	4.4502749274598e-07	POLR3K	c29
1.32777748564393e-11	1.12943563270841	0.089	0.03	4.47381346012864e-07	CXorf21	c29
1.34032663068952e-11	2.65296674891483	0.028	0.005	4.51609654944528e-07	STRIP2	c29
1.34345857185554e-11	0.47831805968585	0.291	0.155	4.52664931201005e-07	SPG11	c29
1.34827171273339e-11	0.378374355623908	0.59	0.374	4.54286670888389e-07	FGFR1OP2	c29
1.35043240581487e-11	0.659949263540573	0.179	0.082	4.55014694815262e-07	CDKAL1	c29
1.4016240782504e-11	0.785287611879632	0.193	0.093	4.7226321692569e-07	MPST	c29
1.40424653462484e-11	0.57737664209567	0.438	0.271	4.73146827376495e-07	SIAH2	c29
1.41926032436374e-11	0.518899090250418	0.179	0.081	4.78205573691118e-07	GMPPA	c29
1.42150276984629e-11	0.442556064996397	0.291	0.153	4.78961143272008e-07	CERK	c29
1.42432658284056e-11	0.362736029721858	0.79	0.551	4.79912598822299e-07	UBXN4	c29
1.42909356286035e-11	0.473190478298734	0.366	0.206	4.81518785070166e-07	AGTRAP	c29
1.43336696661631e-11	1.92873158886069	0.086	0.03	4.829586657317e-07	TRAV36DV7	c29
1.45497253735435e-11	0.875471887996546	0.1	0.036	4.90238446736175e-07	MED18	c29
1.45624711666062e-11	0.576103354991059	0.182	0.083	4.90667903487629e-07	COG2	c29
1.47569987078768e-11	1.22150684390586	0.072	0.022	4.97222314463201e-07	SLC25A15	c29
1.50011496982211e-11	0.464878311368975	0.247	0.124	5.05448737931863e-07	BCAP29	c29
1.50095770880291e-11	3.12919143602418	0.021	0.003	5.05732690404054e-07	TRBV12-2	c29
1.55758089115761e-11	0.428279860141934	0.62	0.405	5.24811305466645e-07	SDHC	c29
1.56577027523629e-11	0.389922172358622	0.59	0.377	5.27570636538115e-07	SRSF9	c29
1.61227984715724e-11	0.526285625096771	0.196	0.092	5.4324157170116e-07	OXSR1	c29
1.6352824070121e-11	0.747703323857127	0.242	0.126	5.50992054218658e-07	RCC1	c29
1.6393107789263e-11	0.706200428530269	0.189	0.089	5.52349373851428e-07	SLC39A6	c29
1.64263807551058e-11	0.432613234772797	0.522	0.32	5.53470473162535e-07	HNRNPL	c29
1.65009042917996e-11	0.740525143601726	0.14	0.058	5.55981469207896e-07	TTI2	c29
1.6522313755733e-11	0.934624874917908	0.149	0.065	5.56702839685669e-07	FAM179B	c29
1.66354725634888e-11	0.615913507186059	0.186	0.087	5.60515612554191e-07	HDAC8	c29
1.67763309756628e-11	1.52596143941123	0.061	0.017	5.65261695893982e-07	AKR1C3	c29
1.67814544917708e-11	0.57141911421424	0.287	0.154	5.65434327645727e-07	PCBD1	c29
1.7159992804135e-11	0.592647070674523	0.175	0.079	5.78188797542524e-07	NUP88	c29
1.76449365711973e-11	0.741117683363151	0.147	0.063	5.94528492829922e-07	TARS2	c29
1.7942358912882e-11	3.71690158856318	0.014	0.001	6.04549841210647e-07	TMEM86A	c29
1.87148354014351e-11	0.609762055399832	0.177	0.081	6.30577664015954e-07	FAM114A2	c29
1.91916829176951e-11	0.648315905760577	0.14	0.058	6.46644564228818e-07	TTC27	c29
1.97697446434223e-11	0.426072237275558	0.347	0.189	6.66121776015471e-07	DCAF11	c29
1.97974107099261e-11	0.418678201074856	0.317	0.171	6.67053956460249e-07	GSK3B	c29
2.00442134446361e-11	1.6315382434759	0.051	0.013	6.7536972780357e-07	BFSP2	c29
2.00961098549528e-11	2.26247860476319	0.019	0.002	6.77118325452781e-07	FAM110C	c29
2.04506608386191e-11	0.718701260701838	0.138	0.057	6.89064566296431e-07	POLD3	c29
2.04739559331291e-11	0.686521215456186	0.147	0.063	6.89849471210853e-07	STK40	c29
2.0674226677132e-11	0.422651484632471	0.275	0.142	6.96597393659285e-07	ZKSCAN1	c29
2.06885333928465e-11	0.414444051177467	0.399	0.227	6.9707944413857e-07	CYB561D2	c29
2.11311929185567e-11	0.525218351921389	0.233	0.116	7.1199441419785e-07	MED17	c29
2.12910968556407e-11	0.361386090432869	0.615	0.389	7.17382217453957e-07	DNAJB6	c29
2.14349864740933e-11	0.461540943157736	0.303	0.163	7.222304342581e-07	SART1	c29
2.16441771819963e-11	0.409645637419234	0.382	0.217	7.29278905970182e-07	LINC00657	c29
2.20551463212662e-11	1.78840036034977	0.054	0.014	7.43126100148742e-07	ARSD	c29
2.20814288617754e-11	0.434784722364189	0.203	0.096	7.44011664068662e-07	PGP	c29
2.21176401836115e-11	0.438645369173479	0.371	0.208	7.45231768346607e-07	SRP54	c29
2.2942757136499e-11	0.54343762640991	0.228	0.114	7.73033258957196e-07	PPP1R35	c29
2.30262041272159e-11	1.61837769204747	0.051	0.013	7.75844921862413e-07	AC010226.4	c29
2.34785415556163e-11	0.552153349284509	0.247	0.127	7.91085979174937e-07	NDUFAF2	c29
2.36244020139412e-11	0.360244523383463	0.448	0.26	7.96000601457735e-07	TCIRG1	c29
2.39098339517182e-11	0.581700126825728	0.191	0.09	8.05617945169194e-07	RAVER1	c29
2.39384852149302e-11	0.691405426872902	0.198	0.096	8.06583320831857e-07	ELMO2	c29
2.43807832758693e-11	0.411589506021482	0.298	0.158	8.21486111697141e-07	USE1	c29
2.46532867968562e-11	0.617287641266753	0.231	0.117	8.30667845333274e-07	NAA15	c29
2.50699632254707e-11	0.359104735217324	0.555	0.34	8.44707340919009e-07	IRF2	c29
2.51103079685818e-11	0.426633993520715	0.294	0.157	8.46066716693395e-07	AGO2	c29
2.54121929490635e-11	0.389202224480438	0.527	0.322	8.56238429225745e-07	PDCD10	c29
2.61390388532959e-11	0.489054002819348	0.27	0.142	8.8072877512295e-07	FAM120A	c29
2.62122376926181e-11	0.42985777046082	0.399	0.233	8.83195136815073e-07	SETX	c29
2.64195266604958e-11	0.354879636380589	0.632	0.398	8.90179531298746e-07	MLF2	c29
2.6576359932291e-11	0.555841617662592	0.247	0.126	8.95463871558614e-07	TRMT2A	c29
2.69122133623419e-11	0.3782159658754	0.371	0.204	9.06780117030748e-07	CNDP2	c29
2.69799512761983e-11	0.452805498220328	0.354	0.199	9.09062478300226e-07	ACO2	c29
2.7349352255528e-11	0.406160783467168	0.527	0.32	9.2150907489776e-07	FDFT1	c29
2.74545520185471e-11	0.499321995210514	0.231	0.114	9.25053675712927e-07	CIAPIN1	c29
2.76064036319266e-11	0.477431326315305	0.284	0.15	9.30170163974136e-07	AP2A1	c29
2.76447192491046e-11	0.40326155000272	0.578	0.36	9.31461170379329e-07	COPS6	c29
2.79616548807443e-11	0.474495100416473	0.352	0.198	9.421399995518e-07	PROSC	c29
2.80500047432362e-11	0.481243805843683	0.177	0.081	9.451168598186e-07	CSTF3	c29
2.87398081991641e-11	0.456884222603438	0.338	0.189	9.68359097462634e-07	TAF10	c29
2.88216668629359e-11	0.604632290282811	0.198	0.095	9.71117243279762e-07	POGLUT1	c29
2.8951119283157e-11	0.320101709710519	0.802	0.567	9.75479013126692e-07	BUB3	c29
2.91764697609039e-11	0.562143300610248	0.231	0.116	9.83071972123896e-07	DNAJC10	c29
2.92111468963272e-11	0.411753516792315	0.331	0.182	9.84240383524848e-07	PLEKHB2	c29
2.96033042992135e-11	2.60212862061631	0.019	0.002	9.974537350577e-07	C19orf38	c29
2.96597879763347e-11	0.185121490510343	0.636	0.41	9.99356896074622e-07	CKLF	c29
2.97679205900841e-11	0.428487310387086	0.315	0.17	1.00300031636229e-06	MRPS11	c29
2.98809189090222e-11	0.447944550277795	0.233	0.116	1.0068076817206e-06	WDR45B	c29
3.00450132927929e-11	0.52253039397997	0.24	0.122	1.01233667788736e-06	INTS6	c29
3.02293353661242e-11	0.458821569879099	0.252	0.128	1.01854722582619e-06	CTNNBL1	c29
3.06333822515392e-11	1.28311553837851	0.065	0.019	1.03216118158336e-06	GINS2	c29
3.07279405576747e-11	0.617456051083398	0.175	0.08	1.03534722915029e-06	PRKCI	c29
3.13036943178371e-11	0.401194911817383	0.382	0.217	1.0547466763452e-06	HINT2	c29
3.13643728594706e-11	0.506220286022215	0.38	0.221	1.056791179127e-06	ST8SIA4	c29
3.13649115635373e-11	0.599665429446427	0.228	0.115	1.05680933022183e-06	RNPEP	c29
3.16875737570128e-11	0.424854321462846	0.252	0.128	1.06768111016879e-06	PTTG1IP	c29
3.24664693661201e-11	1.01620267576447	0.091	0.032	1.09392521882205e-06	POLR1B	c29
3.27672158177349e-11	0.69400574281293	0.145	0.062	1.10405856976276e-06	TRMT1L	c29
3.30149000615229e-11	0.377338410439555	0.392	0.223	1.11240404267295e-06	TAF12	c29
3.30235804749513e-11	1.50387380669939	0.086	0.03	1.11269652052301e-06	MPP1	c29
3.31538157496562e-11	0.746132169767283	0.133	0.055	1.11708466786892e-06	MFN1	c29
3.3422998295071e-11	0.54778487039397	0.203	0.097	1.12615450455412e-06	FCHO1	c29
3.41802138924305e-11	0.291345372724865	0.93	0.762	1.15166812689155e-06	PRR13	c29
3.45445131372454e-11	0.781775409247285	0.233	0.121	1.16394282564635e-06	MAP3K11	c29
3.45832462422629e-11	1.31850798138116	0.07	0.022	1.1652478988868e-06	SWAP70	c29
3.49791969907954e-11	2.67158966905496	0.014	0.001	1.17858906340786e-06	VEGFA	c29
3.55818023009006e-11	0.950861868765148	0.119	0.048	1.19889324672654e-06	RABL3	c29
3.59602726791431e-11	0.405068402965123	0.333	0.182	1.21164542765105e-06	DNAJC9	c29
3.65128078255888e-11	0.374962708806737	0.618	0.396	1.23026254687539e-06	SRSF4	c29
3.66237279331079e-11	0.537486422932019	0.221	0.109	1.23399988897814e-06	WDR48	c29
3.7577100952764e-11	1.62472573641725	0.051	0.013	1.26612283950243e-06	APLF	c29
3.78871562107474e-11	0.407595241538778	0.375	0.213	1.27656984136492e-06	SEC61A1	c29
3.79773176984472e-11	0.387936774867143	0.473	0.287	1.27960774253148e-06	LDLRAD4	c29
3.81822795023497e-11	0.61059481917401	0.182	0.085	1.28651372555217e-06	ASB3	c29
3.8390794246569e-11	0.481789725833198	0.205	0.098	1.2935394213439e-06	KIAA0100	c29
3.91687552954792e-11	0.39876261205052	0.277	0.144	1.31975204092588e-06	MRPS27	c29
3.92645317827752e-11	0.457981611923734	0.282	0.15	1.32297913388883e-06	FAF1	c29
4.08889955333059e-11	0.405943014809866	0.431	0.251	1.37771381549921e-06	COQ10B	c29
4.10869076647335e-11	1.16181873541911	0.068	0.021	1.38438226685553e-06	SH3PXD2A	c29
4.13048520154857e-11	0.638170205849686	0.172	0.079	1.39172568380978e-06	DERA	c29
4.19500259404433e-11	0.650027913824309	0.126	0.051	1.41346417403729e-06	GFM2	c29
4.20768528019953e-11	1.56656010753288	0.044	0.011	1.41773747831043e-06	ADAM28	c29
4.20887282464409e-11	0.517047865699567	0.226	0.113	1.41813760953558e-06	APOBEC3D	c29
4.21541373390854e-11	1.01638520864097	0.096	0.035	1.42034150350314e-06	EARS2	c29
4.22012028691661e-11	0.918544986244233	0.107	0.041	1.42192732947368e-06	EIF4ENIF1	c29
4.31909515250116e-11	2.05938709428439	0.03	0.006	1.45527592068374e-06	C12orf60	c29
4.34583465918946e-11	0.390322671452172	0.417	0.244	1.4642855300673e-06	WAPL	c29
4.35511157875099e-11	0.631787831067832	0.168	0.076	1.46741129534436e-06	POLR3E	c29
4.37191238505855e-11	0.492346107421286	0.27	0.143	1.47307215902163e-06	GET4	c29
4.40085070195981e-11	0.545150859618671	0.235	0.119	1.48282263551834e-06	MTX1	c29
4.44887902539e-11	0.45602618317645	0.315	0.173	1.49900529881491e-06	USO1	c29
4.46184559515906e-11	0.499392004799086	0.401	0.237	1.50337425483289e-06	LAGE3	c29
4.53511910371386e-11	1.01191658574356	0.107	0.041	1.52806303080535e-06	CTD-2020K17.4	c29
4.56036063822495e-11	0.375979467127165	0.261	0.134	1.53656791344351e-06	SUPT7L	c29
4.56218772283496e-11	0.382135024741025	0.73	0.492	1.53718353133201e-06	RAB7A	c29
4.59564018068814e-11	0.408808989353281	0.333	0.183	1.54845500248106e-06	DDX54	c29
4.61037461192244e-11	0.358766306944012	0.732	0.501	1.55341962174115e-06	ANAPC11	c29
4.61766142434098e-11	0.416460544337834	0.238	0.119	1.55587484031745e-06	TMEM167B	c29
4.70912586158673e-11	0.432513380304754	0.415	0.241	1.58669286780303e-06	ZFAND3	c29
4.74352884203042e-11	0.719019159327626	0.128	0.053	1.59828460803373e-06	GRPEL2	c29
4.75057006373409e-11	0.472478849961076	0.308	0.168	1.60065707727456e-06	TNPO1	c29
4.75222172982234e-11	0.911177903010806	0.124	0.05	1.60121358964634e-06	LY6G5C	c29
4.77270799879058e-11	0.532807295626934	0.196	0.094	1.6081162331125e-06	FYCO1	c29
4.87044271974231e-11	3.64972886081176	0.012	0.001	1.64104696998998e-06	TLE6	c29
4.91474781444176e-11	0.54643855784853	0.361	0.21	1.65597512859801e-06	RPS6KA1	c29
4.91607723286868e-11	0.854709617050263	0.131	0.054	1.65642306284277e-06	ZSCAN25	c29
4.92566378449193e-11	0.466680236084466	0.259	0.135	1.65965315554671e-06	ZMAT3	c29
5.18849140090791e-11	0.400616919502519	0.457	0.27	1.74821029262191e-06	TMEM134	c29
5.19314032928637e-11	0.418686655158711	0.483	0.296	1.74977670254975e-06	B3GAT3	c29
5.20931246406935e-11	0.427242571771846	0.375	0.217	1.75522574164353e-06	PABPC4	c29
5.22721531563381e-11	1.35036567503087	0.056	0.015	1.76125792844966e-06	AC112721.2	c29
5.25346666820315e-11	0.416234741409474	0.298	0.16	1.77010305918437e-06	AGPAT2	c29
5.30451355935396e-11	0.667639407426592	0.133	0.056	1.78730279868872e-06	ST3GAL2	c29
5.31217760302775e-11	1.20445285721265	0.159	0.074	1.78988512156417e-06	CD70	c29
5.41243578077209e-11	0.543956257373675	0.191	0.091	1.82366611197335e-06	PIGG	c29
5.47000128433979e-11	0.320035564649186	0.702	0.459	1.84306223274545e-06	RAB1B	c29
5.49010894298047e-11	0.594470404622912	0.2	0.097	1.84983730724784e-06	ZNF195	c29
5.55187055956378e-11	0.411942001132018	0.252	0.128	1.87064726633942e-06	ADPRHL2	c29
5.69269103722893e-11	0.481265652515436	0.212	0.104	1.91809531808391e-06	SLC35B3	c29
5.69996977680135e-11	0.860845838488869	0.114	0.045	1.92054781659545e-06	FAAP100	c29
5.80020837658099e-11	1.1551870433352	0.082	0.028	1.9543222104052e-06	MYL5	c29
5.91846942862655e-11	0.581137948782494	0.212	0.105	1.99416908928143e-06	CRCP	c29
5.97668790873954e-11	0.38371073299942	0.275	0.143	2.0137852239707e-06	MRPS2	c29
5.97809071400634e-11	0.352198047201404	0.844	0.659	2.0142578851773e-06	HNRNPF	c29
5.99839226454592e-11	0.847477578765802	0.112	0.044	2.0210982896161e-06	PBX3	c29
6.083710574477e-11	0.402944398472824	0.375	0.213	2.04984544096428e-06	MFSD14A	c29
6.10955206902681e-11	0.38280301224565	0.392	0.223	2.05855247413789e-06	PARL	c29
6.12713744818431e-11	0.346672059147866	0.492	0.291	2.06447769179122e-06	PIH1D1	c29
6.22918563675187e-11	0.62829021032531	0.166	0.075	2.09886180844718e-06	EIF2B3	c29
6.24090338185325e-11	0.47004969302021	0.27	0.142	2.10280998548163e-06	TBC1D20	c29
6.3548760022104e-11	0.42353854224372	0.373	0.212	2.14121192018477e-06	TMEM126B	c29
6.45934755513942e-11	1.17410220396348	0.075	0.024	2.17641256522868e-06	SPAG1	c29
6.48451813283173e-11	0.657916181353806	0.142	0.061	2.18489353967632e-06	SARS2	c29
6.5029968824014e-11	0.408782996854584	0.52	0.321	2.19111976955633e-06	RTF1	c29
6.50538416976105e-11	0.502256088716545	0.249	0.129	2.19192414215929e-06	PGS1	c29
6.62107209433326e-11	0.443523512398244	0.277	0.147	2.23090403146465e-06	ARMCX6	c29
6.66628965092166e-11	0.837872618881472	0.112	0.044	2.24613963498154e-06	ELF4	c29
6.67220952098875e-11	0.421064376304751	0.28	0.148	2.24813427600195e-06	ARHGAP1	c29
6.70878122990567e-11	0.82333526380289	0.14	0.06	2.26045674760442e-06	COG8	c29
6.76606725561908e-11	0.39637327455116	0.324	0.176	2.27975870110829e-06	PREB	c29
6.79586962546654e-11	0.483357320967602	0.233	0.118	2.2898003116047e-06	RMDN1	c29
6.97303792834312e-11	0.683673524136851	0.221	0.113	2.34949539957593e-06	DHRSX	c29
7.0202336647479e-11	0.560983609202233	0.517	0.341	2.36539753100016e-06	PDCD5	c29
7.14701287450305e-11	0.388927773797333	0.345	0.191	2.40811451793506e-06	COPA	c29
7.34656597834252e-11	0.439219109391698	0.277	0.148	2.47535194074273e-06	TRNT1	c29
7.45612242335734e-11	0.480780868624675	0.256	0.133	2.51226588932602e-06	GRIPAP1	c29
7.50724487115889e-11	0.735897917585828	0.14	0.06	2.52949108688828e-06	ERV3-1	c29
7.52000598347058e-11	0.486191011274877	0.27	0.144	2.53379081607058e-06	SEL1L	c29
7.57662655349331e-11	0.393481223848727	0.727	0.513	2.55286855093404e-06	CYCS	c29
7.60478138360963e-11	0.334382618643825	0.683	0.463	2.56235503939343e-06	CD5	c29
7.6137484055278e-11	0.704664687366731	0.184	0.088	2.56537638775854e-06	PTS	c29
7.66700920167499e-11	0.389111258020832	0.485	0.294	2.58332208041237e-06	SMARCE1	c29
7.75997561422588e-11	0.536521471921915	0.233	0.119	2.61464618345727e-06	GLMP	c29
7.84521050993023e-11	0.365685749223368	0.713	0.501	2.64336522921589e-06	RBMX	c29
7.98358609326893e-11	0.610003155640766	0.172	0.08	2.68998949826603e-06	THOC1	c29
8.04779933134706e-11	0.440684184334011	0.326	0.181	2.71162550670408e-06	NTMT1	c29
8.11638689232081e-11	0.501869415417753	0.196	0.094	2.73473539949857e-06	MICU1	c29
8.14788511254989e-11	0.428245572668527	0.217	0.107	2.74534840982256e-06	MRPL1	c29
8.2705164277551e-11	0.936739180860569	0.082	0.028	2.7866678051678e-06	WEE1	c29
8.37719151530479e-11	0.401685515171976	0.692	0.479	2.8226109091668e-06	IRF1	c29
8.48831914624902e-11	1.28092867490569	0.061	0.018	2.86005425313715e-06	PUS7	c29
8.51618180484986e-11	0.388007614655588	0.389	0.223	2.86944229732611e-06	PFDN4	c29
8.57349723433956e-11	0.58127817002318	0.221	0.112	2.88875415813837e-06	ANXA4	c29
8.6184353748163e-11	0.56730919413219	0.154	0.068	2.9038956151906e-06	RBM4B	c29
8.658906892682e-11	0.576069459816289	0.172	0.08	2.91753208842027e-06	GCFC2	c29
8.69227051074142e-11	0.645038542167812	0.135	0.057	2.92877362588921e-06	PCYOX1L	c29
8.71287107544298e-11	0.647586709166783	0.191	0.092	2.93571478015976e-06	AAAS	c29
8.71846626649329e-11	0.429380047752402	0.364	0.207	2.93760002383225e-06	TMEM14A	c29
8.73313695817408e-11	0.939690103969304	0.072	0.023	2.94254316668717e-06	CTNS	c29
8.82107193969636e-11	2.28879114813816	0.021	0.003	2.97217197936129e-06	HLA-DQB2	c29
8.92797666154993e-11	3.26584053861798	0.016	0.002	3.00819245634263e-06	NEURL3	c29
9.09455494823929e-11	0.469778102357915	0.203	0.099	3.06431934425975e-06	PPP3CB	c29
9.27278677318561e-11	0.476866653656273	0.193	0.093	3.12437277535716e-06	MEF2A	c29
9.30892148978504e-11	0.399239569103859	0.622	0.414	3.13654800676817e-06	NONO	c29
9.37449764646776e-11	0.336381550789127	0.795	0.566	3.15864323700085e-06	DYNLRB1	c29
9.45431683482581e-11	0.291748420855085	0.923	0.776	3.18553751432621e-06	NDUFS5	c29
9.52808986983349e-11	0.381409842476441	0.296	0.158	3.2103946007417e-06	MRPS18A	c29
9.59991836992155e-11	0.442575311758154	0.324	0.18	3.23459649556137e-06	CWC25	c29
9.7357624344732e-11	1.50604480823369	0.035	0.007	3.2803677946714e-06	CCNB2	c29
9.75973789703293e-11	0.373042987722502	0.755	0.542	3.28844608702627e-06	ATP5F1	c29
9.80583740738771e-11	0.380958659730888	0.324	0.178	3.30397885604522e-06	PBRM1	c29
1.01049157674974e-10	0.397311283491858	0.445	0.261	3.40475031870058e-06	VBP1	c29
1.01748444148927e-10	0.632914274684971	0.196	0.095	3.42831207715396e-06	PEX3	c29
1.02294258146559e-10	0.638709658960299	0.172	0.08	3.44670273399017e-06	RFC2	c29
1.05371699483528e-10	0.477659468085151	0.357	0.205	3.55039404239798e-06	GNB1	c29
1.07678865735954e-10	0.896021545487979	0.117	0.047	3.62813170210724e-06	ZNF669	c29
1.07965571972129e-10	1.37355965233162	0.044	0.011	3.63779198202891e-06	ZNF610	c29
1.08133592751673e-10	0.390313249313297	0.235	0.118	3.64345327417486e-06	RNF14	c29
1.08836489269323e-10	0.575875639235105	0.198	0.096	3.66713666944056e-06	DDX19A	c29
1.08981996071144e-10	0.459550689452333	0.217	0.108	3.67203937562112e-06	SMG5	c29
1.09107832448141e-10	1.97658982119071	0.028	0.005	3.67627930650766e-06	ASMT	c29
1.09989402195811e-10	0.223707196635118	0.991	0.948	3.70598291758564e-06	RAC2	c29
1.11327258126066e-10	0.495117731966545	0.273	0.145	3.75106063529965e-06	NRBF2	c29
1.11396266467178e-10	2.68733093166681	0.012	0.001	3.75338580234508e-06	CASC15	c29
1.15687066242892e-10	1.23314971724584	0.072	0.023	3.89796000998802e-06	RGPD2	c29
1.16631700022938e-10	0.429153732395794	0.389	0.223	3.92978850057289e-06	AKR7A2	c29
1.19697752810147e-10	0.973935453387764	0.093	0.034	4.03309608318508e-06	TDRKH	c29
1.19937892404596e-10	0.563018857368224	0.261	0.14	4.04118734668047e-06	AKAP17A	c29
1.21343671291054e-10	0.61137032290803	0.126	0.052	4.08855366048078e-06	TOE1	c29
1.22086010801378e-10	0.364107624646409	0.368	0.208	4.11356604794164e-06	SF3B3	c29
1.25670208285185e-10	0.395453323525639	0.462	0.281	4.23433199796104e-06	SNW1	c29
1.27569706945375e-10	0.377430518153469	0.436	0.255	4.29833370581747e-06	FAM32A	c29
1.30366100325515e-10	0.442781520376435	0.28	0.15	4.39255538436792e-06	ATP6V1H	c29
1.30382987698874e-10	0.464107400322548	0.219	0.11	4.39312438752584e-06	FUT8	c29
1.30908850417121e-10	0.380818944795096	0.382	0.217	4.41084280595446e-06	MRPL55	c29
1.3139059973706e-10	0.360256710272067	0.378	0.214	4.4270748675405e-06	RIOK3	c29
1.32723061068494e-10	0.771992150078625	0.103	0.039	4.47197081964184e-06	PDF	c29
1.32918534468376e-10	0.369595820419729	0.336	0.185	4.47855710037746e-06	PBDC1	c29
1.35808766865573e-10	0.512005006874075	0.212	0.105	4.57594059076863e-06	HEXA	c29
1.36119328093938e-10	0.872673570704377	0.077	0.026	4.58640464079715e-06	FAM214B	c29
1.36559959312597e-10	0.401613551866726	0.709	0.502	4.60125126907865e-06	BAX	c29
1.37353661008114e-10	0.343174879264233	0.452	0.263	4.62799425400739e-06	ZBTB8OS	c29
1.38104823082909e-10	1.41558050952812	0.051	0.014	4.65330390895552e-06	RP11-111F5.4	c29
1.41777284022506e-10	0.65322780532411	0.147	0.065	4.77704380785431e-06	RCL1	c29
1.42430005498043e-10	0.470539235899147	0.259	0.137	4.79903660525107e-06	MGRN1	c29
1.43360153287113e-10	0.317547009135549	0.329	0.181	4.830377004856e-06	USP48	c29
1.44180347430776e-10	0.678451436754055	0.161	0.074	4.85801262633257e-06	NME7	c29
1.47269358473626e-10	0.472737751001681	0.186	0.089	4.96209376441037e-06	CLCN3	c29
1.49014710116299e-10	0.608625481502273	0.198	0.097	5.02090164265858e-06	MAP1S	c29
1.50656515594495e-10	0.378241122946439	0.361	0.205	5.07622063644091e-06	MARK3	c29
1.52981221680705e-10	0.474993507823158	0.198	0.096	5.15454928330967e-06	C9orf114	c29
1.55430460796997e-10	0.818551479879081	0.103	0.039	5.23707394609402e-06	SRP19	c29
1.56537836809392e-10	1.19256796263792	0.079	0.027	5.27438587345564e-06	STK11IP	c29
1.57076094559493e-10	0.530640084535082	0.189	0.091	5.29252193008755e-06	TXLNG	c29
1.60198498572692e-10	0.462304876448862	0.354	0.203	5.39772821090828e-06	ENOPH1	c29
1.60293460356885e-10	0.452337498751794	0.38	0.223	5.4009278532649e-06	PTRHD1	c29
1.61699868777429e-10	0.384068655168138	0.445	0.268	5.4483153785867e-06	CCDC91	c29
1.6391322737345e-10	0.370407281343372	0.368	0.21	5.52289228312101e-06	CNIH4	c29
1.63950453010537e-10	0.439420960461402	0.345	0.194	5.52414656373704e-06	DCTD	c29
1.64952236446832e-10	2.37592062639826	0.023	0.004	5.55790065483955e-06	CFAP57	c29
1.69347545781377e-10	0.780303466760266	0.11	0.043	5.70599620755773e-06	MAK16	c29
1.74867429434345e-10	0.994299716300452	0.089	0.032	5.89198316736083e-06	BORCS8	c29
1.78994322175065e-10	0.45937194616776	0.193	0.094	6.03103469136664e-06	GLE1	c29
1.80105802608772e-10	0.389689432371641	0.427	0.253	6.06848491309998e-06	ERLEC1	c29
1.81733017914516e-10	0.45940858801002	0.256	0.134	6.1233123056117e-06	KIN	c29
1.81941484869319e-10	0.450088863953307	0.305	0.168	6.13033639118684e-06	PEPD	c29
1.82394239868073e-10	0.389291828241454	0.406	0.239	6.14559151811486e-06	UBE2J1	c29
1.82578863919054e-10	0.775543996845055	0.119	0.049	6.1518122408886e-06	ZNF121	c29
1.83377503518361e-10	0.508589037428852	0.212	0.106	6.17872160354765e-06	PNPT1	c29
1.83852223108377e-10	0.376394565780542	0.713	0.496	6.19471680541365e-06	EMD	c29
1.8515142371505e-10	0.347295939503452	0.818	0.618	6.23849207065488e-06	ARHGDIA	c29
1.86552655901894e-10	0.378291170172898	0.38	0.22	6.28570518795843e-06	ILKAP	c29
1.88605741350661e-10	0.483435212759154	0.219	0.11	6.35488184906919e-06	ZCCHC9	c29
1.91550317601813e-10	0.413509576087297	0.31	0.17	6.45409640127547e-06	RHNO1	c29
1.92102204465937e-10	0.415372609127816	0.231	0.117	6.47269167727528e-06	OPA1	c29
1.92259283741495e-10	0.422445984568928	0.501	0.308	6.47798430638593e-06	SARS	c29
1.93972065731314e-10	0.350593451861002	0.667	0.446	6.5356947827509e-06	SCAMP2	c29
1.94112685964135e-10	0.390092634525253	0.394	0.233	6.54043284087555e-06	TOR1AIP1	c29
1.95548976633597e-10	0.460910044030672	0.247	0.129	6.58882721869243e-06	MRPL44	c29
1.97018202914575e-10	0.627194856067838	0.161	0.074	6.6383313290037e-06	DDX55	c29
1.97857551214035e-10	0.483087209785452	0.21	0.104	6.6666123306057e-06	INTS12	c29
1.97866024360817e-10	0.375184073991727	0.366	0.207	6.66689782481336e-06	HBP1	c29
1.98064910961457e-10	0.646751316588715	0.179	0.085	6.67359910993535e-06	TBL3	c29
1.98373076765772e-10	0.899466457158402	0.105	0.041	6.68398244854593e-06	SLC39A11	c29
2.0048251382847e-10	0.650248911480161	0.147	0.066	6.75505782093648e-06	HELLS	c29
2.02033879556403e-10	2.46126068072184	0.019	0.002	6.80732953777345e-06	C9orf135	c29
2.02241158565307e-10	0.303990620115193	0.48	0.289	6.81431359669946e-06	ARIH2	c29
2.02644687984052e-10	0.389754038686792	0.629	0.409	6.82791011693464e-06	PSMG2	c29
2.04665410477953e-10	0.317969260887082	0.909	0.739	6.89599634064416e-06	TRMT112	c29
2.04782473083742e-10	0.377578865866299	0.371	0.212	6.89994064808362e-06	CHMP1A	c29
2.04917652467166e-10	0.578495404395495	0.193	0.095	6.90449538222869e-06	IRF9	c29
2.05778513126708e-10	0.518088484826347	0.256	0.136	6.93350122129129e-06	TMEM11	c29
2.05926985674201e-10	0.4097261104247	0.357	0.206	6.93850385530652e-06	CTBS	c29
2.08794256107981e-10	0.416100878549177	0.333	0.19	7.0351136653023e-06	FAM208A	c29
2.09274130287386e-10	0.643333589568537	0.138	0.06	7.05128254590319e-06	WARS2	c29
2.09947621675115e-10	0.343845381502465	0.66	0.449	7.07397516472131e-06	FAM49B	c29
2.13277887496903e-10	0.712796751072077	0.121	0.05	7.18618514132066e-06	MANEA	c29
2.13490995737353e-10	1.03378403418054	0.093	0.035	7.19336561037436e-06	GBE1	c29
2.17041005422602e-10	0.300471805623322	0.417	0.239	7.31297963670917e-06	WBP11	c29
2.17156395766976e-10	0.621112726093861	0.17	0.08	7.3168675989725e-06	COX10	c29
2.19911873559697e-10	0.360448190253382	0.552	0.345	7.40971066772043e-06	LSM3	c29
2.23481591377636e-10	0.706165858980959	0.135	0.058	7.52998873987808e-06	RPE	c29
2.23629414278046e-10	0.363646856331728	0.424	0.249	7.53496948468448e-06	GPS1	c29
2.23658542831641e-10	0.966940985835197	0.093	0.035	7.5359509421693e-06	RP11-449H3.3	c29
2.25356783597172e-10	0.498679674033122	0.245	0.128	7.59317146652311e-06	MVB12A	c29
2.25556353327857e-10	0.92246415752324	0.114	0.047	7.59989576902881e-06	TBL2	c29
2.25856277377823e-10	0.330151743785586	0.608	0.382	7.61000140996837e-06	NUDC	c29
2.26155564411861e-10	0.514386008311811	0.182	0.087	7.62008558729325e-06	GGA3	c29
2.26810930237767e-10	0.496834972470093	0.214	0.108	7.64216748343133e-06	ZNF821	c29
2.28988785888455e-10	0.788283434766012	0.093	0.034	7.71554815172562e-06	P2RX5	c29
2.29726805537404e-10	1.58157056323627	0.072	0.024	7.74041498577729e-06	TRAV39	c29
2.30702152572418e-10	0.657265156844795	0.175	0.084	7.77327832877506e-06	AEN	c29
2.34260110862266e-10	0.37699824282801	0.352	0.2	7.8931601753932e-06	PUM1	c29
2.34674486823436e-10	0.571103167083745	0.233	0.121	7.90712215902886e-06	NOP2	c29
2.34757931601388e-10	1.82961454208058	0.04	0.009	7.90993374737717e-06	CHRNA5	c29
2.35048034293319e-10	1.50006754528213	0.058	0.017	7.9197084674791e-06	BYSL	c29
2.38222136782909e-10	0.637277904963775	0.177	0.085	8.02665667676334e-06	NBPF26	c29
2.39152190853473e-10	3.14620545746774	0.012	0.001	8.05799391861692e-06	INCA1	c29
2.39828649292705e-10	0.759876695209881	0.14	0.061	8.08078650926839e-06	SLC37A1	c29
2.42544561107543e-10	2.76785687167272	0.012	0.001	8.17229644195754e-06	LINC00624	c29
2.4536487463069e-10	0.562328012209151	0.193	0.094	8.26732408580646e-06	DPP9	c29
2.46532947974974e-10	0.342535689096343	0.636	0.411	8.30668114906877e-06	SNRNP70	c29
2.48633920747465e-10	0.391003782489986	0.389	0.225	8.37747132566509e-06	CHTF8	c29
2.48999911871089e-10	0.417779861013363	0.343	0.194	8.38980303058447e-06	PSMD9	c29
2.49322983205685e-10	0.644618867567441	0.145	0.064	8.40068859613234e-06	ASL	c29
2.50344111542113e-10	0.330135507279918	0.513	0.31	8.43509449429995e-06	GTF2B	c29
2.52734037847499e-10	0.445301963593826	0.359	0.209	8.51562067123362e-06	LINC00649	c29
2.53254321554788e-10	0.71844946792624	0.154	0.07	8.53315111046703e-06	PRR7	c29
2.54160206819633e-10	0.453543763508141	0.34	0.195	8.56367400858071e-06	IMMT	c29
2.55779033694841e-10	0.575607180955049	0.193	0.095	8.61821876131397e-06	HIF1AN	c29
2.57044830480271e-10	0.496800548238803	0.249	0.131	8.66086851820224e-06	C5orf15	c29
2.59865536808499e-10	0.418170057178344	0.315	0.175	8.75590939722555e-06	ZPR1	c29
2.62373040147782e-10	0.592406618037274	0.166	0.077	8.84039721473935e-06	CNOT11	c29
2.66153095353582e-10	0.65331934627104	0.142	0.063	8.96776239484358e-06	UBA6-AS1	c29
2.66778264038539e-10	0.360598442193369	0.622	0.41	8.98882682851454e-06	SNX17	c29
2.69866584365905e-10	0.31625072280958	0.844	0.671	9.09288469362481e-06	CUTA	c29
2.77188055924421e-10	0.498652885626163	0.191	0.093	9.33957435631743e-06	CNOT10	c29
2.78644477740038e-10	0.681768413203274	0.182	0.088	9.38864703297284e-06	HNRNPH2	c29
2.79771434265e-10	0.807420833349566	0.082	0.028	9.42661870612491e-06	ZSCAN2	c29
2.82199479788465e-10	0.418121564806459	0.354	0.205	9.50842927199253e-06	SERTAD1	c29
2.86436999852807e-10	0.765448014335375	0.156	0.073	9.65120827304048e-06	REC8	c29
2.88199681045201e-10	0.388201305809063	0.277	0.149	9.71060005313701e-06	JKAMP	c29
2.8913605801193e-10	1.00307927099911	0.098	0.038	9.74215033865395e-06	ETAA1	c29
2.9498871642714e-10	0.514728006785736	0.31	0.175	9.93934981129604e-06	ARFGAP3	c29
2.97564441279156e-10	2.23523109305612	0.021	0.003	1.00261362844599e-05	ARHGEF35	c29
3.00561668476268e-10	0.278041547208342	0.497	0.31	1.01271248576394e-05	XIST	c29
3.00990421070337e-10	1.01310321818514	0.1	0.039	1.01415712475439e-05	PABPC1L	c29
3.01999490844917e-10	0.318716773454253	0.625	0.403	1.01755708445286e-05	GPBP1	c29
3.02161180589155e-10	0.318015622533586	0.394	0.227	1.0181018818771e-05	NIFK	c29
3.05229288216492e-10	0.454830378387987	0.268	0.143	1.02843956371665e-05	SLAIN2	c29
3.06284564854965e-10	0.960445256249672	0.105	0.041	1.03199521282232e-05	MFSD3	c29
3.07354539192224e-10	0.629521483818348	0.128	0.054	1.03560038435428e-05	ACOX1	c29
3.08527336176375e-10	0.530653286612062	0.266	0.143	1.03955200651268e-05	TCAF2	c29
3.11855665033609e-10	0.496067164820406	0.17	0.08	1.05076647776424e-05	FAM222B	c29
3.17787623382054e-10	0.494702920425113	0.238	0.124	1.07075361822349e-05	ERI3	c29
3.2052617569754e-10	0.534388450199679	0.142	0.063	1.07998089639529e-05	SLC38A5	c29
3.23784825981303e-10	0.698942598771597	0.186	0.091	1.0909605926614e-05	EDEM2	c29
3.24463204980172e-10	0.808517587516759	0.142	0.064	1.09324632286019e-05	TSPAN3	c29
3.27213792598655e-10	0.657803323409914	0.121	0.05	1.10251415278191e-05	XPR1	c29
3.27776124977497e-10	0.576977365117425	0.152	0.069	1.10440887549918e-05	KCMF1	c29
3.28069057676748e-10	1.55700876562127	0.049	0.013	1.10539588293603e-05	PITPNM2	c29
3.29088521218572e-10	0.389887360691455	0.235	0.121	1.10883086339386e-05	TRAK2	c29
3.36797498340913e-10	0.408139866443994	0.254	0.134	1.13480549090987e-05	SLC4A1AP	c29
3.36931186700686e-10	0.48807667053751	0.333	0.193	1.13525594046929e-05	SLC7A6	c29
3.37206700299506e-10	0.789707108508563	0.14	0.062	1.13618425598916e-05	IDNK	c29
3.38373810136574e-10	0.38670389603608	0.587	0.378	1.14011671587417e-05	MEA1	c29
3.47195982288078e-10	0.525937458632062	0.242	0.128	1.16984214272145e-05	ZNF280D	c29
3.51077741926116e-10	0.427004382103608	0.347	0.2	1.18292134364586e-05	ARL14EP	c29
3.52708121727465e-10	0.693828925566991	0.128	0.055	1.18841474534852e-05	AKAP2	c29
3.54996913258477e-10	0.369812435968953	0.55	0.349	1.19612659953311e-05	MMADHC	c29
3.63890012963281e-10	0.506422263180919	0.266	0.143	1.22609100967848e-05	AGK	c29
3.67142015420846e-10	0.548185079869914	0.177	0.085	1.237048306759e-05	PDE12	c29
3.70637214163316e-10	0.46923308294088	0.189	0.091	1.24882502940188e-05	COQ5	c29
3.74295385613946e-10	0.25447391705167	0.956	0.83	1.26115087228763e-05	COX6B1	c29
3.78173315289474e-10	0.655086123728366	0.163	0.077	1.27421716853635e-05	SLC25A40	c29
3.84423294082402e-10	0.391481831770086	0.534	0.335	1.29527584708124e-05	MPG	c29
3.86319005280297e-10	0.431397761021529	0.45	0.28	1.30166325639143e-05	PPM1M	c29
3.88830957669038e-10	0.449661768600342	0.214	0.108	1.31012702877006e-05	UBA6	c29
3.89190692020722e-10	1.70930632915617	0.044	0.011	1.31133911769462e-05	CDK2AP1	c29
3.91302338428903e-10	1.75475750985572	0.035	0.008	1.31845409910235e-05	ENTPD7	c29
3.96082417100491e-10	0.901659727018624	0.105	0.042	1.33456009617839e-05	SAMD10	c29
3.96868378184286e-10	0.445473092359112	0.205	0.103	1.33720831345413e-05	METTL3	c29
3.97869912598729e-10	0.908528633466865	0.089	0.033	1.34058288351016e-05	STARD10	c29
4.02711514823753e-10	1.74824912160065	0.037	0.009	1.35689617804715e-05	NRSN2	c29
4.03066476095313e-10	0.514670707744575	0.196	0.097	1.35809218455555e-05	DDX41	c29
4.05890425337959e-10	0.440858373335692	0.646	0.467	1.36760719913372e-05	PBXIP1	c29
4.06501763739794e-10	0.384994034102741	0.291	0.158	1.36966704274486e-05	RFXANK	c29
4.12981295577738e-10	0.512087912282104	0.228	0.119	1.39149917731963e-05	CBWD2	c29
4.13341873810054e-10	0.32389782627321	0.438	0.264	1.3927141096156e-05	SAMD9	c29
4.14570182270807e-10	0.400806131285753	0.221	0.113	1.39685277214326e-05	POLG	c29
4.14773036380452e-10	0.39672480985915	0.34	0.199	1.39753626878029e-05	BHLHE40	c29
4.16124070595291e-10	0.335548269126866	0.352	0.2	1.40208844346377e-05	TRPC4AP	c29
4.22600688357864e-10	0.314379539559766	0.585	0.364	1.42391075935299e-05	NDUFA5	c29
4.28704725953495e-10	0.498267818673282	0.228	0.118	1.4444777036277e-05	ACAT1	c29
4.3228893883376e-10	1.68800021498007	0.042	0.01	1.45655435050647e-05	ST20	c29
4.54244499054549e-10	0.525525550957942	0.205	0.103	1.5305314151144e-05	CCDC159	c29
4.54876016962162e-10	0.49683517358379	0.303	0.17	1.53265925155231e-05	GRPEL1	c29
4.5489868027022e-10	0.362553666553086	0.357	0.203	1.53273561330248e-05	SMU1	c29
4.55787169166267e-10	0.69012753228371	0.119	0.05	1.53572928778882e-05	GALNS	c29
4.60398641415062e-10	0.377606162465416	0.254	0.134	1.55126718238391e-05	SEC24C	c29
4.63796958049262e-10	0.501022770526326	0.21	0.106	1.56271747045118e-05	SLC6A6	c29
4.73160831017003e-10	0.412045231883402	0.24	0.125	1.59426810402869e-05	DYNC1LI1	c29
4.75372259014137e-10	1.8096989218023	0.033	0.007	1.60171928952223e-05	NRAV	c29
4.76062187715999e-10	0.517332400015077	0.611	0.422	1.60404393529029e-05	C1QBP	c29
4.77050569333833e-10	0.566371345503601	0.177	0.085	1.60737418831342e-05	TGDS	c29
4.8862815443501e-10	0.385564940869653	0.441	0.265	1.64638370355332e-05	PTPRA	c29
4.90702178055227e-10	0.278984561851466	0.548	0.342	1.65337191873928e-05	SFXN1	c29
4.91588156526301e-10	0.470516746935258	0.219	0.112	1.65635713459972e-05	PCNA	c29
4.9657347228201e-10	0.361213864105111	0.723	0.521	1.67315465750701e-05	SRRM1	c29
5.03924127497052e-10	0.485014022889595	0.359	0.212	1.69792195518857e-05	RPIA	c29
5.09024012019823e-10	0.394438792695197	0.224	0.115	1.71510550609959e-05	UBR1	c29
5.10142282341105e-10	0.336399607216663	0.506	0.312	1.71887340612012e-05	SUPT4H1	c29
5.1390902525123e-10	0.482113125075386	0.298	0.167	1.7315650696815e-05	NOB1	c29
5.17444841885496e-10	0.470185507983516	0.186	0.09	1.74347865024899e-05	CECR5	c29
5.19069971014503e-10	3.05391387605983	0.016	0.002	1.74895436033627e-05	C10orf10	c29
5.20018066422224e-10	0.35732868773775	0.527	0.321	1.75214887300304e-05	POLR2F	c29
5.24528800646471e-10	1.56444171214402	0.035	0.008	1.76734734089822e-05	ZNF620	c29
5.24894893673989e-10	0.501484274325423	0.219	0.113	1.76858085474514e-05	CEP135	c29
5.31081069865166e-10	0.466234337867146	0.287	0.16	1.78942455680369e-05	ESCO1	c29
5.34304680231658e-10	0.40140893564212	0.277	0.152	1.80028618957255e-05	KPNA4	c29
5.49547747780616e-10	0.371473618113481	0.629	0.421	1.85164618137201e-05	NAPA	c29
5.51904987686902e-10	1.24054436577778	0.072	0.024	1.85958866551225e-05	CENPN	c29
5.55227766737451e-10	0.682109717432358	0.121	0.051	1.87078443724517e-05	EXOSC2	c29
5.617796043819e-10	0.575738860526122	0.207	0.106	1.89286019900438e-05	SMC6	c29
5.664754385004e-10	0.334218248920823	0.49	0.3	1.90868234248325e-05	UFM1	c29
5.67876166301085e-10	2.23666878551383	0.019	0.003	1.91340195473487e-05	TP53I3	c29
5.72342604874863e-10	0.377684122194504	0.282	0.154	1.92845117286536e-05	IBTK	c29
5.74319988196403e-10	1.02383921198357	0.082	0.029	1.93511376822896e-05	TMEM91	c29
5.79324329018094e-10	0.750945268079346	0.1	0.039	1.95197539419357e-05	MECR	c29
5.81147972246194e-10	0.3399263908936	0.287	0.154	1.95811997768633e-05	TRIM21	c29
5.84440357205286e-10	0.642622269066285	0.2	0.102	1.96921333956749e-05	MCM6	c29
5.92399520142123e-10	1.03382276052862	0.068	0.022	1.99603094316687e-05	TIAM2	c29
6.00004773937852e-10	0.511866061108648	0.184	0.09	2.0216560853062e-05	TMA16	c29
6.00170804618478e-10	0.448599322141423	0.152	0.069	2.0222155090815e-05	MTMR2	c29
6.10469889251935e-10	0.435332625999514	0.182	0.088	2.05691724484547e-05	DDX52	c29
6.18552229554058e-10	0.270946804302203	0.252	0.131	2.08414988225944e-05	NDUFS1	c29
6.20939349014985e-10	0.352382183116976	0.506	0.319	2.09219304257109e-05	YY1	c29
6.24296073005099e-10	0.277170233366004	0.506	0.305	2.10350318838338e-05	SLBP	c29
6.27023798308152e-10	0.343548251314901	0.429	0.257	2.11269398601949e-05	AATF	c29
6.27528115067357e-10	0.436743375091517	0.375	0.221	2.11439323090795e-05	MRPS26	c29
6.28663015955398e-10	0.490319950179251	0.191	0.095	2.11821716596012e-05	WDR11	c29
6.29749936801333e-10	0.358123123383947	0.781	0.575	2.12187943705841e-05	SF3B2	c29
6.34750860875701e-10	0.778255966544233	0.096	0.037	2.13872955063459e-05	PI4K2A	c29
6.49504354277328e-10	0.40916614909899	0.329	0.188	2.18843997130203e-05	PDXDC1	c29
6.50852439241322e-10	0.4704288588221	0.217	0.111	2.19298220877971e-05	TMEM242	c29
6.51324944252236e-10	0.630855389890314	0.179	0.088	2.19457426716348e-05	RNASEH2A	c29
6.51587790228273e-10	0.315478857036253	0.597	0.378	2.19545990039514e-05	TMEM248	c29
6.57636304516914e-10	0.408835039865315	0.268	0.145	2.21583976443929e-05	TCEAL8	c29
6.68753371984455e-10	0.621765685833739	0.11	0.044	2.25329761156442e-05	LRRC42	c29
6.74888251485278e-10	0.439136303344067	0.28	0.153	2.2739684745545e-05	ATF1	c29
6.75073918573674e-10	0.574197808776891	0.133	0.058	2.27459406124214e-05	TP53	c29
6.76914835879609e-10	0.401823205836179	0.382	0.225	2.28079684801275e-05	BRMS1	c29
6.80538743905961e-10	0.864992537809013	0.103	0.041	2.29300724371675e-05	TAB3	c29
6.87535412296288e-10	0.346264853822342	0.888	0.728	2.31658181819111e-05	RBM3	c29
6.92787990858163e-10	0.265659950026991	0.329	0.185	2.3342798563975e-05	PPP1R16B	c29
7.37108738702062e-10	0.344912030964804	0.55	0.341	2.48361418418273e-05	TXNL1	c29
7.41477884083401e-10	0.655902266316975	0.091	0.034	2.49833558263061e-05	NSDHL	c29
7.45507599578944e-10	0.501509459612228	0.242	0.129	2.5119133060213e-05	HAUS4	c29
7.55577215460152e-10	0.407503783527233	0.28	0.153	2.54584186977144e-05	FGD5-AS1	c29
7.62427209692907e-10	0.319573063649829	0.503	0.308	2.56892224033928e-05	BCAS2	c29
7.64486219761985e-10	0.470957455917296	0.152	0.069	2.57585986886603e-05	DNAJC11	c29
7.65570513921729e-10	0.309277705134086	0.613	0.392	2.57951328960787e-05	KIF5B	c29
7.74881523002534e-10	0.341632592229596	0.641	0.415	2.61088580360474e-05	LSM6	c29
7.85331132786212e-10	1.76397624081803	0.026	0.005	2.64609471880986e-05	TXNDC5	c29
7.88755592350241e-10	0.575647359298685	0.166	0.079	2.6576330928649e-05	USP38	c29
7.89211276642187e-10	0.597487158270406	0.168	0.08	2.65916847551819e-05	PNPLA6	c29
7.97586146255972e-10	1.63596418974333	0.028	0.005	2.68738676119487e-05	LINC01547	c29
8.04829018318198e-10	0.621398788597173	0.135	0.06	2.71179089432133e-05	AP001055.6	c29
8.09255918244948e-10	1.0045466838071	0.077	0.027	2.72670689093453e-05	DUS2	c29
8.16788097940185e-10	0.585669235453221	0.196	0.099	2.75208581719966e-05	OGFOD1	c29
8.31106029074416e-10	0.999871641167815	0.07	0.023	2.80032865436334e-05	SEC61A2	c29
8.37764575082607e-10	0.269891540864279	0.287	0.154	2.82276395928334e-05	RBMX2	c29
8.40533972662857e-10	0.790118257365011	0.114	0.048	2.83209516749023e-05	EXT2	c29
8.49127689276131e-10	0.390482083265872	0.354	0.203	2.86105083624699e-05	NUDT1	c29
8.57445740223096e-10	0.333999695326207	0.301	0.167	2.8890776771077e-05	RABEP1	c29
8.57812813407737e-10	0.34403711576837	0.534	0.338	2.89031449349603e-05	SMAP1	c29
8.59425422378881e-10	0.521123167514891	0.166	0.078	2.8957480181634e-05	SCYL2	c29
8.63992012469156e-10	0.3589948030845	0.841	0.698	2.91113468681357e-05	STK17B	c29
8.73373106287844e-10	0.57775851899266	0.172	0.083	2.94274334432626e-05	FKBP15	c29
8.92889514904781e-10	0.978630952228335	0.086	0.032	3.00850193152017e-05	TMEM117	c29
8.94077143578816e-10	0.461735598964024	0.161	0.076	3.01250352757446e-05	TTN	c29
8.98631358364836e-10	0.425896199967281	0.336	0.193	3.02784849887448e-05	MCRS1	c29
9.03534715222127e-10	0.9159287126128	0.135	0.061	3.04436986946944e-05	THAP2	c29
9.05567907730862e-10	0.328021270299299	0.434	0.261	3.05122050830837e-05	FBXW5	c29
9.20634259638336e-10	0.913069731830392	0.126	0.055	3.10198507442541e-05	MEX3C	c29
9.21930613874623e-10	0.545110768275816	0.182	0.089	3.10635301038915e-05	SCLT1	c29
9.23134497951583e-10	0.290002177865362	0.378	0.218	3.11040937739806e-05	GTF2E2	c29
9.2753385998983e-10	0.670596187922938	0.168	0.081	3.12523258784973e-05	CCDC94	c29
9.27739491093606e-10	0.334646051856348	0.476	0.294	3.1259254412908e-05	CD46	c29
9.28490548013076e-10	0.255835157564164	0.268	0.144	3.12845605247526e-05	HSH2D	c29
9.67272993313232e-10	0.310027859819148	0.305	0.17	3.2591296236696e-05	ADPGK	c29
9.69038998286457e-10	0.428879629224214	0.193	0.096	3.26508000082639e-05	ZNF37A	c29
9.70193117743852e-10	0.363361224409363	0.354	0.202	3.26896869092614e-05	TSEN15	c29
9.83927130692504e-10	0.525227514725111	0.184	0.091	3.31524407415532e-05	PPP1R15B	c29
9.87262300552502e-10	1.93573873507857	0.03	0.006	3.3264815954816e-05	TTC30B	c29
9.95285893807519e-10	0.320992748750507	0.436	0.259	3.35351629059505e-05	DPY30	c29
9.99711525293068e-10	0.288912208663891	0.448	0.263	3.36842801332246e-05	SAP30BP	c29
1.03269076522469e-09	0.603992989864827	0.145	0.066	3.47954826434808e-05	CDK5	c29
1.03801260878212e-09	0.611409387862489	0.177	0.087	3.49747968403048e-05	NFKBIL1	c29
1.04186963229693e-09	0.329118830578015	0.825	0.633	3.51047553906129e-05	VAMP8	c29
1.07173637694343e-09	0.266291393523141	0.956	0.873	3.61110854847319e-05	CIRBP	c29
1.10308245222719e-09	0.376716968039253	0.387	0.233	3.71672601453429e-05	SNAP23	c29
1.11258803431838e-09	0.261505887557907	0.273	0.146	3.74875412283235e-05	MPHOSPH10	c29
1.12544671050424e-09	0.336233213342462	0.378	0.217	3.79208014637299e-05	AASDHPPT	c29
1.13551724670518e-09	0.322525228993476	0.371	0.214	3.82601181104842e-05	API5	c29
1.1409603590391e-09	0.834199880380506	0.103	0.041	3.84435183374635e-05	ADAM15	c29
1.14120162477358e-09	1.15073488153778	0.063	0.02	3.84516475451211e-05	GPR82	c29
1.14548926028139e-09	2.01803055969777	0.082	0.03	3.85961151359212e-05	TRAV2	c29
1.16745249201516e-09	0.498463645016132	0.266	0.147	3.93361442659587e-05	ZNF688	c29
1.177107351072e-09	0.518270217488673	0.182	0.089	3.96614550870198e-05	DIS3	c29
1.17960520866814e-09	0.81838915034896	0.091	0.035	3.97456179008644e-05	RP11-493L12.4	c29
1.1796602378638e-09	1.26605764747772	0.056	0.017	3.9747472054583e-05	OR2A1-AS1	c29
1.18601224444435e-09	0.584519971327081	0.154	0.072	3.99614965643078e-05	ADCK3	c29
1.19596434618869e-09	0.523244431257814	0.145	0.066	4.02968226804818e-05	AEBP2	c29
1.20386306233362e-09	0.488606689824005	0.159	0.074	4.05629620222689e-05	ALG6	c29
1.20868132270237e-09	0.413528398620273	0.69	0.506	4.07253084871338e-05	RHOF	c29
1.21036673089242e-09	0.290974566736349	0.338	0.19	4.07820966306894e-05	RHOT2	c29
1.2245488402974e-09	0.354691667421749	0.653	0.441	4.12599486249805e-05	VDAC2	c29
1.2356769947238e-09	0.34317456882862	0.427	0.255	4.16349006602238e-05	ATP6AP1	c29
1.24347509744461e-09	0.445286971662046	0.289	0.162	4.18976499332988e-05	PTGES2	c29
1.24385208258857e-09	0.905961164277255	0.093	0.036	4.19103520707393e-05	CDK2	c29
1.25690141191438e-09	0.459044404748157	0.317	0.182	4.23500361730432e-05	DCAF8	c29
1.25895788224911e-09	0.721628992263091	0.126	0.055	4.24193268845017e-05	TIMM44	c29
1.26188929650632e-09	0.281415022588989	0.578	0.373	4.25180979564841e-05	TLN1	c29
1.27532420032534e-09	0.660206596233334	0.142	0.065	4.2970773605762e-05	LETM1	c29
1.27724891063229e-09	0.326740277660407	0.378	0.22	4.30356247948444e-05	KDM2A	c29
1.28255728040195e-09	0.361330556683745	0.235	0.123	4.32144850058634e-05	PIK3C3	c29
1.30916467764038e-09	0.44839266366831	0.273	0.151	4.41109946484149e-05	TMEM106C	c29
1.31110511239756e-09	0.337271059662979	0.683	0.459	4.41763756571235e-05	POLR2K	c29
1.32354101842851e-09	0.740679332373585	0.124	0.054	4.45953910749303e-05	AP3S2	c29
1.32718193422595e-09	0.430461279810643	0.198	0.1	4.47180680918091e-05	BTBD1	c29
1.3279351681545e-09	0.399761300800475	0.399	0.245	4.47434475557977e-05	LRBA	c29
1.36045344169755e-09	0.237825976708019	0.937	0.786	4.58391182645571e-05	UQCR11	c29
1.36521826944947e-09	0.365048138568686	0.231	0.12	4.59996643708304e-05	TBC1D17	c29
1.37137481815421e-09	0.367213446394396	0.305	0.171	4.62071031228878e-05	TIMM9	c29
1.40019856583953e-09	0.341063354715364	0.613	0.395	4.71782904773971e-05	SS18L2	c29
1.41094050438191e-09	0.303261292319117	0.352	0.201	4.75402293546441e-05	TSSC4	c29
1.41199764079642e-09	1.43860270486555	0.047	0.013	4.75758485089946e-05	HYAL2	c29
1.42529505531126e-09	0.457226484996126	0.214	0.109	4.80238915936576e-05	CSTF2T	c29
1.4310923889709e-09	0.608944754881489	0.126	0.055	4.82192269539855e-05	CHCHD4	c29
1.43184380136097e-09	0.668175332418911	0.121	0.052	4.82445450430567e-05	WDYHV1	c29
1.43516145790898e-09	0.334543295106486	0.541	0.347	4.83563301627852e-05	ITGAL	c29
1.45216995913117e-09	0.389522763243553	0.198	0.099	4.89294146029656e-05	CBX7	c29
1.46257940910709e-09	0.600064044646601	0.2	0.103	4.92801506104543e-05	PDCL	c29
1.47705390559669e-09	0.416796747822795	0.224	0.117	4.97678542951748e-05	GFM1	c29
1.49235051332124e-09	2.00208093377096	0.023	0.004	5.02832581958459e-05	GLB1L	c29
1.49543721506009e-09	0.25919660750932	0.911	0.864	5.03872615242346e-05	RPL17	c29
1.50103954926914e-09	1.01841439631708	0.077	0.027	5.05760265730745e-05	LRRCC1	c29
1.50336422052112e-09	0.871336688925065	0.103	0.041	5.06543540462385e-05	LCORL	c29
1.50428779180474e-09	0.312308963727403	0.291	0.159	5.0685472857069e-05	C3orf17	c29
1.50787873053485e-09	0.541115547956005	0.14	0.063	5.08064659466413e-05	DUS1L	c29
1.51269815479335e-09	0.655530063998671	0.189	0.096	5.0968851627607e-05	FARSB	c29
1.51902269407352e-09	0.484092343316282	0.193	0.098	5.11819506541133e-05	GFPT1	c29
1.54725932749293e-09	0.367343901512447	0.359	0.206	5.21333557805468e-05	RTCA	c29
1.54821600455824e-09	1.25632586201587	0.051	0.015	5.21655900575855e-05	CCDC134	c29
1.57280399348318e-09	0.459704428727009	0.289	0.161	5.29940577564224e-05	IRF2BP2	c29
1.63376680528436e-09	0.507206848147807	0.27	0.151	5.50481387372511e-05	NFU1	c29
1.64230148166873e-09	0.559260816844589	0.226	0.12	5.53357061233461e-05	PRCP	c29
1.66515010855246e-09	0.335688721203121	0.487	0.304	5.61055677575664e-05	NDUFB5	c29
1.66688371260513e-09	0.382662136460677	0.294	0.164	5.61639798125172e-05	PSENEN	c29
1.68184330570786e-09	0.886107908260893	0.11	0.046	5.66680283425206e-05	SGCB	c29
1.71942635150882e-09	0.508580694228938	0.166	0.079	5.79343514877382e-05	SURF6	c29
1.72209761017223e-09	0.367955925483605	0.914	0.826	5.8024356877143e-05	ZFP36	c29
1.72632419517182e-09	0.339692848992056	0.415	0.247	5.81667674321194e-05	NSMCE1	c29
1.75775404543389e-09	0.768337587025574	0.149	0.071	5.92257648068494e-05	CDKN2A	c29
1.75946360866136e-09	1.70707395233346	0.033	0.007	5.92833668302359e-05	UBTD1	c29
1.76027721088866e-09	0.471507722993723	0.247	0.134	5.93107803436825e-05	MARCH5	c29
1.76132878555039e-09	0.340658532484125	0.319	0.182	5.93462121003347e-05	PML	c29
1.7705322078772e-09	0.297668850985537	0.415	0.248	5.96563122122144e-05	MRPS5	c29
1.78728711205858e-09	0.496302321612012	0.184	0.091	6.02208519537019e-05	TBC1D15	c29
1.84156438603439e-09	0.752281023325802	0.091	0.035	6.20496704230428e-05	DONSON	c29
1.87701175294573e-09	0.366949349979791	0.538	0.342	6.32440340037536e-05	CHMP5	c29
1.87949513898635e-09	0.421344703929544	0.242	0.129	6.33277092130062e-05	NUP54	c29
1.88594785536999e-09	0.309562602855991	0.296	0.164	6.35451270388364e-05	KARS	c29
1.8938156008426e-09	0.498636113349222	0.17	0.083	6.38102228547905e-05	TIGAR	c29
1.90561124066793e-09	0.541714035691979	0.14	0.063	6.42076651430653e-05	IDE	c29
1.9196137752774e-09	0.418535744530663	0.219	0.114	6.46794665441968e-05	RNF40	c29
1.97038778389593e-09	0.335763876678443	0.326	0.191	6.63902459905894e-05	PARP14	c29
1.98342716956841e-09	1.25286651586513	0.044	0.012	6.68295950514379e-05	NOMO1	c29
1.98394252038608e-09	0.401923998466998	0.233	0.123	6.68469592818885e-05	VAMP7	c29
1.98417479027677e-09	0.291273796840703	0.329	0.186	6.68547853835855e-05	RAF1	c29
1.9991666153145e-09	0.997268033558562	0.068	0.023	6.73599199364069e-05	TAF13	c29
2.00716316271302e-09	1.90317184301658	0.021	0.003	6.76293556044524e-05	ITGAX	c29
2.05882938371508e-09	0.316941890936389	0.364	0.212	6.93701972548957e-05	YDJC	c29
2.13425088754204e-09	0.365952684425726	0.462	0.289	7.19114494048416e-05	ATF4	c29
2.18204061830988e-09	1.08864323291293	0.065	0.022	7.35216765933332e-05	ZSCAN9	c29
2.19404622326701e-09	0.385966799127393	0.333	0.191	7.39261934467586e-05	MRPS14	c29
2.1978785568837e-09	0.314544029106403	0.529	0.336	7.40553200956393e-05	SRSF1	c29
2.19861630601267e-09	0.59816448236396	0.159	0.076	7.40801778147908e-05	MTFR1L	c29
2.19985341597936e-09	0.50918812812552	0.184	0.092	7.41218609980087e-05	PEX19	c29
2.20744882857984e-09	0.324091970223848	0.48	0.293	7.43777808301692e-05	PDCD6IP	c29
2.2101468974889e-09	0.54571896024732	0.212	0.111	7.44686895639911e-05	CCDC88B	c29
2.26171527270009e-09	0.309163502018065	0.823	0.629	7.62062343983569e-05	CSDE1	c29
2.30617470709886e-09	0.360735257883978	0.296	0.165	7.77042505809889e-05	KLHL28	c29
2.31260752047066e-09	0.290982782431452	0.364	0.211	7.79209977947383e-05	CHTOP	c29
2.37725099635671e-09	0.558171534882322	0.168	0.081	8.00990950712431e-05	KBTBD4	c29
2.37726276459408e-09	1.28941493402561	0.056	0.017	8.0099491590233e-05	MORN2	c29
2.38509425421204e-09	0.383708695899282	0.345	0.201	8.03633658014203e-05	BLOC1S1	c29
2.39714013794869e-09	0.419632629064693	0.28	0.156	8.07692398080431e-05	LAX1	c29
2.40635371872422e-09	0.594874170739861	0.149	0.07	8.1079682198694e-05	CSNK1G1	c29
2.44589580243533e-09	0.380130037423628	0.324	0.186	8.24120131672562e-05	OGDH	c29
2.45008799189384e-09	0.456476359231107	0.17	0.083	8.2553264798871e-05	EIF3B	c29
2.47530052671108e-09	2.55899618666101	0.021	0.003	8.34027759470031e-05	FAAH	c29
2.49572150734673e-09	0.261071206776544	0.312	0.175	8.40908404685408e-05	HGS	c29
2.51270767889249e-09	0.36260944624525	0.21	0.107	8.46631725326036e-05	TIMM22	c29
2.55463448304823e-09	0.364100576064348	0.403	0.244	8.60758542718269e-05	MARCH7	c29
2.66107785223102e-09	0.695740273038524	0.1	0.04	8.9662357153072e-05	NLE1	c29
2.66130943213455e-09	0.331281076335505	0.378	0.224	8.96701600063416e-05	FRG1	c29
2.6878381627135e-09	1.19479432039108	0.065	0.022	9.05640190544687e-05	STARD9	c29
2.69075813002031e-09	1.54734054109784	0.154	0.076	9.06624044329043e-05	TRAV19	c29
2.72267839644912e-09	0.926726066492336	0.091	0.035	9.17379258899568e-05	RAD18	c29
2.72784508126454e-09	0.863083254381482	0.063	0.02	9.19120121681274e-05	ZNF8	c29
2.75976586625257e-09	1.26634905408736	0.063	0.021	9.2987551097514e-05	IFT46	c29
2.79736388234142e-09	0.854586768712715	0.075	0.026	9.42543786516117e-05	TFEB	c29
2.83610719211648e-09	0.343405027513386	0.224	0.117	9.55597957311726e-05	IQCB1	c29
2.83975865862272e-09	0.971652806642494	0.086	0.033	9.56828282436339e-05	LINC00467	c29
2.86222123030807e-09	0.428249787236711	0.221	0.117	9.64396821340002e-05	SLC39A7	c29
2.87482328757379e-09	0.351839063284035	0.333	0.192	9.68642958515114e-05	VHL	c29
2.87850279747893e-09	0.306321064823913	0.252	0.135	9.69882732582552e-05	AFG3L2	c29
2.89742168528904e-09	0.472988839317268	0.198	0.101	9.7625726264129e-05	FXN	c29
2.94411525851776e-09	0.360611957364356	0.38	0.228	9.91990195204975e-05	WBP1	c29
2.94598708304109e-09	0.297600790406954	0.774	0.558	9.92620887759863e-05	SRSF11	c29
2.95844914551078e-09	0.326863651994626	0.298	0.168	9.96819855088402e-05	USP39	c29
2.98618593519049e-09	0.277878586220704	0.93	0.751	0.000100616548900308	HMGN1	c29
2.99939775953795e-09	0.879187805644751	0.089	0.034	0.000101061708109872	SLC2A8	c29
3.02826106883345e-09	0.33959584636444	0.28	0.155	0.000102034228453274	ASCC3	c29
3.10084533977253e-09	0.421253235556624	0.275	0.155	0.000104479882878296	SNAP47	c29
3.11930835473392e-09	0.48536507909354	0.228	0.122	0.000105101975704405	PGM1	c29
3.1573659856314e-09	0.304589947740727	0.28	0.154	0.000106384289519864	YY1AP1	c29
3.19425106312245e-09	0.449136489485414	0.161	0.077	0.000107627095320848	MCCC1	c29
3.20504089657047e-09	0.321187718723586	0.469	0.292	0.000107990647969045	DDT	c29
3.21691916118698e-09	0.314620462233666	0.205	0.105	0.000108390874217034	VPS37B	c29
3.21829309851983e-09	0.45364605144939	0.298	0.17	0.000108437167661527	INPP5K	c29
3.21841019731022e-09	0.322273850198116	0.55	0.351	0.000108441113188171	LINC01420	c29
3.22446366015427e-09	0.935822152363817	0.07	0.024	0.000108645078565238	MED20	c29
3.24944890052778e-09	0.359919053517622	0.312	0.178	0.000109486931254383	ZCCHC17	c29
3.29142736916015e-09	0.747092867893536	0.084	0.032	0.000110901353776482	LMAN2L	c29
3.32046208458916e-09	0.732857785490857	0.105	0.043	0.000111879649478147	ANKMY2	c29
3.32961981464225e-09	3.82649378928955	0.012	0.001	0.000112188210034556	LGR4	c29
3.35193212374471e-09	1.03393174092474	0.07	0.024	0.000112940000977454	AC009948.5	c29
3.35619619209611e-09	0.314234201821662	0.417	0.254	0.000113083674496486	SMARCC2	c29
3.36833147798134e-09	0.338317427723027	0.294	0.165	0.000113492560819103	UNC50	c29
3.42380772897743e-09	0.574962618706973	0.177	0.088	0.000115361777620165	BCL2L12	c29
3.44181667639253e-09	0.269239681449601	0.814	0.608	0.00011596857109437	TERF2IP	c29
3.44206853885953e-09	0.600832569877399	0.149	0.07	0.000115977057348333	SLC25A22	c29
3.44485981579133e-09	0.35971546111126	0.212	0.11	0.000116071106633273	ATXN2	c29
3.50516948174659e-09	0.507758196283136	0.152	0.072	0.00011810318051797	MFSD14B	c29
3.50890672746667e-09	0.418196231758243	0.235	0.126	0.000118229103275262	SHC1	c29
3.52098158545632e-09	2.18068400629829	0.03	0.007	0.000118635953540365	CNTLN	c29
3.58071111393377e-09	0.453040869811159	0.203	0.105	0.000120648480272884	TRIM8	c29
3.63273731537676e-09	0.310274806697045	0.527	0.335	0.000122401451104304	PDCD2	c29
3.65456058520543e-09	1.12161655723531	0.082	0.031	0.000123136764357912	RP11-500C11.3	c29
3.69083678542228e-09	0.317373459021072	0.66	0.441	0.000124359054648018	OCIAD1	c29
3.71278521584044e-09	0.301246371320026	0.683	0.457	0.000125098585062528	TMED2	c29
3.7235106080357e-09	0.439402566846574	0.228	0.122	0.000125459966427155	COASY	c29
3.76092493009777e-09	0.915590502633867	0.086	0.033	0.000126720604594714	TRMT44	c29
3.76307372718276e-09	0.495899526438804	0.182	0.091	0.000126793006163696	RAD1	c29
3.77785252854962e-09	0.376095478309884	0.191	0.096	0.000127290963096951	NUDT18	c29
3.84456860125643e-09	0.357066689607273	0.228	0.121	0.000129538894450734	RAP2C	c29
3.84470187007477e-09	0.361701099842819	0.368	0.218	0.000129543384810299	LSM1	c29
3.94210448490791e-09	0.321074833992014	0.853	0.685	0.000132825268514487	ATPIF1	c29
3.9486021703738e-09	0.390623654959738	0.324	0.189	0.000133044201528575	TRIM27	c29
3.96870396066321e-09	0.374265321467576	0.268	0.148	0.000133721511250586	GUSB	c29
3.97447788608925e-09	0.457603256143386	0.17	0.084	0.000133916057893891	ATP6V0A2	c29
3.98535056753656e-09	0.435328243856426	0.17	0.083	0.000134282402022577	ZNF444	c29
3.99909616477327e-09	1.03179385399229	0.117	0.052	0.000134745546175871	RCC2	c29
4.08989460170181e-09	0.476681307081742	0.21	0.11	0.000137804908709741	NSUN2	c29
4.09883208705159e-09	0.63719829680256	0.124	0.055	0.000138106048341116	CPSF4	c29
4.16684339616291e-09	0.430744810016782	0.259	0.142	0.000140397621390313	EXOSC9	c29
4.18069010856826e-09	0.442278157232247	0.508	0.342	0.000140864172518099	TGFB1	c29
4.26714758470862e-09	0.513948161762593	0.135	0.062	0.000143777270719172	RBM12	c29
4.27511530268072e-09	0.383319820095007	0.34	0.202	0.000144045735008524	CCDC25	c29
4.32620295005293e-09	0.421582996153938	0.217	0.115	0.000145767082199083	NSUN6	c29
4.3387350728563e-09	0.306551538356387	0.282	0.156	0.00014618933954482	EIF2B5	c29
4.34212988367009e-09	0.594390690196538	0.205	0.108	0.00014630372430038	SMIM4	c29
4.34651332122466e-09	0.349077895198831	0.415	0.257	0.000146451419845344	SAMD9L	c29
4.3626072948496e-09	1.00823291794934	0.084	0.032	0.000146993690192663	ATAD3A	c29
4.3869204886561e-09	0.332121153414495	0.469	0.294	0.000147812898944779	YTHDF2	c29
4.40442740485154e-09	0.304970538352728	0.681	0.468	0.000148402776979068	NDUFS7	c29
4.40617598200627e-09	0.343430308886063	0.273	0.152	0.000148461693537719	PARP12	c29
4.47242718240546e-09	0.2845122769047	0.41	0.243	0.00015069396148397	MLX	c29
4.61155130678651e-09	0.400008960369107	0.191	0.097	0.000155381609730865	IFT52	c29
4.61737344442912e-09	0.300452522628758	0.228	0.121	0.000155577780836595	SKIV2L2	c29
4.63336251752098e-09	0.216592234860126	0.904	0.767	0.000156116516665352	LY6E	c29
4.64481980211117e-09	0.275198006499409	0.783	0.587	0.000156502558412334	ST13	c29
4.65074156527369e-09	0.503072362692289	0.186	0.095	0.000156702086300332	UTP3	c29
4.66507243622977e-09	0.423289701850034	0.249	0.137	0.000157184950666326	SLC20A1	c29
4.70264695921889e-09	1.06457849852179	0.058	0.019	0.000158450986643921	NPL	c29
4.72561720154009e-09	0.31461078861305	0.301	0.172	0.000159224945988692	SBNO1	c29
4.72568124326243e-09	0.459601998072651	0.196	0.1	0.000159227103810484	PRR4	c29
4.76557715087918e-09	0.343848078987778	0.319	0.185	0.000160571356521723	AK3	c29
4.7977408691034e-09	0.359674424092004	0.345	0.203	0.00016165508084357	EFCAB14	c29
4.9470008559918e-09	0.539077653215899	0.231	0.126	0.000166684246841788	GSS	c29
4.94833445075413e-09	0.269315526587699	0.364	0.211	0.00016672918098371	UBE2G2	c29
4.95274697231302e-09	0.336610395846081	0.352	0.208	0.000166877856485115	HK1	c29
4.98290832834735e-09	0.238476309143839	0.382	0.221	0.000167894113215336	CSRP1	c29
5.00714120499767e-09	0.668487256647372	0.105	0.044	0.000168710615761192	CLCC1	c29
5.00892093796112e-09	1.14132972001886	0.051	0.015	0.000168770582083662	SPATA24	c29
5.0754442750112e-09	0.690717357871732	0.142	0.067	0.000171012019402227	HYI	c29
5.09274220291846e-09	0.329805022788341	0.359	0.213	0.000171594855785135	TMF1	c29
5.19447341166402e-09	0.336805023172176	0.354	0.207	0.000175022587132608	PWP1	c29
5.21050738653478e-09	0.403070363969803	0.42	0.26	0.000175562835881903	ALDH9A1	c29
5.22730202618588e-09	1.09546562726375	0.068	0.023	0.000176128714470307	RP11-73E17.2	c29
5.27950562174287e-09	0.570546473350233	0.131	0.059	0.000177887662419004	ZC3HC1	c29
5.29298058490135e-09	0.340933681186549	0.448	0.274	0.000178341687827666	RABGGTB	c29
5.31582243159168e-09	0.345435521855482	0.587	0.4	0.00017911132101005	GADD45GIP1	c29
5.41589031239786e-09	0.277427318211392	0.385	0.226	0.000182483008185934	B4GALT3	c29
5.45663824924844e-09	0.310513716710003	0.531	0.349	0.000183855969170177	CTSS	c29
5.49577049398354e-09	0.33932952969592	0.524	0.342	0.000185174491024281	EIF5B	c29
5.50342745887641e-09	0.230378139305917	0.364	0.209	0.000185432484799382	USP14	c29
5.53350845299168e-09	0.299769922569738	0.336	0.193	0.000186446033815102	LINC00667	c29
5.60175885481357e-09	0.259718111774789	0.485	0.301	0.000188745662854089	LUC7L2	c29
5.61458038084626e-09	0.465948654528482	0.163	0.079	0.000189177671352234	FGFR1OP	c29
5.63392362681357e-09	0.473576813871708	0.224	0.121	0.000189829422681856	MIDN	c29
5.63770716894716e-09	0.289034816124832	0.706	0.5	0.000189956905350506	TPR	c29
5.67331902462126e-09	0.313794572683448	0.275	0.153	0.000191156811215589	XIAP	c29
5.70081661246067e-09	0.316981878761846	0.874	0.715	0.00019208331494025	LAT	c29
5.73546294953752e-09	0.588970572947402	0.179	0.091	0.000193250688621717	ATP5SL	c29
5.82531347492336e-09	0.902465805587741	0.098	0.04	0.000196278112224068	SPATS2	c29
5.91756277856526e-09	0.913002849184184	0.096	0.039	0.000199386360260978	ACP6	c29
5.92269170951978e-09	0.736399587815133	0.114	0.05	0.00019955917446056	ZNF254	c29
5.92618449055053e-09	0.299142224692404	0.459	0.283	0.00019967686022461	ZNF24	c29
5.92673613216715e-09	0.310164682225676	0.252	0.136	0.00019969544723724	RPP30	c29
5.93924785362661e-09	0.419200415645663	0.205	0.107	0.000200117017180095	PIGF	c29
5.96445002748824e-09	0.389499398757759	0.282	0.16	0.000200966179226189	CCNC	c29
5.96986370763142e-09	0.871361860210772	0.072	0.026	0.000201148587764933	DHODH	c29
6.06701098272215e-09	1.2346001453137	0.037	0.009	0.00020442186805184	ZDHHC9	c29
6.07920842903477e-09	2.72628572648505	0.019	0.003	0.000204832848807897	GSTA4	c29
6.0872481064913e-09	0.434556059166077	0.27	0.153	0.000205103737700118	NOL11	c29
6.09257283847542e-09	0.236733763023804	0.413	0.248	0.000205283149219591	SENP6	c29
6.15467743551747e-09	0.85563099205534	0.093	0.037	0.000207375701512325	RWDD2B	c29
6.30369396938574e-09	0.275593150610814	0.821	0.634	0.000212396664604483	SP100	c29
6.32949215890676e-09	1.03848184972906	0.063	0.021	0.000213265908802204	SWSAP1	c29
6.39848511233545e-09	0.581281185124557	0.124	0.055	0.000215590557375031	KLHL42	c29
6.42647010965539e-09	0.890145166150651	0.084	0.032	0.000216533483874729	ADAL	c29
6.44347741895789e-09	0.6359305902534	0.11	0.047	0.000217106528154367	AMIGO2	c29
6.4624198849908e-09	0.377885257240556	0.352	0.21	0.00021774477560488	LARP7	c29
6.49016811412147e-09	0.302515556992762	0.704	0.517	0.000218679724437209	SNRPD3	c29
6.50624055337072e-09	0.779271173318072	0.105	0.044	0.000219221269205273	FIG4	c29
6.55052867809506e-09	0.218252155962398	0.441	0.263	0.000220713513279735	ADSS	c29
6.57070598968656e-09	0.315964213372809	0.618	0.408	0.000221393367616499	CLNS1A	c29
6.5939123367764e-09	0.872175030072611	0.082	0.031	0.000222175282275344	SLC16A13	c29
6.65771258119313e-09	0.314270363134131	0.228	0.122	0.000224324967710721	CTD-2192J16.22	c29
6.8217718100046e-09	0.327044044039861	0.45	0.282	0.000229852779366295	CRTAP	c29
6.91880835335249e-09	0.226788161721446	0.382	0.223	0.000233122328657859	VPS4A	c29
6.94264037285118e-09	0.283126185289824	0.289	0.165	0.000233925324722848	NINJ2	c29
6.99237294738778e-09	0.299132641840382	0.345	0.203	0.000235601014089284	SUPT16H	c29
7.08145172937942e-09	0.633044616117435	0.121	0.054	0.00023860243456971	TYW5	c29
7.09440532067228e-09	0.322065689682935	0.387	0.236	0.000239038892874732	GMIP	c29
7.17975779022518e-09	0.29219809805882	0.783	0.617	0.000241914758983847	NEAT1	c29
7.18342517979794e-09	0.334547012372634	0.268	0.15	0.000242038328008112	TMEM87B	c29
7.19675949615298e-09	1.41658153190656	0.047	0.013	0.000242487614463379	MATR3	c29
7.25143362963025e-09	0.377315515548965	0.2	0.104	0.000244329804716762	SCAP	c29
7.3045802844976e-09	0.272464137973072	0.858	0.663	0.000246120528105862	TRAPPC1	c29
7.36667664067725e-09	1.02336719876139	0.072	0.026	0.000248212802730979	DAG1	c29
7.39039138381925e-09	0.287272832688722	0.357	0.21	0.000249011847286406	DIDO1	c29
7.40240555619549e-09	0.845682632387406	0.112	0.049	0.000249416652810451	ATAD3B	c29
7.4205935921443e-09	0.367263150816065	0.275	0.156	0.00025002948049371	CCDC186	c29
7.4904413171112e-09	0.558771742436556	0.179	0.091	0.000252382929738745	RMND5B	c29
7.49148565383954e-09	0.651732922002159	0.175	0.089	0.000252418117620469	TMEM218	c29
7.56106557211152e-09	0.371390073686719	0.252	0.138	0.000254762543386725	ARID2	c29
7.57411485944184e-09	0.400419926792856	0.27	0.152	0.000255202226074033	NOL8	c29
7.61863230100444e-09	1.1153063177314	0.147	0.072	0.000256702196750043	TRAV8-6	c29
7.65503613146115e-09	0.506066312228441	0.182	0.093	0.000257928787413452	MAP2K4	c29
7.66974678469541e-09	0.311143522668872	0.326	0.188	0.000258424448163527	DNAJB9	c29
7.97924028045465e-09	0.356715157048349	0.331	0.193	0.000268852522009639	ARMC10	c29
7.98687832170388e-09	1.0844624439264	0.075	0.027	0.00026910987817149	TESK2	c29
8.04479680989168e-09	0.327413400616298	0.746	0.537	0.00027106138371249	GNAS	c29
8.05335860665207e-09	0.384830849911566	0.373	0.227	0.000271349864892535	ETNK1	c29
8.1128089727539e-09	0.285367438942228	0.513	0.314	0.00027335298552797	RAB8A	c29
8.16484990136421e-09	0.589366632451629	0.207	0.112	0.000275106452576566	CCDC6	c29
8.17811959064493e-09	0.303899762534832	0.331	0.193	0.00027555356148719	MRPS10	c29
8.26671427650527e-09	0.423754565159313	0.214	0.114	0.000278538670832568	RWDD4	c29
8.32403153711435e-09	0.477497334143552	0.203	0.107	0.000280469918611531	ARL3	c29
8.34670537959015e-09	0.601222643687698	0.124	0.055	0.00028123389105991	GHDC	c29
8.41232475071377e-09	0.266334119241294	0.413	0.247	0.00028344487015055	AP1M1	c29
8.41782975099781e-09	0.772323139340087	0.131	0.061	0.00028363035563012	PRR34-AS1	c29
8.45927178645514e-09	0.713142051116688	0.119	0.053	0.00028502670357282	C1orf109	c29
8.61924911973806e-09	0.352703668416414	0.275	0.154	0.000290416979840454	STAG1	c29
8.66894526593632e-09	0.391908072431437	0.263	0.146	0.000292091441790458	SYS1	c29
8.72165325298333e-09	0.957626005464965	0.072	0.026	0.00029386738470602	RSPH3	c29
8.79119721798973e-09	0.30685867969471	0.38	0.227	0.000296210599062946	ATG5	c29
8.87665499762e-09	0.331683463622061	0.354	0.212	0.000299090013489808	CNOT4	c29
8.89427566435195e-09	0.886415795669119	0.068	0.024	0.000299683724234674	ACVR1	c29
8.90282068721065e-09	1.20739427608675	0.051	0.016	0.000299971640234875	ASCL2	c29
8.91240317613865e-09	0.341428252230491	0.357	0.213	0.000300294512616816	NELFCD	c29
8.97388674530888e-09	3.00569556908249	0.028	0.006	0.000302366139996438	TRAV40	c29
8.98077638184716e-09	0.298005789694538	0.469	0.291	0.000302598279409958	TROVE2	c29
9.03353180790361e-09	0.502610802130169	0.147	0.07	0.000304375820735504	C16orf58	c29
9.06156106482982e-09	0.47602533291604	0.233	0.128	0.000305320238518376	BID	c29
9.09831684869389e-09	0.300323523896926	0.219	0.117	0.000306558687899892	CCR5	c29
9.24894746662477e-09	0.67636074943103	0.093	0.038	0.000311634035940455	ZNF627	c29
9.25598719602363e-09	0.479045485938323	0.191	0.099	0.00031187123258282	APEX2	c29
9.37328863205984e-09	0.26892637412786	0.403	0.24	0.000315823587168624	RCN2	c29
9.39101991636281e-09	0.984728157641266	0.054	0.017	0.000316421025061928	NEDD4	c29
9.54259649385444e-09	0.44805315610468	0.154	0.074	0.000321528246263931	SERTAD3	c29
9.62543245624333e-09	0.396930250524713	0.284	0.163	0.000324319321180663	DIMT1	c29
9.81453901093792e-09	0.435377209348036	0.219	0.117	0.000330691077434542	POR	c29
9.94527996310824e-09	0.522308289595336	0.179	0.092	0.000335096263076969	GALK2	c29
1.00250547445011e-08	0.3312898202722	0.38	0.231	0.000337784194561221	PPP4R3B	c29
1.00479738790697e-08	0.460351476100018	0.203	0.106	0.000338556431881373	MSMO1	c29
1.01389412595878e-08	1.04261459769193	0.082	0.031	0.00034162148680055	EFNA4	c29
1.0139721115614e-08	2.45034107492713	0.021	0.004	0.000341647763269498	MCAM	c29
1.04282380600824e-08	1.22283958524305	0.049	0.015	0.000351369053196416	FAM63A	c29
1.04709779252915e-08	0.557900429574131	0.133	0.061	0.000352809130214773	DNAJC25-GNG10	c29
1.0515896854322e-08	1.83343994391291	0.021	0.004	0.000354322628609525	RP11-231C14.7	c29
1.06067628362926e-08	0.480124825445531	0.189	0.098	0.000357384267006043	C1GALT1C1	c29
1.0693135802626e-08	0.984603946502857	0.065	0.023	0.000360294517733682	HEATR5A	c29
1.06995610608226e-08	0.771551228905719	0.077	0.029	0.000360511010383357	RP11-61K9.3	c29
1.07234611649211e-08	1.19214517961357	0.058	0.019	0.000361316300490853	FBXO45	c29
1.08454662467219e-08	0.701686933182997	0.089	0.035	0.000365427139717049	TMEM177	c29
1.09964529045454e-08	0.339413769609373	0.375	0.228	0.000370514484165753	SRP72	c29
1.10779713040707e-08	1.35295597894827	0.058	0.019	0.000373261165119359	CDKN3	c29
1.1262087714965e-08	0.401060697403682	0.263	0.147	0.000379464783468032	GBAS	c29
1.13182455954366e-08	0.455123100036277	0.224	0.121	0.000381356967092639	BCL2L13	c29
1.13474880327603e-08	0.49462945695627	0.172	0.087	0.000382342261775827	RBM28	c29
1.14053672230394e-08	0.487817512089065	0.149	0.072	0.000384292443213089	SAAL1	c29
1.15217769551997e-08	0.355594781839871	0.198	0.103	0.000388214752728498	YIPF1	c29
1.17411199454179e-08	0.410815160613332	0.189	0.097	0.000395605295440911	MLH1	c29
1.17980575358883e-08	0.450606955432508	0.254	0.143	0.000397523750614221	TRMT1	c29
1.19433251098756e-08	0.433857325566083	0.184	0.094	0.000402418396252148	UBXN7	c29
1.212129017188e-08	1.15953132801632	0.051	0.016	0.000408414751051325	ST20-MTHFS	c29
1.21369302529474e-08	0.407383297483534	0.233	0.127	0.000408941727942808	UQCC3	c29
1.23687442659446e-08	0.283510622976096	0.198	0.102	0.000416752469296737	CHKB	c29
1.23771529692087e-08	0.61032526571374	0.098	0.04	0.000417035792144519	FAM173B	c29
1.23840623006563e-08	0.315508183786617	0.524	0.345	0.000417268595158313	HNRNPH1	c29
1.24343072526488e-08	0.592019496375353	0.131	0.06	0.00041896154857075	RABEP2	c29
1.24946730973857e-08	0.44763988126954	0.207	0.111	0.000420995515343314	NBAS	c29
1.25231070163487e-08	1.48638417353804	0.028	0.006	0.000421953567808854	B3GAT1	c29
1.25284327987008e-08	0.335498753824437	0.541	0.356	0.000422133014719426	JUND	c29
1.25638109143308e-08	2.12115518773509	0.021	0.004	0.000423325044947463	RP11-404F10.2	c29
1.2653467742141e-08	0.33595178640425	0.378	0.23	0.0004263459421037	CUEDC2	c29
1.26712004529392e-08	0.518956579377366	0.133	0.062	0.000426943428061334	PTBP2	c29
1.27147727085196e-08	1.6458750082725	0.04	0.011	0.00042841155164086	NEBL	c29
1.28586191977298e-08	0.727636280817876	0.096	0.039	0.000433258315248306	CCDC117	c29
1.29355229302679e-08	0.303452315755036	0.28	0.159	0.000435849509612448	ECI2	c29
1.31828480717674e-08	0.528514459704174	0.145	0.069	0.000444182882930131	C11orf24	c29
1.31984457902027e-08	0.202163910661214	0.41	0.245	0.000444708432455088	CDK17	c29
1.33487320215486e-08	0.304370323660014	0.24	0.131	0.000449772176734059	THAP1	c29
1.34936461189947e-08	0.491490278736347	0.438	0.286	0.000454654912333409	EVI2A	c29
1.35031127745467e-08	0.542356633293905	0.126	0.057	0.000454973881825577	STAM2	c29
1.35238433269639e-08	0.324073523796536	0.557	0.366	0.000455672377058721	MOB1A	c29
1.36220673787097e-08	0.333732930924469	0.17	0.084	0.000458981938258243	TMEM39A	c29
1.38821456898865e-08	0.455873948489289	0.172	0.087	0.000467745016875035	HACD2	c29
1.39513202170008e-08	0.289183824431544	0.259	0.144	0.000470075783391624	GPX7	c29
1.39586137915306e-08	0.324127690126411	0.627	0.425	0.000470321533091833	PARP1	c29
1.40567056002255e-08	0.360022268543218	0.14	0.066	0.000473626638493998	SLC35E3	c29
1.40693203255765e-08	0.323303884014286	0.59	0.394	0.000474051679049976	EIF2S2	c29
1.43208948645973e-08	0.30302881346161	0.217	0.115	0.000482528231567741	TWISTNB	c29
1.44630764368898e-08	0.511130468653201	0.152	0.074	0.000487318897464564	TUBGCP3	c29
1.4737134309695e-08	0.462644974126966	0.172	0.087	0.000496553003430864	SUCLA2	c29
1.47458272230542e-08	0.335961148952619	0.235	0.128	0.000496845902453589	RLF	c29
1.50573766527406e-08	0.399207686271983	0.233	0.128	0.00050734324893744	IREB2	c29
1.5125341801972e-08	0.389750596958674	0.231	0.126	0.000509633266675645	TRAF7	c29
1.51595868769409e-08	0.556673656160026	0.14	0.067	0.000510787120231648	INTS3	c29
1.51929380603593e-08	0.274605154542496	0.347	0.205	0.000511910855005746	ARFGAP2	c29
1.52170265638079e-08	0.376470387987572	0.263	0.149	0.000512722493040942	NDEL1	c29
1.53190351762432e-08	0.247169742981615	0.881	0.714	0.000516159571228338	PRRC2C	c29
1.53918547979622e-08	0.446385396592155	0.159	0.078	0.000518613155562538	THOC5	c29
1.55065552844168e-08	0.800649981998474	0.093	0.038	0.000522477873753138	FASTKD5	c29
1.55945998925598e-08	0.319540453347683	0.352	0.21	0.00052544444877991	DDA1	c29
1.56133150305318e-08	0.537530198781452	0.149	0.072	0.000526075036638739	SLC30A6	c29
1.56855117723787e-08	0.434776920686439	0.186	0.097	0.000528507633658527	ACOT13	c29
1.57064629503145e-08	0.414654165832762	0.261	0.148	0.000529213562647895	NDUFV3	c29
1.61127729852332e-08	0.379716688580507	0.27	0.156	0.000542903772964448	NCBP3	c29
1.61439138063257e-08	0.296570684993662	0.406	0.245	0.000543953031790339	CAMTA1	c29
1.615965059917e-08	0.341168471257624	0.403	0.25	0.000544483267288432	MTG1	c29
1.61851448482398e-08	0.302381808403676	0.664	0.436	0.000545342270516591	SCP2	c29
1.6251940685633e-08	0.289051651099389	0.473	0.299	0.000547592889461717	FOXN3	c29
1.64250096643284e-08	0.452816548840169	0.142	0.068	0.000553424275629883	GTPBP1	c29
1.64483684316547e-08	0.276231426026978	0.331	0.191	0.000554211325936172	TPRKB	c29
1.6499970740669e-08	0.275713846419543	0.837	0.654	0.000555950014136102	CSTB	c29
1.6611457628675e-08	0.430980380898921	0.196	0.103	0.000559706453340576	C11orf57	c29
1.6733719767376e-08	0.452263274467101	0.219	0.119	0.000563825953841967	WDR20	c29
1.67844758635172e-08	0.68789194564636	0.121	0.055	0.00056553612974535	PDCD11	c29
1.70959746117343e-08	0.616599577459287	0.126	0.058	0.000576031768567776	ALKBH2	c29
1.73313070927591e-08	1.33655687739354	0.054	0.017	0.000583961061183427	RDH10	c29
1.74706548239193e-08	0.309816299117219	0.611	0.408	0.000588656243637137	ZNHIT1	c29
1.75830507416529e-08	0.588775196062425	0.147	0.072	0.000592443311689252	WDR83	c29
1.76064876114409e-08	3.09281278303764	0.012	0.001	0.000593232993579889	VAV3-AS1	c29
1.78445614727214e-08	0.328021713182367	0.163	0.081	0.000601254654261875	HAUS2	c29
1.78920498966764e-08	0.295565103182099	0.401	0.239	0.000602854729218616	STRA13	c29
1.79397106293505e-08	0.980424180352081	0.079	0.031	0.000604460609945335	MON1A	c29
1.81188616769165e-08	2.22961532420152	0.012	0.001	0.000610496925342026	CRIP3	c29
1.82513719422175e-08	0.445863671801366	0.205	0.11	0.000614961726221078	MLST8	c29
1.85748513653105e-08	0.400477591599625	0.182	0.094	0.000625861041902773	LINC01089	c29
1.8674192387072e-08	0.681449237366808	0.119	0.054	0.000629208238290005	RNF135	c29
1.87028331246941e-08	0.368561179000885	0.298	0.173	0.000630173259303445	GOSR1	c29
1.87098233852286e-08	0.668163118851513	0.14	0.067	0.000630408789141892	HECTD4	c29
1.88103437676491e-08	0.487537784071688	0.152	0.074	0.00063379572290717	BCAT2	c29
1.88173504237333e-08	0.305075011971419	0.441	0.274	0.000634031805177268	ITGB1BP1	c29
1.8827435374753e-08	0.934264890141982	0.07	0.025	0.000634371607516929	B3GALNT2	c29
1.89366646531586e-08	0.298582386685062	0.443	0.274	0.000638051978823526	PIN4	c29
1.9107867992782e-08	0.62624214186585	0.098	0.041	0.000643820504148795	TRIB3	c29
1.92335823755965e-08	0.249371091804218	0.457	0.281	0.00064805632456335	RALA	c29
1.93786518881171e-08	0.465689246881305	0.172	0.088	0.000652944296718217	HSDL2	c29
1.9395149664397e-08	0.407500007682395	0.203	0.108	0.000653500172792191	TTC9C	c29
1.94804962730125e-08	0.348970300963251	0.277	0.158	0.000656375841422884	BRIX1	c29
1.95107308091583e-08	0.283428892539611	0.821	0.615	0.000657394563883778	MTDH	c29
1.9640363674797e-08	0.280478922103168	0.345	0.207	0.000661762413658609	TTC19	c29
1.99691918494363e-08	0.651890999531723	0.133	0.063	0.000672841950174907	ZNF576	c29
1.9969985904908e-08	0.987696762607802	0.068	0.024	0.00067286870507997	NETO2	c29
2.00019785946876e-08	0.334985083037765	0.326	0.194	0.000673946666769404	TSPYL1	c29
2.01851282720162e-08	0.431719907195788	0.168	0.084	0.000680117711997312	EXOSC6	c29
2.04142910925785e-08	0.264071304857149	0.34	0.201	0.00068783912407334	CYP20A1	c29
2.06363046607503e-08	0.503903445520147	0.149	0.073	0.000695319649239321	WDR7	c29
2.06731500303368e-08	0.293149871854281	0.224	0.12	0.00069656111712217	SART3	c29
2.07824482263253e-08	0.441154666618123	0.166	0.083	0.000700243810537806	GNL3L	c29
2.09627456446171e-08	0.382242846121163	0.259	0.147	0.000706318751749729	DDX56	c29
2.11018968327895e-08	0.413485862944939	0.221	0.12	0.000711007311884009	CRTC2	c29
2.15636576066045e-08	0.260851670935754	0.429	0.265	0.000726565879396932	ZMYM2	c29
2.15811514219216e-08	0.558732799064891	0.156	0.078	0.000727155316010226	AGPAT5	c29
2.21337956162147e-08	0.352460501436936	0.275	0.156	0.000745776109492739	ATPAF1	c29
2.23838631290705e-08	0.487678679906139	0.161	0.081	0.0007542018842709	RNF170	c29
2.25050193095839e-08	0.55431439182397	0.203	0.109	0.00075828412061712	PLEKHF2	c29
2.25215993313491e-08	0.352372408563882	0.247	0.138	0.000758842767870477	STK24	c29
2.25551242182248e-08	0.820728574473434	0.105	0.046	0.000759972355408865	RBM14	c29
2.27910416192369e-08	0.495476101681787	0.193	0.102	0.00076792135631857	WDR55	c29
2.29564318269765e-08	0.23735029339278	0.308	0.178	0.000773494013978145	NSUN5	c29
2.30709813983141e-08	0.295703509254194	0.406	0.248	0.000777353647234797	CEP350	c29
2.31270468176153e-08	1.95183646857017	0.028	0.006	0.000779242715472731	CDH24	c29
2.33653917620472e-08	0.97812353920164	0.065	0.023	0.000787273510030417	PYCRL	c29
2.36550280633468e-08	0.302170265190343	0.35	0.21	0.000797032515566408	MORC3	c29
2.38424383834439e-08	0.231133316086171	0.734	0.548	0.000803347118891759	YWHAQ	c29
2.40923615220437e-08	0.849172175504181	0.089	0.036	0.00081176802912374	C9orf64	c29
2.4251596704937e-08	2.28648928552244	0.016	0.002	0.000817133299376146	RP11-1149O23.4	c29
2.42899708970998e-08	0.756193280705962	0.091	0.037	0.000818426279406879	DHX37	c29
2.43227359485457e-08	0.424826520814264	0.375	0.239	0.000819530265050297	SNX20	c29
2.43331768262757e-08	0.796876273929168	0.105	0.046	0.000819882059984534	GGCX	c29
2.44242106498107e-08	0.404722929526926	0.189	0.099	0.000822949353634721	SBNO2	c29
2.49071082176749e-08	0.461673353252026	0.11	0.048	0.000839220104286338	NPLOC4	c29
2.49125973044523e-08	0.431253102687835	0.354	0.22	0.000839405053576217	ADAM8	c29
2.50374020474135e-08	0.263095814048113	0.431	0.267	0.00084361022458555	FXR1	c29
2.51904180766894e-08	0.77376924898539	0.096	0.04	0.000848765946675971	FAM221A	c29
2.54190877335581e-08	0.406288683974532	0.275	0.158	0.000856470742094506	PEX11B	c29
2.54679715473062e-08	0.672413225772395	0.077	0.029	0.000858117833314934	RNF103	c29
2.54835311061733e-08	0.39062483744152	0.214	0.116	0.000858642097091403	HS3ST3B1	c29
2.60237923135632e-08	0.296168939337005	0.513	0.33	0.000876845658213199	TIAL1	c29
2.61125312043153e-08	1.84971300967689	0.035	0.009	0.000879835626398199	ITGB8	c29
2.61574426749989e-08	0.325021195772487	0.326	0.192	0.000881348873491412	PEX2	c29
2.63821846811073e-08	0.458759826353353	0.163	0.082	0.00088892133064523	C2orf68	c29
2.64363746952353e-08	0.333201460837127	0.69	0.502	0.000890747208981259	TBCB	c29
2.65144517638963e-08	0.407233652629501	0.228	0.126	0.000893377937732722	MRPL46	c29
2.65798217640585e-08	0.636926516194398	0.112	0.05	0.000895580514518187	TIMM23B	c29
2.67973395029277e-08	0.327235938028921	0.228	0.126	0.000902909557211646	GAPVD1	c29
2.70721919216088e-08	0.444164697432116	0.138	0.065	0.000912170434606688	TXNRD2	c29
2.71692073138194e-08	0.321478349616238	0.627	0.424	0.000915439271231831	CLTB	c29
2.74130388122309e-08	1.42700467960039	0.03	0.007	0.000923654929739308	GIPR	c29
2.76152038987644e-08	0.442086433299148	0.233	0.13	0.000930466680164969	CYP2R1	c29
2.76885990411249e-08	0.60343089223394	0.131	0.062	0.000932939656091663	MGME1	c29
2.7760635513136e-08	0.327560328437231	0.331	0.198	0.000935366852979605	MEI1	c29
2.77819161763179e-08	0.367684905657677	0.193	0.102	0.000936083883644855	YEATS4	c29
2.79813952352002e-08	0.397007145175283	0.207	0.111	0.000942805131054836	TWF1	c29
2.81614546546686e-08	0.969380345112675	0.051	0.016	0.000948872053134403	HSF5	c29
2.83680630098597e-08	0.404290942785395	0.268	0.154	0.000955833515054212	SACM1L	c29
2.86763220045418e-08	0.340510427039799	0.214	0.116	0.000966219993621032	IKBIP	c29
2.88028886322361e-08	0.432482465216218	0.17	0.087	0.000970484529574565	EDC4	c29
2.90815087991661e-08	1.53802253161829	0.028	0.006	0.000979872357479103	MOK	c29
2.91926311480839e-08	0.331775652110674	0.273	0.156	0.000983616513903539	NCK2	c29
2.96567129976677e-08	0.564820547482141	0.138	0.066	0.000999253287743416	ZADH2	c29
2.96614323491883e-08	0.332717163105014	0.298	0.175	0.000999412301573552	TRIP12	c29
2.97041299082704e-08	0.622126294333841	0.098	0.041	0.00100085095312926	NXT2	c29
3.03608310525999e-08	0.871005662269322	0.091	0.038	0.0010229778414863	MGAT4B	c29
3.0471907868698e-08	0.559571184607258	0.175	0.091	0.00102672046372791	LEMD3	c29
3.06783528466937e-08	0.364554521452967	0.214	0.116	0.0010336764208165	KANSL2	c29
3.09225560237336e-08	0.272801068810915	0.417	0.257	0.00104190460266368	MKRN1	c29
3.10705980549809e-08	0.265723961545672	0.303	0.178	0.00104689273086453	CHMP1B	c29
3.10863561885079e-08	0.374662049842239	0.238	0.132	0.00104742368541558	ACOT8	c29
3.14652299484094e-08	0.280026652946072	0.566	0.372	0.00106018945788171	NUCB1	c29
3.14858888421553e-08	0.276703385387526	0.678	0.486	0.00106088553864758	ACTR2	c29
3.16737359067011e-08	0.566733361595776	0.133	0.063	0.00106721485764039	FAM122C	c29
3.17605052511646e-08	1.89279323882065	0.03	0.007	0.00107013846393274	C10orf2	c29
3.2022363959424e-08	0.275476087078227	0.317	0.186	0.00107896153124883	EPN1	c29
3.24462024582386e-08	0.320473297967912	0.524	0.348	0.00109324234562789	PHF11	c29
3.24808026521664e-08	0.406270640060209	0.184	0.096	0.00109440816456209	TMEM209	c29
3.28740402936959e-08	0.4753321770215	0.145	0.07	0.00110765791365579	KANSL3	c29
3.29428521321628e-08	0.398266098377019	0.326	0.198	0.00110997645974109	ZDHHC6	c29
3.30649756236483e-08	0.656456496884724	0.138	0.067	0.0011140912886632	MTRF1L	c29
3.32805298338209e-08	1.91727581383474	0.023	0.005	0.00112135417222076	HBEGF	c29
3.33284011768957e-08	0.134698347913194	0.273	0.157	0.00112296714925433	HERC5	c29
3.33760480567476e-08	0.283495755936775	0.238	0.131	0.00112457256322405	SLC30A9	c29
3.34371442992533e-08	0.283448133982086	0.832	0.676	0.00112663114001904	ABRACL	c29
3.36810444445562e-08	0.305911624801016	0.259	0.146	0.00113484911151488	UBE2Q2	c29
3.39019243980169e-08	0.69599731327066	0.147	0.073	0.00114229144066678	FAM104B	c29
3.39364752963632e-08	0.296234956158064	0.298	0.173	0.00114345559863566	PSMD12	c29
3.39422244194592e-08	0.530705941621339	0.161	0.082	0.00114364930958926	RRBP1	c29
3.39532541863794e-08	0.416177539044283	0.182	0.095	0.00114402094655587	LTBP3	c29
3.41840036072152e-08	0.463921708521792	0.161	0.081	0.00115179581754151	C2orf69	c29
3.43835749201225e-08	0.283843983535507	0.534	0.348	0.00115852017335861	RAB14	c29
3.45227295882873e-08	0.269838285489125	0.725	0.498	0.00116320885074775	THRAP3	c29
3.47783339143709e-08	0.505421874520434	0.147	0.072	0.00117182118291081	TRAPPC13	c29
3.53204561973223e-08	0.424227523627479	0.364	0.23	0.00119008745111258	ARID4A	c29
3.60962743535292e-08	0.353582340950095	0.224	0.123	0.00121622786806781	SCFD1	c29
3.66450515422888e-08	0.545672092183703	0.182	0.096	0.00123471836666588	MOGS	c29
3.67820635143549e-08	0.608909686404275	0.138	0.067	0.00123933484805267	NFE2L1	c29
3.67822153198372e-08	0.372914868125536	0.319	0.191	0.0012393399629866	PABPN1	c29
3.68495848447821e-08	1.10937116605612	0.07	0.026	0.00124160991176009	VKORC1L1	c29
3.70924951529852e-08	0.672046079643108	0.072	0.027	0.00124979453168468	ZNF598	c29
3.71449942239119e-08	1.74977812323662	0.021	0.004	0.00125156343538049	AC061992.2	c29
3.71503712283485e-08	0.696974341360496	0.128	0.061	0.00125174460816797	MYBBP1A	c29
3.75239571655158e-08	0.336303300481874	0.352	0.215	0.00126433221273489	AP2B1	c29
3.80242695757755e-08	0.244297281309327	0.501	0.314	0.00128118973908618	THYN1	c29
3.87705110989198e-08	1.51342903098052	0.033	0.008	0.001306333600967	LONRF3	c29
3.89983849796945e-08	0.416365537058728	0.24	0.135	0.00131401158350583	C1orf50	c29
3.91689878539382e-08	0.269399481929699	0.457	0.283	0.00131975987675059	C1D	c29
3.94743930297802e-08	1.73285673468192	0.117	0.057	0.00133005019874541	TRBV5-1	c29
4.03891363404229e-08	0.325558278709838	0.634	0.439	0.00136087155985421	RSL1D1	c29
4.04656705320227e-08	0.294561214859614	0.305	0.179	0.00136345030290597	CLK4	c29
4.05049166226417e-08	0.734777991588236	0.103	0.045	0.00136477266068329	ATMIN	c29
4.09377508614961e-08	0.33943913850508	0.464	0.302	0.00137935657752725	FLOT2	c29
4.09555961563141e-08	0.320212171239276	0.249	0.14	0.00137995785689085	WWP2	c29
4.14014485701931e-08	0.306345246455743	0.238	0.132	0.00139498040812409	PRKRIP1	c29
4.14546986652924e-08	0.672864459052524	0.103	0.045	0.00139677461682836	CCDC9	c29
4.14762490954284e-08	1.24716872991944	0.047	0.014	0.00139750073702137	RP11-850A17.1	c29
4.1699555997983e-08	0.309321166298486	0.837	0.65	0.00140502483979604	ANXA11	c29
4.28119792039322e-08	0.640389265899069	0.107	0.047	0.00144250682729729	NUP35	c29
4.31910702224538e-08	0.355712184840576	0.189	0.1	0.00145527992007536	CC2D1A	c29
4.35137141673865e-08	2.3671493326328	0.014	0.002	0.00146615108515592	MICALCL	c29
4.36710601943088e-08	0.782807726705226	0.079	0.031	0.00147145270218704	PRMT6	c29
4.3813894456038e-08	0.817157707636494	0.084	0.034	0.00147626535980174	ESRRA	c29
4.38790155589324e-08	0.551142934175555	0.128	0.061	0.00147845955024267	MTIF2	c29
4.39775521672054e-08	1.45732415457486	0.051	0.017	0.00148177964272182	RP11-295G20.2	c29
4.48815305295099e-08	0.509862505410877	0.207	0.114	0.00151223828966131	TNFSF13B	c29
4.50444417594091e-08	0.346163847962728	0.263	0.151	0.00151772742064153	RAPGEF6	c29
4.5298988496684e-08	0.244870716987621	0.702	0.491	0.00152630411840727	ARGLU1	c29
4.54575544808218e-08	1.61620766089179	0.019	0.003	0.00153164684067681	DERL3	c29
4.57257168344419e-08	0.429032108947886	0.177	0.093	0.00154068230301968	TAF2	c29
4.57495792508511e-08	0.68005008826779	0.091	0.038	0.00154148632327818	PICK1	c29
4.61822107849308e-08	2.16616266144879	0.023	0.005	0.00155606341018746	DYX1C1	c29
4.62908559167523e-08	2.96071822116695	0.012	0.001	0.00155972409925905	IL21R-AS1	c29
4.63101240170536e-08	0.760278377974883	0.068	0.025	0.0015603733186306	POP1	c29
4.65432064538783e-08	0.274698067138672	0.35	0.211	0.00156822679825698	AGGF1	c29
4.66073330372747e-08	0.282274415855968	0.27	0.156	0.00157038747935793	RAD50	c29
4.70014152973161e-08	0.387686651233194	0.156	0.078	0.00158366568702777	PIP5K1A	c29
4.71055900482869e-08	0.565181995112309	0.138	0.067	0.00158717575108698	HSPA13	c29
4.72544592722432e-08	0.292672367658147	0.34	0.204	0.00159219175071896	UBN1	c29
4.72882042218018e-08	0.689970804208557	0.147	0.073	0.00159332875304939	RNF31	c29
4.79497354136138e-08	0.343768991558555	0.231	0.127	0.0016156183850263	LPCAT3	c29
4.91057020890722e-08	0.544960340887739	0.131	0.062	0.0016545675261892	TMEM192	c29
4.92849293022306e-08	0.419292469121664	0.177	0.092	0.00166060640790936	BRAP	c29
4.94221371514515e-08	0.926722752007516	0.089	0.037	0.00166522948918101	AC009403.2	c29
4.9807669189263e-08	0.458478102154284	0.147	0.072	0.00167821960566303	SLC39A9	c29
5.03624483703214e-08	0.317134090297627	0.2	0.107	0.00169691233538961	CNP	c29
5.0975121693136e-08	0.412647653599421	0.231	0.13	0.00171755575032852	BCL7C	c29
5.15671412026767e-08	0.489998123027496	0.205	0.113	0.00173750325568299	MCMBP	c29
5.18069713749947e-08	0.239000645908016	0.399	0.244	0.00174558409350907	CEBPZ	c29
5.19293511443282e-08	0.305348150332601	0.476	0.302	0.00174970755745699	ERGIC2	c29
5.30853497616792e-08	0.333864743749901	0.275	0.159	0.00178865777487002	POLDIP3	c29
5.31654689371309e-08	0.404096754418412	0.17	0.087	0.00179135731036769	PTRH1	c29
5.32707757422917e-08	0.269450628551	0.695	0.485	0.00179490551786078	TCF25	c29
5.3325494731683e-08	0.296064873484812	0.322	0.19	0.00179674921948933	KRIT1	c29
5.34882707687642e-08	0.309597123102828	0.263	0.151	0.00180223379528274	SCYL1	c29
5.36265191473648e-08	0.410377119592285	0.308	0.184	0.00180689193615131	RTN3	c29
5.44875274339302e-08	0.499440011308189	0.126	0.059	0.00183590274935884	C12orf49	c29
5.51436261219698e-08	0.387757453039863	0.277	0.162	0.00185800933855365	CHRAC1	c29
5.57129400374322e-08	0.155450485947381	0.706	0.49	0.00187719180162124	ITGB1	c29
5.57495760600576e-08	0.39488138437757	0.205	0.112	0.00187842621576758	DHX16	c29
5.60984966694776e-08	1.2486247506436	0.037	0.01	0.00189018274678138	CD3EAP	c29
5.65212450839095e-08	0.394930752061835	0.254	0.146	0.00190442683185725	PPP2R5A	c29
5.69965818821816e-08	2.35700824496568	0.016	0.003	0.00192044282993823	SDCBP2	c29
5.70894725548973e-08	0.930535746091266	0.079	0.032	0.00192357268826471	P2RX7	c29
5.70982120982432e-08	0.564383677039602	0.154	0.078	0.00192386715843821	PIGK	c29
5.72731593318201e-08	0.349899762148731	0.259	0.149	0.00192976183052635	GLT8D1	c29
5.75863712086757e-08	0.325078159669701	0.422	0.271	0.00194031519150512	MRPL3	c29
5.83022128087604e-08	0.999602587465874	0.063	0.023	0.00196443475837837	ADAT3	c29
5.85727873132917e-08	0.317126771445624	0.203	0.109	0.00197355149573405	ATE1	c29
5.87017428247539e-08	0.443498106278813	0.186	0.1	0.00197789652273726	LLNLR-245B6.1	c29
5.94336109727267e-08	0.715314312767321	0.091	0.038	0.00200255608811505	SPRYD4	c29
5.95173369359399e-08	0.315948863337081	0.226	0.125	0.00200537715071956	HACL1	c29
5.98448644949908e-08	0.552107571553476	0.135	0.066	0.00201641286429422	NAF1	c29
6.00106757410915e-08	0.715604123099412	0.117	0.054	0.00202199970842034	RCBTB1	c29
6.06967783170086e-08	0.252032490308963	0.436	0.28	0.00204511724861329	BIRC6	c29
6.08153850651137e-08	0.573308408222036	0.093	0.039	0.00204911358438394	ATN1	c29
6.18921407889112e-08	0.251212708659568	0.179	0.093	0.00208539379174157	CPSF1	c29
6.18984320491552e-08	0.513981765283481	0.124	0.058	0.00208560576946424	FASTKD1	c29
6.22409767273372e-08	0.967421867114977	0.058	0.02	0.0020971474698509	FLVCR1-AS1	c29
6.23239361614152e-08	0.278385084165489	0.252	0.142	0.00209994270502272	PMM1	c29
6.32550410993373e-08	0.278835488337552	0.336	0.2	0.00213131535480107	OSGEP	c29
6.33229217537008e-08	0.344617945674048	0.205	0.111	0.0021336025255692	USF1	c29
6.40107754315044e-08	0.771673475843952	0.072	0.028	0.00215677906738911	PKD2	c29
6.41141933702916e-08	0.120609898332149	0.995	0.991	0.0021602636314186	FTH1	c29
6.42530014894012e-08	0.16617732346085	0.298	0.172	0.00216494063218388	MKLN1	c29
6.44499447352469e-08	0.34155831178198	0.149	0.074	0.00217157643790941	RNMTL1	c29
6.4655481008816e-08	0.979901501858393	0.058	0.02	0.00217850177711105	STX1A	c29
6.47244937214576e-08	0.679468803742049	0.082	0.033	0.00218082709145079	KIF1C	c29
6.50298405837937e-08	0.372722569989253	0.238	0.134	0.00219111544863035	ZNF267	c29
6.50517600463477e-08	1.83119142574582	0.021	0.004	0.00219185400300164	CRTC3-AS1	c29
6.53009842473375e-08	0.477563994405101	0.133	0.064	0.00220025136322979	PTER	c29
6.55554898562374e-08	0.365531568162353	0.256	0.148	0.00220882667521606	OSBPL9	c29
6.66290336715884e-08	0.256458480062307	0.282	0.162	0.0022449986605305	UTP23	c29
6.74467842527336e-08	0.545706546074925	0.1	0.044	0.00227255194861161	PBX2	c29
6.78380447916003e-08	0.446300476676632	0.149	0.074	0.00228573508120818	SLC39A4	c29
6.82070138576211e-08	0.818999587233353	0.138	0.069	0.00229816712491869	CHN1	c29
6.83816172154929e-08	0.234108391372383	0.312	0.184	0.00230405021045882	DHX29	c29
6.85367014923844e-08	0.212978980577594	0.529	0.341	0.0023092756200844	RAB27A	c29
6.94822353474866e-08	0.315808126254816	0.27	0.157	0.00234113443779821	OXCT1	c29
6.97091476527524e-08	0.337370640316399	0.21	0.115	0.00234878002101184	ORAI2	c29
6.97393416176588e-08	0.300331955976357	0.238	0.134	0.0023497973764654	AKAP11	c29
6.98900211958755e-08	0.283818633657634	0.424	0.265	0.00235487437417383	RNASEH2C	c29
7.01376981575872e-08	0.8035912806299	0.063	0.023	0.00236321960172174	KLHL11	c29
7.06086577958729e-08	0.42057518009315	0.268	0.157	0.00237908811577414	PSPC1	c29
7.09433160698539e-08	0.304497809639801	0.34	0.204	0.00239036409165766	USP47	c29
7.29304759751357e-08	0.903210250577714	0.096	0.041	0.00245731945750622	TBL1X	c29
7.308721767821e-08	0.691558829201027	0.126	0.06	0.00246260071244961	ZBED1	c29
7.35193207784436e-08	0.361439867198171	0.17	0.088	0.00247715999430888	GPALPP1	c29
7.41940007622166e-08	0.235020474204629	0.331	0.198	0.00249989266168212	ATAD1	c29
7.43270840785994e-08	0.412858349020795	0.238	0.136	0.00250437677094433	MRPL48	c29
7.57187003173993e-08	0.266843219618423	0.48	0.306	0.00255126588849445	TOX4	c29
7.59557320532819e-08	0.666238565927586	0.098	0.043	0.00255925243580328	PIGN	c29
7.60344774123811e-08	0.340949349014211	0.429	0.271	0.00256190568193277	SDHB	c29
7.61717833006859e-08	1.33894637348484	0.186	0.11	0.00256653206653331	TRBV20-1	c29
7.63839139437686e-08	1.7124632704608	0.033	0.008	0.00257367959642134	ASPHD2	c29
7.6684798011573e-08	0.746881379893221	0.098	0.043	0.00258381758420194	CYP51A1	c29
7.67027307658057e-08	0.636309487505446	0.124	0.058	0.00258442181042306	MAPK8	c29
7.70872531931084e-08	0.270338787101709	0.166	0.084	0.0025973779090886	DEF8	c29
7.71372988040418e-08	0.403962839171003	0.249	0.144	0.00259906414590338	QARS	c29
7.77227202447867e-08	1.23643277142502	0.058	0.02	0.00261878933592784	C17orf58	c29
7.77819056646085e-08	1.1477328948901	0.051	0.017	0.00262078352946332	RGPD8	c29
7.79798420902256e-08	0.392252673598904	0.163	0.084	0.00262745279938806	NDUFAF1	c29
7.87110653478869e-08	0.716849226586636	0.112	0.051	0.0026520906358317	MUT	c29
7.99516006226175e-08	0.248134569582247	0.284	0.164	0.00269388923137848	TATDN1	c29
8.00236598773246e-08	1.39235484476035	0.04	0.011	0.00269631719590658	RHEBL1	c29
8.04261534088635e-08	0.239686348332127	0.287	0.166	0.00270987881295825	SCAF4	c29
8.07774807994825e-08	0.405317637766463	0.207	0.114	0.00272171643805776	POLR2D	c29
8.09784523552689e-08	0.44880592339144	0.166	0.086	0.00272848797365843	LINC01184	c29
8.12782684397063e-08	0.343494267335324	0.196	0.105	0.00273858997680746	L3MBTL2	c29
8.14543131659152e-08	1.42478987105317	0.054	0.018	0.00274452162781235	RAI1	c29
8.14901740493257e-08	0.406760206463904	0.161	0.082	0.00274572992441798	MAGED1	c29
8.21559703216184e-08	0.799662821232381	0.082	0.033	0.00276816326401661	MRM1	c29
8.26924864470611e-08	0.493974527967056	0.14	0.069	0.00278624063834728	PROSER1	c29
8.3848958751824e-08	0.616303363921558	0.119	0.056	0.00282520681618396	RRAGC	c29
8.4431015540674e-08	0.414867095842612	0.583	0.42	0.00284481863762747	TTC39C	c29
8.54392749233745e-08	0.301037270063974	0.499	0.344	0.00287879092926818	XAF1	c29
8.71539863652202e-08	0.278242193904688	0.473	0.305	0.00293656641658973	MRPS18C	c29
8.75822866980476e-08	0.220679035592495	0.31	0.183	0.00295099756800402	SVBP	c29
8.78694754741622e-08	0.282507642874344	0.354	0.219	0.00296067410662642	IVNS1ABP	c29
8.79661511908806e-08	0.298349454918897	0.646	0.447	0.00296393149822553	NDUFS8	c29
8.85012869202669e-08	0.379301644245671	0.24	0.137	0.00298196236149147	HSD17B12	c29
8.86612111827661e-08	0.636454257118648	0.11	0.05	0.00298735084959212	HIST1H2BN	c29
9.00802491802559e-08	0.529083173925781	0.138	0.068	0.00303516391587954	CASP2	c29
9.02837643372834e-08	0.245669331230828	0.841	0.666	0.00304202115558043	FUS	c29
9.08862427234358e-08	0.788900009959736	0.1	0.045	0.00306232106232344	TUBG1	c29
9.09586121307589e-08	0.382852681825902	0.214	0.119	0.00306475947713379	GBF1	c29
9.12294523529762e-08	0.238866315719772	0.413	0.255	0.00307388516758118	CCS	c29
9.12870033940645e-08	0.564475482653058	0.124	0.059	0.00307582429235961	GPR107	c29
9.21835284413559e-08	0.356145455708863	0.301	0.182	0.00310603180730305	HMG20B	c29
9.50500173433888e-08	0.445328959589663	0.152	0.077	0.00320261528436814	AGPS	c29
9.50765812963547e-08	0.708048453418397	0.072	0.028	0.00320351033019938	HEATR3	c29
9.54276028269039e-08	0.385673018710571	0.196	0.106	0.0032153376496497	NUP153	c29
9.68797956114395e-08	0.545800188255587	0.145	0.072	0.00326426783333184	SGSH	c29
9.91472154810007e-08	0.356079604879488	0.17	0.089	0.00334066627841684	LRCH1	c29
9.92236473342886e-08	0.272970081750355	0.361	0.224	0.00334324157328152	UBTF	c29
9.93238481250371e-08	0.238437690555108	0.24	0.135	0.003346617738725	PLEKHA3	c29
9.9786162522061e-08	0.263537202120097	0.657	0.458	0.00336219496001832	KPNB1	c29
1.00090530439174e-07	1.83327839263866	0.028	0.007	0.00337245033261753	LIPC	c29
1.00122049492537e-07	0.209301229897841	0.352	0.21	0.00337351233560154	GOPC	c29
1.001514002335e-07	0.680871825913957	0.126	0.061	0.00337450127946754	C14orf169	c29
1.00529823489214e-07	0.649728165176195	0.117	0.055	0.00338725187264558	AP5S1	c29
1.0064019385179e-07	0.330757715862371	0.124	0.058	0.00339097069164222	TCAIM	c29
1.0117684306605e-07	0.659128248549587	0.133	0.065	0.0034090525502675	TICAM1	c29
1.02157449019415e-07	0.283256537239762	0.186	0.098	0.00344209308726018	FAM122A	c29
1.0229506394496e-07	0.268463141641716	0.408	0.257	0.0034467298845615	VPS35	c29
1.02598215296692e-07	0.306330381301413	0.723	0.531	0.00345694426620675	MDH2	c29
1.03025511238694e-07	0.978472720798263	0.079	0.032	0.00347134157567657	ARHGEF18	c29
1.03774003961412e-07	0.405087828715254	0.182	0.097	0.00349656128947582	RP3-492J12.2	c29
1.04748709152113e-07	0.43049584811154	0.205	0.115	0.00352940300617129	RP5-1171I10.5	c29
1.05035492556631e-07	0.703082152099827	0.079	0.032	0.00353906588620314	SETD9	c29
1.05709570412597e-07	0.195945198158428	0.28	0.16	0.00356177826548204	RABIF	c29
1.05832691050848e-07	0.258930478568056	0.28	0.162	0.00356592669226729	ASNSD1	c29
1.06302637973514e-07	0.275992766092995	0.275	0.16	0.00358176108387958	NGLY1	c29
1.09171784361728e-07	0.174137661610641	0.998	0.991	0.00367843410228406	EIF1	c29
1.09894787254221e-07	0.263134573435924	0.478	0.304	0.00370279496174373	POLR2C	c29
1.10315371517723e-07	0.457659497380644	0.152	0.077	0.00371696612791814	SACS	c29
1.14063566106685e-07	0.493754144784219	0.121	0.057	0.00384325779639864	UBE2M	c29
1.14562248319998e-07	0.472833626291995	0.168	0.088	0.003860060394894	TNFAIP8L2	c29
1.14587313169924e-07	2.75706176416271	0.012	0.001	0.00386090492994743	SCN1B	c29
1.14738456600443e-07	0.200940460934085	0.315	0.185	0.00386599755669533	C15orf61	c29
1.14854267264519e-07	0.176386965654321	0.333	0.196	0.0038698996812107	ANAPC13	c29
1.15064385807672e-07	0.205690746204212	0.378	0.229	0.00387697941540371	CPSF3L	c29
1.15227372960029e-07	0.398388050739971	0.231	0.131	0.0038824711045152	PTPMT1	c29
1.15432204556401e-07	0.519185941492615	0.126	0.06	0.00388937270032338	SLC35A5	c29
1.17304825474028e-07	0.275464318237458	0.191	0.102	0.00395246878952189	PEX6	c29
1.17516863117831e-07	0.933383208263554	0.075	0.03	0.00395961318589221	GSTZ1	c29
1.1791543888774e-07	0.813931783075905	0.145	0.074	0.00397304279788353	CAMTA2	c29
1.18431578580194e-07	0.685276011173546	0.131	0.064	0.00399043360868107	NBPF14	c29
1.18618745643765e-07	0.230518588961932	0.34	0.205	0.00399674001572102	LONP2	c29
1.18692479915782e-07	0.361646508580976	0.287	0.172	0.00399922441828237	FO538757.2	c29
1.19645186730054e-07	0.250914316744402	0.375	0.229	0.00403132492168244	MRPL9	c29
1.19648489485311e-07	0.403558208461341	0.161	0.083	0.00403143620471807	TP53INP1	c29
1.19951411834225e-07	0.401997343980986	0.182	0.098	0.00404164287034239	TRIB2	c29
1.21346014386473e-07	0.238084927211534	0.392	0.241	0.00408863260873781	NGDN	c29
1.21426273878555e-07	0.930534435895484	0.065	0.025	0.00409133687206403	H1F0	c29
1.21502952434693e-07	0.28688611632079	0.443	0.282	0.00409392047933454	CCDC69	c29
1.23189016024789e-07	0.657192409835246	0.117	0.055	0.00415073070593925	ARMC7	c29
1.23208665752224e-07	0.275473191281451	0.727	0.524	0.00415139278385542	EIF3D	c29
1.23681143456979e-07	0.764059408110743	0.1	0.045	0.00416731244763946	PARD6A	c29
1.23690658366637e-07	0.283029528624899	0.45	0.287	0.00416763304300548	SERINC3	c29
1.23821339577809e-07	0.418572813200944	0.168	0.088	0.0041720362157347	PRPF4	c29
1.24690716422876e-07	1.31164064984478	0.035	0.009	0.00420132899915238	AC017002.2	c29
1.25249192306627e-07	0.546866544690878	0.154	0.079	0.00422014628557949	TOR1AIP2	c29
1.25372144911855e-07	0.243356178195308	0.893	0.725	0.00422428905066006	ANP32B	c29
1.26300345298952e-07	0.221492561360618	0.506	0.33	0.00425556383450288	CGGBP1	c29
1.26620323952897e-07	0.543935760407418	0.145	0.073	0.00426634519526892	P2RX4	c29
1.26912349831323e-07	2.04238471272511	0.016	0.003	0.00427618471521661	ALDH4A1	c29
1.27800717102338e-07	0.519731950844549	0.145	0.073	0.00430611736204617	HECTD3	c29
1.27831912433511e-07	0.296355074560436	0.2	0.109	0.00430716845753473	RNF41	c29
1.28009121363212e-07	0.416099717998369	0.247	0.143	0.00431313933521207	RDH11	c29
1.28942381850814e-07	1.40297659214151	0.044	0.014	0.00434458461408132	ANKRD33B	c29
1.29078300360843e-07	0.462767589171909	0.179	0.097	0.00434916425235825	GTF2H3	c29
1.29271494706469e-07	0.379712880856608	0.24	0.139	0.00435567374263976	NUDCD3	c29
1.29293044314157e-07	0.873575427965065	0.068	0.026	0.00435639983512122	SMYD5	c29
1.30523076991978e-07	0.715841252174561	0.145	0.074	0.00439784455616772	RP3-395M20.12	c29
1.30540770136659e-07	0.845834815121132	0.068	0.026	0.00439844070898459	ADO	c29
1.30681076715252e-07	0.613018971529729	0.114	0.053	0.00440316819884369	CCDC58	c29
1.30948437376947e-07	0.266342145628226	0.366	0.225	0.00441217664897886	DNTTIP2	c29
1.31506474646621e-07	0.313984410899332	0.252	0.144	0.00443097915674323	SLC35A4	c29
1.31762504571762e-07	0.397043244620975	0.14	0.069	0.00443960582904094	HRAS	c29
1.32379432949914e-07	0.244054995779096	0.58	0.39	0.00446039261381442	YME1L1	c29
1.32419044574269e-07	0.340172904926166	0.317	0.194	0.00446172728788542	RAP1GDS1	c29
1.33271911891571e-07	0.446207258443065	0.175	0.093	0.00449046379927461	CUL3	c29
1.33784526987848e-07	0.269740984668731	0.452	0.293	0.00450773585232856	SLC44A2	c29
1.36765265389957e-07	0.291920142359251	0.711	0.496	0.00460816885204921	MAP1LC3B	c29
1.37153699727208e-07	0.223578296786456	0.263	0.15	0.00462125675860853	MED21	c29
1.38810034268455e-07	0.309685021366266	0.242	0.139	0.00467706529464133	SLC41A3	c29
1.39623726360446e-07	1.50705716922898	0.044	0.014	0.00470448183598888	B3GNT9	c29
1.40127515594139e-07	0.331052693944595	0.238	0.136	0.00472145651042893	NUDT2	c29
1.4064284027554e-07	0.301339108787188	0.268	0.157	0.00473881986024406	STX4	c29
1.41148528583655e-07	0.245247383340591	0.466	0.298	0.00475585852209767	PRPF6	c29
1.41910843333215e-07	1.50322712496736	0.037	0.011	0.00478154395526936	PHLPP1	c29
1.44196636336064e-07	0.326899133323772	0.315	0.191	0.00485856146470735	WDR74	c29
1.46046391315232e-07	0.336121834808966	0.145	0.072	0.00492088710897541	RUBCN	c29
1.47570213991276e-07	0.339451505286897	0.31	0.186	0.00497223079022204	LARS	c29
1.48829554625285e-07	0.610361249729315	0.138	0.069	0.00501466301354436	PGAP2	c29
1.49247504201001e-07	0.385378062825997	0.193	0.105	0.00502874540654854	LINC00998	c29
1.49478014902617e-07	0.427175048531328	0.189	0.103	0.00503651223412878	CPSF2	c29
1.52067559487031e-07	0.317297968199447	0.259	0.151	0.00512376434935603	ARCN1	c29
1.5256532922024e-07	0.46240747245199	0.138	0.068	0.00514053620274676	GPR89A	c29
1.53886501408928e-07	0.391341721510826	0.175	0.093	0.00518505177847243	THUMPD3	c29
1.55435936795564e-07	0.457351229153077	0.142	0.071	0.00523725845438972	STRN	c29
1.56034591203648e-07	0.229700798048627	0.862	0.67	0.00525742951601571	NDUFB11	c29
1.56210281293884e-07	0.931334976484953	0.065	0.025	0.00526334921791613	ZNF785	c29
1.5652254075441e-07	1.08346184552611	0.042	0.013	0.0052738704881791	MIR4458HG	c29
1.56891817420803e-07	0.386197723997197	0.219	0.123	0.00528631289617654	GLRX5	c29
1.56936688534794e-07	0.78807201386062	0.082	0.034	0.00528782478349136	RARG	c29
1.57408308792572e-07	0.336611250129524	0.193	0.105	0.00530371555645694	IPO5	c29
1.58231842466056e-07	0.288804270700862	0.503	0.328	0.00533146370005128	SH3BP1	c29
1.5919854954235e-07	0.754673097361701	0.105	0.048	0.00536403592827993	FXYD2	c29
1.61383507684754e-07	0.303247042673518	0.296	0.176	0.00543765590793011	ACTR10	c29
1.61589330963024e-07	0.704011580359104	0.124	0.06	0.00544459091746814	SLC25A53	c29
1.62860472213972e-07	0.228687613736112	0.338	0.206	0.00548742075077758	SECISBP2L	c29
1.64101599343767e-07	0.706403338384246	0.103	0.046	0.00552923928828889	SLC25A4	c29
1.64544297464802e-07	0.492955434252229	0.145	0.073	0.00554415555877905	GDAP2	c29
1.67660602267989e-07	0.552345642316586	0.133	0.065	0.00564915633281761	FAM188A	c29
1.67841831127713e-07	0.418712765591638	0.198	0.11	0.00565526265801717	TRPS1	c29
1.68574802649416e-07	0.716670927089278	0.075	0.03	0.00567995940046942	WDR4	c29
1.69352950027349e-07	0.574757444268315	0.103	0.046	0.00570617829822151	ZNF71	c29
1.71039130118763e-07	0.288351179910951	0.648	0.462	0.00576299245022159	PNRC2	c29
1.72239450591459e-07	0.350182094999189	0.182	0.097	0.0058034360482286	PIGB	c29
1.72279000848194e-07	2.71182188415972	0.012	0.001	0.00580476865457904	SLC37A2	c29
1.72424166237513e-07	0.382292241316819	0.186	0.101	0.00580965985720677	PHF23	c29
1.725956376165e-07	2.68907348421298	0.012	0.001	0.00581543741385035	RP11-42I10.1	c29
1.72669068280947e-07	0.197990796773258	0.408	0.252	0.00581791158665822	CHCHD5	c29
1.73031951659068e-07	0.296874963631988	0.224	0.126	0.00583013857920065	ATXN3	c29
1.73482685281113e-07	0.267295286783493	0.646	0.443	0.00584532559786182	JAK3	c29
1.73743234658671e-07	0.195685274283624	0.42	0.259	0.00585410454858926	GTF2F1	c29
1.73903179152219e-07	0.612893749809199	0.147	0.075	0.00585949371835488	SFXN4	c29
1.74237191505532e-07	0.605348049408398	0.096	0.042	0.00587074793058741	SPATA2L	c29
1.74603638945895e-07	0.293988625735065	0.189	0.102	0.00588309501064298	CMTR1	c29
1.76025791620095e-07	0.552712566281878	0.159	0.083	0.00593101302284747	SCAMP4	c29
1.77105362323458e-07	0.259988633312762	0.256	0.148	0.0059673880781266	SIRT2	c29
1.7765190411024e-07	0.582821300355245	0.156	0.082	0.00598580325709042	FCHSD2	c29
1.78000449616296e-07	0.626520777446787	0.086	0.037	0.00599754714937146	NEMP1	c29
1.78473915608506e-07	0.310218026577539	0.175	0.092	0.00601350011251302	GGT7	c29
1.80873967860853e-07	1.10535928536754	0.051	0.017	0.00609436747310359	PER2	c29
1.82763004817724e-07	0.434608032472002	0.175	0.093	0.00615801668432839	MKRN2	c29
1.83523466317633e-07	2.12620806660821	0.021	0.004	0.00618363967410632	RP11-624C23.1	c29
1.85051125356194e-07	0.371987487851871	0.159	0.082	0.0062351126177516	RIOK2	c29
1.85348149103168e-07	0.331647928421785	0.441	0.283	0.00624512053588214	DCTN2	c29
1.87129854609064e-07	0.381175754291571	0.219	0.125	0.00630515332119781	BLVRA	c29
1.87818290444132e-07	0.644167734703052	0.119	0.057	0.00632834947822458	EFTUD1	c29
1.90508938004484e-07	0.378183535661193	0.205	0.115	0.00641900815712308	SLC25A32	c29
1.9066075471468e-07	0.419404761723915	0.242	0.141	0.00642412346935642	CDK9	c29
1.90861007004266e-07	1.01211797007995	0.061	0.022	0.00643087077000173	LINC01006	c29
1.91880185637875e-07	0.616764752379076	0.112	0.052	0.00646521097488255	POLR3H	c29
1.94447184191859e-07	0.22861477290619	0.41	0.262	0.00655170342416048	ZNF638	c29
1.94473689787928e-07	0.399868903148475	0.142	0.071	0.00655259650371446	ZBED5-AS1	c29
1.96131662441317e-07	1.68759934118434	0.026	0.006	0.00660846023429775	RP11-22N19.2	c29
1.97383301548661e-07	0.28048369304792	0.226	0.127	0.00665063296238057	RAE1	c29
1.98328572631773e-07	0.327760352770701	0.233	0.132	0.00668248292625497	FAM172A	c29
2.00011709717959e-07	0.368744891170982	0.191	0.104	0.00673919454723691	MSRA	c29
2.00090274209878e-07	0.449695578016999	0.21	0.118	0.00674184169922764	RCE1	c29
2.04179669769547e-07	0.364112174141925	0.389	0.25	0.00687962979321513	METAP2	c29
2.04712367195513e-07	1.0489241104383	0.049	0.016	0.00689757850028561	AIFM2	c29
2.05306418155702e-07	0.249752223278654	0.904	0.75	0.00691759445333821	PTGES3	c29
2.06627221377476e-07	1.38133242106827	0.061	0.023	0.00696209759709269	CBR3	c29
2.06995159514218e-07	0.52739227936216	0.147	0.075	0.00697449490467208	GPN2	c29
2.11504631656051e-07	0.649345253046461	0.093	0.041	0.00712643705901899	AGO1	c29
2.12876230783406e-07	0.264856818531735	0.263	0.153	0.00717265172001608	COMMD10	c29
2.14107953552196e-07	0.500092284581546	0.145	0.073	0.00721415338698769	CEP170	c29
2.14429768260838e-07	0.296740933356409	0.14	0.07	0.00722499661178068	JMJD4	c29
2.14460279292641e-07	0.222065293956561	0.42	0.268	0.00722602465048624	TMED5	c29
2.14752158890238e-07	0.795883000718275	0.077	0.031	0.0072358592416477	GATB	c29
2.15561946754281e-07	0.591811617093427	0.084	0.035	0.00726314423393874	HIGD1A	c29
2.15584275693926e-07	0.255525523454756	0.38	0.238	0.00726389658523114	RBM6	c29
2.15745388444929e-07	0.359581578383906	0.259	0.151	0.00726932511826343	SFT2D2	c29
2.18483650917696e-07	0.283213902957343	0.378	0.237	0.00736158813402087	YIPF5	c29
2.18610680604267e-07	1.82320909703511	0.023	0.005	0.00736586827228017	EVC	c29
2.19773741818282e-07	0.36022556732545	0.217	0.122	0.00740505645682518	C7orf55	c29
2.28260269238697e-07	0.297848666148071	0.159	0.082	0.00769100151172867	UBR7	c29
2.28839432170344e-07	0.5149137781162	0.175	0.095	0.00771051582754756	HMG20A	c29
2.2979921009409e-07	0.36710977892209	0.226	0.129	0.00774285458491026	MRPL39	c29
2.31641669012137e-07	0.514603319306881	0.117	0.055	0.00780493439569493	NFS1	c29
2.32959289250437e-07	0.60419724511305	0.091	0.04	0.00784933029200424	SDCCAG3	c29
2.33602608900254e-07	0.25592070865472	0.347	0.212	0.00787100630428515	IDH3B	c29
2.33857349937737e-07	0.235887104785778	0.501	0.328	0.0078795895488021	SNRPN	c29
2.38853796592663e-07	0.571966701073807	0.133	0.067	0.00804793982239318	SRGAP3	c29
2.3983398791681e-07	1.54847656745975	0.028	0.007	0.00808096638886901	SELP	c29
2.40343134486601e-07	0.320695070592274	0.198	0.109	0.00809812157339153	SDHAF2	c29
2.40424465471209e-07	0.242760010254048	0.438	0.277	0.00810086193958692	MPLKIP	c29
2.40949981612827e-07	1.18316228539983	0.042	0.013	0.00811856868046259	AP003774.1	c29
2.42256584586771e-07	0.275500691345282	0.62	0.442	0.00816259336106667	ARHGAP9	c29
2.4311573818439e-07	0.318904876364762	0.152	0.078	0.00819154168238485	ATG7	c29
2.43316698023969e-07	0.226930375055	0.317	0.19	0.0081983128232196	SLC35C2	c29
2.45226980410614e-07	0.208812850129104	0.678	0.461	0.00826267787795522	CAST	c29
2.50045196007732e-07	1.6827231441926	0.033	0.009	0.00842502283428452	RP11-611O2.5	c29
2.50284288797804e-07	1.12492980661196	0.051	0.018	0.0084330788267532	TMEM121	c29
2.54044263568276e-07	1.0795767349041	0.058	0.021	0.00855976741666948	GCC2-AS1	c29
2.57933066484655e-07	0.635955778725412	0.107	0.05	0.00869079674213396	TMCO4	c29
2.60644500902592e-07	0.274486574386123	0.678	0.471	0.00878215581341192	VAPA	c29
2.66401011839926e-07	0.403904941772194	0.124	0.06	0.00897611569293446	FAM210A	c29
2.67286979104463e-07	1.73076347081664	0.03	0.008	0.00900596747394579	RP11-178C3.2	c29
2.67652915527837e-07	0.250398479076589	0.389	0.244	0.00901829733579494	TMBIM1	c29
2.68602241560382e-07	0.920514077895879	0.065	0.025	0.00905028392713552	NOL6	c29
2.72025231331076e-07	0.510260022680331	0.086	0.037	0.00916561814446926	ZNF438	c29
2.72600508721855e-07	0.338578628142349	0.287	0.172	0.00918500154087419	ARMCX3	c29
2.72623624697592e-07	0.249892164735934	0.434	0.273	0.00918578041056065	OLA1	c29
2.74039460288746e-07	0.424148403686777	0.156	0.082	0.00923348557496899	MED24	c29
2.75920883640634e-07	0.180202246301993	0.471	0.304	0.00929687825338753	SP110	c29
2.79159650077341e-07	0.259678349628246	0.329	0.2	0.00940600524970593	RBM22	c29
2.81041240835685e-07	0.403506663837205	0.231	0.133	0.00946940356871758	RARS	c29
2.82082582541608e-07	0.472120084554305	0.126	0.062	0.00950449053615694	MED12	c29
2.85033570713292e-07	0.414061935687565	0.126	0.061	0.00960392113161368	PPP2R2D	c29
2.87029629216231e-07	0.263616115971087	0.452	0.289	0.00967117632681167	DCAF7	c29
2.87658421303266e-07	0.325590337231716	0.221	0.127	0.00969236284739224	DICER1	c29
2.91103996087765e-07	0.287694834793086	0.273	0.163	0.00980845804418115	SMARCA4	c29
2.92479513555632e-07	0.281110502160782	0.587	0.397	0.00985480472974347	C7orf73	c29
2.92621608759717e-07	0.431283966745857	0.161	0.085	0.00985959248554989	AUH	c29
2.93209689734888e-07	0.883243759067905	0.068	0.026	0.00987940728592733	KCNK5	c29
2.95581324529078e-07	0.275765001297439	0.249	0.146	0.00995931714868276	CFAP20	c29
2.96001385302404e-07	0.953637912726834	0.082	0.035	0.0099734706763792	IFNGR2	c29
3.00551909314405e-07	0.301852062064762	0.296	0.18	0.0101267960324396	EFR3A	c29
3.01329023665169e-07	0.213623101129137	0.268	0.158	0.0101529801233742	CARS	c29
3.01882291275242e-07	0.283981401386097	0.231	0.132	0.010171621922228	DYNC1LI2	c29
3.02498940972198e-07	0.274222299235041	0.487	0.328	0.0101923993171173	GOLGA4	c29
3.02821664240561e-07	0.2110388535609	0.287	0.169	0.0102032731549215	EXOSC3	c29
3.02976617195074e-07	1.00758573871471	0.051	0.018	0.0102084941397708	VANGL1	c29
3.03505732995687e-07	0.502930627992102	0.159	0.084	0.0102263221675567	RAD9A	c29
3.07995486484514e-07	0.515973250396008	0.17	0.092	0.0103775999216092	ORC2	c29
3.10389930835901e-07	0.235297857819103	0.466	0.299	0.0104582783295849	URM1	c29
3.13808930797531e-07	1.87827617107196	0.021	0.004	0.010573478114292	RP11-1299A16.3	c29
3.1587575737138e-07	0.338376587375803	0.172	0.092	0.0106431177688713	ALG2	c29
3.16434407116798e-07	0.587563766440215	0.098	0.044	0.0106619409133934	ZNF563	c29
3.17805243271254e-07	0.320512819858347	0.238	0.137	0.0107081298667816	EMC2	c29
3.18611202242531e-07	0.243398027253325	0.485	0.316	0.0107352858483598	PAFAH1B1	c29
3.20292516946477e-07	0.425481753284847	0.156	0.082	0.0107919360659946	BTBD10	c29
3.21663135256567e-07	0.489221544272911	0.156	0.083	0.0108381176793348	STXBP3	c29
3.2671944583884e-07	0.333942532706453	0.245	0.142	0.0110084850080939	MRPL2	c29
3.2759121694515e-07	1.6725421942907	0.03	0.008	0.0110378584637499	NEK10	c29
3.30085216960932e-07	0.220717337676062	0.881	0.72	0.0111218913002817	USMG5	c29
3.31941538025063e-07	0.270602164094928	0.219	0.124	0.0111844381822165	CISD1	c29
3.33627804924015e-07	0.348274058922861	0.172	0.092	0.0112412552591098	KIF3A	c29
3.35171779012915e-07	0.259356725335821	0.413	0.262	0.0112932779220612	COPS5	c29
3.36498001887505e-07	1.09831242980656	0.058	0.022	0.0113379636755976	CPA5	c29
3.38412005438308e-07	0.297908168210583	0.559	0.383	0.0114024541112383	U2SURP	c29
3.39199850047047e-07	0.52532313782206	0.161	0.086	0.0114289997474852	ING3	c29
3.39661682233831e-07	0.56127054513137	0.14	0.071	0.0114445607211867	MCEE	c29
3.42598215843627e-07	0.198821266927782	0.301	0.18	0.0115435042846352	ACSL5	c29
3.44171544045148e-07	0.49979105716907	0.138	0.07	0.0115965160050572	NRF1	c29
3.49394303901364e-07	0.245124037090124	0.382	0.24	0.0117724916756525	NARF	c29
3.50611541151205e-07	0.333037536322969	0.254	0.149	0.0118135052675487	SCOC	c29
3.52279688740666e-07	0.287068749212716	0.266	0.155	0.011869711832428	RAB35	c29
3.52578667302313e-07	0.260743663431262	0.275	0.162	0.0118797856160841	PAF1	c29
3.53662541459921e-07	0.458296427504434	0.117	0.056	0.0119163056719506	RMND1	c29
3.56436286660195e-07	0.937899177475625	0.061	0.023	0.0120097642427286	PPAN	c29
3.58382087822349e-07	0.627179802433811	0.119	0.058	0.0120753260670862	RNF185	c29
3.60286075189905e-07	0.238539170181219	0.485	0.318	0.0121394790174486	STAT4	c29
3.60689792064564e-07	0.273556821166253	0.245	0.143	0.0121530818538234	PTCD3	c29
3.63328898850623e-07	0.68644218476763	0.096	0.043	0.0122420039178729	TIRAP	c29
3.64637003622254e-07	0.484378722445139	0.207	0.119	0.0122860792000482	RAD51C	c29
3.64693588947577e-07	0.195763902820006	0.862	0.789	0.0122879857859996	RPS10	c29
3.66228389870082e-07	0.642945185039203	0.124	0.061	0.0123396993682825	CLK2	c29
3.66682495282311e-07	0.4519461931997	0.098	0.044	0.0123549999960422	RDH13	c29
3.68627128255815e-07	0.629965905065572	0.079	0.033	0.0124205224594514	DVL3	c29
3.68821054866407e-07	0.240174710705998	0.385	0.241	0.0124270566226687	TSR2	c29
3.71020070029112e-07	1.09910780847207	0.047	0.015	0.0125011502395609	FAAP24	c29
3.71860198093385e-07	0.450014868923244	0.145	0.074	0.0125294575145585	RABGAP1	c29
3.72963935668737e-07	0.276573480906937	0.308	0.185	0.0125666468484224	KLHDC3	c29
3.7324251972869e-07	0.642714998096439	0.105	0.049	0.0125760334597385	ZNF174	c29
3.76256230916901e-07	0.411765897861296	0.186	0.103	0.0126775774445141	BRI3	c29
3.77039274117835e-07	1.43509072102631	0.033	0.009	0.0127039613021263	FCHO2	c29
3.77445328430433e-07	1.1836950603368	0.03	0.008	0.012717642896135	SLC30A3	c29
3.77907290840639e-07	2.23341438639369	0.023	0.005	0.0127332082575845	TUBA3D	c29
3.77962370317701e-07	0.259061754120225	0.762	0.566	0.0127350641054846	ATP5H	c29
3.79611757109012e-07	0.343877403649539	0.196	0.109	0.012790638544031	DCAF6	c29
3.81261940598448e-07	0.169556661781973	0.166	0.087	0.0128462398265241	PPTC7	c29
3.81783155258252e-07	0.337438489056971	0.186	0.103	0.0128638016332716	EXOG	c29
3.83196420263228e-07	2.71982021553605	0.014	0.002	0.0129114201843492	RP11-655C2.3	c29
3.84078910535225e-07	0.325729161630193	0.168	0.09	0.0129411548115739	ZC3H14	c29
3.88251619606297e-07	0.291379381081117	0.198	0.11	0.0130817500710146	FNIP1	c29
3.89713925644955e-07	0.278048051163473	0.2	0.111	0.0131310210106811	NSMCE2	c29
3.93403533755821e-07	0.386519550808463	0.182	0.099	0.0132553386663686	PCGF1	c29
3.93948383637149e-07	0.400551893717069	0.159	0.083	0.0132736968382701	TRIP4	c29
3.94178225441874e-07	0.883038671735081	0.056	0.02	0.0132814411280385	HYLS1	c29
3.96934017126374e-07	0.410587393466563	0.168	0.09	0.013374294773056	KCTD5	c29
3.99269615243972e-07	0.243029021322053	0.573	0.387	0.0134529904160304	CNOT7	c29
4.05726677569805e-07	0.570634324812276	0.084	0.036	0.013670554674037	PCCA	c29
4.10755557993491e-07	0.550721632079694	0.163	0.09	0.0138399977710327	EGR1	c29
4.11760876610024e-07	0.326308353100743	0.166	0.088	0.0138738709764981	BORCS7	c29
4.1243556740065e-07	0.522019649443834	0.103	0.047	0.0138966040079975	WDR3	c29
4.15495146050627e-07	0.447069098275477	0.121	0.059	0.0139996934510298	RCOR1	c29
4.15987403692458e-07	0.358541455547689	0.121	0.059	0.0140162795800137	ALDOC	c29
4.17311473749386e-07	0.441003634385368	0.142	0.073	0.0140608927965118	AKAP8	c29
4.2048507781355e-07	0.525352082608648	0.138	0.07	0.0141678242118498	MCM7	c29
4.20808237314705e-07	0.375589376645229	0.161	0.085	0.0141787127480817	FTSJ2	c29
4.22165355106106e-07	0.276547039293994	0.697	0.501	0.0142244394749451	ARID4B	c29
4.28469293480606e-07	0.330933497239477	0.168	0.09	0.0144368443745355	TMEM5	c29
4.29434776764124e-07	0.525699132229422	0.124	0.061	0.0144693753682904	COPG2	c29
4.30109619934722e-07	0.260015910857189	0.69	0.496	0.0144921135340805	FNBP1	c29
4.31562131920651e-07	0.211434505467897	0.361	0.224	0.0145410544729344	GPBP1L1	c29
4.32659450170386e-07	0.819778820649992	0.103	0.048	0.014578027514041	KCTD10	c29
4.33215613533384e-07	0.536606511384587	0.103	0.047	0.0145967668823939	BRF2	c29
4.34868950416358e-07	0.566755312284815	0.089	0.039	0.0146524744153288	ZFYVE1	c29
4.4284243834694e-07	0.497437260942738	0.11	0.052	0.0149211331176618	FEM1A	c29
4.430897899576e-07	1.10571851610981	0.061	0.023	0.0149294673828314	TMEM53	c29
4.43331283023326e-07	0.724748915902497	0.1	0.046	0.014937604250188	POLA2	c29
4.44099120739385e-07	1.46838640109255	0.033	0.009	0.0149634757741928	RP5-940J5.9	c29
4.44571568440035e-07	1.04227320101436	0.042	0.013	0.0149793944270185	FAM131A	c29
4.45390624767332e-07	0.813739039748161	0.065	0.025	0.0150069917109105	NACC1	c29
4.54111941745243e-07	0.238075621076215	0.238	0.137	0.0153008477651642	HACD3	c29
4.54657856448279e-07	1.37950002241579	0.04	0.012	0.0153192418151683	SUMO4	c29
4.5659882797186e-07	0.615755601456208	0.107	0.051	0.0153846409096838	DLAT	c29
4.60206655781876e-07	0.311709011729012	0.24	0.14	0.0155062030599145	STAT5B	c29
4.6069829464847e-07	0.166587944531517	0.434	0.272	0.0155227683398856	RUNX3	c29
4.61081039204111e-07	0.164742943696773	0.758	0.581	0.0155356645349433	NR3C1	c29
4.63171962175417e-07	0.260146630382395	0.347	0.217	0.0156061160935385	SCNM1	c29
4.63393271892321e-07	0.632736039246628	0.105	0.049	0.0156135729031399	SLC35C1	c29
4.64014569221971e-07	0.329228426758536	0.161	0.085	0.0156345068953651	RNF2	c29
4.6435668771047e-07	0.993067006933733	0.056	0.02	0.0156460342357166	ALG10	c29
4.71575364382008e-07	0.277204818080385	0.284	0.174	0.0158892603274874	CLSTN3	c29
4.71921933415005e-07	0.265189696775423	0.636	0.448	0.0159009376244852	DDX18	c29
4.77303768890397e-07	0.216912875250272	0.427	0.273	0.0160822731889931	MITD1	c29
4.80314010911223e-07	0.470646963390381	0.126	0.063	0.0161837002836427	NSUN3	c29
4.83296574468967e-07	0.230443646740776	0.476	0.312	0.0162841947801574	MTCH1	c29
4.8996418728125e-07	0.495059470177704	0.14	0.072	0.0165088533262544	SMC2	c29
4.90567446030974e-07	0.210510760059188	0.326	0.2	0.0165291795265677	TCERG1	c29
4.94757843229734e-07	0.361001821010972	0.305	0.189	0.0166703707697827	N4BP2L1	c29
4.9537810743784e-07	0.255386252240879	0.266	0.158	0.0166912699520106	GTF2F2	c29
4.98172827360865e-07	0.346385186215862	0.399	0.261	0.016785435245097	IDI1	c29
5.02123579386262e-07	0.574606656067779	0.098	0.045	0.0169185518838407	ACOT4	c29
5.04588346106828e-07	0.2772275182848	0.228	0.132	0.0170015997337235	POLK	c29
5.08287867752818e-07	0.157588506959088	0.566	0.365	0.0171262514160635	RTN4	c29
5.10939355503724e-07	0.464936719046931	0.205	0.118	0.0172155906443425	TESC	c29
5.13713069925539e-07	0.422010604973948	0.138	0.07	0.0173090481780711	THUMPD2	c29
5.14034286582884e-07	0.589445916520552	0.107	0.051	0.0173198712521237	WIPI1	c29
5.14833483644028e-07	0.24076948068247	0.543	0.374	0.0173467993979019	WASF2	c29
5.1745447859732e-07	0.420208639345763	0.438	0.294	0.0174351112018581	UGP2	c29
5.18730849118284e-07	0.693988203033862	0.093	0.042	0.0174781172301915	HLCS	c29
5.19068748487706e-07	0.249908253877075	0.396	0.254	0.0174895024115448	H2AFJ	c29
5.19329775067857e-07	0.669679296487476	0.077	0.032	0.0174982974411364	KTI12	c29
5.26439768723794e-07	0.218291672690168	0.319	0.195	0.0177378615673795	UNC13D	c29
5.2774381220908e-07	2.93157513806246	0.012	0.002	0.0177818000085727	HES4	c29
5.35835528386172e-07	0.8200314856476	0.072	0.03	0.0180544422934437	CCDC125	c29
5.42642013806071e-07	0.343282494554365	0.214	0.123	0.0182837800131817	TM7SF3	c29
5.44372810016183e-07	0.438704888435776	0.175	0.096	0.0183420974606853	DLGAP4	c29
5.44917865136033e-07	0.231671450880271	0.562	0.383	0.0183604625478935	TGOLN2	c29
5.45266685597572e-07	0.466518458975956	0.147	0.077	0.0183722157045246	NOL10	c29
5.48074729739853e-07	0.52780198352521	0.119	0.058	0.0184668299438546	ACAD8	c29
5.5036213248104e-07	0.665525988669326	0.075	0.031	0.0185439016918162	ZMYM6	c29
5.51278417236856e-07	0.246389639843813	0.263	0.157	0.0185747749903786	SUPT6H	c29
5.52614805128131e-07	0.374081015050855	0.14	0.072	0.0186198032439873	ATF7	c29
5.5378704853146e-07	0.146578280262504	0.352	0.213	0.018659300813219	ASCC2	c29
5.5394713611373e-07	0.263476357864808	0.779	0.568	0.018664694804216	SNX3	c29
5.54052546308534e-07	0.366406152747466	0.172	0.094	0.0186682464953197	MTG2	c29
5.54213230500543e-07	0.447756468279506	0.487	0.337	0.0186736605884853	NFKBIZ	c29
5.54356168504195e-07	0.2327035525374	0.263	0.155	0.0186784767415803	ALKBH6	c29
5.57072090077476e-07	1.1330925296133	0.044	0.014	0.0187699870030705	RP11-98D18.3	c29
5.60982469672661e-07	0.45151261796113	0.11	0.052	0.0189017433331506	HMGCR	c29
5.61229017859228e-07	2.33884285325272	0.047	0.016	0.0189100505277488	LGMN	c29
5.63193621956884e-07	0.440336339999339	0.126	0.062	0.0189762458982152	RPP14	c29
5.73907262647785e-07	0.374850927752511	0.191	0.107	0.0193372313076545	RNF6	c29
5.86566009258835e-07	0.275495372473471	0.816	0.668	0.0197637551159672	SRSF2	c29
5.8692979446381e-07	0.330593455717704	0.298	0.185	0.0197760124946636	UVRAG	c29
5.8764458063395e-07	1.07152430593924	0.07	0.029	0.0198000964998803	AFAP1L2	c29
5.91076586293671e-07	0.272903055305147	0.413	0.266	0.0199157344985789	UBE2V2	c29
5.93705028877976e-07	0.223569280789081	0.396	0.25	0.0200042972430145	INO80E	c29
5.993298216984e-07	0.568791461322019	0.128	0.065	0.0201938190123059	UAP1	c29
5.9946827402632e-07	0.364420720658132	0.198	0.113	0.0201984840250428	METTL14	c29
5.999914738999e-07	0.374699312985551	0.179	0.099	0.0202161127215832	CRNKL1	c29
6.00609152359106e-07	1.05624721825138	0.04	0.012	0.0202369247795877	RP11-575L7.8	c29
6.01915501790317e-07	0.29241013910958	0.329	0.207	0.020280940917323	NUP98	c29
6.12820184407727e-07	0.165690364958682	0.231	0.132	0.020648363293434	RFWD2	c29
6.15229033169263e-07	0.257966220837972	0.298	0.18	0.0207295270436051	CPSF7	c29
6.29770366267567e-07	0.377702667623046	0.149	0.078	0.0212194827210194	PIAS3	c29
6.3740242126402e-07	0.442820294222352	0.112	0.054	0.0214766371820699	GCC1	c29
6.4086556367456e-07	0.177278091642677	0.308	0.185	0.0215933243024506	NBN	c29
6.4797721502056e-07	0.333770462035873	0.198	0.112	0.0218329442829028	SYMPK	c29
6.51628787371014e-07	0.41297805737302	0.273	0.169	0.0219559803616789	TMEM140	c29
6.56634093980535e-07	2.04100300178633	0.021	0.004	0.0221246291625801	CEBPA	c29
6.57018386677052e-07	0.13388018116694	0.312	0.187	0.0221375775206966	TRIM4	c29
6.6081466050609e-07	0.240305264456715	0.408	0.266	0.0222654891710922	PHF14	c29
6.6089341548566e-07	0.548395145933062	0.1	0.047	0.0222681427413738	TMCO3	c29
6.6565176734181e-07	0.573167488565822	0.103	0.048	0.0224284706488149	GDPD5	c29
6.65940530279183e-07	0.191782417175796	0.247	0.144	0.0224382002272268	ATF2	c29
6.67876232467208e-07	0.229692015514474	0.357	0.224	0.0225034217767501	UBLCP1	c29
6.73081046725056e-07	0.275424794601622	0.333	0.211	0.022678792788354	PHF20L1	c29
6.7317803075339e-07	0.293052386353879	0.261	0.157	0.0226820605682047	KDM5C	c29
6.74850418871744e-07	0.261915476000362	0.476	0.316	0.0227384100134645	MGAT1	c29
6.7926461196e-07	0.174131621016852	0.249	0.145	0.0228871418353802	GCH1	c29
6.83336456866608e-07	0.238083566323723	0.268	0.16	0.0230243385776635	LRPPRC	c29
6.83799531431504e-07	1.22511918552911	0.037	0.011	0.0230399414120531	IFI30	c29
6.89383816902703e-07	0.728877494381565	0.082	0.035	0.0232280983267197	TCF3	c29
7.04757565913282e-07	0.546833547744864	0.112	0.055	0.0237461014258821	TRAV16	c29
7.14615087344906e-07	0.227424263762631	0.301	0.183	0.0240782407529993	PPP2R5E	c29
7.22154579294615e-07	0.336712470201888	0.159	0.084	0.0243322763947528	SNX12	c29
7.25779645854768e-07	0.140422122743064	0.277	0.164	0.0244544193874306	URI1	c29
7.26647272291486e-07	0.236965272269107	0.247	0.145	0.0244836531925893	GAK	c29
7.35031307328475e-07	0.742307267931794	0.077	0.033	0.0247661448691256	LZTFL1	c29
7.36055393351643e-07	0.248917469963337	0.159	0.084	0.0248006504235903	PACSIN2	c29
7.418557530039e-07	0.901647105152191	0.049	0.017	0.0249960877417134	DOLK	c29
7.57595308727096e-07	2.72299054387673	0.012	0.002	0.0255264163322508	AC068196.1	c29
7.58657157761518e-07	1.33981055309117	0.03	0.008	0.0255621942736166	WWTR1	c29
7.58863630014723e-07	2.61113421406858	0.012	0.002	0.0255691511497161	SEPP1	c29
7.62829320563353e-07	0.319456590659565	0.27	0.164	0.0257027711270616	IARS2	c29
7.66800306893283e-07	0.234530002434545	0.527	0.357	0.0258365695404623	SPTAN1	c29
7.72657545521964e-07	1.10064042597265	0.044	0.015	0.0260339233388171	RPP40	c29
7.77237280654958e-07	0.382515368146719	0.119	0.058	0.0261882329343881	RAD51D	c29
8.10548768851939e-07	0.381928628417072	0.224	0.131	0.0273106302176972	PIGS	c29
8.12055895565294e-07	0.261094691330282	0.191	0.106	0.027361411345177	IMMP1L	c29
8.15110310864241e-07	0.155003759925164	0.382	0.238	0.0274643268142597	SAFB	c29
8.22440839295535e-07	0.212535389957249	0.438	0.279	0.0277113216392238	FAM50A	c29
8.380922134696e-07	0.109614760490076	0.266	0.157	0.0282386790406447	NSRP1	c29
8.39751327441967e-07	0.542703372162828	0.117	0.058	0.0282945812268296	MAML1	c29
8.41409097655837e-07	0.240506156607691	0.268	0.159	0.0283504381364158	MRPS30	c29
8.43731965173863e-07	0.3306555724567	0.142	0.074	0.0284287048345681	ZNF322	c29
8.46524939952223e-07	1.19351295128272	0.03	0.008	0.0285228113267502	MAML3	c29
8.47943182813247e-07	0.596042849318332	0.1	0.047	0.0285705976017095	ELAC1	c29
8.49268242352937e-07	0.275103475065667	0.175	0.095	0.0286152441578399	NUP133	c29
8.52738980547027e-07	0.329556404102315	0.179	0.099	0.0287321872105515	HARS2	c29
8.54609060347551e-07	0.689481316851523	0.072	0.03	0.0287951976793504	CCDC71L	c29
8.55876787974763e-07	0.470659481551593	0.152	0.081	0.0288379124940217	GLRX2	c29
8.67471459793968e-07	0.564580391610596	0.105	0.05	0.029228583366298	CHUK	c29
8.68334701275061e-07	2.49222607627581	0.014	0.002	0.0292576694247619	KDELR3	c29
8.71303379155182e-07	0.389088812209201	0.177	0.098	0.0293576960572547	ACTN1	c29
8.79653442861814e-07	1.5220268709831	0.035	0.01	0.0296390431037859	UCP3	c29
8.83112381567489e-07	0.311611740682466	0.296	0.183	0.029755588584535	MKKS	c29
8.91485305358034e-07	0.341702836036005	0.172	0.095	0.0300377058787336	RUFY1	c29
9.04147422747609e-07	0.386192181362204	0.166	0.09	0.0304643432620579	UBE2H	c29
9.06995041856094e-07	0.321042019376466	0.142	0.074	0.0305602909402992	PGAP3	c29
9.08638952394899e-07	0.579668618519654	0.093	0.043	0.0306156808619937	C9orf172	c29
9.10046676681962e-07	0.398382291243355	0.159	0.086	0.030663112724122	RGP1	c29
9.18283446880328e-07	0.374648574924185	0.179	0.099	0.0309406424591858	C2orf74	c29
9.21469895136434e-07	0.357563889391463	0.168	0.091	0.031048006646727	DDX1	c29
9.21681653161293e-07	0.212382054315037	0.394	0.247	0.0310551416216166	PRPS1	c29
9.30405844430364e-07	0.300895455226002	0.354	0.225	0.0313490945222367	DNPEP	c29
9.30543588270446e-07	0.706164273190144	0.061	0.023	0.0313537356631844	GSTM4	c29
9.33040423962407e-07	0.400245349236449	0.238	0.141	0.0314378640449893	LRRC47	c29
9.3951145247988e-07	0.472819390007879	0.112	0.054	0.0316558988798571	ATPAF2	c29
9.52367335269898e-07	0.638280943246679	0.091	0.041	0.032089064994584	YTHDF1	c29
9.53649298514224e-07	0.205358760678262	0.373	0.234	0.0321322594641383	GTF2H5	c29
9.54371330383952e-07	0.472555809968462	0.117	0.057	0.0321565876059569	ZNF211	c29
9.61516210522637e-07	0.994399817278435	0.049	0.017	0.0323973271973498	NAT1	c29
9.66555810322238e-07	0.238590585345182	0.501	0.328	0.0325671314729975	DIAPH1	c29
9.67847602544533e-07	0.208201451035285	0.448	0.287	0.0326106571201355	PLEKHJ1	c29
9.74267445718315e-07	0.131509087805469	0.221	0.127	0.0328269673160329	SLC30A7	c29
9.7974482913956e-07	0.346242237429801	0.172	0.095	0.0330115222730283	CLPX	c29
9.80166631697843e-07	0.245197018385978	0.758	0.551	0.0330257344884271	SEP15	c29
9.97141922090626e-07	0.592811225298543	0.098	0.046	0.0335976999229216	SETD4	c29
1.00078945397754e-06	0.661935001610066	0.098	0.046	0.0337205998623193	BTRC	c29
1.00141778391868e-06	0.279800567760897	0.786	0.656	0.0337417708113561	CRIP1	c29
1.00598480027765e-06	0.703783694256716	0.1	0.047	0.0338956518605552	TUBB2A	c29
1.00857498087544e-06	0.216564789343457	0.186	0.104	0.0339829254056172	MTA1	c29
1.02042492116211e-06	0.208422315869645	0.448	0.289	0.0343821972936362	HSF1	c29
1.02508932249616e-06	0.363566225861609	0.193	0.11	0.0345393596321858	TMEM69	c29
1.027319562408e-06	0.335524952511531	0.483	0.332	0.0346145053357753	APEX1	c29
1.02941611272105e-06	0.293746652603182	0.641	0.468	0.0346851465020232	ATRX	c29
1.03412141390767e-06	1.39985092062846	0.037	0.011	0.0348436869202049	PIGW	c29
1.04815472341472e-06	0.738893935871939	0.063	0.025	0.0353165252507357	CEP131	c29
1.04879802876962e-06	0.802042277354852	0.079	0.035	0.0353382007813637	CCR1	c29
1.0706103937134e-06	0.686690005032041	0.072	0.03	0.0360731466057793	TMEM106A	c29
1.07261261726105e-06	0.244520539278468	0.193	0.109	0.0361406095259937	PDLIM5	c29
1.07263722864873e-06	0.195237566774118	0.515	0.338	0.0361414387820904	ANAPC5	c29
1.07431720213203e-06	0.240718577130711	0.191	0.107	0.0361980438086365	NMD3	c29
1.08654770680229e-06	0.278344506874049	0.312	0.195	0.0366101384329962	USP34	c29
1.08822511383628e-06	0.358015455393286	0.233	0.139	0.0366666569855996	COPS4	c29
1.09885269719218e-06	0.173422858388436	0.371	0.231	0.0370247427791934	PPIE	c29
1.10645944380533e-06	0.349315191243116	0.091	0.041	0.0372810444995768	EIF2AK3	c29
1.10995745608891e-06	0.259761882085812	0.172	0.094	0.0373989065254597	NTPCR	c29
1.11647267447913e-06	0.18415221422877	0.524	0.335	0.0376184302938997	LSM4	c29
1.11997842926251e-06	0.325926753011389	0.196	0.112	0.0377365531955712	AGPAT1	c29
1.12230836913454e-06	0.167754444353976	0.315	0.194	0.0378150581896191	SLC38A2	c29
1.14061239587897e-06	0.239452164890111	0.429	0.276	0.0384317940667459	CCDC90B	c29
1.14077076712479e-06	0.257511585930277	0.38	0.243	0.0384371302275027	DDX50	c29
1.14167174962869e-06	1.61355784549256	0.023	0.005	0.0384674879319891	SAMD4A	c29
1.16086728885141e-06	0.159624956321438	0.529	0.343	0.0391142624305594	SSR1	c29
1.16375919928438e-06	0.221703437729472	0.303	0.186	0.0392117024606877	CXorf38	c29
1.16558442269356e-06	0.225127347019558	0.319	0.197	0.0392732015382369	BLCAP	c29
1.17108190540386e-06	1.43222430258545	0.054	0.02	0.0394584337206776	TRAV18	c29
1.17449590123384e-06	0.437402210189453	0.145	0.077	0.039573464896173	RMND5A	c29
1.17601161849585e-06	0.27553032447561	0.193	0.109	0.039624535473599	SLC25A24	c29
1.19079075964263e-06	1.53418397301439	0.026	0.006	0.0401225038553987	MMACHC	c29
1.20084237544733e-06	1.51982100155382	0.033	0.009	0.0404611829983224	GPR19	c29
1.20306647058514e-06	0.639166819583908	0.105	0.051	0.0405361216598957	SPAST	c29
1.20760701390865e-06	0.351539431197053	0.166	0.09	0.0406891107266382	MRS2	c29
1.21287777973197e-06	0.372719414696342	0.692	0.544	0.0408667039102889	FCMR	c29
1.22044206521361e-06	0.222175332672721	0.587	0.398	0.0411215749453075	PIN1	c29
1.22060790559551e-06	1.44496879736253	0.037	0.012	0.0411271627711351	RNF122	c29
1.23330513020999e-06	0.227984007809721	0.858	0.702	0.0415549830572953	RBM39	c29
1.24714904576537e-06	0.176005922090911	0.27	0.161	0.0420214399480182	TOR3A	c29
1.2500884780521e-06	0.233483268865574	0.592	0.401	0.0421204811794876	TWF2	c29
1.25438363973343e-06	0.20009085595391	0.263	0.156	0.0422652023571781	FTSJ1	c29
1.25844211954238e-06	0.157796233219645	0.406	0.261	0.0424019487758609	CDK5RAP3	c29
1.26348849285569e-06	0.258071243877011	0.282	0.175	0.0425719812782795	STX16	c29
1.27090740761367e-06	1.06990549544142	0.04	0.013	0.0428219541921351	RFX2	c29
1.2715954274524e-06	0.213674261285759	0.275	0.167	0.0428451363325811	ATXN1	c29
1.2778968417438e-06	0.509882982015677	0.093	0.043	0.0430574561857156	PANK3	c29
1.27865454360073e-06	0.277688331024373	0.289	0.177	0.043082986192083	VTA1	c29
1.2834600273346e-06	0.320412914920376	0.149	0.079	0.0432449021610121	ACOT2	c29
1.28940542889892e-06	0.992956632302742	0.049	0.017	0.0434452265213202	PLOD1	c29
1.2904351470404e-06	0.232491620532248	0.352	0.224	0.0434799218443793	PJA2	c29
1.33834980718837e-06	0.374373735282597	0.179	0.101	0.0450943584034049	GUCD1	c29
1.34342237313228e-06	0.320902971505103	0.224	0.131	0.045265273440319	CDC16	c29
1.34774804830021e-06	0.204831096822723	0.79	0.577	0.0454110227394274	UBE2L6	c29
1.3555899191706e-06	0.191547857565801	0.172	0.095	0.045675246736534	E2F3	c29
1.35756667938606e-06	0.377795171280741	0.126	0.064	0.045741851695234	TJAP1	c29
1.3585953465002e-06	0.37081443374305	0.159	0.086	0.0457765116049777	GOLGA3	c29
1.37219411449089e-06	0.532109568577688	0.147	0.079	0.0462347084936561	TRIM37	c29
1.38347823466337e-06	0.183109732301272	0.238	0.139	0.0466149156387475	KPNA6	c29
1.39527270391653e-06	0.276838444592524	0.177	0.098	0.0470123184857635	VPS37A	c29
1.40385575351867e-06	0.169724312624894	0.466	0.299	0.047301515759058	METTL5	c29
1.41025042753049e-06	0.329620636557696	0.196	0.111	0.0475169779052124	ATL3	c29
1.41064696538125e-06	0.249136436223191	0.24	0.143	0.0475303388515558	ARSA	c29
1.42089304318515e-06	0.397388046651314	0.193	0.111	0.0478755701970805	ZNF585A	c29
1.42225801130409e-06	0.201445113588392	0.469	0.307	0.0479215614328801	MRPS18B	c29
1.43461994843725e-06	0.224271070091356	0.378	0.243	0.0483380845426446	PPP1R10	c29
1.44247542885331e-06	0.229284178022747	0.326	0.205	0.0486027670997834	WIPI2	c29
1.44557109029482e-06	0.371454089210035	0.161	0.088	0.0487070723163936	EIF2AK4	c29
1.44885787239162e-06	0.446550865274305	0.135	0.071	0.0488178171523632	BMI1	c29
1.45256655356025e-06	0.162331105809523	0.207	0.119	0.048942777455659	DDX39B	c29
1.45509000020156e-06	1.12458954295641	0.035	0.01	0.0490278024667912	CBWD7	c29
