p_val	avg_log2FC	pct.1	pct.2	p_val_adj	gene	seurat_clusters
0	-5.9326107559712	0.034	0.543	0	HLA-DRB1	c1
0	-4.61717330745132	0.077	0.56	0	GZMA	c1
0	-4.33240947590529	0.146	0.684	0	CCL5	c1
0	-4.08795186360434	0.148	0.654	0	CST7	c1
0	2.24208295518866	0.482	0.119	0	CMTM8	c1
0	1.91664995877115	0.55	0.153	0	TXK	c1
0	1.77499629024987	0.6	0.197	0	SERINC5	c1
0	1.7483500846022	0.708	0.277	0	PASK	c1
0	1.71591588647366	0.689	0.236	0	CD40LG	c1
0	1.62236653226395	0.83	0.377	0	CCR7	c1
0	1.54946566498015	0.912	0.49	0	SELL	c1
0	1.46511528969618	0.582	0.195	0	MAL	c1
0	-1.37064922415659	0.715	0.877	0	CLIC1	c1
0	-0.896738342853231	0.988	0.982	0	SH3BGRL3	c1
0	0.743618167366694	0.998	0.961	0	PABPC1	c1
0	0.703786628207086	1	0.994	0	TPT1	c1
0	0.703297187535198	0.999	0.986	0	RPL21	c1
0	0.693504068219357	1	0.993	0	RPS6	c1
0	0.65834315262514	0.997	0.964	0	EEF1B2	c1
0	0.656652351135442	1	0.989	0	RPL9	c1
0	0.63909745099377	1	0.995	0	RPL32	c1
0	0.63591366843812	1	0.993	0	RPL3	c1
0	0.61157933179897	1	0.995	0	RPS3A	c1
0	0.603170719235716	1	0.995	0	RPS18	c1
0	0.598978816708449	1	0.996	0	RPS8	c1
0	0.581210555156635	1	0.996	0	RPS12	c1
0	0.581080326368689	0.999	0.984	0	RPL22	c1
0	0.560230064195225	1	0.993	0	RPL39	c1
0	0.551564483439107	0.999	0.993	0	RPS13	c1
0	0.544011241983853	1	0.993	0	RPL37	c1
0	0.541542273416852	1	0.994	0	RPL34	c1
0	0.534450811605126	0.997	0.987	0	RPS9	c1
0	0.5331368978081	1	0.996	0	RPL11	c1
0	0.495244277930592	1	0.999	0	EEF1A1	c1
0	0.490634691651462	1	0.997	0	RPL13	c1
0	0.474118861180723	1	0.992	0	RPL36	c1
0	0.470548141714258	1	0.996	0	RPS27A	c1
0	0.452845293982192	1	0.994	0	RPS23	c1
0	0.449018294675789	1	0.996	0	RPL19	c1
0	0.410715955606097	1	0.996	0	RPL30	c1
1.12225046830303e-306	0.433406695342638	1	0.995	3.78131072790021e-302	RPS14	c1
4.61639642729697e-303	0.417890171236748	0.999	0.995	1.55544861221344e-298	RPS28	c1
2.26203661483815e-300	1.31731988729682	0.764	0.367	7.62170617003566e-296	TCF7	c1
6.60952081739481e-299	0.807441824909162	0.984	0.864	2.22701194421301e-294	LDHB	c1
1.83232834793613e-297	-7.87430616031703	0.02	0.477	6.173847135536e-293	NKG7	c1
2.94497733809828e-295	0.530190192711745	1	0.988	9.92280664298835e-291	RPL5	c1
2.38817274247402e-294	0.443564120159842	1	0.993	8.04670923849196e-290	RPL29	c1
2.24099441962682e-292	-1.66214771584125	0.928	0.949	7.5508065974906e-288	CD74	c1
4.99108986708417e-291	0.887623040474701	0.996	0.786	1.68169781981534e-286	IL7R	c1
2.00652501423677e-290	0.521268258109494	0.999	0.986	6.76078538296936e-286	RPS5	c1
6.16526677968419e-290	2.49096846391998	0.235	0.04	2.07732498874679e-285	ANKRD55	c1
1.04537728373883e-286	0.669350961946984	0.994	0.959	3.52229421982962e-282	RPL4	c1
3.51922294476026e-285	0.418578162874223	1	0.994	1.18576697900752e-280	RPL18A	c1
8.97366745811584e-281	1.93394528161217	0.349	0.085	3.02358751333755e-276	LINC00402	c1
2.96676278413116e-279	0.405757469867014	0.999	0.993	9.99621052485154e-275	RPL35A	c1
5.44907830287411e-276	-2.64484301989133	0.257	0.63	1.8360124433704e-271	HLA-DPA1	c1
4.57839230133775e-273	0.486165000119744	1	0.994	1.54264350201274e-268	RPS2	c1
4.10833934991382e-265	0.439767785165339	1	0.995	1.38426386055996e-260	RPS4X	c1
1.09356710739532e-256	-2.37070863275341	0.255	0.627	3.68466501165778e-252	HLA-DPB1	c1
1.3681814186498e-256	0.761205578671016	0.984	0.749	4.60995047199863e-252	LTB	c1
2.27411441673582e-253	-5.34024616492548	0.036	0.447	7.66240111574966e-249	CD8A	c1
5.67105868805268e-252	1.02611147105387	0.912	0.564	1.91080651435247e-247	KLF2	c1
1.61203242769596e-251	2.00423350558377	0.331	0.086	5.43158206187876e-247	SCML1	c1
1.7108535415374e-250	0.374323444009748	1	0.995	5.76454992285613e-246	RPS25	c1
5.03361024358949e-250	-3.06120629928377	0.141	0.544	1.69602463547504e-245	GZMK	c1
1.75477510765841e-247	0.394918877179456	1	0.994	5.91253924774425e-243	RPL18	c1
9.82219106405444e-243	-0.329287786703337	1	1	3.3094890571225e-238	B2M	c1
3.30687742014006e-242	0.463130769788361	0.999	0.991	1.11421927794199e-237	RPSA	c1
1.08437240333785e-239	0.75930601837559	0.992	0.932	3.65368437580654e-235	TXNIP	c1
1.35049987079406e-238	0.385365606896905	1	0.995	4.55037426465351e-234	RPLP2	c1
3.46139415529816e-236	-0.557920319664975	1	0.999	1.16628214668616e-231	HLA-B	c1
2.74971979730032e-235	-2.95581664733143	0.145	0.525	9.26490588502369e-231	APOBEC3G	c1
9.94014639114088e-235	0.34339506117837	1	0.998	3.34923292503101e-230	RPL10	c1
2.51485038665811e-234	-8.62528059481376	0.017	0.407	8.47353689280584e-230	CCL4	c1
2.89802177934682e-232	-2.93025994378055	0.188	0.546	9.76459458333118e-228	CTSW	c1
5.31201030745864e-231	0.368274103858288	1	0.996	1.78982875299511e-226	RPS3	c1
1.01287320577982e-226	0.375339830932356	1	0.994	3.41277497955452e-222	RPL14	c1
2.31800213036169e-225	-0.992024774477677	0.967	0.97	7.81027637804067e-221	IL32	c1
2.5937499791028e-223	0.391736747056066	1	0.994	8.73938117958898e-219	RPS21	c1
2.89869730236976e-223	-2.36114687420585	0.19	0.558	9.76687069060466e-219	CXCR3	c1
3.18332443086902e-222	0.584775930526468	0.995	0.937	1.07258933373701e-217	FXYD5	c1
1.01780043248153e-221	0.460317597930723	0.998	0.987	3.42937677720326e-217	RPL10A	c1
2.17343788935827e-220	0.546331058367363	1	0.987	7.32318162440374e-216	SARAF	c1
1.01521706570548e-213	1.7705561820865	0.311	0.085	3.42067238118804e-209	ACTN1	c1
6.48220455349502e-209	-1.96224957158423	0.403	0.713	2.18411400225461e-204	DUSP2	c1
1.56674004336689e-208	-4.01801763266119	0.039	0.408	5.27897390212039e-204	CD8B	c1
3.53460624422792e-207	2.22372366007694	0.21	0.043	1.19095022793015e-202	SLC40A1	c1
5.46168775726837e-198	1.70683425640335	0.419	0.152	1.840261072934e-193	AREG	c1
1.47701371496598e-195	-0.991380650885303	0.978	0.977	4.97665001120638e-191	GAPDH	c1
2.04176581969174e-191	-5.47015521608436	0.021	0.362	6.87952575286934e-187	DUSP4	c1
2.97845071643992e-191	0.367334362746937	0.998	0.993	1.00355918439727e-186	RPS16	c1
1.28451732595338e-186	-1.18823429597543	0.802	0.877	4.32805267806731e-182	S100A4	c1
1.23047408715239e-185	1.45684345953875	0.426	0.16	4.14595938925126e-181	C1orf162	c1
2.93689667126022e-183	-3.38072972841031	0.065	0.403	9.89557964414419e-179	LINC00152	c1
1.26473527997675e-179	1.45116154857875	0.442	0.173	4.26139905235367e-175	LPAR6	c1
1.4070718180644e-179	1.41423937447875	0.413	0.151	4.74098778378619e-175	PLAC8	c1
4.733107288706e-177	0.487390294062516	0.99	0.95	1.5947731698566e-172	RPL7	c1
6.75812636887154e-177	0.321404469645177	1	0.994	2.27708309872758e-172	RPL12	c1
1.0674879368389e-174	-7.15301179193097	0.006	0.322	3.59679385438498e-170	HLA-DRA	c1
1.26876800279557e-173	-0.681263573669377	0.961	0.96	4.27498690861938e-169	MYL6	c1
5.53576498487403e-173	-5.55589353154464	0.013	0.33	1.86522065400346e-168	LGALS3	c1
1.46720661821164e-172	-1.48080077426076	0.621	0.776	4.94360597940229e-168	PTPRCAP	c1
7.40738396883304e-172	1.03335854100689	0.649	0.323	2.4958439544586e-167	TNFSF8	c1
7.69337830972097e-172	0.431637197018933	0.996	0.973	2.59220688767738e-167	RPL38	c1
9.26059256719632e-172	1.08285301195469	0.692	0.374	3.12026405959113e-167	GPR183	c1
2.45229459232574e-171	-1.45534556581341	0.632	0.778	8.26276139938236e-167	LY6E	c1
3.61376409666102e-171	-5.81766556020932	0.012	0.325	1.21762167472896e-166	HLA-DRB5	c1
1.00212961420901e-165	0.386242842996959	0.999	0.988	3.37657552211582e-161	RPL13A	c1
1.11289415849841e-164	0.320285725754373	1	0.993	3.74978557764453e-160	RPL8	c1
5.48259159073743e-164	0.514117042696573	0.99	0.94	1.84730441058307e-159	EEF2	c1
1.50718617314837e-163	0.284408286406072	1	0.996	5.07831309180612e-159	RPS15	c1
2.21206807443641e-162	1.09826587691631	0.629	0.334	7.45334217000604e-158	IL6ST	c1
3.73712604531706e-161	-3.91192173198347	0.046	0.353	1.25918724970913e-156	PRF1	c1
1.71877126248102e-159	-0.923103084048836	0.841	0.893	5.79122789180353e-155	CD2	c1
4.04828771519028e-156	-0.541756197658121	0.996	0.991	1.36403006275621e-151	PFN1	c1
2.24603532298942e-151	1.75777650345905	0.235	0.066	7.56779141728054e-147	APP	c1
9.49645458936619e-150	0.331583790525112	0.999	0.99	3.19973540934105e-145	GNB2L1	c1
6.24256926336529e-149	1.27341815732086	0.443	0.19	2.1033712875983e-144	RP11-18H21.1	c1
1.17220675366948e-146	-6.47170627527081	0.008	0.285	3.94963343581395e-142	LAG3	c1
3.99400673330585e-146	0.526557984556148	0.974	0.903	1.34574062872007e-141	RPS20	c1
3.1350332697972e-145	-2.11865128191455	0.18	0.466	1.05631810992547e-140	ANXA2	c1
5.56159458495088e-141	0.897683245941756	0.76	0.489	1.87392367945335e-136	BIRC3	c1
7.12916081743048e-141	1.31332177691859	0.365	0.141	2.40209944582503e-136	SPINT2	c1
9.1568410401597e-141	0.36019773637486	0.999	0.994	3.08530602007141e-136	RPL41	c1
2.32258727555841e-140	1.52489301213269	0.302	0.106	7.8257255662665e-136	TRABD2A	c1
3.61756648122441e-140	-0.784883047045526	0.87	0.902	1.21890285018375e-135	HCST	c1
1.00764788775796e-139	-2.7953246016306	0.089	0.372	3.39516879301166e-135	C12orf75	c1
3.17180665398898e-139	0.801509487901022	0.926	0.763	1.06870853399505e-134	DNAJB1	c1
2.42269190234099e-138	-4.23388924791866	0.03	0.302	8.16301809574773e-134	OASL	c1
4.93603187591937e-137	0.346122589746424	0.998	0.987	1.66314658027227e-132	RPL37A	c1
7.40275401722183e-137	-2.02936585834077	0.175	0.456	2.49428393856272e-132	IL2RB	c1
1.01397856414378e-135	0.948963422656247	0.638	0.352	3.41649937402607e-131	LEF1	c1
2.24928363152596e-135	-0.784934670249748	0.832	0.875	7.57873626806357e-131	LSP1	c1
3.24017735383174e-135	0.322798939981171	0.999	0.989	1.09174535760007e-130	NACA	c1
1.02405901935288e-134	1.16865962853698	0.535	0.279	3.4504644598076e-130	CHMP7	c1
1.9352425564599e-134	0.311099717232848	1	0.998	6.52060626973598e-130	RPLP1	c1
2.9123669850511e-133	1.68331287937061	0.248	0.078	9.81292931943118e-129	FXYD7	c1
3.65243936848142e-133	0.276566657925232	1	0.997	1.23065292081613e-128	RPS27	c1
5.53544116824308e-133	1.30732220958001	0.292	0.102	1.86511154722782e-128	NGFRAP1	c1
7.63365626268425e-133	0.292161436075438	1	0.992	2.57208414114883e-128	RPL15	c1
8.06545147867787e-133	0.235575814444412	1	0.997	2.71757322122572e-128	RPL28	c1
2.16263604512161e-132	-0.682311930110051	0.897	0.918	7.28678589043274e-128	CYBA	c1
2.73010810804634e-132	0.544737282130553	0.972	0.867	9.19882625925133e-128	FYB	c1
1.34459665294665e-131	1.34374490810459	0.345	0.136	4.53048396243843e-127	IL6R	c1
2.43170681472508e-130	-0.443273724571757	1	0.996	8.19339294153468e-126	HLA-A	c1
1.97940140380561e-129	-6.61770524865159	0.006	0.257	6.66939508998262e-125	CXCR6	c1
4.56805520455599e-128	1.13327405799455	0.388	0.161	1.5391605206231e-123	CTB-133G6.1	c1
1.25321123991705e-127	-1.10627535990002	0.496	0.694	4.2225699517765e-123	C9orf142	c1
1.00018403489129e-126	0.342138485964224	0.999	0.991	3.37002008716271e-122	RPLP0	c1
2.72107725742784e-126	0.362283699376048	0.994	0.977	9.16839771117737e-122	RPL27	c1
6.12338498506586e-126	0.685234358528613	0.883	0.668	2.06321333686809e-121	PIK3IP1	c1
5.35258922506255e-125	-1.67427994332214	0.29	0.529	1.80350141349257e-120	CTSC	c1
2.99189644431409e-124	-2.32299528075527	0.121	0.386	1.00808958794719e-119	APOBEC3C	c1
3.04605502386769e-124	-1.77399733889307	0.5	0.669	1.02633777974198e-119	CRIP1	c1
2.92833677897242e-123	-1.33662334196035	0.484	0.676	9.86673794306966e-119	MT2A	c1
6.334512421755e-123	0.800958825526736	0.664	0.387	2.13435061538613e-118	FKBP5	c1
8.41191667175681e-123	0.305045158725834	0.998	0.99	2.83431120338174e-118	RPS29	c1
1.58289256494539e-122	1.90392961154306	0.154	0.037	5.333398208327e-118	MDS2	c1
4.09871203530038e-122	-3.02588239822912	0.113	0.365	1.38102003317411e-117	ITM2C	c1
3.3341566868583e-121	-7.83169461371625	0.003	0.239	1.12341075407003e-116	HLA-DQA1	c1
1.90205011187791e-119	0.500398148301211	0.961	0.851	6.40876764696142e-115	GLTSCR2	c1
3.07489029909319e-118	-3.16100417746847	0.092	0.344	1.03605353737646e-113	LGALS1	c1
1.64007540102226e-117	1.61464765025895	0.227	0.074	5.52607005620441e-113	PRKCA	c1
2.05487919239063e-117	-0.737269011513619	0.815	0.859	6.92370995084098e-113	PSMB9	c1
8.10626995431242e-116	-1.30634997771999	0.4	0.607	2.73132659840603e-111	CTSD	c1
1.28922595972049e-115	-0.723604002887955	0.915	0.941	4.34391794868223e-111	RPS26	c1
2.15249628195537e-115	-0.769206526299652	0.881	0.905	7.25262097242043e-111	S100A6	c1
4.18843785170728e-114	1.77951248578757	0.169	0.046	1.41125224975425e-109	GCSAM	c1
6.01970017868166e-114	2.45022942697441	0.102	0.019	2.028277778205e-109	PTK2	c1
1.48404080044795e-113	-5.97016456882032	0.008	0.234	5.00032707302932e-109	MIR4435-2HG	c1
1.84184297140824e-113	0.291961677152203	0.999	0.986	6.20590570786292e-109	UBA52	c1
2.36899229689473e-113	-0.380222869170863	0.999	0.995	7.9820826451571e-109	HLA-C	c1
1.20428975385798e-111	-1.15867054075705	0.411	0.611	4.05773389664909e-107	PPP1R18	c1
3.62832446924728e-111	2.28020244234847	0.104	0.019	1.22252764666818e-106	TCEA3	c1
1.63635820153289e-109	-2.58803082569619	0.074	0.315	5.51354532424493e-105	FAM129A	c1
4.42840063724114e-108	0.359525770453921	0.994	0.964	1.49210531071203e-103	RPL31	c1
4.88344689144688e-108	-2.73424777836773	0.066	0.304	1.64542859560411e-103	SAMD3	c1
3.52736589916102e-107	1.40265101317144	0.299	0.121	1.18851066606331e-102	FAAH2	c1
4.40397587575234e-107	0.969134563636337	0.502	0.261	1.48387563157599e-102	LDLRAP1	c1
3.74925137418841e-106	0.330676263225715	0.995	0.975	1.26327275801904e-101	PFDN5	c1
4.91251597348788e-106	1.68106169849388	0.169	0.047	1.65522313210701e-101	RNF144A	c1
8.11022978684848e-106	-2.45986667052909	0.087	0.325	2.73266082438073e-101	CHST12	c1
1.5760589203711e-105	-1.89918704596634	0.188	0.429	5.31037292629837e-101	CKLF	c1
4.3310016722899e-105	1.39981734339615	0.267	0.101	1.45928770346136e-100	FBLN5	c1
9.56771764590173e-105	0.431173552701388	0.994	0.936	3.22374678361013e-100	TSC22D3	c1
7.58297453444921e-102	0.362320466461075	0.991	0.956	2.55500743963732e-97	TOMM7	c1
3.43007194283303e-101	0.291948587014061	0.998	0.985	1.15572844041816e-96	RPL35	c1
6.26122380731986e-101	-5.21369335065599	0.01	0.217	2.10965674963835e-96	EOMES	c1
1.27247950027234e-99	0.263602867205725	0.999	0.99	4.28749242821764e-95	RPL24	c1
2.90298048869825e-99	-6.47707286964777	0.004	0.206	9.78130245861989e-95	PTMS	c1
3.06379327038433e-99	0.206566280915459	1	0.996	1.0323145045233e-94	RPS15A	c1
7.75053714146373e-99	2.37739577772591	0.097	0.019	2.61146598444479e-94	RP11-664D1.1	c1
1.68874006604126e-98	-1.16788703211306	0.396	0.581	5.69004077851942e-94	SLC9A3R1	c1
2.924531929344e-97	1.53890881390957	0.194	0.063	9.85391788273168e-93	CTD-2562J15.6	c1
2.66941294372452e-96	-0.588186027687559	0.874	0.889	8.99431997258541e-92	ARPC2	c1
8.10396999036802e-96	-1.22251020441525	0.324	0.534	2.7305516485546e-91	REEP5	c1
7.6759785451262e-95	0.317159323842346	0.999	0.993	2.58634421099482e-90	MT-ATP6	c1
9.20457045865595e-95	-0.538168922371249	0.989	0.984	3.10138797033954e-90	H3F3B	c1
1.19238626610374e-94	-2.47561360933553	0.12	0.338	4.01762628500993e-90	TYMP	c1
1.89445658466737e-93	-1.82388517878896	0.134	0.361	6.38318201637822e-89	ACTN4	c1
2.13399801297726e-93	-6.12939827376302	0.008	0.2	7.19029290492559e-89	ZNF683	c1
6.22195824816543e-93	-2.38819999660908	0.112	0.331	2.09642661213686e-88	HLA-DQB1	c1
1.06853080149851e-92	1.72514254200107	0.15	0.043	3.60030768256909e-88	SPG20	c1
1.21184509588241e-92	1.30973438333555	0.281	0.117	4.08319086606619e-88	RIPK2	c1
2.04383544891746e-92	-0.883357496199617	0.526	0.671	6.88649916158249e-88	PPP1CA	c1
2.1609306641866e-92	0.361591697121148	0.99	0.948	7.28103977991035e-88	RPS11	c1
2.38902257385837e-92	-1.07476530509801	0.555	0.669	8.0495726603584e-88	ARPC1B	c1
4.57848682802113e-92	0.983301645624009	0.385	0.183	1.54267535183344e-87	RASGRP2	c1
1.46845655393207e-91	1.73625632284764	0.169	0.053	4.9478175128187e-87	ADGRE1	c1
3.43053697675477e-91	0.677550455697346	0.754	0.54	1.15588512894775e-86	ITK	c1
1.77304646995892e-90	-0.511404329660276	0.91	0.906	5.9741027758796e-86	MYL12B	c1
2.56149743592607e-90	-0.415069972358196	0.983	0.972	8.63070946060929e-86	CFL1	c1
3.00134175487527e-90	-0.485867229420205	0.935	0.943	1.01127209088767e-85	OAZ1	c1
4.17012956990178e-90	-0.602933333744914	0.854	0.88	1.4050834572827e-85	CD99	c1
4.39214362745874e-90	1.88713292568815	0.119	0.03	1.47988887383595e-85	IFNGR2	c1
5.922878502477e-90	-2.94726585525264	0.053	0.257	1.9956546826246e-85	MATK	c1
1.86633394149481e-89	1.24394958947288	0.281	0.118	6.2884255824726e-85	ADPRM	c1
3.48766349379728e-89	-7.71658828742753	0.008	0.193	1.17513333760006e-84	CCL4L2	c1
4.02672998261065e-89	0.532195901499214	0.899	0.754	1.35676640034083e-84	EIF3E	c1
4.73498424512316e-89	-0.453568465565794	1	0.999	1.5954055915518e-84	ACTB	c1
2.13593282936963e-88	-0.910438565313805	0.541	0.677	7.19681207527804e-84	DRAP1	c1
5.35081513418099e-88	-3.97272632284761	0.031	0.224	1.80290365131094e-83	HOPX	c1
6.86082928274461e-88	2.79326816744379	0.052	0.006	2.31168781852797e-83	TMEM45B	c1
5.56974259052974e-87	0.934638312655622	0.458	0.249	1.87666906845309e-82	AQP3	c1
3.71905150784518e-86	0.345608109875737	0.991	0.95	1.25309721505335e-81	RPL27A	c1
5.59035770847728e-86	-1.50576707649126	0.225	0.439	1.88361512629433e-81	SAMSN1	c1
5.2609243308757e-85	-2.86852540095102	0.049	0.246	1.77261584404526e-80	HLA-DMA	c1
9.44064005267171e-85	1.51526180279552	0.201	0.074	3.18092925934721e-80	BAG3	c1
1.04619104976437e-84	2.47805851487978	0.071	0.012	3.52503612307608e-80	FMN1	c1
1.14687681872646e-84	-1.4931219858687	0.291	0.484	3.86428675301693e-80	SH2D2A	c1
1.91966293712344e-84	1.23967408581115	0.252	0.102	6.46811230034373e-80	SH3YL1	c1
4.00733726293533e-84	-1.19912914515027	0.441	0.588	1.35023221737343e-79	BST2	c1
5.66266195725697e-84	-1.76262757008714	0.144	0.356	1.90797731987816e-79	LYAR	c1
2.10151909656232e-83	-4.51866511219457	0.015	0.194	7.08085844395709e-79	CRTAM	c1
2.2768411008058e-83	-1.19053174006033	0.31	0.509	7.67158840505505e-79	ARPC5L	c1
3.06812333257172e-83	1.73217448284495	0.129	0.036	1.03377347567672e-78	CDK5R1	c1
5.02367391523557e-83	-0.881458147333678	0.646	0.73	1.69267668899947e-78	TPI1	c1
6.36371569026074e-83	-1.27231694311443	0.289	0.488	2.14419036467645e-78	PTPN7	c1
6.51351945191101e-83	0.841353966221098	0.581	0.388	2.19466524412689e-78	HSPA1B	c1
1.12952651590341e-82	0.72267554853279	0.656	0.436	3.80582664268493e-78	C10orf54	c1
5.96598426035634e-82	0.765885576891479	0.566	0.343	2.01017873668446e-77	FAM65B	c1
7.0509935126833e-81	0.268774737910719	0.999	0.995	2.37576175416351e-76	MT-CYB	c1
9.85319147482524e-81	-4.9195872176897	0.016	0.191	3.31993433552762e-76	TNFRSF18	c1
1.20332314161747e-80	-1.48180381427656	0.248	0.454	4.05447699336592e-76	ID2	c1
1.61716489522736e-80	-1.00885755741252	0.498	0.674	5.44887539797908e-76	RGS1	c1
3.07373791390448e-80	-1.65266975424319	0.167	0.372	1.03566525271098e-75	GLIPR2	c1
1.02718396762113e-79	-1.87970271474831	0.151	0.356	3.46099366050262e-75	CTD-3252C9.4	c1
2.66155722483048e-79	-0.922497759810364	0.441	0.602	8.96785091334382e-75	TMEM50A	c1
3.76293652848121e-78	-0.774221520926223	0.594	0.698	1.26788383390646e-73	CAP1	c1
4.06962970585566e-78	-0.706508589368619	0.725	0.796	1.37122103309101e-73	LCP1	c1
2.59459115808717e-77	-0.568119904219462	0.807	0.837	8.7422154480589e-73	PPIB	c1
3.59317614402471e-77	-2.35342711900936	0.086	0.28	1.21068476996769e-72	PDCD1	c1
5.71635978492159e-77	-0.712239528699617	0.802	0.83	1.92607026593148e-72	S100A10	c1
1.59983787830815e-76	0.916993553001505	0.355	0.174	5.39049374717148e-72	KLF3	c1
1.79636483897096e-76	-1.24477270587434	0.423	0.561	6.05267168842875e-72	CLEC2B	c1
2.41605295072411e-76	-0.66000048801045	0.678	0.763	8.14064881216981e-72	GUK1	c1
3.54448265935875e-76	-0.694363295845045	0.992	0.984	1.19427798724434e-71	AC090498.1	c1
4.24886353168078e-76	-0.933408828474353	0.751	0.833	1.43161207836452e-71	ZFP36	c1
7.61436972873868e-76	-1.96726802158208	0.1	0.294	2.56558573640121e-71	CD58	c1
7.73334874672492e-76	-1.2094773333463	0.35	0.513	2.60567452672149e-71	DYNLL1	c1
1.48155075674628e-75	-1.9544399344308	0.112	0.307	4.9919371197809e-71	GYG1	c1
1.06829290750811e-74	-8.92718100959085	0.001	0.157	3.59950612255782e-70	GZMH	c1
1.2381491610545e-74	-3.03829780684972	0.046	0.224	4.17181978325703e-70	OAS1	c1
1.38497023839545e-74	-3.05973907525089	0.031	0.204	4.66651872124962e-70	PLA2G16	c1
1.48749408524291e-74	-4.90077658611628	0.009	0.17	5.01196257081747e-70	CLIC3	c1
5.89457169878853e-74	-3.60046348833727	0.03	0.2	1.98611698818981e-69	PPP1R14B	c1
6.71182341791221e-74	-4.74096362803734	0.011	0.172	2.26148178243134e-69	RP11-291B21.2	c1
6.97951515574596e-73	-1.40328609918426	0.211	0.403	2.35167783657704e-68	RNASEK	c1
6.52125894249962e-72	-2.07547504308345	0.16	0.347	2.19727298808582e-67	CMC1	c1
1.3634602677255e-71	-1.55547716771583	0.194	0.383	4.5940430260743e-67	TPM4	c1
1.90192830530241e-71	-0.735661895646327	0.879	0.857	6.40835723188594e-67	COTL1	c1
1.97026028376809e-71	0.198848412919332	0.999	0.996	6.63859500012822e-67	RPS19	c1
2.53273972808304e-71	-5.81277793019618	0.003	0.155	8.53381323980298e-67	JAKMIP1	c1
5.34692256037747e-71	-0.396270047386016	0.962	0.953	1.80159208749359e-66	H3F3A	c1
7.4908798556225e-71	0.588613156458429	0.731	0.531	2.52397705855345e-66	TMEM123	c1
1.05056349371248e-70	0.681535888926322	0.615	0.405	3.53976863571484e-66	FOXP1	c1
1.07516630725933e-70	-2.64289513965672	0.052	0.224	3.62266535567958e-66	ABI3	c1
3.91287498939109e-70	-8.54726643983457	0.013	0.166	1.31840409892543e-65	CXCL13	c1
5.17330063674325e-70	-0.883911585265368	0.643	0.719	1.74309191654427e-65	LDHA	c1
1.21659050451032e-69	0.856325361699173	0.368	0.193	4.09918004589707e-65	FBLN7	c1
1.68250351220094e-69	-0.558749460655319	0.773	0.811	5.66902733400985e-65	CALM2	c1
1.68255300172604e-69	0.877870579649761	0.349	0.176	5.6691940840157e-65	S1PR1	c1
2.14668455516907e-69	-0.911049646279114	0.449	0.586	7.23303894018666e-65	COX5A	c1
2.40039669948742e-69	-0.54312831704613	0.895	0.897	8.08789663925291e-65	IL2RG	c1
2.54427292495751e-69	-1.93580461912151	0.092	0.275	8.57267319335185e-65	MYO1F	c1
3.65552824356425e-69	0.346909751386075	0.971	0.859	1.23169368638654e-64	PCBP2	c1
8.34146836020434e-69	0.3681336034092	0.916	0.773	2.81057434928725e-64	NFKBIA	c1
1.36247796548044e-68	0.601891586768757	0.716	0.525	4.59073325688981e-64	RNASET2	c1
2.48646077551734e-68	-1.73598587784995	0.154	0.339	8.37788093702813e-64	CD63	c1
5.74382996135471e-68	-6.40432412886886	0.002	0.147	1.93532606717886e-63	ZEB2	c1
7.53528486536376e-68	1.79799401861749	0.108	0.031	2.53893888253566e-63	RP11-223C24.1	c1
1.3871757058251e-67	-0.474844834473223	0.832	0.855	4.6739498232071e-63	UBL5	c1
1.42545215513626e-66	-1.274451455008	0.242	0.419	4.80291849151613e-62	CDK2AP2	c1
1.43259036741107e-66	-1.42558517454832	0.287	0.454	4.82696998395485e-62	TNFRSF1B	c1
2.48076293907107e-66	-1.57679852957484	0.133	0.316	8.35868264690605e-62	IFI27L2	c1
2.88253885799199e-66	-1.12435808487381	0.292	0.465	9.71242642811823e-62	SASH3	c1
2.95687962875021e-66	-0.421635648969084	0.967	0.947	9.96291022111096e-62	CORO1A	c1
7.14575811019791e-66	-7.03021275716047	0.003	0.144	2.40769173765008e-61	KLRD1	c1
8.60940855528476e-66	1.44787895689191	0.145	0.05	2.90085411861765e-61	LMO7	c1
9.33564742939643e-66	1.31947889079387	0.189	0.075	3.14555304486083e-61	COL18A1	c1
1.31234169905377e-65	0.940586727494544	0.318	0.16	4.42180412079177e-61	RIC3	c1
2.60573920930172e-65	-1.59246126752833	0.142	0.324	8.77977769182123e-61	YWHAH	c1
2.96676711810056e-65	-8.2396752800967	0.001	0.14	9.99622512772802e-61	XCL2	c1
3.78905070798158e-65	0.746672505805417	0.627	0.459	1.27668274554731e-60	NOSIP	c1
8.75068641516419e-65	-2.09916790241821	0.088	0.258	2.94845628072542e-60	PTTG1	c1
1.35144927000266e-64	-8.12257440525442	0.003	0.141	4.55357317034696e-60	GZMB	c1
9.42331916931228e-64	0.549281670797052	0.802	0.649	3.17509316090808e-59	NDFIP1	c1
1.90965652025211e-63	0.469426401373618	0.818	0.661	6.43439667933745e-59	EIF3L	c1
2.10393367703869e-63	3.35910704746301	0.03	0.003	7.08899413141416e-59	TCEAL2	c1
2.1931247445164e-63	-0.563610284791924	0.693	0.75	7.38951451417354e-59	ARF1	c1
2.46552204091904e-63	-1.04386648426245	0.3	0.485	8.30732996467262e-59	ITGA4	c1
3.71111881530207e-63	-2.37482481850157	0.072	0.237	1.25042437362788e-58	PMAIP1	c1
5.29111461724029e-63	0.76664185279235	0.507	0.315	1.78278815913294e-58	AIM1	c1
6.5368841454183e-63	0.235377735277731	0.997	0.984	2.20253774395724e-58	EEF1D	c1
9.64548805910034e-63	-0.896875800525902	0.491	0.63	3.24995074663327e-58	AHNAK	c1
1.46785146736996e-62	-2.74879619062959	0.048	0.204	4.94577873415634e-58	ODF3B	c1
2.5013060561925e-62	-2.57819004432674	0.043	0.199	8.42790062573502e-58	F2R	c1
3.27046348005533e-62	-1.18846677652525	0.273	0.435	1.10194996496984e-57	MRPS6	c1
5.78036237388997e-62	-0.572226928630316	0.742	0.782	1.94763529825849e-57	PSMA7	c1
6.15835347850688e-62	-1.53541625958188	0.219	0.382	2.07499562104811e-57	RBPJ	c1
6.38294927385127e-62	-4.55074700796612	0.012	0.151	2.15067092833145e-57	AC133644.2	c1
7.96737257683746e-62	-2.73191623336911	0.044	0.199	2.68452651603961e-57	FABP5	c1
1.35182508285084e-61	-1.4210555940409	0.182	0.355	4.55483943415762e-57	RAB27A	c1
2.95238747896946e-61	-2.02881035225656	0.076	0.24	9.94777437163969e-57	PLEKHF1	c1
4.07935608831104e-61	-0.643079085152724	0.657	0.722	1.37449824039552e-56	GNG5	c1
6.08825684068449e-61	-1.73056611053953	0.114	0.285	2.05137725990023e-56	PTPN22	c1
1.06893437451267e-60	3.37609191604677	0.029	0.003	3.60166748148301e-56	RP11-466A19.1	c1
3.01019218690739e-60	-2.66863126289538	0.035	0.184	1.01425415545657e-55	TBX21	c1
3.42836775690061e-60	-0.303670765842043	0.991	0.976	1.15515423201009e-55	ATP5E	c1
4.10582155698e-60	-0.710515432798987	0.511	0.627	1.38341551540884e-55	GNB2	c1
4.49531734604693e-60	-1.17784499490526	0.275	0.442	1.51465222657705e-55	ADGRE5	c1
4.93277411236893e-60	0.981388728051169	0.297	0.152	1.66204890942159e-55	CDC37L1	c1
6.83327686828283e-60	-0.811976205526641	0.445	0.584	2.30240430799922e-55	RAC1	c1
8.94567838811481e-60	0.478578978660808	0.791	0.621	3.0141568760914e-55	SNHG8	c1
1.4831259579269e-59	-1.85054775879439	0.121	0.287	4.99724460263889e-55	LYST	c1
1.53502657262461e-59	-3.46809983872502	0.017	0.156	5.17211853380137e-55	RHOC	c1
1.72373766718603e-59	-0.436579916486355	0.877	0.879	5.80796169581661e-55	YWHAZ	c1
1.88226282451975e-59	-2.70134367259747	0.027	0.17	6.34209636093683e-55	MT1E	c1
2.46431497425869e-59	-2.14287598731432	0.077	0.236	8.30326287426723e-55	AOAH	c1
3.06839246616132e-59	-1.66037130482018	0.113	0.282	1.0338641575484e-54	CSNK2B	c1
3.43469614466193e-59	-0.414989738584137	0.892	0.887	1.15728651898239e-54	ARPC3	c1
5.69377552850043e-59	0.619053583964694	0.6	0.407	1.91846072657294e-54	SCML4	c1
6.30062661178662e-59	0.331222292883933	0.78	0.539	2.12293313057538e-54	MTRNR2L12	c1
6.47038588990497e-59	-1.3171647443347	0.238	0.406	2.18013182174458e-54	GBP5	c1
8.56105224587551e-59	-2.08919913919581	0.102	0.262	2.8845609437253e-54	KLRG1	c1
1.55703011304855e-58	-4.15748136442722	0.009	0.141	5.24625726290578e-54	APOBEC3H	c1
1.76571496281539e-58	1.82921796483132	0.086	0.023	5.94939999571019e-54	ACVR2A	c1
3.11986496784429e-58	-0.966139118571339	0.485	0.592	1.05120730226545e-53	GZMM	c1
3.8739113228508e-58	1.97661885971546	0.071	0.017	1.30527568112135e-53	KLF5	c1
4.17229420517118e-58	-0.838932576207634	0.484	0.61	1.40581280949038e-53	EZR	c1
4.63757379037448e-58	-1.68543646934336	0.12	0.285	1.56258411292878e-53	RUNX3	c1
7.67977126186719e-58	4.21972270663872	0.019	0.001	2.58762212897353e-53	EPGN	c1
8.6991994853212e-58	-4.50842069021593	0.01	0.14	2.93110827458412e-53	PLEK	c1
1.27900453926123e-57	0.897817026194084	0.314	0.164	4.30947789458677e-53	LSR	c1
2.49112571639083e-57	-6.2522766809405	0.003	0.127	8.39359898880727e-53	CCR5	c1
2.73698618013893e-57	-1.06194643422472	0.316	0.473	9.2220012353601e-53	NFATC2	c1
1.36652030289254e-56	0.637371008852982	0.352	0.19	4.60435350856611e-52	C1orf228	c1
1.42734373278436e-56	-0.392975637305058	0.913	0.912	4.80929197324361e-52	RHOA	c1
1.57797002493912e-56	0.352553860847201	0.901	0.772	5.31681220202986e-52	FOS	c1
1.59187025810537e-56	-0.866703514626134	0.397	0.54	5.36364764766022e-52	ARF6	c1
1.6404265133442e-56	0.372037001889871	0.898	0.763	5.52725309406194e-52	GPSM3	c1
2.17878966428264e-56	-0.47925541222741	0.777	0.815	7.34121389483393e-52	TCEB2	c1
8.55241916607768e-56	-1.97199930264128	0.069	0.222	2.88165211381821e-51	EFHD2	c1
8.56906426869533e-56	-6.59508912216572	0.002	0.122	2.88726051469421e-51	SLAMF7	c1
9.23901625362091e-56	-1.17632224714092	0.249	0.418	3.11299413649503e-51	HERPUD1	c1
1.15197279784511e-55	1.13969762988099	0.203	0.089	3.88145714505931e-51	PLEKHB1	c1
1.19432836098748e-55	2.1935969392836	0.056	0.011	4.02416997951121e-51	PLAG1	c1
1.78819588114049e-55	1.78238794848108	0.099	0.03	6.02514720191477e-51	AC022182.3	c1
1.79268344546853e-55	3.70894997974876	0.021	0.001	6.04026760116167e-51	C14orf132	c1
4.05487446471739e-55	0.493227833621418	0.862	0.735	1.36624940214188e-50	PPP1R2	c1
5.03216520739477e-55	0.269801474837382	0.974	0.931	1.69553774497959e-50	NPM1	c1
7.71158775837049e-55	-0.932481189535161	0.351	0.503	2.59834237930535e-50	GNG2	c1
8.58229362568305e-55	-0.727510183640091	0.491	0.6	2.89171801423765e-50	DBI	c1
9.55723920861657e-55	0.416872965018606	0.841	0.685	3.22021617895127e-50	EIF4B	c1
1.12123789878945e-54	-1.89987185184116	0.273	0.42	3.77789897618118e-50	ISG15	c1
1.89450403373875e-54	-0.933188229121199	0.363	0.502	6.38334189127936e-50	SEC11A	c1
2.27257396667983e-54	-1.16433498324877	0.283	0.436	7.65721072333102e-50	ANXA5	c1
2.36958193626318e-54	0.902747481292232	0.27	0.135	7.98406937604516e-50	BEX2	c1
2.51759369668109e-54	0.823532164122717	0.312	0.167	8.48278020159726e-50	SATB1	c1
5.21949368428066e-54	-0.640161241748068	0.58	0.669	1.75865620198153e-49	SHFM1	c1
8.24265474814527e-54	1.07433789285478	0.263	0.135	2.77728009084007e-49	AP3M2	c1
1.06732118514459e-53	0.190271011883671	0.999	0.996	3.5962320012262e-49	MT-CO3	c1
1.6988426346801e-53	1.80723487673688	0.073	0.019	5.72408037329113e-49	AC097713.4	c1
1.72589674898591e-53	-2.17674124586192	0.064	0.209	5.81523650603313e-49	SLF1	c1
2.35793475008048e-53	-0.934048499190017	0.359	0.496	7.94482534692116e-49	TXN	c1
5.01574480824853e-53	-0.493186471307559	0.812	0.826	1.69000505569126e-48	SUB1	c1
6.07921837213246e-53	-1.09591494972241	0.257	0.412	2.04833183830631e-48	HN1	c1
9.5360365329385e-53	-0.791142619513654	0.549	0.628	3.2130721494083e-48	PGAM1	c1
1.25091142260705e-52	-1.86546053744208	0.085	0.235	4.21482094733221e-48	LAP3	c1
1.330510166021e-52	-0.380395851372276	0.994	0.988	4.48302095339115e-48	ACTG1	c1
2.89325836061551e-52	2.3824068167154	0.043	0.007	9.7485447202579e-48	HPCAL4	c1
3.00868330644796e-52	-0.60889164983702	0.634	0.701	1.01374575327457e-47	PSMB8	c1
3.1264300729687e-52	-0.485100939500655	0.779	0.807	1.05341934878607e-47	LCK	c1
3.36475519606334e-52	-1.02465856878085	0.289	0.438	1.13372061576158e-47	IDH2	c1
5.14423685638079e-52	-0.476450745201176	0.768	0.795	1.73329916638894e-47	COX6A1	c1
5.71722137597541e-52	-1.32635982482107	0.161	0.32	1.92636057042116e-47	LASP1	c1
7.3009489027828e-52	-0.649160921409903	0.602	0.685	2.45998172330364e-47	LCP2	c1
7.80454445670716e-52	0.651983348393284	0.464	0.288	2.62966320924291e-47	SORL1	c1
7.96238836574169e-52	-0.727556331051444	0.542	0.641	2.68284713595301e-47	ZYX	c1
9.80524502955569e-52	-0.608281436945858	0.581	0.666	3.3037792602585e-47	WDR83OS	c1
1.41566878272021e-51	1.14465594138016	0.133	0.049	4.76995439649746e-47	TMIGD2	c1
1.76511640728543e-51	-1.39125638622982	0.212	0.369	5.94738322270753e-47	CLDND1	c1
2.73214138633935e-51	-0.528971302891714	0.693	0.749	9.20567718713181e-47	COX8A	c1
2.77309157269074e-51	-1.85566083689042	0.074	0.219	9.34365474502418e-47	TNFRSF1A	c1
3.77786633431705e-51	0.160107543497605	0.999	0.994	1.27291428268479e-46	RPL7A	c1
6.62194345659791e-51	0.174896889379309	1	0.993	2.2311976282661e-46	RPL23A	c1
8.06095332764598e-51	0.891481964844545	0.268	0.14	2.71605761421704e-46	TIAM1	c1
1.00889431063312e-50	-0.355207210664947	0.914	0.898	3.39936849024724e-46	CHCHD2	c1
1.10483523288529e-50	0.400347261301478	0.881	0.763	3.72263183368368e-46	LEPROTL1	c1
1.71995397146051e-50	-4.23298702188016	0.015	0.134	5.79521291143903e-46	IGLV2-14	c1
2.07227828111678e-50	-0.91067920024533	0.349	0.494	6.98233444039488e-46	IQGAP1	c1
2.37730134540029e-50	-1.45792013978018	0.142	0.294	8.01007915319173e-46	ARL6IP1	c1
3.3123160130143e-50	-0.799417870734722	0.441	0.569	1.11605175742504e-45	SELPLG	c1
3.4783383359904e-50	-2.09586916475722	0.266	0.399	1.1719913189286e-45	IFI6	c1
4.63387803110137e-50	-0.617350174033454	0.571	0.653	1.56133886379929e-45	SEC61B	c1
4.80486521140317e-50	-2.12200397392901	0.061	0.198	1.61895128433018e-45	CPNE7	c1
5.40730501847195e-50	-4.51697682415756	0.008	0.122	1.82193735292394e-45	FASLG	c1
5.84456679960306e-50	-1.12805702356454	0.576	0.613	1.96926833745825e-45	ALOX5AP	c1
6.10757807044273e-50	0.591152473920925	0.482	0.308	2.05788735505497e-45	PDE3B	c1
6.64483441037453e-50	0.797536370919114	0.331	0.187	2.23891050623159e-45	LINC01550	c1
9.60600817960753e-50	-1.06236986766647	0.405	0.536	3.23664839603696e-45	RGCC	c1
1.55574074942573e-49	0.383985955290333	0.737	0.533	5.24191288111507e-45	FCMR	c1
3.87785752612472e-49	-1.15919343865827	0.22	0.37	1.30660531485246e-44	NDUFA13	c1
3.97812433683036e-49	-0.884141824664604	0.371	0.504	1.34038921405162e-44	GSTP1	c1
4.73432450360326e-49	-0.824702338184124	0.39	0.514	1.59518329824408e-44	POMP	c1
5.37950579408666e-49	-1.49614344332855	0.12	0.269	1.81257068225956e-44	TPST2	c1
5.65292714932177e-49	-1.24854538585752	0.321	0.457	1.90469727369248e-44	TIGIT	c1
7.03594922970164e-49	0.589195208007954	0.573	0.399	2.37069273345567e-44	C6orf48	c1
7.4174517734199e-49	-0.371266624356299	0.891	0.89	2.4992362005361e-44	SUMO2	c1
7.71846467551099e-49	-0.395243594029291	0.988	0.971	2.60065948776667e-44	CD52	c1
9.25769231874443e-49	-0.618159562487304	0.584	0.671	3.11928684987775e-44	SEPT7	c1
1.09260480166041e-48	-1.73066656899566	0.112	0.256	3.68142261871457e-44	TBCD	c1
1.7246932427479e-48	0.963037448987783	0.209	0.098	5.81118141211478e-44	ITGA6	c1
1.74550124477636e-48	1.68222375928191	0.076	0.021	5.88129189414947e-44	RP4-575N6.4	c1
1.89546788202618e-48	1.46088005772253	0.112	0.039	6.38658948169902e-44	LINC01215	c1
1.96795951568265e-48	-0.724129839332251	0.486	0.604	6.63084279214112e-44	RABAC1	c1
3.35015904945838e-48	-1.05172868211688	0.264	0.406	1.12880259012451e-43	VDAC1	c1
4.47930586194236e-48	1.06919774734268	0.159	0.067	1.50925731712286e-43	ADTRP	c1
4.69781678776595e-48	-1.48829567216582	0.127	0.274	1.58288238846986e-43	SLA2	c1
5.70796759294249e-48	-1.60143030391309	0.173	0.318	1.92324260076604e-43	ITGAE	c1
7.02900786675526e-48	-1.61555825589553	0.14	0.29	2.36835391062452e-43	CTLA4	c1
8.52123539053654e-48	2.29506157327402	0.05	0.01	2.87114505248738e-43	SLC22A17	c1
1.34261999133524e-47	-0.590910344380134	0.65	0.707	4.52382379880497e-43	PARK7	c1
2.11295722831408e-47	-0.331727427264574	0.961	0.948	7.11939808508146e-43	RAC2	c1
2.74881141679078e-47	2.08516673787431	0.054	0.012	9.26184518773484e-43	GAS6	c1
8.07745856002316e-47	-0.905171199038927	0.329	0.469	2.7216188872142e-42	PSTPIP1	c1
9.14253266544345e-47	-3.142905029431	0.03	0.15	3.08048495629452e-42	IFNG	c1
9.72840766236183e-47	0.170811478190073	1	1	3.2778896777562e-42	MALAT1	c1
1.48748451772381e-46	-1.06389433616506	0.237	0.383	5.0119303340186e-42	C4orf48	c1
1.49769095154042e-46	-1.03880163852697	0.372	0.498	5.04631989212031e-42	CARD16	c1
1.50874373347253e-46	1.22971921346818	0.133	0.052	5.08356113556233e-42	TAF4B	c1
1.76206125843399e-46	0.34100525779171	0.907	0.791	5.9370892041675e-42	CD48	c1
2.27004681737446e-46	-2.41380473176258	0.039	0.162	7.64869574646152e-42	EIF4EBP1	c1
2.30757442468642e-46	0.955028816373385	0.2	0.094	7.77514126653841e-42	ANK3	c1
2.9546197556183e-46	-1.05086462612547	0.236	0.386	9.9552958045803e-42	SURF4	c1
3.14877856907186e-46	0.603240227135926	0.413	0.253	1.06094945106307e-41	ABLIM1	c1
3.17713237138293e-46	1.16163243215505	0.181	0.084	1.07050298121376e-41	CYSLTR1	c1
5.78508562034377e-46	-4.72176525127765	0.014	0.123	1.94922674891863e-41	FOXP3	c1
5.94828552328713e-46	-1.19472938943574	0.2	0.345	2.00421532421636e-41	ECH1	c1
8.73440798799158e-46	-2.72504418859327	0.03	0.149	2.94297142747388e-41	TOX2	c1
1.3067810430168e-45	-1.72518637816665	0.078	0.212	4.40306804634082e-41	CALHM2	c1
1.39102247594063e-45	0.152288771771239	1	0.994	4.68691113043434e-41	RPS7	c1
1.44972157461328e-45	-1.52957636886729	0.113	0.256	4.88469187350197e-41	TOX	c1
1.80281797488707e-45	-1.4281457799193	0.214	0.352	6.0744148845845e-41	EPSTI1	c1
1.87682130340327e-45	-0.812668080729676	0.45	0.558	6.32376169968698e-41	YWHAQ	c1
1.88529659381424e-45	-0.803543576592995	0.382	0.508	6.35231834319771e-41	MAP1LC3B	c1
3.93369447859525e-45	-1.82998157533618	0.076	0.209	1.32541901761788e-40	BHLHE40	c1
4.10584140813595e-45	2.0739016445366	0.044	0.009	1.38342220405733e-40	ABO	c1
4.40248775844846e-45	-9.45524060076393	0.001	0.099	1.48337422533162e-40	XCL1	c1
4.8458730084931e-45	-0.781928411642194	0.393	0.512	1.63276845148166e-40	NOP10	c1
5.87408981539661e-45	-1.11404938908386	0.187	0.339	1.97921582239973e-40	NT5C	c1
9.64048282841175e-45	-6.61726345436998	0.002	0.1	3.24826428420505e-40	FCRL6	c1
1.50760006882901e-44	-0.62006108494035	0.516	0.617	5.07970767191246e-40	TERF2IP	c1
1.74970695839715e-44	0.165589370522266	0.999	0.993	5.89546262562337e-40	RPL6	c1
1.79775776338e-44	0.460851804199835	0.668	0.495	6.05736500793258e-40	TMEM243	c1
2.03987786525883e-44	-1.94632257380787	0.056	0.182	6.8731644792031e-40	AC092580.4	c1
2.0460206744835e-44	2.08038847427225	0.044	0.009	6.8938620606047e-40	AK5	c1
2.6026630226405e-44	0.551072790603873	0.479	0.31	8.76941278848491e-40	ICAM2	c1
3.21602496117883e-44	1.09787618332821	0.172	0.078	1.08360745041959e-39	ZBTB10	c1
3.36041247421343e-44	-0.825985410630049	0.359	0.489	1.13225737906147e-39	FMNL1	c1
4.1256559543154e-44	-0.723605991189722	0.55	0.635	1.39009851724703e-39	MCL1	c1
4.91144558480171e-44	-2.66373770636318	0.024	0.136	1.65486247534309e-39	TNFSF14	c1
6.18105293986539e-44	-4.14950207231892	0.01	0.112	2.08264397755825e-39	ITGA1	c1
6.36247606284448e-44	-7.46283904916064	0.001	0.096	2.14377268461482e-39	TNFRSF9	c1
7.95902960179535e-44	-1.3628249411775	0.213	0.351	2.68171543402893e-39	IRF7	c1
9.99222409492188e-44	2.44691339384345	0.038	0.007	3.36677998654298e-39	RP11-356J5.12	c1
1.08130678085089e-43	0.319314213667287	0.893	0.753	3.643355067399e-39	GIMAP7	c1
1.13641406770507e-43	0.687113136251891	0.387	0.241	3.82903355972548e-39	TESPA1	c1
1.41307928651698e-43	-0.513649431481718	0.656	0.703	4.76122934799032e-39	ATP5G3	c1
1.50819638212915e-43	2.69328344211842	0.025	0.003	5.08171688994594e-39	NEFL	c1
1.93958120360105e-43	-0.653902895895116	0.558	0.642	6.53522490741337e-39	SP100	c1
2.58271787196305e-43	0.685729964484559	0.372	0.225	8.7022095977923e-39	ATXN7	c1
4.82469509940863e-43	-0.453441810257434	0.777	0.801	1.62563276679474e-38	TPM3	c1
5.37529449612975e-43	-0.565712996003638	0.643	0.708	1.81115172752596e-38	ITGB2	c1
7.31901912155666e-43	-2.64827203390244	0.118	0.246	2.4660703028173e-38	TNFRSF4	c1
8.90033201297733e-43	0.276744861505985	0.957	0.893	2.99887786845258e-38	DUSP1	c1
9.22033776456692e-43	-1.17950571671905	0.172	0.314	3.10670060639318e-38	RAB5C	c1
1.42868298464872e-42	-0.651790238486464	0.642	0.691	4.81380444847541e-38	PLP2	c1
1.49367842640412e-42	-1.84742138924491	0.076	0.203	5.03280008992606e-38	BCL3	c1
1.71596905782336e-42	0.719698693655329	0.348	0.21	5.78178614343003e-38	PABPC4	c1
1.79151976779419e-42	-1.44060357977617	0.119	0.255	6.03634670560574e-38	RALGDS	c1
2.33236961493367e-42	-1.63090604477489	0.111	0.243	7.85868618055752e-38	JAML	c1
2.92269619565466e-42	0.178693935430539	0.999	0.989	9.8477325616388e-38	MT-ATP8	c1
3.19045481011815e-42	1.65490766915966	0.074	0.022	1.07499184372121e-37	VIPR1	c1
5.31821729863493e-42	0.2248669221452	0.997	0.971	1.79192013660205e-37	FTL	c1
6.16876518609317e-42	-1.40640341581047	0.109	0.245	2.07850374180223e-37	UBE2V1	c1
1.00317045406549e-41	1.25616926950989	0.111	0.042	3.38008252792826e-37	LINC00243	c1
1.2677497467794e-41	1.06484528597249	0.227	0.12	4.27155599679852e-37	DNAJB4	c1
1.27909984745144e-41	-2.40447916377036	0.038	0.151	4.30979902600289e-37	MAP3K8	c1
1.73217581726906e-41	-2.8341769918388	0.041	0.154	5.83639319870637e-37	MIR155HG	c1
1.73699762381402e-41	-1.87204607604225	0.062	0.183	5.85263979367897e-37	CLSTN3	c1
2.13325699331782e-41	-2.22191703423146	0.037	0.149	7.18779611328506e-37	NDUFC2	c1
2.41135927503768e-41	-0.793147602082507	0.404	0.516	8.12483394131197e-37	SIT1	c1
2.8350443441762e-41	-0.652045704959479	0.654	0.708	9.55239841326728e-37	CALR	c1
2.92897124181853e-41	-0.502637473619904	0.666	0.706	9.86887570218337e-37	BRK1	c1
3.16678413417701e-41	0.356147123128815	0.923	0.849	1.0670162461696e-36	JUNB	c1
4.44778834427962e-41	-1.1499167245398	0.201	0.338	1.49863780472157e-36	APMAP	c1
5.73480575085769e-41	-2.97642838179649	0.017	0.119	1.93228544969399e-36	IKZF2	c1
1.00786811018809e-40	1.9463587918213	0.093	0.033	3.39591081046776e-36	CH25H	c1
1.03761260639632e-40	-0.331540695914824	0.923	0.927	3.49613191599176e-36	UBC	c1
1.08321906437233e-40	0.478495084965509	0.61	0.445	3.64979831549615e-36	CAMK4	c1
1.23904651960275e-40	-3.69612686716894	0.012	0.109	4.17484334314949e-36	PECAM1	c1
1.27433473091432e-40	-0.782167675729127	0.496	0.588	4.2937434423427e-36	TUBB	c1
1.57147734910706e-40	-0.798601776751837	0.798	0.789	5.29493578008133e-36	RPS10	c1
2.03005139585736e-40	-5.98908627585128	0.002	0.092	6.8400551732018e-36	DTHD1	c1
2.36855871164126e-40	0.804871404691364	0.227	0.117	7.98062172300405e-36	DHRS3	c1
2.61083536426331e-40	-0.589960206691513	0.539	0.627	8.7969486763488e-36	ARHGDIA	c1
2.80790410360817e-40	-0.389553228422192	0.791	0.804	9.46095208669738e-36	COX7A2	c1
3.1215960380623e-40	-1.32250461808824	0.169	0.303	1.05179056906471e-35	IFI35	c1
3.86376537888254e-40	-1.75094152429252	0.063	0.183	1.30185710676068e-35	C11orf98	c1
4.11190460319753e-40	0.919077780308313	0.21	0.108	1.38546513700137e-35	LGALS3BP	c1
5.35039052194064e-40	-0.593655231941606	0.535	0.611	1.80276058246268e-35	ATP5B	c1
5.37837088582482e-40	-10.8778433069751	0.001	0.088	1.81218828626981e-35	GNLY	c1
9.33034216575488e-40	-0.84836558710003	0.355	0.47	3.14376548932945e-35	PDIA6	c1
1.3431932208654e-39	-2.45573377229612	0.024	0.126	4.52575523838387e-35	FCRL3	c1
1.49936695107938e-39	-0.842430286427866	0.33	0.455	5.05196700496685e-35	COX17	c1
1.76526061151284e-39	0.454533997707763	0.686	0.531	5.94786910443136e-35	EIF2S3	c1
1.81854212085456e-39	1.1326728945851	0.139	0.061	6.12739582200735e-35	FXYD1	c1
3.04768249931572e-39	0.998752237505955	0.153	0.069	1.02688614131944e-34	NME4	c1
3.89024698381562e-39	-0.447117399780802	0.824	0.84	1.31077981872683e-34	CD44	c1
3.93288066389601e-39	-0.652229760214682	0.472	0.568	1.32514481089312e-34	PRELID1	c1
4.36372232777357e-39	-0.759543042493998	0.735	0.755	1.47031260112003e-34	ZFP36L1	c1
6.72643965495195e-39	1.42375600896618	0.083	0.028	2.26640657733951e-34	CFP	c1
9.66378662701248e-39	-1.32108461680208	0.137	0.269	3.25611626610559e-34	BTG3	c1
1.03507607807408e-38	-5.07360580578307	0.005	0.093	3.4875853374628e-34	AC017002.1	c1
1.59078416536979e-38	-2.88333844109023	0.019	0.117	5.35998816679698e-34	MICAL2	c1
2.46299359562809e-38	-0.167919422342861	1	0.998	8.2988106211093e-34	TMSB4X	c1
2.46858006366581e-38	0.524637679176967	0.668	0.522	8.31763366651558e-34	HSPB1	c1
3.54637427333506e-38	-0.712805805039769	0.402	0.516	1.19491534765752e-33	RHOF	c1
3.61342470904901e-38	-0.821029678972697	0.346	0.472	1.21750732146697e-33	C19orf66	c1
6.09475798018456e-38	-0.518099336421851	0.614	0.67	2.05356775384339e-33	TRAPPC1	c1
6.2408980800682e-38	-0.616980442979338	0.467	0.564	2.10280819909818e-33	COPE	c1
6.717730382234e-38	0.635450028399717	0.37	0.233	2.26347207498993e-33	IPCEF1	c1
7.87644524785634e-38	-0.723025522967539	0.357	0.474	2.65388946181272e-33	PSMB6	c1
1.97994983710973e-37	-1.57484135591815	0.086	0.205	6.67124298115753e-33	ATP8A1	c1
2.25546560939133e-37	-0.364027791637406	0.992	0.979	7.59956582428316e-33	RPL26	c1
2.3694196117364e-37	1.22760005742788	0.112	0.045	7.98352243978463e-33	PCSK1N	c1
2.42123427637093e-37	0.152230954207734	1	0.993	8.15810677080421e-33	MT-ND3	c1
2.46460002606935e-37	1.56353039138635	0.078	0.026	8.30422332783805e-33	TTC39C-AS1	c1
2.6044550697083e-37	1.049426326919	0.125	0.053	8.77545091187514e-33	CXCR5	c1
2.61560540658739e-37	-7.59549056715093	0.001	0.082	8.81302085695555e-33	CEBPD	c1
4.16132241769076e-37	-0.69378376115831	0.507	0.591	1.40211597541673e-32	RPS27L	c1
5.1545778020678e-37	0.39997850354261	0.686	0.52	1.73678344462872e-32	CCDC109B	c1
9.62129389402506e-37	-0.767379716310333	0.363	0.491	3.2417987646528e-32	IRF1	c1
9.83759130008022e-37	0.418249061857984	0.622	0.466	3.31467801264903e-32	TGFBR2	c1
1.67727927200649e-36	-0.960283869110148	0.326	0.44	5.65142477909868e-32	SH2D1A	c1
2.10586915595057e-36	-0.307383214009416	0.978	0.957	7.09551553405985e-32	MYL12A	c1
2.39940779626907e-36	-3.07679233374405	0.022	0.116	8.084564628749e-32	LMNA	c1
2.53913727467264e-36	2.68240125388409	0.025	0.004	8.55536913328199e-32	SULT1B1	c1
2.70710142047778e-36	-1.19328170426411	0.142	0.269	9.12130752615783e-32	TXNDC17	c1
3.62815734909425e-36	-0.350099687189016	0.843	0.844	1.22247133720382e-31	GABARAP	c1
3.91673097998069e-36	-3.8347491202596	0.008	0.093	1.31970333639469e-31	PTGDR	c1
4.01501175904596e-36	-1.00685803629013	0.213	0.338	1.35281806209295e-31	SH3BP1	c1
4.38182646135798e-36	-1.61063084958015	0.098	0.216	1.47641260788996e-31	SLC7A5	c1
8.67764277226295e-36	-0.643440804991337	0.475	0.572	2.92384495568628e-31	TAP1	c1
8.93999703158391e-36	-0.968148148820726	0.223	0.353	3.01224259982188e-31	TGFB1	c1
9.17209700862273e-36	-1.68982413328826	0.062	0.173	3.09044636608534e-31	ACAA2	c1
1.07014158334093e-35	-0.684447018890959	0.511	0.585	3.60573505090892e-31	UBE2L6	c1
1.12092564468576e-35	0.533303121023433	0.494	0.349	3.77684686720421e-31	SMAP2	c1
1.75797874576028e-35	-0.849030966746331	0.316	0.436	5.92333358596467e-31	DOK2	c1
1.81701120313629e-35	-3.85903037039054	0.009	0.094	6.12223754784741e-31	IKZF4	c1
1.83691558250983e-35	-2.8339447371189	0.019	0.11	6.18930336370863e-31	RP11-222K16.2	c1
2.04062149519565e-35	-0.301025557529286	0.954	0.948	6.87567006591223e-31	PPDPF	c1
2.07738422763958e-35	-1.04075694385818	0.318	0.441	6.9995384166088e-31	BATF	c1
2.15635855895526e-35	-2.18019270166238	0.041	0.142	7.26563452854386e-31	CISH	c1
3.21863711081599e-35	0.180839391081546	0.991	0.959	1.08448758811834e-30	MT-ND4	c1
4.26941506237075e-35	-1.37433729343201	0.127	0.25	1.4385367111152e-30	MYADM	c1
4.75389060597652e-35	-0.441208550176966	0.868	0.855	1.60177590077773e-30	RARRES3	c1
4.91399801684769e-35	-2.39547176021264	0.027	0.122	1.65572249179666e-30	ETV7	c1
5.71447337013103e-35	-0.586918665473602	0.469	0.566	1.92543465733195e-30	BSG	c1
6.69081177168555e-35	-0.479708316998978	0.717	0.746	2.25440211835173e-30	PSME2	c1
6.7091201639284e-35	0.888735230508599	0.164	0.08	2.26057094803403e-30	BACH2	c1
1.10213370489911e-34	-2.29894589766027	0.032	0.127	3.71352930528705e-30	GK	c1
1.18497841344906e-34	0.436076053370583	0.577	0.421	3.99266626627525e-30	ATM	c1
1.25792097849426e-34	-1.43256156167899	0.081	0.195	4.23843894493857e-30	B3GNT2	c1
1.26511461687304e-34	0.206734777415345	0.228	0.123	4.26267719009201e-30	CTSL	c1
1.30559436079637e-34	0.439514563769999	0.547	0.394	4.39906963926728e-30	INPP4B	c1
1.32872460100669e-34	-0.597085304052445	0.627	0.669	4.47700467063193e-30	ENO1	c1
1.37098282625089e-34	-0.530524634544169	0.596	0.665	4.61938953476974e-30	SHISA5	c1
1.42768527179586e-34	0.677866495357537	0.322	0.2	4.81044275478897e-30	RNF138	c1
1.66492753954916e-34	-0.475195955466622	0.965	0.933	5.60980685175694e-30	VIM	c1
1.97798452122701e-34	-1.21454497611807	0.182	0.303	6.66462104582229e-30	EIF2AK2	c1
2.10309908398514e-34	0.821864880555825	0.171	0.084	7.08618205357952e-30	LINC00239	c1
2.14617441565467e-34	0.846682775121896	0.196	0.103	7.23132007610685e-30	MYC	c1
2.37874100268463e-34	-5.30403193618767	0.003	0.08	8.01492993444561e-30	CD70	c1
3.74642000342516e-34	1.35199678570338	0.081	0.029	1.26231875595407e-29	VSIG1	c1
4.9132388008393e-34	2.0966039490021	0.037	0.008	1.65546668155479e-29	HEMGN	c1
6.01777146885479e-34	-1.81238862722393	0.055	0.158	2.02762791871593e-29	FAM46C	c1
7.42248078808378e-34	-1.36255983716	0.108	0.224	2.50093067673695e-29	TMBIM4	c1
7.44864600830462e-34	-0.595985645560824	0.49	0.576	2.50974678603816e-29	BUB3	c1
7.63232157047363e-34	-1.93893325575728	0.047	0.148	2.57163442995538e-29	NPDC1	c1
8.01743980189611e-34	0.420908676034371	0.564	0.402	2.70139616685087e-29	TRAT1	c1
8.33433162344746e-34	-0.633281429953787	0.401	0.503	2.80816969720439e-29	PSMA6	c1
9.15196519469394e-34	-0.822602718270998	0.266	0.389	3.08366315270018e-29	LSM2	c1
9.47349450208848e-34	-1.36819411046625	0.102	0.219	3.19199923753369e-29	NCF4	c1
9.759676090685e-34	-0.733038024227592	0.362	0.47	3.2884252619954e-29	RAB1B	c1
1.0000754623963e-33	1.40442598365008	0.081	0.03	3.36965426299808e-29	NLRP6	c1
1.04157385439504e-33	-2.04873630035843	0.041	0.139	3.50947894499864e-29	SPATS2L	c1
1.24814122400103e-33	-0.555296363989508	0.498	0.584	4.20548704014909e-29	PSMB3	c1
1.30625375676455e-33	-0.362849867774822	0.908	0.904	4.40129140804247e-29	DDX5	c1
1.3506773361808e-33	-1.26206246071795	0.148	0.268	4.5509722165276e-29	SAMD9L	c1
2.18863006217171e-33	-0.817048571135519	0.261	0.385	7.37437013148138e-29	C20orf24	c1
2.19208241619161e-33	-0.490182520271151	0.643	0.703	7.386002493116e-29	WIPF1	c1
3.33042514900725e-33	-0.896056983566819	0.382	0.489	1.1221534497065e-28	IER2	c1
3.3341978669413e-33	0.488323678902675	0.512	0.366	1.1234246292872e-28	DGKA	c1
3.46794274338536e-33	-0.92086449441569	0.25	0.374	1.16848862795626e-28	PDE4B	c1
3.78413362479506e-33	1.75533757936621	0.047	0.013	1.27502598353845e-28	EDA	c1
3.90892238845266e-33	1.57717012448163	0.051	0.014	1.31707230956524e-28	RP11-44F14.2	c1
3.99499757742143e-33	1.48913559831588	0.07	0.024	1.34607448373638e-28	ATG9B	c1
4.40844314521587e-33	-1.96346340471353	0.039	0.136	1.48538083334904e-28	SYT11	c1
4.41566574561833e-33	-0.380454104827534	0.759	0.79	1.48781441632864e-28	UQCR11	c1
4.81845784955494e-33	0.201336141388484	0.98	0.946	1.62353118782904e-28	COX4I1	c1
6.7730660931128e-33	-1.55898040248622	0.249	0.356	2.28211688941343e-28	MX1	c1
6.99197789970429e-33	1.08170632485057	0.124	0.055	2.35587703352636e-28	CHRM3-AS2	c1
7.95122290662578e-33	-1.12901843654039	0.141	0.26	2.67908504615849e-28	FAM173A	c1
8.25748298940148e-33	-5.31964007834873	0.003	0.078	2.78227631844893e-28	CCL3L3	c1
1.02942210314547e-32	0.307621662307894	0.856	0.751	3.46853483433836e-28	RPL36A	c1
1.54835241260726e-32	-1.46095418832246	0.07	0.176	5.21701861903891e-28	SARNP	c1
1.66998880454011e-32	-0.636054460669023	0.407	0.505	5.62686027801744e-28	ATP5C1	c1
1.68907185436525e-32	-0.318333322494989	0.936	0.926	5.69115870609828e-28	HMGB1	c1
2.27199685127576e-32	-0.235678873596313	0.982	0.967	7.65526619068855e-28	PPIA	c1
2.49298579899399e-32	-0.576450185955804	0.65	0.697	8.39986635113035e-28	RNF213	c1
2.69592953452758e-32	-2.06553044908277	0.044	0.138	9.08366497363722e-28	PPP2R2B	c1
4.15592459800153e-32	-0.79843589880056	0.275	0.394	1.40029723405063e-27	FERMT3	c1
5.17084002989589e-32	1.80050229827119	0.039	0.009	1.74226283967312e-27	PELI2	c1
5.17283947706169e-32	-3.18793715248201	0.016	0.097	1.74293653340117e-27	HAVCR2	c1
8.28093843801334e-32	0.989534292212808	0.133	0.062	2.79017939730422e-27	FHL1	c1
8.45190649106448e-32	-0.595230294675544	0.477	0.56	2.84778537309927e-27	RBX1	c1
9.14237222275536e-32	0.86569448304525	0.189	0.102	3.08043089673519e-27	LY96	c1
9.90217192011479e-32	-2.5277767632362	0.021	0.105	3.33643780676348e-27	CD200	c1
1.04838652160567e-31	0.484683295238374	0.42	0.282	3.53243354589813e-27	THEM4	c1
1.06951505200891e-31	-0.590132278143751	0.401	0.487	3.60362401623882e-27	EEF1G	c1
1.2286101265761e-31	1.27767053030691	0.081	0.03	4.13967896048552e-27	RP11-37B2.1	c1
1.81223954992926e-31	-0.648779093916114	0.368	0.474	6.10615993953166e-27	PPP4C	c1
1.92648926990502e-31	0.252728249253217	0.922	0.852	6.49111294601799e-27	RPL23	c1
2.58291045572226e-31	-0.630551533424829	0.427	0.514	8.70285848951057e-27	PSMD8	c1
2.64959833586243e-31	-1.69779520210242	0.069	0.169	8.92755663285486e-27	GABARAPL1	c1
3.01136140872138e-31	-2.64415942377653	0.026	0.111	1.01464811305458e-26	CDKN1A	c1
4.51986129663668e-31	-2.57026916359863	0.024	0.108	1.52292206528876e-26	USP18	c1
5.33266887676761e-31	-0.623243186691011	0.424	0.516	1.79678945133808e-26	PSMA5	c1
5.67253729940885e-31	-1.01667354240935	0.161	0.279	1.91130471766282e-26	C6orf1	c1
5.72777481371155e-31	-1.13300351053039	0.147	0.26	1.92991644573197e-26	MRPL10	c1
6.42719542997204e-31	-0.631071318935448	0.421	0.51	2.16557922817478e-26	TBCB	c1
6.83028028271423e-31	-1.73712476274516	0.047	0.142	2.30139463845773e-26	GFI1	c1
7.73135424783594e-31	1.82355508430029	0.047	0.013	2.60500250026584e-26	RALGPS2	c1
7.82973366638169e-31	-0.5875261802008	0.45	0.537	2.63815046155065e-26	NEDD8	c1
7.8561474616364e-31	-8.22767112144227	0	0.067	2.64705032572377e-26	TNIP3	c1
7.9042275817449e-31	-0.870304720693729	0.212	0.332	2.66325044139313e-26	RNF166	c1
8.22852384763979e-31	-0.9643128386814	0.194	0.31	2.77251882522375e-26	PYCARD	c1
8.92872835463302e-31	-0.900618107778404	0.215	0.333	3.00844573181005e-26	HSPB11	c1
9.87770813713295e-31	-4.35187306289218	0.005	0.076	3.32819497972558e-26	KLRK1	c1
1.13290897007695e-30	1.03261146658801	0.134	0.064	3.81722348377728e-26	AC013264.2	c1
1.17854093926094e-30	1.91883106094161	0.032	0.007	3.97097584074581e-26	FAM153A	c1
1.27440924158634e-30	-0.305496484262108	0.9	0.89	4.29399449860103e-26	YWHAB	c1
1.47088011484545e-30	-0.590700801037915	0.558	0.627	4.95598345896025e-26	SQSTM1	c1
1.86155251794195e-30	0.933141963512261	0.151	0.075	6.2723150539536e-26	RCBTB2	c1
1.92304593499309e-30	0.601134232835848	0.298	0.185	6.47951097336573e-26	GIMAP5	c1
2.55831234095673e-30	-1.15276613493059	0.148	0.26	8.61997760161962e-26	RFTN1	c1
2.85650042162733e-30	-0.544046965994424	0.546	0.616	9.62469252063114e-26	MSN	c1
3.4131487103292e-30	-1.32624253608718	0.087	0.192	1.15002632645832e-25	DUSP23	c1
3.70192953379864e-30	-0.669433632709372	0.363	0.471	1.24732813711811e-25	SPCS2	c1
4.76032524331528e-30	-0.65672823825317	0.45	0.545	1.60394398748265e-25	SYNE2	c1
5.04877059209423e-30	-1.23165035165842	0.128	0.238	1.70113276330023e-25	TUBB4B	c1
5.07830734012972e-30	-0.626470720165602	0.437	0.521	1.71108487518331e-25	PRDX5	c1
6.88829505305357e-30	-0.383697163347039	0.701	0.735	2.32094213517587e-25	KRTCAP2	c1
7.29925449558137e-30	0.800395722537701	0.189	0.103	2.45941080974119e-25	EPHX2	c1
7.51600950571246e-30	-1.12177874064328	0.136	0.248	2.53244424285476e-25	CISD3	c1
8.68903640663111e-30	-2.22638472890507	0.023	0.105	2.92768392685029e-25	GTDC1	c1
8.72230237885348e-30	-0.849455323348931	0.225	0.342	2.93889256353089e-25	RGS19	c1
9.05190323084866e-30	-0.322541760434127	0.896	0.889	3.04994827460215e-25	ALDOA	c1
9.24961000548092e-30	-2.25490511826716	0.021	0.102	3.11656359524674e-25	FHL3	c1
1.32624012864117e-29	-5.35969844846917	0.002	0.068	4.46863348944356e-25	LMCD1	c1
1.3857695261939e-29	-0.782703429141382	0.292	0.4	4.66921184155771e-25	CCDC107	c1
1.48783716844357e-29	0.134225562032173	0.998	0.986	5.01311855535376e-25	MT-ND1	c1
1.61187649928169e-29	0.563615545833915	0.333	0.215	5.43105667667972e-25	FBXO32	c1
1.61604044544081e-29	-1.05396015342513	0.117	0.229	5.44508667686826e-25	PHLDA1	c1
1.65025679675437e-29	-1.07321047701535	0.184	0.297	5.56037525098416e-25	LDLRAD4	c1
1.69095576252781e-29	-8.29292495858339	0.001	0.067	5.6975063462612e-25	CCL3	c1
2.03688855480706e-29	0.110112173285215	1	0.999	6.86309229656689e-25	MT-CO2	c1
2.25826929472096e-29	0.907598802587338	0.141	0.069	7.60901256163279e-25	AIG1	c1
2.51869655474188e-29	1.84773346134309	0.036	0.009	8.48649617154728e-25	DBNDD1	c1
2.6560653909739e-29	1.08644929346157	0.081	0.031	8.94934672834746e-25	SVIL	c1
2.95738734627335e-29	-0.776202798176691	0.265	0.378	9.96462092453343e-25	CCDC12	c1
3.53027560441013e-29	0.763139802287025	0.222	0.129	1.18949106214995e-24	KLF9	c1
4.33086803051808e-29	-0.791057300936212	0.359	0.461	1.45924267420276e-24	HSPA5	c1
5.20287587463226e-29	-0.7378116487149	0.305	0.411	1.75305699719859e-24	TWF2	c1
5.50177539507843e-29	1.01398375237824	0.105	0.046	1.85376820161773e-24	RP11-108M9.4	c1
6.28535298289601e-29	0.801831802422938	0.174	0.093	2.11778683405698e-24	RP3-492J12.2	c1
6.37352619117014e-29	-2.20744526294387	0.026	0.107	2.14749591485287e-24	SLC1A5	c1
8.413575892924e-29	-1.00589309040802	0.155	0.265	2.83487026136181e-24	SDHD	c1
9.11915938846551e-29	-0.211341214116582	0.992	0.981	3.07260956434957e-24	SERF2	c1
1.00612345601091e-28	-8.7105941937501	0	0.063	3.39003237268316e-24	ZBED2	c1
1.303587474248e-28	-0.881356222703596	0.21	0.324	4.39230763573122e-24	SH3GLB1	c1
1.30770443153253e-28	0.831689495588287	0.185	0.102	4.4061793116057e-24	PDCD4-AS1	c1
1.36534466102684e-28	-5.71753013237933	0.001	0.065	4.60039230086384e-24	MSC	c1
1.37474942918162e-28	-1.30046033221252	0.111	0.214	4.63208072668455e-24	IFNGR1	c1
1.49804720205506e-28	0.106342127642042	0.999	0.998	5.04752024260432e-24	MT-ND4L	c1
1.5092970442874e-28	-0.905039450615273	0.216	0.329	5.08542546102197e-24	SPN	c1
1.52658485860846e-28	-1.53333459953233	0.048	0.139	5.14367502259534e-24	CASP3	c1
1.71921351451377e-28	-0.909840977796534	0.24	0.351	5.79271801580268e-24	PRDM1	c1
1.86137373981816e-28	-3.19105429262764	0.021	0.096	6.27171267894332e-24	IFIT1	c1
1.86425628228033e-28	-1.46318908516399	0.113	0.215	6.28142511751535e-24	CAPG	c1
1.96153277898052e-28	-8.27194427200336	0	0.062	6.60918854549697e-24	LAYN	c1
1.97549633027895e-28	-1.39904896379998	0.115	0.219	6.6562373352419e-24	PLSCR1	c1
2.05131172406429e-28	-0.335819222576081	0.831	0.822	6.91168972306222e-24	TMBIM6	c1
2.23326310608298e-28	0.910584491441482	0.151	0.077	7.52475670963599e-24	CHD7	c1
2.28409158285953e-28	1.81737333322979	0.035	0.008	7.69601817928691e-24	SYDE2	c1
2.55507779709523e-28	1.29975565480515	0.092	0.039	8.60907912953267e-24	HSPA6	c1
3.25422094127098e-28	-0.571120964758255	0.542	0.609	1.09647720395185e-23	TRAC	c1
3.5935890591507e-28	-1.05174347018612	0.152	0.261	1.21082389759024e-23	EVI2B	c1
3.7556842587954e-28	-0.942211335544014	0.182	0.293	1.26544025415852e-23	ILK	c1
3.79273989394553e-28	-0.272005727424908	0.921	0.907	1.27792577986601e-23	PSME1	c1
3.85703536852607e-28	-1.07945040512013	0.178	0.285	1.29958949707117e-23	PRNP	c1
4.04107508225643e-28	-0.727922189321062	0.324	0.425	1.36159983821548e-23	CAPN2	c1
4.24628461143533e-28	-0.827650023779109	0.245	0.357	1.43074313697702e-23	DNAJC1	c1
4.82073909138054e-28	-0.499328141172293	0.555	0.618	1.62429982944976e-23	ANXA6	c1
5.1877078539386e-28	-0.564183009611818	0.409	0.504	1.74794628430607e-23	RNF7	c1
5.66304642028689e-28	0.429114485289292	0.493	0.359	1.90810686085147e-23	FBL	c1
6.57232861101811e-28	-3.85229680297456	0.004	0.069	2.21448040219644e-23	DFNB31	c1
6.64266481418647e-28	-1.43677974125902	0.077	0.173	2.23817948249199e-23	TUBA1C	c1
7.6682745991196e-28	-1.73739009340245	0.065	0.157	2.58374844342736e-23	IGFBP4	c1
7.78192624481538e-28	0.369958556928827	0.67	0.534	2.62204222892809e-23	TNFAIP8	c1
9.03609788347295e-28	-0.647802938914367	0.35	0.456	3.04462282085738e-23	SCAMP2	c1
1.13266218001945e-27	1.94668436914358	0.036	0.009	3.81639194935753e-23	ACVR1C	c1
1.18727159557516e-27	0.55192297318177	0.291	0.183	4.00039291413094e-23	MAML2	c1
1.20719897716155e-27	-1.15853664865246	0.107	0.21	4.06753623364811e-23	ARPC4	c1
1.45717434197838e-27	-6.30578981896146	0.001	0.062	4.90980322786197e-23	PCAT29	c1
1.49755102662619e-27	-0.448206426349163	0.555	0.621	5.04584842911429e-23	PSMB1	c1
1.62147780581821e-27	-0.366613266533298	0.729	0.754	5.46340731892388e-23	HCLS1	c1
1.63581730337212e-27	-0.968040577206727	0.186	0.294	5.51172282198203e-23	MYO1G	c1
1.99848634615424e-27	0.612417718383319	0.257	0.157	6.7336998947321e-23	MARCKSL1	c1
2.23728908008577e-27	1.98212997749268	0.029	0.006	7.53832182644098e-23	RBM11	c1
2.42071514009026e-27	-4.2485648187599	0.004	0.068	8.15635759302011e-23	CDCA7	c1
2.78834432956733e-27	-2.57681333642436	0.018	0.091	9.39504738404417e-23	HLA-DMB	c1
3.28984552186321e-27	2.80835915798129	0.015	0.002	1.10848055013659e-22	RASSF6	c1
4.06378701260801e-27	2.0270696871512	0.029	0.006	1.36925239602814e-22	MMRN1	c1
5.55317145254386e-27	-7.41290225910972	0.001	0.06	1.87108558922013e-22	KLRC1	c1
5.58935199996059e-27	-0.793157163219548	0.31	0.416	1.88327626286672e-22	REL	c1
6.10501700171903e-27	-1.88168356797557	0.038	0.12	2.05702442855921e-22	AD000671.6	c1
6.3666972062998e-27	-0.479847232017216	0.569	0.619	2.14519495669065e-22	ATP6V0C	c1
7.16275161029612e-27	-2.17107750656948	0.024	0.099	2.41341752757317e-22	MPST	c1
7.50536554968451e-27	-5.41102842695734	0.003	0.064	2.5288578683107e-22	TNFSF9	c1
7.58939932024805e-27	-3.25366692339707	0.014	0.083	2.55717220696438e-22	RGS16	c1
8.11467090761723e-27	-0.912636120179956	0.201	0.308	2.73415721561255e-22	GALM	c1
8.61545535708109e-27	0.322624899266716	0.708	0.576	2.9028915280149e-22	SMCHD1	c1
8.61865654791606e-27	-0.890381792919414	0.192	0.301	2.90397013725484e-22	TADA3	c1
9.49192218460188e-27	-0.595743692852285	0.392	0.486	3.19820826087976e-22	TSC22D4	c1
9.60754539666135e-27	-1.02084110302975	0.138	0.244	3.23716634595108e-22	ELOVL1	c1
1.05974561306422e-26	0.39452515133584	0.468	0.333	3.57070686865857e-22	NELL2	c1
1.23654060251406e-26	0.632928373259867	0.223	0.132	4.16639990611087e-22	TMEM63A	c1
1.2485627115695e-26	0.341824959949758	0.569	0.423	4.20690720036227e-22	LINC00861	c1
1.54792814021263e-26	-5.1767365234822	0.003	0.063	5.21558907563243e-22	C1orf21	c1
1.60105010366608e-26	-0.512205154741599	0.478	0.555	5.3945782192925e-22	ZNF706	c1
1.66995034062707e-26	-1.27531751132115	0.118	0.219	5.62673067770886e-22	ACP5	c1
1.69850470467315e-26	-3.84143367654931	0.006	0.069	5.7229417519257e-22	IL12RB2	c1
1.80008536644992e-26	2.15144626042886	0.029	0.006	6.06520763371635e-22	RP11-47A8.5	c1
1.85617508778222e-26	0.321774841323609	0.735	0.607	6.2541963407734e-22	IKZF1	c1
2.07967218394396e-26	-1.64854030956268	0.04	0.122	7.00724745658077e-22	CD151	c1
2.24326578735054e-26	-0.710222651203103	0.291	0.397	7.55845974389892e-22	VASP	c1
2.27695822664281e-26	-0.491917210036211	0.509	0.574	7.67198304885029e-22	DYNLRB1	c1
2.29990798571016e-26	1.11935317485274	0.105	0.049	7.74930996705181e-22	GNAQ	c1
2.356827592394e-26	1.07988903319048	0.1	0.045	7.94109488981236e-22	FHIT	c1
2.48057686443175e-26	1.95524670145714	0.04	0.011	8.35805568701633e-22	FLJ31104	c1
2.90336654272859e-26	0.841229865838914	0.191	0.11	9.78260322906972e-22	TSHZ2	c1
3.0592646959139e-26	-0.696068553410268	0.288	0.393	1.03078864664123e-21	ADRM1	c1
3.1083765134067e-26	-0.332621450143272	0.768	0.78	1.04733638242725e-21	COX5B	c1
3.19104436802063e-26	-2.84203118306003	0.012	0.079	1.07519048936087e-21	ATP1B1	c1
3.29335864083926e-26	0.606219635298443	0.247	0.149	1.10966426044438e-21	PLEKHA1	c1
3.4581104007696e-26	0.229904101153942	0.912	0.839	1.16517571843531e-21	EIF3F	c1
3.89385701602326e-26	-1.15727183207892	0.117	0.216	1.31199618297888e-21	SQRDL	c1
4.02306162711104e-26	0.6210150569667	0.288	0.185	1.35553038463879e-21	SH3BP5	c1
4.30633346079529e-26	-0.41927568118712	0.648	0.675	1.45097599628037e-21	ATP5J2	c1
4.79854456589748e-26	0.263112509484714	0.851	0.729	1.6168216060335e-21	SEPT6	c1
4.80362386777106e-26	-3.59093643611411	0.006	0.069	1.61853302600678e-21	CAMK1	c1
4.80811723208934e-26	-1.17095189956767	0.12	0.22	1.62004702018018e-21	IL21R	c1
5.04789579322635e-26	0.480532700305382	0.391	0.27	1.70083800856969e-21	RCAN3	c1
5.23032789578275e-26	-0.945206809637971	0.159	0.264	1.76230668120504e-21	UBE2A	c1
5.28042053946453e-26	-0.970952541106938	0.254	0.353	1.77918489656718e-21	XAF1	c1
5.37224671770375e-26	1.39790436057361	0.069	0.026	1.8101248090631e-21	ALPK1	c1
6.04331625863316e-26	-1.71067068483052	0.043	0.125	2.03623498018386e-21	ZNRF1	c1
6.14570155723645e-26	-0.542316757303764	0.462	0.547	2.07073268269525e-21	IDS	c1
6.51013379697588e-26	-0.671909613174992	0.495	0.549	2.19352448155305e-21	CD82	c1
7.85462885901094e-26	-1.19637815451749	0.104	0.202	2.64653864775515e-21	PDE4D	c1
8.06571371129722e-26	-1.25587474596227	0.079	0.172	2.71766157788449e-21	PSENEN	c1
8.82208858293933e-26	-1.30289936143403	0.069	0.159	2.97251452713558e-21	CARD19	c1
9.96776755044667e-26	-0.674278575285927	0.315	0.416	3.3585395984475e-21	CMTM3	c1
1.00597614470527e-25	-1.47649455866915	0.063	0.15	3.38953602196992e-21	ARHGAP18	c1
1.09165387336961e-25	-0.493272551378271	0.519	0.585	3.67821856093156e-21	SNRPB	c1
1.09513691680635e-25	-0.869576819632231	0.176	0.284	3.68995432748731e-21	C18orf32	c1
1.3560832689709e-25	-0.941862161852286	0.183	0.286	4.56918696647056e-21	SDF2L1	c1
1.47207153790336e-25	-0.900080719819968	0.211	0.313	4.95999783981157e-21	PHPT1	c1
1.55722143948502e-25	-0.464875025879537	0.583	0.632	5.24690191820082e-21	LRRFIP1	c1
1.61210823566349e-25	-2.90922668668633	0.011	0.076	5.43183748924457e-21	CDKN2A	c1
1.72857573635541e-25	1.22336138192269	0.077	0.031	5.82426308607593e-21	FAM117B	c1
1.78481678512838e-25	-2.19380269919994	0.026	0.099	6.01376167581157e-21	PRR5L	c1
1.80890832477185e-25	-0.50593373305662	0.483	0.561	6.09493570948626e-21	FAM96B	c1
1.82001013309487e-25	-0.709460572238283	0.317	0.415	6.13234214244984e-21	BZW1	c1
1.85349786320534e-25	-0.53142732601532	0.546	0.598	6.24517570028407e-21	PRDX1	c1
1.9390435866081e-25	-1.33749221761632	0.057	0.143	6.53341346071733e-21	CKS2	c1
2.03256021002958e-25	1.9025746913966	0.033	0.008	6.84850837167365e-21	WNT7A	c1
2.14557266958693e-25	-2.77666516883373	0.017	0.085	7.22929255290622e-21	CSF1	c1
2.16686411949685e-25	-0.664079245018756	0.317	0.415	7.30103196423268e-21	SSNA1	c1
2.17158205934032e-25	1.13624993057444	0.091	0.04	7.31692859074129e-21	IGFBP3	c1
2.19513138522223e-25	-0.584368550986203	0.379	0.472	7.39627568936777e-21	NDUFA6	c1
2.46443150306221e-25	-0.300640417085831	0.815	0.842	8.3036555064178e-21	C19orf43	c1
2.46747794240909e-25	-1.02464336751385	0.167	0.268	8.3139201791532e-21	ORMDL3	c1
2.49395849927002e-25	-0.582469417990026	0.44	0.514	8.4031437674404e-21	SRSF3	c1
3.11200450914982e-25	-3.53639905705721	0.027	0.099	1.04855879931294e-20	NMB	c1
3.24644500203775e-25	0.412649302919366	0.444	0.316	1.0938571789866e-20	ST3GAL1	c1
3.29892505191008e-25	-0.900944857257622	0.175	0.277	1.11153980699058e-20	ASNA1	c1
3.34644548861787e-25	1.18644465483176	0.094	0.042	1.1275513429349e-20	LDOC1	c1
3.5089436499569e-25	-0.429771631262651	0.639	0.673	1.18230347341648e-20	PSMB10	c1
4.10772747677372e-25	-1.0188331006274	0.131	0.23	1.38405769602414e-20	ST8SIA4	c1
4.34563084363129e-25	0.39133357948469	0.528	0.397	1.46421685645313e-20	ADD3	c1
5.17902837794138e-25	0.270155113917087	0.802	0.678	1.74502182166357e-20	AES	c1
5.24944066504671e-25	-0.457369346769301	0.72	0.739	1.76874653768084e-20	SRSF7	c1
5.25800749614619e-25	1.98351768432253	0.025	0.005	1.7716330457515e-20	ADAM23	c1
5.41155560584915e-25	-1.45324375106675	0.051	0.134	1.82336954583481e-20	RIN3	c1
5.44279385112973e-25	-1.11428444483321	0.132	0.229	1.83389496019965e-20	MAPK1	c1
5.77825516827071e-25	1.19279112355037	0.078	0.032	1.94692529639713e-20	TNFRSF10D	c1
6.08025982707092e-25	-0.90504999326233	0.163	0.266	2.04868274613328e-20	EIF6	c1
6.63404006218736e-25	0.350283903972554	0.605	0.47	2.23527345855341e-20	CCNH	c1
7.61085498826522e-25	-0.691148283630981	0.254	0.36	2.56440147974608e-20	PSMB2	c1
9.0804427694574e-25	-0.360982240538476	0.694	0.724	3.05956438674098e-20	USMG5	c1
9.66605916169521e-25	0.862076990225544	0.111	0.053	3.25688197394158e-20	AIF1	c1
1.05273240216979e-24	-0.789570183630784	0.261	0.363	3.54707655587089e-20	PYHIN1	c1
1.05663897275631e-24	-0.717510895229395	0.296	0.392	3.5602393548051e-20	ARHGAP30	c1
1.06380267846874e-24	1.28691176726234	0.061	0.022	3.58437674483257e-20	C6orf99	c1
1.08588870724037e-24	-0.497641595552158	0.899	0.862	3.6587934101757e-20	RPL17	c1
1.09928271738602e-24	-0.627919137525846	0.423	0.511	3.70392318796047e-20	BAX	c1
1.1024825478604e-24	0.834037768204798	0.119	0.058	3.71470469676083e-20	DPEP2	c1
1.1686398923338e-24	-2.24727960542305	0.032	0.106	3.93761525322951e-20	TRGV3	c1
1.49843525520892e-24	1.96171887759081	0.029	0.007	5.04882774890092e-20	RP11-475O6.1	c1
1.53131087388118e-24	-0.524945523916447	0.606	0.638	5.15959885845524e-20	C9orf16	c1
1.65446332368504e-24	-0.273764618172738	0.919	0.908	5.57454872282438e-20	HNRNPA2B1	c1
1.72145276290164e-24	-1.02091393648417	0.117	0.215	5.80026293932079e-20	YARS	c1
1.81099502806951e-24	-0.997577079559943	0.169	0.269	6.10196664757742e-20	GCHFR	c1
1.83255784203672e-24	-0.950871075359373	0.145	0.245	6.17462039295854e-20	CARHSP1	c1
2.13324552989928e-24	-0.89259818729233	0.157	0.26	7.18775748844264e-20	VIMP	c1
2.20529071769708e-24	-1.36644535714558	0.063	0.148	7.43050654420855e-20	GPR137B	c1
2.59270883803217e-24	-1.34537411761201	0.075	0.163	8.7358731588656e-20	SNAP47	c1
2.66123874453784e-24	-1.00096261421327	0.16	0.259	8.96677782584581e-20	RASSF1	c1
2.70289995680092e-24	-3.85643981624261	0.005	0.063	9.10715111444502e-20	ADRB2	c1
2.95396602634531e-24	-1.04336326910402	0.143	0.24	9.9530931291679e-20	MAZ	c1
3.27125027463667e-24	-1.3296225821803	0.073	0.161	1.10221506753608e-19	PAM	c1
3.39910254124979e-24	-0.589438240330628	0.452	0.527	1.14529361024871e-19	SLFN5	c1
3.60468606863437e-24	0.588725056128268	0.273	0.177	1.21456292396566e-19	KIAA0922	c1
3.6831330031325e-24	-0.814260913670262	0.198	0.3	1.24099483407546e-19	NUDT5	c1
4.4324694507433e-24	0.858476203428719	0.16	0.089	1.49347625673345e-19	UBASH3B	c1
4.56178990865111e-24	-3.51458109935501	0.006	0.065	1.53704949182091e-19	DAPK2	c1
4.8719155955071e-24	-8.99726899880689	0	0.053	1.64154324075016e-19	IGFL2	c1
5.14151614841759e-24	-2.92251198306267	0.013	0.076	1.73238245104782e-19	TRGC2	c1
5.32139889491982e-24	-1.03942487543155	0.127	0.223	1.79299214365428e-19	NAA10	c1
5.33243448852079e-24	-0.634940194209652	0.307	0.407	1.7967104765622e-19	PIN1	c1
5.40321931752762e-24	1.17484290204985	0.074	0.031	1.82056071684776e-19	GSTM2	c1
5.46827601467151e-24	-1.68777858393801	0.044	0.121	1.84248092038342e-19	RP5-1171I10.5	c1
5.54980718465405e-24	-0.538550633721588	0.473	0.549	1.86995203279734e-19	BTN3A2	c1
5.77717645763494e-24	-0.869251729362578	0.191	0.293	1.94656183563552e-19	PARVG	c1
5.8444918245563e-24	0.2622476305425	0.842	0.739	1.969243075366e-19	EIF3H	c1
5.87278894245289e-24	-2.75327414840443	0.011	0.072	1.97877750627008e-19	IRF5	c1
6.33800248481259e-24	-0.642543477264562	0.42	0.5	2.13552655723275e-19	CBLB	c1
6.3409859944621e-24	0.438435296071875	0.414	0.295	2.13653182097406e-19	NPC2	c1
7.18590367762258e-24	-0.597702969648067	0.403	0.488	2.42121838513815e-19	CCDC85B	c1
7.37831599568722e-24	-1.64791824851316	0.042	0.118	2.48604979158685e-19	ANXA4	c1
7.74684761856428e-24	0.350215778909732	0.93	0.893	2.61022283659905e-19	HSP90AA1	c1
8.16047068848815e-24	1.18877101753855	0.073	0.03	2.7495889937792e-19	HRH2	c1
8.30047719816539e-24	-0.542654902567413	0.484	0.551	2.79676278714985e-19	CD164	c1
8.42162542298943e-24	-0.763770044126635	0.227	0.326	2.83758247002206e-19	GTF3C6	c1
8.53971799300078e-24	-0.550621040331588	0.61	0.647	2.87737258056168e-19	CORO1B	c1
1.23182706468262e-23	-1.16894257536526	0.096	0.187	4.15051811174163e-19	ACTA2	c1
1.25535407384589e-23	-0.973590319952374	0.132	0.228	4.22979001641634e-19	PPP2CA	c1
1.30563900752412e-23	-1.62690151286723	0.044	0.12	4.39922007195177e-19	APOBEC3D	c1
1.33524581096931e-23	-2.54710397153859	0.017	0.081	4.49897723548e-19	KLF10	c1
1.39344032686501e-23	-0.902605854010681	0.164	0.262	4.69505783733896e-19	RNF5	c1
1.48143510245539e-23	0.89967107622257	0.135	0.071	4.99154743421319e-19	SLC8B1	c1
1.52429768809586e-23	-0.809706595681092	0.226	0.325	5.13596863027018e-19	MGAT1	c1
1.67137375906029e-23	-0.404420016697667	0.627	0.674	5.63152674377774e-19	CD247	c1
1.75933325242564e-23	-1.72132549277015	0.034	0.107	5.92789746072294e-19	SPSB1	c1
1.97180921888164e-23	-4.6279517696592	0.002	0.055	6.64381398209981e-19	SDC4	c1
2.14656798873306e-23	-0.676298789337685	0.293	0.39	7.23264618123716e-19	RER1	c1
2.31266598802928e-23	-0.739378042598216	0.304	0.394	7.79229678006586e-19	SEC11C	c1
2.4221904084123e-23	-0.442549992550706	0.618	0.655	8.1613283621044e-19	HNRNPA3	c1
2.45835080385039e-23	0.557992369975554	0.267	0.172	8.28316719849351e-19	MAN2A1	c1
2.68273956970068e-23	-1.0218342831969	0.138	0.233	9.03922270614946e-19	PNP	c1
2.79970136654488e-23	-1.51276577419092	0.065	0.145	9.43331378443632e-19	PERP	c1
2.96169971738345e-23	-0.542114095287927	0.414	0.496	9.9791510277518e-19	RBCK1	c1
3.04195122446013e-23	-1.37627100940781	0.058	0.139	1.02495504556959e-18	SLC16A3	c1
3.1609345839284e-23	-2.55027929141061	0.013	0.075	1.06504529870883e-18	DUSP10	c1
3.80924828637488e-23	-0.575246524238692	0.6	0.64	1.28348811761115e-18	H2AFZ	c1
4.04948900676184e-23	-0.796584948084108	0.229	0.33	1.36443482593834e-18	ATP2B4	c1
4.30508775039947e-23	-0.653809526784423	0.297	0.392	1.4505562666196e-18	AP2S1	c1
4.37378107926168e-23	-0.84183748506876	0.167	0.266	1.47370179684643e-18	MATR3.1	c1
5.52984959445033e-23	-0.52922825628928	0.391	0.481	1.86322752235409e-18	SELK	c1
5.65593681801223e-23	0.47177411549505	0.171	0.096	1.90571135146104e-18	MTRNR2L8	c1
5.75724454603799e-23	-4.11440976032911	0.006	0.061	1.93984597734204e-18	TRGV2	c1
6.6933407401489e-23	0.44794081790342	0.457	0.337	2.25525422898577e-18	SFXN1	c1
6.97189298144149e-23	-1.15893049049358	0.096	0.184	2.3491096211669e-18	VPS26A	c1
7.02560377160356e-23	-0.678504683918829	0.288	0.382	2.3672069348041e-18	MIEN1	c1
7.59350999055898e-23	-0.389054836180611	0.604	0.657	2.55855725621894e-18	TMEM59	c1
8.18598539426185e-23	-1.7737623258138	0.052	0.129	2.75818591874259e-18	GALNT2	c1
9.10056821732648e-23	-0.657938712293104	0.308	0.399	3.06634545514598e-18	TMED9	c1
9.68717026799396e-23	-0.420716140279299	0.584	0.636	3.26399515009788e-18	GABARAPL2	c1
9.90970739321455e-23	-2.86566656220207	0.011	0.07	3.33897680906971e-18	AF131217.1	c1
1.01788637285611e-22	1.36101169249351	0.057	0.021	3.42966634470139e-18	GPA33	c1
1.05905593067255e-22	3.11942740411635	0.011	0.001	3.56838305280809e-18	CCSER1	c1
1.12475516916102e-22	-0.732340811810002	0.239	0.335	3.78975006697115e-18	PCMT1	c1
1.17680160319469e-22	-0.725506941825432	0.311	0.4	3.96511532180419e-18	STOM	c1
1.21921489118944e-22	-2.47991127030322	0.014	0.074	4.1080226543737e-18	ATP10D	c1
1.36528214278457e-22	0.748255862849507	0.131	0.068	4.60018165189832e-18	KIAA0355	c1
1.57255130769147e-22	0.422301762538771	0.449	0.332	5.29855437613565e-18	RP11-796E2.4	c1
1.62096746823976e-22	-0.6719885983104	0.291	0.386	5.46168778748705e-18	SRSF9	c1
1.64619840183826e-22	-0.895978559190557	0.171	0.267	5.54670089515383e-18	RBM4	c1
1.69280446544606e-22	-1.7231974260114	0.031	0.1	5.70373536587395e-18	EEF1E1	c1
1.76152148926837e-22	-0.902547479446658	0.156	0.252	5.93527050594083e-18	GNAI3	c1
1.85213631880576e-22	-1.00039068897238	0.138	0.232	6.24058811258414e-18	MAP2K3	c1
1.91742665805926e-22	1.32251985169075	0.042	0.013	6.46057738166487e-18	FAM153B	c1
1.93212276693905e-22	-1.03686047124059	0.142	0.236	6.51009445092443e-18	IGFLR1	c1
1.9974438213602e-22	-0.327045157206029	0.703	0.728	6.73018721169106e-18	TMEM258	c1
2.19452639396086e-22	0.625410740662284	0.254	0.164	7.39423723181174e-18	CFAP36	c1
2.2242908577879e-22	-1.97103676245108	0.029	0.095	7.49452561623056e-18	TPRG1	c1
2.39884451826099e-22	-0.325865109360089	0.763	0.768	8.08266671982859e-18	HNRNPK	c1
2.56787703763677e-22	-0.405926808979621	0.627	0.659	8.65220489061334e-18	CSTB	c1
2.62237626938548e-22	-1.19206039666721	0.086	0.171	8.83583460206743e-18	KDM5B	c1
2.94102671357067e-22	-0.626081326426631	0.385	0.472	9.909495408705e-18	PTP4A2	c1
3.03732887759408e-22	-5.80180267308758	0.002	0.052	1.02339759201655e-17	TRGV9	c1
3.40592465615916e-22	-1.22463388854793	0.074	0.157	1.14759225364627e-17	RP11-25K19.1	c1
3.42910138284401e-22	-0.74738176519176	0.26	0.354	1.15540141993546e-17	CASP1	c1
3.55221133878802e-22	2.34784423807411	0.016	0.002	1.19688208849124e-17	C3orf52	c1
3.69633360594147e-22	-0.438658742448316	0.693	0.7	1.24544264518592e-17	PGK1	c1
3.72570696124482e-22	0.25198910203434	0.843	0.751	1.25533970352183e-17	SERP1	c1
3.7857369533706e-22	-5.07333571678402	0.001	0.05	1.27556620906869e-17	VDR	c1
4.08136036954832e-22	-1.63556610061829	0.037	0.107	1.37517356291561e-17	KPNA2	c1
4.11965979325679e-22	-0.703563261580744	0.31	0.399	1.38807817073994e-17	SLC3A2	c1
4.18679877057471e-22	-0.567199494805004	0.369	0.454	1.41069997775744e-17	CLTA	c1
4.19538147953013e-22	-1.65842263524312	0.042	0.114	1.41359183571288e-17	ARL2	c1
4.20010532435581e-22	0.692303707906221	0.195	0.117	1.41518348798845e-17	NDUFV2-AS1	c1
4.38460162296171e-22	-1.70848343160643	0.046	0.119	1.47734767084072e-17	RUNX2	c1
4.41255315773098e-22	-0.681031742353797	0.269	0.365	1.48676566096588e-17	COMMD7	c1
5.1290946537598e-22	-0.462869477986659	0.602	0.646	1.72819715263783e-17	CD96	c1
5.8703040802347e-22	-2.61112834687676	0.013	0.072	1.97794025679428e-17	SRGAP3	c1
6.71973048371527e-22	-0.928163875677757	0.152	0.247	2.26414598918302e-17	MTHFD2	c1
6.89697577756501e-22	-0.662232953036036	0.622	0.642	2.32386701849276e-17	UCP2	c1
7.44311529404296e-22	-0.450442508989757	0.505	0.571	2.50788326717483e-17	NCOR1	c1
7.4970456206323e-22	-8.09663403041645	0	0.048	2.52605455141585e-17	KLRC3	c1
8.64409663210022e-22	0.51118118618505	0.251	0.161	2.91254191921985e-17	CD55	c1
9.33177275107647e-22	1.18686019808386	0.068	0.028	3.14424751074771e-17	LYPD3	c1
9.3688865706567e-22	-0.569474729285349	0.379	0.46	3.15675264111707e-17	MRPL41	c1
9.99362026043339e-22	0.677101470964529	0.162	0.093	3.36725041055043e-17	CEP68	c1
1.08781053056551e-21	-0.916724723265829	0.16	0.252	3.66526880168742e-17	BTN3A1	c1
1.13186436690795e-21	1.41118362425225	0.045	0.015	3.81370379785963e-17	PFN2	c1
1.13274377974969e-21	-0.442722433646419	0.542	0.595	3.81666689148859e-17	COX7B	c1
1.25261305240147e-21	-1.21032913010365	0.071	0.152	4.22055441876151e-17	NDUFA9	c1
1.27906656610147e-21	0.530347106514808	0.282	0.189	4.30968688782231e-17	SLC7A6	c1
1.3308246328637e-21	-2.68198173425814	0.016	0.074	4.48408051797094e-17	GEM	c1
1.45515976997607e-21	-0.252180618976143	0.853	0.848	4.90301532895737e-17	EDF1	c1
1.59018623084838e-21	2.50367654326263	0.016	0.002	5.35797348622053e-17	CACNA1I	c1
1.6395328686831e-21	0.276305905643457	0.697	0.568	5.52424204774083e-17	DENND2D	c1
1.70480069384183e-21	-1.15348828762482	0.091	0.175	5.74415545783066e-17	STXBP2	c1
2.03132960241681e-21	-0.451292801961918	0.714	0.737	6.84436196238321e-17	TAGLN2	c1
2.08099960340357e-21	0.678861500670985	0.205	0.127	7.01172006370799e-17	FAM134B	c1
2.13631563766904e-21	1.18571380545575	0.075	0.033	7.19810190956206e-17	AC020571.3	c1
2.34418505365533e-21	0.966655224268164	0.093	0.044	7.89849711978627e-17	PDE8A	c1
2.47434004118758e-21	0.608851086944245	0.235	0.15	8.33704133477744e-17	BEX4	c1
2.54843635703122e-21	-0.602643985409569	0.343	0.43	8.586701461381e-17	NAPA	c1
2.63275966193562e-21	-1.88916118829605	0.024	0.087	8.87082040492588e-17	PSMA2	c1
2.85928872678375e-21	-7.98931084178307	0	0.046	9.63408743602516e-17	ADGRG1	c1
3.03330572227723e-21	-0.249623635253865	0.949	0.934	1.02204203006409e-16	CD3D	c1
3.06889221853148e-21	-5.91836007066059	0.001	0.048	1.034032544112e-16	MYO7A	c1
3.45551917016655e-21	0.494584576909437	0.414	0.309	1.16430262919592e-16	TRADD	c1
3.49725885660087e-21	-0.330624070487632	0.732	0.742	1.1783663991431e-16	TRMT112	c1
3.62156410254012e-21	0.604839434412778	0.264	0.175	1.22024980870987e-16	FBXO34	c1
3.82533106191148e-21	-0.800281890952414	0.235	0.327	1.28890704800045e-16	STAT4	c1
3.87526903307935e-21	1.17297040994666	0.069	0.029	1.30573314800576e-16	RP11-342D11.3	c1
3.94839654747911e-21	-0.68745636905999	0.247	0.34	1.33037273270761e-16	NRBP1	c1
3.96123570779691e-21	0.956678003370161	0.087	0.04	1.33469875938509e-16	MORN3	c1
4.02371010669574e-21	-0.275312247025791	0.838	0.824	1.35574888335006e-16	SKP1	c1
4.09409842976599e-21	-0.999804331836548	0.139	0.228	1.37946552492535e-16	MAP4	c1
4.32059507476424e-21	-0.790328193474023	0.202	0.295	1.45578130449106e-16	AKIRIN2	c1
4.33649728957349e-21	0.569045192219927	0.384	0.285	1.46113939674889e-16	GPR171	c1
4.51607035833421e-21	-0.619975323918916	0.304	0.396	1.52164474653713e-16	CCNDBP1	c1
4.7161852587422e-21	-2.38551124699959	0.016	0.073	1.5890714610806e-16	SCCPDH	c1
4.92483221312377e-21	-1.25489787374505	0.065	0.142	1.65937296588992e-16	TBK1	c1
4.92737738779941e-21	-1.02418792839951	0.107	0.194	1.66023053704513e-16	MIIP	c1
4.97536176534143e-21	-0.398592461109245	0.572	0.609	1.67639839321414e-16	ARF5	c1
5.182336813203e-21	-0.418375032991137	0.574	0.63	1.74613656584062e-16	EIF4G2	c1
5.25547388911272e-21	-3.05695483205571	0.009	0.061	1.77077937219764e-16	CPM	c1
5.62787952628855e-21	-0.916018504087661	0.13	0.22	1.89625772758766e-16	CHMP1A	c1
6.36696042430203e-21	-0.588191642299815	0.37	0.448	2.14528364536433e-16	PPM1G	c1
7.50556213900488e-21	-1.44733694053943	0.048	0.12	2.5289241071163e-16	FAM3C	c1
7.5414492223024e-21	-0.601553198759892	0.421	0.496	2.54101590096257e-16	IL10RA	c1
8.12415283132282e-21	-0.660060649700382	0.291	0.382	2.73735205498591e-16	TLN1	c1
8.27663520647751e-21	0.732290333771239	0.182	0.111	2.78872946647053e-16	LRRC8D	c1
8.34297635556442e-21	-3.38442435300951	0.006	0.057	2.81108245324387e-16	GCNT1	c1
8.88772907688499e-21	1.46901238345856	0.032	0.009	2.99463143516563e-16	RGMB	c1
9.09779858735935e-21	1.15097475608865	0.065	0.027	3.06541225602486e-16	RP11-589C21.5	c1
9.13076121247964e-21	-4.37950940157665	0.003	0.05	3.07651868293289e-16	CCR2	c1
9.98001392790945e-21	-0.871727428584653	0.157	0.248	3.36266589286981e-16	CYTH4	c1
1.04279228408839e-20	-0.41772452739293	0.582	0.616	3.51358432200742e-16	TSPO	c1
1.13097499433893e-20	-2.30775587943796	0.021	0.08	3.81070714592559e-16	NCR3	c1
1.17005195790213e-20	-3.43466228430072	0.01	0.063	3.94237306695543e-16	GPR25	c1
1.17319079378475e-20	-1.03154182007265	0.107	0.193	3.95294906057835e-16	CHMP4A	c1
1.17458818690232e-20	-0.660082207128546	0.285	0.375	3.95765743694867e-16	MOB1A	c1
1.17914417775658e-20	-4.14251734791485	0.004	0.052	3.97300839253302e-16	CD244	c1
1.21525033467725e-20	2.51771899331205	0.017	0.003	4.09466447766152e-16	PLEK2	c1
1.2191608760519e-20	-1.86559023601019	0.022	0.083	4.10784065576927e-16	EDARADD	c1
1.30314022610078e-20	-1.03140034126513	0.14	0.227	4.39080067782397e-16	OAS2	c1
1.421125450667e-20	-0.990961042439336	0.136	0.223	4.78834009347739e-16	SLFN12L	c1
1.45741284134922e-20	-0.372055911154528	0.626	0.665	4.91060682764206e-16	HNRNPF	c1
1.52934725912654e-20	-1.6669815007755	0.05	0.12	5.15298265490096e-16	ANKRD28	c1
1.63026276752896e-20	0.508533618476905	0.29	0.199	5.49300736891207e-16	CRTC3	c1
1.65383401908441e-20	0.318224949534787	0.487	0.362	5.572428343903e-16	EPB41	c1
1.83950814626596e-20	-0.692250522938383	0.269	0.359	6.19803874802853e-16	TANK	c1
1.93590095518692e-20	-1.05133488815236	0.085	0.167	6.52282467840682e-16	AGPAT2	c1
1.95393521041047e-20	-0.441798327720993	0.561	0.589	6.58358929795704e-16	SNRPG	c1
2.09545224953558e-20	-0.570857215493307	0.38	0.46	7.06041680958517e-16	CHURC1	c1
2.16027689057562e-20	-1.19903892877624	0.093	0.173	7.27883695510551e-16	ZFYVE28	c1
2.18113194147777e-20	-0.210872033433941	0.935	0.917	7.34910596361518e-16	SRP14	c1
2.30339467810318e-20	-0.524940961275962	0.388	0.467	7.76105802840086e-16	NDUFB7	c1
2.43442824166369e-20	-0.541967466777535	0.372	0.453	8.20256251746164e-16	NDUFS6	c1
2.60400968822899e-20	-0.677653991651514	0.663	0.666	8.77395024351875e-16	PKM	c1
2.65427718072248e-20	0.585186116375744	0.203	0.126	8.94332153272634e-16	ABCC1	c1
2.65595569906108e-20	0.432616305988188	0.582	0.478	8.94897713241639e-16	CITED2	c1
2.76069274460709e-20	-0.796071051583221	0.175	0.268	9.30187813367912e-16	ARPP19	c1
2.87211622664747e-20	-3.1650255679659	0.008	0.059	9.67730841406598e-16	BHLHE40-AS1	c1
2.99033908518201e-20	-0.764567869184789	0.199	0.29	1.00756485136123e-15	LAMTOR2	c1
3.0628913192379e-20	-0.772444138463793	0.245	0.333	1.03201060110402e-15	ARAP2	c1
3.10570415870624e-20	1.46809574857576	0.037	0.011	1.04643595923448e-15	RP11-348F1.3	c1
3.2263779856206e-20	0.678966849930721	0.481	0.412	1.087095798475e-15	HSPA1A	c1
3.43786304528746e-20	-1.56922544579269	0.037	0.102	1.15835357447916e-15	RGS3	c1
3.48398525195254e-20	-7.39571925257936	0.002	0.048	1.17389399079289e-15	KRT86	c1
3.59025269580332e-20	-1.05462558091861	0.186	0.273	1.20969974332397e-15	TNFSF10	c1
3.79863542757766e-20	-0.668050360449307	0.312	0.397	1.27991222096802e-15	PTPN6	c1
3.94899239509375e-20	-0.644751577138141	0.304	0.388	1.33057349760289e-15	HM13	c1
3.95173887252703e-20	-0.267219052459416	0.96	0.944	1.33149889570926e-15	PTPRC	c1
4.00273848150096e-20	-0.640227526250563	0.243	0.339	1.34868270395693e-15	CMC2	c1
4.11352903557115e-20	2.18738302196641	0.017	0.003	1.38601247324534e-15	CNN3	c1
4.36430852844014e-20	-0.527374827878489	0.376	0.45	1.47051011557262e-15	POLR2E	c1
4.80077906071742e-20	0.626027926835279	0.16	0.093	1.61757449671813e-15	SSBP2	c1
5.01461097676533e-20	0.267165569962701	0.125	0.067	1.68962302251131e-15	RP11-290D2.6	c1
5.92273432747266e-20	-0.866143052826315	0.146	0.234	1.99560610429864e-15	YIF1A	c1
6.45618143083603e-20	0.230480968538364	0.754	0.641	2.17534577130589e-15	HIST1H4C	c1
6.8925839590616e-20	-0.66981017611051	0.339	0.418	2.32238723916622e-15	GBP2	c1
6.97842546510397e-20	-1.30847663733467	0.049	0.119	2.35131067621213e-15	MYCBP	c1
6.99782179719651e-20	-0.877643743807719	0.171	0.259	2.35784607634739e-15	TMEM43	c1
7.36412851793104e-20	-0.337813849910873	0.669	0.689	2.48126946283168e-15	ATPIF1	c1
7.55693551348903e-20	-1.52332419378799	0.039	0.105	2.54623385191499e-15	ST6GALNAC4	c1
7.58165929492025e-20	0.216708436927684	0.406	0.284	2.55456428283043e-15	CD4	c1
8.33869591027523e-20	0.739991922525267	0.157	0.092	2.80964020000813e-15	TP53BP2	c1
8.97454009264387e-20	-0.575294965531442	0.336	0.416	3.02388153881543e-15	ATP6V0B	c1
9.27115854420729e-20	-4.52527912103747	0.003	0.049	3.1238241598852e-15	CD79A	c1
9.87566655967027e-20	-3.01211131373225	0.008	0.058	3.3275070906153e-15	ABCB1	c1
1.03536156140339e-19	-1.08454334618539	0.087	0.167	3.48854724499257e-15	FAM110A	c1
1.04222655263424e-19	0.848965765045159	0.13	0.072	3.51167814644582e-15	EFCAB2	c1
1.12086040952364e-19	-1.09683032036717	0.117	0.199	3.77662706384895e-15	ZBP1	c1
1.18680003645043e-19	-0.405120637606369	0.574	0.622	3.99880404281608e-15	H2AFV	c1
1.21895781212679e-19	-0.731681998150094	0.207	0.297	4.10715645218e-15	CYC1	c1
1.31209888433821e-19	3.23653081217854	0.01	0.001	4.42098598088916e-15	KLHL29	c1
1.35689057267785e-19	-0.380940751818695	0.588	0.629	4.57190709558073e-15	POLR2L	c1
1.4860249212309e-19	-0.551508146067485	0.348	0.435	5.00701236959539e-15	RSBN1L	c1
1.52537866155089e-19	-0.793473525173421	0.193	0.282	5.13961086222956e-15	ITGB1BP1	c1
1.66252087623278e-19	-3.69234285753409	0.007	0.055	5.60169784037872e-15	YBX3	c1
1.75654136606171e-19	-0.755954137936199	0.23	0.318	5.91849047880832e-15	CDC42EP3	c1
1.81577859814788e-19	-0.9573857966862	0.144	0.228	6.11808440859946e-15	ADAM8	c1
1.85714549685646e-19	-2.94890209757167	0.009	0.059	6.25746603710815e-15	COL9A2	c1
2.00627326207749e-19	-1.21178112631097	0.075	0.151	6.75993712924389e-15	HSH2D	c1
2.04294817311771e-19	0.157767326757326	0.96	0.926	6.88350957450281e-15	CCNI	c1
2.04819914653911e-19	-0.560544858213942	0.382	0.449	6.90120220434889e-15	UBE2L3	c1
2.08413099821071e-19	-2.53560675438449	0.012	0.063	7.02227098537116e-15	PRR5	c1
2.09936145113345e-19	1.34681497834284	0.055	0.022	7.07358847344904e-15	CERS6	c1
2.11272912025988e-19	-7.31460698693918	0	0.042	7.11862949780363e-15	MZB1	c1
2.1572147997992e-19	-1.14218669240807	0.104	0.183	7.26851954644344e-15	IFI44	c1
2.28664767312049e-19	-0.922040840317967	0.141	0.227	7.70463066981217e-15	NAA50	c1
2.36197067303124e-19	-0.578098306391532	0.345	0.431	7.95842398571145e-15	ROCK1	c1
2.36586374762238e-19	-1.82543848616295	0.029	0.088	7.97154131123883e-15	FBXO6	c1
2.4899619811278e-19	2.20132241473386	0.017	0.003	8.38967789921202e-15	SEPT10	c1
2.62953895179384e-19	-5.74166805269896	0.001	0.043	8.85996854417417e-15	AKAP5	c1
2.68220171610792e-19	0.375720304290996	0.368	0.259	9.03741046225403e-15	UQCRHL	c1
2.76290412927468e-19	0.542194924172188	0.237	0.155	9.3093291731781e-15	YPEL2	c1
3.01123920459456e-19	-0.854942947502545	0.148	0.234	1.01460693759609e-14	SPPL2A	c1
3.17760331227002e-19	-0.499650257928542	0.443	0.506	1.07066166003626e-14	CAPZA1	c1
3.34189295545866e-19	-1.03967900392795	0.094	0.173	1.12601741241224e-14	EED	c1
3.37836181701256e-19	-0.869039985628685	0.191	0.276	1.13830523062421e-14	SMS	c1
4.01316189958233e-19	0.378123256764056	0.446	0.334	1.35219477044527e-14	SYPL1	c1
4.38110608835731e-19	0.601682424295292	0.167	0.099	1.47616988541111e-14	RP11-596C23.2	c1
4.65764445788725e-19	-1.08557326708607	0.057	0.129	1.56934672364053e-14	CTD-2192J16.22	c1
4.69912230360115e-19	0.113407468594843	0.999	0.998	1.58332226897537e-14	BTG1	c1
5.00693983432791e-19	-1.30215090912797	0.047	0.115	1.68703830777845e-14	SLC25A20	c1
5.25040701740011e-19	-0.830812773756453	0.153	0.239	1.76907214044279e-14	ATP6V0D1	c1
5.25691070491167e-19	-1.54792375447387	0.038	0.101	1.77126349291294e-14	ACSL4	c1
5.3625229468696e-19	-0.826873808948673	0.162	0.249	1.80684848171824e-14	COMMD8	c1
5.39136971572041e-19	-6.31436308898057	0.001	0.042	1.81656811201484e-14	RP11-357H14.17	c1
5.4073831179704e-19	0.501269369105814	0.243	0.159	1.82196366776895e-14	APBB1	c1
5.58645224030465e-19	-1.13549346428003	0.094	0.171	1.88229921784825e-14	NEDD9	c1
5.62029393259553e-19	-1.21975152265267	0.066	0.139	1.89370183764874e-14	TSPAN17	c1
5.63616484065188e-19	0.621217442865957	0.142	0.081	1.89904938140925e-14	APBA2	c1
5.71053620445722e-19	-0.597800396014397	0.304	0.387	1.92410806872982e-14	COPZ1	c1
5.9319022561009e-19	0.529889204361855	0.241	0.158	1.99869514617064e-14	FAM159A	c1
6.13535908186178e-19	-0.8605809253655	0.118	0.201	2.06724788904251e-14	STIP1	c1
7.12095487660946e-19	-0.494223666302703	0.458	0.518	2.39933453612479e-14	RNF167	c1
7.17648223754032e-19	-0.311091389481747	0.743	0.738	2.41804392511684e-14	UQCR10	c1
8.01833073030623e-19	1.32535397899413	0.049	0.019	2.70169635626938e-14	KRTCAP3	c1
8.10440178225448e-19	-0.781575139769079	0.151	0.239	2.73069713651283e-14	MOB4	c1
8.3574118558061e-19	-0.377649753084714	0.572	0.619	2.81594635069531e-14	UBE2I	c1
8.57380587962625e-19	-1.16779585929943	0.103	0.18	2.88885815308127e-14	TRG-AS1	c1
8.93189824561261e-19	0.404255794089824	0.432	0.331	3.00951379487671e-14	SSH2	c1
9.28779261488986e-19	-1.26051423505215	0.06	0.13	3.12942884366099e-14	KIF21A	c1
9.40726235754963e-19	-1.42659750656492	0.042	0.106	3.16968297875277e-14	ACOT9	c1
9.99354351769992e-19	-7.97711956764649	0	0.041	3.36722455285381e-14	GNG4	c1
1.00453649884837e-18	0.3836659237392	0.329	0.232	3.38468527921969e-14	CDC14A	c1
1.04373454773388e-18	-0.71088024883367	0.252	0.338	3.51675918513453e-14	CMTM6	c1
1.12955501109968e-18	-1.4470939054123	0.033	0.094	3.80592265439925e-14	NOL12	c1
1.18614788011906e-18	-1.28545490518877	0.063	0.133	3.99660666727318e-14	RTP4	c1
1.2074960428456e-18	-3.95138042447923	0.004	0.047	4.06853716676397e-14	IL18RAP	c1
1.21399605705984e-18	-1.66687657443829	0.029	0.087	4.09043831465743e-14	DDAH2	c1
1.40490171538172e-18	-7.78705599737662	0	0.04	4.73367583980717e-14	EBI3	c1
1.57330381970055e-18	-0.664015671544737	0.266	0.35	5.30108989009904e-14	CHMP5	c1
1.62411148427313e-18	0.502892295418624	0.25	0.169	5.47228123510988e-14	SESN3	c1
1.72570240662984e-18	-2.54918129517231	0.012	0.062	5.81458168889858e-14	GPR68	c1
1.76294516471799e-18	-1.00331030987048	0.085	0.161	5.94006743800079e-14	PCBD1	c1
1.80201681634309e-18	-0.151087567655048	0.995	0.991	6.07171546098641e-14	EIF1	c1
1.81798694502131e-18	-1.36333919774704	0.047	0.113	6.12552521255481e-14	ARL3	c1
1.83381619519336e-18	-0.356987817239586	0.607	0.644	6.17886028808452e-14	FKBP8	c1
1.85053616296361e-18	-1.30915678563078	0.051	0.118	6.2351965474896e-14	CKAP2	c1
1.95296746352535e-18	-2.14555306419925	0.017	0.07	6.58032857160231e-14	NCALD	c1
2.01578332870024e-18	-1.71111401370448	0.03	0.089	6.7919803477226e-14	INPP5F	c1
2.17518976337864e-18	1.71927916228471	0.027	0.007	7.32908438872799e-14	ALS2CL	c1
2.20648521476594e-18	-0.419184995917608	0.581	0.628	7.43453128263235e-14	PDIA3	c1
2.21709975028861e-18	-1.44142994124025	0.034	0.095	7.47029589862243e-14	PARVB	c1
2.31602536382846e-18	1.32283448546351	0.038	0.013	7.80361586088362e-14	RP11-61J19.5	c1
2.4840301606469e-18	-2.11516100070066	0.019	0.072	8.36969122328366e-14	NBL1	c1
2.5077128515558e-18	-0.916800634500166	0.124	0.205	8.4494876820321e-14	IER3IP1	c1
2.54038108346833e-18	-0.209995219916043	0.948	0.932	8.55956002263817e-14	CALM1	c1
2.66998153934813e-18	1.80611975925442	0.023	0.006	8.99623579867958e-14	RP11-161M6.2	c1
2.70223073854225e-18	-0.601085128373358	0.28	0.365	9.10489625044424e-14	PFDN2	c1
2.74678829232109e-18	-0.765224733347506	0.154	0.241	9.25502847214669e-14	TXNL4A	c1
2.86101331206039e-18	-1.00902662155026	0.091	0.167	9.63989825365629e-14	MAPKAPK3	c1
3.07948383612182e-18	1.18829477137145	0.052	0.021	1.03760128374288e-13	TEC	c1
3.32133764463098e-18	-2.26508651785143	0.014	0.064	1.11909150598196e-13	TTC38	c1
3.37318360516239e-18	0.297770453918882	0.606	0.489	1.13656048392342e-13	CMPK1	c1
3.44801723219108e-18	-1.32148793735468	0.046	0.111	1.16177492621446e-13	CH507-9B2.3	c1
3.46190685950374e-18	-0.80002560684776	0.138	0.222	1.16645489724119e-13	MRPL28	c1
3.49656512870516e-18	-1.71361195643999	0.028	0.085	1.17813265446592e-13	APOBEC3F	c1
3.73601772537289e-18	1.9833969817368	0.021	0.005	1.25881381238714e-13	C11orf74	c1
3.87587888094306e-18	-1.79189621722904	0.025	0.08	1.30593863014495e-13	ASB2	c1
4.1471931815634e-18	2.33489205906231	0.016	0.003	1.39735527059597e-13	CELA1	c1
4.22927860176573e-18	-2.07586860533471	0.042	0.103	1.42501313207895e-13	RSAD2	c1
4.27311020054224e-18	-1.02813527631835	0.101	0.178	1.4397817509707e-13	GGA2	c1
4.28962224722258e-18	2.18512518761202	0.016	0.003	1.44534531997918e-13	RAB25	c1
4.43394974888201e-18	-1.1802333020316	0.072	0.142	1.4939750283883e-13	SNX10	c1
4.48794026225415e-18	-3.98236154966305	0.005	0.049	1.51216659196391e-13	LINC01480	c1
4.53521998526204e-18	0.5749154940072	0.222	0.145	1.52809702183419e-13	LYRM5	c1
4.74573288623187e-18	-0.71477688196049	0.172	0.26	1.59902723868697e-13	ORAI1	c1
5.19993760640298e-18	-4.04418546933173	0.003	0.044	1.75206697710142e-13	LAT2	c1
5.54289575243058e-18	-1.20831940716249	0.078	0.15	1.86762329482396e-13	BCL2L1	c1
6.44024732770224e-18	-1.51419293964308	0.067	0.134	2.16997693459599e-13	OAS3	c1
6.51882588596102e-18	0.14523480366873	0.976	0.952	2.19645319401571e-13	COX7C	c1
6.53292684202938e-18	0.806970480772733	0.099	0.051	2.20120437015338e-13	MXI1	c1
6.59802830844088e-18	-0.834261857743609	0.205	0.29	2.22313965824607e-13	PIM3	c1
7.68576908028176e-18	-1.95004142252157	0.018	0.069	2.58964303391014e-13	ITPRIPL1	c1
7.83975136761806e-18	-1.22820528177492	0.08	0.152	2.64152582580523e-13	RAB11FIP1	c1
7.93115805749535e-18	0.276772503374863	0.577	0.458	2.67232439589248e-13	AAK1	c1
8.03669262443526e-18	1.00468555097514	0.066	0.03	2.70788321287722e-13	EIF4EBP3	c1
8.16899991692695e-18	-0.255377066492628	0.846	0.845	2.75246283200937e-13	UBB	c1
8.55006153282475e-18	-1.67680846226999	0.035	0.093	2.88085773286997e-13	MEF2D	c1
8.86071298763776e-18	-1.33653280451951	0.048	0.112	2.98552863405467e-13	RDX	c1
9.01992521560542e-18	-1.7857376141629	0.033	0.09	3.03917360214609e-13	GAB3	c1
9.07623697111112e-18	-0.678181827971454	0.259	0.339	3.05814728504618e-13	MFSD10	c1
9.22596903529736e-18	-1.31687872173395	0.09	0.161	3.10859800675309e-13	LGALS9	c1
9.29035556639613e-18	-4.09703315773037	0.003	0.044	3.13029240454151e-13	IL9R	c1
9.5803144664507e-18	-2.30865151364197	0.017	0.068	3.2279911563259e-13	MS4A1	c1
1.01481816786691e-17	-0.751701226631053	0.207	0.289	3.41932833481076e-13	EPS15	c1
1.03825915217029e-17	-0.58429031975281	0.311	0.389	3.49831038732258e-13	PCED1B	c1
1.05438546654548e-17	0.562758020791729	0.309	0.224	3.55264639097834e-13	RHOB	c1
1.10602030206902e-17	-1.45402683991376	0.046	0.108	3.72662480579136e-13	ADAM19	c1
1.12196626622681e-17	2.15301877372388	0.017	0.003	3.78035313742461e-13	EDAR	c1
1.22331813132318e-17	2.46804050326867	0.013	0.002	4.12184811168031e-13	PPP4R4	c1
1.22527856303206e-17	-0.580181959923891	0.277	0.362	4.12845359028023e-13	RAB11A	c1
1.24363831621577e-17	-4.52032932765148	0.003	0.044	4.19031494265742e-13	TRGV4	c1
1.2554919270707e-17	-0.897513886007164	0.113	0.191	4.23025449907201e-13	BTN3A3	c1
1.25780946601776e-17	-0.451520360905954	0.423	0.49	4.23806321480025e-13	LMAN2	c1
1.28319407162189e-17	-0.483931005938157	0.439	0.499	4.3235941049228e-13	ROMO1	c1
1.29793937251159e-17	-0.455813528989476	0.451	0.508	4.37327692174056e-13	ANAPC11	c1
1.50604333112705e-17	-0.658329628933517	0.232	0.314	5.07446239989948e-13	SF3B4	c1
1.6019694414097e-17	-2.56684340357469	0.008	0.053	5.39767583588585e-13	U2AF1L5	c1
1.60285241223763e-17	-1.11763454627973	0.091	0.164	5.40065091779348e-13	CDK6	c1
1.67342771076705e-17	-0.976022562065205	0.091	0.165	5.63844732865851e-13	BAK1	c1
1.72725211708908e-17	-0.537484262640703	0.44	0.491	5.81980328331993e-13	NME2	c1
1.83159388798239e-17	-7.29832398361379	0	0.038	6.17137244616786e-13	CCR1	c1
1.85141628254729e-17	-1.65518635667363	0.073	0.142	6.23816202241485e-13	TNF	c1
1.85588756455882e-17	-0.900262639674795	0.121	0.199	6.25322756002448e-13	SMIM7	c1
1.95094670391908e-17	-1.63664051087009	0.028	0.083	6.57351982418495e-13	CTNNA1	c1
1.96857623899484e-17	-0.854542028489508	0.191	0.272	6.6329207796692e-13	SAMD9	c1
1.99234341528956e-17	-2.42497618529658	0.01	0.056	6.71300190347663e-13	PDE7B	c1
2.03297956257044e-17	0.733642465457936	0.12	0.067	6.84992133812485e-13	EPHB6	c1
2.11878521624276e-17	0.331281806867565	0.554	0.441	7.13903490760834e-13	HSPD1	c1
2.2635019033088e-17	-4.40445196116785	0.003	0.044	7.62664331300867e-13	CCR8	c1
2.53656609722926e-17	1.88541339911943	0.018	0.004	8.54670580800427e-13	GPR15	c1
2.67595197899877e-17	-1.49657412224385	0.069	0.136	9.01635259803846e-13	LTA	c1
2.70707259347712e-17	-1.12108106004667	0.087	0.159	9.12121039646181e-13	H2AFX	c1
2.75732796074481e-17	-0.662745294984731	0.229	0.314	9.29054083093356e-13	SLBP	c1
2.77229447597037e-17	-1.23498085474701	0.063	0.129	9.34096900733457e-13	NAMPT	c1
2.77529983329391e-17	1.45995527193199	0.035	0.011	9.35109525830049e-13	GPR150	c1
2.79668077952885e-17	-1.20232039014259	0.069	0.136	9.42313621854452e-13	PILRB	c1
2.92601104142247e-17	-1.20575223611999	0.06	0.127	9.85890160296888e-13	CCDC50	c1
2.97106988660304e-17	0.738092555472591	0.105	0.056	1.00107228759203e-12	ARHGAP5	c1
3.01564706750782e-17	-2.16923228169849	0.016	0.064	1.01609212292608e-12	INPP1	c1
3.27045318256195e-17	-1.30613453465477	0.062	0.127	1.10194649533243e-12	MIDN	c1
3.29706666550316e-17	-2.08957347057414	0.018	0.067	1.11091364227464e-12	MVB12B	c1
3.92511123054673e-17	-0.565141402755463	0.319	0.395	1.32252697802042e-12	CHMP2A	c1
4.52203581557321e-17	-0.388509236957758	0.589	0.621	1.52365474769924e-12	CDC42	c1
4.79400305277887e-17	0.320917521719438	0.48	0.372	1.61529138860331e-12	ALKBH7	c1
4.97353090909681e-17	-1.31130157888386	0.05	0.113	1.67578150451108e-12	SLC5A3	c1
5.10393346495033e-17	-2.45456012288969	0.017	0.066	1.71971934168037e-12	GADD45G	c1
5.29252640607021e-17	-1.12937015313079	0.096	0.167	1.7832638472613e-12	MIAT	c1
5.31202460462538e-17	-1.41966690156297	0.047	0.108	1.78983357028248e-12	LPCAT1	c1
5.73238183657338e-17	-1.06674823573788	0.062	0.129	1.93146873601503e-12	RAB33A	c1
5.8718530895959e-17	0.554949086923014	0.214	0.142	1.97846218000844e-12	CASP6	c1
6.00417665271529e-17	-0.680744881847551	0.212	0.295	2.02304728136589e-12	PLEKHJ1	c1
6.12836855911803e-17	-0.7108520730791	0.244	0.325	2.06489250230923e-12	DGKZ	c1
6.17302535130549e-17	-0.421246024369218	0.542	0.587	2.07993916186887e-12	EMB	c1
6.21518427168064e-17	-0.563714356358531	0.446	0.5	2.09414418850007e-12	FLNA	c1
6.27565183338603e-17	-6.262089613495	0.001	0.037	2.11451812874109e-12	SLC2A8	c1
6.69491393685391e-17	0.161788884440159	0.883	0.799	2.25578430188356e-12	HSP90AB1	c1
6.74006448055324e-17	0.763996524410103	0.108	0.059	2.27099732607761e-12	OSER1-AS1	c1
6.89095831852759e-17	0.222542960507432	0.753	0.635	2.32183949584469e-12	CCND3	c1
7.66889081259577e-17	0.150767490724413	0.969	0.925	2.58395607039602e-12	CD37	c1
7.92120648164733e-17	-1.10954419071867	0.085	0.154	2.66897131192625e-12	RAB37	c1
8.90778534557431e-17	-0.44087003117009	0.544	0.584	3.00138919433781e-12	CLEC2D	c1
9.20527153904821e-17	0.121566314859695	0.881	0.784	3.1016241923669e-12	ZFAS1	c1
9.34285549176052e-17	0.361452281145729	0.309	0.216	3.14798172939379e-12	KCNA3	c1
9.3952237110861e-17	0.864002125042741	0.092	0.048	3.16562667721335e-12	TMEM38B	c1
1.03298089075013e-16	-2.8529621388003	0.008	0.051	3.48052581329348e-12	GNA15	c1
1.03320906949459e-16	-1.96715868118667	0.045	0.103	3.48129463875509e-12	ATF3	c1
1.0336289094197e-16	-0.528166505890767	0.308	0.386	3.48270924739872e-12	MEA1	c1
1.13007428155507e-16	-0.801281869892276	0.16	0.24	3.80767228427164e-12	SKIL	c1
1.16893319199779e-16	-2.03289794505803	0.016	0.064	3.93860349711734e-12	ACOT7	c1
1.17958667403654e-16	-0.59641077823527	0.289	0.365	3.97449933949871e-12	GNAI2	c1
1.18635258074826e-16	0.36969661233715	0.715	0.621	3.99729638557318e-12	HSPE1	c1
1.22605349952263e-16	-2.03317814468563	0.018	0.067	4.13106466129154e-12	ARHGAP26	c1
1.23553882971361e-16	-0.580485785970911	0.261	0.343	4.16302453283702e-12	POLR2J	c1
1.26312576884571e-16	-0.549292377926115	0.323	0.395	4.25597596554874e-12	LAMTOR5	c1
1.2701183421291e-16	-0.54257922432538	0.378	0.449	4.27953674196978e-12	ARHGAP9	c1
1.28989286011693e-16	-1.25484383824833	0.049	0.11	4.34616500287798e-12	PPIF	c1
1.36248277961732e-16	1.33022354802214	0.032	0.011	4.59074947764259e-12	SAMD12	c1
1.37474602431196e-16	-1.75512800221708	0.026	0.079	4.63206925431673e-12	STX11	c1
1.42420489395073e-16	-0.24602750806763	0.811	0.812	4.79871596967758e-12	SSR4	c1
1.49255216650085e-16	-1.27535913886863	0.046	0.107	5.02900526980796e-12	PTPRJ	c1
1.52269384441972e-16	-0.33562435456671	0.668	0.673	5.13056463938779e-12	ACTR3	c1
1.56588436738164e-16	0.592476212497885	0.153	0.093	5.27609078745569e-12	GIMAP8	c1
1.58298042796307e-16	-0.662054422978655	0.206	0.288	5.33369425397878e-12	HSBP1	c1
1.64994780272447e-16	-5.85993664313784	0.001	0.037	5.55933412649982e-12	METTL7A	c1
1.73850602374021e-16	-0.375335561956127	0.788	0.765	5.85772219639025e-12	EMP3	c1
1.76939351897796e-16	-0.587426443534353	0.261	0.341	5.96179452284435e-12	CYB5R3	c1
1.81657481039462e-16	-0.383180482197106	0.541	0.597	6.12076716614365e-12	TBCA	c1
1.81856519558531e-16	-1.25910402936405	0.056	0.118	6.12747357000515e-12	ISOC2	c1
1.87539583088048e-16	0.433211239332361	0.266	0.183	6.31895871256868e-12	CA5B	c1
1.88588351787339e-16	-0.620611872213393	0.325	0.391	6.3542959251226e-12	VOPP1	c1
1.90947830940619e-16	-0.50217109976415	0.336	0.409	6.43379621571322e-12	MAGOH	c1
1.92734052220182e-16	-0.783541977954066	0.157	0.235	6.49398115550682e-12	FAM104A	c1
1.96961341829012e-16	-0.590633623496232	0.26	0.339	6.63641545158674e-12	BUD31	c1
1.99696478969775e-16	1.33611375548051	0.039	0.015	6.7285731624076e-12	DENND5A	c1
2.00654013072438e-16	-1.10000946593248	0.067	0.134	6.76083631646271e-12	LMNB1	c1
2.16962972319247e-16	-1.31321119211723	0.04	0.097	7.31035038932470e-12	RPL39L	c1
2.20027129722872e-16	0.22159779606085	0.689	0.571	7.41359410888244e-12	CD6	c1
2.23792496505001e-16	-0.414212878802725	0.459	0.525	7.5404643772395e-12	MYEOV2	c1
2.42176410001875e-16	-0.911344996302756	0.102	0.175	8.15989195860319e-12	MAF	c1
2.44330142391762e-16	-0.54227043069285	0.323	0.4	8.23245981774804e-12	KIF5B	c1
2.51245825207941e-16	-1.09534476674275	0.077	0.143	8.46547683455635e-12	CD81	c1
2.53160534054336e-16	0.358022762465904	0.345	0.253	8.52999103442679e-12	BCL2	c1
2.53830244880789e-16	-2.0943332852615	0.019	0.067	8.55255627101331e-12	CLU	c1
2.54560949172778e-16	-0.803344400376123	0.138	0.215	8.57717662142759e-12	MYD88	c1
2.65236911885694e-16	0.292101163017735	0.686	0.584	8.93689250907657e-12	NDUFB9	c1
2.73648779107649e-16	1.42112467072441	0.039	0.014	9.22032196325314e-12	MICU3	c1
2.73783588884216e-16	0.694193716384731	0.131	0.077	9.22486424386477e-12	PLA2G12A	c1
2.802907838687e-16	-4.40067469328699	0.002	0.038	9.44411767167197e-12	SLC27A2	c1
3.17929524168891e-16	-0.74334833774501	0.205	0.283	1.07123173873466e-11	PTK2B	c1
3.22974548727449e-16	-3.86252630059168	0.005	0.044	1.08823044448227e-11	DKK3	c1
3.27919402571734e-16	-0.694451719816436	0.208	0.287	1.1048916350252e-11	ACADVL	c1
3.32228935259546e-16	-4.34258146745724	0.002	0.038	1.11941217446351e-11	SEMA4A	c1
3.33608764503151e-16	-1.07373846363804	0.068	0.133	1.12406137111692e-11	COMTD1	c1
3.34604033180582e-16	-4.31075464771094	0.003	0.04	1.12741482939865e-11	TRGV7	c1
3.44795647673665e-16	0.271137832129062	0.391	0.286	1.16175445527165e-11	MGAT4A	c1
3.47095123558572e-16	1.01262965960436	0.075	0.037	1.16950230931825e-11	IL2	c1
3.57305642176532e-16	-7.69058069726828	0	0.035	1.20390563074961e-11	AC069363.1	c1
3.59686383205385e-16	-1.26017823801907	0.051	0.111	1.21192729957222e-11	MXD4	c1
3.59717256728e-16	0.2503720859062	0.711	0.611	1.21203132481932e-11	NSA2	c1
3.60998460735886e-16	-1.24989217347917	0.061	0.123	1.21634821360349e-11	TESC	c1
3.71191752899419e-16	-1.81628996960003	0.023	0.073	1.2506934922193e-11	CTSH	c1
3.77864162392943e-16	-2.18756784972642	0.012	0.056	1.27317550876678e-11	ENTPD1	c1
3.83374374166433e-16	-0.762396843020087	0.153	0.231	1.29174161631638e-11	TAF12	c1
3.84182934793768e-16	-4.21667376375846	0.002	0.038	1.29446598049412e-11	UNQ6494	c1
3.85026890770417e-16	-4.24335805433388	0.002	0.039	1.29730960576184e-11	RGS9	c1
3.91970509855019e-16	-0.712479494629966	0.18	0.26	1.3207054359055e-11	ORMDL2	c1
3.92403127433563e-16	-0.337638989577516	0.62	0.651	1.32216309757465e-11	CDC37	c1
3.98163156446156e-16	1.38723843293874	0.031	0.01	1.34157093932968e-11	F2RL1	c1
4.11247587541096e-16	-0.88599929623042	0.154	0.23	1.38565762146097e-11	PARP9	c1
4.15266372639127e-16	-0.604397096238765	0.324	0.396	1.39919851597028e-11	C5orf56	c1
4.31911127647986e-16	-1.34676279153205	0.038	0.094	1.45528135349712e-11	EMC9	c1
4.53729130681336e-16	-1.74997093035876	0.027	0.078	1.52879493291769e-11	KIAA1671	c1
4.58526998758393e-16	-1.09844466657722	0.067	0.131	1.54496086961653e-11	TRAPPC5	c1
4.99895333557768e-16	-0.877948755407149	0.14	0.214	1.68434733688954e-11	AGTRAP	c1
5.12731615206544e-16	-0.460626338252313	0.442	0.502	1.72759790427693e-11	PAK2	c1
5.58114524560946e-16	-2.33802238345975	0.012	0.056	1.88051107905565e-11	SRGAP2	c1
5.68569011782516e-16	-0.390097782091351	0.73	0.743	1.91573642830001e-11	TRBC2	c1
5.83655573886381e-16	-0.734112721713596	0.159	0.237	1.96656909065277e-11	TUSC2	c1
5.92873810883854e-16	-1.0422496222642	0.064	0.128	1.99762901839206e-11	C16orf87	c1
5.99280851861812e-16	0.735371266882313	0.098	0.052	2.01921690226319e-11	RNF130	c1
6.05078191901333e-16	-0.463466334226986	0.38	0.456	2.03875045979235e-11	PRDX6	c1
6.39712453690592e-16	0.456733176778127	0.248	0.17	2.15544714146508e-11	RP11-51J9.5	c1
6.73675650915578e-16	-0.349233740889061	0.615	0.643	2.26988273819495e-11	TBC1D10C	c1
6.82352933867828e-16	-0.972532693514725	0.096	0.165	2.29911997537426e-11	NABP2	c1
6.94667708406014e-16	-1.00433241980203	0.084	0.152	2.34061337670322e-11	SYS1	c1
6.97301133810602e-16	-0.890249358724938	0.114	0.187	2.34948644026144e-11	ZDHHC24	c1
6.99458206427212e-16	-4.95953499513987	0.002	0.038	2.35675448073585e-11	IL21	c1
7.02728851136608e-16	-2.4391048814286	0.012	0.055	2.36777459101969e-11	CAPN12	c1
7.31251572158518e-16	-0.455027644961067	0.444	0.498	2.46387904723091e-11	POLD4	c1
7.3127656618841e-16	0.287888046473137	0.493	0.389	2.46396326211523e-11	SAMHD1	c1
7.42537621306292e-16	0.367558560000509	0.384	0.288	2.50190626122942e-11	MTERF4	c1
7.44585763198216e-16	-4.04078605950338	0.002	0.038	2.50880727052007e-11	TRIB1	c1
7.6931276500155e-16	1.86501980487385	0.022	0.006	2.59212243039622e-11	USP6NL	c1
7.70015330988186e-16	-0.575058944021628	0.325	0.397	2.59448965623159e-11	DNAJB6	c1
8.67409657160659e-16	-0.491987577967836	0.36	0.433	2.92265009883712e-11	SEPT2	c1
8.68174650042983e-16	-1.18359455537139	0.078	0.143	2.92522766585483e-11	HELZ2	c1
8.70083188464783e-16	-1.6151507459414	0.026	0.076	2.93165829521324e-11	PRICKLE4	c1
8.82924865795985e-16	-0.678513201838024	0.181	0.26	2.97492704281299e-11	PSMC1	c1
8.96247697505061e-16	-4.44131556527171	0.001	0.035	3.01981699197355e-11	LHFP	c1
9.0821279816678e-16	-0.709587313155506	0.189	0.268	3.06013220214315e-11	FBXW5	c1
9.351296142563e-16	-0.274855819362395	0.739	0.745	3.15082572227518e-11	UBE2D2	c1
9.35718470751778e-16	-0.878229259257997	0.1	0.171	3.15280981535104e-11	USB1	c1
9.45873788854926e-16	0.52541100972943	0.188	0.122	3.18702714416779e-11	TMEM116	c1
9.50150816733806e-16	-0.601895192715759	0.243	0.32	3.20143816190288e-11	SUPT4H1	c1
1.00352607638453e-15	-0.426413347232127	0.511	0.56	3.38128076177004e-11	IFI16	c1
1.02540416098913e-15	-0.692452968916727	0.346	0.408	3.45499678003677e-11	GPX1	c1
1.04772382982348e-15	-0.409771439034848	0.52	0.561	3.53020067220724e-11	RHOG	c1
1.05663158422116e-15	-0.464130323350792	0.402	0.469	3.56021445987477e-11	CAST	c1
1.09906830133178e-15	-0.409966372400902	0.465	0.52	3.70320073450728e-11	AIP	c1
1.10855783354391e-15	-0.539540006427131	0.673	0.658	3.73517476434285e-11	CD27	c1
1.12551863248287e-15	-0.425442552299995	0.399	0.474	3.79232248028779e-11	SF3A2	c1
1.15319508335918e-15	-1.98105575374692	0.016	0.06	3.88557551387042e-11	SLC27A3	c1
1.15772158159845e-15	-0.668661173332144	0.213	0.292	3.9008270970378e-11	SPCS3	c1
1.17528393606413e-15	0.382196177974962	0.331	0.242	3.96000169417449e-11	LINC00936	c1
1.2022077318251e-15	0.340005848682807	0.438	0.338	4.05071873161149e-11	AKIRIN1	c1
1.20743923770326e-15	-0.618389022900212	0.261	0.338	4.06834576751738e-11	FKBP2	c1
1.2129798334777e-15	-5.69016362496383	0.001	0.035	4.08701425091975e-11	HMOX1	c1
1.22316426508812e-15	-0.290949852027321	0.702	0.71	4.12132967478792e-11	NDUFA1	c1
1.24187441418889e-15	-0.655477696648786	0.228	0.305	4.18437165116803e-11	DDX39A	c1
1.27123593033903e-15	-1.59681204409769	0.022	0.07	4.28330234368433e-11	PDLIM7	c1
1.28130533804267e-15	-0.617426359070244	0.21	0.29	4.31723020600096e-11	EMC7	c1
1.33315986247951e-15	-0.872136521610693	0.153	0.226	4.49194884063845e-11	DIP2A	c1
1.37656694635883e-15	1.04050011852861	0.057	0.025	4.63820466906145e-11	RASGRF2	c1
1.43526688321442e-15	-0.788787221915812	0.167	0.24	4.83598823630267e-11	PTPN4	c1
1.486169504322e-15	-0.879181102149325	0.128	0.201	5.00749952786256e-11	NDFIP2	c1
1.69539513745626e-15	-0.465597678171339	0.365	0.435	5.71246437614514e-11	NDUFB3	c1
1.7049987402647e-15	0.252916782955221	0.677	0.567	5.7448227554479e-11	ETS1	c1
1.7508080402912e-15	0.388053239138958	0.29	0.206	5.89917261095717e-11	STMN3	c1
1.75422142612344e-15	-0.881089930057391	0.12	0.191	5.91067367318032e-11	JMJD6	c1
1.75866273435351e-15	0.406467902219405	0.233	0.158	5.92563821713073e-11	CAMK1D	c1
1.85739675086734e-15	-1.27090728870233	0.045	0.102	6.25831261237241e-11	EPS8L2	c1
1.90563996233508e-15	0.314703817441677	0.36	0.266	6.42086328909183e-11	AC245100.1	c1
1.91821689801585e-15	1.6627126479337	0.029	0.009	6.46324001617459e-11	OSBPL1A	c1
2.01130197129539e-15	1.39176633587507	0.031	0.01	6.77688086208269e-11	SPATA6L	c1
2.08430020030387e-15	-0.64589824485696	0.25	0.328	7.02284109490385e-11	GLUD1	c1
2.24178703199907e-15	0.38894542387661	0.324	0.237	7.55347722561767e-11	GABPB1-AS1	c1
2.25821662256325e-15	-1.1332872828347	0.056	0.116	7.60883508806462e-11	ISY1	c1
2.28803085882679e-15	-0.413808465139732	0.481	0.526	7.70929117573099e-11	VCP	c1
2.32854899983752e-15	-1.25618757124487	0.044	0.1	7.84581300005253e-11	IL15RA	c1
2.35564961811307e-15	-0.775980450205191	0.322	0.378	7.93712582327019e-11	SIRPG	c1
2.42885853804086e-15	-0.197774850608586	0.971	0.946	8.18379595807488e-11	LAPTM5	c1
2.43385362974713e-15	-0.493007388199293	0.365	0.432	8.20062642006999e-11	CLTB	c1
2.45356965123316e-15	-1.51544834331845	0.03	0.08	8.26705758286501e-11	EMG1	c1
2.49172294961735e-15	-0.362778064637127	0.521	0.575	8.39561130644071e-11	SNX3	c1
2.60955536899703e-15	0.704279732598456	0.12	0.07	8.79263586029861e-11	HSBP1L1	c1
2.80248024262718e-15	-0.782149555459138	0.125	0.199	9.44267692950803e-11	MOB3A	c1
2.81712504150086e-15	-0.791179131667822	0.172	0.245	9.49202111483299e-11	SRM	c1
2.86486157098703e-15	1.20137249597253	0.046	0.019	9.6528645772837e-11	ZBTB16	c1
2.90818263741384e-15	0.246419689452554	0.643	0.534	9.79883057850218e-11	NAP1L1	c1
2.97696593784409e-15	-4.0292877151969	0.002	0.036	1.00305890309719e-10	RASGEF1A	c1
3.15757884834183e-15	-0.432404552280223	0.475	0.517	1.06391461716029e-10	SCAND1	c1
3.15828299836069e-15	-1.1121455010886	0.065	0.126	1.06415187346765e-10	CDIP1	c1
3.1811941589747e-15	-0.818879298711073	0.159	0.232	1.07187155992494e-10	NINJ1	c1
3.1896153220071e-15	-0.865936602620222	0.093	0.162	1.07470898659707e-10	KEAP1	c1
3.21126258036684e-15	-0.529196595425173	0.358	0.423	1.0820028138288e-10	PRKAR1A	c1
3.6073779994085e-15	-0.328971244879648	0.729	0.716	1.2154699431207e-10	LAT	c1
3.62428805014168e-15	-0.837166359750681	0.132	0.203	1.22116761561474e-10	SUPT3H	c1
3.67516183532067e-15	-0.936883212522838	0.096	0.164	1.23830902879295e-10	PDZD11	c1
3.90485019980747e-15	-0.675261560846232	0.185	0.262	1.31570022632313e-10	ARL6IP6	c1
3.98818391103698e-15	-0.699745502311199	0.242	0.316	1.3437786869848e-10	SLAMF1	c1
4.07902720622993e-15	-0.591296290831815	0.273	0.348	1.37438742686711e-10	IRF2	c1
4.08842692822745e-15	-1.07466299316835	0.073	0.137	1.37755456919696e-10	ZC3H12A	c1
4.19271981903869e-15	-1.76875621826044	0.021	0.066	1.4126950158269e-10	TP53I11	c1
4.23064618787568e-15	-3.38206918893784	0.005	0.042	1.42547392654283e-10	CYTH3	c1
4.4036245240583e-15	-2.21987766645322	0.013	0.055	1.4837572471362e-10	TSPAN2	c1
4.42380165461398e-15	-0.79439586863483	0.141	0.214	1.49055572950564e-10	ATP1B3	c1
4.53980252671504e-15	-0.749475026158607	0.129	0.203	1.52964106335136e-10	MAD2L2	c1
4.67773945579729e-15	-4.89499576303496	0.002	0.036	1.57611753223634e-10	TRGV8	c1
4.85430133158661e-15	-0.485651794577982	0.396	0.456	1.63560829066479e-10	FAM49B	c1
4.88141534524034e-15	0.753643238392776	0.108	0.061	1.64474408642528e-10	IL18BP	c1
4.97275104367647e-15	-2.6728073122345	0.008	0.046	1.67551873665635e-10	C9orf172	c1
5.04264972332057e-15	-0.367951441628416	0.539	0.58	1.69907039777563e-10	SF3B2	c1
5.0977694847417e-15	-0.68325215257497	0.178	0.255	1.71764245018887e-10	COPB1	c1
5.31651323894048e-15	-2.38400096661712	0.009	0.049	1.79134597072861e-10	GFOD1	c1
5.33911554980285e-15	-0.460723078315367	0.535	0.556	1.79896159335057e-10	FKBP1A	c1
5.35058889405987e-15	-3.69008504198631	0.003	0.037	1.80282742196453e-10	MSC-AS1	c1
5.45863540948937e-15	-0.670369273531132	0.31	0.383	1.83923261487335e-10	NR4A2	c1
5.69901740115736e-15	-0.914676247654232	0.092	0.159	1.92022692314596e-10	AP1S1	c1
5.97869796925457e-15	1.54189695432254	0.025	0.008	2.01446249376063e-10	RAB20	c1
6.18252636759257e-15	-0.619530206512435	0.192	0.27	2.08314043429664e-10	RBM42	c1
6.34346135121631e-15	1.49402802754051	0.028	0.009	2.13736586767882e-10	PARK2	c1
6.53722754676443e-15	-0.464642879846433	0.412	0.475	2.20265344960681e-10	BRD2	c1
6.63004418023903e-15	-0.34480278272313	0.595	0.628	2.23392708608974e-10	EID1	c1
6.9286086948881e-15	-0.92712355613479	0.083	0.148	2.3345254136556e-10	SEL1L3	c1
7.1442249585171e-15	-7.01054360901821	0	0.032	2.40717515752275e-10	MYO1E	c1
7.24064814486977e-15	-1.11568720418948	0.069	0.13	2.43966398593242e-10	JAZF1	c1
7.47224420571188e-15	-0.60732618493323	0.245	0.317	2.51769796267256e-10	PSMC4	c1
7.59386708329519e-15	-0.973960388343907	0.095	0.161	2.55867757504548e-10	TRIM21	c1
8.19061445574525e-15	-0.54506248699677	0.284	0.356	2.7597456347188e-10	PSMD4	c1
8.58403314065442e-15	1.45787552077639	0.037	0.014	2.8923041264121e-10	RP11-330A16.1	c1
9.17979336486928e-15	-0.427096801585477	0.423	0.481	3.09303957635906e-10	SELT	c1
9.4261457697362e-15	-0.352318150593873	0.573	0.601	3.17604555565491e-10	SEC61G	c1
9.63268387429458e-15	-6.9485075521487	0	0.031	3.24563650460482e-10	CLNK	c1
9.79897540033289e-15	1.96029563336319	0.017	0.004	3.30166677138816e-10	GREM2	c1
9.90123727482075e-15	-0.320370617153986	0.614	0.637	3.3361228873781e-10	VAMP8	c1
1.01925444942625e-14	1.95763744856976	0.017	0.004	3.43427594189681e-10	RP5-1184F4.7	c1
1.02913608089162e-14	-0.814311188137964	0.118	0.189	3.46757111095623e-10	MTCH2	c1
1.05226032376665e-14	-0.82474626344363	0.116	0.186	3.54548593489936e-10	LPCAT4	c1
1.0571796349646e-14	-0.906116080241369	0.097	0.164	3.56206106204974e-10	CARS	c1
1.05802561745106e-14	-2.09541101637697	0.012	0.053	3.56491151543961e-10	LIMK1	c1
1.09517695832981e-14	-0.365496404104429	0.55	0.58	3.69008924339647e-10	NDUFB10	c1
1.11054015423785e-14	0.2531988889665	0.528	0.418	3.741853995689e-10	C1QBP	c1
1.1143289271759e-14	-5.2185245623224	0.001	0.033	3.75461988722647e-10	PDE4A	c1
1.16628694268597e-14	-0.647966000620537	0.209	0.285	3.92968722468611e-10	GSTO1	c1
1.19331474101443e-14	0.985194247612847	0.053	0.023	4.02075468837403e-10	NR3C2	c1
1.21168550803894e-14	-0.863904980095086	0.101	0.168	4.08265315078639e-10	ERVK3-1	c1
1.24576022064219e-14	-0.457966018395914	0.413	0.474	4.19746448743178e-10	RASSF5	c1
1.31578504163661e-14	-2.01760054987002	0.028	0.076	4.43340611929038e-10	CD83	c1
1.32369647397414e-14	-1.05340655519241	0.059	0.118	4.46006289940848e-10	SH3BP2	c1
1.39930718707255e-14	-7.47185443787549	0	0.031	4.71482563612226e-10	NXPH4	c1
1.40727611343435e-14	0.505912274695416	0.233	0.162	4.74167613660569e-10	MAP4K2	c1
1.41104462759805e-14	-0.780022215860734	0.155	0.226	4.75437376822888e-10	MT1F	c1
1.42832758904741e-14	-0.915635823858524	0.123	0.191	4.81260697853636e-10	DENND1B	c1
1.44084650350464e-14	-0.786800375782754	0.174	0.244	4.85478820890854e-10	GPR65	c1
1.48749285650202e-14	0.268576895358597	0.539	0.436	5.01195843069791e-10	RSL1D1	c1
1.50050259973795e-14	-0.741609023879026	0.172	0.244	5.05579345955704e-10	TMEM167A	c1
1.55740101984933e-14	-0.895663372542529	0.109	0.177	5.24750699628033e-10	EML2	c1
1.56165110579061e-14	0.429516481090078	0.266	0.188	5.26182723585087e-10	WDR74	c1
1.56337922654537e-14	-0.413851418671743	0.834	0.784	5.26764996592196e-10	S100A11	c1
1.63337605555723e-14	-1.00969641932758	0.063	0.122	5.50349728159454e-10	SH2D3C	c1
1.6628026655684e-14	-0.758865413411064	0.162	0.235	5.60264730136618e-10	HTATIP2	c1
1.69799665970582e-14	-0.65613040498891	0.2	0.274	5.7212299452128e-10	YIPF3	c1
1.74230010779997e-14	-0.830724315826697	0.105	0.172	5.87050598322123e-10	TOR1A	c1
1.75333425155259e-14	-0.751197293524334	0.152	0.224	5.90768442718129e-10	MANF	c1
1.76298978753599e-14	-0.637737293244784	0.197	0.272	5.94021779012377e-10	MRPS36	c1
1.79462005474734e-14	0.413322810468931	0.308	0.226	6.04679281246567e-10	IMPDH2	c1
1.81330660663798e-14	-2.21362613681243	0.009	0.047	6.10975528040601e-10	MGST2	c1
1.85152671402568e-14	0.340846956157803	0.376	0.285	6.23853411023814e-10	MYLIP	c1
1.8723132274573e-14	-0.972070438519971	0.085	0.149	6.30857218859461e-10	RARA	c1
1.9684341986013e-14	-0.245099508943414	0.973	0.951	6.63244218876723e-10	SRGN	c1
1.97452610632552e-14	-0.56866957065227	0.249	0.322	6.65296826265319e-10	KXD1	c1
2.01852227355039e-14	-0.82138218443434	0.112	0.18	6.80120894850067e-10	C1GALT1	c1
2.02463117031089e-14	-3.42201547008979	0.004	0.038	6.82179226524551e-10	CCRL2	c1
2.14911693982946e-14	-0.744512946065198	0.13	0.2	7.24123461706137e-10	PSMD9	c1
2.15946622760226e-14	-0.424837301718125	0.437	0.495	7.27610550728306e-10	PET100	c1
2.17069860421549e-14	-0.513206222695373	0.33	0.395	7.31395187704367e-10	MRPL51	c1
2.20815361017739e-14	-5.2421632180064	0.001	0.033	7.44015277413169e-10	RP6-91H8.3	c1
2.22376775818067e-14	-5.20850341779253	0.002	0.034	7.49276308441395e-10	AC131056.3	c1
2.22785306588435e-14	-0.419389894627158	0.436	0.488	7.50652812019074e-10	MEAF6	c1
2.24869408464958e-14	-0.444532484807589	0.417	0.472	7.5767498488183e-10	RAB11B	c1
2.27190331013975e-14	-0.683078717316627	0.18	0.254	7.65495101318489e-10	DNM2	c1
2.41178561713612e-14	0.238736501165711	0.606	0.503	8.12627045837843e-10	TMC8	c1
2.47850991830915e-14	-0.664753296393845	0.652	0.664	8.35109131875086e-10	SAT1	c1
2.54367127049051e-14	-0.832743342045154	0.102	0.169	8.57064597879073e-10	MIS18BP1	c1
2.56090683174072e-14	-0.479068689517775	0.352	0.42	8.62871947886719e-10	ANXA7	c1
2.67563414680641e-14	-1.16577382537198	0.055	0.111	9.01528169424953e-10	IVD	c1
2.68035575616612e-14	-3.30858956950548	0.004	0.038	9.03119068482613e-10	CORO1C	c1
2.90255076369971e-14	0.462758481604767	0.193	0.129	9.77985454320979e-10	KLHL36	c1
2.9132995401213e-14	-1.309401084341	0.048	0.102	9.81607147048472e-10	SKAP2	c1
2.92164485140629e-14	-2.0152729653811	0.018	0.06	9.84419016232835e-10	ABCA2	c1
2.9230472676574e-14	-0.397713692969029	0.548	0.583	9.84891546364485e-10	EIF5A	c1
3.01450177777372e-14	-1.13573168840724	0.044	0.097	1.01570622900308e-09	MB21D1	c1
3.05201704008523e-14	-0.90396775110383	0.085	0.149	1.02834662148632e-09	NFKBIB	c1
3.07896215272178e-14	-1.43797462902218	0.03	0.078	1.03742550773808e-09	NDUFB8	c1
3.16918253978456e-14	-0.206329299447143	0.853	0.83	1.06782436495501e-09	COX6B1	c1
3.18656745473501e-14	-1.19622915638619	0.056	0.112	1.07368203819841e-09	SLC6A6	c1
3.19566469403301e-14	-0.553863499818355	0.274	0.345	1.07674726200748e-09	PSMA3	c1
3.20080113154351e-14	-2.08449534122233	0.012	0.052	1.07847793326227e-09	MREG	c1
3.20724268739897e-14	-0.133733111692655	0.998	0.991	1.08064835109221e-09	HLA-E	c1
3.23361295657562e-14	-1.06136956248572	0.063	0.121	1.08953354958859e-09	MCM5	c1
3.25141190088413e-14	-0.893631949289323	0.103	0.169	1.0955307258839e-09	TRPV2	c1
3.44153757390529e-14	-0.779407549195659	0.117	0.186	1.15959167015165e-09	IL10RB	c1
3.69940159008634e-14	2.22393768767514	0.015	0.003	1.24647637176369e-09	CTD-2015H6.3	c1
3.75231515351397e-14	-0.792980695257422	0.119	0.188	1.264305067825e-09	SKA2	c1
3.75619627630005e-14	-1.40307285712926	0.036	0.085	1.26561277333654e-09	SNAI3	c1
3.80610810484604e-14	-0.582019655108772	0.453	0.506	1.28243006484683e-09	TRBC1	c1
3.87188155533773e-14	-0.261205652383979	0.728	0.73	1.3045917712555e-09	SPCS1	c1
3.94861551427867e-14	-1.23579136883922	0.053	0.108	1.33044651138105e-09	CREB3L2	c1
3.98632904084905e-14	-0.826033151450283	0.11	0.177	1.34315370702368e-09	DNAJB11	c1
4.26599536036311e-14	-0.329960870037286	0.615	0.633	1.43738447672075e-09	SH3BGRL	c1
4.27398732324875e-14	0.604440700901489	0.144	0.09	1.44007728869543e-09	FAM175A	c1
4.28268706386333e-14	-0.317043510228559	0.618	0.635	1.44300857929811e-09	ATP5J	c1
4.52416504673548e-14	-2.94249331219053	0.006	0.042	1.52437217084705e-09	AUTS2	c1
4.63982106563393e-14	-0.581492276830721	0.235	0.31	1.5633413098547e-09	GOLPH3	c1
4.65440465109324e-14	-1.10826259819814	0.068	0.126	1.56825510313936e-09	PYCR2	c1
4.82000780601186e-14	-0.976987226598596	0.086	0.148	1.62405343015763e-09	MTFP1	c1
4.87873644839362e-14	0.852187284310162	0.065	0.032	1.64384145892175e-09	METAP1D	c1
4.97691520531788e-14	-0.304886814692937	0.597	0.641	1.67692180927981e-09	KMT2E	c1
5.05879276500605e-14	-1.58063018108296	0.05	0.102	1.70450963424114e-09	CMPK2	c1
5.23280005124071e-14	-1.31282606644563	0.161	0.224	1.76313964926504e-09	IFI44L	c1
5.38856253765037e-14	-0.978439463345771	0.106	0.17	1.81562226143592e-09	LPGAT1	c1
5.39690934708038e-14	-0.627072837467852	0.189	0.264	1.81843463540526e-09	AATF	c1
5.48810032300489e-14	-1.03130667393942	0.063	0.12	1.84916052283327e-09	CDCA4	c1
5.62211855073161e-14	-1.52942344479783	0.032	0.08	1.89431662448351e-09	RHBDF2	c1
5.69746074429618e-14	-4.63201938335041	0.003	0.035	1.91970242318316e-09	SOX4	c1
5.85498541528659e-14	-2.26716738769075	0.013	0.053	1.97277878582666e-09	VAV3	c1
6.25021389117058e-14	-0.453235656535721	0.373	0.435	2.10594706849101e-09	TMCO1	c1
6.4482453694383e-14	-5.20672394605297	0.001	0.031	2.17267179477854e-09	PIK3AP1	c1
6.56317519872189e-14	0.902824357799723	0.071	0.036	2.21139625145735e-09	PLPP6	c1
6.60097908032898e-14	-1.62108924421145	0.044	0.095	2.22413389132605e-09	RTKN2	c1
6.64975026152968e-14	-0.365506668252346	0.575	0.598	2.24056685311981e-09	SLC25A5	c1
6.69908047548903e-14	-0.32624407895806	0.59	0.617	2.25718817541127e-09	RBM8A	c1
6.71973661441057e-14	-0.926290091573727	0.08	0.142	2.2641480548595e-09	PLEKHA2	c1
6.89203725416342e-14	-0.645356485906231	0.191	0.263	2.32220303241782e-09	DERL1	c1
7.23048135487739e-14	-1.22517166552477	0.071	0.129	2.43623838771239e-09	PGM2L1	c1
7.32365842013981e-14	-1.20645715064701	0.046	0.099	2.46763346808191e-09	FOSL2	c1
7.53509183219069e-14	-2.94425822716634	0.005	0.039	2.53887384193833e-09	TTC24	c1
7.54153600769902e-14	-0.430522850511514	0.445	0.495	2.54104514243411e-09	LPXN	c1
7.91607439604707e-14	-0.659150086650089	0.178	0.251	2.6672421070041e-09	SRA1	c1
8.00515197843868e-14	-0.692267027562442	0.154	0.225	2.69725590761513e-09	SIRT7	c1
8.38513038049365e-14	-0.544947572773647	0.266	0.337	2.82528583040353e-09	CGGBP1	c1
9.19287165626222e-14	-1.4813956546371	0.03	0.076	3.09744617586099e-09	HIVEP3	c1
1.06979384013813e-13	-0.334604206504297	0.548	0.579	3.6045633649614e-09	RALY	c1
1.10992270036228e-13	-0.713849318914099	0.125	0.194	3.73977354660067e-09	TPGS2	c1
1.18768349326411e-13	-0.733375665868662	0.211	0.28	4.00178076220409e-09	RANBP2	c1
1.22056862268124e-13	-0.432373286553754	0.432	0.489	4.11258391726216e-09	P4HB	c1
1.30550991409305e-13	-0.49551270121791	0.376	0.435	4.39878510454513e-09	PPP1R12A	c1
1.32194684526724e-13	-0.415302917448952	0.444	0.493	4.45416770044344e-09	CSK	c1
1.32942132617473e-13	-0.55464173535667	0.215	0.29	4.47935221641314e-09	CNPPD1	c1
1.34037179470664e-13	-0.602956314900994	0.244	0.314	4.51624872508455e-09	CHST11	c1
1.36809494323009e-13	-0.693229179100233	0.167	0.238	4.60965910171947e-09	GPR108	c1
1.36898696477495e-13	-0.44978304551442	0.368	0.427	4.61266467911272e-09	UQCRFS1	c1
1.37665815878628e-13	-1.54282702687071	0.029	0.075	4.63851200021449e-09	GALNT10	c1
1.41304851335638e-13	-2.89386162451573	0.004	0.037	4.76112566090299e-09	MIR181A1HG	c1
1.47442381272727e-13	1.60583537165547	0.021	0.006	4.96792359460328e-09	PCSK5	c1
1.51830952431992e-13	1.10874089897678	0.04	0.016	5.11579211124353e-09	KCNQ1	c1
1.52530117155304e-13	-1.09727530915413	0.062	0.117	5.13934976743081e-09	PLEKHO1	c1
1.53649316769895e-13	-0.706363776344419	0.127	0.196	5.17706007924485e-09	GNG10	c1
1.54926678750352e-13	-1.77164757956266	0.018	0.059	5.22009951381437e-09	AKAP2	c1
1.55215588691838e-13	-0.457497833677002	0.394	0.443	5.22983404538279e-09	AP2M1	c1
1.55473090706678e-13	-0.553089731893802	0.418	0.471	5.2385103182708e-09	PARP8	c1
1.58841502448801e-13	-0.736171379093242	0.106	0.173	5.35200558350989e-09	NDUFA11	c1
1.60645889407612e-13	-0.469510344692226	0.384	0.443	5.41280259770009e-09	TNIP1	c1
1.71233533536826e-13	0.379332599638641	0.307	0.227	5.76954267898982e-09	TMEM106B	c1
1.71840039434426e-13	-0.664565144517741	0.178	0.248	5.78997828870354e-09	TRAPPC4	c1
1.75576568581617e-13	-5.61274677769793	0.001	0.03	5.91587690178901e-09	RP11-121P12.1	c1
1.77701059535995e-13	-0.760439477227432	0.126	0.192	5.98745950000582e-09	ARF3	c1
1.88034003293866e-13	0.910026313454431	0.055	0.026	6.33561770698353e-09	TTC9	c1
1.90271892617583e-13	-0.373274150644961	0.52	0.558	6.41102114985685e-09	UQCRQ	c1
1.92081903421759e-13	0.54776602841761	0.141	0.089	6.47200765389273e-09	SLC39A8	c1
2.08418631564483e-13	-0.224098835887806	0.915	0.893	7.02245737193368e-09	EVL	c1
2.12947745683471e-13	-0.438127683360503	0.424	0.472	7.17506134305887e-09	CBX3	c1
2.27591624280058e-13	-0.863321546308635	0.088	0.15	7.66847218849228e-09	SMC4	c1
2.32319398059024e-13	-1.19984690059536	0.045	0.095	7.82776979820077e-09	ADORA2A	c1
2.36056473702647e-13	-0.370989454234904	0.589	0.619	7.95368682493699e-09	RSRP1	c1
2.39642080476145e-13	-0.414058169927982	0.425	0.477	8.07450025956325e-09	AURKAIP1	c1
2.50884212892602e-13	0.366517097618028	0.275	0.199	8.45329266920334e-09	PXN	c1
2.67974532458015e-13	-0.77944431027962	0.113	0.179	9.02913389664034e-09	DNAJC3	c1
2.71741671548464e-13	-1.00844520507789	0.062	0.118	9.15606388115394e-09	ANKHD1	c1
2.72044496976353e-13	-0.862615110027451	0.115	0.18	9.16626728112124e-09	NFAT5	c1
2.76246565984345e-13	-0.3858542674401	0.474	0.518	9.3078517942765e-09	OTUB1	c1
2.83807764494647e-13	-1.18925075625636	0.069	0.125	9.56261881688263e-09	LMO4	c1
2.8412039677412e-13	0.212057888706028	0.69	0.587	9.5731526489072e-09	CDC42SE2	c1
2.84760107074112e-13	-3.45683342509439	0.005	0.037	9.59470704775514e-09	CD9	c1
2.85802350541991e-13	-0.831573821210447	0.097	0.16	9.62982439916185e-09	TXNDC11	c1
2.96159476106902e-13	-0.420416270432675	0.379	0.445	9.97879738794597e-09	LAMTOR1	c1
2.99559098899199e-13	1.63706459555436	0.015	0.003	1.00933442783096e-08	SPATA6	c1
3.06644242735699e-13	-0.670693301602957	0.268	0.331	1.03320711147366e-08	HNRNPLL	c1
3.15641347188966e-13	-0.395650769402635	0.428	0.482	1.0635219552185e-08	SF3B6	c1
3.22051568759507e-13	-4.99660274025879	0.001	0.029	1.08512055577828e-08	SEMA7A	c1
3.27362397061863e-13	-1.06736466349164	0.064	0.119	1.10301486066024e-08	PHTF1	c1
3.39136962187762e-13	0.531662896990938	0.208	0.144	1.14268808039544e-08	ARRDC2	c1
3.68692778242374e-13	-0.59125707661863	0.222	0.294	1.24227344700985e-08	PSMA4	c1
3.7651477278081e-13	2.20143351532417	0.011	0.002	1.26862887540766e-08	SDK2	c1
3.78962462654134e-13	-0.875142709991042	0.084	0.144	1.27687612166684e-08	SLC52A2	c1
3.83035734908163e-13	-0.363079143576476	0.52	0.557	1.29060060519956e-08	UBXN4	c1
3.91026101463221e-13	1.18447308458918	0.039	0.016	1.31752334627018e-08	TLR1	c1
3.94519740471809e-13	-0.378241074336431	0.573	0.588	1.32929481354571e-08	WDR1	c1
4.03894240611981e-13	-1.17077226776683	0.04	0.09	1.36088125431801e-08	TMEM189	c1
4.05496079912125e-13	0.199808030211408	0.747	0.653	1.36627849165591e-08	UXT	c1
4.15531298502818e-13	-0.856327012648719	0.096	0.157	1.40009115717539e-08	BRE	c1
4.25083120324966e-13	-0.421437654358548	0.372	0.437	1.43227506562294e-08	RNF181	c1
4.27024154860429e-13	0.393206184959801	0.237	0.169	1.43881518738673e-08	SLC25A45	c1
4.51771321448912e-13	-0.432735022788781	0.406	0.462	1.52219829048996e-08	ENSA	c1
4.84468991057572e-13	-0.973987896637623	0.082	0.141	1.63236981846938e-08	LIMA1	c1
4.89611069743538e-13	-2.29878466700138	0.014	0.051	1.64969553839388e-08	FXYD2	c1
4.94673729146285e-13	-0.449137401913153	0.359	0.424	1.66675366298549e-08	TMEM179B	c1
5.02916071334509e-13	0.186693310178281	0.736	0.635	1.69452541075449e-08	TAGAP	c1
5.29777272743274e-13	-1.43226955073603	0.031	0.075	1.78503154278119e-08	USP28	c1
5.37782454650751e-13	-0.609074332119138	0.191	0.261	1.81200420270024e-08	ERP44	c1
5.60742548859029e-13	-1.55570490921828	0.022	0.064	1.88936594412561e-08	PAOX	c1
5.65379822576714e-13	-0.931810566182241	0.07	0.127	1.90499077418998e-08	IFT27	c1
5.67464294487426e-13	0.586829971937803	0.092	0.052	1.91201419384593e-08	CRIP2	c1
5.82437460321204e-13	-0.250711077301273	0.775	0.764	1.96246477880627e-08	PRR13	c1
5.95631145988015e-13	-0.588438744120299	0.254	0.323	2.00691958329202e-08	SP140	c1
5.97685966805347e-13	-1.88599169847516	0.027	0.07	2.01384309655394e-08	SMARCD3	c1
6.09748447017397e-13	-0.617467769537294	0.159	0.229	2.05448641738042e-08	UBL7	c1
6.09905193649979e-13	-2.10192350118971	0.011	0.047	2.05501455948424e-08	HIP1	c1
6.23374600343299e-13	-0.550909449730132	0.256	0.324	2.10039837839671e-08	PRDX3	c1
6.25027488450703e-13	0.214809265549336	0.547	0.442	2.1059676195858e-08	TMEM2	c1
6.26949554153195e-13	0.24888584953409	0.437	0.347	2.11244382776377e-08	TTC3	c1
6.45893730230635e-13	-1.06177681474728	0.079	0.136	2.1762743346391e-08	IFIT5	c1
6.58354362722522e-13	-2.85171581337586	0.004	0.035	2.21825918975726e-08	ANKRD35	c1
6.6291356374922e-13	-5.27669679979246	0.001	0.028	2.23362096169662e-08	ADPRH	c1
6.66891139876715e-13	-1.53967063490278	0.025	0.068	2.2470230067006e-08	RP11-488L18.8	c1
6.7492715521293e-13	0.640165269257971	0.132	0.084	2.27409955677445e-08	SFMBT1	c1
6.91791406179384e-13	-3.2011462509284	0.004	0.034	2.33092196398082e-08	UCK2	c1
7.09145554364813e-13	-1.29449946363691	0.032	0.077	2.3893950308768e-08	KCNN4	c1
7.16111260998694e-13	0.355457142871811	0.292	0.216	2.412865282809e-08	MAPKAPK5-AS1	c1
7.71628552912027e-13	-1.1940102277908	0.044	0.092	2.59992524618179e-08	RNASEH2A	c1
7.78005845670014e-13	-1.27049675397353	0.03	0.074	2.62141289640054e-08	KCTD17	c1
7.78712759047771e-13	-0.637650558758853	0.185	0.252	2.62379477033556e-08	TMX1	c1
7.98486825597552e-13	-0.309322178835019	0.646	0.658	2.69042151016839e-08	DAD1	c1
8.26477579309167e-13	-0.600518617543326	0.207	0.273	2.78473355572431e-08	HSD17B10	c1
8.29189181878015e-13	0.453663801393344	0.201	0.138	2.79387002941978e-08	ENOSF1	c1
8.34011781710217e-13	-0.776023186315739	0.127	0.191	2.81011929729441e-08	C21orf91	c1
8.59866859374021e-13	-1.31495554101167	0.029	0.073	2.89723539597483e-08	HRAS	c1
8.86190264858756e-13	-0.503392643709233	0.284	0.355	2.98592947841509e-08	RAB14	c1
8.95160130289937e-13	-0.512330413185395	0.262	0.33	3.01615254299891e-08	MYDGF	c1
8.95556330320976e-13	-0.648312002906365	0.137	0.204	3.0174874993835e-08	RIC8A	c1
9.00766160775646e-13	-0.580923917347186	0.225	0.294	3.03504150211746e-08	CPNE1	c1
9.1915653402914e-13	-1.08624049589553	0.04	0.088	3.09700602575778e-08	CTNNBIP1	c1
9.27606122137903e-13	-1.83363855049466	0.02	0.059	3.12547606793145e-08	RP11-539L10.2	c1
9.50239233291909e-13	-1.06816916716864	0.051	0.102	3.20173607265376e-08	LUZP1	c1
9.8024215765536e-13	-3.17266825966506	0.004	0.035	3.30282792600397e-08	PLCG2	c1
1.04926132913489e-12	-1.16611401313811	0.047	0.096	3.53538112238711e-08	LRRC61	c1
1.0692752377577e-12	-0.587085590421835	0.205	0.276	3.60281598610078e-08	DAXX	c1
1.07325593485714e-12	-0.524065893260143	0.295	0.358	3.61622854690764e-08	YWHAE	c1
1.08798118074518e-12	-0.847805732004933	0.087	0.147	3.66584379040282e-08	CERS5	c1
1.11017728303979e-12	1.23729590149247	0.039	0.016	3.74063133747426e-08	HOOK1	c1
1.11396740641711e-12	-0.600719705234965	0.212	0.28	3.75340177918182e-08	CCT5	c1
1.1363671542315e-12	-0.99530962157664	0.058	0.111	3.82887548946761e-08	LLPH	c1
1.16904669684842e-12	2.31581335909017	0.01	0.002	3.93898594036106e-08	PTPRO	c1
1.25919611154713e-12	-0.477605685802672	0.341	0.401	4.2427353782469e-08	SDF4	c1
1.26782193166888e-12	-0.801873423608868	0.165	0.23	4.27179921656513e-08	HIST1H1E	c1
1.29085748087038e-12	-2.03087040608521	0.012	0.047	4.34941519604466e-08	ARHGAP11B	c1
1.29299611920776e-12	-1.03119562466812	0.065	0.119	4.35662112405864e-08	TSPAN32	c1
1.30785420738777e-12	-0.644684098022074	0.176	0.244	4.40668396637235e-08	HNRNPAB	c1
1.31648933859533e-12	-0.904744883199107	0.071	0.126	4.43577917746312e-08	CDKN2D	c1
1.35059459847741e-12	-0.510928093679006	0.297	0.362	4.55069344010978e-08	TOP1	c1
1.35789484024889e-12	-1.54419508204049	0.03	0.073	4.5752908747346e-08	ZC2HC1A	c1
1.43054985141762e-12	-0.945389215017979	0.082	0.139	4.82009466936652e-08	PICALM	c1
1.43506350978997e-12	-0.562781379637415	0.67	0.659	4.83530298988634e-08	ITM2A	c1
1.44538164038649e-12	0.175142842250577	0.826	0.72	4.87006889911825e-08	ANP32B	c1
1.45098529127605e-12	-0.410263250702927	0.407	0.463	4.88894984042553e-08	STUB1	c1
1.49500574298195e-12	-0.55529437171821	0.221	0.29	5.03727235040338e-08	DCTN2	c1
1.5648013349528e-12	0.225143317966154	0.688	0.583	5.27244161798998e-08	ST13	c1
1.63589421489413e-12	0.327760862611922	0.262	0.188	5.51198196766427e-08	RASA3	c1
1.76578840539262e-12	-0.866525845984968	0.071	0.126	5.94964745312989e-08	GDE1	c1
1.80330196890276e-12	-0.361209011325711	0.628	0.637	6.07604565402095e-08	SKAP1	c1
1.80688851748044e-12	0.599534696882178	0.116	0.071	6.08813017079861e-08	RP11-799D4.4	c1
1.92224266365101e-12	-1.3367688699926	0.032	0.077	6.4768044309057e-08	REC8	c1
1.97238375265441e-12	-1.19437000726657	0.036	0.082	6.64574981619378e-08	COMMD3	c1
2.00143545673788e-12	0.582542981946343	0.142	0.092	6.7436366279326e-08	SMCO4	c1
2.00935137502012e-12	2.42908658431501	0.011	0.002	6.77030852299279e-08	ST6GALNAC1	c1
2.01205125560345e-12	0.101877235598347	0.554	0.444	6.77940550063027e-08	IFITM3	c1
2.11933872226082e-12	-1.63541392078329	0.019	0.057	7.1408998907856e-08	RNF135	c1
2.14674099740275e-12	-0.568379636058494	0.227	0.294	7.23322911664881e-08	SFT2D1	c1
2.15792541703958e-12	-3.18483206750111	0.002	0.029	7.27091390017315e-08	PAQR4	c1
2.16760847494109e-12	-0.744409609436257	0.179	0.245	7.30353999546651e-08	GADD45B	c1
2.22778851761997e-12	-0.606825010927687	0.186	0.254	7.50631063126872e-08	EIF4A1	c1
2.2456842524744e-12	-3.40826048433325	0.003	0.032	7.56660852028725e-08	PDLIM1	c1
2.30697676723194e-12	-0.424885114502734	0.356	0.415	7.77312751951131e-08	ZNHIT1	c1
2.31181288250198e-12	-1.39779946968795	0.022	0.062	7.78942232630218e-08	SLC35F2	c1
2.33402300947979e-12	-0.687526909985667	0.152	0.216	7.86425712814119e-08	BAG1	c1
2.41038456627717e-12	-0.460612430021188	0.437	0.483	8.1215497576143e-08	ARL4C	c1
2.56630629622222e-12	-1.45758179388572	0.023	0.063	8.64691243449114e-08	SRGAP2C	c1
2.57451315071419e-12	-0.117562494435293	0.999	0.997	8.67456461001639e-08	PTMA	c1
2.6098084810415e-12	-0.603094914786471	0.223	0.289	8.79348869602123e-08	CTDSP1	c1
2.61845347719571e-12	-0.695549255081273	0.179	0.243	8.82261714606323e-08	YIPF5	c1
2.62639143914125e-12	-2.64464833837401	0.009	0.041	8.84936331504254e-08	HIST2H2AA4	c1
2.69599556810105e-12	-0.49192300480709	0.317	0.382	9.08388746715968e-08	FGFR1OP2	c1
2.80689426482827e-12	-0.772757692141345	0.124	0.187	9.45754953591238e-08	DTX3L	c1
2.83270124259902e-12	-0.628118543637947	0.147	0.214	9.54450356681315e-08	TMEM14A	c1
2.8465043533346e-12	-0.322056955617265	0.529	0.565	9.59101176812561e-08	SAP18	c1
2.97381251216895e-12	0.188156250206161	0.59	0.481	1.00199638785021e-07	FLT3LG	c1
3.00233468320542e-12	-0.652452714634461	0.155	0.221	1.01160664815923e-07	SLC25A11	c1
3.04799229290497e-12	-0.581109798864794	0.186	0.256	1.0269905231714e-07	NUDT22	c1
3.09998610791261e-12	-0.56389599616977	0.295	0.354	1.04450931920008e-07	PHF11	c1
3.15746712354801e-12	-0.688332799353542	0.151	0.215	1.06387697260827e-07	RAB8B	c1
3.30912422133893e-12	-0.680748362180582	0.144	0.208	1.11497631513794e-07	BLOC1S1	c1
3.31697646949788e-12	-7.43634274556113	0	0.026	1.11762205163261e-07	AC145110.1	c1
3.41553345821093e-12	-0.829990901044486	0.088	0.145	1.15082984340959e-07	BCKDHA	c1
3.58491127676298e-12	-0.461808671111471	0.377	0.433	1.20790000559252e-07	CASP4	c1
3.61022736475264e-12	-0.620763296671086	0.246	0.311	1.21643000827975e-07	SP110	c1
3.65892005340045e-12	0.576367698797987	0.124	0.078	1.23283652279275e-07	RP11-350N15.5	c1
3.72431221119258e-12	-0.934400778949964	0.077	0.132	1.25486975643923e-07	CD79B	c1
3.83433003335087e-12	0.542771068471931	0.155	0.103	1.29193916143724e-07	TECPR1	c1
3.88790941260998e-12	-0.357009703248647	0.482	0.52	1.30999219748481e-07	NDUFC1	c1
4.09145785648795e-12	-0.441127437477652	0.498	0.532	1.37857581016505e-07	CFLAR	c1
4.18026455612332e-12	-4.34954720565232	0.002	0.028	1.40849833954019e-07	TBC1D8	c1
4.34289650392279e-12	-0.900283729506857	0.084	0.14	1.46329554803175e-07	REEP3	c1
4.40160360474287e-12	-1.74049273906538	0.017	0.054	1.48307631858206e-07	WIPI1	c1
4.40663528276172e-12	-1.35321783225246	0.05	0.097	1.48477169217373e-07	MYBL1	c1
4.44904232206923e-12	-0.55108677672149	0.292	0.354	1.499060319998e-07	ITGAL	c1
4.69144751281661e-12	-0.335139669280803	0.485	0.527	1.58073632496843e-07	SF3B5	c1
4.73735605715967e-12	-1.31385771123452	0.024	0.064	1.59620474989938e-07	DLEU2	c1
4.90150854947724e-12	-0.935081114924659	0.077	0.131	1.65151429066086e-07	ABHD16A	c1
4.97404429876878e-12	-2.06659389011423	0.01	0.042	1.67595448602715e-07	AC021188.4	c1
5.08208622403148e-12	1.47611761995465	0.022	0.007	1.71235813232517e-07	CTD-2031P19.5	c1
5.08736017831591e-12	-4.64878907818866	0.001	0.027	1.71413513848176e-07	CIITA	c1
5.18051868387041e-12	-1.13884107731287	0.035	0.079	1.7455239653433e-07	NDUFA7	c1
5.28019214818566e-12	-1.07608362494294	0.057	0.107	1.77910794240967e-07	EXOG	c1
5.29236913079132e-12	-0.616494339875817	0.178	0.244	1.78321085492883e-07	ZCRB1	c1
5.44516552084816e-12	1.78236810092237	0.017	0.005	1.83469407059458e-07	IGF1R	c1
5.55899705332488e-12	-2.46469781838012	0.007	0.038	1.87304846714729e-07	ADCY3	c1
5.8935935064732e-12	-0.799351769512151	0.104	0.163	1.98578739607108e-07	TMEM216	c1
6.0073977060908e-12	-5.00776097837339	0.001	0.026	2.02413258309023e-07	GALNT3	c1
6.02671608451547e-12	-0.793428173124916	0.087	0.144	2.03064171751664e-07	NPTN	c1
6.07312308329889e-12	0.3795742312232	0.219	0.155	2.04627809168673e-07	COG5	c1
6.13933924014912e-12	-1.13743816476624	0.04	0.086	2.06858896357584e-07	TM9SF1	c1
6.17167543564444e-12	0.116911039067229	0.948	0.894	2.07948432128604e-07	UQCRB	c1
6.20360320507381e-12	-0.697937585497049	0.134	0.196	2.09024206391757e-07	MRPL27	c1
6.26776844394965e-12	-3.59481889052317	0.004	0.032	2.11186189950439e-07	DBN1	c1
6.57994609618116e-12	-0.609467056734273	0.169	0.235	2.21704703764728e-07	TSTA3	c1
6.6128454403532e-12	-0.598609139611598	0.205	0.27	2.22813214267261e-07	ZBTB8OS	c1
6.63699659601608e-12	-0.643106153497055	0.154	0.218	2.23626963306166e-07	CAPN1	c1
6.67212847585013e-12	2.19974322251273	0.012	0.003	2.24810696865294e-07	ZNF516	c1
6.67774396045604e-12	-0.642517735255444	0.168	0.233	2.24999905003606e-07	CYB561D2	c1
7.03356027445042e-12	-1.18164018031641	0.047	0.094	2.36988779887332e-07	KIF13B	c1
7.42137634671598e-12	-1.04090043378232	0.057	0.107	2.50055854626248e-07	GEMIN7	c1
7.68210727218246e-12	0.389377034117845	0.199	0.14	2.58840922428916e-07	NFATC1	c1
7.72377320405381e-12	-0.614225315272389	0.198	0.262	2.60244814337389e-07	COMT	c1
8.00246327183425e-12	-0.368298156216542	0.477	0.512	2.69634997481183e-07	ATP6V1F	c1
8.05713832144867e-12	0.261798256366683	0.465	0.373	2.71477218602891e-07	SNHG7	c1
8.09441348185342e-12	-0.52584451882765	0.221	0.289	2.72733167857569e-07	LSM10	c1
8.1902745296264e-12	-1.53934487444429	0.055	0.103	2.75963110001232e-07	TRGV10	c1
8.20774380149994e-12	-0.498275505123919	0.199	0.27	2.76551719647739e-07	PSMD11	c1
8.61567479760578e-12	-0.678265015241432	0.136	0.198	2.90296546630529e-07	PEX2	c1
8.88950207694768e-12	-0.623810818634565	0.206	0.27	2.99522882980675e-07	ARHGAP25	c1
8.92766845766928e-12	0.344018743389523	0.325	0.248	3.00808861012709e-07	USP3	c1
9.0175711633513e-12	-0.598375138306004	0.221	0.287	3.03838042777959e-07	PPM1M	c1
9.28063964759457e-12	0.47621121204583	0.125	0.079	3.12701872286051e-07	ZMAT1	c1
9.39061433573129e-12	-0.459687210237055	0.754	0.725	3.1640735942813e-07	ISG20	c1
9.43968370251493e-12	-0.24489949310642	0.798	0.785	3.18060702672538e-07	SON	c1
9.76828338406092e-12	-1.40077211787743	0.018	0.055	3.29132540342549e-07	EZH2	c1
9.83612993806642e-12	0.329508074371572	0.369	0.289	3.3141856213321e-07	EIF2A	c1
9.96368345931131e-12	1.67456836023637	0.017	0.005	3.35716350478035e-07	WWC2	c1
9.98892336123146e-12	-3.28384475109678	0.002	0.029	3.36566783733333e-07	CXXC5	c1
1.00406491031398e-11	-0.414664330595995	0.379	0.434	3.38309630881193e-07	NDUFAB1	c1
1.0100353774608e-11	-0.380916529670024	0.527	0.555	3.40321320081641e-07	SFPQ	c1
1.01733156957759e-11	-0.455169887627782	0.31	0.373	3.42779699053474e-07	DCTN3	c1
1.04603635052955e-11	2.12582249292808	0.012	0.003	3.52451487947428e-07	ZNF467	c1
1.048631619287e-11	-1.38715018766651	0.023	0.062	3.5332593780256e-07	SLC43A3	c1
1.06177982034517e-11	-1.65466077861949	0.014	0.048	3.57756092667103e-07	WSB2	c1
1.07402726651265e-11	0.127064084726168	0.955	0.921	3.61882747178773e-07	COMMD6	c1
1.08696166378286e-11	-0.473312253378096	0.46	0.496	3.66240862994998e-07	WSB1	c1
1.10332390446422e-11	1.44859743091149	0.023	0.008	3.71753956370174e-07	FAM171A1	c1
1.14577705251976e-11	-0.588746140791768	0.212	0.278	3.86058120076009e-07	SIAH2	c1
1.16984101174119e-11	-1.48545647726463	0.022	0.06	3.94166230496076e-07	CHRNB1	c1
1.18633841250427e-11	-0.579873500886831	0.239	0.301	3.9972486470919e-07	LMAN1	c1
1.19417363736472e-11	0.548268450270467	0.154	0.104	4.02364865373667e-07	SGK1	c1
1.24210770231243e-11	-0.651380534007148	0.175	0.238	4.18515769217152e-07	ATOX1	c1
1.27041219281456e-11	-0.584937952369932	0.238	0.302	4.28052684246937e-07	MAP4K1	c1
1.27704294188301e-11	0.646091230537158	0.094	0.055	4.30286848838063e-07	ACSL6	c1
1.29084550840915e-11	-0.847564983011782	0.074	0.128	4.34937485603378e-07	TSR3	c1
1.29976112582386e-11	-1.1176118085561	0.039	0.083	4.37941513735091e-07	PRKCD	c1
1.34537905484407e-11	-0.614799466750924	0.192	0.256	4.53312018739161e-07	RAD23B	c1
1.35673805111452e-11	-0.16325717882342	0.922	0.913	4.57139318942525e-07	OST4	c1
1.3913083233843e-11	-0.918670659678915	0.081	0.135	4.68787426481106e-07	BCL7C	c1
1.41615485408098e-11	-1.80626580224639	0.014	0.048	4.77159216534045e-07	CCNG2	c1
1.42571342428065e-11	0.381040141638703	0.248	0.182	4.80379881177124e-07	RNF216	c1
1.45025679838444e-11	-5.15433152023995	0.001	0.025	4.88649525647652e-07	FAIM2	c1
1.45752408402501e-11	-0.558946078745309	0.221	0.287	4.91098164871387e-07	RHEB	c1
1.52581228650286e-11	-0.642444588602646	0.134	0.196	5.14107191814273e-07	TSG101	c1
1.53039177697423e-11	-1.19054707134003	0.049	0.095	5.15650205333699e-07	AHI1	c1
1.6005294479831e-11	-0.853541197893251	0.115	0.173	5.39282392203424e-07	GNPTAB	c1
1.60570023091355e-11	-1.98895055292063	0.013	0.047	5.41024635804013e-07	YPEL1	c1
1.63046631468284e-11	-0.44710015716286	0.303	0.367	5.49369320069235e-07	COPS6	c1
1.65666915561986e-11	-0.930314765858497	0.077	0.13	5.58198105294557e-07	N4BP1	c1
1.6783939385144e-11	-0.411290795158917	0.343	0.404	5.65518053643043e-07	C7orf73	c1
1.68752980907168e-11	0.637702216407482	0.098	0.059	5.68596293868611e-07	PHC1	c1
1.70991488396176e-11	-0.952778032687531	0.057	0.106	5.76138721002076e-07	UTP6	c1
1.73115242821432e-11	-0.604834032424906	0.179	0.244	5.83294499162533e-07	SNF8	c1
1.75081969444224e-11	-1.02147643334669	0.071	0.122	5.8992118784537e-07	AC006369.2	c1
1.87215704741635e-11	-0.552194856761417	0.234	0.298	6.30804595556466e-07	AP3S1	c1
1.9247212287077e-11	-0.873632569584323	0.187	0.249	6.48515570800771e-07	KLRB1	c1
2.00903399042667e-11	-0.519603405523276	0.314	0.373	6.76923912734362e-07	TMX4	c1
2.02360436703769e-11	-0.302687580914017	0.629	0.637	6.81833255429681e-07	C14orf2	c1
2.04016532191801e-11	-1.62394526899189	0.017	0.052	6.87413303567053e-07	DENND6B	c1
2.04459080415076e-11	-0.457326052662606	0.47	0.514	6.88904425550558e-07	TRIM22	c1
2.05838035755675e-11	-1.24383365739087	0.03	0.071	6.93550677675173e-07	FANCA	c1
2.06540797633174e-11	-2.78432449546127	0.006	0.035	6.95918563545215e-07	HECTD2	c1
2.091071609497e-11	2.31730188649516	0.01	0.002	7.04565668103918e-07	ACSM1	c1
2.12758766812241e-11	-1.12823711594962	0.045	0.091	7.16869388897165e-07	TFRC	c1
2.16547033066132e-11	0.702169889020469	0.081	0.046	7.29633573213024e-07	CTBP1-AS2	c1
2.27012371352441e-11	-0.566781742929019	0.192	0.257	7.64895484034915e-07	TIMM8B	c1
2.28480407595648e-11	-0.531879178061562	0.196	0.262	7.69841885352775e-07	ECHS1	c1
2.30534853893203e-11	-0.525256079820499	0.327	0.381	7.76764136707758e-07	GRSF1	c1
2.31734476805515e-11	-0.451292015506286	0.426	0.479	7.80806146148504e-07	RNF19A	c1
2.38772232123332e-11	-4.13149536662129	0.002	0.027	8.04519158916353e-07	SERPINE2	c1
2.42981764466479e-11	-1.38212369107819	0.023	0.061	8.18702757193355e-07	ERI1	c1
2.44930973555468e-11	-0.50965963478393	0.263	0.324	8.25270422297793e-07	FAM96A	c1
2.48482068909045e-11	0.534752902346379	0.106	0.065	8.37235482982135e-07	LRIG1	c1
2.57954118965408e-11	-0.619602496665428	0.18	0.244	8.69150608442044e-07	SRRT	c1
2.58792154316358e-11	-0.238545786285864	0.787	0.788	8.71974284753538e-07	HLA-F	c1
2.60713012147278e-11	-0.568285261910959	0.159	0.222	8.78446423129039e-07	GSPT1	c1
2.6379274399219e-11	0.502217732052344	0.16	0.108	8.88823271607284e-07	SC5D	c1
2.70461455473165e-11	-0.577779765917765	0.183	0.247	9.11292828071284e-07	EMC3	c1
2.76503612730945e-11	-0.317089209359074	0.515	0.545	9.31651272735647e-07	EWSR1	c1
2.79125186028751e-11	-0.35784354396656	0.496	0.532	9.40484401805272e-07	IL16	c1
2.79128840991634e-11	-0.651112041989355	0.189	0.252	9.40496716837213e-07	PLIN2	c1
2.80283233069699e-11	-0.679020527588712	0.13	0.19	9.44386325505044e-07	CLTC	c1
2.82320550331549e-11	-3.45906841121579	0.002	0.028	9.5125086228712e-07	RP11-644F5.10	c1
2.87139622966017e-11	0.817975519881811	0.076	0.043	9.67488245621697e-07	CLUAP1	c1
2.92394225684416e-11	-1.256824879908	0.044	0.088	9.85193104021072e-07	FRMD4B	c1
2.95848332734585e-11	0.288215998882225	0.317	0.24	9.96831372315912e-07	AC241585.2	c1
2.96716813365271e-11	-0.440971888091853	0.342	0.393	9.99757630952945e-07	SNRPD1	c1
3.08701187143231e-11	-4.70302772300286	0.001	0.024	1.0401377799604e-06	NUSAP1	c1
3.08811672012644e-11	0.213186774015207	0.464	0.374	1.0405100476794e-06	GIMAP2	c1
3.14850818952067e-11	-0.733335381427017	0.103	0.161	1.06085834937709e-06	RAB35	c1
3.18050697725525e-11	-0.341096201271379	0.518	0.551	1.07164002091638e-06	ATP5I	c1
3.23241759777259e-11	-0.415765532226586	0.312	0.376	1.08913078539349e-06	TMEM160	c1
3.27044973467611e-11	-0.730284243104339	0.118	0.177	1.10194533360177e-06	STAMBP	c1
3.31563451507294e-11	-0.595522027684291	0.203	0.267	1.11716989350868e-06	TCIRG1	c1
3.36281253556139e-11	-0.443917723478968	0.353	0.408	1.13306605573206e-06	RPN1	c1
3.39881491162505e-11	-1.41603470939821	0.028	0.066	1.14519669632294e-06	SLC38A5	c1
3.46515625670191e-11	-0.973522661399981	0.053	0.1	1.16754974913314e-06	QSOX1	c1
3.52100693033816e-11	-0.36196004968103	0.428	0.482	1.18636807510814e-06	RAD23A	c1
3.5452169041006e-11	-0.711654514045145	0.173	0.232	1.19452538366765e-06	RASGRP1	c1
3.54825184398932e-11	-1.11189483856276	0.042	0.086	1.19554797631376e-06	NRAS	c1
3.55389707070347e-11	-0.304917875784237	0.576	0.603	1.19745007900283e-06	VPS28	c1
3.58826432613759e-11	-0.490743605695015	0.407	0.465	1.2090297820488e-06	TUBA1A	c1
3.64226141871056e-11	-1.63926276188095	0.017	0.052	1.22722356242034e-06	MAN1A1	c1
3.73541146334617e-11	-2.0906316119374	0.037	0.077	1.25860953845986e-06	IFIT3	c1
3.73725132966272e-11	-0.488291615512001	0.267	0.329	1.25922946301656e-06	PDCD10	c1
3.75110187324283e-11	-0.394589632244247	0.346	0.402	1.26389626517044e-06	MRPS34	c1
3.81993234348482e-11	-6.28572336803008	0	0.023	1.28708800381377e-06	PPARG	c1
3.89898336983725e-11	-1.33436617220277	0.026	0.064	1.31372345663296e-06	TNFSF12	c1
3.91461174150599e-11	-0.525316533553513	0.227	0.291	1.31898928018303e-06	ETFA	c1
4.05911308015684e-11	-0.928390936082988	0.068	0.118	1.36767756122804e-06	NMT1	c1
4.1281980964512e-11	-0.77593270626628	0.092	0.147	1.39095506661827e-06	COMMD5	c1
4.21134337839806e-11	-0.636677462318218	0.179	0.24	1.41897003791744e-06	COPB2	c1
4.26579549574328e-11	-0.872727429144394	0.075	0.126	1.43731713433574e-06	BISPR	c1
4.61030255261728e-11	-0.644626374298289	0.134	0.195	1.55339534207887e-06	SAR1B	c1
4.65038115912824e-11	0.584858630064345	0.092	0.055	1.56689942775667e-06	DOCK9	c1
4.87444691529228e-11	0.645241983462687	0.116	0.074	1.64239614363858e-06	MFHAS1	c1
4.88251446707295e-11	0.343551266647033	0.303	0.231	1.64511442453556e-06	PRMT9	c1
4.89757780026239e-11	-0.67153506326484	0.152	0.212	1.65018986402041e-06	JOSD2	c1
4.92726974519837e-11	-1.20661616198358	0.033	0.073	1.66019426794714e-06	CPNE2	c1
4.95895581553856e-11	-0.824577341262506	0.086	0.139	1.67087057248756e-06	ZNF267	c1
4.96087309457018e-11	-0.556252672886842	0.217	0.28	1.67151658048448e-06	FAM195B	c1
5.02261408063836e-11	-1.67681746578248	0.016	0.049	1.69231958833029e-06	NME1	c1
5.04449626219615e-11	0.507627828781197	0.144	0.096	1.69969257058437e-06	TRIB2	c1
5.06802770044912e-11	0.281842588019804	0.419	0.338	1.70762125338933e-06	HIF1A	c1
5.15885474745612e-11	1.30180325121334	0.025	0.009	1.73822451860787e-06	PNMA5	c1
5.35233616725864e-11	-0.343242070548739	0.497	0.536	1.80341614819613e-06	MAT2B	c1
5.39502598825816e-11	-0.523102065404773	0.191	0.257	1.8178000564837e-06	FIBP	c1
5.42423474058023e-11	-0.589694052600612	0.194	0.257	1.8276416534911e-06	SDF2	c1
5.43649149839466e-11	-0.809641414245114	0.102	0.157	1.8317714454691e-06	PARP12	c1
5.52880024671716e-11	-6.28011499657258	0	0.023	1.86287395512888e-06	GOLIM4	c1
5.60049371748308e-11	-3.01502178041532	0.004	0.031	1.88703035316875e-06	POU2AF1	c1
5.61611623545327e-11	1.10970028789679	0.031	0.013	1.89229420437363e-06	LINC01336	c1
5.6164513558342e-11	-0.909486396100334	0.065	0.114	1.89240711983477e-06	TRPS1	c1
5.77695659456237e-11	-0.668304980714559	0.182	0.24	1.94648775497185e-06	RAB29	c1
5.83737383165464e-11	-0.414000687205547	0.322	0.38	1.96684473883771e-06	PUF60	c1
5.86486759634185e-11	-0.302781032472532	0.62	0.619	1.97610848791142e-06	NDUFB2	c1
5.88563940091384e-11	-0.851124433474456	0.074	0.126	1.98310733974391e-06	NFYB	c1
6.30812857056042e-11	-0.605346941245304	0.141	0.202	2.12546084056463e-06	MRPS24	c1
6.32509682823424e-11	-0.539969783481871	0.192	0.256	2.13117812530525e-06	GPS1	c1
6.43668974741479e-11	-4.73728868202104	0.001	0.024	2.16877824349394e-06	ZG16B	c1
6.47558604927839e-11	-0.374250183935257	0.443	0.491	2.18188396344386e-06	TCF25	c1
6.51457910528437e-11	-1.02122381303112	0.074	0.123	2.19502228373451e-06	SYTL2	c1
6.52969364546997e-11	-0.152626396051176	0.95	0.921	2.20011497690465e-06	ATP5L	c1
6.55817384185574e-11	-2.73931609051124	0.003	0.029	2.20971109427487e-06	KCNK5	c1
6.57873700947481e-11	-0.336476353571487	0.538	0.565	2.21663964797244e-06	DEK	c1
6.60676868210042e-11	-0.704739488318098	0.085	0.139	2.22608463974691e-06	EGLN2	c1
6.61010013851845e-11	2.33513769557948	0.011	0.002	2.22720714067241e-06	AC062028.1	c1
6.61489319570252e-11	-0.688914559800615	0.123	0.181	2.22882211336001e-06	ARFGAP3	c1
6.67083319705312e-11	1.3294235195539	0.02	0.007	2.24767053741508e-06	C2orf40	c1
6.9966215853122e-11	-1.06275052056202	0.045	0.089	2.35744167695509e-06	TBC1D7	c1
7.25952014835533e-11	-0.799697374915157	0.108	0.163	2.44602271878684e-06	PARP15	c1
7.31021547980304e-11	-0.32625226361439	0.497	0.521	2.46310400376484e-06	SUMO1	c1
7.48082624404001e-11	1.84515512142234	0.014	0.004	2.52058959466684e-06	SUSD4	c1
7.83400972124055e-11	-0.423850738135796	0.346	0.403	2.63959123547479e-06	SRSF4	c1
7.94763383939147e-11	0.337135072127232	0.221	0.159	2.67787574584456e-06	SGTB	c1
8.03846844550743e-11	-0.821704154195738	0.064	0.114	2.70848155802927e-06	MEMO1	c1
8.10140811723829e-11	-0.638121056361681	0.179	0.24	2.72968845102227e-06	TNIP2	c1
8.14091014993297e-11	-0.482353468534061	0.292	0.349	2.74299826591842e-06	TMEM109	c1
8.23694673583947e-11	-3.76700149068023	0.002	0.026	2.77535683317375e-06	N4BP3	c1
8.25072543852756e-11	-1.76258207904199	0.013	0.045	2.77999942925747e-06	RNASEK-C17orf49	c1
8.36632447949535e-11	-0.489727709385343	0.234	0.297	2.81894937012116e-06	LYPLA2	c1
8.80009860215973e-11	0.336467933708953	0.328	0.26	2.9651052230117e-06	HSPH1	c1
8.94200336523155e-11	1.29687884524807	0.023	0.008	3.01291861388112e-06	PLB1	c1
9.03261073584475e-11	-5.72005751767509	0.001	0.023	3.04344786133553e-06	RCAN2	c1
9.18348970220948e-11	-0.367346940066446	0.426	0.473	3.09428502026246e-06	C16orf13	c1
9.32700788991136e-11	0.175232714319239	0.691	0.599	3.14264203842673e-06	ELF1	c1
9.36921390694184e-11	-0.53890724954404	0.239	0.3	3.15686293380498e-06	LBR	c1
9.61338991631678e-11	-1.06433369192346	0.038	0.079	3.23913559840378e-06	BARD1	c1
9.62475742800505e-11	-6.52773747683899	0	0.022	3.24296576779202e-06	AC002331.1	c1
9.67915809376257e-11	-0.532960944659021	0.207	0.269	3.26129552811236e-06	ADSS	c1
9.737838350749e-11	0.238371218683904	0.369	0.291	3.28106725390137e-06	HIST1H1D	c1
9.7549238745051e-11	-0.635993330325331	0.176	0.236	3.28682405027575e-06	NMI	c1
9.85239160385299e-11	-0.693402578820777	0.121	0.179	3.31966482700223e-06	NAA60	c1
1.05743772436171e-10	-0.573837662675104	0.173	0.234	3.56293066846433e-06	WBP1	c1
1.05929615973528e-10	-1.53072276182264	0.022	0.057	3.56919248061205e-06	ICAM1	c1
1.09108765564175e-10	0.525169393789233	0.127	0.083	3.67631074691933e-06	PPP1R3E	c1
1.11026781583704e-10	-0.313510799901029	0.462	0.504	3.74093637868131e-06	THRAP3	c1
1.11679192613014e-10	-0.710046962054703	0.128	0.186	3.7629187159029e-06	ACSL5	c1
1.11808390301902e-10	-0.330571609505056	0.518	0.55	3.76727190283229e-06	LSM8	c1
1.11924562607014e-10	-1.47984686261995	0.018	0.051	3.77118621248071e-06	IDH1	c1
1.12553007612604e-10	-0.517988445671437	0.19	0.253	3.79236103849909e-06	SUGT1	c1
1.13343333950852e-10	1.58674639489605	0.016	0.004	3.81899029413999e-06	KALRN	c1
1.13761360874732e-10	-0.383911256052977	0.456	0.491	3.8330752933132e-06	ACTR2	c1
1.13822986065079e-10	-3.24401742681004	0.003	0.028	3.83515169247677e-06	FAM179A	c1
1.14809652882316e-10	1.71910304748999	0.016	0.004	3.86839644421676e-06	TENM1	c1
1.15319857845714e-10	-0.270190632087612	0.683	0.686	3.88558729025347e-06	CD53	c1
1.16773121257158e-10	-1.89415781555883	0.012	0.043	3.9345535476387e-06	GNGT2	c1
1.17998111143545e-10	-0.798922531939398	0.107	0.161	3.97582835687061e-06	NCBP3	c1
1.18979680789462e-10	-0.779965389128217	0.084	0.136	4.00890136452014e-06	ATP6V1B2	c1
1.19048468421039e-10	0.637830541452997	0.098	0.06	4.01121909497849e-06	XXbac-BPG299F13.17	c1
1.22851054013729e-10	0.227891698808695	0.529	0.441	4.13934341393858e-06	JAK3	c1
1.2397453051042e-10	0.189451472610831	0.557	0.46	4.17719783101808e-06	CD5	c1
1.24377499011402e-10	0.179095991940135	0.582	0.491	4.19077545169019e-06	PIK3R1	c1
1.24541303717814e-10	-0.384015395212538	0.335	0.397	4.19629468746803e-06	SSR3	c1
1.25048808732048e-10	-0.525322237761556	0.219	0.28	4.21339456141763e-06	PSMC3	c1
1.28743163749625e-10	-0.882815364700795	0.044	0.088	4.33787215937985e-06	MED25	c1
1.29012962500118e-10	-0.4167725567981	0.916	0.862	4.34696275847899e-06	IFITM2	c1
1.2915398564453e-10	-0.485222665276776	0.302	0.356	4.3517143923068e-06	RNF187	c1
1.3068836804258e-10	-1.42767881373948	0.021	0.055	4.40341387282668e-06	CTSZ	c1
1.36601479357038e-10	0.810703370980725	0.056	0.029	4.60265024545604e-06	RP1-167A14.2	c1
1.37029546099328e-10	1.0900402287801	0.034	0.015	4.61707352627077e-06	RP11-88E10.5	c1
1.37534598123549e-10	-0.657365375396785	0.129	0.186	4.63409074917486e-06	PSMD14	c1
1.39746722856864e-10	1.51795366844237	0.019	0.006	4.70862607993919e-06	NUDT12	c1
1.40444406097981e-10	-0.310224170643769	0.608	0.632	4.73213381906539e-06	SUN2	c1
1.41049265471833e-10	-0.883712862626599	0.067	0.116	4.75251395080795e-06	MED6	c1
1.42726765579503e-10	-1.11191848479883	0.047	0.091	4.80903563943576e-06	GADD45A	c1
1.42893823439782e-10	0.187306621471192	0.305	0.231	4.81466448698001e-06	SESN1	c1
1.45030534423296e-10	-0.419634546550933	0.396	0.438	4.88665882685853e-06	ANP32A	c1
1.48129930478409e-10	-0.441487871567772	0.266	0.328	4.99108987753951e-06	POLR2F	c1
1.50092366737963e-10	-0.589213611241868	0.166	0.227	5.05721220486893e-06	EHD1	c1
1.5066544358101e-10	-1.10786609936616	0.055	0.099	5.07652145601856e-06	E2F3	c1
1.53180258918171e-10	-0.426403836711882	0.468	0.506	5.16125564398885e-06	SOCS1	c1
1.54529474493584e-10	-0.805238871405237	0.09	0.142	5.20671611358683e-06	TFPT	c1
1.5477831724429e-10	0.582929894210368	0.136	0.091	5.21510062122909e-06	FCGRT	c1
1.54815895018567e-10	-0.866128844946203	0.072	0.121	5.21636676675559e-06	IKBIP	c1
1.55578971434439e-10	-6.47894391850185	0	0.022	5.242077863512e-06	TNS3	c1
1.60846217871911e-10	-0.96835691231564	0.058	0.104	5.41955246497616e-06	OSBPL3	c1
1.61457710850176e-10	0.129717652938574	0.899	0.833	5.44015610938583e-06	GSTK1	c1
1.62184609506519e-10	-0.799022943565336	0.141	0.197	5.46464823271266e-06	PARP14	c1
1.63479949053362e-10	-0.271599913882214	0.616	0.635	5.50829340340399e-06	KHDRBS1	c1
1.64315478727264e-10	-0.724680143674316	0.122	0.178	5.53644574023644e-06	CHMP4B	c1
1.66691553306434e-10	0.280786009869071	0.408	0.329	5.61650519710698e-06	APEX1	c1
1.70910857416684e-10	-0.818268559299014	0.072	0.121	5.75867042979775e-06	SLC39A7	c1
1.71159340741876e-10	-0.582775704385698	0.27	0.327	5.76704282695677e-06	MAPRE2	c1
1.71194787924993e-10	-0.902526161254021	0.072	0.121	5.7682371843447e-06	NBEAL2	c1
1.73705170657433e-10	-0.356956952529668	0.389	0.443	5.85282202013154e-06	SCP2	c1
1.7451423677611e-10	1.39322999566939	0.025	0.009	5.88008269393426e-06	LINC00309	c1
1.74904073201551e-10	-0.884457647432004	0.095	0.147	5.89321784245305e-06	STAM	c1
1.76193951802397e-10	-0.478310285839344	0.282	0.341	5.93667901202996e-06	KDELR2	c1
1.76805804684852e-10	-0.696755930693979	0.111	0.166	5.95729478305142e-06	TOR3A	c1
1.78166266676247e-10	-0.626221574179236	0.154	0.213	6.00313418938947e-06	ACTR1A	c1
1.81139198638728e-10	-0.526866042926561	0.191	0.254	6.10330415893331e-06	AP1M1	c1
1.85812316337765e-10	0.171978192551724	0.795	0.707	6.26076018668466e-06	ERP29	c1
1.88430560892571e-10	1.44721261438369	0.02	0.007	6.3489793187143e-06	RGL1	c1
1.94169439879833e-10	-6.33266296923807	0	0.021	6.54234510731108e-06	ADGRG5	c1
1.97186510375076e-10	-0.800829812073203	0.079	0.129	6.64400228057781e-06	C19orf12	c1
1.98310240856748e-10	-1.15404338195628	0.039	0.079	6.68186525542727e-06	MTHFD1	c1
2.02077611885711e-10	0.455765557660301	0.149	0.101	6.80880305487716e-06	ZNF10	c1
2.05050139360118e-10	-0.383343368914574	0.415	0.458	6.90895939559981e-06	NDUFA2	c1
2.05227423971256e-10	1.46473444082034	0.018	0.006	6.91493282328749e-06	KANK1	c1
2.08268552874158e-10	1.13989478669001	0.032	0.014	7.01740062054187e-06	TMEM30B	c1
2.08594895339111e-10	-2.41104809619643	0.007	0.034	7.028396403556e-06	LINC01358	c1
2.12331398286189e-10	-0.449779884200991	0.281	0.341	7.15429413385484e-06	UQCRC1	c1
2.18312508859758e-10	-0.245388834999769	0.795	0.771	7.35582167352068e-06	ARL6IP5	c1
2.2424635642286e-10	-0.452626850570802	0.272	0.335	7.55575673331183e-06	DIAPH1	c1
2.27480751912436e-10	-0.89246122139856	0.078	0.127	7.66473645493761e-06	NUDT14	c1
2.32708617070685e-10	-0.445081496729825	0.317	0.373	7.84088414357967e-06	CANX	c1
2.34061378018826e-10	-0.535924799398923	0.21	0.272	7.88646407096633e-06	PTPRA	c1
2.34231805435707e-10	-0.484784678367117	0.288	0.346	7.89220645235072e-06	PAG1	c1
2.34512408343178e-10	-0.431894573521789	0.33	0.385	7.90166108671503e-06	XBP1	c1
2.36767412857577e-10	-0.485637694877859	0.227	0.289	7.97764120882321e-06	SSBP4	c1
2.39720537609411e-10	-0.897811519943368	0.063	0.109	8.0771437942115e-06	ELL	c1
2.40913577872596e-10	-0.54386061460527	0.44	0.474	8.11734209283925e-06	SYNGR2	c1
2.48200229741058e-10	-1.10276841934322	0.038	0.079	8.36285854089522e-06	MAPKAPK2	c1
2.52068697307144e-10	0.454074910002369	0.153	0.105	8.49320268706692e-06	MANBA	c1
2.53034792823469e-10	-5.75270318732186	0.001	0.023	8.52575430939395e-06	TYROBP	c1
2.56493971278708e-10	-0.900887104751041	0.07	0.118	8.64230786826477e-06	NCOA1	c1
2.59369024167706e-10	-1.40101668294737	0.02	0.053	8.7391799003067e-06	MRPS17	c1
2.66618687083582e-10	-0.681926329794702	0.113	0.168	8.9834500425942e-06	MRPL38	c1
2.67013465252972e-10	-0.943236764476811	0.076	0.123	8.99675169823362e-06	RP11-47L3.1	c1
2.69624825988372e-10	-1.14244640352709	0.039	0.08	9.08473888685222e-06	TTN	c1
2.70975646119765e-10	-2.88566404392475	0.004	0.028	9.13025342035935e-06	RBBP8	c1
2.78426583755756e-10	-0.607188011740458	0.242	0.299	9.38130531306643e-06	PLEC	c1
2.797651571986e-10	-2.57855131783454	0.005	0.03	9.42640720664964e-06	SRGAP2B	c1
2.81484850882324e-10	-0.352822999490374	0.427	0.474	9.48435056562903e-06	NDUFS7	c1
2.90315232765609e-10	-0.567211179508885	0.171	0.231	9.78188145280444e-06	PSMC2	c1
2.91855644833789e-10	-1.03290610367628	0.045	0.087	9.83378409702969e-06	TIGAR	c1
2.92427268962944e-10	-0.628294359306477	0.289	0.34	9.85304440043744e-06	CCND2	c1
2.95779368870852e-10	-0.541561356432289	0.191	0.251	9.96599005473448e-06	ATP6V1E1	c1
2.96029419955517e-10	-4.04918921122494	0.001	0.023	9.97441527598117e-06	IL7	c1
2.98368244382894e-10	-0.667644672430718	0.128	0.184	1.00532196262372e-05	PRKAG1	c1
3.01726521606049e-10	0.389189883190437	0.192	0.137	1.01663734189942e-05	AKAP7	c1
3.0276300495668e-10	-0.614719064792117	0.215	0.274	1.02012966890104e-05	B4GALT1	c1
3.04003209052921e-10	0.584295235287948	0.111	0.071	1.02430841258291e-05	CASS4	c1
3.1114725114938e-10	-0.804456192940122	0.089	0.14	1.04837954802272e-05	HTRA2	c1
3.15644046795504e-10	-2.64659984637381	0.003	0.027	1.06353105127277e-05	SUOX	c1
3.24844008662591e-10	-0.48670156016865	0.291	0.348	1.09452940278773e-05	DYNC1H1	c1
3.32802230275578e-10	-0.506057220487295	0.256	0.316	1.12134383469053e-05	DR1	c1
3.33071689133607e-10	1.39285566627969	0.027	0.011	1.12225174936678e-05	SPON1	c1
3.33732687080727e-10	2.13689916452863	0.01	0.002	1.1244789158498e-05	BEX1	c1
3.448611758634e-10	-0.629094868153129	0.137	0.193	1.16197524595414e-05	GLTP	c1
3.60353599604134e-10	0.318675377490862	0.346	0.276	1.21417541850617e-05	THOC3	c1
3.61308308493955e-10	-0.590734804158119	0.186	0.244	1.21739221463953e-05	ETFB	c1
3.68124497786943e-10	-0.87143104912941	0.062	0.108	1.24035868284333e-05	PCK2	c1
3.77444303500674e-10	0.175493867648714	0.746	0.652	1.27176083621517e-05	CELF2	c1
3.77463807491459e-10	-1.01354611325685	0.042	0.083	1.27182655296172e-05	PRKAB1	c1
3.82928744939462e-10	1.92097931010719	0.011	0.003	1.29024011319902e-05	ARHGEF10	c1
3.8501174974241e-10	-0.930866087660726	0.065	0.111	1.29725858958208e-05	SMC6	c1
3.8919873112053e-10	-0.682407138870863	0.151	0.206	1.31136620463751e-05	TRPC4AP	c1
3.94654079149845e-10	-0.65265086367681	0.128	0.183	1.32974745428749e-05	COMMD4	c1
3.98145214269978e-10	-0.601162497034322	0.18	0.239	1.34151048496127e-05	TOR1AIP1	c1
3.98795001931474e-10	1.57917284332252	0.012	0.003	1.34369987950791e-05	PLEKHH2	c1
4.00599163524066e-10	1.88459352176146	0.012	0.003	1.34977882157799e-05	GLIS3	c1
4.27246010030864e-10	-0.704562810959042	0.118	0.172	1.43956270619799e-05	ATXN1	c1
4.34445989092974e-10	1.15287320336119	0.032	0.014	1.46382231564986e-05	RP11-307C12.13	c1
4.36773285818544e-10	-1.12821686304373	0.113	0.162	1.471663909237e-05	HERC5	c1
4.36969237337682e-10	-0.714414331538114	0.087	0.138	1.47232414828558e-05	FEZ2	c1
4.37710877299794e-10	-1.64452439924075	0.012	0.041	1.47482302997393e-05	ZMIZ1	c1
4.40110526747738e-10	-1.17206978262784	0.077	0.123	1.48290840882383e-05	MAP1LC3A	c1
4.43021373198142e-10	-0.542513004857749	0.178	0.238	1.49271621485382e-05	RPP21	c1
4.50500413269392e-10	-0.378076252626449	0.38	0.432	1.51791609246989e-05	RPN2	c1
4.51127319194443e-10	-0.666327464599889	0.105	0.159	1.52002838929375e-05	CSNK2A1	c1
4.54831869012311e-10	-3.55881710951127	0.002	0.024	1.53251049945008e-05	ETV1	c1
4.70020778401553e-10	-0.855045788967587	0.104	0.155	1.58368801074619e-05	FAM160B1	c1
4.7042197295268e-10	0.228431555716172	0.493	0.404	1.58503979566676e-05	ATP1A1	c1
4.70899872146714e-10	-6.42457045060903	0	0.021	1.58665002921114e-05	TSPAN13	c1
4.8647602720396e-10	-0.641359701318515	0.097	0.15	1.63913232606102e-05	GGCT	c1
4.95895699784822e-10	-1.74946846934041	0.015	0.045	1.67087097085498e-05	SPATA2L	c1
5.1140318148164e-10	-0.527345914984001	0.156	0.216	1.72312187968424e-05	PFDN6	c1
5.18282784405124e-10	1.02942435944868	0.038	0.017	1.74630201377463e-05	ZNF658	c1
5.23441183732092e-10	-0.560854529397618	0.191	0.249	1.76368272446691e-05	STARD7	c1
5.32837967353936e-10	1.59916861526758	0.017	0.005	1.79534424720235e-05	HYKK	c1
5.35810569195888e-10	-0.395153035763628	0.486	0.511	1.80536013184862e-05	OSTF1	c1
5.43472345661152e-10	-0.39331033119993	0.35	0.402	1.83117572147068e-05	SNRPC	c1
5.47125398265589e-10	-0.843224981723198	0.067	0.114	1.84348431691607e-05	MBOAT7	c1
5.49716805549864e-10	-0.822659729363615	0.078	0.126	1.85221580461971e-05	TARS	c1
5.50176029918379e-10	-0.408989198157289	0.322	0.377	1.85376311520699e-05	ILF2	c1
5.60226857820191e-10	-0.609467711847995	0.118	0.174	1.88762837473935e-05	DCPS	c1
5.60454582623907e-10	-0.546153078293183	0.192	0.251	1.88839567069299e-05	LRBA	c1
5.60649787011148e-10	-0.784911777777209	0.089	0.139	1.88905339235536e-05	MFAP1	c1
5.69157888697103e-10	0.916700687392897	0.037	0.017	1.91772059017602e-05	SDR42E2	c1
5.70979809995522e-10	-0.582161754682414	0.159	0.216	1.92385937179891e-05	SMIM12	c1
5.7177199785737e-10	0.570346646318184	0.107	0.069	1.92652856958062e-05	IMMP2L	c1
5.82181783560929e-10	-0.696878229981719	0.13	0.185	1.96160330153019e-05	CHD9	c1
5.96607892520008e-10	-1.57891752767836	0.021	0.053	2.01021063305691e-05	SSH1	c1
6.02694683690689e-10	-0.447827400465965	0.258	0.321	2.03071946722741e-05	RAB8A	c1
6.05552324119371e-10	-0.505848288913728	0.205	0.265	2.04034800088781e-05	RRP7A	c1
6.10002395397283e-10	-0.830143256864142	0.076	0.124	2.05534207105161e-05	NUBP1	c1
6.19228708926744e-10	-0.520202924610797	0.223	0.282	2.08642921185777e-05	IFNAR2	c1
6.20942991303411e-10	0.286476137537253	0.269	0.203	2.09220531489771e-05	ADI1	c1
6.26427444342393e-10	-0.936473013384412	0.058	0.102	2.11068463096726e-05	ZNF410	c1
6.47819494509636e-10	0.436539254899381	0.187	0.135	2.18276300480077e-05	HSD17B12	c1
6.53069720899439e-10	0.303059848010915	0.132	0.086	2.20045311759857e-05	DPP4	c1
6.85491124058108e-10	-2.59905748216636	0.006	0.031	2.30969379340139e-05	TRGC1	c1
6.91425645352988e-10	-0.552317105935261	0.188	0.245	2.32968956945236e-05	CSNK1D	c1
7.03849583420659e-10	-0.473740404200286	0.235	0.296	2.37155078637757e-05	NDUFS2	c1
7.1761282821538e-10	0.383133764199837	0.259	0.198	2.4179246633889e-05	MSL3	c1
7.18761201678278e-10	-5.28720557917056	0.001	0.021	2.42179399293479e-05	FGR	c1
7.36182343796871e-10	-0.607656452237643	0.203	0.26	2.48049278918918e-05	XRN1	c1
7.42883267399814e-10	1.39688779360641	0.019	0.007	2.50307088117693e-05	PODXL2	c1
7.45534984731122e-10	-0.671356624131486	0.125	0.179	2.51200557755304e-05	E2F4	c1
7.48005524134119e-10	-0.691240300487169	0.133	0.187	2.5203298130175e-05	PML	c1
7.53701624853529e-10	-0.412893600593126	0.301	0.356	2.53952225478148e-05	RTFDC1	c1
7.59336003566973e-10	-0.595382455233684	0.142	0.199	2.55850673041856e-05	MCRS1	c1
7.5975001592921e-10	-0.68250343273865	0.116	0.169	2.55990170367188e-05	LEPROT	c1
7.77920254221643e-10	-1.6450700745164	0.018	0.05	2.6211245045744e-05	JAKMIP2	c1
7.85768520622019e-10	-0.445160022215853	0.339	0.388	2.64756845338383e-05	GPI	c1
8.40376201057338e-10	-0.24172072876322	0.642	0.653	2.83156357184259e-05	ANXA11	c1
8.5136559418581e-10	-0.736549491937571	0.112	0.165	2.86859123304967e-05	MSI2	c1
8.70529888266937e-10	-3.61820266634035	0.002	0.023	2.93316340552662e-05	UTS2	c1
8.73269282555419e-10	-2.11682070165413	0.006	0.032	2.94239352064223e-05	ANKS1B	c1
8.73431019083947e-10	-2.16774074626261	0.01	0.037	2.94293847570145e-05	TTC16	c1
8.78205779752839e-10	-2.48663467663181	0.004	0.027	2.95902655429922e-05	COPRS	c1
8.82233889391582e-10	-0.73028005673691	0.107	0.159	2.972598866916e-05	TLE3	c1
8.99440180124833e-10	-0.304892293832391	0.627	0.637	3.03057374291261e-05	LBH	c1
9.07861565259492e-10	-1.61228042165574	0.015	0.045	3.05894875798533e-05	CDC34	c1
9.27688154043103e-10	-0.642923745454583	0.205	0.258	3.12575246623283e-05	TSEN54	c1
9.35351894359286e-10	-0.510203355130792	0.27	0.329	3.15157467285418e-05	MGEA5	c1
9.46292116741637e-10	-0.555577606672865	0.218	0.272	3.18843665814927e-05	MPC1	c1
9.66492326374743e-10	-0.841961340579282	0.067	0.113	3.25649924448706e-05	SLC35B2	c1
9.76807463631959e-10	0.273055033749138	0.252	0.188	3.29125506796152e-05	NBPF15	c1
9.83708540698791e-10	-0.267242837696913	0.545	0.581	3.31450755703051e-05	LSM7	c1
1.03266373455109e-09	0.174654061343035	0.765	0.672	3.47945718719646e-05	ABRACL	c1
1.06295985198575e-09	-0.728122595159252	0.207	0.262	3.58153692528079e-05	RGS2	c1
1.09102482548969e-09	-1.0807193703701	0.039	0.078	3.67609904700497e-05	SERTAD3	c1
1.09172609739395e-09	-0.735953383088862	0.101	0.152	3.67846191255918e-05	IKBKG	c1
1.09405517708601e-09	-0.62155213832497	0.161	0.216	3.6863095136736e-05	NEK7	c1
1.09568144104228e-09	-0.79802823880309	0.084	0.133	3.69178904744787e-05	CAPNS1	c1
1.10544206692887e-09	-1.00233673568352	0.035	0.073	3.72467650031014e-05	C11orf24	c1
1.10707003089888e-09	-1.06747365696995	0.037	0.075	3.73016176211068e-05	ITPK1	c1
1.11466368996198e-09	-0.677486293677524	0.139	0.192	3.75574783695791e-05	PANK2	c1
1.11563557430579e-09	-0.525546413250676	0.226	0.281	3.75902250406592e-05	EIF4E2	c1
1.13291790601048e-09	0.146265987492526	0.856	0.777	3.8172535925117e-05	RPS17	c1
1.141371689941e-09	-4.09553725944083	0.001	0.022	3.84573777208719e-05	CHRNA6	c1
1.17182376026291e-09	-0.691026033918445	0.107	0.158	3.94834297782986e-05	SLC10A3	c1
1.18016465057236e-09	-0.806931626245275	0.111	0.161	3.97644677363851e-05	DDX60	c1
1.22378888509083e-09	-0.842114900588337	0.096	0.145	4.12343426942504e-05	DDX60L	c1
1.22572710988298e-09	-0.61099226267851	0.12	0.174	4.1299649240397e-05	CSRNP1	c1
1.23528240542761e-09	-0.507064093865327	0.141	0.198	4.16216053684778e-05	MRPL36	c1
1.23533200718086e-09	0.224893434715838	0.414	0.336	4.16232766499521e-05	CYTH1	c1
1.23814258207961e-09	-0.57655099129044	0.185	0.24	4.17179761605905e-05	NLRC3	c1
1.24066222553804e-09	0.701863759584854	0.069	0.04	4.18028730272787e-05	C9orf72	c1
1.24767173325124e-09	0.261260101441646	0.509	0.422	4.20390513801673e-05	HAX1	c1
1.26383602706378e-09	1.76219752680409	0.013	0.004	4.25836910958871e-05	SNCA	c1
1.31249616765626e-09	-0.465993639298225	0.237	0.296	4.42232458730099e-05	ARRDC1	c1
1.33030186199947e-09	-0.484235335014587	0.226	0.285	4.48231909382102e-05	FAM50A	c1
1.33321322874816e-09	-0.900798578128683	0.063	0.107	4.49212865294406e-05	FAM53B	c1
1.34958743871077e-09	-1.04328513092365	0.04	0.079	4.54729991599207e-05	NAB1	c1
1.35598667883117e-09	0.43549535713315	0.155	0.108	4.56886151565373e-05	HIVEP2	c1
1.40169735088647e-09	-0.56779157355544	0.152	0.208	4.72287905407688e-05	OVCA2	c1
1.41276971193152e-09	-0.373837869614103	0.372	0.418	4.76018626738206e-05	TCEB1	c1
1.42485586117537e-09	-0.499995153061109	0.225	0.282	4.8009093386443e-05	RAB10	c1
1.44301031179434e-09	0.281120949732538	0.335	0.262	4.86207894455985e-05	SVIP	c1
1.4497667701466e-09	1.68177669639385	0.013	0.004	4.88484415533196e-05	KRT73-AS1	c1
1.4937539415424e-09	-1.74279407627811	0.012	0.04	5.03305453063295e-05	KATNAL1	c1
1.51095471243757e-09	1.47737645416246	0.017	0.005	5.09101080808714e-05	FAM201A	c1
1.5118700883589e-09	-0.803835231440426	0.091	0.139	5.09409507571647e-05	PPP2R4	c1
1.5296401596991e-09	-0.562288714693211	0.168	0.226	5.15396955409015e-05	MLEC	c1
1.55621521277581e-09	-0.708099927206737	0.106	0.157	5.24351153792682e-05	KPNA4	c1
1.55681472908431e-09	-0.6639005447083	0.112	0.164	5.24553154817666e-05	ACADM	c1
1.56993251558241e-09	-0.686027887866203	0.138	0.19	5.28973061800339e-05	USP11	c1
1.57077953420731e-09	-0.799787041749409	0.082	0.129	5.29258456255812e-05	BCAP29	c1
1.58944704383767e-09	-2.86011998437878	0.003	0.025	5.35548286950665e-05	C10orf128	c1
1.59022206689783e-09	-0.70898798669405	0.104	0.154	5.35809423220555e-05	JKAMP	c1
1.61955739365819e-09	-0.837856199675803	0.091	0.138	5.45693668219191e-05	KLHDC4	c1
1.63614450639599e-09	-0.477720242446	0.196	0.256	5.51282529985067e-05	COA3	c1
1.63820043118317e-09	-0.823944955502141	0.065	0.11	5.51975253282856e-05	TARDBP	c1
1.64647318910149e-09	-0.802832731199196	0.068	0.113	5.54762676335857e-05	SLC25A24	c1
1.66948476330551e-09	-3.90034516163455	0.001	0.021	5.62516196148158e-05	TNFRSF12A	c1
1.72222239186518e-09	1.13878437068831	0.024	0.009	5.80285612715054e-05	RP11-11N9.4	c1
1.75478943333945e-09	1.20872117014234	0.03	0.013	5.91258751669394e-05	GCNT4	c1
1.82390811974971e-09	-0.65017916252221	0.103	0.154	6.14547601868467e-05	ATP6V1D	c1
1.8244469389761e-09	1.66262609399888	0.011	0.003	6.14729151618607e-05	RP11-6F2.5	c1
1.8254141797981e-09	-1.51473135247084	0.015	0.043	6.15055053741172e-05	GMNN	c1
1.85788462780896e-09	-0.507240509339419	0.24	0.296	6.25995646493949e-05	FDX1	c1
1.86294150878834e-09	-0.825760198691999	0.06	0.103	6.27699511971142e-05	PCGF1	c1
1.87298311270376e-09	-0.772855557836752	0.091	0.139	6.31082929994406e-05	ZBTB7A	c1
1.88256573823037e-09	1.49380148982711	0.018	0.006	6.34311699839342e-05	SLC16A10	c1
1.90018909438795e-09	-0.801081875303168	0.073	0.119	6.40249713463074e-05	BORCS6	c1
1.94146862998318e-09	-0.499638985846187	0.2	0.257	6.54158440186532e-05	COQ10B	c1
1.94170469419654e-09	-1.02452502465384	0.042	0.08	6.54237979662581e-05	USP12	c1
1.98701200353099e-09	0.30491646249843	0.251	0.191	6.69503824469733e-05	TRIM44	c1
2.06750290336535e-09	-1.24700465439076	0.021	0.053	6.9662442825992e-05	LINC00539	c1
2.13037113108666e-09	-0.400916427420365	0.35	0.4	7.17807248908339e-05	RAB2A	c1
2.16170290632176e-09	0.328123045191006	0.301	0.236	7.28364177256054e-05	MRPS33	c1
2.16776171741343e-09	0.125479627215106	0.811	0.714	7.30405633065281e-05	GIMAP4	c1
2.20457038827472e-09	1.17203352450033	0.025	0.01	7.42807946625284e-05	KLHL3	c1
2.2202692505065e-09	-0.520264671357739	0.2	0.255	7.4809752126566e-05	INO80E	c1
2.22443596833203e-09	-0.35016626118599	0.423	0.468	7.49501455169795e-05	AUP1	c1
2.2360756405623e-09	0.475569697597386	0.144	0.1	7.53423326331061e-05	CDR2	c1
2.26089149619416e-09	-0.583252603747562	0.157	0.213	7.61784780727659e-05	PREX1	c1
2.29202601871082e-09	-0.945942619337932	0.07	0.114	7.72275246744425e-05	WARS	c1
2.30187080857468e-09	-4.59918898629723	0.001	0.02	7.75592350241153e-05	IFITM10	c1
2.31064745796038e-09	-0.56814357500821	0.17	0.226	7.78549554485171e-05	PNKP	c1
2.31246108396841e-09	0.432093656282688	0.172	0.123	7.79160637632315e-05	POLR1E	c1
2.32393680028424e-09	-3.81954277462522	0.002	0.022	7.83027265487771e-05	FANK1	c1
2.32681255724692e-09	-0.827551886345236	0.062	0.106	7.83996223038777e-05	TOB2	c1
2.33416688818114e-09	-0.636513653165172	0.128	0.18	7.86474191303754e-05	UBAP1	c1
2.3791530872848e-09	0.348244016999982	0.182	0.13	8.01631841229741e-05	PCNX	c1
2.38599881276716e-09	-5.96439352729711	0	0.019	8.03938439973769e-05	STAC	c1
2.38599881341306e-09	-6.50174400596701	0	0.019	8.03938440191398e-05	S1PR5	c1
2.4405273006439e-09	0.83605948444186	0.052	0.028	8.22311268678957e-05	MORC2	c1
2.4942528363855e-09	0.146489210562773	0.488	0.399	8.40413550691732e-05	ARID5B	c1
2.49771025609485e-09	1.22121372487593	0.02	0.007	8.41578493688598e-05	RP11-370I10.12	c1
2.513898743792e-09	-0.713425551412591	0.092	0.14	8.47033042733277e-05	CHFR	c1
2.53776455408498e-09	-0.186598749880061	0.807	0.781	8.55074388853392e-05	ATP6V0E1	c1
2.59704859679648e-09	-0.50016554165635	0.26	0.313	8.75049554204607e-05	CCM2	c1
2.64283408921255e-09	-0.834657349302353	0.065	0.109	8.90476518019278e-05	LEO1	c1
2.64305445662706e-09	-0.761501308645181	0.092	0.141	8.90550768615923e-05	PTPRE	c1
2.66826410451656e-09	-2.4827336700775	0.006	0.029	8.9904490737581e-05	B4GALT5	c1
2.72275221444302e-09	-3.19834617194581	0.002	0.023	9.17404131134431e-05	CD109	c1
2.75577131870085e-09	1.82913256623321	0.01	0.002	9.28529588123065e-05	RP11-44F14.8	c1
2.79044722094281e-09	-0.452201086756128	0.464	0.495	9.4021328662447e-05	ITGB1	c1
2.7976108560199e-09	-1.1289491843121	0.039	0.076	9.42627001827344e-05	IER5	c1
2.85430432116544e-09	-0.486670127721514	0.201	0.258	9.61729297973482e-05	CCDC124	c1
2.88530656499257e-09	-0.23370178540516	0.752	0.733	9.72175194008598e-05	HNRNPC	c1
2.88738437061572e-09	-0.730842884125086	0.099	0.148	9.72875289835259e-05	ITCH	c1
2.97434211279704e-09	-0.89324081999808	0.078	0.123	0.000100217483148584	IFIH1	c1
2.98828362052211e-09	-0.627838793288618	0.14	0.193	0.000100687228309872	TRPT1	c1
3.01827915724846e-09	-0.544028318941213	0.162	0.217	0.00010169789792433	UBASH3A	c1
3.05531428693882e-09	-0.752727612332948	0.102	0.15	0.000102945759584117	STARD3NL	c1
3.05802742075407e-09	-1.05835900254139	0.052	0.091	0.000103037175914888	PIK3CG	c1
3.06039680169582e-09	-0.554298463402886	0.169	0.224	0.000103117009836339	LSM1	c1
3.06224325953492e-09	-0.723254925246169	0.082	0.128	0.00010317922438677	SLC35B1	c1
3.11262630818322e-09	0.136531237652224	0.688	0.586	0.000104876830827926	OXNAD1	c1
3.11811218404757e-09	-0.190137961686845	0.797	0.776	0.000105061671929299	UBE2D3	c1
3.17386581486183e-09	1.72730439142281	0.016	0.005	0.000106940234765955	DNAI2	c1
3.24945958693257e-09	-0.370999058249333	0.366	0.416	0.000109487291322106	PSMG2	c1
3.27137734014128e-09	-2.64661882824222	0.004	0.026	0.00011022578809872	PLEKHO2	c1
3.36564137171287e-09	-0.495621971457777	0.225	0.281	0.000113401920378494	PIN4	c1
3.36847071901305e-09	-0.465225611831431	0.216	0.272	0.000113497252406426	UBE2V2	c1
3.40326050940376e-09	-0.263418762367559	0.575	0.594	0.00011466945960385	JTB	c1
3.44926860351669e-09	0.215177968058181	0.601	0.514	0.000116219656326891	TNFRSF14	c1
3.50345272082637e-09	-1.79224645864338	0.011	0.037	0.000118045335975524	C3AR1	c1
3.51006866435232e-09	-1.51623013373687	0.021	0.051	0.000118268253576687	CCDC141	c1
3.57334572427198e-09	0.406175739269435	0.123	0.081	0.00012040031083362	ATP8B2	c1
3.58594690383539e-09	-4.44401683600162	0.001	0.02	0.000120824894977829	CDK14	c1
3.62538132485515e-09	0.360268015996666	0.142	0.098	0.000122153598359669	L3MBTL3	c1
3.6268475336736e-09	0.238945289529116	0.421	0.345	0.000122203000799598	TNRC6B	c1
3.63748302483189e-09	-4.12814651382915	0.002	0.022	0.000122561353038686	HLA-DOA	c1
3.67046424606625e-09	-0.577857824950635	0.119	0.172	0.000123672622306956	CLPTM1	c1
3.68933963324487e-09	-0.537844184540109	0.154	0.209	0.000124308609602553	UBN1	c1
3.71575183262519e-09	-1.17518913196801	0.044	0.082	0.000125198542248473	CD38	c1
3.77499331211558e-09	-2.87029138993915	0.003	0.025	0.000127194624658422	P2RY11	c1
3.80602559769938e-09	-0.440745309971064	0.298	0.348	0.000128240226488883	CAPZA2	c1
3.86139185310946e-09	-1.22747216423035	0.025	0.058	0.00013010573709867	FNDC3B	c1
3.89056978938919e-09	-2.29411038230165	0.004	0.026	0.00013108885848368	XXYLT1-AS2	c1
3.92934922240355e-09	0.706576041197145	0.064	0.037	0.000132395492699665	RP11-326C3.11	c1
3.95216977953635e-09	-0.752275171787171	0.084	0.13	0.000133164408551698	EBNA1BP2	c1
3.98449484251472e-09	-0.807921763999625	0.07	0.114	0.000134253569223691	AKIP1	c1
4.00589764163063e-09	-0.688426872372636	0.093	0.141	0.000134974715137102	ZMAT5	c1
4.08414426561133e-09	-0.83169280890063	0.063	0.105	0.000137611156885508	PRR4	c1
4.09807009381271e-09	0.42395402282575	0.146	0.102	0.000138080373740925	KIAA0391	c1
4.0992058596872e-09	-0.684215257603321	0.105	0.155	0.000138118642236301	RAB22A	c1
4.21241731700776e-09	-2.11169215166243	0.008	0.032	0.000141933189079259	ARHGEF12	c1
4.31543756213987e-09	-0.354424389694757	0.397	0.439	0.000145404353218741	EIF4H	c1
4.32627836042314e-09	1.83516402870091	0.012	0.003	0.000145769623076097	RP11-775D22.2	c1
4.33999648685647e-09	-0.843985603968677	0.072	0.116	0.000146231841628142	CSGALNACT2	c1
4.35726485725985e-09	-0.799222176909676	0.069	0.112	0.000146813682100513	SEPT11	c1
4.41949055369335e-09	-4.16197223212581	0.001	0.02	0.000148910314716144	METRNL	c1
4.44103822121491e-09	-1.37733338237615	0.018	0.047	0.000149636341825615	BLOC1S5	c1
4.45382778511205e-09	0.173134543700035	0.648	0.547	0.000150067273391565	PRDX2	c1
4.45803782875841e-09	-0.358053691449429	0.424	0.473	0.000150209126602186	RBBP6	c1
4.45969373121832e-09	-0.511086665867143	0.236	0.292	0.00015026492057967	PRPF4B	c1
4.47007021888571e-09	-0.631892045570945	0.101	0.15	0.000150614545955135	PPP2R5A	c1
4.48276029727046e-09	-1.46743790303695	0.012	0.039	0.000151042125456231	PCTP	c1
4.48455017948793e-09	-0.494176013406688	0.206	0.262	0.000151102433747666	SMC3	c1
4.55730953361152e-09	-0.415546155989044	0.3	0.351	0.000153553987425507	COX16	c1
4.57569350138047e-09	-0.262790625346018	0.647	0.646	0.000154173416835513	ARPC5	c1
4.62230427274878e-09	-1.02038724772816	0.056	0.096	0.000155743920165997	MCOLN2	c1
4.63739636337554e-09	-0.370867208212723	0.368	0.418	0.000156252433067575	TAF7	c1
4.70835445195521e-09	-0.738848419427988	0.093	0.14	0.000158643294904179	WDFY1	c1
4.76497427812973e-09	-0.499078926705435	0.214	0.268	0.000160551043327303	APOA1BP	c1
4.823509904805e-09	-0.812018812181507	0.071	0.115	0.0001625233427325	HDGF	c1
4.84203012743308e-09	-0.280618594585062	0.511	0.536	0.00016314736311373	MDH2	c1
4.91513104603872e-09	-2.32678442340188	0.005	0.028	0.000165610425465229	CASP9	c1
4.95013621262605e-09	0.17134556611476	0.677	0.596	0.000166789889548222	ARHGAP15	c1
5.14903796744048e-09	-2.58879630332443	0.006	0.03	0.000173491685274939	KIAA0825	c1
5.15745241155293e-09	0.585638120799424	0.104	0.068	0.000173775201554864	HSF2	c1
5.20340637092407e-09	-4.38434243938465	0.001	0.019	0.000175323574261916	EPAS1	c1
5.21747142208342e-09	-0.522501064189024	0.216	0.272	0.000175797482095679	ERICH1	c1
5.31209742069417e-09	-0.549041321160679	0.201	0.257	0.000178985810492869	TPP1	c1
5.35830398783143e-09	0.413101754987738	0.141	0.098	0.000180542694565992	PER1	c1
5.43663129307232e-09	-0.581034378909963	0.179	0.233	0.000183181854788779	ZNFX1	c1
5.56064549872608e-09	-0.702254615110673	0.1	0.148	0.000187360389434076	AP3D1	c1
5.63510964786148e-09	0.299697863666991	0.173	0.122	0.000189869384475045	LAIR1	c1
5.66508917190577e-09	-0.890011822433231	0.073	0.116	0.000190879514558193	CCDC6	c1
5.69604087747305e-09	-0.557929794157426	0.206	0.261	0.000191922401325577	TOB1	c1
5.70343747673229e-09	0.199772759323249	0.563	0.475	0.000192171622341018	FAM107B	c1
5.70792628882972e-09	0.316161933952387	0.206	0.151	0.000192322868375829	RP11-707G18.1	c1
5.75618846770894e-09	0.843228282270374	0.035	0.017	0.000193949014230985	NPIPB4	c1
5.76450225332014e-09	0.206513983602222	0.467	0.389	0.000194229138923369	ZC3HAV1	c1
5.80469975058206e-09	1.2643766511386	0.022	0.009	0.000195583553396112	FBP1	c1
5.80967675745082e-09	-1.16561206032365	0.023	0.054	0.000195751248665548	CHPF	c1
5.84812737913046e-09	0.676220374678276	0.056	0.031	0.000197046803912422	MATN1-AS1	c1
5.94163400885023e-09	-0.613359768502946	0.099	0.148	0.0002001974162942	LINC00426	c1
6.07450800849343e-09	0.460510693681761	0.149	0.106	0.000204674472838178	CLN5	c1
6.08880531911356e-09	-0.325093852918991	0.442	0.479	0.000205156206422212	TAX1BP1	c1
6.11509426418676e-09	-0.50673902401623	0.193	0.248	0.000206041986137509	UBE2G1	c1
6.27497641280952e-09	-1.15215961480033	0.033	0.068	0.000211429055253204	MINPP1	c1
6.32614087720261e-09	-0.769688973457388	0.103	0.15	0.000213152990716465	SGMS1	c1
6.37899630541531e-09	-2.0565577994115	0.024	0.055	0.000214933901514663	IFIT2	c1
6.40892826515743e-09	1.10960175992513	0.03	0.013	0.000215942428966214	RP11-161M6.3	c1
6.52391858803762e-09	-0.384828901207309	0.34	0.389	0.00021981691290534	MRPL54	c1
6.53973889792466e-09	-0.731706672944664	0.078	0.123	0.000220349962426673	ISOC1	c1
6.54857103808034e-09	-0.712613934971572	0.092	0.138	0.000220647552557079	SEC24C	c1
6.56730901501643e-09	-0.456103095583784	0.24	0.294	0.000221278909951964	PSMD6	c1
6.59996908503164e-09	-0.339440100493895	0.426	0.463	0.000222379358351056	UBE2N	c1
6.62486339655355e-09	-0.49887515448274	0.169	0.224	0.000223218147283475	PRPF31	c1
6.63682199385266e-09	-1.21908763984712	0.025	0.057	0.000223621080260871	TGFBR1	c1
6.68439808540004e-09	-0.585872916164318	0.135	0.187	0.000225224109089469	CBFB	c1
6.95109786869136e-09	0.243175867831735	0.195	0.142	0.000234210291587687	SPON2	c1
6.98194441198069e-09	-0.444915222297504	0.219	0.276	0.000235249635017277	EIF4E	c1
7.1200668018362e-09	-0.396442053319678	0.293	0.346	0.000239903530821069	ARF4	c1
7.15545601017556e-09	-0.429233264668798	0.236	0.293	0.000241095934806855	NDUFS3	c1
7.16278199692235e-09	0.62312108134531	0.073	0.044	0.000241342776604302	IL23A	c1
7.18872599063244e-09	-1.15213111246196	0.026	0.058	0.000242216933528369	SLC2A1	c1
7.54928242883147e-09	-0.436864503217739	0.35	0.392	0.000254365522157047	CCDC167	c1
7.63436923293742e-09	-0.422116160979864	0.225	0.282	0.000257232436934593	CCDC90B	c1
7.77970984193544e-09	-0.488124028017394	0.198	0.253	0.000262129543414173	BLOC1S2	c1
7.8171104243382e-09	-0.858266874510363	0.062	0.103	0.000263389718637651	KIF20B	c1
7.95208097372973e-09	-1.10949763441544	0.035	0.069	0.00026793741632885	IRF4	c1
8.05462000999345e-09	-0.907609796513559	0.057	0.097	0.000271392366616719	ITPRIP	c1
8.13665702269057e-09	-0.719649020674242	0.087	0.133	0.000274156521722536	GLCCI1	c1
8.15252379107646e-09	-1.68133135936984	0.016	0.044	0.00027469113661653	MAFF	c1
8.18771175133379e-09	-2.52119016363074	0.006	0.028	0.000275876759749441	TRDC	c1
8.36386259720082e-09	-0.673405044784666	0.094	0.141	0.000281811986350084	FAM136A	c1
8.46998131159267e-09	-0.580490738026458	0.28	0.328	0.000285387550312803	GBP1	c1
8.50535888175676e-09	-0.469697540953278	0.206	0.262	0.000286579562161912	CYB5B	c1
8.51620206556049e-09	-1.90478623807928	0.008	0.032	0.000286944912396995	TRIM34	c1
8.54362877634835e-09	1.51344407460715	0.019	0.007	0.000287869027990281	USP44	c1
8.58675155246018e-09	-0.726384793757104	0.071	0.114	0.000289322006808593	FUT8	c1
8.60333890679204e-09	-0.291255195839206	0.76	0.766	0.000289880901125451	TNFAIP3	c1
8.64865041337723e-09	-0.396629205799407	0.29	0.341	0.000291407627028332	MPG	c1
8.70669663043245e-09	-1.229267591567	0.028	0.06	0.000293363436265791	BTN2A2	c1
8.72954589765377e-09	-0.4479308722755	0.201	0.257	0.000294133319475546	SNX1	c1
8.75519840982786e-09	-0.559010667445642	0.176	0.23	0.00029499765522074	CHD4	c1
8.80648606679301e-09	-0.433447982702699	0.281	0.333	0.000296725741534524	LAPTM4A	c1
8.98739511097182e-09	-0.827752341557555	0.074	0.117	0.000302821290869085	PIGBOS1	c1
9.01489062724198e-09	-0.514201512727702	0.272	0.319	0.000303747724794291	GRAP2	c1
9.04886863868263e-09	-0.355081831558021	0.376	0.419	0.000304892579911773	TALDO1	c1
9.08904325569744e-09	0.853118456920984	0.038	0.019	0.00030624622345747	RP11-1017G21.5	c1
9.25261331706465e-09	-0.522897432137151	0.182	0.236	0.000311757553105176	MRPS12	c1
9.27527853769675e-09	-0.449173491755224	0.24	0.296	0.000312521235049154	FBXO7	c1
9.38352370560693e-09	-0.234597039906302	0.609	0.619	0.00031616844773672	SRP9	c1
9.54287266046176e-09	-1.2611544464244	0.032	0.065	0.000321537551421599	HOXB4	c1
9.57388115833356e-09	-0.157458882579167	0.904	0.885	0.000322582351748891	DAZAP2	c1
9.79492410651692e-09	-3.37048793789187	0.003	0.024	0.000330030172844981	CCL20	c1
9.8084748466674e-09	-0.526426745432346	0.222	0.274	0.000330486751483611	TMED5	c1
9.9866789682669e-09	-0.561974435643282	0.139	0.192	0.000336491161156785	TXNDC15	c1
1.00016011462858e-08	0.674570645167132	0.055	0.03	0.000336993949022955	RP11-701H24.9	c1
1.01837328818267e-08	-3.54127987572146	0.001	0.02	0.000343130695720269	POU3F1	c1
1.04009331351348e-08	-0.586283724515184	0.182	0.233	0.000350449041055232	PARP10	c1
1.04227626438584e-08	0.733909079939565	0.047	0.025	0.000351184564522164	ASPH	c1
1.04722478700309e-08	-0.7398416522725	0.078	0.121	0.000352851919732821	CRYZ	c1
1.05713765023948e-08	-0.471852527785014	0.246	0.3	0.000356191959871689	SMARCE1	c1
1.08094042402993e-08	-6.25934348035988	0	0.017	0.000364212066472643	KLRC2	c1
1.08094042402993e-08	-5.98473509820501	0	0.017	0.000364212066472643	NR5A2	c1
1.086002112398e-08	-0.958158619912381	0.081	0.122	0.000365917551751383	EPHA1	c1
1.08930823831171e-08	0.518986751345261	0.115	0.078	0.000367031517816747	ANKRD26	c1
1.12833433874884e-08	-0.706737810699401	0.087	0.133	0.000380180972098036	PFKFB3	c1
1.13137973504753e-08	1.49124875239279	0.015	0.005	0.000381207087926915	LINC00866	c1
1.14784656563086e-08	-0.723970892843285	0.06	0.102	0.000386755421823663	DCLRE1C	c1
1.16807630088082e-08	-0.444854872034626	0.298	0.349	0.000393571628818783	STK10	c1
1.18988666842094e-08	-0.505143301514118	0.172	0.225	0.000400920414057753	PDHB	c1
1.19032322668886e-08	-0.728619921616601	0.065	0.107	0.000401067508000544	STYXL1	c1
1.19080693361348e-08	-1.32357513327488	0.017	0.045	0.000401230488211725	CPPED1	c1
1.19387475280766e-08	-0.628458201123738	0.16	0.211	0.000402264159211012	CTNNB1	c1
1.19858371597451e-08	-0.622654763870672	0.113	0.161	0.000403850797260452	GFER	c1
1.21544135173255e-08	1.96530463971045	0.01	0.002	0.000409530809052764	RP11-81K13.1	c1
1.23947758080588e-08	-0.406054703998013	0.263	0.318	0.000417629576076735	SHKBP1	c1
1.26517626007891e-08	0.928070330798796	0.033	0.015	0.000426288489070989	RAP1GAP2	c1
1.28494962583503e-08	-0.432844004318583	0.269	0.321	0.000432950926928854	PPP1R7	c1
1.28521150230186e-08	-0.345425146709171	0.419	0.452	0.000433039163585589	NDUFS8	c1
1.2857000997801e-08	-1.04003168881989	0.031	0.064	0.000433203791619908	ERV3-1	c1
1.29555829235866e-08	1.04411629263544	0.026	0.011	0.000436525411027328	RP11-1143G9.5	c1
1.29759500670197e-08	0.71228716804492	0.06	0.035	0.000437211661558161	FLJ27354	c1
1.29796673515308e-08	-0.638530206920763	0.139	0.191	0.000437336911742478	PPP1R16B	c1
1.30076656682479e-08	-3.543257264516	0.002	0.02	0.000438280287025946	AC013461.1	c1
1.35487757894329e-08	0.213714093113957	0.514	0.439	0.000456512451449151	ABHD14B	c1
1.36615260678712e-08	-0.77261525857041	0.091	0.136	0.000460311459330852	EP300	c1
1.3989003893491e-08	-5.94619501165558	0	0.017	0.000471345497187286	CYP7B1	c1
1.40352081914108e-08	-0.475586181672693	0.262	0.314	0.000472902304801395	S1PR4	c1
1.42067171824071e-08	-0.667706884727679	0.114	0.162	0.000478681128744026	AZI2	c1
1.42469480011004e-08	-0.388211997092609	0.383	0.431	0.000480036665949076	AKNA	c1
1.43662013095165e-08	0.462089740165182	0.148	0.105	0.00048405478692285	MOCS2	c1
1.43925832861293e-08	-0.857179487917931	0.053	0.092	0.00048494370124284	RALB	c1
1.45014868313657e-08	-0.350043235705397	0.379	0.425	0.000488613097296035	MDH1	c1
1.46773640574221e-08	-0.274588433036505	0.521	0.546	0.000494539104550782	ATP5F1	c1
1.47846191184467e-08	-0.699801080829735	0.094	0.139	0.000498152956576944	WRAP73	c1
1.49183371828927e-08	1.39673823080403	0.016	0.005	0.000502658453040386	BCL7A	c1
1.49950800031769e-08	-0.502406079747452	0.193	0.247	0.000505244225627042	PPP4R2	c1
1.5112186240688e-08	-0.783804339235795	0.078	0.121	0.000509190003193741	NDRG1	c1
1.52410707869804e-08	-0.729194482397781	0.079	0.123	0.000513532639096518	DCAF13	c1
1.52902877029247e-08	1.25234157670724	0.022	0.008	0.000515190953862343	NAP1L3	c1
1.53609760821179e-08	-0.670891250677486	0.083	0.128	0.000517572728110879	ZNF720	c1
1.59090809275577e-08	0.28690473529848	0.283	0.221	0.000536040572773128	MED30	c1
1.63497167802457e-08	0.638708582759431	0.055	0.03	0.000550887357193597	C12orf42	c1
1.636399863429e-08	0.933038542467724	0.028	0.012	0.000551368569983767	FAM213A	c1
1.64761542000847e-08	-0.418364865939327	0.307	0.355	0.000555147539617652	RBBP4	c1
1.66147797492261e-08	-0.351416133056705	0.423	0.459	0.000559818388870425	RAD21	c1
1.66686805755548e-08	-0.628031370255214	0.151	0.2	0.000561634523312743	C16orf54	c1
1.67629350488611e-08	-2.25539698593358	0.005	0.027	0.000564810333536327	SYNGR3	c1
1.71026457096489e-08	0.171031441542019	0.45	0.359	0.00057625654454091	SELM	c1
1.71763326424111e-08	0.242987725497963	0.38	0.311	0.000578739352053401	CD84	c1
1.73611735241615e-08	0.26864531803711	0.332	0.265	0.000584967380723097	EPB41L4A-AS1	c1
1.74289904197958e-08	-0.346210026547158	0.403	0.445	0.000587252403204599	HNRNPM	c1
1.74488922610448e-08	-6.45686024331322	0	0.017	0.000587922975843644	IL1R2	c1
1.77389038118768e-08	1.07813877996948	0.022	0.009	0.000597694625037378	TRPC1	c1
1.78888413684746e-08	-0.773726993628669	0.097	0.142	0.000602746621069382	SLC20A1	c1
1.82062120337494e-08	-0.486123034130884	0.202	0.257	0.000613440108265152	LYPLA1	c1
1.82120572919537e-08	0.458709130714546	0.16	0.116	0.000613637058395089	SERTAD2	c1
1.83147461395274e-08	0.299441880677521	0.249	0.191	0.000617097056425237	CECR1	c1
1.83178355751582e-08	-0.507218170400465	0.248	0.298	0.000617201151869381	APOL6	c1
1.87195924872874e-08	-0.694160816366096	0.112	0.159	0.000630737949266663	SACM1L	c1
1.89696712648494e-08	-1.5589312133715	0.013	0.039	0.000639164103597834	KCTD9	c1
1.90288014621682e-08	-0.745548140438353	0.058	0.098	0.000641156436466297	WBSCR16	c1
1.90721015094986e-08	-1.18511166347634	0.021	0.05	0.000642615388261046	NOTCH2NL	c1
1.90910333930556e-08	0.204349386479598	0.368	0.295	0.000643253279145614	TSPYL2	c1
1.94030431492385e-08	-2.63501568700192	0.004	0.024	0.000653766135870442	STARD9	c1
2.06649823046077e-08	-0.953939784711625	0.043	0.078	0.000696285913771452	TMEM127	c1
2.0893910342624e-08	-2.1403474076679	0.008	0.031	0.000703999415084374	ENC1	c1
2.10937247403599e-08	-1.57591740017208	0.013	0.038	0.000710731961401686	C16orf45	c1
2.12922973490994e-08	-0.681712872803092	0.106	0.152	0.000717422666880556	G6PD	c1
2.14847173731009e-08	-0.437162357086773	0.235	0.289	0.000723906067169262	C1D	c1
2.15870186281301e-08	-1.34279335199062	0.099	0.141	0.000727353005656215	MAGEH1	c1
2.23257828003267e-08	1.17842802575758	0.018	0.007	0.000752244925674208	GPC2	c1
2.24127349529946e-08	-0.60772535668666	0.102	0.149	0.000755174691506202	MAEA	c1
2.25144509734558e-08	-4.56168418709448	0.001	0.018	0.00075860191109962	BCAT1	c1
2.32826478995586e-08	-1.03161673346224	0.033	0.066	0.000784485538327727	TRIM25	c1
2.34280124503498e-08	-6.58806180825433	0	0.017	0.000789383451502087	VCAM1	c1
2.37605394387192e-08	-1.58459240964296	0.013	0.039	0.000800587615848205	LRRC2	c1
2.38409196267508e-08	-0.413040971022072	0.253	0.306	0.000803295945903743	C14orf119	c1
2.38854792292822e-08	-0.57164134854295	0.143	0.193	0.000804797337151434	TIA1	c1
2.41785714352424e-08	-0.533754203859542	0.198	0.248	0.000814672785939059	NELFE	c1
2.44945050816087e-08	0.614191239045832	0.063	0.037	0.000825317854219725	MPP7	c1
2.45811762114375e-08	0.522694683650242	0.064	0.038	0.000828238151268174	LACTB2-AS1	c1
2.46253078929272e-08	-0.573159424146116	0.149	0.199	0.000829725124144287	PPP6R1	c1
2.48277994609579e-08	-0.195759965950795	0.713	0.701	0.000836547875037516	UQCRH	c1
2.4998642379558e-08	-0.371500840345353	0.373	0.416	0.000842304256336827	SNX17	c1
2.59868507896089e-08	-1.06983132275464	0.036	0.069	0.000875600950505082	HELLS	c1
2.59871391517631e-08	-0.52223224834926	0.262	0.312	0.000875610666579507	SYNE1	c1
2.66241415710905e-08	-6.69042993154447	0.001	0.018	0.000897073826096325	TRDV2	c1
2.70059734453602e-08	-0.766657227584459	0.062	0.102	0.000909939269267967	ZFPL1	c1
2.72059529081801e-08	-0.498676939999723	0.207	0.26	0.000916677377288221	ZFR	c1
2.72454432433652e-08	-0.648367934802511	0.107	0.153	0.000918007964641946	ANKRD39	c1
2.75676213383569e-08	-1.5765393404723	0.012	0.037	0.000928863433374598	RP11-449H3.3	c1
2.75740359763606e-08	-0.409986476898037	0.392	0.432	0.000929079568187493	CTSA	c1
2.79249703886634e-08	-0.967941851398846	0.05	0.087	0.000940903952275626	ST3GAL5	c1
2.84389267049781e-08	0.662064852419504	0.061	0.036	0.000958221196397534	NUAK2	c1
2.85851454072604e-08	0.277482311789329	0.213	0.159	0.000963147889352232	BCL2A1	c1
2.86495317809943e-08	-0.675743475628144	0.109	0.155	0.000965317323828823	MAP2K2	c1
2.87800021998255e-08	-0.812754049201961	0.059	0.098	0.00096971339412092	MAD2L1BP	c1
2.91116965206899e-08	-0.838451818603111	0.062	0.102	0.000980889502568126	SIPA1L1	c1
2.98740869947584e-08	-1.25727923216245	0.026	0.056	0.00100657748720139	TMEM206	c1
2.99136369094364e-08	0.400353376310125	0.128	0.089	0.00100791008202655	CYB561D2.1	c1
3.01083894712503e-08	-0.361606570997331	0.373	0.411	0.00101447207484431	SET	c1
3.02217510249155e-08	-0.81976595173415	0.049	0.085	0.0010182916790335	RRBP1	c1
3.0887066022089e-08	-0.639092281249288	0.139	0.186	0.00104070880254827	RAB24	c1
3.09114106270537e-08	-0.361665167949889	0.335	0.382	0.00104152906966795	MRPL52	c1
3.09298226354389e-08	-0.852463779752557	0.045	0.081	0.00104214944387848	DOK1	c1
3.10451299028839e-08	-0.798286503829223	0.073	0.114	0.00104603460694777	MFSD5	c1
3.10802037222506e-08	-1.0588152647044	0.043	0.078	0.00104721638421751	SARDH	c1
3.13008490479155e-08	-1.26162788950563	0.024	0.054	0.00105465080782047	HIST1H2BK	c1
3.15344869167231e-08	-1.47099607590479	0.021	0.049	0.00106252300217207	ZNF841	c1
3.15915904328647e-08	-0.556032538645571	0.17	0.221	0.00106444704804494	XPC	c1
3.19841223263795e-08	-2.98440962125676	0.003	0.021	0.00107767301766503	SLC35E4	c1
3.241137889663e-08	-1.83418950561209	0.012	0.037	0.00109206900054305	CENPF	c1
3.24309760746071e-08	-0.298008966388443	0.464	0.501	0.00109272930785781	FNBP1	c1
3.29402130023831e-08	-0.719285504516337	0.105	0.149	0.00110988753690229	MIB2	c1
3.35390963831937e-08	-0.430056038654573	0.262	0.311	0.00113006631353533	IAH1	c1
3.37459597226714e-08	-4.48117932170248	0.001	0.017	0.00113703636689569	ASCL2	c1
3.40057314274154e-08	-0.598406134380695	0.084	0.128	0.00114578911471533	GMEB1	c1
3.41234876847447e-08	-2.74671177866108	0.005	0.026	0.00114975679404979	HPGD	c1
3.4690392347022e-08	-0.368635128072749	0.458	0.49	0.00116885807974056	ADAR	c1
3.57982819048989e-08	-0.831248798088975	0.052	0.09	0.00120618731050366	MUL1	c1
3.5917216556226e-08	1.12214848081945	0.022	0.009	0.00121019469464548	TLE2	c1
3.61218602374742e-08	-2.24811308234331	0.005	0.026	0.00121708995884146	SLC1A4	c1
3.61425833027799e-08	-0.973538191560644	0.04	0.074	0.00121778820180387	SPTSSA	c1
3.64084180255654e-08	-0.406698248890581	0.281	0.331	0.0012267452369534	MAPK1IP1L	c1
3.64913217136893e-08	0.270899460056891	0.279	0.219	0.00122953859382105	FLOT1	c1
3.76522619869734e-08	0.325583454639267	0.246	0.191	0.00126865531538908	SOD2	c1
3.82482664723988e-08	-0.533578410347303	0.137	0.186	0.00128873709052101	YIF1B	c1
3.88241626950004e-08	-0.491810551731019	0.194	0.245	0.00130814133784534	STRA13	c1
3.89363067585324e-08	1.01016204980248	0.028	0.012	0.00131191991992199	RP11-730K11.1	c1
3.9484057436733e-08	-0.519460330746367	0.184	0.236	0.00133037583127328	SYNCRIP	c1
3.99112889193108e-08	-1.23294012514866	0.025	0.054	0.00134477096884726	NTHL1	c1
4.02135931265337e-08	-0.326943674666968	0.433	0.464	0.00135495680680543	BANF1	c1
4.0491389411163e-08	-2.93520375206879	0.004	0.023	0.00136431687481973	MXRA7	c1
4.08081950172408e-08	-0.336080419109848	0.4	0.437	0.00137499132291091	DDOST	c1
4.09404996011641e-08	-0.642223888138357	0.118	0.164	0.00137944919356162	ECI2	c1
4.16525245280294e-08	-0.588209667017823	0.111	0.157	0.00140344016144742	VEZF1	c1
4.25650631275702e-08	0.453990212303879	0.098	0.064	0.00143418723702035	NT5C3B	c1
4.30181606054983e-08	-0.50426688594134	0.141	0.192	0.00144945390344166	VPS25	c1
4.3614537403755e-08	0.248320994282282	0.254	0.195	0.00146954822328212	ERAP2	c1
4.37506088448077e-08	-0.686622710808878	0.11	0.154	0.00147413301441695	AGA	c1
4.38277232485237e-08	-2.82954120240566	0.003	0.021	0.00147673130713576	CDKN3	c1
4.48628530258981e-08	0.599643988604932	0.081	0.052	0.00151160896985461	SPATC1L	c1
4.49031385431826e-08	-1.03541569097068	0.038	0.071	0.00151296635007399	C8orf82	c1
4.50028550071814e-08	-0.444560437997893	0.268	0.315	0.00151632619661197	CALCOCO2	c1
4.50986997906699e-08	0.277973247450832	0.267	0.21	0.00151955559074683	NABP1	c1
4.59694593340509e-08	-0.547226030475522	0.165	0.215	0.00154889496280151	RPS6KA1	c1
4.60848081631702e-08	0.14620484216645	0.709	0.622	0.00155278152624986	TOMM20	c1
4.71852911198273e-08	-1.1783048653075	0.026	0.055	0.00158986119899146	SGPP1	c1
4.74960822638678e-08	-0.41678099282157	0.271	0.323	0.00160033299579876	TMEM165	c1
4.80852164221959e-08	-0.623802578440021	0.113	0.159	0.00162018328212947	AFTPH	c1
4.87817824796384e-08	-0.563359992832439	0.189	0.238	0.00164365337886894	NFATC3	c1
4.88333908121977e-08	-0.853503589200063	0.054	0.091	0.00164539227002619	AGFG1	c1
4.88548993655179e-08	-0.430979997555917	0.251	0.302	0.00164611697922176	B3GAT3	c1
4.94982482243581e-08	-0.535302978229591	0.139	0.188	0.00166779397567152	CAB39	c1
4.9945179002671e-08	-1.0663579283666	0.039	0.072	0.001682852861316	SMURF2	c1
5.03086918660886e-08	-0.648430834099195	0.113	0.158	0.00169510106373599	RFX5	c1
5.03737438026898e-08	-0.537684632698727	0.178	0.229	0.00169729292368783	UBTF	c1
5.04854549229657e-08	-0.538509524044964	0.142	0.191	0.00170105691817441	CXorf38	c1
5.06288611220385e-08	-0.429475567766736	0.349	0.392	0.00170588884664596	HERPUD2	c1
5.10269688510172e-08	-0.613392784205992	0.115	0.162	0.00171930268846617	FAM63B	c1
5.11715669464463e-08	-1.01547688745832	0.038	0.071	0.00172417477669356	HECTD4	c1
5.12582065700642e-08	-0.813081676816009	0.055	0.092	0.00172709401217174	DCP1B	c1
5.20162463563651e-08	-0.990014186153391	0.038	0.071	0.00175263540473137	TAX1BP3	c1
5.20327254134321e-08	-1.87452333835691	0.007	0.028	0.00175319065008018	ADAP1	c1
5.23944319860017e-08	-4.58941939671262	0.001	0.017	0.00176537799133634	TPX2	c1
5.2421729937942e-08	-0.831872316098992	0.058	0.096	0.00176629776852902	OTULIN	c1
5.25594745828037e-08	-0.636637274097308	0.108	0.153	0.00177093893659299	ANKRD13D	c1
5.26310763326217e-08	-0.429516406805015	0.266	0.316	0.00177335148595136	POLR2I	c1
5.29633784397854e-08	-1.35276107180555	0.018	0.045	0.00178454807315013	ACSL1	c1
5.34481290132584e-08	-0.974608144447005	0.024	0.053	0.00180088125897273	TMED8	c1
5.38388974705822e-08	-0.615455425065782	0.1	0.145	0.0018140478113738	GPS2	c1
5.42306794341797e-08	-2.97851616714968	0.002	0.02	0.00182724851285525	TMEM244	c1
5.50289480953906e-08	-0.32432300128575	0.439	0.473	0.00185414537712609	PA2G4	c1
5.5599002457176e-08	-0.342693030030314	0.359	0.401	0.00187335278879209	POLR2G	c1
5.60659845697406e-08	-0.475583533418434	0.206	0.256	0.00188908728409284	TRIM69	c1
5.6806934413832e-08	-0.708392853261636	0.085	0.127	0.00191405284813966	C7orf55	c1
5.68595087876944e-08	-0.664999193330529	0.101	0.145	0.00191582428909257	ADA	c1
5.77529029641388e-08	-0.368109639392121	0.398	0.435	0.00194592631247369	RASAL3	c1
5.80919207118979e-08	0.569738487202058	0.084	0.054	0.00195734917646669	SYNGAP1	c1
5.84354336408844e-08	-1.40630496571294	0.018	0.044	0.00196892350109596	TRBV4-1	c1
5.8848615748875e-08	-0.97208300865297	0.05	0.086	0.0019828452590426	PCYT1A	c1
5.89646682650835e-08	-0.511023884507975	0.168	0.218	0.00198675553252372	NFE2L2	c1
5.91541250385235e-08	0.645248606562919	0.061	0.036	0.00199313908904801	EEPD1	c1
5.96506330697282e-08	-0.756490884702455	0.1	0.143	0.00200986843065142	S100PBP	c1
6.08480952716682e-08	-0.409193334285542	0.342	0.38	0.00205021572208359	MINOS1	c1
6.12118217123121e-08	-0.610853294528778	0.167	0.215	0.00206247112077464	LINC00649	c1
6.20577703122095e-08	-0.434282680749319	0.208	0.261	0.00209097451289959	CDC123	c1
6.27714097892135e-08	1.08468734856679	0.029	0.013	0.00211501988143776	MID2	c1
6.31432164306677e-08	-0.61471173816963	0.108	0.155	0.00212754753441492	ZBTB1	c1
6.31686738460227e-08	-0.797279193960033	0.052	0.089	0.00212840529656789	TDRD3	c1
6.32112936434128e-08	-0.299482557387352	0.45	0.479	0.00212984132802115	PDCD6	c1
6.33276965927921e-08	-6.00988132945049	0	0.016	0.00213376340899754	RTP5	c1
6.47884841002966e-08	-1.7746062621296	0.012	0.035	0.00218298318327539	PLCB1	c1
6.49379529387621e-08	-1.61295468509124	0.012	0.036	0.00218801938631865	ABHD15	c1
6.53842682456475e-08	-0.39737493806537	0.347	0.386	0.00220305753426885	VAMP5	c1
6.54103335169083e-08	1.1702454019354	0.025	0.011	0.00220393577751871	MTUS1	c1
6.57427114180864e-08	-1.36235526835572	0.016	0.041	0.002215134918521	C4orf33	c1
6.61405758560149e-08	0.552671931509059	0.131	0.092	0.00222854056289257	RAB39B	c1
6.6142321895172e-08	-1.50366407315912	0.017	0.042	0.00222859939393592	ZFP91	c1
6.65266833928196e-08	0.253199355394768	0.282	0.223	0.00224155007023766	CNST	c1
6.69079136560653e-08	-1.35852958649851	0.013	0.038	0.00225439524272746	ABAT	c1
6.71255174664359e-08	-0.499744795303747	0.179	0.229	0.00226172718551409	PJA2	c1
6.72055469909341e-08	-0.766407198493455	0.07	0.11	0.00226442370031253	HEXA	c1
6.74519994238681e-08	-0.959816083450331	0.048	0.083	0.00227272766858781	LINC01281	c1
6.79591663274007e-08	-4.16154047789264	0.001	0.018	0.00228981615023544	MKI67	c1
6.81683653408827e-08	-5.95730540823682	0	0.015	0.0022968649017957	ZBTB32	c1
6.96673587906609e-08	0.209877459871248	0.409	0.337	0.00234737198709253	LSM5	c1
7.10247789327058e-08	-0.839152054887732	0.058	0.095	0.00239310890135859	TXNRD1	c1
7.17483773080451e-08	-0.585025395701355	0.133	0.181	0.00241748982501727	ACTR10	c1
7.23141659360112e-08	-0.789881453149795	0.051	0.088	0.00243655350704796	RAD9A	c1
7.23760693916837e-08	-2.81533557642857	0.003	0.021	0.00243863928208339	ARHGAP11A	c1
7.27307101630161e-08	0.500310220225665	0.105	0.071	0.00245058854823266	NFRKB	c1
7.52731563904864e-08	1.61545157552054	0.011	0.003	0.00253625373142105	AC009784.3	c1
7.5363154826686e-08	0.756915318427499	0.04	0.021	0.00253928613873036	GPRASP1	c1
7.55007358833838e-08	-1.81054368847243	0.007	0.028	0.00254392179485473	FAM214B	c1
7.68316205566988e-08	-0.544340410155989	0.128	0.176	0.00258876462303741	MRPS23	c1
7.7278457022415e-08	-1.27327723850964	0.025	0.053	0.00260382033091325	ARHGAP35	c1
7.75946506278518e-08	-0.31648579265443	0.398	0.439	0.00261447415825484	TUFM	c1
7.83718412946481e-08	-0.722385172236922	0.117	0.162	0.00264066082058187	DDX58	c1
7.84147362646866e-08	-4.0235907351167	0.001	0.017	0.00264210612370235	CD160	c1
7.86261381091114e-08	-0.348517947595218	0.305	0.356	0.0026492290974484	MMADHC	c1
7.88255873778463e-08	0.179448158560975	0.462	0.388	0.00265594934110915	YME1L1	c1
7.92875428495569e-08	-0.678013986009258	0.096	0.139	0.00267151446877297	HAUS1	c1
7.98499197584439e-08	-0.380491181776598	0.329	0.371	0.00269046319634101	PSMD7	c1
8.13062367350675e-08	-0.443511854038655	0.203	0.254	0.00273953234055136	STAU1	c1
8.13432693694619e-08	-0.525487714581099	0.135	0.184	0.00274078011813465	RBM5	c1
8.13829259920483e-08	-0.891028690068605	0.066	0.104	0.00274211630837607	CTD-2020K17.1	c1
8.2497301574876e-08	0.464866247319009	0.123	0.087	0.00277966407926387	CSGALNACT1	c1
8.35264425882629e-08	-0.694981734447176	0.105	0.148	0.00281433995656893	SEL1L	c1
8.39873189619403e-08	-0.914988161317436	0.039	0.072	0.00282986872510362	MTMR2	c1
8.4389344601906e-08	-0.727696356482251	0.063	0.101	0.00284341457701662	MAP1S	c1
8.46071868719039e-08	-0.644111720677274	0.151	0.197	0.00285075455446193	SHMT2	c1
8.51075534797714e-08	-0.462032873073105	0.211	0.261	0.00286761390694742	OGFR	c1
8.61792048958851e-08	-1.01941800416675	0.038	0.07	0.00290372212976195	SLC22A18	c1
8.61817505354426e-08	-0.455389060536717	0.165	0.217	0.0029038079025412	CISD2	c1
8.7245224238739e-08	-0.742601715226241	0.069	0.108	0.00293964058550007	PHF19	c1
8.76732609174158e-08	-0.273065450422793	0.565	0.581	0.00295406285335141	PDCD4	c1
8.82683100081551e-08	0.853981830691861	0.032	0.016	0.00297411243741478	KRT18	c1
8.87476502188012e-08	0.164561046571468	0.455	0.377	0.00299026332647229	GPRIN3	c1
8.90903677462674e-08	-0.876422109628334	0.037	0.069	0.00300181085084273	CDK5	c1
8.95269322029911e-08	-0.542766877042084	0.198	0.245	0.00301652045364758	INPP5D	c1
9.04147074375966e-08	0.932686530913895	0.035	0.017	0.00304643315240238	NDRG2	c1
9.07165970104642e-08	-1.06829411413047	0.038	0.07	0.00305660501967058	ENDOD1	c1
9.12836449091902e-08	1.18161865798791	0.015	0.005	0.00307571113157026	UBE2E2	c1
9.13525409329411e-08	1.19854231480644	0.021	0.008	0.00307803251419452	RP11-395A13.2	c1
9.21283527490912e-08	0.161623487520975	0.705	0.627	0.00310417271752788	CSDE1	c1
9.36026880933796e-08	0.37961158348742	0.106	0.071	0.00315384897261833	DBNDD2	c1
9.38705241528807e-08	-0.377943918529754	0.356	0.393	0.00316287344080716	SNRPB2	c1
9.3939946171175e-08	-0.737608334381568	0.094	0.137	0.00316521254629157	ADCY7	c1
9.42752430577154e-08	-0.93061547251518	0.035	0.066	0.00317651003958666	BCOR	c1
9.47750124723729e-08	-0.437467443232208	0.271	0.32	0.00319334927024413	ABI1	c1
9.70704424090624e-08	-0.652976020632824	0.086	0.129	0.00327069148653095	EHD4	c1
9.73188503519705e-08	-0.481851313139309	0.174	0.223	0.00327906134375929	GTF2E2	c1
9.78188704230727e-08	-2.11211061147339	0.005	0.024	0.00329590902003501	TMEM110	c1
9.82664046092525e-08	-0.437835200391195	0.239	0.289	0.00331098823690415	AMZ2	c1
9.85217490010768e-08	-5.70198594808909	0	0.015	0.00331959181084228	TNFRSF8	c1
9.96456577946961e-08	1.60705214389225	0.011	0.003	0.00335746079373449	TBC1D8B	c1
1.00878920506194e-07	-0.529804202028769	0.142	0.191	0.00339901434753571	TIMMDC1	c1
1.02980012556603e-07	-0.36028961186682	0.339	0.384	0.00346980854308218	GOLGA7	c1
1.03241709736215e-07	0.224754796395598	0.207	0.155	0.00347862616785203	SLC16A7	c1
1.03625447937851e-07	0.402694103720467	0.096	0.063	0.00349155584281794	USP53	c1
1.03768219840551e-07	0.246390214708455	0.262	0.203	0.00349636639930752	RGL4	c1
1.03945461933804e-07	-0.502751567885578	0.145	0.193	0.0035023383943976	EIF4A3	c1
1.04117954068378e-07	0.370066524473101	0.089	0.058	0.00350815034437994	LST1	c1
1.04604195870468e-07	0.272210955953344	0.25	0.196	0.00352453377565954	TOPORS-AS1	c1
1.0504728598332e-07	0.918957371914479	0.036	0.018	0.003539463253922	ULK2	c1
1.05714987575636e-07	-0.534074719861619	0.174	0.222	0.00356196079137347	SCNM1	c1
1.06520001595051e-07	-0.70026011742643	0.062	0.1	0.00358908493374366	HYOU1	c1
1.07125418393482e-07	-0.625798496640236	0.114	0.159	0.00360948384734999	NHLRC3	c1
1.07659295378751e-07	-0.506132205433674	0.18	0.23	0.00362747229849162	RECQL	c1
1.08662493243107e-07	-1.00832257992175	0.037	0.069	0.00366127404733325	TMEM62	c1
1.11064538930033e-07	-0.66002132935282	0.089	0.13	0.00374220857470852	TRAF2	c1
1.1187910312687e-07	-0.700420405598239	0.14	0.184	0.00376965450075676	HOXB2	c1
1.12331586049368e-07	-0.535590919996489	0.187	0.236	0.00378490046034741	ZNF644	c1
1.16056234186962e-07	-1.28723156798637	0.021	0.048	0.0039103987546955	UEVLD	c1
1.1660957671114e-07	-0.704605670584811	0.094	0.135	0.00392904307770516	CPT1A	c1
1.16650404646182e-07	-1.14169349548544	0.024	0.052	0.00393041873414846	UBE2F	c1
1.17829767412462e-07	0.539777755459848	0.101	0.069	0.00397015618319549	APH1B	c1
1.18004041008022e-07	-0.457843983863575	0.224	0.273	0.00397602815772431	MRPL4	c1
1.18048825740414e-07	-0.529252867256987	0.228	0.274	0.00397753713449751	RALGAPA1	c1
1.1811499697607e-07	-0.675857006205056	0.074	0.115	0.00397976670811172	ZNF585A	c1
1.18341871783904e-07	-0.604931728021576	0.105	0.149	0.00398741102788688	CCDC47	c1
1.18938648911085e-07	-0.934947251482765	0.042	0.075	0.00400751883641009	RP4-728D4.2	c1
1.21415106760514e-07	-0.472644036691643	0.211	0.26	0.00409096060718877	FIP1L1	c1
1.21418950064501e-07	-1.41974234697624	0.018	0.044	0.0040910901034733	UBE2T	c1
1.21607627990158e-07	-0.652175057617063	0.085	0.127	0.00409744741750039	DCTPP1	c1
1.22887631343613e-07	-0.738191920758922	0.078	0.118	0.00414057585049168	MKNK2	c1
1.23125658599615e-07	-1.23954161692157	0.023	0.05	0.00414859594085543	UBE2W	c1
1.24307748925914e-07	-0.756305890317712	0.104	0.146	0.00418842529230976	DDHD1	c1
1.249805925343e-07	-0.685673910706353	0.073	0.112	0.0042110960848507	ZNF821	c1
1.26969559827979e-07	-0.573460203511891	0.125	0.171	0.00427811234884392	CRELD2	c1
1.276596351419e-07	0.230268313835125	0.337	0.275	0.00430136374647117	RELB	c1
1.27679982625046e-07	-0.780211750672517	0.08	0.12	0.00430204933456829	NEU1	c1
1.28306438252333e-07	-0.422098875647427	0.29	0.335	0.0043231571304741	REST	c1
1.28675179281311e-07	-0.401967377606209	0.273	0.321	0.00433558149070448	PSMD13	c1
1.31417869959005e-07	-0.522337140368133	0.151	0.199	0.0044279937103987	STIM1	c1
1.32336903217994e-07	-1.13975050372612	0.022	0.048	0.00445895961702709	SEC22A	c1
1.32416026260103e-07	-0.341192682708696	0.411	0.441	0.0044616255888079	SERPINB1	c1
1.3272767290325e-07	0.806003511971325	0.039	0.021	0.0044721262108021	MAN1C1	c1
1.32740436626214e-07	-0.259174926733352	0.567	0.578	0.00447255627168365	NDUFV2	c1
1.32740970998081e-07	-1.48399770628986	0.014	0.038	0.00447257427680933	BZRAP1	c1
1.32834433546081e-07	1.99191336897767	0.01	0.003	0.00447572340390164	ARHGEF11	c1
1.3364740127157e-07	-1.00606484570833	0.03	0.059	0.00450311553844428	PPP4R1	c1
1.36648230261674e-07	-0.4208519405418	0.255	0.303	0.00460422547043684	TIMM17B	c1
1.38658268569821e-07	-0.673414432864962	0.095	0.137	0.00467195170119153	ACOT8	c1
1.39461632852086e-07	0.793981258993016	0.038	0.02	0.00469902025731819	SLC35G1	c1
1.42327677970727e-07	0.414925327236812	0.099	0.066	0.00479558878154568	HIP1R	c1
1.42393730406893e-07	-6.14292003137705	0	0.015	0.00479781435232986	LGR6	c1
1.42393730560955e-07	-5.85723694451359	0	0.015	0.0047978143575208	NCR1	c1
1.44387137123945e-07	-0.831583029258664	0.048	0.082	0.00486498019825419	REEP4	c1
1.45422230192238e-07	-0.413712926730031	0.255	0.304	0.00489985662409727	URM1	c1
1.45984899859156e-07	-0.49042330381392	0.168	0.217	0.00491881521585439	MIF4GD	c1
1.46821534605964e-07	-2.91082991245007	0.002	0.019	0.00494700478701336	RDH10	c1
1.47126473093707e-07	-4.42070987970263	0.001	0.016	0.00495727938441936	PDGFD	c1
1.48878933765766e-07	1.39937673441268	0.016	0.006	0.00501632679430373	FST	c1
1.48966397275054e-07	-0.721832397909896	0.064	0.101	0.00501927378978567	GFPT1	c1
1.4925110011394e-07	-0.254011180759362	0.553	0.564	0.00502886656723908	XRCC6	c1
1.49658302169613e-07	-0.642850550244322	0.092	0.133	0.00504258683330294	C1orf122	c1
1.50764495032961e-07	-1.14222376084446	0.028	0.057	0.00507985889564059	DHX58	c1
1.51684012357995e-07	-4.48387445188651	0.001	0.016	0.00511084111239029	SLAMF8	c1
1.52440396207547e-07	-0.471231957917344	0.178	0.227	0.00513632670981709	CSRP1	c1
1.54957631234103e-07	-1.31271692463259	0.012	0.034	0.00522114242680186	SLC15A4	c1
1.56710476906198e-07	-1.98843513080281	0.005	0.023	0.00528020280887745	ZSCAN9	c1
1.5863743650897e-07	1.15747765897489	0.025	0.011	0.00534512978573323	NOS3	c1
1.59030787373644e-07	-5.87541972379391	0	0.015	0.00535838334976756	LINC00158	c1
1.63473319455537e-07	-0.452010774152203	0.178	0.227	0.00550807002573487	MRPL16	c1
1.63558734181351e-07	-0.341581322449654	0.365	0.408	0.00551094798950643	VPS29	c1
1.64021730045179e-07	-0.443562369885767	0.232	0.279	0.00552654817214225	SNRNP40	c1
1.64599254315852e-07	-0.652022750739818	0.107	0.15	0.0055460072749183	RINL	c1
1.65989966635347e-07	-0.390274923960941	0.291	0.336	0.0055928659358114	CCT6A	c1
1.66493424992053e-07	-0.719868865111276	0.064	0.102	0.00560982946168223	UBL4A	c1
1.67102093888524e-07	-0.531529260694693	0.126	0.172	0.00563033795147994	CTR9	c1
1.6768324992232e-07	-0.67536899324062	0.089	0.13	0.00564991942288265	ATG4D	c1
1.68784672376763e-07	-0.720453385021801	0.073	0.112	0.00568703075106264	CXorf40B	c1
1.6957414528995e-07	-0.386203177168176	0.302	0.347	0.00571363125139958	MRFAP1L1	c1
1.72242565365303e-07	-2.00764316221008	0.005	0.023	0.00580354099741852	RYR1	c1
1.74348284196409e-07	-1.65596582553218	0.016	0.04	0.00587449108771381	MYO6	c1
1.7502405536332e-07	-0.684975239284323	0.09	0.131	0.00589726052141171	TRIM26	c1
1.75166003025605e-07	-1.09849166452183	0.03	0.059	0.00590204330594474	XXYLT1	c1
1.76600527891749e-07	-0.503724887077311	0.131	0.178	0.00595037818678459	FARSA	c1
1.76675606263425e-07	0.701138835595847	0.066	0.041	0.00595290787743983	BDH1	c1
1.81591592900615e-07	-0.742266552147554	0.058	0.094	0.00611854713119331	SCO2	c1
1.85392119677837e-07	-0.614876987294083	0.125	0.169	0.00624660208042504	ASXL2	c1
1.85714070646318e-07	0.410224173050017	0.124	0.088	0.00625744989635703	SH3TC1	c1
1.90556546794836e-07	-1.5591359288496	0.01	0.032	0.0064206122877052	FURIN	c1
1.93233946837362e-07	0.42640396157979	0.097	0.064	0.00651082460473806	RP11-284N8.3	c1
1.94365121156146e-07	-0.210043558687156	0.666	0.667	0.0065489383922352	MORF4L1	c1
1.94987389377011e-07	-0.780143493798402	0.058	0.094	0.006569905097669	DPP3	c1
1.98365746623576e-07	-5.65742455887545	0	0.014	0.00668373546673476	PIF1	c1
1.98748823142883e-07	0.206861440457938	0.345	0.281	0.00669664284697628	OXLD1	c1
2.00382772862551e-07	-1.45750864071805	0.011	0.033	0.00675169714883081	GTF2H4	c1
2.01058938491928e-07	-0.572117304043017	0.139	0.184	0.00677447987354702	TBL1XR1	c1
2.01607621628357e-07	-0.846936206345813	0.065	0.102	0.00679296720314586	TGFBR3	c1
2.04068593515077e-07	-0.812867971756995	0.043	0.075	0.00687588718989699	VPS33A	c1
2.04099403197476e-07	-0.427577667455673	0.211	0.261	0.00687692529133576	NR1H2	c1
2.04166585561419e-07	-0.519865311521853	0.221	0.266	0.00687918893390645	NT5C3A	c1
2.04196841635821e-07	-0.293801238809561	0.577	0.595	0.00688020838207734	LITAF	c1
2.04371429080751e-07	-0.535303460054238	0.153	0.198	0.00688609093144684	SLC38A2	c1
2.04947992764984e-07	-0.575546294191714	0.121	0.165	0.00690551766822338	RABIF	c1
2.05809280423868e-07	-6.14343337814944	0	0.014	0.00693453789460181	TMEM171	c1
2.07915061718051e-07	-0.996880105033881	0.035	0.065	0.00700549008952801	BBS7	c1
2.09478026728133e-07	-0.49642439869504	0.199	0.247	0.0070581526325777	COX20	c1
2.12163456693559e-07	-1.14580092412982	0.023	0.05	0.00714863550983278	SLC16A1	c1
2.13385031935687e-07	-0.880988687295281	0.039	0.071	0.00718979526604104	PITPNM1	c1
2.15210720038672e-07	-0.94368232157571	0.036	0.066	0.00725131000098301	DNASE1	c1
2.16302432557383e-07	-0.945412980052637	0.032	0.061	0.00728809416258846	AARSD1	c1
2.18907982809777e-07	-0.669724354678086	0.09	0.13	0.00737588557279262	ATG101	c1
2.19458999846479e-07	-0.48731019296444	0.197	0.242	0.00739445154082727	DERL2	c1
2.1972672874959e-07	-0.455334165689781	0.287	0.331	0.00740347239848868	GLRX	c1
2.20364429767581e-07	0.450791545462787	0.088	0.058	0.00742495909658886	PP7080	c1
2.21464438682692e-07	-2.04550785970923	0.006	0.025	0.00746202279697462	RP11-395B7.4	c1
2.23690711078795e-07	-1.65229902085466	0.009	0.03	0.00753703481908892	WEE1	c1
2.25192774448332e-07	0.454984260047765	0.096	0.065	0.0075876453422621	RECK	c1
2.28633811656724e-07	-0.608468351293461	0.079	0.12	0.00770358764996166	GALK1	c1
2.2899471640059e-07	-0.703423700342242	0.068	0.106	0.00771574797440149	EGLN1	c1
2.29858776359284e-07	-5.84638860283768	0	0.014	0.00774486161064971	FAM49A	c1
2.31865856655323e-07	-0.613323771822155	0.079	0.119	0.00781248817414445	ORAI2	c1
2.32939787381869e-07	-0.505540369578242	0.162	0.209	0.00784867319604468	COPS8	c1
2.35636667364765e-07	-0.787212685513041	0.057	0.092	0.0079395418701884	ALG1	c1
2.36005179909023e-07	-1.08673921469025	0.025	0.053	0.00795195853185463	NRROS	c1
2.36471912956074e-07	-0.640721120448461	0.122	0.165	0.00796768463514197	POU2F2	c1
2.37602852086419e-07	-0.36798118927448	0.308	0.352	0.00800579049819981	NDUFB6	c1
2.39299211171914e-07	-4.53140979611805	0.001	0.016	0.00806294762122647	SYNGR1	c1
2.44704999087008e-07	-0.340432873318754	0.377	0.414	0.00824509023923764	PSMF1	c1
2.50140762805748e-07	-0.759089974406393	0.044	0.077	0.00842824286197688	ARFIP1	c1
2.50533077594105e-07	-0.678406608693925	0.062	0.099	0.00844146151645576	ORAI3	c1
2.52253652298154e-07	-2.93769047774703	0.003	0.019	0.008499434560534	VANGL1	c1
2.53726346145782e-07	-0.738554751015417	0.06	0.096	0.00854905550703597	OGG1	c1
2.56126080081356e-07	-0.892858290984499	0.038	0.069	0.00862991214226122	GALNT1	c1
2.5649007136661e-07	-1.08718538827023	0.02	0.045	0.00864217646462655	SLFN12	c1
2.56719785738437e-07	-5.80290501810723	0	0.014	0.00864991646067088	KLRC4	c1
2.57726836271812e-07	0.181106148680023	0.35	0.284	0.00868384802134245	ELMO1	c1
2.59724661156754e-07	-0.645895992690768	0.073	0.111	0.00875116273301567	C8orf76	c1
2.60062875619589e-07	0.19454922598663	0.412	0.344	0.00876255853112643	ODF2L	c1
2.69150050831459e-07	-0.334552997703746	0.392	0.43	0.00906874181271519	C19orf70	c1
2.71038804688972e-07	-0.489887787011378	0.167	0.215	0.00913238148519023	LARP7	c1
2.71095500692163e-07	-0.82476467789512	0.056	0.09	0.00913429180032174	PTRH1	c1
2.72286249067632e-07	-0.406834094058332	0.292	0.335	0.00917441287608479	SLIRP	c1
2.73720994178982e-07	1.77533350589417	0.011	0.004	0.00922275517786661	KLHL34	c1
2.74008837599571e-07	-0.513329802136926	0.166	0.212	0.00923245377407995	ZDHHC12	c1
2.76960983979871e-07	-1.18054265948953	0.025	0.052	0.00933192339421779	MRGBP	c1
2.8178069278595e-07	-1.5796469128359	0.015	0.038	0.00949431866272979	INPPL1	c1
2.81786884500597e-07	0.104671282123497	0.861	0.781	0.00949452728636311	RAN	c1
2.880166500361e-07	-0.372050584733739	0.281	0.328	0.00970443300631636	TXNDC12	c1
2.93298180741539e-07	-2.27122350145448	0.004	0.022	0.0098823889019054	STX1A	c1
2.97246991037775e-07	-0.413582404369624	0.283	0.326	0.0100154401160268	NENF	c1
2.99462768476468e-07	-0.72760764221361	0.059	0.095	0.0100900985210461	SCAMP1	c1
3.03855631173974e-07	-0.745153957041876	0.055	0.09	0.0102381116367759	PAM16	c1
3.06233278564491e-07	-0.38710117276292	0.269	0.315	0.010318224087952	SEC13	c1
3.06579847584061e-07	-0.780870261167272	0.056	0.09	0.0103299013844973	PSMG1	c1
3.08837723342369e-07	-0.301228560460795	0.43	0.458	0.0104059782502978	NDUFB1	c1
3.10542316516013e-07	-0.362903915527379	0.292	0.336	0.0104634128126906	PHB	c1
3.17718876510395e-07	-0.671959147402664	0.077	0.115	0.0107052198251413	DDX49	c1
3.19457450299211e-07	-0.536845216790308	0.16	0.205	0.0107637993303816	RBM22	c1
3.2017839363035e-07	-0.657444266446827	0.096	0.136	0.010788090794981	RP11-345J4.5	c1
3.20179042760382e-07	-0.436979374665983	0.218	0.264	0.0107881126667683	FDPS	c1
3.22047016615419e-07	-0.857633261260337	0.054	0.088	0.0108510521778399	TMEM39A	c1
3.22108648156904e-07	-0.342430031392969	0.372	0.412	0.0108531287909987	C17orf62	c1
3.22651539025565e-07	-0.806313129055471	0.049	0.082	0.0108714209559274	RNF121	c1
3.24103738011743e-07	0.464218925989394	0.089	0.059	0.0109203513485677	CXorf57	c1
3.25938453987354e-07	-0.488115314911576	0.113	0.159	0.0109821702686499	DPM2	c1
3.26147063690551e-07	-0.313820985719587	0.453	0.48	0.0109891991639894	SRSF10	c1
3.28424344564799e-07	1.54759502554544	0.014	0.005	0.0110659298657663	RP11-350G8.5	c1
3.3076577682357e-07	0.207178454697618	0.415	0.345	0.0111448220842934	NECAP2	c1
3.31708758329392e-07	-0.457388243600021	0.157	0.205	0.0111765949031505	MRPL13	c1
3.34001345212039e-07	-0.407452094117741	0.247	0.292	0.0112538413255744	EMC6	c1
3.35788917668782e-07	-0.408352238847761	0.301	0.344	0.0113140717919319	H2AFY	c1
3.42778157663554e-07	-0.217347784148209	0.713	0.713	0.0115495672443158	TAPBP	c1
3.49194072377889e-07	-0.605685722574587	0.125	0.168	0.0117657450747006	TMEM120A	c1
3.52303669185817e-07	-0.544325956914869	0.271	0.312	0.0118705198295469	TRAF1	c1
3.54964947378129e-07	-0.393344538085349	0.251	0.296	0.0119601889369587	PSMB7	c1
3.56364761617237e-07	-0.538606534646616	0.149	0.194	0.0120073542779312	CD320	c1
3.56670532499777e-07	-1.53920810784335	0.015	0.037	0.0120176569220475	IRAK2	c1
3.61555589669255e-07	-0.68739999920574	0.083	0.122	0.0121822540383159	NTAN1	c1
3.6234698332386e-07	-1.07666959427648	0.023	0.049	0.0122089192561141	SGCB	c1
3.62694382465824e-07	-0.848848307978563	0.04	0.071	0.0122206245228035	NFKBIE	c1
3.62773297920133e-07	-0.516107342372679	0.168	0.213	0.012223283500121	HCFC1R1	c1
3.64098391303336e-07	-0.481044867596881	0.228	0.273	0.0122679311965746	SRPK2	c1
3.66922552237789e-07	-0.542221296895107	0.104	0.146	0.0123630884751001	ELP5	c1
3.67903007306689e-07	-0.486330149818336	0.153	0.198	0.0123961239281916	NAA20	c1
3.73781691799029e-07	1.24510965620314	0.015	0.006	0.0125942003234765	ARHGAP5-AS1	c1
3.76450920202497e-07	-0.400822307910125	0.246	0.295	0.0126841373053029	ARIH2	c1
3.77316176841954e-07	-0.365857101195267	0.301	0.346	0.0127132912625128	TMEM9B	c1
3.77630426240246e-07	-1.43120665622511	0.01	0.03	0.0127238795817388	THAP8	c1
3.79396686078431e-07	0.402642226753168	0.106	0.073	0.0127833919407267	BBS2	c1
3.80055684316961e-07	-0.680868009183102	0.083	0.121	0.0128055962273757	FAM219B	c1
3.80899268474304e-07	1.29860242449359	0.017	0.007	0.0128340199519732	GALNT12	c1
3.82354887150917e-07	-0.478282061166812	0.145	0.191	0.012883065567663	PBDC1	c1
3.83453682265341e-07	-3.43810505999039	0.001	0.016	0.0129200883702484	RP11-98D18.3	c1
3.86119106005483e-07	-0.293077855023054	0.43	0.463	0.0130098971577487	TMED2	c1
3.86861285189634e-07	-0.486619353496676	0.174	0.221	0.0130349041431795	AP2B1	c1
3.89472714118054e-07	-0.631667948338345	0.094	0.134	0.0131228936294937	ZDHHC3	c1
3.93419128225439e-07	0.253813697837508	0.312	0.253	0.0132558641064279	FAM200B	c1
3.96603826354105e-07	-0.352641573037632	0.296	0.342	0.0133631693251752	NUDT21	c1
3.9852335199805e-07	-0.796990716947213	0.064	0.1	0.0134278458222223	NCOR2	c1
3.98822612413919e-07	-0.912049744082239	0.051	0.083	0.0134379291026746	HAGHL	c1
4.01216545227832e-07	0.772064208806227	0.039	0.021	0.0135185902749066	RNF157	c1
4.03304232303928e-07	-0.438482516797023	0.322	0.357	0.0135889328032485	CCSER2	c1
4.04726737945803e-07	1.02134419530711	0.021	0.009	0.0136368627083459	ADAMTSL5	c1
4.06595916762512e-07	-1.4695107871418	0.016	0.039	0.0136998428193961	DLG3	c1
4.0766450194475e-07	0.243845345809443	0.171	0.125	0.0137358477285264	SORBS3	c1
4.09019869620979e-07	-0.407749237363508	0.272	0.319	0.0137815154870093	KDM5A	c1
4.09520872801059e-07	1.15842101565751	0.023	0.01	0.0137983962881589	BCL9	c1
4.12024025756036e-07	-0.560790425411989	0.097	0.137	0.0138827375238239	TRIM11	c1
4.14458151403514e-07	-5.72846703278409	0	0.014	0.01396475295339	CLEC7A	c1
4.21706581851658e-07	-0.582873275609105	0.122	0.164	0.0142089815689098	NIP7	c1
4.24328929101126e-07	-0.174797152774757	0.756	0.753	0.0142973389371333	PTGES3	c1
4.25138324382018e-07	-1.00943376907152	0.026	0.052	0.0143246107017277	SMAD7	c1
4.28478630905289e-07	-0.493325705458515	0.167	0.212	0.0144371589897228	ZRSR2	c1
4.30380640904946e-07	-0.675200896378683	0.077	0.114	0.0145012453146512	KMT5B	c1
4.32370871256854e-07	-0.236226950915505	0.64	0.641	0.0145683041361284	NDUFA3	c1
4.4184317741509e-07	-1.28084477107767	0.019	0.043	0.014887464019824	GM2A	c1
4.478918372019e-07	-1.00972809792072	0.037	0.066	0.0150912675626808	C11orf21	c1
4.47964936324647e-07	0.579009447974994	0.065	0.04	0.0150937305645227	TTC12	c1
4.49035246301422e-07	-0.964887101630185	0.037	0.067	0.0151297935888801	ENG	c1
4.51659760682709e-07	-1.0880002119239	0.024	0.05	0.0152182239764432	SLC35A1	c1
4.55233674024298e-07	1.07397689974995	0.022	0.01	0.0153386434125747	KDF1	c1
4.5638570419519e-07	-0.258470938738363	0.649	0.668	0.0153774599171527	KIAA1551	c1
4.62283987005408e-07	-0.236064249861135	0.558	0.565	0.0155761966581602	C14orf166	c1
4.63274365694551e-07	-0.510644058920832	0.156	0.201	0.0156095664777122	TXNDC9	c1
4.6604970245592e-07	-0.261346858651101	0.541	0.556	0.0157030786745498	PAIP2	c1
4.70063943591589e-07	-0.840029525292936	0.046	0.078	0.015838334515375	DAPK3	c1
4.72453211809921e-07	-0.744850331304543	0.045	0.077	0.0159188385187235	TSFM	c1
4.81877146532945e-07	-1.19251426090757	0.02	0.044	0.016236368575281	INTS7	c1
4.83264830950152e-07	-0.430952300306373	0.227	0.274	0.0162831252140344	PNKD	c1
4.88050900029206e-07	-0.869374354688561	0.045	0.077	0.0164443870255841	MAP3K14	c1
4.88839991237813e-07	0.526502874409814	0.101	0.07	0.0164709746647669	ZBED5-AS1	c1
4.90399192913904e-07	0.621143655288993	0.052	0.03	0.0165235104060411	NBPF1	c1
4.9077155515718e-07	0.268231559118554	0.229	0.179	0.016536056779466	ELK3	c1
4.91003697328697e-07	-0.61754559739439	0.104	0.145	0.0165438785777931	DPH3	c1
4.95065806464366e-07	-0.535515536672898	0.103	0.145	0.0166807472830104	CDK9	c1
4.95131644090182e-07	-0.375687657763222	0.269	0.316	0.0166829656159746	SDHA	c1
4.97953916835641e-07	-0.679993536139269	0.079	0.117	0.0167780592738601	BABAM1	c1
4.98661070754102e-07	-0.38241232561689	0.275	0.323	0.0168018861179887	HSPA9	c1
5.07466170257571e-07	-0.451814798230064	0.154	0.201	0.0170985651406586	PDE6D	c1
5.12495154742248e-07	-0.449654172401092	0.209	0.255	0.0172680117438853	BDP1	c1
5.16131041798237e-07	0.389548832471575	0.126	0.089	0.0173905193223498	CPQ	c1
5.17930700960789e-07	-0.665362588455233	0.073	0.11	0.0174511570381728	NSF	c1
5.18075963218438e-07	-0.798102553101401	0.057	0.09	0.0174560515046821	ATP6V1A	c1
5.21663755812032e-07	-0.598518236479648	0.111	0.152	0.0175769385883306	SIRT2	c1
5.24373840718636e-07	0.360940416735445	0.031	0.015	0.0176682521891737	LGMN	c1
5.33571333927097e-07	-1.02229452924905	0.047	0.079	0.0179781525253396	TRAV19	c1
5.43421678147647e-07	1.4602438652953	0.012	0.004	0.0183100500235068	AC002306.1	c1
5.56557750478793e-07	-0.940812910676303	0.034	0.063	0.0187526568446325	MARCH2	c1
5.58485846058974e-07	-0.212819342408131	0.705	0.687	0.0188176220971111	SLC25A3	c1
5.70177338299017e-07	-0.731682274553543	0.055	0.089	0.0192115552366471	NBPF26	c1
5.73155558191462e-07	-0.838097336656226	0.055	0.088	0.0193119033777031	DGCR8	c1
5.77108940122114e-07	-0.389538871479822	0.247	0.296	0.0194451086284745	MAGED2	c1
5.80350716088186e-07	-0.768118573417936	0.041	0.072	0.0195543370278753	CHN1	c1
5.93116705019631e-07	0.482729331105498	0.112	0.079	0.0199844742589314	WDR89	c1
5.99150961638598e-07	-5.53535911293301	0	0.013	0.0201877925014509	CD80	c1
6.12905535852872e-07	-0.421491063150837	0.255	0.297	0.0206512391250267	PDLIM2	c1
6.20231495701237e-07	1.21678697680318	0.021	0.009	0.0208980800161575	ASB13	c1
6.23222702928694e-07	-0.617720802327928	0.086	0.125	0.0209988657524794	MPHOSPH6	c1
6.28894070004687e-07	-3.12168465814175	0.002	0.017	0.0211899567947379	RP11-81H14.2	c1
6.28961745713294e-07	-0.837203594673794	0.045	0.077	0.0211922370600637	KIF3B	c1
6.29670090608031e-07	-1.38995106129024	0.009	0.028	0.021216104032947	MRPL12	c1
6.31160181078401e-07	-0.362342057269817	0.383	0.416	0.0212663111412556	HNRNPH3	c1
6.36246645286086e-07	-2.56639621041266	0.003	0.019	0.0214376944662694	IER5L	c1
6.39545821902875e-07	-1.12560237109173	0.019	0.043	0.0215488569231955	TRIB3	c1
6.46949298293147e-07	-0.48363592362412	0.133	0.178	0.0217983096566893	NADSYN1	c1
6.54785871305172e-07	-0.580686072349059	0.128	0.17	0.0220623551477565	CAT	c1
6.56621974014763e-07	-0.540742138941197	0.112	0.153	0.0221242207924534	SNRNP35	c1
6.59400458384532e-07	-1.57688050912492	0.008	0.026	0.0222178390448084	WDHD1	c1
6.66036937646485e-07	-3.34868426692253	0.001	0.015	0.0224414485770607	BUB1	c1
6.72902105971792e-07	-1.00086740444379	0.032	0.06	0.0226727635586135	C1orf216	c1
6.7299870040034e-07	-0.305884024804591	0.488	0.503	0.0226760182112891	DOCK8	c1
6.7759729526449e-07	-3.87992838419492	0.001	0.015	0.0228309632666417	IGHV1-3	c1
6.82291218572568e-07	-0.369894597669794	0.288	0.331	0.0229891203185841	ADH5	c1
6.85014527999556e-07	-0.285748201831423	0.481	0.497	0.023080879506417	RAB7A	c1
6.93721715805729e-07	-0.176389464943203	0.741	0.733	0.0233742594923582	JAK1	c1
6.98656485372242e-07	-0.6154385563284	0.089	0.127	0.0235405316181323	GLRX5	c1
7.04239152958096e-07	-0.58735322617925	0.15	0.192	0.0237286340197701	ABHD17A	c1
7.17867195878851e-07	-0.664746410283737	0.09	0.127	0.024187817297942	UCKL1	c1
7.2206366711855e-07	0.787250053562953	0.036	0.019	0.0243292131998924	THAP7-AS1	c1
7.30235137960946e-07	-0.749270550725353	0.069	0.104	0.0246045427384561	JOSD1	c1
7.3410119175689e-07	0.167546105012176	0.317	0.256	0.0247348055550567	ILF3-AS1	c1
7.35453901941929e-07	-0.431273520695654	0.348	0.383	0.0247803837720314	OGT	c1
7.37587180899029e-07	-2.35443395647061	0.004	0.02	0.0248522624732119	TOP2A	c1
7.4173060079839e-07	-1.34047285822879	0.016	0.038	0.024991870863301	FAM102B	c1
7.46627505851275e-07	-2.525372050903	0.004	0.02	0.0251568671821529	TSHR	c1
7.48788769320583e-07	-0.455444241214885	0.187	0.232	0.0252296887934877	SMARCB1	c1
7.58418547042547e-07	-0.844375479640845	0.037	0.066	0.0255541545240516	FAM89B	c1
7.61273615485663e-07	-0.438146497058096	0.19	0.235	0.0256503532001739	CUEDC2	c1
7.64323848096006e-07	1.82989401882934	0.01	0.003	0.0257531277377468	FAM153C	c1
7.64940219584793e-07	-1.87861287585425	0.008	0.027	0.02577389575869	CPEB2	c1
7.6597626771381e-07	-2.19068723787455	0.004	0.02	0.0258088043643491	PLEKHN1	c1
7.733102684118e-07	1.77184557111945	0.01	0.003	0.0260559161838672	EPPK1	c1
7.77383953984527e-07	-0.698684653978914	0.042	0.073	0.0261931749455547	RBM7	c1
7.78391140790344e-07	-0.507253605535139	0.168	0.212	0.0262271110977899	LGALS8	c1
7.8243164155704e-07	-0.551485622975411	0.079	0.118	0.0263632517306229	NIT1	c1
7.96990228817427e-07	-0.405071076124283	0.337	0.378	0.0268537887697744	DDX3X	c1
8.00573370278709e-07	-0.733920290093248	0.063	0.097	0.0269745191381708	STX6	c1
8.05811210637121e-07	-0.765031381670466	0.052	0.084	0.0271510029312071	KIAA0232	c1
8.08454128424172e-07	-2.02753569763086	0.008	0.026	0.027240053403124	MAPK11	c1
8.15570006910623e-07	-0.319968638722186	0.399	0.432	0.0274798158128465	ZC3H15	c1
8.23422663573961e-07	0.742104750129834	0.056	0.034	0.027744403226461	KLF7	c1
8.25077186744176e-07	0.488673657078237	0.08	0.053	0.0278001507301583	RP11-712B9.2	c1
8.28372888578219e-07	-0.7710038634708	0.058	0.091	0.0279111961077545	STX7	c1
8.34655827015577e-07	-0.548099954407835	0.135	0.178	0.0281228934354628	USO1	c1
8.35450495618086e-07	-1.59260555355212	0.01	0.029	0.0281496689993558	DENND3	c1
8.36798780176398e-07	-0.739702948394598	0.078	0.115	0.0281950980992636	CASK	c1
8.49703931935729e-07	-0.887171319356113	0.044	0.074	0.0286299242826424	WHSC1	c1
8.50621630749957e-07	-0.439045856994427	0.194	0.24	0.028660845226489	STX10	c1
8.54488194219186e-07	-0.353384957246032	0.297	0.344	0.0287911252160212	SMAP1	c1
8.69477522158388e-07	-0.483678998100397	0.174	0.218	0.0292961756316047	RASSF7	c1
8.70369932516903e-07	-0.240685351569203	0.559	0.573	0.0293262445062245	WAS	c1
8.75279548758501e-07	-0.81854269079151	0.042	0.072	0.0294916691158689	KCMF1	c1
8.75543924311733e-07	-2.40442817138301	0.003	0.019	0.0295005769857595	PLOD1	c1
8.84902859684581e-07	0.627747247259912	0.043	0.024	0.0298159169542123	GKAP1	c1
8.92868639404069e-07	-0.323791941970859	0.439	0.467	0.0300843159360807	PNRC2	c1
8.93022023639998e-07	-0.372278729957231	0.281	0.324	0.0300894840645261	YY1	c1
8.9942263320734e-07	1.14630933277822	0.017	0.007	0.0303051462032881	LINC01136	c1
9.10828062010645e-07	-1.1292348130047	0.027	0.053	0.0306894407213867	SNX18	c1
9.14309198471919e-07	-0.88599865384776	0.031	0.059	0.0308067341333128	NRM	c1
9.32523596703605e-07	-6.12729352954171	0	0.013	0.0314204500673313	COCH	c1
9.34972140952339e-07	-0.601685120868722	0.093	0.132	0.0315029513172481	PSMD10	c1
9.50112344577556e-07	-0.574793387348678	0.115	0.156	0.0320130853381962	NFU1	c1
9.7222980718993e-07	0.112528516140254	0.808	0.741	0.0327583111234575	STK4	c1
9.79922949341675e-07	-0.446274083154543	0.175	0.221	0.0330175238551184	FKBP3	c1
9.80481974862557e-07	-0.699279268522313	0.066	0.1	0.033036359661019	HENMT1	c1
9.82657104164607e-07	1.51724720497782	0.011	0.003	0.0331096484677223	FLJ13224	c1
9.86614580699256e-07	-1.13438616011586	0.024	0.049	0.0332429916820807	AMIGO2	c1
1.00126417840975e-06	-0.222927876517018	0.682	0.669	0.033736595227338	SRSF2	c1
1.00398926125893e-06	-0.451216913576221	0.205	0.25	0.0338284141688585	TMBIM1	c1
1.00534159436054e-06	-0.571509103967204	0.124	0.165	0.0338739796803841	ST6GALNAC6	c1
1.02453872367816e-06	-0.437501452611907	0.158	0.204	0.0345208077556118	MTHFS	c1
1.03211882141338e-06	-1.20224423866062	0.018	0.041	0.0347762115687026	RHBDD3	c1
1.03400058233826e-06	1.26475105824592	0.015	0.006	0.0348396156213053	RP11-61O1.2	c1
1.05504509605619e-06	-0.495899854496637	0.155	0.199	0.0355486894665173	PDCL3	c1
1.06144541602733e-06	-0.754361740769097	0.04	0.07	0.035764341847625	MSRB1	c1
1.07012022097802e-06	-2.28378427640034	0.005	0.021	0.0360566307256335	CHSY1	c1
1.07526845582782e-06	-0.854930767880717	0.031	0.058	0.0362300953506625	RAB4B	c1
1.08115595677752e-06	-0.644277062684641	0.092	0.13	0.0364284688076617	RCC1	c1
1.09050283355017e-06	-0.694433249117341	0.074	0.11	0.0367434024736394	USP42	c1
1.0907183031162e-06	-0.414657441418838	0.136	0.181	0.0367506625051972	MED8	c1
1.10706769876374e-06	0.223936584915854	0.332	0.274	0.0373015390421453	PDE4DIP	c1
1.113968848807e-06	-0.799296629857319	0.053	0.085	0.0375340663917032	GMPPA	c1
1.12132844184243e-06	-6.78697110634644	0	0.013	0.0377820405194388	FGFBP2	c1
1.13543215190023e-06	-0.364017517239105	0.226	0.273	0.0382572509261265	IDH3G	c1
1.13661727891605e-06	-0.387961506041912	0.275	0.316	0.0382971825957972	C19orf24	c1
1.14438762368529e-06	0.369360131793576	0.12	0.086	0.0385589965924522	CTC-523E23.11	c1
1.14574081311682e-06	-0.651778034790873	0.056	0.089	0.038604590957158	ASB3	c1
1.16682602565878e-06	-0.58455135503652	0.096	0.134	0.0393150361085468	FUOM	c1
1.17628541854994e-06	0.860445721156596	0.025	0.012	0.0396337608926217	GPAT3	c1
1.17685280244562e-06	-0.580895161533689	0.111	0.151	0.0396528783256026	ZCCHC6	c1
1.19741131663523e-06	-0.484859262038007	0.145	0.188	0.0403455769027074	MRPL47	c1
1.20748007001908e-06	-0.575916957994602	0.141	0.182	0.040684833479223	MYO9B	c1
1.22580622737355e-06	-0.300499243496125	0.393	0.432	0.0413023150251243	PAPOLA	c1
1.23248151142335e-06	0.293055292839425	0.189	0.145	0.0415272320458984	WWP1	c1
1.23689227333618e-06	-0.450284351975695	0.193	0.236	0.0416758482577893	AAMP	c1
1.23895125048813e-06	-2.04431593226209	0.008	0.025	0.041745223433947	IL4I1	c1
1.24224656026795e-06	0.184537918023777	0.392	0.335	0.0418562556016684	NFKBIZ	c1
1.25424327101488e-06	-2.15089649183881	0.005	0.021	0.0422604727735753	GINS2	c1
1.25971207681194e-06	-0.896056255756707	0.032	0.06	0.0424447387161014	MRPL30	c1
1.27719472127758e-06	-1.73101951230634	0.007	0.025	0.0430337989387269	TMEM53	c1
1.28711375862029e-06	-1.05159873785848	0.028	0.053	0.043368010982952	NFE2L3	c1
1.28881625473291e-06	-0.772478468359239	0.049	0.08	0.0434253748869707	IL18R1	c1
1.2896964941685e-06	0.781582383059408	0.028	0.014	0.0434550336745133	MAGEE1	c1
1.30143168262878e-06	-0.561906214338113	0.111	0.152	0.0438504391144942	ARMCX6	c1
1.30553328651299e-06	-2.69055903587558	0.003	0.018	0.0439886385557685	CENPE	c1
1.31460573560551e-06	-0.534877830856221	0.112	0.153	0.0442943256554919	LRRC59	c1
1.32475565995178e-06	-0.601539750971851	0.09	0.128	0.0446363172064153	CISD1	c1
1.33194011101876e-06	0.248045208673081	0.295	0.242	0.044878390100666	LETMD1	c1
1.33954957145117e-06	-0.537102895583984	0.117	0.157	0.0451347832604758	SSSCA1	c1
1.34268773032126e-06	0.456791972887382	0.084	0.056	0.0452405203854447	SLC2A11	c1
1.34300748044471e-06	-0.46189682357495	0.209	0.254	0.0452512940461041	CEP350	c1
1.34576691427681e-06	-0.38630402502936	0.265	0.309	0.0453442704096428	RNF114	c1
1.35138161003436e-06	0.625503651129694	0.057	0.035	0.0455334519684977	RP5-821D11.7	c1
1.35369105198506e-06	-0.534891394373343	0.138	0.181	0.0456112663055847	PITPNB	c1
1.35726910898737e-06	0.887569480451144	0.03	0.015	0.0457318253582206	ACSS2	c1
1.36062096394035e-06	-3.74159173598452	0.001	0.015	0.0458447627590063	CYP4F22	c1
1.36104123720427e-06	0.223383092039625	0.258	0.204	0.0458589234463608	TNFRSF10A	c1
1.36185782407544e-06	0.208657283264419	0.255	0.203	0.0458864375243978	MALT1	c1
1.36330914067808e-06	-0.389515423506415	0.272	0.314	0.0459353381860073	LYSMD2	c1
1.36673829784982e-06	-0.29644921158872	0.371	0.411	0.046050880207752	LRP10	c1
1.36919629682268e-06	-0.35146257463464	0.341	0.382	0.0461337000251433	GATA3	c1
1.37702332412466e-06	-0.546829711133958	0.094	0.133	0.0463974238830563	CYTH2	c1
1.380838510142e-06	-3.55435451965228	0.001	0.015	0.0465259727607245	CLSPN	c1
1.38559721676566e-06	-0.306061447087703	0.355	0.397	0.046686312621702	PDAP1	c1
1.39906993925711e-06	-5.62878839040702	0	0.012	0.0471402625333291	GAS7	c1
1.41704928874313e-06	-0.594744374378356	0.098	0.137	0.0477460587349111	ARHGEF2	c1
1.41761374273612e-06	-1.15937660043654	0.016	0.037	0.047765077447751	ARPC4-TTLL3	c1
1.42268922116347e-06	0.926576543503946	0.024	0.011	0.0479360906178821	IFT140	c1
1.43601374049461e-06	-0.482261442319338	0.148	0.191	0.0483850469722255	CCPG1	c1
1.44131420602155e-06	-0.37714987350483	0.261	0.306	0.0485636408576902	NRDC	c1
1.44297189732512e-06	-0.915498655175107	0.033	0.06	0.0486194951084725	SLC25A44	c1
1.44533504624138e-06	-0.341956675894801	0.264	0.311	0.0486991190480572	MESDC2	c1
1.45071732473639e-06	-1.01475998171118	0.029	0.055	0.048880469539668	TBCE	c1
1.45791771550448e-06	-0.76409910093535	0.065	0.099	0.0491230795062078	CENPK	c1
1.4744635183786e-06	-1.39115192806314	0.01	0.029	0.0496805737882485	PLAGL1	c1
1.47474581220387e-06	-0.485427172499004	0.149	0.192	0.0496900853963971	UBE2K	c1
1.49426764821366e-06	-0.842586466432228	0.039	0.068	0.0503478541389112	DVL2	c1
1.50619042637556e-06	-6.42505266913438	0	0.012	0.050749580226298	G0S2	c1
1.51346735367974e-06	-0.984122500007913	0.04	0.069	0.0509947690148851	NFKBID	c1
1.51444394750035e-06	-0.612308475344136	0.079	0.115	0.0510276743670769	AGPAT1	c1
1.53309699441357e-06	-0.470544054468537	0.112	0.153	0.0516561701297709	COPG1	c1
1.53477628665197e-06	-0.916182975454761	0.028	0.054	0.0517127522024514	TMEM102	c1
1.53895151038713e-06	-0.632320024747332	0.07	0.105	0.0518534321909838	AAR2	c1
1.53908279466356e-06	-0.539559004166702	0.15	0.192	0.051857855683394	CDV3	c1
1.54915424174464e-06	-1.15679095839487	0.017	0.039	0.052197203021344	SSH3	c1
1.5557088344815e-06	-0.554239782937695	0.117	0.157	0.0524180534690195	SUDS3	c1
1.55695946170643e-06	0.11531810104288	0.278	0.222	0.0524601921027364	ITGB2-AS1	c1
1.57256258549768e-06	-0.633351104793007	0.073	0.109	0.052985923755759	WIPF2	c1
1.60451970864776e-06	-4.28771394866151	0.001	0.013	0.0540626870631778	PAQR6	c1
1.60771008008495e-06	-0.797604687976777	0.04	0.069	0.0541701834383822	C17orf75	c1
1.61547549086549e-06	-0.69354328524698	0.087	0.123	0.0544318311892218	ARNTL	c1
1.62320441810974e-06	0.558276121169072	0.043	0.024	0.0546922496637897	TMEM238	c1
1.62348549066729e-06	-0.479876987865697	0.208	0.252	0.0547017201225437	NASP	c1
1.6385143643645e-06	-1.02734904195017	0.026	0.051	0.0552081029928974	CCDC102A	c1
1.64029201126401e-06	0.568864433520237	0.074	0.049	0.0552679990275294	PRKAG2-AS1	c1
1.6566419290939e-06	-1.40210792817812	0.013	0.033	0.05581889315889	C5orf42	c1
1.6640126316536e-06	-0.499654628966906	0.161	0.204	0.0560672416109363	PDIA4	c1
1.67490848486304e-06	-0.655248547840678	0.058	0.09	0.0564343664889754	PGM2	c1
1.67499024823145e-06	-3.48771659403132	0.002	0.015	0.0564371214239103	FUT7	c1
1.67789063720087e-06	-3.24367127525264	0.001	0.014	0.0565348471298462	CASC5	c1
1.6881333213498e-06	-0.67462457833784	0.074	0.109	0.0568799641295602	TTC7A	c1
1.71664464328227e-06	-0.432504701625211	0.195	0.239	0.0578406246107527	BAZ1B	c1
1.74497243437443e-06	-0.616494216942264	0.069	0.103	0.0587951012038121	CASP7	c1
1.74498877235528e-06	-0.22366014251927	0.592	0.596	0.0587956516957389	SSU72	c1
1.7479610409573e-06	-0.527684828154577	0.146	0.188	0.0588957993140154	CDC5L	c1
1.75517557058089e-06	0.140532494461988	0.541	0.464	0.0591388856751524	PSIP1	c1
1.76018283020139e-06	-0.306587145920631	0.356	0.395	0.0593076002808056	RPS19BP1	c1
1.76784012109213e-06	-0.665232978234275	0.225	0.265	0.0595656050400784	CREM	c1
1.78253427460936e-06	-0.585192004669133	0.057	0.09	0.0600607098486879	BCKDK	c1
1.7966167337666e-06	-1.69059550624815	0.008	0.026	0.060535204227532	PLCXD2	c1
1.79756810058273e-06	-0.466811320913586	0.155	0.197	0.0605672595810344	FAM103A1	c1
1.80524415728553e-06	-4.07832162258441	0.001	0.013	0.0608258966355788	CTD-2555O16.2	c1
1.80705238208092e-06	-0.599167162025358	0.079	0.115	0.0608868229618344	USF1	c1
1.82151155154486e-06	-3.31063004431311	0.001	0.013	0.0613740102177527	SERP2	c1
1.82470444903752e-06	-0.359186861615932	0.284	0.329	0.0614815917058703	VPS36	c1
1.8326084027813e-06	1.16252621050122	0.02	0.009	0.061747907523313	NEURL1	c1
1.84457864559916e-06	-0.949944253574962	0.03	0.056	0.0621512328848179	DDX19B	c1
1.86236200663108e-06	-0.550813463533688	0.117	0.157	0.0627504254514276	PDHA1	c1
1.87128802399386e-06	-0.32116404682537	0.391	0.421	0.0630511786804491	LSM6	c1
1.88037657906164e-06	-0.445601150479607	0.145	0.189	0.063357408454903	TMEM141	c1
1.8852934522988e-06	-3.75101795422209	0.001	0.013	0.0635230775817557	ATP9A	c1
1.89541802387063e-06	-0.425269597169187	0.253	0.296	0.063864214896297	SMARCA5	c1
1.89781328506662e-06	-0.544702221341177	0.099	0.137	0.0639449208270348	PPP5C	c1
1.90225028095874e-06	-0.699787569856918	0.059	0.092	0.0640944209666236	LRCH1	c1
1.90399594624408e-06	-0.627187239754406	0.082	0.118	0.0641532394127479	RNF40	c1
1.90770485163146e-06	-0.326189971142683	0.366	0.401	0.0642782072708705	SS18L2	c1
1.91553732685531e-06	-0.332325635451174	0.379	0.412	0.0645421146910629	SPSB3	c1
1.92465627239745e-06	-0.36758206948195	0.27	0.313	0.0648493684421596	SARS	c1
1.92619113323532e-06	1.0034799960512	0.02	0.009	0.0649010840432308	RASL11A	c1
1.9309962763726e-06	-0.622426169385603	0.108	0.146	0.0650629885360983	PATL2	c1
1.93174598222828e-06	-1.57799361842843	0.01	0.028	0.0650882491251995	LINC01260	c1
1.93475096107771e-06	-0.524176121405004	0.136	0.177	0.0651894988825522	CERS2	c1
1.95436285382777e-06	-0.425447182748573	0.267	0.307	0.065850301996873	YPEL3	c1
1.95755484832756e-06	-1.35353242707296	0.015	0.035	0.0659578530595488	DVL3	c1
1.96447737900645e-06	-0.404616628875351	0.275	0.315	0.0661911008082434	KCNAB2	c1
1.96655981813966e-06	0.284548051397707	0.173	0.132	0.0662612665123977	ITPKB	c1
1.96705219404288e-06	-0.367193826636226	0.278	0.321	0.0662778566260808	PAFAH1B1	c1
2.00735424767706e-06	-0.826095966566322	0.083	0.118	0.067635794021231	TNFSF13B	c1
2.02778944382074e-06	0.615213342808285	0.042	0.024	0.0683243375200961	RP11-162G10.5	c1
2.03692283212937e-06	-0.734033324690335	0.061	0.093	0.0686320779057669	UBALD1	c1
2.038485042092e-06	-0.894441893826624	0.031	0.057	0.0686847150082478	CPSF4	c1
2.04070060914952e-06	-0.562359651313766	0.097	0.135	0.0687593663246841	NME6	c1
2.06002465721857e-06	-0.411305316975243	0.187	0.231	0.0694104708003223	B4GALT3	c1
2.0632729290914e-06	-0.849874019505139	0.038	0.066	0.0695199180728057	STK40	c1
2.06579516192155e-06	-0.893913497682081	0.041	0.069	0.0696049021857847	CRADD	c1
2.07093775850762e-06	0.595267195200514	0.059	0.037	0.0697781768351556	RP11-421L21.3	c1
2.11375541776544e-06	-0.436303837880779	0.2	0.242	0.0712208750461889	AK2	c1
2.11848927302297e-06	-0.491002307786694	0.139	0.181	0.071380377565236	SURF2	c1
2.12471006238464e-06	-1.01496420744431	0.029	0.054	0.0715899808419882	ARL8A	c1
2.127667430827e-06	-0.438437694246908	0.147	0.191	0.0716896264142851	PPP2R3C	c1
2.14300594090938e-06	-0.183987990595745	0.775	0.751	0.0722064421730008	CAPZB	c1
2.14783186501483e-06	1.03471747884908	0.028	0.014	0.0723690468598098	CKAP4	c1
2.17832509569393e-06	-5.50057432888062	0	0.012	0.0733964857743113	STYK1	c1
2.18363979068237e-06	-0.431169136344176	0.179	0.222	0.0735755591072517	CHCHD1	c1
2.20810269466237e-06	-1.19752758801327	0.016	0.037	0.074399812193954	P2RX5	c1
2.21166898322804e-06	-0.244177447047894	0.507	0.526	0.0745199747208854	RNPS1	c1
2.21290653826922e-06	-3.75228249736707	0.001	0.014	0.074561672900443	CDT1	c1
2.30286313486668e-06	0.706967384724821	0.036	0.02	0.077592670466198	DHX32	c1
2.30396626528021e-06	0.295137094935538	0.162	0.123	0.0776298393423513	BNIP3	c1
2.30981163612972e-06	-0.501804749075733	0.179	0.221	0.0778267932677547	TACC1	c1
2.31036688837398e-06	-0.535807828388945	0.107	0.146	0.077845501936873	XRCC1	c1
2.32603818138786e-06	-0.356664742554673	0.216	0.26	0.0783735304836826	DDRGK1	c1
2.33388098330635e-06	-0.265499314593084	0.656	0.636	0.0786377858515242	CALM3	c1
2.346515506992e-06	-0.532531476347524	0.182	0.224	0.0790634934925884	IVNS1ABP	c1
2.37358250481389e-06	-0.564853089238307	0.085	0.122	0.0799754889171992	DESI2	c1
2.37914613354141e-06	-1.48753571398828	0.009	0.027	0.0801629498235444	STARD4	c1
2.37946882430999e-06	-2.29352469327971	0.003	0.017	0.0801738225663007	EVC2	c1
2.39893863541694e-06	-0.396107859951591	0.254	0.299	0.0808298383817385	PDCD6IP	c1
2.40206060039845e-06	-1.88964868159992	0.005	0.021	0.0809350298698255	KANK3	c1
2.41126801402236e-06	-0.788620290004526	0.037	0.064	0.0812452644644695	LPAR5	c1
2.44254626996358e-06	-1.4681210197142	0.011	0.03	0.0822991540201528	AFAP1L2	c1
2.45529987462621e-06	-0.389939915963622	0.257	0.298	0.0827288739756556	PRMT1	c1
2.47930261271796e-06	-0.353397527164518	0.3	0.34	0.083537622232919	TMEM256	c1
2.48503762407283e-06	0.511525330044531	0.084	0.057	0.0837308577055099	LIMS2	c1
2.50713752511627e-06	-0.518513683831265	0.128	0.17	0.0844754917712676	NINJ2	c1
2.51829488420508e-06	-1.04031248455079	0.019	0.041	0.084851427828406	ZFYVE1	c1
2.52487733486018e-06	-5.71939626473611	0	0.012	0.0850732169207788	ADAM28	c1
2.52487733531644e-06	-5.48798679698442	0	0.012	0.0850732169361521	NEBL	c1
2.52857903625392e-06	-0.581699204794948	0.127	0.167	0.0851979420475396	UHRF2	c1
2.56024325179889e-06	-0.564425006396305	0.111	0.149	0.0862648361261118	TIMM23	c1
2.56286724295378e-06	-0.497741125546153	0.152	0.193	0.0863532488840848	TVP23B	c1
2.56479147564176e-06	-2.17626197127168	0.004	0.02	0.0864180839802734	TNS4	c1
2.58175438395399e-06	-0.513690002687701	0.133	0.174	0.0869896322129456	BAD	c1
2.59039613439912e-06	-0.245317598679296	0.508	0.52	0.0872808073524438	SNRPD3	c1
2.601490601168e-06	-0.341546613372529	0.333	0.368	0.0876546243157545	MPC2	c1
2.6082747053325e-06	-0.569294338850818	0.141	0.18	0.0878832079214733	AKTIP	c1
2.61128053033093e-06	-2.26414018628229	0.005	0.02	0.0879844861889705	ZNF296	c1
2.62427390687664e-06	-0.802160230175006	0.045	0.074	0.0884222850183015	METTL2B	c1
2.66045424271612e-06	-0.558098325158632	0.089	0.126	0.089641345254077	LRRC41	c1
2.67538046390506e-06	-0.526209889141085	0.12	0.16	0.0901442693508172	YAF2	c1
2.68481929655986e-06	-0.659064637513108	0.069	0.103	0.0904623013782879	C2orf74	c1
2.69032308061376e-06	-0.757743234360863	0.043	0.072	0.0906477458782	CPSF3	c1
2.70347104557888e-06	1.43979280448044	0.01	0.003	0.0910907534097347	EPS8	c1
2.7125172297846e-06	-0.536862237472068	0.101	0.139	0.0913955555403621	ECD	c1
2.71290662584633e-06	-0.239997559389937	0.471	0.498	0.0914086758512661	SRI	c1
2.72781840125332e-06	-0.393257690407011	0.221	0.263	0.0919111132118294	SMIM19	c1
2.73435569055363e-06	-1.71904357106054	0.007	0.024	0.0921313806375141	TIAM2	c1
2.74823632536932e-06	1.85469483900875	0.01	0.003	0.092599074746994	TG	c1
2.76523642723111e-06	-0.788990546285384	0.071	0.104	0.0931718761791249	HERC6	c1
2.7688740285282e-06	0.284265165117475	0.175	0.135	0.0932944415172291	AFF1	c1
2.82887567937366e-06	-0.423025006587818	0.201	0.245	0.0953161371408162	UBE2J1	c1
2.85224628162014e-06	0.848238302854334	0.037	0.02	0.0961035862129091	ZNF395	c1
2.85421531127261e-06	0.283670867907042	0.275	0.227	0.0961699306980195	SOCS3	c1
2.86061454383723e-06	0.15055521319654	0.447	0.379	0.0963855464400518	OSBPL8	c1
2.86527523820523e-06	-0.50858595811452	0.08	0.116	0.096542583876087	GSKIP	c1
2.92498922077377e-06	0.262456993391832	0.284	0.236	0.0985545868047513	BIRC2	c1
2.9442728579954e-06	-0.472824898179642	0.165	0.206	0.0992043296772971	SRPK1	c1
2.94566886388042e-06	-0.748985778875066	0.058	0.09	0.0992513666995868	CKAP5	c1
2.94567056086257e-06	-3.75245851080359	0.001	0.014	0.0992514238777034	CTTNBP2NL	c1
2.94769517887816e-06	-0.387937941618144	0.199	0.244	0.0993196413571207	NCKAP1L	c1
2.95784428310881e-06	-0.444769945058057	0.165	0.208	0.0996616052750684	TSEN15	c1
2.97593748258512e-06	-0.466901404259392	0.186	0.228	0.100271237538223	SLC25A38	c1
2.99656175074269e-06	-0.837203633723105	0.047	0.077	0.100966151629524	BOP1	c1
3.00478666984604e-06	0.229199187223757	0.229	0.184	0.101243282053792	PELI1	c1
3.01331998305899e-06	0.127592087449536	0.67	0.588	0.10153080350919	STAT3	c1
3.02321559399846e-06	0.542821502093537	0.061	0.039	0.101864226224184	TSEN2	c1
3.03632003999481e-06	-0.651020781609373	0.066	0.099	0.102305767427585	MICB	c1
3.04270457456071e-06	-0.270687607283257	0.512	0.535	0.102520887935249	PRMT2	c1
3.09283305176639e-06	-0.842105674206377	0.041	0.069	0.104209916846217	SQLE	c1
3.09385359736358e-06	-1.28963441380002	0.011	0.03	0.104244303109568	RMI2	c1
3.13016989973965e-06	-4.20870499151491	0.001	0.013	0.105467944601828	VIPR2	c1
3.14757294323679e-06	1.11575932505545	0.019	0.008	0.106054322749421	RNF212	c1
3.15245544380232e-06	-0.767912143778998	0.054	0.084	0.106218833723475	MVD	c1
3.16068654551793e-06	-0.484216595245671	0.146	0.187	0.106496172464681	SVBP	c1
3.16190177784838e-06	-0.718438870746557	0.038	0.065	0.106537118502823	MIR3142HG	c1
3.1765657308202e-06	0.459250981364165	0.097	0.068	0.107031205734256	TTC33	c1
3.2095726541258e-06	-0.267343896887495	0.597	0.6	0.108143341008115	EML4	c1
3.21320095521066e-06	-0.13847391573162	0.849	0.82	0.108265592984868	NDUFA4	c1
3.22818546045398e-06	1.14981163967847	0.045	0.027	0.108770480904536	TRAV8-1	c1
3.24955344244658e-06	0.622857163202553	0.04	0.023	0.109490453689795	RP5-1180E21.5	c1
3.2500453273527e-06	-0.525852354449726	0.132	0.171	0.109507027259822	RABEP1	c1
3.25625851780213e-06	-0.17564102589453	0.737	0.732	0.109716374498825	ATP5D	c1
3.28363959384161e-06	0.207713924322752	0.228	0.181	0.110638952474899	KLF12	c1
3.30017878517004e-06	-0.782808459774226	0.039	0.067	0.111196223987519	SNX11	c1
3.31190799057653e-06	0.319699614409642	0.102	0.071	0.111591427834486	BTD	c1
3.33066514532384e-06	-0.740821713566845	0.071	0.103	0.112223431406542	LLNLR-245B6.1	c1
3.37077237344442e-06	-0.970197028704284	0.032	0.057	0.113574804350836	TET2	c1
3.38918519875285e-06	-3.917428189974	0.001	0.013	0.114195206086779	HDAC9	c1
3.39212665797638e-06	-0.331058671288726	0.377	0.404	0.114294315613856	MLF2	c1
3.39245735499795e-06	-5.22301500420018	0	0.012	0.114305458119301	C17orf96	c1
3.39611034684783e-06	-0.346845403153686	0.34	0.375	0.114428542026691	SLTM	c1
3.39838583974047e-06	-2.59964366687088	0.003	0.017	0.114505212484215	MIR22HG	c1
3.41615487851179e-06	-0.826677194441853	0.091	0.126	0.115103922476576	THADA	c1
3.41981964744844e-06	0.164266198537987	0.419	0.351	0.115227403201128	PHF1	c1
3.42722077645938e-06	-0.830717246317507	0.037	0.064	0.115476776842022	MGME1	c1
3.47001848969522e-06	-1.99669543609437	0.004	0.018	0.116918802991791	TGFBR3L	c1
3.47984540757787e-06	-0.694947475222425	0.042	0.07	0.117249911162929	ALDH3A2	c1
3.49303691146567e-06	-0.465652094886278	0.204	0.245	0.117694385694924	NARF	c1
3.4959873714621e-06	-0.351362441671261	0.268	0.311	0.117793798494044	ATG12	c1
3.51476303917562e-06	-0.755965899596572	0.052	0.082	0.118426425841983	ARNT	c1
3.53708726177554e-06	-0.401416750586815	0.246	0.288	0.119178618198265	PTBP3	c1
3.54483608653378e-06	0.15048176051999	0.436	0.368	0.119439707099669	ATP6V0E2	c1
3.5701243518574e-06	-0.276775484489297	0.473	0.5	0.120291769911483	OPTN	c1
3.62485945144935e-06	0.223732545821625	0.22	0.175	0.122136014357134	MPRIP	c1
3.62857044839424e-06	1.07327447619202	0.021	0.009	0.122261052688196	GPR146	c1
3.63862815180747e-06	0.376717466003239	0.11	0.079	0.122599936947001	INADL	c1
3.63980491727649e-06	-0.605388705193113	0.058	0.089	0.122639586882714	AAED1	c1
3.6420849379908e-06	-0.68096801457619	0.047	0.076	0.122716409900662	CDK7	c1
3.72261847048114e-06	0.457999793643998	0.095	0.067	0.125429906744391	RP11-138A9.2	c1
3.73064207087581e-06	0.220506165534419	0.282	0.232	0.125700253936089	AP000769.1	c1
3.74436410404862e-06	-0.412963552252649	0.158	0.2	0.126162604121814	PSMD1	c1
3.74891284143058e-06	-0.761053888854961	0.051	0.08	0.126315869279162	CSNK1E	c1
3.76920944827386e-06	-0.573408036090726	0.085	0.121	0.12699974315014	CSNK1G3	c1
3.78345153608935e-06	-1.40865056780241	0.006	0.023	0.127479616056995	PRC1	c1
3.79478684013377e-06	-0.354802847552484	0.257	0.301	0.127861547791467	ELAVL1	c1
3.81020613717582e-06	-2.73033169007125	0.004	0.018	0.128381085586002	CADM1	c1
3.85261622619933e-06	-1.01948975673412	0.023	0.045	0.12981005112556	C15orf39	c1
3.85448937565924e-06	-0.454005695756641	0.215	0.256	0.129873165023462	FAS	c1
3.86308386294544e-06	-0.580337220602102	0.114	0.151	0.130162747678084	MBNL2	c1
3.94836980810754e-06	-0.409260270102994	0.232	0.275	0.133036372314376	SNX5	c1
3.94976246117297e-06	-3.90820213695233	0.001	0.013	0.133083296366762	CEP55	c1
3.95346538771458e-06	-0.538955298571731	0.146	0.184	0.133208062773655	EFR3A	c1
3.99100471339678e-06	-0.857609962854665	0.037	0.064	0.134472912813191	CDKN2C	c1
4.0025722119748e-06	-0.609249457374138	0.069	0.102	0.134862668110279	P4HA1	c1
4.02876354341833e-06	-0.531550696825698	0.102	0.139	0.135745158831937	UNC45A	c1
4.10725255050941e-06	-2.20100599456199	0.004	0.019	0.138389767436864	CENPU	c1
4.11961627589963e-06	-0.226037935961047	0.542	0.563	0.138806350800162	SRSF11	c1
4.1651013318889e-06	-0.391608407087883	0.195	0.239	0.140338924276664	ITPA	c1
4.18762954252827e-06	-0.627958857661786	0.082	0.117	0.141097989805947	POLG	c1
4.232595219024e-06	-0.748694338127309	0.059	0.09	0.142613063309795	ABHD2	c1
4.23879531989377e-06	-0.606745207723425	0.112	0.149	0.142821969508501	KLF13	c1
4.26098947163407e-06	-0.751613910501122	0.07	0.102	0.143569779257239	CLASP1	c1
4.26642195417072e-06	-0.657775157802002	0.061	0.093	0.143752821323828	ARV1	c1
4.3084652053286e-06	0.424071239931902	0.125	0.092	0.145169426628342	HOOK2	c1
4.3604873615068e-06	0.257571576104163	0.173	0.133	0.14692226115861	MAP3K1	c1
4.39339970000682e-06	-5.25129568941317	0	0.011	0.14803120949203	C15orf53	c1
4.41411293838505e-06	-0.33262412357787	0.274	0.316	0.148729121345946	ADIPOR1	c1
4.42363194244076e-06	1.14369233391671	0.013	0.005	0.149049854668599	AC006994.2	c1
4.43634916482071e-06	-0.772449278549557	0.045	0.074	0.149478348759469	DGKH	c1
4.4402968574896e-06	-0.280736775230186	0.414	0.443	0.149611362316255	MRPL33	c1
4.44667026377173e-06	-0.579412553459054	0.043	0.072	0.149826107867525	MKNK1	c1
4.45259734698847e-06	0.783440209748742	0.032	0.017	0.150025815009429	ADAMTS10	c1
4.45372115595714e-06	-0.521312077517502	0.13	0.169	0.15006368062882	DDB2	c1
4.45879193919111e-06	-0.510104298066663	0.12	0.159	0.150234535599105	TMEM223	c1
4.50310242886563e-06	0.209892204753235	0.244	0.195	0.151727533238198	ZFAND1	c1
4.51298948408606e-06	1.08536978722192	0.018	0.008	0.152060667676796	NACA2	c1
4.51751015572137e-06	-0.70095418900738	0.076	0.109	0.152212987186876	VPS37B	c1
4.52121099178092e-06	-0.37160191956794	0.266	0.306	0.152337683157066	DNAJB14	c1
4.55874625999192e-06	-5.45916332899402	0	0.011	0.153602396484168	SLC35G2	c1
4.57233708208432e-06	0.706246911004493	0.041	0.024	0.154060325643749	GTF2IRD2	c1
4.57744753778536e-06	-0.374021855123261	0.295	0.333	0.15423251733814	SNRPN	c1
4.57782621608885e-06	0.934494299072664	0.026	0.013	0.154245276524898	RP11-191L17.1	c1
4.58246440356484e-06	-0.63881032202504	0.08	0.115	0.154401555613714	TMEM242	c1
4.61607792310267e-06	-0.309920837518063	0.34	0.382	0.155534129541021	MRFAP1	c1
4.61851518441141e-06	-0.51405385163599	0.097	0.134	0.155616250623558	KPNA3	c1
4.74053538992072e-06	-0.541702966664183	0.121	0.16	0.159727599427989	SPG11	c1
4.78252425934911e-06	-1.01174575901837	0.028	0.052	0.161142372394509	F5	c1
4.79465348543456e-06	0.342721358824134	0.121	0.088	0.161551054538232	SNX29	c1
4.80379818441304e-06	-4.1482997584341	0.001	0.013	0.161859176025613	TYMS	c1
4.80706056687127e-06	-0.997558728078859	0.024	0.047	0.16196909874016	PSAT1	c1
4.88786745659776e-06	0.927496939975193	0.023	0.011	0.164691806082605	PI16	c1
4.89204810517498e-06	-0.690988018457831	0.052	0.081	0.164832668855766	CIDEB	c1
4.90575248031994e-06	-0.395103316313414	0.238	0.28	0.1652944240719	UBE3A	c1
4.91685534221995e-06	0.560383168661309	0.066	0.043	0.165668523900759	ZNF563	c1
4.99118125597572e-06	1.3261574925317	0.011	0.004	0.168172861238846	TMEM220	c1
5.00017160494431e-06	-0.600536500725218	0.114	0.151	0.168475782056994	MCM3	c1
5.04935890996012e-06	-0.523557353189198	0.097	0.133	0.170133099112196	PLAA	c1
5.07345768975655e-06	-0.639956303752425	0.063	0.095	0.170945083398657	CERS4	c1
5.08038331260967e-06	-1.45626044421187	0.009	0.026	0.17117843533507	RP11-553K8.5	c1
5.0981856461663e-06	-0.407649206397134	0.171	0.213	0.171778267161927	HK1	c1
5.11038918450659e-06	-0.10613821338193	0.964	0.945	0.172189453182765	ATP5G2	c1
5.13879027151021e-06	-0.508273564293542	0.118	0.156	0.173146399408265	MRPL37	c1
5.15230554357751e-06	-0.400369206731656	0.169	0.212	0.173601782985301	TGS1	c1
5.19636776317507e-06	-0.542348282380696	0.07	0.103	0.175086415412421	CALU	c1
5.21890081420144e-06	-0.584792973408984	0.085	0.12	0.175845644033703	CANT1	c1
5.26511881351095e-06	-0.563176232126922	0.115	0.152	0.177402913302438	ZNF688	c1
5.27974319237233e-06	-1.92281206934115	0.006	0.021	0.177895667123793	SLC9A7	c1
5.28688519599789e-06	0.962837356553385	0.021	0.01	0.178136309793953	GNG7	c1
5.29382920142234e-06	1.24228183012917	0.021	0.01	0.178370281112724	GSTM3	c1
5.32452100222825e-06	-0.334316212730465	0.345	0.377	0.179404410649079	NUCB1	c1
5.32810429496652e-06	-0.258206239998379	0.551	0.561	0.179525146114602	SF3B1	c1
5.34477064215614e-06	-0.565629357977832	0.099	0.135	0.180086702016809	NPRL2	c1
5.43354226415691e-06	-0.924266294437786	0.023	0.046	0.183077773048503	SRD5A1	c1
5.45933848922318e-06	-1.47435833865507	0.006	0.021	0.183946951055886	ECE2	c1
5.4646552432461e-06	0.275282682710677	0.164	0.125	0.184126093765934	REPS1	c1
5.47234730096681e-06	-0.590638113433317	0.088	0.123	0.184385269958776	POP7	c1
5.48485739833315e-06	-0.549201269761592	0.134	0.171	0.184806785179437	CLN3	c1
5.49111526109181e-06	-0.89952587951569	0.035	0.06	0.185017637607227	UBE2M	c1
5.51304984493865e-06	-0.284307768893485	0.556	0.566	0.185756701475363	CDKN1B	c1
5.5832624060327e-06	1.02825458246501	0.015	0.006	0.188122443508866	C12orf40	c1
5.65375090032307e-06	-4.28440122327587	0.001	0.012	0.190497482835486	LINC01229	c1
5.66273415938478e-06	-1.27607217335275	0.014	0.033	0.190800164766311	ATP1A3	c1
5.67750897451949e-06	-0.546377043905964	0.092	0.128	0.19129798738746	R3HCC1	c1
5.69029604752001e-06	-5.36575732181385	0	0.011	0.191728835025139	L1CAM	c1
5.7352673126959e-06	-0.553268749241518	0.092	0.127	0.193244096833976	AKAP8L	c1
5.76109713919126e-06	-0.64175206378552	0.08	0.114	0.19411440700791	KATNA1	c1
5.76426485780776e-06	-0.590450395473569	0.097	0.132	0.194221140118975	VEZT	c1
5.77668470924178e-06	0.225011384708223	0.24	0.192	0.194639614593193	ST6GAL1	c1
5.8058468288287e-06	-0.786013974498391	0.041	0.068	0.195622203050554	ELMOD2	c1
5.8417909925345e-06	-0.33574572420628	0.363	0.396	0.196833305702457	DDX46	c1
5.89122123003176e-06	-1.75822177322089	0.006	0.022	0.19849880812469	UBXN10-AS1	c1
5.92614192106115e-06	0.252596633378416	0.209	0.166	0.199675425888234	SMIM20	c1
5.95844837493667e-06	-0.575685961256392	0.077	0.111	0.200763959545116	CNP	c1
6.00503052790003e-06	-0.531831168095225	0.091	0.127	0.202333498607064	VAMP7	c1
6.00981407003547e-06	-0.367912676689995	0.235	0.276	0.202494675275775	SDHB	c1
6.03684366827583e-06	0.941192453725802	0.019	0.008	0.203405410558886	FLT4	c1
6.04556630345102e-06	0.888706895534687	0.032	0.017	0.203699311028478	RP5-832C2.5	c1
6.12837633821424e-06	1.10584180461121	0.013	0.005	0.206489512339791	RIMS2	c1
6.13052011437022e-06	-0.420828139855258	0.247	0.285	0.20656174473359	SLAMF6	c1
6.21776804175818e-06	-0.590209956178154	0.085	0.12	0.209501476399	PEA15	c1
6.22316487838116e-06	-0.623977161979802	0.093	0.127	0.209683317412175	C3orf38	c1
6.25537910649377e-06	-0.908512718151783	0.035	0.06	0.210768743614201	SOCS4	c1
6.26530760624658e-06	-2.9700192720217	0.019	0.04	0.211103274484872	IFI27	c1
6.28641537953813e-06	-0.698623905791708	0.084	0.118	0.211814479798158	BBC3	c1
6.31441612873569e-06	-1.06079012796617	0.017	0.038	0.21275793704162	PINX1	c1
6.34938138369765e-06	-0.747461442512536	0.044	0.072	0.213936056342309	ZBTB45	c1
6.39728101261556e-06	-0.586486908630416	0.092	0.126	0.215549986439069	COG4	c1
6.40334207073518e-06	-0.567324899664513	0.111	0.147	0.215754207731351	GBP3	c1
6.43500137332691e-06	1.55725230972097	0.01	0.003	0.216820936272877	LMO7-AS1	c1
6.49054457991811e-06	-0.390981672459546	0.201	0.243	0.218692409075761	HADHB	c1
6.49616503991703e-06	-1.33972386054429	0.013	0.031	0.218881784854964	TCF19	c1
6.50107640732709e-06	-0.472854846458074	0.191	0.229	0.219047268468479	UBLCP1	c1
6.5249103638989e-06	-4.35506798034196	0.001	0.012	0.21985032980121	HTRA1	c1
6.56444898248941e-06	-2.98920937193323	0.002	0.014	0.221182544015998	TOR4A	c1
6.67996905884989e-06	-0.655939415627301	0.057	0.087	0.225074877468888	GOT1	c1
6.68668428760491e-06	-0.605941678766441	0.089	0.123	0.22530114038656	CRY1	c1
6.68834981433304e-06	-1.24259719107815	0.017	0.037	0.225357258644137	LFNG	c1
6.71064161449623e-06	-0.74793058221678	0.045	0.073	0.226108358558836	ANKIB1	c1
6.71167396236771e-06	-0.512179039188988	0.095	0.131	0.226143142488018	LPCAT3	c1
6.71229132352417e-06	-0.487075143878384	0.12	0.159	0.226163943854823	C4orf27	c1
6.77279669593884e-06	-0.5220865151332	0.148	0.186	0.228202611872963	PLEKHB2	c1
6.77492276139366e-06	-0.998630939000462	0.018	0.038	0.228274247522398	C9orf64	c1
6.77869147858396e-06	0.854622697213313	0.028	0.015	0.228401230679408	PVRL3	c1
6.90648405660859e-06	-0.87892632321567	0.04	0.066	0.23270707380337	RANBP9	c1
6.91104236219495e-06	-0.477569622328397	0.093	0.129	0.232860661351797	TIMM50	c1
7.00163322759876e-06	-0.241108027959168	0.546	0.563	0.235913029970713	HNRNPU	c1
7.04036229599957e-06	-4.20176346716454	0.001	0.012	0.23721796720141	NTRK1	c1
7.10334288462906e-06	-5.28255745776858	0	0.011	0.239340035154692	NTRK2	c1
7.10334288527196e-06	-5.10352498751218	0	0.011	0.239340035176354	PDGFA	c1
7.10720074015186e-06	-0.566858289196092	0.097	0.133	0.239470021738677	AC104820.2	c1
7.11900834167282e-06	-0.452884519381061	0.171	0.211	0.239867867064324	RTCA	c1
7.12910512313875e-06	-0.516282344717387	0.138	0.175	0.240208068019037	MRPS11	c1
7.2141233550686e-06	-0.321796832876118	0.356	0.388	0.243072672325681	NUDC	c1
7.23447253625498e-06	-0.442713510647275	0.157	0.197	0.243758317636575	PFKP	c1
7.34133452359688e-06	0.435451545512733	0.043	0.025	0.247358925438073	DSEL	c1
7.41863503359191e-06	-1.77662464286492	0.006	0.022	0.249963488821846	RP1-244F24.1	c1
7.49804805402451e-06	-0.23143476091363	0.822	0.798	0.252639231132302	HMGN2	c1
7.58529294027125e-06	0.971210435225957	0.018	0.008	0.2555788603295	AFF3	c1
7.59329665907324e-06	-0.52224356486714	0.126	0.163	0.255848537630814	WDR45	c1
7.7361244718422e-06	-0.526092612938099	0.167	0.203	0.260660977954251	A1BG	c1
7.76856891029391e-06	-0.47127708059348	0.162	0.202	0.261754160863443	TM9SF2	c1
7.80126480270482e-06	-0.564290588959727	0.094	0.129	0.262855816262336	KDM2B	c1
7.80759105527369e-06	-0.578032623149237	0.101	0.137	0.263068973016392	DUSP22	c1
7.83310501130898e-06	-0.930720328384889	0.022	0.044	0.263928640251045	GSE1	c1
7.85436995230491e-06	-0.584755630945173	0.09	0.125	0.264645141172962	ETF1	c1
7.88325996665386e-06	-0.423660581904267	0.157	0.196	0.265618561316435	GLRX3	c1
7.89954274090019e-06	-0.608173709226017	0.069	0.1	0.266167193111891	TFIP11	c1
7.90869366311877e-06	1.42530987849715	0.01	0.004	0.266475524285124	LINC00865	c1
7.93571827763682e-06	-0.450117715790851	0.148	0.187	0.267386091646695	NMRAL1	c1
7.96807885877809e-06	-0.857726243201195	0.034	0.059	0.268476449067669	UBAC1	c1
7.96948238680372e-06	-0.471960717368216	0.161	0.2	0.268523739540965	PSMD3	c1
7.99411433704665e-06	-0.589608282123009	0.072	0.104	0.26935368847245	PHF23	c1
8.01809039177667e-06	-0.712954081339756	0.038	0.065	0.270161537660523	NAGA	c1
8.03621516161198e-06	-0.411197085702545	0.192	0.233	0.270772233655354	EPRS	c1
8.04138362553169e-06	-0.880625318543351	0.034	0.059	0.270946379878665	SLC4A2	c1
8.04846189780563e-06	-1.85488315141668	0.008	0.023	0.271184875184663	ASF1B	c1
8.05584026898314e-06	-0.517379008596777	0.208	0.246	0.271433482023118	KDSR	c1
8.14749915637485e-06	-0.171683391132525	0.651	0.642	0.274521836574894	SNU13	c1
8.25458341644908e-06	-0.612350573357123	0.071	0.103	0.278129933633835	DCAF12	c1
8.36397377073891e-06	-0.923613707710758	0.031	0.055	0.281815732231277	OSBPL7	c1
8.45075866784163e-06	-0.668604508966355	0.063	0.093	0.284739862554256	TMEM5	c1
8.49676061535257e-06	-0.550199517045021	0.107	0.142	0.286289852173689	TMX2	c1
8.53550686221402e-06	-0.899590835297958	0.077	0.109	0.287595368215439	ID3	c1
8.55158933890288e-06	-0.96216413376605	0.027	0.05	0.288137251184994	RIC8B	c1
8.61634009875759e-06	-0.311113693416461	0.335	0.372	0.290318963287538	IK	c1
8.66118030611146e-06	-0.237576999158	0.548	0.554	0.291829809234119	TCEA1	c1
8.67527589479821e-06	-0.493516023661167	0.141	0.179	0.292304745999331	POLR3K	c1
8.67622584997227e-06	-0.953228627535846	0.024	0.046	0.292336753788966	ANKMY2	c1
8.68762044330871e-06	-0.375835840259494	0.253	0.292	0.292720683216844	SZRD1	c1
8.70341834642643e-06	-0.323190863339849	0.312	0.35	0.293252977764492	LSM3	c1
8.74239094088462e-06	-0.497144770058495	0.112	0.148	0.294566120362166	SAMM50	c1
8.75078315285919e-06	-1.08977704922113	0.016	0.036	0.294848887552437	ABHD6	c1
8.75599881500362e-06	0.499942151950684	0.083	0.057	0.295024624072732	LINC00957	c1
8.7700990565038e-06	-0.547345711980377	0.111	0.147	0.295499717609839	AGFG2	c1
8.80868278838579e-06	-1.13459688656364	0.017	0.036	0.296799757871871	GRAMD4	c1
8.88468265498374e-06	-0.461224141092978	0.109	0.147	0.299360497377022	NUPL2	c1
8.89444980939048e-06	-0.59766269921578	0.055	0.084	0.299689591877603	RFC4	c1
8.97094563752682e-06	0.337330238576691	0.104	0.074	0.302267042310829	RNU12	c1
8.97891557215504e-06	-2.23959802673839	0.004	0.018	0.302535581288192	RGPD8	c1
8.99898181596746e-06	-0.590236809671994	0.054	0.083	0.303211693307208	EXOSC4	c1
9.1067068347162e-06	0.581015378316364	0.043	0.025	0.306841380088928	MEGF6	c1
9.1412171487734e-06	-0.35461825484601	0.198	0.238	0.308004170610771	RBBP7	c1
9.15093829519574e-06	-0.358035913249982	0.292	0.327	0.308331714918325	DECR1	c1
9.2023353034119e-06	-5.32351557443996	0	0.011	0.31006348571316	LYN	c1
9.20233530507851e-06	-5.9665307727606	0	0.011	0.310063485769315	CTC-490G23.2	c1
9.23630217802471e-06	-0.591977270366049	0.077	0.11	0.311207965586365	U2AF1	c1
9.28462105911719e-06	0.793266987763472	0.034	0.019	0.312836021965894	BTBD11	c1
9.3057334674321e-06	-0.484134433019302	0.134	0.173	0.313547383451657	DCUN1D5	c1
9.31959496035991e-06	-0.735026698315654	0.05	0.078	0.314014432594367	KBTBD2	c1
9.34415505713237e-06	-0.80362107234003	0.042	0.068	0.314841960495018	PANK4	c1
9.35612965267862e-06	-0.268204294563878	0.457	0.478	0.315245432517353	SNX6	c1
9.36552165867078e-06	-0.773200402367138	0.029	0.052	0.315561886767253	HACD1	c1
9.44348615083293e-06	-0.442257061123207	0.161	0.201	0.318188822366165	RB1CC1	c1
9.45845190639256e-06	-1.05823798183831	0.017	0.036	0.318693078533991	NAB2	c1
9.45939021130671e-06	-1.10647656093029	0.023	0.044	0.318724693779768	FDXR	c1
9.50719213271803e-06	1.04980147909755	0.017	0.008	0.320335331719801	GABBR1	c1
9.53088027988966e-06	-0.378721045591414	0.216	0.256	0.321133480150602	BRWD1	c1
9.56126430181245e-06	0.518503601339335	0.059	0.038	0.322157239385269	NLRP3	c1
9.61327537088109e-06	0.169932695160818	0.254	0.204	0.323909700346468	NAAA	c1
9.85790386874475e-06	-1.82772896297416	0.006	0.021	0.332152212953485	KIAA1841	c1
9.87129960703125e-06	0.985679654514474	0.019	0.009	0.332603568959311	TSPAN18	c1
9.87851305456744e-06	-2.42233718682231	0.002	0.015	0.332846618860595	BFSP2	c1
9.97280279096496e-06	-0.705589186466514	0.065	0.095	0.336023617238773	PHKB	c1
9.98032207765555e-06	-0.306164708619877	0.313	0.352	0.336276972084526	ITSN2	c1
9.99293671845342e-06	-1.15141163111178	0.016	0.036	0.336702009791569	FGGY	c1
1.00470223033399e-05	0.252347043973447	0.121	0.089	0.338524369488735	SMIM14	c1
1.01008596169947e-05	-0.46607370197679	0.099	0.135	0.340338363935019	C5orf15	c1
1.01888176781809e-05	-0.512194344171537	0.105	0.14	0.343302022848628	C1orf174	c1
1.01927702908406e-05	-0.678428425363131	0.055	0.083	0.343435202179582	SNRNP25	c1
1.03531129760468e-05	0.150454075305338	0.365	0.309	0.348837788614922	VPS51	c1
1.03675440378442e-05	-2.99917324477456	0.002	0.014	0.349324028811122	IL21-AS1	c1
1.03709629854985e-05	-0.471124901972456	0.114	0.151	0.349439226833385	AAGAB	c1
1.03782404948871e-05	0.90286662215592	0.019	0.009	0.349684435234727	SLC29A2	c1
1.04850824101567e-05	-0.691151497963521	0.063	0.093	0.353284366727821	SFXN3	c1
1.04866322732435e-05	0.284575633181408	0.112	0.081	0.353336587814666	HERC3	c1
1.06099905237508e-05	-1.3202524839234	0.021	0.042	0.357493020707261	LTC4S	c1
1.06183606895012e-05	0.276953713308889	0.124	0.091	0.357775045072053	GGT7	c1
1.06781743368674e-05	0.419412911996622	0.097	0.07	0.359790406106411	ARSG	c1
1.0692998754175e-05	-0.383875917363635	0.226	0.264	0.360289900023174	BECN1	c1
1.07098125361524e-05	-0.655314987207917	0.067	0.098	0.360856423593119	PSEN1	c1
1.07356207017942e-05	-0.263004437135359	0.41	0.446	0.361726003926253	TRAM1	c1
1.07961707185527e-05	-0.541245383589435	0.11	0.146	0.363766176190914	BRD9	c1
1.08006554002411e-05	-0.480543808532557	0.121	0.159	0.363917283055724	YY1AP1	c1
1.08358084597935e-05	-0.795161529559575	0.038	0.064	0.365101730244282	MOSPD2	c1
1.09576773954256e-05	-0.595344842280277	0.085	0.118	0.369207982161471	ABHD12	c1
1.10725184663314e-05	-5.0836381495973	0	0.01	0.37307743720457	CD101	c1
1.11231020353555e-05	-0.399674059317089	0.206	0.246	0.37478179997927	TIPRL	c1
1.12124867484773e-05	-0.425826783303947	0.16	0.2	0.377793528503193	UNC13D	c1
1.13846366658264e-05	-0.512311993128365	0.097	0.132	0.383593947818355	NAPRT	c1
1.14397990666596e-05	-1.44562749260499	0.008	0.023	0.38545258975203	CPA5	c1
1.14890023000674e-05	-0.296314546496754	0.453	0.475	0.38711044349847	GRB2	c1
1.14900001588514e-05	-5.33157912438511	0	0.01	0.387144065352339	RP11-277P12.6	c1
1.14900001588514e-05	-5.26214575539855	0	0.01	0.387144065352339	KIFC3	c1
1.15945598779579e-05	-0.808512565807192	0.046	0.073	0.390667100527913	CSNK1G1	c1
1.15990140698408e-05	-0.606610580855898	0.067	0.098	0.390817180069216	MFSD6	c1
1.16042674856001e-05	-0.407022529323185	0.221	0.26	0.390994188659809	FAM32A	c1
1.17826011346013e-05	-0.313804501171317	0.338	0.372	0.397002962629255	TRA2B	c1
1.1789843765915e-05	-0.680217125957572	0.063	0.093	0.39724699584874	DTYMK	c1
1.18198398539453e-05	-0.393533351810547	0.217	0.258	0.398257684038831	ATP2A3	c1
1.18462476302981e-05	-3.97661247424788	0.001	0.011	0.399147467655265	FLT1	c1
1.18508106394674e-05	-0.363419886755199	0.284	0.321	0.399301213686213	MED15	c1
1.19232598877902e-05	-5.34013497365401	0	0.01	0.401742318659204	LINC00519	c1
1.19709219583585e-05	-0.603197567016336	0.063	0.093	0.40334824446493	PMM2	c1
1.20245018475575e-05	0.392807734670411	0.085	0.059	0.405153565251602	URGCP	c1
1.20468297648782e-05	0.445421280761074	0.109	0.08	0.405905882097805	TAF9B	c1
1.20503277301154e-05	0.621809298608156	0.053	0.034	0.40602374253851	TMEM25	c1
1.20546616819476e-05	-0.304759354570201	0.345	0.382	0.406169770711541	ZNF207	c1
1.21376267045764e-05	-0.29037671043475	0.304	0.343	0.408965194183998	TEX264	c1
1.23026867038107e-05	-0.70933129463786	0.078	0.11	0.414526725798197	PNPT1	c1
1.23205035047337e-05	-2.90595060923049	0.016	0.034	0.415127045088499	TRBV28	c1
1.23499935618168e-05	-0.559030784380253	0.066	0.097	0.416120683071854	RPUSD1	c1
1.24192879055399e-05	-3.48880657200378	0.001	0.012	0.418455486689261	RASSF4	c1
1.24389199001485e-05	-0.632307581109998	0.096	0.129	0.419116967115605	ARHGEF7	c1
1.24645907519033e-05	0.116378956282413	0.57	0.494	0.419981920794631	DUT	c1
1.24718302378507e-05	-0.62225255381925	0.06	0.09	0.420225848034141	PPTC7	c1
1.25066651580123e-05	-0.477413673674986	0.115	0.152	0.421399575834065	ARHGAP1	c1
1.25117831171905e-05	-0.54136829791474	0.102	0.137	0.421572020350616	EBP	c1
1.25862251231015e-05	1.07772923320248	0.022	0.011	0.424080269297782	AC108004.3	c1
1.25932466724825e-05	-0.243922650567185	0.513	0.525	0.424316853382625	SRRM1	c1
1.26059004262395e-05	-0.453832696456652	0.171	0.21	0.424743208961714	SERTAD1	c1
1.26268584639571e-05	-0.925971901731558	0.032	0.056	0.425449369084571	PTPN23	c1
1.27138886064024e-05	-0.684003237669691	0.07	0.101	0.428381762704123	MCUR1	c1
1.27340957492382e-05	0.332009490339384	0.104	0.075	0.42906262217483	PAQR8	c1
1.27960434008684e-05	-0.60734186210174	0.072	0.103	0.431149886348859	KLHDC7B	c1
1.28471120545189e-05	-0.392193829750254	0.179	0.218	0.432870593564959	UBE2J2	c1
1.28781678903682e-05	-0.539930311734853	0.122	0.158	0.433916988898065	STAG1	c1
1.30002105965776e-05	0.77161944974489	0.042	0.025	0.438029095841086	LINC00891	c1
1.30212310544795e-05	-0.544455014086299	0.09	0.123	0.438737359149634	ASPSCR1	c1
1.31909449832201e-05	-0.820267948013172	0.041	0.067	0.444455700264619	UHRF1BP1L	c1
1.32529258187845e-05	-0.392196500723678	0.202	0.241	0.446544082538123	TMEM208	c1
1.32599077974538e-05	-0.273630023184765	0.422	0.448	0.446779333327408	POLR3GL	c1
1.33116685957986e-05	-0.74388962736154	0.048	0.075	0.44852336166684	TXLNA	c1
1.33809999745924e-05	-0.442764962259649	0.178	0.216	0.450859413143917	ZNF655	c1
1.33967570470164e-05	-0.140615089835271	0.937	0.909	0.45139033194217	LIMD2	c1
1.34423471863063e-05	1.24100075274788	0.013	0.005	0.452926446095403	PAK3	c1
1.34771975939257e-05	-0.451215968741623	0.127	0.164	0.454100695729733	MARS	c1
1.35925492599948e-05	1.52258519540707	0.01	0.003	0.457987354766263	AXIN2	c1
1.36254445653354e-05	-0.636595113580257	0.076	0.107	0.459095729184411	FKBP4	c1
1.37248176728407e-05	-0.570007169032384	0.112	0.147	0.462444006668695	ZNF106	c1
1.38263896368731e-05	-5.57574060421615	0	0.01	0.465866372424801	FCGR3A	c1
1.39045890234707e-05	-0.784582200544791	0.025	0.047	0.468501222556822	LRRC42	c1
1.39136693352176e-05	0.186040130960895	0.208	0.166	0.468807174580822	TARSL2	c1
1.39356526934104e-05	-0.380526347445998	0.21	0.25	0.469547881851771	ZFAND2B	c1
1.39806433401947e-05	-0.519583310195229	0.128	0.164	0.471063796704519	CALCOCO1	c1
1.40627087698713e-05	-2.54286954236514	0.002	0.014	0.473828909292042	SCD5	c1
1.41053710899438e-05	-1.24758721232226	0.014	0.032	0.475266373504566	APOBR	c1
1.41617309800684e-05	-0.478304122672143	0.158	0.194	0.477165363642424	DCAF11	c1
1.41993603532338e-05	-0.479911978472525	0.108	0.143	0.478433247741861	CRIPT	c1
1.42250436992233e-05	-0.31932352987927	0.303	0.337	0.47929862240163	THOC7	c1
1.42549797219035e-05	-1.49607388024549	0.01	0.027	0.480307286749818	CCZ1B	c1
1.43270861990091e-05	-1.50353540052584	0.007	0.022	0.482736842389414	C17orf58	c1
1.43691561104499e-05	0.344181172907947	0.122	0.091	0.4841543459855	DIP2B	c1
1.43951508923361e-05	0.643672355014536	0.034	0.019	0.485030214166374	TNK1	c1
1.45225255502114e-05	-0.356912388146043	0.264	0.303	0.489321975888824	VDAC3	c1
1.45480846724441e-05	-0.449769501025393	0.191	0.228	0.490183164953331	PKN1	c1
1.47178984835005e-05	-0.405976546202562	0.176	0.216	0.495904871503068	RELA	c1
1.48892989044049e-05	-6.00141150708138	0	0.01	0.50168003728502	CAV1	c1
1.49128651545609e-05	1.46013162145645	0.011	0.004	0.502474078517775	SLC2A14	c1
1.49317616411785e-05	-0.92470460628904	0.024	0.046	0.503110776737867	PTPN13	c1
1.50139421644229e-05	-0.561149644155201	0.076	0.107	0.505879767288065	SPTLC2	c1
1.50630264951593e-05	0.251155439267872	0.291	0.246	0.507533614727899	PPP1CB	c1
1.50850542206563e-05	-2.57491138619581	0.021	0.041	0.508275816910794	TRDV1	c1
1.50956321986026e-05	-0.378295084217749	0.22	0.259	0.508632231299717	VTI1B	c1
1.51942366214855e-05	-0.894007339451044	0.049	0.075	0.511954608724332	LAIR2	c1
1.52036481388196e-05	0.15453505994693	0.385	0.325	0.512271720389389	HPCAL1	c1
1.5310111534961e-05	-1.11965413640163	0.026	0.048	0.515858898058977	SLFN11	c1
1.53427520558053e-05	-0.355455223028076	0.24	0.28	0.516958687768305	DNAJC7	c1
1.54400282857625e-05	-0.373833853577509	0.229	0.267	0.520236313060483	MED4	c1
1.54587686564588e-05	-0.436651045435916	0.151	0.189	0.520867751110724	VPS26B	c1
1.5503780397371e-05	-2.53269514768646	0.002	0.013	0.522384376709017	AC147651.4	c1
1.55400509831766e-05	-0.403488569836756	0.219	0.257	0.523606477827151	CHCHD5	c1
1.5542692777748e-05	-0.707119349066883	0.056	0.084	0.52369549045344	RFC2	c1
1.55439531380462e-05	-0.618668704926195	0.052	0.08	0.52373795703333	KLHL7	c1
1.56609738866288e-05	-1.06633310676697	0.028	0.05	0.52768085413607	TUBB2A	c1
1.5769622232737e-05	-1.68904785989065	0.005	0.019	0.53134165150984	C5orf30	c1
1.60256401299585e-05	-3.46269717607345	0.001	0.011	0.539967918538821	MMP23B	c1
1.60341374766216e-05	-5.02294333625725	0	0.01	0.540254228137288	ITGB8	c1
1.60658136450713e-05	-1.25311496147723	0.017	0.036	0.541321524957034	FAIM	c1
1.61067489677843e-05	-0.244726408042603	0.518	0.531	0.542700799720525	SH3KBP1	c1
1.6186644643381e-05	-0.484615907979711	0.192	0.229	0.545392804614081	GBP4	c1
1.62780607680057e-05	0.980020691946149	0.024	0.012	0.548472979517182	RP11-405M12.3	c1
1.63329080951713e-05	0.100384389532009	0.364	0.306	0.550321005358701	CD28	c1
1.63773123877553e-05	-0.721738199429099	0.046	0.073	0.551817163593027	ZDHHC21	c1
1.66148571896878e-05	-1.4816206227928	0.011	0.027	0.559820998149342	TNFSF4	c1
1.67274102838491e-05	-0.74872369051175	0.056	0.083	0.563613362104012	ACBD5	c1
1.67873539881546e-05	-0.438597125036272	0.101	0.136	0.565633105276882	DNASE2	c1
1.67897833249598e-05	0.271108253574594	0.216	0.174	0.565714959351195	IFNAR1	c1
1.69919805610085e-05	-0.365446740493091	0.19	0.23	0.57252779302262	BRMS1	c1
1.69933364339037e-05	-2.75866703647151	0.001	0.012	0.572573477803952	REEP2	c1
1.70670408230221e-05	0.173376059788637	0.304	0.253	0.575056873490908	THAP7	c1
1.71779703333737e-05	-1.1008697999633	0.022	0.043	0.578794532412695	DSE	c1
1.72457911348932e-05	-1.06997962895843	0.019	0.038	0.581079686499093	SLC25A19	c1
1.72672429070073e-05	-5.61358110195956	0	0.01	0.581802482508703	SPRY2	c1
1.73315083766098e-05	-1.93008061579784	0.004	0.018	0.583967843241491	AIFM2	c1
1.73653273672988e-05	-0.417287651919262	0.221	0.258	0.585107340313764	ERLEC1	c1
1.73933281283142e-05	-1.91382814045284	0.004	0.017	0.586050797955418	HMGB3	c1
1.75560666839973e-05	-0.975684622294101	0.019	0.039	0.591534110850606	HCFC2	c1
1.77019975792848e-05	0.342131979525422	0.108	0.079	0.596451106436422	ULK4	c1
1.77374566218506e-05	0.220798977582908	0.229	0.186	0.597645863416636	CD226	c1
1.79236750934647e-05	-0.635408629097336	0.053	0.081	0.603920308599201	AGPAT5	c1
1.80011311566941e-05	-0.897751311011314	0.027	0.049	0.60653011319365	ATP13A3	c1
1.8052471403401e-05	-0.96871400766809	0.027	0.049	0.608259971466193	PLEKHA5	c1
1.80953360176441e-05	-0.402371695757783	0.179	0.219	0.609704251778501	EIF2AK1	c1
1.81111463039681e-05	-0.468859502376616	0.155	0.193	0.6102369635659	MDFIC	c1
1.81257791627781e-05	-0.483840583359696	0.182	0.218	0.610730003110645	PTP4A1	c1
1.82041669547819e-05	-0.40544125985205	0.168	0.206	0.613371201374423	TSSC4	c1
1.82055045941298e-05	-2.33108346236838	0.002	0.014	0.613416271794611	ANKDD1A	c1
1.83090743098247e-05	-0.747310142192101	0.048	0.075	0.616905949795233	MFSD14B	c1
1.83468942246144e-05	-0.583031781460441	0.09	0.123	0.618180254004157	CNOT3	c1
1.85617510827857e-05	-1.50752541583232	0.008	0.022	0.625419640983382	FOXP4	c1
1.85850271050782e-05	0.842669548979003	0.023	0.011	0.626203903278506	ZSWIM1	c1
1.87321959938563e-05	-0.547485644788593	0.087	0.119	0.631162611816996	MRPS28	c1
1.87809456264775e-05	0.200845572633318	0.227	0.184	0.632805181938532	ZBTB25	c1
1.88417668576162e-05	-3.0234296038386	0.001	0.012	0.63485449250052	HLF	c1
1.89463819714229e-05	-4.45058052842753	0.001	0.011	0.638379394145123	RP11-24F11.2	c1
1.89601632674228e-05	-0.409146486632501	0.171	0.209	0.638843741132544	GNB1	c1
1.89985306241763e-05	-2.20430243886571	0.003	0.016	0.640136490850996	CHEK1	c1
1.90581909071761e-05	-0.644429217060991	0.066	0.096	0.642146684426391	LARP4	c1
1.91180486401061e-05	-3.80808244610468	0.001	0.011	0.644163530879734	ARAP3	c1
1.91309223425151e-05	-2.50351043598703	0.003	0.015	0.644597297408703	FKBP1B	c1
1.9327592676403e-05	-0.536316564944199	0.119	0.154	0.651223907638721	FAF1	c1
1.93391096196037e-05	0.676428128796037	0.047	0.029	0.651611959522928	ZNF483	c1
1.93555452824846e-05	-0.625573871240058	0.06	0.089	0.652165742748035	CPTP	c1
1.9384989731143e-05	-0.612395155498633	0.082	0.114	0.653157844001132	TMX3	c1
1.94420422849422e-05	-0.498348428324953	0.1	0.134	0.655080172748844	ACTL6A	c1
1.94454551627662e-05	-0.783737266517631	0.049	0.075	0.655195166254245	FUT11	c1
1.94499189847384e-05	-0.760750313680011	0.046	0.072	0.655345570271775	SLC25A17	c1
1.96468578794113e-05	-1.10990799266935	0.013	0.03	0.661981229388884	ZWILCH	c1
1.96984347411137e-05	-0.300765441115596	0.429	0.458	0.663719060167085	SRRM2	c1
1.97367758102915e-05	0.135011626516712	0.4	0.336	0.665010924151962	HSD17B11	c1
1.998268705959e-05	-0.548342305208947	0.099	0.131	0.673296657785824	BID	c1
2.00187052087338e-05	-0.718506277647013	0.05	0.077	0.674510253303077	PRIMPOL	c1
2.02769963338927e-05	-0.62529088347911	0.05	0.077	0.683213114474182	NME7	c1
2.0337364041235e-05	-0.416478624833892	0.198	0.235	0.685247144005373	REXO2	c1
2.0356748185047e-05	-0.353107446003824	0.307	0.344	0.685900273346973	PCSK7	c1
2.03834148016956e-05	-0.543577016572101	0.093	0.126	0.686798778328332	CREB3	c1
2.05039366828701e-05	-0.370434760132667	0.23	0.268	0.690859642592626	SAP30BP	c1
2.06508763033882e-05	-0.531169098752813	0.109	0.143	0.695810626166363	LRRFIP2	c1
2.07174485614181e-05	-0.421817809139339	0.174	0.211	0.69805371182842	PWP1	c1
2.07428408985023e-05	-1.0676734819068	0.022	0.042	0.698909281234136	BCL6	c1
2.07823132740429e-05	-5.07742975289937	0	0.01	0.7002392634556	PRKCDBP	c1
2.08010793508794e-05	-0.621683284180375	0.043	0.069	0.700871567648529	FANCL	c1
2.08968951757987e-05	0.274076525367726	0.181	0.143	0.704099986053361	CYP4V2	c1
2.09073740103943e-05	-1.09256919202865	0.022	0.042	0.704453059906226	LLGL2	c1
2.09152739135419e-05	0.147492649705135	0.375	0.316	0.704719239242882	SRSF8	c1
2.09726444511862e-05	-0.637185498411864	0.069	0.098	0.706652282138269	SNX4	c1
2.10939675274035e-05	-0.219984845113515	0.589	0.586	0.710740141868335	APBB1IP	c1
2.11073149784804e-05	-0.367572443866041	0.189	0.23	0.711189870884919	BCCIP	c1
2.11510883106871e-05	-0.732534044302441	0.045	0.071	0.712664769540291	GPR89B	c1
2.1452781655657e-05	-0.445678484859809	0.128	0.165	0.722830025105707	IRF2BP2	c1
2.14768021319083e-05	0.351217727662166	0.101	0.074	0.723639371032517	RP11-1000B6.3	c1
2.15016050641002e-05	-3.47181657723766	0.001	0.011	0.724475081029792	KIAA1217	c1
2.15635848191463e-05	-0.462232108213465	0.106	0.141	0.726563426896317	MPDU1	c1
2.15893064316412e-05	-0.440528698083708	0.139	0.176	0.727430090907717	FO538757.2	c1
2.17637882025413e-05	-0.400724226055823	0.321	0.349	0.733309079696428	RHBDD2	c1
2.17821055387489e-05	0.595646149449279	0.055	0.035	0.733926264022604	TPCN1	c1
2.18017493078302e-05	-0.61049401922712	0.047	0.073	0.734588141178031	SLC25A22	c1
2.19487317120133e-05	-0.542175588287474	0.107	0.141	0.739540566304575	MGRN1	c1
2.20310176454846e-05	-0.440530861152559	0.198	0.235	0.742313108546958	NUTM2B-AS1	c1
2.22461591566928e-05	-0.566810616710725	0.114	0.148	0.749562086625606	SPAG9	c1
2.24177033726035e-05	-0.611703122995673	0.064	0.093	0.755342097436503	SCLT1	c1
2.24181106376317e-05	0.420084929089818	0.091	0.065	0.755355819824362	NAF1	c1
2.29009900058111e-05	-0.418496767404389	0.178	0.214	0.7716259572558	DPF2	c1
2.31157248880135e-05	0.24535180658399	0.209	0.169	0.778861234376727	PPA2	c1
2.31481460188834e-05	-0.551018290211738	0.112	0.146	0.779953631960256	DYNC1I2	c1
2.32130337977335e-05	-1.2266176410103	0.01	0.026	0.782139960780833	PHLDA2	c1
2.32201178715902e-05	0.269467003734914	0.148	0.114	0.782378651565361	CYHR1	c1
2.32271525195987e-05	-4.71513666435099	0	0.01	0.782615676995358	ARNTL2	c1
2.33755869326771e-05	0.483450194489341	0.066	0.044	0.787617026109623	HIPK2	c1
2.34108454793138e-05	-0.260231743548576	0.53	0.541	0.788805027579998	GNAS	c1
2.34539242173918e-05	-0.972739403799388	0.028	0.05	0.790256522580798	TCP11L1	c1
2.35248359739261e-05	-0.483770687665739	0.13	0.165	0.792645823305465	ARL1	c1
2.3655192442232e-05	-0.367120806778549	0.201	0.24	0.797038054148565	GID8	c1
2.36996734558383e-05	-0.775570626865994	0.052	0.079	0.798536797421015	LIN37	c1
2.3926970436947e-05	-0.491760307468799	0.1	0.134	0.806195341902493	EMC8	c1
2.39344843094302e-05	-0.384945928181839	0.173	0.213	0.806448514321943	SRP54	c1
2.40201578435712e-05	-0.482850790426502	0.159	0.195	0.809335198381287	TBC1D5	c1
2.41046063365891e-05	-7.20018098988132	0	0.01	0.812180605905034	CD177	c1
2.42019351989998e-05	-0.92643567288467	0.019	0.039	0.815460004595098	PI4K2A	c1
2.45414556055093e-05	-1.13234021844941	0.016	0.034	0.826899805172029	HVCN1	c1
2.45640913483043e-05	-0.494840143122092	0.115	0.149	0.827662493889767	ZNF511	c1
2.4662227151331e-05	-5.79086332370415	0.001	0.011	0.830969081636946	PMCH	c1
2.49218411595004e-05	0.155102715803298	0.284	0.236	0.839716516028208	NUP210	c1
2.49693124103372e-05	-0.406566358763499	0.177	0.216	0.841316012353901	CHTOP	c1
2.51452957647391e-05	-0.717291923119969	0.036	0.059	0.84724559549712	EFTUD1	c1
2.53363402288761e-05	-0.688779469823699	0.045	0.071	0.853682647671751	GTPBP1	c1
2.54706953854292e-05	-0.618009043166718	0.062	0.091	0.858209610316652	BORCS7	c1
2.56628062468661e-05	-1.50341489490459	0.01	0.026	0.864682593681905	AC009948.5	c1
2.59528160745714e-05	0.810364691949393	0.024	0.013	0.874454184816608	LEKR1	c1
2.59821665399823e-05	-0.584497325246058	0.075	0.105	0.875443119398165	MCM6	c1
2.61517048950497e-05	-0.443444592173816	0.112	0.147	0.881155544733805	GET4	c1
2.61823223872359e-05	-0.836218008426308	0.033	0.056	0.882187170515527	TIMM10B	c1
2.62571600131714e-05	-0.702617252637166	0.045	0.071	0.884708749483796	SMARCAL1	c1
2.64367614481146e-05	-0.66867415575997	0.049	0.075	0.890760240232772	HECTD3	c1
2.65212869295335e-05	-1.48814384540064	0.01	0.026	0.893608241803703	NETO2	c1
2.6522741283221e-05	-0.362778757755502	0.326	0.354	0.89365724479685	CTSS	c1
2.67211889130579e-05	-0.777703100344719	0.042	0.066	0.900343739236572	ZFYVE19	c1
2.67984281765725e-05	-0.298219961244117	0.323	0.357	0.902946238981435	DBNL	c1
2.68811699028069e-05	-0.269407963984892	0.372	0.407	0.905734138705176	FAM177A1	c1
2.69414858593652e-05	-0.601226974050243	0.098	0.131	0.907766424545451	MYL6B	c1
2.70305904044981e-05	-0.666842211863798	0.048	0.074	0.910768713089158	VPS52	c1
2.71051835747193e-05	-0.667738871444221	0.055	0.082	0.913282055366591	PRKCZ	c1
2.74077031593043e-05	-0.67482736537879	0.045	0.071	0.9234751502496	SPATA20	c1
2.74446701143825e-05	-0.43542176997085	0.166	0.203	0.924720714834005	HDLBP	c1
2.77221612780843e-05	-3.69114400214458	0.001	0.01	0.934070502103772	AC017002.2	c1
2.79798293627735e-05	-0.726816680855856	0.034	0.057	0.942752370549291	ACOX1	c1
2.817482207376e-05	-0.320537099315371	0.325	0.353	0.949322454953269	SNRPE	c1
2.83728052212423e-05	-1.37169863264328	0.021	0.04	0.955993299124537	LAMP3	c1
2.83812766322879e-05	-0.535249342024862	0.092	0.124	0.956278734848308	DTX2	c1
2.8584967965452e-05	-0.666491871156601	0.046	0.072	0.96314191062794	ZFYVE21	c1
2.87385300024335e-05	-0.577313809177132	0.055	0.082	0.968316029901993	TMEM214	c1
2.89710123851102e-05	0.39099075352529	0.071	0.048	0.976149291303903	MINCR	c1
2.91662298578535e-05	-0.605963682425428	0.059	0.087	0.982726948830517	PIP4K2C	c1
2.93116568012805e-05	-0.344402776340212	0.336	0.368	0.987626964262347	PHYKPL	c1
2.94352093549401e-05	-0.864525246846279	0.023	0.043	0.991789944005353	B3GALT6	c1
8.04554074605102e-05	-3.72742749196888	0.001	0.01	1	SLC4A4	c1
6.97724314156019e-05	-3.67554319020374	0.001	0.01	1	NRSN2	c1
0.000182902497534141	-3.6350522019415	0.001	0.01	1	ASPM	c1
5.01803066778368e-05	-3.51331389364658	0.001	0.01	1	CREB3L3	c1
3.23647583489256e-05	-3.33751476961902	0.001	0.011	1	HIST2H2AA3	c1
3.15338236112492e-05	-3.18454254200779	0.001	0.011	1	UCP3	c1
5.67415453336696e-05	-3.17710474702374	0.001	0.011	1	MDK	c1
0.000101572635387076	-3.11747031145938	0.001	0.01	1	AMZ1	c1
3.92392053743129e-05	-2.94034045993355	0.001	0.011	1	SLC41A2	c1
4.87057805822998e-05	-2.86305133797517	0.002	0.012	1	NPM2	c1
0.000108980936710209	-2.83540651068656	0.002	0.011	1	NHS	c1
4.54051828998375e-05	-2.82283550083605	0.002	0.013	1	ENPP5	c1
0.000331467968548362	-2.76444628736752	0.003	0.013	1	S100B	c1
4.09898448431457e-05	-2.74634579957937	0.002	0.012	1	SMOX	c1
0.000233948482114232	-2.73801571336076	0.002	0.01	1	RP11-134N1.2	c1
5.72067467069539e-05	-2.68183913101807	0.002	0.013	1	CDK1	c1
0.000392746569258295	-2.61017589341052	0.002	0.01	1	CD68	c1
7.92206618646468e-05	-2.58263680349614	0.002	0.011	1	FLVCR2	c1
0.000185415262484614	-2.56041047494406	0.001	0.01	1	NCAPG	c1
7.59041297493354e-05	-2.52632767533943	0.002	0.012	1	IFNL1	c1
4.3102649197896e-05	-2.51598488219676	0.002	0.013	1	TMCC2	c1
7.33414009386495e-05	-2.47079981613432	0.003	0.014	1	GRAMD1C	c1
3.15495901677213e-05	-2.448084218959	0.003	0.015	1	CRIM1	c1
4.4873441851984e-05	-2.40935051487336	0.002	0.013	1	OTOF	c1
0.000353223846656907	-2.38127711851562	0.002	0.01	1	AP1S3	c1
0.000188347187897452	-2.3640156610166	0.002	0.011	1	ST20	c1
0.000101529513039026	-2.28216933117922	0.003	0.014	1	LINC00987	c1
5.11007207366044e-05	-2.27708977381292	0.004	0.015	1	CCNB1	c1
0.000131142589045218	-2.25104500329333	0.004	0.014	1	CST3	c1
0.000219898228625627	-2.23802215942018	0.004	0.015	1	NT5E	c1
0.000218923786652939	-2.23535544479831	0.002	0.011	1	HYAL3	c1
9.99310371383002e-05	-2.23180344712987	0.002	0.012	1	PHEX	c1
0.00507103855732873	-2.21621690581882	0.004	0.01	1	MCTP1	c1
0.000795929074920885	-2.20389438249415	0.002	0.01	1	MDGA1	c1
0.00044157759447761	-2.20152809940532	0.002	0.01	1	KIF11	c1
0.000116480199323461	-2.14773487613374	0.003	0.013	1	GRAMD1B	c1
5.52298656264239e-05	-2.14386030484881	0.003	0.014	1	ATP8B3	c1
0.000273152709470577	-2.08768184874929	0.002	0.011	1	RP11-561B11.2	c1
6.12105900437554e-05	-2.07646877661452	0.003	0.014	1	SLCO4A1	c1
0.000373404240931127	-2.06418264800161	0.003	0.012	1	IGFBP6	c1
6.3735481414625e-05	-2.03649577691509	0.006	0.019	1	PIK3R3	c1
0.000171910447308612	-1.99246304342722	0.004	0.015	1	SMPD3	c1
0.00032011366507103	-1.97595512086891	0.004	0.014	1	TK1	c1
0.000431937927615756	-1.97442660288731	0.003	0.011	1	SHPK	c1
4.177538007618e-05	-1.97164031140714	0.003	0.014	1	TTYH3	c1
9.33480916472372e-05	-1.95992979623294	0.005	0.017	1	RP11-98D18.9	c1
0.00272406320355282	-1.94434229661729	0.003	0.01	1	IRF8	c1
0.0121481516499773	-1.93898513120126	0.004	0.01	1	NPW	c1
0.000354164130985985	-1.93373471981575	0.002	0.011	1	RP11-493L12.5	c1
0.000434875924653266	-1.92812466776605	0.003	0.012	1	RHEBL1	c1
0.000638213759615121	-1.92257921367869	0.003	0.011	1	TMEM241	c1
0.000413811843085322	-1.91875006477127	0.004	0.013	1	RP11-575L7.8	c1
7.07578550844221e-05	-1.91444484504264	0.005	0.017	1	AC112721.2	c1
4.18184845313304e-05	-1.89075515520546	0.005	0.017	1	RP11-644F5.11	c1
0.000214332271625143	-1.88831329403577	0.002	0.011	1	TST	c1
0.000185291023884448	-1.87607262663967	0.004	0.015	1	C2CD4D	c1
0.000203194285984531	-1.84008311784918	0.003	0.013	1	NAT14	c1
0.000114085508150358	-1.83126553378484	0.003	0.013	1	SLC29A1	c1
0.000583549195140813	-1.82411763721604	0.002	0.01	1	AURKA	c1
0.000958518647627945	-1.82210287759792	0.004	0.013	1	KIAA0101	c1
5.76735792016957e-05	-1.82099586510068	0.005	0.017	1	CHST2	c1
0.000130380054786192	1.81998616779139	0.01	0.004	1	RP11-73M14.1	c1
0.000181431546553296	-1.81873422451219	0.006	0.017	1	LRP8	c1
0.000503558278123884	-1.7918398114347	0.003	0.012	1	IFI30	c1
0.000876885476575629	-1.78346852607515	0.003	0.012	1	ECT2	c1
9.94610204928308e-05	-1.78087216937426	0.004	0.015	1	TRIP10	c1
0.000219749664946977	-1.77198920005596	0.003	0.013	1	BMF	c1
5.78200291911795e-05	-1.76573081395965	0.005	0.017	1	ST20-MTHFS	c1
5.130531795052e-05	-1.76015031260522	0.008	0.022	1	PLEKHG1	c1
0.00455463609364403	-1.75182447499906	0.003	0.01	1	INO80B	c1
0.00209077032523787	-1.74733436531198	0.004	0.012	1	SLC4A8	c1
6.48144929224042e-05	-1.73307443706164	0.003	0.014	1	BRCA1	c1
7.66560473063348e-05	-1.72843951238693	0.005	0.018	1	MAST2	c1
0.000322832656399391	-1.68631116466688	0.003	0.013	1	EVA1B	c1
0.000382865828256882	-1.67877884930755	0.002	0.011	1	CTTN	c1
0.00254647603329572	-1.67833911452941	0.004	0.011	1	CDCA8	c1
0.000203059194705292	-1.67739862216658	0.006	0.017	1	TBKBP1	c1
3.22835274671639e-05	-1.67576459086052	0.005	0.019	1	TRIP6	c1
0.000512628366129156	-1.67180425206928	0.028	0.044	1	TRAV22	c1
0.00521968714563038	-1.67101344734549	0.003	0.01	1	FCHO2	c1
0.00867228189384544	-1.66337997169807	0.004	0.01	1	ADAMTS4	c1
0.000563654796982093	-1.66153078367163	0.003	0.012	1	KIF18A	c1
7.37413965667183e-05	-1.65153010647023	0.005	0.017	1	GRK4	c1
0.0010947699988922	-1.64100440810079	0.005	0.014	1	HYAL2	c1
4.08948388395766e-05	-1.63671906973279	0.004	0.017	1	SMAD1	c1
0.000219500753233877	-1.62966648517189	0.003	0.013	1	XXbac-BPG246D15.9	c1
6.24459353602533e-05	-1.61944008310211	0.006	0.019	1	BYSL	c1
0.000127557079956284	-1.61631506932866	0.005	0.016	1	PDXP	c1
8.78918810911455e-05	-1.60935043106168	0.006	0.018	1	GAB2	c1
0.000743406126195402	-1.60750462889852	0.003	0.011	1	PMF1-BGLAP	c1
0.000285482776535766	-1.58102495607229	0.006	0.018	1	CD72	c1
7.36706572298002e-05	-1.57743306085499	0.006	0.019	1	TESK1	c1
0.000163219343428979	-1.57733765165876	0.006	0.018	1	PSEN2	c1
0.000432400912778281	-1.57429907065716	0.006	0.017	1	KCTD11	c1
0.000284918149378455	-1.56347750483856	0.007	0.019	1	KSR1	c1
0.00128910917344219	-1.52519465707924	0.004	0.013	1	GPR35	c1
0.00963746672211543	-1.51750705077207	0.005	0.011	1	FAM83D	c1
0.00028446593407247	-1.5012342876496	0.006	0.018	1	DLGAP1	c1
0.00492454190358475	-1.49904175383729	0.003	0.01	1	RP11-498P14.5	c1
0.00815625429203074	-1.49226288164907	0.004	0.01	1	DUSP8	c1
0.00361639096654711	-1.48877817844509	0.006	0.014	1	IL5RA	c1
0.000123325714367991	1.48729596349049	0.01	0.004	1	OXT	c1
0.00277484062058536	-1.48167062564981	0.006	0.015	1	A2M-AS1	c1
0.00295630393000884	-1.47151665482564	0.003	0.01	1	GPSM2	c1
0.000385005139983938	-1.46324181800598	0.061	0.082	1	IL2RA	c1
0.000814214312247577	-1.45605891047191	0.009	0.02	1	BBS12	c1
0.00189967005268761	-1.4525383014949	0.004	0.012	1	BORCS8-MEF2B	c1
4.12359296924973e-05	-1.45126110657417	0.008	0.022	1	BIVM	c1
0.000953910963844769	-1.44826916846329	0.009	0.02	1	PDP2	c1
4.65397931160526e-05	-1.44212605500394	0.009	0.023	1	KLF11	c1
0.00956652108297037	-1.43569873683736	0.005	0.011	1	CITF22-92A6.1	c1
6.26097485835476e-05	1.42441923308361	0.01	0.004	1	AEBP1	c1
0.00510054102365515	-1.41522137407041	0.006	0.014	1	SMKR1	c1
0.000122069921223226	-1.41445464765015	0.009	0.022	1	ZNF684	c1
0.000566272799608226	-1.40710108113257	0.004	0.014	1	ST3GAL4-AS1	c1
0.0036261155751846	-1.40346704368912	0.004	0.012	1	TMEM169	c1
8.99325274473847e-05	-1.40320446549878	0.005	0.017	1	PIP5K1B	c1
0.00136511868078619	-1.39810806352599	0.005	0.014	1	ORC6	c1
0.000800304469132436	1.39217274373277	0.01	0.005	1	HECW2	c1
0.020208360258853	-1.38406590933962	0.005	0.01	1	CTB-43P18.1	c1
0.000980878521125932	-1.36469432410862	0.005	0.014	1	PHLDA3	c1
0.00996432333979699	-1.36403118804182	0.005	0.012	1	GEN1	c1
0.00360306904889408	-1.36187154186881	0.006	0.015	1	ANKRD33B	c1
0.000365425070227686	-1.35982518154911	0.009	0.021	1	NCAPG2	c1
0.00403311995854176	-1.35872795450172	0.003	0.01	1	ERI2	c1
0.00277825238783566	-1.35641844221449	0.003	0.01	1	TMEM201	c1
0.0100374021483624	-1.35510245360692	0.004	0.01	1	NFIL3	c1
0.00211163205005874	-1.35372915122144	0.008	0.017	1	AC011043.1	c1
0.000494906397786537	-1.34475368043435	0.006	0.016	1	KHDC1	c1
0.000672353617519425	-1.33863104282722	0.005	0.014	1	AC010226.4	c1
0.00672699905434754	-1.33717425462154	0.004	0.011	1	TP53INP2	c1
0.00126322666317784	-1.33332027397737	0.01	0.02	1	ASAH2B	c1
0.00328103056816289	-1.33306870278749	0.003	0.01	1	GPR19	c1
0.0012512842465067	-1.3307297413137	0.009	0.019	1	KCTD21	c1
0.00403563257449426	1.32454486069602	0.013	0.007	1	MND1	c1
0.000598424211478001	-1.31869951207248	0.003	0.012	1	CCDC74A	c1
0.00382012978561172	-1.31483961342966	0.005	0.013	1	ZNF367	c1
0.00121322028559165	-1.31476587919612	0.01	0.02	1	SBK1	c1
0.0213913287669349	-1.30865001791085	0.006	0.012	1	RCAN1	c1
0.0100133413823107	-1.30585246608367	0.006	0.013	1	ZNF117	c1
0.000219171871408003	-1.29795876736241	0.012	0.026	1	ZNF778	c1
0.000142912314837336	-1.29637117532324	0.008	0.02	1	AIM1L	c1
0.00123723078150646	-1.29353120531167	0.008	0.018	1	HIST1H1B	c1
0.00147503270892108	-1.287830516097	0.005	0.014	1	BMP2K	c1
8.47344642684373e-05	-1.28740897326982	0.009	0.023	1	CARD6	c1
4.26179939727439e-05	-1.28628300531223	0.012	0.028	1	MCM4	c1
0.000580281849073144	-1.27877281451669	0.006	0.016	1	CENPO	c1
0.000285335700794518	-1.27826790588968	0.008	0.02	1	NCAPH	c1
4.05491916267725e-05	-1.271010444375	0.014	0.031	1	DHX57	c1
0.000345043552207174	-1.26986387049358	0.011	0.024	1	ZNF341	c1
0.0150607406839704	-1.26961849863717	0.004	0.01	1	DNAJB5	c1
0.00541392970593462	-1.26055938531935	0.006	0.014	1	CLEC11A	c1
0.00170775122643367	-1.25965737161838	0.006	0.015	1	TVP23C	c1
0.00506238281073476	-1.25675094043717	0.005	0.013	1	DUSP7	c1
0.0228431486793178	-1.2551253758744	0.012	0.019	1	TRAV24	c1
0.00309090863247741	-1.23918295551731	0.006	0.014	1	NUF2	c1
0.0284859865376994	-1.23746888281045	0.005	0.011	1	ZNF365	c1
7.61030273636058e-05	-1.23371357237053	0.018	0.036	1	TRAV1-2	c1
0.000498366193575348	-1.22990534475651	0.011	0.023	1	LINC01012	c1
0.00907720230204572	-1.22779664874709	0.006	0.013	1	ZNF286B	c1
0.00187912113515655	1.22690785419236	0.013	0.007	1	TRIM2	c1
0.000246182640356401	-1.22391797175545	0.011	0.025	1	MCM2	c1
0.00785215069978745	-1.22293009621654	0.005	0.012	1	MCF2L2	c1
0.00498734320616997	-1.22265388803404	0.003	0.01	1	RP5-940J5.9	c1
0.0158760769943814	-1.21356818645005	0.006	0.012	1	TRBV13	c1
0.000363615286245541	-1.21333584671371	0.006	0.017	1	PLAT	c1
0.126355239788878	-1.21211116898765	0.008	0.011	1	RASD1	c1
0.0113462513461648	-1.20679041651089	0.006	0.013	1	LACC1	c1
0.00497081861001862	-1.20595681992625	0.009	0.018	1	KIAA0930	c1
0.000549440912289033	-1.2041482206626	0.005	0.015	1	ARSD	c1
0.000203536078869186	-1.2024619621142	0.012	0.026	1	ABCB10	c1
0.000160296361333913	-1.19973542985414	0.009	0.022	1	FLVCR1-AS1	c1
0.00797657154535601	-1.19891702518045	0.006	0.014	1	CTD-2007H13.3	c1
0.0198516538576435	-1.19772870631566	0.005	0.01	1	RP11-542M13.3	c1
4.97549072821386e-05	-1.19304112730856	0.039	0.062	1	TRBV6-5	c1
0.00353894951020469	-1.19181144061667	0.009	0.018	1	C9orf9	c1
0.000226430370655488	-1.19076686685722	0.01	0.023	1	BBS1	c1
0.000532810933508033	-1.19065236995299	0.012	0.025	1	DGKQ	c1
0.000109690594960121	-1.18330862261551	0.015	0.03	1	RABL2A	c1
3.56271407286831e-05	-1.18296844109991	0.015	0.032	1	CXorf21	c1
0.0296782030137957	-1.17885938299471	0.005	0.011	1	WDR63	c1
0.00390081603487508	-1.17676385802365	0.005	0.012	1	CBX8	c1
0.000669785907474417	-1.17355132031522	0.009	0.021	1	NQO1	c1
0.000333553979857623	-1.17178821661059	0.011	0.024	1	SEMA4B	c1
0.001113009779909	-1.17094497687436	0.008	0.018	1	MORN2	c1
0.00316736170884573	-1.16984455618981	0.006	0.015	1	RP11-111F5.4	c1
0.00236233575205258	-1.16720038890573	0.007	0.016	1	FADS3	c1
0.000251014211070967	-1.16455551477745	0.01	0.023	1	PLXND1	c1
0.000233562351932774	-1.16016590011609	0.005	0.016	1	CHAF1B	c1
3.62204226220739e-05	-1.15798267063892	0.011	0.026	1	RAP2A	c1
9.63956448221248e-05	1.15734721402086	0.014	0.006	1	CYSLTR2	c1
6.32620352533622e-05	-1.15499033900742	0.015	0.031	1	RACGAP1	c1
0.00187195936120507	-1.15487637875531	0.009	0.019	1	RAI1	c1
0.0255722090524618	-1.15377796993728	0.005	0.011	1	KLF16	c1
0.0056084005677563	-1.15320250784601	0.006	0.014	1	FZD6	c1
0.000602059375817336	-1.15185559433199	0.008	0.019	1	DMGDH	c1
0.000311752978842254	-1.14747461046108	0.011	0.024	1	NOD2	c1
0.0045855317357368	-1.14709997591673	0.007	0.015	1	CBWD3	c1
0.00678600422255626	-1.14502604930935	0.01	0.019	1	CLCF1	c1
0.00461026739726734	-1.140258247298	0.004	0.011	1	PHLPP1	c1
0.0145114760513514	-1.13842176441575	0.008	0.014	1	ID1	c1
0.000102184504862049	-1.13767804641067	0.02	0.037	1	PCNXL3	c1
0.0539779142731747	-1.13469043471745	0.006	0.011	1	WNT1	c1
4.81527740113875e-05	-1.13442859472108	0.016	0.033	1	TMED7	c1
0.007783168157074	-1.13358906162696	0.009	0.017	1	CFD	c1
0.00415218828503764	-1.1317242050201	0.009	0.018	1	SLC36A1	c1
0.0555607763042581	-1.13167627756374	0.006	0.011	1	SLC16A11	c1
5.9705969159262e-05	-1.1255182968642	0.01	0.025	1	WDR34	c1
0.000986408135941012	-1.12405787322252	0.013	0.025	1	LAPTM4B	c1
0.000318194651525625	1.1229990320949	0.01	0.004	1	CTD-2517O10.6	c1
0.00193064886434735	-1.12210256496226	0.008	0.018	1	ABL1	c1
0.00785495155652406	-1.11886023583173	0.005	0.012	1	FKBPL	c1
0.00276704962522104	-1.11344826657424	0.009	0.019	1	KIF5C	c1
0.0204596544183519	-1.11307041683217	0.007	0.013	1	PACSIN1	c1
0.00197696860423469	-1.11065279785498	0.005	0.014	1	PLCB3	c1
0.00152257340267296	-1.10969089462817	0.008	0.018	1	OR2A1-AS1	c1
0.000621901777304486	-1.10629005615231	0.009	0.02	1	NPL	c1
4.9268874543714e-05	-1.10524800682481	0.012	0.028	1	CEP85	c1
0.00156802739168353	-1.10464310492352	0.009	0.019	1	USP51	c1
0.0746321852563413	-1.10078605289748	0.044	0.053	1	TRAV21	c1
0.0290805804513416	-1.10014256671902	0.005	0.011	1	EFCAB11	c1
0.00278503841127091	1.09915287422844	0.01	0.005	1	RNF144B	c1
5.42637396223394e-05	-1.0984248927089	0.016	0.033	1	MTHFD1L	c1
0.000189812724421241	-1.09647858277468	0.011	0.025	1	NUP50-AS1	c1
0.00071271265668925	-1.0959971704673	0.006	0.017	1	AC145212.2	c1
0.000444780512861012	-1.09367004175905	0.013	0.027	1	CTNNAL1	c1
0.00253694228790635	-1.09323100856465	0.011	0.022	1	ABHD17B	c1
8.37166797189508e-05	-1.09206134389273	0.008	0.022	1	FAM83G	c1
0.000287152528207368	-1.08956692531438	0.011	0.024	1	SLC25A15	c1
0.0101618024325942	-1.0868261294038	0.006	0.013	1	SBF2-AS1	c1
4.86620203743934e-05	-1.08643473450631	0.011	0.026	1	RXRA	c1
0.0016742356301124	-1.08612674276211	0.012	0.023	1	TWSG1	c1
0.00710587636707646	-1.08339110564851	0.004	0.01	1	DBH-AS1	c1
0.00317519302323268	-1.08276477933425	0.006	0.014	1	NCEH1	c1
0.00017468488682121	1.07785274474721	0.011	0.004	1	RP11-793H13.11	c1
0.000145254367900602	-1.07695254932354	0.013	0.028	1	LANCL2	c1
0.000179687267807569	-1.06737061193436	0.023	0.04	1	NR4A3	c1
5.53939006389155e-05	-1.06623048737496	0.017	0.034	1	CCDC28B	c1
0.000150650303054992	-1.065213307647	0.012	0.027	1	SMIM13	c1
0.00243369307275705	-1.06299106930199	0.007	0.016	1	KIAA1524	c1
0.000145354528380084	-1.05517858695566	0.011	0.026	1	BRCA2	c1
0.0027607127596434	-1.05429968569666	0.008	0.017	1	SLX4	c1
6.6346156039603e-05	1.05367651276604	0.018	0.009	1	ADGRL1	c1
4.215314172188e-05	1.04986320921811	0.015	0.007	1	KIAA1324L	c1
0.00326355579917695	-1.04961251887517	0.013	0.023	1	CEACAM1	c1
7.5845779796276e-05	-1.04895264634363	0.022	0.04	1	PGLYRP2	c1
0.000165104091228102	1.04868755764882	0.012	0.005	1	TANC2	c1
0.0122540721514591	-1.04665922168699	0.006	0.013	1	RP1-178F15.4	c1
0.00300034686790861	-1.04323094641518	0.012	0.022	1	PTCH2	c1
0.00709057004568256	-1.0423359765487	0.01	0.019	1	TGFBI	c1
0.0272293893408631	-1.0422315670792	0.005	0.01	1	CHRNA5	c1
0.046748571332804	-1.03933221625397	0.006	0.011	1	NOCT	c1
0.00293841328702272	-1.03840973031016	0.015	0.026	1	SLC26A6	c1
0.00402693047804242	-1.03631456365028	0.014	0.025	1	CCND1	c1
6.94340747772672e-05	-1.0353172332333	0.048	0.072	1	TRAV12-2	c1
0.000793162269388451	-1.03393574526693	0.014	0.027	1	NACC1	c1
0.00556928925994295	-1.0322688844737	0.01	0.019	1	PEAK1	c1
0.0187955516046926	-1.03046912444472	0.01	0.018	1	FAM174B	c1
0.000164240806047641	1.02877459545367	0.01	0.004	1	ZP3	c1
0.000181308154716794	-1.02757885428145	0.021	0.037	1	ZCCHC18	c1
0.00082122584453555	-1.02653618821569	0.012	0.024	1	LDOC1L	c1
0.00556713990463756	-1.02617139136059	0.009	0.017	1	TRIM3	c1
0.00844781875906024	1.02606017761434	0.01	0.005	1	RP11-390F4.3	c1
0.000178577824311663	-1.02455737006474	0.013	0.028	1	TFEB	c1
0.0259044095606848	-1.0206644236632	0.005	0.011	1	SNX24	c1
0.000313595977683554	1.02026035423567	0.013	0.006	1	NAV1	c1
0.0213438306381625	-1.0200378293696	0.009	0.015	1	RP11-574F21.2	c1
3.30234945370686e-05	-1.01934764100646	0.037	0.06	1	TRGV5	c1
0.000418518101176215	-1.01866627563224	0.012	0.026	1	UAP1L1	c1
0.045725593371104	-1.01632456356414	0.008	0.013	1	EXTL2	c1
0.00460644784772191	-1.01555380111739	0.006	0.014	1	S1PR2	c1
0.00144163208543861	-1.01542793902963	0.01	0.02	1	SOCS2	c1
0.00415020397225357	-1.01514255479821	0.01	0.02	1	ACTL10	c1
0.000891422400024054	-1.01469346775482	0.008	0.019	1	TMEM121	c1
0.0342220449644541	-1.01423084843477	0.006	0.012	1	METRN	c1
0.00113338880855411	-1.01358947206682	0.012	0.024	1	SLX1B	c1
0.000190583838363502	-1.01109895758657	0.013	0.027	1	FAH	c1
0.000113589718133171	-1.0081483243871	0.016	0.032	1	MON1A	c1
0.000211754663274196	1.00664597134569	0.012	0.006	1	GOLGA7B	c1
0.00150377728703453	-1.00647549893848	0.016	0.029	1	PPP1R3B	c1
0.000325358354730536	-1.00645401769228	0.022	0.038	1	PCCA	c1
0.0359572946533053	-1.00561039855486	0.005	0.01	1	DIXDC1	c1
0.0150232668442764	-1.00522422243128	0.006	0.013	1	SUMO4	c1
0.00489832612664281	1.00514068533987	0.012	0.006	1	CTD-2353F22.1	c1
0.000451563633729114	1.00410101232003	0.013	0.006	1	POT1-AS1	c1
0.00287905805290098	-1.00167584478687	0.01	0.02	1	TBCEL	c1
0.000473707706992773	0.997895039656127	0.012	0.006	1	RP11-713P17.3	c1
0.016876984868044	-0.996608878765162	0.006	0.013	1	DLGAP1-AS2	c1
0.00036897526938176	-0.994429321187245	0.018	0.033	1	SEC14L2	c1
0.000353772792163963	0.994227422405594	0.02	0.011	1	STAP1	c1
0.0083483664733721	-0.992442299428564	0.011	0.019	1	NACC2	c1
8.77776146408152e-05	-0.991985558463209	0.011	0.026	1	CENPN	c1
0.0024747346948604	0.991871665003472	0.012	0.006	1	AC022182.1	c1
0.0277054214047566	-0.990755289759671	0.012	0.02	1	OTUD7A	c1
0.000619717904187434	-0.98990892491917	0.011	0.024	1	ST3GAL4	c1
0.00236960916597638	-0.989359266720548	0.01	0.02	1	FBXO45	c1
0.00856934882741299	-0.988508141800259	0.008	0.016	1	RASGRP3	c1
0.0143591441395086	-0.985991103701192	0.01	0.018	1	PTPRM	c1
6.05372088077899e-05	0.984786542653646	0.017	0.008	1	C4orf36	c1
0.0466692859535482	-0.984552229091275	0.005	0.01	1	LOXL1	c1
0.0106307537792948	-0.982239717266752	0.01	0.018	1	STX3	c1
0.00997523530568666	-0.979622175310081	0.015	0.024	1	FBXW8	c1
0.0120322185138131	-0.977959898614686	0.008	0.015	1	HNRNPUL2-BSCL2	c1
0.0142285721611903	-0.977122209899377	0.007	0.014	1	AP003774.1	c1
0.00174516013281275	0.977007023455756	0.012	0.006	1	KISS1R	c1
0.0119317742841476	-0.976691690377812	0.007	0.014	1	JMJD7-PLA2G4B	c1
0.00124822230818275	-0.976222231502548	0.016	0.029	1	C20orf194	c1
6.37748739639324e-05	-0.97622054020371	0.019	0.037	1	RP11-493L12.4	c1
0.0021541344377555	0.97620504190855	0.01	0.005	1	AC142472.6	c1
0.00266707929524006	0.975599988544841	0.01	0.005	1	MST1	c1
0.000371988666082455	-0.974537635997373	0.019	0.035	1	NEK6	c1
0.00241930251189901	-0.97434858693098	0.011	0.021	1	FDX1L	c1
0.0252363913017721	-0.974209824579087	0.006	0.012	1	RNF122	c1
0.0299141286851325	-0.974160685186508	0.005	0.01	1	FGFRL1	c1
0.00807820145088821	-0.973637966081666	0.009	0.017	1	TET3	c1
0.000557988084057741	-0.968740542169424	0.016	0.03	1	ZBED4	c1
0.000242317901896222	-0.967940474066689	0.014	0.029	1	C16orf52	c1
8.20602022599449e-05	-0.967178201749355	0.023	0.041	1	TDRD7	c1
0.0252491186394518	-0.965536892118731	0.007	0.013	1	LINC00630	c1
0.00370298486488655	-0.96321470638492	0.016	0.027	1	CCDC138	c1
4.61315792443408e-05	-0.961683146577661	0.021	0.04	1	FECH	c1
6.23603477763731e-05	-0.960596652459961	0.021	0.039	1	GOSR2	c1
0.000525654338346199	0.959310104111164	0.012	0.006	1	SIAH3	c1
0.0233235871905709	-0.958126931023359	0.009	0.015	1	ZNF799	c1
0.387646637877414	-0.957124684838511	0.029	0.032	1	TRBV21-1	c1
0.000877146018437551	-0.956683185836551	0.017	0.03	1	FBXO30	c1
0.0154499790243601	-0.956090214966005	0.011	0.018	1	SNTA1	c1
0.000640744653010012	0.953426253671708	0.013	0.007	1	AMT	c1
7.83785906802858e-05	-0.95310009320088	0.018	0.036	1	TRIM59	c1
0.00152317719164927	-0.952894054164301	0.012	0.023	1	FZD3	c1
0.00511172778825631	-0.952166069651161	0.008	0.016	1	DDTL	c1
0.000411034521145604	0.947729594503268	0.014	0.007	1	AC079807.2	c1
0.0517289790713689	-0.947429058035605	0.006	0.011	1	RP11-474G23.3	c1
0.0139749106122536	-0.947221910332334	0.009	0.016	1	FBXW9	c1
0.0159337966855455	-0.946733151772004	0.006	0.012	1	CDK2AP1	c1
0.000717458225813225	-0.946094637171888	0.015	0.028	1	DDX47	c1
0.0434249977926522	-0.945063705810838	0.009	0.014	1	RP11-333E1.1	c1
0.0402537520326876	-0.943920397410448	0.006	0.011	1	SLC45A4	c1
0.00205543373162083	-0.942658742165651	0.006	0.015	1	GPAT2	c1
3.47938286739283e-05	-0.941824636790456	0.032	0.054	1	GALC	c1
0.00025895173941746	0.940229568527561	0.015	0.007	1	CCDC106	c1
0.000266810769274577	-0.938401415142106	0.019	0.035	1	F8	c1
0.00165746435453902	0.93752345708588	0.017	0.009	1	PGBD4	c1
0.000106608906551294	-0.934538597667953	0.024	0.043	1	CEP41	c1
3.18044508634707e-05	-0.934308279139557	0.01	0.026	1	MED20	c1
0.00809738063679626	-0.9342886376539	0.017	0.027	1	AZIN1-AS1	c1
0.000732561491869978	0.934178812545687	0.019	0.01	1	CTD-2366F13.1	c1
0.00284753128353048	-0.934102460099942	0.012	0.023	1	GAN	c1
0.00133214811959306	0.933708746174159	0.016	0.009	1	PPFIBP1	c1
0.0463716745608144	-0.930228162075795	0.006	0.011	1	SULT1A3	c1
0.0195247885763753	-0.929470609950511	0.007	0.013	1	CHST10	c1
0.00857543316468687	-0.9277378297951	0.009	0.017	1	DCLRE1A	c1
0.425348477004524	-0.927596565926606	0.012	0.014	1	TRBV7-7	c1
0.000859830644943351	-0.927308764089916	0.02	0.034	1	RFX7	c1
0.00128262900969549	-0.926295358298827	0.012	0.023	1	FARP2	c1
0.00439830339258317	-0.923048796277587	0.012	0.022	1	TMEM164	c1
0.00096382282059519	-0.922838461315316	0.016	0.029	1	NAPB	c1
0.000232658820351535	-0.918868450940949	0.05	0.071	1	CUL9	c1
0.066104380578968	-0.916302317233204	0.006	0.01	1	TTLL11	c1
0.0008267129403251	-0.915997021517278	0.015	0.027	1	GCLC	c1
0.0110522482655276	-0.915913959299938	0.038	0.051	1	TRAV14DV4	c1
0.0349071612285683	-0.915106131982363	0.01	0.017	1	CREB3L4	c1
0.000102445456887719	-0.914622115391857	0.021	0.038	1	CDK2	c1
0.0187317774265192	-0.91204008210008	0.015	0.023	1	SLFN13	c1
0.00636144128158427	-0.911868542617689	0.011	0.02	1	CACNB1	c1
0.00014400071171309	-0.911555482584324	0.033	0.053	1	LY6G5C	c1
9.81639820882159e-05	0.910603378696102	0.021	0.011	1	ZNF879	c1
0.0294480082458048	-0.909945466195351	0.005	0.011	1	MAMLD1	c1
0.000653302651269064	-0.909898247893473	0.029	0.046	1	SMAGP	c1
0.000119046186627064	0.90746262192265	0.015	0.007	1	MCM3AP-AS1	c1
0.00114424742446514	0.906981420344148	0.013	0.007	1	PANK1	c1
9.91289303146652e-05	-0.905754750107084	0.02	0.037	1	APPL2	c1
0.000165049807733068	-0.905576270463938	0.013	0.028	1	C11orf80	c1
0.000110155277185976	-0.902958462411284	0.026	0.045	1	OPN3	c1
9.95538407987108e-05	-0.902913217794508	0.027	0.046	1	ELF4	c1
0.000132032654640053	-0.900692534506634	0.034	0.054	1	GSR	c1
0.0582221302189556	-0.900332327595976	0.006	0.011	1	CTD-2357A8.3	c1
4.14923487819263e-05	-0.900307128642248	0.024	0.043	1	ING2	c1
0.0179338034212555	-0.898951876569209	0.005	0.011	1	RP11-14N7.2	c1
0.0249353066736109	-0.898621285031796	0.005	0.01	1	CACFD1	c1
0.00029890633152986	-0.898163129472837	0.012	0.025	1	GLIDR	c1
0.0632053050178898	-0.897674579963609	0.006	0.011	1	DVL1	c1
0.0206088476755191	-0.897505991595899	0.009	0.016	1	HIST1H2BH	c1
6.85061255869963e-05	-0.894581730014482	0.034	0.055	1	PGRMC2	c1
0.0226199772891903	-0.892206743647009	0.005	0.011	1	SLC43A2	c1
7.60187064839931e-05	-0.891652150675959	0.026	0.045	1	APOPT1	c1
0.0506050965585751	-0.89151316240242	0.005	0.01	1	LMLN	c1
0.00141814152812275	-0.89114677968617	0.019	0.032	1	SLC25A35	c1
0.000699386657805242	0.890877128467617	0.018	0.01	1	FAM89A	c1
0.00641904493695294	0.890699431661576	0.011	0.006	1	MORN4	c1
0.000288675809657267	-0.890652512061403	0.029	0.047	1	ZNF738	c1
0.00522735401213638	-0.890518700613453	0.009	0.018	1	FAM43A	c1
0.00288152890365747	-0.888245356564616	0.014	0.025	1	ACVR1	c1
0.00686570591998809	-0.887772543111563	0.014	0.024	1	DARS2	c1
8.30852574857514e-05	-0.887343462525911	0.032	0.052	1	NADK	c1
0.0340888014475266	-0.886278016333288	0.005	0.011	1	HES6	c1
0.00803001113680974	-0.88590733794395	0.011	0.019	1	ARHGAP19	c1
3.9349575125247e-05	-0.885831382427178	0.026	0.046	1	PLEKHG2	c1
0.0166032568428894	-0.88571724576156	0.015	0.024	1	UBN2	c1
0.0221834285013946	-0.883799665912584	0.004	0.01	1	FBXL19	c1
0.0535018437098227	-0.883167424624572	0.006	0.011	1	CTC-260E6.6	c1
0.0110611275325127	0.882518588318581	0.011	0.006	1	ENO1-AS1	c1
0.000160525926130577	-0.88034110247312	0.027	0.045	1	SLC43A1	c1
0.000198012535114835	0.880286039274418	0.018	0.009	1	C17orf51	c1
0.000884125173440956	0.880028964178486	0.016	0.009	1	SCARNA2	c1
0.00937773204120442	-0.879909902557767	0.012	0.021	1	C9orf3	c1
0.0709415039575979	-0.878599691901509	0.008	0.013	1	SLC25A30	c1
0.00225035311545824	-0.878557316184654	0.009	0.018	1	AKR1C3	c1
0.000300166256044486	-0.87849600832743	0.018	0.033	1	PPP1R3D	c1
0.000522761384402723	-0.878144077141017	0.021	0.036	1	FASTKD3	c1
0.000242131791456297	0.875768077051534	0.016	0.008	1	RP11-466F5.8	c1
0.0195909467515959	-0.874887969744421	0.006	0.013	1	JMJD7	c1
0.00298851689419395	-0.871287630112165	0.016	0.027	1	ADO	c1
0.000253640202513601	-0.871058687316128	0.05	0.071	1	NSG1	c1
0.00915830345513442	-0.869066127912608	0.009	0.016	1	HEXIM2	c1
0.00992877428993116	0.868207554610868	0.011	0.006	1	LMTK3	c1
0.000482042325482678	0.86791772301012	0.012	0.006	1	ABCB9	c1
0.00374485592367406	-0.867052349817298	0.007	0.015	1	IFNLR1	c1
0.000176389240729281	-0.866832666956294	0.026	0.045	1	WRNIP1	c1
0.0132726918396628	-0.866429334423015	0.014	0.023	1	FXR2	c1
0.00284100010905055	0.866355590435129	0.01	0.005	1	RP11-1148L6.9	c1
0.000165703487862348	-0.866253933141817	0.017	0.033	1	FANCG	c1
0.0245396069496063	-0.865712414264483	0.008	0.014	1	ALDH1B1	c1
0.00226596898831889	0.863381495705775	0.011	0.006	1	CASC1	c1
6.4636128649375e-05	-0.862988873930432	0.019	0.037	1	C3orf14	c1
0.000117654143057749	-0.862884177740487	0.016	0.032	1	EIF3C	c1
0.0831263562339509	-0.862118791680301	0.027	0.034	1	TRBV11-2	c1
0.000467469114716024	-0.8617283074867	0.019	0.034	1	DNLZ	c1
0.00725452980545342	-0.860038648923651	0.008	0.015	1	SLC27A4	c1
0.000373481236312699	-0.858924946215736	0.023	0.04	1	MGAT4B	c1
0.00259026187583148	-0.858862154626425	0.017	0.029	1	MYL5	c1
8.25515954285718e-05	0.858624552250379	0.023	0.012	1	RP11-119D9.1	c1
0.00116446121971307	-0.857849764916223	0.021	0.035	1	NLRX1	c1
6.16580701154342e-05	-0.857537008343473	0.026	0.046	1	ZNF668	c1
0.0569720775285244	-0.857062693194115	0.008	0.013	1	CLDN15	c1
0.0128770022895669	-0.857057996153855	0.018	0.027	1	PLXNA3	c1
8.90839629380067e-05	-0.856733435210318	0.031	0.051	1	TEP1	c1
0.00129539449403625	-0.856540408095092	0.013	0.026	1	PQLC1	c1
0.000159555793801206	-0.85622820979596	0.025	0.044	1	LCORL	c1
0.00286978967799713	0.855969547132382	0.019	0.011	1	GTSCR1	c1
0.00215660423069039	-0.855469579085011	0.017	0.03	1	ZNF585B	c1
0.0237925961144023	-0.855361270263962	0.012	0.019	1	CRAMP1	c1
0.0180995541268693	-0.855255193863305	0.007	0.013	1	RPH3AL	c1
0.000131516230304367	-0.854381588418967	0.018	0.034	1	SNX8	c1
0.00117619472521184	-0.85428113592213	0.018	0.031	1	GSTZ1	c1
5.69271982617663e-05	-0.853956931372732	0.038	0.06	1	ZNF827	c1
0.0079788792410261	-0.852910758619384	0.019	0.029	1	CTD-2095E4.5	c1
0.00754575325165519	-0.85231581977637	0.013	0.023	1	KIAA0753	c1
0.00639494327700162	-0.852262899253422	0.008	0.016	1	DPY19L1	c1
0.00922801050989024	-0.850985400563516	0.012	0.021	1	CASZ1	c1
0.000353342662518243	0.850591181551645	0.017	0.009	1	CRB3	c1
2.97288291500472e-05	-0.850445359536594	0.043	0.067	1	MCTP2	c1
8.41855966297782e-05	-0.850152008552628	0.03	0.05	1	SEPHS1	c1
0.0015715490024125	-0.84936326953646	0.017	0.029	1	SH2B3	c1
0.00369865294724709	0.849108254880734	0.01	0.005	1	GPR160	c1
0.0054913139211787	-0.848415108873977	0.022	0.034	1	PINK1	c1
0.0402553446596544	-0.847632396412091	0.006	0.011	1	ELOVL6	c1
0.000147447117051787	-0.84627531188374	0.023	0.041	1	PAK1	c1
0.00929620229146877	0.846013744521501	0.012	0.007	1	RP11-371A19.2	c1
0.00101318382305202	-0.84497492708946	0.022	0.037	1	DONSON	c1
0.00989005424549652	-0.843660486252721	0.012	0.021	1	CPEB3	c1
0.000133836448873298	-0.842712841582112	0.021	0.038	1	SAC3D1	c1
0.000187945958893184	-0.842114707895418	0.031	0.051	1	ZSWIM8	c1
0.00671828207922677	-0.841964380518477	0.02	0.031	1	NUGGC	c1
5.07476592203235e-05	-0.841087248821298	0.027	0.047	1	FAM126A	c1
0.0525014947802386	-0.839271378710491	0.123	0.135	1	STMN1	c1
0.00379840391624028	0.838953053037841	0.013	0.007	1	SALL2	c1
0.000135900103915454	-0.837355581190541	0.029	0.048	1	SLC25A4	c1
0.0136274675702093	-0.837321059976551	0.008	0.015	1	CCNF	c1
0.000180669079578571	-0.834392604294468	0.024	0.041	1	NIPA1	c1
0.000178953422939248	-0.832746165202947	0.022	0.039	1	FAR2	c1
0.000203773586253768	-0.832485297804977	0.025	0.043	1	SPPL2B	c1
0.0221011187823756	-0.832068196357669	0.01	0.017	1	ARID3A	c1
0.000175108121364725	-0.831501321960712	0.019	0.036	1	MICAL3	c1
0.000264268223201769	-0.830519594365413	0.02	0.036	1	TDRKH	c1
0.0263208680376085	-0.830428899782802	0.009	0.015	1	TTL	c1
0.0301191808472299	-0.830319206855383	0.013	0.021	1	DUSP3	c1
0.000113145384814078	-0.829815894402179	0.037	0.058	1	RP13-580F15.2	c1
0.000328899918468932	-0.827395618856168	0.02	0.036	1	FBXL6	c1
0.000242541478514156	-0.825939822677567	0.027	0.045	1	OTUD7B	c1
0.00016651573236727	-0.825765496020221	0.029	0.048	1	GCSH	c1
0.00545082318325914	0.825206067505571	0.01	0.005	1	CDH23	c1
0.000527822842277304	-0.824913043497974	0.03	0.047	1	XPO5	c1
0.00105385363292871	-0.824009038026438	0.022	0.037	1	ZNF48	c1
0.0094473524712779	-0.823904332851327	0.01	0.019	1	ZNF674-AS1	c1
0.0108979826977623	-0.823530845069323	0.012	0.02	1	CNTROB	c1
0.0010727010656529	-0.822640628117344	0.017	0.031	1	DOLPP1	c1
0.0217868127008223	-0.821037686115834	0.01	0.017	1	AC113404.1	c1
0.000547183924242113	-0.820891706559641	0.026	0.042	1	ITGAV	c1
0.000320583563909551	-0.820050254745798	0.028	0.045	1	GFOD2	c1
0.00197206710045705	-0.819816214578402	0.018	0.03	1	QPCT	c1
0.043208683045583	-0.818112091188937	0.01	0.016	1	SERAC1	c1
0.000337199151592108	-0.816727202195511	0.034	0.053	1	MBOAT1	c1
0.000306677579381385	-0.81659745284934	0.023	0.039	1	MOB1B	c1
0.00397273574672038	-0.816401313152989	0.011	0.021	1	GDAP1	c1
0.000152249538891996	-0.816296580617742	0.022	0.039	1	NPM3	c1
0.00561558650894884	-0.815441658066567	0.013	0.023	1	CCDC136	c1
0.0534617405326789	-0.814461607466757	0.006	0.011	1	ROM1	c1
0.000177921872240028	0.814118091935268	0.025	0.014	1	RPS6KA2	c1
0.00906866318949493	-0.812840672256015	0.021	0.032	1	SMURF1	c1
0.00269309714509625	-0.812407489082756	0.013	0.025	1	RP11-65I12.1	c1
0.00828363510953792	-0.812332663544761	0.017	0.027	1	VKORC1L1	c1
0.213758965889935	-0.812234544582894	0.011	0.014	1	PLAUR	c1
0.0114023951573836	-0.81181622877214	0.015	0.024	1	C1orf61	c1
0.00200647003441285	-0.811689063888797	0.135	0.157	1	TBC1D4	c1
6.87844996568707e-05	-0.811388336793715	0.029	0.05	1	UBFD1	c1
0.0136109600294126	-0.811017261200767	0.013	0.022	1	ZNF595	c1
4.35103216535084e-05	-0.809927136324261	0.026	0.047	1	PON2	c1
4.52854435768661e-05	-0.806738086203362	0.032	0.054	1	FAM118B	c1
0.0744279434173162	-0.80499841767116	0.006	0.01	1	SLX1A	c1
0.0198959548753599	-0.802909784555559	0.009	0.015	1	GCNT2	c1
0.00961911882645149	-0.800856018954202	0.026	0.038	1	TSTD3	c1
0.000100029325880271	-0.800639728662975	0.022	0.04	1	BLM	c1
0.000161084043990503	-0.800044106509211	0.037	0.058	1	RPS6KC1	c1
0.0010573275997425	-0.799348663749725	0.022	0.037	1	PANX1	c1
0.00992473524489527	-0.798784639788393	0.012	0.021	1	CARM1	c1
0.000405742304532073	-0.796850400354636	0.028	0.045	1	SLC41A1	c1
0.0167270905484516	-0.796400932817797	0.012	0.02	1	ZNF529-AS1	c1
0.0081645139392383	-0.796001655114355	0.016	0.026	1	NUDT19	c1
0.0287079735394235	-0.794830731049835	0.009	0.016	1	ITGA3	c1
0.000453196712251171	-0.79357418937161	0.018	0.033	1	LMAN2L	c1
0.00721784213859504	-0.792984865755616	0.023	0.035	1	CHN2	c1
0.182945543377481	-0.79069098109349	0.007	0.01	1	LRFN3	c1
5.06512455995308e-05	-0.790323335156834	0.035	0.057	1	TEX30	c1
0.122961080331543	-0.789111964041537	0.009	0.013	1	ZNF319	c1
0.00445875827491297	-0.788867621235281	0.009	0.017	1	CENPW	c1
0.000251750732473338	-0.788676209594093	0.035	0.054	1	MOB3C	c1
0.00042070882340458	-0.787716093992297	0.028	0.045	1	ZNF562	c1
0.0815665730909278	0.787395825271312	0.013	0.009	1	RP5-903G2.2	c1
0.00479112376708307	-0.787222105164141	0.017	0.028	1	CTB-58E17.1	c1
0.00047265578203334	-0.785984079835534	0.02	0.035	1	SERPINB8	c1
5.73076909916825e-05	-0.783328010273264	0.056	0.081	1	EMSY	c1
0.0437991059242402	-0.783232236480995	0.03	0.039	1	TRBV27	c1
0.0225191686567238	-0.782061589300869	0.015	0.023	1	ZNF558	c1
0.0309178248073041	-0.781436439507631	0.012	0.019	1	AGPAT4	c1
0.002612631146319	-0.781089889258409	0.037	0.053	1	LINC01588	c1
3.39460523595703e-05	-0.780153615600068	0.052	0.078	1	MAP7D3	c1
0.0217883548196307	-0.779062395532087	0.011	0.019	1	SNX30	c1
0.000115792009619456	-0.778125119904661	0.035	0.055	1	OTUD4	c1
0.00175206527300417	0.77749058841948	0.017	0.009	1	RP11-422P24.11	c1
0.00335735363000587	0.77723622617236	0.015	0.008	1	MYOM2	c1
0.000348366742629033	0.776812644126509	0.037	0.024	1	TRAV41	c1
0.0946678978405304	-0.77679644677176	0.01	0.015	1	PPM1N	c1
0.000215553191633729	-0.77665607541319	0.03	0.049	1	ZNF764	c1
0.000192128573450485	0.776601104948735	0.013	0.006	1	EFCAB13	c1
0.0170550103093547	-0.775707499947716	0.018	0.028	1	FBXO5	c1
0.00446747147532678	-0.775444091855408	0.017	0.028	1	PTDSS2	c1
0.00561320136876093	0.775184291804826	0.011	0.006	1	RP11-373N22.3	c1
0.000118275790044359	-0.775108071355648	0.023	0.041	1	PXMP2	c1
0.00767987453394867	-0.774360874043518	0.013	0.022	1	MBD3	c1
4.99439243565772e-05	-0.774207948183161	0.043	0.067	1	RAB11FIP4	c1
7.68341494040771e-05	-0.774156998677494	0.039	0.062	1	KIAA1324	c1
0.00182671765481312	-0.773412783869255	0.033	0.049	1	TBL2	c1
0.00049060403716994	-0.773213261929915	0.019	0.035	1	SESN2	c1
0.000449250159328434	-0.773070145675206	0.027	0.044	1	ADAT2	c1
0.0938691741739422	-0.769612365354078	0.009	0.014	1	FBXO41	c1
0.000598329697679654	0.76866633463056	0.026	0.016	1	RP1-167O22.1	c1
0.000315251151209814	-0.768052448507258	0.02	0.036	1	TGFBRAP1	c1
0.00454753584502295	-0.767631556527581	0.021	0.033	1	IPMK	c1
0.00914941435850493	-0.767017913703383	0.027	0.039	1	ZNF80	c1
0.0129714033945379	-0.766980912470103	0.007	0.014	1	RP11-214N9.1	c1
0.000207627505255262	-0.765706749991145	0.025	0.043	1	TNRC18	c1
0.0580287234676956	0.76551108822262	0.013	0.009	1	RP11-567M16.6	c1
0.00422937444655328	-0.765352447918308	0.024	0.037	1	ZNRF2	c1
0.0534971688605254	-0.764884647871384	0.011	0.017	1	LINC00665	c1
8.50280322698955e-05	-0.764111031352337	0.03	0.051	1	NDUFAF5	c1
0.000598731382456979	-0.763947647643402	0.033	0.051	1	ZNF75D	c1
0.00156527134166612	-0.763585446630858	0.021	0.035	1	HACE1	c1
0.00472986786571555	-0.761978004617707	0.015	0.026	1	SERPINI1	c1
0.0283685150843887	-0.76190641387497	0.005	0.01	1	RP11-386G11.10	c1
5.12117317157945e-05	-0.761804426278912	0.046	0.07	1	APAF1	c1
0.0102974628466695	-0.76163400908068	0.013	0.023	1	TMSB15B	c1
7.73781035235328e-05	-0.76141596772804	0.044	0.067	1	MAP3K6	c1
0.0151317023748493	-0.758486362155988	0.013	0.021	1	HYLS1	c1
0.00914090281148748	0.758332603919444	0.011	0.006	1	CHODL	c1
0.00407948877132556	-0.755882024464426	0.031	0.045	1	RASGEF1B	c1
3.38428422027058e-05	-0.755795479058836	0.047	0.072	1	CEP78	c1
0.0126477605333501	-0.754589279548212	0.011	0.019	1	KNSTRN	c1
0.00726160551589698	0.753873085663728	0.01	0.005	1	RP11-126O1.6	c1
0.000272506927290384	-0.753514775915695	0.033	0.052	1	CHUK	c1
8.36345145043499e-05	-0.752507937738737	0.053	0.078	1	MED14	c1
0.0472394936264343	-0.750849119150418	0.012	0.019	1	ZNF613	c1
0.00087415534523978	-0.750247005813081	0.033	0.05	1	SMARCD2	c1
0.022293387971793	-0.749794158056852	0.012	0.019	1	RAB3D	c1
0.000613230935968255	-0.749665011837466	0.028	0.044	1	POMZP3	c1
0.0751968455313528	0.749395549997586	0.011	0.007	1	RP11-872J21.3	c1
0.000973333932342762	0.74893296851417	0.019	0.011	1	LINC00544	c1
9.029803267669e-05	-0.748845576858625	0.033	0.055	1	WDYHV1	c1
0.00261532292250747	-0.746665935006539	0.025	0.038	1	ENPP4	c1
0.0399583020903281	-0.74624483284141	0.011	0.018	1	EXTL3	c1
9.73911681082658e-05	-0.745924285283501	0.024	0.043	1	EIF4ENIF1	c1
0.00101140925360695	-0.745636039858773	0.017	0.031	1	SPOPL	c1
0.000886129749945336	-0.744866393697318	0.024	0.039	1	A1BG-AS1	c1
0.00405948936253883	-0.742838600188747	0.017	0.028	1	CEP57L1	c1
0.000582423499658172	-0.742747821895968	0.03	0.047	1	BOLA2B	c1
0.0102694160335751	-0.741980373627692	0.015	0.024	1	HEATR5A	c1
0.00401064598093797	-0.741632540442443	0.01	0.019	1	COL6A3	c1
0.0128237985238004	0.741025995894205	0.011	0.006	1	CDNF	c1
0.0188868981758455	-0.739409343685952	0.015	0.023	1	SWAP70	c1
0.136906601893286	-0.738103996555342	0.025	0.031	1	TRBV12-4	c1
0.000685390113441886	-0.737686740788946	0.023	0.039	1	NHEJ1	c1
0.0051681202222715	-0.736600973270887	0.015	0.026	1	IFFO2	c1
4.65432103230782e-05	-0.736470958500238	0.037	0.06	1	TRAV12-1	c1
0.02803469766943	0.736461827503364	0.01	0.006	1	AC006942.4	c1
0.000209265891958522	-0.734540806282286	0.044	0.065	1	SLK	c1
0.0217804079601353	-0.733988726456988	0.024	0.033	1	KLHDC10	c1
0.0242978196893019	-0.733700404482923	0.022	0.031	1	MPP1	c1
0.00147352638478235	0.733284568691816	0.016	0.008	1	RP11-96H19.1	c1
0.0020231822983814	-0.732256884711606	0.021	0.034	1	KIF1C	c1
0.00359582219730714	0.732150964040369	0.011	0.006	1	PPIAL4G	c1
0.0140004496678881	-0.730946712536166	0.006	0.013	1	IRGQ	c1
0.040313582806142	-0.730789741643009	0.016	0.023	1	PLCH2	c1
0.0527532348769179	-0.730359364822252	0.011	0.017	1	TTLL4	c1
0.00464181206638341	-0.729773130133025	0.017	0.028	1	RMI1	c1
0.00851622954357096	0.729239654618086	0.01	0.005	1	RP11-96K19.5	c1
0.00298855467588811	-0.729103807356361	0.015	0.026	1	SPAG1	c1
0.0998736672616342	-0.728661327978405	0.011	0.016	1	CFH	c1
0.000155780466905676	-0.72767514942534	0.022	0.04	1	ECI1	c1
0.000718979948978164	-0.727482884952406	0.029	0.046	1	ZNF846	c1
0.022791721451468	0.726076543243502	0.01	0.006	1	ZNF502	c1
0.00163493099675982	-0.725883891735858	0.035	0.051	1	SCLY	c1
0.000386553742883977	-0.725817326473404	0.034	0.053	1	SPAST	c1
8.72153676473062e-05	-0.725722194788886	0.036	0.058	1	WWC3	c1
0.00160047286973379	0.724348774957685	0.018	0.01	1	ACSM3	c1
0.0114751733494637	-0.724320243053955	0.017	0.026	1	TIGD7	c1
0.0158043590004509	0.722393913724937	0.011	0.007	1	RP11-819C21.1	c1
0.000147813336842647	0.722013535325901	0.021	0.011	1	JAM3	c1
0.0977233048738919	-0.721119163819445	0.009	0.013	1	RP11-572O17.1	c1
0.0145033778021557	-0.720770818723373	0.021	0.03	1	STRN4	c1
0.00586073196932763	-0.720525115108557	0.01	0.019	1	MYB	c1
0.0768351029395879	-0.719357728589711	0.007	0.011	1	MPND	c1
5.19960367859248e-05	-0.718639821182947	0.055	0.08	1	THEMIS2	c1
0.000930793222829758	-0.71756381558847	0.044	0.062	1	XPO7	c1
0.00607714265868425	-0.717520129399027	0.012	0.021	1	ZNF257	c1
0.0166935545531334	-0.71749936999784	0.013	0.022	1	PLA2G15	c1
0.00359101611728366	0.716077854023959	0.011	0.006	1	TKTL1	c1
0.0151338642589533	-0.715998230509146	0.01	0.017	1	ERICH6-AS1	c1
0.00102720893572466	-0.715930612760352	0.025	0.04	1	BMPR2	c1
0.000101200940551255	-0.715301738548111	0.043	0.066	1	FAM122C	c1
0.0568378566102384	-0.714587938054928	0.013	0.019	1	PHLDB2	c1
0.000488922576409858	-0.714484864549632	0.037	0.056	1	TYW5	c1
0.00512933359305348	-0.714260591980966	0.017	0.028	1	TLDC1	c1
0.000508434349273278	-0.71389368569012	0.024	0.041	1	DPYSL2	c1
0.134672117218433	-0.712842012827939	0.011	0.016	1	RP11-545I5.3	c1
0.00144442274891039	-0.712449807368517	0.019	0.033	1	RP11-398K22.12	c1
0.0411122051452472	-0.711773380731958	0.009	0.014	1	YOD1	c1
4.00955408861205e-05	-0.711484326819057	0.059	0.086	1	FZR1	c1
0.00121987609163763	-0.709905727896283	0.024	0.039	1	TMEM79	c1
0.00516914088241811	-0.709424976781468	0.013	0.023	1	ATRIP.1	c1
0.0803630175734325	-0.708810512989292	0.013	0.019	1	ZWINT	c1
0.000190540023437018	0.708744421715135	0.025	0.014	1	FAM63A	c1
0.000530109230326521	-0.708567460607667	0.042	0.061	1	GPR107	c1
3.49740491952256e-05	-0.7084061423537	0.235	0.266	1	ICOS	c1
0.0959914327727823	-0.708356730714297	0.008	0.012	1	ZKSCAN7	c1
5.46625728575008e-05	-0.708349157252758	0.039	0.062	1	METTL2A	c1
0.0201832619576234	-0.708195145864011	0.024	0.034	1	POLR1B	c1
0.0651158050893041	-0.707990892325248	0.012	0.018	1	VPS9D1	c1
0.00970017335283733	-0.707895401384732	0.022	0.033	1	P2RX7	c1
0.00750684306300165	-0.707667128489344	0.013	0.022	1	GCC2-AS1	c1
0.0827888209411848	-0.70715912936739	0.009	0.013	1	RNF19B	c1
0.00436958778018504	-0.706983790056419	0.021	0.033	1	PQLC2	c1
6.08035252848844e-05	-0.706456601303973	0.043	0.066	1	PMEPA1	c1
0.0148260247966192	-0.705598733233145	0.018	0.027	1	LARP1B	c1
0.00166764300705759	-0.705050590526342	0.024	0.039	1	WDR25	c1
0.000370931377628699	-0.704639692736907	0.025	0.042	1	MTMR12	c1
0.00320726238602995	-0.704236359113667	0.021	0.033	1	CDKL1	c1
0.0920001030637303	-0.703786905102138	0.011	0.016	1	ELMO3	c1
0.00608516819135556	-0.703394299458969	0.018	0.029	1	STK11IP	c1
0.0399236720009589	-0.703297361635355	0.006	0.011	1	AC006129.1	c1
0.00452962461310653	0.702506121406679	0.014	0.008	1	WEE2-AS1	c1
0.00129707606837006	-0.702361502675111	0.042	0.06	1	ENTHD2	c1
0.00808844358212171	0.701968722839484	0.012	0.007	1	MAGI3	c1
3.67874977944446e-05	-0.701882967905324	0.049	0.074	1	KLC2	c1
0.0634374822130227	-0.701561755173747	0.03	0.038	1	TRAV26-2	c1
8.31870019578247e-05	-0.701145635153331	0.046	0.069	1	NCAPH2	c1
0.00376745064037655	-0.70021420271153	0.018	0.03	1	BTBD6	c1
0.000688661620002604	-0.699926263759386	0.027	0.043	1	LRSAM1	c1
0.0949238749971309	-0.69983560917066	0.011	0.016	1	CTD-2023M8.1	c1
0.000161170274137705	-0.698959186124962	0.045	0.068	1	SLC39A13	c1
0.00939507700861672	-0.698804742920635	0.017	0.027	1	MIPEP	c1
0.000822367473571128	-0.698682348484577	0.034	0.051	1	ACACA	c1
0.0101952680777369	-0.697982647793162	0.009	0.016	1	FAAP24	c1
6.03845100286154e-05	-0.69750715131514	0.057	0.083	1	NCOA5	c1
0.0130117516612265	0.697248090811352	0.014	0.008	1	ANO8	c1
0.0337209277467987	-0.69677016600374	0.008	0.014	1	PARPBP	c1
0.0448686071204735	0.696276062123886	0.011	0.007	1	AP001046.5	c1
0.000352031091927246	-0.6956499551786	0.028	0.046	1	ETV3	c1
0.013832742955194	-0.695441267211541	0.012	0.021	1	LINC00115	c1
0.000748214690144566	-0.694597353604849	0.027	0.043	1	RABGEF1	c1
0.015774786995992	-0.694595959553395	0.016	0.025	1	GSTM4	c1
0.0368295576775813	0.69406877987068	0.017	0.011	1	P2RY14	c1
0.000613799094680661	-0.693867603260291	0.045	0.065	1	KAT2B	c1
0.000371708186028195	-0.693585187581058	0.045	0.065	1	NHLRC2	c1
0.00228487562484156	-0.693265807295239	0.026	0.04	1	NOMO2	c1
0.000193485446947547	-0.692425221023908	0.052	0.075	1	EIF4E3	c1
0.0270510086774508	-0.691232934688723	0.019	0.027	1	RSPH3	c1
0.000508800575142003	-0.690967558125468	0.045	0.066	1	TRBV9	c1
0.0191689259455977	-0.690422722674677	0.013	0.021	1	LRP5L	c1
0.0137733364066025	-0.689278905239549	0.021	0.031	1	ABCC5	c1
0.11577474433539	-0.687989137691007	0.015	0.02	1	PRKCE	c1
0.0690478482536378	-0.687714308760873	0.01	0.016	1	FAM149B1	c1
0.000323127724090095	-0.68759208500847	0.039	0.059	1	GLA	c1
0.000252313239209055	-0.686251750127736	0.046	0.067	1	LETM1	c1
0.079232455659618	-0.685714548961351	0.007	0.011	1	DNAJC25	c1
0.0727788771905332	-0.685275603083291	0.013	0.019	1	SAP30L	c1
0.245333816958091	-0.684831150186185	0.017	0.021	1	C16orf74	c1
0.000243417032418768	0.68452676276918	0.018	0.009	1	TXLNB	c1
0.0810753850515578	-0.684138282802866	0.012	0.017	1	NPIPA1	c1
0.000155105096050186	-0.683462487817685	0.045	0.067	1	ZDHHC18	c1
0.0761180362847535	-0.683196027957969	0.012	0.018	1	USP30	c1
0.0224025475104177	-0.681325429153608	0.021	0.03	1	CACTIN	c1
0.0198258232389119	0.681321515811113	0.014	0.009	1	ANKRD31	c1
0.00690291997086804	-0.681168176481756	0.029	0.042	1	TTLL1	c1
0.152330701508974	-0.680896140061168	0.008	0.012	1	CTD-3131K8.2	c1
0.00149871704004421	0.680238152303584	0.016	0.008	1	CNKSR2	c1
0.000636332613330046	-0.67980179519457	0.029	0.046	1	FIG4	c1
0.0924698901180517	-0.679772265138885	0.01	0.014	1	ETV2	c1
0.0139454350858526	-0.679123277067539	0.016	0.025	1	DMPK	c1
5.3484758479658e-05	-0.679080053893359	0.036	0.058	1	RRAGC	c1
0.00480685688748	-0.678793482490669	0.018	0.029	1	GLCE	c1
0.0130149470651304	-0.678685303507191	0.016	0.025	1	SRF	c1
0.00199737613665289	0.678502502485035	0.013	0.007	1	RNFT2	c1
3.93123381289078e-05	-0.677648680974008	0.083	0.112	1	UBA6	c1
0.0112462638649673	-0.6769287218083	0.021	0.031	1	TMEM106A	c1
0.000145831126065231	-0.676693430434435	0.05	0.073	1	PDZD8	c1
0.0222506609613542	-0.676680385464828	0.037	0.048	1	HIST1H2BC	c1
4.9739366976917e-05	-0.675899533417796	0.043	0.067	1	INTS9	c1
0.00213539101941064	-0.675360271858342	0.033	0.049	1	SIK2	c1
0.000617155094968863	-0.675261272575893	0.034	0.052	1	CRAT	c1
5.78570497378951e-05	-0.674088351517427	0.049	0.073	1	STAU2	c1
0.00205909037500171	-0.673498880019209	0.024	0.038	1	DUSP14	c1
0.000214888494117826	-0.673243956993205	0.037	0.058	1	MEX3C	c1
0.0145470311619327	-0.672861148734951	0.016	0.025	1	CH17-340M24.3	c1
0.00113989280126912	-0.672756820558557	0.031	0.047	1	SLC35D2	c1
0.00745512525130405	-0.672512543297494	0.033	0.047	1	ATMIN	c1
0.0744845513512029	-0.671068974655389	0.005	0.01	1	METTL21B	c1
0.0145721707192598	-0.671049656715788	0.025	0.035	1	HEG1	c1
0.000640079564332757	-0.67071537114923	0.024	0.04	1	C14orf80	c1
0.00429852477227591	-0.670614970315349	0.031	0.045	1	PPP2R5B	c1
0.00522313820001168	-0.67007008411059	0.029	0.042	1	KMT5C	c1
0.000556062503634772	-0.669878581484075	0.049	0.069	1	DDI2	c1
0.0629242188907895	-0.669675555311156	0.009	0.014	1	RP11-286N22.8	c1
0.113777642552203	-0.669338846422217	0.03	0.037	1	TRBV7-6	c1
0.000185141940350063	-0.669270707282291	0.044	0.066	1	PCNT	c1
0.0750470844579355	-0.668969773667164	0.017	0.024	1	JRK	c1
0.00274323715856649	-0.668783286899489	0.03	0.045	1	OGFRL1	c1
7.4272830036479e-05	-0.668273033698956	0.047	0.071	1	RBM4B	c1
0.00248372604883989	0.668000192291926	0.018	0.01	1	RORA-AS1	c1
0.020405357633592	-0.667801984788611	0.007	0.013	1	COA7	c1
0.031461422064221	-0.667250161369003	0.023	0.031	1	RP3-395M20.8	c1
0.00055698242886124	-0.666447273870659	0.03	0.048	1	ACOX3	c1
0.00776883172048928	0.666046957133467	0.016	0.009	1	ZNF19	c1
0.0208564001596278	0.665894845073909	0.011	0.007	1	RP11-326C3.12	c1
0.000491945106311074	-0.665269044087776	0.056	0.077	1	STRBP	c1
0.012288447224001	-0.663704633928735	0.026	0.037	1	GIT1	c1
7.4201440262639e-05	-0.663604029542346	0.056	0.081	1	BLVRB	c1
0.00127098976130391	-0.663194981526429	0.036	0.053	1	P3H1	c1
6.29398203981662e-05	-0.662737498799463	0.044	0.068	1	ZNF490	c1
0.00619028482356467	-0.662584924521199	0.032	0.046	1	IQCG	c1
7.01653374408362e-05	-0.662499427742418	0.053	0.078	1	RUSC1	c1
0.00319174379430533	-0.662430627578204	0.014	0.025	1	FAM234A	c1
0.00102436459518301	0.662223686202251	0.018	0.01	1	HKDC1	c1
0.118291081203232	-0.662211464877075	0.013	0.018	1	ARHGAP21	c1
0.000917530017339551	-0.662107615857576	0.03	0.047	1	MAP3K14-AS1	c1
0.00090331594392625	-0.661914998770404	0.045	0.064	1	MLYCD	c1
0.0229413721758002	-0.661859630362217	0.06	0.074	1	TRAV8-6	c1
0.0885402535804555	-0.661274972393602	0.006	0.01	1	ST6GALNAC3	c1
0.0032140517224197	-0.66095898607631	0.029	0.043	1	MFSD3	c1
0.0198485364572549	-0.660925503477523	0.018	0.027	1	B3GALNT2	c1
0.0681193397314937	-0.660500639183639	0.013	0.019	1	DRAM1	c1
0.0696677431893859	-0.660429603207754	0.007	0.012	1	CNIH3	c1
0.320524117992225	-0.660391798092916	0.008	0.01	1	KLHL17	c1
0.000111694927731986	-0.660038014814481	0.09	0.118	1	NPC1	c1
0.00480698306459538	-0.659595699172558	0.022	0.034	1	IFI27L1	c1
0.00479835181641478	-0.659424919499499	0.031	0.044	1	MPV17L2	c1
4.11185716704918e-05	-0.658636855882971	0.06	0.088	1	THAP3	c1
3.90079082548851e-05	-0.658620827971393	0.045	0.07	1	NUP85	c1
0.0025539057548752	0.658464755254214	0.029	0.019	1	CDCA7L	c1
0.190893806850676	-0.657897217034886	0.011	0.014	1	HIST1H2BG	c1
0.000346004526356867	-0.657779140389557	0.033	0.052	1	GALNS	c1
0.166812035402209	-0.657474263554547	0.007	0.01	1	GYLTL1B	c1
5.25347145564287e-05	-0.656583020787742	0.047	0.072	1	GTF2H2	c1
0.00278038349708295	0.656187138544855	0.022	0.013	1	RP4-594I10.3	c1
0.000597741778759916	-0.656121900701948	0.033	0.051	1	SLC35F5	c1
0.00464336748442505	-0.655465918293552	0.031	0.045	1	CYP51A1	c1
0.0864864236295658	0.655444906138237	0.01	0.007	1	BDNF-AS	c1
3.65074862881385e-05	-0.654884914410789	0.054	0.081	1	UBE2S	c1
0.0195786657048796	0.65479188692051	0.013	0.008	1	ZBTB18	c1
0.00419062681335225	-0.654769316141823	0.029	0.043	1	RUNDC1	c1
0.00121112339358069	-0.654607033674974	0.033	0.05	1	TATDN2	c1
0.0060096413443122	0.654075238430333	0.015	0.009	1	RBAK-RBAKDN	c1
0.0312951708919975	0.653288840332282	0.012	0.008	1	RP5-1071N3.1	c1
0.00444800429132372	-0.652272478600554	0.015	0.026	1	ZNF282	c1
0.00103436907749721	0.652239124738923	0.024	0.015	1	PLK2	c1
0.000318436440507385	-0.651587272349433	0.06	0.083	1	ANTXR2	c1
0.0406796347364737	-0.651262694598566	0.024	0.033	1	WDR47	c1
0.00872266068203438	-0.651137279135861	0.024	0.035	1	TM7SF2	c1
0.000142853085284597	-0.65086753726544	0.053	0.077	1	BCAT2	c1
0.00494654457375759	-0.650571018190031	0.022	0.034	1	ARHGEF18	c1
0.00541495564099798	0.65023117040261	0.022	0.014	1	ZNF844	c1
0.00686884299176458	-0.650070679515034	0.02	0.031	1	ZNF548	c1
0.0339579964202274	0.649347784036071	0.01	0.006	1	RP11-327F22.1	c1
0.00934711996100002	-0.649227537192628	0.016	0.026	1	RBBP9	c1
0.0164088823436177	-0.649099411337399	0.028	0.039	1	PURB	c1
0.0024989453731198	-0.648908258562393	0.026	0.041	1	GBA2	c1
9.80929615816672e-05	-0.648595322890295	0.05	0.074	1	WDR83	c1
0.000420066866702999	-0.648588292466946	0.048	0.069	1	NFE2L1	c1
0.0106020434658319	-0.647755997333704	0.023	0.034	1	BORCS8	c1
0.00925176422601086	0.647475289660989	0.022	0.014	1	PFKM	c1
0.00922910954879737	-0.64746650097439	0.019	0.03	1	UBXN8	c1
0.0744680367763366	-0.64728246975398	0.018	0.025	1	ARMC5	c1
0.0126783844251499	-0.646648323524532	0.024	0.035	1	C1orf112	c1
0.00110153899687687	-0.646594817133535	0.033	0.05	1	SLC25A43	c1
0.00751698355737116	-0.646290833313572	0.03	0.043	1	ADAM15	c1
0.0109851529238088	-0.646023127752678	0.016	0.025	1	NUDT8	c1
0.0422839152729132	-0.645980520582947	0.015	0.022	1	CTC-329D1.2	c1
0.000177223229517931	-0.645840333369865	0.035	0.055	1	ABHD5	c1
0.000352493923982805	-0.645449765795801	0.059	0.081	1	TRIM37	c1
3.20570354926717e-05	-0.645209089359098	0.053	0.08	1	EIF4G3	c1
0.00167243346157931	0.64507489278383	0.032	0.021	1	TRBV6-2	c1
0.000779487841654196	-0.644900671564123	0.046	0.065	1	WDR44	c1
0.00929360700451457	-0.644627366249725	0.017	0.027	1	TOMM40L	c1
0.139797922984301	-0.644325019793442	0.02	0.025	1	LIPE-AS1	c1
0.00633935833867998	0.644292026225137	0.025	0.016	1	LINC00540	c1
0.000565431508654174	-0.644041857060305	0.038	0.057	1	SPATA33	c1
5.93291546160388e-05	-0.643771691429335	0.052	0.078	1	UCK1	c1
0.0191986288100472	-0.6435781241511	0.01	0.018	1	SLC2A6	c1
0.0208110034712489	0.643374604519583	0.01	0.005	1	RP11-353N4.6	c1
0.0628234792780961	-0.642339736301545	0.016	0.023	1	SPSB2	c1
0.0258594468728321	-0.642263611642914	0.016	0.024	1	CTNS	c1
8.52639606433485e-05	-0.642227660826886	0.053	0.078	1	PYGB	c1
0.000256224699788577	-0.641452911299609	0.052	0.075	1	EPT1	c1
0.0167169221142407	0.641371435970811	0.013	0.008	1	CCT6B	c1
0.000546758564981755	-0.641113944348253	0.029	0.047	1	TUBG1	c1
4.9788055254176e-05	-0.640916999173407	0.04	0.064	1	C6orf106	c1
0.0051744662298294	-0.640674270420097	0.024	0.037	1	HIGD1A	c1
0.00650432800239616	0.64003466060447	0.012	0.006	1	RP11-490O6.2	c1
0.0193012736502798	-0.639971381668411	0.008	0.014	1	SV2A	c1
0.0314977166620355	-0.639962888547826	0.025	0.035	1	H3F3C	c1
4.49964611203447e-05	-0.639657699220922	0.059	0.086	1	FKBP15	c1
0.00230156997190703	-0.639585877777306	0.041	0.058	1	RFWD3	c1
0.0236855712603313	-0.639408042888886	0.039	0.051	1	POFUT2	c1
0.0134960942836396	-0.639173807489873	0.018	0.028	1	SAP30	c1
0.000891264910305113	-0.639070256840624	0.038	0.056	1	SPRYD7	c1
0.00233625447631949	-0.638963159326136	0.022	0.036	1	ESRRA	c1
0.000171620423440067	-0.637890904254368	0.053	0.077	1	GALNT6	c1
0.0474489223618532	-0.636984326650763	0.01	0.016	1	CIPC	c1
0.000140034554577481	-0.636729111632805	0.076	0.102	1	ADAT1	c1
0.02867273608935	-0.636552279461951	0.019	0.027	1	MIEF2	c1
0.0530671501542521	-0.636485198590428	0.024	0.032	1	TBC1D10B	c1
0.00610535930730695	-0.635533126068561	0.019	0.031	1	TAF1A	c1
0.0125692759697465	-0.635092074923598	0.02	0.03	1	RP11-61K9.3	c1
0.000412321505083187	-0.634933902434107	0.026	0.043	1	KLHL2	c1
0.00131193425390757	-0.634676742880574	0.042	0.059	1	UBXN2B	c1
0.00482451158671122	0.634601165620355	0.015	0.008	1	RP11-439L18.2	c1
0.0627011986056584	-0.634282073682918	0.01	0.015	1	RP11-137H2.4	c1
0.0775531594440158	-0.634033856622874	0.007	0.011	1	VASH1	c1
0.000940459404965245	-0.63393362854438	0.046	0.065	1	SLC37A3	c1
0.00322500384366687	-0.633300508786798	0.03	0.044	1	DNAJC18	c1
0.0409245985681454	-0.633284089616297	0.012	0.018	1	MED26	c1
0.00698112830170247	-0.632583481893551	0.028	0.041	1	TEX10	c1
0.00283461281351492	-0.63240846704507	0.021	0.033	1	ZNF25	c1
0.0274572642942495	-0.632191014650193	0.018	0.026	1	CKMT2-AS1	c1
0.000396740628130541	-0.632188556219452	0.042	0.062	1	MYPOP	c1
0.0420442443354618	-0.63211671279895	0.018	0.026	1	SEPT8	c1
0.1383152650482	-0.631094514168331	0.007	0.011	1	ZFP69	c1
0.0171651674315897	0.63064565728536	0.02	0.013	1	RBM26-AS1	c1
0.000145696069908708	-0.630589801859119	0.049	0.072	1	RNF8	c1
0.00518173254391818	-0.629954346039796	0.038	0.052	1	STK38L	c1
0.0156540123902027	0.628978406757692	0.013	0.008	1	MAML3	c1
0.489674501542176	-0.628965326236192	0.064	0.067	1	TRAV13-2	c1
0.115859228545296	-0.628899091954468	0.008	0.012	1	NSMF	c1
0.0851286647450653	-0.628846936995894	0.015	0.02	1	CPNE8	c1
0.000633865839709338	-0.6287576640995	0.062	0.083	1	CLIC5	c1
5.33911459777659e-05	-0.628271586581178	0.054	0.08	1	TAF1B	c1
0.00510504995484935	-0.628129341054088	0.019	0.03	1	ZNF79	c1
0.000123303198699154	-0.627416933867918	0.057	0.082	1	PTPN9	c1
0.00346735343701234	-0.627239048048192	0.029	0.043	1	TAB3	c1
0.0126884363892133	-0.6271512321859	0.018	0.028	1	BORA	c1
0.000966276763371203	-0.626330241795727	0.045	0.064	1	DNAJC25-GNG10	c1
0.00370377626938409	0.626117863119667	0.023	0.015	1	CTC-338M12.5	c1
0.000115094522546442	-0.625521353913804	0.077	0.104	1	ITGA5	c1
3.90550130195275e-05	-0.625112293730947	0.056	0.083	1	POC5	c1
4.08767626326087e-05	-0.624877723446656	0.086	0.116	1	PCNA	c1
0.000199324822527356	-0.624870810168083	0.064	0.089	1	MARCH3	c1
0.0199849182321401	-0.624856709575396	0.024	0.034	1	TRAF4	c1
0.000740311597678843	-0.624550516509861	0.029	0.045	1	HAUS8	c1
0.000142839334164269	-0.624392890774276	0.068	0.094	1	ZBTB43	c1
0.00988455440873353	-0.624250346044407	0.027	0.039	1	IPO13	c1
0.124366210529735	-0.623950871574156	0.009	0.013	1	ZNF81	c1
0.000204376154643472	-0.623691884650521	0.066	0.091	1	CMIP	c1
0.0383050567581906	0.623173025703855	0.019	0.014	1	C9orf40	c1
0.116470390558319	-0.62303817305706	0.01	0.014	1	ZNF787	c1
0.00365316544160142	-0.622790315091498	0.028	0.041	1	CCDC117	c1
0.0401430802104825	-0.622428549908308	0.016	0.024	1	AC145124.2	c1
0.0120856799994316	-0.6220498030227	0.029	0.04	1	LINC01137	c1
4.10956467842138e-05	-0.622044944533767	0.071	0.1	1	PHF21A	c1
0.000230565163298315	-0.622022280705592	0.053	0.076	1	FAM117A	c1
0.00128957863030166	-0.621368157616884	0.038	0.055	1	PIP5K1C	c1
0.00398735422129125	-0.621292271982752	0.014	0.025	1	TIMELESS	c1
4.33419318748445e-05	-0.621070682325743	0.067	0.095	1	PEX19	c1
0.00341220732325562	-0.620788200454651	0.025	0.039	1	ATXN1L	c1
0.00436684288176154	-0.620629290915633	0.031	0.045	1	PANK3	c1
0.000771558735830664	-0.620486085652772	0.033	0.051	1	PCGF6	c1
0.025707338519225	-0.620370014832768	0.022	0.031	1	PMF1	c1
0.00273590982788892	-0.620335395717711	0.015	0.027	1	EGR2	c1
0.000149037529545275	-0.620113552307008	0.046	0.069	1	ACP2	c1
0.0314076824558832	-0.619309434332482	0.011	0.018	1	CCNI2	c1
0.00412109589436921	0.618999907972475	0.019	0.011	1	CDC37L1-AS1	c1
0.0263836671708817	-0.61856181591455	0.01	0.017	1	KMT5A	c1
0.0385693194555868	-0.618362813716678	0.017	0.025	1	LINC00265	c1
0.000261071860077845	-0.618081413411886	0.053	0.075	1	TOR1B	c1
0.00115124104743429	-0.61807303296606	0.039	0.057	1	CCDC92	c1
0.0874324181851991	-0.617864255560471	0.012	0.017	1	RBAK	c1
0.000160424945119822	-0.617279969204449	0.035	0.055	1	CHP1	c1
0.00887208815510917	0.616868449119768	0.022	0.014	1	RP11-464F9.20	c1
6.66699568847549e-05	-0.616676970666777	0.05	0.075	1	SEC24D	c1
0.000172955456922066	-0.61667518990704	0.071	0.097	1	CH17-189H20.1	c1
0.0214051152976343	-0.615969591322671	0.014	0.022	1	NEK3	c1
0.030498437609137	-0.615953444042071	0.024	0.033	1	RP2	c1
0.00154244908144669	0.615246632143073	0.043	0.03	1	SNN	c1
0.00135599513852743	0.615167474833474	0.023	0.014	1	IGSF22	c1
0.0691001960216852	0.614971951983077	0.023	0.017	1	RP11-539I5.1	c1
0.032157980911017	-0.614863121171012	0.011	0.017	1	CENPP	c1
0.00575360520335344	-0.614598263271812	0.024	0.037	1	IPPK	c1
0.00225640684933018	-0.614519599213063	0.031	0.046	1	VPS18	c1
6.18197578246416e-05	-0.613516564394624	0.063	0.09	1	DCAF15	c1
0.0116154848032682	-0.613254482287862	0.046	0.06	1	POLR3A	c1
0.0737134216118065	-0.612964686044895	0.018	0.025	1	ZNF549	c1
0.00163171321328275	0.612958387917565	0.031	0.02	1	FKTN	c1
3.69095659265434e-05	-0.612537508300074	0.059	0.086	1	TRIP4	c1
0.316698201615908	-0.612407955910626	0.01	0.013	1	NADK2	c1
0.0262917743136123	0.611587082820546	0.019	0.013	1	XKR6	c1
0.000102562989370381	-0.611209446700049	0.063	0.088	1	NUP93	c1
0.00024764244959129	-0.611207219585238	0.044	0.066	1	SIL1	c1
0.00136505612784519	-0.611197077373959	0.039	0.056	1	EIF5A2	c1
0.00802922214667944	-0.611131180563879	0.01	0.018	1	DPY19L3	c1
0.0321627250518339	-0.611086695550585	0.029	0.038	1	ZNF18	c1
0.00133494129921599	-0.610745715698314	0.052	0.071	1	PROSER1	c1
9.22300405658957e-05	-0.609569693312443	0.055	0.079	1	AGPS	c1
7.63678743793394e-05	-0.608900819541853	0.07	0.097	1	FYCO1	c1
0.324794111725013	-0.608868742466185	0.016	0.019	1	SYNM	c1
0.000618562055116568	-0.608712615195939	0.046	0.067	1	GOLGA8A	c1
0.000135282248394871	-0.608126182772196	0.05	0.074	1	FHOD1	c1
0.00187122832024254	-0.60805779848469	0.053	0.072	1	NRF1	c1
0.00065916461732172	-0.607550920846382	0.049	0.069	1	EHBP1L1	c1
0.000609060329266973	-0.60748046640204	0.04	0.06	1	DUSP18	c1
0.00103761737526906	-0.606906807993654	0.056	0.076	1	CTB-31O20.2	c1
0.00148026998676309	0.606774550585452	0.031	0.02	1	IRS2	c1
0.00198095521366813	-0.606755087116207	0.025	0.04	1	AP4M1	c1
0.0019606553928399	0.606571581448814	0.018	0.01	1	PWAR6	c1
0.000235519949248356	-0.606429889596205	0.033	0.053	1	MANEA	c1
0.00911319084668333	-0.6057573844624	0.029	0.041	1	PABPC1L	c1
0.00109978537966836	-0.605515239798564	0.037	0.055	1	AAMDC	c1
4.66650819004306e-05	0.604499845887508	0.043	0.027	1	TRBV12-3	c1
0.0856880833667568	-0.604080021735323	0.009	0.013	1	PWP2	c1
0.0619815021469444	-0.604045973152413	0.016	0.022	1	SNHG22	c1
0.0132975601168465	0.604027179913201	0.012	0.007	1	HIST1H2AB	c1
0.175980361617489	-0.603933553064327	0.008	0.012	1	ZNF829	c1
0.0605792499318941	-0.60371794385355	0.006	0.01	1	ATP2A1-AS1	c1
0.0178343534388403	-0.603656675712268	0.03	0.041	1	EOGT	c1
4.51909846948599e-05	-0.603501767512272	0.062	0.089	1	TRAPPC10	c1
0.00325600590421933	-0.603051949629153	0.024	0.038	1	TFCP2	c1
0.0363464295082242	0.602817787998319	0.027	0.02	1	TRBV29-1	c1
5.54268691227964e-05	-0.602211657664463	0.039	0.062	1	ARID3B	c1
0.378548885081105	-0.602175670654836	0.009	0.011	1	ZSWIM4	c1
0.0027070838801066	-0.602150095757718	0.044	0.061	1	NOTCH1	c1
0.0103824608813986	-0.602138991082063	0.038	0.051	1	PIGU	c1
0.00704813011845937	0.601760708150566	0.012	0.007	1	GLS2	c1
0.000136082352031948	-0.601638408467809	0.044	0.066	1	NIPSNAP3A	c1
3.06208915720829e-05	0.601443476958304	0.045	0.028	1	FAM65A	c1
0.0118941427759444	-0.601180379413792	0.031	0.043	1	MCOLN1	c1
0.0577857781478229	-0.600998499227556	0.014	0.02	1	ZNF527	c1
0.0378568667438482	-0.600969590639506	0.007	0.012	1	POC1B-GALNT4	c1
0.000955432205205517	-0.60075280596653	0.044	0.063	1	DHDDS	c1
0.000727566567440061	-0.600524349970932	0.049	0.069	1	SDE2	c1
0.0322998729422737	-0.600364187053477	0.014	0.021	1	ALG10	c1
0.000868741441478058	-0.600168555103071	0.036	0.054	1	GTF2H2C	c1
3.03104831465227e-05	-0.600019572287897	0.078	0.108	1	HIST3H2A	c1
0.000782427512530429	-0.599396373438628	0.05	0.07	1	FAM174A	c1
0.0545231191055225	-0.599297133339956	0.015	0.021	1	ENTPD5	c1
0.000264028617807446	-0.599061877373717	0.078	0.103	1	BAZ2B	c1
0.00163679621231575	-0.598497676557237	0.042	0.059	1	TMEM120B	c1
0.00428401602822334	-0.59832800477411	0.021	0.033	1	GALE	c1
0.000150278783537295	-0.597990266325423	0.06	0.085	1	UBR7	c1
0.0704926881345369	-0.597989763451517	0.015	0.021	1	RP13-188A5.1	c1
0.0249164851488712	-0.597129939049042	0.028	0.038	1	MAP1LC3B2	c1
0.0040657032730889	-0.596995799296572	0.043	0.059	1	LINC00944	c1
0.000760739246241629	-0.596574440697908	0.055	0.076	1	ANAPC10	c1
0.0311763204319038	-0.596492774202583	0.024	0.033	1	SGPL1	c1
0.000274258367686255	-0.595569791976922	0.063	0.087	1	GPATCH2	c1
0.0355781116230751	-0.595223666372511	0.021	0.029	1	RALGPS1	c1
0.000143995174063362	-0.595121024717266	0.072	0.098	1	IRF9	c1
0.000536253793521572	-0.595059449408684	0.046	0.066	1	RRP9	c1
0.00103144503273843	-0.59488345550941	0.041	0.059	1	BRPF1	c1
0.000381011253167796	0.59465062944951	0.022	0.012	1	MCC	c1
0.0383462955993694	0.594585078636765	0.013	0.008	1	SLC25A25-AS1	c1
0.000149446730218165	-0.593920035689819	0.045	0.068	1	RITA1	c1
0.00403178072211351	-0.593889806505447	0.031	0.045	1	LRRC45	c1
0.0236929577523681	-0.593835835984784	0.026	0.036	1	ZNF197	c1
0.00047924317584239	-0.59367039824724	0.039	0.058	1	HGH1	c1
0.000317069998792395	-0.592965601252152	0.053	0.076	1	PLOD3	c1
0.0608877595054516	-0.592709687441895	0.005	0.01	1	MUC12	c1
3.25856152324887e-05	-0.592406470365794	0.061	0.089	1	ALG8	c1
0.000289661174934138	-0.592312147108792	0.058	0.081	1	ICMT	c1
0.0111976537454507	-0.592186515946461	0.028	0.04	1	TUBGCP4	c1
0.022015543170929	-0.591623907157131	0.034	0.045	1	SASS6	c1
0.000673256741481594	-0.591571703968329	0.047	0.067	1	APOL1	c1
0.00661246153153617	-0.591395353397544	0.032	0.046	1	RDH13	c1
0.000100519996491301	-0.591255961456735	0.076	0.103	1	BTBD1	c1
0.0634661034434769	-0.590901577733211	0.012	0.018	1	C1QTNF6	c1
0.00119953380035113	-0.590755196445385	0.055	0.074	1	TRAPPC13	c1
0.0285184582105149	0.590012470797185	0.012	0.007	1	RP11-182J1.1	c1
0.0619856859526239	0.589878426942864	0.013	0.009	1	RP5-1065J22.8	c1
0.00032066283559952	-0.589820929194188	0.066	0.09	1	GGA3	c1
3.0354399199745e-05	-0.589622418945394	0.078	0.108	1	INTS12	c1
0.00100474494478278	-0.589544636572744	0.055	0.075	1	KDM3B	c1
0.357554814534085	-0.589530348081143	0.01	0.012	1	TIGD6	c1
0.0604069152358444	-0.589232910348446	0.013	0.019	1	PTCD1	c1
5.55462629695288e-05	-0.58868407282984	0.075	0.104	1	SNTB2	c1
0.0120046686410303	0.588189264883031	0.019	0.012	1	BLK	c1
0.000732423304356147	-0.588176402443085	0.043	0.062	1	ZNF836	c1
0.000693705190442269	-0.587704978390229	0.036	0.054	1	RCC2	c1
0.00089755570138829	0.587220111643564	0.023	0.013	1	KCTD21-AS1	c1
0.0462682433881098	0.58576398763813	0.018	0.013	1	ARMCX4	c1
0.00936830062209225	-0.585194586609981	0.027	0.039	1	NECAB3	c1
0.000916852703695327	-0.585130178926389	0.036	0.053	1	GFM2	c1
0.139936297296336	-0.584867519901167	0.014	0.019	1	RP11-452L6.5	c1
0.000310224447978162	0.584795542874281	0.023	0.013	1	RP11-326C3.2	c1
0.0105052274991714	0.584564255938375	0.016	0.01	1	LRRC37A2	c1
0.00205798112642074	-0.584512746138756	0.039	0.056	1	VAMP1	c1
0.0544532060046621	-0.584497762623258	0.018	0.025	1	COQ3	c1
0.211149102305659	-0.5841361485952	0.008	0.011	1	C10orf12	c1
0.000716279671745059	-0.583498028092217	0.051	0.072	1	USP37	c1
0.0342215032972059	-0.58330953975847	0.017	0.025	1	FAM20B	c1
0.00410403567451164	-0.583287114981272	0.053	0.07	1	ARL15	c1
0.136799566083392	-0.582898424246478	0.017	0.022	1	KCNQ1OT1	c1
0.00029336829587321	-0.582856191373394	0.117	0.144	1	PIP4K2A	c1
5.94781593294163e-05	-0.582742260163539	0.07	0.098	1	PDXK	c1
0.00243559494524429	-0.582664105236853	0.043	0.06	1	STAM2	c1
0.00238533981799384	-0.582583893525942	0.062	0.081	1	USP38	c1
0.0101083603622373	0.582400239792095	0.013	0.007	1	RP11-867G23.8	c1
0.0165214953671598	-0.582300468431642	0.028	0.039	1	DHTKD1	c1
0.00191313948804463	0.582211671892228	0.016	0.009	1	ACE	c1
0.0177346542652574	-0.581467163609159	0.006	0.013	1	TRBV11-3	c1
0.00241070162348287	-0.58139004855561	0.032	0.047	1	RRM2B	c1
0.000656062870743425	-0.58130972902671	0.081	0.105	1	PCNXL2	c1
0.0517145326840805	-0.580928178899147	0.012	0.018	1	CCDC122	c1
0.00485218853267708	-0.580895738534309	0.039	0.054	1	SFR1	c1
0.0122895758824788	-0.580742356297164	0.018	0.028	1	ZNF570	c1
0.136598370806616	-0.580249684192501	0.01	0.014	1	ST7	c1
0.00243392088070012	-0.580140298911545	0.031	0.046	1	HS1BP3	c1
0.000652527539497982	-0.580078669998395	0.04	0.06	1	POLD3	c1
0.00183662947670357	-0.579792452867729	0.049	0.067	1	SENP1	c1
0.00714251628281773	-0.579502231437422	0.046	0.061	1	VARS	c1
0.00139782305082867	-0.579325793294647	0.038	0.055	1	NAA40	c1
9.82633965015636e-05	-0.579303187970302	0.103	0.132	1	DUSP16	c1
0.000868487232583383	-0.57911306914727	0.063	0.085	1	MYO5A	c1
0.17479955985875	-0.579042433267742	0.011	0.015	1	SLC12A4	c1
0.0016890645930567	0.57894633371205	0.03	0.019	1	RIMKLB	c1
0.079304597295801	-0.578515665749735	0.014	0.02	1	RAB3A	c1
0.000715825399278186	0.578494467198451	0.035	0.023	1	CTD-2026K11.4	c1
0.000281511735395289	-0.57778228500298	0.073	0.098	1	DFFA	c1
0.00365441211317988	-0.577501558759981	0.016	0.028	1	FANCI	c1
0.0118785120396661	-0.577230718110912	0.029	0.04	1	SLC25A42	c1
0.00860633544042615	-0.577163382835912	0.023	0.035	1	PGBD2	c1
0.00869718591153017	0.577159606775819	0.031	0.022	1	QSOX2	c1
0.0297429767813257	-0.577039089503002	0.024	0.034	1	MARK4	c1
0.000875601315826772	-0.576340251902671	0.043	0.062	1	TMEM234	c1
0.20259372948828	-0.576049098298971	0.011	0.015	1	HARBI1	c1
0.00227246552799629	-0.575722470375553	0.042	0.059	1	SLC35E1	c1
0.0138356348107404	-0.575718277918807	0.032	0.044	1	RBM41	c1
4.14115397145808e-05	-0.575700464692722	0.066	0.095	1	ZMPSTE24	c1
0.0694018045081321	-0.57514544743555	0.029	0.037	1	TSC22D1	c1
0.0010453632143631	-0.575131845088081	0.054	0.074	1	SAAL1	c1
3.11733830894174e-05	-0.574961433055583	0.052	0.079	1	RMND5A	c1
7.12489827377221e-05	0.574766353433966	0.045	0.029	1	BEX5	c1
0.00162390915925516	-0.574748832895205	0.06	0.08	1	SACS	c1
0.0302363835619991	-0.574066105370741	0.012	0.019	1	DCLRE1B	c1
0.000152352942907594	0.573917329875785	0.029	0.017	1	KANTR	c1
0.00195616609954574	0.573751004506738	0.026	0.017	1	PRPF40B	c1
4.02883116360934e-05	-0.573490919663186	0.079	0.108	1	MPZL3	c1
0.00395182662647557	-0.573385116401318	0.041	0.057	1	CHCHD4	c1
0.0206176640784212	-0.573198699001875	0.017	0.026	1	ZFAT	c1
0.00145962402638737	-0.573139421296181	0.034	0.051	1	SHMT1	c1
0.0138335059061651	-0.573029037971033	0.012	0.02	1	TPCN2	c1
0.0572425265253337	-0.572883471674648	0.014	0.02	1	CEP76	c1
0.0144368087720089	-0.572632260825442	0.016	0.025	1	STK3	c1
0.024464008202484	-0.572425366050026	0.012	0.02	1	SLC31A1	c1
0.282789587905395	-0.572214656986016	0.009	0.012	1	HSPA1L	c1
0.726453685253651	-0.571755094790757	0.034	0.035	1	TRBV4-2	c1
0.0374291708107432	-0.571689914945929	0.011	0.018	1	TMEM97	c1
0.00436354730363596	-0.57166601008756	0.184	0.204	1	ZNF331	c1
0.000180510651274673	-0.571497794166052	0.051	0.075	1	SMC2	c1
0.000193574782163648	-0.57140641289089	0.049	0.072	1	DYRK1B	c1
0.120612679642906	-0.57131259696589	0.006	0.01	1	LRTOMT	c1
5.42087934557629e-05	-0.571117749282325	0.07	0.098	1	CLPX	c1
0.0173391498029282	-0.570871853963797	0.015	0.024	1	ADAT3	c1
0.0118792378627873	-0.570823160157598	0.021	0.032	1	C1RL-AS1	c1
4.15512414944379e-05	-0.570599572579259	0.084	0.115	1	KCTD20	c1
0.0296146623745657	-0.570472479834271	0.019	0.027	1	RP11-15A1.3	c1
0.00564233887023943	-0.570364156751963	0.027	0.04	1	RP1-151F17.1	c1
0.00309758186408396	0.570231502073353	0.013	0.007	1	STX17-AS1	c1
0.000130521369840901	0.569790943661768	0.031	0.018	1	SLC25A23	c1
0.0178758577305459	-0.569736834334721	0.019	0.029	1	PACS2	c1
0.0136254654529581	-0.569581596256015	0.026	0.037	1	KIAA2013	c1
0.00196126278237867	-0.569562369140035	0.051	0.069	1	GLTSCR1L	c1
0.00117945510322672	-0.568925097836042	0.069	0.09	1	RBM28	c1
0.00120414906239879	-0.567840385024426	0.04	0.059	1	GATC	c1
0.0238167296507402	-0.567713600282173	0.017	0.026	1	HIST1H2AM	c1
0.00209168409519366	-0.567655155330029	0.01	0.02	1	OSM	c1
0.0522890416813685	-0.567644720594432	0.011	0.017	1	GGH	c1
0.000125513337549296	-0.567405866701576	0.076	0.103	1	CC2D1A	c1
0.0866805281359056	-0.567372506087095	0.019	0.026	1	KHK	c1
4.30291941761231e-05	-0.567275174918249	0.079	0.109	1	IDH3A	c1
0.000156588753829436	-0.56726903813956	0.058	0.082	1	DERA	c1
0.00137554177634096	-0.567259846049389	0.049	0.068	1	FAM91A1	c1
0.0850449678274729	-0.567092073542432	0.016	0.022	1	GZF1	c1
0.105350712430065	0.566702177808002	0.011	0.007	1	BBOF1	c1
0.128094531818513	-0.566528914610601	0.017	0.023	1	ABHD14A	c1
0.075136889800087	-0.566437235782255	0.008	0.013	1	F8A3	c1
0.00254267361733647	-0.566163980094565	0.066	0.085	1	KIAA1715	c1
0.0010904296978342	-0.566050894591702	0.042	0.06	1	LRWD1	c1
0.00552430181137523	-0.566045003655284	0.028	0.041	1	IRAK1	c1
0.057510199217374	-0.565989012082442	0.018	0.025	1	PPP1R13B	c1
3.60051250448527e-05	-0.565980706193665	0.069	0.098	1	RUFY1	c1
0.268294101776647	-0.565470959525634	0.038	0.043	1	CHI3L2	c1
0.000810109834343165	-0.565285537941755	0.044	0.064	1	ASUN	c1
0.000103957240311801	0.565179726379235	0.035	0.021	1	RP1-40E16.12	c1
0.00242783552010005	-0.565075162079699	0.021	0.034	1	ACY1	c1
0.00766421347278182	-0.564813707407319	0.02	0.031	1	CHAF1A	c1
0.000611574708553588	-0.564660149322064	0.059	0.081	1	ADIPOR2	c1
0.00463453525883255	0.564613852472331	0.022	0.014	1	THNSL1	c1
0.00301134305954555	-0.563876338299327	0.03	0.045	1	ETS2	c1
8.41194032760124e-05	-0.563340355234069	0.054	0.079	1	FUCA2	c1
0.0410089096932399	-0.563204353057795	0.024	0.032	1	SLC29A3	c1
0.000718390696708708	-0.563107812000669	0.063	0.085	1	STXBP3	c1
0.000205668840218959	-0.56260573209611	0.079	0.106	1	FCHSD1	c1
0.138586312539899	-0.561917255691723	0.012	0.017	1	ZNF320	c1
0.0987928957748694	-0.56160964865659	0.024	0.03	1	ZBTB6	c1
0.216851852547777	-0.561308873361289	0.011	0.014	1	ZDHHC8	c1
0.00427837497044499	0.561152083931344	0.016	0.009	1	ZNF208	c1
0.00729659522704082	-0.56109074095934	0.028	0.041	1	POLD1	c1
0.00335389797948741	-0.560447647721117	0.036	0.051	1	ZCCHC2	c1
0.00438779718933234	-0.559651398561472	0.049	0.066	1	METTL6	c1
0.011357233536171	-0.559587658407172	0.038	0.052	1	ZNF254	c1
0.290873265757388	-0.559406480853364	0.008	0.011	1	ZNF577	c1
0.137417548209567	-0.559399630829611	0.009	0.013	1	RP11-1000B6.8	c1
3.79469568439162e-05	-0.559379433742786	0.086	0.117	1	GMFB	c1
0.0155265836250167	-0.559371267747607	0.019	0.029	1	MSANTD3	c1
0.0190096412815357	-0.558774082077778	0.026	0.036	1	CENPB	c1
0.00948635662593546	-0.558711191657116	0.025	0.036	1	SEPSECS	c1
0.000236993667529391	0.55831331200064	0.034	0.021	1	CASP10	c1
0.0382590080149251	0.558140811478781	0.013	0.008	1	VWDE	c1
0.0703858528357941	-0.558014963067454	0.023	0.031	1	MAN2A2	c1
0.000590048197609473	-0.55741341874967	0.065	0.088	1	ZC3H3	c1
0.0423273826335524	-0.557371818952063	0.054	0.065	1	STAG3	c1
0.387644359552652	-0.557358507881792	0.009	0.011	1	ST20-AS1	c1
0.00992370756016566	-0.557307669819246	0.021	0.032	1	ZNF559	c1
0.000485464311191834	-0.556619618194834	0.079	0.103	1	MOV10	c1
0.0998094750091695	-0.556541132641731	0.015	0.02	1	FBXL14	c1
0.461183366835618	-0.556406921812377	0.009	0.01	1	ZNF175	c1
0.0646177613155921	0.556203228703575	0.015	0.011	1	FADS2	c1
0.000214910703653377	-0.555659192261535	0.057	0.081	1	RPS6KA4	c1
0.0306830490948882	-0.55402237583679	0.015	0.023	1	ZNF696	c1
0.00880294699939117	0.553953097882819	0.017	0.01	1	HMGN5	c1
0.0856668414828203	-0.553359889998645	0.05	0.058	1	SLC23A2	c1
0.0753702215212978	-0.553300626648462	0.007	0.012	1	RP11-304L19.13	c1
4.57640580694307e-05	-0.552820857287662	0.071	0.1	1	RABL6	c1
0.0613411054367265	0.552337040405401	0.017	0.012	1	ZNF670	c1
0.000268404538418171	-0.551282345927457	0.041	0.062	1	FAM210A	c1
0.145897357171129	-0.550959753723973	0.01	0.014	1	LONRF1	c1
4.50129484229686e-05	-0.550500070936646	0.085	0.115	1	DHX16	c1
0.000321589659062648	-0.550437300554471	0.091	0.117	1	ITPR1	c1
0.00169764215913968	-0.550101458074416	0.068	0.088	1	ING3	c1
0.0329238936402667	-0.550064017873437	0.016	0.023	1	PTPN12	c1
0.0657364571773226	0.549914767329265	0.017	0.012	1	AC002467.7	c1
0.000167563622890931	-0.549759162475231	0.085	0.113	1	VRK2	c1
0.00660039403087417	-0.549514032110002	0.053	0.069	1	AFAP1	c1
0.000175805964933195	-0.549399588523124	0.084	0.111	1	SUSD6	c1
0.0079810126261561	-0.548969775351226	0.038	0.052	1	PDP1	c1
0.00119796836588843	-0.548510308283314	0.084	0.106	1	VPS53	c1
0.00857806104809265	-0.548104170200341	0.042	0.056	1	RP11-545E17.3	c1
0.00474189161378472	-0.548062929507961	0.045	0.061	1	YRDC	c1
3.69350816436697e-05	-0.547560250764328	0.087	0.119	1	PAPSS1	c1
0.00508166060371012	-0.547280733787416	0.03	0.044	1	TRIOBP	c1
0.000772243804921095	-0.547190129042731	0.052	0.072	1	STRIP1	c1
0.0389652341199735	-0.547165308937249	0.012	0.019	1	FLVCR1	c1
0.0412009837845749	-0.54704197273778	0.042	0.052	1	ANKS3	c1
0.00135925165715891	-0.546913329188312	0.045	0.064	1	BNIP1	c1
0.0293537702510591	-0.546568086571935	0.022	0.03	1	KIAA0556	c1
0.0530363798001185	-0.546251832946471	0.015	0.021	1	GPR82	c1
0.000106870681601405	-0.545942398420638	0.101	0.131	1	APLP2	c1
0.000308715136472902	0.545694744773861	0.031	0.019	1	TJP3	c1
0.000312887933877502	-0.545358950909642	0.056	0.079	1	TMEM185A	c1
0.0820694210075027	-0.545340064186627	0.021	0.027	1	USP35	c1
0.00619260633535111	-0.54527493660188	0.042	0.057	1	ATP7A	c1
0.000193847315302038	-0.545067159239947	0.071	0.097	1	KDM4A	c1
0.00816256169950894	-0.545065360241771	0.036	0.049	1	FAM8A1	c1
0.00084135051618549	-0.544684908644001	0.051	0.071	1	RIPK3	c1
0.188353138286456	-0.544455654255719	0.008	0.011	1	TSPAN4	c1
0.178243816910863	-0.54407529258198	0.01	0.013	1	NAGLU	c1
0.0584392981566443	-0.543832864101162	0.062	0.072	1	MCM7	c1
0.306467655928133	0.543520890754726	0.011	0.009	1	SPA17	c1
0.0280161836039427	0.543277564393766	0.022	0.016	1	MORC4	c1
0.0676890291719651	-0.543021890305743	0.017	0.023	1	ZKSCAN5	c1
0.00285688231934423	-0.542778644136789	0.047	0.065	1	ALKBH4	c1
0.0016823094741053	-0.542483126472318	0.057	0.076	1	B4GALT4	c1
0.000431224191859717	-0.542312401411055	0.067	0.091	1	PTS	c1
9.8785134153605e-05	-0.541593971589265	0.084	0.112	1	SDHAF2	c1
0.0114146742544768	-0.541311224226729	0.033	0.045	1	PUSL1	c1
7.24658166565689e-05	-0.541122432260909	0.067	0.094	1	SNAPC2	c1
5.5928936420139e-05	-0.540924036670449	0.095	0.126	1	PGM1	c1
0.0105356976848668	0.540923146122252	0.017	0.01	1	AC002116.7	c1
0.000597589449907827	-0.540698500362153	0.101	0.126	1	KIF21B	c1
4.91038747461122e-05	-0.540692447965113	0.092	0.123	1	HDAC10	c1
0.00343229195186636	-0.540680077710496	0.036	0.051	1	PRADC1	c1
7.77348149774706e-05	-0.540226945805637	0.062	0.089	1	TBL3	c1
0.137744905359611	-0.540186713210889	0.006	0.01	1	CCDC24	c1
0.000300850566101305	-0.539695089486878	0.081	0.107	1	SP4	c1
0.00190908304226575	-0.539598922563827	0.043	0.061	1	TTF2	c1
0.0314297942111182	-0.539467306342789	0.025	0.035	1	ACAP3	c1
0.00165196677273008	-0.538793929806894	0.05	0.069	1	MTRF1L	c1
6.47806458593331e-05	-0.538743700191196	0.047	0.072	1	STK39	c1
0.000148614268847968	-0.538653725492879	0.09	0.118	1	ALG12	c1
0.00696797601160192	-0.538499447475489	0.034	0.048	1	ZFYVE16	c1
0.0634292144131466	-0.538000392613146	0.017	0.023	1	TRAK1	c1
0.000406818746973095	-0.537755584284618	0.066	0.09	1	PSME4	c1
0.0137643052438877	-0.537354204556336	0.053	0.067	1	VNN2	c1
3.31556679584446e-05	-0.537350035508802	0.1	0.133	1	TSSC1	c1
0.0033270757670408	-0.537100555121507	0.049	0.066	1	FBXO11	c1
0.0842052352522797	-0.536781011102977	0.009	0.013	1	RFX2	c1
0.018393804160368	-0.536572550814693	0.027	0.038	1	C11orf63	c1
0.0286756822235544	-0.536356201242002	0.027	0.037	1	ARHGEF19	c1
0.0213152814782307	-0.536342548550071	0.047	0.059	1	OTUD6B	c1
6.4545364472682e-05	-0.536205682479886	0.074	0.103	1	NUP37	c1
0.0706483738629697	0.535521327804312	0.01	0.007	1	SEPT7-AS1	c1
0.00127946284860543	-0.535298867365857	0.06	0.081	1	GAR1	c1
4.96201159754413e-05	-0.535276520747638	0.074	0.103	1	XXbac-BPG32J3.22	c1
0.0170075224795454	-0.535140313695962	0.034	0.046	1	NOD1	c1
0.0111610399590943	0.535069241918779	0.014	0.008	1	RP11-89K11.1	c1
0.000219756688866309	0.534993683286614	0.04	0.026	1	MLLT11	c1
0.091337466217508	-0.534775941926419	0.01	0.015	1	C19orf54	c1
3.02886463599301e-05	-0.534669155444979	0.072	0.102	1	TOR2A	c1
0.000184079919991948	-0.534637835139538	0.091	0.118	1	RNPEP	c1
0.0510977645303489	-0.534437105794391	0.007	0.012	1	MROH6	c1
0.0507036955448271	-0.53355985939561	0.025	0.033	1	RAB34	c1
0.0239738087208316	-0.533476648586043	0.042	0.053	1	YES1	c1
0.000346658654089817	-0.533372483800708	0.07	0.095	1	YKT6	c1
0.283163802715141	-0.533342394441565	0.021	0.025	1	TRAV39	c1
0.011844986069317	-0.53303698600473	0.04	0.054	1	TADA2A	c1
8.25641616518525e-05	-0.532724380527933	0.11	0.14	1	GIGYF2	c1
0.0134547743773332	-0.532636665166859	0.046	0.059	1	PPP1R9B	c1
0.000414561028811692	-0.532449371034687	0.068	0.092	1	ANKRD27	c1
0.0734793614225789	-0.532238599083847	0.029	0.036	1	GK5	c1
0.000385563598209697	-0.532222171621877	0.063	0.087	1	AIMP2	c1
0.159416373390699	-0.532190473226523	0.01	0.014	1	F8A1	c1
0.0301701111507548	0.532144298279692	0.011	0.007	1	CTB-131K11.1	c1
0.0714953021199383	-0.532087104086171	0.017	0.024	1	ZNF432	c1
0.000377901946915144	-0.532065617811409	0.075	0.1	1	LTV1	c1
8.26442701354447e-05	-0.531927573527586	0.069	0.097	1	GLE1	c1
0.000187843151391922	-0.531856942311797	0.073	0.1	1	SPTY2D1	c1
0.00419005722087313	-0.53142026682715	0.046	0.063	1	CNEP1R1	c1
0.00933383026566194	-0.531230839835805	0.043	0.057	1	ARMC7	c1
0.0110412268134937	0.530786213309198	0.013	0.008	1	RP11-727A23.10	c1
0.00962910927067667	-0.530721603335973	0.016	0.025	1	SLC31A2	c1
9.4880793417173e-05	-0.530286626633172	0.106	0.137	1	PRR14	c1
0.0554783100309308	-0.53024403518163	0.018	0.025	1	BLOC1S3	c1
0.000236764141579852	-0.529659073724704	0.08	0.106	1	C6orf47	c1
0.0003044110890627	-0.529400811104019	0.086	0.112	1	PLEKHF2	c1
6.54380715112511e-05	-0.529101801564128	0.072	0.1	1	MLH1	c1
7.64661436370281e-05	-0.529036664783246	0.078	0.106	1	YIPF1	c1
0.193860434719199	-0.528902143867775	0.011	0.014	1	SLC39A14	c1
0.0935128789723167	0.528897632679548	0.01	0.006	1	RP1-122O8.7	c1
0.138253540490575	-0.528848176726318	0.007	0.011	1	RHOQ	c1
0.00593239513359932	-0.528799066193546	0.031	0.044	1	MMD	c1
0.0267612619757511	-0.528619292312455	0.016	0.024	1	PYCRL	c1
0.0652463858036523	0.528470045662822	0.01	0.006	1	LRP2BP	c1
0.0148808987270404	-0.52845380134048	0.033	0.045	1	PPRC1	c1
0.0167202969795716	-0.528330322034378	0.022	0.032	1	ALG9	c1
0.00153760329304931	-0.528270651393576	0.032	0.049	1	TCTEX1D2	c1
0.0175750639744946	-0.528103100740514	0.037	0.049	1	TOP3B	c1
0.0392879005142969	-0.527770410869195	0.025	0.034	1	C2CD2	c1
0.00010947221323833	-0.527750172216485	0.087	0.116	1	MCMBP	c1
0.0231872155151637	-0.527580242319907	0.024	0.033	1	ATAD3A	c1
0.00564016553359202	-0.527480496231442	0.068	0.086	1	MADD	c1
0.000246365652796642	-0.527411271773489	0.105	0.133	1	RP11-553L6.2	c1
0.0865099559839974	-0.527334593784196	0.021	0.027	1	ZBTB21	c1
0.0761259006893582	-0.52728615621476	0.02	0.027	1	ERMP1	c1
0.0053385670857542	-0.526668171910753	0.037	0.051	1	INPP5B	c1
0.0197719403075775	-0.526092159595398	0.029	0.04	1	PITPNA	c1
0.0246632829208974	-0.525342898067107	0.027	0.037	1	ZNF85	c1
0.00051670796491006	-0.524666058853003	0.072	0.096	1	MKRN2	c1
0.00592923259920506	0.524519084736026	0.02	0.012	1	RP11-147L13.2	c1
4.07644837201804e-05	-0.524374557579437	0.077	0.107	1	GNL2	c1
0.0552002924301609	-0.524355544494172	0.017	0.024	1	PPAN	c1
0.00208709231224902	-0.524094747874059	0.036	0.053	1	AGMAT	c1
3.98556592652496e-05	-0.524056740192935	0.095	0.127	1	DNAJB12	c1
0.0288961511025162	-0.523827361119888	0.017	0.025	1	RAB40B	c1
5.60785203104547e-05	-0.523594188385467	0.101	0.133	1	AHR	c1
0.0002744698768061	-0.522772447428574	0.094	0.121	1	AGAP2	c1
0.147708934689657	-0.522716036798065	0.015	0.019	1	MAP3K7CL	c1
0.00232506921074402	-0.522547518987667	0.035	0.051	1	SLC35C1	c1
0.000136436304675643	-0.522108952550407	0.092	0.121	1	INSIG1	c1
0.00131132963508094	-0.521830054198182	0.069	0.09	1	PRPF39	c1
5.63092816348956e-05	-0.52146832830872	0.059	0.087	1	CSTF2	c1
3.46642276751714e-05	-0.521238210135292	0.106	0.139	1	TFDP1	c1
0.240109840370392	0.521007066766384	0.01	0.007	1	RP11-421M1.8	c1
0.154937001074877	-0.520953655236158	0.011	0.015	1	APOM	c1
0.0172619216734444	0.520727752102299	0.022	0.015	1	RP1-234P15.4	c1
0.0029736742529745	-0.520456111311485	0.056	0.074	1	ATF7	c1
0.10328058832098	-0.520380168264882	0.012	0.017	1	VPS37C	c1
6.64119710588986e-05	-0.520077876368557	0.053	0.079	1	PLPP1	c1
0.00297496746051345	-0.519836351220505	0.036	0.051	1	PEX10	c1
0.00366806018773362	-0.519817453792025	0.039	0.055	1	RFX1	c1
0.0791626751631619	-0.519091175231048	0.022	0.029	1	MIER3	c1
0.000158826471798455	-0.518962717179397	0.075	0.102	1	PPP3CB	c1
0.000531209454718478	-0.518576489174724	0.063	0.086	1	COG2	c1
0.230348619186377	-0.51855089502839	0.02	0.024	1	TAF4	c1
0.00176082037857628	-0.51839857502851	0.079	0.1	1	ABR	c1
5.10096287070988e-05	-0.51811882704191	0.106	0.138	1	KIN	c1
0.000814130389605762	-0.517881803002063	0.05	0.07	1	ARMC6	c1
0.172894069909461	-0.517754974387267	0.014	0.018	1	DMTN	c1
0.036978711654691	0.517432527666654	0.025	0.019	1	ITGA2	c1
0.0013767766727708	-0.517308304217123	0.044	0.063	1	COG8	c1
0.00031300266355206	-0.516980443965732	0.071	0.097	1	ETFDH	c1
0.00841706855867184	-0.516876154929402	0.033	0.046	1	TBC1D31	c1
3.29809396674204e-05	0.515938363864992	0.043	0.027	1	AC058791.1	c1
0.0742567869912428	-0.515529283352024	0.007	0.012	1	ZNF823	c1
0.00277383834727876	-0.515450281116171	0.074	0.094	1	USP25	c1
0.635169624216502	-0.51525644317065	0.107	0.102	1	NR4A1	c1
0.420059988541048	-0.515255082797603	0.008	0.01	1	AC138969.4	c1
0.00499379134536875	-0.514930785358597	0.061	0.079	1	YEATS2	c1
0.000564046319209496	-0.514804746631415	0.068	0.091	1	GOLGA5	c1
0.00054080881340162	-0.514255197093193	0.044	0.064	1	CLN6	c1
0.116728494201295	-0.514232431032457	0.039	0.046	1	AREL1	c1
0.110141309453713	-0.513927821375008	0.021	0.027	1	PRDM10	c1
5.37458518250472e-05	-0.513927703107542	0.073	0.102	1	APEX2	c1
0.0783723213393023	-0.513565032187966	0.026	0.033	1	CCZ1	c1
0.0161115118777364	-0.513462706406461	0.038	0.051	1	RNF123	c1
0.0165533537435794	-0.513241765202734	0.122	0.138	1	PTGER2	c1
0.000142323113248439	-0.512816424947108	0.097	0.126	1	INTS6	c1
0.20540992510989	-0.512732597217187	0.009	0.012	1	ADAM22	c1
0.00889796139548323	-0.512443819680302	0.064	0.08	1	BCAS3	c1
0.0561685187182587	0.512266327651294	0.018	0.013	1	SPIN3	c1
0.0187652334805642	-0.512168770152377	0.024	0.035	1	GSK3A	c1
0.179617355465119	-0.511888989015451	0.022	0.027	1	ZNF583	c1
0.123771518788773	-0.511757262784242	0.024	0.03	1	CNOT6	c1
6.84796282755444e-05	-0.511697401927409	0.071	0.1	1	MBD2	c1
0.22325075807279	-0.511518671875553	0.021	0.025	1	DNAH1	c1
0.00273962364414126	-0.511066981096336	0.039	0.056	1	TFB2M	c1
0.000135141342108573	-0.51080126407823	0.124	0.154	1	TMEM106C	c1
3.12885891302238e-05	-0.510663259819749	0.115	0.149	1	GAK	c1
0.000868752986520868	-0.510600325274512	0.1	0.124	1	RAP2C	c1
0.0554696769247881	-0.510581514751897	0.033	0.042	1	IMPAD1	c1
0.00159520205909591	-0.510564050245988	0.063	0.083	1	ANKMY1	c1
0.0844849867946513	-0.510555928207713	0.019	0.026	1	PHC2	c1
6.15388208202787e-05	-0.510424305275013	0.487	0.492	1	TUBA1B	c1
0.00386408317678955	0.510327065852296	0.021	0.013	1	NEIL1	c1
0.000607366239051291	-0.510302785235605	0.063	0.085	1	GBA	c1
0.00123303606282933	-0.510174809202186	0.067	0.089	1	DOHH	c1
0.0834318248153817	-0.510104610073688	0.016	0.022	1	URB1-AS1	c1
0.000826548879438222	0.510011380605983	0.028	0.017	1	LIPT2	c1
0.00897530486253237	-0.509797840239996	0.036	0.05	1	FAHD1	c1
0.185801810077705	-0.509793600767341	0.066	0.074	1	TRAV29DV5	c1
0.0783928459787331	-0.509751506771926	0.017	0.024	1	AC018816.3	c1
0.000135414252168035	-0.509347735881487	0.077	0.104	1	DDHD2	c1
0.000355505998735516	-0.509319437698198	0.095	0.121	1	RMDN3	c1
0.207840187222627	-0.509226045228077	0.008	0.011	1	SGMS1-AS1	c1
0.00855877585961067	-0.509221439717307	0.039	0.053	1	B3GNTL1	c1
0.0011163997082112	-0.509091999632576	0.064	0.085	1	CBWD5	c1
0.00217318085592911	-0.509074820749394	0.091	0.113	1	OTUD5	c1
0.344309334471873	-0.509008072210404	0.018	0.022	1	HIST2H2BF	c1
0.000195881852747183	-0.508166112274334	0.101	0.13	1	HPS3	c1
0.144273848503779	-0.508158981208315	0.013	0.018	1	CAB39L	c1
0.000502929857273768	-0.50783436205654	0.107	0.133	1	CYP2R1	c1
0.0653111163822296	-0.507746672708806	0.036	0.045	1	IFT80	c1
0.0387691804962779	-0.507653870289178	0.026	0.035	1	CAMKK2	c1
0.00339928975309452	-0.507635709466818	0.065	0.084	1	SH3GL1	c1
0.000204526506946826	-0.507601979121646	0.1	0.129	1	DYNC1LI1	c1
0.137273194250204	-0.50744385636405	0.015	0.02	1	CTB-55O6.12	c1
0.00441027377873251	-0.507346083236929	0.057	0.075	1	SLC30A6	c1
3.2306018150806e-05	-0.507206018371998	0.086	0.117	1	MAGOHB	c1
0.00963466299554877	-0.506835144618246	0.035	0.048	1	TMCO3	c1
0.000111920685684867	-0.506804510773756	0.087	0.116	1	AP5Z1	c1
0.000438965252412183	-0.50656392245845	0.126	0.153	1	PIK3R5	c1
0.036996259781055	-0.506388701280441	0.065	0.078	1	CD200R1	c1
6.89255437753561e-05	-0.506209221062954	0.105	0.136	1	CCDC97	c1
0.073091413663573	0.506203175104892	0.011	0.007	1	AMN	c1
0.00117693281513647	-0.506117537100732	0.068	0.09	1	CTB-50L17.10	c1
0.0787516374005476	0.506089326820868	0.01	0.007	1	RP11-297A16.2	c1
3.2563345081441e-05	-0.505959516131226	0.115	0.15	1	PREP	c1
0.0370310345498829	0.505886523753133	0.019	0.014	1	APLF	c1
0.189235418760577	-0.505743499595284	0.006	0.01	1	RP4-784A16.5	c1
0.00745500523446433	-0.505719821631688	0.048	0.063	1	PPOX	c1
0.0706304277156385	-0.50533297148212	0.016	0.023	1	SPDL1	c1
0.000392073324921056	-0.505289998004758	0.074	0.099	1	TOPBP1	c1
0.174310219641151	-0.505252541584077	0.018	0.023	1	PDGFB	c1
0.00695412377387529	-0.505246604191727	0.039	0.053	1	TKFC	c1
0.212329892448004	0.505004945374199	0.013	0.01	1	TIMP2	c1
0.0222138210790381	-0.504862221207221	0.023	0.033	1	MCU	c1
0.00653021200096409	-0.504580082029066	0.042	0.056	1	BAP1	c1
0.000186682092013112	-0.504399494279337	0.062	0.086	1	ZNF92	c1
0.00693268913951922	-0.504074041641145	0.051	0.067	1	UAP1	c1
0.00130304953109107	-0.503875524324932	0.054	0.074	1	STRN	c1
0.000276079666501868	-0.503715738920781	0.073	0.099	1	MR1	c1
0.0492917052258948	-0.503526125533265	0.016	0.023	1	GNA12	c1
0.239219050635145	-0.503515173686602	0.015	0.018	1	ENDOG	c1
0.0069358278618584	-0.503426390723252	0.046	0.062	1	KLHL18	c1
0.0152780553790735	-0.503352688032178	0.053	0.067	1	DIS3L	c1
0.00768809981858503	-0.50333177034935	0.033	0.046	1	MIB1	c1
0.151982337171316	-0.503184226563476	0.021	0.026	1	SFT2D3	c1
0.00412624862923949	-0.502745525514165	0.052	0.069	1	ABCC10	c1
0.000102355429873388	-0.502507413258708	0.058	0.083	1	HAUS2	c1
0.0012602735289391	-0.502482372227495	0.066	0.088	1	TGDS	c1
0.00240936821699041	-0.502385570787771	0.03	0.045	1	ALYREF	c1
0.000215965500736445	-0.502112729851795	0.077	0.103	1	GUCD1	c1
0.173590078626346	-0.502107215145009	0.01	0.014	1	AVPI1	c1
0.00431208940470429	-0.501898014396283	0.042	0.057	1	ALG11	c1
4.96325236200306e-05	-0.50160306918674	0.115	0.148	1	ACLY	c1
0.008555492065316	-0.501580401655276	0.041	0.055	1	CCDC58	c1
0.00342753562845286	-0.501384727776146	0.074	0.094	1	MED13	c1
0.00101608205372417	-0.50128998942496	0.074	0.097	1	FBXO18	c1
0.000726412691014335	-0.501137662697539	0.076	0.1	1	IFT52	c1
0.332819856809675	-0.501057679881503	0.018	0.021	1	RP4-539M6.22	c1
0.000390551487556831	-0.500973941756986	0.106	0.133	1	GOLGA2	c1
0.316653068881707	-0.500758158611053	0.013	0.016	1	FBXO2	c1
0.00010109057576654	-0.500186245416358	0.114	0.145	1	PHKG2	c1
0.0132662745244784	0.499889511671853	0.029	0.021	1	RP11-950C14.7	c1
0.000799404989597633	-0.49951532264007	0.077	0.1	1	PIGB	c1
0.00404707646313987	-0.499453631758215	0.049	0.065	1	LRRC57	c1
0.000396255955503842	-0.499433261476945	0.051	0.073	1	ATP2A2	c1
0.00499308368397143	-0.499212962524835	0.021	0.033	1	SLC39A3	c1
5.7009665240833e-05	-0.499198892938137	0.076	0.105	1	WDR55	c1
0.055469867958881	-0.499185604310578	0.016	0.023	1	NMNAT1	c1
0.0100184162716616	-0.49891955416522	0.031	0.044	1	RANBP10	c1
0.000569813863833533	-0.498917939406781	0.04	0.06	1	C2orf76	c1
0.00305095475387503	0.498870368267342	0.029	0.019	1	ATP6V0E2-AS1	c1
0.00264471411730634	-0.498611339037588	0.062	0.081	1	ADAM17	c1
0.000234479068133072	-0.498476120882832	0.053	0.076	1	PIAS4	c1
4.33289745794912e-05	-0.498228943884253	0.091	0.122	1	RUVBL2	c1
0.019221101237274	0.498099981515114	0.014	0.009	1	FTCDNL1	c1
0.00729702694375328	-0.498070593200476	0.059	0.076	1	UGGT1	c1
0.00117164952528322	-0.497992400864038	0.096	0.12	1	DKC1	c1
0.00129886142480076	-0.497786219110453	0.073	0.095	1	NF1	c1
0.0932254266530344	-0.497592262454925	0.015	0.021	1	HILPDA	c1
0.0243962828112425	0.497584048575968	0.025	0.018	1	ARF4-AS1	c1
0.0387089387748235	-0.497416848531966	0.032	0.042	1	FLNB	c1
5.18967990617662e-05	-0.497250540019709	0.07	0.099	1	PGP	c1
0.0303922581715826	-0.497223528324884	0.014	0.022	1	RILP	c1
0.0170631062122531	-0.497219853193315	0.073	0.089	1	ZC3H12D	c1
0.0120163329054602	-0.497139843704326	0.018	0.028	1	DUS2	c1
0.0198276778403817	-0.496922636243266	0.032	0.044	1	CASD1	c1
0.186270955532096	-0.496673157655989	0.008	0.011	1	ZNF283	c1
0.0133918330814769	-0.496605505967327	0.055	0.07	1	C16orf62	c1
0.0255241309157321	-0.49655515546922	0.026	0.036	1	DNASE1L1	c1
0.000881209649728057	-0.496236542233054	0.045	0.064	1	AKT1	c1
0.000765751167377745	-0.496223918549052	0.085	0.109	1	SETD3	c1
0.24186642306258	-0.495972629421229	0.008	0.011	1	RP11-7F17.8	c1
0.0655274004148252	-0.495878185412279	0.027	0.035	1	PNPO	c1
0.172373544138535	-0.49577942709162	0.009	0.013	1	ZNF555	c1
0.0764160697698532	-0.495682735581077	0.016	0.022	1	RCCD1	c1
0.00227869472832372	-0.495470944460322	0.057	0.076	1	CHPF2	c1
0.0211029301851907	-0.49516993761333	0.036	0.047	1	CTC-459F4.3	c1
0.520757645830997	0.494873326593463	0.012	0.01	1	FAM161A	c1
0.225941064607483	-0.494863816260507	0.008	0.011	1	NAGS	c1
0.00103792767398547	-0.494254487943541	0.067	0.089	1	RPS6KB1	c1
0.0913227356053949	-0.494252127297865	0.037	0.045	1	MTHFR	c1
0.00056936641513003	-0.494146698109517	0.097	0.123	1	COL4A3BP	c1
0.00658905414482084	-0.493983849954982	0.03	0.043	1	SAMD10	c1
0.0558656951472744	-0.493902516985093	0.023	0.031	1	NAPA-AS1	c1
0.000197233710966183	-0.493733646553165	0.064	0.089	1	ALAS1	c1
0.00135100636488153	-0.493560244218694	0.084	0.106	1	CCDC159	c1
4.27967941129029e-05	-0.493524302434873	0.091	0.123	1	MTX1	c1
4.92709297987426e-05	-0.493520130421515	0.113	0.147	1	AGK	c1
0.0159176602376656	-0.493313495009092	0.035	0.047	1	SETD4	c1
0.0279818497091225	-0.492645038930918	0.03	0.04	1	NELFB	c1
0.195423135942296	-0.492629801205167	0.014	0.018	1	ANKRD34A	c1
0.00642382898115026	0.49257519775083	0.019	0.012	1	ZNF582-AS1	c1
0.00240039648752153	-0.492537448154887	0.07	0.091	1	TNFAIP8L2	c1
0.254246244387666	-0.492456012377826	0.012	0.015	1	ACRC	c1
0.000224447402214446	0.492083806935335	0.043	0.028	1	WDR86	c1
0.000838089032790322	-0.492042061028155	0.086	0.11	1	VIM-AS1	c1
0.00703136812304524	-0.491820399482441	0.064	0.081	1	NOC3L	c1
0.000241587715674847	-0.491750134620546	0.097	0.124	1	TP53RK	c1
0.081370446885654	-0.491454685019248	0.034	0.042	1	TSC1	c1
0.0354912140165094	-0.491382762225204	0.022	0.031	1	ZNF28	c1
0.00301618970871443	-0.491304796771394	0.054	0.072	1	GXYLT1	c1
0.0664992458140873	-0.491013786943133	0.02	0.027	1	ABHD4	c1
0.00254040891010004	-0.490968762685708	0.075	0.095	1	AAAS	c1
3.16224778629893e-05	-0.490910901697326	0.127	0.163	1	TMUB2	c1
0.0121171306337355	-0.490846712327135	0.032	0.045	1	TIRAP	c1
0.0882021298460629	-0.49036834812286	0.031	0.038	1	PLXNC1	c1
0.177332497338364	-0.490178162673305	0.008	0.012	1	RP11-706O15.1	c1
0.0100191139316801	0.490126132920947	0.045	0.034	1	CTSF	c1
5.57793503928808e-05	-0.490078168505652	0.107	0.139	1	LRCH3	c1
0.00891817104739149	-0.490051821008444	0.099	0.117	1	PPP3CA	c1
0.344190313252729	0.489874610748881	0.012	0.01	1	SYNC	c1
0.000213783339862336	-0.489780425430334	0.106	0.135	1	TMEM199	c1
0.0232394217303563	0.489767270701488	0.016	0.011	1	MAPRE3	c1
0.134648751420451	-0.489743268853939	0.012	0.016	1	MFSD13A	c1
0.000961176981023505	0.489679098863974	0.038	0.025	1	COL6A2	c1
0.179121265977957	-0.489600871989104	0.024	0.029	1	TADA2B	c1
3.54167166401746e-05	-0.489377762794185	0.118	0.152	1	CDK11B	c1
0.000217870116129343	-0.489285127670095	0.096	0.124	1	HSPA14	c1
0.284529862063641	-0.489203086618645	0.009	0.012	1	CARNS1	c1
0.0281499230565444	0.488927272620961	0.023	0.016	1	TCTN1	c1
0.00147593980187509	-0.488676667548775	0.065	0.086	1	KIAA0368	c1
0.000731373001528598	-0.488654084207968	0.069	0.092	1	SLC39A6	c1
0.00206839720111585	-0.488428563251269	0.044	0.061	1	PAK1IP1	c1
0.0402806791867559	0.488373652941473	0.013	0.009	1	CTC-428H11.2	c1
0.00163169525694091	-0.488148190762704	0.073	0.095	1	KIF3A	c1
0.00650673232880804	-0.48808148049798	0.061	0.078	1	CCDC18	c1
0.0043403378310764	-0.487879774634259	0.03	0.044	1	ACTR3C	c1
0.0160008407244953	-0.487614427807107	0.039	0.052	1	GOLGA1	c1
0.191389182676218	-0.48757975512951	0.058	0.066	1	TRAV17	c1
0.0024213891465081	-0.487404613062484	0.057	0.076	1	DDX10	c1
0.000822392090028163	-0.487288283735624	0.067	0.089	1	HDAC8	c1
0.14794329212711	-0.486840964738448	0.018	0.023	1	ZNF619	c1
0.000105438558830835	-0.486660252676606	0.101	0.131	1	UQCC3	c1
0.143562067865208	-0.486658774575258	0.032	0.039	1	ETAA1	c1
0.000257138817377993	-0.486516883877169	0.12	0.148	1	GCH1	c1
9.32869220307646e-05	-0.48627960357976	0.12	0.152	1	MED11	c1
0.0297171496106159	-0.486209791348054	0.029	0.039	1	TRIM16	c1
0.122677644025786	-0.486188086774299	0.024	0.031	1	PPIP5K1	c1
0.000101905606076996	-0.486035698186573	0.083	0.112	1	MRPL15	c1
0.164200737301189	-0.485968683877552	0.02	0.025	1	STK35	c1
0.0161383401212452	-0.485897938665532	0.036	0.048	1	MIER2	c1
0.0635178192037635	-0.48565435374001	0.053	0.063	1	POMC	c1
0.0156084849833871	-0.485528714557502	0.06	0.074	1	SLC39A9	c1
0.0190631278234713	-0.485508334615383	0.039	0.052	1	CNBD2	c1
0.00331518214098783	-0.485351102929859	0.073	0.092	1	MED23	c1
0.00189011117613575	-0.485320700845311	0.073	0.094	1	FBXO42	c1
0.0119054266684954	0.485210692970963	0.014	0.008	1	SNPH	c1
0.393335373010201	-0.485198383869027	0.01	0.012	1	ZNF35	c1
0.00976394366308798	-0.485077300744418	0.055	0.07	1	GGACT	c1
0.0552965107101831	-0.484669781217947	0.033	0.043	1	ZBTB49	c1
0.00576624662072733	-0.484407948394791	0.05	0.066	1	SIK3	c1
0.00776428830209707	-0.484189724405059	0.033	0.046	1	ACOT4	c1
0.000239601798535242	-0.483977732169238	0.1	0.128	1	PTEN	c1
0.00745685076913647	-0.483871181012538	0.065	0.082	1	FAR1	c1
0.000562532709683407	-0.483699120499317	0.092	0.117	1	RWDD4	c1
0.0014073643340669	-0.483328994546954	0.072	0.093	1	FBXL12	c1
0.00858604226696451	-0.482985303204836	0.056	0.072	1	VPS11	c1
0.00770822033196746	-0.482864521632317	0.059	0.076	1	ATP2C1	c1
5.49248505884753e-05	-0.482851018343174	0.105	0.138	1	SEC23B	c1
0.0176676401895296	-0.482707358428122	0.033	0.045	1	ABHD11	c1
0.00138897216339302	0.48256781818	0.031	0.02	1	MPP5	c1
0.000470091486262358	-0.482448449148897	0.098	0.124	1	PPP1R21	c1
0.000562137329178245	-0.482407223762674	0.112	0.138	1	CTAGE5	c1
0.0332942103121247	-0.482384916236564	0.055	0.067	1	TRAPPC11	c1
0.00026650735117248	-0.481951262034419	0.062	0.086	1	SYVN1	c1
0.016278742374732	-0.481737140834376	0.041	0.054	1	TMEM19	c1
0.0093079741657412	-0.481624393177413	0.068	0.085	1	C16orf72	c1
0.00105073975457792	-0.481504147351941	0.107	0.132	1	TANGO2	c1
0.0633112347336634	-0.481350868860784	0.043	0.053	1	TRIM65	c1
0.00646525216829515	-0.481188891632362	0.036	0.05	1	SLC35A2	c1
0.014138231071951	-0.48084356141278	0.041	0.054	1	FAM24B	c1
0.00103031927821444	-0.480758748049477	0.074	0.096	1	MON1B	c1
0.085157610234514	0.480665722423565	0.011	0.008	1	DIP2C	c1
0.00484625587015774	-0.480656416749379	0.09	0.11	1	SUGP2	c1
3.63813150178157e-05	-0.48057232311188	0.112	0.146	1	PMM1	c1
0.0272002146372014	0.480421489222325	0.012	0.007	1	TNFRSF13C	c1
4.0592607995896e-05	-0.480256126715593	0.1	0.132	1	MRPL39	c1
0.00619668507032929	-0.480149149725468	0.074	0.093	1	CHST7	c1
0.0587176503502686	-0.480144278011779	0.039	0.048	1	GPR180	c1
0.00487223079142173	-0.480023687067973	0.058	0.075	1	RNF24	c1
0.026325270753177	-0.479987589343314	0.048	0.06	1	ZNF484	c1
0.0022253459546842	-0.479947234142475	0.07	0.09	1	ELP3	c1
0.102597519859847	0.479774217909595	0.015	0.011	1	RP11-442H21.2	c1
0.0879106652511174	-0.479729671703141	0.013	0.018	1	MTMR8	c1
0.000322640646259125	-0.479630278699402	0.085	0.112	1	ATE1	c1
0.00368747423818592	-0.479387259579967	0.056	0.074	1	AHCYL1	c1
0.00421885517220967	-0.479225790675454	0.059	0.077	1	ZDHHC16	c1
0.0391647084643334	-0.479221327668609	0.063	0.074	1	CD300A	c1
0.00603565722242148	-0.479099563185949	0.082	0.101	1	CDK5RAP2	c1
0.0107599923572458	0.478996831900647	0.018	0.012	1	ZCCHC14	c1
0.00258779010245145	-0.478916312368436	0.064	0.083	1	PPM1D	c1
0.00824265526590599	0.478880711074235	0.026	0.018	1	RP11-572M11.4	c1
0.00280875907362387	-0.478831454609296	0.052	0.07	1	MFN2	c1
0.00716248113935168	-0.478631428473436	0.064	0.081	1	ZBTB2	c1
0.010179524679291	0.47850643681649	0.021	0.014	1	RP11-156E8.1	c1
0.11774242859227	-0.478341906239414	0.022	0.028	1	AC009961.3	c1
0.00128569065075151	-0.478281201204986	0.082	0.105	1	ATAD2	c1
0.000992625489293357	0.478011889061933	0.039	0.026	1	FAM216A	c1
0.00904844317573707	-0.477811477477609	0.041	0.055	1	ACBD3	c1
0.000133737259259315	-0.477645518618975	0.094	0.123	1	FAM207A	c1
0.00229636236766853	-0.47732072803619	0.074	0.095	1	ALG2	c1
0.293660965509154	-0.477261090325533	0.018	0.021	1	REEP6	c1
0.00443494594047357	-0.477249060206768	0.083	0.102	1	FOXO3	c1
0.0183243368226971	-0.4771569157946	0.03	0.041	1	SERPINH1	c1
0.0226191922135887	0.477153115435446	0.02	0.014	1	RP11-262H14.3	c1
0.00528224689770917	-0.477138569867248	0.071	0.089	1	NOP14-AS1	c1
0.000701462292508621	-0.477010484532216	0.067	0.09	1	SUCLA2	c1
0.0679909212516387	-0.47699933885277	0.028	0.036	1	ZRANB1	c1
0.000959531910822091	-0.47675249349576	0.092	0.116	1	DHRSX	c1
0.0744777318901637	-0.476584513173129	0.01	0.015	1	TRBV23-1	c1
5.57107773482119e-05	-0.475911025750647	0.1	0.132	1	MVB12A	c1
0.00521747389568184	-0.475883068091841	0.051	0.068	1	AEBP2	c1
0.0382498244268698	-0.475741350576858	0.025	0.034	1	MFSD9	c1
0.000211793568553698	-0.475689705864683	0.088	0.116	1	RIOK1	c1
0.0116402244989566	-0.475666483299033	0.039	0.053	1	BPNT1	c1
0.0065011943740658	-0.475403277082027	0.064	0.081	1	DPAGT1	c1
0.01167656667185	0.475264653641948	0.017	0.011	1	CRYBG3	c1
0.00519010466900606	-0.475214810853124	0.065	0.083	1	C1RL	c1
0.00338145357724081	-0.474375912569574	0.061	0.08	1	ATP6V1C1	c1
0.132177676439425	-0.473973357526837	0.016	0.021	1	CTU1	c1
0.00477133396485551	-0.473576479105798	0.029	0.042	1	MAPK7	c1
0.155767122151972	-0.473099744303819	0.014	0.019	1	ALG10B	c1
4.94497103351548e-05	-0.473079143210553	0.071	0.101	1	SGTA	c1
0.222008865527688	-0.472619858708216	0.008	0.011	1	RP1-151F17.2	c1
0.000206215903206513	-0.472517847465013	0.108	0.137	1	FAM105A	c1
0.0142219977267352	0.472487481298356	0.029	0.021	1	TBC1D32	c1
0.000126581354289314	-0.472365332007889	0.093	0.122	1	RBM18	c1
0.0235397783077429	-0.472262492129019	0.057	0.07	1	PRKD3	c1
0.000382775050415036	-0.472216283979739	0.086	0.112	1	IRF2BPL	c1
0.000916403641986228	-0.472004791737937	0.076	0.099	1	RASA1	c1
0.00224333586537095	-0.471952072781678	0.055	0.074	1	RRP1	c1
0.00243108517663205	-0.471863130961742	0.059	0.078	1	BLZF1	c1
0.0408673939731481	-0.471417540394542	0.043	0.053	1	SLC27A5	c1
0.00247770206905381	0.471281026407617	0.029	0.019	1	HIST1H4B	c1
0.00311377827250489	-0.471238258822947	0.081	0.102	1	LSG1	c1
0.0149151591161778	-0.471182887550809	0.043	0.056	1	MTA3	c1
0.0254191396658537	-0.471156245615048	0.028	0.038	1	AP000476.1	c1
0.000923674385340147	0.470977932507251	0.04	0.027	1	TESK2	c1
0.0638992268148637	-0.47094989998658	0.02	0.027	1	SRD5A3	c1
0.127135810781462	-0.470802865197292	0.016	0.021	1	CLPB	c1
0.084886750293236	-0.470760278739445	0.02	0.027	1	PPARA	c1
0.00280447360389548	-0.470685478123423	0.075	0.095	1	MAP2K4	c1
0.00203181064527139	-0.470381020418372	0.078	0.099	1	PPP2R5D	c1
0.0940028544236341	-0.470188893988259	0.019	0.026	1	BTBD2	c1
8.6555613739168e-05	-0.470145106715373	0.107	0.138	1	PLEKHA3	c1
0.000328582542858805	-0.469936912570301	0.108	0.136	1	C18orf8	c1
0.00416859976894881	-0.469619228764451	0.053	0.071	1	SRBD1	c1
0.000974501000450257	-0.469511026369786	0.104	0.129	1	RNF139	c1
0.00124391147409148	0.46950677267334	0.056	0.04	1	PNPLA4	c1
0.429455368471089	-0.469302661712372	0.011	0.013	1	SYCP2	c1
0.0671585331647317	-0.469240275827006	0.01	0.016	1	CCDC134	c1
0.00581961058821989	-0.469191745463613	0.057	0.074	1	KDM4B	c1
0.00031206857047507	-0.468987111682524	0.085	0.112	1	RNF41	c1
0.0425086363288366	-0.468974558149432	0.016	0.023	1	ZSCAN29	c1
0.0143388801354257	-0.468906739102575	0.067	0.082	1	HIST2H2AC	c1
0.00518905627625068	0.468294748887125	0.033	0.023	1	RP5-1021I20.1	c1
0.196897314634442	-0.468277937192323	0.018	0.023	1	FICD	c1
0.0157628868507913	-0.468044957678124	0.042	0.055	1	LIN54	c1
0.000187477568274048	-0.46795686041378	0.094	0.123	1	CINP	c1
0.179607788640163	-0.467932095328234	0.02	0.025	1	VPS54	c1
8.09740208745098e-05	-0.467813103760222	0.101	0.131	1	FAM58A	c1
0.237743646894002	-0.467711232986892	0.008	0.01	1	HIST1H4J	c1
0.067949449064713	-0.467438129660625	0.022	0.029	1	TTC22	c1
0.0368937567071744	-0.46740518365399	0.019	0.028	1	KLC4	c1
0.00258580156848321	-0.467397220378091	0.084	0.105	1	SPIDR	c1
0.229127272536052	-0.467313574506144	0.009	0.012	1	HIRA	c1
0.00107753110885407	-0.46718693167389	0.097	0.121	1	RCE1	c1
0.00274195055926106	-0.466951737364126	0.08	0.101	1	ARAP1	c1
0.00055794911198757	-0.46672202696762	0.083	0.108	1	CRCP	c1
0.00296718152593976	-0.466123729351586	0.052	0.07	1	KCNK6	c1
0.0238917537519539	0.466043463176697	0.018	0.012	1	CUBN	c1
0.00782167629589236	-0.465900651205351	0.039	0.053	1	RRNAD1	c1
0.000147217012453792	-0.465697061435239	0.094	0.123	1	PLIN3	c1
3.86689203548804e-05	-0.465674772134764	0.111	0.145	1	MED27	c1
0.0343740995433163	-0.465634696458445	0.013	0.02	1	CDYL2	c1
0.0522782205990776	0.465482953133654	0.012	0.008	1	RPL34-AS1	c1
0.00814773748070505	-0.465298556431986	0.051	0.067	1	EYA3	c1
0.0969317562333733	-0.46522854945003	0.019	0.026	1	C19orf68	c1
0.00806301959138785	-0.465158578627974	0.035	0.048	1	MRPL53	c1
0.00774890550319942	0.465134193704827	0.024	0.016	1	SEMA4C	c1
0.0495493731102503	-0.464941110018663	0.051	0.062	1	RABEP2	c1
0.127543559239928	-0.464924333228014	0.033	0.04	1	EID2B	c1
0.112082331812386	-0.464653629124823	0.017	0.023	1	ZSCAN21	c1
0.0459089027321776	-0.464555452876464	0.046	0.057	1	DHRS13	c1
0.0005637600421738	-0.464428730127143	0.06	0.083	1	RAB21	c1
0.0302812069482366	-0.464385883127437	0.033	0.043	1	NDOR1	c1
0.0114794277934021	-0.464320681832999	0.055	0.07	1	SMUG1	c1
0.00151606579387934	-0.46417771347746	0.077	0.099	1	MDP1	c1
0.135194905815539	-0.464149428070366	0.019	0.025	1	IL1RAP	c1
0.0344747020233727	-0.4641268394604	0.024	0.033	1	FUZ	c1
0.106622526615418	-0.464080282439709	0.008	0.012	1	HIST2H2AB	c1
0.0409992705975791	-0.463913891157091	0.06	0.072	1	BBS4	c1
0.0361746611903013	-0.463715377169255	0.032	0.042	1	RBM45	c1
0.138141279868774	0.46366311147963	0.015	0.011	1	PLEKHG4	c1
0.00365353989716402	0.463633352657254	0.027	0.018	1	ICA1L	c1
0.0474123164694459	-0.463569329554525	0.044	0.054	1	LCLAT1	c1
0.0446354545069159	-0.46332452532721	0.038	0.048	1	ARL5B	c1
0.000928889789575344	0.462880803804477	0.044	0.03	1	RP11-355B11.2	c1
0.00114729067065443	-0.462748912346164	0.096	0.12	1	MCCC2	c1
0.00435257110683697	-0.462429719350625	0.069	0.088	1	SFMBT2	c1
0.00177949846837132	0.462425202968112	0.031	0.02	1	RP11-430B1.2	c1
0.0549254847050659	-0.462005304765108	0.021	0.029	1	LRRCC1	c1
0.0538776399993598	-0.461999265393731	0.023	0.031	1	RNF103	c1
0.388869107042366	-0.461884580769944	0.011	0.014	1	NATD1	c1
0.0404483958138351	0.461689575563868	0.022	0.015	1	SPATA24	c1
0.0474180617523003	0.461467887948329	0.017	0.012	1	GBGT1	c1
0.000120754373790777	-0.461430558434993	0.158	0.189	1	SMIM10L1	c1
0.408490041012756	-0.461223202935894	0.013	0.015	1	ZNF416	c1
9.75649515107353e-05	-0.461193478379261	0.136	0.168	1	PPP6R2	c1
5.23415082837427e-05	-0.461157971774779	0.131	0.165	1	ZEB1	c1
0.00808508084381121	-0.461146305223024	0.073	0.09	1	NCLN	c1
0.12211669288635	-0.460808862911234	0.008	0.012	1	TMEM237	c1
0.00935096068807335	-0.460662586061692	0.06	0.076	1	PDPR	c1
5.5118793728928e-05	-0.460646888283919	0.127	0.161	1	ALG3	c1
0.000277225727436771	-0.460558807421991	0.105	0.133	1	PRPSAP1	c1
0.0233705199221073	-0.460048587481734	0.03	0.04	1	PAK4	c1
0.0194068077404181	-0.459960052475551	0.035	0.046	1	DBP	c1
8.02551868005905e-05	-0.459943808172412	0.157	0.191	1	ADRBK1	c1
0.000133215895568141	-0.459933107979682	0.082	0.111	1	ZNF281	c1
0.00264135344195963	-0.459839375785424	0.089	0.11	1	METTL15	c1
0.000355530287998889	-0.459721922619556	0.072	0.097	1	FTSJ3	c1
0.000365685340270388	0.459657102695604	0.067	0.048	1	ZYG11B	c1
0.02339240958299	-0.459361398069581	0.047	0.06	1	POU2F1	c1
0.633208249695685	-0.459354544458904	0.018	0.02	1	FAM215B	c1
0.0374649662227064	-0.459192452415866	0.037	0.048	1	USP32	c1
0.000466798992882063	-0.459192200921977	0.112	0.139	1	MRPL48	c1
0.194906831334721	-0.4590627991892	0.013	0.018	1	NEDD4	c1
0.000155392742508854	-0.459056546652828	0.074	0.101	1	ERAL1	c1
0.0204027487428106	-0.459052994482226	0.033	0.044	1	MIS18A	c1
0.00134761547030013	-0.459022473013913	0.078	0.1	1	MESDC1	c1
0.000621469575522924	-0.458966927661343	0.068	0.091	1	ZNF592	c1
0.0141267330708241	-0.45860033818247	0.027	0.038	1	ZNF438	c1
0.00472939766384213	-0.458491893941312	0.043	0.058	1	ARHGAP10	c1
0.00292178886119232	-0.458349862933034	0.08	0.101	1	KIAA0100	c1
0.00100015977430103	-0.458230021747831	0.083	0.107	1	YIPF2	c1
0.00930054464094251	-0.457956751408194	0.05	0.065	1	ATP13A2	c1
0.000125680325526035	-0.457948494406436	0.155	0.186	1	WDR54	c1
0.000921101854903956	-0.457400338356901	0.081	0.105	1	TMEM33	c1
0.071297897537709	0.457384512495717	0.011	0.008	1	XX-FW83563B9.5	c1
0.00158365391014105	-0.457273650681507	0.061	0.082	1	ACOT2	c1
0.000289126292440237	-0.457270244045593	0.105	0.134	1	CYB5R4	c1
0.000204062670877095	-0.456608986085714	0.081	0.108	1	PES1	c1
0.00412617736917921	-0.456032995876783	0.128	0.15	1	PHACTR2	c1
0.0133638731373547	-0.455967995884618	0.055	0.069	1	RNF169	c1
0.00436170273068476	-0.455957649628953	0.134	0.155	1	ZNF276	c1
0.000818770183961274	-0.455812789218318	0.08	0.104	1	EIF2B2	c1
0.000180133649516303	-0.455595903236665	0.123	0.154	1	ATP6V1H	c1
0.00273831023270561	-0.455406899241052	0.093	0.114	1	KIZ	c1
0.0846250548624956	-0.455235644405277	0.018	0.025	1	IQCE	c1
0.000821945272531887	0.455066515478724	0.046	0.032	1	DISC1	c1
0.246203821784787	-0.455006741507139	0.016	0.02	1	SLC12A2	c1
0.000325575387039775	-0.454902091204549	0.223	0.249	1	FKBP11	c1
0.000141147086064974	-0.454870502554169	0.119	0.15	1	TMEM138	c1
0.0255055528174634	-0.454735916717055	0.016	0.024	1	NIPAL2	c1
0.000145965609505193	-0.454724206812884	0.106	0.137	1	AKAP11	c1
0.0021280942008227	0.45468682844061	0.05	0.036	1	SEPN1	c1
0.00911076400013706	-0.454667342210276	0.089	0.107	1	ANKRD36C	c1
0.000113977743321238	-0.45451490747454	0.101	0.131	1	PTTG1IP	c1
0.0264970109700358	-0.454501403458881	0.056	0.069	1	SLC12A9	c1
0.00660759818242767	-0.454427946659461	0.06	0.078	1	ABHD10	c1
0.00220379063079325	-0.454157467994017	0.062	0.081	1	FAHD2B	c1
0.0478741742682005	-0.453760537671458	0.018	0.026	1	CEP131	c1
0.00619070088023689	-0.453745803914055	0.077	0.096	1	CUL3	c1
0.000351983808665542	-0.453741340929309	0.105	0.133	1	AP3M1	c1
0.00557576568229815	0.453714137414296	0.026	0.017	1	MTL5	c1
6.57850862690211e-05	-0.453602386148372	0.152	0.186	1	HMG20B	c1
0.00101616251945489	-0.453460510853034	0.097	0.122	1	MAPK14	c1
0.118853475690609	-0.453434247283117	0.043	0.05	1	ZNF121	c1
0.00197714009035969	0.453307533086897	0.087	0.069	1	ARMCX5	c1
0.000427215657409379	-0.453262066224208	0.078	0.104	1	DCTN6	c1
0.0409772473848515	-0.453240924883447	0.027	0.036	1	AC009299.3	c1
0.34699900756384	-0.453036660478121	0.01	0.012	1	CCDC120	c1
7.16438886523965e-05	-0.453032607005269	0.14	0.174	1	AP1G2	c1
0.176824661700614	-0.452673974767953	0.011	0.015	1	C21orf58	c1
0.00105992881294702	-0.452670797175398	0.065	0.087	1	GIPC1	c1
7.53665034057048e-05	-0.452617145790057	0.112	0.144	1	GMCL1	c1
0.0150071377621522	-0.452424278197999	0.032	0.044	1	WRAP53	c1
0.000117349892923209	-0.452342725391753	0.1	0.13	1	DNTTIP1	c1
5.87124728910816e-05	-0.451993710401032	0.124	0.158	1	IBTK	c1
0.0126649207950631	-0.451965135141942	0.057	0.072	1	CDADC1	c1
0.0150370613922265	-0.45189526772567	0.046	0.059	1	SLC17A5	c1
0.000239077949522829	-0.451864040275035	0.118	0.148	1	DPP8	c1
0.000160116610977081	-0.451820059887913	0.159	0.191	1	DDIT3	c1
0.149601249364406	-0.451776873710093	0.01	0.014	1	MTURN	c1
0.000198653568046116	-0.451163902365126	0.098	0.127	1	TM7SF3	c1
0.115068559718912	-0.451103791324876	0.009	0.013	1	CH507-42P11.8	c1
0.104521575704859	-0.450804104211387	0.016	0.021	1	ZCCHC3	c1
0.0135006899768197	-0.450800309565166	0.057	0.072	1	TRIM41	c1
0.00863573748953999	-0.450676772817679	0.047	0.063	1	SMYD4	c1
0.011794556303126	0.450364999193096	0.015	0.009	1	BAMBI	c1
0.0180912958724347	-0.450202190511601	0.021	0.031	1	CCDC125	c1
0.107054430030661	-0.4500598389505	0.017	0.023	1	SPECC1	c1
0.0201932482258115	-0.449896439560845	0.063	0.077	1	LINC01481	c1
0.0579277305636923	0.449236655144125	0.017	0.012	1	RP11-216B9.6	c1
0.00268411565826388	-0.449198733033336	0.047	0.065	1	LMNB2	c1
5.8626476938736e-05	-0.449078040541046	0.158	0.192	1	ADD1	c1
0.0140374542954364	-0.44895006061401	0.058	0.073	1	TPMT	c1
0.0016770615923559	0.448811427600556	0.066	0.05	1	TRBV19	c1
0.00521850757501956	-0.448715717944716	0.046	0.062	1	ACTR8	c1
7.57761579909965e-05	-0.448702440396046	0.598	0.583	1	NR3C1	c1
0.00418349946747011	-0.448687233150856	0.08	0.1	1	VCPIP1	c1
0.00167978524925358	-0.448624194345907	0.124	0.148	1	KMT2E-AS1	c1
8.24410203071805e-05	-0.44855895526385	0.112	0.145	1	LAMP2	c1
0.00109271749990406	-0.448170615858819	0.099	0.124	1	CRTC2	c1
0.0115024326655452	-0.448153084981417	0.083	0.099	1	CEP95	c1
4.43967534552353e-05	-0.448018669819792	0.153	0.189	1	ITFG1	c1
0.000420819212717716	-0.447950081464408	0.1	0.128	1	R3HDM1	c1
0.000224021491580106	-0.447747287953177	0.109	0.138	1	TCOF1	c1
0.000829109910516543	0.447724783769374	0.035	0.022	1	FBXO48	c1
0.187648843176002	-0.447650704668223	0.019	0.024	1	APTR	c1
0.00061907169765677	-0.447497193928607	0.072	0.096	1	TTC5	c1
0.00146540587104439	-0.44743673930096	0.085	0.108	1	L3MBTL2	c1
0.0035166797446549	-0.447147152862136	0.073	0.092	1	CRK	c1
0.00273706330027351	-0.447127271095626	0.065	0.084	1	PCYT2	c1
0.0476479355356841	-0.446978958465148	0.035	0.044	1	POLR1A	c1
6.81685133225546e-05	-0.446957862128146	0.126	0.16	1	LSM12	c1
0.0135937262472865	-0.446841058384319	0.062	0.077	1	DZIP3	c1
0.00254663295653196	-0.446435397290535	0.052	0.071	1	PRKAR1B	c1
0.0867830614455632	-0.446415824631107	0.018	0.024	1	ZNF280C	c1
0.229418452370316	-0.446338631958906	0.013	0.017	1	ZKSCAN3	c1
0.00502230091621531	-0.446199542776127	0.073	0.092	1	CCDC43	c1
0.000186778591409658	-0.446143714716338	0.103	0.133	1	FMNL3	c1
0.0317934525092653	-0.446122875817112	0.031	0.041	1	ATN1	c1
0.0551038412122419	-0.446048777673431	0.065	0.077	1	DENND4B	c1
0.0256245598445763	-0.446027171830834	0.036	0.047	1	CDK19	c1
0.000635469137571868	-0.44586801906148	0.094	0.12	1	SPNS3	c1
0.0754088778905947	-0.445721627692242	0.032	0.04	1	CPOX	c1
0.0151123719541107	-0.445198025217482	0.052	0.067	1	MTERF3	c1
0.0464470991240586	-0.445184620091772	0.016	0.023	1	VKORC1	c1
0.115211661676588	0.444973104934713	0.01	0.007	1	ZSWIM5	c1
0.385349916462969	-0.444878080527577	0.079	0.084	1	TRAV4	c1
0.000239499867532919	-0.444719154537463	0.155	0.185	1	ABCG1	c1
0.0103405344687602	-0.444657622366688	0.041	0.055	1	SYNJ1	c1
0.00585105087213367	-0.44456508961323	0.055	0.071	1	THG1L	c1
0.0060391146848534	-0.444347060144882	0.091	0.11	1	FAM126B	c1
0.000158670221767951	-0.444231097562837	0.086	0.115	1	SIRT6	c1
0.0305095738236216	-0.444142991429922	0.066	0.079	1	ZNF384	c1
0.00102144749271655	-0.444086418318457	0.721	0.674	1	CD7	c1
0.000577471712451703	-0.444019204297978	0.081	0.106	1	VCPKMT	c1
0.355871322686509	-0.44389856580923	0.015	0.017	1	TRBV6-6	c1
0.00280055427352785	0.443796507874579	0.043	0.03	1	CTD-2035E11.3	c1
0.00451227801698189	-0.443591531687122	0.055	0.073	1	ACADS	c1
0.334768681717551	-0.443528346055811	0.01	0.013	1	BAIAP2	c1
0.529110170027629	-0.443042673117112	0.01	0.012	1	STARD5	c1
0.000924233342597306	-0.442970995007729	0.086	0.11	1	PIGF	c1
0.000780618079451129	-0.442802873028421	0.087	0.112	1	MED16	c1
0.00910876508310456	-0.442748472432947	0.052	0.067	1	FAM179B	c1
0.0470544385066151	0.442235791230503	0.024	0.018	1	IFT122	c1
0.00160684661149103	-0.44219010591038	0.095	0.118	1	AP1G1	c1
0.000818169747555802	0.442104458875543	0.077	0.058	1	INF2	c1
0.00435184399697871	-0.442097376266408	0.058	0.076	1	RNF31	c1
9.26010118231364e-05	-0.442073820478278	0.133	0.165	1	RING1	c1
0.00585817906676958	-0.441962460505807	0.087	0.106	1	ZCCHC8	c1
0.00406567427133137	-0.441761418532328	0.054	0.071	1	OAZ2	c1
0.0401436725091463	-0.441508294003371	0.028	0.037	1	XRCC4	c1
0.0101922143716183	-0.441226546510352	0.053	0.069	1	KLHL12	c1
0.00996103745135929	0.441213057781198	0.05	0.038	1	TRBV3-1	c1
0.00129603747478508	0.441112123344962	0.047	0.033	1	RP11-169D4.2	c1
0.0102867627124307	-0.441108177003493	0.019	0.029	1	PHF13	c1
0.00916065394083993	0.44109553807653	0.019	0.012	1	RP11-117D22.2	c1
0.00141887826495193	-0.440921131355978	0.115	0.14	1	GINM1	c1
0.00184987925708696	-0.440887703680006	0.045	0.064	1	MSH2	c1
0.000625756576683741	-0.440793942486362	0.08	0.105	1	PPM1A	c1
0.000998626378781047	-0.440399356425948	0.107	0.133	1	MDM2	c1
0.00650352200143138	-0.440173241064872	0.091	0.11	1	ULK3	c1
0.00733153142314557	-0.440063596357216	0.044	0.059	1	UVSSA	c1
0.00242754316617773	0.439988766200805	0.046	0.033	1	KLHL5	c1
0.0137798430984847	-0.439926989579179	0.067	0.083	1	WDTC1	c1
7.35423015741583e-05	-0.439865694463097	0.123	0.155	1	ME2	c1
0.0991314614095338	-0.43986550661201	0.03	0.038	1	PPP1R12B	c1
0.000160828802798957	-0.439829731708925	0.138	0.169	1	KLHL28	c1
0.00529252244356916	-0.43976320281728	0.055	0.072	1	THUMPD2	c1
0.0185656825006682	-0.439661491312653	0.044	0.057	1	SEC24A	c1
0.352396947999838	-0.439485233604542	0.016	0.019	1	CAMK2N1	c1
0.0488032210979715	-0.439045883882569	0.01	0.016	1	PHGDH	c1
0.0112930596813523	-0.438928948860975	0.077	0.093	1	ZNF335	c1
0.0603137036136397	-0.438921047817149	0.037	0.046	1	SIDT2	c1
0.0143341935376945	-0.438888739046401	0.096	0.112	1	TULP4	c1
5.61618593104138e-05	-0.438747504158184	0.157	0.192	1	DCTN1	c1
0.0699620477066101	-0.43861269434267	0.036	0.045	1	SPECC1L	c1
0.00465894050641245	-0.438590305290067	0.06	0.078	1	ZBTB48	c1
0.0230129800631663	-0.438566525998563	0.041	0.053	1	PKNOX1	c1
0.219815763759236	-0.438399370824174	0.017	0.021	1	EMILIN2	c1
0.0026005994726776	-0.43834243489961	0.091	0.113	1	WDR48	c1
0.52214670597901	-0.438299220648636	0.011	0.012	1	FOXO4	c1
8.74932362498014e-05	0.438220496046567	0.055	0.036	1	PXYLP1	c1
0.000111589572724784	-0.437803815187668	0.145	0.178	1	KIF22	c1
0.0419042665792924	0.437736348489097	0.012	0.008	1	POU6F1	c1
0.0540751052929714	0.437734892236983	0.023	0.017	1	SUCLG2-AS1	c1
4.38882742896172e-05	-0.437617435828147	0.162	0.198	1	POP4	c1
0.000285122794407003	-0.437427748041642	0.117	0.146	1	TBC1D20	c1
0.119256478045622	-0.43728707218658	0.032	0.039	1	BCS1L	c1
0.0216704860960076	-0.437020572061556	0.051	0.064	1	DNAJC14	c1
0.300000203095106	-0.436909937556218	0.012	0.015	1	SNX25	c1
0.000249864760218579	-0.436795096544048	0.122	0.152	1	GUSB	c1
0.637255590843864	-0.436792506863854	0.009	0.01	1	RP1-198K11.5	c1
0.0724594233787285	-0.436650773751249	0.029	0.037	1	MFAP3	c1
0.181794797550541	0.436640805424369	0.028	0.023	1	CBR3	c1
0.00316267859755665	-0.43663749848477	0.043	0.059	1	ILVBL	c1
0.0473895279239599	-0.436598099660433	0.032	0.041	1	TTPAL	c1
0.0974523559054477	-0.436567794942095	0.024	0.031	1	CCDC191	c1
0.0337962598134429	0.436561099967143	0.014	0.009	1	MYO15B	c1
0.00781459252584241	-0.43653219677523	0.06	0.077	1	CHM	c1
0.00114099305634277	-0.436418471308044	0.107	0.132	1	NELFA	c1
8.38007088167834e-05	-0.43633346438803	0.122	0.155	1	PAFAH1B3	c1
0.000946632079720558	-0.436254358420467	0.09	0.114	1	MTMR6	c1
0.0105032232417172	-0.436188013601832	0.072	0.088	1	GOLGA3	c1
0.00187800368130001	-0.436104519858276	0.077	0.098	1	ZNF600	c1
0.0860746533173292	-0.435416008089729	0.043	0.051	1	KCTD7	c1
0.0527232157544932	-0.435387230854211	0.033	0.042	1	TAOK2	c1
0.000786742118105851	-0.435330125122218	0.066	0.09	1	NAALADL1	c1
0.0310942380715283	-0.435306305160361	0.052	0.065	1	PAN3	c1
0.15419781026511	0.435159888641126	0.01	0.007	1	RP11-505K9.1	c1
0.0550499251451222	-0.435066733600353	0.047	0.057	1	AP001258.4	c1
0.00305217216440226	-0.43442903463038	0.078	0.099	1	TMEM209	c1
0.0293217610215374	-0.434318036939309	0.04	0.052	1	ZNF564	c1
0.000221871958104966	-0.434284140053937	0.131	0.161	1	FLAD1	c1
0.0561198721485568	-0.433870946656771	0.064	0.075	1	RP3-395M20.12	c1
0.000695637796908611	-0.433851704081325	0.096	0.122	1	ASMTL	c1
0.176940038537488	0.433521617423854	0.021	0.016	1	HDAC11	c1
0.183653145403016	0.433499238454284	0.018	0.015	1	FANCB	c1
0.00166219475554873	-0.433478743931981	0.075	0.098	1	TP53BP1	c1
0.000614737825297988	-0.432507161271138	0.095	0.121	1	ACAT1	c1
0.00228845846501786	-0.432486731773071	0.099	0.122	1	CBWD2	c1
0.000675989861161319	-0.432297978101791	0.139	0.166	1	MPPE1	c1
0.0206787681811662	-0.432226680519281	0.026	0.036	1	DGAT1	c1
0.000150119646381998	-0.432209001229468	0.12	0.152	1	PLPP5	c1
0.0444192611132305	-0.432156506400167	0.063	0.075	1	SP1	c1
0.0185286358232802	-0.431825427379123	0.036	0.047	1	C14orf93	c1
0.0581579469245543	-0.431824677967943	0.022	0.029	1	LSM14B	c1
0.0529826839889319	0.431792925873915	0.041	0.033	1	CHIC1	c1
0.000153180417492584	-0.431685588813477	0.132	0.164	1	PRCC	c1
0.0014057848649114	-0.431460896336291	0.077	0.1	1	PIGX	c1
3.66105570318878e-05	-0.431411279755885	0.146	0.181	1	PDCD7	c1
0.182063053264143	-0.431307120057965	0.006	0.01	1	ZNF20	c1
0.00266436602975939	0.431215158783655	0.047	0.034	1	FBXL8	c1
0.000625669505274537	-0.431214119656762	0.066	0.089	1	UTP11L	c1
0.0414222360444995	0.431058455405116	0.022	0.016	1	AMIGO1	c1
0.0140704701911343	-0.431038937121183	0.062	0.077	1	CIZ1	c1
0.392002840007235	-0.431030833386298	0.012	0.014	1	RP11-486G15.2	c1
0.0122675973304	-0.430923004947205	0.063	0.079	1	RNF141	c1
0.0388627557253831	0.430795555989866	0.021	0.015	1	HIST2H2BE	c1
0.00668033078997024	-0.430637924268226	0.048	0.064	1	PTBP2	c1
0.00564548444505451	-0.430624363754075	0.055	0.072	1	STK19	c1
0.00302808851090976	-0.430482655370988	0.066	0.086	1	PI4K2B	c1
0.0115780387618839	-0.430433783362229	0.064	0.08	1	NT5C2	c1
0.122853307000149	-0.43039208172281	0.034	0.041	1	AC007246.3	c1
0.498744647515915	-0.430151698734371	0.013	0.015	1	C16orf86	c1
0.000240051463791911	-0.43014578200114	0.144	0.175	1	JADE2	c1
0.000925249656440805	-0.430019427056545	0.06	0.082	1	UBE2R2	c1
0.246892359314463	-0.429956744724208	0.011	0.014	1	RAB11FIP5	c1
0.132444984811257	-0.429928402289076	0.031	0.037	1	ZNF184	c1
0.0199730815172692	-0.429888469006028	0.052	0.066	1	ATF5	c1
0.00846588119712423	-0.429804528790774	0.1	0.119	1	PPIP5K2	c1
0.335663714576898	-0.429771178007311	0.021	0.024	1	SCRIB	c1
0.026128222825336	-0.42975549892399	0.058	0.072	1	KMT2D	c1
0.112485367864205	-0.42959765745769	0.014	0.019	1	TUT1	c1
0.0725312548521906	-0.429593197712068	0.031	0.04	1	RP11-162A12.2	c1
0.100360931261233	0.429483698351611	0.01	0.007	1	CDKL3	c1
0.0051938012093144	0.429238396918857	0.033	0.023	1	OBSCN	c1
0.0354970184290777	-0.428982730040961	0.028	0.037	1	SAMD1	c1
0.297334584277676	-0.428934428246881	0.016	0.019	1	LINC01534	c1
0.0454533167225885	-0.428892915175182	0.035	0.044	1	RRP36	c1
0.112117604329897	-0.428825921062282	0.021	0.027	1	C4orf46	c1
0.00111278309217965	-0.428642927267459	0.087	0.111	1	TTC9C	c1
0.00035231172905705	0.428547441653183	0.058	0.04	1	RLN1	c1
0.00181737719929737	-0.428500769514869	0.106	0.129	1	MRPL46	c1
0.000175469773463425	-0.428379941870243	0.146	0.178	1	FAM127A	c1
0.000186747584129548	-0.428355234591549	0.079	0.106	1	PDCL	c1
0.00514125312129575	-0.42813497131634	0.1	0.12	1	HAUS3	c1
0.0143886028376144	0.428062662296924	0.029	0.021	1	AC195454.1	c1
0.0460319891095018	-0.427950146226038	0.028	0.037	1	GID4	c1
0.0350305162630028	-0.427791080081961	0.042	0.053	1	HPS6	c1
0.00028347069858751	-0.427460195939162	0.101	0.13	1	SHC1	c1
0.345384775932202	-0.427381327109211	0.013	0.016	1	IFT172	c1
0.0779581102657758	-0.427181724627466	0.021	0.028	1	ZNF461	c1
8.3890690677196e-05	-0.427181363958615	0.222	0.255	1	GRINA	c1
0.027586357487449	-0.427177858357181	0.086	0.101	1	CPD	c1
0.374346557875091	-0.427068938779454	0.019	0.022	1	BAHD1	c1
0.00164027744676641	-0.426908254092826	0.111	0.135	1	DDX42	c1
0.0209126249284723	-0.426759813394302	0.048	0.061	1	C12orf49	c1
0.0394175556455382	-0.426684840445918	0.033	0.043	1	CEP89	c1
0.000759862239971398	-0.426636002718728	0.097	0.123	1	EXOC5	c1
0.0284045969120785	-0.426388994265648	0.048	0.06	1	GTF3C3	c1
0.00837634465921024	-0.426341787838873	0.034	0.047	1	RFC5	c1
0.319566292047951	-0.426333559198939	0.008	0.011	1	HOMER2	c1
0.00148271442340889	-0.426317197843216	0.047	0.067	1	ASL	c1
0.991328971136572	-0.42628181948775	0.114	0.111	1	TRBV20-1	c1
0.00235539578106453	-0.426277273697272	0.105	0.128	1	ODF2	c1
0.39575379752546	-0.426236892150811	0.031	0.035	1	IL15	c1
0.0122191940439814	0.426225258314546	0.028	0.02	1	ZNF717	c1
0.000313206871768297	-0.426196719300819	0.18	0.211	1	NUP98	c1
0.08799314219375	0.425724369914302	0.015	0.011	1	TAPT1-AS1	c1
0.00128609524644135	-0.425716104599392	0.1	0.125	1	KPNA1	c1
0.00104201627238469	-0.425618644584804	0.077	0.1	1	PDS5B	c1
0.403375112409023	-0.425354924695132	0.01	0.012	1	AGBL3	c1
6.84748085220758e-05	-0.424997054145378	0.183	0.217	1	NELFCD	c1
3.18521216366467e-05	-0.424827189569448	0.133	0.169	1	UNC50	c1
0.00416745861588258	-0.424726937011447	0.067	0.086	1	ELK1	c1
0.0298470997804223	-0.424645501155279	0.062	0.075	1	PISD	c1
0.000102734336088994	-0.42454927883524	0.118	0.15	1	FADD	c1
0.142875853083274	-0.424480028996513	0.029	0.036	1	ZNF552	c1
0.00381501338968025	-0.424366862603341	0.136	0.158	1	ASCC3	c1
7.24680069860447e-05	-0.424306719334282	0.105	0.138	1	SLC4A1AP	c1
4.58661302288528e-05	-0.424252229142019	0.181	0.218	1	FUBP1	c1
0.000226349824357067	-0.424239009405399	0.107	0.137	1	GPN1	c1
0.421792373610205	-0.423944889617836	0.009	0.011	1	ZNF579	c1
0.0188921761304931	-0.423922626446378	0.051	0.065	1	C10orf76	c1
0.00106224897805071	-0.423845516900202	0.077	0.1	1	DDX41	c1
0.0250561263710752	-0.423734542674285	0.035	0.046	1	DHRS7B	c1
0.0100809093384577	0.423599951027205	0.031	0.022	1	CYP2U1	c1
0.0238980806044936	-0.423334308467639	0.053	0.066	1	C2CD3	c1
0.00775542621987394	-0.423263383791247	0.074	0.092	1	DIS3	c1
0.0250051283054637	-0.423223601531891	0.031	0.042	1	FAM173B	c1
8.44638994689003e-05	0.423024457599281	0.044	0.028	1	FAM169A	c1
0.00363919100791483	0.422683803898955	0.027	0.018	1	AP001372.2	c1
0.0700695214437703	-0.422281208779587	0.024	0.032	1	KDELC2	c1
0.0719837370065695	-0.422212131952366	0.04	0.05	1	AP1AR	c1
0.0160161178540937	-0.4221994131154	0.036	0.048	1	RP11-115C21.2	c1
0.00452251673519814	-0.421822007894096	0.098	0.119	1	MED17	c1
0.00969572282486583	-0.421739833288108	0.047	0.062	1	RP5-1091N2.9	c1
0.00217160441219947	-0.421712366137609	0.043	0.061	1	RPE	c1
0.00721504246387058	-0.42165153223146	0.055	0.071	1	TMED1	c1
0.348003407901476	-0.421555762489097	0.012	0.015	1	P3H4	c1
0.00303806963693153	-0.421441942257142	0.128	0.15	1	NCOA2	c1
0.00464311480202146	-0.421423892883924	0.087	0.107	1	MYSM1	c1
0.0064770555293912	-0.421380260951999	0.126	0.147	1	PTPN11	c1
0.472107762989842	-0.421363387228505	0.009	0.01	1	AGBL2	c1
0.000434163438616734	-0.421290670825225	0.112	0.141	1	ZC3H18	c1
0.0102796072409377	0.421117373339707	0.032	0.023	1	PTPDC1	c1
0.00148891618859485	-0.421056751301655	0.139	0.164	1	CDK11A	c1
0.171018588535492	-0.421044273872259	0.013	0.018	1	SLC25A28	c1
0.000312916474192583	-0.420868074371108	0.143	0.173	1	NUDT4	c1
0.00568972540003054	-0.420848054609926	0.048	0.064	1	WBP1L	c1
3.18427209784595e-05	-0.420843824654021	0.179	0.215	1	APEH	c1
0.00873902714534658	-0.420672642718218	0.069	0.086	1	ATP6V0A2	c1
2.99508606602942e-05	-0.420671672460241	0.208	0.245	1	TMEM259	c1
4.16430687844595e-05	-0.420585400727917	0.172	0.208	1	EIF2S1	c1
0.0149850371133292	-0.420493117098022	0.083	0.099	1	GTF3C1	c1
0.0010934864937036	-0.42025296600193	0.117	0.142	1	SRPRB	c1
0.00308296680210236	-0.419956257413744	0.07	0.09	1	ANKFY1	c1
0.109353222327551	-0.419565640555287	0.018	0.024	1	ZC3H10	c1
4.11644365973372e-05	-0.419561267282311	0.181	0.217	1	SEC61A1	c1
0.544634180552373	-0.419349142280953	0.009	0.01	1	DCUN1D2	c1
0.00376159590961382	-0.419335359855599	0.118	0.14	1	CARD11	c1
0.0154248501676487	-0.419292689366915	0.056	0.07	1	KATNB1	c1
3.79805529636122e-05	-0.419199608906702	0.153	0.19	1	ZMYM5	c1
0.00118756793674646	-0.418987195051611	0.153	0.178	1	ZNF791	c1
7.54643171556608e-05	0.418901656108045	0.054	0.036	1	IER3	c1
0.00579929835625943	-0.418486553002265	0.104	0.124	1	SKIV2L2	c1
0.0376754809652581	-0.418299579640787	0.065	0.078	1	NNT-AS1	c1
0.000143678976420737	-0.41816920740604	0.074	0.102	1	RNFT1	c1
0.0638312398469135	0.418145137483075	0.021	0.015	1	PKP4	c1
3.0323516959605e-05	-0.418135192438637	0.172	0.208	1	TPGS1	c1
0.0809010594781071	-0.417871047821966	0.014	0.02	1	MSH5	c1
0.0558881669121027	-0.41778541399904	0.052	0.063	1	TRIM23	c1
5.95358389550178e-05	-0.41767256301513	0.113	0.147	1	SNAP29	c1
0.00139189500891271	-0.417595216889486	0.091	0.115	1	EIF4EBP2	c1
3.31131123763974e-05	-0.41751727484968	0.107	0.142	1	BTN2A1	c1
0.000714318276958583	-0.417114165630471	0.126	0.154	1	ARCN1	c1
0.00938269649356203	-0.417065404884398	0.067	0.084	1	SUGP1	c1
0.00449349842051293	-0.416826520161697	0.137	0.16	1	RBKS	c1
0.0326306083790272	-0.416820192635053	0.038	0.049	1	WDR76	c1
0.00622283708757624	-0.416750932468005	0.129	0.149	1	LRIF1	c1
0.000900903072013069	-0.41672592564329	0.174	0.201	1	HELZ	c1
0.00058669845633013	-0.416525563681787	0.101	0.129	1	ELP6	c1
0.00186641753037992	-0.41642209923622	0.096	0.119	1	RHOT1	c1
0.308108287994122	-0.416397484671686	0.019	0.023	1	CTD-3222D19.8	c1
0.0659559775016939	-0.416368570905964	0.053	0.063	1	ZNF699	c1
0.0888876283973594	-0.416166942890103	0.019	0.026	1	POP1	c1
0.000577562551038294	-0.416120658371919	0.181	0.209	1	MARK3	c1
0.295290220519723	-0.416117458078093	0.012	0.015	1	ZNF793	c1
0.175408901486155	0.415979345527548	0.012	0.009	1	EVI5	c1
0.00139773399800545	0.415846474341428	0.055	0.039	1	SSBP3	c1
0.00721258483642811	0.415743160976669	0.031	0.021	1	LINC00921	c1
0.00543415700650935	-0.415718016293521	0.085	0.105	1	CMTR1	c1
0.0673232097914836	-0.415315442696875	0.057	0.067	1	CARNMT1	c1
0.000891567518398481	-0.415314511221863	0.089	0.113	1	MED1	c1
0.511974891925354	-0.415290611552378	0.01	0.012	1	TRIM66	c1
0.000530918921377427	-0.415269013649222	0.107	0.135	1	SLC50A1	c1
0.0993241587669723	-0.41509521549109	0.042	0.05	1	AMPD2	c1
0.00836921514085933	-0.415070851046985	0.067	0.084	1	ZBTB7B	c1
0.0258506714272192	-0.414925849986621	0.079	0.093	1	E4F1	c1
0.0113757869404764	-0.414804263873125	0.09	0.108	1	KDM7A	c1
0.00236092370095156	-0.414759851918869	0.122	0.146	1	UBE4A	c1
0.000414491868655317	-0.414514092694645	0.144	0.173	1	HACD4	c1
0.000696548336981439	-0.41442803535893	0.125	0.153	1	NDEL1	c1
0.000944564900136934	-0.414305469337829	0.098	0.123	1	PSMG3	c1
0.0124103658520089	-0.414241527890847	0.103	0.12	1	ANKRD36	c1
0.0202867227251715	-0.414236973090177	0.063	0.077	1	LY75	c1
0.000123719767226733	-0.414233345207478	0.148	0.18	1	PREB	c1
0.000304767268692261	-0.414181708426364	0.107	0.136	1	PMPCA	c1
0.345623611313929	-0.414180095004371	0.01	0.012	1	PEX11A	c1
0.0100852500001847	-0.414133728107573	0.079	0.097	1	DPH1	c1
0.174395407727809	0.414043291442716	0.015	0.012	1	PSMD6-AS2	c1
0.00842767551554574	-0.413990538132854	0.062	0.078	1	H6PD	c1
0.000101205741218953	-0.41388289415846	0.12	0.152	1	UBE2D1	c1
0.152995325051625	-0.413716561674747	0.026	0.032	1	GATB	c1
0.0043099339419793	-0.413704632912739	0.087	0.107	1	ELAC2	c1
0.00013671239259098	-0.413541659321931	0.156	0.189	1	TRNAU1AP	c1
0.00765877259180128	-0.413528404339119	0.069	0.086	1	TCEB3	c1
0.000234681585731056	-0.41346564214038	0.124	0.154	1	UROD	c1
0.0175770713827233	-0.413376247526873	0.053	0.068	1	TTC4	c1
0.00199386757578749	-0.413293615853626	0.094	0.117	1	PPP1R35	c1
8.81242391726242e-05	-0.41326993269191	0.154	0.188	1	RTN3	c1
0.0334058947865833	-0.413097082570915	0.059	0.072	1	C16orf58	c1
0.0103797903180976	-0.413015190846214	0.052	0.067	1	ZUFSP	c1
0.000110227711742117	-0.412833414337	0.229	0.26	1	NUB1	c1
0.0004492556029633	-0.412687134308249	0.098	0.125	1	RBM10	c1
0.343438883208579	-0.412603917878768	0.023	0.026	1	PRKACA	c1
0.000958076615261232	-0.412582780115983	0.2	0.227	1	SLC4A7	c1
0.0388726700824834	-0.4125389806055	0.038	0.049	1	DNAJC16	c1
0.000107595522015286	0.412404624560843	0.06	0.041	1	RP11-936I5.1	c1
0.0844343110571395	-0.412388136396684	0.009	0.013	1	AC093388.3	c1
0.0657583110775693	-0.412190193705066	0.041	0.051	1	PRDM4	c1
0.00666919914336989	-0.412034707307437	0.107	0.128	1	TMEM107	c1
0.0237137731520682	-0.411943467431628	0.035	0.046	1	CHST14	c1
0.00854679362769516	-0.411885459648302	0.053	0.069	1	PPFIA1	c1
0.0205665676917444	-0.411757892755118	0.072	0.087	1	EIF2B4	c1
0.00386105427428815	-0.411755527880132	0.107	0.129	1	SEC14L1	c1
0.0118327585988093	-0.411648326324179	0.08	0.098	1	POGLUT1	c1
3.19331608413747e-05	-0.411458703633582	0.164	0.201	1	PIGT	c1
0.0179371138998557	-0.41144952051723	0.045	0.059	1	MED9	c1
0.000247225493983263	-0.411373407242962	0.127	0.158	1	FBXW2	c1
0.0193916957161844	-0.411350060251817	0.094	0.11	1	UIMC1	c1
0.0643728205450911	-0.411322572972019	0.04	0.05	1	ASB7	c1
0.00667177975362742	-0.41130710769112	0.112	0.132	1	RAB28	c1
0.0136268610484046	-0.41130480662362	0.08	0.097	1	HMGXB3	c1
0.0195661932902866	-0.410820422022222	0.049	0.062	1	MTIF2	c1
0.0240482980367656	-0.410796071017934	0.024	0.033	1	ZNF251	c1
0.0420426722365035	-0.4107025945051	0.064	0.077	1	KHSRP	c1
0.326808103999549	-0.410549236072633	0.02	0.023	1	KLHL11	c1
0.000221922824586946	-0.410381914582285	0.321	0.342	1	RORA	c1
0.363836046746291	0.410308941505185	0.011	0.009	1	KIAA0895L	c1
0.0161670672868645	-0.410163615572415	0.056	0.07	1	RABL2B	c1
0.0114302352664788	0.410025106972773	0.03	0.021	1	AC002117.1	c1
4.55831158704521e-05	-0.410010145036608	0.2	0.236	1	GTF2I	c1
0.00114356056316011	-0.409988882284797	0.177	0.204	1	HUWE1	c1
7.20764976393592e-05	0.409888276171011	0.071	0.049	1	ARIH2OS	c1
0.00020622216811299	-0.409871499516218	0.126	0.157	1	RPAP2	c1
0.00108822494626896	-0.409827986527134	0.134	0.16	1	STX4	c1
0.075361155496324	-0.409748518420501	0.056	0.066	1	FOXRED1	c1
0.0249667079831176	-0.409531571327188	0.03	0.041	1	PDF	c1
0.00355508264028886	-0.409285403339835	0.088	0.109	1	DHX38	c1
0.00014298550190419	-0.409229904579861	0.126	0.158	1	PSME3	c1
0.0279671033530937	-0.409057499362776	0.052	0.064	1	EDC3	c1
0.00486866460393634	0.409035957553265	0.027	0.018	1	ADAMTS6	c1
0.109614459243621	-0.408990796468447	0.036	0.043	1	ZNF445	c1
0.00272649334416781	-0.408930263648312	0.137	0.161	1	ZNF217	c1
0.142553753042921	-0.408811171567757	0.032	0.038	1	ZDHHC2	c1
0.000223395499706715	-0.408718564654596	0.131	0.162	1	NIT2	c1
0.00140982480861994	0.408557767182906	0.037	0.025	1	PLA2G4C	c1
0.0212705236020361	-0.408481862982242	0.065	0.079	1	PKIA	c1
0.241772024381704	0.408421575113548	0.01	0.007	1	RGS12	c1
0.00487873989534977	-0.408124135665024	0.08	0.1	1	C1GALT1C1	c1
0.00101501502292755	-0.408095809925015	0.133	0.159	1	CCDC186	c1
0.0211875874854807	-0.407949654931303	0.062	0.076	1	DNAJC5	c1
0.0173571410848936	-0.407946448070228	0.04	0.053	1	SMIM3	c1
0.309338756772634	-0.407871670224202	0.013	0.016	1	RP11-932O9.7	c1
0.0851827643703361	0.407773578706817	0.024	0.018	1	YTHDF3-AS1	c1
4.21066172392365e-05	-0.407680648608565	0.147	0.183	1	IWS1	c1
0.000705227379037863	-0.407679829727825	0.229	0.254	1	ANKRD10	c1
0.0434399597476385	0.40760207989853	0.03	0.023	1	ZXDA	c1
0.00257805242719414	-0.407592970162283	0.078	0.099	1	NEDD1	c1
0.0729784276588461	-0.407529136761244	0.044	0.054	1	LACTB	c1
0.00552957410803041	-0.407462138968683	0.072	0.091	1	DLG1	c1
0.000157760477068759	0.407343957106353	0.076	0.055	1	C12orf4	c1
0.0722687966253552	-0.407266875536862	0.045	0.055	1	GATAD1	c1
0.0312399666496421	-0.407165012031266	0.047	0.059	1	CCDC126	c1
4.96743442940635e-05	-0.40706800381926	0.155	0.19	1	EPN1	c1
0.0836085743259585	-0.406979422004578	0.025	0.033	1	CCHCR1	c1
0.00146808805841848	-0.406900758958197	0.137	0.163	1	POLDIP3	c1
0.000474033718634896	-0.4067371252714	0.161	0.191	1	PMVK	c1
0.00578905448822771	-0.406500122888448	0.071	0.09	1	NQO2	c1
0.0108761496776331	-0.40629419495989	0.084	0.102	1	ORC3	c1
0.000490902987459522	-0.406088827383915	0.117	0.146	1	FAM120A	c1
0.302366308548778	-0.405973600186623	0.015	0.018	1	ZNF213	c1
0.143363013286418	-0.405902008346175	0.043	0.05	1	ATAD3B	c1
0.0131545958766855	-0.405874404755521	0.076	0.092	1	GMDS-AS1	c1
0.00186236994338336	-0.405819831501995	0.13	0.154	1	EXOSC10	c1
0.00173106626687471	-0.405770911037692	0.1	0.124	1	VGLL4	c1
0.00744127135270622	-0.405669496842267	0.062	0.078	1	OGFOD2	c1
0.0886689527685587	-0.405394391514738	0.028	0.036	1	LARS2	c1
0.0156700054351093	-0.405335624696116	0.065	0.081	1	SCYL2	c1
0.0043980957887137	-0.405108297090936	0.083	0.103	1	SGSM3	c1
0.0519603996020114	-0.405085607631825	0.071	0.083	1	CSTF3	c1
0.00768934363867858	-0.405033779981769	0.075	0.093	1	MFSD8	c1
0.0730296007355534	0.40501952065768	0.014	0.01	1	RP11-326C3.7	c1
0.247872036495763	-0.404997107344092	0.011	0.014	1	VSIG10	c1
0.0224877116751026	-0.40491094936684	0.078	0.093	1	ATR	c1
0.0697546103375303	-0.404893555855646	0.036	0.029	1	TRBV30	c1
0.000479494260007636	-0.404572306984864	0.124	0.152	1	GLT8D1	c1
0.00134835898242772	-0.404486326197436	0.086	0.109	1	EFTUD2	c1
0.0144141333780333	-0.404348247773783	0.084	0.101	1	LANCL1	c1
0.0954125185249128	-0.404045734981714	0.022	0.029	1	TRAV10	c1
0.0265646510093913	-0.404013847066178	0.063	0.077	1	CTDP1	c1
0.00187095428207586	-0.403907574595239	0.083	0.105	1	ARHGAP27	c1
0.00610136031419298	0.403881360382171	0.046	0.034	1	KIF16B	c1
0.0820005934755157	-0.403772182013014	0.016	0.022	1	IFT46	c1
0.00305152381856665	-0.40360336145905	0.108	0.131	1	C1orf131	c1
0.0125936887898033	-0.403405689181635	0.073	0.09	1	HSDL2	c1
0.136335919482808	-0.403165173457134	0.038	0.045	1	LLGL1	c1
0.238800921057291	-0.403053945431031	0.03	0.035	1	FOCAD	c1
0.0075012606288643	-0.403045279588833	0.057	0.073	1	ZDHHC13	c1
0.00108759985093866	-0.403030932696449	0.108	0.135	1	POLK	c1
0.103436930422449	-0.402690500312738	0.019	0.026	1	CSRP2BP	c1
0.00499289475695586	-0.402526359053001	0.098	0.119	1	TSPAN31	c1
0.00148688566225083	-0.402331421214644	0.135	0.16	1	ATP11B	c1
0.102421351715725	-0.402278733345414	0.034	0.042	1	FEM1C	c1
0.0320388975802114	0.402263170652431	0.029	0.021	1	RP11-284M14.1	c1
0.00291492315050407	-0.402163071278892	0.093	0.115	1	METTL14	c1
3.59631102138674e-05	-0.40214241142715	0.194	0.232	1	USP4	c1
0.101741647451192	-0.402114334429196	0.053	0.062	1	ZNF611	c1
0.0344273025542984	-0.402019648628405	0.038	0.049	1	ROGDI	c1
0.0113054526388635	0.401887032830984	0.055	0.043	1	KIAA1147	c1
0.00449741007725203	-0.401723284956807	0.077	0.096	1	C19orf52	c1
0.0951126866130972	-0.401682209944386	0.014	0.02	1	FNTB	c1
0.0202059715780699	-0.401616419276113	0.054	0.068	1	NAA35	c1
0.0770478655119555	-0.401605754570148	0.044	0.054	1	HMGCR	c1
0.0584403717308777	-0.401523009813747	0.062	0.073	1	HPS5	c1
0.00541670613128099	-0.401271467986444	0.037	0.052	1	C9orf69	c1
0.0138767284289758	-0.401253238059607	0.037	0.05	1	TBC1D13	c1
0.000947590900510386	-0.401232125309412	0.147	0.175	1	AP3B1	c1
0.00421424047584609	-0.401169048762088	0.089	0.11	1	SLC25A12	c1
0.00357981068548668	-0.401156767583592	0.155	0.179	1	HIST1H1C	c1
0.44514492196519	-0.400862356572325	0.042	0.045	1	MAP9	c1
0.00195194796147054	-0.400700464390717	0.101	0.126	1	TAB2	c1
0.00370919577920101	-0.400380505028948	0.065	0.084	1	KBTBD4	c1
7.03073695323694e-05	-0.400354915836579	0.091	0.123	1	SCAF1	c1
0.000120137055299666	-0.400189254971151	0.127	0.16	1	DRG1	c1
0.269961656524018	-0.400025302067144	0.009	0.012	1	ZNF501	c1
0.000866294919764795	-0.399961761773157	0.131	0.158	1	ALKBH6	c1
0.156073149281743	-0.399954995362098	0.026	0.032	1	TAF5	c1
0.0126485504379107	0.399900573414629	0.019	0.012	1	RP11-108M9.6	c1
0.127671939609999	-0.399659678347431	0.018	0.023	1	ZNF628	c1
0.0663972046721877	-0.399529769522087	0.039	0.049	1	DOPEY2	c1
0.00272774790732076	-0.399516195247647	0.123	0.147	1	ATF2	c1
0.00012542902619476	-0.39945848474971	0.148	0.182	1	PPP4R3A	c1
0.0266483162535351	-0.399107341252898	0.031	0.041	1	SLC10A7	c1
0.00289837261412216	-0.399033026497062	0.119	0.142	1	SLC41A3	c1
0.100112921389063	-0.398913733466505	0.042	0.05	1	PCGF3	c1
0.0402835033082112	-0.39875663217455	0.067	0.08	1	PIEZO1	c1
0.261316616726038	-0.39866974915056	0.037	0.042	1	FBXW4	c1
0.000534598217174436	-0.398649634935851	0.18	0.209	1	GARS	c1
0.0879575709526409	-0.398587167407363	0.053	0.062	1	SPPL3	c1
0.278266922702322	-0.39844284726946	0.038	0.043	1	ZNF831	c1
0.00828540268539846	-0.398441780478479	0.107	0.126	1	PHACTR4	c1
0.000197457957977087	-0.39818214000507	0.117	0.147	1	SLAIN2	c1
0.0135709221819584	-0.39817435789354	0.075	0.091	1	PDRG1	c1
0.0384385137892257	0.398162374602741	0.026	0.019	1	IL11RA	c1
0.294777338644054	-0.398021651581083	0.028	0.032	1	ZMYM6	c1
0.00261525906332468	-0.398003405716074	0.119	0.142	1	MUS81	c1
0.0382863984987521	-0.39799561585555	0.035	0.045	1	EEF2K	c1
0.0180830491862141	-0.397971535044072	0.059	0.073	1	CMTR2	c1
0.101202150515169	-0.397747131827566	0.025	0.032	1	CNNM2	c1
0.011189320787782	-0.397653444463552	0.06	0.077	1	PPME1	c1
0.00167314287554454	-0.397468454978958	0.149	0.175	1	FAM13B	c1
0.00156512178367539	-0.397380326772204	0.097	0.121	1	FAM69A	c1
0.004859649885304	-0.397374898093655	0.07	0.089	1	TBC1D23	c1
0.00436975423650347	-0.397372424766301	0.118	0.139	1	TRAPPC6B	c1
0.000278606758336113	-0.397350919183987	0.163	0.194	1	FAM208A	c1
0.0174114759484995	-0.397125103133399	0.013	0.021	1	LIN9	c1
0.00135819858710396	-0.39709541432817	0.171	0.197	1	CBFA2T2	c1
0.0130467099238163	-0.396881027185594	0.104	0.121	1	CDK13	c1
0.00103905450782766	-0.396851451335769	0.116	0.142	1	DBF4	c1
0.0324595017078185	-0.396728261551633	0.078	0.092	1	POM121	c1
0.000640295040727784	-0.396567038378417	0.069	0.093	1	KCTD5	c1
0.0795865184852176	-0.396507301046395	0.055	0.065	1	USF3	c1
0.00244583785242732	-0.396442654942977	0.099	0.122	1	ERCC3	c1
0.0019867664958749	-0.396278048520448	0.164	0.19	1	PSD4	c1
0.00705507788567064	-0.3961329825744	0.036	0.05	1	THOP1	c1
0.00154154920531372	0.396108408441189	0.056	0.04	1	NLE1	c1
0.00664584742554857	-0.395984004503869	0.067	0.085	1	R3HCC1L	c1
0.496597555495813	-0.395830355979578	0.018	0.021	1	PGAM5	c1
0.0191458140292641	-0.395800781675058	0.057	0.071	1	SLC38A9	c1
0.00696256652080718	-0.395750683143284	0.099	0.119	1	TRIM13	c1
0.0370933618532037	-0.395731216558707	0.046	0.057	1	ST3GAL2	c1
0.000115859508429093	-0.395671887626308	0.162	0.196	1	ASXL1	c1
0.0337891680902136	-0.395556750136967	0.039	0.051	1	TCEANC2	c1
0.219163854312268	-0.395371057813598	0.025	0.03	1	TMEM91	c1
0.0114961530368976	-0.395363833167439	0.036	0.049	1	ENDOV	c1
0.00214413270928627	-0.395289897936985	0.089	0.112	1	C14orf142	c1
0.0171721868818751	-0.395240113932879	0.044	0.057	1	MYO19	c1
0.126880450823364	-0.395151108003662	0.173	0.181	1	SNX9	c1
0.167763938224815	-0.395120515356165	0.018	0.023	1	ADCK2	c1
0.163237684138138	0.39506635101013	0.017	0.013	1	CTC-559E9.1	c1
0.012186551620797	-0.395027701146439	0.078	0.095	1	TMEM181	c1
0.0259737608377294	-0.394763949350047	0.062	0.076	1	ZNF322	c1
0.125972384739825	0.394496380559002	0.012	0.009	1	PARS2	c1
0.258514867705077	-0.394432989645001	0.016	0.02	1	PAPD7	c1
0.0247621172961457	-0.394239728972559	0.051	0.064	1	NSUN3	c1
0.0102002041921843	-0.394238865712595	0.081	0.099	1	HMGCL	c1
0.0297053721250974	-0.394227788160047	0.033	0.044	1	HLCS	c1
0.0305887027441333	-0.394163704679631	0.025	0.034	1	CCDC51	c1
0.000986560679689183	-0.393821780583	0.203	0.229	1	SMC1A	c1
0.00273577445017137	-0.393719168592319	0.095	0.118	1	UBR1	c1
0.710638383427666	-0.393690241508452	0.012	0.013	1	TMEM147-AS1	c1
0.118010790182505	-0.393552546157893	0.023	0.029	1	RP11-386I14.4	c1
0.00189831167723904	-0.393405253898393	0.078	0.101	1	FCHO1	c1
0.0124252716665365	-0.393377050238455	0.13	0.148	1	NRBF2	c1
0.152264635055564	-0.3933257427684	0.023	0.029	1	WDPCP	c1
0.202994166412612	-0.393158764457105	0.016	0.02	1	LINC00176	c1
0.00753974803713938	-0.392988004825452	0.091	0.11	1	FAM21A	c1
0.00738938222126976	-0.392881424533906	0.057	0.073	1	FMR1	c1
0.000248669652327672	-0.392728912363123	0.159	0.191	1	IP6K2	c1
0.126396835604394	-0.392696765918647	0.024	0.03	1	SLC35D1	c1
0.000219231844675421	-0.392574609478987	0.146	0.178	1	TMEM222	c1
0.0355943165274104	-0.392541646773418	0.048	0.06	1	FASTKD1	c1
0.00123744309208011	-0.392527050865555	0.119	0.144	1	LRRC47	c1
0.03151594915029	-0.392476145202147	0.026	0.035	1	NSDHL	c1
0.000686966586514246	0.392388484449476	0.04	0.026	1	PRRT3	c1
0.00348524014234544	-0.392315290813336	0.104	0.126	1	PNPLA8	c1
0.0682768770181653	-0.39217137587646	0.013	0.019	1	BIK	c1
0.000761052261562173	-0.392167271294893	0.131	0.158	1	STAMBPL1	c1
0.307072371715482	-0.392150970398431	0.013	0.017	1	JHDM1D-AS1	c1
0.000186930696581075	0.392142431043485	0.059	0.041	1	CTD-2020K17.4	c1
0.0518201481506266	-0.392130551269349	0.051	0.062	1	CCDC61	c1
0.0365454919976733	-0.391967582680654	0.081	0.095	1	FAM214A	c1
0.62953994731565	0.391530652103354	0.012	0.011	1	ZNF610	c1
0.0105646277435704	-0.391469395959413	0.062	0.078	1	MLKL	c1
0.0847968733780389	-0.391385006780359	0.076	0.087	1	AUH	c1
0.00706618294567645	-0.391309233734577	0.045	0.06	1	PAXBP1	c1
0.000839625642351069	-0.391229582838111	0.101	0.128	1	SNX14	c1
0.0787620643191475	-0.391176327715528	0.044	0.053	1	EXOC8	c1
0.00354648149218854	-0.390809057062005	0.117	0.14	1	KIAA1143	c1
0.105909762221499	-0.390663071671543	0.029	0.036	1	ATL2	c1
0.00370363535855996	-0.390585814520749	0.048	0.065	1	TARS2	c1
0.05824857256705	-0.390533365889413	0.056	0.067	1	BCL2L11	c1
0.000115974709889668	0.390498052973909	0.058	0.04	1	C12orf66	c1
0.189042193465517	-0.390411250984603	0.036	0.042	1	CAPN15	c1
0.282255144209945	-0.390255082273305	0.007	0.01	1	MLLT4	c1
0.0767116684799047	-0.390234130044343	0.045	0.055	1	RBM15	c1
0.428030056517454	-0.390002600653452	0.011	0.014	1	NR1H3	c1
4.91732808229331e-05	0.389890135945637	0.11	0.083	1	TP53INP1	c1
0.369752601597764	-0.389711006915392	0.026	0.03	1	AGO4	c1
0.0815033480761998	-0.389461693326176	0.047	0.057	1	MFN1	c1
0.147604732739887	-0.389333565511377	0.023	0.029	1	HEATR3	c1
0.0265832484809051	-0.389252583180753	0.071	0.085	1	ATG16L1	c1
4.92504306284606e-05	-0.389152564385553	0.174	0.212	1	UBA1	c1
0.0111921678391338	-0.38914716929108	0.072	0.088	1	TCAF1	c1
0.000363904588257737	-0.389065887367701	0.178	0.208	1	PPP2R2A	c1
0.0421921017253754	-0.388989922613542	0.03	0.04	1	PRMT5	c1
0.00430865386264699	0.388867145740869	0.031	0.021	1	SPINK2	c1
0.100909261798852	-0.388767515898195	0.024	0.03	1	ZNF408	c1
0.000960732986055152	-0.388602561937556	0.16	0.187	1	UBR4	c1
0.089853946308023	-0.388446121741445	0.051	0.061	1	TRBV7-9	c1
0.162532738758995	-0.388444819155285	0.022	0.028	1	PIK3C2B	c1
0.0298398242986567	-0.388380517024821	0.039	0.051	1	FAM213B	c1
0.208806770979143	-0.388239110973047	0.037	0.043	1	SETD6	c1
0.0042766606549799	0.388156410970688	0.035	0.024	1	bP-21264C1.2	c1
0.0221718983824373	0.388145431845055	0.018	0.012	1	RP11-134G8.5	c1
4.21500833219602e-05	-0.387803753408553	0.189	0.225	1	MZT1	c1
0.00404812492270771	-0.387745667984571	0.116	0.138	1	SMARCD1	c1
0.0378116768966772	-0.387731808114407	0.051	0.063	1	COPG2	c1
0.27738036758638	-0.387658741587884	0.033	0.038	1	ZNF606	c1
0.0425463587913393	-0.38746819307259	0.085	0.098	1	AP4B1	c1
0.0272300815834471	-0.38732510678043	0.053	0.066	1	LIN52	c1
4.67152797159684e-05	-0.387324588081464	0.167	0.204	1	SP3	c1
0.0544149081556079	-0.387232231183201	0.026	0.034	1	FGFR1	c1
0.0514019840359046	-0.386810552160946	0.072	0.085	1	IPO9	c1
0.00403272478803459	-0.386668699288614	0.061	0.08	1	TMEM161A	c1
0.019171714514228	0.386609570810322	0.037	0.028	1	TIGD1	c1
0.0794373666082103	0.386379181633252	0.015	0.01	1	RP11-46C24.7	c1
8.03961050833081e-05	-0.386282210660319	0.151	0.186	1	SNAPIN	c1
0.0232735519159975	-0.386041687312979	0.035	0.046	1	FEN1	c1
3.98049190229014e-05	-0.38602098384629	0.183	0.221	1	DDX27	c1
0.000114603032167144	-0.385890490831871	0.149	0.182	1	ZCCHC17	c1
8.41741300787294e-05	-0.385772643835459	0.208	0.243	1	ANP32E	c1
0.00661311346293702	-0.38574203349248	0.145	0.166	1	PARP4	c1
0.052662793708601	-0.385622970317109	0.031	0.04	1	WDR35	c1
0.452318841339657	-0.385362880250411	0.013	0.016	1	RP11-212P7.2	c1
0.034391674561044	-0.385308742187511	0.079	0.093	1	RARS2	c1
0.0167895131329042	-0.385285962459754	0.072	0.087	1	ERGIC1	c1
0.00168530821408507	-0.38528266765281	0.064	0.085	1	SCAMP4	c1
0.00124843533843942	-0.38508612557249	0.093	0.118	1	VRK1	c1
0.170350660810492	-0.385020527196819	0.034	0.04	1	TMEM63B	c1
0.000258528036706005	-0.384959362315197	0.145	0.177	1	EIF2B1	c1
0.0270181040792161	-0.384873004939018	0.057	0.07	1	PPP1R37	c1
0.00537756847571083	-0.384772438576846	0.116	0.137	1	SUPT7L	c1
0.444140291367808	-0.384689180765408	0.024	0.027	1	TYW1B	c1
0.244648643973806	-0.384645666147143	0.084	0.091	1	WNT10A	c1
0.386322049983357	-0.384543231412632	0.044	0.048	1	RP11-23P13.6	c1
0.00186213790125068	-0.384382312959313	0.253	0.274	1	P2RY10	c1
0.199668178103943	-0.384276351912042	0.007	0.01	1	MORN1	c1
0.000507762197071595	0.384087654917648	0.072	0.053	1	LYRM9	c1
0.151258095896066	-0.384055492946656	0.014	0.019	1	PUS7	c1
0.0346009015412983	-0.38404546041787	0.057	0.07	1	ADCK4	c1
0.133439292352602	-0.383945234219644	0.017	0.023	1	SGOL2	c1
0.0508243626496941	-0.383796349837251	0.034	0.043	1	HAUS5	c1
0.028231393351084	-0.383756797957135	0.033	0.044	1	ZNF687	c1
0.153095102201404	-0.383741115798228	0.013	0.018	1	GTF3C4	c1
8.68235787319363e-05	-0.383423510908927	0.128	0.162	1	MRPS18A	c1
0.00229495021675911	-0.383277431839736	0.098	0.122	1	RQCD1	c1
0.00125738622187491	-0.383153797257101	0.104	0.13	1	GSS	c1
0.112183285362739	-0.382900867817207	0.037	0.045	1	RP13-1032I1.7	c1
0.0585105349675598	-0.382863120028571	0.031	0.04	1	CCP110	c1
0.000167785405339072	-0.382858284259997	0.175	0.209	1	CNDP2	c1
0.395697232815668	-0.3825378564682	0.011	0.013	1	C9orf91	c1
0.00895003592274764	-0.382151832765862	0.085	0.103	1	MAU2	c1
0.000228050589298984	-0.382125073357902	0.103	0.132	1	GLB1	c1
0.282967834469803	-0.382041838378547	0.009	0.012	1	H2AFY2	c1
0.0032074556816132	0.382000984371211	0.042	0.029	1	ZNRD1-AS1	c1
0.000118965139747814	-0.381858213445489	0.16	0.195	1	MPV17	c1
0.129953988359643	-0.381717029271868	0.045	0.053	1	SH3GLB2	c1
0.348944245677776	-0.381511357272432	0.009	0.012	1	GSN	c1
0.106466981589944	-0.381334803164126	0.017	0.022	1	ALS2	c1
0.0152372671258866	-0.380957154411726	0.042	0.055	1	HMGCS1	c1
0.00811823669260321	0.380914956811191	0.036	0.026	1	RFESD	c1
0.000436189578814431	-0.380558353754354	0.106	0.135	1	CDC16	c1
0.616132671943265	-0.380534887256361	0.024	0.025	1	LINC01011	c1
0.119526889285718	-0.380519721524323	0.033	0.04	1	RELT	c1
7.47787602293842e-05	-0.380411632720607	0.137	0.172	1	USP39	c1
0.115140780428264	0.380401051562579	0.01	0.007	1	AC129492.6	c1
0.0123239801322371	-0.380395172263247	0.109	0.127	1	FBXO3	c1
0.0281296605805188	-0.380366244088855	0.049	0.061	1	RP11-620J15.3	c1
0.0110570882186311	-0.380262822706396	0.036	0.049	1	CTPS1	c1
0.00906049656404971	-0.380196336014031	0.095	0.114	1	CCDC88B	c1
0.00109647425846012	0.380096037858897	0.049	0.034	1	EFHC1	c1
0.0410214333085204	-0.379788741437163	0.074	0.088	1	COG1	c1
0.211271199721796	-0.379755619278257	0.007	0.01	1	RP11-146I2.1	c1
0.0703022929383666	-0.379732032735993	0.028	0.036	1	NDC1	c1
0.000188843161113299	-0.379658629327996	0.118	0.15	1	DESI1	c1
0.22878772044876	-0.379516754340317	0.017	0.021	1	ZNF8	c1
0.00179591645845765	-0.379432854866598	0.078	0.1	1	RIPK1	c1
0.00147258670710745	-0.379288992699749	0.134	0.161	1	OXCT1	c1
0.00351660100466375	-0.379270349441219	0.105	0.127	1	HAT1	c1
0.0360652489104324	-0.37920645995389	0.06	0.073	1	TMEM135	c1
0.0156599524962009	-0.379200397433232	0.078	0.094	1	PARP16	c1
0.0296118832729043	-0.378955846267039	0.09	0.105	1	CHKB	c1
0.470108016018929	-0.378919378305761	0.012	0.014	1	ACACB	c1
0.04577606772315	-0.378847053727521	0.036	0.046	1	ZNF574	c1
0.143788306000946	0.378820821152654	0.017	0.013	1	SLC9B1	c1
7.83933623524585e-05	-0.378742777258282	0.178	0.214	1	DDA1	c1
0.0392471515300587	-0.378677281822578	0.111	0.126	1	STAT2	c1
0.0433556963470231	0.378586251646919	0.026	0.019	1	KCNK12	c1
0.000544139324824495	-0.378549229743612	0.089	0.115	1	LTN1	c1
0.00563862774954623	-0.378543478096345	0.065	0.083	1	GLRX2	c1
0.0026116549233679	-0.37849439374999	0.049	0.067	1	TICAM1	c1
0.727930225865479	-0.378459908174881	0.019	0.02	1	RP11-334C17.5	c1
0.00106389221563253	-0.378096408068089	0.147	0.174	1	DNAJB2	c1
0.000169912279430323	-0.378064799075817	0.113	0.143	1	NUFIP2	c1
0.0500616992735385	-0.377968531188765	0.045	0.055	1	ZNF808	c1
0.00132183673781131	-0.377810722220566	0.151	0.177	1	LENG1	c1
0.0578236346968647	-0.377478229513979	0.044	0.054	1	CCDC7	c1
0.169344589101483	-0.377473663805301	0.028	0.034	1	TTLL12	c1
0.0045854250178617	-0.377430244282365	0.092	0.113	1	MARK2	c1
0.000902930971923458	-0.377401050160117	0.126	0.153	1	GMDS	c1
0.0721914119460771	-0.37712746047476	0.018	0.025	1	SRRD	c1
0.0151539052030248	-0.376932554343919	0.079	0.096	1	FBXO31	c1
0.0215468336554815	-0.376923662039081	0.111	0.127	1	RAB3GAP2	c1
3.99577621141237e-05	-0.376738796206799	0.216	0.255	1	CIAO1	c1
0.0142808398159774	-0.376540353615716	0.091	0.109	1	PWWP2A	c1
0.00329222512801715	-0.376525664982952	0.079	0.1	1	ZNF195	c1
0.027516584923566	-0.376436065911259	0.125	0.141	1	DENND4C	c1
0.0169288411843813	0.376141955088207	0.039	0.029	1	RP11-763B22.4	c1
0.000424196631511323	-0.376123331166145	0.144	0.173	1	RPUSD3	c1
0.0354402907951133	0.376112522530975	0.023	0.017	1	ZNF485	c1
0.18260717715142	-0.376105325827698	0.038	0.045	1	RBM12B	c1
0.0155865918757985	-0.376080393120356	0.053	0.067	1	TXNRD2	c1
0.0928674812442456	-0.376079321556188	0.033	0.041	1	SRP19	c1
0.210120068269853	-0.376035783613697	0.016	0.02	1	ZSWIM6	c1
0.434699678549086	-0.375864995253218	0.024	0.027	1	SNAPC4	c1
0.0179493116039117	-0.375764267760502	0.084	0.1	1	IFFO1	c1
0.149981146260968	-0.37560820771856	0.025	0.031	1	CCDC77	c1
0.00273850981709771	-0.37557591295492	0.169	0.193	1	TAF10	c1
0.278379462191754	-0.375539597380755	0.011	0.014	1	C1orf198	c1
3.66256117436123e-05	0.375537250175968	0.091	0.065	1	SLC44A1	c1
0.0595415429143085	0.375452094385179	0.014	0.01	1	ZFP3	c1
0.019757260332923	-0.375423767341182	0.084	0.1	1	SETDB2	c1
0.0543631646872745	-0.37528931681753	0.042	0.052	1	PLBD2	c1
0.00343614228542237	-0.37528703463497	0.102	0.125	1	TDP2	c1
0.359614226765578	-0.375131143893846	0.008	0.01	1	DUSP19	c1
0.000368494446719533	-0.375121380207544	0.099	0.127	1	MTX2	c1
0.00360904585819768	-0.375056019005249	0.169	0.192	1	N4BP2L1	c1
0.0549736281818334	-0.375048315152368	0.044	0.054	1	CLCN7	c1
0.00210062507658915	-0.374964954520046	0.105	0.129	1	WDR18	c1
0.415472478054122	-0.374899399207769	0.017	0.019	1	RP4-563E14.1	c1
0.0431291793985823	-0.374662031957886	0.095	0.109	1	FAM78A	c1
0.00292521107959861	-0.374498854217083	0.103	0.126	1	SCFD1	c1
0.00910058827390295	-0.374366319031844	0.073	0.091	1	PRIM2	c1
0.0271481034757824	-0.374310725557803	0.051	0.063	1	DNAJC13	c1
0.00956633775728106	0.374302556811989	0.03	0.021	1	NKD1	c1
0.214714975719039	-0.37429893904307	0.031	0.036	1	C17orf80	c1
0.00324645874903424	-0.374275487997408	0.139	0.163	1	GLYR1	c1
0.141454997314982	-0.37397434591418	0.032	0.039	1	PAFAH2	c1
0.000424450310435979	0.373865426133434	0.062	0.044	1	LINC00920	c1
3.34947038717902e-05	-0.373735775795174	0.189	0.228	1	VPS4A	c1
0.0126129832519254	-0.373637377474544	0.084	0.102	1	CBL	c1
0.0120035519421324	-0.373382302134575	0.073	0.09	1	DDX52	c1
0.00814397613451834	-0.373337890752145	0.083	0.101	1	HARS2	c1
0.00766980020427466	-0.373276706141852	0.072	0.09	1	RNF38	c1
0.457280336441492	-0.373272716368419	0.033	0.036	1	CAPN10	c1
0.00717263014467519	0.373214238534496	0.044	0.032	1	RP11-467L13.7	c1
0.0845727088736644	-0.373120320374376	0.036	0.044	1	PIGN	c1
0.0762501965350561	0.373084030614483	0.039	0.031	1	PRMT6	c1
0.000202586148580949	-0.372966646942321	0.206	0.238	1	PRKD2	c1
0.0034086509460148	-0.372918383979064	0.075	0.095	1	ZNF672	c1
0.00729193152600558	-0.372868892893524	0.122	0.142	1	FAM134C	c1
0.00754370149385776	-0.372818656875128	0.139	0.159	1	LAX1	c1
0.00235834187647308	-0.372741168802649	0.091	0.113	1	ATL3	c1
0.015851082749387	-0.372586444557661	0.081	0.098	1	AARS	c1
0.00626834721913725	-0.372452032653789	0.067	0.085	1	RNF25	c1
0.00647000975229304	-0.372416380654623	0.115	0.136	1	TYK2	c1
0.435224562429075	-0.372368023521806	0.018	0.021	1	NRL	c1
0.0108892296883543	-0.372128801987224	0.116	0.135	1	FAM172A	c1
0.0327736181974341	0.372117325810831	0.036	0.028	1	MAP3K12	c1
0.0370176846201825	-0.371774105511098	0.072	0.086	1	INSIG2	c1
0.0781189343807961	-0.371683336390679	0.055	0.065	1	MIOS	c1
0.000500685367725196	-0.371649255184459	0.189	0.219	1	NCOA4	c1
0.276169078930885	-0.371435687407639	0.018	0.022	1	FLJ20021	c1
0.184154523308761	0.371189205773218	0.015	0.011	1	CDK20	c1
0.000674887499235469	-0.371148905601722	0.151	0.181	1	PTPN18	c1
0.0146524562008128	0.37109490145976	0.06	0.047	1	CRTC1	c1
0.15577945294612	-0.37102140770148	0.013	0.017	1	FAM161B	c1
0.0107848281217549	-0.370987096378359	0.105	0.123	1	ANKRD36B	c1
0.369310062095046	-0.370842439262846	0.021	0.024	1	MLLT1	c1
0.20382477762206	-0.370831928390218	0.036	0.042	1	AGO1	c1
0.11678377301113	-0.370824484821374	0.043	0.051	1	TMEM65	c1
0.0366500558123327	-0.370727040213536	0.106	0.121	1	NUP214	c1
0.132239918729222	-0.370649171054556	0.013	0.018	1	TMEM182	c1
0.0539811069160647	0.370609449156443	0.022	0.016	1	ZNF514	c1
0.0031308456712612	-0.370586459704292	0.117	0.14	1	HSD17B7	c1
0.000390307353742286	0.370457750380823	0.061	0.043	1	ZNF609	c1
0.240148911535438	-0.370408194203983	0.031	0.036	1	TRIM68	c1
0.230302033044652	-0.370387858941914	0.023	0.028	1	FAM135A	c1
0.0324910966905443	-0.370348002788111	0.024	0.033	1	TRIM24	c1
0.000392550539089609	-0.370299185486994	0.157	0.188	1	RAB5A	c1
0.0726163293156304	-0.370170065258708	0.105	0.117	1	METTL8	c1
0.0117329399089921	-0.370168841536333	0.077	0.094	1	OXSR1	c1
0.347733971910381	-0.370133607044721	0.019	0.022	1	DIRC2	c1
0.00415970114508443	-0.370025071394745	0.074	0.094	1	ATP5SL	c1
0.0274607146729039	-0.369925814589331	0.067	0.081	1	AMBRA1	c1
0.000511492821650077	-0.369892822723906	0.124	0.153	1	ZNF580	c1
0.0795560411679918	-0.369733597656988	0.042	0.051	1	DUSP6	c1
0.0166750390722166	-0.369684456812017	0.104	0.121	1	PLCB2	c1
0.00179083636517238	-0.369541576490964	0.1	0.124	1	FAM127B	c1
0.00372646260343746	-0.369512105733337	0.105	0.128	1	BLVRA	c1
0.000154426972233676	-0.369478368907881	0.195	0.228	1	AKR7A2	c1
0.0727678247233663	-0.369220912204412	0.026	0.034	1	MAPKBP1	c1
0.00491463757637615	-0.36915928777683	0.112	0.134	1	SLC25A46	c1
0.00187442757351631	-0.368860417773791	0.075	0.097	1	DPP9	c1
0.0374974203906587	0.368741202822191	0.013	0.008	1	CTD-2553L13.10	c1
0.000237666174396968	-0.368680305005503	0.117	0.147	1	KIAA0040	c1
0.0106348842097722	-0.368606829097823	0.077	0.094	1	DPH7	c1
0.00429226752940214	-0.36851462730762	0.078	0.098	1	VPS16	c1
0.00489892756980686	-0.368471181956069	0.072	0.091	1	C11orf54	c1
0.00102902028578931	-0.36840647363484	0.144	0.171	1	MED29	c1
0.0617827727453646	-0.368398954140021	0.078	0.09	1	RP3-477O4.14	c1
0.0376300486318796	-0.367998333147039	0.055	0.067	1	FAM188A	c1
0.00399977010321183	-0.367989558219593	0.128	0.152	1	GNA13	c1
0.00287950761140758	-0.367938956299937	0.115	0.139	1	GART	c1
0.0912599357125518	-0.367793755550263	0.033	0.041	1	TK2	c1
0.000126413810752473	0.367764929530922	0.053	0.036	1	PLCL1	c1
0.132178842678116	-0.367703024928141	0.045	0.052	1	EXD3	c1
0.0267214424626231	-0.367599816606289	0.045	0.057	1	KLHL42	c1
0.0275124936950839	-0.367194705939287	0.043	0.055	1	UBQLN4	c1
0.00824121376800867	-0.36702170281025	0.1	0.12	1	NKIRAS2	c1
0.0291479140300808	-0.36693745332346	0.084	0.099	1	MOGS	c1
0.173968140316161	-0.366888522289054	0.022	0.027	1	DHODH	c1
0.145121133109949	-0.366622951781444	0.05	0.057	1	VPRBP	c1
0.00462564935665529	-0.366589585826035	0.098	0.119	1	WDR45B	c1
0.33408089951816	0.366564284951799	0.011	0.009	1	AMY2B	c1
0.000108387465272598	-0.366471536592469	0.167	0.203	1	C15orf57	c1
0.00012643532524216	-0.366467572253073	0.176	0.21	1	FPGS	c1
0.00630997361590161	-0.366406148835905	0.129	0.15	1	RALBP1	c1
0.000194335972948916	-0.36631803674598	0.158	0.19	1	RAF1	c1
0.0406367528083989	-0.365996388368693	0.071	0.084	1	IFT43	c1
0.1856868066288	-0.36594491428854	0.076	0.083	1	ITPR3	c1
0.425401354374155	-0.365905003030013	0.028	0.031	1	TRBV7-3	c1
0.0362916858489497	0.365886123125302	0.016	0.011	1	ZNF280B	c1
0.0685525041713636	-0.365662390649624	0.021	0.028	1	PPP1R16A	c1
0.238539703967682	-0.36558165218519	0.017	0.021	1	ZNF776	c1
0.0113497075473994	-0.365485874480127	0.087	0.105	1	METTL3	c1
0.147020293356866	-0.365384306636399	0.019	0.025	1	ZNF626	c1
0.0189438477252739	-0.365106374262592	0.1	0.117	1	SLC25A32	c1
0.00639936116880666	-0.365071126655532	0.071	0.089	1	GEMIN6	c1
0.0050892397990514	-0.364989864154512	0.073	0.093	1	BRD8	c1
0.0357781992158516	-0.364969244384936	0.065	0.078	1	BICD1	c1
0.035005602883409	-0.364961201765564	0.099	0.114	1	GALNT11	c1
0.171636176445614	-0.364684052718928	0.07	0.078	1	ZNF429	c1
0.159715186470323	-0.364597898372083	0.03	0.036	1	TCF3	c1
0.120296459495831	-0.364291210482368	0.015	0.02	1	ZNF77	c1
6.34606737294437e-05	-0.36416871324158	0.206	0.242	1	IST1	c1
0.00936104431620202	0.364168643176849	0.044	0.032	1	NBPF9	c1
0.058059902641475	-0.364079287158253	0.039	0.048	1	RCN1	c1
0.782472730218886	-0.364056137289357	0.01	0.011	1	EGR3	c1
0.000423843756191737	-0.363935511983892	0.201	0.232	1	MICU2	c1
0.00480779514542951	-0.363892848405468	0.138	0.161	1	FBXW11	c1
0.00185494875493221	-0.363764067506797	0.156	0.182	1	TRAFD1	c1
0.0013088507585265	-0.363560065010616	0.104	0.129	1	RSPRY1	c1
0.00968575044212519	-0.363447524400189	0.055	0.07	1	HEXIM1	c1
0.0233151534400798	-0.363432168827429	0.081	0.097	1	DHRS1	c1
0.000634224589000119	-0.363429749011375	0.118	0.146	1	NAGK	c1
0.00320008599224894	-0.363144572948428	0.065	0.085	1	ZBTB17	c1
0.249013276427911	-0.362748759285366	0.021	0.025	1	PRDM8	c1
3.67616349121548e-05	-0.362737071068712	0.255	0.292	1	BPTF	c1
9.18738932420113e-05	0.362708578040356	0.084	0.061	1	ISYNA1	c1
0.00446199211331764	-0.362622058615916	0.101	0.122	1	BROX	c1
0.131401239765758	0.362405568404709	0.011	0.008	1	RP11-298I3.1	c1
0.0942189634228532	-0.362375704054528	0.021	0.027	1	ZNF805	c1
0.000427870993125661	-0.362164610755721	0.154	0.184	1	CWC25	c1
0.808685271124764	-0.362071363621481	0.013	0.014	1	RP11-532F6.3	c1
0.000176908265543577	-0.361625406817506	0.181	0.214	1	RANGRF	c1
5.02972000801049e-05	-0.361594112135426	0.168	0.205	1	SMIM15	c1
0.0647957686070071	0.361513040959671	0.01	0.007	1	PRMT5-AS1	c1
0.0935133256332292	-0.361407221113887	0.039	0.047	1	RBM14	c1
0.00683073940842604	-0.36135993612408	0.158	0.179	1	ANKLE2	c1
0.0057937871296307	-0.361280595740826	0.112	0.133	1	TNPO3	c1
0.267970344834728	-0.361177161408603	0.037	0.042	1	RNASEH1-AS1	c1
0.0385847442513051	-0.361009364942761	0.084	0.098	1	ANAPC4	c1
0.000428628257904794	-0.360948645863554	0.182	0.213	1	ADAM10	c1
8.93059683462705e-05	-0.360947835594904	0.176	0.211	1	USP8	c1
0.016438753131009	-0.360894214187705	0.106	0.124	1	TBC1D2B	c1
0.00493518206534902	-0.360809638840443	0.166	0.189	1	BOD1L1	c1
0.0327138469783592	-0.360302742740574	0.094	0.109	1	PDPK1	c1
0.0555282215758989	-0.360283933168123	0.023	0.031	1	ZNF528	c1
0.000248308800546881	-0.360260966042795	0.341	0.361	1	LIME1	c1
0.111054266056976	0.360234155316706	0.022	0.017	1	ZNF565	c1
0.362135592677556	0.36016260321018	0.022	0.019	1	CTD-2017F17.2	c1
0.377700222662986	-0.359868929883136	0.009	0.011	1	ANK1	c1
0.0654360425576258	-0.359853953813046	0.085	0.097	1	ZNF326	c1
0.00150161054455191	-0.359518774934194	0.091	0.115	1	RUVBL1	c1
0.109234155037323	-0.35943331141624	0.081	0.092	1	RAPGEF1	c1
0.00735780537884801	-0.359342130202488	0.124	0.144	1	GATAD2A	c1
0.455977436922935	-0.359184641140635	0.012	0.014	1	PFAS	c1
0.0686456485893674	-0.358968496005512	0.058	0.069	1	QKI	c1
0.00753933988829128	-0.358831142212986	0.097	0.116	1	GTF2IRD2B	c1
0.000906033220310818	0.35877166981789	0.076	0.057	1	C22orf46	c1
0.0220562265760206	-0.358684577191367	0.062	0.076	1	ZNF236	c1
0.292908339513145	-0.358574075401877	0.009	0.012	1	RP5-864K19.4	c1
0.0792804206636296	-0.358455675199616	0.043	0.052	1	FAM193A	c1
0.000520349151863603	-0.358345072946611	0.205	0.234	1	ARID4A	c1
4.26044871599972e-05	-0.358319224503386	0.246	0.283	1	OS9	c1
0.137515107430611	-0.358290585887454	0.037	0.044	1	METTL25	c1
0.000255511663482038	-0.358261928730663	0.222	0.254	1	MTG1	c1
0.219333072410612	-0.358242594322132	0.032	0.037	1	CENPV	c1
0.159874228156312	-0.358140485421518	0.06	0.068	1	ZC3H4	c1
0.0377699424393802	-0.358093562735697	0.036	0.047	1	FAAP100	c1
0.0471787776893055	0.358033568700111	0.015	0.01	1	RP11-297N6.4	c1
0.000187075676715562	-0.357948588209742	0.274	0.305	1	TRA2A	c1
0.0669354073805332	-0.357901602313547	0.067	0.078	1	FAM160A2	c1
0.15244480469036	-0.357750533453775	0.009	0.013	1	MTBP	c1
0.137487572601513	-0.357728072995971	0.033	0.04	1	C15orf41	c1
0.0475429769698479	-0.35771626016379	0.087	0.101	1	KIAA2026	c1
0.0998924006490957	0.357688747042334	0.012	0.009	1	PLEKHG5	c1
0.00443552478256018	-0.357604254793982	0.092	0.113	1	DPM1	c1
0.093672903877249	-0.357565398258146	0.053	0.062	1	RBM34	c1
0.492554746666243	0.357557078398323	0.034	0.031	1	TRAV5	c1
0.00946470158729132	-0.357262772565546	0.074	0.092	1	TMEM159	c1
4.62790598106924e-05	-0.357249644132076	0.281	0.315	1	SMG1	c1
0.0723413805955489	0.357154451693649	0.018	0.013	1	RP11-390E23.6	c1
0.0206958074373763	-0.357119534980402	0.018	0.027	1	DAG1	c1
0.000129881610700976	-0.357065787470042	0.246	0.278	1	PTPN2	c1
0.18997049951932	-0.356885943678861	0.019	0.024	1	RP11-488L18.10	c1
0.0109512049938436	-0.356867907244578	0.078	0.096	1	C12orf45	c1
6.35287643179442e-05	0.356654088490809	0.121	0.092	1	TTC32	c1
0.500741378435279	-0.356653400374542	0.039	0.042	1	ICK	c1
0.00211335473529064	-0.356621553561927	0.173	0.199	1	NCOA3	c1
0.0209366193200375	-0.356584894197204	0.052	0.065	1	IDE	c1
0.00041206038067386	-0.3565837467071	0.285	0.309	1	GIMAP1	c1
0.0749397911945168	-0.356569595053039	0.039	0.048	1	MANEA-AS1	c1
0.123881201270648	-0.356568236537401	0.04	0.048	1	ZNF569	c1
0.320325305325615	-0.356529175691656	0.016	0.019	1	CATSPERG	c1
0.0848558725087579	-0.35643513988072	0.057	0.067	1	GLI4	c1
0.253459368895169	-0.356418671573689	0.018	0.022	1	ZNF584	c1
0.0978310237113789	-0.356405927421783	0.046	0.055	1	NCDN	c1
0.178936940732165	-0.356287301688871	0.073	0.081	1	ZNF264	c1
0.00936817524570287	-0.35625782133194	0.085	0.104	1	GTF3C5	c1
0.29911018158802	-0.356087090452855	0.054	0.059	1	MAP3K3	c1
0.00163208829858959	0.355874524208512	0.06	0.044	1	MSRB2	c1
0.0762806616364447	-0.35572748803366	0.05	0.06	1	USP19	c1
0.00558526441270756	-0.35570813054017	0.11	0.131	1	CTNNBL1	c1
0.000121418349994027	-0.355689595325218	0.241	0.272	1	ZFAND6	c1
0.197379065706153	-0.355685710203426	0.012	0.016	1	ARSB	c1
0.000659256579181885	-0.355608554900868	0.141	0.171	1	TMEM205	c1
0.0233154161050449	-0.35554011030187	0.079	0.094	1	COQ5	c1
0.00135109650569535	-0.355395757536943	0.222	0.248	1	WAPL	c1
0.0804843271340686	-0.355304423207532	0.07	0.08	1	SNX27	c1
0.00199964512879272	-0.354946100482442	0.131	0.156	1	ZFX	c1
0.054772622330266	-0.354860837804643	0.045	0.055	1	GCC1	c1
0.033911741319896	-0.354847278940182	0.07	0.084	1	C8orf33	c1
3.9462467132659e-05	-0.354833625212784	0.209	0.248	1	MLX	c1
0.0294012885695541	-0.354757908253263	0.049	0.061	1	UBAP2	c1
0.00497034041222441	-0.354620212450202	0.09	0.11	1	TIMM22	c1
0.0020531741024726	-0.354543211582241	0.105	0.129	1	MRPS22	c1
0.0654861105641212	-0.354496928640663	0.016	0.022	1	ARHGAP33	c1
0.0202936482049853	-0.354387589303465	0.093	0.11	1	UBE2Z	c1
0.0658457223315058	-0.354277750057734	0.064	0.075	1	ELP4	c1
0.0173023646322953	-0.354223714769135	0.06	0.075	1	GNB1L	c1
0.140206317348681	-0.354174671783271	0.11	0.119	1	SIDT1	c1
0.119202226569624	-0.354097219957461	0.019	0.025	1	GEMIN4	c1
9.99910486343801e-05	-0.354068714179431	0.195	0.23	1	TMEM87A	c1
0.0795953342173768	-0.353915662889629	0.077	0.088	1	AGTPBP1	c1
0.0798158137567359	-0.353852644667436	0.028	0.036	1	AK9	c1
0.00424797607644359	-0.353724856413152	0.105	0.128	1	ERI3	c1
0.637209112765472	-0.353700335600454	0.02	0.022	1	TMPO-AS1	c1
0.0161912760514105	-0.353549651707423	0.114	0.132	1	ZNF880	c1
0.0202498085630452	-0.353361522640332	0.067	0.082	1	FAM222B	c1
0.0679233030335948	-0.353262446521346	0.046	0.056	1	ATPAF2	c1
0.000440882716440233	-0.353239645664997	0.205	0.237	1	TNKS2	c1
0.00671256991588043	-0.353175490662988	0.109	0.13	1	KCTD13	c1
0.0865253173147544	-0.353005220515942	0.042	0.05	1	ZNF174	c1
0.0103656417935075	-0.35262930685974	0.126	0.145	1	MMP25-AS1	c1
0.000101351794631108	0.352383388277973	0.072	0.051	1	MTSS1	c1
0.0984981762724678	0.352259405613506	0.018	0.013	1	ZBTB3	c1
0.00634968517735131	-0.35206456153751	0.064	0.082	1	TOMM34	c1
0.0312433991665444	-0.351948067248739	0.1	0.115	1	ZDHHC20	c1
0.0730675109860028	-0.351900507896628	0.023	0.03	1	NPEPL1	c1
0.355440291345615	-0.351845510370255	0.009	0.012	1	NEK11	c1
0.0226942896754008	-0.351617051225088	0.049	0.062	1	FAM98A	c1
0.108455252595723	-0.351450979588572	0.043	0.052	1	ING1	c1
0.105997180576871	-0.351443312654854	0.072	0.082	1	PNPLA6	c1
0.35488096248528	-0.351361374133753	0.042	0.046	1	AC109826.1	c1
0.0835746725943849	-0.351339791458571	0.073	0.084	1	FCHSD2	c1
9.66166652941411e-05	-0.351168325157622	0.175	0.21	1	VPS72	c1
0.00309401698050476	-0.351134860895224	0.16	0.184	1	USP48	c1
0.653697108839722	0.351026397633085	0.019	0.018	1	NET1	c1
0.0111515772990512	-0.35099307364188	0.088	0.106	1	ABCD4	c1
0.039266704735249	-0.350572956657169	0.13	0.144	1	ARFGEF1	c1
0.22458573051354	-0.350405739443914	0.018	0.022	1	RNF207	c1
0.000479392471541077	-0.350347981361748	0.172	0.202	1	SPATA13	c1
0.0104225245025629	-0.350339409203009	0.074	0.092	1	TTC31	c1
0.275210486971332	-0.350124086212634	0.009	0.012	1	PIGW	c1
0.0330111075974187	0.350104402606854	0.015	0.01	1	ATP8A2	c1
0.0128668790136704	-0.349885339195856	0.104	0.122	1	MRPS9	c1
0.080340898148217	-0.34986080045091	0.065	0.075	1	FANCF	c1
0.143599758795724	0.349842747418449	0.03	0.025	1	NBPF10	c1
0.0100482354249087	-0.349759538625398	0.144	0.163	1	ESCO1	c1
0.155321658293576	-0.349719240773316	0.02	0.025	1	FOXK2	c1
0.0754922533097194	-0.349626041855772	0.091	0.103	1	HEXDC	c1
0.565248089372782	-0.349505330889562	0.026	0.028	1	RP11-489E7.4	c1
0.000481870295923699	-0.349437850973807	0.098	0.125	1	IMPDH1	c1
0.0241359678335755	-0.349237060507011	0.062	0.076	1	PXK	c1
0.308876332985944	-0.348969978341721	0.055	0.06	1	CYB561D1	c1
0.00346056075501424	-0.348933824978755	0.099	0.122	1	WDR20	c1
0.0143945465131256	-0.34861362914132	0.082	0.099	1	BDH2	c1
0.000824763714983128	-0.348513099727176	0.134	0.162	1	USE1	c1
0.0070634419945685	-0.348455528102575	0.072	0.09	1	FAM175B	c1
0.000689124310727312	0.348413720899804	0.096	0.074	1	ASAP1	c1
0.000167253777934179	-0.348369550416106	0.266	0.297	1	RNF115	c1
0.32843701277349	-0.348276645934404	0.044	0.048	1	RUFY2	c1
0.382603040712762	-0.348246786620868	0.047	0.051	1	PVRIG	c1
0.00282773280988745	-0.348004087231855	0.089	0.11	1	NNT	c1
0.601612938496594	-0.347964915181277	0.01	0.011	1	ERCC6	c1
0.00493877597521744	-0.347924118201495	0.134	0.156	1	XIAP	c1
0.127788058211038	-0.347919402019376	0.043	0.05	1	GOLPH3L	c1
0.0365348712833393	-0.347787898964098	0.087	0.101	1	CRNKL1	c1
0.537227338219165	-0.347697198200652	0.018	0.02	1	OTUD3	c1
0.0877481123696768	-0.347496111473998	0.04	0.049	1	KCTD10	c1
0.598638352879258	-0.34743426843866	0.024	0.026	1	LINC00528	c1
0.0388091707586512	-0.347350776534655	0.079	0.093	1	PPP1R15B	c1
0.974492655854289	-0.347350463391222	0.028	0.027	1	CDHR3	c1
0.629156029329641	-0.347342717902751	0.009	0.01	1	RP11-658F2.8	c1
0.0576646972618852	-0.34731365218204	0.037	0.046	1	CCDC9	c1
0.0158193769025121	-0.347200834346271	0.085	0.101	1	GPKOW	c1
0.016810723261615	-0.347182596172962	0.075	0.091	1	BAG4	c1
0.374324923290235	-0.347026566215558	0.021	0.024	1	CEP152	c1
0.052615453783848	-0.346890852916498	0.037	0.046	1	PARD6A	c1
0.0828541935654683	-0.346825699161772	0.074	0.085	1	GPAT4	c1
0.000403622008885486	-0.346798714055356	0.178	0.208	1	RTCB	c1
0.000502213475337051	0.346611386820281	0.073	0.054	1	ABCA5	c1
0.172400613572249	-0.346600057510448	0.016	0.02	1	CHTF18	c1
0.423313671895181	-0.346569920721803	0.033	0.037	1	PKD1	c1
7.91767878503765e-05	-0.346430314608081	0.211	0.246	1	SAT2	c1
0.18690007038118	0.34638440659668	0.01	0.007	1	B3GAT2	c1
0.109089189407277	-0.346258654115567	0.053	0.062	1	DSTYK	c1
0.188048146218919	-0.346156069527391	0.035	0.041	1	TMEM200A	c1
0.411360513701178	-0.345979795450731	0.035	0.038	1	SIPA1L3	c1
0.000223220641036357	-0.345954054350781	0.227	0.259	1	RNF145	c1
5.1518447898092e-05	-0.345824142789757	0.301	0.332	1	CASP8	c1
0.00373002331618131	-0.345775845225486	0.106	0.129	1	B3GALT4	c1
0.166948170617474	-0.345726625721686	0.043	0.05	1	ATG4A	c1
0.00019178584501639	-0.345710928760481	0.157	0.191	1	OGDH	c1
0.13322205485854	0.345309283390452	0.017	0.013	1	FAM66C	c1
0.000192299539424515	-0.345305290342091	0.208	0.242	1	SAFB	c1
0.221976091472338	-0.345042387743723	0.025	0.03	1	SDCBP2-AS1	c1
0.000858541641301058	-0.344814958538039	0.176	0.204	1	COQ4	c1
0.00876665314068576	-0.344799140999421	0.106	0.127	1	HIBCH	c1
0.0140214305242803	-0.344776132640358	0.077	0.094	1	SNAPC3	c1
0.000143685750963501	-0.344737712640623	0.221	0.254	1	SPAG7	c1
0.391522139243879	-0.344689080046733	0.022	0.025	1	CCDC112	c1
5.25321183429924e-05	-0.344686710084233	0.253	0.288	1	ZNF24	c1
0.0110044995330175	-0.344575752821155	0.11	0.129	1	POM121C	c1
0.0996437389008094	-0.344309882884175	0.018	0.024	1	SEC61A2	c1
0.0221504976075529	-0.344148123185428	0.062	0.076	1	DTX3	c1
0.0280969466480901	-0.344143712567419	0.052	0.065	1	UTP4	c1
0.00143600532046721	-0.344067877614453	0.139	0.166	1	FAM134A	c1
9.60680219087454e-05	0.343914982584893	0.119	0.092	1	SREBF2	c1
0.00169415451936822	-0.343717352749116	0.135	0.161	1	HERC4	c1
0.00584820828056047	-0.343641842667146	0.121	0.142	1	MTA2	c1
0.0007608086887422	-0.343635339961388	0.13	0.158	1	RANBP3	c1
0.00266296657684416	-0.343584646462777	0.15	0.175	1	GSK3B	c1
0.00796952531241865	-0.343491972098265	0.08	0.099	1	ERO1A	c1
0.089195048701899	-0.343378479847751	0.033	0.041	1	SDCCAG3	c1
0.0716692774522012	-0.343350573646704	0.102	0.114	1	SYMPK	c1
0.000604149444718584	-0.343125412958166	0.151	0.18	1	HDAC2	c1
0.00075157009002308	-0.343097017563633	0.193	0.22	1	TBPL1	c1
0.306281055069625	-0.343063854495883	0.036	0.04	1	MAPK9	c1
0.348021523487257	-0.343054472407641	0.016	0.019	1	NOXA1	c1
0.000215067896368923	-0.34303659072378	0.276	0.304	1	FOXN3	c1
0.0351136675215446	-0.342956558445132	0.028	0.038	1	MED18	c1
0.00392389707168718	-0.342934766317126	0.139	0.162	1	MRPS30	c1
0.95568904829206	-0.342916997191227	0.033	0.034	1	TRAV20	c1
0.000623643609870758	-0.342874696093118	0.202	0.232	1	SRP72	c1
5.08585957449899e-05	-0.342624062823228	0.206	0.243	1	SNX20	c1
0.255586439469135	-0.342502539371924	0.031	0.036	1	ZNF354A	c1
0.0134690752862927	-0.342496043650899	0.081	0.098	1	PHRF1	c1
0.189265979158433	-0.342376988335391	0.04	0.046	1	MARCH8	c1
0.00592411840850565	-0.342339693533787	0.1	0.121	1	DDX39B	c1
0.177255518338084	-0.342314029879082	0.064	0.071	1	USP24	c1
0.0156331811913578	-0.342165361794829	0.08	0.096	1	YARS2	c1
0.0432956811518319	-0.342078927217671	0.076	0.089	1	HGSNAT	c1
0.000158849673482973	0.342067042423781	0.134	0.105	1	PCMTD2	c1
0.126174095577654	-0.341956598299053	0.01	0.014	1	ZNF726	c1
0.238042330646524	-0.341827928513272	0.024	0.029	1	CSNK2A2	c1
0.12447129900805	-0.341723460886353	0.025	0.032	1	ZNF232	c1
0.0137891276576567	-0.341686871153976	0.179	0.198	1	USP34	c1
0.0277105865444583	-0.341483640669521	0.104	0.119	1	CENPT	c1
0.000439910606416188	-0.341444380696565	0.195	0.227	1	NFYC	c1
0.099443113545272	-0.341279678730018	0.085	0.096	1	SKI	c1
0.000514872945147947	-0.341226197318194	0.324	0.343	1	ITGB7	c1
0.0139474629956314	-0.341183661814965	0.138	0.156	1	FGD5-AS1	c1
0.00141196009103674	-0.341074968146361	0.163	0.19	1	MTMR14	c1
0.000173519906964984	0.340850113397117	0.105	0.08	1	RAB3IP	c1
0.173272891016383	-0.340839504167908	0.059	0.067	1	SLC35E3	c1
0.126633817182574	0.340657381270237	0.018	0.014	1	DTWD2	c1
0.0208564638578115	-0.340632162871182	0.092	0.108	1	ERO1B	c1
0.000665041136631703	-0.340570632665935	0.249	0.275	1	C17orf89	c1
0.432157435920509	-0.340440784465813	0.008	0.01	1	RP11-563N4.1	c1
0.00630287457961499	0.340414188266395	0.032	0.022	1	FAM86C1	c1
0.140990744167883	-0.340381109556341	0.025	0.031	1	SLC2A13	c1
0.119804809812656	0.340209837364028	0.019	0.014	1	HIST1H4A	c1
0.0922257225670771	-0.340154428557179	0.067	0.077	1	EXOC3	c1
0.244719442653503	-0.340101948382395	0.014	0.018	1	ACSF2	c1
0.000856899014725052	-0.340004846432876	0.174	0.202	1	NDUFA8	c1
0.361299482269888	-0.339993512774761	0.028	0.031	1	LSS	c1
3.35117684330719e-05	-0.33975206895379	0.332	0.362	1	UQCRC2	c1
0.0111654440349388	-0.339734357044766	0.125	0.145	1	UCHL3	c1
0.427577798755585	-0.339626167945831	0.027	0.03	1	KDM1B	c1
0.00258533766879367	-0.339460988351412	0.162	0.187	1	PCID2	c1
0.0169619290597415	-0.339442505595561	0.096	0.113	1	OCEL1	c1
5.51305188118204e-05	-0.339397333975596	0.269	0.304	1	TINF2	c1
0.00103322237530315	-0.339391314269871	0.179	0.207	1	ENOPH1	c1
6.30505628641198e-05	-0.339353934641075	0.222	0.259	1	CD2BP2	c1
0.142496785945845	-0.339255231816114	0.008	0.012	1	ZNF607	c1
0.388255749798145	-0.339184581842313	0.015	0.018	1	C1orf56	c1
0.0132202818037581	-0.339179111723916	0.103	0.122	1	PIKFYVE	c1
0.226062554272361	-0.33898005202935	0.033	0.039	1	MAST3	c1
0.000934994603891271	-0.338718483237924	0.126	0.154	1	AP2A1	c1
0.000597993692671762	-0.338661403734687	0.237	0.263	1	DPY30	c1
0.00466408588077335	-0.338618060532326	0.17	0.193	1	TRIM14	c1
0.00585719845478755	-0.338586661350374	0.085	0.105	1	GRWD1	c1
0.00726286837677986	-0.338508794763223	0.125	0.146	1	UTP18	c1
0.0432044864212587	-0.338162715356612	0.061	0.073	1	CHAMP1	c1
0.00407407908170044	-0.33811759250372	0.143	0.167	1	PPP3R1	c1
8.85459008773875e-05	0.337768478794108	0.138	0.109	1	EIF2D	c1
0.0558971890812424	-0.337650849744742	0.093	0.106	1	MAP4K5	c1
0.00945434431685816	-0.337590421312844	0.101	0.121	1	ATG13	c1
0.0108125827223681	-0.337588405810849	0.151	0.171	1	TNPO1	c1
0.626524142161502	-0.337350686272758	0.029	0.03	1	KIAA1919	c1
0.824186779733955	-0.337293886540282	0.019	0.02	1	HHAT	c1
0.00519446779635814	-0.337290218964984	0.104	0.126	1	DMAP1	c1
0.00107390949690056	-0.337186944048218	0.208	0.237	1	SETX	c1
0.0386537265040093	-0.337180481390533	0.055	0.067	1	RAB30	c1
6.66167280551779e-05	-0.337144150468273	0.249	0.282	1	MRPS7	c1
0.0168197807746513	-0.337098911932736	0.174	0.191	1	DNAJB9	c1
0.0111782186373402	-0.337089188781243	0.151	0.17	1	ISG20L2	c1
0.00293592310337113	-0.337018895928353	0.126	0.15	1	APBA3	c1
0.0296808311422131	-0.336988018565255	0.081	0.096	1	ZBTB24	c1
0.0223939725870776	-0.336930461628354	0.105	0.122	1	SBF1	c1
0.0427452305909724	-0.336897344023546	0.06	0.072	1	FAM168B	c1
0.258608842796207	-0.336725837850327	0.02	0.024	1	FRAT2	c1
0.0107425524541535	-0.336626493037129	0.169	0.189	1	IL12RB1	c1
0.0230130063315733	-0.336528198353265	0.063	0.077	1	NDUFAF6	c1
0.00252255064721287	-0.336526998502825	0.199	0.225	1	PLCG1	c1
0.000423982216562313	-0.336461836209376	0.183	0.215	1	ELOF1	c1
0.000455556819575454	0.336458464728778	0.069	0.05	1	RP5-827C21.4	c1
0.221951808981079	-0.336352259553854	0.087	0.094	1	TAF1	c1
0.0235590305803372	-0.336265672966783	0.076	0.091	1	HNRNPH2	c1
0.00379746402669569	-0.336197327553412	0.221	0.241	1	ZNF22	c1
0.000384062658096501	-0.336134064034093	0.213	0.243	1	NUTM2A-AS1	c1
0.0838025701524353	-0.336079184587278	0.045	0.054	1	ZNF691	c1
3.96462193913905e-05	-0.336056711904576	0.342	0.367	1	ATP5G1	c1
0.0900451352783528	-0.336016389848157	0.079	0.09	1	MTMR9	c1
0.174039675081638	-0.335978140987956	0.029	0.035	1	WDR91	c1
0.145327770589657	-0.335973396953273	0.028	0.034	1	ACAD10	c1
0.960583297774647	-0.335817629012876	0.033	0.033	1	TRAV25	c1
0.0772995718665288	-0.335563469733889	0.074	0.085	1	C16orf91	c1
0.00639127160913107	-0.33545110604337	0.133	0.155	1	TMEM128	c1
0.0112551665729018	-0.335409442268289	0.153	0.173	1	ADPGK	c1
0.0380506280167207	0.335370440384401	0.027	0.02	1	KLHDC1	c1
0.0506441684536594	-0.335239029923718	0.037	0.047	1	NDC80	c1
0.135527918630961	-0.335005981837413	0.041	0.049	1	CSPP1	c1
0.000110047772457841	-0.334911685289272	0.25	0.282	1	C11orf73	c1
0.00993601880216519	-0.334730084030364	0.283	0.294	1	THEMIS	c1
0.238766889068855	-0.334505455211345	0.057	0.063	1	ZNHIT6	c1
0.0232657227131706	-0.334434325236677	0.123	0.139	1	CASC3	c1
0.000455966852827431	-0.334329219796195	0.217	0.249	1	TBCC	c1
0.135391855367941	-0.334220693705673	0.013	0.018	1	SFXN5	c1
0.000250430488839352	-0.334220570832968	0.142	0.174	1	STX5	c1
0.00178616648311128	0.333995064318863	0.04	0.027	1	GSAP	c1
0.0106522821292089	-0.33395727412257	0.077	0.095	1	TAF2	c1
0.038036593906363	-0.333877254726501	0.115	0.131	1	LINC01138	c1
0.259915637272703	-0.333720644085256	0.06	0.066	1	KIAA0513	c1
0.0209261675953006	-0.333669493788938	0.097	0.113	1	RLIM	c1
0.060878023181257	-0.333653120076371	0.099	0.112	1	MLST8	c1
0.008776685835939	-0.333634848307653	0.112	0.132	1	NUP62	c1
0.152235299037407	-0.333623117091494	0.038	0.045	1	PBX3	c1
0.00567055319877779	-0.333601625342113	0.175	0.198	1	C6orf62	c1
0.0094968364112609	-0.333485542191981	0.09	0.109	1	PNMA1	c1
0.0160474986881959	-0.333462651123296	0.091	0.109	1	NUP153	c1
0.00204762856289385	0.333398223097016	0.186	0.159	1	ANKRD37	c1
0.275681320622778	-0.333261605105954	0.013	0.017	1	ZNF615	c1
0.00205623082852887	0.333179672523709	0.044	0.031	1	RP11-533E19.7	c1
0.00127471190976451	-0.333125820870529	0.164	0.191	1	TFG	c1
0.0564151876366736	0.333088030852399	0.02	0.014	1	DOCK7	c1
0.0797189993359408	-0.33288853194915	0.055	0.064	1	UBA6-AS1	c1
0.134258229791881	-0.33288543117231	0.016	0.021	1	LRRC37B	c1
6.73765492828724e-05	-0.332788106635982	0.319	0.346	1	NAA38	c1
0.000113296301993222	-0.332704322211866	0.193	0.228	1	PFDN4	c1
0.00998533230122411	-0.332699763616687	0.11	0.13	1	RAE1	c1
0.0187215207128342	-0.332609397836351	0.061	0.076	1	TUBGCP3	c1
0.0056548137467245	-0.332359064901551	0.35	0.358	1	CNIH1	c1
0.311796892562536	-0.332292205782499	0.018	0.022	1	ZNF382	c1
8.008379061195e-05	-0.332288167151723	0.224	0.26	1	BCL7B	c1
0.000402704377464351	-0.33224947300434	0.182	0.213	1	COPS3	c1
0.0471367292804569	-0.332160853174249	0.051	0.062	1	ALKBH5	c1
0.00137542960169522	-0.332132269504378	0.368	0.382	1	PIM1	c1
0.149601482208599	-0.331881156958668	0.057	0.065	1	TJAP1	c1
0.000461271227901677	-0.331869979641501	0.23	0.26	1	ATP6AP1	c1
0.0310581957369031	-0.33176777278599	0.103	0.119	1	SMG7	c1
0.405602478924938	-0.331756961519428	0.026	0.029	1	PIGA	c1
0.0933444589725576	-0.331737064691668	0.085	0.096	1	ABI2	c1
0.101968851320693	0.33164983103612	0.016	0.012	1	ZNF763	c1
0.00332764288775728	-0.331635100551233	0.142	0.166	1	HDAC3	c1
0.780287338013991	-0.331623779392005	0.025	0.026	1	RP11-87F15.2	c1
0.0536765451245125	-0.331570500087416	0.025	0.034	1	CENPQ	c1
0.00663456542325533	-0.331534344690723	0.172	0.195	1	NUP58	c1
0.452432484129917	-0.331504429065098	0.022	0.025	1	C8orf44	c1
0.0758728838621263	0.331471396302195	0.018	0.013	1	AGAP6	c1
0.589881790279658	-0.331427485129955	0.009	0.01	1	PPP2R3B	c1
0.000129092054034879	-0.331285500502644	0.366	0.389	1	ZBTB38	c1
0.015650227932382	-0.33112915926133	0.062	0.077	1	DLEU1	c1
0.516370536980156	-0.331093399592264	0.019	0.021	1	ZNF761	c1
0.328389219308822	-0.330870238358814	0.045	0.05	1	RELL2	c1
0.0273790018068941	-0.330824966881588	0.1	0.116	1	KIFAP3	c1
0.21046871044728	0.330808799523888	0.012	0.009	1	FAM13A-AS1	c1
0.0168277433618232	-0.330734371306478	0.05	0.064	1	HCCS	c1
0.0472983481940984	-0.330563297296127	0.093	0.107	1	NAPG	c1
0.00165489604856138	-0.330540642023101	0.181	0.207	1	NUDT1	c1
0.000210071159397136	-0.330483132688093	0.176	0.209	1	NSFL1C	c1
0.0669994768400878	-0.330455263344936	0.061	0.072	1	CBX6	c1
0.474058207770963	-0.330368364457041	0.009	0.01	1	AC005037.3	c1
0.00450084669428171	-0.330286314969276	0.137	0.16	1	EIF2B5	c1
0.076578076599187	0.329891249994246	0.047	0.039	1	COQ2	c1
0.0016238727983963	0.329824642751816	0.055	0.04	1	LMF1	c1
0.0215393770175898	-0.329750627131295	0.098	0.114	1	GTF2H1	c1
0.269891716103428	-0.329705080560256	0.017	0.02	1	HIST1H4H	c1
0.0662753312398032	-0.329685379706013	0.059	0.07	1	VIPAS39	c1
0.00379068046374271	-0.329649211607784	0.147	0.171	1	STK25	c1
0.334163289061078	-0.329343519681864	0.025	0.029	1	ZNF354B	c1
0.0440687814126546	-0.32934208711915	0.064	0.077	1	PRAF2	c1
0.151051599231443	-0.329308176556541	0.022	0.028	1	FAM219A	c1
0.00401408477937671	-0.329281252515239	0.097	0.119	1	INIP	c1
0.0180717674149871	-0.329241618506246	0.078	0.094	1	EDEM2	c1
0.0214009120994994	-0.32907949149208	0.077	0.093	1	UBE2H	c1
0.000602205662461878	-0.328946556910837	0.211	0.24	1	HPRT1	c1
0.000153594781128707	0.328931821219552	0.077	0.055	1	PARP3	c1
0.0213147141250242	-0.32891132048587	0.105	0.122	1	RNGTT	c1
0.000138153358375654	-0.328796052738142	0.188	0.225	1	ILKAP	c1
0.0833790116878923	-0.328530203682986	0.046	0.056	1	B9D2	c1
0.0162040533060559	-0.32850552141324	0.073	0.09	1	FRMD8	c1
0.28050577070754	-0.328499786217304	0.015	0.018	1	C3orf18	c1
0.000475160312171028	-0.328474045943796	0.26	0.29	1	EVI2A	c1
0.00636699861724281	-0.328423604911511	0.109	0.13	1	IREB2	c1
0.0833249411818054	-0.328364058919091	0.058	0.068	1	EIF1AD	c1
0.0809778531273849	-0.328206247207331	0.035	0.044	1	RETSAT	c1
0.126591779429463	-0.32816137563349	0.103	0.113	1	NBAS	c1
3.85235300826556e-05	-0.328138729520893	0.237	0.275	1	MAPRE1	c1
0.00743132896841437	-0.328040745390193	0.151	0.172	1	LPP	c1
0.0252613407054082	-0.32801236809577	0.055	0.068	1	LIMK2	c1
0.000657277376596391	-0.328005468057165	0.193	0.222	1	LMF2	c1
0.026452489810992	-0.327973628462559	0.089	0.104	1	KIAA1429	c1
0.0344632495387531	0.327879776455863	0.031	0.023	1	RNLS	c1
0.00181017763860902	-0.327841741310062	0.108	0.133	1	CMAS	c1
0.157001622434764	-0.327745276116437	0.022	0.028	1	NOP9	c1
0.343984238890714	-0.327567418716244	0.035	0.039	1	ZNF678	c1
0.0361078609396652	-0.327472754970756	0.117	0.132	1	FAM21C	c1
0.150196238702081	-0.327455054644395	0.051	0.059	1	ACAD9	c1
0.00166316248297681	-0.327415815915454	0.119	0.145	1	TOLLIP	c1
0.000153389599083471	-0.327390776200002	0.194	0.23	1	SS18	c1
0.0139001858591667	-0.327374083278225	0.073	0.09	1	VAC14	c1
0.15895134794076	-0.32725485755269	0.015	0.019	1	FUT8-AS1	c1
0.0334108874727086	0.32724552967354	0.046	0.037	1	ZNF519	c1
0.0922136323493422	-0.327234101394581	0.059	0.069	1	TFE3	c1
0.144483309474098	0.327044395109262	0.015	0.011	1	RPGRIP1L	c1
0.0105766008099328	-0.326938011196793	0.095	0.114	1	LEMD2	c1
0.0311012005447653	-0.326726462425617	0.074	0.088	1	RCHY1	c1
0.000412960625886555	-0.326701070897244	0.196	0.229	1	GPBP1L1	c1
0.101143792050686	-0.326614044447623	0.048	0.057	1	GHDC	c1
0.0326535327408833	-0.326477302406523	0.079	0.093	1	RAD1	c1
0.0159634235523896	-0.326384587072774	0.123	0.141	1	SIKE1	c1
0.211546060327651	-0.326360565341125	0.054	0.061	1	ZNF227	c1
0.111999128911874	-0.326313462513446	0.074	0.084	1	AC093323.3	c1
0.168950327125686	-0.326227225380733	0.028	0.034	1	PGAP1	c1
0.0494136825381634	-0.326125439776064	0.072	0.084	1	GMPPB	c1
0.105137866197903	-0.325876621040112	0.053	0.063	1	PRKRIR	c1
7.40783453474602e-05	-0.325842363879489	0.214	0.252	1	EIF4G1	c1
0.040043139632227	-0.325623395982728	0.129	0.144	1	VAMP4	c1
0.483938267913969	0.325600476237502	0.01	0.008	1	C17orf97	c1
0.156448958606759	-0.325566032474673	0.032	0.038	1	SPATA2	c1
0.210875178214376	-0.325481528319387	0.059	0.066	1	RAD51B	c1
0.576671198460203	-0.325451345526825	0.017	0.019	1	RP11-849H4.4	c1
0.0646418460276959	-0.325427715144698	0.06	0.071	1	ZNF420	c1
0.0344863551732419	-0.325337456150874	0.153	0.169	1	SCAF4	c1
0.114871742114626	-0.32525189971666	0.065	0.074	1	CCDC64	c1
0.0279658394686635	-0.325192818510946	0.165	0.181	1	IFRD1	c1
0.0316932241652029	-0.325165263114879	0.085	0.1	1	VPS37A	c1
0.0402787758662539	-0.325163274621673	0.115	0.13	1	DOCK11	c1
0.000217365737475622	-0.324868277469267	0.174	0.21	1	DIABLO	c1
9.03524676393839e-05	-0.324780807636096	0.251	0.286	1	SNW1	c1
0.000451856697644058	0.324768605304422	0.113	0.089	1	DPH5	c1
0.000638438610426547	-0.324726888105506	0.165	0.195	1	MRPS14	c1
0.00785464777694842	-0.324657451004396	0.143	0.164	1	UCHL5	c1
0.000153120729468038	-0.324517859836949	0.271	0.307	1	G3BP2	c1
0.0812624740257595	-0.324503753380578	0.079	0.091	1	NCBP1	c1
0.02025873631261	-0.32444580209687	0.077	0.093	1	HOTAIRM1	c1
0.0328004212901233	-0.324258305334129	0.052	0.064	1	RIT1	c1
0.155409546988602	-0.324253813616368	0.025	0.031	1	HPSE	c1
0.00311382084268774	-0.324135340111498	0.125	0.15	1	SGF29	c1
0.130355225401951	-0.324134975247465	0.071	0.08	1	SPRTN	c1
0.0109129348952178	0.324035740090135	0.039	0.028	1	EXOC6B	c1
0.000692457291528892	-0.32398954599094	0.234	0.263	1	TRAPPC3	c1
0.00355589284810273	-0.323948905693259	0.137	0.161	1	PAIP1	c1
0.000291454219291288	0.323905081470564	0.106	0.081	1	SLC25A37	c1
0.0685304528090103	0.323858851934885	0.011	0.007	1	RP11-243J16.7	c1
0.000326361640298692	-0.323839343291316	0.242	0.274	1	U2AF2	c1
0.161937396867976	-0.32381870484205	0.054	0.062	1	SZT2	c1
0.00758772606033264	-0.323814936985873	0.12	0.142	1	COPS4	c1
0.000132642123648426	-0.323522802136083	0.245	0.281	1	GDI1	c1
0.000476206854102214	-0.323508547594596	0.287	0.314	1	ANKRD11	c1
0.180070307505317	-0.323268166125015	0.056	0.064	1	ARFGAP1	c1
0.0376569044595107	-0.323103604019953	0.093	0.108	1	UBA5	c1
0.000960780236813169	-0.323102724937386	0.165	0.194	1	DTD1	c1
0.128707752438655	-0.323034287047707	0.045	0.053	1	TMEM229B	c1
0.0846490958642246	-0.32289065831894	0.044	0.053	1	EXOSC2	c1
0.444651018817301	-0.322855233604019	0.011	0.013	1	BOLA3-AS1	c1
0.044249459499394	-0.322811962670455	0.146	0.16	1	NECAP1	c1
0.000497098407942697	-0.322796329333188	0.198	0.229	1	DNPEP	c1
0.0348661874850891	-0.322773686495523	0.042	0.053	1	TRIM39	c1
0.0177636673892805	-0.322672390933537	0.099	0.117	1	RNF111	c1
0.0644464602384672	-0.322608040232216	0.033	0.042	1	SLC39A11	c1
0.0135769511174491	-0.322389459341211	0.479	0.46	1	DNPH1	c1
0.0127583702312922	-0.322225140920562	0.317	0.331	1	H1FX	c1
0.000334588304867289	-0.322194591657328	0.183	0.216	1	YDJC	c1
0.0305137821017231	-0.322150109600916	0.071	0.085	1	C12orf73	c1
0.000931258593683425	-0.322137796108525	0.185	0.212	1	TM2D1	c1
0.117912779353114	0.322042835770534	0.012	0.009	1	SCOC-AS1	c1
0.0229407889458631	-0.321921914962295	0.047	0.061	1	COG6	c1
0.000451109469585289	-0.321833412006683	0.2	0.231	1	ATG5	c1
0.278288183645529	0.321815276953748	0.014	0.011	1	DICER1-AS1	c1
0.128937094788618	-0.321693049977079	0.049	0.057	1	RP11-140K17.3	c1
0.00112511929466276	-0.321669502722926	0.17	0.199	1	RPA1	c1
0.102653015924041	-0.321471415061525	0.035	0.042	1	EIF2AK3	c1
0.502139668864479	-0.321463092603923	0.027	0.03	1	ZNF41	c1
0.132596693751207	0.321436591114331	0.024	0.019	1	ZNF596	c1
0.214696149697968	-0.321283798923429	0.038	0.044	1	ERF	c1
0.177236691026266	-0.321231124112224	0.046	0.053	1	TMEM251	c1
0.0130698433224695	-0.321211873210334	0.105	0.124	1	MRPL19	c1
0.0126233076180611	-0.32111116703618	0.106	0.125	1	ZMYND11	c1
0.208657363113457	-0.32108518869702	0.044	0.051	1	KIF1BP	c1
0.0226710955395951	-0.320956208836893	0.074	0.089	1	TRUB2	c1
0.0712905892651394	-0.320785089062706	0.058	0.068	1	GLYCTK	c1
0.467444559182132	-0.320735921680405	0.018	0.021	1	DDX51	c1
0.0637457276007646	-0.3204735572517	0.052	0.063	1	USP21	c1
0.0253514805567321	0.320442469449635	0.031	0.023	1	ZNF554	c1
0.508567931408077	-0.320383972622857	0.019	0.022	1	ZNF582	c1
0.000496556865235229	-0.320294963589163	0.174	0.205	1	CYP20A1	c1
0.00432116917452594	-0.319989339331999	0.159	0.183	1	CCNK	c1
0.402074514254638	-0.319968051960235	0.011	0.013	1	ROBO3	c1
0.00573683389350866	-0.31975328786433	0.14	0.163	1	NGLY1	c1
5.20156808133149e-05	-0.319711619516743	0.26	0.296	1	TROVE2	c1
0.000829057158036974	0.319690224937431	0.111	0.088	1	AHCY	c1
0.04866004875567	-0.319622095451914	0.156	0.17	1	HCG18	c1
0.0232025799097982	-0.319527314449775	0.164	0.181	1	RP11-325F22.2	c1
0.00332843580667322	-0.31952693514773	0.1	0.123	1	VAMP3	c1
0.0345416173044921	-0.319200979284971	0.087	0.102	1	STT3A	c1
0.0313203918400151	-0.319196052318003	0.095	0.11	1	TCHP	c1
0.0431262236545843	-0.3191128447591	0.087	0.101	1	TMEM129	c1
0.204459642786677	-0.319105438110911	0.009	0.012	1	ZNF304	c1
0.00745228330137735	-0.319080222778839	0.145	0.167	1	DDX23	c1
0.195094097897774	-0.319066250923281	0.022	0.027	1	NICN1	c1
0.167547349635455	-0.318947894372654	0.118	0.126	1	IFNG-AS1	c1
0.0373739936273228	-0.31893876780378	0.084	0.098	1	CEP104	c1
0.0183206749445533	-0.318880686638344	0.08	0.097	1	WDR11	c1
0.000518503674298245	-0.318873272130244	0.207	0.238	1	TMEM183A	c1
0.0759912649352122	-0.318821574843199	0.111	0.123	1	GCLM	c1
0.00289651449951621	-0.31877460157551	0.171	0.195	1	CDS2	c1
0.00117465475114016	-0.318634115901112	0.178	0.207	1	HSPA4	c1
0.101993437719787	-0.318553661004634	0.059	0.068	1	CEP295	c1
0.0706631330554458	-0.318472392721627	0.022	0.029	1	FIGNL1	c1
0.0304664368534792	-0.318146520460888	0.042	0.054	1	ZNHIT2	c1
0.289589101776578	0.317992844563935	0.025	0.022	1	RP11-110I1.12	c1
0.284813455536714	0.317781811712762	0.015	0.012	1	ZNF219	c1
0.00393393524886205	-0.317388429452815	0.314	0.329	1	UTRN	c1
0.229247494584318	-0.317374243676486	0.072	0.079	1	HLTF	c1
0.362474258479183	-0.317358313234974	0.008	0.01	1	ZNF436	c1
0.00782868085641604	-0.317353583517733	0.124	0.145	1	EXOSC9	c1
0.0241068936920096	-0.317270002353459	0.038	0.05	1	NRIP1	c1
0.00169358847471729	0.317219429851142	0.078	0.06	1	SPICE1	c1
0.000187558049753168	-0.317186409701572	0.188	0.223	1	SMNDC1	c1
0.0210807752515596	-0.317173833148451	0.083	0.099	1	ANAPC7	c1
0.0221201437903625	-0.317075686181906	0.104	0.121	1	GTPBP6	c1
0.000568464574245041	-0.317069195313782	0.199	0.232	1	CABIN1	c1
0.0850127640671895	-0.3170463229589	0.094	0.105	1	AVL9	c1
0.0325702972833709	-0.317017495546714	0.079	0.093	1	DDX1	c1
0.00625584781411058	-0.316994143279019	0.08	0.1	1	PGRMC1	c1
0.462252473593312	-0.316947371807184	0.025	0.028	1	HYPK	c1
0.00799931902524187	-0.316941944235217	0.101	0.122	1	GBF1	c1
0.00171600720299583	0.316848268172947	0.07	0.053	1	C1orf109	c1
0.127083035253362	-0.316769139081307	0.007	0.011	1	CD3EAP	c1
0.00247189146744818	-0.316674280427847	0.135	0.161	1	PSPC1	c1
0.0102172243777381	-0.316592956684781	0.16	0.181	1	PBRM1	c1
0.102753088404327	-0.316581275109228	0.048	0.057	1	XKR8	c1
0.0280853126479295	-0.316521357733361	0.085	0.101	1	MRE11A	c1
0.000249399272039074	-0.316509164852873	0.251	0.284	1	BIRC6	c1
0.357637968275376	-0.316426682411937	0.018	0.021	1	RP11-635N19.1	c1
0.0298094351640142	-0.316390677752547	0.134	0.151	1	STX12	c1
0.000791195156756543	-0.3161035731748	0.191	0.22	1	PRKX	c1
0.0125136027913933	-0.316102320796193	0.108	0.127	1	HACL1	c1
0.176665224997272	-0.315882191517288	0.037	0.043	1	ATG4C	c1
0.0739999153701611	-0.315647870223004	0.219	0.229	1	SENP7	c1
0.0468096553287551	-0.315530792299668	0.067	0.079	1	ZNF544	c1
0.0522362664951717	-0.315423093562726	0.121	0.135	1	PRKRIP1	c1
0.012490649373388	-0.315291430031751	0.089	0.107	1	CCDC14	c1
0.00354844668998968	0.315249916312317	0.056	0.042	1	UBOX5	c1
0.161065721350505	-0.315182691027313	0.058	0.066	1	SLC12A6	c1
0.00355211391031353	-0.315151394138514	0.154	0.178	1	CUTC	c1
0.000626541998142243	-0.315090135421892	0.208	0.239	1	ARPC1A	c1
0.337482718122486	0.31506269972917	0.013	0.011	1	GAS8	c1
0.0327627886295241	-0.314937827742469	0.115	0.131	1	ZNF280D	c1
0.0146547562305305	-0.314902037876979	0.103	0.122	1	RAD51C	c1
0.000896393396875037	-0.314751366315978	0.42	0.436	1	USP15	c1
0.243564435028149	-0.31467264714574	0.049	0.055	1	TAP2	c1
0.0981554626860576	-0.31466942341794	0.021	0.027	1	VCL	c1
0.00106712302497939	-0.314600597275566	0.241	0.268	1	CDIPT	c1
0.000193873813411824	-0.314521264570241	0.276	0.308	1	TMOD3	c1
0.000519934701743061	-0.314392172416996	0.236	0.267	1	PSMD2	c1
0.00182238027524075	-0.314150631927516	0.246	0.271	1	GON4L	c1
0.00370268271351223	-0.314120454655213	0.197	0.221	1	HINT2	c1
0.0505577255638241	-0.314113172453046	0.074	0.087	1	RNF2	c1
0.258907250212868	-0.313748087169956	0.065	0.071	1	CROCC	c1
0.122067085214095	-0.313715997632207	0.037	0.045	1	ACTR5	c1
0.234432674797881	-0.313701337182238	0.059	0.065	1	AC003075.4	c1
0.151165370382306	-0.313563071458544	0.05	0.058	1	CETN3	c1
0.000289117343661714	-0.31345428721636	0.232	0.267	1	GIT2	c1
0.0246919531528767	-0.313437677292164	0.09	0.106	1	DDX59	c1
0.422765054258844	0.313249699207584	0.022	0.019	1	HIC2	c1
0.219946239253395	-0.313103668027748	0.079	0.086	1	MAVS	c1
0.0110771237635685	-0.312740714228995	0.071	0.089	1	WDR5	c1
0.0794002006791892	0.312689342046435	0.029	0.023	1	SAV1	c1
0.0978262103495927	-0.312650179093107	0.032	0.04	1	B3GLCT	c1
0.000636257033403745	-0.31245220257814	0.303	0.328	1	ATF6B	c1
0.00788960236316183	-0.312412792736281	0.127	0.148	1	TRAPPC2P1	c1
0.296955720217067	-0.312405888413428	0.016	0.02	1	TRBV10-3	c1
0.000568050811282668	-0.312379026161461	0.257	0.285	1	PEF1	c1
0.0649789763709345	-0.311939577571492	0.085	0.098	1	CEP164	c1
0.0271931552633505	-0.311928924990861	0.055	0.069	1	SAMD8	c1
0.147210767503564	-0.311896865560368	0.046	0.054	1	TOE1	c1
0.0695166678091472	-0.31169196354319	0.108	0.121	1	MED19	c1
0.223836764670409	-0.311648076086954	0.041	0.047	1	NUP188	c1
0.289066856470206	-0.311618208116934	0.039	0.044	1	USP45	c1
0.0205225144902082	-0.31124385019449	0.09	0.106	1	FAF2	c1
0.0143626428836996	-0.311171191591467	0.254	0.27	1	SMARCA2	c1
0.0439636393377784	-0.311165107080349	0.059	0.072	1	PRR14L	c1
0.00802342522692417	-0.311137561160171	0.108	0.129	1	TRAF7	c1
0.00152779096930927	-0.311067075256626	0.195	0.224	1	ATG3	c1
0.00780678331611165	-0.311064679085265	0.192	0.215	1	PHF20L1	c1
0.0131268110634115	-0.31104934904019	0.112	0.132	1	RWDD3	c1
0.115978798095444	-0.311020995542164	0.069	0.079	1	FAM53C	c1
0.0188729310832327	-0.311016160217704	0.113	0.131	1	HMCES	c1
0.00259988971305283	-0.310966054290788	0.115	0.14	1	HACD3	c1
0.000182959059278013	-0.310848240149976	0.348	0.369	1	CHIC2	c1
0.817621412955371	-0.310694864920279	0.019	0.02	1	RP11-66N11.8	c1
4.7847592160376e-05	-0.310599889685002	0.315	0.347	1	GSDMD	c1
0.0175495312706988	-0.310457077889309	0.194	0.211	1	FASTK	c1
0.0987203609128046	-0.310186558432044	0.066	0.076	1	ALG6	c1
0.000438335469355773	-0.310183988485224	0.229	0.26	1	EXOSC1	c1
0.0286810028485765	-0.309921565568976	0.093	0.109	1	MSMO1	c1
0.0416930026355895	-0.309864659263189	0.053	0.065	1	TMEM39B	c1
4.97743905454829e-05	0.309663874663274	0.146	0.114	1	MAP4K4	c1
0.00373040844458264	-0.309645255661426	0.204	0.227	1	PARL	c1
0.00746484754871494	-0.309301223498588	0.131	0.153	1	COPS7A	c1
0.00026889503563375	-0.309160071734983	0.199	0.232	1	CDC40	c1
0.0351269106842948	-0.309097226713649	0.084	0.098	1	FARSB	c1
0.529477018305378	-0.308895711035008	0.04	0.043	1	ARSK	c1
0.0190863161150027	-0.308743748082164	0.233	0.249	1	CDK17	c1
0.00482732236979154	-0.308627699102802	0.132	0.155	1	MKL1	c1
4.85520040134068e-05	0.308297718057892	0.084	0.059	1	TRIM73	c1
0.091976547278603	-0.308195015401073	0.093	0.105	1	WDR26	c1
0.134514298022904	-0.308048716310789	0.06	0.069	1	KHNYN	c1
0.0454006139549569	-0.308027345986795	0.304	0.314	1	XIST	c1
0.00378209583676433	-0.307996911284595	0.155	0.181	1	MRPS31	c1
0.0193594228561804	-0.307896751073498	0.125	0.143	1	WDR46	c1
0.131424138244237	0.307724446608813	0.01	0.007	1	RP11-403I13.7	c1
0.000625437931078876	-0.307666403447494	0.257	0.286	1	CCAR1	c1
0.0665931414897156	-0.307658502527141	0.128	0.141	1	AGO3	c1
0.365867507428816	-0.307599910353593	0.013	0.016	1	FKRP	c1
0.124388640393786	-0.307575151123477	0.018	0.024	1	ABCD1	c1
0.0272547830544506	-0.307572698099095	0.389	0.382	1	NCF1	c1
0.150121107025698	-0.30755897454746	0.036	0.043	1	PCBP4	c1
0.569806702157669	-0.307437653508994	0.023	0.025	1	NBPF3	c1
0.00445174283727646	-0.307340545855682	0.131	0.154	1	GOT2	c1
0.0563767507163654	-0.30731694242631	0.049	0.06	1	RAD51D	c1
0.0752502190345442	-0.30727770449003	0.031	0.039	1	TNFAIP1	c1
0.114546996029363	-0.307170951566539	0.039	0.047	1	BTRC	c1
0.0470069889103986	-0.307160376256862	0.321	0.322	1	PPM1K	c1
0.20267871680809	-0.306937573722265	0.013	0.018	1	UST	c1
0.209017836421458	-0.306892497819291	0.03	0.035	1	LIMD1	c1
0.344524429207653	-0.306883698912345	0.01	0.012	1	XRCC3	c1
0.00174222606312723	-0.30687245081192	0.117	0.143	1	EXOSC7	c1
0.104187145858809	-0.306865988957751	0.037	0.045	1	ERLIN2	c1
0.251972973567294	-0.3067438968657	0.262	0.26	1	MLLT3	c1
0.000475130182124346	-0.306735535691094	0.243	0.273	1	CIR1	c1
0.34871928502914	-0.306734527273939	0.015	0.018	1	TCEANC	c1
0.002402334311947	-0.306655412797362	0.16	0.186	1	PPP2R5E	c1
0.0617155311089694	-0.306633684804761	0.05	0.061	1	ZC3HC1	c1
0.0148048713280435	-0.306595322380074	0.08	0.098	1	MAPK13	c1
0.453526345042887	-0.30655569087461	0.014	0.016	1	DYNC2H1	c1
0.0110474484718741	-0.306383556441641	0.125	0.145	1	MRPL2	c1
0.00304770436152141	-0.306340304493851	0.152	0.177	1	APOL3	c1
0.000197629035998422	-0.306336261069405	0.336	0.363	1	SRPRA	c1
0.261922963629666	0.306322570381249	0.011	0.008	1	CATSPER2	c1
0.0142054326924388	-0.306251679831699	0.085	0.103	1	IGF2R	c1
0.26010021554533	-0.306244565587803	0.053	0.059	1	FAM76A	c1
0.375295014674939	-0.306206617758313	0.04	0.045	1	RNF139-AS1	c1
0.00417452236883901	-0.306176882774257	0.198	0.221	1	SEC31A	c1
0.0162964742083058	0.305990869200167	0.034	0.025	1	FAN1	c1
0.0012038958386307	-0.305982867523344	0.247	0.275	1	TMEM134	c1
0.0547965162666534	-0.305806584221378	0.096	0.109	1	RNF6	c1
0.0658914030658064	-0.305800145171879	0.052	0.063	1	SARS2	c1
0.00445872794514955	-0.305661372506373	0.091	0.113	1	TM2D2	c1
0.422541284726984	-0.305584277465884	0.01	0.012	1	CAPS2	c1
0.174758033290992	-0.305497341432527	0.038	0.045	1	TOP3A	c1
0.197163651286769	-0.305288088647782	0.026	0.032	1	RP11-500C11.3	c1
0.283181519246748	-0.305232029771548	0.01	0.013	1	CDAN1	c1
0.000209911996728605	0.305121616030683	0.142	0.113	1	IFT57	c1
0.0335704282566268	-0.304666485811563	0.131	0.146	1	FBXO44	c1
0.0424276086171933	-0.304665138025793	0.067	0.08	1	PIP5K1A	c1
0.361586881292541	-0.304550083475072	0.019	0.023	1	PLEKHM3	c1
0.00827769933615919	-0.304438834268195	0.205	0.227	1	CAPRIN1	c1
0.00214024451446967	0.304298165578195	0.077	0.059	1	RP11-83A24.2	c1
0.0457413433154307	-0.304244110303023	0.115	0.13	1	MED31	c1
0.148710516751228	-0.304239722475847	0.055	0.063	1	RBM12	c1
0.000444759962325074	0.304196419001344	0.085	0.063	1	ANKRD46	c1
0.79229690216982	-0.304175027444979	0.01	0.011	1	CACNB3	c1
0.359644530188428	-0.304095884091116	0.031	0.035	1	CORO7	c1
0.108668011955517	0.303721274892209	0.013	0.01	1	NMNAT3	c1
0.00969696544467395	-0.303716789506062	0.099	0.119	1	ZNF107	c1
0.118341344256964	0.303638806832267	0.034	0.028	1	TMEM143	c1
0.146002063064897	-0.303530004975833	0.09	0.099	1	TRIM33	c1
0.000443994294440682	-0.303515443372636	0.256	0.287	1	CCDC69	c1
0.00231404375514488	-0.303490660589929	0.176	0.203	1	RPS6KB2	c1
0.399594994585286	0.303457850349558	0.023	0.02	1	ZNF852	c1
0.0147318387581972	-0.303443568362486	0.139	0.159	1	TMEM60	c1
0.000182971902195585	-0.303309482852404	0.228	0.263	1	MAP7D1	c1
0.0246546144628373	0.303015430797731	0.047	0.037	1	ZNF318	c1
9.8754334472347e-05	0.302892186085132	0.108	0.082	1	HEBP1	c1
0.153456946547269	-0.302710316940631	0.053	0.061	1	TBC1D25	c1
0.00569992005532892	0.302488646536689	0.043	0.031	1	NHSL2	c1
0.0138738450859852	-0.302448947796467	0.219	0.237	1	BRD4	c1
0.215278093166393	-0.30241584612476	0.01	0.014	1	RP11-244H3.4	c1
0.0415123200651497	0.302413075882531	0.033	0.025	1	RP11-666O2.2	c1
0.144575951813178	-0.302387503675568	0.076	0.085	1	MSL2	c1
0.0479057476428546	-0.302324782749251	0.093	0.107	1	ANO6	c1
0.000281623804017131	-0.302317802577558	0.326	0.353	1	CEBPB	c1
0.104007003883953	-0.302084051517279	0.018	0.024	1	TAF13	c1
0.19230286702685	-0.302004853504754	0.071	0.079	1	TMEM64	c1
0.00197400428567455	-0.301979171518937	0.174	0.2	1	DHX30	c1
0.00217465586403283	-0.301861230183369	0.155	0.183	1	CDK4	c1
0.0505757526247772	-0.301496008187045	0.081	0.094	1	GALK2	c1
0.0779468469539287	-0.301431613538507	0.106	0.118	1	LARP1	c1
0.136348119609527	0.301406789572897	0.028	0.023	1	GS1-124K5.3	c1
0.0387036330972252	-0.30120484511699	0.067	0.081	1	VPS45	c1
0.0262882752128422	-0.301194384519004	0.051	0.065	1	DEAF1	c1
0.00100825118575651	-0.301118163432706	0.213	0.242	1	WAC	c1
0.00451361686688886	-0.300948757083371	0.156	0.179	1	C21orf59	c1
0.178892074815901	-0.300875122041408	0.044	0.051	1	ENTPD3-AS1	c1
0.137050312930828	-0.300670915048958	0.083	0.093	1	PIGG	c1
0.0013611815532569	-0.300624014209298	0.158	0.187	1	ZGPAT	c1
0.0256406557942169	-0.300584549556589	0.101	0.117	1	COIL	c1
0.00315344283609656	-0.300568586347236	0.379	0.388	1	RANBP1	c1
0.00156549629416	-0.300356205482726	0.317	0.338	1	CCDC88C	c1
0.001967996299143	-0.300239571068785	0.22	0.248	1	DOCK2	c1
0.0455483998788563	-0.300186282672972	0.069	0.082	1	PEX14	c1
0.00459516128843441	-0.300172293318159	0.155	0.179	1	DHX15	c1
0.0356522358246233	-0.300158940256093	0.065	0.079	1	CSE1L	c1
0.0986295865772102	-0.300128689868074	0.088	0.099	1	SWI5	c1
0.0627693282149118	0.30012834527487	0.033	0.026	1	ZNF202	c1
0.0321740864869298	-0.300113172041852	0.107	0.123	1	TBC1D17	c1
0.000821852733375345	-0.300103456904352	0.284	0.31	1	TMEM14C	c1
0.181761115611481	-0.300074397128064	0.039	0.046	1	TMEM184B	c1
0.0278835134439338	-0.300047599997214	0.092	0.108	1	LRRC8C	c1
0.339776612789545	0.299983875146781	0.011	0.009	1	SUSD1	c1
0.0585138609739973	-0.299850574107092	0.103	0.116	1	ZNF160	c1
0.0447248923316659	-0.299776396083727	0.085	0.099	1	C9orf114	c1
0.00419461604828251	-0.299702225388216	0.148	0.174	1	NARS	c1
0.00320141539139547	-0.299578961487182	0.23	0.255	1	CCDC53	c1
0.308027764068805	0.299555043565742	0.017	0.014	1	ZBTB26	c1
0.0197381155007193	-0.299458746980142	0.103	0.12	1	CRLS1	c1
0.54689137878495	-0.299451280194138	0.012	0.014	1	KCTD2	c1
0.612753737668442	-0.299359872622693	0.012	0.014	1	PITPNM2	c1
0.00135262839693891	-0.299349482543084	0.232	0.26	1	RNF4	c1
0.418166959559961	-0.299257069738457	0.011	0.013	1	RP4-761J14.8	c1
0.0888461496574798	-0.299242101043871	0.03	0.037	1	CENPL	c1
0.475859282948631	-0.29921133443558	0.02	0.022	1	ULK1	c1
0.0756053002632389	-0.299210816759593	0.087	0.1	1	EDRF1	c1
0.0892908769714579	0.299138201252295	0.043	0.035	1	FAM185A	c1
0.576704007464446	-0.298982547177609	0.038	0.041	1	ATP11C	c1
0.00938916353614876	-0.298748595972339	0.164	0.185	1	CDC73	c1
0.030003942583139	-0.298643711557954	0.096	0.111	1	PDLIM5	c1
0.0574264082389831	0.298581900005091	0.028	0.021	1	NKRF	c1
0.0117706046055538	0.298566276013202	0.062	0.048	1	PPARD	c1
0.465252873879898	-0.29854708299293	0.031	0.034	1	DCAF4	c1
0.00177115557320311	-0.298352301614783	0.196	0.223	1	NBR1	c1
0.0117862374432244	0.298201172468313	0.055	0.043	1	RP11-327P2.5	c1
0.000561291626392294	-0.29812222488872	0.276	0.306	1	LUC7L2	c1
0.000631980447006959	-0.29812055376956	0.259	0.291	1	SERINC3	c1
0.0440266773409992	-0.298051774022364	0.091	0.105	1	CRKL	c1
0.478734444815995	-0.298037463408844	0.018	0.02	1	ZNF845	c1
0.115966737061286	-0.297957046312783	0.061	0.07	1	DNAL4	c1
0.000343568722956012	-0.29795088532264	0.309	0.337	1	FNTA	c1
0.010953157991788	-0.297942523083931	0.128	0.149	1	C5orf24	c1
0.14200972346841	-0.297927100021179	0.059	0.068	1	NAT10	c1
0.0055169893209204	-0.297892297521401	0.225	0.248	1	TM2D3	c1
0.108405737877312	-0.297776410443721	0.017	0.022	1	KLHL25	c1
0.112667572061943	0.297679149686412	0.028	0.022	1	RP11-166P13.3	c1
0.169740501730032	-0.29765380149234	0.073	0.081	1	PAPOLG	c1
0.579650808970365	-0.297435797443934	0.031	0.033	1	TMEM117	c1
0.0265801559545155	-0.297419818226853	0.065	0.079	1	CNOT11	c1
0.000476882978143764	-0.297413579675595	0.181	0.215	1	MRPL22	c1
0.00208324854743948	-0.2971856798466	0.207	0.233	1	TIMM17A	c1
0.0277237875398285	-0.297111040910328	0.108	0.124	1	GLMN	c1
0.00538810642829761	-0.296919538852205	0.24	0.262	1	MAT2A	c1
0.421627381697479	-0.296916846478087	0.047	0.051	1	ZNF26	c1
0.0375037609172937	-0.296903085498855	0.115	0.131	1	RLF	c1
0.0596538743676337	0.29678305412838	0.035	0.027	1	TP73-AS1	c1
0.202847598627645	-0.296457847653527	0.051	0.057	1	LZTR1	c1
0.265601924816626	-0.296433798612521	0.048	0.054	1	PIAS2	c1
9.78847867669135e-05	-0.296354775413426	0.253	0.288	1	SCAMP3	c1
0.195607328781468	-0.296152858289792	0.03	0.036	1	MICALL1	c1
0.000314757585215025	0.295940099178449	0.126	0.1	1	LINC00909	c1
0.0309095322860705	-0.295931260183077	0.126	0.142	1	WWP2	c1
0.124531614067117	-0.295926270311997	0.067	0.076	1	SLC35A3	c1
0.429551317218948	-0.295925358713407	0.009	0.011	1	ZNF793-AS1	c1
0.0863926087996568	-0.295792475347225	0.065	0.076	1	PDSS2	c1
0.139120909252892	0.295721416683026	0.026	0.021	1	RP11-381K20.2	c1
0.118144460968327	-0.295713302209246	0.02	0.026	1	PLD2	c1
0.0103811223374728	-0.295599451820664	0.162	0.183	1	DSCR3	c1
0.00406390918870919	0.295591802601821	0.099	0.08	1	GAMT	c1
0.0901709238609496	-0.295472865071889	0.062	0.072	1	CKS1B	c1
0.0453686021306667	-0.295452883246393	0.107	0.121	1	PMS1	c1
0.00905854242678649	-0.295421501687462	0.187	0.21	1	SECISBP2L	c1
0.0409378874354368	-0.295349921795182	0.1	0.115	1	RANGAP1	c1
0.00066545838713678	-0.295159438051063	0.164	0.195	1	SMARCC1	c1
0.000125865727718075	0.295097422138486	0.065	0.045	1	RP1-313I6.12	c1
0.2614098212284	0.29508299087293	0.016	0.013	1	MZF1-AS1	c1
0.201003340472976	-0.294994815132652	0.086	0.094	1	C21orf2	c1
0.0149643885678438	-0.294948925565233	0.124	0.143	1	AK6	c1
0.1602153326513	0.294937372068849	0.021	0.017	1	RP11-313P13.5	c1
0.0341071727351861	-0.294914769114261	0.104	0.119	1	SUPV3L1	c1
0.00384337915087409	-0.294815619134137	0.167	0.192	1	SLC25A1	c1
0.0567317251495425	-0.29476557611192	0.033	0.043	1	TLK2	c1
0.00115050808199194	-0.294710215604491	0.207	0.235	1	CHCHD3	c1
0.759463408100877	-0.294667876841061	0.016	0.017	1	KIR3DL2	c1
0.0267531870489997	-0.294495334715787	0.123	0.139	1	CCNB1IP1	c1
0.259308785356319	-0.294449383982555	0.053	0.06	1	ZNF568	c1
0.147032281246481	-0.294445938159696	0.022	0.028	1	CLUH	c1
0.0469199912307188	-0.294409971154773	0.139	0.155	1	IKBKB	c1
0.0108888442840033	-0.294383529031436	0.139	0.16	1	ACD	c1
0.00076745282712504	0.294351680233535	0.055	0.039	1	DCBLD1	c1
0.00555539524068917	0.294266236530478	0.049	0.036	1	TRAV23DV6	c1
0.334994988175893	-0.294143145366072	0.014	0.017	1	CENPJ	c1
0.0190258861734033	-0.294033050054864	0.115	0.133	1	GTPBP4	c1
0.0140163527960779	0.293987530199199	0.049	0.037	1	FAM227B	c1
0.00138384154767822	0.293973954091491	0.116	0.094	1	N4BP2	c1
0.030133854294932	-0.293968448521551	0.053	0.066	1	TSPAN3	c1
0.108082287437506	-0.293923775781075	0.058	0.067	1	ANKRD52	c1
0.15435680734497	0.293826682530054	0.028	0.022	1	FAM13A	c1
0.00774503141050687	-0.293785978614402	0.217	0.238	1	PPT1	c1
0.0924349470791543	-0.293749578828904	0.049	0.058	1	MANBAL	c1
0.145950999453835	-0.293559787349469	0.128	0.138	1	AFG3L2	c1
0.00375780872613363	-0.293452229003151	0.386	0.397	1	MACF1	c1
0.0686877596016821	0.293239391574647	0.018	0.013	1	CCDC102B	c1
0.0119051344641955	-0.293025095145971	0.157	0.177	1	PPIL4	c1
0.128666520362554	-0.293008874632221	0.062	0.071	1	JMJD4	c1
0.474089529740003	-0.292999603976154	0.011	0.013	1	MIR9-3HG	c1
0.00359235545655454	0.292971652641854	0.092	0.073	1	CEP170	c1
0.0277910158075093	-0.292903929194458	0.082	0.097	1	HIF1AN	c1
0.018315890854309	-0.292877536556979	0.186	0.204	1	CCDC130	c1
0.00238211039638299	-0.292803495385456	0.191	0.217	1	MFSD14A	c1
0.0114556777032844	-0.292480010904323	0.091	0.11	1	METTL10	c1
0.607042105583398	-0.292464298516301	0.014	0.016	1	TRIM62	c1
0.0153548869080067	-0.292102836510135	0.145	0.165	1	SRP68	c1
0.0196013006047603	0.29206656986394	0.043	0.033	1	SNURF	c1
0.0426192840059534	-0.292049974494332	0.08	0.094	1	SMG9	c1
0.187155684558299	0.291962761796221	0.011	0.008	1	NRG2	c1
6.7530772943807e-05	0.291959904771938	0.089	0.064	1	SGK223	c1
0.0510568715361857	-0.291954881405165	0.126	0.14	1	CCAR2	c1
0.187029857209469	-0.291881487222791	0.04	0.047	1	GGCX	c1
0.0150115421300561	0.29187250650785	0.037	0.027	1	USP46	c1
0.0177071676509269	-0.291746873486446	0.181	0.201	1	PPP6R3	c1
0.0490725882254073	-0.291672514437902	0.178	0.192	1	TAPBPL	c1
0.164886205672413	-0.291533528661116	0.032	0.039	1	RWDD2B	c1
0.351119316344386	-0.291369257727797	0.035	0.039	1	SPRYD4	c1
0.000438098810421737	-0.291214315716499	0.281	0.309	1	MRPS18C	c1
0.000486144105504183	-0.290967966537736	0.135	0.166	1	ICT1	c1
0.00379568520833681	-0.290941052472422	0.343	0.36	1	SPTAN1	c1
0.0324073777164215	-0.290900531554284	0.159	0.175	1	RNPEPL1	c1
0.002464333702347	0.290830635118045	0.086	0.067	1	MIEF1	c1
5.38187396688716e-05	-0.290809946636026	0.403	0.421	1	MGST3	c1
0.0245407479246105	-0.290785853160149	0.097	0.114	1	DNM1L	c1
0.000102787078507296	0.290739428454916	0.112	0.085	1	TUBD1	c1
0.349395106802974	-0.290337084187078	0.033	0.037	1	DHCR7	c1
0.0291516556650757	-0.290193353722938	0.1	0.116	1	APPBP2	c1
0.105909316629642	-0.29014132937552	0.042	0.051	1	G6PC3	c1
0.104149427387455	-0.290040347583699	0.093	0.104	1	TRMU	c1
0.0141906038486161	-0.290027350372269	0.268	0.286	1	LENG8	c1
0.170900143020642	-0.29000781875711	0.06	0.068	1	ERCC4	c1
0.00574179703577352	-0.289907213917567	0.158	0.182	1	VRK3	c1
0.387179530199096	-0.289857278965088	0.106	0.111	1	HIST1H2AC	c1
0.192334641693777	-0.28981554584798	0.072	0.08	1	CEPT1	c1
0.104774331198353	-0.28976455298405	0.107	0.118	1	HS3ST3B1	c1
0.278206152851685	-0.289522754781018	0.058	0.064	1	ATG10	c1
0.0253890322678224	0.289392373618475	0.052	0.041	1	AC093818.1	c1
0.0397892060875434	-0.289266899905976	0.121	0.136	1	GRIPAP1	c1
0.00285612633405328	-0.289157371108728	0.2	0.226	1	KRR1	c1
0.578809793973274	-0.28913599189789	0.02	0.022	1	KRBA2	c1
0.187083654917289	0.289132029506343	0.012	0.009	1	LINC01569	c1
0.0164086956967801	0.289084780320465	0.053	0.042	1	SNHG19	c1
0.177415768488159	-0.289017708510583	0.063	0.071	1	NUP205	c1
0.139837244991099	-0.288927655520789	0.04	0.047	1	MOSPD1	c1
0.469372200711942	-0.288903687839829	0.04	0.043	1	ZNF736	c1
0.0608902106424288	-0.28886402341332	0.124	0.138	1	MAPKAP1	c1
0.0120715244763167	0.288853943502823	0.041	0.03	1	NCKIPSD	c1
0.0518269228919408	-0.288612292411898	0.098	0.112	1	POLR3C	c1
0.00236400616959416	0.288588191907579	0.072	0.055	1	SYNJ2	c1
0.264784443761843	-0.28853856766949	0.044	0.049	1	NPLOC4	c1
0.0437958114128716	-0.288469093342225	0.141	0.156	1	EXOC2	c1
0.0352771885872977	0.288249686141099	0.043	0.034	1	HNRNPA1L2	c1
0.0463192069867163	0.288074803746004	0.017	0.012	1	FAM229B	c1
0.0733489779387319	-0.288052146120536	0.098	0.111	1	MYNN	c1
0.0245358400218397	-0.288049879713993	0.209	0.226	1	PTRHD1	c1
0.00328626623064311	-0.288043674916504	0.322	0.341	1	ZNF292	c1
0.0213024732549415	-0.288039819420996	0.151	0.169	1	CCNT1	c1
0.0215147652192839	-0.287989886919479	0.128	0.146	1	RDH11	c1
0.0211597077015074	-0.287980180970613	0.104	0.121	1	TTF1	c1
0.000432970678762897	-0.287967997780533	0.304	0.329	1	TMUB1	c1
0.0216361170485473	-0.287932468694346	0.07	0.085	1	KIAA0196	c1
0.078889975572846	-0.287891921380318	0.111	0.123	1	CDC27	c1
0.0483547471664746	-0.287888813574335	0.076	0.089	1	PLEKHM1	c1
0.262651797784049	-0.287815554084611	0.043	0.048	1	LIN7B	c1
0.000274319270161764	-0.287682557592559	0.327	0.354	1	METTL23	c1
0.0220126074690741	-0.287365847315318	0.107	0.125	1	KLC1	c1
0.309054448342212	0.287256422897215	0.02	0.017	1	RP11-158I9.8	c1
0.0279884836941148	-0.287225241697283	0.2	0.216	1	TMF1	c1
0.0602834626990727	-0.287124344927685	0.085	0.098	1	DNAJC21	c1
0.18629367404837	-0.287099629338348	0.036	0.042	1	KLHL21	c1
0.00456972770614367	-0.287047445013727	0.179	0.203	1	GRHPR	c1
0.0177962314742725	-0.287028477721126	0.119	0.137	1	SDHAF1	c1
0.000201406379941068	-0.286979331090092	0.285	0.318	1	TAOK3	c1
5.92377423973654e-05	-0.286957494092747	0.381	0.404	1	GADD45GIP1	c1
0.00806109746492816	-0.286898970648825	0.181	0.203	1	LCMT1	c1
0.0199328795393506	0.286850100177758	0.031	0.022	1	PLD6	c1
0.25379753253928	0.28676417753362	0.019	0.016	1	TMEM67	c1
0.376514247545031	-0.28676299824648	0.013	0.016	1	C8orf58	c1
0.052598746133838	-0.286581611930458	0.158	0.172	1	TMEM140	c1
0.69893778505969	-0.28653476720901	0.043	0.045	1	HIST1H2AG	c1
0.213928358448546	-0.286512331140287	0.12	0.128	1	RP5-1028K7.2	c1
0.000394768047565345	-0.286461403857924	0.307	0.334	1	TIAL1	c1
0.0145005480524826	0.286383930292564	0.053	0.041	1	WWOX	c1
0.196980831880267	-0.286352079905957	0.067	0.074	1	UBE3C	c1
0.00519908674800805	-0.286271059622707	0.201	0.225	1	ZC3H13	c1
0.34789279192685	-0.286251673702331	0.032	0.037	1	ACTR3B	c1
0.292090322058047	-0.286164578893937	0.011	0.014	1	DBF4B	c1
0.0563861939866589	-0.286078378550025	0.215	0.227	1	TRIM38	c1
0.0370138532446569	-0.285996291429544	0.067	0.081	1	SLC25A13	c1
0.00638846747345998	-0.285973156565692	0.174	0.196	1	SLC38A10	c1
0.0181082485203989	-0.285955991668309	0.138	0.156	1	NOC2L	c1
0.292484465133038	-0.285948327614371	0.03	0.035	1	RARG	c1
0.150885739658604	-0.285945824669665	0.051	0.059	1	CYB5D2	c1
0.570382673059551	-0.285930902454961	0.021	0.022	1	ZNF513	c1
0.0531305847429993	-0.285808927774524	0.071	0.083	1	CCDC94	c1
0.538535657859849	-0.285791211470753	0.025	0.027	1	ANKRD42	c1
0.799158597631432	-0.285781684162651	0.024	0.025	1	FAM84B	c1
0.567089974463602	0.28577441460057	0.01	0.008	1	LRRC29	c1
0.183713761301023	-0.285697474960624	0.035	0.041	1	FAM221A	c1
0.0016512600308866	-0.285632457072686	0.188	0.216	1	TIMM13	c1
0.0060345330245881	-0.285495801032788	0.301	0.318	1	MVP	c1
0.121850601835488	-0.285474881344547	0.043	0.051	1	C22orf34	c1
0.0574764254686971	-0.285426531498857	0.112	0.126	1	DUSP12	c1
0.108916874631797	-0.285286447566647	0.052	0.061	1	HINT3	c1
0.0827721073747854	-0.285191601135502	0.083	0.095	1	MEF2A	c1
0.0200228942885536	-0.285179501673985	0.154	0.173	1	MRPL24	c1
0.0518117928005306	0.285125406358982	0.019	0.014	1	TRBV24-1	c1
0.00111840608904674	0.284951289757891	0.09	0.069	1	C6orf120	c1
0.0138410908033154	0.284880700573745	0.059	0.047	1	ZNF181	c1
0.00758849464607347	0.284849630798289	0.058	0.044	1	RAB43	c1
0.215709104894334	-0.28473368986364	0.042	0.048	1	CRACR2A	c1
0.144528157638323	-0.284712515309215	0.03	0.037	1	GSPT2	c1
0.00487162555844021	-0.284634409479457	0.199	0.223	1	AZIN1	c1
0.00342545301758968	-0.284632862812186	0.226	0.251	1	RSU1	c1
0.0897798136436645	-0.284463459290393	0.039	0.048	1	COLGALT1	c1
0.0384119211177983	0.284392960023428	0.024	0.018	1	CACNA1C-AS1	c1
0.209674299859756	-0.284170219187618	0.041	0.047	1	C2orf42	c1
0.00254502483676551	-0.284126590328262	0.304	0.327	1	PCM1	c1
0.0289724360234157	0.284119649887967	0.076	0.063	1	PUS3	c1
0.530939217297859	-0.284091227468774	0.011	0.013	1	ZNF223	c1
0.0088183054121826	-0.284030612983891	0.149	0.172	1	CTCF	c1
0.00053205311283837	-0.283906612692704	0.33	0.355	1	ORMDL1	c1
0.0417944610872901	0.283884657293457	0.029	0.021	1	CEP70	c1
0.404379657811134	-0.28379870136369	0.024	0.027	1	LRRC8A	c1
0.0140548665136128	-0.283718670833069	0.154	0.173	1	INPP5K	c1
0.0527954195492289	-0.283687893577723	0.1	0.115	1	ASB1	c1
0.183696304140506	-0.283625685141151	0.064	0.072	1	PRR7	c1
0.54152776810878	-0.283529504812022	0.016	0.018	1	CXorf23	c1
0.043255238179491	-0.283483326690014	0.109	0.124	1	CEBPG	c1
0.215418436925834	-0.283472001362814	0.023	0.028	1	ZNF598	c1
0.0405655922680029	-0.283336755975669	0.127	0.142	1	TMEM170A	c1
0.114005724931174	-0.283246239147102	0.029	0.036	1	ZNF700	c1
0.0628598907257763	-0.283192879540629	0.192	0.205	1	GOLGB1	c1
0.00331836670937999	-0.283129284904956	0.278	0.299	1	ETHE1	c1
0.0884136772350358	-0.283034974149474	0.08	0.091	1	ARMT1	c1
0.00877858463845531	-0.283022047510255	0.193	0.216	1	TSPAN5	c1
0.21676046718428	-0.283017865596022	0.015	0.019	1	CYFIP1	c1
0.0299363263736455	-0.282946984573703	0.159	0.176	1	DEDD2	c1
0.0915545754531785	-0.282923943166618	0.093	0.105	1	CPSF2	c1
0.133126806609734	-0.282825710782566	0.024	0.03	1	MCAT	c1
0.0642417303840815	0.282601245591882	0.018	0.013	1	RP11-206L10.9	c1
0.035976162873725	-0.282566684170008	0.116	0.132	1	SRFBP1	c1
0.015738123274747	-0.282496551998712	0.06	0.076	1	PITRM1	c1
0.000914089756951956	0.282365811827233	0.066	0.049	1	RP11-554J4.1	c1
0.315489177702816	-0.28232435377338	0.042	0.047	1	METTL22	c1
0.00926906904590903	-0.282087323410341	0.14	0.162	1	NIPA2	c1
0.672989791066244	-0.282075408057417	0.041	0.043	1	ZNF786	c1
0.238444057731863	-0.282006540390288	0.015	0.018	1	GSTCD	c1
0.0224626816089945	-0.281895188412238	0.18	0.198	1	IMMT	c1
0.473495124614804	-0.281891386377978	0.015	0.017	1	RP4-800J21.3	c1
0.0479277200271068	-0.281752244502586	0.074	0.088	1	YTHDF3	c1
0.15443066076861	-0.281664938471437	0.098	0.108	1	RALGAPB	c1
0.00123150229268703	-0.28154725261363	0.262	0.29	1	RPL7L1	c1
0.218643858313444	-0.281423581937018	0.062	0.069	1	JAK2	c1
0.148522458272763	0.281355094107589	0.024	0.019	1	B4GAT1	c1
0.00189768148573494	-0.281325200845025	0.209	0.237	1	TTC1	c1
0.131331646868779	-0.281291306533429	0.028	0.034	1	ATXN7L3	c1
0.0615887047018859	-0.28124387198978	0.084	0.096	1	MICU1	c1
0.00960495954765915	-0.281175981255169	0.25	0.27	1	SHARPIN	c1
0.22331511710115	-0.281175441403974	0.025	0.03	1	AXIN1	c1
0.0468659158884589	-0.281171297436042	0.098	0.112	1	ARHGAP17	c1
0.0666917880014015	0.281116594055358	0.012	0.008	1	METTL20	c1
0.0477815225625704	0.28107250307379	0.036	0.028	1	CTD-2260A17.2	c1
0.0028279922005488	-0.281031806025737	0.282	0.302	1	RPA3	c1
0.0478721289313103	-0.280934025163365	0.057	0.069	1	HSPA13	c1
0.586163933324512	-0.280871199085588	0.017	0.019	1	CLCN6	c1
0.0651723707980704	-0.28080693447003	0.076	0.088	1	FAM195A	c1
0.000445289328823544	-0.280777945731075	0.296	0.326	1	RTF1	c1
0.0853246854017798	-0.280749602005496	0.145	0.157	1	SAR1A	c1
0.00678357473757213	0.280699438925959	0.063	0.049	1	ZNF253	c1
0.0430014274979721	-0.280694420419016	0.067	0.08	1	PIAS3	c1
0.00418845915930751	-0.280601350073325	0.168	0.193	1	DDB1	c1
0.0377669294902533	-0.280413221148833	0.126	0.142	1	KPNA6	c1
0.193700630020425	-0.280379597658973	0.071	0.079	1	ATG7	c1
0.273518593638233	-0.280368403603552	0.05	0.055	1	RCBTB1	c1
0.0238155228191943	-0.280363651463025	0.139	0.157	1	ZNF91	c1
0.190849950837492	-0.280299911146674	0.093	0.101	1	CDK16	c1
0.294271666816819	-0.280218648527844	0.09	0.096	1	SEC16A	c1
0.0976979636312442	-0.280179373943846	0.04	0.049	1	LXN	c1
0.102620563430888	-0.280036387206446	0.073	0.083	1	NAA25	c1
0.110448438523086	-0.279900619121788	0.037	0.045	1	AKT1S1	c1
0.00544183402089777	-0.279898877224179	0.198	0.221	1	AASDHPPT	c1
0.0869798079317893	-0.279826211636066	0.174	0.186	1	RC3H1	c1
0.3663191556945	-0.279795182626362	0.039	0.043	1	STK11	c1
0.0177183958704139	-0.279759842383033	0.115	0.134	1	TRAF3	c1
0.175487770218606	-0.279626721869351	0.026	0.032	1	CBWD1	c1
0.0928675337331012	-0.27956360181683	0.074	0.085	1	CLEC16A	c1
0.0738036590452747	-0.279167759458851	0.142	0.155	1	CCNT2	c1
0.60307150914985	-0.279137235584101	0.057	0.06	1	DDX11	c1
0.00957341455014885	-0.279017701433719	0.08	0.099	1	HSPBP1	c1
0.15860051983196	-0.278983974142024	0.069	0.078	1	LYSMD3	c1
0.0404754582779892	-0.278966652114405	0.106	0.122	1	GLMP	c1
0.0639250339186872	-0.278955787645839	0.128	0.142	1	ARRDC3	c1
0.0339730438577683	-0.278914556098463	0.158	0.174	1	TP53I13	c1
0.0449617326882455	-0.278899055503725	0.124	0.139	1	TRAPPC12	c1
0.785450676825787	-0.278825486170838	0.014	0.015	1	TXNDC16	c1
0.0315322978795636	-0.278785539662314	0.107	0.123	1	SART3	c1
0.163148095427103	-0.278659466679787	0.065	0.073	1	MCEE	c1
0.0946907566495329	-0.278652507634178	0.066	0.076	1	SLC39A4	c1
0.0223550153603453	-0.278511977897736	0.12	0.138	1	EHMT2	c1
0.0238517358851802	0.278491043683134	0.031	0.023	1	RP11-367G6.3	c1
0.233810309440977	-0.278311012837547	0.124	0.132	1	MCM3AP	c1
0.0164382290640594	-0.278269140344032	0.246	0.265	1	CDK5RAP3	c1
0.0994963438883165	0.278227103508978	0.047	0.04	1	MFGE8	c1
0.229795664510325	-0.278198129015812	0.022	0.027	1	RP11-15H20.7	c1
0.00485096843746191	0.278130184057106	0.106	0.087	1	NANS	c1
0.7147580693435	-0.278010578488832	0.041	0.039	1	TRAV6	c1
0.343606950136491	0.277970091320211	0.021	0.018	1	ZNF792	c1
0.00278056772844233	-0.277930805902071	0.218	0.245	1	RNF44	c1
0.0359905642278276	-0.277803500657858	0.123	0.14	1	NCSTN	c1
0.842795887887351	-0.277653004126249	0.019	0.02	1	FAM101B	c1
0.135868382809401	-0.277595696934829	0.014	0.019	1	CAMSAP1	c1
0.00620229837334321	-0.277502418792052	0.287	0.305	1	UBA2	c1
0.202666524589332	-0.277489245361283	0.047	0.054	1	RRAS2	c1
0.0989353026699393	-0.277360966705137	0.041	0.05	1	ZNF621	c1
0.133501911485595	-0.27712865158371	0.103	0.113	1	ZDHHC7	c1
0.259038873073344	-0.277109773769851	0.026	0.031	1	ZNF34	c1
0.0211470443867106	-0.277033485239332	0.155	0.174	1	RHNO1	c1
0.375344918817959	0.276951416630684	0.027	0.024	1	WDR81	c1
0.231030997671058	-0.276930796455773	0.037	0.043	1	ADCK5	c1
0.783064564542796	-0.276801595346624	0.156	0.156	1	BTLA	c1
0.345230756463745	-0.27677087243004	0.028	0.031	1	ANO10	c1
0.000238389454734501	-0.276644271210602	0.397	0.411	1	CSNK1A1	c1
0.164022439533794	-0.276508095691778	0.089	0.098	1	NUDT18	c1
0.1374325167379	-0.276313348574099	0.084	0.093	1	XPOT	c1
0.000561419346256559	-0.276165168098915	0.321	0.345	1	PDCD5	c1
0.000239559813969113	-0.275958588798503	0.317	0.346	1	LRPAP1	c1
0.0347541002436274	-0.275937544687946	0.141	0.158	1	HOOK3	c1
0.00707790195996267	-0.275832224072893	0.131	0.154	1	NOLC1	c1
0.153818977493528	-0.275828179271862	0.092	0.101	1	C6orf136	c1
0.00121893903727938	-0.2755772520765	0.375	0.393	1	DDX6	c1
0.128928332714537	-0.275561593336645	0.058	0.067	1	RCL1	c1
0.108443853528148	-0.275469889564989	0.084	0.095	1	LCOR	c1
0.085144526311322	-0.275382634614403	0.178	0.189	1	C1orf123	c1
3.02141723801003e-05	0.275341341924922	0.119	0.089	1	PARP11	c1
0.0698390863287932	-0.275293722639028	0.059	0.07	1	METTL13	c1
0.158575079214598	-0.275238839040165	0.041	0.048	1	MYO1C	c1
0.217596484983803	-0.275210756942458	0.009	0.012	1	PWWP2B	c1
0.0310929490089883	-0.27518960661271	0.097	0.113	1	NSUN2	c1
0.0339737599248252	-0.275050320229922	0.098	0.114	1	CGRRF1	c1
0.0691327579394391	0.274967583758959	0.015	0.011	1	AZIN2	c1
0.194215716764023	0.274824626947127	0.01	0.008	1	FBXO10	c1
0.140676542853934	-0.274799571663083	0.09	0.1	1	FAM208B	c1
0.208346532119479	0.274777823292219	0.024	0.02	1	MOCS3	c1
0.0866057411684605	-0.27475743021827	0.188	0.2	1	TRAF5	c1
0.000153847803203498	-0.274639947585057	0.335	0.367	1	PTGER4	c1
0.140127999634131	-0.274633998616084	0.032	0.039	1	UQCC1	c1
0.140338384236781	-0.274613006951955	0.103	0.113	1	BRD3	c1
0.225710929019094	-0.274584359506632	0.049	0.056	1	TSTD2	c1
0.0202305815360537	-0.274461629004262	0.219	0.235	1	PQLC3	c1
0.153948961119521	-0.274407107788361	0.07	0.079	1	SNX13	c1
0.106415886802247	0.273941065890535	0.043	0.036	1	RRP12	c1
0.0909027787419287	-0.273812880055339	0.06	0.071	1	TPT1-AS1	c1
0.0131693436562092	-0.273785939763122	0.152	0.172	1	EIF3J	c1
0.578754404479943	-0.27368977293247	0.009	0.011	1	TCF7L2	c1
0.426288546706474	0.273649135889999	0.013	0.011	1	DLGAP3	c1
0.0921616081647142	-0.273626324807659	0.033	0.041	1	LZTS2	c1
0.793991229371049	-0.273549211207938	0.031	0.03	1	RP11-124N14.3	c1
0.0140133498775469	-0.273376064806881	0.139	0.159	1	IGSF8	c1
0.0283805615391644	-0.273287864269059	0.149	0.167	1	IL4R	c1
0.490659160564978	-0.273262855367689	0.015	0.017	1	ZNF2	c1
0.0337354295113948	-0.272787641127183	0.229	0.243	1	KLHDC2	c1
0.393155546597948	-0.272676957546344	0.009	0.011	1	AVEN	c1
0.00129861712208137	-0.27245203525002	0.365	0.382	1	TMEM248	c1
0.00349476322674742	-0.27238376553672	0.128	0.153	1	TERF1	c1
0.0958290869489675	-0.272280489228469	0.059	0.069	1	HAUS6	c1
0.0188166881017751	0.272193794678714	0.042	0.031	1	STXBP5	c1
0.00415162346178957	0.27211937955603	0.064	0.048	1	RP1-39G22.7	c1
0.0675875551878595	0.272034034544491	0.038	0.03	1	DDX28	c1
0.263462612793512	-0.271977170051457	0.024	0.028	1	BPHL	c1
0.00256177904366919	0.271852719746523	0.081	0.064	1	SLC20A2	c1
0.120619751213163	-0.271827145517065	0.089	0.099	1	SMPD4	c1
0.0880867675667906	-0.271721358387823	0.033	0.041	1	NPHP3	c1
0.339202026090395	-0.271566931941968	0.096	0.101	1	CBX7	c1
0.295425159548036	-0.271516714638818	0.105	0.111	1	VPS13B	c1
0.232969436795376	-0.271491498183602	0.055	0.062	1	GANC	c1
0.00686009402352084	0.271444103068171	0.081	0.065	1	TSPYL4	c1
0.0157607567677061	-0.271421003021673	0.164	0.183	1	MORF4L2	c1
0.00372615815487217	0.271357943044857	0.076	0.059	1	RP11-326I11.3	c1
6.59008928664421e-05	0.271259093694222	0.135	0.105	1	IPO5	c1
0.0104557504966443	-0.271256083432935	0.324	0.34	1	LNPEP	c1
0.1557830816325	-0.271241648779001	0.063	0.072	1	NCK1-AS1	c1
0.00790322084258303	-0.27114327796931	0.205	0.226	1	CPSF6	c1
0.0259325365500223	-0.271113118131944	0.16	0.178	1	TMED3	c1
0.0508620071711294	-0.270977579780714	0.16	0.175	1	XPO1	c1
0.27644077446434	-0.270969706679648	0.06	0.066	1	COG7	c1
0.213063109092005	-0.270897727415065	0.089	0.097	1	ZBTB11	c1
0.00441202512521843	-0.270848456350464	0.117	0.14	1	MGAT2	c1
0.0786761114662845	-0.270843047207283	0.122	0.135	1	HMGXB4	c1
0.0171906938806724	-0.270784653105439	0.233	0.251	1	ACIN1	c1
0.116023290028638	-0.270749838287842	0.066	0.076	1	UNK	c1
0.0657216368768773	0.270569904626772	0.021	0.015	1	PARD6B	c1
0.00173904662252636	-0.270540903859846	0.337	0.357	1	EIF3A	c1
0.0330319448265877	-0.270463806368187	0.076	0.09	1	EIF2AK4	c1
0.0120057715631626	-0.270401943006311	0.23	0.25	1	C19orf25	c1
0.159081862063559	-0.270356046251669	0.153	0.162	1	MON2	c1
0.0935159836599222	0.270156167819473	0.055	0.046	1	FAM206A	c1
0.0667212089901089	-0.270128925473155	0.073	0.085	1	ZNF444	c1
0.00864987907245842	-0.270063768974477	0.175	0.198	1	DCTD	c1
0.0147705928108245	-0.270019934639419	0.128	0.148	1	PRPF18	c1
0.0252464361570201	-0.269913841138181	0.105	0.122	1	TMEM203	c1
0.372767205699259	0.269910149193762	0.013	0.011	1	CFAP44	c1
0.238959915809153	-0.26969004643891	0.012	0.015	1	RPP40	c1
0.00946066624255324	-0.269572767426061	0.215	0.237	1	CLINT1	c1
0.221431703306341	0.269527047354114	0.021	0.017	1	GDPGP1	c1
0.326919228169866	-0.269496500838875	0.015	0.018	1	GTPBP2	c1
0.186789614293054	0.269461746479696	0.011	0.008	1	AC099850.1	c1
0.105006623282473	-0.269393636403683	0.183	0.193	1	RHOT2	c1
0.33926774100436	-0.269284381691651	0.075	0.08	1	PIGL	c1
0.0424755505147176	-0.269237337923182	0.072	0.085	1	SLC46A3	c1
0.0749651540457037	-0.269212015610396	0.04	0.049	1	BTBD7	c1
0.0450344719345716	-0.269133424308665	0.121	0.137	1	ZCCHC10	c1
0.584065033274775	-0.269120095103539	0.018	0.02	1	MTPAP	c1
0.76673594200918	-0.269117502151612	0.011	0.012	1	FCGBP	c1
0.0456044232365519	-0.26909214852659	0.132	0.148	1	MAP3K2	c1
0.635410781804738	-0.269083426578224	0.021	0.022	1	POMGNT2	c1
0.00109210535159969	-0.268967637082723	0.268	0.296	1	PIH1D1	c1
0.338956588022613	0.268871671940015	0.011	0.009	1	SPATA7	c1
0.261892861460949	-0.2687869334527	0.069	0.075	1	POC1B	c1
0.0236030327766169	0.268777577412468	0.043	0.033	1	STARD10	c1
0.023561635482826	-0.268691155310776	0.157	0.174	1	XAB2	c1
0.625318948919148	-0.268656864662833	0.036	0.038	1	CH17-373J23.1	c1
0.018519011038196	-0.268577831103437	0.142	0.162	1	ALG5	c1
0.0654788029164111	-0.268487944075724	0.062	0.074	1	CDC23	c1
0.364764664792568	0.268426906275571	0.018	0.016	1	ZNF624	c1
0.527439031364649	-0.268380428860775	0.031	0.034	1	LINC00467	c1
0.0223508854978169	-0.268164730371925	0.182	0.2	1	BLCAP	c1
0.00579378657349913	-0.268145534602806	0.301	0.318	1	TES	c1
0.278488400206856	-0.26810823763316	0.023	0.027	1	SLC9A1	c1
0.162822990484448	0.268105236832932	0.028	0.023	1	DNAJA4	c1
0.00240977673421778	-0.268053411844916	0.207	0.233	1	CPSF3L	c1
0.327336365062217	-0.268036887196568	0.076	0.082	1	LAS1L	c1
0.105055634601969	-0.267972011188567	0.071	0.081	1	PRMT3	c1
0.259951144073582	0.267933531852669	0.032	0.028	1	SMG8	c1
0.0825315728100339	-0.26783479598453	0.091	0.103	1	VWA9	c1
0.0315448841591172	-0.267685111495461	0.2	0.217	1	PPWD1	c1
0.519663327485736	-0.267574965889488	0.049	0.052	1	PCYOX1	c1
0.600479392466651	-0.267476245567515	0.028	0.03	1	TTLL5	c1
4.37597536304698e-05	-0.267380666736266	0.429	0.453	1	TMED10	c1
0.0264388495187789	-0.267375213698225	0.168	0.185	1	DNAJC9	c1
0.246930179938474	-0.267327317066658	0.042	0.047	1	ZNF398	c1
0.253673688009612	-0.267323587691447	0.019	0.024	1	AMACR	c1
0.00397701389552432	-0.26724131975451	0.142	0.168	1	DLST	c1
0.00734543475092285	-0.267229954970914	0.271	0.292	1	DCAF7	c1
0.000536663595937535	-0.267146941835447	0.272	0.304	1	METTL5	c1
0.0812442169661343	0.266986445932594	0.02	0.015	1	DNHD1	c1
0.0476923598898834	-0.266959830309069	0.1	0.114	1	TPRA1	c1
0.000179506506193705	0.266902285704216	0.135	0.106	1	LRMP	c1
0.580844494808034	-0.266878608348851	0.04	0.042	1	CLOCK	c1
0.000962823519427701	-0.266874685898494	0.308	0.333	1	ZMYM6NB	c1
0.227373787233907	0.266848071488729	0.018	0.014	1	AC142528.1	c1
0.306110576501101	-0.26675648508484	0.025	0.029	1	LYSMD4	c1
0.0608098313059899	-0.266736459938392	0.178	0.191	1	RAB5B	c1
0.0022403938350549	-0.266711401035252	0.289	0.313	1	MIER1	c1
0.396615761112327	-0.266684213413211	0.043	0.047	1	DHX40	c1
0.165300357149139	-0.266670621525476	0.054	0.062	1	SPHK2	c1
0.0144136253418877	-0.266560949076761	0.12	0.14	1	TMEM11	c1
0.153860875583753	-0.266473664647266	0.028	0.034	1	TRMT44	c1
0.0457556242536438	-0.266355669160547	0.572	0.548	1	SLA	c1
0.00586675236938785	-0.266311554192422	0.22	0.243	1	ECHDC1	c1
0.435401671890184	-0.266214173946466	0.029	0.032	1	ZNF142	c1
0.00279512226821203	-0.266108682691167	0.297	0.319	1	THYN1	c1
0.000391040314081291	-0.265874147449409	0.351	0.374	1	RNH1	c1
0.0204201345698151	-0.265800066823373	0.14	0.16	1	SUPT6H	c1
0.0136106365293586	-0.265700229196452	0.213	0.234	1	CNTRL	c1
0.0385512499113355	-0.26554243852941	0.211	0.226	1	PIK3CD	c1
0.21675995637762	-0.265422787303286	0.022	0.027	1	CCDC88A	c1
0.550143878746699	-0.265382344003686	0.013	0.015	1	FPGT	c1
0.0529566223519143	-0.265234554254829	0.216	0.229	1	PHC3	c1
0.00932244007457123	-0.265170847724391	0.221	0.243	1	PFDN1	c1
0.655396343224367	-0.265128315614236	0.019	0.021	1	CCDC85C	c1
0.372700906936936	-0.265065686153285	0.055	0.059	1	HINFP	c1
0.0121841425916837	-0.265063155423205	0.173	0.195	1	VHL	c1
0.0582982265953672	-0.265043897966097	0.086	0.1	1	PAFAH1B2	c1
0.0192179428780911	-0.264924040794472	0.08	0.097	1	UBXN7	c1
0.0199710396226269	-0.264873078894485	0.091	0.108	1	IMPA1	c1
0.0240150281627653	-0.264770809483248	0.186	0.203	1	OSGEP	c1
0.0369294315571054	-0.264762457517171	0.144	0.161	1	BRIX1	c1
0.203675795948158	-0.264695023234453	0.072	0.08	1	SETDB1	c1
0.0817900700302954	-0.264676885030554	0.085	0.096	1	FN3KRP	c1
0.628059176714493	-0.264569054052068	0.016	0.017	1	SLC22A5	c1
0.14023575643023	-0.264502947824594	0.033	0.04	1	UGDH	c1
0.124646930207536	0.264370564479525	0.026	0.021	1	SLC48A1	c1
7.24415077542412e-05	0.264255456752904	0.142	0.111	1	SMAD3	c1
0.534266590363886	-0.264231391945298	0.013	0.015	1	GDPD1	c1
0.29616786137986	-0.264165137481342	0.099	0.105	1	ZNF480	c1
0.112876669559431	0.264145152427535	0.015	0.011	1	LINC00092	c1
0.209750366976197	-0.264143001628732	0.128	0.136	1	ZNF224	c1
0.42142458309143	-0.263768622317669	0.031	0.035	1	SLX4IP	c1
0.0661038419002901	0.263601347659103	0.015	0.011	1	ZNF784	c1
0.0100009727710407	0.263533994426839	0.049	0.037	1	BEST1	c1
0.00835323039534356	-0.263533167670679	0.165	0.187	1	WDR61	c1
0.290905589212672	-0.263490111157354	0.012	0.016	1	RP1-197B17.3	c1
0.00307170688518556	-0.263378818311057	0.2	0.228	1	FRG1	c1
0.000223159655984289	0.263317736444679	0.134	0.106	1	ZNF770	c1
0.0459279899389892	-0.263310943232538	0.551	0.542	1	MT-ND6	c1
0.0234696013330345	-0.263113831028625	0.137	0.155	1	BRD7	c1
0.00585273017322833	-0.262686806882971	0.174	0.199	1	SHOC2	c1
0.00398908148156204	0.262599452885502	0.072	0.056	1	C10orf35	c1
0.00746359335973652	-0.262564749276793	0.198	0.221	1	PEX16	c1
0.0217846355648375	0.262504935465675	0.086	0.072	1	ZHX2	c1
0.00690342941964037	-0.262497751446724	0.135	0.158	1	TMEM126A	c1
0.0296820635278529	-0.262481962570986	0.117	0.134	1	PIGS	c1
0.37467731261981	-0.262478285178672	0.044	0.049	1	SLC25A33	c1
0.107838226301446	-0.26242942721701	0.073	0.084	1	BTBD10	c1
0.025380703613183	-0.262390309421088	0.2	0.217	1	UQCC2	c1
0.041292622207917	-0.262287945871217	0.085	0.1	1	C7orf49	c1
0.0471466028026392	-0.262286708502985	0.186	0.201	1	RAB3GAP1	c1
0.134231837222245	-0.262120135310338	0.113	0.123	1	THAP4	c1
0.137081628017538	-0.262103371163321	0.128	0.139	1	UFSP2	c1
0.000137204765883496	0.261927869533262	0.208	0.172	1	CAMK2D	c1
0.664479341071125	-0.261892425736197	0.025	0.026	1	ABCC4	c1
0.0724428542062043	-0.26174878388323	0.087	0.1	1	SMARCAD1	c1
0.000302654074329975	-0.261731802210985	0.242	0.275	1	CCDC115	c1
0.106093436389158	-0.26161337083796	0.046	0.055	1	AP3S2	c1
0.0780086636733218	-0.26160070326061	0.067	0.079	1	BIN3	c1
0.000162489099639211	-0.261524947497477	0.461	0.479	1	DNAJA1	c1
0.0823453447605071	-0.261523448032462	0.059	0.069	1	CASP2	c1
0.00985474475190067	-0.2614239243249	0.255	0.275	1	AKR1A1	c1
0.308245822859861	-0.261308400428575	0.011	0.014	1	CENPBD1	c1
0.06247175155106	-0.261250408316535	0.086	0.099	1	HEBP2	c1
0.0297579553266175	-0.261151718666922	0.136	0.154	1	RC3H2	c1
0.0025990238600466	-0.26108457131981	0.247	0.273	1	TRAPPC2L	c1
0.99589411478017	-0.261024014384901	0.028	0.027	1	FAM120C	c1
0.0096343620010456	-0.260999112271992	0.217	0.238	1	MTIF3	c1
0.334283481167349	-0.260850701443915	0.107	0.112	1	DIS3L2	c1
0.154269522425112	-0.260589966216706	0.147	0.157	1	UBR5	c1
0.414132258432733	0.260423712012169	0.014	0.012	1	SMN2	c1
0.145213336353752	-0.260238761201084	0.076	0.085	1	ANAPC2	c1
0.823575520394251	-0.260195461896667	0.015	0.016	1	URB2	c1
0.187164709239783	-0.260165148380928	0.053	0.06	1	TTI2	c1
0.175114202703218	-0.26006901540871	0.094	0.104	1	KDM6B	c1
0.0381434572886811	0.260049688354954	0.063	0.051	1	UBE2D4	c1
0.501492080308708	-0.26003019208599	0.061	0.064	1	MYO18A	c1
0.0178501045605539	0.259920340169348	0.04	0.03	1	AF213884.2	c1
0.131154126843251	-0.259830960043942	0.069	0.078	1	SLC25A40	c1
0.37577550769879	-0.259758118792183	0.023	0.026	1	ZNF707	c1
0.0683170874505179	-0.259743762820925	0.109	0.123	1	FAM118A	c1
0.00133822456306726	0.259713222647462	0.135	0.11	1	SCO1	c1
0.0555268361573349	-0.259664615010797	0.092	0.106	1	REXO4	c1
0.269175826238543	0.259513660242574	0.018	0.015	1	LCMT2	c1
0.0728334153249269	-0.259442007359838	0.119	0.132	1	ABHD18	c1
0.0520404495232308	0.259188178975681	0.038	0.03	1	ZNF510	c1
0.308370918438128	-0.259168983371798	0.054	0.059	1	ACAD8	c1
0.011448437630737	-0.259114730576405	0.194	0.216	1	CNOT4	c1
0.0406934640437985	-0.259086148944405	0.215	0.23	1	RAB18	c1
0.0219122016625856	0.258927429657462	0.032	0.023	1	XYLT2	c1
0.218337013182298	0.258923268966022	0.01	0.008	1	CXCL16	c1
0.00632571094630402	-0.258914928746407	0.277	0.299	1	DHX36	c1
0.000511891268360962	-0.258892905207889	0.401	0.422	1	RABGAP1L	c1
0.00267754426700256	-0.258566203532473	0.253	0.279	1	PHF5A	c1
0.00127891357136983	-0.258489203009243	0.24	0.269	1	HPS1	c1
0.0128672136807507	-0.258318094284592	0.207	0.228	1	SLU7	c1
0.500801855470317	-0.258287337889153	0.049	0.052	1	XPR1	c1
0.0129546630279472	-0.258142648906042	0.237	0.258	1	H2AFJ	c1
0.535067839189768	-0.257806696035867	0.036	0.038	1	DHX37	c1
0.110104068494254	-0.257692478832119	0.059	0.069	1	UPF1	c1
0.00168946031316917	0.257597736984085	0.098	0.077	1	RP11-902B17.1	c1
0.00190603318713437	0.257558589872089	0.105	0.084	1	GCA	c1
0.0510954322712318	-0.257486726775636	0.164	0.178	1	ZPR1	c1
0.0903083945200832	-0.257387895930062	0.097	0.108	1	RCOR3	c1
0.170124567935292	-0.257368419479707	0.103	0.113	1	ARID1B	c1
0.218353936679241	-0.257344608207095	0.065	0.072	1	TRMT11	c1
0.0457261393086445	-0.257319213967109	0.055	0.067	1	STRADA	c1
0.746929259282889	-0.257311657962545	0.022	0.023	1	ZDBF2	c1
0.0978337755511277	-0.257281502740306	0.083	0.094	1	BRAP	c1
0.00989997113210981	-0.257264041842057	0.188	0.21	1	FLII	c1
0.00344593655292787	-0.25716513804596	0.237	0.264	1	NDUFA10	c1
0.000219881687688231	0.257021458298754	0.06	0.042	1	SBF2	c1
0.0641609583754202	-0.256991967056366	0.128	0.143	1	FBXL3	c1
0.0230251267087545	-0.256776253359255	0.145	0.163	1	ATG4B	c1
0.091543769918703	0.25674460972248	0.042	0.035	1	SULT1A1	c1
0.0113619496545403	-0.256741735392453	0.192	0.214	1	GOPC	c1
0.064101976002388	-0.256710603917724	0.12	0.134	1	FARS2	c1
0.610017341987264	-0.25664628101453	0.019	0.021	1	FER	c1
0.540693708520974	-0.256640326069331	0.019	0.022	1	RAPGEF2	c1
0.0799302479385189	-0.256571321233511	0.079	0.09	1	BCL2L12	c1
0.101327725242173	-0.256550967370659	0.107	0.119	1	IQCB1	c1
0.0721298794875257	-0.256466328409742	0.052	0.062	1	PRR34-AS1	c1
3.40131605348762e-05	-0.256421352336522	0.44	0.46	1	PPP2R1A	c1
0.0109500969501277	-0.256393537608336	0.212	0.232	1	BOLA3	c1
0.125272644819928	-0.256356931713194	0.09	0.1	1	JARID2	c1
0.0415556447220022	0.256290765143047	0.03	0.023	1	ZXDB	c1
0.000665706892856188	-0.256287396254073	0.29	0.317	1	ATXN10	c1
0.231033425122821	-0.25623456317995	0.047	0.054	1	CBR4	c1
0.103133938127329	-0.256207848367226	0.044	0.053	1	MUT	c1
0.181938129291014	-0.256112582232352	0.114	0.123	1	NOP2	c1
0.0254351569999813	0.256031400113145	0.056	0.044	1	EID3	c1
0.0319956513638799	-0.255836740457949	0.129	0.146	1	IP6K1	c1
0.0575207635294123	-0.255814071414116	0.049	0.06	1	RNF185	c1
0.249531876541064	0.25572152039239	0.026	0.022	1	ZC4H2	c1
0.0892669100023997	-0.25566890752516	0.089	0.101	1	NOTCH2	c1
0.183349464575939	-0.255596742763192	0.066	0.075	1	GABPA	c1
0.198581838754762	-0.255486817611673	0.045	0.052	1	ZNF12	c1
0.153624806769299	-0.255486228098633	0.017	0.022	1	FBXO46	c1
0.000183183601643617	0.255399973337162	0.083	0.06	1	RFX3	c1
0.0799729172025445	-0.255395047713634	0.145	0.158	1	RAD50	c1
0.105042648393389	-0.255380941620121	0.053	0.063	1	DHFR	c1
0.0117038448619642	-0.255332353664444	0.138	0.159	1	ATPAF1	c1
0.220393347955734	-0.255315363359025	0.025	0.03	1	LINC00342	c1
0.00861497356628432	0.255067630123085	0.101	0.084	1	CENPM	c1
0.0399406890790666	-0.255014116096787	0.132	0.149	1	UBE2Q2	c1
0.0278199651199939	0.255004255273913	0.049	0.038	1	C4orf32	c1
0.00148728165494038	0.254899628593801	0.093	0.073	1	RP13-977J11.2	c1
0.249211227761862	-0.25486428182248	0.05	0.056	1	SAP130	c1
0.381996511490053	-0.254812304892725	0.053	0.058	1	BRWD3	c1
0.00120937432291751	0.254804849006237	0.079	0.06	1	AP001055.6	c1
0.531808117996847	0.254620294244731	0.012	0.011	1	KPTN	c1
0.474977940577984	-0.254575359948813	0.037	0.04	1	SPATA5L1	c1
0.839029461278033	-0.25452992208396	0.012	0.012	1	SPINT1	c1
0.000925775358715815	-0.254504309299513	0.356	0.377	1	RBM17	c1
0.000611277633778602	0.254499200994263	0.133	0.107	1	LYRM7	c1
0.774869536625558	-0.254469302175444	0.025	0.026	1	CTD-2506J14.1	c1
0.0246420490289172	-0.254462811578909	0.258	0.273	1	DNAJC4	c1
0.391972221289834	-0.254431612548315	0.07	0.074	1	ZDHHC5	c1
0.0546723130989901	-0.254423944029415	0.099	0.113	1	WBP4	c1
0.160055243162793	0.254245850444349	0.03	0.025	1	CTD-2287O16.5	c1
0.1066023974461	-0.253988392867196	0.058	0.067	1	PLCL2	c1
0.00578009092748415	-0.253892576928862	0.462	0.467	1	IKZF3	c1
0.125411926705992	-0.253846958645035	0.097	0.108	1	PELP1	c1
0.369009987498995	-0.253839562819898	0.043	0.048	1	WDR12	c1
0.235265013837604	-0.253764344002264	0.069	0.076	1	PEX1	c1
0.10040875254595	-0.253744143116388	0.155	0.166	1	KIAA1191	c1
0.0501913125580373	-0.253605529870559	0.191	0.205	1	CCDC25	c1
0.042254528230083	-0.253576087573786	0.137	0.154	1	SFT2D2	c1
0.214993993670225	-0.25353023603981	0.039	0.045	1	MCM9	c1
0.180152023513913	-0.253490946603887	0.083	0.092	1	NUDT16	c1
0.369292664735123	-0.253466635289229	0.056	0.06	1	NUDCD1	c1
0.0642880081347469	0.253321923548413	0.029	0.022	1	EXOC3-AS1	c1
0.158091672398129	-0.25322134132917	0.153	0.162	1	ZNF431	c1
0.290222357952062	-0.253057711813662	0.13	0.136	1	WAC-AS1	c1
0.000131270022821813	0.253033910086308	0.165	0.132	1	NFIC	c1
0.0320560663463884	0.252963869095381	0.024	0.017	1	FAM26F	c1
0.140170839288753	-0.252926392250824	0.085	0.095	1	NISCH	c1
0.0273459892741165	-0.252924155302772	0.144	0.162	1	TCF12	c1
0.165604229783111	-0.252837236141863	0.165	0.173	1	DCAF5	c1
0.0628215565285475	-0.252831554815024	0.077	0.089	1	DCUN1D1	c1
0.000602956269334341	-0.252802571253418	0.189	0.222	1	RAB9A	c1
0.165441406754906	-0.252795060199009	0.135	0.145	1	TMEM263	c1
0.059259007384762	-0.252506450547063	0.108	0.123	1	YIPF6	c1
0.402664075344201	-0.252478128187167	0.033	0.037	1	IFT88	c1
0.462893861410135	-0.252385285620228	0.018	0.021	1	C2orf44	c1
0.0862110824926354	-0.252379277631098	0.206	0.218	1	HDAC7	c1
0.167544048795214	-0.252332437220734	0.079	0.088	1	TBCCD1	c1
0.129488204830845	-0.252293523020078	0.113	0.124	1	REV3L	c1
0.0942716453910722	-0.25227637686331	0.067	0.077	1	SCAI	c1
0.0560054406023596	-0.252101413352762	0.179	0.193	1	KANSL1	c1
0.367502926308686	-0.252040007446002	0.024	0.027	1	MIR762HG	c1
0.00763026064590656	0.251999956760494	0.06	0.046	1	SREBF1	c1
0.0462161373678675	-0.251982928102203	0.182	0.198	1	PRRC2A	c1
0.0817997674379347	-0.251875442078959	0.126	0.139	1	RPRD2	c1
0.947641783566059	-0.251789541934293	0.016	0.016	1	FLJ21408	c1
0.176735061856931	-0.251678282562091	0.044	0.051	1	POLR3F	c1
0.0246957038209052	0.251671099422832	0.051	0.041	1	ZMYM4	c1
0.283507730847658	-0.251652442699679	0.069	0.075	1	NRDE2	c1
0.229954291590778	0.251586430173982	0.032	0.027	1	PEX5	c1
0.353663370323687	-0.251548129673965	0.013	0.016	1	ZNF816-ZNF321P	c1
0.296669187070816	-0.251525876467094	0.047	0.052	1	ZNF66	c1
0.352506711733153	-0.251448862548378	0.064	0.07	1	GPR89A	c1
0.00891124785984347	0.251174569921618	0.045	0.033	1	C1orf132	c1
0.424558441366261	-0.251043081410647	0.028	0.031	1	PACRGL	c1
0.369987052340634	-0.251021024913596	0.031	0.035	1	ACER3	c1
0.0579126966009934	-0.250967865442524	0.225	0.238	1	CFDP1	c1
0.922551730393791	-0.250876030182432	0.015	0.015	1	L3MBTL1	c1
0.0635570238841708	-0.250870592418993	0.182	0.196	1	ARMC10	c1
0.00672552278037041	-0.250794726458531	0.163	0.188	1	DHX29	c1
0.337322078456532	-0.25070021353319	0.091	0.096	1	WDFY2	c1
0.0162582672093949	-0.250580510577598	0.186	0.207	1	EFCAB14	c1
0.230933840648161	-0.250574792326433	0.093	0.101	1	TYW1	c1
0.0142329603022031	-0.25056618905763	0.141	0.161	1	VMA21	c1
0.614995144230268	-0.25041002867433	0.022	0.024	1	AGBL5	c1
0.381410541353277	-0.25022671746647	0.048	0.052	1	ZNF235	c1
0.000643226037310219	-0.250154951923111	0.406	0.428	1	RSF1	c1
0.391956026152529	-0.24999986369679	0.015	0.017	1	LINC00893	c1
0.195719178626235	-0.249910761978813	0.046	0.053	1	DAAM1	c1
0.25861719094952	-0.249762661348754	0.058	0.064	1	NAT6	c1
0.0127322588397864	-0.249685507641265	0.109	0.13	1	SUZ12	c1
0.0116378734867827	-0.249579336455553	0.181	0.203	1	FAM192A	c1
0.311607338873087	-0.249560992039577	0.067	0.073	1	USPL1	c1
0.219682561615309	-0.249526552377596	0.032	0.037	1	GNPNAT1	c1
0.00337340402057125	-0.249521122272874	0.327	0.345	1	KRAS	c1
0.10968684197317	-0.249502230265398	0.074	0.085	1	PEX13	c1
0.135075348010641	-0.249483380965158	0.084	0.094	1	GPR132	c1
0.104031639847812	-0.249412510526181	0.062	0.071	1	DIAPH2	c1
0.0389470975663967	0.249401310476331	0.035	0.027	1	ZBTB11-AS1	c1
0.0132657975118538	-0.249306544306055	0.182	0.204	1	TUBGCP2	c1
0.332420580331238	0.249292823887692	0.013	0.011	1	LRRC16A	c1
0.331841711240952	-0.24905831010099	0.224	0.227	1	ATP2B1	c1
0.0996471348609514	-0.249057498642609	0.105	0.117	1	ZNF593	c1
0.0485159994892655	-0.248953160013715	0.171	0.187	1	GLS	c1
0.140449969712775	-0.24880628365249	0.021	0.026	1	TRBV14	c1
0.277884850064007	-0.24873926736104	0.026	0.03	1	ZNF446	c1
0.0211057894417623	-0.248701684477107	0.189	0.208	1	GNPAT	c1
0.0672671065963903	-0.248677501492758	0.17	0.185	1	UFL1	c1
0.00179050339568079	-0.248644949697948	0.368	0.383	1	HMGN4	c1
0.59105702004875	-0.248547670806361	0.067	0.069	1	THEM6	c1
0.145406345599945	-0.248525606050508	0.076	0.085	1	WDR13	c1
0.86557677505182	0.248474779252077	0.016	0.016	1	CHEK2	c1
0.154788366045259	-0.248431455697094	0.044	0.051	1	EMC1	c1
0.187335218178276	-0.248195583376838	0.054	0.062	1	SLC25A53	c1
0.516020094964034	-0.247867604310435	0.031	0.034	1	TMTC4	c1
0.0139717135909	0.247797946124001	0.045	0.034	1	DUS4L	c1
0.379374505466847	-0.247745783801909	0.051	0.056	1	HEATR6	c1
0.116851746779275	-0.247519907601468	0.146	0.158	1	SLC9A9	c1
0.38615316279597	-0.247494757482308	0.015	0.018	1	ZNF790-AS1	c1
0.0100568828216764	-0.24738228606135	0.227	0.248	1	ESYT1	c1
0.0710111667250624	0.247322916303183	0.052	0.043	1	COX18	c1
0.340295454476444	-0.247307743451316	0.072	0.077	1	LARP4B	c1
0.1058552734106	-0.247156122351898	0.063	0.073	1	ASB6	c1
0.0638793702731105	0.24715072351771	0.019	0.014	1	FITM2	c1
0.119744136287198	-0.247052876359934	0.169	0.18	1	NSUN5	c1
0.00938819252254763	-0.246928685802086	0.384	0.392	1	WNK1	c1
0.0290537941774258	-0.246856433267974	0.176	0.195	1	COPA	c1
0.0737539095922559	-0.246747970652153	0.117	0.13	1	PARN	c1
0.0637343063392763	-0.246694817822311	0.094	0.107	1	TRIM8	c1
0.23662451259421	-0.246666328875155	0.025	0.03	1	RAB40C	c1
0.0214762871546568	0.246604902126923	0.036	0.027	1	RAB27B	c1
0.00266662110724445	-0.246603957565809	0.379	0.393	1	PSMA1	c1
0.198406858427498	-0.246588038358352	0.055	0.062	1	UBL7-AS1	c1
0.00970404605283465	-0.246585790689647	0.166	0.188	1	KLHDC3	c1
0.0751329266842632	-0.246573756424677	0.156	0.17	1	DMTF1	c1
0.0258612016628936	-0.246561618556587	0.157	0.175	1	SBNO1	c1
0.0483937122372753	-0.246481531617205	0.066	0.078	1	NOL10	c1
0.0182476101385595	-0.246467930615403	0.245	0.261	1	TMEM147	c1
0.169557149741005	-0.246373543963448	0.134	0.144	1	C14orf159	c1
0.301217676868754	-0.246248907280704	0.008	0.01	1	RP11-12G12.7	c1
0.542901897217982	-0.246144162645819	0.04	0.043	1	PIGV	c1
0.373497621799222	-0.246096472318133	0.071	0.076	1	NCAPD2	c1
0.289240899421509	-0.24608980995027	0.03	0.034	1	PGM3	c1
3.30331569976089e-05	0.246078948165197	0.139	0.106	1	ENTPD4	c1
0.05530322327902	-0.246066001782357	0.173	0.188	1	SREK1	c1
0.367666647737839	-0.246042381158111	0.008	0.01	1	LEPR	c1
0.087635286017646	-0.246010712264348	0.271	0.277	1	RABGGTB	c1
0.347646161407722	0.245998815549305	0.026	0.023	1	LINC01006	c1
0.0201012517466319	-0.245803640778131	0.241	0.258	1	CCS	c1
0.00244904752360082	-0.245717131199653	0.295	0.32	1	PHIP	c1
7.67427671073816e-05	-0.245676598376512	0.421	0.445	1	GTF2A2	c1
0.0555736982392391	-0.245668103093013	0.186	0.201	1	ATAD1	c1
0.274723341285194	-0.245521887200238	0.219	0.223	1	TRANK1	c1
0.0597514602116627	-0.245508318199688	0.076	0.089	1	NFKBIL1	c1
0.373601749083064	-0.245397611975015	0.053	0.058	1	HSPBAP1	c1
0.0404392586036017	-0.245375883490081	0.08	0.095	1	MAN2C1	c1
0.553485740424922	0.245321870635924	0.013	0.011	1	STAM-AS1	c1
0.000320869651996999	-0.245214812976376	0.268	0.303	1	PRPF6	c1
3.35044369141795e-05	0.245161474463124	0.15	0.116	1	PDK3	c1
0.079565239009925	-0.245160817550765	0.186	0.199	1	ADK	c1
0.0298714816220647	-0.244884166482845	0.066	0.08	1	EAF1	c1
0.228019014582536	0.244876333451855	0.012	0.009	1	KIF27	c1
0.0733241053769167	-0.244761693756389	0.202	0.215	1	CNOT1	c1
0.0101483723560341	-0.244711369197944	0.356	0.363	1	MED10	c1
0.479445274848259	-0.244670385189223	0.024	0.026	1	TAPT1	c1
0.164949865688135	-0.244576454483803	0.085	0.094	1	ORC2	c1
0.532785154800539	-0.244472434831127	0.025	0.027	1	QSER1	c1
0.0269558855618134	-0.244230227497438	0.175	0.193	1	KRIT1	c1
0.0398092402478912	-0.244213050704115	0.232	0.247	1	PFKL	c1
0.000299852207932797	0.24405933479731	0.137	0.108	1	C11orf1	c1
0.0172535505661993	0.24403409026344	0.057	0.045	1	TOP1MT	c1
0.49843360908992	0.243984468549522	0.026	0.024	1	ZNF486	c1
0.303313021602005	-0.243928350849137	0.025	0.03	1	ZSCAN2	c1
0.033799365058412	-0.243783077493403	0.206	0.223	1	PPM1B	c1
0.063045316962911	0.243697397136529	0.01	0.006	1	KLHL32	c1
0.0563132897818607	-0.243696518104803	0.113	0.128	1	ACAT2	c1
0.181301740164633	0.243689218709722	0.025	0.02	1	MAN1B1-AS1	c1
0.806848931263313	-0.243585013854553	0.016	0.017	1	LL22NC03-2H8.5	c1
0.201146673141307	-0.243483203996585	0.038	0.044	1	DIEXF	c1
0.000880419734329318	-0.243357951018559	0.274	0.301	1	ABT1	c1
0.228066750816235	-0.243335324914218	0.044	0.051	1	SNTB1	c1
0.000383702907247981	-0.243273586076578	0.356	0.384	1	IMP3	c1
0.0539852586031284	-0.243247195748781	0.142	0.157	1	RBMX2	c1
0.143328131374823	-0.243221846618431	0.121	0.131	1	FOXJ3	c1
0.000498231711478709	-0.243210007732942	0.393	0.41	1	SDHC	c1
0.0128023049259326	-0.243128106135734	0.053	0.041	1	TRAV12-3	c1
0.00881526399091873	-0.24303418475189	0.228	0.252	1	STOML2	c1
0.306158747830094	-0.242911957891121	0.064	0.069	1	PAXIP1-AS2	c1
0.118816098236823	-0.2428534974216	0.112	0.123	1	RXRB	c1
0.0637837616802596	-0.242769818535732	0.209	0.223	1	TTC17	c1
0.313725927499393	-0.242737402567383	0.01	0.012	1	CEP112	c1
7.40268038792897e-05	-0.242707600340099	0.443	0.461	1	EIF1B	c1
0.907601598108594	-0.242618144414666	0.034	0.034	1	RP4-816N1.6	c1
0.0488871635724566	-0.242564399562612	0.103	0.118	1	ABCF2	c1
0.0745233273062348	-0.242521363241254	0.135	0.148	1	MPHOSPH10	c1
0.0271649627919562	-0.242478221229148	0.165	0.183	1	MAN1A2	c1
0.234813543429696	-0.242403633719054	0.022	0.026	1	F11R	c1
0.000569393464510779	-0.242366138506661	0.387	0.407	1	ENY2	c1
0.0185079126123061	-0.242291259688072	0.333	0.346	1	YTHDC1	c1
0.164377266650423	-0.242196405215774	0.08	0.09	1	OSBPL2	c1
0.0240171880389896	0.242150988742946	0.063	0.05	1	TUBGCP5	c1
0.114382814734882	-0.241913251310707	0.159	0.17	1	NOB1	c1
0.255016663082399	-0.241846595880753	0.046	0.052	1	RP11-452F19.3	c1
0.268024790547421	-0.241615815297289	0.037	0.042	1	ZNF212	c1
0.203586252053311	-0.24159245324706	0.067	0.075	1	RAD17	c1
0.131007717911638	-0.241511345855033	0.084	0.094	1	PECR	c1
0.00504249050712651	0.241453424599327	0.144	0.122	1	HELQ	c1
0.496478343569738	-0.241451884234785	0.012	0.014	1	EME2	c1
0.473469647492749	0.241441485200934	0.028	0.025	1	TMTC2	c1
0.00142713759482409	-0.241362698449081	0.309	0.335	1	STRAP	c1
0.930869857981787	-0.241302835107463	0.011	0.012	1	TRAM2	c1
0.134300363541193	-0.241247850036888	0.075	0.085	1	MUM1	c1
0.0149471657437358	-0.241197247101745	0.198	0.219	1	ERCC1	c1
0.740007444058501	-0.241118008528734	0.029	0.031	1	TRAV36DV7	c1
0.00156639263899448	-0.241110160900819	0.454	0.46	1	SYNRG	c1
0.0328681532350997	-0.241108798206309	0.227	0.243	1	FRYL	c1
0.112541796906217	0.241101365412523	0.024	0.019	1	IRAK1BP1	c1
0.327783525326409	-0.2410963352032	0.137	0.143	1	ABHD3	c1
0.110194684500087	-0.241005897512597	0.099	0.11	1	ZNF143	c1
0.163560519753944	0.240961514537215	0.042	0.036	1	RP1-267D11.6	c1
0.468012411149746	-0.24092105908411	0.085	0.089	1	APC	c1
0.170544615012796	-0.240842390795651	0.044	0.051	1	PPP2R1B	c1
0.392358000170437	-0.240827692790541	0.069	0.073	1	ZNF780A	c1
0.268807773696512	-0.240792850831639	0.045	0.051	1	TMCO4	c1
0.0688979884927688	-0.240786239218731	0.15	0.164	1	GOLT1B	c1
0.164870189991589	-0.240772823748468	0.06	0.068	1	FEM1B	c1
0.0104724444703836	-0.240600336692461	0.168	0.191	1	MRPL40	c1
0.356366540213268	-0.24054803014196	0.045	0.049	1	TANGO6	c1
0.0624392606333881	-0.240533486399147	0.069	0.082	1	WDR59	c1
0.157215180910363	-0.24052610988335	0.091	0.101	1	C7orf26	c1
0.0773145986971655	-0.240512787028021	0.097	0.109	1	NMD3	c1
0.175881491993607	-0.240481117077365	0.096	0.104	1	KRBOX4	c1
0.711964854940535	-0.240461829682554	0.212	0.209	1	PHTF2	c1
0.0986700278085357	-0.24034169276115	0.147	0.159	1	BLOC1S6	c1
0.437752210017058	0.240312844011665	0.013	0.011	1	EFNB1	c1
0.00654322270555347	-0.240200441941184	0.221	0.244	1	RCN2	c1
0.0019636191957136	0.240142280983058	0.111	0.089	1	LHPP	c1
0.184346726577922	-0.240120115632169	0.008	0.011	1	WBSCR27	c1
0.0216746133393684	-0.240090042513795	0.217	0.236	1	NUDT16L1	c1
0.310814528717865	-0.240050461725883	0.11	0.116	1	ZFAND2A	c1
0.0605364727839082	-0.240041910438214	0.29	0.302	1	ATF7IP	c1
0.121040540216706	-0.240003839204709	0.053	0.062	1	SLC35A5	c1
0.155000746955826	0.239969471759917	0.022	0.017	1	NAIF1	c1
0.0980619224691727	-0.239884659691849	0.047	0.056	1	PPCDC	c1
0.0312428594831222	-0.239846930192226	0.218	0.234	1	PPIE	c1
0.274178458687141	-0.239841863560664	0.071	0.077	1	ZNF567	c1
0.114761630530713	-0.23983954115293	0.186	0.198	1	RPS6KA3	c1
0.607854344227651	-0.239735612193495	0.021	0.022	1	TMEM191B	c1
0.00183750664153033	0.239712372226649	0.119	0.096	1	CARD8-AS1	c1
0.219994868566478	-0.239700419645565	0.068	0.075	1	TATDN3	c1
0.0443741251221753	-0.23966486710631	0.122	0.137	1	NUMB	c1
0.30954240585754	-0.23964778133754	0.062	0.068	1	UTP14A	c1
0.46580613784509	-0.23957398609038	0.053	0.057	1	CDK8	c1
0.0003194782503314	-0.239543954594135	0.343	0.371	1	PPCS	c1
0.0011997559602485	-0.239541831371243	0.189	0.221	1	RRAGA	c1
0.00791880442089362	0.239519928198246	0.076	0.06	1	SIMC1	c1
0.00741664849068	0.239511056419173	0.111	0.091	1	RP11-1094M14.11	c1
0.0856547949277523	-0.239448452216916	0.158	0.17	1	ING4	c1
0.0785790282100608	-0.239422856370334	0.063	0.074	1	PAAF1	c1
0.123293127424365	-0.239360137155457	0.082	0.092	1	CECR5	c1
0.085086663832686	-0.23934886078204	0.096	0.108	1	BRAT1	c1
0.207727986079917	-0.239346806648677	0.009	0.013	1	NOMO1	c1
0.0454143920298591	-0.239261592550643	0.11	0.126	1	RNF220	c1
0.114414518081247	-0.239085258437352	0.046	0.054	1	GRPEL2	c1
0.0274042768908693	-0.239006273955835	0.224	0.241	1	LAGE3	c1
0.215551108813197	-0.238881736604871	0.059	0.066	1	SLC25A51	c1
0.00484430048697487	-0.238759434995066	0.447	0.451	1	ARID5A	c1
0.0416063321149091	-0.238697144703666	0.149	0.166	1	DIMT1	c1
0.131575909971734	-0.238610687636854	0.063	0.072	1	RPRD1B	c1
0.475999387574597	-0.238607028784353	0.038	0.042	1	BRI3BP	c1
0.00852896785075827	-0.23854517961731	0.18	0.203	1	LAMTOR3	c1
0.0750168258189917	-0.238377966197019	0.102	0.115	1	EXOSC5	c1
0.540564525077378	-0.238280010398102	0.011	0.013	1	ERMAP	c1
0.200447666050424	0.238123160654498	0.028	0.023	1	TCTE3	c1
0.0235903557074066	-0.238081375782733	0.146	0.165	1	ACTR6	c1
0.218868066202375	-0.23807035485542	0.081	0.089	1	VAT1	c1
0.0558257323713674	-0.238022363166455	0.234	0.247	1	MARCH7	c1
0.433498468276904	-0.237907390523466	0.076	0.08	1	ZNF512	c1
0.240631101607949	-0.237905968733677	0.121	0.129	1	DICER1	c1
0.0161659188753968	-0.237851432585989	0.221	0.242	1	CAND1	c1
0.038281294442348	-0.237724289307493	0.218	0.234	1	PPP4R3B	c1
0.381782771099408	-0.237713970985624	0.06	0.065	1	PTER	c1
0.062369989261573	0.237421123279707	0.056	0.047	1	DUSP5	c1
0.826185259918238	-0.23735845482366	0.02	0.021	1	ZNF23	c1
0.280750763852571	-0.237153702224431	0.042	0.047	1	CD99L2	c1
0.370692679961302	-0.237117998136886	0.082	0.087	1	RGP1	c1
0.000495083462134813	-0.237071126521221	0.231	0.266	1	SURF1	c1
0.505774029433197	-0.236970426479552	0.022	0.024	1	CITED4	c1
0.0489693773335601	-0.236911724314075	0.176	0.192	1	TRIM27	c1
0.14513268264293	-0.236893722155799	0.051	0.059	1	MEN1	c1
0.080061852762158	-0.236750486751447	0.198	0.21	1	UBL3	c1
0.49813599204036	-0.236696091938789	0.037	0.04	1	RENBP	c1
0.15073709418007	-0.236640159157247	0.07	0.079	1	PDK2	c1
0.036333207205913	-0.236611226663647	0.25	0.265	1	COPS5	c1
0.0311216144116714	-0.236463059217951	0.138	0.155	1	NOL8	c1
0.236031020971756	-0.23638240580931	0.017	0.021	1	TAF5L	c1
0.316650369642649	-0.236326403607348	0.069	0.075	1	FAM35A	c1
0.248914546099539	-0.236308355427577	0.021	0.025	1	SORD	c1
0.826395276120968	-0.236306405892424	0.029	0.029	1	CTC-444N24.11	c1
0.37050344707742	-0.236290091659264	0.718	0.614	1	ANXA1	c1
0.00819207365877033	-0.235967597261696	0.27	0.291	1	CCT2	c1
0.154919672932495	-0.235884033463475	0.046	0.053	1	UNC93B1	c1
0.358587618473253	0.235763257486172	0.023	0.02	1	WDR5B	c1
0.23593699815216	-0.23574110958638	0.078	0.086	1	RFK	c1
0.0905315479777404	-0.235698777776601	0.205	0.217	1	INPP4A	c1
0.000361768725932022	0.235504839476351	0.162	0.132	1	SDHAF3	c1
0.298274446928214	0.235464097955243	0.012	0.009	1	HSD11B1L	c1
0.0743495109673445	-0.235171282346651	0.066	0.077	1	EIF2B3	c1
0.321867331258157	0.235062484209231	0.021	0.017	1	NAP1L2	c1
0.167608217848884	0.235027193317475	0.064	0.056	1	NSUN4	c1
0.295680630263185	-0.235012626634585	0.013	0.016	1	SNX16	c1
0.0283339725293408	-0.234933705867288	0.18	0.198	1	OBFC1	c1
0.0900930719722595	-0.234915948478009	0.124	0.137	1	CHD8	c1
0.842299884712887	-0.234715021638266	0.04	0.041	1	DCUN1D4	c1
0.0252917998962609	-0.234714844336263	0.187	0.204	1	GMPR2	c1
0.111857218096622	-0.23468824097331	0.086	0.097	1	ANKRD13C	c1
0.0828441330404887	0.234577632603819	0.019	0.014	1	B3GNT9	c1
0.354673116592148	-0.234575020614158	0.022	0.026	1	EAF2	c1
0.00242788367082456	-0.234571248576302	0.472	0.47	1	HMGN3	c1
0.376121261784719	-0.234568969779153	0.035	0.039	1	PARP2	c1
0.537821599605518	-0.234567408504601	0.028	0.031	1	ZNF316	c1
0.040118893097961	-0.234542933087387	0.083	0.098	1	AP1B1	c1
0.253458428426489	-0.234495306323129	0.012	0.016	1	PPP1R13L	c1
0.0810040958906166	-0.234420549629405	0.191	0.203	1	PUM1	c1
0.0350958132838775	-0.234411764535024	0.123	0.14	1	EMC2	c1
0.286224477576535	-0.234387472150182	0.01	0.013	1	ZNF724P	c1
0.08031980209499	-0.234374015164633	0.166	0.179	1	EHMT1	c1
0.414903838517021	-0.23433180148548	0.012	0.015	1	ZNF440	c1
0.0199261454449293	0.234190063414156	0.038	0.028	1	CSAD	c1
0.00278923735420668	0.23405959505311	0.098	0.078	1	PRIM1	c1
0.35369739086822	-0.234032497376015	0.086	0.092	1	TAMM41	c1
0.181765708957012	0.233922496021219	0.031	0.026	1	RP5-908M14.9	c1
0.0260044789507474	-0.23367053617583	0.146	0.165	1	SMARCA4	c1
0.0163252853109328	-0.233584797049743	0.259	0.278	1	HNRNPD	c1
0.442759326173782	-0.233549937877915	0.009	0.011	1	MEST	c1
0.250177918342006	-0.233549190104127	0.137	0.145	1	ZKSCAN1	c1
0.0248479749206523	-0.233329972025308	0.28	0.294	1	GIMAP6	c1
0.404190558764742	-0.233326722982754	0.049	0.053	1	CEP44	c1
0.0541878723266282	-0.233326036942483	0.198	0.213	1	MRPL21	c1
0.129566023998534	-0.233168621057851	0.044	0.052	1	CROT	c1
0.111998905917602	-0.23316690203272	0.027	0.034	1	ZW10	c1
0.456798575534482	-0.233101707773933	0.039	0.042	1	ZNF701	c1
0.0063769141905411	-0.233012111471732	0.423	0.429	1	PARP1	c1
0.00537750610311496	-0.232920357081037	0.222	0.248	1	CEBPZ	c1
0.644250372348897	-0.232909753858614	0.01	0.011	1	ZNF813	c1
0.145252183816002	-0.232900790299041	0.027	0.033	1	DTD2	c1
0.056933301218584	0.232839210678491	0.047	0.038	1	ZNF677	c1
0.000130693775120352	-0.232545940632256	0.501	0.511	1	DHRS7	c1
0.39721234025034	-0.232544064032846	0.078	0.083	1	ATHL1	c1
0.313533867666707	-0.232450008466589	0.024	0.028	1	RP11-875O11.1	c1
0.245878045920117	0.232416987874717	0.018	0.015	1	RP11-196G18.23	c1
0.623646872933949	-0.23239147647625	0.026	0.028	1	RP11-332H14.2	c1
0.000106556358072322	-0.232297798002991	0.469	0.482	1	TMEM14B	c1
0.0518788927451514	-0.232252579597263	0.285	0.298	1	DDX21	c1
0.316152284565203	0.232218185798791	0.012	0.01	1	CALCB	c1
0.00317608307521875	0.232212227401288	0.126	0.104	1	MAP3K4	c1
0.512113136195615	-0.23220585758735	0.009	0.01	1	ANKRD16	c1
0.419070634405219	-0.232128216983053	0.024	0.027	1	TULP3	c1
0.0197491307646549	-0.231808311910969	0.215	0.234	1	ABTB1	c1
0.178160840201013	-0.231639599489611	0.185	0.193	1	USP1	c1
0.691845158361387	-0.231598649709827	0.115	0.116	1	FAM122B	c1
0.00623083394301913	0.231572558706119	0.098	0.08	1	DPH6	c1
0.255580616878485	-0.231532338948825	0.03	0.035	1	AP4E1	c1
0.18961593599213	-0.231520338196323	0.12	0.129	1	ARHGEF9	c1
0.417871676779252	-0.23149762395767	0.044	0.048	1	CENPH	c1
0.22138011856662	-0.231261027440903	0.047	0.053	1	SMPD2	c1
0.240516905881826	0.231196853521482	0.02	0.016	1	DKFZP434I0714	c1
0.0460666380570673	-0.231086369756746	0.206	0.22	1	FBXL5	c1
0.159627450396598	-0.230996730885699	0.133	0.143	1	RSAD1	c1
0.00115734930307175	-0.230935735073272	0.285	0.315	1	GTF2B	c1
0.00124538956476702	-0.230832949213877	0.431	0.364	1	PIM2	c1
0.136020021862567	-0.230793891035143	0.123	0.134	1	METAP1	c1
0.457641026364043	-0.230681748874851	0.13	0.134	1	RPS6KA5	c1
0.000292891018333291	-0.230570983301309	0.474	0.49	1	RBM25	c1
0.814643819303245	-0.230460728250116	0.016	0.016	1	FRAT1	c1
0.14735697217436	-0.230460203863762	0.052	0.06	1	UBP1	c1
0.155357993894289	-0.230395373933328	0.094	0.104	1	ACSL3	c1
0.0620004490945214	-0.230386469526812	0.064	0.076	1	NR1D2	c1
0.47217843157294	0.230368209983704	0.01	0.008	1	RP11-159D12.2	c1
0.315216741245565	-0.23034529714093	0.055	0.061	1	C1orf27	c1
0.389648757711701	-0.230304112887651	0.011	0.014	1	IQCH-AS1	c1
0.309529880010487	-0.230289069583241	0.053	0.059	1	LRRC40	c1
0.161572470921649	-0.230282604169597	0.049	0.056	1	CARS2	c1
0.0827739277157972	-0.230045696842355	0.04	0.049	1	NUP35	c1
0.191512428160764	-0.230017977146765	0.082	0.09	1	ANKRD54	c1
0.455525303185007	-0.229871835673392	0.064	0.068	1	RELL1	c1
0.0484989028194883	-0.22974379439785	0.235	0.249	1	ATXN2L	c1
0.0688433902206796	-0.229709478898143	0.146	0.161	1	GTF2F2	c1
0.543363937554183	-0.229709286156785	0.035	0.038	1	PSKH1	c1
0.153032046203137	-0.229619388613229	0.097	0.107	1	ELK4	c1
0.427207675086726	-0.229615641515414	0.024	0.027	1	INAFM1	c1
0.0140205898207496	-0.229606410346297	0.29	0.309	1	KMT2A	c1
0.108546981728282	-0.229530875749006	0.124	0.135	1	TAF6	c1
0.816019912299809	-0.229442379772524	0.015	0.015	1	OSBPL11	c1
0.149837413209411	-0.229379190410839	0.021	0.027	1	MSANTD2	c1
0.724800315250423	-0.229238056893542	0.024	0.026	1	MACROD1	c1
0.102889521535298	0.229111782049193	0.072	0.063	1	GRAMD3	c1
0.208706958393387	-0.229091546304854	0.114	0.124	1	SPEN	c1
0.127772943491283	-0.229068436965559	0.123	0.134	1	MAP2K7	c1
0.227672165023509	-0.229050125211312	0.044	0.05	1	C7orf43	c1
0.189973756833048	0.228843452501665	0.054	0.047	1	GRAP	c1
0.0578418706385224	-0.228789881385174	0.189	0.205	1	PSMA3-AS1	c1
0.0668290753608682	-0.22878507444536	0.282	0.291	1	DENR	c1
0.0926842018833775	-0.228756890142706	0.108	0.121	1	DCTN5	c1
0.466252191735187	-0.228732006636612	0.04	0.036	1	TRBV2	c1
0.149501983053014	0.228611200799156	0.034	0.028	1	ZNF169	c1
0.191535196252066	-0.228561089523871	0.152	0.161	1	TBC1D22A	c1
0.205751651841325	-0.228488315579457	0.084	0.092	1	LEMD3	c1
0.0730408405553422	-0.228412096758595	0.111	0.125	1	C11orf49	c1
0.221086696323439	-0.22820359150916	0.047	0.053	1	AHCYL2	c1
0.426305652157637	-0.228192361010201	0.043	0.046	1	CXorf56	c1
0.000189068699360838	-0.228148104426639	0.581	0.575	1	RPL22L1	c1
0.0930535934616882	-0.22811348967505	0.087	0.099	1	ACOT13	c1
0.397288245990885	-0.228083491942929	0.069	0.074	1	GCN1	c1
0.174456286094544	-0.228039889351214	0.046	0.053	1	LRR1	c1
0.450452847950982	-0.22799030938217	0.035	0.038	1	MTHFSD	c1
0.0807088375467747	-0.227774590677186	0.101	0.114	1	TWF1	c1
5.98904842871334e-05	0.227765268046477	0.196	0.158	1	CTD-2336O2.1	c1
0.0901063624764453	-0.227514555315902	0.093	0.106	1	MTA1	c1
0.171030611121868	-0.227454225159541	0.099	0.108	1	IMMP1L	c1
0.0759689180939881	-0.227403957186017	0.189	0.202	1	ACO2	c1
0.396369389212488	-0.227388538506045	0.084	0.089	1	MAST4	c1
0.0106277423763392	0.227351442369188	0.076	0.061	1	GABPB2	c1
0.00292197875016862	-0.227227316352822	0.387	0.399	1	MT1X	c1
0.381965788077082	-0.22722605457776	0.106	0.111	1	TMEM175	c1
0.124803009417082	-0.227172957633372	0.146	0.157	1	KIAA0141	c1
0.0849275390281005	-0.227133284726605	0.149	0.162	1	FAM111A	c1
0.139186800853062	-0.226850883180738	0.186	0.195	1	MRPS10	c1
0.210335236882032	-0.226818962351525	0.117	0.125	1	TCTN3	c1
0.000734278551201751	0.226736652603443	0.136	0.109	1	CSTF2T	c1
0.0230425624247333	-0.226726766209122	0.225	0.244	1	NSMCE3	c1
0.23665428325358	-0.226683109099973	0.01	0.014	1	METTL1	c1
0.03964622482733	-0.22666145916307	0.134	0.151	1	PI4KB	c1
0.00160582918349348	-0.226584767673666	0.407	0.418	1	NONO	c1
0.310597585247003	-0.226529753660459	0.018	0.022	1	KNTC1	c1
0.0949034623298275	0.226366359603304	0.03	0.024	1	RP11-539L10.3	c1
0.0581020493313369	0.226355570067101	0.031	0.024	1	ZNF891	c1
0.131782660876359	-0.22630137719575	0.073	0.083	1	FAM114A2	c1
0.00408289329173238	0.22621861754144	0.08	0.063	1	ZFP62	c1
0.108638242884121	-0.226158860228909	0.093	0.104	1	PEX6	c1
0.0041035210792852	-0.226142040246556	0.43	0.443	1	ELOVL5	c1
0.0928585561224231	0.226133913458504	0.043	0.035	1	RP11-758H9.2	c1
0.718758830918793	-0.226061640409174	0.01	0.011	1	ZNF674	c1
0.000333478844802639	-0.226036969712019	0.466	0.481	1	PRPF38B	c1
0.00704146365202431	0.226016934612256	0.139	0.117	1	CBLL1	c1
0.0698246228060401	-0.22589493111825	0.136	0.151	1	UBAP2L	c1
0.179898652352119	-0.225830403278533	0.037	0.043	1	ERCC2	c1
0.0218740151399536	-0.225664031057826	0.115	0.135	1	DNAJC17	c1
0.00386166837803216	-0.225522682970353	0.384	0.396	1	MRPL43	c1
0.0424111611360604	-0.225496676067542	0.178	0.195	1	MAP2K1	c1
0.178724627556095	-0.225446442233935	0.034	0.04	1	TMCC1	c1
0.0810496283557427	-0.225362492591459	0.257	0.269	1	PHF14	c1
0.00888475185640786	-0.225358541357214	0.27	0.293	1	ATF4	c1
0.173555334943961	-0.225330928951237	0.158	0.167	1	UBR2	c1
0.000319790463228258	-0.225325119829425	0.465	0.476	1	GDI2	c1
0.176162775382376	-0.225242834984707	0.189	0.198	1	SIPA1	c1
0.237273643765353	-0.225220996864537	0.084	0.092	1	ALOX12-AS1	c1
0.282958175486395	-0.225035724282614	0.049	0.055	1	DNAJC27	c1
0.244967603850086	0.22484501317542	0.011	0.008	1	CYP3A5	c1
0.00267080474720706	-0.224668499975083	0.385	0.397	1	EIF2S2	c1
0.0326880526748732	-0.224571132229891	0.209	0.225	1	SNAPC5	c1
0.00402967990832725	0.224371381668256	0.077	0.06	1	PLCD1	c1
0.395454329109748	-0.224190053130819	0.034	0.038	1	IFT74	c1
0.018783667982331	-0.224129841687355	0.344	0.353	1	NUTF2	c1
0.0789366386706351	-0.224079240867591	0.323	0.325	1	OFD1	c1
0.496302495275248	-0.224066072305077	0.117	0.121	1	ELMOD3	c1
0.00063320412844643	-0.223940890584537	0.409	0.43	1	HNRNPR	c1
0.00524706254773937	-0.223798889710997	0.151	0.176	1	SMAD2	c1
0.0166995485448271	0.223769501179671	0.053	0.041	1	KIF9	c1
0.0330442422615598	-0.223753996041372	0.217	0.234	1	CCDC28A	c1
0.0210463443776269	-0.223685733685992	0.259	0.277	1	GORASP2	c1
0.25633426647787	-0.22367349014107	0.1	0.108	1	MPHOSPH9	c1
0.411960389746046	0.223651916329252	0.019	0.017	1	MASTL	c1
0.0791907402272149	-0.223607264768051	0.108	0.122	1	FAM45A	c1
0.109730642256069	-0.223490309092621	0.19	0.201	1	C14orf1	c1
0.19797039381629	-0.223297956019222	0.133	0.142	1	C1orf35	c1
0.00184467768639926	-0.223146129323211	0.277	0.305	1	HDAC1	c1
0.0922482298549226	-0.223068764186214	0.261	0.272	1	CCDC91	c1
0.854257508541244	-0.22271839386082	0.059	0.06	1	RP11-147L13.15	c1
0.353569877165367	-0.222714699064499	0.095	0.101	1	NR2C2	c1
0.0862256303085161	-0.222709417628476	0.267	0.274	1	AIMP1	c1
0.112808648008783	-0.22262398977832	0.064	0.074	1	UMPS	c1
0.0305370943456388	-0.222472033712826	0.222	0.24	1	SETD5	c1
0.149701485930881	-0.222470940586923	0.129	0.14	1	C17orf49	c1
0.407918833262279	0.222369745645099	0.022	0.019	1	SLC16A6	c1
0.0462197424494679	-0.222354762438729	0.164	0.181	1	EXOC7	c1
0.550877121871087	-0.22233035548946	0.032	0.035	1	FAM193B	c1
0.10354932407209	-0.222306304767772	0.135	0.147	1	FAM98C	c1
0.0750115225671496	-0.222218299122882	0.204	0.217	1	RIOK3	c1
0.44451400694205	0.222158120191815	0.013	0.012	1	C17orf100	c1
0.0148594824677249	-0.222075897502246	0.282	0.298	1	YTHDF2	c1
0.154448617496661	-0.222011649482905	0.056	0.064	1	IDNK	c1
0.242624677194739	-0.221919290934267	0.157	0.164	1	WHAMM	c1
0.0387698408405228	-0.221849164844702	0.205	0.221	1	MRPL55	c1
0.543570156313075	-0.221702862010244	0.021	0.023	1	CTC-534A2.2	c1
0.421901442653678	-0.221605316891155	0.039	0.043	1	SLC35F6	c1
0.100820594644307	-0.221511786712134	0.222	0.233	1	BAZ2A	c1
0.173274332499805	0.221484186036753	0.016	0.012	1	RNASE6	c1
0.484300915368759	-0.22143153877603	0.114	0.118	1	SHPRH	c1
0.845243850875679	-0.22134880264289	0.059	0.059	1	ERC1	c1
0.0721663238904817	-0.221297760762742	0.075	0.087	1	NOC4L	c1
0.0717851470099994	-0.221254588648878	0.236	0.247	1	MRPS15	c1
0.138674927032348	0.221180347876162	0.035	0.029	1	ZNF587	c1
0.083846080738866	-0.22098895100975	0.187	0.199	1	ARID1A	c1
0.0772179880006792	0.220828173591029	0.052	0.043	1	HS2ST1	c1
0.245806530995546	-0.220796528234267	0.077	0.085	1	EIF3B	c1
0.389813327495692	-0.220780437277132	0.059	0.064	1	C2CD5	c1
0.837573954138218	-0.22076973813438	0.113	0.113	1	RP11-356I2.4	c1
0.182887031984806	-0.220717713131638	0.086	0.094	1	C12orf29	c1
0.056185805708484	0.220703470668743	0.024	0.018	1	UBAC2-AS1	c1
0.127396587001632	-0.220702787059858	0.09	0.1	1	TEFM	c1
0.439349266440597	-0.220655909110841	0.081	0.085	1	AEN	c1
0.915421350151658	-0.220574098588905	0.028	0.028	1	TRBV6-1	c1
0.547345980027559	-0.220357330504601	0.049	0.051	1	RPUSD2	c1
0.303557319464403	-0.220283606466469	0.086	0.093	1	PHF6	c1
0.221936066178221	-0.2202689763242	0.084	0.092	1	WDR36	c1
0.271355898632856	-0.220196247674047	0.042	0.047	1	SRP14-AS1	c1
0.169455746022591	-0.220186446549619	0.093	0.103	1	FRA10AC1	c1
4.34995038471958e-05	-0.220155288011132	0.55	0.554	1	SEP15	c1
0.288589108497652	-0.220140633470829	0.126	0.133	1	TAOK1	c1
0.20022124021312	-0.220116327080705	0.067	0.075	1	GDAP2	c1
0.0437007450213392	-0.220079951727975	0.178	0.195	1	ARMC8	c1
0.240921203108054	-0.219843202925526	0.09	0.081	1	TRAV9-2	c1
0.000888660724788094	-0.21959951443923	0.472	0.475	1	SIVA1	c1
0.175588769969022	0.219589355734442	0.03	0.025	1	UBE3D	c1
0.000193021244366056	0.219489157991234	0.166	0.134	1	CASP8AP2	c1
0.0356638920621996	-0.219461891861285	0.234	0.251	1	WBSCR22	c1
0.0103781922784928	0.219392071158825	0.137	0.116	1	REV1	c1
0.188157334897804	-0.219210845002077	0.059	0.067	1	HIVEP1	c1
0.082201083637341	-0.219189725835047	0.112	0.126	1	APIP	c1
0.000999385807484359	-0.219180283383095	0.434	0.445	1	VDAC2	c1
0.0347558194448989	0.219109647366336	0.089	0.075	1	DHRS12	c1
0.242245775288176	-0.219085498577548	0.182	0.189	1	SMC5	c1
0.0844181701662677	-0.218908717580476	0.108	0.121	1	PGD	c1
0.378742679957549	-0.218897627712373	0.021	0.024	1	RP11-73E17.2	c1
0.066360825308793	-0.218773343559875	0.216	0.228	1	SNX2	c1
0.126209147983865	-0.218730270863555	0.089	0.099	1	PRRC1	c1
0.00986373871793849	-0.218651035071243	0.269	0.29	1	VPS4B	c1
6.39751008522032e-05	-0.218596969028237	0.429	0.452	1	TOMM5	c1
0.369235568697668	-0.218428386864416	0.03	0.034	1	ZNF771	c1
0.170336600313893	-0.218424253213188	0.116	0.126	1	ZZEF1	c1
0.214628058003956	-0.218368038951502	0.086	0.094	1	HTT	c1
0.0462449436889744	-0.218317180169469	0.162	0.179	1	RFFL	c1
0.0639087689924714	-0.218236781570258	0.266	0.278	1	ZFAND5	c1
0.462323161291816	-0.218214754715271	0.055	0.058	1	LRIG2	c1
0.0969797750967872	-0.217934672506751	0.142	0.155	1	XPNPEP1	c1
0.281174613048764	-0.217934603894304	0.055	0.06	1	SLC16A1-AS1	c1
0.0113484191996629	0.217906214674967	0.056	0.043	1	RAB33B	c1
0.0029305558555021	-0.217790693336981	0.379	0.394	1	PRPF40A	c1
0.00866576666035723	-0.217756353973205	0.288	0.31	1	TOX4	c1
0.251185994948846	-0.217654847013535	0.028	0.033	1	DNAAF5	c1
0.451648914839665	-0.217604258562913	0.064	0.068	1	KMT2B	c1
0.00172174781484911	0.217584859500879	0.112	0.09	1	TMA16	c1
0.0412299387954236	0.21754379306026	0.04	0.031	1	AARS2	c1
0.325331631317269	-0.217468657064116	0.124	0.13	1	TRAPPC2	c1
0.518639641535925	-0.217420053804034	0.019	0.022	1	ZBTB22	c1
0.584674646435059	-0.217397783432895	0.099	0.101	1	CD2AP	c1
0.0954595036501336	-0.217090556516008	0.18	0.193	1	ERCC5	c1
0.00481986708367028	-0.216971902067268	0.341	0.361	1	PTBP1	c1
0.00546160361083175	0.21695176845259	0.106	0.087	1	SNX19	c1
0.000563376896582934	0.216940882993668	0.074	0.055	1	TRBV7-2	c1
0.203361193657749	-0.216926878970221	0.198	0.206	1	POLR2B	c1
0.00930761922013665	-0.216898755806896	0.227	0.251	1	DUSP11	c1
0.483847429917435	-0.216807877564765	0.122	0.125	1	DENND4A	c1
0.265209578415229	-0.216739866266169	0.012	0.016	1	ZIK1	c1
0.214042551595159	-0.216673503985531	0.162	0.169	1	POLE3	c1
0.0364170182802557	-0.216308188075101	0.23	0.246	1	DPM3	c1
0.0492852539854102	-0.216211684409996	0.321	0.331	1	GOLGA4	c1
0.305664531516263	-0.216100894420214	0.074	0.08	1	CWF19L1	c1
0.000840512904557646	0.216098970237498	0.094	0.073	1	RBM43	c1
0.0114862635717747	0.216069434834561	0.075	0.06	1	VMAC	c1
0.300137965910774	-0.215935054726833	0.049	0.054	1	WDR53	c1
0.465402964705382	-0.215514267729056	0.045	0.048	1	ZNF669	c1
0.538118334596702	-0.215461970726725	0.072	0.076	1	RABGAP1	c1
0.715993730734476	-0.215381744893244	0.394	0.372	1	TMEM173	c1
0.215871214335293	0.215381196712273	0.033	0.028	1	URB1	c1
0.279434876135367	-0.215267943524378	0.03	0.035	1	TCEAL1	c1
0.817494866976189	-0.215191825774299	0.031	0.032	1	EFNA4	c1
0.192271034989671	-0.215089186722168	0.124	0.132	1	MBD1	c1
0.326063171487676	-0.215015435310664	0.067	0.073	1	SIN3B	c1
0.173893442666014	-0.214966645007857	0.043	0.05	1	ABCD2	c1
0.0152314492549708	0.214902121890666	0.107	0.09	1	RASSF2	c1
0.477952885751632	-0.214826786038121	0.024	0.026	1	KLHL26	c1
0.258444803496671	-0.214690488311455	0.053	0.06	1	TTC27	c1
0.000756194353170579	-0.214674999978871	0.427	0.441	1	ZNRD1	c1
0.926581249681343	-0.214672534570798	0.033	0.034	1	NFXL1	c1
0.0584783933665865	-0.214667814789699	0.138	0.154	1	ZFP90	c1
0.23259101921118	-0.214649445157792	0.078	0.086	1	ACSS1	c1
0.00407745398330853	0.214551052369446	0.132	0.109	1	TMEM9	c1
0.502074433663573	-0.21449515382252	0.069	0.072	1	ZNF586	c1
0.0300879081150199	-0.214469884427509	0.162	0.18	1	VTA1	c1
0.151309855831189	-0.214445116977488	0.096	0.106	1	SLC35B3	c1
0.0313321447951639	-0.214363645406709	0.246	0.264	1	ALDH9A1	c1
0.221490676632751	-0.214271406176237	0.12	0.128	1	TRMT2A	c1
0.723330325445851	-0.214260645062308	0.09	0.091	1	CTDNEP1	c1
0.0738503598891174	-0.21417105881435	0.159	0.173	1	MRPL49	c1
0.403309274297356	-0.214146350140804	0.122	0.127	1	LTBP4	c1
0.523684825523767	-0.214024923537422	0.05	0.053	1	RALGAPA2	c1
0.0844414983526197	-0.213995728861936	0.236	0.248	1	DCP2	c1
0.370014142473562	0.2139854864693	0.013	0.011	1	NCKAP5L	c1
0.00669696605054356	-0.213845104009455	0.345	0.363	1	PGLS	c1
0.181134837991038	-0.21376115758818	0.035	0.041	1	C10orf88	c1
0.000160709695329472	-0.213413613047393	0.466	0.483	1	GHITM	c1
0.394036705553603	-0.213405078237749	0.09	0.095	1	CTDSPL2	c1
0.00781522409631222	-0.213245660744355	0.276	0.235	1	MX2	c1
0.0146472463092231	-0.213238244547816	0.388	0.395	1	EMC4	c1
0.312687852761587	-0.213150597155694	0.049	0.054	1	FRS2	c1
0.496510863090319	-0.213127080276606	0.018	0.021	1	NKIRAS1	c1
0.000179260588636248	0.213014409792662	0.139	0.109	1	TRDMT1	c1
0.52299956772382	-0.213013042247202	0.034	0.037	1	PIDD1	c1
0.0280049990342464	0.213009913328904	0.037	0.028	1	GS1-124K5.4	c1
0.333181890863593	0.212993471200656	0.012	0.01	1	CAPN10-AS1	c1
0.303542024329189	-0.212983129768057	0.051	0.056	1	RINT1	c1
0.108779119588767	-0.212922945794907	0.081	0.092	1	RAVER1	c1
0.256711022933518	0.212905402929913	0.028	0.024	1	RGPD2	c1
0.269414820540644	-0.212894318921342	0.071	0.078	1	UBE3B	c1
0.0644272738960451	-0.212851383444118	0.076	0.088	1	MBIP	c1
0.123144482542822	0.212650830067199	0.036	0.03	1	ZNF189	c1
0.150471985191011	-0.212594455331258	0.247	0.253	1	UPF3A	c1
0.254913113911826	0.212305927458937	0.016	0.013	1	LRRN3	c1
0.0018907890503478	-0.212288908011387	0.391	0.406	1	OSTC	c1
0.42098784682989	-0.212170097945453	0.052	0.056	1	TIMM44	c1
0.274270241682784	-0.212158591851858	0.181	0.187	1	USP33	c1
0.0088508356599197	-0.212117145193392	0.337	0.353	1	DNAJA2	c1
0.119128770401287	-0.211813268932975	0.078	0.089	1	FBXO8	c1
0.0126011285564983	-0.21180665735214	0.366	0.378	1	ACAP2	c1
0.138280876252941	-0.21173717083593	0.047	0.055	1	DPH2	c1
0.184850199254303	-0.211542198517564	0.165	0.175	1	VPS13A	c1
0.0695454715260154	-0.211467128223678	0.232	0.244	1	UBE2E3	c1
0.16896537939473	-0.211464897772002	0.268	0.276	1	LPIN2	c1
0.121011066421285	-0.211452423697673	0.094	0.105	1	AGL	c1
0.349724728948024	-0.211421352929288	0.043	0.047	1	EHBP1	c1
0.000314271564916952	-0.211420431656458	0.452	0.475	1	VAPA	c1
0.34870805436613	-0.211186410170153	0.075	0.081	1	TOR1AIP2	c1
0.465788140271988	-0.211177515568675	0.033	0.036	1	KCTD6	c1
0.534290202191246	-0.211124785434968	0.026	0.029	1	ZNF525	c1
0.0128471116310855	0.211009539077602	0.086	0.07	1	HIRIP3	c1
0.118582054964479	0.210983745413595	0.033	0.027	1	ZNF783	c1
0.0134169087626908	-0.210931975729125	0.207	0.23	1	PRELID3B	c1
0.77752495164419	-0.210892580933029	0.046	0.047	1	BBS9	c1
0.513648107896236	-0.210887384947506	0.18	0.181	1	TMEM30A	c1
0.00927868774508725	0.210858457252545	0.13	0.109	1	HPS4	c1
0.000189171853775254	0.210774758364608	0.191	0.156	1	NCK2	c1
0.131616615476678	-0.210772046750338	0.021	0.026	1	MS4A6A	c1
0.0937349156216191	-0.210768064418374	0.085	0.097	1	BSCL2	c1
0.34885065062857	-0.210763757660891	0.033	0.037	1	ZNF468	c1
0.00384105880487809	-0.21072054108259	0.466	0.471	1	ATRX	c1
0.0555288629342411	0.210717557039558	0.056	0.046	1	MROH1	c1
0.741443717351802	-0.210704650687181	0.01	0.011	1	MAP3K10	c1
0.124482154665278	0.21067351746754	0.036	0.029	1	ZNF275	c1
0.21768332756207	-0.210470710463909	0.046	0.053	1	TADA1	c1
0.0750442436189698	-0.210430217690788	0.106	0.119	1	CAAP1	c1
0.797822955871194	-0.21040857794793	0.009	0.01	1	RP11-474G23.2	c1
0.359415545927869	-0.210372239295708	0.018	0.021	1	ZNF782	c1
0.0931790996212463	-0.210340403502858	0.085	0.096	1	CEP290	c1
0.613568997061377	-0.210279762224988	0.046	0.049	1	RABL3	c1
0.197487830198842	0.210222197266618	0.023	0.018	1	ZBTB5	c1
0.0519735524886327	-0.210161128949182	0.111	0.126	1	TRMT10B	c1
0.220811720723811	-0.210071668537917	0.165	0.172	1	SPRYD3	c1
0.0961518737493867	-0.210069089628387	0.12	0.134	1	PTPMT1	c1
0.380005575554768	-0.21004211996426	0.09	0.096	1	MRI1	c1
0.0369660770094642	-0.209966769233306	0.19	0.207	1	CLK3	c1
0.199155725024047	-0.209830097768215	0.099	0.108	1	TSC2	c1
0.707606636249053	-0.209757705184181	0.022	0.023	1	BRPF3	c1
0.131423177196684	-0.209716090472874	0.14	0.152	1	TPP2	c1
0.0164344708601846	-0.209710576014119	0.274	0.293	1	RNF126	c1
0.000126643582721689	0.209575556283198	0.191	0.154	1	METTL12	c1
0.0359775916244113	-0.209519197627569	0.197	0.215	1	FYTTD1	c1
0.271999226800099	-0.209488072002184	0.172	0.18	1	KDM6A	c1
0.00511368475631092	-0.209435170498035	0.464	0.465	1	NAP1L4	c1
0.000153188204367854	0.209376146033125	0.205	0.168	1	LINS1	c1
0.123334629689698	-0.209329606764352	0.03	0.037	1	PUS10	c1
0.0598015445338679	-0.209179863924834	0.289	0.296	1	SLC25A39	c1
0.00094100228963501	-0.209100029039382	0.388	0.41	1	WBP2	c1
0.230938885436602	-0.209059223130111	0.052	0.059	1	MSH6	c1
0.0767698164925449	-0.208940849465251	0.164	0.178	1	HGS	c1
0.0198675643231633	-0.208775622811441	0.246	0.265	1	VBP1	c1
0.43011629950619	0.208766618812224	0.01	0.008	1	GRASP	c1
0.00963907318899621	0.208758052133029	0.113	0.094	1	COQ7	c1
0.022008671143396	-0.208727929621385	0.209	0.228	1	DNTTIP2	c1
0.664454502558517	-0.208633496291817	0.022	0.021	1	TRAV38-1	c1
0.199355410361346	0.208565719937468	0.049	0.042	1	CCNY	c1
0.0267951019156805	0.20853754019777	0.028	0.02	1	NBPF20	c1
0.20531928520119	0.208527024510947	0.013	0.01	1	HIPK1-AS1	c1
0.303721425211754	-0.208338547942639	0.133	0.14	1	STK24	c1
0.901628742080921	-0.208261464328512	0.151	0.149	1	CD59	c1
0.000292211144026312	0.208213542892933	0.204	0.17	1	UBQLN2	c1
0.380768257548129	-0.208211065824989	0.009	0.011	1	ZFP41	c1
0.149738086535318	-0.208155511848207	0.187	0.198	1	MICAL1	c1
0.190460550563398	-0.208088269933253	0.111	0.12	1	RMDN1	c1
0.171194659326202	-0.208044044865777	0.141	0.152	1	TMEM87B	c1
0.0355086945360661	-0.208042058657149	0.362	0.369	1	NOP58	c1
0.229291705095666	-0.207955867930438	0.033	0.028	1	TRAV35	c1
0.000465302411309519	-0.207952307624528	0.432	0.446	1	DNAJC8	c1
0.0180393276907994	0.207921380830578	0.077	0.062	1	TMLHE	c1
0.771829711482946	-0.207814441776034	0.065	0.066	1	RFXAP	c1
0.312355093292944	-0.207755589015546	0.105	0.112	1	ATXN2	c1
0.0105089802066983	0.207666065883279	0.077	0.061	1	PPP2R2D	c1
0.053937816527377	-0.207627932364915	0.113	0.128	1	COMMD9	c1
0.000151920415104939	-0.207613605947172	0.546	0.559	1	DEF6	c1
0.342884597536429	-0.207483179290967	0.057	0.062	1	C14orf169	c1
0.413502500979734	0.207447708635574	0.015	0.012	1	RASA4	c1
0.000496358077915763	0.207401662264795	0.112	0.087	1	MXD1	c1
0.423253733350965	-0.207368276918171	0.139	0.143	1	OSTM1	c1
0.44713128310497	-0.207291460695246	0.996	0.962	1	IFITM1	c1
0.213793842918241	-0.207044080670421	0.09	0.098	1	DLGAP4	c1
0.353569277093501	-0.206954175559936	0.032	0.036	1	MTAP	c1
0.764900214006503	0.206906377338683	0.015	0.016	1	TRBV5-5	c1
0.0518873347830544	-0.206891277844347	0.162	0.179	1	POLDIP2	c1
0.200072653567781	-0.206863311394031	0.233	0.241	1	RBM6	c1
0.301448820073722	0.206848950801902	0.012	0.01	1	ZNF154	c1
0.791261689880448	-0.206807086562335	0.124	0.124	1	BTAF1	c1
0.204125191949655	-0.206780478110629	0.111	0.12	1	TM9SF3	c1
0.053677265790333	-0.206650249467127	0.191	0.207	1	RNF113A	c1
0.922960710673882	-0.206649915666737	0.127	0.124	1	ATAD2B	c1
0.00566585795490196	-0.206637377631677	0.417	0.424	1	KDELR1	c1
0.31619756879569	-0.206573983582089	0.088	0.094	1	BOD1	c1
0.104147848834648	-0.206509364109654	0.152	0.164	1	ASNSD1	c1
0.0111904141720766	-0.20644095942564	0.508	0.507	1	HSP90B1	c1
0.608658052983476	-0.206427501044785	0.108	0.11	1	ZNF226	c1
0.559578980512172	-0.206415657966149	0.019	0.021	1	FKBP14	c1
0.00753981776375495	-0.206388290016019	0.303	0.325	1	HNRNPL	c1
0.121034703394446	-0.206326308782678	0.243	0.25	1	STAG2	c1
0.179761501229575	-0.206313120453653	0.238	0.244	1	ZFAND3	c1
0.000263944158211227	-0.206312620323793	0.499	0.511	1	KTN1	c1
0.0358423948096552	-0.206258415646507	0.105	0.121	1	RNF14	c1
0.71555474544222	-0.20620755408589	0.025	0.027	1	DMWD	c1
0.00798063172843272	0.206168605105818	0.068	0.053	1	MINA	c1
0.286426461759951	-0.206167734581517	0.046	0.052	1	RP11-159G9.5	c1
0.426805353437361	-0.206135546677087	0.041	0.045	1	ZNF518A	c1
0.0263251585781276	0.20610313945092	0.103	0.088	1	NOL9	c1
0.366148639685726	0.206006211976284	0.053	0.049	1	MSTO1	c1
0.531592314188585	-0.20584450293144	0.068	0.071	1	SPIN1	c1
0.103245643072659	-0.205814501941729	0.148	0.161	1	RFXANK	c1
0.102675216534392	-0.205812959257409	0.139	0.152	1	RDH14	c1
0.364428331636966	0.205794768121857	0.017	0.015	1	POMK	c1
0.0509738876313832	0.205747927245151	0.03	0.023	1	AGER	c1
0.437710180606957	-0.205701527613871	0.077	0.082	1	POLRMT	c1
0.273361461906057	-0.205639029702394	0.018	0.022	1	ZNF839	c1
0.242399638288744	-0.205615139952596	0.076	0.083	1	GTF2A1	c1
0.220893518699676	-0.205528927593806	0.401	0.391	1	HMGA1	c1
0.00116830954304851	0.205527622234226	0.157	0.129	1	MINK1	c1
0.509808999614197	0.205513385516848	0.015	0.013	1	RGS5.1	c1
0.606693759855529	-0.205513195824028	0.046	0.048	1	WDR3	c1
0.565476643175614	-0.205469849979689	0.036	0.038	1	ERMARD	c1
0.00435971318704644	-0.205404710048984	0.387	0.398	1	ACP1	c1
0.503779076235396	-0.205382065627894	0.026	0.029	1	ZNF816	c1
0.035411391019732	0.205288714460122	0.057	0.046	1	N6AMT1	c1
0.000726299135214698	-0.205206259860457	0.498	0.5	1	LAMP1	c1
0.58401219338364	-0.205118875083105	0.052	0.055	1	ADARB1	c1
0.55675846952301	-0.204878080586595	0.038	0.04	1	DENND1A	c1
0.678382634643263	-0.204750534575389	0.078	0.08	1	FBXL20	c1
0.411987314123524	-0.204688596689379	0.024	0.028	1	AHDC1	c1
0.00085120964531736	-0.204574276433074	0.427	0.441	1	PSMC5	c1
0.106427699182368	-0.204547727384893	0.071	0.082	1	SLF2	c1
0.205744262301752	0.204489929247195	0.046	0.04	1	AP4S1	c1
0.577325914902515	-0.204463225289988	0.065	0.068	1	INTS1	c1
0.889321439784697	-0.204398875845213	0.079	0.079	1	DYRK2	c1
0.0383771671420999	-0.204162798480441	0.351	0.36	1	SNRPA	c1
0.270703526369244	-0.204124129379563	0.085	0.093	1	TXLNG	c1
0.0971115506226119	-0.204090883925594	0.185	0.197	1	RAP1GDS1	c1
0.287396049753791	-0.204055267059722	0.02	0.024	1	MAFK	c1
0.491184969215641	-0.20395207436112	0.035	0.038	1	ZNF746	c1
0.00652021742938073	-0.203949016420805	0.278	0.302	1	PPP6C	c1
0.478252119758727	-0.203850082779728	0.036	0.039	1	RAD54L2	c1
0.0137066553608784	-0.203782138433318	0.289	0.308	1	POLR2C	c1
0.204933300262903	0.203654906059354	0.035	0.03	1	AC253572.1	c1
0.0812108530341885	-0.203623505704642	0.078	0.09	1	CEP250	c1
0.0220972169070899	-0.203599127758974	0.424	0.426	1	ARRB2	c1
0.11870410505424	-0.203488569468957	0.093	0.104	1	YEATS4	c1
0.345868097118482	-0.203447608750424	0.076	0.082	1	RNF170	c1
0.701765690318849	0.20343944982588	0.017	0.016	1	ZNF512B	c1
0.19484352323723	-0.203269045454078	0.215	0.223	1	KDM2A	c1
0.498084702354504	-0.203174116315529	0.029	0.032	1	ATP10A	c1
0.054570240055385	0.203148791183068	0.088	0.076	1	ZNF737	c1
0.000707423073737259	0.202988313608207	0.114	0.089	1	MGAT5	c1
0.047031891197882	-0.20288223627202	0.245	0.26	1	VPS35	c1
0.848386722401842	-0.202880040399458	0.012	0.013	1	NEURL2	c1
0.0356430466639999	-0.20263784277204	0.251	0.266	1	HDDC2	c1
0.0793007537483057	-0.202557325621435	0.298	0.305	1	FLOT2	c1
0.0826500435156862	-0.202484144538461	0.284	0.294	1	MRPL14	c1
0.0658339491773233	-0.202436048802626	0.161	0.176	1	GOSR1	c1
0.143132268052966	-0.202419319945235	0.067	0.077	1	FAHD2A	c1
0.632224187844096	-0.202388099440379	0.018	0.02	1	PDE9A	c1
0.237119438720585	-0.202339650716772	0.203	0.21	1	METTL17	c1
0.00110890385762677	-0.202265115798226	0.383	0.409	1	CNPY3	c1
0.3707899954717	-0.202175126075057	0.044	0.049	1	EXT2	c1
0.151721833402165	-0.202062101995149	0.058	0.066	1	WRB	c1
0.611407178620537	-0.202012648425701	0.086	0.089	1	PI4KA	c1
0.802807352052571	-0.201994850837111	0.038	0.039	1	PICK1	c1
0.00555639654849049	-0.201889177663077	0.404	0.415	1	SNRNP70	c1
0.000243528461421012	-0.201869126801003	0.535	0.536	1	XRCC5	c1
0.10355094126675	0.201712681504722	0.021	0.016	1	SH3BP5-AS1	c1
0.14523315123773	-0.201632432379891	0.101	0.112	1	ABCF3	c1
0.0869447639211153	-0.201503005406267	0.156	0.17	1	ICE1	c1
0.0538423183507533	-0.201461319587722	0.16	0.175	1	CUL4A	c1
0.141463041722461	-0.2013958031067	0.243	0.251	1	SENP6	c1
0.608658776681421	-0.201352967804421	0.027	0.029	1	ZNF646	c1
0.0804448726506233	-0.201348202113045	0.183	0.198	1	ABCF1	c1
0.0810323481928046	-0.201309273665127	0.071	0.083	1	ABCB8	c1
0.24603113202066	0.201283578362399	0.043	0.037	1	SNHG21	c1
0.3021132033394	-0.201250812009437	0.081	0.088	1	NOP16	c1
0.0745771055710915	-0.201232347935521	0.134	0.148	1	DRG2	c1
0.68162863761624	-0.201147795491017	0.089	0.091	1	USP7	c1
0.0154313309738558	-0.201106190832892	0.184	0.207	1	SUPT16H	c1
0.0198043532532177	0.200948785866878	0.086	0.071	1	SCYL3	c1
0.0088509081936574	-0.200811229452375	0.395	0.407	1	METTL9	c1
0.226908965073008	-0.200740943341732	0.091	0.099	1	MED7	c1
0.132273219743317	-0.200406036375412	0.155	0.166	1	GPAA1	c1
0.766704954280098	-0.20025527897336	0.013	0.014	1	RP5-1092A3.4	c1
0.02592930666878	0.200053252348519	0.12	0.104	1	MSRA	c1
8.65464524323815e-05	-0.199961260856571	0.623	0.61	1	RAP1B	c1
0.729439062128997	-0.199881007225758	0.178	0.176	1	STX16	c1
0.0147116481029474	0.199857384366825	0.125	0.107	1	TACO1	c1
0.217766852641509	-0.19974879952037	0.069	0.077	1	GPN2	c1
0.188024522839392	-0.199463079349302	0.064	0.072	1	PHF8	c1
0.182140781668332	-0.199278386568636	0.202	0.21	1	RSRC1	c1
0.0148974742902128	0.199242943603624	0.042	0.031	1	TMOD2	c1
0.300675788874909	-0.199227226183692	0.064	0.07	1	ZHX1	c1
0.0622855123975101	0.199216164448869	0.062	0.052	1	FEM1A	c1
0.0384418682173384	-0.199205860276336	0.292	0.303	1	UFM1	c1
0.0887985473825461	-0.199148603877116	0.098	0.11	1	SMIM4	c1
0.729917582936846	-0.19900931862022	0.045	0.046	1	AMFR	c1
0.138247332758731	-0.198972176901086	0.051	0.059	1	ZNF575	c1
0.319606603091219	-0.198964376350532	0.169	0.175	1	GGA1	c1
0.034477274729148	0.198893494410386	0.06	0.049	1	SLC36A4	c1
0.554759253055057	0.198883588014399	0.014	0.012	1	RP11-110I1.13	c1
0.421836288690062	-0.198844695916153	0.031	0.034	1	ZBTB41	c1
0.0546205029521306	-0.19879231699005	0.217	0.232	1	CPNE3	c1
0.0249885309941736	0.19872157728675	0.053	0.042	1	RP11-418J17.1	c1
0.000826955416284988	-0.198607419267242	0.549	0.549	1	PRKCH	c1
0.237940147192268	-0.198568686035568	0.044	0.05	1	GORASP1	c1
0.928627257871583	-0.198497373006024	0.115	0.114	1	ZMYND8	c1
0.44408108620661	-0.198437605919926	0.132	0.136	1	MARCH5	c1
0.0136345898985751	0.198430630721351	0.135	0.116	1	PCNXL4	c1
0.000699878845341297	0.19832915534004	0.149	0.121	1	TRAK2	c1
0.433550916221945	-0.198242230050862	0.034	0.038	1	ZBTB33	c1
0.858969233330042	-0.198187095431489	0.064	0.063	1	TRAV26-1	c1
0.544396302376204	-0.19815313299713	0.04	0.043	1	POFUT1	c1
0.361029613077948	0.198072987481678	0.016	0.014	1	ATP5EP2	c1
0.266711775802238	-0.198031893696194	0.072	0.079	1	TARBP2	c1
0.317935254367478	-0.198021535683933	0.108	0.116	1	SRSF6	c1
0.00897955306285468	-0.198015418418409	0.383	0.398	1	PNN	c1
0.319653110173054	-0.198007258223754	0.016	0.019	1	DOT1L	c1
0.189837268711086	-0.197913054162756	0.188	0.197	1	MIA3	c1
0.125754604980685	-0.1978294934037	0.146	0.158	1	DALRD3	c1
0.42948655412276	-0.197707030871248	0.297	0.272	1	ERN1	c1
0.439546108071517	-0.19763928459999	0.065	0.069	1	ZC3H7B	c1
0.982625001533476	-0.197499715578887	0.011	0.011	1	NKILA	c1
0.907362989222049	-0.197485593418656	0.051	0.051	1	UBR3	c1
0.0415407879891573	-0.197485089589878	0.216	0.232	1	MRPL9	c1
0.394352518789986	-0.197475867065735	0.009	0.011	1	TNK2-AS1	c1
0.0210187481710549	-0.19742715998942	0.192	0.214	1	AGGF1	c1
0.431639724086781	-0.197347783072479	0.034	0.038	1	NEMP1	c1
0.0113010682054815	0.197254282382876	0.171	0.149	1	MID1IP1	c1
0.398399434584718	-0.197243312293502	0.028	0.032	1	ZNF682	c1
0.00170306183922316	-0.197151350472699	0.45	0.462	1	KPNB1	c1
0.990373426590692	-0.196980245428786	0.025	0.025	1	ZNF589	c1
0.788894998746389	-0.196918959580905	0.016	0.016	1	MCM8	c1
0.760690808746509	-0.196539418791983	0.318	0.309	1	RILPL2	c1
0.0261282085862727	-0.196474767501074	0.262	0.281	1	LMBRD1	c1
0.131896903430524	-0.196430411308222	0.058	0.067	1	HN1L	c1
0.0621585526564072	-0.196408265247124	0.192	0.208	1	ARFGAP2	c1
0.000159031323373558	0.196391642331792	0.272	0.228	1	EBLN3	c1
0.233113592241571	-0.196354620970812	0.178	0.186	1	PDS5A	c1
0.158563156385473	-0.196342439682788	0.135	0.145	1	TBP	c1
0.135699451998214	-0.196276638500671	0.072	0.082	1	STX18	c1
0.543370791137833	-0.196275285780209	0.052	0.055	1	WDSUB1	c1
0.151376669568015	-0.196237218697245	0.059	0.068	1	POMGNT1	c1
0.308973426177313	-0.196171139698232	0.089	0.095	1	DTNB	c1
0.0710209393387565	-0.196107213402138	0.319	0.326	1	SNRNP200	c1
0.283662751829085	-0.196101633598115	0.034	0.039	1	TECPR2	c1
0.000305133361980783	0.19604666990841	0.235	0.198	1	MALSU1	c1
0.125704192231185	-0.196017599011053	0.084	0.095	1	CPSF1	c1
0.155563099949665	-0.195996375327343	0.179	0.189	1	DAZAP1	c1
0.0515013364596182	-0.195936985257459	0.266	0.279	1	KRCC1	c1
0.519433811532697	-0.195915725206753	0.057	0.061	1	SOS1	c1
0.115523760279827	0.195875770630204	0.041	0.034	1	MTX3	c1
0.00480398570844137	0.195828973508412	0.12	0.099	1	TMEM55A	c1
0.251312750096964	-0.195479321141496	0.073	0.08	1	NAA30	c1
0.310764611380636	-0.195474253481369	0.159	0.166	1	IARS2	c1
0.530878175285477	-0.195352296703396	0.066	0.069	1	AASDH	c1
0.0353383530421859	-0.195323843966897	0.279	0.293	1	TXN2	c1
0.102050115962428	0.195237936254608	0.036	0.029	1	MARCH9	c1
0.265449101862937	-0.195197921346759	0.028	0.033	1	FASN	c1
0.0283277805454501	-0.195040121978704	0.172	0.191	1	RAB1A	c1
0.000101612142588394	0.19501026835833	0.117	0.089	1	CCR6	c1
0.0274570929197198	-0.194998053323983	0.2	0.22	1	SREK1IP1	c1
0.185124766503614	-0.194966004590784	0.042	0.048	1	PCCB	c1
0.163164347957939	-0.194836517031624	0.172	0.182	1	PRKAR2A	c1
0.0983190766238529	-0.194817517452621	0.236	0.247	1	MCTS1	c1
0.483545584692874	-0.194723170431498	0.083	0.087	1	NUS1	c1
0.02955369410645	-0.194688856048683	0.272	0.289	1	FGD3	c1
0.328878939325206	-0.19468098306908	0.08	0.086	1	TYSND1	c1
0.702407123331368	-0.194526097228459	0.102	0.104	1	TSC22D2	c1
0.517683855577052	-0.194509714479081	0.241	0.24	1	GOLGA8B	c1
0.000383018688745686	-0.194496177096172	0.65	0.648	1	DDX17	c1
0.567536409676081	-0.194477596621308	0.049	0.052	1	DLAT	c1
0.0329147643511475	0.19445539935625	0.037	0.028	1	AC062017.1	c1
3.97734271516109e-05	0.194451224230378	0.228	0.184	1	RAP2B	c1
0.227593623104001	-0.194208325757767	0.25	0.254	1	POP5	c1
0.127388704734363	0.194206458204503	0.044	0.037	1	SLC26A11	c1
0.192606655009253	-0.194047958982828	0.096	0.105	1	AP5M1	c1
0.00138800097609024	-0.193816846156409	0.51	0.513	1	PYURF	c1
0.581335125546665	-0.193801545100452	0.028	0.03	1	CNNM3	c1
0.22841283763056	-0.193752481282943	0.179	0.187	1	USP22	c1
0.476013973697098	0.193695886716303	0.017	0.015	1	FLCN	c1
0.824632161103788	-0.193561535822604	0.081	0.079	1	ICA1	c1
0.419769095788406	-0.193550945949455	0.066	0.071	1	TRAF6	c1
0.632199491322032	-0.193523867373229	0.044	0.046	1	PAPD5	c1
0.189275569829928	-0.193514868882635	0.111	0.121	1	MAN1B1	c1
0.410412487751038	-0.193508723658787	0.028	0.031	1	CCDC146	c1
0.330988816641338	0.193384051701831	0.025	0.021	1	AP5B1	c1
0.00747500484201087	-0.193364555769295	0.326	0.345	1	TXNL1	c1
0.166077483891921	0.193351635912621	0.024	0.019	1	XYLT1	c1
0.33628801184955	-0.193346772247615	0.036	0.041	1	TNPO2	c1
0.0997621600850078	-0.193290310925135	0.147	0.161	1	PEX11B	c1
0.0913916218916373	-0.193280877113846	0.175	0.188	1	UNC119	c1
0.0156594472843743	-0.193070432071283	0.236	0.257	1	PSMC6	c1
0.264761581412275	-0.193022889554124	0.043	0.048	1	TTI1	c1
0.000142186575817016	0.192982351998488	0.208	0.17	1	U2AF1L4	c1
0.516834650065364	0.192888573249425	0.017	0.015	1	SMIM1	c1
0.636048731634575	-0.19284822146319	0.027	0.025	1	ZNF419	c1
0.213039896391052	-0.19275822629521	0.097	0.105	1	CHERP	c1
0.00426989706211246	-0.19272012365008	0.427	0.437	1	YPEL5	c1
0.0479744688908679	0.192631816842667	0.031	0.024	1	KIFC2	c1
0.00320131834542973	0.192578783914324	0.101	0.081	1	AC241377.2	c1
0.0869647959118913	-0.192476131145466	0.045	0.055	1	FGL2	c1
0.727459051304935	-0.192399987826084	0.109	0.11	1	DCAF6	c1
0.389107965259727	-0.192276799165557	0.036	0.04	1	C3orf58	c1
0.570731952040551	-0.19224972072646	0.076	0.079	1	THOC5	c1
0.700498548681923	-0.192242008950946	0.01	0.011	1	LINC01431	c1
0.284217438138077	-0.192085879516578	0.057	0.063	1	BCDIN3D	c1
0.54152407787679	-0.191790338668778	0.01	0.011	1	RP11-147L13.13	c1
0.206904704514144	-0.191694900119601	0.025	0.031	1	PDCD2L	c1
0.0248995887166541	-0.19157949307846	0.553	0.538	1	AKAP13	c1
0.110814772470263	-0.191500322886047	0.078	0.089	1	TCEA2	c1
0.326644582437827	-0.191485272769138	0.137	0.143	1	WDR6	c1
0.0166801359530122	0.191423357655964	0.042	0.032	1	AC159540.1	c1
0.098270211151357	-0.191299607999177	0.251	0.26	1	BLOC1S4	c1
0.000339988618191143	-0.19126414117027	0.418	0.443	1	RSRC2	c1
0.432372063011203	-0.191148008914313	0.072	0.077	1	BRF1	c1
0.0138875953460885	0.191143428738645	0.135	0.116	1	NIPAL3	c1
0.200669363371686	-0.190922326205911	0.137	0.146	1	RBM38	c1
0.374442649837279	-0.190883963663844	0.11	0.116	1	ANGEL2	c1
0.0228762216901351	-0.190866583504982	0.374	0.388	1	AKAP9	c1
0.0130137575272126	0.190853457039248	0.092	0.075	1	TCEAL3	c1
0.0824489695995227	-0.190809072640122	0.164	0.179	1	CS	c1
0.137108922111088	-0.190786798567063	0.118	0.129	1	PPIL3	c1
0.155930246116521	-0.190774087479959	0.109	0.119	1	YBEY	c1
0.94116487363697	-0.190757210756443	0.021	0.021	1	ALCAM	c1
0.463290714758012	-0.190557338464495	0.036	0.039	1	CACNA2D4	c1
0.571524304461986	-0.190553195645343	0.028	0.03	1	TMEM8A	c1
0.586732131283444	-0.190552356085971	0.036	0.038	1	HNRNPUL2	c1
0.168565963677869	-0.190526925945206	0.108	0.118	1	KANSL2	c1
0.0075533918911667	-0.190441660370276	0.385	0.398	1	WTAP	c1
0.0218540382664653	-0.190419324955952	0.237	0.257	1	BTF3L4	c1
0.0954810284707802	-0.19037802203474	0.13	0.143	1	TFB1M	c1
0.622808079121674	0.190330067542088	0.013	0.012	1	CTB-41I6.1	c1
0.351835278717715	-0.190266838218699	0.02	0.023	1	PAXIP1	c1
0.167222834741466	0.190118907378708	0.019	0.015	1	RP11-758M4.4	c1
0.352118402037375	-0.190087105721436	0.195	0.2	1	QRICH1	c1
0.890988016122582	-0.190028988365429	0.013	0.014	1	ZNF354C	c1
0.914410680117916	-0.189980541957347	0.04	0.04	1	EVA1C	c1
3.49454287545578e-05	0.189872194297914	0.186	0.147	1	RERE	c1
0.000229610886646012	0.189808587375526	0.191	0.156	1	ANKRD13A	c1
0.00107566625249925	-0.189559903660262	0.648	0.627	1	NBEAL1	c1
0.00194577420691799	-0.189356123744691	0.496	0.504	1	FIS1	c1
0.0954166293350948	-0.189339187541327	0.257	0.268	1	ZMYM2	c1
0.0109934442948117	0.189297628327401	0.039	0.029	1	FOXK1	c1
0.0461384804701059	0.189285558602619	0.025	0.019	1	FAM19A2	c1
0.406007773787675	-0.189250761507494	0.11	0.115	1	AQR	c1
0.931981700957354	-0.189185868533511	0.016	0.016	1	SEC31B	c1
0.0260866412098988	-0.1891638910997	0.154	0.174	1	ARAF	c1
0.0251155978861683	-0.189090955544884	0.127	0.146	1	MFSD1	c1
0.482853246732871	-0.188892841621204	0.061	0.065	1	TSR1	c1
0.168361547021177	-0.188832296102538	0.055	0.063	1	BOLA1	c1
0.00661617052204621	0.188764508758082	0.075	0.059	1	STRADB	c1
0.246200854095075	-0.18870180669266	0.172	0.18	1	UROS	c1
0.268944852158997	-0.188612860897565	0.089	0.097	1	UTP3	c1
0.513327487606454	-0.18838893477296	0.057	0.061	1	ZNF134	c1
0.163195281132988	-0.188367467860677	0.209	0.219	1	NUBP2	c1
0.304120358529941	-0.188291313908492	0.108	0.115	1	AKAP10	c1
0.171865998407644	-0.188255105469005	0.114	0.125	1	CCDC82	c1
0.203958516706162	-0.188204549168562	0.154	0.163	1	SLC2A4RG	c1
0.0662586942113813	-0.188152981945239	0.308	0.318	1	RAB6A	c1
0.246633652264636	-0.188120803070646	0.09	0.097	1	PEX3	c1
0.137710124922011	-0.188116599364323	0.175	0.187	1	GNL1	c1
0.0712287724654141	-0.188095798691564	0.06	0.071	1	BRCC3	c1
0.131391874812382	-0.18806259974558	0.336	0.337	1	PRKACB	c1
0.000737107098493952	0.18800867296929	0.213	0.179	1	RUNX1	c1
0.0103647923689963	-0.187841984982651	0.267	0.289	1	UHMK1	c1
0.447470274026538	-0.187811349052564	0.039	0.043	1	DEPDC5	c1
0.0523806083260675	0.18779574546999	0.056	0.046	1	TMEM186	c1
0.874025826697047	-0.187714090814612	0.025	0.025	1	RP4-605O3.4	c1
0.237354380195384	-0.187709122134098	0.009	0.012	1	ZNF225	c1
0.0367266961226325	0.187626548866961	0.049	0.039	1	LTB4R2	c1
0.5331437434387	-0.187537613080295	0.062	0.065	1	ZNF664	c1
0.10172433287168	-0.187453631769328	0.292	0.299	1	NGRN	c1
0.485789057868254	-0.187405820120942	0.085	0.089	1	CYSTM1	c1
0.285205719017677	-0.187369980985308	0.258	0.261	1	TAF9	c1
9.08520407667681e-05	-0.187231353114378	0.64	0.639	1	C19orf60	c1
0.500674191802958	-0.186976381128534	0.077	0.081	1	SURF6	c1
0.660548888824599	-0.186903779506037	0.073	0.075	1	PEMT	c1
0.0200831674176971	0.186885196914613	0.08	0.066	1	LINC00662	c1
0.268822657533736	-0.186884341645993	0.077	0.084	1	ATP5O	c1
0.093682554162575	-0.186842419453383	0.167	0.182	1	RBM23	c1
0.569952094141797	-0.186705779832472	0.08	0.084	1	PIK3CB	c1
0.171524473337325	-0.186666335366058	0.091	0.101	1	TMEM80	c1
0.102259576697227	-0.186606830010644	0.162	0.176	1	RNF34	c1
0.398354507148482	0.186599517006817	0.01	0.008	1	RP1-202O8.3	c1
0.149332786591589	-0.186486163509911	0.234	0.245	1	UPF2	c1
0.0725117762573085	0.186474465569575	0.071	0.06	1	CFL2	c1
0.00601750111521654	0.186470026471059	0.072	0.056	1	NARS2	c1
0.557081973222955	-0.186405823201031	0.038	0.04	1	SLC26A2	c1
0.394901242804677	-0.186311570021581	0.13	0.134	1	RPF1	c1
0.0281756436936121	0.18630722852237	0.127	0.11	1	ATP5S	c1
0.200745404945279	-0.186292544494003	0.067	0.075	1	PPP1R8	c1
0.143865473448993	-0.186264746531713	0.522	0.502	1	PPP1R15A	c1
0.0646515097084627	-0.186038190327884	0.231	0.246	1	DDX50	c1
0.358086767108916	-0.185911226669595	0.064	0.069	1	MAD2L1	c1
0.993477425395776	-0.185910675327452	0.028	0.027	1	ACAD11	c1
0.818388407931735	-0.185857295828875	0.014	0.013	1	SND1-IT1	c1
0.154412330267036	-0.185774651926975	0.214	0.223	1	MRPS26	c1
0.0830204450932762	-0.185739350232612	0.203	0.216	1	RNF13	c1
0.0631935390778306	-0.185722414550118	0.182	0.197	1	DNAJC2	c1
0.480602823242239	-0.185685998607298	0.057	0.06	1	PHYH	c1
0.647314584678425	-0.185673705388734	0.069	0.071	1	IPO8	c1
0.0930832479227455	-0.185570178249781	0.289	0.298	1	CD46	c1
0.197225478976539	0.185545735820745	0.026	0.021	1	CCBL1	c1
0.0667353317930311	-0.185522211829607	0.285	0.295	1	DDT	c1
0.635223330182364	-0.185493051113705	0.012	0.013	1	ZNF473	c1
0.492601664286497	-0.185464355111258	0.062	0.065	1	TIMM21	c1
0.656542460566905	-0.185255344855172	0.02	0.021	1	ZBTB9	c1
0.0314998477592712	0.185248925215521	0.081	0.068	1	TUBGCP6	c1
0.274892413486511	0.18523004932629	0.015	0.012	1	FBXL22	c1
0.0355219523370548	0.185178265931258	0.067	0.055	1	PGPEP1	c1
0.970431857585727	-0.185147789645988	0.073	0.073	1	NCAPD3	c1
0.146000603149288	-0.185005313215009	0.307	0.314	1	MTCH1	c1
0.0230681547614094	-0.184830611560998	0.221	0.243	1	WBP11	c1
0.249896493377116	-0.184788532398697	0.111	0.119	1	POR	c1
0.417500889496724	-0.184770118433221	0.259	0.257	1	DPYD	c1
0.486352237848861	-0.184769784906466	0.044	0.048	1	TRUB1	c1
0.505694400509431	-0.184744567000902	0.078	0.082	1	TMEM260	c1
0.901522265756728	-0.184667444532376	0.016	0.016	1	HIST1H2BF	c1
0.127939497215458	0.184578773835448	0.042	0.035	1	ZNF566	c1
3.49224094723286e-05	0.184482735312516	0.166	0.129	1	MBD5	c1
0.413802983696953	-0.184478199010718	0.079	0.084	1	PNO1	c1
0.0589545195455792	-0.184114166672723	0.284	0.298	1	C7orf50	c1
0.00186561122953443	0.18408443266136	0.192	0.164	1	TATDN1	c1
0.00634033011309797	0.184003628583765	0.057	0.043	1	PLXDC1	c1
0.184651204044748	0.183919818751009	0.018	0.014	1	MEOX1	c1
0.268947580733287	-0.183910752977865	0.091	0.099	1	CES2	c1
0.450814486902565	-0.183888256338455	0.042	0.045	1	ZNF230	c1
0.694050908747571	-0.183885760947262	0.049	0.051	1	TRBV18	c1
0.0600594680753224	-0.183779076562501	0.107	0.122	1	TDP1	c1
0.237147681570593	-0.183691962485828	0.058	0.065	1	CHD1L	c1
0.0118837629482812	0.18367080211262	0.118	0.099	1	MPI	c1
0.131901104687713	-0.183598621481989	0.342	0.348	1	HNRNPH1	c1
9.0481363825049e-05	0.183532242150842	0.26	0.217	1	POLR2J3	c1
0.486025367140405	0.183484568704297	0.016	0.014	1	SETMAR	c1
0.0252257819783546	-0.183369643144802	0.273	0.291	1	HAGH	c1
0.451905261883513	-0.183314495399515	0.026	0.029	1	RP3-402G11.26	c1
0.105046167840812	-0.183092473343406	0.364	0.365	1	CYFIP2	c1
0.132107530906952	-0.182910499792728	0.04	0.048	1	CCDC152	c1
0.0321579541935377	0.182839796281721	0.121	0.105	1	SMIM8	c1
0.252594009917875	-0.18277666067345	0.209	0.215	1	IDH3B	c1
0.384052208315134	-0.182739701269734	0.04	0.044	1	DBR1	c1
0.989532211760745	0.182414743288443	0.011	0.011	1	CBWD7	c1
0.387025066561045	-0.182364443511393	0.093	0.098	1	ANAPC1	c1
0.294234489782213	-0.182233611801399	0.077	0.084	1	C2orf68	c1
0.794988738005829	-0.182190202316867	0.03	0.031	1	VEGFB	c1
0.489616879023573	-0.182115981215778	0.079	0.083	1	PREPL	c1
0.818767345581116	-0.18208401034217	0.076	0.077	1	TMEM168	c1
0.0251843489283921	0.182062488766727	0.06	0.048	1	GDPD5	c1
0.606105175684937	-0.18203529284329	0.074	0.077	1	GGT1	c1
0.321652035606377	-0.181983909453769	0.084	0.091	1	SENP5	c1
0.108654323407283	0.181977621301796	0.064	0.055	1	POMT1	c1
0.116110285546935	-0.181958771470405	0.175	0.188	1	ZFC3H1	c1
0.298775481451649	-0.181882501816084	0.079	0.086	1	EXOSC6	c1
0.763079380184756	-0.18185518723999	0.074	0.075	1	ANKAR	c1
0.291549593641614	-0.181844091087957	0.255	0.257	1	MRPS16	c1
0.918499429247134	-0.181814059587167	0.139	0.137	1	ZNF76	c1
0.30757443275986	-0.181729056500672	0.072	0.079	1	REPIN1	c1
0.625537079899866	-0.181656528292878	0.041	0.043	1	NDST2	c1
0.478073485903463	-0.181646062832792	0.036	0.039	1	DSN1	c1
0.613043805338424	-0.181568480636046	0.109	0.111	1	FNIP1	c1
0.00567768723963304	-0.181538795097485	0.842	0.797	1	SOD1	c1
0.0776265076706651	0.181448767229865	0.044	0.036	1	RHPN1	c1
0.935074416856704	-0.181382276749498	0.051	0.051	1	TIMM23B	c1
0.576065324421138	-0.181318620978813	0.062	0.065	1	SIRT5	c1
0.0550925679000344	-0.181264404268752	0.302	0.312	1	ARL2BP	c1
0.358433137499387	-0.181208425050474	0.031	0.035	1	PDIK1L	c1
0.310392146634345	-0.181094577256895	0.07	0.076	1	MTMR3	c1
0.230642536707285	-0.181055317297527	0.3	0.303	1	NLRC5	c1
0.601497419617049	-0.181011309715553	0.015	0.017	1	SLC27A1	c1
0.00144274429244415	0.18098862490128	0.208	0.178	1	CEBPZOS	c1
0.146823275986506	-0.180967288120342	0.114	0.125	1	TYW3	c1
0.428925196488672	-0.180712670977287	0.041	0.045	1	CLCC1	c1
0.0932891763199715	-0.180660421999239	0.191	0.204	1	PLGRKT	c1
0.960525223052581	-0.180646399323038	0.043	0.042	1	MBNL3	c1
0.000881564628450448	0.180576306895649	0.204	0.172	1	MRPS25	c1
0.987218627440098	-0.180454189973778	0.024	0.024	1	HIST1H3A	c1
0.072794718019468	-0.180348024311016	0.149	0.165	1	GMPS	c1
0.510633701835249	-0.180340755477556	0.124	0.127	1	TNRC6A	c1
0.000393101883873189	-0.180320512592148	0.592	0.58	1	ERH	c1
0.819788546253673	-0.180306840973	0.084	0.084	1	ZBTB4	c1
0.999390068520468	-0.180102135213622	0.033	0.033	1	BCR	c1
0.000922851462978034	-0.180076735800295	0.525	0.534	1	EIF5	c1
0.702285357359139	-0.17997487047893	0.032	0.034	1	TPRG1L	c1
0.000122380042748777	0.179968968055778	0.216	0.176	1	LPAR2	c1
0.85769682697069	-0.179966176657086	0.117	0.116	1	NSUN6	c1
0.315440730003966	-0.179877210074767	0.049	0.054	1	NF2	c1
0.388016815947465	-0.179845600699394	0.134	0.14	1	TPD52L2	c1
0.202263259457752	-0.179835837226286	0.124	0.133	1	SLC30A9	c1
0.137926322410311	0.179820719048239	0.023	0.018	1	RP11-337C18.8	c1
0.288569852572158	-0.17981863808132	0.127	0.135	1	TRIAP1	c1
0.217759925091358	0.17964554857096	0.022	0.018	1	ATP11A	c1
0.384766488610188	-0.179406200087999	0.025	0.029	1	PRICKLE3	c1
3.92290550911388e-05	-0.179365908579661	0.643	0.633	1	SERBP1	c1
0.106689001331266	-0.179362652341252	0.243	0.216	1	GLUL	c1
0.187568687270089	-0.179338153799611	0.134	0.144	1	EI24	c1
0.543527000173251	-0.179281625555581	0.034	0.037	1	EFCAB7	c1
0.524602853667077	-0.17925101845413	0.033	0.036	1	DHX33	c1
0.0247048698739432	-0.179066776428564	0.35	0.363	1	MAF1	c1
0.821802812556889	-0.179063998447729	0.017	0.017	1	ATXN7L2	c1
0.41815252219904	-0.178887605628284	0.043	0.047	1	ZNF71	c1
0.472123965804353	-0.17882717020239	0.084	0.088	1	EDC4	c1
0.161699050565504	0.178781210007868	0.042	0.036	1	AKAP1	c1
0.305542462014973	-0.178778451521859	0.067	0.074	1	QRSL1	c1
0.169604176722472	-0.178777754487481	0.179	0.189	1	MRPS35	c1
0.488084339852985	-0.178689292663551	0.071	0.075	1	DDX55	c1
0.292029801088043	0.178615649477059	0.01	0.008	1	MAP10	c1
0.316405290009845	-0.178573574066517	0.021	0.024	1	CD274	c1
0.139942451554118	-0.178465550575749	0.149	0.16	1	NSMCE4A	c1
0.220132573299687	-0.178366083082303	0.106	0.115	1	CCDC22	c1
0.508975464691914	-0.178243635742146	0.059	0.062	1	RBFA	c1
0.743713197203275	-0.178219491784445	0.166	0.165	1	P4HTM	c1
0.0183911609020272	-0.178127330020308	0.426	0.432	1	TRABD	c1
0.128569082818233	-0.178088776674502	0.196	0.208	1	UBA3	c1
0.0968685236264613	0.178084479539835	0.046	0.039	1	ZNF500	c1
0.71726873887314	-0.178072552719172	0.044	0.045	1	MTRF1	c1
0.499222509323359	-0.177977331692038	0.041	0.044	1	XRRA1	c1
0.507267361999651	0.177908383683546	0.036	0.033	1	AC002310.12	c1
0.518018082474963	-0.17787595319175	0.074	0.078	1	KNOP1	c1
0.236193286104427	-0.17785194734498	0.141	0.15	1	OSBPL9	c1
0.375464631701092	-0.177784130664577	0.113	0.119	1	KIDINS220	c1
0.898930553571304	-0.177711155872128	0.043	0.044	1	UBXN6	c1
0.124291718809225	-0.177658633218736	0.205	0.216	1	COA6	c1
0.0561766337975778	0.177643256912115	0.035	0.027	1	RP11-792A8.4	c1
0.0042201956917718	0.177611640308101	0.179	0.153	1	ATF1	c1
0.746727606737885	-0.177611483249816	0.03	0.031	1	SVIL-AS1	c1
0.000166661721948816	0.177576027538625	0.278	0.234	1	STX17	c1
0.41319040983508	-0.177567754206901	0.064	0.069	1	HYI	c1
0.624215702944658	-0.177441093512592	0.048	0.05	1	ZNF749	c1
0.971115561701288	-0.177400305982012	0.014	0.014	1	ZNF133	c1
0.179862109980938	-0.177247819073471	0.241	0.248	1	CAMTA1	c1
0.353595907301247	-0.177234526214672	0.078	0.083	1	FCF1	c1
0.292880588457363	-0.177210858674759	0.071	0.078	1	POLR3E	c1
0.37038842486661	-0.177200312115364	0.128	0.134	1	TOP2B	c1
0.185164985689691	-0.177118021802974	0.042	0.048	1	PCBD2	c1
0.382775828181418	-0.177065893132526	0.068	0.073	1	COX15	c1
0.157816147311008	-0.177006378426165	0.123	0.134	1	DYNC1LI2	c1
0.617774827046504	-0.176968242789152	0.157	0.158	1	KANSL1-AS1	c1
0.0934883479573057	-0.176956437868815	0.298	0.304	1	RNF10	c1
0.0872045163427084	-0.176885602645556	0.317	0.328	1	IL27RA	c1
0.76965296346584	-0.17681842351532	0.024	0.023	1	ZNF16	c1
0.43720651841991	-0.176813522862308	0.12	0.125	1	MAPK8IP3	c1
0.551505351607297	-0.176790615427199	0.058	0.061	1	GPATCH11	c1
0.0607499527383509	0.176688803202892	0.107	0.094	1	MRRF	c1
0.053890442037471	-0.176576028653126	0.137	0.153	1	SCYL1	c1
0.32659507017594	0.176554754421494	0.013	0.011	1	RP1-43E13.2	c1
0.579287265762078	-0.176500213901109	0.142	0.144	1	ARSA	c1
0.276509633925291	-0.176454898947797	0.053	0.059	1	NAPEPLD	c1
0.466009127392282	-0.176403469070316	0.103	0.107	1	NEK1	c1
0.194047044622106	-0.176338270934786	0.225	0.232	1	PLD3	c1
0.158226989822624	-0.176259151333476	0.31	0.315	1	VPS13C	c1
0.17379165027071	0.176149726259463	0.036	0.03	1	TRMT10A	c1
0.102104232656697	-0.176096891446564	0.207	0.22	1	C6orf89	c1
0.000745957007981552	-0.176096539079542	0.623	0.618	1	MTDH	c1
0.98804872855391	-0.176081786386115	0.021	0.02	1	ZFP1	c1
0.525923808303941	-0.175999312491022	0.026	0.028	1	ATAT1	c1
0.0496329389903131	-0.175949023953418	0.085	0.099	1	POLB	c1
0.390105941349197	-0.175916307702586	0.021	0.024	1	ZNF496	c1
0.57817345259409	-0.175868854669782	0.016	0.017	1	SYNPO2	c1
0.395897777161166	-0.175851659552672	0.077	0.083	1	DDX26B	c1
0.441692333464375	-0.175782750728783	0.03	0.033	1	IFT22	c1
0.191949368782191	0.175763415757294	0.014	0.011	1	RTCA-AS1	c1
0.251208479381195	-0.175738658600134	0.118	0.127	1	IPO7	c1
0.220292457196073	-0.175540313068438	0.037	0.043	1	WDR41	c1
0.590966312339638	-0.175524478391254	0.06	0.063	1	SPIN2B	c1
0.628195326987296	-0.175252938810401	0.092	0.095	1	CEP63	c1
0.0918401255269544	-0.175080571927685	0.314	0.323	1	MMP24-AS1	c1
0.468504971777299	-0.175046519173308	0.098	0.102	1	ZDHHC4	c1
0.880460023861616	-0.174978059574048	0.06	0.061	1	ZNF507	c1
0.283394357704026	-0.174967237917223	0.066	0.072	1	MAPK6	c1
0.000126581226716555	0.174962536155109	0.202	0.164	1	LTA4H	c1
0.40533529657639	-0.174608162398666	0.09	0.095	1	CNOT10	c1
0.764927566115741	0.174488255490157	0.02	0.019	1	PRELID2	c1
0.231702285358845	-0.174416483470704	0.161	0.17	1	HEXB	c1
0.177836858749476	0.174383334645898	0.025	0.02	1	SYNJ2BP	c1
0.294702171966764	-0.174354331207584	0.08	0.087	1	FTSJ2	c1
0.543353145554688	-0.174319645515692	0.131	0.134	1	PPIL2	c1
0.0047091347110346	-0.17431546028589	0.491	0.491	1	NDUFAF3	c1
0.498371935657249	-0.174271573177681	0.12	0.123	1	EEFSEC	c1
0.298072333993774	-0.174199527386289	0.031	0.035	1	IDUA	c1
0.229363291001371	-0.174192202066561	0.04	0.047	1	POT1	c1
0.000165654336666654	0.174137174211972	0.205	0.168	1	UBXN11	c1
0.166002934692807	-0.174132181202837	0.224	0.233	1	ACAA1	c1
0.0542072859124573	0.174026534414608	0.036	0.028	1	DFFB	c1
0.205418099274881	-0.174001804620569	0.15	0.159	1	LINC00847	c1
0.152113456885444	0.173970399695626	0.021	0.016	1	ZRANB3	c1
0.774649076317527	-0.173877584197538	0.034	0.035	1	ZFYVE26	c1
0.257595425833393	-0.173873302797262	0.049	0.055	1	MDM1	c1
0.803979089602903	-0.173792467643532	0.23	0.224	1	PRKCB	c1
0.378811467056929	-0.173760625837337	0.138	0.144	1	CTBP1	c1
0.73344093997901	-0.173688274330533	0.034	0.035	1	SIAH1	c1
0.273523131409146	-0.173678680295268	0.186	0.193	1	PABPN1	c1
0.444956620582496	-0.17364615247126	0.089	0.094	1	TPD52	c1
0.953472771520155	-0.173609352850221	0.137	0.135	1	TTC13	c1
0.758698592134908	-0.173579349278128	0.019	0.02	1	POLR3B	c1
0.110317296793926	-0.173550391906213	0.261	0.271	1	BNIP2	c1
0.429464428596618	-0.173515963632581	0.052	0.057	1	NFS1	c1
0.515161289785707	-0.17348982388128	0.015	0.017	1	IBA57	c1
0.535282511163548	-0.173456843248607	0.067	0.071	1	KDM3A	c1
0.281033595099231	-0.173422809941671	0.151	0.159	1	KDM5C	c1
0.268066721839603	-0.173362002792963	0.214	0.22	1	PCIF1	c1
0.371715652032495	-0.173302806930008	0.107	0.113	1	CHMP6	c1
0.139272572255293	0.173294748411251	0.074	0.065	1	WDR73	c1
0.123956714013109	-0.173258599858001	0.263	0.273	1	JPX	c1
0.230662034004592	-0.173140795157861	0.117	0.104	1	EPHA4	c1
0.251864765618976	-0.173103821998795	0.039	0.045	1	PLAGL2	c1
0.582014830674441	-0.173066971872694	0.104	0.107	1	TNKS	c1
0.000841908467909451	0.173015843652528	0.179	0.148	1	TRNT1	c1
0.144029213309385	-0.173014880218164	0.387	0.386	1	U2SURP	c1
0.226417868032169	-0.172989549582626	0.096	0.104	1	HDHD2	c1
0.0650590521807769	-0.172962928359551	0.157	0.173	1	GRPEL1	c1
0.294314147204773	-0.172931166253603	0.073	0.079	1	DMXL1	c1
0.384083782146032	-0.172819204914977	0.07	0.075	1	COG3	c1
0.371590784100424	-0.172676599803461	0.127	0.133	1	LATS1	c1
0.330516558151055	-0.172648835485507	0.068	0.074	1	P2RX4	c1
0.24291805015683	-0.172637355894982	0.194	0.202	1	PYM1	c1
0.51561501666935	-0.172596777033998	0.029	0.032	1	SLC16A13	c1
0.116650732111303	0.172562703205104	0.059	0.051	1	RPAP1	c1
0.284587652248141	-0.172501654784379	0.202	0.209	1	TTC19	c1
0.744768293876076	-0.172475244499755	0.059	0.061	1	RP11-35G9.3	c1
0.460347369349867	-0.172432180663252	0.055	0.058	1	ZNF211	c1
0.00273723388071613	0.172294132836833	0.124	0.101	1	FXN	c1
0.0385705864799413	-0.172144694681603	0.294	0.308	1	NDUFB5	c1
0.286568555129142	-0.172110977678642	0.157	0.165	1	CHRAC1	c1
0.807976203811616	-0.172091916560771	0.016	0.017	1	LINC00526	c1
0.716430917973739	-0.172028400703157	0.049	0.05	1	TXNL4B	c1
0.646338252031038	-0.172003660080338	0.037	0.034	1	RP11-160E2.6	c1
0.152507163185889	-0.171923148556296	0.334	0.334	1	ARL5A	c1
0.281096471859318	0.171852816834536	0.038	0.034	1	ABL2	c1
0.0830670560696126	-0.171815343542808	0.073	0.085	1	COQ9	c1
0.654604920961213	-0.171416795495547	0.03	0.032	1	ZKSCAN4	c1
0.568964139676583	-0.171374871854939	0.048	0.051	1	ZNF333	c1
0.1736220690884	-0.171165609694544	0.376	0.374	1	SUSD3	c1
0.70979155675234	-0.171120664688192	0.01	0.011	1	RP11-296O14.3	c1
0.576915290691547	-0.171115995302392	0.052	0.055	1	PIK3R4	c1
0.195848597043233	-0.17108566442946	0.131	0.142	1	CBX1	c1
0.0208236443381087	0.171056788580371	0.102	0.086	1	LINC01184	c1
0.529652343460596	-0.170886943286191	0.101	0.104	1	MFSD14C	c1
0.404996573094243	0.170837183417387	0.015	0.012	1	BTBD8	c1
0.687678382335376	-0.170771595498987	0.061	0.058	1	ATG2B	c1
0.00769000024542322	0.17075946901372	0.072	0.056	1	ENTPD6	c1
0.24538187021898	0.170411334190574	0.021	0.017	1	BBS10	c1
0.144421951437969	-0.170380162308349	0.153	0.165	1	PAF1	c1
0.150278080064478	0.17037409594243	0.048	0.041	1	RP11-218M22.1	c1
0.260829087976978	-0.170315347945065	0.108	0.117	1	SAYSD1	c1
0.354999431450468	-0.170298752280495	0.091	0.097	1	ZNF266	c1
0.0529673280708192	-0.170208645581539	0.176	0.193	1	ASB8	c1
0.166815812602345	-0.170137759890579	0.051	0.059	1	LRRC8B	c1
0.82591634955923	-0.170126510237243	0.086	0.086	1	GNS	c1
0.291686881419609	-0.170112390281255	0.307	0.306	1	GRAMD1A	c1
0.145794451140313	-0.170047907594089	0.205	0.215	1	TMEM126B	c1
0.612209571000807	-0.169919720304161	0.09	0.093	1	AIDA	c1
0.369106947513171	-0.169866263755006	0.07	0.075	1	CAMTA2	c1
0.0506897344622326	-0.169834234392622	0.323	0.334	1	MTPN	c1
0.444980692224936	-0.169749753719405	0.144	0.149	1	MFSD11	c1
0.0288394943198237	0.169726231288142	0.073	0.06	1	ZSCAN18	c1
0.0403590518037972	0.169694089337936	0.067	0.056	1	MMAB	c1
0.0760346657857463	0.169524474359805	0.026	0.02	1	FN3K	c1
0.66116946721042	-0.169428474218269	0.043	0.045	1	PBX2	c1
0.451471673977548	-0.169300080932594	0.051	0.055	1	GUF1	c1
0.317590518986545	-0.169255532777169	0.121	0.128	1	ZNF830	c1
0.553999363835378	0.169026999030569	0.016	0.014	1	RP11-379H18.1	c1
0.31864146208025	-0.169024983225681	0.217	0.221	1	STX8	c1
0.0473936555728987	-0.16901240748133	0.257	0.274	1	BNIP3L	c1
0.517351944478029	-0.168926458221805	0.064	0.067	1	SYNE3	c1
0.178012216051923	-0.16892225418519	0.051	0.059	1	PCYOX1L	c1
0.543426248411599	-0.168900075701877	0.03	0.033	1	ZNF865	c1
0.294363932521339	-0.16887682231125	0.044	0.05	1	GPATCH1	c1
0.00492826776166854	-0.168853934216348	0.514	0.517	1	SIGIRR	c1
0.0220589412697279	0.168755956492773	0.107	0.091	1	MMGT1	c1
0.444152862300243	-0.168736800918051	0.078	0.083	1	AMDHD2	c1
0.627045775021734	-0.168721349617218	0.134	0.135	1	ICE2	c1
0.339811768530851	-0.168661843810612	0.127	0.134	1	KIAA1033	c1
0.374967218321682	0.168632644387232	0.018	0.015	1	RP4-591C20.9	c1
0.409740757196128	-0.168525229538921	0.07	0.075	1	FAM50B	c1
0.0180511397522059	0.16852139710241	0.132	0.113	1	TRAP1	c1
0.311413273862019	-0.168451875895905	0.148	0.155	1	ACYP1	c1
0.365127284969068	-0.168389302671452	0.045	0.05	1	C16orf70	c1
0.819223964650919	-0.16829845221308	0.047	0.048	1	TMEM94	c1
0.809387551003471	-0.16829380509752	0.213	0.204	1	PDE7A	c1
0.192637315333647	0.16824103099741	0.017	0.014	1	C1orf54	c1
0.0724637911044376	-0.168232711704616	0.316	0.324	1	FDFT1	c1
0.571474928033417	-0.168217946003743	0.024	0.026	1	C2CD2L	c1
0.402888498969548	-0.168189131228501	0.135	0.139	1	ATF7IP2	c1
0.601462110579746	-0.168175984265407	0.057	0.059	1	TP53	c1
0.241630083902076	-0.168040403847267	0.167	0.176	1	RB1	c1
0.191752076300047	-0.16801754602183	0.074	0.083	1	FH	c1
0.104270253785648	-0.167980502388124	0.106	0.119	1	DNAJC10	c1
0.0503892476927	0.167326246559625	0.07	0.058	1	ALKBH2	c1
0.322498538363138	-0.167295015425161	0.151	0.158	1	FTSJ1	c1
0.466206747555288	-0.167268424563178	0.171	0.174	1	ARMCX3	c1
0.39749372253138	0.167136377790188	0.028	0.025	1	H1F0	c1
0.000124949093536617	-0.167093951585626	0.829	0.799	1	STK17A	c1
0.391432792159627	-0.167063174548554	0.096	0.101	1	SBNO2	c1
0.0405458093084494	-0.167055157782707	0.292	0.308	1	PRKCSH	c1
0.000334527948028015	0.167023476880464	0.255	0.216	1	AP1S2	c1
0.412412587568237	-0.166956085995369	0.141	0.146	1	GPX7	c1
0.700428215171421	0.166918644298863	0.049	0.047	1	ZNF714	c1
0.0792735107951492	0.166878435308747	0.056	0.047	1	HIST4H4	c1
0.515900343663805	-0.166853451484287	0.06	0.063	1	TMEM192	c1
0.698615797930213	-0.166767051957908	0.058	0.06	1	RCOR1	c1
0.1611219365497	-0.166635204301071	0.017	0.022	1	RP11-756G20.1	c1
0.38758464217587	-0.166384855726557	0.025	0.022	1	PLEKHA8	c1
0.862208288416742	-0.16630269212795	0.011	0.011	1	LRRIQ3	c1
0.301962063105914	-0.166288426953241	0.009	0.012	1	RP11-440D17.3	c1
0.307965039679753	0.166230235038002	0.034	0.03	1	SEPSECS-AS1	c1
0.224815961244597	-0.166228617170594	0.14	0.15	1	IARS	c1
0.0706027681332323	0.166220161355569	0.044	0.036	1	SFXN2	c1
0.237617711303352	0.166203069206873	0.021	0.017	1	NFYC-AS1	c1
0.00199394174329348	0.166120945112364	0.178	0.15	1	GNL3	c1
0.10500560458372	-0.166054782411846	0.073	0.084	1	PPIL1	c1
0.00022112619566558	0.165986886855229	0.219	0.18	1	INTS10	c1
0.388377585919813	-0.165944254970211	0.136	0.142	1	SIN3A	c1
0.0807515284950343	-0.165913794134972	0.168	0.182	1	HARS	c1
0.431615115002664	-0.165815999559285	0.072	0.077	1	RBM19	c1
0.800304538579792	-0.165670149557552	0.038	0.036	1	ZBTB37	c1
0.172841552482954	0.165612161418978	0.046	0.04	1	ZNF287	c1
0.124055726652097	-0.165574505850773	0.228	0.241	1	CNOT8	c1
0.623712060428966	-0.165461485182073	0.052	0.054	1	TMEM184C	c1
0.00141385391360379	0.165400130994017	0.176	0.147	1	PITPNA-AS1	c1
0.943639916240389	-0.1653327710217	0.017	0.017	1	AK1	c1
0.506621048538867	-0.165290989840718	0.019	0.021	1	EXO5	c1
0.0194644439212451	0.165263256200286	0.153	0.134	1	RARS	c1
0.151873319952159	-0.165246518524088	0.038	0.046	1	NUDT7	c1
0.359956879034373	0.16522210041867	0.045	0.041	1	UTP15	c1
0.117262318513486	-0.165153067636954	0.387	0.385	1	CCT3	c1
0.361387850620613	-0.165111584663921	0.127	0.133	1	NDUFS1	c1
0.565903517921258	-0.165103904353302	0.296	0.29	1	ODC1	c1
0.0757302469202093	0.165049303307213	0.018	0.013	1	RP11-111M22.2	c1
0.410544452718476	-0.164993096246468	0.148	0.152	1	PAGR1	c1
0.312063125836393	-0.164969689108652	0.064	0.07	1	HIPK3	c1
0.0285744899793334	0.164941695248029	0.051	0.04	1	NOL4L	c1
0.811353368324042	-0.164853151025735	0.044	0.045	1	LINC00680	c1
0.581273407540477	0.164806360123151	0.022	0.02	1	EXD2	c1
0.413176026287189	-0.164620429726405	0.062	0.067	1	SNIP1	c1
0.390773342874248	-0.164543653631074	0.325	0.323	1	NIPBL	c1
0.452009802943492	-0.164164196748233	0.084	0.088	1	DEXI	c1
0.486418460817625	-0.164089481758295	0.127	0.131	1	SUCO	c1
0.197218438234029	-0.163996010083909	0.106	0.116	1	RRM1	c1
0.58545288916322	-0.163936813455411	0.051	0.053	1	POLR3H	c1
0.381905578186523	-0.163917353987868	0.125	0.131	1	MRPL44	c1
0.489013025107147	-0.163913746010237	0.222	0.223	1	ZNF430	c1
0.270955394922374	-0.163905781706336	0.114	0.122	1	MTO1	c1
0.997233061743075	-0.16386066998275	0.025	0.025	1	MBTD1	c1
0.275566893476917	-0.163754970395772	0.123	0.131	1	ADPRHL2	c1
0.236246683052188	-0.163699440698793	0.07	0.078	1	DUSP28	c1
9.30492817972933e-05	0.163632971276596	0.182	0.146	1	JADE1	c1
0.734692691704342	-0.163586785366695	0.095	0.096	1	GPANK1	c1
0.0197989590639721	0.163584285749808	0.099	0.083	1	BACH1	c1
0.00881888414115068	0.163575196812033	0.122	0.102	1	CCDC71	c1
0.00796090044190554	-0.163568535541217	0.577	0.569	1	GTF3A	c1
0.283531772048912	-0.16352087455108	0.056	0.062	1	ZNF200	c1
0.982472303209306	-0.163451077643201	0.066	0.066	1	THTPA	c1
0.00418842929123239	-0.16342646605289	0.456	0.468	1	TMEM230	c1
0.151099417094517	-0.163336432432894	0.255	0.265	1	AHSA1	c1
0.254193034313341	-0.16333228885497	0.314	0.312	1	CDC26	c1
0.118930380650248	-0.163248630168702	0.059	0.069	1	C7orf60	c1
0.562501003382277	-0.163206140926214	0.093	0.097	1	ASTE1	c1
0.114022683686638	-0.162959001653193	0.333	0.338	1	PDCD2	c1
0.306707202533284	-0.162781881690421	0.2	0.205	1	IMP4	c1
0.505228025762334	-0.162571049935554	0.013	0.015	1	CAPS	c1
0.807942870653894	-0.162189422117904	0.042	0.043	1	HRSP12	c1
0.297341120022187	-0.162174016096222	0.079	0.086	1	AIFM1	c1
0.667544093244077	-0.162150492071841	0.01	0.011	1	TEPP	c1
0.164117457776851	-0.16203526714551	0.013	0.018	1	NAT1	c1
0.590725105110175	-0.162027094087315	0.051	0.053	1	LYL1	c1
0.0175512578855491	0.161984372117986	0.201	0.178	1	CHMP1B	c1
0.0741205450815892	-0.161981550917934	0.394	0.399	1	TOMM22	c1
0.432678932217979	-0.161773234455454	0.042	0.046	1	PLA2G6	c1
0.274495692374091	0.161759636640833	0.02	0.017	1	ZFYVE9	c1
0.109997486371921	0.161666886668212	0.022	0.017	1	CTD-2017D11.1	c1
0.201672927363747	-0.161509335598667	0.213	0.223	1	NFATC2IP	c1
0.298810096663298	-0.161433708289215	0.018	0.021	1	ZNF765	c1
0.0152492336579522	0.161410672413858	0.041	0.031	1	HIST1H4F	c1
0.838935740900709	-0.161338112393937	0.106	0.103	1	RP11-455F5.5	c1
0.437710571260254	-0.161333084906774	0.067	0.072	1	TMEM68	c1
0.00230141717956158	0.161303875463863	0.202	0.171	1	UBE2E1	c1
0.661242559657183	-0.161292026545374	0.058	0.06	1	FAM228B	c1
0.423814970050737	-0.161231512184402	0.169	0.173	1	MTF2	c1
0.0003470619411855	-0.16117144501913	0.756	0.737	1	MYH9	c1
0.391668979848821	-0.161060392993047	0.152	0.157	1	SIGMAR1	c1
0.582441779904779	-0.161029308582253	0.091	0.094	1	TRERF1	c1
0.588109940932662	-0.160841773171719	0.14	0.142	1	ARIH1	c1
0.619629369148264	-0.160739592059562	0.118	0.12	1	MCPH1	c1
0.791229385995101	-0.160696208980885	0.165	0.164	1	KIAA1109	c1
0.000764484000487335	-0.160641685039366	0.512	0.517	1	CYCS	c1
0.204467653753636	-0.160599694836945	0.036	0.042	1	YTHDF1	c1
0.997300975257108	-0.160593168912828	0.028	0.028	1	MTMR1	c1
0.249735300843939	0.160510123537503	0.011	0.009	1	RP11-442N24--B.1	c1
0.992531970159344	-0.16047566029438	0.091	0.09	1	FBXW7	c1
0.508939182238676	-0.16034137795217	0.086	0.09	1	NAT9	c1
0.195039823011505	-0.160328805015901	0.303	0.308	1	NEMF	c1
0.25030459007098	-0.160296425038989	0.237	0.243	1	NGDN	c1
0.647782429043551	-0.160132039676244	0.111	0.113	1	RNF168	c1
0.434258832687183	-0.160024525030515	0.078	0.083	1	MED24	c1
0.505629474927048	-0.160019910004807	0.017	0.019	1	ZNF155	c1
0.388092791762216	0.159983401316349	0.024	0.021	1	BRMS1L	c1
0.0104535405971116	0.159880190060466	0.114	0.095	1	TASP1	c1
0.92667476779391	-0.159810230132302	0.292	0.279	1	PITPNC1	c1
0.392909847580968	-0.159766404130099	0.153	0.159	1	CCDC137	c1
0.69614919777611	-0.159561374879033	0.07	0.072	1	KANSL3	c1
0.288107433048805	0.159444508602419	0.033	0.029	1	AMMECR1L	c1
0.038869021318858	0.159348402450961	0.103	0.088	1	TPK1	c1
0.210044879674795	-0.159286667663799	0.239	0.246	1	GNPTG	c1
0.576423001847246	-0.1592167380032	0.168	0.17	1	ABHD13	c1
0.056531494633156	0.159012850903793	0.062	0.051	1	SCPEP1	c1
0.90815236193124	-0.159009173879196	0.025	0.026	1	ZSWIM3	c1
0.000777160038355078	-0.158993339534394	0.718	0.705	1	DDX24	c1
0.208494984087195	0.158922452787875	0.044	0.038	1	TRIT1	c1
0.0241677680627033	-0.158909556303401	0.35	0.362	1	ATP6AP2	c1
0.252909057791121	-0.158903073927429	0.141	0.149	1	MRPL32	c1
0.000491818379671974	0.158873704455073	0.106	0.081	1	ZNF652	c1
0.93813740869742	-0.158738334372539	0.066	0.065	1	MTFMT	c1
0.736316701270382	-0.158716582886257	0.07	0.071	1	SARM1	c1
0.58777404750013	-0.158708382385736	0.025	0.027	1	CTC-343N3.1	c1
0.00486339833481957	0.158618574765921	0.174	0.148	1	ELP2	c1
0.401585128335304	-0.158602997523586	0.054	0.059	1	PIGQ	c1
0.0524309861359743	0.158583961114474	0.059	0.049	1	ZNF780B	c1
0.183332099825202	-0.158577035533884	0.143	0.154	1	ABCE1	c1
0.362335076207291	-0.158466536928624	0.114	0.121	1	PUS7L	c1
0.609414868711143	-0.158421166837174	0.065	0.067	1	TMEM99	c1
0.370119394485901	-0.158373703217855	0.18	0.186	1	DLGAP1-AS1	c1
0.552000311985133	-0.158282872430558	0.055	0.058	1	AGPAT3	c1
0.383220752116611	-0.158242759802665	0.036	0.04	1	GTF2E1	c1
0.372017176309969	-0.158208950979118	0.228	0.232	1	PRKCQ	c1
0.433482501577394	-0.158161092456619	0.11	0.115	1	EPS15L1	c1
0.195929931980323	-0.157971389405326	0.298	0.302	1	CNOT2	c1
0.673290065857086	-0.157854953130457	0.062	0.064	1	ZNF529	c1
0.237245406109812	-0.157797665489089	0.294	0.297	1	ZNHIT3	c1
0.210345649263659	0.157756451332151	0.026	0.022	1	SLC19A2	c1
0.452885579284099	0.15774313832047	0.017	0.015	1	RP11-850A17.1	c1
0.61395388920752	-0.157742545002357	0.046	0.048	1	IGHMBP2	c1
0.802327011563736	-0.157602480083401	0.146	0.146	1	VTI1A	c1
0.761621160324389	-0.157570497303483	0.038	0.036	1	SPEF2	c1
0.273833576172492	0.15753695273767	0.049	0.043	1	SDHAF4	c1
0.235615233590875	-0.157532030781522	0.266	0.272	1	ZNF800	c1
0.470523002757934	0.157438946998498	0.015	0.013	1	GPR174	c1
0.528316850489385	-0.157285286297172	0.138	0.142	1	STAT5B	c1
0.252006240129721	-0.157207504180347	0.157	0.166	1	ZNF622	c1
0.532959524058594	-0.157051615467046	0.145	0.148	1	BET1	c1
5.7305621864664e-05	0.157024491420982	0.317	0.267	1	NMRK1	c1
0.240140141098747	0.156953883081126	0.044	0.038	1	NFYA	c1
0.437202308432599	0.156943363221104	0.078	0.074	1	MAGEF1	c1
0.763150809964486	-0.156888128299337	0.011	0.012	1	PCOLCE	c1
0.904284250500826	-0.156862004300851	0.052	0.051	1	ZSCAN32	c1
0.563487832445776	-0.156745255903043	0.089	0.092	1	ALDH16A1	c1
0.814522411922874	-0.156718516527077	0.055	0.055	1	ARHGAP12	c1
0.356217865637745	0.156687105633935	0.01	0.008	1	GATS	c1
0.247767380014356	0.156665964696198	0.018	0.015	1	ADCK1	c1
0.037473832990813	0.156532111976053	0.112	0.096	1	ELMO2	c1
0.717294718043434	-0.156481038077727	0.057	0.059	1	CARKD	c1
0.434841003525717	-0.156455693486064	0.043	0.047	1	CLPTM1L	c1
0.00174443592778002	0.156428350924196	0.118	0.094	1	XPO6	c1
0.47514511340071	-0.156400371487228	0.11	0.115	1	TRIM28	c1
0.462132167828209	-0.156391161839514	0.008	0.01	1	FIZ1	c1
0.591805767562748	-0.156314969363684	0.088	0.091	1	ZC3H14	c1
0.6584115022218	0.156303813198331	0.02	0.019	1	RP11-670E13.6	c1
0.341525135260559	-0.156290955056424	0.078	0.084	1	C2orf49	c1
0.391893401021777	-0.156214221038812	0.14	0.146	1	MRPS2	c1
0.664071515714089	-0.156114001677354	0.044	0.046	1	CPEB4	c1
0.418363806329852	-0.156023383876751	0.118	0.124	1	TOMM70A	c1
0.666406830760586	-0.155983531675994	0.082	0.084	1	SLC33A1	c1
0.960646215683443	-0.155864024838977	0.11	0.109	1	BCL9L	c1
0.607010246829988	-0.155841076000502	0.125	0.127	1	LMBR1L	c1
0.00031521743779881	0.155744267226428	0.18	0.146	1	TNRC6C	c1
3.90220151098353e-05	0.155709927328175	0.209	0.168	1	CCDC66	c1
0.916673233033832	-0.155694661897047	0.045	0.044	1	SMCR8	c1
0.00621269574294208	0.155671873382984	0.121	0.1	1	MMS19	c1
0.569318616821934	-0.15560798390971	0.077	0.08	1	ATG2A	c1
0.748225738191711	-0.155309629399988	0.055	0.056	1	BICD2	c1
0.74163903692799	-0.155145748874167	0.083	0.08	1	PCED1A	c1
0.112887463045238	-0.15513930580022	0.198	0.211	1	PSMB5	c1
0.531470433076214	-0.155113248688623	0.012	0.014	1	C3orf62	c1
0.579244684810665	-0.155100641757312	0.05	0.053	1	FAM73B	c1
0.169712687868929	-0.155027685291041	0.05	0.058	1	CPT2	c1
0.495665713873053	-0.15491786343122	0.154	0.158	1	KRI1	c1
0.620072575401059	-0.154793952873541	0.103	0.106	1	PRKAG2	c1
9.70039492483101e-05	0.154720998726094	0.383	0.328	1	SDCBP	c1
0.534380285138318	-0.154637763073322	0.04	0.043	1	RP11-400F19.6	c1
0.443109001159158	-0.154586769027718	0.224	0.227	1	ARHGEF6	c1
0.549207963358764	-0.15454517607228	0.2	0.201	1	SNRK	c1
0.648549616069539	-0.154522459383756	0.047	0.05	1	OSBP	c1
0.603232655194811	0.154513304734893	0.032	0.03	1	WDR4	c1
0.222086724332691	-0.154322827185302	0.202	0.211	1	NPEPPS	c1
0.408288169194367	-0.154298707309683	0.147	0.152	1	SEC63	c1
0.457152956436935	-0.154289597675621	0.08	0.084	1	RBBP5	c1
0.489820537634916	0.154284287054731	0.018	0.016	1	C21orf33	c1
0.915229505394601	-0.154201152596977	0.157	0.155	1	ERAP1	c1
0.98671619226382	-0.154157904565801	0.03	0.03	1	CTD-2371O3.3	c1
0.721646981591267	-0.153844064749638	0.072	0.074	1	WDR7	c1
0.577210110418662	-0.153747203819912	0.039	0.041	1	SKP2	c1
0.000241026149410961	0.153664643115345	0.135	0.105	1	TMEM71	c1
0.166583170767981	0.15365015936853	0.036	0.03	1	ZNF439	c1
0.169989218635972	0.153583102034365	0.103	0.093	1	GPR18	c1
0.649422801358977	-0.153535630193451	0.085	0.087	1	EXOC6	c1
0.464816603379805	-0.153450602901891	0.016	0.018	1	PER2	c1
0.225120454651702	-0.153435482694202	0.222	0.231	1	SUPT5H	c1
0.0249355038259411	0.153381403705707	0.059	0.047	1	TTC21B	c1
0.0970493245327363	-0.153344905667986	0.331	0.339	1	G3BP1	c1
0.0774928932911312	0.153306605071296	0.052	0.043	1	PAN2	c1
0.0073230105094	0.153195162284977	0.075	0.059	1	NPRL3	c1
0.403242114206048	-0.153073276229785	0.03	0.034	1	PXN-AS1	c1
0.719776301704316	-0.153046846764475	0.019	0.021	1	MAMSTR	c1
0.133365295124147	-0.152924360463663	0.215	0.227	1	COPS2	c1
0.710450378111969	-0.152855749181545	0.055	0.056	1	BCKDHB	c1
0.345990934960266	-0.152841165249128	0.11	0.116	1	TBRG4	c1
0.414333490782486	-0.152812256795129	0.112	0.117	1	FAM217B	c1
0.650387103892298	-0.152807900741396	0.04	0.042	1	ZNF605	c1
0.419819551301018	-0.152735444573045	0.113	0.119	1	GFM1	c1
0.999598227968451	-0.152637546408644	0.095	0.094	1	AP2A2	c1
0.571478536385981	0.152636148677184	0.017	0.015	1	SRR	c1
0.796557731405145	-0.152631233345424	0.012	0.013	1	KB-173C10.1	c1
0.304243168290198	-0.152628824984617	0.301	0.301	1	SNRPA1	c1
0.626511607448188	-0.152513573535924	0.06	0.063	1	CXorf40A	c1
0.310157622077288	-0.152512993751882	0.202	0.209	1	CTBS	c1
0.364687268298671	-0.152450775622757	0.143	0.149	1	ANKRD17	c1
0.657513697826643	-0.15239652125289	0.014	0.015	1	STPG1	c1
0.367367878324481	-0.152363479638224	0.069	0.074	1	HSCB	c1
0.119439818114708	-0.15222601990226	0.482	0.47	1	BIN1	c1
0.000155993962760805	0.152199755566799	0.306	0.259	1	CRBN	c1
0.500320823962099	-0.152192393628706	0.043	0.046	1	SLC7A1	c1
0.000425806567711695	0.152069372116365	0.168	0.136	1	RIC1	c1
0.197271614447997	0.151970436246079	0.062	0.055	1	GMEB2	c1
0.607995832757551	-0.15189476154168	0.013	0.015	1	TSIX	c1
0.366342456540306	-0.151729444484537	0.224	0.228	1	COMMD2	c1
0.102892163176128	0.151672304944621	0.123	0.11	1	SLC39A10	c1
0.0633724500437368	0.151583488108925	0.058	0.049	1	IZUMO4	c1
0.000209867907737132	0.151581353164388	0.297	0.25	1	PIGC	c1
0.0208333252356655	0.151542751091381	0.133	0.114	1	EDEM1	c1
0.348980377074903	-0.15152747907637	0.117	0.124	1	BANP	c1
0.733712043608038	-0.151443281568338	0.088	0.089	1	GPALPP1	c1
0.288784891269209	-0.151424534807965	0.148	0.155	1	PRPSAP2	c1
0.267216359523267	-0.151393344710363	0.036	0.042	1	MMAA	c1
0.283232093048081	-0.151392053210128	0.266	0.269	1	SUCLG1	c1
0.143133786715503	-0.151388042842877	0.47	0.462	1	M6PR	c1
0.668539794293529	-0.151299800529803	0.077	0.079	1	ZNF362	c1
0.30094135822816	-0.151261574092563	0.126	0.134	1	TSEN34	c1
0.265145441260712	-0.151181130731161	0.057	0.064	1	NVL	c1
0.805471507024507	-0.151106617696976	0.022	0.023	1	TTLL3	c1
0.232800226199015	0.151073175266127	0.013	0.011	1	ZNF546	c1
0.923564973719117	-0.150956207617705	0.056	0.055	1	FBXL17	c1
0.348618937414995	-0.15092707169407	0.067	0.073	1	TGIF2	c1
0.692946387306356	-0.150851964593786	0.02	0.021	1	PHLPP2	c1
0.502213949384194	-0.150799521600766	0.124	0.128	1	KIAA0319L	c1
0.264325016142348	-0.150789991829483	0.089	0.097	1	INO80	c1
0.0761428607042014	-0.150527861838454	0.128	0.143	1	PRKRA	c1
0.0710665514157904	0.150501721719147	0.07	0.059	1	PDK1	c1
0.00291713141976344	-0.15050165949194	0.708	0.7	1	STK17B	c1
0.000226003229341344	-0.150473313569149	0.718	0.712	1	HIGD2A	c1
0.283605570991183	-0.150454637095888	0.111	0.119	1	CDKN2AIPNL	c1
0.573881307859953	-0.150333726087736	0.048	0.051	1	N6AMT2	c1
0.615672459333242	0.15029949172026	0.012	0.011	1	RP5-882C2.2	c1
0.759647695665303	-0.150286697654659	0.118	0.119	1	CRELD1	c1
0.301415941247069	-0.150285491956385	0.127	0.135	1	PYROXD1	c1
0.450949958158605	-0.150198749114389	0.068	0.073	1	DHRS4L2	c1
0.472008500950831	-0.14991979828677	0.101	0.105	1	BMS1	c1
0.000239748168696236	0.149736198363905	0.266	0.224	1	MDM4	c1
0.488620991331011	-0.149734137707709	0.035	0.038	1	DHX35	c1
0.000354822424041334	0.149681015686719	0.232	0.193	1	ZCCHC7	c1
0.00633585844562572	-0.149497441185878	0.789	0.741	1	CNN2	c1
0.847361481419	-0.14949414669266	0.026	0.027	1	TIPARP-AS1	c1
0.359748729966406	-0.149445859569891	0.076	0.081	1	B4GALT7	c1
0.688614835751219	-0.149433662282488	0.078	0.08	1	ANO9	c1
0.718240487919759	-0.149426592183703	0.064	0.066	1	SENP2	c1
0.358434427753755	-0.149354791415773	0.057	0.062	1	VPS50	c1
0.16850367914085	-0.149267322513673	0.206	0.217	1	ACTR1B	c1
0.699482681131707	-0.149244431164835	0.56	0.522	1	HMGB2	c1
0.454104939876826	-0.149060460883113	0.081	0.085	1	MUTYH	c1
0.17272855286337	-0.149017327025115	0.258	0.266	1	ISCA2	c1
0.000268988557309945	0.148993732299681	0.359	0.309	1	MFNG	c1
0.128873412943969	0.148962510489196	0.086	0.076	1	METTL18	c1
0.0846746624087787	0.148955219713829	0.039	0.032	1	ENGASE	c1
0.621135803293104	-0.148927647682467	0.09	0.092	1	ORAOV1	c1
0.462935520185579	-0.148852890667694	0.149	0.153	1	SLC7A6OS	c1
0.972648764939925	-0.148836750453218	0.085	0.085	1	DNAJC24	c1
0.540259313134622	-0.148823072500578	0.039	0.036	1	GLTSCR1	c1
0.775122423510903	-0.148790937086024	0.018	0.019	1	RP11-152N13.5	c1
0.058663168200989	0.148779600017149	0.086	0.073	1	C12orf43	c1
0.49108405600248	-0.148714823320173	0.046	0.05	1	DDX20	c1
0.677042498551754	0.14857838936776	0.011	0.01	1	XXbac-BPG294E21.9	c1
0.618886631366816	-0.148475195519036	0.048	0.051	1	NUFIP1	c1
0.137746192024869	-0.148424546382957	0.318	0.324	1	CWC15	c1
0.13620402759971	-0.148419158723398	0.283	0.292	1	HSF1	c1
0.113383000687286	0.148358930495695	0.127	0.115	1	CIAPIN1	c1
0.902757743436364	-0.148254887228678	0.176	0.174	1	IKBKE	c1
0.240995127316387	-0.148220859880629	0.783	0.692	1	SPOCK2	c1
0.36678264409677	-0.14818745641974	0.161	0.167	1	LZIC	c1
0.557564231575477	-0.148149030633419	0.106	0.109	1	SMG5	c1
0.524263920081175	0.148018608841153	0.02	0.018	1	LENG9	c1
0.46648237395071	-0.148018035395376	0.151	0.155	1	ZC3H8	c1
0.701419956079423	-0.147970341115915	0.103	0.105	1	SMYD3	c1
0.309095702615329	-0.147961329372797	0.291	0.294	1	STARD3	c1
0.186058918840196	0.14793359425938	0.029	0.024	1	MYO1D	c1
0.741368521557239	-0.147853383088254	0.145	0.146	1	EP400	c1
0.0418743014763023	-0.147789324619838	0.497	0.498	1	BIN2	c1
0.690004504341526	-0.147729719210978	0.087	0.089	1	ATG9A	c1
0.412272312321649	-0.147722855233631	0.045	0.05	1	GORAB	c1
0.232646436564223	-0.147705642849429	0.178	0.187	1	TMEM256-PLSCR3	c1
0.38502319179778	-0.14760058727276	0.069	0.074	1	FAM104B	c1
0.890576306270758	-0.147565613090143	0.117	0.114	1	CCR4	c1
0.567976450253762	-0.147546829755215	0.077	0.08	1	KBTBD3	c1
0.490742588416306	-0.147510359374504	0.042	0.045	1	SLC11A2	c1
0.325580176952415	-0.147479624802823	0.155	0.162	1	TOMM40	c1
0.0438370422030117	-0.147476166355168	0.547	0.54	1	SEC62	c1
0.622199173684276	-0.147386727521679	0.045	0.047	1	FUCA1	c1
0.937710655330269	-0.14736825337157	0.028	0.028	1	PKD2	c1
0.129951931744866	-0.14734970442134	0.216	0.23	1	ETNK1	c1
0.782213642532874	-0.147314928272829	0.03	0.031	1	MYEF2	c1
0.920051123617365	-0.147155085878237	0.029	0.029	1	SLCO3A1	c1
0.37029998078405	-0.147089504912839	0.125	0.131	1	PGS1	c1
0.461628813390083	-0.147072751888115	0.032	0.036	1	SLC25A14	c1
0.221577273664017	-0.146969949391327	0.056	0.063	1	RAB2B	c1
0.451941423846812	0.146933839866413	0.016	0.014	1	FBXL18	c1
0.454149265175719	-0.146927138775887	0.351	0.326	1	NUCB2	c1
0.479735278631598	-0.146913713724946	0.152	0.157	1	LINC00969	c1
0.437937325294217	-0.146894094400095	0.056	0.06	1	ZNF260	c1
0.434048005360689	-0.146845760987674	0.247	0.249	1	KMT2C	c1
0.600733114218799	0.146511174853769	0.029	0.027	1	TRMT5	c1
0.614845250886492	-0.14644114329682	0.109	0.112	1	ZNF708	c1
0.286440528957284	0.146398523186793	0.035	0.031	1	TRAV2	c1
0.155551200102311	-0.146385032300117	0.365	0.367	1	ARHGEF3	c1
0.608058536363257	-0.146333432419985	0.025	0.027	1	INCENP	c1
0.921482857354333	-0.14627733181262	0.058	0.057	1	WDR60	c1
0.413153641842724	-0.145978066488391	0.176	0.181	1	CLK4	c1
0.900214911712184	-0.145830520186162	0.045	0.045	1	RP11-297D21.4	c1
0.822636733172817	-0.145742231502068	0.094	0.091	1	DGKE	c1
0.517088083185169	-0.145492112741852	0.104	0.108	1	NUDT3	c1
0.377726247381417	-0.145200343281097	0.462	0.443	1	CLK1	c1
0.636560226677544	-0.145147141746061	0.212	0.212	1	DIDO1	c1
0.998254301176685	-0.145078593461042	0.212	0.203	1	LINC00869	c1
0.448688102007211	-0.145003843141108	0.055	0.059	1	KIAA1328	c1
0.0232143286487807	0.144932736628661	0.057	0.045	1	TRAV8-3	c1
0.00631332116390439	-0.144898902798709	0.467	0.477	1	SYF2	c1
0.286707078079196	-0.144888246003168	0.125	0.134	1	RFWD2	c1
0.140900019302568	-0.144854530421816	0.586	0.57	1	PPP2R5C	c1
0.0155769638838204	0.144784874730978	0.108	0.091	1	MLXIP	c1
0.810063803907371	0.144745510977214	0.011	0.01	1	ZNF630	c1
0.692644909564133	-0.144701027081712	0.329	0.318	1	IQGAP2	c1
0.162571716456569	-0.1446513782296	0.504	0.493	1	ARGLU1	c1
0.866831373660724	-0.144642498149084	0.035	0.036	1	INTS2	c1
0.0772852944730263	-0.144555765557502	0.097	0.085	1	TRAV13-1	c1
0.890356942498157	-0.144503760152795	0.014	0.014	1	RP11-326K13.4	c1
0.837635570401016	-0.144400169961128	0.321	0.305	1	AC006129.2	c1
0.554052165801625	-0.144247160941362	0.234	0.233	1	PCGF5	c1
0.398936695128657	-0.144163814587543	0.175	0.18	1	HTATSF1	c1
0.191680049134032	-0.144095055379225	0.483	0.47	1	WHSC1L1	c1
0.91692348027803	-0.143989119300197	0.059	0.058	1	PJA1	c1
0.580133991110163	-0.143899545628569	0.042	0.044	1	ZNF526	c1
0.684363273885654	-0.143796317595284	0.06	0.057	1	TBC1D19	c1
0.455855367374155	-0.143756514478235	0.06	0.064	1	C5orf63	c1
0.195071628324346	-0.143741817652171	0.26	0.268	1	NCK1	c1
0.942620094648829	-0.143723628533198	0.058	0.059	1	SGPP2	c1
0.695356751493379	-0.143674709917676	0.028	0.03	1	AP006621.5	c1
0.00668962173137694	-0.143580903117726	0.704	0.679	1	NCL	c1
0.00602038814190955	0.143199680866019	0.151	0.128	1	EPM2AIP1	c1
0.000912194090664564	0.143050041092843	0.34	0.296	1	ESD	c1
0.115409146349098	-0.142970804557094	0.332	0.341	1	ANAPC5	c1
0.0169040900282436	0.142903682010361	0.112	0.095	1	LTBP3	c1
0.788646281162072	-0.142892371647406	0.106	0.107	1	NXF1	c1
0.726499675678277	-0.142878436261168	0.108	0.11	1	G2E3	c1
0.314028691221771	0.142709174285883	0.029	0.025	1	ANKRD40	c1
0.82004307676068	0.14256194711981	0.01	0.009	1	RP11-126K1.6	c1
0.699043805658321	-0.14245196102745	0.07	0.072	1	SPAG16	c1
0.257541423317059	-0.142436502021328	0.071	0.078	1	DGCR14	c1
0.612225501405306	-0.142397931810477	0.026	0.028	1	RTN4IP1	c1
0.935380681662264	-0.142288431355837	0.066	0.066	1	ZNF718	c1
0.82630186999704	-0.14217458813031	0.043	0.044	1	PDE6B	c1
0.74029210864001	-0.142062230100662	0.099	0.1	1	ELMSAN1	c1
0.350678450373633	-0.141961792768871	0.025	0.021	1	RP11-89K10.1	c1
0.0128282985142307	-0.141892741377253	0.441	0.451	1	EIF3I	c1
0.0877357824308777	-0.141773595889132	0.329	0.34	1	XRN2	c1
0.664702666878046	-0.141731161676863	0.053	0.056	1	KDM1A	c1
0.464525747119934	-0.141725686099478	0.12	0.125	1	GPATCH2L	c1
0.86891698434422	-0.141647985462631	0.203	0.199	1	NCOA7	c1
0.977992378431006	-0.141622446155248	0.045	0.044	1	RFNG	c1
0.356818803253112	0.141597093201526	0.022	0.019	1	GAREM2	c1
0.704280139305981	-0.141556651754921	0.085	0.081	1	MICA	c1
0.40760517106116	0.141509152636718	0.017	0.015	1	FNIP2	c1
0.562758468159944	-0.141390403594719	0.044	0.046	1	SOS2	c1
0.000283568910227989	0.141202701682104	0.409	0.359	1	GABPB1	c1
0.679319933967235	-0.141200048560641	0.058	0.06	1	MTMR4	c1
0.430941905337333	-0.141166171468482	0.07	0.075	1	PGAP3	c1
0.297868131823827	-0.140971699843959	0.042	0.048	1	POLA2	c1
0.469011318776407	-0.140938038641566	0.148	0.153	1	DLD	c1
0.241812278583439	-0.140900954485676	0.35	0.349	1	RPA2	c1
0.552988798749505	-0.140765479945469	0.124	0.128	1	DCTN4	c1
0.456207196255127	-0.140513361622173	0.094	0.1	1	VPS41	c1
0.12770936226821	-0.140506030706678	0.216	0.228	1	CHTF8	c1
0.276451253518393	-0.140466801893816	0.36	0.358	1	MFF	c1
5.13219325334208e-05	0.140441370828651	0.567	0.5	1	RBMX	c1
0.588225501480161	-0.139984414093788	0.096	0.099	1	ZBTB44	c1
0.275316015655546	-0.13996840206086	0.2	0.208	1	NDUFS4	c1
0.00390117702135208	0.139959226079854	0.153	0.128	1	VPS13D	c1
0.432605134319968	-0.13988647922358	0.079	0.084	1	NDUFAF7	c1
0.43506986314555	-0.139833196629615	0.063	0.067	1	PDDC1	c1
0.362988855772988	-0.139823637100153	0.131	0.137	1	C1orf50	c1
0.188975023882522	-0.139797663606493	0.185	0.195	1	FAM120AOS	c1
0.275078759165318	-0.139756450281072	0.133	0.142	1	SEC23A	c1
0.188056599608634	-0.139673400017225	0.312	0.318	1	PSMB4	c1
0.0033122000381617	-0.139607329026523	0.486	0.5	1	RWDD1	c1
0.403692741858585	-0.139517042660002	0.14	0.146	1	SDCCAG8	c1
0.689259045374794	-0.139496413532483	0.14	0.142	1	OSER1	c1
0.999278467148552	-0.13948694478706	0.219	0.213	1	CDC25B	c1
0.286318331762385	-0.139455470814072	0.247	0.251	1	NSD1	c1
0.897463200946975	-0.139368038895717	0.011	0.011	1	RP11-2B6.2	c1
0.726212237410156	-0.139323505545457	0.012	0.013	1	PYROXD2	c1
0.276687023521242	-0.139192325907194	0.372	0.375	1	FNBP4	c1
0.812770655491981	-0.139096957773145	0.089	0.09	1	RRP15	c1
0.592031693190502	-0.138878480831107	0.185	0.186	1	UVRAG	c1
0.0634696437947692	0.138834941532981	0.065	0.054	1	RYK	c1
0.0475972023285271	-0.138676762654513	0.499	0.496	1	UFC1	c1
0.134317288202855	0.138673490369126	0.103	0.092	1	TBC1D15	c1
0.701360836984064	0.138631863629635	0.023	0.022	1	PRDM15	c1
0.756713029971796	-0.138436043526777	0.015	0.016	1	TRBV7-4	c1
0.272094180915858	-0.138403160836215	0.236	0.242	1	RNF125	c1
0.938987752426503	-0.138385401619739	0.05	0.05	1	PIP4K2B	c1
0.374276535350703	-0.138335987402779	0.244	0.249	1	TMEM261	c1
0.734873713932802	0.138312511952548	0.021	0.019	1	LACE1	c1
0.521704534489902	-0.138286381811326	0.014	0.016	1	TRBV15	c1
0.91619971270194	-0.138262675678073	0.128	0.127	1	NOP14	c1
0.870387493907641	-0.138173590421666	0.124	0.124	1	COASY	c1
0.456615381608832	-0.13808135560353	0.03	0.033	1	LZTFL1	c1
0.000144781382525032	0.138038497537251	0.265	0.221	1	FOXN2	c1
0.439882613023297	-0.137923288263275	0.037	0.04	1	MECR	c1
0.197655950567754	0.13791739712137	0.023	0.019	1	EPB41L5	c1
0.238334116637736	0.137912232594051	0.037	0.032	1	AC007383.3	c1
0.170431044814471	-0.137819385260671	0.38	0.381	1	FAAP20	c1
0.140159648087017	-0.137706588182726	0.092	0.103	1	CSTF1	c1
0.491468912243281	-0.137629330925496	0.143	0.147	1	FBXL15	c1
0.0168607499671283	0.137605681208985	0.123	0.105	1	ST8SIA1	c1
0.609845460339412	-0.137594977685086	0.132	0.135	1	CHID1	c1
0.585103827461127	-0.137533572626638	0.032	0.034	1	FAM184A	c1
0.252367316524152	-0.13752931826062	0.137	0.146	1	QARS	c1
0.66595845293168	-0.137272163579237	0.017	0.018	1	TSNARE1	c1
0.972413706888084	-0.13719112533841	0.126	0.124	1	APTX	c1
0.00743889119870957	0.137163980171975	0.153	0.13	1	MLLT10	c1
0.68286924838733	-0.137115127957721	0.045	0.047	1	ZNF550	c1
0.872721451583796	-0.137075139042943	0.111	0.111	1	NMT2	c1
0.758171203392046	-0.136953541918883	0.054	0.055	1	PROSER3	c1
0.754798596114166	-0.136858345551416	0.08	0.081	1	GCFC2	c1
0.761187666374487	-0.136806217149824	0.012	0.012	1	HIST2H3D	c1
0.194607276752649	-0.136748509226922	0.147	0.158	1	PLRG1	c1
0.250775373106885	-0.136691348984389	0.055	0.061	1	WARS2	c1
0.481508018547754	-0.136513042283982	0.173	0.178	1	ARL8B	c1
0.145949054960521	-0.136490704714685	0.191	0.203	1	ARL14EP	c1
0.790111185347213	-0.136479747275471	0.155	0.155	1	NSMAF	c1
0.13960243563889	-0.136453477607765	0.068	0.078	1	PGGT1B	c1
0.741838148367134	-0.136414102364842	0.343	0.32	1	LY9	c1
0.799511952563051	-0.136309571252709	0.042	0.043	1	GATSL3	c1
0.429465163289419	-0.136164428939395	0.015	0.018	1	DHRS11	c1
0.983538943131064	0.136138059404362	0.013	0.014	1	RPP25	c1
0.552079438072774	0.136136627098917	0.022	0.02	1	FBXL16	c1
0.00182333831235064	-0.13607307634376	0.757	0.72	1	CIB1	c1
0.913316176353127	0.136057579567207	0.012	0.012	1	RP11-495P10.1	c1
0.572967658276046	-0.13604623560311	0.126	0.129	1	MBD6	c1
0.106194566627762	0.13590346104068	0.072	0.062	1	SLC25A16	c1
0.979892507739187	-0.135773883459972	0.049	0.049	1	SLC35E2	c1
0.27585302619646	-0.135709091596871	0.351	0.35	1	USP16	c1
0.433753740750825	-0.135695536968733	0.028	0.031	1	CCDC71L	c1
0.00056334182408157	0.135626686027465	0.357	0.31	1	BCL11B	c1
0.886812845763262	-0.135565027928343	0.012	0.012	1	TRIM61	c1
0.00980068366204871	-0.135481924231633	0.04	0.029	1	TRAV38-2DV8	c1
0.516814689442738	-0.135399301323981	0.033	0.036	1	C11orf68	c1
0.645806559340338	-0.135399104594947	0.011	0.013	1	ATP6V0A1	c1
0.55723288231894	-0.135369249143583	0.114	0.118	1	MAP3K7	c1
0.143051825917664	-0.135234445309288	0.284	0.295	1	MRPL18	c1
0.247439420652277	-0.135192350994643	0.073	0.081	1	SUN1	c1
0.691672730546345	-0.135161395774189	0.058	0.06	1	UNKL	c1
0.634407500338975	0.134893369071245	0.014	0.013	1	L2HGDH	c1
0.0027718765927494	0.134816580717909	0.126	0.102	1	C5orf45	c1
0.911577241693664	-0.134809544570384	0.09	0.088	1	ASB16-AS1	c1
0.794729592316777	-0.134790639694615	0.048	0.049	1	ALKBH1	c1
0.336498746892893	0.134648239643179	0.046	0.041	1	MEPCE	c1
0.0283455489380305	0.134579786596053	0.066	0.054	1	SLC12A7	c1
0.54131678476208	-0.134421556801785	0.143	0.146	1	DHRS4	c1
0.616783773740984	-0.134401944828488	0.035	0.037	1	GIN1	c1
0.459290014818955	-0.134372130352681	0.035	0.038	1	AC009403.2	c1
0.70992182711065	-0.13436273625714	0.01	0.011	1	TRBV25-1	c1
0.640562916683837	-0.134306418500461	0.26	0.257	1	FAM133B	c1
0.00638044347123355	0.134264085191098	0.138	0.115	1	CUX1	c1
0.373290080676303	-0.134158114421293	0.281	0.282	1	TCP1	c1
0.0362924763138771	-0.134145177332834	0.466	0.467	1	NDUFA12	c1
0.563586795261798	-0.134131187358405	0.056	0.059	1	DROSHA	c1
0.311555696831438	-0.134067620706647	0.202	0.21	1	SND1	c1
0.600856523995009	-0.134048208405455	0.019	0.021	1	CDC7	c1
0.768248185100803	-0.133959467139046	0.187	0.186	1	ARL16	c1
0.284236041464389	-0.133824637125378	0.348	0.345	1	SSR1	c1
0.219459346042546	0.13382098742759	0.036	0.031	1	MTERF2	c1
0.595802568389164	-0.133696110711396	0.032	0.035	1	ADNP2	c1
0.189801354527007	-0.133565435585801	0.155	0.166	1	SART1	c1
0.677872830717547	-0.13356427032927	0.022	0.021	1	ZNF182	c1
0.219863273780048	-0.133510071157735	0.966	0.918	1	CXCR4	c1
0.0710352409611275	0.133440814501928	0.06	0.05	1	GTSF1	c1
0.70206515194006	-0.133347759635923	0.018	0.02	1	RP11-93H24.3	c1
0.769050209893748	-0.133309545400475	0.29	0.282	1	RGS14	c1
0.850625718740119	-0.133271204246875	0.029	0.03	1	FUK	c1
0.718662264725018	-0.133255029022031	0.019	0.018	1	ZNF74	c1
0.442686861294843	-0.13320404573114	0.285	0.285	1	TTC14	c1
0.665988836844067	0.133199201991695	0.022	0.021	1	DNAJC3-AS1	c1
0.20343972960317	0.133186114556324	0.032	0.027	1	THAP9-AS1	c1
0.685221197666302	-0.13311183455117	0.089	0.09	1	TMEM218	c1
0.00718936734349545	0.133023719757888	0.127	0.105	1	METTL4	c1
0.000874856731637805	0.133011868159062	0.372	0.323	1	GRK6	c1
0.626929805257268	-0.132929997693209	0.012	0.013	1	GPAM	c1
0.527120523286424	0.132927444474531	0.014	0.012	1	CCNYL1	c1
5.4701201638074e-05	0.132919373197257	0.436	0.375	1	CYLD	c1
0.0545747374729327	0.132899903401051	0.042	0.033	1	NAIP	c1
0.840867715861745	0.132880720050834	0.01	0.01	1	AC025335.1	c1
0.805892783797583	-0.132873320585949	0.026	0.025	1	MNT	c1
0.801980422114266	-0.132846553414988	0.109	0.109	1	QDPR	c1
0.775532885222044	-0.132770841741716	0.053	0.052	1	TNFRSF10B	c1
0.225781877764887	-0.132714259210625	0.335	0.336	1	SUMO3	c1
0.833629965320577	-0.13263010963102	0.149	0.149	1	TRPM7	c1
0.588713039120883	-0.132605282799434	0.104	0.107	1	LINC00998	c1
0.277660159783198	-0.132566472598552	0.384	0.378	1	PPP1R11	c1
0.117919647421655	-0.132467974670205	0.458	0.447	1	DGUOK	c1
0.0437036204552594	0.132437766694641	0.035	0.026	1	ZCWPW1	c1
0.127973230256904	0.132274865817543	0.057	0.049	1	TRMT61A	c1
0.376277532878393	-0.132172705612885	0.215	0.218	1	SSRP1	c1
0.60265440098905	-0.132165869054184	0.152	0.143	1	DYM	c1
0.545448664154464	-0.132139952590283	0.151	0.155	1	COMMD10	c1
0.543388545129477	-0.132123571757676	0.142	0.146	1	RNASEH1	c1
0.920782374886682	-0.132029508085396	0.211	0.207	1	SNHG15	c1
0.352422171554232	-0.132015681167029	0.098	0.105	1	BRI3	c1
0.62888720598363	0.131999776953166	0.011	0.01	1	ZDHHC9	c1
0.481648085495368	-0.131978563077126	0.052	0.056	1	AP5S1	c1
0.162521217750746	0.131977709426851	0.029	0.024	1	STX18-AS1	c1
0.663906745404992	-0.131863180656147	0.203	0.203	1	CHMP2B	c1
0.693606765563747	0.131820980666852	0.01	0.009	1	RP5-1158E12.3	c1
3.24503798161723e-05	0.131798626375457	0.615	0.559	1	BTG2	c1
0.27108347708401	-0.131784061575029	0.165	0.174	1	MKLN1	c1
0.0162037476459264	-0.131778511602886	0.54	0.54	1	ATP5A1	c1
0.601477156593758	-0.131725790904464	0.139	0.142	1	FBRS	c1
0.926453885442999	-0.131705679113219	0.036	0.036	1	RP11-479O9.4	c1
0.302585736042393	-0.131505983351975	0.195	0.202	1	TCERG1	c1
0.303317874252137	-0.131467350805115	0.014	0.017	1	RP11-295G20.2	c1
0.248745032533803	0.131229190748976	0.045	0.039	1	PHOSPHO2	c1
0.667957750249671	-0.131195168477189	0.12	0.122	1	SP2	c1
0.515383038081868	0.130995501472388	0.047	0.044	1	CETN2	c1
0.338175304127352	-0.130967438151044	0.198	0.206	1	SETD2	c1
0.405009438534796	-0.130923207640388	0.054	0.059	1	FAM98B	c1
0.0361947372018536	0.130809096805457	0.085	0.072	1	MZF1	c1
0.467037799365325	-0.130801973128127	0.167	0.172	1	MOSPD3	c1
0.465554093642908	-0.130596604519282	0.087	0.092	1	TRMT61B	c1
0.367821653722369	-0.130569147328391	0.345	0.339	1	ZMAT2	c1
0.990131682764585	-0.130537634842598	0.175	0.171	1	NUP107	c1
0.411478766344612	-0.130515247389632	0.26	0.262	1	GTF2F1	c1
0.503817605408566	-0.130363967168938	0.276	0.277	1	CENPC	c1
0.285553084382678	-0.130362767346642	0.436	0.427	1	TMC6	c1
0.721202118624965	-0.130347605399513	0.045	0.047	1	HDAC6	c1
0.231022883311331	-0.130319511864161	0.037	0.043	1	TBC1D22B	c1
0.269246009065494	-0.130169007801245	0.181	0.189	1	PPID	c1
0.879746756983305	-0.130134263698206	0.379	0.362	1	PPA1	c1
0.077616259040423	0.130092887769941	0.123	0.109	1	METTL21A	c1
0.00191800509451243	-0.130059379460044	0.685	0.664	1	C11orf58	c1
0.962727269933263	-0.129953243642752	0.201	0.195	1	XPO4	c1
0.17569038187247	0.129936302591584	0.048	0.041	1	TUBG2	c1
0.135106449922616	-0.129852838637377	0.444	0.442	1	TAF15	c1
0.83620729669027	-0.129844083553334	0.023	0.023	1	FBRSL1	c1
0.533865210434527	-0.129796213912555	0.27	0.255	1	TNFRSF25	c1
0.00190718736472363	0.129682070864505	0.251	0.217	1	SUCLG2	c1
0.826354020880888	-0.129675068742108	0.028	0.028	1	ZFP30	c1
0.74540205073424	-0.129651663818849	0.047	0.049	1	PORCN	c1
0.695285200467254	-0.129597429032457	0.109	0.111	1	SPTLC1	c1
0.144217190069042	0.129529887619592	0.039	0.032	1	LENG8-AS1	c1
0.447536419885862	-0.12952704210534	0.08	0.085	1	LACTB2	c1
0.631317731239081	-0.129410515837934	0.099	0.094	1	CYB561	c1
0.435623946139777	-0.129406978703239	0.145	0.15	1	NDUFV3	c1
0.534834589535046	-0.12935855647702	0.017	0.019	1	WIZ	c1
0.815870248758097	-0.129340188860942	0.01	0.01	1	TMEM86B	c1
0.50537839464049	-0.129311892366232	0.063	0.066	1	SHQ1	c1
0.536133826710636	0.129214253793671	0.02	0.018	1	RP11-817O13.8	c1
0.193775745002757	-0.129187851768656	0.25	0.259	1	SF3A3	c1
0.350295587683564	-0.129088092527769	0.305	0.305	1	ERGIC2	c1
0.180805433954211	0.129003619641181	0.074	0.066	1	TUG1	c1
0.000638585358438924	-0.128858258363584	0.953	0.911	1	MIF	c1
0.819939280490671	-0.128781776768794	0.056	0.057	1	SETD1B	c1
0.000712124008720386	0.128627739792977	0.375	0.328	1	DCXR	c1
0.435205885080237	-0.128426009353487	0.266	0.267	1	SPG21	c1
0.905076576743701	-0.128268188359509	0.035	0.034	1	LETM2	c1
0.0877468540807504	0.128221860043376	0.104	0.092	1	POLL	c1
0.608839876367039	0.128215924931465	0.027	0.025	1	DHFRL1	c1
0.389960910206134	-0.128173840828673	0.057	0.062	1	ZBED1	c1
0.00625560584182524	0.128139536617141	0.214	0.186	1	LARS	c1
0.701963018778985	-0.12801293085563	0.104	0.105	1	SCAP	c1
0.00413476279117756	-0.127976363255825	0.749	0.735	1	CD3G	c1
0.702797500149162	-0.127812670890245	0.126	0.12	1	ZNF493	c1
0.00399438219554415	0.127791996005278	0.112	0.091	1	AKT3	c1
0.0780823404773376	-0.127748846035908	0.513	0.511	1	CCNL1	c1
0.59147617394464	0.12769949671517	0.035	0.032	1	RPGR	c1
0.00837891287631508	0.127531316871329	0.215	0.188	1	ATXN7L3B	c1
0.920194914841177	-0.127514567375043	0.026	0.026	1	LDLR	c1
0.713307462790309	-0.127335930524306	0.182	0.174	1	TRMO	c1
0.00860102011755784	0.127323051273641	0.201	0.174	1	ANKH	c1
0.89287644681361	-0.127248842268837	0.01	0.009	1	CCDC15	c1
0.862892628641216	-0.127242087190388	0.027	0.026	1	SMYD5	c1
0.0689171608444858	0.127119058958618	0.099	0.086	1	TRMT2B	c1
0.802449965882276	-0.126982318095414	0.282	0.277	1	NFKB1	c1
0.763716230535944	-0.126878266909735	0.01	0.011	1	ENO3	c1
0.0526834189177924	0.126803168217977	0.074	0.063	1	LINC00954	c1
0.861304292215892	-0.126782912309735	0.032	0.033	1	SETD7	c1
0.400587173682261	-0.126762311543381	0.474	0.452	1	MYCBP2	c1
0.969447805941975	-0.126744729756345	0.163	0.16	1	POGZ	c1
0.686462130292367	-0.126701518491314	0.237	0.235	1	SNAP23	c1
0.00774603230477065	0.126684046180263	0.195	0.169	1	GPCPD1	c1
4.92185569244624e-05	0.126356425919837	0.341	0.285	1	RASA2	c1
0.22712549048984	0.126344316429891	0.067	0.06	1	RYBP	c1
0.594096387970384	-0.126291800446118	0.051	0.054	1	TMEM185B	c1
0.982402131360323	-0.126288585540064	0.023	0.023	1	ZEB1-AS1	c1
0.221635811670736	-0.12628438383234	0.023	0.028	1	CLP1	c1
7.61453378815417e-05	0.126283872169142	0.267	0.219	1	P2RY8	c1
0.378947789788109	0.126124411256217	0.024	0.021	1	RP11-553L6.5	c1
0.0197117205306001	0.125975433276126	0.098	0.081	1	RP11-511P7.5	c1
0.998461997598866	-0.125961153246998	0.1	0.098	1	KLHL6	c1
0.121711517056731	0.125802502630834	0.074	0.065	1	NBPF14	c1
0.850035901926506	-0.125785940112022	0.009	0.01	1	AGAP4	c1
0.818535160475277	-0.125770622429588	0.02	0.019	1	RP13-942N8.1	c1
0.0354133341150399	0.125757971320203	0.207	0.186	1	BBIP1	c1
0.00129888251099775	0.125589809449008	0.264	0.227	1	CCNG1	c1
0.301990278545842	0.12554397779739	0.047	0.042	1	TBL1X	c1
0.753002586802184	-0.125534565463491	0.141	0.136	1	ZMAT3	c1
0.0682369168272335	0.125485046771444	0.072	0.061	1	RLTPR	c1
0.691806057632604	-0.125336987532019	0.636	0.598	1	TUBA4A	c1
0.259341913950616	-0.12515133542859	0.368	0.368	1	KIF2A	c1
0.856793584559457	-0.12508930834675	0.132	0.128	1	UBIAD1	c1
0.626033845942435	-0.125012902274197	0.048	0.045	1	ZNF540	c1
0.0455405378606072	-0.124946350416102	0.737	0.696	1	TRAF3IP3	c1
0.260893193165171	-0.124943727067492	0.289	0.294	1	RNASEH2B	c1
0.766896322300171	-0.124793211096933	0.124	0.125	1	PIK3C3	c1
0.950798508688709	-0.124653458346705	0.028	0.028	1	CCDC142	c1
0.932730110887561	-0.124644371951881	0.083	0.083	1	CEP192	c1
0.655074909300204	-0.124582732135691	0.217	0.216	1	API5	c1
0.516190867849284	0.124528778705028	0.016	0.014	1	MYLK-AS1	c1
0.801816894157257	-0.124316196201186	0.099	0.1	1	ZNF138	c1
0.237191700638016	-0.124258011333307	0.183	0.192	1	GLO1	c1
0.974343901397599	-0.124223797345942	0.083	0.082	1	ZNF136	c1
0.14308957782957	0.124216872607166	0.062	0.054	1	SLC9B2	c1
0.644764176948284	-0.124203469500611	0.053	0.055	1	TMEM161B	c1
0.319308161989054	-0.12419866941351	0.134	0.142	1	SLC39A1	c1
0.55293538850569	-0.124135514972204	0.05	0.053	1	STK32C	c1
0.656146763030618	-0.124022305221324	0.147	0.149	1	FBXO9	c1
0.0901434607545239	-0.123912648339388	0.545	0.531	1	MZT2B	c1
0.352807276182602	-0.123874261558941	0.09	0.097	1	PTPRN2	c1
0.43540984038733	0.123773008527846	0.026	0.024	1	ZNF789	c1
0.0824858570489651	-0.12375981272255	0.485	0.476	1	PSAP	c1
0.619576545860002	-0.123715324470122	0.02	0.022	1	USP40	c1
0.958562704265216	-0.123658740908125	0.011	0.011	1	KLHL15	c1
0.016515544207155	-0.123470853323026	0.587	0.57	1	KRT10	c1
0.955815705236153	-0.123447784658907	0.118	0.115	1	GTPBP10	c1
0.521701670166856	-0.123420739091212	0.041	0.044	1	PXMP4	c1
0.742458101433598	-0.123381221381573	0.019	0.018	1	RP11-54C4.3	c1
0.243925096517881	-0.123363588348577	0.512	0.49	1	RAP1A	c1
0.436951761050514	0.123084376608202	0.059	0.055	1	NEIL2	c1
0.202230229075247	-0.123000360820121	0.679	0.639	1	RHOH	c1
0.674857792915527	-0.122904190074466	0.199	0.2	1	PROSC	c1
0.880300104956524	-0.122822887168678	0.141	0.14	1	POLD2	c1
0.328390597810468	-0.122537461537551	0.208	0.213	1	UBE2G2	c1
0.528085248534402	-0.122529927796791	0.052	0.055	1	GYS1	c1
0.727073987689305	-0.12225436823706	0.167	0.168	1	KAT7	c1
0.668461402828477	0.122211442641202	0.031	0.03	1	KBTBD7	c1
0.361067432366105	0.122021204430099	0.052	0.048	1	APOLD1	c1
0.6635290298036	-0.122020074329627	0.07	0.072	1	MTF1	c1
0.290739546035879	0.122007826299649	0.011	0.009	1	AC062029.1	c1
0.598521288465721	-0.122002071829183	0.201	0.201	1	RAB4A	c1
0.031938140540871	0.121965941850644	0.133	0.116	1	TWISTNB	c1
0.333967424737587	-0.121884366018509	0.305	0.283	1	LIMS1	c1
0.89247630325832	-0.121809606222865	0.136	0.135	1	MOB2	c1
0.604443206174672	-0.121734595910267	0.226	0.226	1	AMD1	c1
0.221017328971696	0.121651299977914	0.041	0.035	1	SETD1A	c1
0.469893134229498	-0.12161821765781	0.04	0.036	1	RP11-1399P15.1	c1
0.25340005336537	-0.121565491785515	0.073	0.081	1	FGFR1OP	c1
0.932917964685345	-0.121556009380368	0.189	0.184	1	EXOC4	c1
0.724206314075493	-0.121501836998672	0.088	0.09	1	FAM120B	c1
0.919029647239234	-0.121471972030222	0.089	0.089	1	TRIM5	c1
0.412944787322681	-0.121405974477929	0.226	0.229	1	ZNF148	c1
0.00663443956309077	0.12139854733293	0.198	0.17	1	TMEM204	c1
0.305652529878901	0.121085217739603	0.013	0.011	1	EIF2S3L	c1
0.562463782777646	0.121082138515435	0.03	0.027	1	ZNF614	c1
0.00696470327441994	0.121016087110232	0.226	0.197	1	USP10	c1
0.898106444649088	-0.120994576703135	0.258	0.253	1	TMEM50B	c1
0.760538448409817	-0.120857525269566	0.022	0.023	1	RP11-849H4.2	c1
0.643490119431007	-0.120854727063977	0.057	0.054	1	THRA	c1
0.000294471482617587	0.120835207316576	0.308	0.261	1	UPP1	c1
0.152269997746448	-0.120817567617283	0.173	0.186	1	PUM2	c1
0.843757238138197	-0.12080169362703	0.114	0.115	1	VPS39	c1
0.939785006168521	-0.120663369966636	0.032	0.032	1	RP11-245D16.4	c1
0.25936786436443	0.120654757528865	0.043	0.038	1	BAG2	c1
0.633004689314618	-0.120328856782105	0.025	0.027	1	RP11-166B2.8	c1
0.319006353741365	-0.120032753473341	0.529	0.502	1	MRPL57	c1
0.908716150029502	-0.119860635577283	0.021	0.021	1	ZNF93	c1
0.452029982195745	-0.119695749218411	0.015	0.017	1	OTUD1	c1
0.474860433352304	-0.119689385043184	0.086	0.091	1	CLCN3	c1
0.401282189331405	0.119684925120263	0.023	0.02	1	UHRF1BP1	c1
0.549412211181597	-0.119661238778018	0.191	0.195	1	NSL1	c1
0.323756136014781	-0.119655880499895	0.344	0.344	1	EAPP	c1
0.269604072656763	-0.119627981144283	0.257	0.264	1	IDI1	c1
0.716633123823859	-0.119444230028766	0.035	0.036	1	ZNF790	c1
0.887779895323406	-0.119428241085387	0.047	0.047	1	ZNF337	c1
0.572860891932649	-0.119389406943186	0.047	0.05	1	PUS1	c1
0.10746254894231	-0.119311902629789	0.476	0.477	1	ANKRD44	c1
4.10755013274991e-05	0.119293647610302	0.696	0.618	1	SMDT1	c1
0.0336188889328201	0.11924356444704	0.164	0.144	1	TCAF2	c1
0.3940525960957	-0.119221096925167	0.38	0.371	1	ZNF428	c1
0.575360851308631	-0.119058392260327	0.261	0.261	1	THOC2	c1
0.636131312702888	-0.118907377116457	0.227	0.228	1	CREB1	c1
0.529377488073092	-0.11861413265471	0.276	0.276	1	MITD1	c1
0.0278197933560354	0.118595142697253	0.168	0.148	1	CREBL2	c1
0.0438167630131744	0.118545676803075	0.021	0.015	1	CCDC65	c1
0.0157023042357029	-0.118510812359309	0.452	0.463	1	POLR2K	c1
0.887721548960838	-0.118127149184047	0.405	0.386	1	ILF3	c1
0.818003025524783	-0.118118786063512	0.117	0.118	1	KIAA1468	c1
0.467675250030187	-0.118023589535885	0.012	0.014	1	NUDT6	c1
0.0220266490850519	0.117825981707969	0.059	0.046	1	GPD1L	c1
0.0315549844392947	0.117759839740037	0.124	0.107	1	USP30-AS1	c1
0.980007776947278	-0.11764561742923	0.173	0.169	1	NIPSNAP1	c1
0.254597321863499	0.11761250836407	0.078	0.071	1	IKZF5	c1
0.84134912471717	-0.117567837269171	0.134	0.131	1	CTA-29F11.1	c1
0.648849533118109	-0.11753848442338	0.073	0.076	1	LDAH	c1
0.249689111388258	0.117316399172711	0.01	0.008	1	RP11-1007O24.3	c1
0.930410814353144	-0.117214585176376	0.105	0.105	1	TMEM57	c1
0.0012426298701337	0.117194396513659	0.274	0.236	1	CARD8	c1
0.863363525440454	-0.116997990788804	0.011	0.011	1	SLC35F3	c1
0.929204480003947	-0.116953419599726	0.1	0.099	1	CTD-3184A7.4	c1
0.938242539902915	-0.116874018540149	0.175	0.174	1	TAF11	c1
0.983862275254758	-0.116870186318853	0.024	0.024	1	RP11-637A17.2	c1
0.025483848463659	0.11680769906376	0.2	0.177	1	MRPL17	c1
0.979331534815192	-0.116691270754655	0.121	0.12	1	CACUL1	c1
0.714608813805574	-0.116683595310922	0.211	0.21	1	STAT5A	c1
0.458039058443785	-0.116601561998725	0.088	0.093	1	SMG6	c1
0.4055412721818	-0.116586471501091	0.142	0.148	1	VAV1	c1
0.380907703057555	-0.116491389386308	0.021	0.018	1	TRAV1-1	c1
0.0957206545564993	-0.116425608267991	0.36	0.365	1	WDR33	c1
0.927278891146067	-0.116410817276641	0.106	0.105	1	CLIP4	c1
0.478689673910283	-0.116301676757675	0.088	0.092	1	RNF219	c1
0.792047379696943	-0.116245077703595	0.017	0.018	1	ZNF530	c1
0.998602291151081	-0.116217301638763	0.187	0.183	1	TAZ	c1
0.40371584763165	-0.116205571036812	0.09	0.096	1	NTPCR	c1
0.69953140719061	-0.11619245852095	0.08	0.082	1	MSL1	c1
0.0575942841591862	0.115949963700511	0.139	0.123	1	CYB561A3	c1
0.686391920918836	-0.115947487274325	0.084	0.086	1	NIFK-AS1	c1
0.458537012074986	-0.115819483651756	0.099	0.105	1	C11orf57	c1
0.443302087336447	-0.115724459161236	0.107	0.113	1	TMEM115	c1
0.190386603804734	-0.115590852597198	0.189	0.2	1	SNRNP27	c1
0.664651040639534	-0.115561133489807	0.054	0.056	1	RNF26	c1
0.00442103219222488	0.115537876376187	0.175	0.148	1	CTDSP2	c1
0.673084154820701	-0.11552392823085	0.052	0.054	1	ZNF623	c1
0.996331940633752	-0.11551910857886	0.377	0.359	1	BCLAF1	c1
0.176721303603615	-0.115376942813606	0.447	0.441	1	CCT4	c1
0.928549895857144	-0.115327211854916	0.208	0.206	1	TRIM56	c1
0.871727876599649	-0.115115858643021	0.053	0.052	1	DCAF17	c1
0.756314166393816	-0.115101203151813	0.247	0.246	1	SYAP1	c1
0.348474291192852	-0.115097644476649	0.07	0.076	1	JMY	c1
0.678933315909387	-0.115004127711214	0.06	0.063	1	SLC37A1	c1
0.530340714866041	-0.114954124076414	0.348	0.338	1	LSM4	c1
0.144839765426704	0.114920703765681	0.025	0.02	1	ARL17A	c1
0.856477484810464	-0.114896381468817	0.077	0.078	1	HKR1	c1
0.378048861633419	-0.114885472685648	0.063	0.069	1	FAM76B	c1
0.63064505711548	-0.114724134948009	0.026	0.028	1	TMEM104	c1
0.998738046592417	-0.11467905679771	0.041	0.041	1	MEGF9	c1
0.139690749146725	0.114648212921913	0.133	0.121	1	TMEM156	c1
0.878222375408334	-0.1146281398389	0.063	0.063	1	SMAD4	c1
0.945891847963729	-0.114581830737395	0.126	0.125	1	COPS7B	c1
0.191798435250573	-0.114575481262599	0.431	0.426	1	RBMS1	c1
0.907608799022728	-0.114552952533193	0.183	0.181	1	MBD4	c1
0.0181236468737213	0.114550865396402	0.198	0.173	1	NAE1	c1
0.271014712512032	0.114262607417275	0.024	0.02	1	HIST1H4D	c1
0.57958802658325	-0.114204105143978	0.038	0.041	1	TIMM8A	c1
0.0228780422573037	0.11420326482118	0.154	0.134	1	C6orf226	c1
0.974005028300158	-0.114116902488117	0.063	0.063	1	RFT1	c1
0.768948475215835	-0.114051954780263	0.021	0.019	1	PRSS21	c1
0.916433036334497	-0.114048867803371	0.098	0.098	1	APOL2	c1
0.00237662514075901	0.113976040493793	0.334	0.293	1	OTUD6B-AS1	c1
0.0202163989033387	0.113948366487719	0.177	0.155	1	PACS1	c1
0.567904015113734	0.113938887745294	0.015	0.014	1	HAR1A	c1
0.415757313025604	0.113894991436626	0.026	0.023	1	RP11-410L14.2	c1
0.912222272579014	-0.113851140012198	0.144	0.14	1	CWC27	c1
0.895682814007771	-0.113817193080531	0.011	0.012	1	HIST1H2AL	c1
0.770436590798552	-0.113812287100386	0.026	0.025	1	STXBP4	c1
0.0315864222956751	0.113796772643253	0.147	0.128	1	NDRG3	c1
0.954387542572027	-0.113773063821997	0.024	0.024	1	RP11-379K17.12	c1
0.822927854262004	-0.113753521898738	0.155	0.155	1	CERK	c1
0.0879791901656741	0.1137502707233	0.05	0.042	1	PHKA2	c1
0.0258972356839614	0.113690040063755	0.127	0.109	1	KLHL9	c1
0.298307660338536	-0.113665573071478	0.019	0.023	1	CHAC2	c1
0.0016339227200696	0.113644873718066	0.311	0.27	1	ADSL	c1
0.174352613839838	0.113624368646757	0.047	0.04	1	ZNF248	c1
0.147075211000647	-0.113565271274906	0.508	0.499	1	EMD	c1
0.00375812759558106	0.11356159098145	0.292	0.256	1	SDR39U1	c1
0.447714674311482	-0.113524194729719	0.279	0.281	1	CEP57	c1
0.957898343230903	-0.11348608439645	0.017	0.017	1	AC113189.5	c1
0.0109901546359629	0.113466593403748	0.115	0.096	1	ZNF33B	c1
0.974266328657327	-0.113443262871806	0.297	0.288	1	TMPO	c1
0.165280253076142	0.113409236414574	0.027	0.022	1	PAIP2B	c1
0.52417963668365	-0.113185108173583	0.046	0.05	1	OPA3	c1
0.732259248432163	-0.113178365832087	0.065	0.067	1	WASL	c1
0.291680271451942	0.113149966865767	0.016	0.013	1	LINC00910	c1
0.65356915255308	-0.113015858751869	0.024	0.026	1	PPP2CB	c1
0.623193900500862	-0.113007403472356	0.091	0.094	1	THUMPD3	c1
0.386823162333159	-0.112834112496929	0.025	0.028	1	RFC3	c1
0.734329169493521	-0.112798068991753	0.11	0.112	1	SLC35E2B	c1
0.5548909042782	-0.112759720742709	0.181	0.184	1	NTMT1	c1
0.56373952901753	-0.112671950852448	0.035	0.033	1	TRAV27	c1
0.218326157328556	0.112659392997079	0.094	0.086	1	AMMECR1	c1
0.917745253983096	-0.112572887526708	0.101	0.101	1	NIF3L1	c1
0.200801517605101	-0.112553791381483	0.474	0.46	1	SNRPF	c1
0.448123423953928	-0.112546867983498	0.185	0.19	1	C12orf10	c1
0.0609182718329742	0.11247784222685	0.077	0.065	1	CMSS1	c1
0.30287317873098	-0.112346115455956	0.229	0.236	1	GTF2H5	c1
0.00720203218970973	0.112316395614349	0.219	0.19	1	SLC35C2	c1
0.602012300303457	-0.112290620062971	0.099	0.103	1	MAP3K5	c1
0.736204471449429	-0.112233843245202	0.219	0.216	1	LYRM2	c1
0.145152388420376	0.112142087774876	0.039	0.033	1	FAM189B	c1
0.955108615196888	-0.112129784532329	0.24	0.234	1	THUMPD3-AS1	c1
0.502836386843686	-0.112084922387817	0.071	0.075	1	PTRH2	c1
0.667189656193261	-0.112073459405513	0.138	0.139	1	PRKAA1	c1
0.858220008116533	-0.112030048957015	0.229	0.226	1	LPIN1	c1
0.154250396600709	0.112017640625942	0.038	0.032	1	ZNF573	c1
0.144087196110637	0.112010950517619	0.054	0.046	1	L3HYPDH	c1
0.864160386932702	-0.111892098092225	0.103	0.101	1	METTL16	c1
0.0466284867028464	0.111891775327354	0.158	0.14	1	YLPM1	c1
0.538041422165112	-0.111848659310308	0.566	0.556	1	STAT1	c1
0.715338937186927	-0.111826700352253	0.07	0.067	1	INTS3	c1
0.37880400847861	0.111667014128169	0.039	0.035	1	DBT	c1
0.0858272436286657	0.111454097740624	0.124	0.11	1	TMEM69	c1
0.115945303252306	-0.111378767686527	0.464	0.454	1	APH1A	c1
0.321371506611098	-0.111367420864233	0.12	0.128	1	GAPVD1	c1
0.743232016641906	-0.111348245404669	0.275	0.263	1	ZNF638	c1
0.00388084666211405	0.111313211940086	0.317	0.279	1	CRLF3	c1
0.874783099698778	-0.111306361635271	0.021	0.02	1	C8orf88	c1
0.820083698901513	-0.111219659106963	0.083	0.084	1	FBXO28	c1
0.996424374585491	-0.111172164160061	0.251	0.245	1	PPP1R10	c1
0.478728799371655	-0.111161044920155	0.42	0.407	1	NHP2	c1
0.805680657094101	-0.111072700150825	0.02	0.021	1	ZBTB39	c1
0.641863709320099	-0.110938347090282	0.109	0.112	1	ZCCHC9	c1
0.839241957242352	-0.110881083667079	0.037	0.036	1	PPP1R3F	c1
0.844836888524442	-0.110871789130662	0.215	0.212	1	MORC3	c1
0.180059431475374	0.110719718455463	0.067	0.059	1	ALDOC	c1
0.217015795618385	0.110632702916565	0.038	0.033	1	SLC18B1	c1
0.732021213731263	0.110610295557579	0.01	0.009	1	RAB11FIP3	c1
0.0936855689254977	0.110564501629272	0.037	0.03	1	DAGLB	c1
0.672949457557079	-0.110515953934082	0.036	0.038	1	MRPL23	c1
0.0477718343834839	-0.110382022970731	0.536	0.534	1	COX7A2L	c1
0.664464110419716	-0.110359768420541	0.121	0.124	1	C20orf196	c1
0.0172711723037092	0.110340206513742	0.12	0.102	1	TRRAP	c1
0.00151387993903209	0.110312922435308	0.23	0.195	1	TLE4	c1
0.858300161850512	-0.110299353534407	0.019	0.02	1	TOLLIP-AS1	c1
0.494196084881557	-0.1100906464073	0.145	0.149	1	IFT20	c1
0.0587658198429778	0.110014468151408	0.185	0.166	1	CEP85L	c1
0.821389976924729	-0.109994984960091	0.118	0.119	1	NR2C2AP	c1
3.0530227592742e-05	0.109741032737799	0.765	0.704	1	ANKRD12	c1
0.558160962848085	-0.109691595779744	0.088	0.092	1	MRS2	c1
0.382229408335112	-0.109533322232896	0.528	0.506	1	PPIG	c1
0.388837524891422	0.109512567525555	0.137	0.13	1	HAUS4	c1
0.0298385985478821	0.109473035504097	0.197	0.176	1	NUP50	c1
0.461643033922787	-0.109454411998723	0.548	0.521	1	UBE2B	c1
0.0983267868736237	0.109435866656382	0.053	0.045	1	EPC2	c1
0.493349389523005	-0.109411349932402	0.026	0.029	1	APOOL	c1
0.545663154823659	-0.109387369442003	0.072	0.068	1	PATZ1	c1
0.866283214904199	-0.109225966155663	0.084	0.084	1	RNASEL	c1
0.872577294579058	-0.109219341630514	0.072	0.072	1	SCAMP1-AS1	c1
0.0856337278699309	-0.10905074341849	0.655	0.631	1	ARHGEF1	c1
0.0282532538581831	-0.109047827645357	0.72	0.703	1	RBM39	c1
0.16988450662408	-0.109046803475173	0.563	0.539	1	BCAP31	c1
0.976408047225948	-0.108727387507096	0.091	0.09	1	LRRC14	c1
0.84048399895155	-0.108610980431557	0.14	0.14	1	PRPF3	c1
0.848810189967789	-0.108569293783715	0.142	0.139	1	ANKRA2	c1
0.130738719361114	0.108511249316755	0.115	0.104	1	DUS3L	c1
0.78933638676965	-0.108493740064661	0.023	0.022	1	RP11-347I19.7	c1
0.916080823337518	-0.108447021429206	0.266	0.26	1	ASF1A	c1
0.655344459016017	-0.108326643088638	0.048	0.05	1	LIG3	c1
0.654630094572631	-0.108283430877514	0.012	0.011	1	CXorf65	c1
0.00339920460873275	0.108240268629548	0.127	0.104	1	TRAPPC9	c1
0.695260213405251	-0.108228193092702	0.032	0.034	1	TERF2	c1
0.791497593275842	-0.108194628933741	0.04	0.041	1	SAMD4B	c1
0.806339563928473	-0.108165686513788	0.031	0.032	1	SLC37A4	c1
0.655079244165882	-0.108141207631942	0.101	0.097	1	VAPB	c1
0.0617769359435676	0.108061284132921	0.086	0.073	1	GSTM1	c1
0.473734930951765	-0.107937381004826	0.223	0.227	1	EML3	c1
0.799272958585112	-0.107908539664615	0.033	0.032	1	STX2	c1
0.947841369614942	-0.107853428189118	0.04	0.041	1	CLYBL	c1
0.884301507708053	0.107652005677148	0.015	0.015	1	NHLRC4	c1
0.17470774392452	0.107627837174095	0.071	0.063	1	C11orf71	c1
0.805835627906229	-0.107470518885686	0.2	0.199	1	GPATCH8	c1
0.520165754054601	-0.107468609128573	0.094	0.098	1	BCL10	c1
0.0007557019401651	0.107420749641584	0.474	0.42	1	HMHA1	c1
0.545991857189328	-0.107403458647517	0.302	0.283	1	PRKDC	c1
0.891303359671982	-0.107398067349874	0.085	0.085	1	PRMT7	c1
0.00448953707852336	0.107363187370151	0.362	0.319	1	DARS	c1
0.498066918343625	-0.107179326663351	0.057	0.061	1	ENOX2	c1
0.50394821353773	-0.106949274520663	0.01	0.012	1	PADI4	c1
0.340668897298348	-0.10691098644728	0.409	0.402	1	HADHA	c1
0.419224282714617	-0.106892326938338	0.15	0.156	1	DEDD	c1
0.587213830811805	-0.106876857197507	0.22	0.222	1	CDK12	c1
0.0451269147938159	-0.106859607245319	0.676	0.652	1	LAMTOR4	c1
0.397567347737847	0.106719220276636	0.023	0.02	1	TRAV18	c1
0.597010307558736	-0.106688116399372	0.074	0.07	1	TMEM191C	c1
0.270198325121061	-0.106553584458259	0.411	0.406	1	GPBP1	c1
0.890105513425421	-0.10651391172948	0.18	0.176	1	TRIP12	c1
0.00116934755692622	0.106489816650587	0.298	0.258	1	CHD3	c1
0.975241994149024	-0.106449627250138	0.431	0.405	1	CHCHD10	c1
0.630066403761684	-0.106354879101293	0.105	0.108	1	DCAF16	c1
0.854468680983827	-0.10632792370378	0.03	0.029	1	HIST1H3H	c1
0.308772134170787	-0.106312507148664	0.23	0.235	1	NKAP	c1
0.0281488480368702	-0.106283426162299	0.7	0.668	1	C11orf31	c1
0.223314910048574	0.106273666840873	0.089	0.08	1	CNPY4	c1
0.210665486714125	0.106220583936857	0.013	0.01	1	TAF1A-AS1	c1
0.927841196797059	-0.10616335580074	0.183	0.18	1	CLSTN1	c1
0.920684038409677	-0.106155654891113	0.162	0.159	1	ESF1	c1
0.827121180606897	-0.106141910578861	0.145	0.145	1	LIPA	c1
0.888931405359115	-0.106129930865324	0.078	0.077	1	VPS8	c1
0.814408098857396	-0.106047935502448	0.029	0.03	1	GSDMB	c1
0.240679103443435	-0.106023344421011	0.203	0.212	1	SEPHS2	c1
0.904447995826768	-0.105902949696919	0.018	0.018	1	CEP72	c1
0.510875945148557	-0.105611430763905	0.124	0.129	1	NDUFAF2	c1
0.577465171422265	-0.105526257794303	0.26	0.26	1	MRPL11	c1
0.907315203069353	-0.105478328889688	0.047	0.048	1	CCL28	c1
0.82858958344463	-0.10544691153406	0.073	0.074	1	AKAP8	c1
0.311990244688199	0.105402072696703	0.058	0.052	1	LIAS	c1
0.0663461262449483	0.105331833319853	0.048	0.039	1	RP11-127B20.3	c1
0.0200189916150639	0.105304122239823	0.11	0.093	1	ESYT2	c1
0.000817475514141234	0.105230917505933	0.305	0.262	1	SPG7	c1
0.488935589548171	0.105227974020518	0.038	0.035	1	ANGEL1	c1
0.89994934464913	-0.105210065223077	0.158	0.154	1	LYRM1	c1
0.0495059982725817	0.105193872966304	0.213	0.193	1	ECHDC2	c1
0.692164065124421	0.105187649903077	0.045	0.044	1	CEP97	c1
0.247835765366492	-0.105167910827462	0.034	0.039	1	ZNF250	c1
0.000721533669987267	0.10514442606807	0.428	0.373	1	FLI1	c1
0.694845248824601	-0.105128134587062	0.015	0.016	1	ZNF347	c1
0.497376941128195	-0.105109671030194	0.445	0.435	1	CD47	c1
0.707744361158993	0.10502537224937	0.011	0.01	1	RAB19	c1
0.0895278806047899	0.104989728042229	0.085	0.074	1	CREG1	c1
0.690159560170826	-0.104973046143633	0.101	0.104	1	GCDH	c1
0.567381076940333	-0.104971560836207	0.052	0.048	1	TCP11L2	c1
0.910842854066347	-0.104918898585492	0.058	0.057	1	SGK3	c1
0.971446866237756	-0.104914280115261	0.083	0.082	1	ARRDC1-AS1	c1
0.762693367874323	-0.104858434414339	0.12	0.122	1	PRCP	c1
0.0243547156519961	0.104796611124874	0.09	0.075	1	IQSEC1	c1
0.124395366500063	0.10478066103805	0.076	0.066	1	PIGM	c1
0.0377593084369898	0.104719093044754	0.09	0.076	1	TUBE1	c1
0.0198167664324599	0.104690448987093	0.247	0.221	1	EBPL	c1
0.998253884617597	-0.104596819513488	0.154	0.152	1	MED21	c1
0.881585930330713	-0.104594602774618	0.016	0.015	1	ZNF417	c1
0.789381060374969	-0.104557362178573	0.035	0.034	1	ZNF329	c1
0.809096696467527	-0.104540359290642	0.109	0.106	1	CEP120	c1
0.688650347891277	-0.104515454192311	0.141	0.144	1	PTCD3	c1
0.994820556696381	-0.104378696936485	0.025	0.025	1	RP11-634H22.1	c1
0.95298719979594	-0.104243688287028	0.141	0.14	1	NUDCD3	c1
0.229892441279182	0.104120106541334	0.08	0.073	1	SGSH	c1
0.00321727235085295	-0.103852698883226	0.712	0.694	1	ARL6IP4	c1
0.0896170082936005	0.103831058616252	0.057	0.048	1	CMB9-22P13.1	c1
0.690154179246177	-0.10372191095411	0.189	0.19	1	NXT1	c1
0.988219736742227	-0.103717514077038	0.174	0.17	1	HERC2	c1
0.662324804021452	-0.103620372280519	0.06	0.062	1	CLK2	c1
0.00980206330737141	-0.103569299074833	0.643	0.626	1	MRPS21	c1
0.761775062780757	-0.103448234232598	0.506	0.469	1	PPP1CC	c1
0.960896734542089	-0.103433535418533	0.12	0.119	1	MAPKAPK5	c1
0.750843940103177	0.103339548653915	0.01	0.01	1	TCTN2	c1
0.713709833276859	-0.10314953926659	0.07	0.072	1	ZNF561	c1
0.728469489161033	-0.103111598456135	0.145	0.146	1	SPNS1	c1
0.595435608844364	-0.103102818788097	0.399	0.389	1	SERINC1	c1
0.560779976462168	-0.103054720577478	0.088	0.092	1	USP5	c1
0.000180653044125767	0.102970288143781	0.763	0.702	1	SF1	c1
0.253905523329098	-0.102884853256692	0.146	0.155	1	DNAAF2	c1
0.485908416944549	0.102846928998071	0.037	0.034	1	MRM1	c1
0.360388402760094	-0.102691662459732	0.079	0.085	1	SNX12	c1
0.024250818579354	0.102584808074165	0.141	0.122	1	KIAA0907	c1
0.786179688362531	-0.102366537946498	0.049	0.047	1	LMTK2	c1
0.671699890211346	0.102278726574242	0.015	0.013	1	FANCC	c1
0.337996068176666	0.102255213413693	0.05	0.045	1	RHBDD1	c1
0.620815436934843	-0.102213433530265	0.047	0.049	1	APOO	c1
0.158632321884669	-0.102185097658488	0.56	0.542	1	SSBP1	c1
0.920718446380499	-0.102045980792608	0.011	0.011	1	PROCA1	c1
0.758100165781414	-0.101822623637692	0.012	0.011	1	DNAJC27-AS1	c1
0.535532811062052	-0.101789496883042	0.183	0.173	1	ETV6	c1
0.966982712147235	-0.101652841403924	0.125	0.123	1	INO80D	c1
0.0133126328381328	0.1016196559113	0.097	0.079	1	LINC00339	c1
0.00605713114846117	0.101536357293279	0.205	0.176	1	CFAP97	c1
0.485740098630803	-0.101503106302329	0.292	0.293	1	WDR82	c1
0.291016307654206	-0.101502066743567	0.047	0.053	1	PPP1R12C	c1
0.496344630831686	-0.101439710586593	0.108	0.114	1	HCFC1	c1
0.665426083966606	-0.10140645266904	0.181	0.183	1	POLR2H	c1
0.0631073169333154	0.101325253167843	0.121	0.106	1	OXR1	c1
0.900282069631299	-0.101309260639598	0.017	0.016	1	LNX2	c1
0.911463648514264	-0.10130396874021	0.187	0.185	1	DDX54	c1
0.00383993041885338	0.101274773599808	0.445	0.399	1	CMTM7	c1
0.539166228052955	-0.101244907987144	0.192	0.195	1	BAG6	c1
0.227335342665258	-0.101216967683253	0.29	0.295	1	PPHLN1	c1
0.791709590301517	-0.100997541817537	0.047	0.048	1	NCOA6	c1
0.84735589589917	-0.100839034030674	0.061	0.062	1	MYBBP1A	c1
0.650287831277337	-0.100833000681951	0.033	0.031	1	C17orf67	c1
0.211740441604695	0.100828950059735	0.089	0.08	1	TOPORS	c1
0.748823245149422	0.100784428002655	0.018	0.017	1	DOLK	c1
0.616977392267059	0.100739331086648	0.028	0.026	1	FANCM	c1
0.616103548271561	-0.100593425037437	0.133	0.136	1	TMEM70	c1
0.289179038711888	-0.10059223117011	0.423	0.411	1	CCT7	c1
0.548733716599034	0.100398091281685	0.023	0.021	1	IRF2BP1	c1
0.679487576008747	-0.10038408559508	0.057	0.059	1	UPRT	c1
0.840776310387616	-0.100354784355361	0.149	0.149	1	ADARB2	c1
0.839390928157695	-0.100342265976208	0.412	0.395	1	NME3	c1
0.0542488124267626	0.100314431292913	0.052	0.042	1	TSGA10	c1
0.0942084692760996	-0.100289960682376	0.628	0.596	1	NDUFB4	c1
0.0050822952034928	0.100254678988368	0.267	0.234	1	FAM60A	c1
0.251700151504464	-0.100243642567877	0.488	0.477	1	MRPL20	c1
0.266715758646646	-0.100242741763454	0.502	0.492	1	POLR1D	c1
0.853356169249603	0.100084160582272	0.015	0.014	1	MBNL1-AS1	c1
0.867272214110029	-0.100006089112901	0.013	0.014	1	MATR3	c1
