p_val	avg_log2FC	pct.1	pct.2	p_val_adj	gene	seurat_clusters
0	5.6999925716316	0.095	0.003	0	TNFRSF13B	c8
0	5.22337613296117	0.127	0.004	0	CD177	c8
0	4.91458665636978	0.129	0.005	0	CTC-490G23.2	c8
0	4.6537980138558	0.313	0.015	0	TBC1D8	c8
0	4.22140774008559	0.186	0.009	0	IL1R2	c8
0	4.18512637257805	0.219	0.013	0	FANK1	c8
0	4.14978042028082	0.232	0.016	0	AC145110.1	c8
0	4.12578372650797	0.881	0.085	0	FOXP3	c8
0	3.97882953960451	0.298	0.024	0	METTL7A	c8
0	3.97116225261141	0.606	0.067	0	AC017002.1	c8
0	3.91897468238079	0.501	0.041	0	LAYN	c8
0	3.70350550191625	0.413	0.026	0	CCR8	c8
0	3.697025850794	0.195	0.017	0	AC074289.1	c8
0	3.57798918489561	0.24	0.024	0	SOX4	c8
0	3.53512169751656	0.635	0.119	0	MAGEH1	c8
0	3.46790571588837	0.301	0.036	0	CD79A	c8
0	3.45369678976844	0.488	0.065	0	IL2RA	c8
0	3.3405445911768	0.531	0.071	0	IKZF4	c8
0	3.2928462319205	0.68	0.12	0	AC133644.2	c8
0	3.22035189783826	0.399	0.051	0	IL12RB2	c8
0	3.06069513095838	0.525	0.075	0	RTKN2	c8
0	2.81340528452248	0.662	0.135	0	TBC1D4	c8
0	2.79213842932777	0.397	0.073	0	INPP5F	c8
0	2.7261804051616	0.542	0.104	0	GK	c8
0	2.64517431088643	0.407	0.075	0	MARCH3	c8
0	2.61275764071819	0.56	0.095	0	IKZF2	c8
0	2.60238331570125	0.843	0.349	0	PIM2	c8
0	2.49563561910193	0.713	0.199	0	MIR4435-2HG	c8
0	2.47823004275051	0.567	0.127	0	STAM	c8
0	2.45235983796735	0.809	0.214	0	TNFRSF4	c8
0	2.38242257136369	0.937	0.472	0	CARD16	c8
0	2.37111907511537	0.871	0.257	0	CTLA4	c8
0	2.34895930693984	0.742	0.158	0	TNFRSF18	c8
0	2.29740895725395	0.949	0.428	0	TIGIT	c8
0	2.19309323597503	0.679	0.208	0	PMAIP1	c8
0	2.13578995751605	0.891	0.425	0	TNFRSF1B	c8
0	2.05840287932508	0.659	0.194	0	NCF4	c8
0	2.05624005091905	0.91	0.414	0	BATF	c8
0	1.95470656715134	0.946	0.652	0	SAT1	c8
0	1.51249778327575	0.999	0.969	0	IL32	c8
6.67406953029045e-305	3.58435997742498	0.194	0.018	2.24876098753606e-300	LAPTM4B	c8
1.68166999274336e-300	2.42229526548866	0.46	0.102	5.66621887354948e-296	ETV7	c8
9.4244713533096e-291	1.68696861590264	0.981	0.756	3.17548137778414e-286	LTB	c8
1.90353028680408e-287	1.87562269426433	0.817	0.378	6.41375494835765e-283	GBP5	c8
3.11700719632711e-275	2.10945113532638	0.68	0.248	1.05024440473046e-270	ICOS	c8
9.43132078272216e-275	2.88975257123912	0.335	0.06	3.1777892245304e-270	ZC2HC1A	c8
2.26784762258086e-274	2.64802170002747	0.381	0.076	7.64128577952394e-270	GADD45A	c8
3.28603630280558e-270	2.93152989762038	0.263	0.037	1.10719707186731e-265	CCNG2	c8
2.08776266810889e-262	1.36815260534359	0.956	0.647	7.03450753392611e-258	CD27	c8
2.52629244194295e-259	2.63348107940334	0.335	0.062	8.51208975388259e-255	ADTRP	c8
3.0768110908671e-259	1.98120517624382	0.385	0.078	1.03670072895676e-254	TNFRSF9	c8
3.53961766057594e-257	2.46221100497512	0.356	0.07	1.19263877455446e-252	CSF1	c8
2.14421508555462e-251	2.27791868171642	0.593	0.197	7.22471830926775e-247	ACP5	c8
1.36922843381976e-248	1.99944803480127	0.609	0.196	4.61347828491229e-244	OAS1	c8
7.4938810244066e-247	2.85609724914294	0.267	0.042	2.52498827236356e-242	HACD1	c8
5.48473213840238e-245	2.72919781853573	0.319	0.06	1.8480256467133e-240	CUL9	c8
1.7194847217901e-241	2.35117381945973	0.406	0.095	5.79363182159955e-237	ID3	c8
2.09804972393502e-236	2.16811603190336	0.449	0.116	7.06916873982666e-232	CD79B	c8
4.92198047987406e-234	1.13921887157968	0.998	0.946	1.65841210288876e-229	CD74	c8
4.43578156767351e-230	1.25163944067165	0.946	0.688	1.49459224141191e-225	SPOCK2	c8
3.41067925876019e-221	3.33194290551588	0.159	0.016	1.14919426944666e-216	IL7	c8
1.21181405667811e-218	1.94424185301974	0.541	0.172	4.08308628257122e-214	PELI1	c8
9.5267734578201e-218	1.59961939234898	0.824	0.455	3.20995104887791e-213	PBXIP1	c8
3.55366193705404e-215	1.46521136793076	0.762	0.323	1.19737085307099e-210	DUSP4	c8
3.22140969683568e-213	4.25215119134195	0.099	0.006	1.08542178325181e-208	LINC00519	c8
4.92637857903524e-211	1.76504911093323	0.593	0.207	1.65989399842013e-206	PHLDA1	c8
6.826972672527e-210	1.41865254620246	0.833	0.446	2.30028017228125e-205	DNPH1	c8
1.44933300760106e-208	2.49604578764589	0.284	0.055	4.88338263581101e-204	LMCD1	c8
1.62039245313353e-205	2.10500977022361	0.418	0.113	5.45975033158811e-201	NAMPT	c8
1.21642924729713e-203	0.985850990563223	0.987	0.868	4.09863670584294e-199	S100A4	c8
2.32834645652636e-196	2.22832866694011	0.336	0.078	7.84513055061991e-192	ZC3H12D	c8
5.84506316155906e-196	1.98389982049582	0.426	0.119	1.96943558165571e-191	DUSP16	c8
2.37398567560035e-188	2.14874931184832	0.42	0.121	7.99890733536782e-184	SPATS2L	c8
3.17568273182873e-188	1.91232486768277	0.472	0.149	1.07001453966237e-183	FAM110A	c8
8.87299563300658e-185	1.57064958938273	0.706	0.329	2.98966714858524e-180	EPSTI1	c8
1.2931816586637e-180	1.37485178133572	0.798	0.423	4.35724628070146e-176	IL2RB	c8
1.06948513241698e-179	0.354217688375381	1	1	3.60352320516577e-175	B2M	c8
7.51162460693706e-178	1.69663543272419	0.541	0.196	2.53096679506137e-173	PHTF2	c8
4.12438412773204e-177	1.24256935557944	0.887	0.495	1.38966998799803e-172	HLA-DRB1	c8
1.87185606136796e-176	2.45050527845084	0.232	0.043	6.3070318131732e-172	F5	c8
2.56984542278614e-176	2.050391312218	0.372	0.101	8.65883716753563e-172	AKIP1	c8
3.27268193608097e-173	1.04255148217169	0.949	0.651	1.10269745154312e-168	RGS1	c8
5.30642708358168e-173	0.560303767636263	1	0.996	1.78794754154201e-168	HLA-A	c8
1.3944240770154e-170	2.12870691543274	0.362	0.099	4.69837248509571e-166	EPHX2	c8
3.65497864627987e-168	1.41304686268245	0.754	0.399	1.23150850507754e-163	GBP2	c8
1.56438378341931e-167	1.41214298194718	0.724	0.36	5.27103471985302e-163	SIRPG	c8
5.81901953347337e-166	2.15407699399808	0.318	0.08	1.96066044160852e-161	MAST4	c8
2.00914604134328e-165	1.18525955673076	0.892	0.631	6.76961667170205e-161	UCP2	c8
3.95383990408943e-165	0.714263237533007	0.992	0.941	1.33220681728389e-160	OAZ1	c8
5.78429924038702e-164	0.873340034306939	0.974	0.893	1.948961786056e-159	IL2RG	c8
1.24981909318506e-163	1.35448653861552	0.752	0.391	4.21114045257775e-159	ARID5B	c8
2.1329004813593e-163	3.07185739149127	0.152	0.02	7.18659488189203e-159	SUOX	c8
1.39003694557692e-162	1.73394871209649	0.553	0.217	4.68359048442687e-158	HTATIP2	c8
2.67890135300094e-162	1.39219118654749	0.789	0.459	9.02629021880137e-158	SH2D2A	c8
4.00219130544889e-162	1.58151406085526	0.583	0.24	1.34849833845795e-157	TPP1	c8
1.87067603490362e-161	1.32443216482119	0.651	0.277	6.30305583200426e-157	CD4	c8
9.02620236842967e-160	1.53375933930948	0.422	0.13	3.04128862601869e-155	TOX2	c8
3.8033165712322e-159	1.57432029930837	0.554	0.217	1.28148948551098e-154	IGFLR1	c8
1.10016232948853e-156	2.4456449179548	0.229	0.046	3.70688695297865e-152	ENTPD1	c8
8.35812424253507e-155	3.29745153895627	0.119	0.013	2.81618638227977e-150	DLGAP1	c8
3.82006267243319e-154	2.12911555767783	0.34	0.095	1.28713191684964e-149	CREB3L2	c8
3.2429052647352e-153	2.60277630501629	0.201	0.037	1.09266449989988e-148	ADAT2	c8
4.96721891410349e-152	2.34991506981259	0.232	0.048	1.67365474091803e-147	COL9A2	c8
9.63525794888869e-152	1.50183073035432	0.721	0.378	3.24650381329856e-147	IFI6	c8
4.32242953261746e-151	1.34792428840006	0.574	0.227	1.45639940672013e-146	CXCR6	c8
3.53896512807733e-150	2.65611216150264	0.179	0.03	1.19241891025438e-145	CARD17	c8
4.38618507134905e-150	1.38711344583289	0.802	0.502	1.47788119794035e-145	CTSC	c8
5.12210825222099e-150	1.60219659086204	0.474	0.169	1.72584315450334e-145	SNX9	c8
9.94843569586338e-150	2.31967336173664	0.227	0.046	3.35202592336421e-145	SGPP1	c8
5.52827676104712e-149	1.06436352314151	0.903	0.652	1.86269757186722e-144	ARPC1B	c8
9.22470287959438e-149	1.65566475006314	0.494	0.183	3.10817138825053e-144	BCL3	c8
2.09881340762874e-148	1.89013910871149	0.387	0.121	7.07174189566427e-144	LTA	c8
1.61886803149227e-147	1.73251372546926	0.414	0.136	5.45461394531006e-143	RHOC	c8
2.82482348614553e-147	3.44521150697326	0.092	0.008	9.51796025421874e-143	WBSCR27	c8
2.99130166356039e-147	1.61619532989712	0.516	0.203	1.00788918252004e-142	TSPAN5	c8
5.74882900907994e-147	3.86259830479733	0.071	0.005	1.93701044631939e-142	BCAS1	c8
1.14231584311317e-146	4.15041351502115	0.064	0.003	3.84891900178551e-142	IL1R1	c8
5.72178342282337e-143	1.56191162425057	0.571	0.248	1.92789770648611e-138	BTG3	c8
2.55935446149012e-142	1.42270824496927	0.649	0.315	8.62348892254482e-138	GLRX	c8
4.64612983194287e-142	1.18513677843606	0.851	0.567	1.56546698557483e-137	COX5A	c8
5.21669885397499e-140	4.64583120128427	0.056	0.003	1.75771451185833e-135	MYO5C	c8
1.27273945687331e-139	1.21772304424317	0.902	0.668	4.28836832598892e-135	CD7	c8
4.78598047555613e-139	2.34398277520006	0.197	0.038	1.61258826143388e-134	MGST2	c8
2.54456323869129e-138	1.14969780025353	0.833	0.535	8.57365137644644e-134	FCMR	c8
2.5950982765081e-138	1.1373019559861	0.873	0.613	8.74392413286639e-134	SQSTM1	c8
2.8782762822688e-138	1.60639401307974	0.564	0.25	9.69806410547648e-134	CREM	c8
2.2803352758241e-137	0.581785667793249	0.996	0.976	7.68336167836173e-133	GAPDH	c8
3.39867208025029e-137	1.51568360617512	0.638	0.311	1.14514857071953e-132	TYMP	c8
8.75190935874668e-137	1.40581479767035	0.658	0.335	2.94886833933611e-132	RHBDD2	c8
1.96728653081232e-136	2.11259888792926	0.277	0.071	6.62857523691903e-132	ICA1	c8
2.7236027723931e-136	1.33189947778825	0.631	0.289	9.17690718130132e-132	HLA-DRA	c8
7.77786059488209e-135	0.651355824908183	0.973	0.887	2.62067234883957e-130	SUMO2	c8
1.1250873890762e-134	0.733710671673964	0.988	0.925	3.79086944875335e-130	UBC	c8
2.0530507773064e-133	2.16612221887649	0.25	0.061	6.91754928905617e-129	IRF5	c8
1.35221646871815e-132	0.985609114049937	0.878	0.595	4.55615816969892e-128	HLA-DPA1	c8
8.59727821584939e-131	2.13486558433743	0.228	0.052	2.89676692204829e-126	ERI1	c8
3.14760414210947e-130	1.26021153847992	0.727	0.405	1.06055373964237e-125	CACYBP	c8
2.16380459017308e-129	0.687464535877509	0.979	0.887	7.29072318612919e-125	YWHAB	c8
4.55862797909369e-129	4.02334578939789	0.064	0.004	1.53598411127583e-124	PTGIR	c8
6.06729203455235e-129	2.12729183714963	0.26	0.066	2.04431337812207e-124	LAIR2	c8
4.05096686592193e-128	1.1922705401421	0.83	0.576	1.36493277580374e-123	RPS27L	c8
4.39394611535311e-128	2.6385079790165	0.163	0.029	1.48049620410708e-123	FAM184A	c8
6.39804371865888e-128	1.58783782467379	0.47	0.183	2.15575685056492e-123	ODF3B	c8
4.08107076571521e-127	2.06572383063035	0.332	0.103	1.37507598380008e-122	OTUD5	c8
5.85044482916349e-127	1.74902186777269	0.366	0.12	1.97124888073835e-122	HAPLN3	c8
1.05469582392833e-126	1.6848581799545	0.414	0.149	3.55369210914411e-122	HERC5	c8
3.31583570530142e-126	1.18109394311	0.691	0.361	1.11723768254426e-121	TMEM173	c8
1.45158174539942e-125	1.72960156246987	0.406	0.146	4.89095953294879e-121	LGALS9	c8
4.73598938567888e-125	1.3605038130276	0.701	0.392	1.59574426361064e-120	GPX1	c8
2.05997866235195e-124	1.67788905908872	0.349	0.111	6.94089210492865e-120	MAP1LC3A	c8
1.0603323803425e-123	1.82076795648955	0.335	0.106	3.57268392232602e-119	AD000671.6	c8
6.53666472649131e-121	1.17765797849318	0.725	0.424	2.20246381294398e-116	USP15	c8
1.17137577219322e-120	1.50118913006351	0.479	0.197	3.94683352682785e-116	ADI1	c8
2.45593186161084e-120	2.77681857461193	0.126	0.019	8.27501681451155e-116	CEACAM1	c8
2.99910026631212e-120	3.14338778260718	0.078	0.007	1.01051684373121e-115	PMCH	c8
6.30734981766508e-120	1.51393573339222	0.443	0.171	2.12519844756407e-115	ACTA2	c8
1.25613231799443e-119	2.40484986902432	0.15	0.026	4.23241223225043e-115	HPSE	c8
6.34661437346497e-119	1.44742844372837	0.513	0.223	2.13842824699529e-114	ATOX1	c8
6.49023778810413e-119	1.26301788866622	0.649	0.336	2.18682072032381e-114	CASP1	c8
8.16248685747264e-119	4.25360027440557	0.061	0.004	2.75026832175683e-114	GNG8	c8
6.57759410259718e-118	1.46235774418837	0.513	0.221	2.21625455692909e-113	REXO2	c8
1.03778748883144e-117	1.82061081385608	0.296	0.088	3.49672116486865e-113	FHL3	c8
1.32095461235667e-117	2.11682000746475	0.238	0.061	4.45082447087456e-113	CRADD	c8
2.01780279087824e-117	3.03243421389445	0.117	0.017	6.79878472358515e-113	CHRNA6	c8
3.42763261950158e-117	0.549518083397629	0.995	0.958	1.15490653481486e-112	MYL6	c8
1.65752561368241e-116	0.920607436652012	0.872	0.627	5.58486680274152e-112	SKAP1	c8
5.32614716733152e-116	1.99688419936549	0.202	0.046	1.79459202656068e-111	SDC4	c8
5.43081055170068e-116	3.73034942188983	0.068	0.006	1.82985730729003e-111	CSF2RB	c8
5.75582192564508e-116	2.75018055584364	0.135	0.022	1.93936663962685e-111	ADPRH	c8
3.04183639025161e-115	1.23568973269186	0.678	0.366	1.02491635333138e-110	GRSF1	c8
3.61919340337596e-115	2.65989907633339	0.151	0.028	1.21945102533349e-110	HMOX1	c8
5.00660713819774e-115	3.15311985766747	0.129	0.02	1.68692620914434e-110	HPGD	c8
9.62955732370709e-115	1.98730100995876	0.262	0.073	3.24458304464987e-110	CD38	c8
1.16480611052012e-114	4.36223804836926	0.044	0.002	3.92469770878649e-110	HAP1	c8
4.62714865794719e-113	1.33893102361483	0.519	0.221	1.55907146880873e-108	HLA-DMA	c8
7.23985023607219e-113	1.35828425103294	0.601	0.298	2.43939513854216e-108	TRAF1	c8
1.19740604141088e-112	1.69969947291479	0.242	0.064	4.03453991592983e-108	GEM	c8
5.96672515700099e-112	3.06568808170914	0.107	0.015	2.01042837439991e-107	USP51	c8
5.34132961336297e-111	0.712344669022411	0.947	0.794	1.79970759992652e-106	SOD1	c8
7.87839813010247e-111	0.891044221860489	0.871	0.628	2.65454746595672e-106	CALM3	c8
1.42357712731863e-110	1.31963964858119	0.557	0.267	4.79660077278738e-106	IFNAR2	c8
5.02646965642446e-110	1.35750075026277	0.55	0.261	1.69361868603566e-105	P2RY10	c8
7.55110041619069e-110	1.33639421724214	0.529	0.242	2.54426777423129e-105	GRINA	c8
5.62292118955922e-109	0.638696439082299	0.955	0.839	1.89458706561008e-104	GABARAP	c8
7.51904609463168e-108	1.36320995845341	0.284	0.084	2.5334673911252e-103	HAVCR2	c8
3.26065466906829e-107	1.92853825958052	0.25	0.07	1.09864498419587e-102	ASB2	c8
4.81281192587037e-107	1.67673129791853	0.327	0.109	1.62162885030276e-102	HS3ST3B1	c8
5.87577060503924e-107	2.24014737198559	0.166	0.034	1.97978214766192e-102	MZB1	c8
1.02477527720892e-106	3.28368598079042	0.098	0.013	3.45287781902773e-102	LGMN	c8
6.81765492838242e-106	1.47325383019434	0.398	0.152	2.29714065156917e-101	POU2F2	c8
1.09914822665682e-105	0.622589316808417	0.974	0.886	3.7034700348975e-101	CD2	c8
2.15279085622159e-105	1.49031490903003	0.443	0.184	7.25361351095303e-101	SHMT2	c8
1.23247551638741e-104	3.49919834233949	0.066	0.006	4.15270300491573e-100	LINC00884	c8
2.5476337348956e-104	0.394237534712516	1	0.999	8.58399710635722e-100	HLA-B	c8
6.68561449835488e-104	1.72653728770831	0.34	0.12	2.25265094907569e-99	APLP2	c8
1.76047004893369e-103	1.99717978950732	0.222	0.059	5.93172778287718e-99	DFNB31	c8
5.66413018518267e-103	2.54779213624983	0.137	0.025	1.90847202459545e-98	CLNK	c8
6.30348119976471e-103	1.77252789376456	0.255	0.074	2.12389495544872e-98	LINC01281	c8
6.47467131171816e-103	1.56182398105132	0.371	0.138	2.18157575177032e-98	RAB11FIP1	c8
7.30373962125118e-103	1.28754858912677	0.724	0.461	2.46092202798437e-98	SYNGR2	c8
1.75239346311782e-102	0.940584827764202	0.782	0.491	5.90451453462919e-98	DYNLL1	c8
3.8364021987163e-102	4.38931831820558	0.04	0.002	1.29263735683547e-97	GTSF1L	c8
4.67581748873172e-102	1.5185187689564	0.676	0.4	1.57546994465327e-97	ISG15	c8
8.54597457073649e-102	4.06414967316791	0.054	0.004	2.87948067186395e-97	ATP1A4	c8
1.31915832208387e-101	3.51392097734308	0.054	0.004	4.44477205042938e-97	ACTG2	c8
1.57241701935796e-100	1.32473287012982	0.469	0.203	5.2981019050247e-96	NABP1	c8
5.62239397714059e-100	1.34876305086262	0.515	0.243	1.89440942665775e-95	FAS	c8
6.28354016448629e-100	1.41188384226127	0.487	0.22	2.11717602302201e-95	SOCS3	c8
7.94624243847503e-100	0.734662656501877	0.893	0.689	2.67740692721978e-95	PSMB8	c8
9.44173019261082e-100	1.83898451185563	0.241	0.068	3.18129657109829e-95	ATP1B1	c8
1.39173971983945e-99	0.852496550313758	0.824	0.565	4.68932781202704e-95	RAC1	c8
1.93638620600463e-99	1.29644400913641	0.516	0.242	6.52445968251199e-95	ANKRD10	c8
2.18147751305834e-99	1.21272229786099	0.608	0.321	7.35027033249879e-95	CMTM6	c8
1.07364132538623e-98	1.14456520761916	0.592	0.298	3.61752708175636e-94	CCM2	c8
1.44849035641439e-98	2.03122736620322	0.207	0.054	4.88054340690265e-94	SLC35F2	c8
2.28827771514853e-98	1.06695450818649	0.665	0.379	7.71012293342145e-94	RNASEK	c8
2.31675179918174e-98	0.951691693084782	0.79	0.523	7.80606351216297e-94	MAT2B	c8
2.12076410512228e-97	1.20363395976854	0.581	0.3	7.14570257579902e-93	SLAMF1	c8
8.96828386213028e-96	1.00411310498876	0.703	0.413	3.02177356450618e-91	MRPS6	c8
1.40851565146846e-95	1.00247795142797	0.674	0.37	4.74585263605784e-91	LINC00152	c8
1.50434713751637e-95	1.08531307814967	0.659	0.377	5.06874724514767e-91	SEC11C	c8
3.12711368889585e-95	1.14076916609228	0.542	0.26	1.05364968633657e-90	CSNK2B	c8
5.43238714531453e-95	3.13284897196797	0.082	0.01	1.83038852474228e-90	CTTNBP2NL	c8
1.3742052307984e-94	1.33289935666063	0.474	0.215	4.63024710465213e-90	LAP3	c8
2.17507276100721e-94	3.26820344307691	0.081	0.01	7.32869016093771e-90	CLEC7A	c8
2.46980521773196e-94	0.878805233616033	0.871	0.658	8.32176170062606e-90	PKM	c8
6.75029754474655e-94	2.19215335437752	0.18	0.044	2.2744452547269e-89	IZUMO4	c8
1.11120058889922e-93	1.01529058649653	0.755	0.505	3.74407926423704e-89	SCAND1	c8
1.33626038704822e-93	4.34972715396368	0.038	0.002	4.50239574812028e-89	AC011997.1	c8
1.49663511131029e-93	0.954132271497957	0.724	0.431	5.0427623440489e-89	PPM1G	c8
2.89062886022683e-93	1.2380169934239	0.557	0.279	9.73968488164828e-89	TLK1	c8
3.10942374924684e-93	0.809230357007595	0.832	0.624	1.04768923807123e-88	SH3BGRL	c8
6.081397776972e-93	2.55503436327125	0.104	0.016	2.04906616697295e-88	SOCS2	c8
2.42756754340447e-92	0.846692842454971	0.798	0.545	8.17944608074702e-88	FKBP1A	c8
2.61720609902468e-92	4.62571664427938	0.037	0.002	8.81841423005376e-88	LINC00589	c8
4.89343952338555e-92	3.25569679517676	0.07	0.008	1.64879551300953e-87	PDGFA	c8
1.76293798299237e-91	0.679369169483694	0.917	0.737	5.94004323989449e-87	UBE2D2	c8
2.57329451191526e-90	2.36619837594095	0.135	0.027	8.67045852844728e-86	PDE4A	c8
2.67233069005304e-90	0.85085149827043	0.898	0.748	9.00415102706472e-86	ZFP36L1	c8
1.1501305020379e-89	2.06047076965414	0.173	0.042	3.8752497135665e-85	VDR	c8
1.29058613763471e-89	0.851360115124293	0.855	0.637	4.34850093214639e-85	CORO1B	c8
2.20815152516358e-89	3.96111771327312	0.046	0.003	7.44014574888617e-85	RP1-207H1.3	c8
2.63536231256704e-89	1.54003592490568	0.353	0.138	8.87958977596338e-85	SMC4	c8
6.06559895319502e-89	1.13523631255135	0.571	0.299	2.04374291128953e-84	CD28	c8
1.05069711505587e-88	2.84318477683745	0.099	0.016	3.54021885946924e-84	TSHR	c8
1.34693294148312e-88	0.973277638035067	0.74	0.484	4.53835585303322e-84	WSB1	c8
1.44112507381529e-88	1.12821132919496	0.5	0.237	4.85572682371325e-84	PTTG1	c8
1.57986980211143e-88	1.91237383843771	0.296	0.107	5.32321331123424e-84	NGFRAP1	c8
1.06259555754186e-87	2.34104307330281	0.129	0.025	3.58030947158154e-83	VWA5A	c8
4.48544235241334e-87	2.97673105434487	0.077	0.01	1.51132494622215e-82	ATP6V0A1	c8
1.55480582835514e-86	2.19100952565251	0.143	0.031	5.23876275805981e-82	C3AR1	c8
2.77788452651418e-86	1.57892035353982	0.314	0.117	9.35980412363689e-82	C16orf87	c8
3.71071690195818e-86	1.66004535715975	0.253	0.081	1.25028895294579e-81	TFRC	c8
4.91755811213352e-86	0.836359207798824	0.921	0.763	1.65692203030227e-81	LY6E	c8
8.62954961227288e-86	1.30876246416032	0.595	0.339	2.90764044635922e-81	MX1	c8
8.81203644276561e-86	1.80943381230047	0.223	0.067	2.96912755902544e-81	CD83	c8
1.06670893557943e-85	1.38553667639039	0.356	0.14	3.59416908754132e-81	PHACTR2	c8
4.0597958026708e-85	1.81487595832259	0.225	0.068	1.3679075977519e-80	KCNN4	c8
6.48860580210837e-85	1.60726401944501	0.25	0.08	2.18627083896239e-80	TDRD3	c8
1.22782409999266e-84	1.76324624682425	0.232	0.072	4.13703052251526e-80	PKIA	c8
1.45941624279322e-84	1.52279612675983	0.352	0.141	4.91735708846747e-80	CD59	c8
1.61075465436287e-84	1.99095622911489	0.179	0.046	5.42727673241024e-80	TMED8	c8
1.80135754685129e-84	2.69265627969919	0.107	0.019	6.06949411836073e-80	ZG16B	c8
2.4806402138571e-84	3.35002394279306	0.061	0.006	8.3582691365701e-80	ADRBK2	c8
2.90586366394433e-84	1.64343623610529	0.259	0.085	9.79101702929403e-80	CHST7	c8
1.33768539010194e-83	1.24175673190099	0.53	0.275	4.50719715340948e-79	PIM3	c8
2.10727126623164e-83	0.876721328057643	0.751	0.494	7.1002398044409e-79	NOP10	c8
7.56215765256659e-83	2.02151888241091	0.163	0.04	2.54799339945579e-78	RP11-486I11.2	c8
1.10032381620078e-82	1.55917671479788	0.274	0.095	3.7074310663069e-78	ACOT9	c8
1.29534299453435e-82	1.30134432681408	0.423	0.189	4.36452868578403e-78	ADK	c8
3.5011248173348e-82	4.82546397880281	0.033	0.002	1.17966899595279e-77	CABLES1	c8
4.58900085960811e-82	0.901137751014051	0.745	0.488	1.54621794963636e-77	PAK2	c8
7.69753639537125e-82	1.31340882585532	0.387	0.162	2.59360791305639e-77	TMEM140	c8
8.65000411778542e-82	1.12172723548949	0.607	0.348	2.91453238744662e-77	CNIH1	c8
9.65631546544246e-82	2.66396410201064	0.089	0.014	3.25359893292618e-77	PIP5K1B	c8
2.50641696768617e-81	1.14013140724109	0.555	0.294	8.44512133092178e-77	TNIK	c8
1.13298756201406e-80	1.87337159379717	0.181	0.049	3.81748829145018e-76	GRPEL2	c8
2.01416668325191e-80	1.22544148982312	0.384	0.161	6.78653322254899e-76	MAF	c8
1.91013460270353e-79	1.76102604567977	0.144	0.033	6.43600753034927e-75	EBI3	c8
2.49893524798077e-79	2.57402878688359	0.096	0.016	8.41991242454639e-75	TSPAN13	c8
2.62988019688158e-79	1.10296153977948	0.537	0.28	8.86111833537281e-75	SFT2D1	c8
3.52055275756916e-79	1.09922835722709	0.586	0.326	1.18621504613535e-74	CCND2	c8
3.95338500806721e-79	1.27776292550971	0.436	0.205	1.33205354461817e-74	IL21R	c8
4.41578314464079e-79	1.61379626238638	0.255	0.087	1.48785397275527e-74	LRRC61	c8
4.45416867336203e-79	2.62387385295898	0.081	0.012	1.5007875928026e-74	ZBTB32	c8
1.13390910448402e-78	0.627938747945536	0.905	0.768	3.82059333664846e-74	ARL6IP5	c8
1.59610709893837e-78	0.660030501467038	0.83	0.615	5.37792325916295e-74	PGAM1	c8
4.25634427090564e-78	1.08877952719241	0.478	0.231	1.43413263863895e-73	GOLGA8B	c8
5.67065710086289e-78	0.910919071225624	0.541	0.274	1.91067120356474e-73	LIMS1	c8
6.53729932411892e-78	1.33546862796633	0.354	0.145	2.20267763426863e-73	BRE	c8
1.09489291921324e-77	1.4646384759256	0.312	0.12	3.68913220199709e-73	SEC14L1	c8
1.70425432963129e-77	0.454902892149174	0.985	0.953	5.74231453825968e-73	H3F3A	c8
3.24488190634546e-77	0.966435292953637	0.632	0.374	1.09333050952404e-72	PCED1B	c8
5.04500302771876e-77	1.54034895455	0.266	0.094	1.69986332015956e-72	ST6GALNAC4	c8
7.29071074576182e-77	1.50609087835601	0.293	0.11	2.45653207867699e-72	METTL8	c8
7.42693950948786e-77	0.432042514563626	0.985	0.938	2.50243299832684e-72	RPS26	c8
1.08053405337818e-76	0.893922267402191	0.711	0.468	3.64075143945245e-72	PSAP	c8
1.14344853716402e-76	2.81877375158081	0.077	0.011	3.85273550112044e-72	BFSP2	c8
2.15796960233228e-76	1.25138218602077	0.352	0.144	7.27106277809837e-72	FAM46C	c8
2.35431603004542e-76	1.8807686272804	0.191	0.056	7.93263243163505e-72	ADGRE1	c8
3.61764070094321e-76	1.65908872341842	0.224	0.071	1.21892785777581e-71	TTN	c8
1.74976754753669e-75	1.00279850818577	0.562	0.31	5.89566677467011e-71	GTF3C6	c8
9.31547159123767e-75	1.40409979155647	0.3	0.115	3.13875499795162e-70	CDIP1	c8
1.31160353909206e-74	1.89609638470618	0.139	0.033	4.41931696461677e-70	PLCL1	c8
2.1011616438118e-74	3.61222972087257	0.052	0.005	7.07965404265948e-70	MYOF	c8
4.50967945891452e-74	0.862013734356859	0.718	0.461	1.51949139688666e-69	WHSC1L1	c8
4.58833450049006e-74	0.833918231873597	0.737	0.482	1.54599342659512e-69	IL10RA	c8
7.82032769731382e-74	0.987846735577088	0.577	0.317	2.63498121433292e-69	HNRNPLL	c8
1.74662386597139e-73	1.63937240667904	0.223	0.073	5.88507445400401e-69	COMMD3	c8
2.08934606260605e-73	1.33225751973554	0.323	0.13	7.03984262334483e-69	LIMA1	c8
3.10825567282621e-73	0.892256043116295	0.568	0.294	1.04729566640206e-68	HLA-DRB5	c8
5.24360345750335e-73	1.05467122317408	0.521	0.271	1.76677974897118e-68	LMBRD1	c8
7.74965380374653e-73	0.96534336553896	0.622	0.37	2.61116835263436e-68	GATA3	c8
1.07788825394464e-72	2.58604453279295	0.096	0.017	3.63183668284107e-68	SLC9A7	c8
2.1875245227479e-72	2.07902244119206	0.135	0.032	7.37064512694677e-68	PPP1R3F	c8
2.20488475591409e-72	1.40239654681928	0.279	0.103	7.42913869657694e-68	ZNF821	c8
2.51371421043968e-72	0.55526403911453	0.968	0.871	8.46970866065547e-68	CIRBP	c8
3.0529659746744e-72	0.802464898938359	0.832	0.611	1.02866635550679e-67	NEAT1	c8
3.36373956311803e-72	1.20677914799122	0.448	0.215	1.13337840839699e-67	HLA-DQA1	c8
4.10538931367336e-72	3.68888187848063	0.048	0.005	1.3832698753491e-67	LRG1	c8
1.28922025046334e-71	4.33749931268068	0.033	0.002	4.34389871191117e-67	LINC00885	c8
1.68626166992642e-71	0.948491151971122	0.618	0.364	5.6816900706501e-67	C4orf48	c8
2.69152421099326e-71	0.88815434566475	0.678	0.43	9.06882167652069e-67	TNIP1	c8
5.85100713932179e-71	2.06395045758393	0.11	0.023	1.97143834552308e-66	LINC00891	c8
6.42470689344411e-71	1.39507042314144	0.277	0.104	2.16474074067706e-66	MICAL2	c8
1.20816345276107e-70	1.2613322381556	0.291	0.11	4.07078593773316e-66	MCM5	c8
1.332830227993e-70	1.31898149560567	0.284	0.108	4.49083817019963e-66	CCR4	c8
1.84933383659106e-70	0.726866933688531	0.837	0.66	6.23114542900991e-66	ENO1	c8
2.4653780795397e-70	0.828856715988328	0.716	0.481	8.30684490120108e-66	CSK	c8
2.59011961800688e-70	3.56979018069282	0.043	0.004	8.72714904091238e-66	ADAM12	c8
9.83113523867599e-70	1.16247512967447	0.407	0.189	3.31250270731949e-65	NCOA3	c8
1.45287884039127e-69	0.965281505383421	0.54	0.292	4.89532996481435e-65	GALM	c8
2.2922707240843e-69	1.58730979253369	0.236	0.083	7.72357697772965e-65	DAPP1	c8
4.05407620169228e-69	0.939565112338316	0.519	0.272	1.3659804353982e-64	CD58	c8
4.1687217440069e-69	1.04319629986575	0.48	0.244	1.40460910442569e-64	RFTN1	c8
5.6790402398705e-69	0.998644410921798	0.531	0.29	1.91349581842197e-64	FAM129A	c8
1.63609503196914e-68	1.74864891480927	0.159	0.043	5.51265860071683e-64	GNA15	c8
2.49204995653245e-68	0.797992136011817	0.745	0.514	8.39671312354044e-64	UBE2B	c8
3.95335966725841e-68	0.98754071861074	0.485	0.249	1.33204500628605e-63	BCL2	c8
4.1801520760147e-68	1.71159196712627	0.161	0.045	1.40846044049239e-63	CCDC141	c8
5.18633710088942e-68	1.65536412280274	0.193	0.06	1.74748442277368e-63	SLC12A6	c8
1.06273892083522e-67	1.66530791127069	0.198	0.063	3.58079251986218e-63	ALDH3A2	c8
1.3585350718857e-67	0.490099649404365	0.951	0.869	4.57744807121168e-63	LSP1	c8
3.04890743254019e-67	0.542268431286544	0.963	0.909	1.02729887032009e-62	LIMD2	c8
3.17502749391768e-67	1.94729228839156	0.158	0.044	1.06979376380062e-62	SLC16A1	c8
4.62745393945154e-67	2.13432661413738	0.097	0.019	1.5591743303588e-62	UTS2	c8
1.04012695984258e-66	1.35041417226066	0.294	0.118	3.50460377849358e-62	RAB33A	c8
1.49246988467556e-66	1.27189312515187	0.355	0.158	5.02872802942582e-62	LEPROT	c8
1.50778886309166e-66	1.81608204512152	0.186	0.058	5.08034379530105e-62	GADD45G	c8
1.94421128097162e-66	0.827029494158599	0.593	0.333	6.55082549010576e-62	PRDM1	c8
2.43953531495566e-66	0.883848692297619	0.78	0.548	8.2197702902116e-62	STAT1	c8
3.06826933507971e-66	1.67808741935189	0.179	0.054	1.03382266976176e-61	PCYOX1L	c8
3.38082516317579e-66	4.06961550069843	0.03	0.002	1.13913523048045e-61	RP11-492E3.2	c8
6.22114610856091e-66	0.822367439736851	0.684	0.439	2.09615296981851e-61	CLTA	c8
6.71431015936002e-66	0.925812286660135	0.57	0.326	2.26231966509477e-61	ECH1	c8
8.20666131357341e-66	1.13729425114554	0.438	0.218	2.76515246299543e-61	GBP4	c8
2.1030810401475e-65	0.650863356287587	0.802	0.587	7.08612125667298e-61	PRDX1	c8
2.4085776343811e-65	0.912016692477476	0.554	0.31	8.11546148128368e-61	PRDX3	c8
2.74298059015945e-65	0.591113046459175	0.875	0.696	9.24219880048324e-61	PARK7	c8
3.71266677627169e-65	0.727965066572743	0.813	0.629	1.25094594359699e-60	SP100	c8
4.10871785911918e-65	0.697891018483861	0.82	0.622	1.38439139545162e-60	MCL1	c8
5.68777783697808e-65	1.80530994687963	0.171	0.051	1.91643986439139e-60	FNDC3B	c8
7.48757958544793e-65	0.671893439257245	0.818	0.619	2.52286506552083e-60	EID1	c8
1.17153018276006e-64	0.997631206644671	0.485	0.252	3.94735379779175e-60	RBM4	c8
1.34293366478975e-64	1.66755207466219	0.181	0.056	4.52488069014257e-60	INPP1	c8
1.41685462900649e-64	1.19296914178388	0.389	0.183	4.77394998697447e-60	CD320	c8
2.14285209405039e-64	0.921174522305392	0.595	0.343	7.22012584569337e-60	TANK	c8
3.44626371784435e-64	2.32936092447078	0.092	0.018	1.16118409709048e-59	AC002331.1	c8
8.48628537996434e-64	1.84715176427555	0.141	0.038	2.85936899592518e-59	GM2A	c8
1.45649295051655e-63	1.15874907650051	0.407	0.202	4.90750734747045e-59	SQRDL	c8
1.76311690012589e-63	3.12588036804462	0.047	0.005	5.94064608328419e-59	RP11-356I2.1	c8
1.97280174397871e-63	2.10464844738908	0.126	0.031	6.64715819616188e-59	MIR181A1HG	c8
2.25981811548837e-63	0.693515795847328	0.789	0.569	7.6142311583265e-59	NDUFV2	c8
2.88451589450003e-63	2.66694097023339	0.083	0.015	9.7190878549284e-59	STAC	c8
4.6763136138779e-63	2.89571869320387	0.062	0.009	1.57563710906002e-58	FLVCR2	c8
5.52266046386416e-63	0.986466161980219	0.445	0.222	1.86080521669439e-58	FAM104A	c8
5.89359340271917e-63	0.698559032724927	0.785	0.562	1.9857873611122e-58	BUB3	c8
6.2367039712623e-63	0.73297166481638	0.718	0.484	2.10139503607712e-58	SEC11A	c8
1.22612896201355e-62	2.39533049502778	0.102	0.022	4.13131892460846e-58	XXYLT1-AS2	c8
1.93000500527208e-62	1.21011744705858	0.324	0.14	6.50295886476376e-58	SGMS1	c8
5.66394933930669e-62	3.21808871245793	0.051	0.006	1.908411090386e-57	DNAH8	c8
6.5268386971857e-62	1.67852164014176	0.17	0.051	2.19915303062975e-57	AKAP2	c8
9.3112536464294e-62	1.11892746453928	0.488	0.269	3.13733380362792e-57	ZFAND5	c8
1.09940966092942e-61	1.24432465523047	0.337	0.15	3.70435091153559e-57	TMEM60	c8
1.47736694389065e-61	0.858704873290363	0.587	0.351	4.97784018074517e-57	NDUFA13	c8
2.27360755984669e-61	1.08259217341509	0.504	0.288	7.66069331214742e-57	UGP2	c8
2.34159375085166e-61	1.40257818691153	0.25	0.096	7.88976598411957e-57	CTD-2020K17.1	c8
4.24789232259748e-61	0.60518126603615	0.824	0.594	1.431284839176e-56	HLA-DPB1	c8
4.92157102964413e-61	0.922876934021431	0.721	0.497	1.65827414272829e-56	BAX	c8
6.11407429597646e-61	0.833746857163217	0.667	0.446	2.06007619328631e-56	CHURC1	c8
6.70772213516583e-61	0.856792149950809	0.541	0.303	2.26009989622277e-56	YWHAH	c8
8.42313088273665e-61	0.561040710994398	0.883	0.747	2.83808971962929e-56	HCLS1	c8
1.35890299531465e-60	0.698969321521841	0.736	0.501	4.57868775241319e-56	PSMA5	c8
1.47702715016434e-60	1.2227706857866	0.338	0.154	4.97669527976372e-56	MT1E	c8
1.68561526786335e-60	1.17587201960565	0.346	0.159	5.67951208353876e-56	KDM5B	c8
1.81092381449394e-60	0.689356095331173	0.788	0.585	6.10172670055587e-56	STAT3	c8
1.94371502238447e-60	1.29866338022006	0.361	0.174	6.54915339642225e-56	HOXB2	c8
2.38527026276495e-60	0.714601855430982	0.769	0.557	8.03692962336021e-56	CDKN1B	c8
3.36354608826858e-60	1.30819802659647	0.329	0.149	1.13331321898121e-55	TXNDC11	c8
4.485198904119e-60	1.5300942380476	0.208	0.073	1.51124291875386e-55	FUCA2	c8
4.56810765406941e-60	0.719318561450312	0.665	0.416	1.53917819296215e-55	SAMSN1	c8
9.27342349763231e-60	0.901404021643704	0.453	0.232	3.12458731329223e-55	MTHFD2	c8
1.14045699879167e-59	1.45050021629676	0.221	0.08	3.84265581172864e-55	FRMD4B	c8
1.90855664058416e-59	1.43895401485437	0.248	0.097	6.43069074478427e-55	PTPRJ	c8
1.95520908963521e-59	2.1309192375872	0.104	0.023	6.58788150661689e-55	CASP9	c8
2.10200809086563e-59	1.9811219461288	0.1	0.022	7.08250606136265e-55	SERPINE2	c8
3.97221735992346e-59	0.530731207471849	0.894	0.74	1.33839891725261e-54	COX8A	c8
5.11597358112846e-59	4.10830642404641	0.027	0.002	1.72377613842542e-54	CPE	c8
7.93575951674892e-59	1.02832146445034	0.41	0.204	2.67387481157338e-54	LINC00649	c8
1.13094467405224e-58	0.776050508740503	0.595	0.347	3.81060498475162e-54	CTSB	c8
1.23282989902335e-58	1.62039364926654	0.162	0.05	4.15389706176929e-54	GCNT1	c8
1.63282146897151e-58	1.19743981806241	0.37	0.18	5.50162865755261e-54	ZC3H7A	c8
1.73558458529615e-58	0.328552984169829	0.999	0.991	5.84787870169685e-54	FTH1	c8
1.9081950994762e-58	0.714230108900153	0.78	0.571	6.42947256817512e-54	BST2	c8
2.19566936109333e-58	1.23977313496773	0.281	0.117	7.39808834526787e-54	IFT27	c8
2.22367858946742e-58	2.1481790275347	0.124	0.032	7.49246263935154e-54	TRIB1	c8
3.49569405213619e-58	1.27452958694014	0.291	0.124	1.17783915392677e-53	GLCCI1	c8
4.37891636528576e-58	1.04264803910155	0.387	0.188	1.47543208011938e-53	NDFIP2	c8
4.88453556638127e-58	0.82731870884891	0.531	0.295	1.64579541373651e-53	IFI27L2	c8
5.86407664546285e-58	2.16400872984915	0.114	0.028	1.97584198492225e-53	CXorf21	c8
1.39147623502271e-57	1.50470885613214	0.18	0.059	4.68844002628551e-53	MIR3142HG	c8
1.672387208794e-57	0.72202495093978	0.737	0.508	5.63494146131052e-53	NDUFC1	c8
2.04193771385211e-57	1.64542394252226	0.17	0.054	6.8801049330533e-53	SGPP2	c8
2.44429210351143e-57	0.835902575597819	0.6	0.373	8.23579781357142e-53	COPZ1	c8
3.57491948422168e-57	1.44921959024455	0.236	0.091	1.20453337101365e-52	ACSL4	c8
3.93273590110736e-57	0.988017417130708	0.465	0.252	1.32509603451911e-52	SAMD9L	c8
4.24008430630259e-57	1.4418895340088	0.218	0.08	1.42865400616559e-52	GPHN	c8
5.08792240339743e-57	1.39520820467257	0.223	0.084	1.71432457460073e-52	CSGALNACT1	c8
5.67867502915378e-57	0.660902364060452	0.837	0.667	1.91337276432307e-52	CUTA	c8
1.03294136280162e-56	0.952870232186983	0.46	0.245	3.48039262782378e-52	TRIM69	c8
1.12362737261368e-56	1.01353623167715	0.411	0.209	3.78595006928454e-52	TMBIM4	c8
1.18401239523407e-56	1.3987102831569	0.197	0.068	3.98941136450167e-52	ADCK3	c8
1.2113193099912e-56	0.703266796591422	0.75	0.538	4.08141928308435e-52	CD164	c8
1.55902056442944e-56	2.16669975973516	0.09	0.019	5.25296388978855e-52	RP11-347I19.7	c8
1.83115375745992e-56	1.56250868918	0.2	0.071	6.16988947038544e-52	NCR3	c8
2.09579019207323e-56	1.31682813636822	0.248	0.098	7.06155547317153e-52	STYXL1	c8
2.82502976004522e-56	0.816316561565128	0.624	0.393	9.51865527349637e-52	HN1	c8
5.32110613319123e-56	1.03558248853768	0.376	0.181	1.79289350051745e-51	MIIP	c8
7.48105442988097e-56	2.94106270732046	0.051	0.007	2.5206664796041e-51	RHOD	c8
8.41846175927663e-56	0.509072191132589	0.905	0.762	2.83651650517067e-51	HNRNPK	c8
1.15309787539275e-55	1.34433817822678	0.25	0.101	3.88524798134832e-51	TTC7A	c8
1.17377101200998e-55	0.432736681814197	0.893	0.718	3.95490404786643e-51	TPI1	c8
1.77602032179082e-55	0.636122038339448	0.793	0.594	5.98412287224199e-51	EZR	c8
2.34879583149064e-55	0.427516393661793	0.963	0.887	7.91403267462455e-51	ALDOA	c8
2.75120021556305e-55	1.17991726965554	0.294	0.127	9.26989400631815e-51	RPS6KA5	c8
2.88784367739253e-55	1.33230686670795	0.248	0.1	9.7303004866064e-51	PHF19	c8
5.46492745497388e-55	0.978410935436117	0.417	0.213	1.8413526566789e-50	NBR1	c8
5.50394195259943e-55	1.58069777552392	0.183	0.063	1.85449820150885e-50	FANCL	c8
5.67986489499752e-55	1.04096177806234	0.37	0.18	1.91377367772046e-50	CHMP4A	c8
6.09971492843399e-55	1.20546756632876	0.269	0.111	2.05523794798655e-50	GPR155	c8
6.47354548282964e-55	0.764761077341124	0.67	0.438	2.18119641498462e-50	COX17	c8
9.56872809081641e-55	1.40878566533537	0.242	0.097	3.22408724291968e-50	USP18	c8
1.20753519508743e-54	0.806854012281565	0.61	0.378	4.0686690863276e-50	VOPP1	c8
1.48036173651009e-54	0.74394838880083	0.716	0.498	4.9879308349971e-50	BIRC3	c8
1.62573985312368e-54	0.891697554700952	0.502	0.282	5.47776786111493e-50	THEM4	c8
1.68603341754433e-54	1.3865023514572	0.325	0.152	5.68092099707386e-50	RBKS	c8
2.24499594910952e-54	0.994844468822527	0.489	0.276	7.56428935092961e-50	CRTAP	c8
3.11333366575597e-54	0.328266454810703	1	0.995	1.04900664533982e-49	TMSB10	c8
4.71160431512808e-54	0.487195627741742	0.922	0.821	1.58752795793925e-49	SUB1	c8
6.53052914650693e-54	0.647815965545513	0.749	0.55	2.20039649062404e-49	COPE	c8
7.23516167983656e-54	1.0403580101316	0.463	0.259	2.43781537640413e-49	SAMD9	c8
1.05959265586411e-53	0.509708152123282	0.905	0.775	3.57019149466853e-49	COX5B	c8
2.59620643078379e-53	1.16683681634307	0.284	0.124	8.74765794788289e-49	OAS3	c8
4.46692174697791e-53	1.35211384277112	0.221	0.084	1.50508461342674e-48	DCP1B	c8
4.7142307655786e-53	1.23717308473178	0.31	0.142	1.58841291415405e-48	PVT1	c8
5.46125661772189e-53	0.897063765161946	0.394	0.197	1.84011580477521e-48	FBLN7	c8
6.68128748641883e-53	1.82638772814083	0.124	0.034	2.25119300567396e-48	PCTP	c8
7.80463595050339e-53	0.895051646233012	0.435	0.228	2.62969403716261e-48	UBE2V1	c8
8.14188352287875e-53	1.69748721552993	0.129	0.036	2.74332623419876e-48	RENBP	c8
8.33565893800117e-53	0.71340545026891	0.853	0.722	2.80861692257011e-48	ISG20	c8
9.94278993337921e-53	1.45887126761558	0.2	0.073	3.35012364015279e-48	IL18R1	c8
1.02666856213502e-52	0.671267594692701	0.753	0.558	3.45925705325775e-48	TAP1	c8
1.07884859087898e-52	0.938438099072891	0.45	0.246	3.63507244210762e-48	LYPLA1	c8
1.50260772701016e-52	1.16872171931911	0.242	0.097	5.06288647538804e-48	HERC6	c8
1.58154356463379e-52	0.752603254440969	0.634	0.41	5.32885288667711e-48	PRKAR1A	c8
1.94811970629137e-52	1.15089789394405	0.335	0.161	6.56399453837813e-48	TMEM154	c8
2.01922469681561e-52	1.73402807643465	0.153	0.049	6.80357569345051e-48	CTSZ	c8
4.11925441391117e-52	1.20586846269808	0.316	0.149	1.38794158222323e-47	PAM	c8
4.80126923323429e-52	1.347031941479	0.238	0.097	1.61773965544596e-47	CEACAM21	c8
5.6026576705443e-52	2.06871206159766	0.101	0.025	1.8877594755132e-47	FAM135A	c8
5.84374854818243e-52	1.14357255843583	0.27	0.115	1.96899263582459e-47	ISOC1	c8
6.25831096003493e-52	1.03204112555038	0.374	0.187	2.10867529487417e-47	TACC3	c8
9.14717559655289e-52	2.6779891363174	0.058	0.009	3.08204934550253e-47	PDCD1LG2	c8
9.8458223335857e-52	1.19003152036855	0.254	0.105	3.31745137707837e-47	TULP4	c8
1.01540801250795e-51	0.806888069128814	0.602	0.389	3.42131575734428e-47	SDF4	c8
1.03376873510755e-51	0.808631444167965	0.521	0.302	3.48318037607138e-47	LASP1	c8
1.07270444129063e-51	0.671293670735348	0.742	0.548	3.61437034448464e-47	PAIP2	c8
1.86443504738521e-51	0.816157222767049	0.503	0.285	6.28202744865972e-47	TADA3	c8
2.17362067564196e-51	0.324058442263811	0.996	0.984	7.32379750450803e-47	H3F3B	c8
2.20877875134684e-51	0.794489601533108	0.569	0.344	7.44225912478805e-47	RNF187	c8
2.35347445725252e-51	0.898448550492884	0.459	0.252	7.92979683626662e-47	MATR3.1	c8
2.88499270795396e-51	2.20777342595273	0.082	0.017	9.72069443018009e-47	PDE9A	c8
3.08143992848178e-51	1.17991337294624	0.281	0.124	1.03826036950265e-46	ZNF280D	c8
4.63471053917226e-51	1.23827939120234	0.286	0.128	1.5616193690687e-46	TSPAN17	c8
6.20862403670694e-51	0.682647131856688	0.744	0.551	2.09193378292804e-46	RHOG	c8
6.59431478171441e-51	1.09561738055011	0.376	0.194	2.22188842255085e-46	C15orf57	c8
6.96234860747195e-51	1.00479938090336	0.354	0.172	2.3458937398016e-46	UXS1	c8
8.1416567109004e-51	1.41544365045079	0.389	0.213	2.74324981217078e-46	MAL	c8
1.03475822678486e-50	0.931577966454826	0.417	0.221	3.48651436932892e-46	SPPL2A	c8
1.07806245717733e-50	1.02459694334181	0.367	0.184	3.6324236432133e-46	TRIM14	c8
1.22009774232014e-50	1.03412619173398	0.333	0.159	4.1109973329735e-46	ACAA2	c8
1.22234441895842e-50	0.860203177283555	0.501	0.287	4.11856728523851e-46	SLC44A2	c8
1.40973862267766e-50	2.89679046846308	0.049	0.007	4.74997331525012e-46	PARD6G	c8
1.71581854728793e-50	1.55137936830065	0.173	0.061	5.78127901323195e-46	CAMK1	c8
1.82024386928601e-50	0.534574376763497	0.866	0.7	6.13312969317228e-46	DDX24	c8
1.82513407966026e-50	1.02882353233717	0.164	0.055	6.14960676800727e-46	ZBED2	c8
1.88216150373953e-50	2.8361866871315	0.057	0.009	6.34175497069997e-46	NTRK1	c8
2.0025158431175e-50	1.77929995442193	0.149	0.048	6.74727688180012e-46	NFE2L3	c8
2.44271783843481e-50	1.89202862715973	0.091	0.021	8.23049348482226e-46	ZNF280C	c8
2.72729282649548e-50	0.676628661908527	0.691	0.479	9.18934044959386e-46	TXN	c8
3.48564457117338e-50	1.42711694572652	0.232	0.095	1.17445308181116e-45	TCEAL4	c8
3.79530981890514e-50	1.00217111647858	0.374	0.19	1.2787916903819e-45	OBFC1	c8
5.51925771950302e-50	0.595129811049713	0.692	0.473	1.85965869600935e-45	EEF1G	c8
6.13606449656163e-50	0.541007456051586	0.876	0.728	2.06748557147147e-45	JAK1	c8
6.36794283175099e-50	1.53912262697175	0.153	0.05	2.14561465773018e-45	ABHD5	c8
6.69722983809592e-50	0.780366792595667	0.531	0.312	2.25656462164804e-45	FAM96A	c8
7.27071066604622e-50	1.29193921500603	0.238	0.098	2.44979325181761e-45	FAM53B	c8
9.03177809711869e-50	1.29835015421277	0.217	0.085	3.04316731204317e-45	SH3TC1	c8
1.15196895264407e-49	1.07410728582967	0.345	0.169	3.88144418903892e-45	NFAT5	c8
1.22145973951162e-49	1.03068416164081	0.365	0.185	4.11558644631045e-45	GNG10	c8
1.27591215470159e-49	1.21865844744003	0.302	0.141	4.29905841405154e-45	CFAP20	c8
1.34565145256233e-49	0.454498072627501	0.922	0.818	4.53403800426353e-45	NDUFA4	c8
1.92800938868494e-49	0.472489159549655	0.884	0.741	6.49623483423505e-45	ARF1	c8
1.93479769687823e-49	0.520901065090139	0.851	0.698	6.51910735986149e-45	BRK1	c8
2.01421478698575e-49	0.77233914668846	0.592	0.375	6.78669530326979e-45	VAMP5	c8
2.6040063372519e-49	0.540732649645914	0.843	0.682	8.77393895273655e-45	SLC25A3	c8
2.78524071834874e-49	0.715844087537309	0.618	0.4	9.38459007640425e-45	VMP1	c8
2.80569826288908e-49	0.989035132646034	0.37	0.187	9.45351972697848e-45	MOB3A	c8
2.89795323946757e-49	0.995684565242506	0.388	0.204	9.76436364506202e-45	ADAM10	c8
3.48495881549001e-49	1.8762418635048	0.129	0.038	1.1742220232912e-44	KLHL2	c8
4.01170871309709e-49	1.25150780813156	0.24	0.1	1.35170513379093e-44	PCK2	c8
8.28953011357181e-49	0.339454625786023	0.999	0.999	2.79307427646688e-44	ACTB	c8
8.2901729780424e-49	2.83185041506165	0.061	0.011	2.79329088322161e-44	CEP55	c8
9.32293944005979e-49	1.10410663338657	0.302	0.139	3.14127121493375e-44	HSH2D	c8
1.16181324927401e-48	0.667553308793037	0.668	0.452	3.91461356210383e-44	UBE2N	c8
1.2318123098854e-48	0.737885164116538	0.487	0.276	4.15046839692786e-44	ARL6IP1	c8
1.87788626147897e-48	1.20458101970627	0.275	0.122	6.32734996942725e-44	RTP4	c8
3.06869062421834e-48	1.76115831785837	0.128	0.038	1.03396461892413e-43	FLNB	c8
4.64134765361819e-48	3.23966524539397	0.038	0.004	1.56385567841011e-43	TMEM136	c8
5.50076346555652e-48	1.44204811307326	0.203	0.079	1.85342724208461e-43	BACH1	c8
6.46732709476347e-48	0.727591678442069	0.603	0.379	2.1791011913096e-43	ZBTB38	c8
7.9605395915273e-48	1.13994583842779	0.267	0.118	2.68222420996921e-43	BANP	c8
8.2592629520237e-48	0.844708349492393	0.492	0.289	2.78287605905487e-43	LMAN1	c8
8.45801420011484e-48	0.671667390884389	0.683	0.473	2.84984330458669e-43	FMNL1	c8
9.43169584451327e-48	1.00611793050341	0.381	0.201	3.1779155978503e-43	CTNNB1	c8
1.0570670121516e-47	1.37217523110104	0.213	0.085	3.56168159074361e-43	EMC9	c8
1.28235394308256e-47	1.30108330615134	0.219	0.088	4.32076337582239e-43	PHKB	c8
1.35109777843663e-47	1.99466917502002	0.103	0.027	4.55238885466439e-43	ANKS1B	c8
1.58454654356447e-47	0.847360896900145	0.489	0.285	5.33897112388612e-43	NUDT5	c8
1.83304900477083e-47	1.05069482335312	0.312	0.149	6.17627531667484e-43	RFX5	c8
1.97758580056715e-47	0.826004248931257	0.462	0.257	6.66327759643095e-43	PSMD11	c8
2.30501604161339e-47	1.74226144578615	0.131	0.04	7.76652105061216e-43	SLFN12	c8
2.70698387865643e-47	0.710531518735078	0.616	0.394	9.12091148074497e-43	CMTM7	c8
3.96988873605937e-47	1.0622616202758	0.336	0.167	1.33761431072784e-42	IKBKE	c8
5.72480942970979e-47	0.89538319729389	0.41	0.219	1.92891728924642e-42	CNST	c8
8.80600818919358e-47	0.684313304961527	0.52	0.301	2.96709639926689e-42	LGALS3	c8
9.20225949153251e-47	1.41135846047499	0.204	0.081	3.10060931307696e-42	GCA	c8
1.01206361404771e-46	0.63733760407074	0.693	0.466	3.41004714117235e-42	PTPN7	c8
1.1594392437816e-46	0.630358909587016	0.714	0.516	3.90661458799772e-42	VCP	c8
1.41557941939972e-46	0.272748056081156	1	0.995	4.76965329572543e-42	HLA-C	c8
1.68765320671513e-46	1.26098584837768	0.21	0.084	5.68637871470594e-42	PTP4A3	c8
2.26588815636234e-46	0.815139594608015	0.473	0.271	7.63468355404727e-42	RAB10	c8
2.82261358972944e-46	1.22804712607719	0.255	0.113	9.51051422923439e-42	MCCC2	c8
3.08529142166119e-46	0.989485402746732	0.336	0.166	1.03955809161452e-41	EML2	c8
3.62311117101085e-46	1.03170227813765	0.29	0.135	1.2207710779604e-41	NPTN	c8
3.6257186268767e-46	0.542578347054656	0.834	0.682	1.22164963413983e-41	ATPIF1	c8
3.63994353736635e-46	0.880767708874405	0.45	0.254	1.22644257548022e-41	ARPP19	c8
3.6532590659981e-46	0.417358917021259	0.923	0.808	1.2309291096974e-41	TCEB2	c8
3.84993612560722e-46	1.46733309034826	0.172	0.062	1.2971974781621e-41	SLC35E3	c8
4.74689566352902e-46	2.467278210348	0.056	0.009	1.59941902486947e-41	TMEM169	c8
6.11830760688039e-46	1.13140674051965	0.284	0.131	2.06150256506228e-41	TBK1	c8
8.1843588633824e-46	1.35926425940933	0.236	0.102	2.75763787542807e-41	LY96	c8
8.3322234207177e-46	0.86177163139721	0.497	0.299	2.80745935937662e-41	PHPT1	c8
8.56534857951792e-46	0.877509794176718	0.426	0.233	2.88600855038277e-41	SNX20	c8
8.77608996465821e-46	1.02174612939746	0.314	0.153	2.95701575269194e-41	FAM63B	c8
1.13516538325433e-45	0.696422179229595	0.619	0.398	3.82482624233715e-41	HERPUD1	c8
1.16762728136594e-45	0.963686856553014	0.387	0.205	3.9342033618344e-41	MORC3	c8
1.31011945355878e-45	1.29364412433573	0.171	0.062	4.41431648682095e-41	RAB30	c8
1.43776984118954e-45	0.971811929831785	0.312	0.148	4.84442170290404e-41	AP1S1	c8
1.52974648705665e-45	1.09912293403406	0.277	0.127	5.15432781348868e-41	FAAH2	c8
1.57078547598731e-45	0.798017461517414	0.613	0.42	5.29260458279163e-41	DOK2	c8
1.98071264271101e-45	1.24826685897015	0.215	0.087	6.67381317835048e-41	ADORA2A	c8
2.39415461464243e-45	0.863802950201958	0.406	0.218	8.06686455857621e-41	SLC25A38	c8
2.39492072759675e-45	1.08380188828247	0.312	0.152	8.06944589956448e-41	LAX1	c8
2.83926293899715e-45	2.70693623862292	0.057	0.01	9.566612546657e-41	COCH	c8
2.89378446999583e-45	0.903126053085992	0.388	0.205	9.75031739320393e-41	EFHD2	c8
3.81907109024025e-45	3.15595181504834	0.038	0.005	1.28679781314555e-40	SLC1A1	c8
3.8919053809839e-45	1.05346024283437	0.294	0.14	1.31133859906871e-40	BCL2L1	c8
6.0237997808538e-45	0.641420917404738	0.696	0.501	2.02965909816088e-40	SIT1	c8
7.89263680836895e-45	0.923998496894822	0.402	0.217	2.65934504621183e-40	UBL7	c8
1.06706848024743e-44	0.783419004391706	0.518	0.319	3.59538053734571e-40	IL27RA	c8
1.21045490505263e-44	1.630375210691	0.136	0.044	4.07850675708434e-40	ATP13A3	c8
1.22241819551027e-44	0.428218341105127	0.928	0.821	4.1188158679523e-40	SKP1	c8
1.29963523493167e-44	0.762048907274131	0.592	0.388	4.37899096057876e-40	SAMHD1	c8
1.32670194106339e-44	0.853999928521593	0.419	0.233	4.47018952021899e-40	HADHB	c8
1.40620189941439e-44	0.953864840048765	0.354	0.18	4.73805667988685e-40	UNC119	c8
1.69063589210449e-44	1.05219381960464	0.273	0.125	5.69642857485686e-40	GLB1	c8
1.91148090332317e-44	1.22957949393557	0.226	0.095	6.44054375565709e-40	KLHL22	c8
2.59358755885036e-44	0.407994263807651	0.958	0.902	8.73883392079039e-40	DDX5	c8
3.12256143746916e-44	0.968326545661354	0.316	0.155	1.05211585074086e-39	MSI2	c8
3.46336884267739e-44	1.07817119438656	0.293	0.139	1.16694749785172e-39	KIAA0040	c8
4.2749716691773e-44	1.16942208998276	0.23	0.098	1.4404089542126e-39	EGLN1	c8
4.38591283073793e-44	0.608777658711278	0.777	0.598	1.47778946918884e-39	TRAC	c8
5.54417693618417e-44	1.03245774349992	0.26	0.117	1.8680549768779e-39	CCDC50	c8
5.99231716862076e-44	2.26137837193652	0.072	0.016	2.01905134679508e-39	AKR1C3	c8
6.27299235738411e-44	0.808870318443489	0.452	0.255	2.113622044897e-39	GCHFR	c8
9.1390408000633e-44	0.71392180508777	0.557	0.346	3.07930840717333e-39	YWHAE	c8
1.11778762483947e-43	6.0245724769849	0.012	0	3.76627362313412e-39	SEC14L6	c8
1.20091113775793e-43	1.24731395560119	0.2	0.08	4.04634998756159e-39	TP53INP1	c8
1.26653767278684e-43	1.16142989021809	0.242	0.106	4.26747203468796e-39	MBOAT7	c8
1.58894759935522e-43	0.55168703062784	0.778	0.573	5.35380004126747e-39	ERH	c8
1.75718160396666e-43	0.795414665654769	0.484	0.281	5.92064769640528e-39	AKIRIN2	c8
1.89152630878105e-43	0.740849407856862	0.539	0.333	6.37330874480689e-39	H2AFY	c8
2.28186734459202e-43	0.906893364391485	0.398	0.218	7.68852383086834e-39	PARP9	c8
2.82504196251455e-43	0.753581724653187	0.538	0.339	9.51869638849651e-39	XAF1	c8
2.92511121434401e-43	4.29941084206312	0.021	0.001	9.85586972561071e-39	ZNF334	c8
3.11346670345715e-43	0.838265188903017	0.442	0.253	1.04905147106285e-38	TXNDC17	c8
3.25608821596403e-43	4.12659186235192	0.017	0.001	1.09710636348692e-38	CACNB2	c8
4.02705864536344e-43	0.553159484163889	0.818	0.629	1.35687713996876e-38	C9orf16	c8
4.63748776702804e-43	2.73144677059507	0.048	0.008	1.56255512822243e-38	CREB3L3	c8
4.76103523599203e-43	0.785062098441428	0.545	0.344	1.60418321241515e-38	CTSS	c8
5.82438060547198e-43	0.868453285555988	0.419	0.238	1.96246680120773e-38	STARD7	c8
6.21518841236777e-43	0.3456097012554	0.974	0.906	2.0941455836632e-38	HNRNPA2B1	c8
6.25878118234373e-43	0.655322237853132	0.678	0.488	2.1088337315789e-38	POLD4	c8
6.62827083871787e-43	0.613605413189322	0.674	0.458	2.2333295763976e-38	NDUFA6	c8
6.99417303690749e-43	0.945873228333126	0.346	0.179	2.35661666305561e-38	RTN3	c8
7.6106470717348e-43	0.729641340645903	0.554	0.351	2.56433142435032e-38	COMMD7	c8
7.70225524901522e-43	0.818105555427375	0.445	0.254	2.59519788360319e-38	ORMDL3	c8
1.10289186194031e-42	1.4321728268088	0.142	0.048	3.71608383962168e-38	HIST1H2BK	c8
1.11817957735198e-42	0.82157582022816	0.439	0.251	3.76759426792976e-38	CYB5B	c8
1.29662279851589e-42	0.669976408570532	0.622	0.408	4.36884085731944e-38	ANXA7	c8
1.43118735229732e-42	0.742638400806814	0.573	0.369	4.82224266483059e-38	SURF4	c8
1.79645670511848e-42	0.95911404932595	0.352	0.185	6.05298122222622e-38	SAR1B	c8
2.25761246168485e-42	0.757629411281279	0.504	0.309	7.60679942840092e-38	ABI1	c8
2.42692503002253e-42	1.25387472366846	0.23	0.101	8.17728119615791e-38	CDKN1A	c8
2.97560352991054e-42	0.979464625920768	0.319	0.16	1.00259985336806e-37	NEDD9	c8
3.89922278897857e-42	0.803266192462046	0.484	0.287	1.31380412651844e-37	IFI35	c8
5.19689833444135e-42	0.53410245639168	0.802	0.629	1.75104292480667e-37	VAMP8	c8
5.33831528874505e-42	1.10865075436474	0.272	0.127	1.79869195338976e-37	TRAF3	c8
7.87964129023622e-42	0.715124162787954	0.5	0.297	2.65496633633219e-37	RAB5C	c8
9.05664242169489e-42	0.686443125041048	0.588	0.382	3.05154509756588e-37	CCNDBP1	c8
9.47387324622394e-42	1.12729948767657	0.232	0.101	3.1921268515827e-37	CH507-9B2.3	c8
9.95711061576618e-42	0.477155754516529	0.84	0.653	3.35494885087626e-37	WDR83OS	c8
1.25436159965432e-41	0.60912067816597	0.471	0.269	4.22644597387527e-37	LYST	c8
1.33179703729245e-41	0.52037426907945	0.811	0.647	4.48735693745318e-37	TMEM59	c8
1.68447691721802e-41	0.771776323351587	0.452	0.262	5.67567652487439e-37	YIPF3	c8
1.7607809822252e-41	1.35452524158056	0.167	0.062	5.93277544150958e-37	HIVEP1	c8
1.81241885390618e-41	1.62771478831303	0.112	0.034	6.10676408635147e-37	RP11-1399P15.1	c8
2.71038345947502e-41	0.855962669113559	0.366	0.193	9.13236602835513e-37	TM9SF2	c8
3.23953888795484e-41	1.15173872380667	0.215	0.091	1.09153023290751e-36	PSEN1	c8
3.63395060356397e-41	1.33168055109952	0.179	0.07	1.22442331636484e-36	MAGEF1	c8
3.76356578086571e-41	3.06684116022852	0.033	0.004	1.26809585420489e-36	DYX1C1	c8
3.79600266844317e-41	0.866397121612339	0.394	0.215	1.27902513910524e-36	PPP2CA	c8
4.35305143312074e-41	2.77227070733012	0.034	0.004	1.4667171498757e-36	SSTR3	c8
9.72934755282862e-41	0.625800517585609	0.677	0.484	3.27820636445008e-36	RAP1A	c8
1.14552061046712e-40	0.570809470967547	0.753	0.562	3.8597171449079e-36	DYNLRB1	c8
1.40154449172926e-40	0.599254474290576	0.714	0.523	4.72236401043257e-36	ARF6	c8
1.63574412108594e-40	0.7206042603841	0.523	0.322	5.51147624158697e-36	LAPTM4A	c8
1.64655153465153e-40	0.801150888720437	0.527	0.335	5.54789074085485e-36	IRF7	c8
1.83462669370098e-40	0.525209330988423	0.799	0.646	6.18159118175609e-36	HNRNPA3	c8
1.93345066712381e-40	0.731856588732635	0.561	0.361	6.51456867780695e-36	NOP58	c8
1.93351077270259e-40	0.699402114622038	0.591	0.401	6.51477119754412e-36	LRP10	c8
2.22005256919561e-40	0.662082181387691	0.642	0.446	7.48024512664768e-36	SASH3	c8
2.40693869850352e-40	1.17649541578579	0.178	0.069	8.10993925073777e-36	SGSH	c8
2.64641947578243e-40	1.30807344178065	0.18	0.072	8.91684578170133e-36	LY75	c8
2.70683525045565e-40	1.32888106014618	0.162	0.061	9.12041069288526e-36	FAM122C	c8
2.96239843563583e-40	1.35890619915164	0.181	0.073	9.98150528903137e-36	BARD1	c8
3.05333148004728e-40	1.19083032241333	0.231	0.104	1.02878950888713e-35	CLN5	c8
3.11532463141851e-40	1.63218398676788	0.116	0.036	1.04967748131015e-35	C4orf33	c8
3.46438761489105e-40	1.74368301997298	0.114	0.035	1.16729076296139e-35	LAMP3	c8
3.54654661728496e-40	1.16838196318375	0.214	0.092	1.19497341722799e-35	ORAI3	c8
3.6593547389457e-40	0.683855964609947	0.52	0.321	1.23298298574036e-35	NT5C	c8
3.79629457565188e-40	3.22044593080015	0.034	0.004	1.27912349432014e-35	CTD-2325P2.3	c8
4.10443773386568e-40	0.99518379532313	0.281	0.137	1.3829492500487e-35	NDUFC2	c8
5.15213723703861e-40	1.24139430488537	0.165	0.062	1.73596112064779e-35	AF131217.1	c8
5.65456896941521e-40	0.929302210120522	0.323	0.165	1.90525046855476e-35	DCPS	c8
6.04988582908331e-40	0.691734757288237	0.582	0.386	2.03844853125133e-35	TMED9	c8
6.37570254047054e-40	0.72038869754885	0.603	0.415	2.14822921398615e-35	TTC39C	c8
7.48047364380036e-40	0.984094731404173	0.313	0.16	2.52047078954209e-35	FOXO1	c8
7.48112904854061e-40	0.725153075915265	0.531	0.337	2.52069162161527e-35	CHMP5	c8
9.42306739118364e-40	0.432755100328486	0.867	0.712	3.17500832678541e-35	GNG5	c8
9.84212968616487e-40	0.518803549435397	0.835	0.695	3.31620717645639e-35	STK17B	c8
1.07431789313421e-39	0.779888647854097	0.502	0.315	3.61980670912641e-35	GLUD1	c8
1.12174085958338e-39	0.819949499291895	0.447	0.265	3.77959365228024e-35	SNX5	c8
1.16538768875919e-39	2.4123596729853	0.065	0.014	3.92665727850523e-35	CYP7B1	c8
1.21112216997695e-39	0.96087769547366	0.308	0.156	4.08075503952033e-35	MAPKAPK3	c8
1.3793314509008e-39	0.742267816453848	0.487	0.3	4.64751939066516e-35	SP110	c8
1.43313256422457e-39	2.0780066907966	0.067	0.015	4.82879686189825e-35	RP1-167O22.1	c8
1.58827740106135e-39	1.02946089859825	0.339	0.183	5.3515418751361e-35	PMVK	c8
1.77689548136866e-39	0.332676078184496	0.958	0.885	5.98707163492357e-35	ARPC3	c8
2.02980175699897e-39	1.10805206161193	0.247	0.114	6.83921404003233e-35	OLFM2	c8
2.39220181672802e-39	0.632428665576025	0.629	0.434	8.06028480128339e-35	ELOVL5	c8
2.57968205933071e-39	0.774063038029182	0.484	0.297	8.69198073070888e-35	YPEL3	c8
3.21297358449028e-39	0.718851054472533	0.525	0.332	1.08257931955816e-34	ZNF292	c8
4.05726407682735e-39	0.85600747432077	0.316	0.16	1.36705455804621e-34	IL4R	c8
4.37309117715836e-39	0.448120808670916	0.863	0.732	1.47346934123174e-34	SEPT6	c8
4.69869331416523e-39	1.2061764689858	0.209	0.09	1.58317772527483e-34	ZBTB24	c8
4.98905510023954e-39	0.374240572253895	0.937	0.853	1.68101222547471e-34	PSMB9	c8
5.13081465843363e-39	0.849030229887461	0.335	0.173	1.72877669101263e-34	TOM1	c8
5.5960695497399e-39	1.22145046411839	0.201	0.085	1.88553967408936e-34	TNFAIP8L2	c8
6.85714039379404e-39	0.906453234565074	0.377	0.211	2.31044488428497e-34	HDAC7	c8
8.47101427779885e-39	1.53488576919785	0.119	0.038	2.85422355076155e-34	LAT2	c8
1.08356575749643e-38	1.00638882753685	0.341	0.184	3.65096646330846e-34	ZNF101	c8
1.59389858629698e-38	0.484962206862822	0.777	0.584	5.37048189666905e-34	TMEM50A	c8
1.61802963051146e-38	0.60500129718708	0.675	0.484	5.45178903704531e-34	LPXN	c8
1.67918132519196e-38	0.564058039818653	0.776	0.636	5.65783355710179e-34	RHOH	c8
1.80286457812639e-38	2.7386225831039	0.059	0.012	6.07457190953905e-34	TNFRSF8	c8
2.08075684987627e-38	0.728727475681612	0.451	0.263	7.01090212997309e-34	ASNA1	c8
2.10348596945535e-38	1.56636493433927	0.15	0.056	7.08748562548285e-34	LST1	c8
2.11824305309613e-38	0.585142413676197	0.667	0.459	7.1372081431021e-34	PPP4C	c8
2.12673467106226e-38	0.825345076391216	0.442	0.263	7.16581980067719e-34	SRPK2	c8
3.42461642200746e-38	1.64032854543495	0.112	0.036	1.15389025723119e-33	TRIM16	c8
3.81356213545531e-38	0.618390516358316	0.657	0.459	1.28494162592031e-33	CD5	c8
4.10522725252541e-38	0.75267258956829	0.449	0.267	1.38321527046591e-33	SERPINB9	c8
5.75322263818285e-38	1.01504683975084	0.311	0.161	1.93849083570933e-33	DDB2	c8
5.87394622999339e-38	1.1453157066221	0.21	0.091	1.97916744273397e-33	MAD2L1BP	c8
6.1831467583651e-38	0.640070986826207	0.61	0.417	2.08334946876354e-33	NAPA	c8
6.35707248967048e-38	0.741410229267041	0.406	0.229	2.14195200466957e-33	TNIP2	c8
6.86297085995559e-38	1.17097705012284	0.201	0.086	2.31240940155344e-33	NOL12	c8
7.01651413595208e-38	0.913355047499285	0.336	0.181	2.36414427296769e-33	ITFG1	c8
7.50963542781516e-38	0.350765814700301	0.946	0.884	2.53029656104804e-33	DAZAP2	c8
7.78246443016083e-38	0.813331193531574	0.413	0.24	2.62222356509839e-33	SRA1	c8
8.40036639373943e-38	0.865643289862012	0.315	0.162	2.83041945270656e-33	EED	c8
8.81684189025088e-38	2.09381059372565	0.063	0.014	2.97074670650113e-33	CD40	c8
1.11976610148643e-37	2.72437987672578	0.04	0.006	3.77293990234839e-33	LRRC32	c8
1.16933937927976e-37	2.91382219365627	0.033	0.004	3.93997210454524e-33	TMOD1	c8
1.56522263220307e-37	0.634533405338956	0.555	0.364	5.27386113694502e-33	TPM4	c8
2.15521941647076e-37	1.0036934527893	0.279	0.139	7.26179630185657e-33	NAGK	c8
2.25594659465327e-37	1.06248690761976	0.216	0.096	7.60118645602474e-33	TMEM55A	c8
2.32602387439456e-37	1.10007629365532	0.205	0.089	7.83730484238503e-33	PECR	c8
2.66785452389059e-37	0.702290501528784	0.495	0.305	8.98906903279695e-33	SDHA	c8
2.83099398961055e-37	0.776552213895891	0.4	0.227	9.53875114859379e-33	ATP6V0D1	c8
3.19407570579823e-37	0.960955738124666	0.348	0.187	1.07621186831165e-32	ZBP1	c8
3.42373258128282e-37	1.0318308016164	0.276	0.138	1.15359245593743e-32	DDHD1	c8
3.63253056117818e-37	1.17559254950693	0.239	0.113	1.22394484728338e-32	PEA15	c8
3.64822194339354e-37	3.96993515828607	0.02	0.002	1.22923190160702e-32	C10orf10	c8
4.03613109435785e-37	0.497966991333668	0.786	0.61	1.35993401093293e-32	PSMB1	c8
4.87205593310186e-37	0.843283149075202	0.376	0.209	1.64159052609934e-32	PTP4A1	c8
4.95442673397619e-37	0.49029205727003	0.83	0.664	1.66934454374594e-32	CD247	c8
5.30138670017596e-37	0.931772141506638	0.294	0.148	1.78624923475729e-32	PARP12	c8
7.28844989899513e-37	1.07425993903451	0.267	0.132	2.45577030896742e-32	WDFY1	c8
7.77228677961674e-37	0.581543840898861	0.697	0.528	2.61879430752407e-32	CXCR3	c8
8.96897536860683e-37	1.05773904779088	0.218	0.097	3.02200656069838e-32	SPSB1	c8
9.59381663343031e-37	0.853691097897583	0.33	0.175	3.23254057646801e-32	IL10RB	c8
1.15207822978858e-36	0.745907844907618	0.416	0.239	3.88181238744963e-32	PFKL	c8
1.26011001781727e-36	3.15142223824618	0.028	0.003	4.24581469403352e-32	LEMD1	c8
1.3057734081564e-36	0.604057519379731	0.618	0.427	4.39967292144218e-32	C1orf43	c8
1.37783466181313e-36	0.934455409451747	0.28	0.139	4.64247610951317e-32	LINC00426	c8
1.58903643287304e-36	0.349072886382612	0.956	0.863	5.35409935692244e-32	CLIC1	c8
1.9772117452678e-36	0.510451343117461	0.75	0.581	6.66201725450532e-32	WDR1	c8
2.00946211958158e-36	0.556687320421805	0.7	0.501	6.77068166571817e-32	PSMD8	c8
2.26991040476583e-36	0.62657341708279	0.68	0.504	7.64823611781798e-32	TRIM22	c8
2.7041506522765e-36	0.778479740897704	0.43	0.256	9.11136520778042e-32	ALDH9A1	c8
2.70441544898674e-36	0.884398013709973	0.313	0.163	9.11225741381593e-32	GNPTAB	c8
2.92973845765925e-36	0.90920250659179	0.317	0.169	9.87146075923707e-32	CHMP4B	c8
3.2587882480354e-36	0.939244089481989	0.286	0.145	1.09801611229305e-31	SNRNP35	c8
5.61882186678909e-36	0.529620363866013	0.548	0.351	1.89320583979592e-31	CLDND1	c8
6.86395733232539e-36	1.5368198518841	0.106	0.033	2.31274178355372e-31	LFNG	c8
8.43393330660105e-36	0.475980828928363	0.775	0.604	2.84172948832616e-31	TERF2IP	c8
1.00252531174465e-35	1.82578303742123	0.093	0.028	3.37790878539242e-31	ARHGEF12	c8
1.07655790435888e-35	2.47876587944221	0.057	0.012	3.62735420294682e-31	SLCO4A1	c8
1.12224064356388e-35	1.34504639776879	0.197	0.087	3.78127762442412e-31	IFIT1	c8
1.12917791902194e-35	3.74688013427776	0.016	0.001	3.80465208035253e-31	SLC37A2	c8
1.14320453758888e-35	2.20300070704783	0.053	0.011	3.85191336895198e-31	SNED1	c8
1.38179882475969e-35	0.472400621726426	0.814	0.656	4.6558329601453e-31	PPP1CA	c8
1.40067655274367e-35	0.90814408245209	0.285	0.144	4.71943957681452e-31	CREBL2	c8
1.43830101006446e-35	1.84326495575259	0.077	0.02	4.84621142331118e-31	ZDBF2	c8
1.6847286490757e-35	0.441746616209823	0.873	0.76	5.67652471019567e-31	PRR13	c8
1.96672993523508e-35	0.724136786912886	0.449	0.274	6.62669984378108e-31	OS9	c8
2.55613867945204e-35	0.952952842831075	0.255	0.124	8.6126536665457e-31	LMNB1	c8
2.89538746757941e-35	0.844667079365387	0.33	0.177	9.75571853326207e-31	USP48	c8
2.94131373426905e-35	0.744139360900078	0.247	0.115	9.91046249624613e-31	FCRL3	c8
2.95083020615655e-35	0.723567761931935	0.397	0.227	9.94252729662389e-31	MOB4	c8
3.04841845367777e-35	1.24989365687035	0.157	0.062	1.02713411378219e-30	GOLGA8A	c8
3.33312291979439e-35	0.808507073417568	0.321	0.169	1.12306243659552e-30	C11orf98	c8
4.08703749763502e-35	0.804176835638324	0.354	0.196	1.37708641445314e-30	TRPC4AP	c8
4.190542319642e-35	0.829081832261914	0.326	0.174	1.41196132918018e-30	RP11-325F22.2	c8
4.68958981103592e-35	1.15759042726901	0.18	0.076	1.58011039093044e-30	CTNNA1	c8
4.74067401381805e-35	1.33144595999	0.139	0.052	1.59732270221585e-30	RCBTB1	c8
5.34866229777823e-35	2.23532980528429	0.053	0.011	1.8021782746134e-30	CD80	c8
7.20472177734872e-35	2.33468696693152	0.065	0.015	2.42755895565988e-30	CADM1	c8
7.95252672265228e-35	0.350935394253706	0.943	0.876	2.67952435393046e-30	YWHAZ	c8
8.29663883299944e-35	0.630572319512842	0.589	0.402	2.79546948839083e-30	C17orf62	c8
1.08000484131482e-34	0.862913792894953	0.325	0.176	3.63896831232615e-30	ZDHHC24	c8
1.28037934359727e-34	0.523473403996276	0.723	0.543	4.31411016031663e-30	ZNF706	c8
1.30532321419999e-34	5.26885472926802	0.01	0	4.39815603792544e-30	TET2-AS1	c8
1.31405320571134e-34	1.14013658213301	0.232	0.111	4.4275708713238e-30	BBC3	c8
1.74099025328915e-34	1.16250099944595	0.184	0.079	5.86609255943246e-30	PSMA2	c8
1.77799519122161e-34	0.628583318720658	0.529	0.337	5.9907769973021e-30	CAPZA2	c8
1.9870611908648e-34	0.833691123288371	0.357	0.2	6.69520397649985e-30	MALT1	c8
2.07406279054856e-34	4.24517682252876	0.014	0.001	6.98834716647432e-30	RP11-431K24.1	c8
2.41298083930928e-34	0.813853213208193	0.355	0.197	8.13029763996868e-30	CHMP2B	c8
2.5388151013396e-34	1.6932317459294	0.08	0.022	8.55428360245364e-30	ACVR1	c8
2.61806455705921e-34	2.30050508246785	0.062	0.014	8.8213067185553e-30	CHST2	c8
4.43530295614331e-34	0.747227112551384	0.408	0.24	1.49443097804293e-29	RALGDS	c8
5.33783528957756e-34	0.954336260574533	0.257	0.128	1.79853022247026e-29	IFIT5	c8
6.22420672730468e-34	0.721574133047158	0.422	0.251	2.09718421469804e-29	COMT	c8
7.23357398378843e-34	0.955882195893259	0.261	0.131	2.43728041809767e-29	MAP3K1	c8
8.1697935059797e-34	0.999675860389546	0.242	0.119	2.7527302239048e-29	THADA	c8
1.00027975208049e-33	0.250131394981291	0.998	0.991	3.37034259666002e-29	EIF1	c8
1.01372120956134e-33	0.997870009377928	0.245	0.121	3.41563224349599e-29	HIBCH	c8
1.0385217021579e-33	3.30648766818384	0.028	0.003	3.49919502325083e-29	ECEL1	c8
1.03862920127678e-33	0.712438653728198	0.425	0.254	3.49955723078197e-29	TRAPPC3	c8
1.10196888306522e-33	0.452528637741552	0.843	0.734	3.71297395459995e-29	SRSF7	c8
1.11425245744104e-33	0.480488269950665	0.754	0.571	3.75436223010183e-29	PSMB3	c8
1.18158914701149e-33	0.960787336840108	0.262	0.133	3.9812464719405e-29	CKS2	c8
1.18512587091584e-33	0.738002085063264	0.39	0.226	3.99316310946383e-29	CCDC28A	c8
1.37528532628053e-33	0.88137409230265	0.322	0.176	4.63388637836963e-29	MAN1A2	c8
1.4452671515791e-33	1.18518162041733	0.152	0.06	4.8696831405306e-29	C5orf63	c8
1.50143384968972e-33	0.594149480811599	0.653	0.466	5.05893121314454e-29	ITGA4	c8
1.52539374052171e-33	0.705791696350251	0.478	0.3	5.13966166931384e-29	RNF114	c8
1.56685411339032e-33	1.04344530719847	0.216	0.1	5.27935824965735e-29	PDCL	c8
1.76921840373025e-33	2.19860385540419	0.055	0.012	5.96120448952872e-29	CASC5	c8
1.84803075203684e-33	0.530829107017853	0.667	0.491	6.22675481591292e-29	ATP5C1	c8
2.27978021906652e-33	1.87811926652325	0.078	0.022	7.68149147012272e-29	NIPAL2	c8
2.8071225683446e-33	0.296230583464694	0.979	0.946	9.45831878178028e-29	HSPA8	c8
3.66611238161491e-33	3.78846590961515	0.016	0.001	1.23525990586133e-28	IGKV3OR2-268	c8
4.02471291679281e-33	0.985947661021931	0.239	0.117	1.35608677018417e-28	PLIN3	c8
5.44703455693329e-33	1.08846049211986	0.176	0.075	1.8353238236131e-28	PDK2	c8
5.90810190445495e-33	1.65589723743939	0.096	0.03	1.99067585568705e-28	ACY1	c8
6.29906726187412e-33	1.03673470739922	0.232	0.112	2.12240772321587e-28	SAYSD1	c8
6.43366365024185e-33	0.370530812158885	0.909	0.778	2.16775863031249e-28	ATP6V0E1	c8
9.06691405092266e-33	0.62598493919759	0.507	0.334	3.05500602031788e-28	RORA	c8
9.31224196454255e-33	0.784623767927693	0.409	0.247	3.13766680753297e-28	CCDC53	c8
1.0007475520523e-32	0.897190723777348	0.387	0.232	3.37191880188502e-28	HPRT1	c8
1.01343740463757e-32	3.64093233403086	0.021	0.002	3.41467599118584e-28	SPATC1	c8
1.05881804191037e-32	0.918216191423366	0.292	0.155	3.56758151041281e-28	BAK1	c8
1.09947108489414e-32	1.02967803013547	0.208	0.095	3.7045578734423e-28	FAM122A	c8
1.11350617309332e-32	3.61054541278092	0.018	0.001	3.75184769962063e-28	NEURL3	c8
1.13139965590592e-32	0.529260945125209	0.661	0.459	3.81213800060941e-28	PSMB6	c8
1.18350163232516e-32	0.459408610125161	0.773	0.599	3.98769039995639e-28	ATP5B	c8
1.23658277532657e-32	0.569519574385791	0.59	0.403	4.16654200318535e-28	CMTM3	c8
1.28196238560797e-32	0.664042502606113	0.521	0.344	4.31944406206749e-28	PHF11	c8
1.31356769813518e-32	1.01837802839598	0.222	0.106	4.42593500209667e-28	PLEKHF2	c8
1.35121520178418e-32	0.616714565417481	0.597	0.425	4.55278450089163e-28	PPP1R12A	c8
1.4483309953334e-32	0.26926986295732	0.988	0.978	4.88000645567636e-28	ARHGDIB	c8
1.47942792207662e-32	0.99727162730637	0.22	0.104	4.98478444064495e-28	SLC5A3	c8
1.8074140013155e-32	0.337998443964539	0.923	0.804	6.08990073603246e-28	CALM2	c8
1.82758749788948e-32	3.59806236768146	0.015	0.001	6.1578733153888e-28	CHDH	c8
1.96011268838488e-32	0.989190256202614	0.202	0.092	6.60440369224402e-28	IL15RA	c8
2.02736976311781e-32	0.854397157855292	0.309	0.168	6.83101967984914e-28	STAMBP	c8
2.13159376020857e-32	0.50875340570055	0.755	0.592	7.18219201564677e-28	PPP1R18	c8
2.15928078953813e-32	0.246158639314696	1	1	7.27548069226976e-28	MALAT1	c8
2.21495130010788e-32	0.816415891777403	0.335	0.188	7.4630569105835e-28	ASXL1	c8
2.63746780257174e-32	0.97606836037534	0.231	0.112	8.88668401398522e-28	PAPSS1	c8
2.92683463969204e-32	0.569950894743384	0.612	0.428	9.86167663497834e-28	ANP32A	c8
2.93192716865242e-32	1.16775218473185	0.172	0.074	9.87883540205748e-28	USP12	c8
3.12236048876876e-32	0.544098491755022	0.616	0.438	1.05204814308575e-27	ARHGAP9	c8
3.24251977980033e-32	0.722831386852092	0.355	0.198	1.09253461460592e-27	CALHM2	c8
3.25947308509174e-32	0.579662117810115	0.656	0.476	1.09824686129081e-27	IRF1	c8
3.26230123935504e-32	3.21693898817313	0.022	0.002	1.09919977958829e-27	FOXB1	c8
3.61971366968536e-32	0.719018515210288	0.379	0.219	1.21962632386378e-27	NFYC	c8
3.84730882935192e-32	0.508562708964545	0.659	0.466	1.29631223696184e-27	GRB2	c8
3.90570012664759e-32	0.787892387401188	0.374	0.22	1.31598660067264e-27	MAP2K3	c8
4.20579005641075e-32	0.673807143000223	0.44	0.266	1.41709890160704e-27	BNIP3L	c8
4.2608246761395e-32	0.631238409513925	0.512	0.33	1.43564226637844e-27	UQCRC1	c8
4.52228087718695e-32	0.926695711513691	0.285	0.151	1.52373731875937e-27	STAMBPL1	c8
4.88095041231392e-32	0.675163118839834	0.505	0.327	1.64458743192505e-27	NRBP1	c8
5.59565490638926e-32	0.550458263131708	0.647	0.463	1.8853999641588e-27	ATRX	c8
5.67955493066392e-32	0.811800296377816	0.306	0.164	1.9136692383379e-27	SARNP	c8
5.99936564310701e-32	1.31549843977059	0.123	0.045	2.02142625978848e-27	LXN	c8
6.52649087151714e-32	2.87275446322164	0.027	0.003	2.19903583424899e-27	RASAL1	c8
6.60539629162795e-32	0.652057081958929	0.448	0.273	2.22562222650112e-27	GSTO1	c8
7.13001942557522e-32	1.42395576755601	0.114	0.04	2.40238874525331e-27	DNAJC18	c8
7.44116335438543e-32	0.823981504628549	0.328	0.184	2.50722558062663e-27	TIA1	c8
7.83924645691141e-32	0.579001785264982	0.57	0.383	2.64135570119173e-27	CHMP2A	c8
8.33545403376516e-32	0.904426816513854	0.311	0.171	2.80854788213683e-27	STX16	c8
9.32331414289503e-32	0.859221831899866	0.286	0.151	3.14139746730705e-27	C4orf27	c8
9.3309999554682e-32	0.565829837010639	0.611	0.424	3.14398712499545e-27	TMCO1	c8
9.71958416536076e-32	0.861736995610014	0.294	0.157	3.27491668867666e-27	CALCOCO1	c8
1.03709260424996e-31	0.442143026661186	0.541	0.345	3.4943798207598e-27	IL6ST	c8
1.06440618049404e-31	0.551801718555444	0.593	0.403	3.58641018455662e-27	ATP6V0B	c8
1.11740682645843e-31	1.74978149778542	0.078	0.022	3.76499056106902e-27	VPS54	c8
1.30835960295186e-31	0.980376303719747	0.235	0.116	4.40838684618599e-27	IFIH1	c8
1.34928452130124e-31	1.2038188788444	0.159	0.066	4.54627926607241e-27	PRKAR1B	c8
1.56862613636721e-31	1.47267191194787	0.101	0.034	5.28532890387566e-27	ZNRF2	c8
1.8180318310044e-31	0.873298605753393	0.304	0.166	6.12567645138622e-27	CSRNP1	c8
1.83177833801359e-31	1.12430424394972	0.189	0.085	6.17199393210299e-27	HSDL2	c8
2.20069369426902e-31	0.543127592595877	0.702	0.523	7.41501733347002e-27	CFLAR	c8
2.22241234215141e-31	0.533628612379368	0.642	0.46	7.48819614564497e-27	TMEM219	c8
2.42998143190539e-31	0.632299502863048	0.669	0.496	8.18757943666204e-27	TPR	c8
2.75845969406222e-31	0.56391706177551	0.644	0.462	9.29435409317324e-27	CBX3	c8
3.17772746757267e-31	0.719298544647809	0.407	0.25	1.07070349292394e-26	TNFRSF25	c8
3.54276914421181e-31	0.494872306580866	0.716	0.547	1.19370063545073e-26	PRDX2	c8
3.78881996550799e-31	0.991928731276776	0.224	0.109	1.27660499917826e-26	GRN	c8
3.82100956359424e-31	0.550757570488552	0.631	0.45	1.28745096235744e-26	NDUFB1	c8
3.93467488578097e-31	0.635583450130779	0.474	0.303	1.32574935601504e-26	CHST11	c8
4.13507657801632e-31	1.04418726913171	0.176	0.077	1.39327270219682e-26	PRKAB1	c8
4.1395914660403e-31	0.94554763546827	0.226	0.11	1.39479394856762e-26	ANKHD1	c8
4.8122864405346e-31	0.978881164916513	0.215	0.103	1.62145179327373e-26	HEXA	c8
4.94384046062346e-31	0.389244867983679	0.602	0.406	1.66577760480247e-26	CKLF	c8
5.02964866736006e-31	0.713840806061371	0.419	0.257	1.6946898219803e-26	TCIRG1	c8
5.05343918187463e-31	0.646122727396281	0.448	0.278	1.70270579794084e-26	CCDC69	c8
5.30759835536552e-31	0.667789064653318	0.512	0.343	1.78834218985686e-26	NECAP2	c8
7.3499769931411e-31	3.49677498768043	0.025	0.003	2.47650124806896e-26	AJ006998.2	c8
7.39547316215133e-31	0.766962577009478	0.358	0.208	2.49183072725527e-26	CISD2	c8
8.08044327450187e-31	0.224733505592002	0.995	0.976	2.72262455691066e-26	ATP5E	c8
8.64189010643209e-31	0.687225046977926	0.389	0.232	2.91179845246123e-26	CARHSP1	c8
9.41490831396673e-31	3.56279055180796	0.021	0.002	3.17225920730795e-26	AHSP	c8
9.69394893626342e-31	0.572121414927121	0.723	0.575	3.2662791545846e-26	UBE2L6	c8
9.78888443854646e-31	0.894695394620718	0.266	0.139	3.29826672272385e-26	PMM1	c8
1.10912196168003e-30	0.843319180190741	0.246	0.124	3.73707553768471e-26	RIN3	c8
1.15006551770794e-30	0.777149109439512	0.418	0.257	3.87503075536514e-26	NT5C3A	c8
1.1874682907347e-30	1.76813459694774	0.073	0.02	4.00105565880149e-26	SWAP70	c8
1.26319778516457e-30	0.832658502238083	0.284	0.151	4.25621861733349e-26	AFTPH	c8
1.3053785255441e-30	0.95377764429521	0.265	0.14	4.39834240396828e-26	TMEM263	c8
1.37313612584245e-30	0.454165921186558	0.763	0.613	4.62664486241355e-26	CDC42	c8
1.41247371364025e-30	0.589184674707701	0.55	0.373	4.75918893073945e-26	MRFAP1	c8
1.46216650069455e-30	0.683380948507609	0.467	0.296	4.92662380744022e-26	NRDC	c8
1.53739861285202e-30	0.516983503001901	0.665	0.486	5.18011088614358e-26	GNG2	c8
1.55468815211024e-30	0.521625180667876	0.709	0.526	5.23836625972026e-26	EIF5	c8
1.71587729442141e-30	1.3506827564801	0.106	0.037	5.7814769558235e-26	NOMO2	c8
2.14700417848241e-30	0.831091591676375	0.301	0.164	7.23411587897864e-26	STXBP2	c8
3.03510673250095e-30	0.792874305207727	0.376	0.222	1.02264886244887e-25	NINJ1	c8
3.10047183868151e-30	2.18957480757691	0.042	0.008	1.04467298132535e-25	STAP2	c8
3.16802845492412e-30	0.744747671351508	0.327	0.183	1.06743550760213e-25	CDV3	c8
3.96028841457741e-30	0.704843814817248	0.387	0.23	1.33437957840771e-25	COPB2	c8
4.2016857137019e-30	0.575244577649474	0.585	0.403	1.41571598437472e-25	CSNK1A1	c8
4.52864816522733e-30	0.71458263865378	0.405	0.246	1.5258827127917e-25	SDF2	c8
4.81988377469706e-30	0.608739031480052	0.494	0.318	1.62401163904643e-25	TXNDC12	c8
5.22445450160131e-30	0.567948183672815	0.586	0.407	1.76032769976955e-25	HNRNPH3	c8
5.67314302772295e-30	1.19731148152544	0.167	0.073	1.91150881176097e-25	GGT1	c8
6.10282591831591e-30	0.382806901253211	0.851	0.721	2.05628616491736e-25	TMEM258	c8
6.21770097205981e-30	0.904512064550622	0.271	0.145	2.09499216552583e-25	PLPP5	c8
6.35447181816078e-30	0.8990379005214	0.25	0.128	2.14107573441109e-25	ATP6V1B2	c8
6.62579990882077e-30	0.651581139484026	0.443	0.28	2.23249702127807e-25	ILK	c8
6.76640399863874e-30	1.17479190223876	0.129	0.05	2.27987216330134e-25	TRAF3IP2	c8
7.66614002226835e-30	0.304289609672856	0.934	0.851	2.5830292191031e-25	UBL5	c8
7.80719411868532e-30	2.36418513697945	0.046	0.01	2.63055598634983e-25	HLF	c8
8.55719005421193e-30	0.966094684762138	0.22	0.108	2.88325961686617e-25	CASK	c8
8.99638324173332e-30	0.474715846578635	0.71	0.549	3.03124136946962e-25	RBX1	c8
9.12886780645859e-30	0.515641599327162	0.609	0.433	3.07588071870816e-25	AP2M1	c8
9.7273103390946e-30	0.782694982143275	0.324	0.183	3.27751994565453e-25	ARF3	c8
1.0023932111144e-29	0.765175530992206	0.329	0.186	3.37746368552885e-25	DCAF11	c8
1.07865387166464e-29	0.548009296881974	0.658	0.493	3.63441635518684e-25	MAP1LC3B	c8
1.11371207054221e-29	1.06921786046133	0.175	0.078	3.75254145048492e-25	WDTC1	c8
1.21221979203805e-29	0.251509260284053	0.976	0.945	4.08445336729299e-25	ATP5G2	c8
1.31074262153317e-29	0.797220312660563	0.314	0.176	4.41641618899386e-25	LPCAT4	c8
1.41830140590855e-29	0.530100718236259	0.687	0.534	4.77882475706828e-25	ATP5A1	c8
1.48841358835659e-29	0.525629789530529	0.439	0.267	5.0150607446087e-25	PTPN22	c8
1.51343847449237e-29	0.64735476461486	0.411	0.25	5.09937959595458e-25	FIP1L1	c8
1.95508283876908e-29	4.22749886561555	0.014	0.001	6.58745611694855e-25	CDKL4	c8
1.98624325233584e-29	0.81688983179264	0.315	0.179	6.69244801442039e-25	MTCH2	c8
1.99385181355507e-29	0.345514698030306	0.903	0.789	6.71808430059246e-25	COX6A1	c8
2.03284802055799e-29	0.730038694308414	0.447	0.289	6.8494781204681e-25	EIF2AK2	c8
2.09519227873065e-29	1.30578009430902	0.156	0.067	7.05954086395506e-25	DUSP10	c8
2.09881001183493e-29	1.924888937284	0.061	0.016	7.07173045387661e-25	OR2A1-AS1	c8
2.11400984899556e-29	0.491363639162122	0.651	0.482	7.12294478520565e-25	ACTR2	c8
2.27001426365465e-29	0.347336044644514	0.917	0.854	7.64858605995799e-25	GMFG	c8
2.32933351722541e-29	0.359191660538452	0.896	0.802	7.8484563529393e-25	LCK	c8
2.52793123451415e-29	0.627022521274512	0.485	0.312	8.51761150157197e-25	MGAT1	c8
2.61687480071604e-29	0.829699969062606	0.318	0.179	8.81729795353262e-25	SVBP	c8
2.78494903791242e-29	1.57912245403755	0.077	0.023	9.38360728834211e-25	PHLDA2	c8
2.89320136054076e-29	0.66106271887861	0.613	0.444	9.74835266420604e-25	ARID5A	c8
3.04924132235915e-29	0.667879168469293	0.413	0.256	1.02741137115569e-24	DPY30	c8
3.17051527379321e-29	0.67413565805503	0.393	0.237	1.06827341635189e-24	PPP4R2	c8
3.31911838938627e-29	1.29851902057832	0.247	0.131	1.11834375011981e-24	CISH	c8
3.3752975414351e-29	0.694338209937882	0.335	0.191	1.13727275361114e-24	RAP1GDS1	c8
3.48580007787064e-29	0.83310151821686	0.278	0.149	1.17450547823773e-24	IKBKB	c8
3.51811870506052e-29	0.437574215302407	0.778	0.633	1.18539491648309e-24	KMT2E	c8
3.7193623697005e-29	0.710825208584485	0.345	0.198	1.25320195684689e-24	ARPC4	c8
4.07358357143703e-29	0.702036921293381	0.383	0.227	1.37255324855999e-24	ABTB1	c8
4.07687094681726e-29	0.968662128876722	0.199	0.094	1.37366089682061e-24	SKAP2	c8
4.27874719908852e-29	0.48103672938719	0.674	0.513	1.44168108126089e-24	TNFRSF14	c8
5.06119736108135e-29	0.32339732023348	0.903	0.82	1.70531983884275e-24	TMBIM6	c8
5.29619124980812e-29	0.617455212980097	0.467	0.296	1.78449867971035e-24	C14orf119	c8
6.05760073140607e-29	1.25759431228433	0.145	0.061	2.04104799043996e-24	KAT2B	c8
6.12487524464858e-29	0.901223770906475	0.223	0.111	2.06371546493189e-24	MKNK2	c8
6.39451617583954e-29	0.427582390603495	0.794	0.647	2.15456828028737e-24	ANXA11	c8
6.56474984633615e-29	0.425678292400921	0.825	0.693	2.2119268132245e-24	TRAF3IP3	c8
7.77265499687023e-29	0.457712615624912	0.752	0.6	2.61891837464545e-24	ICAM3	c8
8.09974915689598e-29	0.446497161260748	0.784	0.63	2.72912948092453e-24	LBH	c8
8.21084731366726e-29	1.2173908682312	0.143	0.059	2.76656289386705e-24	DNAJC25-GNG10	c8
8.96422459279867e-29	0.624238521140853	0.471	0.302	3.02040583429758e-24	SF3B4	c8
9.06085760120275e-29	3.15504483347743	0.022	0.002	3.05296536014925e-24	DIAPH2-AS1	c8
9.10664208976026e-29	3.59684062262709	0.02	0.002	3.06839198572382e-24	CDKL2	c8
9.34656553954724e-29	0.836000873999931	0.301	0.169	3.14923179289505e-24	ETV6	c8
9.72600033404309e-29	0.547668037127746	0.609	0.434	3.27707855255248e-24	LAMTOR1	c8
9.85224819020754e-29	0.757823557148066	0.354	0.211	3.31961650520853e-24	EIF2AK1	c8
1.04378236483576e-28	1.0605502199833	0.211	0.104	3.5169203000776e-24	CNP	c8
1.06847224753957e-28	0.826302470005032	0.305	0.173	3.60011039085982e-24	IFI44	c8
1.1387861374324e-28	0.62941845414572	0.407	0.246	3.83702601146472e-24	COA3	c8
1.20267249432344e-28	0.785211551050332	0.321	0.183	4.0522847023734e-24	VPS25	c8
1.23042005114485e-28	0.555450463680391	0.549	0.371	4.14577732032745e-24	C20orf24	c8
1.44447922106063e-28	1.01596924542424	0.169	0.075	4.86702828744167e-24	DOK1	c8
1.54271146298092e-28	0.236274223883907	0.984	0.951	5.1980120033679e-24	SRGN	c8
1.5934698956655e-28	0.697018928488551	0.331	0.188	5.36903746645533e-24	SMIM7	c8
1.79098652202501e-28	0.777447858945146	0.29	0.158	6.03454998731106e-24	SGTB	c8
1.79482241882788e-28	1.14429254079595	0.171	0.077	6.04747465799866e-24	NCOA5	c8
1.89822496887904e-28	1.47127093927335	0.093	0.031	6.39587921014105e-24	PGAP1	c8
1.91357298515762e-28	0.660324372243355	0.411	0.253	6.44759281619008e-24	SMC3	c8
2.00531319157301e-28	0.755351253175252	0.315	0.179	6.7567022676861e-24	DCAF8	c8
2.03478144405949e-28	1.07373924613588	0.178	0.081	6.85599259761403e-24	CENPM	c8
2.16290254389877e-28	0.79187856479501	0.294	0.163	7.28768383141251e-24	CAT	c8
2.40463770681663e-28	0.839501547648253	0.242	0.125	8.10218628934794e-24	NAPRT	c8
2.76416075714707e-28	2.92007003939867	0.028	0.004	9.31356325513135e-24	XKR9	c8
3.14848282363589e-28	0.688587979788722	0.373	0.223	1.06084980259588e-23	RASGRP1	c8
3.26134588625965e-28	0.737782763832714	0.283	0.154	1.09887788291633e-23	CDK6	c8
3.27496742504401e-28	0.421808790373412	0.809	0.662	1.10346752419433e-23	MORF4L1	c8
3.35429899129179e-28	0.563644741811464	0.575	0.406	1.13019750212585e-23	PSMG2	c8
3.37839792762393e-28	0.622992957088961	0.464	0.3	1.13831739773361e-23	AC006129.2	c8
3.38726486726159e-28	0.350662978351342	0.897	0.784	1.14130502437512e-23	UQCR11	c8
3.93573014898723e-28	0.602785855892824	0.481	0.315	1.32610491639976e-23	YY1	c8
4.12411613390556e-28	1.04934398275505	0.149	0.063	1.38957969015814e-23	IRF4	c8
4.28348145900497e-28	0.248964367362879	1	0.991	1.44327624279714e-23	PFN1	c8
4.60967421560069e-28	1.09364764976075	0.156	0.068	1.5531836302045e-23	KCTD17	c8
4.66657695509325e-28	1.04814873824704	0.186	0.087	1.57235643924912e-23	DGKE	c8
4.7199939597346e-28	0.492358582485489	0.642	0.462	1.59035476479298e-23	RAB11B	c8
4.76483772365185e-28	0.808394987415229	0.259	0.136	1.60546442260725e-23	BCKDHA	c8
5.18507771133021e-28	0.797148338891783	0.282	0.154	1.7470600840556e-23	TMEM216	c8
5.20771220086886e-28	0.59813669601162	0.541	0.376	1.75468654896075e-23	HM13	c8
5.90530637963496e-28	0.614369355555065	0.455	0.292	1.9897339315542e-23	ELAVL1	c8
5.93990627144326e-28	0.632138367860468	0.418	0.259	2.00139201910009e-23	MED4	c8
6.13298003507712e-28	0.439368556961168	0.82	0.689	2.06644629301889e-23	RNF213	c8
6.13491577892103e-28	1.25423326903391	0.129	0.052	2.06709852254965e-23	DHX58	c8
6.16880436114938e-28	1.6958103451385	0.076	0.023	2.07851694144567e-23	NETO2	c8
6.50517715865441e-28	0.448281484338266	0.749	0.601	2.19185439183702e-23	ARF5	c8
6.6968922115973e-28	0.820720815978984	0.258	0.137	2.25645086177559e-23	PRDX4	c8
7.89024254483307e-28	0.743555198499831	0.469	0.311	2.65853832305606e-23	HLA-DQB1	c8
8.70736397175656e-28	0.207255835708778	0.996	0.991	2.93385921664365e-23	HLA-E	c8
1.09961780742209e-27	1.85243504087239	0.202	0.108	3.705052240328e-23	TRBV20-1	c8
1.19174202945345e-27	0.758297821318659	0.298	0.166	4.01545559404044e-23	NUDT4	c8
1.30597365808425e-27	0.840384545364975	0.25	0.131	4.40034764354907e-23	ZNF267	c8
1.3186524758205e-27	0.915229245831991	0.232	0.12	4.4430676520296e-23	TAB2	c8
1.9051134555961e-27	1.14138489332029	0.146	0.062	6.41908927728551e-23	MINPP1	c8
1.98112944945741e-27	0.654337239192531	0.465	0.311	6.6752175670018e-23	MVP	c8
1.99479391371476e-27	0.566278760677274	0.443	0.283	6.7212586128705e-23	LDLRAD4	c8
2.20025275402871e-27	0.812333214672041	0.284	0.158	7.41353162942434e-23	TOR3A	c8
2.33745552354998e-27	0.750023542774319	0.314	0.179	7.8758226410493e-23	SNAPIN	c8
2.65232636802354e-27	2.86458356791244	0.026	0.004	8.93674846441851e-23	ARG2	c8
2.87249565682432e-27	0.956809114546351	0.201	0.099	9.67858686610385e-23	MAP3K5	c8
2.9771833484359e-27	0.546242985389047	0.516	0.345	1.00313215742199e-22	DNAJA2	c8
3.08679165317557e-27	0.547226846018015	0.5	0.327	1.04006357962098e-22	BUD31	c8
3.29342537406122e-27	0.315496583392139	0.909	0.863	1.10968674553619e-22	RPL17	c8
3.3471816987983e-27	0.410581331921015	0.779	0.609	1.1277994015931e-22	UBE2I	c8
3.91629027430108e-27	0.786938045239268	0.259	0.138	1.31955484502301e-22	C14orf159	c8
3.95534507718718e-27	1.05942420912834	0.176	0.082	1.33271397030745e-22	RFK	c8
4.36109020638056e-27	0.508331240720902	0.592	0.416	1.46942573413787e-22	UQCRFS1	c8
4.44861755069333e-27	0.506319611790369	0.616	0.451	1.49891719753061e-22	RAD21	c8
4.71711059018416e-27	0.753504384344028	0.28	0.154	1.58938324225665e-22	LINC00847	c8
4.87268834657628e-27	1.93325368051155	0.058	0.015	1.64180361149541e-22	FAM174B	c8
5.00155502189466e-27	0.697575706231743	0.326	0.189	1.68522394907719e-22	PEX2	c8
5.02228886009701e-27	0.451153484580445	0.701	0.527	1.69221000852109e-22	MDH2	c8
6.06123490773388e-27	0.772450117984099	0.327	0.192	2.04227248981185e-22	MICAL1	c8
6.39544404621045e-27	1.19854152264534	0.12	0.047	2.15488091693015e-22	FAM213B	c8
6.74749780880186e-27	0.91427097548818	0.253	0.137	2.2735019116977e-22	DDX60L	c8
7.16702373361035e-27	0.547472889083016	0.521	0.351	2.41485697680267e-22	TOP1	c8
8.05349335142776e-27	0.724896819558804	0.347	0.206	2.71354404983007e-22	SEPHS2	c8
8.34022518949475e-27	0.446451380107307	0.712	0.548	2.81015547534836e-22	UBXN4	c8
8.47477390470548e-27	0.768430890411153	0.345	0.21	2.85549031945147e-22	NFE2L2	c8
8.99967756580341e-27	0.885431646530324	0.219	0.112	3.0323513590218e-22	TNFSF13B	c8
9.08699876777566e-27	0.643128800663212	0.403	0.251	3.06177336481433e-22	RNF145	c8
9.41988014830913e-27	1.04873539846214	0.153	0.068	3.17393441717128e-22	RBM7	c8
9.73592573260247e-27	0.682319966955393	0.335	0.194	3.28042281634307e-22	IER3IP1	c8
9.89490966370554e-27	0.776207548907466	0.258	0.138	3.33399086208894e-22	GPR137B	c8
1.01439009687568e-26	1.60727462309257	0.082	0.027	3.41788599241291e-22	POU2AF1	c8
1.06030999387201e-26	0.394140992631923	0.845	0.709	3.57260849335235e-22	ISCU	c8
1.07974570056953e-26	0.358600930912083	0.884	0.786	3.63809516349898e-22	ATP6V1G1	c8
1.10231949370269e-26	0.450078022175234	0.655	0.497	3.71415530208185e-22	PPP1R15A	c8
1.1264735011771e-26	1.09497968391638	0.171	0.079	3.79553981486614e-22	ZBTB7B	c8
1.13713959112975e-26	0.749643601479889	0.277	0.152	3.83147813835259e-22	RANBP3	c8
1.15295463869496e-26	0.599823751729951	0.479	0.318	3.88476535961879e-22	RTF1	c8
1.5928315276998e-26	0.634924821343355	0.457	0.298	5.36688654943171e-22	FLOT2	c8
1.60992484430507e-26	1.18409383582003	0.163	0.075	5.42448077040151e-22	CSNK1E	c8
1.6206888201482e-26	0.776078684376165	0.25	0.132	5.46074891060734e-22	HAUS1	c8
1.63155261045177e-26	0.898670035546625	0.225	0.116	5.4973533656562e-22	GLMP	c8
1.74310423895493e-26	2.60586369932232	0.03	0.005	5.87321542273474e-22	CDH1	c8
1.8742406628535e-26	0.694368512216019	0.294	0.164	6.31506648941858e-22	CLPTM1	c8
1.90743242824276e-26	1.05792861210041	0.196	0.097	6.42690282372115e-22	KLHDC7B	c8
1.95238374341091e-26	0.947249559396896	0.177	0.083	6.5783617850487e-22	AMMECR1	c8
1.99285453099453e-26	0.909542316150058	0.227	0.118	6.71472405673296e-22	PYCR2	c8
2.37702665562596e-26	0.497087922131939	0.621	0.442	8.0091536134661e-22	SCAMP2	c8
2.38623900099618e-26	0.714484194817891	0.332	0.196	8.04019368995651e-22	MTHFS	c8
2.43204118863902e-26	0.860043575996211	0.247	0.131	8.19451958100031e-22	MFAP1	c8
2.74174531474896e-26	0.552246253139309	0.494	0.327	9.23803666351514e-22	CMC2	c8
2.82630735493982e-26	1.24498198993052	0.148	0.065	9.52296000173422e-22	TAX1BP3	c8
3.20480393016837e-26	0.46919088377558	0.653	0.471	1.07982663623093e-21	SF3B6	c8
3.3349795684512e-26	0.943087202480369	0.24	0.128	1.12368801579395e-21	ZC3H12A	c8
3.34735126177282e-26	0.698807432139004	0.374	0.23	1.12785653414173e-21	SNAP23	c8
3.69517425074648e-26	0.512038668007564	0.557	0.388	1.24505201204652e-21	KIF5B	c8
4.23830360685286e-26	0.655730046899725	0.381	0.231	1.428054017293e-21	ARPC1A	c8
4.80892751167197e-26	1.16409649983468	0.029	0.005	1.62032003578275e-21	CCL22	c8
4.83864631535152e-26	1.19417042584429	0.127	0.052	1.63033348949454e-21	RNF135	c8
4.93294955194943e-26	1.06588977715145	0.154	0.069	1.66210802203384e-21	TGIF2	c8
5.12973571603188e-26	0.50559119463777	0.571	0.393	1.72841315215978e-21	SRSF4	c8
5.52932294642304e-26	0.656310097886004	0.366	0.223	1.86305007356778e-21	B4GALT3	c8
6.0504124170351e-26	0.98916429419036	0.186	0.091	2.03862595979581e-21	MPST	c8
6.26056038630986e-26	1.00801369085885	0.182	0.088	2.10943321656324e-21	TMEM159	c8
6.61875207397677e-26	0.567098075347304	0.509	0.348	2.23012232380573e-21	LINC01420	c8
6.92699602741675e-26	0.696122577498009	0.327	0.192	2.3339820414778e-21	RPA1	c8
7.18542779728203e-26	0.862870544478167	0.237	0.126	2.42105804201621e-21	HMCES	c8
7.37701388417715e-26	0.785646777269343	0.263	0.143	2.48561105813465e-21	TIAM1	c8
7.39551508931452e-26	3.08339341386025	0.022	0.003	2.49184485419364e-21	CCR3	c8
7.51713872474407e-26	0.415729409699836	0.862	0.73	2.53282472191527e-21	TAGLN2	c8
8.57915787786611e-26	0.463904553237901	0.643	0.47	2.89066145536821e-21	TAX1BP1	c8
8.82917848912029e-26	0.843205455868248	0.222	0.114	2.97490340012419e-21	NDRG1	c8
9.02879495014953e-26	0.552654609988886	0.592	0.433	3.04216217050338e-21	SERPINB1	c8
9.75994220287303e-26	0.750887647161417	0.273	0.151	3.28851492583604e-21	PCBD1	c8
1.01625870519844e-25	0.704644095231857	0.273	0.15	3.42418208129563e-21	DNAAF2	c8
1.04389485357866e-25	0.876671993294166	0.23	0.121	3.51729931964792e-21	STAT2	c8
1.15106326208568e-25	0.543465886968352	0.505	0.337	3.87839255527148e-21	LRPAP1	c8
1.18251860450124e-25	1.50380387800831	0.096	0.035	3.98437818600649e-21	LRRC2	c8
1.18268993600885e-25	0.461173825443355	0.675	0.513	3.98495547038823e-21	SUMO1	c8
1.20232063815227e-25	0.596301825783322	0.5	0.333	4.05109915819025e-21	NUDT21	c8
1.22540813163115e-25	0.422109478271002	0.593	0.423	4.12889015871799e-21	CTSA	c8
1.28172893354646e-25	0.635017159723385	0.357	0.216	4.31865746869144e-21	IVNS1ABP	c8
1.30077091544728e-25	0.396331701962719	0.79	0.652	4.38281752250805e-21	CSTB	c8
1.55824853123134e-25	0.878906944241214	0.193	0.095	5.25036260113087e-21	ZNF410	c8
1.65418938858923e-25	0.952803827549687	0.248	0.137	5.57362572591254e-21	NPDC1	c8
1.69309416095318e-25	0.783135759117308	0.256	0.139	5.70471146591563e-21	COMMD5	c8
1.86863590092509e-25	0.904651023195074	0.191	0.093	6.29618180457701e-21	MAPK13	c8
1.87691437976284e-25	0.360736643511935	0.808	0.668	6.32407531117291e-21	ATP5J2	c8
1.94496927571134e-25	0.753823561257703	0.353	0.214	6.5533794775818e-21	LINC00657	c8
1.99756703976687e-25	1.89325504806491	0.052	0.013	6.73060238379048e-21	NHLRC4	c8
2.02412269276292e-25	1.21143013435057	0.12	0.049	6.82007900099537e-21	LY6G5C	c8
2.04001496886877e-25	0.627194331907571	0.403	0.252	6.87362643610642e-21	SDHD	c8
2.06939095019225e-25	0.697925560799631	0.363	0.225	6.97260586757777e-21	WBP1	c8
2.09405581895822e-25	0.561222296818166	0.438	0.282	7.05571167639784e-21	YIPF4	c8
2.11188234550258e-25	0.548485814410794	0.436	0.278	7.11577637493638e-21	LAMTOR2	c8
2.16840172126188e-25	0.60110023536205	0.48	0.326	7.30621275961978e-21	ZMYM6NB	c8
2.19265735769774e-25	2.0040204712101	0.038	0.008	7.38793970102678e-21	PRKCDBP	c8
2.36202624047944e-25	0.450561902589494	0.735	0.593	7.95861121467143e-21	NDUFB4	c8
2.43994905036598e-25	0.240535804778588	0.975	0.916	8.22116433030313e-21	SRP14	c8
2.49743245198283e-25	0.434340692193601	0.823	0.705	8.41484890371094e-21	GPX4	c8
3.25528839829353e-25	2.47188652164179	0.044	0.01	1.09683687292102e-20	LINC01229	c8
4.1341220263435e-25	0.595450169159402	0.375	0.228	1.39295107555618e-20	RPP21	c8
4.19050744715127e-25	0.735157706827458	0.284	0.16	1.41194957924315e-20	TMEM120A	c8
4.32713008910558e-25	1.24627122610198	0.093	0.033	1.45798321222323e-20	CCRL2	c8
4.97337601632703e-25	1.54334460231224	0.083	0.028	1.67572931494123e-20	FURIN	c8
5.03985607231251e-25	0.749541545229705	0.262	0.144	1.69812910500498e-20	FADD	c8
5.14461785501253e-25	0.458454890306413	0.6	0.428	1.73342754006792e-20	DDOST	c8
5.27767695760663e-25	0.650595789506199	0.338	0.201	1.77826047409598e-20	WIPI2	c8
5.39017262317625e-25	2.21206676142916	0.033	0.006	1.81616476365301e-20	SELP	c8
5.53402574222085e-25	0.451318656499742	0.65	0.485	1.86463463358389e-20	PET100	c8
5.53971885084842e-25	1.07513943487802	0.153	0.07	1.86655286960487e-20	VPS33A	c8
5.72775072045867e-25	0.644207458496348	0.351	0.212	1.92990832775134e-20	NAA10	c8
6.13669828437494e-25	1.01991461501072	0.159	0.073	2.06769911993729e-20	ABHD10	c8
6.15993641294296e-25	1.05089994769139	0.146	0.065	2.075528974977e-20	SLC22A18	c8
6.51264763862824e-25	1.82922103116896	0.073	0.023	2.1943714953594e-20	PLA2G4C	c8
6.60445839181033e-25	1.37339598205267	0.096	0.035	2.22530621053657e-20	PI4K2A	c8
6.68121029892828e-25	1.05373703182424	0.138	0.06	2.2511669981209e-20	NAGA	c8
6.76916491159152e-25	0.43435536299167	0.72	0.565	2.28080242531165e-20	SNX3	c8
6.85970236663052e-25	0.752834197425013	0.282	0.16	2.31130811541249e-20	HDAC3	c8
6.9533769264609e-25	0.631749812826672	0.377	0.236	2.34287082160174e-20	NCKAP1L	c8
7.12550895644937e-25	0.602203168152921	0.368	0.227	2.40086898778605e-20	ARID4A	c8
7.22126424781284e-25	0.453058029326268	0.658	0.499	2.43313277565806e-20	POMP	c8
7.88679582250322e-25	0.99591354961844	0.186	0.092	2.65737698443424e-20	FBXO18	c8
8.80656857235186e-25	0.734634561046886	0.312	0.184	2.96728521476823e-20	OGDH	c8
8.83782595946883e-25	0.718207911692088	0.311	0.183	2.97781707878343e-20	B3GNT2	c8
8.85089189098637e-25	0.420390272801529	0.704	0.544	2.98221951374895e-20	SLA	c8
9.09763409703863e-25	1.96554121495153	0.049	0.012	3.0653568326562e-20	AC010226.4	c8
9.36549935052255e-25	2.30276465328191	0.045	0.011	3.15561135116507e-20	HDAC9	c8
1.16453332750989e-24	0.520500117352824	0.543	0.38	3.92377859371184e-20	ADRM1	c8
1.17702844787063e-24	0.459927256784172	0.655	0.489	3.96587965225531e-20	ROMO1	c8
1.23274562521174e-24	0.755646404883534	0.257	0.141	4.15361310958842e-20	TCAF2	c8
1.32880361934126e-24	0.282909789824723	0.953	0.895	4.47727091500844e-20	UQCRB	c8
1.38133859930047e-24	0.787775646857856	0.222	0.116	4.654282276483e-20	ZNRF1	c8
1.39279417407247e-24	0.862603300339709	0.204	0.104	4.69288069011978e-20	NSF	c8
1.44350559150317e-24	1.71332706733236	0.062	0.018	4.86374774001078e-20	FBXO45	c8
1.60638351037046e-24	0.597646378899692	0.417	0.267	5.41254859984223e-20	EIF4E	c8
1.6116233880717e-24	0.600683988455156	0.49	0.337	5.43020384376878e-20	ARF4	c8
1.70460472184238e-24	0.524754599179225	0.514	0.357	5.74349514977572e-20	PPA1	c8
1.77558261051891e-24	0.694639722041761	0.294	0.168	5.98264804788241e-20	MTF2	c8
1.78470363150514e-24	0.614084180379586	0.379	0.234	6.01338041599341e-20	IST1	c8
1.78637171220958e-24	0.468354727784457	0.633	0.471	6.01900084711896e-20	DNAJA1	c8
1.84774727294793e-24	0.750205188522459	0.295	0.173	6.22579966147075e-20	MPRIP	c8
1.92084866432191e-24	0.764207204408849	0.27	0.152	6.47210748956626e-20	UBR5	c8
1.93145593765732e-24	1.69081615483182	0.075	0.024	6.50784763634259e-20	FAH	c8
1.97254260228327e-24	0.821273284245639	0.213	0.11	6.64628504413324e-20	GSKIP	c8
2.03051319837748e-24	0.664774175086255	0.359	0.222	6.84161117061308e-20	PSMC2	c8
2.05860571588081e-24	0.586281164305724	0.459	0.31	6.93626609908879e-20	SUPT4H1	c8
2.15237156521546e-24	1.37079057528616	0.088	0.031	7.25220075183699e-20	LZTFL1	c8
2.34228258543203e-24	2.89696461599328	0.027	0.004	7.89208694335469e-20	MMP9	c8
2.5627583094319e-24	0.420976001777712	0.708	0.559	8.63495784779985e-20	C14orf166	c8
2.56285528822009e-24	0.657828330066989	0.394	0.251	8.63528460812879e-20	H2AFJ	c8
2.57525000991421e-24	0.755076969112878	0.27	0.152	8.67704738340493e-20	TRIM21	c8
2.72344465037241e-24	0.86834808078496	0.24	0.132	9.17637440496479e-20	PPP2R4	c8
2.73559321117873e-24	0.746295802202813	0.309	0.184	9.21730776574562e-20	CLIP1	c8
2.90943501297273e-24	1.02569274279416	0.155	0.072	9.80305033271031e-20	FAM50B	c8
2.95850839578421e-24	2.14339756564616	0.05	0.013	9.96839818875533e-20	RP11-111F5.4	c8
3.03821780071182e-24	0.370624598310744	0.796	0.661	1.02369710577184e-19	TRAPPC1	c8
3.06810729150325e-24	2.28951375758142	0.039	0.009	1.03376807079911e-19	GPR19	c8
3.32855876022596e-24	0.747227973583479	0.278	0.16	1.12152458867053e-19	MRPL38	c8
3.46526861691105e-24	0.80506924494478	0.211	0.108	1.16758760778201e-19	ISY1	c8
3.53305207163604e-24	0.646391369048963	0.382	0.243	1.19042656501705e-19	TMX1	c8
3.63028377686848e-24	0.928175957544285	0.191	0.097	1.22318781577806e-19	KIF20B	c8
3.85147405584419e-24	0.815599810498167	0.233	0.127	1.29771566837614e-19	AHR	c8
4.2464196259804e-24	0.71796522507798	0.297	0.173	1.43078862877783e-19	EHMT1	c8
4.28212469166573e-24	0.874873043404103	0.183	0.09	1.44281909360985e-19	OTULIN	c8
4.30946427343504e-24	0.480316861606171	0.618	0.458	1.4520308922912e-19	NAP1L4	c8
4.36904629496224e-24	0.815624179444037	0.231	0.124	1.47210645862458e-19	ABHD16A	c8
4.38550495949836e-24	0.739306537950742	0.273	0.156	1.47765204105338e-19	YPEL2	c8
4.68089800055403e-24	0.555637825423604	0.501	0.345	1.57718177230668e-19	PSMD4	c8
4.83825749048612e-24	0.498291252860979	0.53	0.367	1.63020247884439e-19	ILF2	c8
4.87252650502642e-24	1.34277308136656	0.12	0.05	1.6417490806036e-19	LACTB	c8
5.70776366893875e-24	0.592176815358679	0.415	0.267	1.92317389061222e-19	TMEM134	c8
5.98201363052304e-24	0.513715168716264	0.576	0.421	2.01557967266843e-19	CLTB	c8
6.26109421535492e-24	0.936350054910499	0.19	0.095	2.10961308492169e-19	LUZP1	c8
6.4613644240529e-24	2.16890786382725	0.041	0.009	2.17709212904039e-19	C15orf53	c8
7.11832303435e-24	0.302470730997519	0.923	0.842	2.39844776319389e-19	UBB	c8
7.53602283710014e-24	0.973183716852722	0.18	0.089	2.53918753473252e-19	TBC1D15	c8
7.55415934048672e-24	0.920409607211545	0.199	0.102	2.5452984481836e-19	NAPG	c8
7.72653824028147e-24	0.893199681145752	0.227	0.123	2.60337979468044e-19	TRAPPC5	c8
8.21266688993881e-24	0.828574832280929	0.202	0.104	2.76717598189598e-19	SMC6	c8
8.29052855146497e-24	0.579711461048156	0.476	0.322	2.79341069013061e-19	MAPK1IP1L	c8
8.47317183812622e-24	0.35409141647097	0.818	0.695	2.85495051913825e-19	ATP5G3	c8
9.63789152920421e-24	0.721945733219105	0.308	0.183	3.24739117185007e-19	AK3	c8
9.66396562499253e-24	1.9140715906429	0.04	0.009	3.25617657768498e-19	ARAP3	c8
9.79237509620195e-24	0.284316065826066	0.862	0.762	3.29944286491429e-19	PTPRCAP	c8
9.91396480451491e-24	0.669754577628675	0.34	0.205	3.34041130123325e-19	MYD88	c8
1.00309473849812e-23	2.00273098846838	0.042	0.01	3.37982741189557e-19	PHLPP1	c8
1.05813701780478e-23	1.70050866052919	0.076	0.025	3.56528686779142e-19	PLAGL1	c8
1.07067141680861e-23	0.660214856366812	0.38	0.241	3.60752027179495e-19	TM2D3	c8
1.16402696537233e-23	0.528983220162927	0.457	0.302	3.92207245712554e-19	MESDC2	c8
1.21138855082108e-23	0.826742983859424	0.256	0.143	4.08165258313655e-19	DESI1	c8
1.2205017985119e-23	0.902736397861439	0.174	0.085	4.11235875990599e-19	NAALADL1	c8
1.26235165335383e-23	3.05047856665561	0.016	0.002	4.25336766081041e-19	GS1-204I12.4	c8
1.35309499537753e-23	0.570799215632522	0.397	0.251	4.55911827742504e-19	CD2BP2	c8
1.3596318852785e-23	1.14818831262047	0.121	0.051	4.58114367425739e-19	WDR53	c8
1.36854069169587e-23	0.693296538490258	0.345	0.215	4.61116100660006e-19	CHCHD1	c8
1.47421927048739e-23	0.561089204431912	0.424	0.277	4.96723440998021e-19	HSBP1	c8
1.48114364831484e-23	0.621166979994954	0.407	0.264	4.99056540863202e-19	HSD17B10	c8
1.51459356106001e-23	1.06724860418294	0.141	0.064	5.1032715446356e-19	HELLS	c8
1.56995716932898e-23	0.44312926580786	0.714	0.551	5.28981368633707e-19	IFI16	c8
1.57599740940821e-23	0.632077017350256	0.411	0.27	5.31016567126003e-19	GORASP2	c8
1.62667083557591e-23	0.667922517272403	0.351	0.216	5.48090471338946e-19	OAS2	c8
1.661090132058e-23	0.575790249465245	0.487	0.337	5.59687709095623e-19	IRF2	c8
1.67662777813669e-23	1.74349119737635	0.07	0.023	5.64922963565377e-19	SLC1A4	c8
1.68314091874606e-23	0.764012409383552	0.252	0.139	5.67117501162296e-19	TOLLIP	c8
1.71555705907406e-23	2.22405540373409	0.033	0.006	5.78039795484415e-19	CPLX1	c8
1.74758140304435e-23	0.486405600426477	0.55	0.384	5.88830077941762e-19	MRPL51	c8
1.82931048884883e-23	0.422027599796032	0.668	0.509	6.16367876112726e-19	OTUB1	c8
1.99940610943067e-23	0.380250906326387	0.794	0.668	6.7367989451157e-19	ACTR3	c8
2.02965194121866e-23	0.81263355017218	0.24	0.132	6.83870925074214e-19	ZMAT3	c8
2.10001511072238e-23	1.40460656808616	0.093	0.035	7.07579091406799e-19	SLC25A19	c8
2.13051113058383e-23	0.693024310514843	0.321	0.193	7.17854420338916e-19	MRPS24	c8
2.14333485073637e-23	0.864830583219439	0.191	0.096	7.22175244607112e-19	RNFT1	c8
2.16623883815125e-23	1.97529019903135	0.042	0.01	7.29892514126681e-19	ADAM28	c8
2.28179664501099e-23	0.468595601631935	0.69	0.533	7.68828561570004e-19	SYNE2	c8
2.29640912632162e-23	0.25105356869187	0.942	0.886	7.73752091022808e-19	ARPC2	c8
2.33124101312964e-23	2.15880364944757	0.041	0.009	7.85488346963902e-19	AC006129.1	c8
2.62979341594989e-23	0.579719502885917	0.497	0.342	8.86082593570156e-19	ODF2L	c8
2.92011747297389e-23	0.831812179556915	0.219	0.117	9.83904381343822e-19	ARNTL	c8
2.98160712298975e-23	0.478574735741	0.562	0.414	1.00462270402017e-18	TMEM179B	c8
3.05308269231673e-23	0.501696808875501	0.55	0.391	1.0287056823492e-18	RAB2A	c8
3.10268673156874e-23	0.785556675539923	0.253	0.143	1.04541926733477e-18	NDUFA9	c8
3.17705713403717e-23	0.83327610558607	0.211	0.111	1.07047763074248e-18	NIT1	c8
3.1909540545334e-23	0.794927773745901	0.211	0.112	1.07516005913448e-18	TSHZ2	c8
3.26505991048305e-23	3.29633112188408	0.016	0.002	1.10012928623816e-18	TTC7B	c8
3.2665944535629e-23	0.673394626325792	0.263	0.147	1.10064633518348e-18	ZBTB1	c8
3.30754187838072e-23	0.564862519896447	0.459	0.312	1.1144431605016e-18	PPP1R7	c8
3.43909999936078e-23	2.3188334905602	0.035	0.007	1.15877035378462e-18	NEK10	c8
3.52129427481962e-23	0.926231577102283	0.196	0.101	1.18646489295772e-18	SMYD3	c8
4.17285639842863e-23	0.579109650852425	0.378	0.238	1.40600223488654e-18	TRAPPC4	c8
4.33574582349662e-23	1.01169712876257	0.165	0.08	1.46088619776895e-18	MYO5A	c8
4.45410901829464e-23	0.636981215567061	0.308	0.182	1.5007674926242e-18	TMEM256-PLSCR3	c8
4.61751854087262e-23	0.396040042299008	0.824	0.713	1.55582669716162e-18	LAT	c8
4.65772862510758e-23	0.936990271409395	0.182	0.091	1.56937508294375e-18	C12orf45	c8
5.08273345797164e-23	0.530619938654877	0.49	0.332	1.71257621132897e-18	POLR2J	c8
5.09984938165027e-23	0.550190843093677	0.442	0.297	1.71834325065324e-18	TRA2A	c8
5.18179811168674e-23	0.558526069562074	0.376	0.234	1.74595505575173e-18	AK2	c8
5.23458041731876e-23	1.02178646294355	0.133	0.059	1.76373952581138e-18	TNFSF12	c8
5.31891791628996e-23	0.845722660158205	0.217	0.116	1.79215620271474e-18	ASMTL	c8
5.38148875288243e-23	0.57695380871453	0.418	0.275	1.81323882039621e-18	THOC3	c8
5.70694048412006e-23	0.557021827389028	0.467	0.318	1.92289652671941e-18	FDFT1	c8
5.73565449680197e-23	0.501434517209876	0.523	0.368	1.93257142615245e-18	SUSD3	c8
6.11945373530491e-23	0.690680525648595	0.352	0.222	2.06188874157363e-18	ARHGEF6	c8
6.39502440777845e-23	1.18442619243538	0.121	0.052	2.15473952395687e-18	ICAM1	c8
6.70437416511834e-23	0.530962565497811	0.464	0.31	2.25897183119497e-18	SH3GLB1	c8
7.18925455569924e-23	0.812364984035221	0.23	0.125	2.4223474299973e-18	PTTG1IP	c8
7.29521331814152e-23	0.546486503914842	0.459	0.306	2.4580491754146e-18	PSMC4	c8
7.64714958176996e-23	0.586990226873441	0.393	0.252	2.57663058008157e-18	ARL6IP6	c8
7.73148012137458e-23	0.640501481677604	0.356	0.222	2.60504491209595e-18	SNX2	c8
7.84973599629309e-23	0.564618093173396	0.394	0.251	2.64489004659099e-18	VTI1B	c8
8.27452794685526e-23	1.65442204525344	0.075	0.026	2.78801944641341e-18	PAQR4	c8
8.42364818967843e-23	0.676887391842104	0.311	0.189	2.83826402103025e-18	NUP58	c8
8.64698879375441e-23	0.700396623175372	0.295	0.176	2.91351640416761e-18	RBM23	c8
8.89322172535972e-23	0.578933221138854	0.428	0.283	2.99648212814271e-18	UFD1L	c8
9.24409873612641e-23	0.569100463160727	0.429	0.284	3.11470662815043e-18	EMC6	c8
1.03781563574985e-22	0.753517193054973	0.294	0.175	3.49681600309553e-18	COMMD4	c8
1.06892112455478e-22	0.635725259133598	0.307	0.182	3.60162283707487e-18	C21orf91	c8
1.07967196518203e-22	1.14303494476952	0.13	0.058	3.63784671948435e-18	RYBP	c8
1.14062156469306e-22	1.74394548499996	0.149	0.072	3.84321030007679e-18	CD70	c8
1.14698017462215e-22	0.483235125588403	0.565	0.405	3.86463500037187e-18	ZNHIT1	c8
1.20735886035831e-22	0.66325874425376	0.335	0.206	4.06807494409128e-18	RAB8B	c8
1.33585195876465e-22	0.382588740758608	0.738	0.58	4.50101958986162e-18	APBB1IP	c8
1.36972382435483e-22	0.787539263549548	0.239	0.132	4.61514745378118e-18	HTRA2	c8
1.4707872101723e-22	0.754367849476104	0.239	0.132	4.95567042595456e-18	REEP3	c8
1.53068944689326e-22	0.593090589381327	0.345	0.211	5.15750502236213e-18	ACTR1B	c8
1.55546450693852e-22	0.750043505957457	0.248	0.139	5.24098210967865e-18	CERS5	c8
1.62291827034402e-22	0.453174413195213	0.584	0.427	5.46826082009715e-18	RNF181	c8
1.65071628679354e-22	0.563288759022806	0.379	0.242	5.56192345672215e-18	LRBA	c8
1.74283131229561e-22	3.87408323056335	0.012	0.001	5.87229582364883e-18	RP11-94H18.1	c8
1.79226459493782e-22	0.365476623310352	0.77	0.632	6.03885632618349e-18	H2AFZ	c8
1.80876013453177e-22	1.1439578102882	0.104	0.042	6.09443639729135e-18	EEF2K	c8
1.91500747148616e-22	0.962213773212032	0.15	0.071	6.45242617442548e-18	SLC30A6	c8
2.14223723144143e-22	0.51979605561414	0.428	0.277	7.21805412761874e-18	RHEB	c8
2.15803569853828e-22	3.91437679648101	0.011	0.001	7.27128548265489e-18	RP11-520A21.1	c8
2.30150808502357e-22	0.411682805780492	0.624	0.459	7.7547013416784e-18	AUP1	c8
2.41475311406325e-22	0.463831812996274	0.571	0.407	8.13626914252472e-18	SNX17	c8
2.51696104168611e-22	0.68097809875958	0.287	0.167	8.48064853385719e-18	INPP5K	c8
2.71967737288715e-22	1.09948722278448	0.125	0.055	9.16368094020595e-18	BTN2A2	c8
2.77468986879412e-22	1.61035225628005	0.063	0.02	9.34904004391489e-18	SH3PXD2A	c8
2.78546733362283e-22	0.684043220169304	0.404	0.265	9.38535363390876e-18	SMS	c8
2.79044871201038e-22	3.23126175837279	0.018	0.002	9.40213789024778e-18	SH3PXD2A-AS1	c8
2.80029141124065e-22	0.457905983076257	0.586	0.423	9.43530188103424e-18	PAPOLA	c8
2.92584118437189e-22	0.707321833046357	0.301	0.181	9.85832928662264e-18	DLGAP1-AS1	c8
3.02066598837802e-22	0.508315332968068	0.462	0.312	1.01778319812409e-17	PSMB4	c8
3.08699787591216e-22	0.83298524706765	0.205	0.109	1.04013306430984e-17	MTMR6	c8
3.22064955322361e-22	1.18479030533706	0.113	0.048	1.08516566046316e-17	DENND6B	c8
3.27586489296977e-22	0.429716621490486	0.649	0.496	1.10376991703723e-17	CAPZA1	c8
3.53846699946238e-22	0.72607282097063	0.255	0.145	1.19225107079886e-17	AAGAB	c8
3.70409806451715e-22	0.248254998877242	0.96	0.915	1.24805880185841e-17	CYBA	c8
4.01804109674157e-22	0.405742595018563	0.653	0.504	1.3538387671361e-17	SRSF3	c8
4.03244805033758e-22	0.663040925980347	0.301	0.181	1.35869304608075e-17	RAB5A	c8
4.17148517422207e-22	0.64301148206426	0.378	0.245	1.40554021460238e-17	NFKB2	c8
4.254458867845e-22	0.558623438218869	0.352	0.218	1.43349737093169e-17	KDM2A	c8
4.37268020475584e-22	1.19288903874519	0.12	0.052	1.47333086819043e-17	RP11-545E17.3	c8
4.39444041988555e-22	0.309492437029895	0.895	0.796	1.48066275507624e-17	HMGN2	c8
4.54136653793177e-22	0.607318777498393	0.39	0.253	1.53016804129073e-17	DERL1	c8
4.7364057412094e-22	1.39639063636143	0.093	0.036	1.59588455044309e-17	MOB1B	c8
5.08047312649604e-22	0.374390648405203	0.758	0.613	1.71181461524158e-17	H2AFV	c8
5.16238445128052e-22	0.422845071888422	0.658	0.492	1.73941381701446e-17	OPTN	c8
5.46206919272392e-22	0.401816191781092	0.463	0.303	1.8403895937964e-17	RILPL2	c8
5.58642525012181e-22	0.486479039947064	0.531	0.373	1.88229012377604e-17	ZNF207	c8
6.0587107907742e-22	0.418564648606068	0.594	0.422	2.04142201384346e-17	RSBN1L	c8
6.29439861703586e-22	0.549021593453208	0.428	0.283	2.12083467002406e-17	TMPO	c8
7.03643200945463e-22	0.443548447545862	0.628	0.471	2.37085540126564e-17	PDCD6	c8
7.04628785037241e-22	0.540936129822291	0.355	0.221	2.37417622830448e-17	TRIM38	c8
7.10487058258144e-22	2.46803948976696	0.026	0.005	2.39391509409499e-17	LGALS9C	c8
7.26284595702759e-22	0.670439272990983	0.285	0.168	2.44714331676088e-17	STX5	c8
8.28052145673518e-22	0.991202334701359	0.173	0.088	2.79003889963235e-17	CCR6	c8
8.64460448201409e-22	0.712667680497341	0.246	0.139	2.91271303416983e-17	LAMP2	c8
8.799647614159e-22	0.526431680025075	0.438	0.29	2.96495326711474e-17	CHMP7	c8
9.63118424922386e-22	0.570121401038837	0.469	0.325	3.24513122093349e-17	SNRPN	c8
1.05580859116189e-21	0.793342376699788	0.197	0.103	3.55744146706088e-17	TARDBP	c8
1.07362348249976e-21	1.30821831390806	0.097	0.038	3.61746696193471e-17	AC007246.3	c8
1.10989505094343e-21	0.974123333783278	0.141	0.066	3.73968038464879e-17	TFE3	c8
1.12209947305191e-21	0.542019074647508	0.411	0.266	3.78080196450112e-17	TRAPPC2L	c8
1.12856407645912e-21	0.58370778310127	0.401	0.262	3.80258379922136e-17	TNFSF10	c8
1.15276262998775e-21	0.570042044760692	0.447	0.306	3.88411840548073e-17	PTPN1	c8
1.21574752020368e-21	0.730889046142642	0.231	0.127	4.09633969457427e-17	PGS1	c8
1.27685755486716e-21	1.04586017254801	0.139	0.064	4.30224384536942e-17	ACP2	c8
1.28199568411732e-21	0.751541510430085	0.338	0.215	4.31955625806491e-17	IFI44L	c8
1.42725876315709e-21	0.569409411297817	0.445	0.306	4.8090056765815e-17	S1PR4	c8
1.44393047431796e-21	0.653727413366885	0.304	0.184	4.86517934016693e-17	IP6K2	c8
1.48150484087159e-21	0.270995613437586	0.894	0.795	4.99178241083273e-17	TPM3	c8
1.48739201850931e-21	0.453145023982041	0.554	0.395	5.01161866716527e-17	PIN1	c8
1.54535421872182e-21	0.647700334147857	0.304	0.183	5.20691650456131e-17	ZMYM5	c8
1.54823053737361e-21	0.58840399646519	0.335	0.205	5.21660797262665e-17	TMEM14A	c8
1.56365525220696e-21	0.800877814623943	0.181	0.092	5.26858000678613e-17	E2F3	c8
1.60228457167659e-21	0.482381532672438	0.521	0.362	5.3987376358071e-17	PSMD7	c8
1.62069443061469e-21	0.674963801737176	0.211	0.113	5.46076781451313e-17	NEU1	c8
1.6926654239091e-21	0.658715050411895	0.294	0.176	5.70326687931931e-17	PRDM2	c8
1.72758116999228e-21	2.20581154569134	0.034	0.007	5.820911994172e-17	MAFTRR	c8
1.78486221547601e-21	0.621585435054721	0.332	0.205	6.01391474882488e-17	HBP1	c8
1.79927866422714e-21	0.565080000909531	0.426	0.284	6.06248953124693e-17	PSMA4	c8
1.95491702641958e-21	2.28924253134215	0.034	0.007	6.58689742881812e-17	BCL2L14	c8
2.06000937934299e-21	0.523854781043823	0.436	0.291	6.94099560275828e-17	PDCD6IP	c8
2.21050753795437e-21	0.602089165093237	0.394	0.261	7.44808409838345e-17	CDIPT	c8
2.34218738012393e-21	0.447899833475969	0.596	0.434	7.89176615858957e-17	PSMC5	c8
2.70844234007725e-21	0.48872663778544	0.458	0.307	9.12582562065629e-17	XIST	c8
2.77949321204151e-21	0.704978993673578	0.325	0.204	9.36522442865268e-17	AGTRAP	c8
2.89282438131081e-21	0.670552339112324	0.274	0.162	9.74708247038864e-17	AKT2	c8
2.92616176215805e-21	0.478949161191715	0.521	0.372	9.85940944141535e-17	MINOS1	c8
2.99899337017133e-21	0.757005031962439	0.231	0.129	1.01048082614553e-16	PIGS	c8
3.12601401338296e-21	1.12000950123229	0.105	0.043	1.05327916166925e-16	RHBDD1	c8
3.14596254492235e-21	0.757029663464918	0.227	0.126	1.06000061988614e-16	VEZT	c8
3.33148765860132e-21	0.23811631615178	0.858	0.787	1.12251145168913e-16	RPS10	c8
3.48755974330431e-21	0.97799716404035	0.134	0.062	1.17509837990895e-16	RANBP9	c8
3.4940466822079e-21	0.986744610802535	0.15	0.072	1.17728408910313e-16	NDUFB8	c8
3.7203119759891e-21	0.502609537044258	0.435	0.287	1.25352191718977e-16	NDUFS2	c8
3.75020786645528e-21	0.565687080776872	0.418	0.279	1.26359503852344e-16	PQBP1	c8
4.01402647172912e-21	0.602002379553353	0.384	0.25	1.35248607938441e-16	PSMC1	c8
4.06843366584672e-21	0.810297697085637	0.206	0.111	1.3708180393704e-16	MYCBP	c8
4.40287338036852e-21	0.642929672117434	0.243	0.137	1.48350415678137e-16	CRIPT	c8
4.62025165187025e-21	1.56590135753018	0.057	0.018	1.55674759158116e-16	PRELID2	c8
4.72037478974146e-21	0.866174451345761	0.124	0.055	1.59048308165549e-16	CPM	c8
4.73275161549763e-21	0.613118868087999	0.33	0.204	1.59465332932577e-16	CTBS	c8
4.85378586785749e-21	0.794219489813206	0.197	0.104	1.6354346103159e-16	PNMA1	c8
4.86040476585426e-21	0.544036534043689	0.381	0.244	1.63766478180693e-16	NASP	c8
5.16147362643698e-21	0.920834239252936	0.163	0.081	1.73910692369167e-16	ZNF92	c8
5.33917584773458e-21	3.87379735261987	0.013	0.001	1.79898191013569e-16	SH3RF2	c8
5.92652351592944e-21	0.609617102346786	0.414	0.277	1.99688283345726e-16	ACADVL	c8
6.06591817827616e-21	0.634605914102592	0.301	0.183	2.04385047098837e-16	SREK1	c8
6.26091824380363e-21	0.416170524686803	0.624	0.471	2.1095537930672e-16	SELT	c8
6.45307727396294e-21	3.64028714410235	0.011	0.001	2.17429985668907e-16	RP11-299H21.1	c8
6.73585073959307e-21	0.5638413137953	0.344	0.214	2.26957754819849e-16	RRAGA	c8
6.86444042750604e-21	0.938283328643153	0.168	0.085	2.31290455764388e-16	ATP6V1A	c8
6.89059345900712e-21	0.553975917793293	0.351	0.221	2.32171656007786e-16	FRG1	c8
6.9556919383253e-21	0.516733468859879	0.461	0.319	2.34365084169933e-16	DECR1	c8
7.1730100841672e-21	1.20082779301101	0.099	0.04	2.4168740177593e-16	FDXR	c8
7.32287998039267e-21	0.260267635941658	0.933	0.845	2.46737118059351e-16	EDF1	c8
7.34014910758252e-21	0.553447753206818	0.383	0.248	2.47318984030885e-16	COQ10B	c8
7.74247044942303e-21	0.64009545865714	0.286	0.17	2.6087479932286e-16	NAA60	c8
7.78574362057379e-21	0.779431915235158	0.189	0.099	2.62332845551613e-16	JOSD1	c8
7.9596274785571e-21	0.537246615575328	0.367	0.234	2.68191688262503e-16	TMEM167A	c8
8.34300990692543e-21	0.613045113134867	0.307	0.186	2.81109375803945e-16	MDFIC	c8
8.64037266953275e-21	0.774654442844824	0.223	0.125	2.91128716727236e-16	MYL6B	c8
8.90907691529107e-21	0.944702890879791	0.14	0.066	3.00182437583817e-16	SPATA20	c8
9.01041771246568e-21	0.492575198726402	0.475	0.323	3.03597014403819e-16	PCMT1	c8
9.35634839634847e-21	0.515129051130421	0.42	0.278	3.15252802866566e-16	EPS15	c8
9.41298264456496e-21	0.546431053319994	0.41	0.272	3.17161037225972e-16	C18orf32	c8
9.99576740013302e-21	0.739176193987759	0.214	0.117	3.36797386780082e-16	NUBP1	c8
1.03304702152237e-20	0.788412854778105	0.221	0.122	3.48074863431747e-16	JAZF1	c8
1.04822208613849e-20	0.589460924076741	0.384	0.252	3.53187949703502e-16	NDE1	c8
1.06527995932168e-20	0.541999053611129	0.42	0.28	3.58935429493846e-16	EMC7	c8
1.08451721159285e-20	0.660872917640839	0.242	0.136	3.65417229274094e-16	SLC41A3	c8
1.09075373128117e-20	0.463246781299881	0.504	0.357	3.67518562217876e-16	PGLS	c8
1.10814004893464e-20	1.76180519499376	0.045	0.012	3.73376708088037e-16	TOR4A	c8
1.15304892073103e-20	0.410778911367648	0.637	0.491	3.88508303351114e-16	UFC1	c8
1.15508906515658e-20	1.01285073301853	0.129	0.059	3.89195709613857e-16	ZBED1	c8
1.17405412879922e-20	0.416735797878296	0.655	0.51	3.9558579815761e-16	PRDX5	c8
1.20528772696558e-20	0.377805184535772	0.755	0.622	4.06109646723783e-16	EIF4G2	c8
1.27512469073498e-20	0.503418549451761	0.442	0.301	4.29640513296245e-16	NDUFB5	c8
1.52744072745906e-20	1.34197960574756	0.081	0.03	5.14655878710056e-16	P2RX7	c8
1.52910943449986e-20	0.465004126657416	0.653	0.517	5.15218132860384e-16	SLFN5	c8
1.54247125450381e-20	0.569298807509624	0.38	0.246	5.19720264492515e-16	STAU1	c8
1.59790094769232e-20	1.94464957530831	0.043	0.011	5.38396745315452e-16	KBTBD8	c8
1.72188831653765e-20	0.806470196122178	0.178	0.092	5.80173049374195e-16	LINC01089	c8
1.72370266299595e-20	0.853732412518653	0.17	0.087	5.80784375269856e-16	C11orf54	c8
1.74759313466011e-20	1.69496297370682	0.051	0.015	5.88834030792379e-16	AC011043.1	c8
1.78433240078329e-20	0.45370899541721	0.5	0.351	6.01212959119921e-16	PYHIN1	c8
1.80826579876111e-20	1.11778317805953	0.118	0.052	6.09277078234569e-16	AP3S2	c8
1.81775592196699e-20	0.551532618909441	0.41	0.273	6.12474680347559e-16	RCAN3	c8
1.92453512928392e-20	0.399394653015613	0.589	0.422	6.48452866460926e-16	HNRNPR	c8
1.9851845549131e-20	1.14143657218495	0.11	0.048	6.68888083932418e-16	VAV3	c8
1.98744541860638e-20	0.790415479930534	0.211	0.115	6.69649859345235e-16	CCR5	c8
2.05617813812124e-20	0.836366091821666	0.179	0.093	6.92808661858572e-16	MFSD6	c8
2.09228163453573e-20	0.45947675531282	0.55	0.393	7.0497337394047e-16	SNRPC	c8
2.16187252549192e-20	0.5258329377688	0.379	0.245	7.28421328739246e-16	DUSP11	c8
2.54984036223514e-20	0.702150820326752	0.236	0.135	8.59143211651509e-16	MPDU1	c8
2.72742797681393e-20	0.749828292556108	0.243	0.141	9.18979582507686e-16	JAKMIP1	c8
2.76633087050138e-20	0.617998359370746	0.305	0.188	9.32087523506735e-16	PARP14	c8
2.77052629701981e-20	0.926353384153129	0.17	0.088	9.33501130517856e-16	UBALD1	c8
2.80191301917977e-20	0.841116124563943	0.17	0.088	9.44076572682432e-16	SCLT1	c8
2.90219928483754e-20	0.878732090480719	0.158	0.078	9.77867027033161e-16	POC5	c8
2.98977179896617e-20	0.431750318242443	0.584	0.431	1.00737370994366e-15	EIF4H	c8
3.17661225777544e-20	0.559489152691394	0.341	0.217	1.07032773413486e-15	MLEC	c8
3.19409062950217e-20	1.95687578881361	0.045	0.012	1.07621689670446e-15	PHLDA3	c8
3.45379247181925e-20	0.340494788539768	0.744	0.612	1.16372083545478e-15	RSRP1	c8
3.63125425555354e-20	2.12873188297327	0.026	0.005	1.22351480886621e-15	FAM215A	c8
3.69922721413846e-20	0.783830305715369	0.179	0.093	1.24641761753181e-15	EEF1E1	c8
3.85724524502125e-20	1.38829005963604	0.074	0.027	1.29966021285746e-15	TTC22	c8
3.92714217673616e-20	0.503769978135401	0.507	0.36	1.32321128502948e-15	MPC2	c8
4.10172570640577e-20	0.767412311208279	0.211	0.116	1.38203545951636e-15	RMDN1	c8
4.27654712684409e-20	0.380120712937064	0.647	0.49	1.44093978891885e-15	PSMA6	c8
4.36554993746121e-20	0.89723165986113	0.17	0.088	1.47092839592818e-15	PARVB	c8
4.41974902680597e-20	0.44270184651259	0.62	0.471	1.489190237092e-15	SNX6	c8
4.43650189387293e-20	1.0433225009951	0.129	0.06	1.49483494812155e-15	HOXB4	c8
4.50229945045755e-20	0.498913359579235	0.521	0.378	1.51700477683717e-15	RER1	c8
4.82829824132733e-20	0.460147797497014	0.436	0.29	1.62684680943283e-15	LBR	c8
4.88234669090148e-20	0.522534816725321	0.368	0.239	1.64505789403234e-15	ZFAND3	c8
4.97870110183529e-20	3.00085461502433	0.021	0.003	1.67752354925238e-15	BTNL9	c8
5.18882570562988e-20	0.698908757334577	0.241	0.138	1.74832293325493e-15	FBRS	c8
5.27971097360758e-20	0.63801680900214	0.3	0.183	1.77894581544734e-15	IL12RB1	c8
5.56928344482565e-20	0.366381802485973	0.737	0.615	1.87651436389956e-15	GNB2	c8
5.59494234619071e-20	0.523600695285331	0.413	0.275	1.8851598741255e-15	C11orf73	c8
5.70055221606517e-20	0.450413637227125	0.588	0.44	1.920744063681e-15	POLR2E	c8
5.81690842555066e-20	0.658020568369205	0.253	0.147	1.95994912490504e-15	ATP6V1D	c8
5.84221370255967e-20	0.437347112007164	0.56	0.402	1.96847548494045e-15	SDHC	c8
6.25810907909628e-20	1.79828693298027	0.047	0.013	2.1086072731107e-15	RP11-214O1.3	c8
6.25826616396631e-20	0.705656573966076	0.233	0.133	2.10866020128681e-15	NUMB	c8
6.26180118041676e-20	0.754479444925212	0.182	0.095	2.10985128972962e-15	HEBP2	c8
6.45818437949047e-20	0.715881253752056	0.219	0.121	2.17602064482552e-15	C3orf38	c8
6.46988890878543e-20	0.629153639671798	0.294	0.179	2.17996436892616e-15	DTX3L	c8
6.57276213168395e-20	0.384106267797431	0.652	0.498	2.21462647264959e-15	ARID4B	c8
6.58011303502323e-20	2.32276609924304	0.029	0.006	2.21710328602073e-15	LIPC	c8
6.65385366334894e-20	0.284795163880349	0.801	0.653	2.24194945332879e-15	NDFIP1	c8
7.00742614909494e-20	0.630667206547215	0.284	0.171	2.36108216667605e-15	USO1	c8
7.05178527628551e-20	0.618374688623395	0.342	0.221	2.37602853099164e-15	PFDN4	c8
7.17100106326729e-20	0.616648669320526	0.383	0.255	2.41619709825728e-15	PBX4	c8
7.20914995283571e-20	0.689134514069534	0.263	0.157	2.42905098510846e-15	CTD-2336O2.1	c8
8.04151886533921e-20	0.930462096271728	0.155	0.078	2.70950936648739e-15	DERA	c8
8.06304181442827e-20	0.443395518102111	0.566	0.416	2.71676130895346e-15	MDH1	c8
8.1405857447336e-20	0.643274797654244	0.278	0.167	2.74288896083054e-15	RPUSD3	c8
8.17122805501751e-20	1.17800548707751	0.102	0.043	2.7532135808576e-15	DHRS7B	c8
8.33162367141139e-20	0.561784882744031	0.331	0.208	2.80725727984535e-15	ELOF1	c8
8.51197210695266e-20	1.65041838754725	0.054	0.017	2.86802388171663e-15	C1QTNF6	c8
8.51622742001247e-20	1.91822745707131	0.036	0.009	2.869457666899e-15	AC017002.2	c8
8.63091001287859e-20	0.582531927674827	0.33	0.21	2.90809881973931e-15	CHMP1A	c8
8.75316882899184e-20	1.11675463745543	0.125	0.058	2.94929270524051e-15	RRAGB	c8
9.55329848870904e-20	1.06920487404166	0.108	0.046	3.21888839278563e-15	SLC35A1	c8
9.85022316592487e-20	0.541616175816838	0.356	0.227	3.31893419352673e-15	ACAA1	c8
1.07328856418616e-19	1.14819315445266	0.098	0.041	3.61633848816885e-15	CPPED1	c8
1.12697529004338e-19	0.764727719585236	0.205	0.113	3.79723054227218e-15	RNPEP	c8
1.14145365073966e-19	0.622516329821819	0.321	0.205	3.8460139308022e-15	STAT5A	c8
1.1439280742891e-19	1.93369435410176	0.038	0.01	3.85435125350971e-15	SLC43A2	c8
1.16247737295383e-19	1.04200748928887	0.138	0.067	3.91685126043065e-15	NFKBIE	c8
1.18778002904622e-19	1.86655582371338	0.058	0.019	4.00210602986834e-15	HILPDA	c8
1.18905339823418e-19	0.621676331837149	0.3	0.185	4.00639652001024e-15	TPGS2	c8
1.24220094519439e-19	4.34106758394643	0.011	0.001	4.18547186473799e-15	CFAP73	c8
1.25725487793514e-19	0.313960454842124	0.846	0.734	4.23619458571466e-15	UQCR10	c8
1.39648433795833e-19	1.21771344498593	0.085	0.033	4.70531432831679e-15	GRAMD4	c8
1.4443111637099e-19	0.69174164897752	0.24	0.14	4.86646203500415e-15	SEL1L3	c8
1.47329935972025e-19	0.659104040712367	0.251	0.146	4.9641348626414e-15	LRRC59	c8
1.51146490253286e-19	0.44530500069348	0.603	0.459	5.09272984259423e-15	PNRC2	c8
1.57239792040598e-19	0.833811406165909	0.179	0.094	5.2980375530159e-15	ANAPC7	c8
1.59116822161068e-19	0.610092592151695	0.314	0.199	5.36128220589504e-15	ZNF331	c8
1.71230061957708e-19	0.778752683864668	0.217	0.123	5.76942570760302e-15	N4BP1	c8
1.77688132452521e-19	0.741802175985601	0.226	0.129	5.98702393485524e-15	C5orf15	c8
1.82662220656713e-19	0.99990164350219	0.148	0.074	6.15462086280728e-15	NAB1	c8
2.04213087420387e-19	0.211125696441619	0.961	0.91	6.88075576754253e-15	RHOA	c8
2.04418410174297e-19	0.823884653753956	0.17	0.088	6.88767391241276e-15	SCO2	c8
2.13267650246575e-19	0.398230521312031	0.612	0.458	7.18584020740809e-15	CAST	c8
2.18267850819818e-19	1.27806662116819	0.082	0.032	7.35431696552294e-15	SESN2	c8
2.18309440897357e-19	0.64208357807261	0.229	0.129	7.35571830159554e-15	CASP3	c8
2.18418904240462e-19	0.494826692206759	0.387	0.252	7.35940655947812e-15	DDRGK1	c8
2.18623413211946e-19	0.695558103807986	0.254	0.151	7.3662972847633e-15	FGD5-AS1	c8
2.27049738941993e-19	0.871951202430727	0.17	0.089	7.6502139039115e-15	TXNRD1	c8
2.29146301224212e-19	0.355892894326684	0.752	0.628	7.72085547344859e-15	SERBP1	c8
2.37574111709773e-19	0.539257176967814	0.386	0.254	8.00482211994909e-15	EIF6	c8
2.39287265581405e-19	0.612019164198029	0.267	0.159	8.06254512649986e-15	ST6GALNAC6	c8
2.42407689615435e-19	1.11187153732118	0.093	0.038	8.16768469390246e-15	SERPINH1	c8
2.56708006954534e-19	0.879938417214387	0.22	0.126	8.64951958632607e-15	PFKFB3	c8
2.59893986213547e-19	0.519140575296744	0.325	0.204	8.75686797147927e-15	SECISBP2L	c8
2.71631000284117e-19	0.527011273336069	0.376	0.247	9.15233492357305e-15	MTG1	c8
2.72864492024383e-19	0.937770542333207	0.125	0.058	9.19389619426957e-15	C1orf27	c8
2.73976476435151e-19	0.44557398216696	0.524	0.375	9.23136339700597e-15	TMEM248	c8
2.85542606031656e-19	0.598679057862773	0.292	0.178	9.62107256763062e-15	ACSL5	c8
2.88936282357359e-19	0.679870291708686	0.253	0.149	9.73541909774885e-15	PAFAH1B3	c8
2.91602746732483e-19	0.595894905250732	0.321	0.201	9.82526294840429e-15	RNF113A	c8
2.98459555181739e-19	0.714933598412333	0.247	0.145	1.00562962522935e-14	ZNF688	c8
2.99725485400072e-19	1.68615400947898	0.045	0.012	1.009895050507e-14	PITPNM2	c8
3.05014150147248e-19	0.566223484199107	0.371	0.243	1.02771467750614e-14	TMEM261	c8
3.17573805351991e-19	0.526886483230946	0.313	0.193	1.070033179753e-14	RB1CC1	c8
3.25194626440677e-19	0.594943174519503	0.327	0.207	1.09571077432922e-14	SMIM12	c8
3.26290934337208e-19	0.413363366934854	0.585	0.436	1.09940467415579e-14	RSRC2	c8
3.26345685615944e-19	0.504611237092506	0.43	0.293	1.09958915311436e-14	NGRN	c8
3.40954842140777e-19	0.458593894146857	0.455	0.313	1.14881324510913e-14	PHIP	c8
3.43803943516479e-19	0.601334683484425	0.355	0.233	1.15841300728442e-14	NUMA1	c8
3.4494844252318e-19	0.677335678317419	0.223	0.126	1.1622692822376e-14	CYTH2	c8
3.45665057223813e-19	0.299904163515625	0.846	0.725	1.16468384380992e-14	SPCS1	c8
3.57481387161706e-19	0.415766929467956	0.691	0.549	1.20449778590265e-14	TCEA1	c8
3.6288503085957e-19	0.635896344984915	0.252	0.147	1.22270482297823e-14	JKAMP	c8
3.65049251451957e-19	0.844822934344897	0.195	0.108	1.22999694784222e-14	MFSD5	c8
3.67188588975921e-19	0.470916279352434	0.524	0.38	1.23720523169547e-14	ARHGAP30	c8
3.74597569360984e-19	0.757762950898264	0.18	0.095	1.2621690502049e-14	SGTA	c8
3.76077167732329e-19	0.730982412629212	0.183	0.098	1.26715440895731e-14	NUP37	c8
3.87778858077652e-19	0.749360586381099	0.191	0.103	1.30658208440684e-14	PPIF	c8
3.89400949515898e-19	0.375805144785748	0.753	0.613	1.31204755929887e-14	SRP9	c8
3.92060949825084e-19	0.520795264013392	0.422	0.286	1.32101016434064e-14	CYC1	c8
4.21057376674195e-19	0.801376373860148	0.171	0.09	1.41871072496603e-14	DIP2B	c8
4.33722824184918e-19	0.390589674466058	0.683	0.542	1.46138568380866e-14	MPHOSPH8	c8
4.36879991902747e-19	0.525478119109565	0.333	0.212	1.47202344471712e-14	RIOK3	c8
4.46319456980667e-19	0.422871159931121	0.526	0.373	1.50382877835066e-14	MRPL52	c8
4.60598400246538e-19	0.497469528144204	0.424	0.289	1.55194024979068e-14	APOL6	c8
4.82748362445411e-19	0.629536110569399	0.28	0.17	1.62657233242357e-14	NADSYN1	c8
4.83462530732037e-19	0.724147936881895	0.2	0.11	1.62897865104853e-14	ANXA4	c8
4.8906709676414e-19	1.74480967394322	0.04	0.011	1.64786267583709e-14	RP11-440D17.3	c8
4.93863035758206e-19	0.802974764063076	0.193	0.106	1.6640221126837e-14	ZNF281	c8
4.99867196952707e-19	0.641931038968742	0.29	0.18	1.68425253341245e-14	PML	c8
5.03424387947456e-19	0.918118953689944	0.164	0.085	1.69623813275016e-14	PGM2	c8
5.19657792111613e-19	1.11015139332061	0.109	0.049	1.75093496474087e-14	HIST1H2BN	c8
5.46083013346123e-19	2.36731576049511	0.034	0.008	1.83997210516843e-14	ARNTL2	c8
5.47915226568526e-19	3.46859540623107	0.013	0.001	1.84614556439999e-14	WSCD2	c8
5.48169831020217e-19	3.39690556048307	0.013	0.001	1.84700342863952e-14	AC068196.1	c8
5.53570321337311e-19	0.837670724197313	0.177	0.094	1.86519984071394e-14	PEX3	c8
5.71781159014996e-19	0.519096974014819	0.379	0.249	1.92655943718513e-14	ORAI1	c8
5.87313154961074e-19	1.62552680486023	0.057	0.018	1.97889294432584e-14	NQO1	c8
5.91578840373766e-19	0.406897271370425	0.637	0.499	1.99326574475537e-14	TBCB	c8
5.96350619247126e-19	0.341449066371115	0.733	0.587	2.00934377649127e-14	DBI	c8
6.12329418018262e-19	0.542502953956514	0.345	0.223	2.06318274107073e-14	TMEM87A	c8
6.16586248035247e-19	0.472814034198976	0.493	0.351	2.07752570412996e-14	RAB11A	c8
6.27554091176813e-19	0.432530248355076	0.611	0.47	2.11448075481115e-14	SELK	c8
6.39949339408503e-19	0.614804211192043	0.301	0.19	2.15624530420301e-14	PFKP	c8
6.46491364693722e-19	0.563479406374964	0.381	0.253	2.17828800419903e-14	EXOSC1	c8
6.86242713800248e-19	1.14146370636403	0.099	0.043	2.31222619987856e-14	ARHGAP11B	c8
6.87658070655551e-19	0.295092719843455	0.871	0.749	2.31699510326681e-14	HMGN1	c8
7.34373515992451e-19	0.524445144552962	0.381	0.251	2.47439812478496e-14	RNF5	c8
7.80742540648953e-19	0.99367211947152	0.127	0.06	2.63063391646258e-14	MGME1	c8
7.96151099073401e-19	1.11501374485076	0.107	0.047	2.68255151321792e-14	NRIP1	c8
8.11292932459833e-19	0.297162426474564	0.483	0.337	2.73357040663016e-14	CTD-3252C9.4	c8
8.1959278972134e-19	0.853335898065722	0.173	0.092	2.76153594568708e-14	ABI2	c8
8.43018030763661e-19	0.583544508475103	0.287	0.176	2.84046495285508e-14	PRKAG1	c8
9.14514705331143e-19	0.365091990791783	0.675	0.536	3.08136584814275e-14	IDS	c8
9.23734982196971e-19	0.739185520626236	0.245	0.145	3.11243264901448e-14	APBA3	c8
9.44055454553902e-19	0.715334228840643	0.222	0.127	3.18090044857392e-14	SRFBP1	c8
9.82751908446994e-19	0.408035670424488	0.517	0.375	3.3112842803213e-14	OGT	c8
9.96250236458756e-19	0.479505695043115	0.385	0.253	3.35676554672413e-14	ATP6AP1	c8
1.0310983908369e-18	0.749961180565786	0.219	0.126	3.47418291808585e-14	SYT11	c8
1.06304561711744e-18	0.608041341566298	0.272	0.164	3.58182590231549e-14	NDUFA11	c8
1.08442224281775e-18	0.914898294911191	0.133	0.064	3.65385230495014e-14	CDK5	c8
1.24896160387333e-18	0.501400553268885	0.364	0.236	4.20825122809079e-14	ETFB	c8
1.2677112753982e-18	0.443640402229434	0.471	0.329	4.27142637132671e-14	ARL5A	c8
1.44059204322879e-18	0.542008494141354	0.314	0.199	4.85393083045509e-14	SRPK1	c8
1.48373186843748e-18	0.690990380597018	0.235	0.137	4.99928615751326e-14	SLC39A1	c8
1.66357791276297e-18	2.24107930155084	0.025	0.005	5.60525941926355e-14	CLIC4	c8
1.66565326808309e-18	0.558931120543386	0.323	0.206	5.61225212147915e-14	PSMB5	c8
1.74716673759664e-18	0.811139298264998	0.162	0.084	5.88690360565812e-14	ALAS1	c8
1.74915899038615e-18	0.697621928887672	0.231	0.134	5.8936163022071e-14	ZMAT5	c8
1.76645216407441e-18	0.429159688673791	0.552	0.401	5.95188392163231e-14	GPBP1	c8
1.7704869720237e-18	0.626986021393337	0.284	0.175	5.96547880353664e-14	UROS	c8
1.81077349422255e-18	0.880010171127048	0.164	0.086	6.10122021143345e-14	STX7	c8
1.93778157463448e-18	0.577458113092875	0.253	0.148	6.52916123757342e-14	TMEM106C	c8
1.98581988288002e-18	0.47171531669734	0.416	0.28	6.69102151337595e-14	CNPPD1	c8
2.00498605979883e-18	0.439895774919852	0.578	0.436	6.75560002988619e-14	MRPL33	c8
2.0099470484502e-18	0.708660738551002	0.172	0.091	6.7723155850481e-14	MAN2C1	c8
2.11445797030659e-18	1.4743420633472	0.059	0.02	7.12445468515102e-14	NEK3	c8
2.14226157826155e-18	0.657664704383434	0.225	0.129	7.21813616179447e-14	THAP1	c8
2.2105966026119e-18	0.393590304676027	0.602	0.457	7.44838419284053e-14	PDIA6	c8
2.27548379639063e-18	2.22228756584674	0.022	0.004	7.66701510355857e-14	RP11-1299A16.3	c8
2.27662639410974e-18	1.09136834613039	0.107	0.048	7.67086497231336e-14	U2AF1L5	c8
2.33997793694034e-18	0.49995672532269	0.425	0.293	7.88432166072677e-14	ETHE1	c8
2.36630497624408e-18	0.762450716513363	0.2	0.112	7.97302798695679e-14	PHTF1	c8
2.39640144522285e-18	2.44319517001757	0.028	0.006	8.07443502953387e-14	BTNL8	c8
2.42834078425769e-18	0.511049458222828	0.379	0.251	8.18205143847784e-14	BTF3L4	c8
2.46067613070731e-18	3.19640628160701	0.015	0.002	8.2910021548052e-14	XKRX	c8
2.59131638236712e-18	0.949751746271166	0.122	0.057	8.73118141874777e-14	PRR5	c8
2.62241812085257e-18	0.399449969106379	0.636	0.488	8.83597561640064e-14	ARGLU1	c8
2.62463535451721e-18	0.628423112055626	0.307	0.194	8.8434463635103e-14	PIGT	c8
2.69176242769274e-18	0.385769397253045	0.591	0.456	9.06962432386793e-14	TUBA1A	c8
2.71765063331146e-18	0.874188625579264	0.139	0.069	9.15685204387964e-14	ZDHHC21	c8
2.81126748688315e-18	0.490244445456824	0.461	0.327	9.47228467030409e-14	SLIRP	c8
2.8380564249407e-18	0.464501631872081	0.396	0.261	9.5625473181952e-14	ARHGAP25	c8
2.91552049608394e-18	0.519107375091478	0.355	0.231	9.82355475950522e-14	TMEM183A	c8
2.94792976694914e-18	1.99880210886129	0.037	0.01	9.93275455675844e-14	C17orf96	c8
2.97816126132366e-18	1.04454007927852	0.11	0.05	1.0034616553904e-13	TKFC	c8
2.9806354197739e-18	0.725904293887326	0.173	0.092	1.00429529833862e-13	WBSCR16	c8
3.07021665954711e-18	0.749951752699284	0.173	0.092	1.0344788012678e-13	ETFDH	c8
3.14476965440075e-18	0.465007509709949	0.433	0.296	1.05959868735379e-13	URM1	c8
3.2415376048438e-18	1.68420498849888	0.06	0.021	1.09220368057607e-13	CCL20	c8
3.25153201943902e-18	0.751847752430425	0.256	0.155	1.09557119862978e-13	DDX58	c8
3.25401307869165e-18	0.340917128359925	0.79	0.675	1.09640716673436e-13	LCP2	c8
3.28009508029191e-18	0.761476824507564	0.18	0.097	1.10519523635356e-13	CBX7	c8
3.29055306387973e-18	0.628521871135484	0.3	0.189	1.10871894934364e-13	SMARCC1	c8
3.31674236452143e-18	0.664318412999915	0.226	0.13	1.11754317230185e-13	DNASE2	c8
3.53534398513773e-18	0.943859637913971	0.129	0.062	1.19119880235231e-13	UHRF1BP1L	c8
3.58106071790271e-18	1.11247818304358	0.096	0.041	1.20660259829014e-13	RNASEK-C17orf49	c8
3.93889412226546e-18	0.549121999992861	0.337	0.218	1.32717098555613e-13	PNKP	c8
3.94261069758525e-18	0.498883309639863	0.313	0.195	1.32842324844438e-13	MEI1	c8
3.95251593205857e-18	0.505025116179172	0.275	0.166	1.33176071814781e-13	KLHL24	c8
3.95509923468649e-18	0.502486239586898	0.419	0.288	1.33263113613527e-13	LYPLA2	c8
4.07866793337119e-18	0.904192842505971	0.137	0.068	1.37426637347009e-13	SLC25A17	c8
4.24254112353867e-18	0.932170732773203	0.157	0.082	1.42948180616512e-13	AEN	c8
4.49278538111265e-18	0.740134932479028	0.191	0.105	1.5137991063121e-13	C8orf76	c8
4.49413773647493e-18	1.13063679697088	0.096	0.041	1.51425476892786e-13	ACSL1	c8
4.65394914980505e-18	0.710590090629258	0.233	0.137	1.56810162653531e-13	CBX1	c8
4.74687724609818e-18	0.44492296254638	0.525	0.382	1.59941281930032e-13	RANBP1	c8
4.83570308601948e-18	0.454991093054304	0.531	0.39	1.6293417978034e-13	NME3	c8
5.03727130005275e-18	0.706936582565863	0.248	0.149	1.69725819183977e-13	ZFP90	c8
5.04810962532105e-18	0.333959338843701	0.781	0.657	1.70091005715567e-13	HNRNPF	c8
5.13114623881685e-18	0.674100100569485	0.243	0.145	1.72888841370695e-13	ADARB2	c8
5.28580432893691e-18	0.573663961685933	0.298	0.186	1.780998910592e-13	RAB1A	c8
5.28932086862426e-18	0.680697439821691	0.293	0.185	1.78218377347426e-13	UBE2K	c8
6.44039756713882e-18	0.939971339516724	0.106	0.047	2.17002755627175e-13	MAN1A1	c8
6.55813585195505e-18	0.912674743294614	0.131	0.064	2.20969829395773e-13	PDLIM7	c8
6.56977644025569e-18	0.824437712257439	0.198	0.112	2.21362047377975e-13	SRSF6	c8
6.63271553594611e-18	0.726456309570404	0.178	0.096	2.23482717268168e-13	PIGB	c8
6.73225928281165e-18	0.431359190998551	0.564	0.423	2.26836744275056e-13	SEPT2	c8
6.81673427589152e-18	0.763611604777884	0.185	0.101	2.29683044691889e-13	CCDC159	c8
7.18090913707404e-18	0.864891915887422	0.146	0.074	2.41953552464573e-13	NDUFA7	c8
7.26140720547922e-18	0.57060781816949	0.293	0.182	2.44665854381417e-13	KLHDC3	c8
7.32413632022335e-18	0.402440629848656	0.584	0.438	2.46779449173606e-13	TRAM1	c8
7.38066353932008e-18	0.618845061812266	0.273	0.168	2.48684077293851e-13	U2AF1L4	c8
7.6677116713212e-18	0.530171770415106	0.3	0.188	2.58355877053496e-13	MRPL27	c8
7.76185797051297e-18	0.889640502439158	0.131	0.064	2.61528042458464e-13	ZNF490	c8
7.80937977967189e-18	0.562787113133006	0.303	0.192	2.63129242296265e-13	TSPYL1	c8
7.81395254054951e-18	0.463196413724992	0.423	0.295	2.63283316901275e-13	TSPYL2	c8
8.0902374797355e-18	0.634810670172913	0.238	0.141	2.72592461642208e-13	SNAP29	c8
8.28305715711082e-18	0.587053851127345	0.32	0.205	2.79089327851692e-13	ACTR1A	c8
8.32625128663111e-18	1.51540134035042	0.067	0.025	2.80544710851748e-13	RBBP8	c8
8.45642050416115e-18	0.684609580587415	0.682	0.579	2.84930632467206e-13	DDIT4	c8
8.79733534036027e-18	0.53042778451876	0.366	0.242	2.96417416958099e-13	ATP6V1E1	c8
9.02963551567742e-18	0.661611435696708	0.187	0.102	3.04244539065235e-13	YIPF2	c8
9.04048518640988e-18	0.528607080702364	0.303	0.189	3.04610107870894e-13	VHL	c8
9.18052076016443e-18	0.531865643355168	0.33	0.213	3.0932846649298e-13	FKBP3	c8
9.59225056469448e-18	0.525805262441306	0.369	0.247	3.23201290526816e-13	RAD23B	c8
9.68700593222248e-18	0.708868748867103	0.196	0.11	3.26393977880304e-13	SIRT6	c8
9.87294481629656e-18	0.653489942691076	0.227	0.132	3.32659002640296e-13	SDHAF1	c8
9.94529748560392e-18	0.977021016426223	0.146	0.075	3.35096853479938e-13	RNF141	c8
1.04389918349599e-17	0.618731957151098	0.263	0.16	3.51731390887138e-13	SRP68	c8
1.04488115107983e-17	0.802911561072775	0.16	0.083	3.52062255044839e-13	TMEM189	c8
1.09030841714174e-17	0.907856199396438	0.144	0.073	3.67368518071737e-13	ZDHHC16	c8
1.10140707834592e-17	0.263453522215371	0.871	0.783	3.71108100977875e-13	SON	c8
1.12601524053383e-17	0.371392054558858	0.699	0.557	3.79399575145467e-13	XRCC6	c8
1.13168898308062e-17	0.387377763643933	0.632	0.481	3.81311285959186e-13	DPP7	c8
1.14590937379531e-17	0.944629241264685	0.108	0.049	3.86102704406593e-13	MBOAT1	c8
1.20177121819535e-17	1.39436481146093	0.063	0.022	4.04924794258741e-13	CD274	c8
1.30895260327275e-17	0.79066545831383	0.17	0.092	4.4103849014672e-13	STX6	c8
1.41551207771942e-17	0.707025511352271	0.199	0.112	4.76942639466782e-13	ARL4A	c8
1.51066012211437e-17	0.540256392056493	0.407	0.284	5.09001821545216e-13	EVI2A	c8
1.51726116201265e-17	0.511307608243121	0.315	0.199	5.11225975928543e-13	SAE1	c8
1.55087274214292e-17	0.475637613669728	0.357	0.235	5.22551061737637e-13	ZCRB1	c8
1.61210586040956e-17	0.529600649590469	0.357	0.237	5.43182948606397e-13	CSNK1D	c8
1.62997370131562e-17	0.358688634413771	0.644	0.492	5.49203338921286e-13	RNF7	c8
1.6420904494604e-17	0.965092471771367	0.11	0.051	5.53285956041188e-13	SRGAP2	c8
1.69790901438803e-17	0.276697428183316	0.853	0.775	5.72093463307904e-13	UBE2D3	c8
1.73297291553688e-17	0.546315004683729	0.318	0.204	5.83907894160997e-13	JOSD2	c8
1.80465649292549e-17	1.06491515003974	0.108	0.05	6.08060958726315e-13	NTHL1	c8
1.80956377816567e-17	0.623791456390538	0.244	0.146	6.09714419415142e-13	COPG1	c8
1.82049433144814e-17	1.41669294111779	0.071	0.027	6.13397360038137e-13	RMI2	c8
1.82675289134463e-17	0.730557209182467	0.196	0.11	6.15506119209658e-13	CKAP2	c8
2.0011490535149e-17	0.465415713980136	0.567	0.436	6.74267162091309e-13	R3HDM4	c8
2.02862538782852e-17	0.527422828373458	0.335	0.217	6.83525038174943e-13	PDHB	c8
2.03971555750794e-17	0.496200487663385	0.381	0.253	6.87261759946727e-13	ECHS1	c8
2.05756774675529e-17	0.569854944111966	0.319	0.208	6.93276876591727e-13	DDA1	c8
2.05872869725486e-17	2.10932765776541	0.036	0.01	6.93668047253054e-13	ANK1	c8
2.08855261330431e-17	0.553036643294856	0.332	0.217	7.03716917526756e-13	AZIN1	c8
2.10286753057138e-17	1.1027145828536	0.092	0.04	7.08540185750719e-13	GMNN	c8
2.11044164933169e-17	0.703974639066486	0.19	0.105	7.11092209325821e-13	UBE2Z	c8
2.11046787802992e-17	0.689869431851733	0.215	0.125	7.11101046823402e-13	DNTTIP1	c8
2.18268941543292e-17	0.585537398650895	0.315	0.203	7.35435371635967e-13	NSFL1C	c8
2.24286996104935e-17	0.584509464642603	0.262	0.16	7.55712604675968e-13	ERVK3-1	c8
2.26735567149117e-17	0.481588143925067	0.345	0.225	7.63962819952236e-13	CYB561D2	c8
2.35854670050804e-17	0.653030122325825	0.204	0.116	7.9468872526918e-13	FAM219B	c8
2.41002578267391e-17	0.515365442234082	0.351	0.231	8.12034087214146e-13	ITPA	c8
2.52855149450042e-17	0.657878794270951	0.2	0.113	8.51970140556971e-13	ATP13A1	c8
2.53972732459384e-17	0.583809174231757	0.29	0.183	8.55735724748647e-13	C15orf61	c8
2.55413359707909e-17	0.732361789876237	0.206	0.118	8.60589774199829e-13	YIPF6	c8
2.59605081430949e-17	0.657206057623699	0.208	0.119	8.74713361373441e-13	GDE1	c8
2.636097654073e-17	0.605893700519479	0.279	0.174	8.88206743563358e-13	RFFL	c8
2.73758640994139e-17	0.41476292449316	0.523	0.38	9.22402364965653e-13	AP2S1	c8
2.87740669006214e-17	1.72075927475474	0.026	0.005	9.69513410149536e-13	GJB6	c8
2.89958107740605e-17	0.574583840642383	0.34	0.225	9.76984848221194e-13	USP4	c8
2.92900348753698e-17	0.625886982830466	0.189	0.104	9.86898435090711e-13	MXD4	c8
2.95607592723323e-17	0.447281652712806	0.486	0.347	9.96020222921965e-13	PSMB2	c8
3.0789745126578e-17	0.947069978716786	0.096	0.042	1.03742967229492e-12	SLC41A1	c8
3.10677519875731e-17	1.07284070299793	0.098	0.043	1.04679683546929e-12	PLEKHG2	c8
3.1468516951824e-17	0.518558095595043	0.306	0.194	1.06030021017476e-12	PDE6D	c8
3.22199077205092e-17	0.615410319146017	0.259	0.16	1.08561757073484e-12	CBX5	c8
3.2562899969632e-17	0.614553989727424	0.258	0.159	1.09717435157678e-12	ZEB1	c8
3.3637242118801e-17	2.09191986818029	0.026	0.006	1.13337323595088e-12	RGPD1	c8
3.54919692961892e-17	0.725982529200837	0.209	0.122	1.1958664134658e-12	PGM2L1	c8
3.55552504007595e-17	0.688315088985509	0.221	0.13	1.19799860700319e-12	POLK	c8
3.62101281729159e-17	0.687501398286132	0.213	0.124	1.22006405865823e-12	TRAF2	c8
3.63592466128178e-17	0.47165267604145	0.442	0.312	1.22508845537228e-12	THYN1	c8
3.66132688177592e-17	1.02294255875948	0.117	0.056	1.23364747954558e-12	LRRC8B	c8
3.66931007379979e-17	0.38780393453724	0.597	0.446	1.2363373362661e-12	FAM49B	c8
3.7667397034869e-17	0.473078173056112	0.429	0.299	1.26916527569288e-12	RNF10	c8
3.80012385844949e-17	1.0539960394086	0.095	0.041	1.28041373286597e-12	ACTR3C	c8
3.86710261219391e-17	0.625790780596655	0.232	0.138	1.30298155415262e-12	DPH3	c8
3.88910873222699e-17	0.763557157705902	0.203	0.117	1.31039629623656e-12	DCTN5	c8
4.09225054587672e-17	0.914601839996832	0.111	0.052	1.3788428989277e-12	HMGCS1	c8
4.16714818693291e-17	0.862381733477045	0.142	0.073	1.40407891010518e-12	PXK	c8
4.32405621966844e-17	1.93632745914156	0.039	0.011	1.45694750265509e-12	EVA1B	c8
4.47175214165889e-17	0.638988891098557	0.238	0.142	1.50671216661054e-12	RBM38	c8
4.55006704730809e-17	0.66442524549009	0.229	0.136	1.53309959091999e-12	SLC52A2	c8
4.58181541097822e-17	0.492939120722177	0.366	0.245	1.543796884575e-12	BLOC1S2	c8
4.66200540869599e-17	1.58186955957028	0.052	0.017	1.57081610240603e-12	DMGDH	c8
4.76205117510883e-17	1.1828152124027	0.08	0.033	1.60452552294117e-12	TRIM59	c8
4.7844003008108e-17	3.31316377410448	0.012	0.001	1.61205583735519e-12	KLK1	c8
4.82193189868649e-17	0.4231806928583	0.417	0.284	1.62470173394343e-12	PLEKHJ1	c8
4.89056113437684e-17	0.488792250331844	0.397	0.271	1.64782566861693e-12	PSMC3	c8
4.9254682444286e-17	0.539690807509382	0.335	0.221	1.65958727027777e-12	AKR7A2	c8
4.93957562956929e-17	0.612644786857465	0.253	0.153	1.66434061262708e-12	SNAP47	c8
5.30632331204383e-17	0.650453858309037	0.207	0.119	1.78791257676005e-12	GNPDA1	c8
5.60205839826877e-17	0.565682839381915	0.286	0.181	1.88755755671268e-12	CAB39	c8
5.69939296321251e-17	0.666244266215499	0.21	0.12	1.92035346502482e-12	C7orf55	c8
6.3308540889361e-17	0.476108906607563	0.421	0.297	2.13311797672613e-12	FOXN3	c8
6.40871938787297e-17	3.30537673794913	0.013	0.001	2.15935391054992e-12	TNFRSF11A	c8
6.44017953811e-17	1.45367774656219	0.046	0.014	2.16995409357078e-12	ITGA3	c8
6.48159210490661e-17	0.686060245448237	0.208	0.121	2.18390764382723e-12	COG4	c8
6.56972536059452e-17	0.601146778172048	0.257	0.158	2.21360326299872e-12	ATG4B	c8
6.98672077515389e-17	0.371070764085432	0.556	0.411	2.35410569798035e-12	TALDO1	c8
7.06013870495583e-17	0.461765574627989	0.449	0.318	2.37884313524782e-12	CWC15	c8
7.31532060699948e-17	0.607082063546201	0.233	0.139	2.4648241253224e-12	DGCR2	c8
7.44038237833621e-17	0.288702891395151	0.836	0.73	2.5069624385566e-12	HNRNPC	c8
7.70257179381633e-17	0.423124427704499	0.438	0.303	2.59530454020847e-12	SLBP	c8
8.13553079204088e-17	0.967371251704471	0.16	0.087	2.74118574507025e-12	WNT10A	c8
8.16140446662373e-17	0.611897916108833	0.258	0.158	2.7499036209842e-12	ARL1	c8
8.4981040588403e-17	0.795502157135361	0.153	0.081	2.86335118158565e-12	GBA	c8
8.52827158952564e-17	0.722395055805307	0.156	0.082	2.87351582937477e-12	MED25	c8
8.74910832589314e-17	0.515799512374725	0.379	0.258	2.94792455932643e-12	NDUFA10	c8
8.86171808898512e-17	0.644002529315495	0.187	0.104	2.98586729290265e-12	U2AF1	c8
9.07083438454824e-17	0.293570870369148	0.851	0.755	3.05632693752968e-12	ANAPC16	c8
9.38705960806622e-17	1.03907767328148	0.077	0.031	3.16287586434183e-12	SETD7	c8
9.87092479093284e-17	0.591523495327739	0.234	0.14	3.32590939905691e-12	DYNC1I2	c8
9.92280916606927e-17	0.978688350678421	0.115	0.055	3.34339132041538e-12	SETD1B	c8
1.02161176200228e-16	0.394195398551183	0.524	0.384	3.44221867089047e-12	CCDC167	c8
1.03069091574409e-16	0.595649069443276	0.262	0.163	3.47280997150813e-12	TUBA1C	c8
1.03783700192497e-16	0.645479833376583	0.224	0.133	3.49688799428599e-12	WRAP73	c8
1.04545836567501e-16	0.702363919586685	0.167	0.09	3.52256741730539e-12	NF1	c8
1.05471170662545e-16	0.594752433618041	0.255	0.156	3.55374562430378e-12	TMUB2	c8
1.08471549945725e-16	0.983585680081719	0.092	0.04	3.65484040387126e-12	SPPL2B	c8
1.09728043815119e-16	0.62958415028249	0.222	0.131	3.69717670830661e-12	ARHGEF2	c8
1.09947407930057e-16	0.569134890968432	0.25	0.152	3.70456796279533e-12	CSNK2A1	c8
1.14186318956753e-16	0.733937160652574	0.216	0.128	3.84739383092884e-12	MDM2	c8
1.157518758465e-16	0.400575168875245	0.582	0.443	3.90014370477198e-12	NDUFS6	c8
1.17103646082714e-16	1.15464862421897	0.078	0.032	3.94569025111095e-12	C1orf112	c8
1.17183046481928e-16	0.377085869596947	0.529	0.387	3.94836556816207e-12	PSMA1	c8
1.22325936710103e-16	0.82412199782428	0.154	0.082	4.12165011151021e-12	LACTB2	c8
1.25005941817707e-16	1.41645079158342	0.071	0.028	4.2119502036058e-12	MYO1E	c8
1.27750294076177e-16	1.91074273029875	0.035	0.009	4.3044184086027e-12	MDK	c8
1.28644142830999e-16	2.59911530271408	0.017	0.003	4.33453574854768e-12	ALG1L2	c8
1.31649474301348e-16	0.657712111422003	0.18	0.099	4.4357973871096e-12	EIF2B2	c8
1.34542218897998e-16	0.45189056799342	0.363	0.243	4.53326552354915e-12	DCP2	c8
1.34636816018057e-16	0.699164161619498	0.185	0.104	4.53645287891241e-12	IDH3A	c8
1.35185024361934e-16	0.527020192638887	0.315	0.205	4.55492421085099e-12	ZDHHC12	c8
1.45477543272731e-16	0.471216450848014	0.381	0.256	4.9017203430314e-12	FDPS	c8
1.46752308488539e-16	0.724407716593537	0.167	0.09	4.94467228221285e-12	GALK2	c8
1.48939031524305e-16	0.567910170765258	0.288	0.184	5.01835172817995e-12	MTMR14	c8
1.52197708765642e-16	0.506508884903693	0.302	0.193	5.12814959914955e-12	PSMD1	c8
1.60403818784198e-16	0.452970563340332	0.401	0.273	5.40464627011476e-12	EIF4E2	c8
1.60452119408352e-16	0.497126196549186	0.357	0.238	5.40627371134501e-12	EMC3	c8
1.60560370305317e-16	0.620516196787108	0.251	0.154	5.40992111706736e-12	CCDC186	c8
1.66482567702175e-16	0.587996681265572	0.273	0.173	5.60946363615709e-12	TMED3	c8
1.72586346180457e-16	0.498212195696259	0.314	0.201	5.81512434820431e-12	COPS8	c8
1.72851380972479e-16	0.810903464509918	0.172	0.096	5.8240544304867e-12	PGRMC1	c8
1.83064782809837e-16	0.474871757812033	0.446	0.315	6.16818479199464e-12	SRSF8	c8
1.8440372465764e-16	0.762160651502005	0.166	0.09	6.21329909861452e-12	PEX19	c8
1.95117440127758e-16	0.515325942036854	0.307	0.197	6.57428702766466e-12	FAM192A	c8
2.07315697531485e-16	0.689145518917351	0.209	0.122	6.98529511262584e-12	MRPL45	c8
2.08871509391131e-16	0.360141351069465	0.604	0.466	7.03771663742478e-12	BRD2	c8
2.11459706426128e-16	0.962476659087209	0.113	0.054	7.12492334832195e-12	SYNJ2	c8
2.29602146750793e-16	1.44391686257431	0.063	0.023	7.73621473262124e-12	AC009948.5	c8
2.3035708271953e-16	0.597100318391602	0.325	0.216	7.76165154515183e-12	RAB9A	c8
2.35392036599293e-16	0.356560471353514	0.645	0.511	7.93129928117657e-12	CYCS	c8
2.3553419951926e-16	0.758969368738048	0.188	0.107	7.93608931860193e-12	MEMO1	c8
2.45005996610655e-16	1.16457268860144	0.082	0.035	8.2552320497994e-12	ZNF85	c8
2.46838844098596e-16	0.23176977594197	0.95	0.948	8.3169880130581e-12	CORO1A	c8
2.55703041040781e-16	0.725051602118593	0.169	0.093	8.61565826482806e-12	UBXN7	c8
2.55864340527648e-16	0.816017567841751	0.131	0.066	8.62109308973857e-12	KCNK6	c8
2.56860064766855e-16	0.565734817976535	0.316	0.208	8.65464302225443e-12	BAG1	c8
2.57448686568186e-16	0.477794769927032	0.327	0.214	8.67447604522847e-12	GSPT1	c8
2.78027969366871e-16	1.64953687859555	0.05	0.017	9.36787439984735e-12	EPAS1	c8
2.79769641274162e-16	0.741518584123993	0.16	0.086	9.42655829309162e-12	MEF2D	c8
2.97014450490797e-16	0.505796226054214	0.321	0.213	1.00076048948369e-11	NCOA4	c8
3.09700005700342e-16	0.866899992288802	0.102	0.047	1.04350319920673e-11	GDPD5	c8
3.13102465275352e-16	0.665201283689505	0.226	0.137	1.05496744649877e-11	DBF4	c8
3.16463684371013e-16	0.917956159253327	0.115	0.055	1.06629273811969e-11	MRPL30	c8
3.21073210971258e-16	1.03895440756081	0.098	0.045	1.08182407704656e-11	MOSPD1	c8
3.27279387433957e-16	0.291169348757877	0.784	0.658	1.10273516801998e-11	SHFM1	c8
3.30972149426215e-16	0.394661463013239	0.587	0.456	1.11517756027669e-11	KPNB1	c8
3.32708979388733e-16	0.727412977858776	0.159	0.085	1.1210296351524e-11	PHLDB3	c8
3.33434810365772e-16	0.547241859455299	0.385	0.266	1.12347525004643e-11	CCDC91	c8
3.41522776789199e-16	0.471767493425295	0.427	0.3	1.15072684411353e-11	G3BP2	c8
3.42247464126247e-16	0.607405259775181	0.267	0.168	1.15316860562698e-11	UBQLN2	c8
3.54328503302262e-16	0.305755126866009	0.793	0.652	1.19387445902664e-11	HNRNPA0	c8
3.54754699763448e-16	0.692083157883517	0.17	0.094	1.19531048538296e-11	MR1	c8
3.5881895924693e-16	0.633293884062796	0.216	0.128	1.2090046012866e-11	MRPL44	c8
3.67972859101061e-16	0.529761316856813	0.363	0.249	1.23984775145512e-11	EVI2B	c8
3.71535783020231e-16	0.845585056178866	0.141	0.073	1.25185266730837e-11	JMY	c8
3.85311936417417e-16	0.501620238775716	0.281	0.177	1.29827003856484e-11	RBM5	c8
4.08383214283053e-16	0.499066805287348	0.325	0.212	1.37600640220532e-11	MRPL28	c8
4.08584028414894e-16	0.354442721894081	0.609	0.468	1.37668302534114e-11	AURKAIP1	c8
4.08952149803789e-16	0.575820315974827	0.243	0.148	1.37792337354889e-11	TERF1	c8
4.20225810987822e-16	0.350062945964036	0.617	0.474	1.41590884754237e-11	TSC22D4	c8
4.26921871284311e-16	0.709424396233467	0.184	0.104	1.43847055310536e-11	LLPH	c8
4.34255095809075e-16	0.349216764598823	0.675	0.556	1.4631791198191e-11	SELPLG	c8
4.36412041291586e-16	0.556156172966578	0.303	0.196	1.47044673192787e-11	NDUFA8	c8
4.55480619320916e-16	0.335575404025221	0.749	0.627	1.53469639873989e-11	EPC1	c8
4.66901869791855e-16	0.411983998707885	0.634	0.498	1.57317916007668e-11	SOCS1	c8
4.71942028251299e-16	0.523929489106048	0.344	0.233	1.59016146998993e-11	MTIF3	c8
5.05979130048264e-16	1.96124467837048	0.025	0.005	1.70484608078462e-11	HAVCR1	c8
5.08357455895165e-16	0.640794000676992	0.173	0.095	1.71285961189317e-11	POLB	c8
5.1506684605202e-16	0.331642691344015	0.758	0.654	1.73546623108768e-11	CRIP1	c8
5.29066050714758e-16	0.862701497405275	0.11	0.052	1.78263515127831e-11	DDX19B	c8
5.42528434202712e-16	0.663387869245697	0.211	0.125	1.82799530620262e-11	TRIM26	c8
5.50327220701762e-16	0.787168093873889	0.148	0.078	1.85427253743252e-11	FAM222B	c8
5.65865833426076e-16	0.511168871342058	0.256	0.157	1.90662833914582e-11	TCF12	c8
5.66066052793123e-16	0.533603245607673	0.304	0.199	1.90730295828115e-11	GMPR2	c8
5.66123692704549e-16	0.385402804682355	0.579	0.439	1.90749717019871e-11	CLK1	c8
5.89923380358949e-16	0.395547521440043	0.559	0.423	1.98768783778144e-11	PARP1	c8
6.11688764055073e-16	0.582239743532501	0.243	0.149	2.06102412160716e-11	UROD	c8
6.16463924945306e-16	1.39703200098176	0.056	0.02	2.07711354871072e-11	UBXN10-AS1	c8
6.26670906793411e-16	0.462758667153268	0.335	0.22	2.11150495334972e-11	CPSF6	c8
6.51741691853626e-16	0.454427650227176	0.33	0.217	2.19597845653161e-11	NAA50	c8
6.59700508676937e-16	0.502935455555086	0.384	0.266	2.22279489393607e-11	IDH3G	c8
6.84957391239604e-16	0.420678509332772	0.467	0.335	2.30789543404272e-11	PSMA3	c8
6.92406140414951e-16	0.374310901885659	0.607	0.464	2.33299324951413e-11	PSIP1	c8
7.10915367969404e-16	1.55787352097714	0.064	0.025	2.39535824083611e-11	CTNNAL1	c8
7.26746550557057e-16	0.435236528164202	0.507	0.37	2.44869982744695e-11	RBM17	c8
7.35486783197718e-16	3.44614811499602	0.01	0.001	2.47814916730639e-11	LGR4	c8
7.3577956122889e-16	0.808562056848503	0.141	0.074	2.47913565360462e-11	MTHFD1	c8
7.37837743221985e-16	0.368262442779961	0.607	0.465	2.48607049201216e-11	RBBP6	c8
7.4415865424254e-16	0.60464943192553	0.262	0.165	2.50736816960482e-11	TMEM205	c8
7.50084461964281e-16	1.20383237681986	0.079	0.033	2.52733458614245e-11	CCR1	c8
7.59220141242886e-16	0.690507063403331	0.177	0.099	2.55811634390378e-11	CSTF1	c8
7.6397647003474e-16	1.38217151336744	0.058	0.021	2.57414231813505e-11	TMEM110	c8
8.84766443467648e-16	0.429037240826413	0.438	0.314	2.98113205461989e-11	SP140	c8
8.88270025872581e-16	0.900347119279719	0.107	0.05	2.99293702517507e-11	MOB3C	c8
9.14316132576132e-16	0.493792163000577	0.399	0.279	3.08069677710202e-11	PEF1	c8
9.516266656344e-16	0.270546560332639	0.776	0.643	3.20641088718855e-11	SEC61B	c8
9.54844827127164e-16	0.521373620120431	0.333	0.223	3.21725416052227e-11	CHTF8	c8
9.95802898283023e-16	0.54863778501602	0.268	0.17	3.35525828547482e-11	FO538757.2	c8
1.0351931547674e-15	0.101801377692426	0.995	0.984	3.48797981567329e-11	AC090498.1	c8
1.04054017113664e-15	0.418535300698301	0.49	0.366	3.50599605262780e-11	LEF1	c8
1.05990020911084e-15	0.627049941946367	0.201	0.117	3.57122776457805e-11	CRY1	c8
1.06001061755921e-15	0.369056677430904	0.608	0.456	3.57159977480399e-11	NDUFB7	c8
1.13433007715263e-15	0.483507989576878	0.429	0.308	3.82201176195806e-11	CALCOCO2	c8
1.13871644386746e-15	0.663183880935624	0.169	0.094	3.83679118596703e-11	PTPRN2	c8
1.19790849807489e-15	0.575357042614043	0.282	0.182	4.03623289341354e-11	CDC5L	c8
1.22925211279971e-15	1.96810112976054	0.032	0.008	4.14184206886734e-11	FCHO2	c8
1.23121879004269e-15	0.401103429887146	0.464	0.333	4.14846859116986e-11	MPG	c8
1.27057569469932e-15	0.356319936604227	0.533	0.391	4.28107774571988e-11	VDAC1	c8
1.32596586884217e-15	0.412350059348517	0.463	0.336	4.46770939847679e-11	SMAP1	c8
1.33582088222774e-15	2.42469338683494	0.026	0.006	4.50091488057814e-11	CNTLN	c8
1.35172407131735e-15	0.435231676475771	0.485	0.354	4.55449908589667e-11	SPTAN1	c8
1.36446730852385e-15	0.831435799234616	0.143	0.076	4.59743614934026e-11	EIF4G3	c8
1.38776843949853e-15	0.638321391721627	0.189	0.108	4.67594698004636e-11	TM2D2	c8
1.39898697789272e-15	1.81141632294833	0.038	0.011	4.71374672331175e-11	TMCC2	c8
1.42279501805271e-15	0.62117167975552	0.228	0.138	4.79396553382682e-11	FAM134C	c8
1.45681697743488e-15	0.74039745671958	0.168	0.093	4.90859912376909e-11	CLPX	c8
1.47273443237268e-15	0.461403951643038	0.405	0.282	4.96223139643652e-11	ETFA	c8
1.56886960936147e-15	0.848406450983692	0.149	0.081	5.28614926178252e-11	UBR7	c8
1.57062576113562e-15	0.554012153157377	0.218	0.129	5.29206643957036e-11	TMEM199	c8
1.58720305579928e-15	0.618370239232478	0.246	0.154	5.3479219762101e-11	ATPAF1	c8
1.60111615815701e-15	0.512395730103972	0.283	0.18	5.39480078329423e-11	CDC73	c8
1.60727019891462e-15	0.442159347818187	0.362	0.243	5.41553620822293e-11	TBCC	c8
1.71542848334444e-15	0.483555625000909	0.336	0.224	5.77996473178077e-11	YIF1A	c8
1.7539543433708e-15	2.5787725975343	0.018	0.003	5.90977376455357e-11	ARHGEF4	c8
1.7587448500762e-15	0.532833014296736	0.273	0.174	5.92591489784674e-11	MED8	c8
1.82335209916223e-15	0.427086666301729	0.485	0.357	6.14360256291722e-11	MRPL34	c8
1.84594905395996e-15	0.548029641270019	0.211	0.124	6.2197407424127e-11	RNF139	c8
1.86887271103468e-15	0.499963564769841	0.353	0.241	6.29697971256027e-11	GNPTG	c8
1.87834006965898e-15	0.416690627233831	0.415	0.292	6.32887903070896e-11	CD46	c8
1.94582183927943e-15	0.779668558394081	0.166	0.093	6.55625210526812e-11	FOSL2	c8
1.97845718180762e-15	0.341270059331046	0.617	0.479	6.6662136283826e-11	MEAF6	c8
1.98542877224168e-15	1.61553420366891	0.041	0.013	6.68970370519112e-11	SV2A	c8
2.02107115475078e-15	0.559318112021475	0.28	0.179	6.80979714881726e-11	SKA2	c8
2.0285889208876e-15	1.01401049700699	0.082	0.035	6.83512751003867e-11	SLC26A11	c8
2.04542317726967e-15	0.776528858189967	0.132	0.068	6.89184885349242e-11	OAZ2	c8
2.08636266085217e-15	0.457938562355361	0.362	0.245	7.0297903494753e-11	AP1M1	c8
2.15138153655205e-15	1.62594589422752	0.044	0.014	7.24886494925847e-11	FAM63A	c8
2.18972203827185e-15	0.863986171620028	0.1	0.047	7.37804943575317e-11	TCP11L2	c8
2.19216757790859e-15	0.461861060575803	0.337	0.223	7.38628943700521e-11	SS18	c8
2.1948877650095e-15	0.538635155971842	0.282	0.183	7.39545483542299e-11	CLTC	c8
2.20068610203717e-15	0.388306786464467	0.425	0.294	7.41499175220406e-11	B3GAT3	c8
2.22059267331844e-15	0.757272986609113	0.131	0.067	7.48206495347917e-11	MKNK1	c8
2.27594894145709e-15	0.518256257702846	0.251	0.155	7.66858236334553e-11	PAIP1	c8
2.35476664233534e-15	0.746465571588862	0.162	0.09	7.93415072468469e-11	SCAMP1	c8
2.35590420156563e-15	0.767898993251026	0.137	0.072	7.93798361675522e-11	TOR1B	c8
2.41735930069572e-15	0.313931274448934	0.761	0.644	8.14505042776416e-11	DDX17	c8
2.42922469073167e-15	0.437582889118082	0.384	0.263	8.18502967295129e-11	PTPRA	c8
2.553854926282e-15	0.603508280914969	0.207	0.123	8.60495878861457e-11	SNX14	c8
2.58258984476478e-15	0.268282866375415	0.85	0.749	8.70177822295045e-11	PTGES3	c8
2.62452783960737e-15	0.581647057520697	0.263	0.167	8.84308410277306e-11	EIF3J	c8
2.68691021978684e-15	0.293691664046804	0.748	0.637	9.05327529454978e-11	FKBP8	c8
2.80124033667199e-15	0.422886744739564	0.476	0.347	9.4384991903826e-11	RBBP4	c8
2.8347312634259e-15	0.563774934187366	0.288	0.187	9.55134351898723e-11	N4BP2L1	c8
2.86035684599147e-15	0.580185081533838	0.238	0.148	9.63768635688366e-11	ZNF580	c8
3.04673726444579e-15	0.394124193360848	0.393	0.274	1.02656765388236e-10	PRNP	c8
3.21568516349115e-15	0.526359999536901	0.269	0.171	1.08349295898671e-10	CAMK2D	c8
3.23142473094356e-15	0.554855799961157	0.232	0.141	1.08879624884412e-10	IP6K1	c8
3.2331451674973e-15	0.954431806089988	0.118	0.059	1.08937593273654e-10	DHDDS	c8
3.37369379585876e-15	0.521787164230877	0.285	0.185	1.13673238757665e-10	TXNDC15	c8
3.45551258008821e-15	0.615364316356264	0.197	0.116	1.16430040873492e-10	INSIG1	c8
3.57061921131142e-15	0.775751140009667	0.164	0.092	1.20308443705927e-10	DTNB	c8
3.62641030379974e-15	1.36538223657967	0.057	0.021	1.22188268776228e-10	RYR1	c8
3.76369481191165e-15	0.735014398335611	0.152	0.083	1.26813932992551e-10	AIFM1	c8
3.90781004756359e-15	0.875496270597075	0.14	0.075	1.31669751742608e-10	MLKL	c8
3.90938480567201e-15	0.873821052666385	0.149	0.081	1.31722811642313e-10	ZNF444	c8
3.96911569112558e-15	0.637048547950134	0.199	0.117	1.33735384096785e-10	TMEM167B	c8
3.97575737769225e-15	0.594261738670426	0.246	0.154	1.33959169083963e-10	YAF2	c8
4.10455182264524e-15	0.346910234353959	0.663	0.529	1.38298769112209e-10	COX7A2L	c8
4.19252794994586e-15	0.69766099084494	0.177	0.101	1.41263036745476e-10	EXOG	c8
4.20499985501576e-15	0.608126346128786	0.239	0.149	1.41683265114901e-10	GOT2	c8
4.25809846112421e-15	0.479321745548828	0.3	0.196	1.43472369549119e-10	RIC8A	c8
4.39616289221515e-15	0.875416583111522	0.118	0.059	1.48124312490297e-10	PAOX	c8
4.42350200943518e-15	0.479738741161691	0.262	0.164	1.49045476705909e-10	TOR1A	c8
4.50329221077658e-15	0.31731079779591	0.709	0.572	1.51733927749906e-10	RALY	c8
4.8129053774002e-15	1.97087126926278	0.036	0.01	1.62166033786122e-10	SLC35F3	c8
4.82465823846666e-15	2.9345928495411	0.014	0.002	1.62562034686896e-10	RP3-330M21.5	c8
4.92995310784606e-15	0.363750726862844	0.52	0.385	1.66109840015765e-10	SNRPB2	c8
4.99827245690374e-15	1.61798596252135	0.052	0.018	1.68411792162915e-10	CDCA7L	c8
5.06164608532563e-15	1.28432823131184	0.066	0.026	1.70547103198962e-10	RP11-121P12.1	c8
5.10039996115075e-15	2.86343787501188	0.015	0.002	1.71852876291013e-10	FAM124B	c8
5.44546038799349e-15	2.07582723996622	0.023	0.005	1.83479342313053e-10	CTD-2017C7.2	c8
5.6811516388298e-15	0.625001993579339	0.181	0.104	1.91420723318731e-10	VPS37B	c8
5.69917264895121e-15	0.43767902313785	0.41	0.288	1.92027923233762e-10	PSMB7	c8
5.74408119155469e-15	0.515179688831874	0.342	0.234	1.93541071668244e-10	GMIP	c8
5.74624807804472e-15	1.34735965037954	0.057	0.021	1.93614082741639e-10	LINC01006	c8
5.77211887730045e-15	0.855833810807913	0.125	0.064	1.94485773451761e-10	FAM188A	c8
5.81856582040662e-15	0.347451578557308	0.681	0.556	1.96050756752781e-10	SF3B1	c8
5.93264923712534e-15	0.43642636681454	0.433	0.307	1.99894683395701e-10	SEC13	c8
5.95135887345759e-15	0.589725221573875	0.253	0.161	2.0052508588228e-10	MIS18BP1	c8
6.03217758395805e-15	0.71530403724555	0.175	0.1	2.03248191513882e-10	CDR2	c8
6.12904618893207e-15	0.570558295303971	0.199	0.116	2.06512082289877e-10	ATG13	c8
6.28223923355375e-15	3.59002524655194	0.01	0.001	2.1167376873536e-10	CTD-2377D24.4	c8
6.29659496009359e-15	0.526363059854013	0.232	0.141	2.12157470585394e-10	NFKBIB	c8
6.31231535002421e-15	0.210091938125289	0.64	0.487	2.12687153403716e-10	ITGB1	c8
6.32371011579511e-15	0.584342522711513	0.228	0.14	2.130710886416e-10	OSTM1	c8
6.43187812048408e-15	0.433037368098253	0.421	0.302	2.16715701391591e-10	SUMF2	c8
6.44881059446773e-15	0.43368049240301	0.475	0.35	2.17286224169996e-10	DBNL	c8
6.53576347095134e-15	0.605925880913263	0.241	0.15	2.20216014390234e-10	NFU1	c8
6.54082196964809e-15	0.521626688327984	0.25	0.156	2.20386455445323e-10	PSPC1	c8
6.74505558389546e-15	1.56516448103292	0.043	0.014	2.27267902843774e-10	RP11-574F21.2	c8
6.91963100021471e-15	0.637162964708144	0.236	0.148	2.33150046921234e-10	PIK3R5	c8
7.06423452415564e-15	0.327619883581327	0.677	0.548	2.380223180569e-10	SFPQ	c8
7.0682814188144e-15	0.390658124845665	0.526	0.393	2.38158674125532e-10	MRPS34	c8
7.09390195349684e-15	1.89840526878302	0.034	0.009	2.39021932421123e-10	PMF1-BGLAP	c8
7.11707361168421e-15	0.642020054209778	0.171	0.097	2.39802678272088e-10	IFFO1	c8
7.42093734566849e-15	0.567346232440442	0.243	0.152	2.50041062924954e-10	FBXW2	c8
7.45327567672595e-15	0.621228281201835	0.269	0.175	2.51130670651604e-10	KAT6B	c8
7.48654079911342e-15	0.947614773519506	0.088	0.04	2.52251505685328e-10	AC093818.1	c8
7.57613303356656e-15	0.377330174639752	0.49	0.355	2.55270226432992e-10	GNAI2	c8
7.70386040466899e-15	2.43710965542318	0.021	0.004	2.59573872474917e-10	OSBP2	c8
7.92936397675961e-15	0.45617833341837	0.357	0.244	2.67171989832938e-10	SUGT1	c8
8.11881425292223e-15	0.388150907799433	0.513	0.38	2.73555327437962e-10	GPI	c8
8.35758629094928e-15	0.799125087943418	0.135	0.071	2.81600512487245e-10	EPT1	c8
8.51224391380588e-15	0.426206031525676	0.485	0.355	2.86811546431775e-10	UQCRC2	c8
8.59020940235528e-15	1.24348652227405	0.058	0.022	2.89438515602959e-10	FAIM2	c8
8.78818476067079e-15	0.431056336373051	0.411	0.287	2.96109097326041e-10	FBXO7	c8
8.87240929727372e-15	0.293263563954626	0.501	0.364	2.98946958862341e-10	APOBEC3C	c8
8.88366454922142e-15	0.431850430737697	0.401	0.28	2.99326193321467e-10	LSM10	c8
8.91275455265079e-15	0.399228415482187	0.699	0.577	3.00306351897016e-10	CLEC2D	c8
8.94091526081132e-15	3.09614883776608	0.015	0.002	3.01255198797777e-10	PHKA1	c8
8.98640986487968e-15	0.587615526185537	0.201	0.119	3.02788093987256e-10	ANKRD36B	c8
8.9998748000014e-15	0.711558044154388	0.19	0.112	3.03241781511247e-10	PIGBOS1	c8
9.12445286274022e-15	0.438611869248653	0.342	0.231	3.07439314757169e-10	TOR1AIP1	c8
9.35288172714797e-15	0.406830018296134	0.456	0.328	3.15135996914524e-10	CCT6A	c8
9.43256375805525e-15	0.568903384599015	0.212	0.128	3.17820803263914e-10	HAUS4	c8
1.00583530662614e-14	0.488156922342287	0.271	0.173	3.3890614821461e-10	HGS	c8
1.0298204916323e-14	1.40065950413324	0.054	0.02	3.46987716450588e-10	SWT1	c8
1.13577389228548e-14	0.347857983213507	0.521	0.388	3.82687655266668e-10	SLC3A2	c8
1.15792086493811e-14	0.48999644270683	0.292	0.19	3.90149856232246e-10	GLRX3	c8
1.16942019338016e-14	0.765935393624329	0.201	0.122	3.94024439957509e-10	DNAJB12	c8
1.21985563867166e-14	0.758766095362182	0.161	0.091	4.11018158894029e-10	UBASH3B	c8
1.25037992631932e-14	0.413464430081448	0.537	0.406	4.21303012374031e-10	PSMF1	c8
1.25681601109337e-14	1.90579632519302	0.034	0.01	4.23471586777799e-10	SLC41A2	c8
1.28800822787635e-14	0.171962570585956	0.966	0.933	4.33981492300659e-10	NPM1	c8
1.30489094488503e-14	0.513563109007616	0.275	0.177	4.39669954969561e-10	TRAFD1	c8
1.31291989051559e-14	0.800815967717717	0.131	0.069	4.42375227910323e-10	SPAG16	c8
1.32718601489381e-14	0.869473737443714	0.096	0.045	4.4718205585832e-10	ACOX3	c8
1.34345858482263e-14	0.335836379057836	0.587	0.45	4.52664935570135e-10	NDUFA2	c8
1.3640565631072e-14	0.577715470020841	0.216	0.131	4.59605218373341e-10	HMGXB4	c8
1.36432595855373e-14	0.54026334767986	0.237	0.148	4.59695988475092e-10	FAF1	c8
1.44791474059381e-14	0.766009698230961	0.149	0.082	4.87860392695678e-10	ELK1	c8
1.46719233723795e-14	0.669985027619501	0.191	0.112	4.94355786108954e-10	GMFB	c8
1.49231663768152e-14	0.6750789007931	0.187	0.11	5.02821167900412e-10	RP11-356I2.4	c8
1.52015424976849e-14	0.62328251266444	0.221	0.135	5.12200772916995e-10	GIGYF2	c8
1.56902346648399e-14	0.39474099496184	0.557	0.425	5.28666766797114e-10	NDUFAB1	c8
1.57693409092315e-14	0.525365947431894	0.249	0.157	5.31332172595645e-10	MRPS18A	c8
1.57991408719101e-14	0.719857635336942	0.181	0.107	5.32336252538139e-10	SUSD6	c8
1.58626109687021e-14	0.533295247030106	0.285	0.186	5.34474813979449e-10	DNAJB9	c8
1.59799670813057e-14	0.440151689977533	0.308	0.203	5.38429010837514e-10	NDUFS4	c8
1.60706120067053e-14	0.778407560907758	0.143	0.078	5.41483200953928e-10	ACOT2	c8
1.61992958426823e-14	0.990379652530453	0.094	0.044	5.45819074123337e-10	UEVLD	c8
1.6264674827364e-14	0.341368905207374	0.661	0.531	5.48021953633202e-10	XRCC5	c8
1.65375159367511e-14	0.644682236365688	0.194	0.115	5.57215061972891e-10	CRYZ	c8
1.68134843137267e-14	0.648631567952846	0.204	0.123	5.66513540466708e-10	C19orf12	c8
1.68895023136789e-14	0.707576954075339	0.187	0.111	5.69074890957097e-10	RANGAP1	c8
1.69422819159176e-14	2.53501152662283	0.015	0.002	5.70853246874927e-10	C9orf135	c8
1.71158344094546e-14	0.430179878371273	0.269	0.17	5.76700924592162e-10	SESN3	c8
1.72385750838142e-14	0.480027357067035	0.3	0.196	5.80836548874036e-10	PROSC	c8
1.76311274772992e-14	0.975735472938343	0.101	0.049	5.94063209220121e-10	CNBD2	c8
1.78301112974912e-14	0.790449893259072	0.136	0.073	6.00767770057667e-10	MTM1	c8
1.78545874656442e-14	0.476592892445798	0.345	0.237	6.01592470067416e-10	ANP32E	c8
1.79487005461064e-14	0.336751200360823	0.62	0.481	6.04763516200509e-10	LMAN2	c8
1.82582037334259e-14	0.957173640134436	0.097	0.046	6.15191916594051e-10	MYO1C	c8
1.83450838071332e-14	0.772871221077809	0.161	0.091	6.18119253797544e-10	LARP4	c8
1.86055884249666e-14	0.898476533896664	0.118	0.06	6.26896696390825e-10	CXorf40A	c8
1.92154705166548e-14	0.469037661218694	0.319	0.212	6.47446063588166e-10	SLC25A11	c8
1.93652933955912e-14	0.676009455612593	0.201	0.121	6.52494195671049e-10	DCTPP1	c8
1.95123664058971e-14	0.565183044435618	0.208	0.124	6.57449673680298e-10	LMBR1L	c8
1.95323030786922e-14	0.460150350212886	0.28	0.181	6.58121419933455e-10	DUSP23	c8
1.97316665370786e-14	0.55487304689625	0.22	0.134	6.64838772300325e-10	C1orf50	c8
2.00349552199936e-14	1.7091582967827	0.033	0.009	6.75057781182465e-10	GPR146	c8
2.01098374906278e-14	0.33286376226035	0.586	0.445	6.77580864409213e-10	EIF3I	c8
2.05623211095183e-14	2.65418514081177	0.012	0.002	6.92826847464108e-10	RP3-510D11.2	c8
2.06140680873009e-14	0.428456941709746	0.488	0.365	6.94570410133518e-10	PPCS	c8
2.0620421755399e-14	0.410137796004822	0.498	0.373	6.94784490626412e-10	FGFR1OP2	c8
2.09861155502721e-14	0.502813130457297	0.282	0.183	7.07106177350868e-10	ASAH1	c8
2.11132385266658e-14	0.478863649237867	0.319	0.215	7.11389458917477e-10	HINT2	c8
2.13061067472301e-14	1.45745732200491	0.052	0.019	7.17887960741172e-10	SLC35E4	c8
2.15229921788612e-14	0.690235175145939	0.152	0.084	7.25195698474549e-10	ASB3	c8
2.28707273960331e-14	0.677400439752797	0.168	0.096	7.70606288881938e-10	ZNF195	c8
2.30390377949357e-14	0.382765892274256	0.585	0.454	7.76277339462563e-10	PPP2R1A	c8
2.39744320579386e-14	0.705158997769105	0.167	0.095	8.07794513760183e-10	PHF21A	c8
2.471640129056e-14	0.52570855574006	0.292	0.191	8.3279442508413e-10	FAM103A1	c8
2.48338851810256e-14	0.41799258959784	0.355	0.241	8.36752927289475e-10	BTN3A1	c8
2.55152150875301e-14	0.464939021405105	0.379	0.267	8.5970965715924e-10	U2AF2	c8
2.60584930075469e-14	1.27801125573124	0.065	0.026	8.78014863396285e-10	CTB-58E17.1	c8
2.60849204826569e-14	0.668246278676937	0.216	0.134	8.78905310742643e-10	GART	c8
2.65985927339494e-14	0.79550210911702	0.133	0.071	8.96212983577691e-10	TXLNA	c8
2.72323671741529e-14	0.389851363434762	0.411	0.289	9.17567379565908e-10	PIH1D1	c8
2.78957955183041e-14	0.708958438635107	0.18	0.105	9.3992093419374e-10	RDX	c8
2.78983294547642e-14	0.34067153879213	0.544	0.424	9.40006312648824e-10	RPN2	c8
2.86061963090406e-14	1.05777047196962	0.07	0.029	9.63857178436815e-10	C1RL-AS1	c8
2.94890390580271e-14	0.886756091385084	0.125	0.065	9.93603682021164e-10	MSRB1	c8
3.09988166538822e-14	0.458426765488146	0.351	0.242	1.04447412833591e-09	MARCH7	c8
3.44105346612199e-14	0.681661836612563	0.144	0.078	1.15942855487515e-09	UBE2R2	c8
3.44598512799846e-14	0.378367541781072	0.491	0.363	1.1610902290278e-09	CHIC2	c8
3.47863680731064e-14	0.430785210446479	0.419	0.298	1.17209188585525e-09	PYCARD	c8
3.48762754418387e-14	1.85387585696142	0.035	0.01	1.17512122473731e-09	MCF2L2	c8
3.57733862727592e-14	0.459968530672581	0.366	0.255	1.20534847707435e-09	MKRN1	c8
3.59476052910548e-14	0.561124945745723	0.217	0.132	1.2112186126768e-09	SEC23B	c8
3.65588695701411e-14	1.47588750496667	0.047	0.017	1.23181455129633e-09	PIK3R3	c8
3.72055252741645e-14	0.910471236535442	0.103	0.051	1.2536029685877e-09	EZH2	c8
3.77313424621218e-14	0.885691825240649	0.102	0.05	1.27131985291873e-09	WIPI1	c8
3.80763407849134e-14	0.489251633848625	0.269	0.173	1.28294422640687e-09	POLR3K	c8
3.92904938986086e-14	0.671575775781761	0.157	0.088	1.32385390141972e-09	TMEM218	c8
4.0426701059748e-14	0.52800564098959	0.268	0.174	1.36213726550715e-09	ACTR10	c8
4.18415654489991e-14	0.518512680395374	0.304	0.203	1.40980970623858e-09	MAN2B1	c8
4.44018405112431e-14	0.355558523656537	0.528	0.399	1.49607561418582e-09	TWF2	c8
4.5771033076153e-14	1.26834152979678	0.057	0.022	1.5422091884679e-09	SLX1B	c8
4.5999734911491e-14	0.680384694569283	0.16	0.09	1.54991506810778e-09	RMND5B	c8
4.75440657471299e-14	1.03117769978846	0.09	0.042	1.60194975128379e-09	APOPT1	c8
4.8199280625497e-14	0.599007682180535	0.211	0.128	1.62402656139549e-09	CYP2R1	c8
4.86788020113603e-14	0.445583448437033	0.327	0.222	1.64018355497077e-09	TAF12	c8
4.87833433589154e-14	0.281971257986804	0.706	0.58	1.6437059711353e-09	SMCHD1	c8
4.98311377540907e-14	0.500618517833844	0.211	0.128	1.67901035548633e-09	ZBED5	c8
5.02302160395374e-14	0.71941274028595	0.164	0.094	1.69245689923617e-09	VPS16	c8
5.02777552244682e-14	0.86429311255535	0.108	0.054	1.69405868453323e-09	TET2	c8
5.16118202645336e-14	0.649176631447072	0.204	0.125	1.73900867199319e-09	UGCG	c8
5.23471616045133e-14	0.774571269760359	0.181	0.107	1.76378526310247e-09	LMNA	c8
5.23506056529955e-14	0.338189965517088	0.634	0.505	1.76390130687203e-09	ATP6V1F	c8
5.25323411104957e-14	0.408181734602719	0.417	0.296	1.77002470137704e-09	RPA3	c8
5.25889142971948e-14	0.469349796201481	0.37	0.258	1.77193087832968e-09	BECN1	c8
5.30414375051263e-14	3.11291601593784	0.013	0.002	1.78717819529773e-09	IRAK3	c8
5.70408462206918e-14	0.422156475542185	0.438	0.318	1.92193427255999e-09	EMC10	c8
5.71545069647165e-14	0.791016049332725	0.118	0.061	1.92576395766916e-09	PTBP2	c8
5.74837815301727e-14	0.755449687586425	0.112	0.056	1.93685853487764e-09	NAPEPLD	c8
5.96166312245183e-14	0.45842537235036	0.355	0.244	2.00872277247892e-09	PLIN2	c8
5.96610649612816e-14	0.712160717820375	0.141	0.077	2.01021992280542e-09	SLC25A13	c8
6.01046846680257e-14	0.307528604582724	0.609	0.471	2.02516724520446e-09	SYF2	c8
6.01508982774702e-14	0.150616626412394	0.991	0.981	2.02672436656108e-09	SERF2	c8
6.03995705302824e-14	0.960315835558357	0.093	0.044	2.03510312944733e-09	SLC35D2	c8
6.20570044378345e-14	0.702859630806829	0.138	0.074	2.0909487075284e-09	MTFR1L	c8
6.23717485171948e-14	0.646497944789099	0.232	0.147	2.10155369453836e-09	PI4KB	c8
6.34257078073013e-14	0.428119002461804	0.373	0.261	2.13706579885921e-09	PSMD2	c8
6.39162317379939e-14	0.787863027999045	0.149	0.083	2.15359351217997e-09	TBC1D7	c8
6.3981333772022e-14	0.497685061012954	0.258	0.167	2.15578706011451e-09	TNPO1	c8
6.44101868069032e-14	0.698343252495081	0.171	0.1	2.1702368342718e-09	TOB2	c8
6.55087257903161e-14	0.547381947292797	0.225	0.14	2.20725100677891e-09	WDR6	c8
6.58743064748231e-14	0.793582286210868	0.166	0.097	2.21956888236269e-09	RSAD2	c8
6.89212632979034e-14	0.380492402957728	0.4	0.281	2.32223304555956e-09	DCTN2	c8
6.98320324677073e-14	1.8295109102509	0.028	0.007	2.35292050196693e-09	ZDHHC14	c8
7.04346234225263e-14	0.653096032553818	0.209	0.129	2.3732242015986e-09	ACTL6A	c8
7.08082126577281e-14	0.378877962089582	0.357	0.246	2.38581191728949e-09	ACIN1	c8
7.21403498350995e-14	0.333383666630277	0.584	0.455	2.43069694734384e-09	EIF1B	c8
7.36161232591635e-14	0.598322215516844	0.189	0.112	2.48042165709425e-09	CEP135	c8
7.36485716521537e-14	0.242639991644629	0.865	0.785	2.48151497324767e-09	HLA-F	c8
7.52261458748658e-14	0.286883637027642	0.777	0.682	2.53466975910773e-09	CD53	c8
7.78537890763329e-14	0.405601937859847	0.333	0.223	2.62320556913796e-09	BRMS1	c8
8.06066450335092e-14	0.977625934803743	0.098	0.047	2.71596029775906e-09	GORAB	c8
8.24553947063556e-14	0.480170700578849	0.34	0.235	2.77825206923594e-09	DERL2	c8
8.26502091216341e-14	0.47210791016878	0.291	0.192	2.78481614614434e-09	MCRS1	c8
8.2921827599051e-14	0.571703361571309	0.208	0.126	2.79396805912243e-09	FAM58A	c8
8.7642078755284e-14	0.455972595512372	0.361	0.252	2.95301220158054e-09	PSMC6	c8
8.77048483424779e-14	0.414312305390956	0.475	0.358	2.95512716005145e-09	MAF1	c8
8.8320858791201e-14	0.499705486659667	0.262	0.169	2.97588301611073e-09	RHNO1	c8
8.87257913457521e-14	0.674293950979833	0.155	0.087	2.98952681360377e-09	RALB	c8
8.99808695298206e-14	0.724024489724078	0.151	0.085	3.03181541793778e-09	MBIP	c8
9.13770176120911e-14	0.351995356274299	0.55	0.418	3.0788572314218e-09	ERGIC3	c8
9.15429196512651e-14	0.348173237732587	0.519	0.385	3.08444713472973e-09	LAMTOR5	c8
9.30647797796036e-14	2.19649414955348	0.022	0.005	3.13572468989396e-09	RP11-214O1.2	c8
9.33218399547696e-14	0.77588090525878	0.13	0.07	3.14438607543601e-09	GALNT10	c8
9.60807022187805e-14	0.434305718512836	0.334	0.229	3.23734318055959e-09	SYNCRIP	c8
9.75550809317779e-14	1.14741144347532	0.076	0.033	3.28702089691533e-09	NAB2	c8
9.91926394507328e-14	0.856654253470678	0.096	0.046	3.34219679365299e-09	GRAP	c8
9.92195658857044e-14	0.606471823509814	0.19	0.113	3.34310405295292e-09	ABHD12	c8
1.00273307066354e-13	0.399957373615934	0.461	0.339	3.37860880829374e-09	MRFAP1L1	c8
1.01995409079919e-13	0.344296023082443	0.501	0.371	3.43663331353879e-09	DDX3X	c8
1.02048953539051e-13	0.827121761781331	0.098	0.048	3.43843744054478e-09	SLC35F5	c8
1.04240720660038e-13	0.539720999367362	0.214	0.132	3.51228684191932e-09	PICALM	c8
1.0673141865276e-13	2.50838174693265	0.013	0.002	3.5962084200861e-09	RP11-102L12.2	c8
1.09051090903643e-13	2.10803723345024	0.021	0.005	3.67436745690734e-09	CARD9	c8
1.11895543329447e-13	0.41514443078066	0.448	0.328	3.7702084369424e-09	TIAL1	c8
1.14372060399615e-13	0.427936296380123	0.323	0.22	3.85365220310462e-09	ZC3H13	c8
1.15184606306019e-13	0.644817500296246	0.167	0.096	3.88103012487499e-09	GFPT1	c8
1.1660598284671e-13	0.917654758600083	0.106	0.053	3.92892198603703e-09	ATPAF2	c8
1.17508969118284e-13	0.377145680842904	0.411	0.292	3.95934720547146e-09	SMARCE1	c8
1.19835263245584e-13	0.853426988486584	0.118	0.061	4.03772935979672e-09	TRIM25	c8
1.22134850067563e-13	0.97190137859526	0.089	0.042	4.11521163817647e-09	TIRAP	c8
1.25313775329113e-13	0.981983809434808	0.084	0.039	4.22232234593914e-09	CCDC117	c8
1.26140788499872e-13	0.563663050655377	0.21	0.128	4.25018772771467e-09	ABHD18	c8
1.26287038161481e-13	0.444156959990723	0.35	0.245	4.25511546381294e-09	C19orf25	c8
1.30567045954216e-13	0.571253108701595	0.181	0.106	4.39932604638135e-09	TTC9C	c8
1.30796574957536e-13	0.499017179774912	0.24	0.152	4.40705979661921e-09	DPM2	c8
1.31655010749175e-13	0.496435902182807	0.282	0.186	4.43598393218271e-09	EIF4A3	c8
1.3237095981082e-13	0.423027451736036	0.281	0.182	4.46010711986576e-09	BTN3A3	c8
1.36640486489008e-13	0.35299400909337	0.599	0.483	4.60396455176064e-09	ADAR	c8
1.37275751474686e-13	0.690414206757685	0.173	0.102	4.62536917018807e-09	ABCD4	c8
1.40776700721824e-13	1.32348738439214	0.049	0.018	4.74333015412114e-09	FAM19A2	c8
1.43752091162097e-13	0.7664713203091	0.14	0.078	4.84358295961569e-09	PRKCD	c8
1.43823864848688e-13	0.655524555149429	0.181	0.108	4.84600130221169e-09	NMT2	c8
1.47595575093413e-13	0.922337140662114	0.083	0.038	4.97308530719747e-09	ACP6	c8
1.49195201387969e-13	2.15677772633413	0.026	0.006	5.02698311556624e-09	SDSL	c8
1.49582263442673e-13	0.574833596256995	0.227	0.143	5.04002478443741e-09	MAEA	c8
1.52900721030428e-13	1.62323237149664	0.028	0.008	5.15183689439925e-09	RNASE4	c8
1.53294471395524e-13	0.669901207751767	0.201	0.124	5.16510391920078e-09	KDM2B	c8
1.55008391746999e-13	0.517798156490533	0.259	0.168	5.22285275152338e-09	BAD	c8
1.55724530640146e-13	1.00984516006017	0.185	0.114	5.24698233538908e-09	TRAV8-2	c8
1.55975354941893e-13	0.290043149841692	0.675	0.554	5.25543360941216e-09	DEF6	c8
1.56648203167341e-13	0.513572683120663	0.249	0.159	5.2781045575204e-09	GOLT1B	c8
1.60880657436002e-13	0.930352958649254	0.098	0.048	5.42071287164865e-09	UBE2F	c8
1.61237295515528e-13	0.344059211405582	0.465	0.339	5.43272943510021e-09	EAPP	c8
1.62265235402519e-13	0.330279231821575	0.548	0.41	5.46736484165249e-09	TCEB1	c8
1.66565364011193e-13	0.660884775780598	0.145	0.08	5.61225337499312e-09	CCDC94	c8
1.67466285545268e-13	0.677766493726428	0.173	0.102	5.64260902516226e-09	YIPF1	c8
1.69028169109494e-13	0.456854985071293	0.341	0.236	5.6952351299753e-09	SAFB	c8
1.71418931213316e-13	0.429146801598621	0.342	0.233	5.77578946830147e-09	ELOVL1	c8
1.71609340282083e-13	0.655285953020406	0.17	0.099	5.7822051114645e-09	MOV10	c8
1.718376510257e-13	0.401975653210926	0.455	0.335	5.78989781365995e-09	ZMAT2	c8
1.73314428072976e-13	0.747833279094491	0.176	0.105	5.83965633949086e-09	PNPT1	c8
1.7467378740285e-13	0.793373683401579	0.095	0.046	5.88545859275161e-09	CCL28	c8
1.76990146757877e-13	0.605369150430463	0.16	0.091	5.9635060048599e-09	ORC2	c8
1.82903155627407e-13	0.394781156584866	0.365	0.253	6.16273892570986e-09	FAM32A	c8
1.84667591314243e-13	1.16389719280909	0.065	0.027	6.22218982174209e-09	SRGAP2B	c8
1.84770766120752e-13	1.01607801620497	0.121	0.065	6.22566619367261e-09	SQLE	c8
1.90922298137138e-13	0.46184085316192	0.342	0.235	6.43293591343271e-09	SNF8	c8
1.91341345397237e-13	0.369553541408872	0.495	0.365	6.44705529181449e-09	TRA2B	c8
1.91584506387223e-13	0.630602394485599	0.149	0.083	6.45524835821109e-09	ACSS1	c8
1.92191845744214e-13	1.89069972396177	0.027	0.007	6.47571205050553e-09	KLF8	c8
1.92554818887562e-13	0.420929912383132	0.394	0.284	6.48794206759751e-09	PRPF4B	c8
1.92951603951037e-13	0.513279760103327	0.273	0.18	6.50131134352623e-09	PLEKHB2	c8
1.96761803642776e-13	0.592898313588009	0.195	0.118	6.62969221193971e-09	TDP1	c8
1.97833078179835e-13	0.3892692997279	0.441	0.323	6.66578773619136e-09	LGALS1	c8
1.98163193288788e-13	0.384727337803974	0.412	0.296	6.67691063467243e-09	PPP6C	c8
2.02232377453708e-13	0.723501695668307	0.147	0.082	6.81401772592525e-09	TCEB3	c8
2.05928263857509e-13	0.298637234513745	0.743	0.639	6.93854692241489e-09	SNU13	c8
2.05940923190414e-13	0.735504143293781	0.144	0.08	6.93897346597782e-09	FCHSD2	c8
2.06725600624938e-13	0.414691790061148	0.348	0.24	6.96541238745666e-09	COX20	c8
2.0798694489972e-13	0.630619895407858	0.179	0.105	7.00791212145117e-09	INTS8	c8
2.09495824670218e-13	0.587219404264056	0.226	0.143	7.05875231643831e-09	FBXL15	c8
2.10564641653341e-13	0.371736693332973	0.431	0.309	7.09476503586767e-09	MTCH1	c8
2.11345488181528e-13	0.733552962166952	0.18	0.108	7.12107487878841e-09	VRK2	c8
2.16923860701901e-13	1.53384180023706	0.064	0.027	7.30903256248985e-09	RP11-473M20.9	c8
2.25836063170094e-13	0.516569135813546	0.253	0.164	7.60932031245315e-09	KLHL28	c8
2.2617714784338e-13	2.48378683026119	0.019	0.004	7.62081281943484e-09	MYCBPAP	c8
2.31752890281189e-13	0.64412272946843	0.18	0.107	7.80868188513438e-09	CXorf40B	c8
2.31975462538523e-13	0.565622422810859	0.185	0.11	7.81618123477298e-09	MED6	c8
2.3243215420286e-13	1.00184149573835	0.069	0.03	7.83156900371118e-09	GTF2H4	c8
2.37148498121383e-13	0.487794927627613	0.297	0.201	7.99048149570188e-09	GOLGB1	c8
2.43091331727249e-13	0.636113837912076	0.176	0.104	8.19071933121793e-09	IMPA1	c8
2.43284967115308e-13	0.529034657424407	0.188	0.112	8.19724368198317e-09	RRM1	c8
2.46773868364336e-13	0.376560107224021	0.407	0.292	8.31479872066795e-09	YTHDF2	c8
2.47981030747662e-13	0.102329181349399	0.891	0.761	8.35547285001174e-09	TNFAIP3	c8
2.53505555727488e-13	1.09069445345692	0.069	0.03	8.54161619468198e-09	EIF3C	c8
2.57369234749408e-13	0.389719779804179	0.404	0.287	8.67179899564656e-09	ARRDC1	c8
2.57999676146239e-13	0.306476764788644	0.543	0.412	8.69304108807137e-09	NONO	c8
2.59026450112821e-13	0.540828710873048	0.211	0.131	8.7276372101014e-09	SLC16A3	c8
2.61049835531596e-13	0.394267556013736	0.487	0.366	8.79581315840161e-09	CCDC12	c8
2.66139059227593e-13	0.468525309854341	0.308	0.208	8.96728946161452e-09	LARP7	c8
2.67817889955924e-13	2.27820168630209	0.021	0.005	9.02385598417492e-09	PIK3CD-AS2	c8
2.71904264605234e-13	0.738602581168013	0.153	0.087	9.16154229160875e-09	HNRNPH2	c8
2.76540104338285e-13	0.433011009515413	0.358	0.248	9.31774227557419e-09	TIMM8B	c8
2.86736133454279e-13	0.870242307491136	0.091	0.044	9.66128728060846e-09	DBP	c8
2.87381460941834e-13	0.242588120543956	0.555	0.421	9.68303094497415e-09	ANXA5	c8
2.93074784186068e-13	0.413831236449269	0.394	0.282	9.87486177836539e-09	SCAMP3	c8
2.93686332556667e-13	0.697394968868029	0.129	0.07	9.89546728916434e-09	MAPK6	c8
3.03278943102779e-13	0.593769801975596	0.223	0.142	1.02186807089051e-08	RDH11	c8
3.04767141375633e-13	0.495431039641956	0.277	0.183	1.02688240615106e-08	SMIM10L1	c8
3.09538472083747e-13	1.15707217507938	0.046	0.016	1.04295892783898e-08	NEDD4	c8
3.10182495188449e-13	0.488101242771684	0.309	0.211	1.04512889928796e-08	TMEM126B	c8
3.12608661891743e-13	0.343057597402503	0.497	0.371	1.05330362537804e-08	MIEN1	c8
3.14972727392466e-13	0.322838809261525	0.582	0.458	1.06126910767617e-08	RAB1B	c8
3.19192502738839e-13	0.583033085315273	0.194	0.118	1.07548721872824e-08	FAM45A	c8
3.21382112221569e-13	0.677259247011239	0.149	0.085	1.08286488891935e-08	ALG8	c8
3.2268431970859e-13	0.332875591182757	0.645	0.526	1.08725254682612e-08	SH3KBP1	c8
3.24230149891991e-13	0.214376560614734	0.994	0.988	1.09246106704607e-08	ACTG1	c8
3.30271833886015e-13	0.484871513472567	0.325	0.225	1.11281791709554e-08	CCNG1	c8
3.32136817038137e-13	0.772476295344177	0.129	0.07	1.1191017913283e-08	KDM4B	c8
3.3388563274399e-13	2.96442069847938	0.013	0.002	1.1249942509676e-08	DSCAML1	c8
3.33970832473652e-13	0.324735953673146	0.471	0.341	1.12528132293672e-08	ACTN4	c8
3.36571968631423e-13	0.82833718918106	0.111	0.057	1.13404559110672e-08	AARSD1	c8
3.40346530839868e-13	0.682638787679601	0.181	0.109	1.14676360101185e-08	ZCCHC9	c8
3.55963974144573e-13	0.49867041582232	0.222	0.138	1.19938501448272e-08	ARRDC3	c8
3.5684729858811e-13	0.819866602227254	0.117	0.061	1.20236128786278e-08	IDNK	c8
3.64294815102348e-13	0.470931758073587	0.232	0.146	1.22745495000585e-08	MCM3	c8
3.87929470332733e-13	0.727122095729627	0.157	0.091	1.30708955733911e-08	SMG9	c8
3.89388743041947e-13	1.43454413786957	0.067	0.029	1.31200643080554e-08	TRAV36DV7	c8
3.92798833802726e-13	0.30832000128739	0.593	0.465	1.3234963906149e-08	NOL7	c8
4.0114661410423e-13	0.461681752825011	0.322	0.22	1.35162340156279e-08	MRPL16	c8
4.01902469031247e-13	0.248334306772787	0.765	0.66	1.35417017915388e-08	MT2A	c8
4.03080888963516e-13	0.523076150690432	0.316	0.221	1.35814074727367e-08	PTRHD1	c8
4.08779553582073e-13	0.606976942128804	0.17	0.1	1.37734182783944e-08	FRA10AC1	c8
4.08913174513727e-13	0.713029657715893	0.142	0.079	1.37779205020655e-08	TAF9B	c8
4.09557742876418e-13	0.884370068191883	0.096	0.047	1.3799638588478e-08	SLC35A2	c8
4.12605058129733e-13	0.36664469971233	0.462	0.343	1.39023148286232e-08	COX16	c8
4.24518248974031e-13	0.349481900001181	0.309	0.206	1.4303717880931e-08	TNFRSF1A	c8
4.28339251976954e-13	0.722091436702798	0.568	0.5	1.44324627561115e-08	TRBC1	c8
4.39514801522445e-13	0.749404572111221	0.103	0.051	1.48090117224973e-08	ZNF691	c8
4.43763377554038e-13	0.567537654596605	0.232	0.149	1.49521632433058e-08	AP2A1	c8
4.56743823290116e-13	0.492241729224	0.242	0.155	1.53895263819372e-08	GFER	c8
4.58353457947739e-13	0.455125993430373	0.268	0.175	1.54437614120911e-08	MRPS31	c8
4.58674725810237e-13	0.51413040960466	0.213	0.132	1.54545862114501e-08	UBA7	c8
4.63491105536227e-13	0.782946921071539	0.122	0.066	1.56168693099376e-08	SAMD8	c8
4.70472631941192e-13	0.742604779622361	0.164	0.096	1.58521048606265e-08	CMPK2	c8
4.72822860740973e-13	0.504241830630916	0.298	0.202	1.59312934698064e-08	TPGS1	c8
4.8091391547953e-13	0.742289071772578	0.058	0.023	1.62039134681673e-08	TRAV39	c8
5.00535113700039e-13	0.679961744330767	0.153	0.088	1.68650301210091e-08	BAG4	c8
5.29509612284843e-13	0.303355465147743	0.741	0.611	1.78412968763255e-08	ATP6V0C	c8
5.37310389702298e-13	0.910186671414444	0.088	0.042	1.81041362706292e-08	MMD	c8
5.3837495535395e-13	0.44205365917067	0.315	0.215	1.8140005745696e-08	DDX27	c8
5.48064310878959e-13	0.657879664023223	0.18	0.108	1.84664788907556e-08	CSTF2T	c8
5.9944811126099e-13	0.156684973467311	0.965	0.934	2.01978046608278e-08	CD3D	c8
6.10972114840482e-13	0.553330289044341	0.206	0.128	2.05860944374352e-08	PLAA	c8
6.13011590236153e-13	0.681175164420917	0.16	0.094	2.06548125214169e-08	SNX4	c8
6.15411386547116e-13	0.375517757774563	0.356	0.249	2.07356712583185e-08	SNX1	c8
6.20401246109312e-13	0.801958943429615	0.147	0.083	2.09037995864072e-08	EIF2B4	c8
6.3590900635061e-13	0.380156692176208	0.486	0.365	2.14263180599774e-08	IK	c8
6.51646903646793e-13	0.559430959171857	0.238	0.154	2.1956590771475e-08	KEAP1	c8
6.53582772673568e-13	0.407886631569643	0.343	0.238	2.20218179424632e-08	INPP5D	c8
6.54574532377114e-13	0.479225706334476	0.229	0.144	2.20552342939145e-08	SYS1	c8
6.58199975115206e-13	0.501377751425388	0.3	0.204	2.21773899615318e-08	UBA3	c8
6.68981425456367e-13	0.722985379752182	0.128	0.069	2.25406601493268e-08	ZNF561	c8
6.73348288685297e-13	0.516066752035029	0.222	0.14	2.26877972389624e-08	UCHL3	c8
6.85430365061469e-13	0.34192068356954	0.467	0.346	2.30948907203811e-08	RAB14	c8
6.89986870518063e-13	0.765462233762304	0.16	0.094	2.32484176152356e-08	AARS	c8
6.96596054431736e-13	1.47934456564126	0.046	0.017	2.34711074580229e-08	VANGL1	c8
7.13772182663325e-13	0.360670686287605	0.383	0.267	2.40498399226581e-08	C6orf1	c8
7.20069343151894e-13	0.403145404967337	0.476	0.362	2.42620164481599e-08	PDE4B	c8
7.24592564364611e-13	0.511141738515304	0.272	0.181	2.44144218637012e-08	MRPL47	c8
7.34223107528378e-13	0.414223715507758	0.31	0.21	2.47389133850612e-08	YDJC	c8
7.47127355363895e-13	0.48747554354424	0.318	0.223	2.51737091116311e-08	SLU7	c8
7.56338231747383e-13	0.687888992200936	0.154	0.089	2.54840603804963e-08	TTC31	c8
7.68137127140581e-13	0.353831953006266	0.402	0.287	2.58816123618747e-08	ARIH2	c8
7.73535706905611e-13	0.668971684809935	0.162	0.095	2.60635121084777e-08	BDH2	c8
7.74165307029526e-13	0.898773609430956	0.093	0.045	2.60847258550529e-08	MRPL53	c8
7.79007485098954e-13	0.468727301359676	0.227	0.144	2.62478782029242e-08	NRBF2	c8
8.13072537352412e-13	2.59307281211388	0.019	0.004	2.73956660735522e-08	CEBPA	c8
8.21733925863826e-13	0.790498260631941	0.123	0.067	2.76875028980558e-08	ARL15	c8
8.28433527372999e-13	0.406068873441819	0.318	0.216	2.79132392713058e-08	LSM1	c8
8.37985790253565e-13	0.353949630505441	0.537	0.419	2.82350932168036e-08	KDELR1	c8
8.47002073545715e-13	0.731164717714276	0.12	0.064	2.85388878660493e-08	TXNRD2	c8
8.53542750327971e-13	0.264295716399861	0.708	0.588	2.87592694295507e-08	JTB	c8
8.55398584340358e-13	0.448883873792954	0.256	0.167	2.8821799900764e-08	CTCF	c8
8.63547110275687e-13	0.778608765071518	0.128	0.07	2.9096356333629e-08	DGKH	c8
8.67643576763196e-13	0.417070011123603	0.317	0.216	2.92343826754591e-08	SMNDC1	c8
8.70923415379809e-13	0.329849166549496	0.506	0.385	2.93448935578073e-08	SERINC1	c8
8.77367738363589e-13	0.631615774130934	0.181	0.11	2.95620285764228e-08	DDX49	c8
8.9718063037248e-13	0.324510322160607	0.598	0.471	3.02296041597704e-08	OXA1L	c8
9.05795358385942e-13	0.636967732645688	0.328	0.234	3.05198688054559e-08	MX2	c8
9.10877062925477e-13	0.561925574450358	0.208	0.13	3.0691091758211e-08	ABCB7	c8
9.15225735967896e-13	0.534774735578653	0.192	0.117	3.08376159477023e-08	THAP6	c8
9.18106846988947e-13	0.589187854024721	0.18	0.109	3.09346921024456e-08	TMX3	c8
9.20072362422336e-13	0.576169018121746	0.186	0.112	3.10009181794582e-08	APPBP2	c8
9.45934885374644e-13	0.63042140100752	0.16	0.093	3.18723300278132e-08	KDM4A	c8
9.73488408523312e-13	0.450596651685737	0.295	0.199	3.28007184367845e-08	PLGRKT	c8
9.80659418118312e-13	0.52424229719135	0.284	0.193	3.30423384340784e-08	PDCL3	c8
9.84391261459402e-13	0.755680533187385	0.111	0.058	3.31680791636131e-08	SRGAP2C	c8
9.92982311664803e-13	0.721368224152867	0.163	0.096	3.34575460092339e-08	TRIB2	c8
1.00317951143161e-12	0.509121847636938	0.227	0.144	3.38011304581767e-08	PPP2R5A	c8
1.03034088585529e-12	0.429995027026215	0.304	0.207	3.47163058080081e-08	TM2D1	c8
1.03703776122277e-12	2.26972546355028	0.02	0.004	3.494195032664e-08	CTA-384D8.35	c8
1.05556300038242e-12	0.444167079878389	0.335	0.233	3.55661397348854e-08	CFDP1	c8
1.06737752454166e-12	0.393407877056938	0.344	0.239	3.59642183119067e-08	NARF	c8
1.09724342268662e-12	0.450532367985249	0.296	0.201	3.69705198840028e-08	ZNF524	c8
1.13120834659887e-12	0.511402082065652	0.23	0.147	3.81149340303025e-08	GUSB	c8
1.18090997215599e-12	0.415093095223196	0.463	0.351	3.97895806018238e-08	EIF3A	c8
1.19381477819665e-12	0.562003893403307	0.213	0.134	4.02243951365579e-08	NUDT2	c8
1.21188111735962e-12	0.741712330357835	0.113	0.059	4.08331223683151e-08	FAM98A	c8
1.22843737825474e-12	0.542693902369513	0.183	0.111	4.13909690229152e-08	PCNA	c8
1.23470827461863e-12	0.488144979784585	0.267	0.177	4.1602260605e-08	CLSTN1	c8
1.23806514024613e-12	0.668256566024104	0.135	0.075	4.17153668354533e-08	LYSMD3	c8
1.27540896671807e-12	0.613086395443673	0.236	0.155	4.29736297245985e-08	DDX60	c8
1.28576491751941e-12	0.436049093069068	0.326	0.225	4.3322563130899e-08	ATG5	c8
1.30110075708551e-12	0.733432849798432	0.129	0.071	4.38392889092393e-08	EIF4E3	c8
1.31272271139799e-12	0.356884482259341	0.565	0.44	4.42308790378439e-08	DNAJC8	c8
1.32382510552586e-12	0.243091269360005	0.777	0.666	4.46049631055884e-08	PSMB10	c8
1.35618754779524e-12	0.487406781779976	0.266	0.177	4.56953832354129e-08	CLK4	c8
1.37975691056148e-12	0.458786846445446	0.286	0.192	4.64895293444586e-08	PSMD9	c8
1.40881141769621e-12	0.352323666008356	0.442	0.321	4.74684919078561e-08	PDCD10	c8
1.41084936242143e-12	0.810812943605306	0.139	0.079	4.75371584174278e-08	TOMM34	c8
1.41541900862614e-12	0.552312185834735	0.193	0.118	4.76911280766493e-08	COL4A3BP	c8
1.42991834344295e-12	0.46556485585929	0.263	0.173	4.81796686639669e-08	IFNAR1	c8
1.43095728082466e-12	1.20514995876968	0.098	0.049	4.82146746201062e-08	TRBV18	c8
1.43479817573653e-12	1.0845733794911	0.077	0.035	4.83440897332666e-08	C9orf64	c8
1.49586529262018e-12	0.406145311706041	0.382	0.274	5.04016851695442e-08	GDI1	c8
1.50087545887833e-12	0.613503199882951	0.162	0.095	5.05704977114464e-08	BCL10	c8
1.50232728346003e-12	0.51922493450803	0.195	0.119	5.06194154889022e-08	NFYB	c8
1.50248395380567e-12	0.865592248310588	0.108	0.056	5.06246943395281e-08	SLC25A44	c8
1.50597391178879e-12	0.660628391037164	0.115	0.061	5.07422849838116e-08	MLYCD	c8
1.54057465159599e-12	0.430140381144454	0.294	0.198	5.19081223108754e-08	MRPL13	c8
1.55157196234176e-12	0.348949878610737	0.4	0.285	5.22786656991434e-08	SERINC3	c8
1.56817856503496e-12	0.617089844642382	0.147	0.084	5.28382085702881e-08	GIPC1	c8
1.59026648217325e-12	0.327255548025875	0.561	0.435	5.35824388503455e-08	SCP2	c8
1.59853467387065e-12	0.623054379021351	0.166	0.098	5.38610273013977e-08	C2orf74	c8
1.62301415692133e-12	0.646745814698432	0.124	0.067	5.46858390033074e-08	SMUG1	c8
1.62909529769934e-12	0.658454551832677	0.217	0.14	5.48907369606814e-08	FNDC3A	c8
1.63290565903706e-12	0.362613214552159	0.513	0.39	5.50191232755946e-08	IGBP1	c8
1.64568890608433e-12	0.346657515717945	0.49	0.372	5.54498420016054e-08	ACAP2	c8
1.70527641899248e-12	0.358245999099973	0.529	0.404	5.74575836615328e-08	WBP2	c8
1.70976129218063e-12	0.606907398947516	0.187	0.115	5.7608696978734e-08	PCNXL4	c8
1.7277250386847e-12	0.443790566520309	0.349	0.247	5.82139674534423e-08	NUDT22	c8
1.78063619589764e-12	0.377365301687957	0.396	0.286	5.9996755984575e-08	DENR	c8
1.80249669985118e-12	0.436123816777234	0.201	0.124	6.07333238047857e-08	TNRC6A	c8
1.81657845530201e-12	0.418418313205998	0.33	0.23	6.12077944729458e-08	AAMP	c8
1.83195919777345e-12	0.595586469782488	0.149	0.085	6.17260332097786e-08	RCHY1	c8
1.84544941963811e-12	1.13906129388929	0.05	0.019	6.21805727452864e-08	LRRC37B	c8
1.87223513871751e-12	0.512787002633096	0.241	0.157	6.30830907639478e-08	NABP2	c8
1.92092051683751e-12	0.46208370706153	0.326	0.228	6.47234958943231e-08	TUSC2	c8
1.93338349656227e-12	1.00156273620039	0.086	0.041	6.51434235331693e-08	POMZP3	c8
1.93885119656732e-12	0.407501319828327	0.345	0.239	6.53276522171394e-08	TIPRL	c8
1.96549426543269e-12	0.476669296572623	0.222	0.141	6.62253637794889e-08	ARSA	c8
1.98782359991659e-12	1.38029486208485	0.036	0.011	6.69777283755897e-08	DLGAP1-AS2	c8
2.05457797392922e-12	0.828683258305581	0.115	0.061	6.92269502535711e-08	TRMT1L	c8
2.06006418387513e-12	0.910244790812313	0.074	0.034	6.94118026114888e-08	SLC2A8	c8
2.10641001146369e-12	0.31882660486062	0.562	0.439	7.09733789262574e-08	VDAC2	c8
2.11058490222931e-12	0.810489509986099	0.084	0.04	7.11140476957144e-08	TAB3	c8
2.13326050555523e-12	0.792549636734785	0.129	0.071	7.18780794741778e-08	SEC24D	c8
2.14191820696857e-12	1.21918409359123	0.051	0.02	7.21697920655991e-08	RILP	c8
2.15407072487422e-12	1.29251051248543	0.058	0.024	7.25792590039119e-08	ABCB10	c8
2.18133015500409e-12	0.483031913373232	0.308	0.215	7.34977382427077e-08	AP1S2	c8
2.18727882086248e-12	2.79915885378513	0.015	0.003	7.36981725901404e-08	TRBV12-2	c8
2.18987668783742e-12	0.254024073799163	0.779	0.68	7.3785705119994e-08	PEBP1	c8
2.19791392661227e-12	0.198224979100469	0.991	0.972	7.40565118432738e-08	FTL	c8
2.20280951388867e-12	0.308676555567413	0.616	0.491	7.42214637609648e-08	RAB7A	c8
2.21356415116824e-12	0.449137524833582	0.264	0.175	7.45838305094626e-08	PREB	c8
2.22307641981882e-12	0.437482420110796	0.313	0.215	7.49043368893752e-08	NUBP2	c8
2.23131807541436e-12	1.07788107995816	0.074	0.034	7.51820312330113e-08	UNQ6494	c8
2.27494870219651e-12	0.898607106071697	0.098	0.049	7.66521215718091e-08	MANEA	c8
2.30618797856628e-12	0.445929002072403	0.279	0.185	7.77046977498123e-08	PANK2	c8
2.31094759747121e-12	0.264309683344064	0.794	0.696	7.7865068349195e-08	SRSF5	c8
2.32412638159307e-12	0.824095791862639	0.113	0.06	7.83091143013968e-08	PPOX	c8
2.32970063283838e-12	0.7459068659497	0.124	0.068	7.84969331228563e-08	TMED1	c8
2.36661368252297e-12	0.423331767814579	0.365	0.262	7.9740681418929e-08	SAP30BP	c8
2.36909007994092e-12	0.572997668032081	0.157	0.092	7.98241211535294e-08	FAM214A	c8
2.37214051930905e-12	0.823005460907735	0.129	0.073	7.9926902657599e-08	ARFIP1	c8
2.37555427826058e-12	0.419232213172291	0.391	0.286	8.0041925851712e-08	CPNE1	c8
2.38081536175463e-12	0.533093758633631	0.234	0.153	8.02191927989604e-08	PYGO2	c8
2.4028816914705e-12	0.262749560090725	0.617	0.479	8.0962695712407e-08	IQGAP1	c8
2.49913106053963e-12	0.740622701990443	0.133	0.074	8.42057219538224e-08	BLZF1	c8
2.5116310028849e-12	0.721433267631588	0.16	0.096	8.46268950112037e-08	MLH1	c8
2.54401071129017e-12	0.356616620567089	0.447	0.331	8.57178969062111e-08	DCK	c8
2.54867682833749e-12	0.375086626933068	0.317	0.217	8.58751170540032e-08	DIP2A	c8
2.55332179890843e-12	0.498282278986515	0.243	0.159	8.60316246924207e-08	RABIF	c8
2.56957878709844e-12	0.457234480175812	0.273	0.182	8.6579387652495e-08	ZGPAT	c8
2.64573694079493e-12	0.533922333262918	0.274	0.185	8.91454604831443e-08	DDIT3	c8
2.6583404368915e-12	0.415886251732454	0.383	0.277	8.95701226806223e-08	CRLF3	c8
2.69288817872219e-12	0.398299335703792	0.36	0.253	9.07341742938655e-08	ERP44	c8
2.70432236848996e-12	0.460073330150219	0.258	0.17	9.11194378839006e-08	GSK3B	c8
2.70639310234642e-12	0.316965328226083	0.562	0.431	9.11892091904601e-08	TUFM	c8
2.71753649508584e-12	0.41459717262301	0.349	0.246	9.15646746654224e-08	PRPS1	c8
2.7246907734341e-12	0.369964397925997	0.371	0.261	9.18057309200885e-08	ZBTB8OS	c8
2.79258430281073e-12	0.232287416543296	0.81	0.708	9.40933354989048e-08	HIGD2A	c8
2.80609272193961e-12	0.855582626195846	0.129	0.072	9.45484881730334e-08	REC8	c8
2.88039061173538e-12	0.378032374445166	0.415	0.302	9.7051881271812e-08	GRAMD1A	c8
3.0052901407931e-12	0.475547482195522	0.266	0.178	1.01260246003883e-07	TBL1XR1	c8
3.00766722963368e-12	0.456265382398736	0.225	0.143	1.01340339635277e-07	FAM98C	c8
3.01978008664017e-12	0.496362490827842	0.204	0.128	1.01748470239254e-07	TSSC1	c8
3.04234062667231e-12	1.27151255714166	0.066	0.029	1.02508625075097e-07	TRIM34	c8
3.06441427218338e-12	0.88793205728751	0.108	0.057	1.03252374486947e-07	INF2	c8
3.22426717833844e-12	0.976174338730917	0.079	0.037	1.08638458306935e-07	RHBDD3	c8
3.26900677388745e-12	0.733425940419177	0.115	0.061	1.10145914239364e-07	C2CD5	c8
3.33109520099591e-12	1.95181449319481	0.027	0.008	1.12237921702356e-07	WWTR1	c8
3.34606002916645e-12	0.699690627921142	0.159	0.094	1.12742146622734e-07	IRF9	c8
3.45097815718745e-12	1.82948308988927	0.031	0.009	1.16277258028274e-07	RP11-493L12.5	c8
3.52209126255531e-12	0.591492999526963	0.18	0.11	1.18673343000539e-07	KCTD20	c8
3.57321675053405e-12	0.773959392466907	0.11	0.058	1.20395965192494e-07	TMEM234	c8
3.57502096578065e-12	1.30717901552789	0.049	0.019	1.20456756421013e-07	TNS3	c8
3.61996863221842e-12	0.412089980933423	0.305	0.209	1.21971223093967e-07	UBASH3A	c8
3.62881826219608e-12	0.401276289519697	0.344	0.242	1.22269402526435e-07	SYAP1	c8
3.72500682404175e-12	2.73599784165966	0.011	0.002	1.25510379929263e-07	SAMSN1-AS1	c8
3.81732640349283e-12	0.535813413065928	0.2	0.125	1.28620995839287e-07	TRAF7	c8
3.82910915956852e-12	0.434883178864995	0.263	0.175	1.29018004022502e-07	SURF2	c8
3.90220329160602e-12	0.384076899376565	0.42	0.311	1.31480837707373e-07	ATXN10	c8
4.01387449170064e-12	0.502544044279578	0.242	0.159	1.35243487123361e-07	AGPAT2	c8
4.07456230394338e-12	0.483662807750872	0.239	0.156	1.37288302269068e-07	VMA21	c8
4.08668893172149e-12	0.745847597283031	0.123	0.068	1.37696896865424e-07	VIPAS39	c8
4.11538512602002e-12	0.659459459161019	0.139	0.079	1.38663786436119e-07	RNF170	c8
4.14431792187257e-12	1.10213055150809	0.069	0.031	1.39638648059574e-07	ABHD8	c8
4.16894608072946e-12	0.742027160346855	0.143	0.083	1.40468469244098e-07	SNX12	c8
4.29807193189505e-12	0.616002413236863	0.206	0.132	1.44819235673272e-07	CHID1	c8
4.44977723916262e-12	1.24737095545437	0.06	0.026	1.49930794296345e-07	CXXC5	c8
4.47910159054322e-12	0.645336140592357	0.168	0.101	1.50918848991763e-07	CHKB	c8
4.62349223141281e-12	0.509160254692346	0.197	0.122	1.55783947245223e-07	VAMP7	c8
4.66893705359229e-12	0.786653180635526	0.128	0.071	1.57315165083739e-07	P2RX4	c8
4.68799877831216e-12	0.46858327817666	0.322	0.226	1.5795743083645e-07	ZNFX1	c8
4.7419225103821e-12	0.433861375720063	0.288	0.194	1.59774337064814e-07	UNC13D	c8
4.75245464049502e-12	0.326893007043926	0.483	0.354	1.60129206656839e-07	PFDN2	c8
4.75595692919131e-12	0.41615016164927	0.366	0.261	1.60247212772172e-07	ISCA2	c8
4.77608666416203e-12	0.658308280306023	0.152	0.089	1.60925464062275e-07	BRD8	c8
4.85569021921114e-12	0.472693294924924	0.283	0.192	1.636076262461e-07	POP4	c8
4.92728189602972e-12	0.611923653469014	0.145	0.083	1.66019836204825e-07	PIP4K2C	c8
4.95743729820272e-12	0.358123177697838	0.397	0.29	1.67035892325642e-07	TROVE2	c8
4.97377366853786e-12	0.378823587046337	0.391	0.284	1.67586329987715e-07	RPL7L1	c8
5.12639561206381e-12	0.225261746132148	0.808	0.7	1.72728773752878e-07	RBM39	c8
5.12705633888747e-12	0.509250315926381	0.222	0.142	1.72751036282474e-07	GET4	c8
5.14796188962345e-12	0.459351156474534	0.319	0.223	1.73455427908973e-07	AMD1	c8
5.32008205797468e-12	2.16478237237972	0.013	0.002	1.79254844861399e-07	FAM110C	c8
5.33036918374023e-12	0.550219013351361	0.221	0.143	1.79601459276943e-07	CCDC47	c8
5.38061951488588e-12	0.368234882033657	0.469	0.353	1.81294593934565e-07	MFF	c8
5.48744712980265e-12	0.553569304973716	0.196	0.123	1.8489404359157e-07	HAT1	c8
5.49895062703485e-12	0.622945001346012	0.191	0.119	1.85281642427312e-07	TMEM156	c8
5.55751663380057e-12	0.430188217750169	0.304	0.208	1.87254965459276e-07	DPF2	c8
5.57225158313763e-12	0.578697198645167	0.165	0.098	1.87751444842239e-07	CASP7	c8
5.64807198895072e-12	0.40555797849578	0.335	0.235	1.90306137595705e-07	YIPF5	c8
5.74498749519187e-12	0.27250727700094	0.712	0.587	1.93571608662995e-07	COX7B	c8
5.77448961749337e-12	0.501709289719882	0.232	0.152	1.94565653171822e-07	COMMD10	c8
5.94183722934336e-12	0.412460819387277	0.353	0.253	2.00204263605495e-07	XRN1	c8
5.9511774654709e-12	0.649700712007568	0.156	0.092	2.00518973521576e-07	ZNF672	c8
5.99401105042475e-12	0.348267742019975	0.397	0.285	2.01962208333011e-07	NDUFS3	c8
6.0560672434719e-12	0.946817583798467	0.073	0.034	2.04053129701542e-07	ZNF552	c8
6.11937211046498e-12	0.489973468153408	0.255	0.171	2.06186123890007e-07	SBNO1	c8
6.23204470261869e-12	0.575504043636333	0.179	0.11	2.09982514210034e-07	HDGF	c8
6.30833834302298e-12	0.956018229900003	0.067	0.03	2.12553152129816e-07	RP3-395M20.8	c8
6.42278544259364e-12	0.579396551516639	0.17	0.103	2.1640933270275e-07	SCAP	c8
6.44581139095289e-12	0.485507911310442	0.296	0.206	2.17185169006767e-07	UBA1	c8
6.48098424306267e-12	0.171022160151956	0.952	0.897	2.18370283085754e-07	CHCHD2	c8
6.53007934778606e-12	0.835536930265745	0.092	0.046	2.20024493544303e-07	UBE2W	c8
6.54816431803202e-12	0.947408156992799	0.104	0.055	2.20633848531771e-07	RRAGC	c8
6.58590143215677e-12	0.368695568125695	0.388	0.281	2.2190536285509e-07	ZNF24	c8
6.59619537485857e-12	0.524425879957416	0.235	0.154	2.22252206960485e-07	HOOK3	c8
6.59905252689781e-12	0.390721637354523	0.469	0.358	2.22348475841295e-07	DNAJC15	c8
6.67947738941738e-12	1.56415323683094	0.077	0.037	2.25058311159029e-07	IFI27	c8
6.68551093678428e-12	0.46473088044628	0.225	0.145	2.25261605504009e-07	ARRDC2	c8
6.70339532066525e-12	0.763733508722304	0.117	0.064	2.25864201934495e-07	WRB	c8
7.01840619604302e-12	0.548896361624199	0.208	0.133	2.36478178369473e-07	MARCH5	c8
7.08677562160843e-12	0.625147742609276	0.106	0.055	2.38781817794474e-07	GLA	c8
7.10911577697084e-12	0.476156338907076	0.261	0.175	2.39534546989255e-07	C21orf59	c8
7.19457387089095e-12	0.659074860094854	0.16	0.096	2.424139720058e-07	PIGX	c8
7.24672741380251e-12	0.529618610444042	0.194	0.121	2.44171233480662e-07	LRRC41	c8
7.5088080837918e-12	0.678330730131367	0.101	0.052	2.53001779575281e-07	SYNJ1	c8
7.68062813060655e-12	0.500437265277837	0.262	0.176	2.58791084232657e-07	CHMP1B	c8
7.87523141678331e-12	0.435059071925317	0.318	0.222	2.65348047357097e-07	CAPRIN1	c8
7.88770089325153e-12	0.757228734289208	0.14	0.082	2.65768193897217e-07	TIGAR	c8
7.97568799316945e-12	0.748996758352813	0.145	0.085	2.68732831241852e-07	ING3	c8
8.20831616580617e-12	2.88704672325173	0.013	0.002	2.76571004890673e-07	C19orf38	c8
8.2521374904345e-12	0.416845059506842	0.264	0.176	2.780475206027e-07	KDM6A	c8
8.27488123354207e-12	0.809460254070327	0.092	0.046	2.78813848282966e-07	NOTCH2NL	c8
8.71356204893406e-12	0.615453022199457	0.141	0.081	2.93594759676784e-07	PCYT1A	c8
8.96828757731728e-12	0.985391640182448	0.067	0.03	3.02177481630129e-07	SLC29A3	c8
9.20528798929357e-12	0.183820543833278	0.962	0.922	3.10162973511257e-07	HINT1	c8
9.39661453499799e-12	0.283952235299147	0.609	0.483	3.16609530142222e-07	TCF25	c8
9.50347259453198e-12	0.617412967594475	0.21	0.135	3.20210005600161e-07	SNX10	c8
9.63574691153679e-12	0.85975060280765	0.085	0.042	3.24666856437321e-07	GALNT7	c8
9.6626528895597e-12	0.725139551200661	0.155	0.093	3.25573426460825e-07	GPR137	c8
9.6721556618972e-12	1.31693058178558	0.046	0.018	3.25893612871964e-07	CYFIP1	c8
9.92084071033681e-12	1.26434566847478	0.042	0.015	3.34272806894089e-07	ST20-MTHFS	c8
9.92562957541288e-12	0.49616969883289	0.187	0.115	3.34434162913962e-07	SLC39A7	c8
9.98260100384574e-12	0.677215388283861	0.111	0.06	3.36353758223578e-07	ERV3-1	c8
1.00613099346164e-11	0.504256667975288	0.279	0.191	3.39005776936965e-07	MRPL36	c8
1.04362905469002e-11	1.52269601945849	0.028	0.008	3.51640373687257e-07	ABCA1	c8
1.06948429505963e-11	0.465030409484389	0.24	0.158	3.60352038377393e-07	WDR45	c8
1.09532688123709e-11	0.230965203371263	0.633	0.49	3.69059439364025e-07	ARPC5L	c8
1.1293825516192e-11	0.73915357106559	0.142	0.082	3.80534156942572e-07	PI4K2B	c8
1.13686750463999e-11	0.502759228920722	0.239	0.157	3.83056137013397e-07	RFXANK	c8
1.14480606459919e-11	0.661342379444019	0.151	0.089	3.85730955406051e-07	HOTAIRM1	c8
1.17029089636423e-11	0.489650469908198	0.267	0.181	3.94317814620964e-07	DNAJC9	c8
1.18457905739526e-11	0.611664031514616	0.179	0.11	3.99132067598759e-07	TPRA1	c8
1.18463943806271e-11	0.566596133673735	0.18	0.111	3.99152412260849e-07	ZMYND8	c8
1.19176860778034e-11	0.471703542501352	0.294	0.204	4.01554514705508e-07	ARFGAP2	c8
1.22091539001622e-11	0.657181985169587	0.125	0.069	4.11375231512064e-07	TPMT	c8
1.22364261308544e-11	0.344166478090998	0.411	0.302	4.12294142053008e-07	TMOD3	c8
1.27020505261844e-11	0.448764969048556	0.252	0.166	4.27982890429257e-07	NIPSNAP1	c8
1.2796924868166e-11	0.250732856028459	0.788	0.687	4.31179586507985e-07	CAP1	c8
1.29337111334812e-11	1.27399003047972	0.134	0.079	4.35788462931514e-07	TRAV9-2	c8
1.30605380348039e-11	1.28403424512871	0.049	0.019	4.40061768544681e-07	CPEB3	c8
1.3548023093407e-11	0.623219658877878	0.14	0.081	4.56487090109256e-07	C2orf68	c8
1.36841855808722e-11	0.67917985418714	0.112	0.06	4.61074948961908e-07	TRIM23	c8
1.37693168047581e-11	1.50575160340792	0.036	0.013	4.63943360419521e-07	MTURN	c8
1.37996532374658e-11	0.374584036872415	0.338	0.238	4.64965516183172e-07	KLHDC2	c8
1.39940509163088e-11	0.361246777747389	0.319	0.221	4.7151555157411e-07	KRR1	c8
1.40246701497164e-11	0.713697830054141	0.145	0.085	4.72547236024546e-07	UTP11L	c8
1.40563812619087e-11	0.812146004355577	0.093	0.047	4.73615710238751e-07	IDH1	c8
1.41718945739823e-11	0.368839574927884	0.314	0.218	4.77507815775759e-07	ATG3	c8
1.44425417829404e-11	0.563681973353822	0.189	0.118	4.86627002834395e-07	BROX	c8
1.45056193831231e-11	1.0572376700325	0.073	0.034	4.88752339494949e-07	ADCY3	c8
1.4534326655041e-11	1.285571267778	0.057	0.024	4.89719602314953e-07	ZNF282	c8
1.52461142295596e-11	0.507519858031358	0.254	0.173	5.13702572850782e-07	ANKH	c8
1.52784071164776e-11	0.28850090888267	0.843	0.739	5.14790649382595e-07	TRBC2	c8
1.56332724775226e-11	0.413473204597012	0.305	0.212	5.26747482857647e-07	FUBP1	c8
1.57157079390546e-11	0.493090368169475	0.204	0.129	5.29525063298506e-07	CMAS	c8
1.59067419579761e-11	0.7804379434439	0.123	0.069	5.35961763532048e-07	THUMPD2	c8
1.6360323595609e-11	0.728676228804805	0.141	0.082	5.51244743230449e-07	NDUFAF1	c8
1.64796604869559e-11	0.438039120948572	0.277	0.189	5.55265680447491e-07	MPV17	c8
1.66301801997123e-11	2.05466065294827	0.021	0.005	5.60337291649106e-07	IL23R	c8
1.68911735911749e-11	0.497700850029677	0.232	0.153	5.69131202981047e-07	YY1AP1	c8
1.7447779182838e-11	1.88240120756806	0.056	0.024	5.87885471786544e-07	TRAV41	c8
1.79936082109078e-11	0.487926378237905	0.238	0.158	6.06276635058327e-07	NIPA2	c8
1.81246045965397e-11	0.642887598675998	0.136	0.078	6.1069042727581e-07	PRKCZ	c8
1.82545443182601e-11	0.620738044250876	0.122	0.068	6.15068616259456e-07	RIPK3	c8
1.83091609371183e-11	0.860833671173051	0.069	0.032	6.16908868615263e-07	PINK1	c8
1.86172671353345e-11	0.568457666850639	0.162	0.098	6.2729019885796e-07	HARS2	c8
1.90624883694643e-11	0.376408574112871	0.325	0.228	6.4229148312073e-07	BAZ2A	c8
1.9461037867922e-11	1.00486010662771	0.087	0.043	6.55720209921764e-07	MSRB2	c8
1.9518539905996e-11	0.43420608073336	0.231	0.151	6.57657683592628e-07	MKL1	c8
1.96346315137568e-11	0.482951395597605	0.184	0.113	6.61569274224523e-07	BORCS6	c8
1.99264877963736e-11	0.28178189957463	0.673	0.557	6.71403079811012e-07	HNRNPU	c8
2.00359825347832e-11	0.468958733396248	0.228	0.149	6.75092395526984e-07	ATP6V1H	c8
2.00807035437081e-11	0.282885011786671	0.596	0.474	6.76599225201701e-07	SRSF10	c8
2.01626595215941e-11	0.692732457972071	0.122	0.068	6.79360649920592e-07	CPSF3	c8
2.02969304673955e-11	0.348367342483087	0.355	0.253	6.83884775168424e-07	SMARCC2	c8
2.03032516873566e-11	0.841819857137394	0.086	0.043	6.84097762353792e-07	SRD5A1	c8
2.0427434464271e-11	0.671349794486493	0.123	0.069	6.88281976839147e-07	VPS11	c8
2.07260616911029e-11	0.325487285360788	0.465	0.348	6.98343922620022e-07	MMADHC	c8
2.09872990818788e-11	1.00744925078539	0.068	0.031	7.07146055264823e-07	ARHGEF18	c8
2.12083417565093e-11	0.341396006806909	0.482	0.364	7.14593867143825e-07	DCTN3	c8
2.15078734278086e-11	0.473385524987727	0.236	0.155	7.24686287276584e-07	FOPNL	c8
2.15462014588813e-11	0.38658453971388	0.293	0.2	7.25977711955545e-07	BLOC1S1	c8
2.16592876541361e-11	0.57861149884131	0.15	0.089	7.2978803821846e-07	GMDS-AS1	c8
2.21126766134101e-11	2.39901351337174	0.013	0.002	7.45064525812239e-07	RP11-739L10.1	c8
2.27277311262436e-11	0.414943634241504	0.385	0.282	7.65788172567652e-07	AMZ2	c8
2.27420552310619e-11	0.518201189432474	0.224	0.147	7.66270808955398e-07	RPL26L1	c8
2.27611670209498e-11	1.19653035625639	0.047	0.019	7.66914761603884e-07	FBXL16	c8
2.31408576758185e-11	0.963690173626804	0.079	0.039	7.79708058529029e-07	MFGE8	c8
2.36274385609377e-11	1.0701301201148	0.057	0.024	7.96102914872234e-07	MBTD1	c8
2.38058870616842e-11	0.642799637337707	0.146	0.086	8.02115558656386e-07	HDAC8	c8
2.38273732227766e-11	0.390245876753267	0.356	0.254	8.02839513368235e-07	CDC123	c8
2.3844834567307e-11	0.965088124181732	0.082	0.041	8.03427855910841e-07	ADAM15	c8
2.43976972856626e-11	0.496086294183322	0.196	0.124	8.22056012343116e-07	DYNC1LI1	c8
2.43984256873673e-11	0.644623714815383	0.12	0.067	8.22080555110152e-07	GTPBP1	c8
2.44103932218301e-11	0.426771379327318	0.26	0.174	8.22483789216342e-07	POLDIP2	c8
2.5095383610587e-11	0.362491699376351	0.394	0.285	8.4556385537512e-07	SZRD1	c8
2.56763108589964e-11	0.698166126637471	0.089	0.045	8.65137618083025e-07	C14orf93	c8
2.64123695099021e-11	0.41097446002476	0.294	0.203	8.89938378266641e-07	PPP2R2A	c8
2.67636612768098e-11	0.710422917808066	0.124	0.07	9.01774803060829e-07	WHSC1	c8
2.70049728415767e-11	0.269581969143767	0.703	0.592	9.09905554924085e-07	SSU72	c8
2.71019717918136e-11	0.587222109185247	0.187	0.118	9.13173837553368e-07	PGD	c8
2.71072537071889e-11	0.909625844574486	0.088	0.045	9.13351806410023e-07	NDC80	c8
2.75312684987251e-11	0.429074392726795	0.26	0.175	9.27638560796043e-07	LPAR2	c8
2.77808762676079e-11	0.550354776432982	0.202	0.13	9.36048844960781e-07	MAP2K7	c8
2.8264217991376e-11	0.529167399246045	0.222	0.146	9.52334561001424e-07	IKBKG	c8
2.83437415638568e-11	0.648075404904997	0.18	0.114	9.5501402825259e-07	NSUN6	c8
2.85663354470411e-11	0.295459961503525	0.496	0.376	9.62514106552602e-07	SRSF9	c8
2.94742220269349e-11	0.375517352929857	0.367	0.263	9.93104436975545e-07	ZMYM2	c8
3.02955490426239e-11	1.73139598837409	0.025	0.007	1.02077822944217e-06	TJP2	c8
3.05347745697835e-11	0.67276782511782	0.115	0.063	1.02883869435429e-06	RP11-488L18.8	c8
3.11509247902693e-11	0.638108645060847	0.149	0.089	1.04959925988333e-06	UBE2H	c8
3.13022316284624e-11	0.817280301312617	0.088	0.044	1.05469739248941e-06	MAP3K14-AS1	c8
3.13649990075392e-11	0.803560874321761	0.105	0.056	1.05681227656003e-06	SOCS4	c8
3.17169996485966e-11	0.532605883307173	0.246	0.167	1.06867258615981e-06	CCDC66	c8
3.19659967902831e-11	1.06876497419154	0.063	0.028	1.0770622958518e-06	NPEPL1	c8
3.25620821784165e-11	0.317897151106125	0.48	0.365	1.09714679691957e-06	TMX4	c8
3.31370145696171e-11	0.392336690895624	0.311	0.219	1.11651856890868e-06	PCMTD1	c8
3.35466320896705e-11	0.385812874868752	0.305	0.212	1.13032022162936e-06	PPWD1	c8
3.42263838023479e-11	0.503197478193665	0.235	0.157	1.15322377583631e-06	NSMCE4A	c8
3.43695109125863e-11	0.37195757464015	0.337	0.239	1.15804630068868e-06	RNF44	c8
3.45441546225114e-11	0.494574469455691	0.207	0.134	1.1639307458509e-06	PLEKHA3	c8
3.56620468516185e-11	0.595609410390759	0.119	0.066	1.20159700661843e-06	LIMK2	c8
3.57038760016306e-11	0.427736904926132	0.3	0.209	1.20300639799894e-06	CHMP3	c8
3.62204687712225e-11	0.322339427358513	0.425	0.312	1.22041247477757e-06	RAB8A	c8
3.63447243104838e-11	0.671035907695375	0.151	0.09	1.22459914091744e-06	EDEM2	c8
3.67016378253838e-11	0.423520949683559	0.253	0.17	1.23662498488848e-06	ERBB2IP	c8
3.68105890610485e-11	1.04344472589748	0.117	0.065	1.24029598782297e-06	TRAV13-2	c8
3.73288465321781e-11	0.372771322621505	0.415	0.31	1.25775815505521e-06	C19orf24	c8
3.73347731143645e-11	0.619600630050758	0.126	0.071	1.2579578453154e-06	TRAPPC13	c8
3.78381824404882e-11	0.404968743303201	0.246	0.162	1.27491971914981e-06	PSENEN	c8
3.7971774609669e-11	0.51065455762185	0.18	0.112	1.27942097369819e-06	ZNF160	c8
3.8381243462234e-11	0.860487911327112	0.123	0.07	1.29321761721651e-06	CMTR2	c8
3.83936186768944e-11	0.464841703098519	0.247	0.166	1.29363458769928e-06	DMTF1	c8
3.84856826971995e-11	0.532358079971329	0.17	0.105	1.29673659279944e-06	UBA5	c8
3.89120083604372e-11	1.98885608656704	0.018	0.004	1.31110120969657e-06	SNX33	c8
3.95301598665701e-11	0.343088355213637	0.397	0.288	1.33192920654421e-06	TXN2	c8
3.96195124568813e-11	0.36039331243313	0.41	0.301	1.33493985272216e-06	GOLPH3	c8
3.97941934544831e-11	0.494791927678155	0.18	0.112	1.34082555425535e-06	SH3BP2	c8
4.02118575390287e-11	2.05144981601842	0.016	0.004	1.35489832792003e-06	KLHL34	c8
4.02183848661686e-11	0.66739040795612	0.189	0.122	1.35511825968068e-06	TCTN3	c8
4.02427882745326e-11	0.56088974673411	0.189	0.119	1.3559405081221e-06	VAMP3	c8
4.05633238464496e-11	0.453038881435146	0.249	0.167	1.36674063368227e-06	USP39	c8
4.12681125705754e-11	0.340937531351082	0.479	0.368	1.39048778495297e-06	TMEM160	c8
4.1824411177721e-11	0.772947245781986	0.087	0.044	1.40923171022213e-06	BLOC1S5	c8
4.19287351431924e-11	0.29855405458442	0.51	0.387	1.41274680191472e-06	DDX6	c8
4.20843742100017e-11	2.61601859354722	0.01	0.001	1.4179909046318e-06	LINC01160	c8
4.21263873766581e-11	0.800449379352151	0.112	0.062	1.41940649626912e-06	GRAMD3	c8
4.22580855259663e-11	0.286488529039977	0.504	0.381	1.42384393371191e-06	CCT3	c8
4.25086597758906e-11	0.968613158179427	0.085	0.043	1.43228678248886e-06	IFT80	c8
4.25791868640473e-11	0.392315041620405	0.219	0.142	1.43466312219721e-06	ZNF106	c8
4.27272418429229e-11	0.563713642806956	0.193	0.123	1.43965168665544e-06	R3HCC1	c8
4.29417358250749e-11	0.576103447772562	0.182	0.115	1.44687884689007e-06	TRIM13	c8
4.31019955677161e-11	0.628769793936216	0.182	0.116	1.45227863865863e-06	LYRM4	c8
4.32446247415254e-11	0.304157192414872	0.588	0.471	1.45708438604096e-06	GDI2	c8
4.32926922810877e-11	0.393242269186989	0.406	0.303	1.45870397371897e-06	PRKCSH	c8
4.35448703075509e-11	0.355791869512294	0.371	0.267	1.46720086014262e-06	PNKD	c8
4.41368886208952e-11	0.511080697803288	0.184	0.115	1.48714832519244e-06	ZNF107	c8
4.51967378261227e-11	1.38193637108971	0.05	0.021	1.52285888431338e-06	GCC2-AS1	c8
4.53236712214427e-11	0.34357253494186	0.441	0.335	1.52713577813529e-06	XRN2	c8
4.54959197738772e-11	0.378780455992884	0.361	0.261	1.53293952086102e-06	RBM42	c8
4.55266017920743e-11	2.80234425215208	0.014	0.003	1.53397332078215e-06	TWIST1	c8
4.71534012209459e-11	0.799962325498511	0.092	0.048	1.58878670073855e-06	MREG	c8
4.79861464812729e-11	0.345990943243781	0.476	0.368	1.61684521954001e-06	SLTM	c8
4.82164139818477e-11	0.337697153834266	0.413	0.3	1.62460385270438e-06	UBA2	c8
4.87625205942375e-11	0.292765000070285	0.567	0.442	1.64300436890224e-06	JAK3	c8
4.9379992283865e-11	0.57669028359032	0.199	0.129	1.66380946001255e-06	PRPSAP1	c8
5.02268033569935e-11	0.613211557755978	0.142	0.084	1.69234191231054e-06	THAP3	c8
5.10809977198144e-11	0.399897015101216	0.234	0.154	1.72112313717143e-06	ASCC3	c8
5.12865239129857e-11	0.44997591196681	0.238	0.158	1.72804813672414e-06	GLYR1	c8
5.32109418709238e-11	0.465016328555263	0.243	0.163	1.79288947539891e-06	TSN	c8
5.34221826062743e-11	0.391504880368438	0.338	0.243	1.8000070207358e-06	WAPL	c8
5.3860208807404e-11	0.37129001326291	0.335	0.238	1.81476587555667e-06	UBE2J1	c8
5.47757309287037e-11	0.330984758374546	0.412	0.307	1.84561347791174e-06	BCAS2	c8
5.52626449956433e-11	0.514179824330161	0.18	0.112	1.86201956048321e-06	DHRSX	c8
5.57819029499114e-11	1.01098391258652	0.055	0.023	1.87951543799432e-06	GLIDR	c8
5.5906168293472e-11	1.19610682646655	0.067	0.031	1.88370243448024e-06	PQLC2	c8
5.64796018744367e-11	0.310411476241897	0.451	0.341	1.90302370555727e-06	YTHDC1	c8
5.71884401954532e-11	0.31738102281189	0.487	0.374	1.9269073039456e-06	PPP1R11	c8
5.71894302202267e-11	0.399514567237942	0.333	0.238	1.92694066184032e-06	PFDN1	c8
5.7498360676767e-11	0.524627210657162	0.218	0.144	1.93734976464299e-06	GGCT	c8
5.78441455515155e-11	1.31383948328197	0.039	0.014	1.94900064021276e-06	C16orf86	c8
5.78449926232388e-11	0.319954003033728	0.497	0.377	1.94902918144741e-06	IMP3	c8
5.79212428768179e-11	0.537663717753967	0.157	0.095	1.9515983574915e-06	QSOX1	c8
5.9939621291884e-11	0.385951927589778	0.376	0.275	2.01960559980874e-06	CCDC90B	c8
6.02942220452458e-11	0.634440916422657	0.164	0.101	2.03155351759251e-06	ARHGAP27	c8
6.05636533806818e-11	0.539595473585838	0.17	0.104	2.04063173700869e-06	PCMTD2	c8
6.20625370424891e-11	0.93065741192355	0.1	0.054	2.09113512310963e-06	SEC24A	c8
6.20803339681846e-11	0.777808801129767	0.089	0.046	2.09173477272401e-06	MANEA-AS1	c8
6.21384584405247e-11	0.94926894702608	0.077	0.038	2.09369321869504e-06	DPYSL2	c8
6.23694860943234e-11	1.1741655020363	0.05	0.021	2.10147746446213e-06	RNF207	c8
6.23931647231194e-11	0.556288573652798	0.165	0.101	2.10227529218079e-06	HDHD2	c8
6.31597008972908e-11	0.348399693100344	0.356	0.253	2.12810296203332e-06	UBE2A	c8
6.40647107000843e-11	1.23701938024471	0.064	0.029	2.15859636232864e-06	CCDC71L	c8
6.58648031752939e-11	0.381054969195106	0.345	0.248	2.21924867818835e-06	FAM173A	c8
6.6432905731814e-11	0.428241640911777	0.223	0.146	2.23839032572774e-06	FBXO9	c8
6.66484157481292e-11	0.539608152623038	0.16	0.097	2.24565172021746e-06	C1GALT1C1	c8
6.67769238941413e-11	0.400613668009699	0.277	0.19	2.2499816736892e-06	TBC1D5	c8
6.6882393383656e-11	0.62087048006536	0.155	0.094	2.25353536266891e-06	WDR11	c8
6.73167161499634e-11	1.36861229527839	0.04	0.015	2.26816943395687e-06	RP11-88E10.5	c8
6.73592837600952e-11	0.545968409650406	0.177	0.11	2.26960370701265e-06	CSGALNACT2	c8
6.77759716381143e-11	0.330777470083193	0.49	0.382	2.28364358837463e-06	U2SURP	c8
6.83822997348246e-11	0.464995726918794	0.205	0.133	2.30407320726518e-06	GFI1	c8
6.87659431658071e-11	0.390311921248493	0.276	0.188	2.3169996890287e-06	TSG101	c8
6.98233345180867e-11	0.501315136061631	0.216	0.143	2.35262743325241e-06	SPAG9	c8
7.01818111816692e-11	0.897075877270176	0.096	0.051	2.36470594595516e-06	DAAM1	c8
7.10062579172457e-11	0.447916571720692	0.213	0.138	2.39248485426368e-06	WWP2	c8
7.27250157053613e-11	0.34973456786415	0.617	0.5	2.45039667917644e-06	MRPL57	c8
7.60312552088019e-11	0.39199858846169	0.308	0.217	2.56179711300537e-06	POLR2J3	c8
7.61882173807248e-11	0.154046130111248	0.968	0.921	2.56708579642614e-06	ATP5L	c8
7.6357180269731e-11	0.330849909843541	0.462	0.348	2.57277883200832e-06	RTFDC1	c8
7.71058802720846e-11	0.49582294400976	0.215	0.142	2.59800552988762e-06	TIFA	c8
7.75718646720174e-11	2.39439621896079	0.015	0.003	2.61370640825896e-06	IL1RN	c8
7.89222485827795e-11	0.322828455543452	0.412	0.303	2.65920624374817e-06	MRPS18C	c8
7.96911717928385e-11	0.810683126657356	0.086	0.044	2.6851143423879e-06	FIG4	c8
8.05753774361547e-11	0.61583866946993	0.154	0.093	2.7149067673338e-06	ASCC1	c8
8.15539248366824e-11	0.268418906725844	0.552	0.425	2.74787794344718e-06	CCT8	c8
8.17753204569239e-11	0.553731404939565	0.181	0.115	2.75533764747559e-06	KANSL2	c8
8.19776580185578e-11	0.428472199747261	0.291	0.204	2.76215520927729e-06	MARK3	c8
8.21842664113861e-11	0.272729565632464	0.627	0.508	2.76911667246524e-06	PYURF	c8
8.26502545571924e-11	0.519988833168303	0.212	0.139	2.78481767705004e-06	TFB1M	c8
8.33776117495141e-11	0.357945982517049	0.353	0.255	2.80932525028813e-06	VPS35	c8
8.42741419231952e-11	0.474694781838616	0.206	0.133	2.83953293796014e-06	ZCCHC10	c8
8.47932689723196e-11	0.403098604288883	0.274	0.187	2.85702440475334e-06	TRIM27	c8
8.6373002920896e-11	0.516070396836122	0.178	0.111	2.91025196041667e-06	RUVBL1	c8
8.92126567563024e-11	0.403967584095812	0.229	0.15	3.00593125674685e-06	TMEM128	c8
8.98452555479605e-11	0.513698477547955	0.183	0.116	3.02724604043298e-06	SH2D3C	c8
9.06400964942893e-11	0.657632094638475	0.151	0.092	3.05402741127858e-06	THUMPD3	c8
9.21653792917398e-11	0.563023760468958	0.136	0.079	3.10542028985588e-06	APOBEC3F	c8
9.24387855794039e-11	0.722220180220514	0.126	0.073	3.11463244131243e-06	ATP2C1	c8
9.26677753029955e-11	0.338774813068469	0.486	0.371	3.12234802105913e-06	NUCB1	c8
9.56865558427311e-11	0.146422313122105	0.968	0.944	3.22406281256498e-06	PTPRC	c8
9.58930371239856e-11	0.413440568999962	0.288	0.201	3.23101999285557e-06	PSMA3-AS1	c8
9.6369057086353e-11	0.59671098569905	0.111	0.061	3.24705900946758e-06	WBP1L	c8
9.66908873488366e-11	1.03268549833644	0.058	0.026	3.2579027583317e-06	LINC01260	c8
9.70572074794069e-11	0.409567111907605	0.243	0.164	3.27024554881113e-06	UNC50	c8
9.75116588847544e-11	1.26820692919621	0.04	0.015	3.28555783446292e-06	HEXIM2	c8
9.87931809810318e-11	0.861430464664474	0.067	0.032	3.32873743997488e-06	RP11-467L13.7	c8
9.89894607937495e-11	0.382338483424095	0.368	0.269	3.3353508919846e-06	MAPRE1	c8
9.93039311857309e-11	0.273856230572166	0.704	0.583	3.34594665737202e-06	SNRPG	c8
1.01459636170987e-10	0.372970655766917	0.346	0.249	3.41858098114522e-06	CIAO1	c8
1.02164596669299e-10	0.508075278346866	0.2	0.128	3.44233392017535e-06	ZNF880	c8
1.0248763503271e-10	0.370290820737254	0.318	0.225	3.45321837479211e-06	ETNK1	c8
1.03140488911152e-10	0.641108458832265	0.139	0.083	3.47521563337234e-06	INSIG2	c8
1.03867340533548e-10	0.378686593657626	0.402	0.299	3.49970617193738e-06	NPC2	c8
1.03950901691068e-10	0.344325231895932	0.503	0.398	3.50252168157885e-06	HADHA	c8
1.06385804526356e-10	0.351561520365704	0.287	0.198	3.58456329771104e-06	LCMT1	c8
1.06555816188098e-10	0.468943769059134	0.24	0.161	3.59029167064176e-06	ZFYVE27	c8
1.07720564556227e-10	0.319383117261392	0.438	0.33	3.6295367021575e-06	GLG1	c8
1.08847027761893e-10	0.939327148976661	0.067	0.032	3.66749175340923e-06	TRAF4	c8
1.08930376800687e-10	0.312138915302496	0.545	0.426	3.67030011592234e-06	NDUFB3	c8
1.09049373068673e-10	0.358884514306957	0.37	0.269	3.67430957617587e-06	AKR1A1	c8
1.11290744992321e-10	0.27727467068801	0.509	0.393	3.74983036177126e-06	WTAP	c8
1.13803430757497e-10	0.316874165063094	0.393	0.289	3.83449279594309e-06	SMARCA5	c8
1.1394283915733e-10	1.16442559715605	0.05	0.021	3.83919002256707e-06	CPA5	c8
1.13977875820624e-10	0.999612195303658	0.063	0.029	3.84037054790009e-06	RNF103	c8
1.14069516841952e-10	0.469170153818579	0.249	0.169	3.84345830047273e-06	HECTD1	c8
1.14611669689869e-10	0.431009155261617	0.209	0.136	3.86172559853046e-06	HELZ2	c8
1.14795946780054e-10	0.439998584391056	0.22	0.146	3.86793463080713e-06	IL6R	c8
1.14810546175835e-10	0.394273537004818	0.267	0.183	3.86842654284859e-06	WDR61	c8
1.17049855692086e-10	0.640441428118711	0.144	0.087	3.94387783768915e-06	TPK1	c8
1.17206315249822e-10	2.44968465284144	0.011	0.002	3.94914958602749e-06	RP11-181E10.3	c8
1.17805314178992e-10	0.197637978727165	0.835	0.748	3.96933225594695e-06	C4orf3	c8
1.19447867871723e-10	0.673749551370693	0.156	0.096	4.02467646006985e-06	RP3-492J12.2	c8
1.21658518107272e-10	0.462658218267159	0.162	0.099	4.09916210910643e-06	IGF2R	c8
1.21668043024351e-10	0.317984371540039	0.567	0.445	4.09948304166249e-06	NDUFS8	c8
1.22238913256622e-10	0.167508807103509	0.682	0.54	4.11871794326863e-06	CD82	c8
1.23684009527854e-10	0.582958954563458	0.124	0.071	4.16740901703152e-06	PRICKLE4	c8
1.24341406612301e-10	0.477811799357828	0.232	0.156	4.18955935439487e-06	FBXW11	c8
1.25044431294028e-10	0.405144502707553	0.281	0.195	4.21324706802096e-06	TXNDC9	c8
1.25236270548112e-10	0.403043492652618	0.27	0.185	4.21971089984809e-06	EPN1	c8
1.26547839443041e-10	0.47757414900815	0.191	0.122	4.26390290219382e-06	DMAP1	c8
1.27810285888849e-10	0.323409690260412	0.453	0.338	4.30643977273889e-06	TMEM9B	c8
1.28747575258003e-10	0.330468274226397	0.401	0.29	4.33802080074316e-06	MRPL18	c8
1.29784407965331e-10	0.362562680292748	0.415	0.308	4.37295584198387e-06	POLR2I	c8
1.30439433471149e-10	0.580839794627715	0.206	0.136	4.3950262713769e-06	TFPT	c8
1.30916286373569e-10	0.451001431367719	0.224	0.147	4.41109335307102e-06	USP20	c8
1.31137517691851e-10	0.246286074060634	0.605	0.484	4.41854752110924e-06	RBM25	c8
1.33614845478556e-10	0.342365738615112	0.469	0.361	4.50201860355448e-06	WDR33	c8
1.35851865783198e-10	0.377763551097301	0.332	0.237	4.57739276569907e-06	GADD45B	c8
1.36283020138992e-10	1.0332034357894	0.062	0.028	4.59192008056321e-06	SLC35D1	c8
1.38084006240225e-10	0.455092869599196	0.19	0.12	4.65260250625814e-06	PPP1R21	c8
1.44195447749515e-10	0.519140438404519	0.18	0.114	4.85852141647215e-06	SLC30A5	c8
1.44231853079406e-10	0.651353477972612	0.104	0.057	4.85974805765749e-06	STAM2	c8
1.44388085119471e-10	0.6913502095984	0.108	0.059	4.86501214001547e-06	TNFAIP8L1	c8
1.44753553067685e-10	0.68041697432902	0.126	0.073	4.87732621706258e-06	PIAS4	c8
1.45446952515074e-10	0.385890563135595	0.311	0.22	4.90068961804289e-06	EHD1	c8
1.4915497576035e-10	0.511070512402013	0.257	0.181	5.02562775326924e-06	CREBRF	c8
1.50382729435941e-10	0.655951485932797	0.129	0.075	5.0669956856146e-06	KLF10	c8
1.53007390563592e-10	0.202221149225464	0.827	0.749	5.15543101764967e-06	CAPZB	c8
1.53313855314112e-10	0.39247890927591	0.287	0.199	5.16575704095369e-06	PYM1	c8
1.56507319949741e-10	0.646231492238175	0.139	0.082	5.27335763838657e-06	SLC46A3	c8
1.58499796775111e-10	0.543412493996479	0.191	0.124	5.34049215254058e-06	HACL1	c8
1.59376813671471e-10	0.341410204137777	0.349	0.252	5.37004235984654e-06	MAD1L1	c8
1.60216021432761e-10	0.540611182026702	0.152	0.092	5.39831862615544e-06	MON1B	c8
1.63275003347633e-10	0.530184894883328	0.162	0.1	5.50138796279515e-06	KPNA2	c8
1.63383481638618e-10	0.530898706398738	0.143	0.085	5.5050430303316e-06	MUL1	c8
1.64282022392938e-10	0.3002734179851	0.483	0.368	5.53531846250767e-06	ATP6V0E2	c8
1.64749851826806e-10	0.661509828371601	0.136	0.081	5.55108150745239e-06	GMPPA	c8
1.65034837763824e-10	0.338828649532577	0.425	0.319	5.5606838236143e-06	HNRNPL	c8
1.65806452110543e-10	0.534437271286877	0.24	0.164	5.58668259741264e-06	LTA4H	c8
1.67536331079342e-10	0.549494296387273	0.16	0.099	5.64496913938735e-06	OSBPL3	c8
1.77932009206544e-10	0.70692148439708	0.124	0.072	5.99524111820529e-06	WDR7	c8
1.78544595769861e-10	0.554676034002322	0.151	0.092	6.0158816098697e-06	AAAS	c8
1.85673286994324e-10	1.00364252178382	0.075	0.037	6.25607573198677e-06	ZNF627	c8
1.85785851571804e-10	0.397989518898067	0.315	0.225	6.25986848286035e-06	SMARCB1	c8
1.88395580762795e-10	0.310523703505658	0.443	0.336	6.34780069822162e-06	ANAPC5	c8
1.91518203699394e-10	0.93784356108403	0.066	0.031	6.4530143554474e-06	RP11-245D16.4	c8
1.93099459842285e-10	0.369258926876853	0.27	0.185	6.50629319992594e-06	CXorf38	c8
1.96658399017973e-10	0.52254141255232	0.142	0.085	6.62620809651157e-06	RGP1	c8
2.00154562589345e-10	0.846512402786356	0.067	0.032	6.7440078318854e-06	SLC18B1	c8
2.01882783843857e-10	0.582674942883344	0.125	0.072	6.80223851883491e-06	RP13-977J11.2	c8
2.03209057917437e-10	0.334193697749197	0.44	0.333	6.84692599747012e-06	KDELR2	c8
2.09344421982435e-10	0.808623222894099	0.094	0.05	7.05365095427617e-06	CHPF	c8
2.09504662855229e-10	0.439208407719449	0.255	0.175	7.05905011024407e-06	CS	c8
2.13882698259283e-10	0.419952031908714	0.216	0.143	7.20656363514826e-06	ATF2	c8
2.21986587515096e-10	0.345409895808824	0.359	0.26	7.47961607973365e-06	SURF1	c8
2.22124435854101e-10	0.4303394083693	0.232	0.156	7.48426074166809e-06	AZI2	c8
2.22308770113028e-10	0.325206852997139	0.646	0.527	7.49047170018837e-06	HSPB1	c8
2.22341923291072e-10	1.14485703831162	0.042	0.016	7.49158876336937e-06	RGPD8	c8
2.24453099328017e-10	1.10067410366311	0.054	0.023	7.56272272875822e-06	BRCA2	c8
2.24497959704773e-10	0.456156379164947	0.218	0.144	7.56423425429261e-06	TCEAL8	c8
2.268484216471e-10	0.2260830023304	0.741	0.628	7.6434307189774e-06	GABARAPL2	c8
2.28375082181491e-10	0.428115355954835	0.229	0.153	7.69487001902318e-06	STAG1	c8
2.30311362226557e-10	0.454648754639637	0.177	0.111	7.76011103886162e-06	METTL14	c8
2.31917075039346e-10	0.874557234915102	0.084	0.043	7.81421392637574e-06	SLC11A2	c8
2.36767541701843e-10	0.345169859318628	0.371	0.272	7.9776455501019e-06	SNRNP40	c8
2.40909897473777e-10	0.431554863285576	0.288	0.203	8.11721808548145e-06	RTCB	c8
2.41999322078039e-10	0.356147514176594	0.311	0.219	8.15392515809743e-06	ILKAP	c8
2.43372753881072e-10	0.520504603527894	0.18	0.115	8.20020156926884e-06	CANT1	c8
2.44148089845774e-10	0.505260547664214	0.219	0.147	8.22632573926352e-06	CDK11B	c8
2.44564095297544e-10	0.267399765799562	0.388	0.283	8.24034262695545e-06	ASH1L	c8
2.45822706936169e-10	0.411020549681397	0.256	0.175	8.28275028750729e-06	HDAC2	c8
2.48498346389426e-10	0.470498904933303	0.191	0.122	8.37290328324533e-06	TM7SF3	c8
2.50111694750699e-10	0.904768472002369	0.067	0.032	8.42726344293004e-06	BORCS8	c8
2.52826863015955e-10	0.51445581654206	0.144	0.086	8.5187483224596e-06	PRPF39	c8
2.53764856616966e-10	0.667226678774451	0.128	0.075	8.55035307885204e-06	PYGB	c8
2.56175526197845e-10	0.263030666789079	0.674	0.558	8.6315781797102e-06	SAP18	c8
2.5704704480467e-10	0.784794983846968	0.099	0.054	8.66094312764855e-06	ARMC7	c8
2.58805203326887e-10	0.101250466148145	1	0.997	8.72018252089614e-06	PTMA	c8
2.60076183982799e-10	0.562389495069945	0.117	0.066	8.76300694311644e-06	SRGAP3	c8
2.60716026185624e-10	1.02412451454086	0.05	0.021	8.78456578629841e-06	ZSCAN9	c8
2.70709367342577e-10	0.775779457101143	0.101	0.056	9.1212814232408e-06	MANBAL	c8
2.72833070023073e-10	0.692305708382726	0.108	0.06	9.19283746135744e-06	COG8	c8
2.73968750773669e-10	0.607926059368873	0.129	0.076	9.23110308856799e-06	SLC25A40	c8
2.78267582526156e-10	0.636452985621985	0.18	0.117	9.37594792563629e-06	CBR1	c8
2.78928076923664e-10	0.498441407766808	0.151	0.092	9.39820262386592e-06	CPSF1	c8
2.79077165787176e-10	0.446225058770697	0.22	0.146	9.40322602403312e-06	MRPL32	c8
2.81619641077157e-10	0.373091892011047	0.379	0.281	9.48889218645374e-06	CCAR1	c8
2.81737451310005e-10	1.29777577399359	0.032	0.011	9.49286168443931e-06	AGBL3	c8
2.84590418816584e-10	0.42497939711559	0.214	0.141	9.58898957160599e-06	NUPL2	c8
2.89837334175909e-10	0.484272917111206	0.191	0.124	9.76577913772306e-06	PTEN	c8
2.96193096912797e-10	0.688102974566697	0.116	0.066	9.97993020737978e-06	DDI2	c8
2.99215897971369e-10	1.42009283464181	0.032	0.011	1.00817804662473e-05	RHEBL1	c8
3.00397259714465e-10	0.384917296318436	0.369	0.273	1.01215852688192e-05	PIN4	c8
3.03547899647632e-10	1.19071522238633	0.047	0.02	1.02277429307273e-05	STX1A	c8
3.0439535902818e-10	0.354263828938016	0.507	0.401	1.02562972270955e-05	TSPAN14	c8
3.05324464384135e-10	0.48887019086048	0.221	0.148	1.0287602502959e-05	UBE2D1	c8
3.0623122019534e-10	0.592625645142167	0.16	0.1	1.03181547332618e-05	PRR4	c8
3.06565148173391e-10	0.42270831918086	0.259	0.179	1.03294061025543e-05	PSMD14	c8
3.07985428157118e-10	0.702227600115022	0.091	0.048	1.03772610163259e-05	TCEANC2	c8
3.10140664019637e-10	0.547531236037312	0.187	0.121	1.04498795334776e-05	BISPR	c8
3.10273262860667e-10	0.23632196545251	0.683	0.551	1.04543473188273e-05	FAM96B	c8
3.12279096311014e-10	0.220563087773288	0.634	0.507	1.05219318711033e-05	CCNL1	c8
3.14748874040743e-10	0.363980822069859	0.285	0.201	1.06051485619288e-05	CRTC3	c8
3.24916498298737e-10	0.58588389239496	0.158	0.098	1.09477364936777e-05	ARAP1	c8
3.34019006920706e-10	0.572915435448706	0.149	0.09	1.12544364191863e-05	SNAPC3	c8
3.3477067924496e-10	0.822439480562772	0.094	0.05	1.12797632664797e-05	TMEM102	c8
3.3672369815135e-10	0.50610358708507	0.214	0.142	1.13455682855116e-05	RARA	c8
3.37183369781307e-10	0.480035887214396	0.236	0.161	1.13610564614114e-05	UHRF2	c8
3.38405218264184e-10	0.791432240069141	0.12	0.07	1.14022254241934e-05	CDKN2A	c8
3.41037715426592e-10	0.455312343577754	0.253	0.176	1.14909247835836e-05	MRPL17	c8
3.44400359895209e-10	0.536400614460534	0.174	0.111	1.16042257263092e-05	DNM1L	c8
3.44748481038885e-10	0.419383135235284	0.25	0.172	1.16159553201242e-05	EIF2B1	c8
3.46085939405983e-10	0.595780906111206	0.11	0.062	1.16610196423452e-05	LINC00954	c8
3.50996715032755e-10	0.468703935461771	0.16	0.099	1.18264833163136e-05	XXbac-BPG32J3.22	c8
3.58642720794516e-10	0.912976571584263	0.057	0.025	1.20841078344504e-05	FAM214B	c8
3.64359189186196e-10	0.384157247308666	0.393	0.294	1.22767185204397e-05	MAP4K1	c8
3.66509551254843e-10	0.858533544245239	0.079	0.04	1.23491728199807e-05	SLC39A11	c8
3.6666833196539e-10	0.536823741370336	0.151	0.093	1.23545227772418e-05	GLE1	c8
3.70730637695077e-10	1.50029106475564	0.037	0.014	1.24913981064979e-05	RP11-98D18.3	c8
3.71103385045968e-10	0.639534435024862	0.141	0.086	1.25039574557388e-05	PAM16	c8
3.72138888658565e-10	0.446662033565813	0.252	0.174	1.25388477144617e-05	UBAP1	c8
3.73319554932401e-10	0.372526307908898	0.365	0.269	1.25786290838923e-05	CCDC115	c8
3.78631415682854e-10	0.588451578855293	0.121	0.07	1.27576069200181e-05	TRMT11	c8
3.81176122665665e-10	0.365757485196372	0.314	0.223	1.28433482770969e-05	COPS2	c8
3.94156401820996e-10	0.617719099252278	0.125	0.073	1.32807058029566e-05	MAP3K14	c8
3.94294293668276e-10	0.561552467394943	0.155	0.095	1.32853519308589e-05	NUDT18	c8
3.98634301741948e-10	0.403221903559829	0.288	0.204	1.34315841628932e-05	CNDP2	c8
4.01410101367747e-10	0.874591358817977	0.06	0.028	1.35251119554849e-05	RP3-323P24.3	c8
4.05977809112977e-10	0.423617412902224	0.242	0.165	1.36790163002527e-05	KAT7	c8
4.14656677746442e-10	0.399874659664793	0.249	0.17	1.39714420999886e-05	XAB2	c8
4.16169306723981e-10	0.363797072966481	0.317	0.225	1.40224086207578e-05	PRELID3B	c8
4.1949158974932e-10	0.738534943520341	0.08	0.041	1.41343496250136e-05	LCORL	c8
4.27063656488542e-10	0.581472045723193	0.135	0.08	1.43894828417249e-05	MVD	c8
4.29017415874587e-10	0.386078970205195	0.331	0.239	1.44553128104783e-05	NSMCE3	c8
4.31262282658526e-10	0.376673192928849	0.331	0.237	1.45309513518964e-05	RBM6	c8
4.3127314604567e-10	1.42126460134398	0.034	0.012	1.45313173828628e-05	LACC1	c8
4.40888781180611e-10	0.36906799265857	0.434	0.334	1.48553065930995e-05	G3BP1	c8
4.42105634744570e-10	0.304094765334026	0.62	0.506	1.48963072570835e-05	COX14	c8
4.4802719897697e-10	0.463873693920863	0.196	0.128	1.509582844233e-05	C1orf122	c8
4.49308537130434e-10	0.744648320234245	0.091	0.049	1.51390018500728e-05	INPP5B	c8
4.51442599252354e-10	0.632095491211565	0.144	0.088	1.52109069392088e-05	SLC39A6	c8
4.55071342035266e-10	0.537044453084154	0.123	0.071	1.53331737985363e-05	IER5	c8
4.55661644925678e-10	0.332135561748504	0.374	0.274	1.53530634641258e-05	IRAK4	c8
4.63431559112851e-10	0.363649120963062	0.302	0.212	1.56148629527484e-05	MFSD14A	c8
4.73176161003011e-10	0.892120692731371	0.076	0.038	1.59431975688355e-05	CPOX	c8
4.87335747912372e-10	2.57607059859774	0.012	0.002	1.64202906901595e-05	RP11-1348G14.4	c8
4.90934295457265e-10	0.629452449666485	0.121	0.07	1.65415401511371e-05	KLC2	c8
4.93071853148926e-10	0.445665145323638	0.197	0.129	1.66135630199999e-05	RP11-553L6.2	c8
5.09491961904566e-10	0.527619677192498	0.157	0.097	1.71668221644124e-05	ERAL1	c8
5.28693340900615e-10	0.226573581485425	0.752	0.642	1.78137934283053e-05	N4BP2L2	c8
5.32890545150472e-10	1.55639177714867	0.023	0.007	1.79552140283e-05	PROB1	c8
5.35024292365791e-10	0.461995859829931	0.187	0.12	1.8027108506973e-05	RBM10	c8
5.45943182152699e-10	1.59590419199504	0.024	0.007	1.8395009579453e-05	RFX3-AS1	c8
5.50075968765251e-10	0.669097959134928	0.109	0.062	1.85342596915764e-05	RIT1	c8
5.52312897957158e-10	0.577527718732293	0.138	0.082	1.86096307837685e-05	KIAA0196	c8
5.5556796067664e-10	0.642549951148579	0.087	0.045	1.87193068670387e-05	SRP14-AS1	c8
5.58864593009179e-10	0.535426824202045	0.185	0.12	1.88303835968513e-05	THAP4	c8
5.66873127541145e-10	0.556511451488132	0.131	0.078	1.91002231593713e-05	TRIM37	c8
5.70939683186057e-10	0.563207441898	0.157	0.098	1.9237241685271e-05	TOR2A	c8
5.74499331191327e-10	0.300835797376868	0.489	0.382	1.93571804651606e-05	FERMT3	c8
5.7878490487698e-10	1.64292578329438	0.098	0.056	1.9501578584925e-05	TRBV5-1	c8
5.83126033427477e-10	0.581364268735095	0.187	0.122	1.96478485703054e-05	AKAP8L	c8
5.93600197918105e-10	0.480629683377622	0.213	0.142	2.00007650686526e-05	SLAIN2	c8
5.93944189050118e-10	0.436580676450499	0.192	0.124	2.00123555058547e-05	ACAT2	c8
5.95620806089669e-10	0.254943305163314	0.673	0.555	2.00688474403853e-05	BSG	c8
6.08484476647034e-10	0.466948358270559	0.163	0.102	2.05022759561452e-05	FCHSD1	c8
6.09559155905417e-10	0.870447811247278	0.085	0.045	2.05384861990771e-05	FAM126A	c8
6.15623332987934e-10	0.229799171947168	0.435	0.326	2.07428125816955e-05	CASP8	c8
6.17738183881288e-10	0.499290334383429	0.191	0.124	2.08140703676961e-05	KIAA0430	c8
6.25357917722241e-10	0.475468800809349	0.19	0.123	2.10708096797332e-05	EHD4	c8
6.26726186386303e-10	0.334047642605663	0.347	0.254	2.11169121241001e-05	CCS	c8
6.26869437556205e-10	0.787457205053272	0.095	0.051	2.11217388290188e-05	CCDC7	c8
6.36642273309666e-10	0.265320512660413	0.517	0.4	2.14510247568959e-05	RPN1	c8
6.3668284822911e-10	0.29546895887353	0.608	0.5	2.14523918882316e-05	FIS1	c8
6.40136173528792e-10	1.15888594311945	0.052	0.023	2.15687482308791e-05	TIMELESS	c8
6.42926355220593e-10	0.373921818756639	0.268	0.186	2.16627606128026e-05	TFG	c8
6.4540488847419e-10	0.324215584924136	0.354	0.256	2.17462723122493e-05	AATF	c8
6.45752175576846e-10	0.440897250622277	0.226	0.153	2.17579738038862e-05	IBTK	c8
6.49170813883968e-10	0.204680823721039	0.758	0.629	2.18731614030064e-05	ATP5J	c8
6.6362191591639e-10	0.50823143596122	0.167	0.106	2.23600768348869e-05	SLC6A6	c8
6.87378754590019e-10	0.697980895022432	0.135	0.082	2.31605397571561e-05	CNPY2	c8
6.9172823604919e-10	2.17428081886759	0.017	0.004	2.33070911854414e-05	MMEL1	c8
7.02090756319266e-10	0.578453742816921	0.144	0.088	2.36562459434214e-05	ALG1	c8
7.07871805211324e-10	0.551474241582667	0.128	0.076	2.38510326047903e-05	YEATS2	c8
7.14139320486087e-10	0.34077277319432	0.413	0.313	2.40622102644582e-05	KXD1	c8
7.17090925352754e-10	1.38700146871731	0.025	0.007	2.41616616388357e-05	ERCC6-PGBD3	c8
7.33946553242968e-10	0.310216693337632	0.513	0.405	2.47295951649686e-05	BZW1	c8
7.34828052229585e-10	0.475642941670507	0.206	0.136	2.47592963918236e-05	ZC3H18	c8
7.34967650158758e-10	0.295984227544845	0.393	0.29	2.47640000044492e-05	DENND1C	c8
7.71237787504288e-10	0.668576076328061	0.112	0.064	2.59860860121695e-05	FAM179B	c8
7.95488405208242e-10	0.560158461587735	0.124	0.073	2.68031863250865e-05	PRIMPOL	c8
7.98375126767925e-10	0.416688831670789	0.232	0.158	2.69004515213185e-05	POLDIP3	c8
7.98383627740447e-10	0.474151407893085	0.206	0.137	2.69007379530866e-05	STK24	c8
8.06648985850328e-10	0.436654415881106	0.294	0.212	2.71792309292409e-05	COA6	c8
8.14408646879908e-10	0.634276002201212	0.091	0.049	2.74406849479716e-05	SCLY	c8
8.20348112537242e-10	0.627031422749442	0.174	0.113	2.76408093038298e-05	NCOA1	c8
8.3284040563987e-10	0.292605179192297	0.457	0.348	2.80617246276298e-05	NUTF2	c8
8.3431819495014e-10	0.282997157750718	0.51	0.392	2.811151726065e-05	MAX	c8
8.67937855968721e-10	0.479847695662772	0.194	0.127	2.92442981190101e-05	ADPRHL2	c8
8.69021626337549e-10	0.903991673520002	0.059	0.027	2.92808146778174e-05	PRICKLE3	c8
8.8535110435729e-10	0.400943064309871	0.256	0.176	2.98310201102145e-05	VTA1	c8
8.93534397612701e-10	0.290779473981574	0.581	0.466	3.01067479931624e-05	PA2G4	c8
9.06868503689434e-10	0.528069974428574	0.159	0.099	3.05560273633118e-05	SLC1A5	c8
9.10563825920562e-10	0.241354424564837	0.602	0.477	3.06805375505674e-05	GHITM	c8
9.43091217727046e-10	0.398741063655853	0.205	0.135	3.17765154900951e-05	GINM1	c8
9.43137686682363e-10	0.65101955618694	0.145	0.09	3.17780812150756e-05	DPP3	c8
9.4642356666174e-10	2.08616765601113	0.016	0.004	3.18887956551007e-05	RP11-624C23.1	c8
9.58833103177876e-10	0.351687939351061	0.407	0.311	3.23069225784753e-05	SHKBP1	c8
9.74360946040148e-10	0.407216084837598	0.22	0.147	3.28301177158767e-05	OSBPL9	c8
9.79283657417531e-10	0.571124772393643	0.124	0.073	3.29959835530263e-05	PLOD3	c8
9.87069208937285e-10	0.341664515461695	0.383	0.286	3.32583099259329e-05	HAGH	c8
9.93616372912544e-10	0.367498404468993	0.316	0.228	3.34789100689152e-05	PLD3	c8
9.93950155502254e-10	0.507728521387082	0.197	0.131	3.34901565394929e-05	FARS2	c8
1.00412115458973e-09	0.417697466075875	0.201	0.132	3.38328581827462e-05	TRIM11	c8
1.02337751484084e-09	0.752269486808844	0.091	0.049	3.44816819850471e-05	CHUK	c8
1.04409480863804e-09	0.434433487780978	0.2	0.131	3.517973048225e-05	EXOC1	c8
1.06477970285796e-09	0.682833471285863	0.11	0.063	3.58766873080962e-05	PTER	c8
1.07136285991864e-09	0.546564995106738	0.183	0.12	3.60985002020988e-05	MPHOSPH6	c8
1.07874306645594e-09	0.492040033059074	0.187	0.122	3.63471688811664e-05	ZNF720	c8
1.0821502706155e-09	0.347622642382221	0.221	0.147	3.64619712181187e-05	ARHGAP1	c8
1.10494942028847e-09	0.250786252470652	0.668	0.557	3.72301657671996e-05	SRSF11	c8
1.1093146871701e-09	0.30340451676982	0.462	0.357	3.73772490695095e-05	SRPRA	c8
1.11248290444019e-09	0.549525682127233	0.162	0.103	3.74839989822078e-05	FAF2	c8
1.12351284299864e-09	0.306731440639392	0.259	0.177	3.78556417319962e-05	IFRD1	c8
1.14528047171762e-09	0.692216619504531	0.103	0.058	3.85890802140533e-05	RPE	c8
1.16083981018436e-09	0.393129189035705	0.23	0.155	3.91133365643518e-05	BLOC1S6	c8
1.17934666809694e-09	0.263094493105398	0.578	0.467	3.97369066348583e-05	NDUFS7	c8
1.18426501466005e-09	0.580085910340338	0.167	0.107	3.99026254039556e-05	SMIM4	c8
1.18810279009461e-09	0.65056682144172	0.077	0.039	4.00319354094478e-05	LZTS2	c8
1.19274459292928e-09	0.483915813846291	0.181	0.118	4.01883363141593e-05	RBM18	c8
1.2026411928705e-09	0.460636143886926	0.211	0.143	4.05217923525786e-05	AP3D1	c8
1.21787976260391e-09	0.497219188191699	0.165	0.104	4.10352407211762e-05	FBXO22	c8
1.22397026168618e-09	0.294792408523035	0.499	0.388	4.1240453997254e-05	DNAJB6	c8
1.22888084436332e-09	0.366979346300495	0.296	0.21	4.14059111699778e-05	CHTOP	c8
1.25800042940824e-09	0.48675730215013	0.148	0.091	4.23870664684811e-05	MED13	c8
1.27098928880065e-09	1.0827207722852	0.046	0.02	4.28247130968491e-05	GPR82	c8
1.27245609879906e-09	0.487750106035468	0.185	0.121	4.28741357929356e-05	KLC1	c8
1.27974734916194e-09	0.399275133341514	0.313	0.226	4.31198071826625e-05	PARP10	c8
1.27980300610448e-09	0.554475226903893	0.181	0.119	4.31216824876844e-05	ASPSCR1	c8
1.34262962021827e-09	0.76649012379503	0.102	0.058	4.52385624236345e-05	ZNF518B	c8
1.35946988573218e-09	0.352817382003475	0.406	0.307	4.58059783298602e-05	SARS	c8
1.36663204647345e-09	0.36111601914363	0.418	0.318	4.60473001738765e-05	DARS	c8
1.36663671431699e-09	0.531751934051008	0.149	0.093	4.60474574521967e-05	C19orf52	c8
1.37638006848209e-09	1.75997384328356	0.029	0.01	4.63757500274356e-05	TST	c8
1.38043010195407e-09	0.4377313959404	0.189	0.123	4.65122118552403e-05	R3HDM1	c8
1.39346124126046e-09	0.357493535284039	0.285	0.202	4.69512830630298e-05	EIF2S1	c8
1.41667586868378e-09	0.5209231859804	0.248	0.175	4.77334767194314e-05	AKTIP	c8
1.41836540115171e-09	0.882192309405425	0.053	0.024	4.77904038264057e-05	CH17-340M24.3	c8
1.42375908846815e-09	0.296732476724558	0.537	0.429	4.79721387268459e-05	SH2D1A	c8
1.42784518110932e-09	0.309149719769404	0.371	0.277	4.81098155322973e-05	FAM50A	c8
1.44244690928387e-09	0.486744405445157	0.153	0.095	4.86018061614107e-05	ERO1A	c8
1.44781715716693e-09	0.601332190919521	0.146	0.091	4.87827512935825e-05	CERS4	c8
1.46879063689329e-09	0.167191041807908	0.874	0.801	4.94894317194826e-05	COX7A2	c8
1.47796200689302e-09	0.34900985075105	0.363	0.27	4.97984518602534e-05	AIMP1	c8
1.4902463682384e-09	0.351351083049845	0.352	0.26	5.02123611314248e-05	ZNF638	c8
1.50146617769682e-09	0.460889855955021	0.258	0.181	5.05904013913166e-05	CBFB	c8
1.55328196243054e-09	0.480859087810527	0.173	0.111	5.23362824421346e-05	AP5Z1	c8
1.56154582278355e-09	0.456695010158688	0.213	0.143	5.26147249528689e-05	SLC35A4	c8
1.58024335516713e-09	0.390040852892623	0.293	0.211	5.32447196090013e-05	ZNF655	c8
1.63694772956034e-09	0.448187669500829	0.21	0.14	5.51553167998062e-05	PHKG2	c8
1.64027442401325e-09	0.64452927018863	0.079	0.041	5.52674064427023e-05	MFSD3	c8
1.64224670312333e-09	1.95575864572213	0.02	0.006	5.53338604150376e-05	RP11-22N19.2	c8
1.65319405344443e-09	0.551618168105931	0.132	0.08	5.57027204367567e-05	RAB21	c8
1.65321680624706e-09	0.50987825752866	0.134	0.081	5.57034870696883e-05	SUGP1	c8
1.6600683827322e-09	0.354097123307855	0.408	0.309	5.59343440877786e-05	GTF2B	c8
1.66616081802248e-09	0.24837090527885	0.675	0.557	5.61396226024495e-05	PRELID1	c8
1.68412902725883e-09	0.636089383327506	0.124	0.074	5.67450434444589e-05	TMEM127	c8
1.71329368801319e-09	0.647382059232716	0.122	0.073	5.77277175239163e-05	PGAP3	c8
1.71691136283156e-09	0.531172691478546	0.112	0.064	5.78496114592465e-05	PANK4	c8
1.74482053281335e-09	0.444528929349959	0.213	0.144	5.8789983032613e-05	TIMM23	c8
1.75066165550667e-09	0.345278391616908	0.356	0.266	5.89867938206418e-05	GON4L	c8
1.7746584802661e-09	0.327548374533972	0.36	0.267	5.97953428340859e-05	TMED5	c8
1.79291681407892e-09	0.394635635145963	0.238	0.164	6.04105391335751e-05	NINJ2	c8
1.8070469292712e-09	0.550818013943734	0.189	0.125	6.08866392348639e-05	TRMT2A	c8
1.82320480598695e-09	0.405215342394168	0.304	0.22	6.14310627329243e-05	ZNF430	c8
1.82481249741934e-09	0.8190242578253	0.069	0.034	6.14852322880474e-05	IPPK	c8
1.83633544948621e-09	0.78028843011159	0.073	0.037	6.18734866349883e-05	DHTKD1	c8
1.86252006422638e-09	0.610425248221845	0.135	0.082	6.27557510440437e-05	COQ9	c8
1.90581868040215e-09	0.37841631592425	0.304	0.217	6.42146546174699e-05	PRPF31	c8
1.91849578114965e-09	0.435055171696021	0.17	0.108	6.46417968500563e-05	DCAF6	c8
1.92958450652073e-09	0.346725997037886	0.332	0.239	6.50154203627094e-05	TSR2	c8
1.97354849149499e-09	0.240411448514269	0.634	0.52	6.64967428724322e-05	SF3B5	c8
2.00860808125394e-09	0.295411154698664	0.4	0.302	6.76780406897703e-05	DOCK10	c8
2.01209381555014e-09	0.553806788100906	0.15	0.094	6.77954890211464e-05	HIF1AN	c8
2.05188045434236e-09	0.380121439312661	0.294	0.211	6.91360600286115e-05	CAPN1	c8
2.0619951309666e-09	0.604015694400232	0.109	0.063	6.94768639427885e-05	METTL6	c8
2.07082535233584e-09	0.883423673667401	0.074	0.038	6.97743894216039e-05	PITPNA	c8
2.08030218757816e-09	1.79909954190981	0.018	0.005	7.00937019082584e-05	RP11-126O1.6	c8
2.10928922871051e-09	0.238667568390125	0.653	0.54	7.1070391272172e-05	BTN3A2	c8
2.1190744482214e-09	0.28593002336091	0.505	0.396	7.14000944583718e-05	C7orf73	c8
2.13091487426597e-09	1.73566123850625	0.018	0.005	7.17990457735175e-05	ST8SIA6	c8
2.19268086834878e-09	0.520070527964013	0.139	0.085	7.38801891781437e-05	CPTP	c8
2.32191191328221e-09	0.781020909381438	0.08	0.042	7.82345000061309e-05	MPV17L2	c8
2.37926998390655e-09	0.409569060856958	0.203	0.135	8.01671228377474e-05	RPRD2	c8
2.39025044176841e-09	0.377181478773831	0.233	0.16	8.05370983849448e-05	GABARAPL1	c8
2.42383406080412e-09	0.738583246140429	0.09	0.049	8.16686648447341e-05	NRROS	c8
2.48838454483278e-09	1.96504674250781	0.025	0.008	8.38436288535956e-05	IGHM	c8
2.50129986671798e-09	0.729379918903045	0.121	0.073	8.42787977091958e-05	TSFM	c8
2.50845754205617e-09	0.441523301994249	0.181	0.118	8.45199684220406e-05	WDR20	c8
2.50927409368864e-09	0.286398315246273	0.369	0.273	8.4547481312745e-05	PTPN2	c8
2.52141480469122e-09	0.346290290657063	0.318	0.232	8.49565504292658e-05	UBQLN1	c8
2.53246140815413e-09	0.278599487910741	0.377	0.279	8.53287546863454e-05	PPM1M	c8
2.60776123629632e-09	0.551203659208487	0.102	0.057	8.78659070957681e-05	TCAIM	c8
2.64156103074186e-09	0.376064977561493	0.355	0.266	8.90047573698163e-05	MRPL4	c8
2.66859268761202e-09	0.628412416895724	0.091	0.05	8.99155620163995e-05	MRPS17	c8
2.67985889036332e-09	0.53617801809771	0.114	0.066	9.02951654519017e-05	FANCA	c8
2.70345532142001e-09	0.461165589282261	0.18	0.117	9.10902235999258e-05	FAM69A	c8
2.73019890565247e-09	0.267703586534503	0.654	0.543	9.19913219270542e-05	LSM8	c8
2.73663024204328e-09	0.389103353832417	0.265	0.187	9.22080193754064e-05	TVP23B	c8
2.74090890498541e-09	0.766075961213822	0.077	0.04	9.23521846445783e-05	SPATS2	c8
2.7460132687428e-09	0.411825063625609	0.242	0.168	9.252417107702e-05	DCUN1D5	c8
2.74816068843727e-09	0.430358142840394	0.281	0.202	9.25965262362055e-05	OVCA2	c8
2.77155831246703e-09	0.703856920889417	0.085	0.045	9.33848857802641e-05	ZNF714	c8
2.79632223129163e-09	1.71449619730336	0.023	0.007	9.42192812611401e-05	DGUOK-AS1	c8
2.80422137219986e-09	0.392630092121502	0.215	0.144	9.4485434914902e-05	RINL	c8
2.8168578441128e-09	0.419042192635772	0.2	0.133	9.49112081995365e-05	EGLN2	c8
2.83592983556306e-09	0.667555292004775	0.088	0.048	9.55538198794619e-05	ZYG11B	c8
2.85170551127439e-09	0.343596765524424	0.357	0.264	9.60853654968792e-05	MRPS36	c8
2.86792136928777e-09	0.747414595960877	0.07	0.035	9.6631742616782e-05	PCCA	c8
2.91943800863852e-09	0.292184552334894	0.492	0.389	9.83675442630663e-05	PRPF40A	c8
2.92902402948239e-09	0.690050999099476	0.076	0.039	9.86905356493797e-05	TK2	c8
2.95560412100403e-09	0.513896621887874	0.165	0.106	9.95861252531099e-05	PIGF	c8
2.98276345753149e-09	0.429331770804399	0.234	0.161	0.000100501231938066	FAM134A	c8
2.98483429098709e-09	0.428170569740308	0.2	0.133	0.000100571006600519	WAC-AS1	c8
2.99806942188467e-09	1.13282917521876	0.045	0.019	0.000101016951100982	CEP76	c8
3.006155830842e-09	0.453806491726599	0.208	0.141	0.00010128941456439	PATL2	c8
3.01388416991369e-09	0.448701033726736	0.198	0.132	0.000101549813221072	DUSP22	c8
3.01588461090742e-09	0.294400060239024	0.257	0.178	0.000101617216079915	TMEM30A	c8
3.03719493231434e-09	0.488637654196285	0.18	0.118	0.000102335246049399	RAD51C	c8
3.04342674169947e-09	0.311775466599908	0.397	0.296	0.000102545220634822	ABT1	c8
3.10600656320934e-09	0.592530173026489	0.14	0.087	0.000104653785140776	C18orf25	c8
3.12523529661637e-09	0.319458398532805	0.305	0.221	0.000105301678084192	ST8SIA4	c8
3.12771828004937e-09	0.51126008581393	0.161	0.103	0.000105385339727983	SLC35B3	c8
3.16266531880255e-09	0.447518554502435	0.191	0.126	0.000106562845251733	MED31	c8
3.27915574027052e-09	0.584791386632716	0.131	0.08	0.000110487873512675	KIAA0232	c8
3.33743375967863e-09	0.455496749270792	0.18	0.118	0.000112451493098612	MAPK14	c8
3.33903706410728e-09	0.660790375848445	0.127	0.077	0.000112505514838031	PIGK	c8
3.35967830682587e-09	0.210125798452903	0.809	0.719	0.000113201000870191	PNISR	c8
3.41558784567002e-09	0.340588910766494	0.301	0.216	0.000115084816872006	PCIF1	c8
3.43253399331722e-09	0.703386307332395	0.093	0.051	0.00011565580037083	TOE1	c8
3.46176108042632e-09	0.235202680812122	0.619	0.5	0.000116640577843884	ANAPC11	c8
3.46382660925079e-09	0.663027125302144	0.121	0.073	0.000116710173772096	CDK7	c8
3.49803551401875e-09	0.404458268763672	0.235	0.163	0.000117862808609348	GPAA1	c8
3.54223123777198e-09	0.511284180208307	0.164	0.105	0.000119351939325489	EFTUD2	c8
3.57585248085414e-09	0.453527823625302	0.227	0.157	0.000120484773489899	PARP15	c8
3.58944130297804e-09	0.372124257408323	0.255	0.177	0.000120942635262542	SEC22B	c8
3.62635603325007e-09	0.375744945471261	0.247	0.172	0.000122186440184328	RNF34	c8
3.64494902579838e-09	0.467562759325993	0.155	0.097	0.000122812912475251	DCLRE1C	c8
3.69094653007726e-09	0.303444069128542	0.469	0.366	0.000124362752384423	EPB41	c8
3.70851395560183e-09	0.426175609977225	0.205	0.137	0.000124954669220048	TPD52L2	c8
3.72433357023548e-09	0.338160314735922	0.293	0.21	0.000125487695315514	AGGF1	c8
3.73346977685322e-09	0.39345858290737	0.218	0.148	0.000125795530661292	GNB5	c8
3.73554722248558e-09	0.680043242086871	0.123	0.074	0.000125865528114429	UCK1	c8
3.76323381720646e-09	0.259831475828249	0.552	0.439	0.000126798400236954	GTF2A2	c8
3.78950752761501e-09	0.903998786408808	0.064	0.031	0.00012768366663546	FAM46A	c8
3.81796232309111e-09	0.352309065875445	0.291	0.208	0.000128642422514232	MRPL21	c8
3.83087759839621e-09	0.496156527353559	0.159	0.101	0.000129077589800362	CMTR1	c8
3.83142055106809e-09	0.566740008678749	0.102	0.058	0.000129095884047688	ZNF484	c8
3.87209383181487e-09	0.45858082329332	0.221	0.152	0.00013046632956917	PRPSAP2	c8
3.90750656473136e-09	0.407834676014423	0.208	0.14	0.000131659526192058	CDK9	c8
3.91449926877341e-09	0.670409292345148	0.088	0.048	0.000131895138362051	ZNF174	c8
3.9481021212565e-09	0.594412169863302	0.263	0.193	0.000133027352873617	PDE4D	c8
4.06171647853758e-09	0.677708657468524	0.107	0.062	0.000136855475027845	DEAF1	c8
4.18459605945224e-09	0.516044692145263	0.162	0.104	0.000140995779627184	PES1	c8
4.21840727136219e-09	0.284222134670932	0.493	0.389	0.000142135014601278	SSR3	c8
4.21998690282815e-09	0.425828881143935	0.225	0.155	0.000142188238703892	PLRG1	c8
4.30438070804303e-09	0.40518612250693	0.187	0.123	0.000145031803576802	PIK3C3	c8
4.30562438907464e-09	0.4505888692277	0.17	0.111	0.000145073708165481	DHX16	c8
4.30704529811116e-09	0.754858810400585	0.108	0.063	0.000145121584274557	AC003075.4	c8
4.33247937143114e-09	0.585936019530271	0.108	0.063	0.000145978559941001	SIL1	c8
4.44529938164451e-09	0.453245162694151	0.143	0.089	0.00014977991736513	ZC3H14	c8
4.44597212985839e-09	0.376784105606538	0.23	0.157	0.000149802584943449	HERC4	c8
4.50898998611369e-09	0.575230726683046	0.149	0.095	0.000151925908592115	CENPK	c8
4.554229134164e-09	1.59222669486322	0.024	0.007	0.000153450196446522	FAM109B	c8
4.56699686905508e-09	0.997561507053932	0.05	0.023	0.000153880392505942	ABCD1	c8
4.61825239193208e-09	0.559755211672403	0.111	0.065	0.000155607396093759	PIGM	c8
4.64451156036203e-09	0.581196124270263	0.115	0.068	0.000156492172514838	RBM4B	c8
4.66656483334382e-09	0.615454177175303	0.118	0.07	0.000157235235494687	METTL2B	c8
4.71690979499677e-09	0.258737208220066	0.638	0.537	0.000158931558632621	NAP1L1	c8
4.73200361845038e-09	0.338140364433401	0.369	0.277	0.000159440129920067	MRPS7	c8
4.73380359423748e-09	0.315643938348367	0.223	0.153	0.000159500778304238	BTLA	c8
4.75462627087834e-09	0.49466053967569	0.178	0.117	0.000160202377570975	HAUS3	c8
4.80939116325658e-09	0.185309494008725	0.744	0.624	0.000162047625854767	NBEAL1	c8
4.8796731947166e-09	0.577472090904211	0.148	0.093	0.000164415708622781	MICU1	c8
4.91905017050315e-09	0.29293718324251	0.351	0.26	0.000165742476444933	CDK5RAP3	c8
4.95586920382462e-09	0.538691015439114	0.147	0.092	0.000166983056953667	CUL3	c8
4.96871152151123e-09	0.73344664485795	0.078	0.041	0.000167415766005799	INTS7	c8
5.01414361050466e-09	1.40167244884644	0.024	0.007	0.000168946554812344	GALNT4	c8
5.01951054144108e-09	0.419582105508238	0.222	0.153	0.000169127388183316	DEDD	c8
5.03576784829768e-09	0.36158708461038	0.279	0.199	0.000169675161880542	SMIM15	c8
5.03891734252407e-09	0.523294393285731	0.147	0.092	0.000169781280939006	MB21D1	c8
5.05244190856841e-09	0.526668686142214	0.155	0.098	0.000170236977667304	L3MBTL3	c8
5.06427877699003e-09	0.533180457416166	0.181	0.121	0.000170635809111902	REV3L	c8
5.07660479729941e-09	0.33953886732083	0.253	0.175	0.000171051122040206	VPS26A	c8
5.18102896423921e-09	0.612876037913945	0.126	0.077	0.000174569589921076	ATP6V1C1	c8
5.19332969124157e-09	0.338832433404385	0.276	0.197	0.000174984050616694	ZDHHC6	c8
5.22464349500061e-09	0.637011905141823	0.119	0.071	0.000176039137920551	PAAF1	c8
5.23602432305330e-09	0.589347078066277	0.115	0.068	0.000176422603540958	GPR89B	c8
5.24552393256387e-09	1.00527350050291	0.045	0.019	0.000176742683383807	HIST1H4H	c8
5.31224506658864e-09	0.499859600361646	0.159	0.102	0.000178990785273637	KRBOX4	c8
5.34706581863376e-09	1.56832946287595	0.026	0.009	0.000180164035693046	AMZ1	c8
5.38940456133929e-09	0.694660093806774	0.069	0.035	0.000181590597289766	GSPT2	c8
5.42038182751128e-09	0.314150789414016	0.311	0.227	0.000182634345296165	CDC40	c8
5.44915033960655e-09	0.672732136851141	0.129	0.079	0.000183603671542703	TOR1AIP2	c8
5.48010419906408e-09	0.398318004367038	0.214	0.146	0.000184646630883265	ANKRD17	c8
5.54608046172447e-09	0.553938846247408	0.143	0.09	0.000186869635077344	RARS2	c8
5.65213448169381e-09	0.424767527936249	0.217	0.149	0.000190443019226191	RAB22A	c8
5.67267617357824e-09	0.522567293096961	0.183	0.122	0.000191135150992545	TSR3	c8
5.69378135669652e-09	0.909919903332298	0.074	0.039	0.000191846269032532	PABPC1L	c8
5.78572894152996e-09	0.406022585551594	0.242	0.169	0.00019494435095591	MRPL49	c8
5.81884375716133e-09	0.565657266853679	0.149	0.094	0.000196060121553794	WDFY2	c8
5.96265322047073e-09	2.28914685684865	0.015	0.003	0.000200905637610541	MCAM	c8
5.98170070887505e-09	0.400100421324619	0.292	0.212	0.000201547423684836	TMF1	c8
5.99916359622819e-09	0.308814873764257	0.374	0.282	0.000202135818211313	PTBP3	c8
5.99988894605594e-09	0.51862476674709	0.18	0.12	0.000202160258148409	HSPA14	c8
6.04693317622964e-09	1.88048296450216	0.014	0.003	0.000203745366439881	AP001058.3	c8
6.04726734635619e-09	0.398056047324749	0.263	0.186	0.000203756625968125	PPID	c8
6.09732209896548e-09	0.519468260238037	0.15	0.096	0.000205443170802543	HYOU1	c8
6.17577961985674e-09	0.475607195683564	0.162	0.104	0.000208086718511453	CRCP	c8
6.2529520459234e-09	0.408710042763958	0.17	0.11	0.000210686966235343	TMEM242	c8
6.28310138119335e-09	0.29666288094687	0.482	0.382	0.000211702817937929	TGOLN2	c8
6.3033592427503e-09	0.414301773816624	0.222	0.153	0.000212385386325229	PSME3	c8
6.30433335450829e-09	0.310361861952104	0.324	0.239	0.000212418208046802	TMEM259	c8
6.34546974172777e-09	0.364686755483869	0.277	0.198	0.000213804257477775	ACO2	c8
6.35316151923699e-09	0.35101068719464	0.28	0.2	0.000214063424229171	TSSC4	c8
6.37992684039021e-09	0.335474308097679	0.349	0.259	0.000214965254960108	AQP3	c8
6.61384184789291e-09	1.12036549039207	0.048	0.022	0.000222846787222904	FAM13A	c8
6.68022337376124e-09	0.763034407213764	0.067	0.034	0.000225083446355511	P2RX5	c8
6.68795903255046e-09	0.436079409737658	0.153	0.097	0.000225344091642755	VPS41	c8
6.70898418137567e-09	0.47102005030299	0.175	0.115	0.000226052513007272	INIP	c8
6.80599209640306e-09	0.430471279906756	0.235	0.164	0.000229321097696205	MAP4K2	c8
6.88417693262993e-09	0.515946406068732	0.121	0.073	0.000231955457568033	KIAA1586	c8
6.93689959990804e-09	0.665378516188782	0.118	0.071	0.000233731895119301	MCEE	c8
6.98109247154609e-09	0.232852112673122	0.572	0.45	0.000235220929736274	MRPL41	c8
6.98934890000818e-09	0.453971681125408	0.278	0.203	0.000235499121836876	NUDT1	c8
7.0368854669835e-09	1.21089971282882	0.047	0.021	0.000237100818924542	CARD6	c8
7.07028081948833e-09	1.17002834103313	0.04	0.017	0.00023822604193184	DPY19L3	c8
7.07235749408233e-09	0.658719652310121	0.094	0.053	0.00023829601340561	GATAD1	c8
7.09601470066950e-09	0.392885063522665	0.198	0.132	0.000239093119324358	GPN1	c8
7.09776872085516e-09	0.219395907100065	0.689	0.598	0.000239152219280494	VPS28	c8
7.17030957822291e-09	0.457166335523946	0.225	0.156	0.000241596410928643	TMEM101	c8
7.19554874511437e-09	0.707702962284087	0.101	0.058	0.000242446819417884	SLC16A1-AS1	c8
7.26221774418844e-09	1.98145817903382	0.012	0.002	0.000244693164672685	DGCR5	c8
7.28600674646494e-09	1.18101919079178	0.036	0.014	0.00024549471131539	RP1-197B17.3	c8
7.33753054576094e-09	0.525497356055895	0.141	0.089	0.000247230754208869	ARMT1	c8
7.42429088961342e-09	1.77360384433716	0.02	0.006	0.000250154057234635	SETBP1	c8
7.7044742641564e-09	2.31051680400311	0.01	0.002	0.000259594555856486	RP11-1152H14.1	c8
7.77728309264882e-09	1.8950757255209	0.015	0.004	0.000262047776523709	RP11-124N2.1	c8
7.8255705829008e-09	0.492762951500139	0.197	0.134	0.00026367477522026	TMEM70	c8
7.88618534633252e-09	0.324967833338764	0.293	0.209	0.000265717129059328	GOPC	c8
7.91356681203922e-09	0.45257156186914	0.19	0.127	0.000266639720164849	RLF	c8
7.96112008887974e-09	1.59866314551045	0.022	0.007	0.000268241980274714	SLC14A1	c8
7.99829169926944e-09	0.309752832487069	0.335	0.248	0.000269494440515185	GPS1	c8
8.40203013516161e-09	0.610592982245872	0.153	0.099	0.000283098003374135	DCAF12	c8
8.42314561320383e-09	0.420594077116011	0.204	0.139	0.00028380946829129	GMCL1	c8
8.62861780258341e-09	1.63346086555877	0.041	0.017	0.000290732648240245	CDK14	c8
8.74443015175918e-09	1.00717520878499	0.065	0.033	0.000294634829533374	E2F6	c8
8.77997080397199e-09	0.275008479786523	0.5	0.39	0.000295832336269032	PDAP1	c8
8.82579166914115e-09	0.379146776095076	0.246	0.172	0.000297376224500042	GOSR1	c8
8.88502216423427e-09	0.515418547838879	0.131	0.081	0.000299371936801709	KBTBD4	c8
8.90491639336528e-09	0.367957296262611	0.227	0.158	0.00030004225295805	USE1	c8
8.97711003787004e-09	0.361087302999901	0.243	0.171	0.000302474745615993	MKLN1	c8
9.20160116890657e-09	0.349587642660507	0.314	0.232	0.000310038749785138	TTC1	c8
9.27724484996052e-09	0.368529650922019	0.302	0.22	0.00031258748797457	MRPS26	c8
9.31761435723528e-09	0.345847222560776	0.233	0.162	0.000313947698152685	MPPE1	c8
9.39261130522405e-09	0.297339492383515	0.444	0.346	0.000316474645318219	ITSN2	c8
9.436813327059e-09	0.235409384543988	0.558	0.447	0.000317963988241926	PRDX6	c8
9.62507287392872e-09	2.04977588007939	0.015	0.004	0.000324307205414154	PIK3IP1-AS1	c8
9.73767947737856e-09	0.219128590543179	0.584	0.462	0.000328101372310793	NDUFA12	c8
9.79966946356225e-09	0.353743512149881	0.247	0.174	0.000330190062905266	CUTC	c8
9.87296986960127e-09	0.332395705299446	0.309	0.226	0.000332659846786345	C22orf39	c8
9.89729287127966e-09	1.29244782965202	0.033	0.013	0.000333479386004897	AP003774.1	c8
9.97734716924837e-09	0.338043258773164	0.238	0.166	0.000336176735520655	ATXN1	c8
1.00212722415487e-08	0.318434133076853	0.389	0.297	0.000337656746906743	PRPF6	c8
1.00336334924733e-08	0.407333876858649	0.314	0.234	0.000338073246895395	GID8	c8
1.00422360745774e-08	0.589813492709691	0.132	0.082	0.000338363102296812	R3HCC1L	c8
1.02088637226981e-08	0.398935313763734	0.259	0.185	0.00034397745427259	PPP2R3C	c8
1.03754051667858e-08	0.922800946686633	0.061	0.03	0.000349588901689681	SLC25A35	c8
1.05253946905716e-08	0.355498456024188	0.223	0.153	0.00035464264870412	SACM1L	c8
1.05594381673677e-08	0.834652476005324	0.057	0.028	0.000355789709611286	CTD-2095E4.5	c8
1.06406876844369e-08	0.445126320085974	0.196	0.133	0.000358527330839417	GRIPAP1	c8
1.06804618896772e-08	0.286508265662437	0.471	0.368	0.000359867482910783	DAP3	c8
1.07285821744216e-08	0.502946533157635	0.134	0.083	0.000361488847784962	CSTF2	c8
1.10207996083248e-08	0.369977866439276	0.263	0.187	0.000371334822002896	RAB5B	c8
1.10694230637792e-08	1.3301381297227	0.026	0.009	0.000372973140710975	LRRC27	c8
1.10937242773448e-08	0.796754476034427	0.08	0.043	0.000373791945800854	PBX3	c8
1.11177132084844e-08	0.226148669192681	0.582	0.476	0.000374600228846672	ARL4C	c8
1.11643443210345e-08	0.348076647007738	0.192	0.128	0.000376171417552936	NELFA	c8
1.131599600313e-08	0.548583523806485	0.091	0.051	0.000381281169329461	MUT	c8
1.13501943730046e-08	0.261357939519608	0.408	0.308	0.000382433449204016	DR1	c8
1.15989504897852e-08	0.637412758897913	0.108	0.064	0.000390815037802823	RAB11FIP4	c8
1.16785345417219e-08	0.209188164816528	0.723	0.611	0.000393496542848776	RBM8A	c8
1.1783259712501e-08	0.544562641321424	0.127	0.078	0.00039702515275301	ARNT	c8
1.18005097232753e-08	0.537347832174206	0.144	0.091	0.000397606374616039	ZMPSTE24	c8
1.1802330690969e-08	0.252053340569425	0.419	0.322	0.000397667730301508	VPS36	c8
1.18994945951221e-08	0.750088639745123	0.078	0.042	0.000400941570888043	RBM41	c8
1.19687227004628e-08	0.621153421493529	0.112	0.067	0.000403274142669394	QKI	c8
1.20071349404506e-08	0.31188613548255	0.382	0.288	0.000404568404683544	ATF4	c8
1.20469548680527e-08	0.511039001570932	0.135	0.084	0.000405910097324168	AUH	c8
1.20771881242772e-08	0.607327530524248	0.126	0.078	0.000406928776659395	ICMT	c8
1.21229250757355e-08	2.09977872337523	0.015	0.004	0.00040846983750183	C1R	c8
1.2220901845625e-08	0.409992468170127	0.236	0.167	0.000411771066786487	CTR9	c8
1.22733528267015e-08	0.629422787126257	0.101	0.058	0.00041353835014288	YRDC	c8
1.23215545886625e-08	0.264012126285348	0.305	0.22	0.000415162460310395	TDG	c8
1.25184427161413e-08	0.429166151907482	0.206	0.141	0.000421796408877666	VAMP4	c8
1.256100962378e-08	0.351137814769412	0.312	0.232	0.000423230658263643	NUDT16L1	c8
1.26073483461223e-08	0.320173537976912	0.314	0.23	0.000424791995174244	CHCHD3	c8
1.27695254938216e-08	0.402409585024872	0.223	0.154	0.000430256391988826	TMEM126A	c8
1.27771287307822e-08	0.639417449805863	0.1	0.058	0.000430512575454974	SLC43A3	c8
1.28190194620096e-08	0.693361717426954	0.109	0.065	0.000431924041752952	GRK5	c8
1.28878368015474e-08	0.704134771358419	0.098	0.056	0.000434242773191337	CHRNB1	c8
1.29397442466e-08	1.03602396161165	0.033	0.013	0.000435991742644941	NR1H3	c8
1.29501027531924e-08	0.46265302498279	0.201	0.138	0.000436340762166063	ARID2	c8
1.30567037255918e-08	1.65820619715221	0.02	0.006	0.000439932575330091	RP4-545C24.1	c8
1.31773729069118e-08	0.62388026607959	0.102	0.059	0.000443998402725488	AP001055.6	c8
1.32712626956216e-08	0.525584564917455	0.132	0.082	0.000447161925266275	FTO	c8
1.34160312799556e-08	0.264784270851265	0.498	0.389	0.000452039757946825	TMED4	c8
1.3495196784406e-08	0.381931082139966	0.242	0.17	0.000454707160453777	MRPS11	c8
1.35468687726624e-08	0.474986045585813	0.139	0.087	0.000456448196426088	CCDC84	c8
1.35621864646709e-08	1.570000645286	0.025	0.008	0.000456964310740622	RP1-151B14.6	c8
1.36138358966337e-08	0.488596513094545	0.162	0.106	0.000458704586701175	FAM78A	c8
1.38029743883414e-08	0.341515371164698	0.27	0.192	0.000465077419040777	FAM120AOS	c8
1.38449455662233e-08	0.485235368716379	0.215	0.15	0.000466491595908328	DLD	c8
1.39224765998228e-08	0.965210786734596	0.062	0.031	0.000469103926554429	SLC39A3	c8
1.39549417750559e-08	0.475578194805587	0.174	0.115	0.000470197808168734	ABCF2	c8
1.39854972044195e-08	0.63296730554219	0.09	0.051	0.000471227342805712	RRNAD1	c8
1.40095277581242e-08	0.43119529548372	0.204	0.14	0.000472037028282236	GPS2	c8
1.40679755647182e-08	0.491691522120845	0.121	0.073	0.000474006368677617	STX11	c8
1.41342318238206e-08	0.449821095603327	0.208	0.144	0.000476238807071813	SAMM50	c8
1.41647823353523e-08	0.361443818760886	0.148	0.093	0.000477268176007361	FYCO1	c8
1.43181892111305e-08	1.10019867850358	0.054	0.026	0.000482437067279832	HOXB-AS1	c8
1.43357826791494e-08	0.289195956578919	0.218	0.149	0.000483029861591261	FAM160B1	c8
1.43430469785885e-08	0.330431954512444	0.285	0.207	0.000483274624896562	RSRC1	c8
1.45208472138675e-08	0.562296154150544	0.104	0.06	0.00048926542602405	BOLA1	c8
1.47106306005421e-08	0.302183205194315	0.308	0.223	0.000495659987454666	PJA2	c8
1.49703869767362e-08	0.519389904860838	0.106	0.062	0.00050441221879415	NSUN3	c8
1.50279735618419e-08	0.234793210267546	0.65	0.538	0.0005063525411927	EWSR1	c8
1.5082630098391e-08	0.419130184482434	0.179	0.119	0.000508194138535187	SCAF1	c8
1.51617082111005e-08	1.16765971849938	0.045	0.02	0.00051085859646482	FLVCR1-AS1	c8
1.51804423706191e-08	0.344911394332074	0.304	0.223	0.000511489825235639	RECQL	c8
1.52682800417066e-08	0.610579931731631	0.114	0.068	0.000514449427725262	ZBTB45	c8
1.52696704345158e-08	0.605960103748576	0.118	0.071	0.000514496275620575	DBNDD2	c8
1.54238118991805e-08	0.259761575969895	0.528	0.426	0.000519689918130989	CASP4	c8
1.57237755667754e-08	0.601703138259355	0.103	0.06	0.00052979689394693	CNEP1R1	c8
1.58945715264965e-08	0.952931662522415	0.057	0.028	0.000535551693013771	RABL2A	c8
1.59441329658002e-08	0.384322515205449	0.232	0.163	0.000537221616149673	URI1	c8
1.60739341701353e-08	0.382332842868297	0.241	0.17	0.00054159513792854	FAM13B	c8
1.61720288857854e-08	0.343239261884081	0.253	0.178	0.000544900341277654	CCNK	c8
1.63641209183753e-08	0.782468642208561	0.071	0.037	0.000551372690223739	MGAT4B	c8
1.64339199355158e-08	0.843989173333101	0.063	0.032	0.000553724498307268	LENG8-AS1	c8
1.64768807256078e-08	0.405536929718471	0.237	0.167	0.000555172019168629	ING4	c8
1.6483382155804e-08	0.312338032399425	0.26	0.185	0.00055539107835766	BOD1L1	c8
1.65696883671545e-08	0.430560131416316	0.15	0.096	0.000558299079842902	TFIP11	c8
1.72067840718596e-08	2.52761500110361	0.01	0.002	0.000579765382517238	HES1	c8
1.7271207624477e-08	1.21973837415771	0.045	0.02	0.000581936069699129	RP1-244F24.1	c8
1.72797579311886e-08	0.979234400668844	0.052	0.024	0.00058222416373347	SFT2D3	c8
1.75819318463778e-08	0.566815703553652	0.138	0.087	0.000592405611631854	BORCS7	c8
1.77246437914952e-08	0.54559550861236	0.149	0.096	0.00059721414791064	MED7	c8
1.81342236997112e-08	0.369546782823195	0.294	0.215	0.000611014533338068	SCNM1	c8
1.81556643415576e-08	0.318986494335688	0.306	0.222	0.000611736954324441	VPS4A	c8
1.81664223556519e-08	0.347362926696981	0.273	0.198	0.000612099434851336	RPS6KB2	c8
1.81698929319316e-08	0.899929726042186	0.058	0.029	0.000612216372448503	DOLPP1	c8
1.83953888623478e-08	0.416261115108998	0.205	0.141	0.000619814232327946	EI24	c8
1.85146535998864e-08	1.38667399927432	0.025	0.008	0.000623832738394573	CNKSR2	c8
1.85354109245987e-08	0.398624765453245	0.208	0.143	0.000624532135693429	QARS	c8
1.86901650315768e-08	0.601616041963447	0.108	0.064	0.000629746420573947	ZDHHC18	c8
1.89100362421209e-08	0.608485509320818	0.107	0.063	0.000637154761142021	PDHX	c8
1.8977813622857e-08	0.46421389412014	0.242	0.174	0.000639438452208543	ZPR1	c8
1.89787587022123e-08	0.301821726451391	0.295	0.212	0.000639470295712341	RNF13	c8
1.90431885091277e-08	0.5995112892434	0.087	0.048	0.000641641193626547	GORASP1	c8
1.92510189162496e-08	0.374967914070273	0.283	0.206	0.000648643831364114	NUP98	c8
1.92862709811009e-08	0.50160286686841	0.137	0.086	0.000649831614437215	TBC1D23	c8
1.93565403347421e-08	0.554318973671598	0.116	0.07	0.000652199270038801	TMEM135	c8
1.93904457397782e-08	1.03657137784555	0.043	0.019	0.000653341678756088	FBXL14	c8
1.95972591295456e-08	0.526479783491959	0.156	0.101	0.000660310049110908	YEATS4	c8
1.95992851205854e-08	1.09821977559782	0.036	0.014	0.000660378312853005	RP11-196G18.23	c8
1.98234093620366e-08	0.347485692211006	0.282	0.204	0.00066792995504446	GARS	c8
1.98994719114715e-08	0.972709761626531	0.064	0.033	0.000670492806585119	LINC00467	c8
2.00112190816615e-08	0.383798199029582	0.281	0.204	0.000674258015737503	DIABLO	c8
2.02608009762782e-08	0.568030701827119	0.103	0.06	0.000682667428094717	C6orf106	c8
2.02645969169995e-08	0.487333788061975	0.174	0.116	0.000682795328521383	CSNK1G3	c8
2.03148846453339e-08	0.737676313640226	0.08	0.044	0.000684489723239881	ZNF738	c8
2.04689503461743e-08	0.442361247432466	0.23	0.163	0.000689680812963997	SART1	c8
2.07089565364384e-08	0.434976392723425	0.222	0.157	0.000697767581538756	PDZD11	c8
2.07861147621438e-08	0.328818587906024	0.307	0.225	0.000700367350795674	CREB1	c8
2.09363688498294e-08	0.557618284054281	0.129	0.081	0.000705430012026151	AMDHD2	c8
2.09848719785184e-08	0.287665309044422	0.348	0.261	0.000707064276444198	COPS5	c8
2.11964637329184e-08	0.25725599340591	0.41	0.314	0.000714193649016954	RAB6A	c8
2.12367994312352e-08	0.270282670819253	0.41	0.314	0.000715552720036038	PSMD13	c8
2.12783366083253e-08	0.385145171595322	0.245	0.173	0.000716952273680913	APOL3	c8
2.13407782312351e-08	0.391191328631814	0.241	0.17	0.000719056181723237	DNAJB11	c8
2.13509020764108e-08	0.592989133038234	0.119	0.072	0.000719397294562584	GNB1L	c8
2.16355115757761e-08	0.789098427350514	0.073	0.039	0.000728986927034202	TDRD7	c8
2.16760855035474e-08	0.397812384658472	0.204	0.14	0.000730354024956526	DTNBP1	c8
2.17459368342841e-08	2.43239240127745	0.013	0.003	0.000732707595694368	RUFY4	c8
2.18392478886874e-08	0.215778922786259	0.619	0.51	0.000735851618361433	RNF167	c8
2.20011228394558e-08	1.05241883237723	0.038	0.016	0.000741305832952625	ARID3A	c8
2.23864261556429e-08	0.44210717745607	0.189	0.127	0.000754288242888231	C1orf131	c8
2.24878732046414e-08	0.852209483918327	0.064	0.032	0.000757706399757188	C2CD2	c8
2.27684404953899e-08	0.726957385477018	0.079	0.043	0.000767159834051668	AKT1S1	c8
2.28446298489115e-08	0.385144628241008	0.18	0.119	0.000769726958129224	TBC1D17	c8
2.28847771674377e-08	0.223719734083689	0.489	0.377	0.000771079681879646	LSM2	c8
2.30129729328186e-08	0.372479272890497	0.191	0.129	0.000775399109998391	GOLGA2	c8
2.30362995293753e-08	0.409846417145851	0.194	0.132	0.000776185076342772	ACOT8	c8
2.3069639948865e-08	0.544065306212079	0.118	0.071	0.000777308448437057	UMPS	c8
2.3218633925122e-08	0.309610134251008	0.346	0.258	0.00078232865147306	MAP7D1	c8
2.37339016583726e-08	0.490327548918044	0.18	0.122	0.000799690082477205	C11orf49	c8
2.40737263539245e-08	0.423522999970687	0.145	0.092	0.000811140135769131	MAP2K4	c8
2.41415628419557e-08	0.906017442464081	0.073	0.039	0.000813425818396856	AC021188.4	c8
2.43454411635053e-08	1.15359531159037	0.035	0.014	0.000820295294563148	TIGD2	c8
2.44796664878002e-08	0.329981235091341	0.307	0.227	0.00082481788263994	SRP72	c8
2.47719956784815e-08	0.904459564158531	0.05	0.023	0.000834667622390755	BLOC1S3	c8
2.48687081587459e-08	1.72044856316608	0.02	0.006	0.000837926252700783	WBP2NL	c8
2.49156219944167e-08	0.345088088397957	0.309	0.23	0.000839506967479875	PPIE	c8
2.49687833974212e-08	0.64505206326649	0.105	0.062	0.000841298187792711	STK40	c8
2.53269086226577e-08	0.203196956122998	0.792	0.706	0.000853364859131827	NDUFA1	c8
2.5608778754794e-08	0.198909605813997	0.805	0.724	0.00086286219136403	ANP32B	c8
2.56468308639814e-08	0.206874372840708	0.58	0.467	0.000864144319130991	PPP1CC	c8
2.57053725797037e-08	0.244235257038592	0.491	0.389	0.000866116823700535	CCDC107	c8
2.57116611637339e-08	0.423202716673556	0.174	0.115	0.000866328711250849	NBEAL2	c8
2.57207494566146e-08	0.269199758077887	0.55	0.452	0.000866634932191173	CLPP	c8
2.57241879949566e-08	0.366546068339741	0.186	0.125	0.000866750790302069	RSPRY1	c8
2.58482872969588e-08	0.675212459201737	0.11	0.067	0.00087093219218373	HYI	c8
2.59187778267301e-08	0.845637567975176	0.051	0.024	0.000873307300093845	PRDM8	c8
2.59482099920919e-08	0.531693728475092	0.159	0.104	0.000874298987473545	CEP120	c8
2.6073065459797e-08	0.469694194862228	0.159	0.103	0.000878505867602401	CRYL1	c8
2.61375731463145e-08	0.373261950978229	0.177	0.118	0.000880679389591922	DDX39B	c8
2.65760254249156e-08	0.893127971145687	0.053	0.025	0.000895452600667107	TAPT1	c8
2.69184160171398e-08	0.574206321000861	0.115	0.07	0.000906989109281508	ACADS	c8
2.70032818580188e-08	0.493273396379282	0.13	0.081	0.000909848578924086	MAGED1	c8
2.70149036664886e-08	0.658224866657736	0.086	0.048	0.000910240164138667	ASB7	c8
2.70974529666939e-08	0.894731758786719	0.061	0.031	0.000913021580259785	TAF5	c8
2.72067705494282e-08	0.508945908437653	0.214	0.151	0.000916704926892433	SLC7A6OS	c8
2.722146566354e-08	0.368258991160212	0.227	0.159	0.000917200064067318	FAM111A	c8
2.72418386088778e-08	0.58568282556407	0.118	0.072	0.000917886510087527	TMEM254	c8
2.75129347341114e-08	0.326550423096231	0.332	0.246	0.000927020822931149	WBSCR22	c8
2.82345336434358e-08	0.600286429775458	0.098	0.057	0.000951334376581927	ZNF211	c8
2.83614693965786e-08	2.03472604811456	0.015	0.004	0.000955611349848321	HOXB3	c8
2.84083133263683e-08	0.492353657289812	0.096	0.055	0.000957189709218653	DHRS13	c8
2.84509243664306e-08	0.289456610384311	0.387	0.298	0.000958625445602511	TINF2	c8
2.86200462600345e-08	0.418753894531194	0.178	0.118	0.000964323838685603	ELMOD3	c8
2.87775955784761e-08	0.301161181043951	0.285	0.206	0.000969632305421175	TGS1	c8
2.88791729882431e-08	0.825281433000929	0.065	0.033	0.000973054854665863	LETM2	c8
2.95526862696654e-08	0.494981307886683	0.135	0.085	0.000995748211170105	TRMT2B	c8
2.97470032039506e-08	0.492938242936116	0.155	0.101	0.00100229552595391	UTP6	c8
2.99144304884781e-08	0.55741020041475	0.191	0.132	0.00100793682087878	TRIAP1	c8
2.99253876823411e-08	1.27117696601666	0.039	0.017	0.0010083060125688	NET1	c8
2.99347038365519e-08	0.562366900655709	0.076	0.041	0.00100861991106878	RUNDC1	c8
3.01315864070417e-08	0.297959416940511	0.37	0.281	0.00101525367239886	SNW1	c8
3.01569084511318e-08	1.34745430931136	0.026	0.009	0.00101610687335243	CTB-43P18.1	c8
3.02579796886986e-08	1.07940739035417	0.044	0.02	0.00101951236763101	TRAV18	c8
3.03077723684317e-08	0.234687388998781	0.42	0.323	0.00102119008218194	ATF6B	c8
3.03664154201459e-08	0.265884838136298	0.512	0.415	0.0010231660011664	CAPN2	c8
3.03995886352723e-08	0.305226756131122	0.379	0.287	0.00102428373947686	MED28	c8
3.0467196606351e-08	0.36428035559351	0.221	0.154	0.00102656172245439	KIAA0141	c8
3.05132591690198e-08	0.48581544580677	0.149	0.096	0.00102811375444095	SWI5	c8
3.06131453626e-08	0.386395150956564	0.211	0.147	0.00103147931984745	ARMCX6	c8
3.1158812383444e-08	0.400424182184393	0.251	0.179	0.00104986502444776	DSCR3	c8
3.1726116343865e-08	0.377003685812153	0.24	0.17	0.00106897976409019	ARAF	c8
3.17316470189758e-08	0.849383048383993	0.067	0.035	0.00106916611465737	C16orf45	c8
3.17783408736375e-08	0.168832730053172	0.816	0.732	0.00107073941739634	UBXN1	c8
3.18448790492682e-08	0.999816488493777	0.046	0.021	0.00107298135468604	RP11-166P13.3	c8
3.213747047081e-08	1.42686903597426	0.029	0.011	0.00108283993004347	IFI30	c8
3.23180904810847e-08	0.473546682650703	0.185	0.126	0.00108892574066967	GSS	c8
3.27297124745e-08	0.875318435412206	0.049	0.023	0.0011027949321158	C10orf128	c8
3.30219003045676e-08	0.700115546700097	0.116	0.071	0.0011126399088621	SAAL1	c8
3.31986504653459e-08	0.642616888817121	0.09	0.051	0.00111859532877937	GTF2H2C	c8
3.33761163844456e-08	0.31401927999708	0.356	0.272	0.00112457486545751	RANBP2	c8
3.37577105511788e-08	0.771803218246091	0.071	0.038	0.00113743229931142	RP11-162A12.2	c8
3.40737604963302e-08	0.854762475822952	0.047	0.022	0.00114808128616335	GNA12	c8
3.431248971366e-08	0.392077346974616	0.194	0.133	0.00115612502841206	TYK2	c8
3.45797071368615e-08	0.43336829936635	0.125	0.077	0.00116512865226941	ZNF362	c8
3.46218467451118e-08	0.362052870239594	0.261	0.188	0.0011665485042298	TAF10	c8
3.4653950866993e-08	0.454423598348121	0.195	0.134	0.00116763022051246	KIN	c8
3.4658771959331e-08	0.219033376292246	0.73	0.628	0.0011677926623977	CSDE1	c8
3.48955201789731e-08	0.262304568068906	0.39	0.297	0.00117576965691032	VDAC3	c8
3.49818807137009e-08	1.6073787689017	0.056	0.028	0.00117867948876744	TRAV35	c8
3.51412469217607e-08	0.381360951489126	0.189	0.128	0.00118404917378181	SLMAP	c8
3.54611020344309e-08	0.363494255105688	0.252	0.181	0.00119482637194812	HMG20B	c8
3.55703626802727e-08	0.381847318425128	0.256	0.184	0.00119850780014911	ZFC3H1	c8
3.64854336595244e-08	0.430564648331914	0.196	0.135	0.00122934020172402	MAPKAP1	c8
3.66253840371624e-08	0.660689087587702	0.126	0.079	0.00123405568974815	B4GALT7	c8
3.70621529139116e-08	0.448142057824775	0.16	0.105	0.00124877218028134	IMMP1L	c8
3.73681561982341e-08	0.496024294310128	0.18	0.122	0.0012590826549433	SCFD1	c8
3.80424621461316e-08	1.62699975719378	0.017	0.005	0.00128180271955176	PM20D1	c8
3.81479878074885e-08	0.268221349930507	0.408	0.316	0.00128535830118552	TMEM165	c8
3.82278752386957e-08	0.61191218382492	0.108	0.065	0.00128805002829261	NCALD	c8
3.82615363939179e-08	0.117809348885299	0.335	0.243	0.00128918420725667	TOX	c8
3.89263146178363e-08	0.440676959323858	0.186	0.126	0.00131158324473338	RAE1	c8
3.90657627436191e-08	0.62547121744352	0.12	0.074	0.0013162818098835	GPN2	c8
3.90804791602894e-08	0.279157951293473	0.319	0.235	0.00131677766482679	TMEM208	c8
3.92588406658892e-08	1.00740134822111	0.054	0.026	0.00132278737739647	CEP57L1	c8
3.93269394497727e-08	0.425110574399798	0.222	0.158	0.00132508189782064	NIT2	c8
3.98468177475678e-08	0.504757527577947	0.131	0.082	0.00134259867718655	SCAMP4	c8
3.99079785221363e-08	0.867441510442327	0.058	0.029	0.00134465942832486	GSTZ1	c8
4.00036611591362e-08	0.480839905803099	0.174	0.118	0.00134788335909594	RQCD1	c8
4.00561228107257e-08	0.497838575210212	0.144	0.093	0.00134965100198459	MTG2	c8
4.02964629801544e-08	0.564016136707187	0.119	0.074	0.00135774902365332	RABGAP1	c8
4.0380330890489e-08	0.361375250247367	0.236	0.167	0.00136057486902414	MED29	c8
4.13418552918729e-08	0.635603425504626	0.096	0.056	0.00139297247220437	UBAC1	c8
4.15818406627863e-08	0.517234110639541	0.135	0.086	0.00140105853929192	DNAJC30	c8
4.15999009425023e-08	1.84060092171905	0.011	0.002	0.00140166706235667	RP13-297E16.4	c8
4.17574985870174e-08	0.562584008443507	0.118	0.072	0.00140697715739096	HSCB	c8
4.22520917038423e-08	0.357089574040907	0.191	0.13	0.00142364197786926	CYB5R4	c8
4.25837733937955e-08	0.200145593122914	0.827	0.741	0.00143481766073054	PSME2	c8
4.2602719012687e-08	0.382960614256307	0.222	0.155	0.00143545601441348	SPG11	c8
4.28408275399693e-08	0.835852625808173	0.077	0.042	0.00144347884313173	PIGN	c8
4.29974656099925e-08	1.17112380621955	0.041	0.018	0.00144875660626309	PLEKHN1	c8
4.3661910826978e-08	0.301095801789982	0.453	0.355	0.0014711444234042	SMAP2	c8
4.43873099790276e-08	0.646757367268783	0.102	0.061	0.00149558602243336	RAB2B	c8
4.45214744436763e-08	1.06698282983674	0.036	0.015	0.00150010655990523	ACSS2	c8
4.4684404292711e-08	0.479759058265696	0.187	0.129	0.00150559631823861	NUP62	c8
4.50220731099046e-08	1.43586425624982	0.022	0.007	0.00151697373136513	NCF2	c8
4.56429190707182e-08	0.514794059257623	0.171	0.116	0.00153789251516878	WDR45B	c8
4.56663697939265e-08	0.892818213043323	0.055	0.027	0.00153868266383656	PPP1R3B	c8
4.58471252689086e-08	1.09041085554662	0.032	0.013	0.0015447730388106	CTD-2007H13.3	c8
4.59197497989243e-08	0.319345031677749	0.344	0.26	0.00154722004972495	IDI1	c8
4.594473122122e-08	0.504766775904387	0.13	0.082	0.00154806177376779	NDUFAF7	c8
4.61366691463591e-08	0.445261973728837	0.175	0.118	0.00155452893021742	DCAF13	c8
4.63028072025698e-08	0.492126907318351	0.123	0.076	0.00156012678588339	DGCR14	c8
4.65883580532241e-08	1.03066743011904	0.053	0.026	0.00156974813624533	AZIN1-AS1	c8
4.65903295533355e-08	0.289543541874599	0.37	0.283	0.00156981456397009	MYO1G	c8
4.68331591872694e-08	0.540947067242708	0.114	0.069	0.00157799646565585	PHF8	c8
4.69273562213056e-08	0.468066010619849	0.114	0.069	0.00158117034052067	RNF8	c8
4.69372579034262e-08	0.842712963160041	0.093	0.054	0.00158150396779804	TRAV16	c8
4.77054871972026e-08	0.249169285958758	0.428	0.331	0.00160738868562254	PIAS1	c8
4.78343080667111e-08	0.360415539507124	0.212	0.148	0.00161172917599976	GLT8D1	c8
4.83722729725172e-08	0.24258711525247	0.424	0.325	0.00162985536553599	ADH5	c8
4.89011627251018e-08	0.456484052738076	0.165	0.109	0.00164767577685958	ATXN2	c8
4.91955214022952e-08	0.383983054578769	0.2	0.136	0.00165759389812893	ANKRA2	c8
4.92860813487966e-08	1.1349145656894	0.042	0.019	0.00166064522496635	KANK3	c8
4.94805019998551e-08	0.604015798016861	0.091	0.052	0.00166719603438312	CHP1	c8
4.96398620295012e-08	0.442520395474778	0.149	0.097	0.00167256551122201	MCUR1	c8
4.97790320819455e-08	0.972629799417537	0.04	0.017	0.00167725470696907	IFT122	c8
5.00577886627878e-08	1.24539562125549	0.036	0.015	0.00168664713120397	CA11	c8
5.05390680637894e-08	0.375806973310945	0.231	0.163	0.00170286335934132	DLST	c8
5.05671111749374e-08	0.281241497196021	0.344	0.258	0.00170380824392834	RRP7A	c8
5.06765257960684e-08	0.514967118727176	0.112	0.068	0.00170749486017273	ALAD	c8
5.07105583794837e-08	0.273235279759085	0.353	0.265	0.00170864155403832	UBE2V2	c8
5.07863845920287e-08	0.494738312536808	0.168	0.112	0.00171119644244382	POLG	c8
5.09779775113785e-08	0.287405446953702	0.359	0.274	0.00171765197426839	HNRNPD	c8
5.12714115662348e-08	0.701206602169723	0.094	0.055	0.00172753894131272	NFS1	c8
5.15905492358795e-08	0.25023086111795	0.429	0.332	0.00173829196595372	FNTA	c8
5.17568026209977e-08	0.171450714648774	0.772	0.696	0.0017438937075119	RGS10	c8
5.19978660679316e-08	0.393671717932682	0.12	0.074	0.00175201609929289	SLC8B1	c8
5.21134406978435e-08	0.568014191502594	0.116	0.071	0.00175591027087314	MFSD14B	c8
5.24714386949673e-08	0.474108228659543	0.164	0.109	0.00176797265538823	SPTLC1	c8
5.30464360263989e-08	0.589422704866187	0.098	0.057	0.00178734661547348	CCDC126	c8
5.38627991808942e-08	0.893467301405527	0.037	0.016	0.00181485315560105	RP4-800J21.3	c8
5.409583717436e-08	0.515197336602788	0.142	0.092	0.00182270513775289	AP2A2	c8
5.47441398671627e-08	0.297294134621913	0.351	0.266	0.00184454904868418	SUCLG1	c8
5.48880737602963e-08	0.357586695183182	0.196	0.135	0.00184939875727942	CHFR	c8
5.49726700079648e-08	0.52407875412112	0.148	0.097	0.00185224914324837	DDX41	c8
5.5302012036909e-08	0.522120137717985	0.144	0.093	0.00186334599357161	MRI1	c8
5.58014903205025e-08	0.558979989218535	0.107	0.064	0.00188017541485901	APOL1	c8
5.60703383578047e-08	0.447329790346777	0.157	0.103	0.00188923398062787	SP4	c8
5.65109666629988e-08	0.968102272433778	0.031	0.012	0.00190408051074308	RP1-178F15.4	c8
5.67054078980463e-08	0.485021295002393	0.135	0.086	0.00191063201371677	RPS6KB1	c8
5.67341620528152e-08	0.260691841746326	0.444	0.346	0.00191160085620756	DNAJC1	c8
5.70612645703981e-08	0.368668299190471	0.3	0.224	0.00192262224843499	GPBP1L1	c8
5.71210024742627e-08	0.476949131995394	0.149	0.097	0.00192463505736781	EDRF1	c8
5.76126210985921e-08	0.882718322642043	0.056	0.028	0.00194119965529596	WEE1	c8
5.77854384562527e-08	0.40913185591277	0.176	0.118	0.00194702256334498	RNF14	c8
5.792416103496e-08	0.441584393413566	0.147	0.095	0.00195169668191194	CARD8-AS1	c8
5.79306943783176e-08	0.308954424915044	0.271	0.195	0.00195191681638303	PSMD3	c8
5.84886109573952e-08	0.196621992935345	0.531	0.421	0.00197071525759847	ROCK1	c8
5.85864491524825e-08	0.335117009038461	0.179	0.119	0.00197401181774375	ZNF414	c8
5.93901551070993e-08	0.521975617302991	0.123	0.077	0.0020010918861786	CNOT11	c8
6.00745161750443e-08	0.395179605254503	0.211	0.147	0.00202415074800194	STX12	c8
6.07813400186702e-08	0.370862098491544	0.251	0.18	0.00204796647058907	CWC25	c8
6.09334196674114e-08	0.580255050516348	0.11	0.067	0.00205309064227376	ARMC6	c8
6.15790125583208e-08	0.493532629681237	0.175	0.119	0.00207484324914006	FAM207A	c8
6.16499420027701e-08	0.783874634377029	0.054	0.026	0.00207723314584133	C11orf80	c8
6.23623025100617e-08	0.420197461864527	0.187	0.127	0.00210123542077402	PARN	c8
6.3298440405791e-08	0.233680959245305	0.367	0.275	0.00213277765103272	COMMD1	c8
6.39395310235123e-08	0.347181145044625	0.278	0.202	0.00215437855830622	HSPA4	c8
6.41541349200172e-08	0.304260061769958	0.371	0.284	0.00216160942199506	GLOD4	c8
6.44288270638792e-08	0.250076104697925	0.444	0.344	0.00217086489909035	LSM3	c8
6.50121221740955e-08	0.372247108100969	0.236	0.168	0.00219051844453397	GPCPD1	c8
6.50592767581438e-08	0.988434561518235	0.054	0.027	0.0021921072710889	C16orf52	c8
6.52210072513008e-08	0.282162044631326	0.364	0.276	0.00219755661832533	MPLKIP	c8
6.60364203580038e-08	0.420694643224954	0.114	0.069	0.00222503114754258	GXYLT1	c8
6.61737682159248e-08	0.514699098436477	0.174	0.119	0.00222965894626737	HDAC10	c8
6.62101344274045e-08	1.22405257032946	0.028	0.011	0.00223088426939697	ZNF610	c8
6.67032970349973e-08	0.347126271895056	0.222	0.156	0.0022475008902972	OXCT1	c8
6.69548567890491e-08	0.315843963669246	0.369	0.283	0.00225597694465022	SPCS3	c8
6.73003638590311e-08	0.59095462183147	0.092	0.053	0.00226761845986619	TYW5	c8
6.734080404141e-08	0.185501580276888	0.751	0.645	0.00226898105137127	CDC37	c8
6.73493994666489e-08	1.21238967004682	0.031	0.012	0.00226927066562927	ZNF223	c8
6.73497641775961e-08	0.575316838511059	0.106	0.064	0.00226928295419992	ASL	c8
6.95136264255245e-08	0.338196650827461	0.284	0.209	0.00234219212878162	DIDO1	c8
6.98007851161684e-08	0.324312787935554	0.357	0.276	0.00235186765370418	RELB	c8
7.05254307913105e-08	0.251016663366267	0.436	0.342	0.00237628386508241	SSR1	c8
7.05347864264216e-08	0.27071866011864	0.469	0.373	0.00237659909385185	PUF60	c8
7.13075404493541e-08	0.569099928195965	0.115	0.071	0.00240263626790054	AHCYL1	c8
7.13740227685752e-08	0.555752139870987	0.149	0.099	0.00240487632316437	ORC3	c8
7.14566450263811e-08	0.855512778229886	0.055	0.027	0.00240766019751888	C20orf194	c8
7.18241442398756e-08	0.283506938309406	0.271	0.195	0.00242004271601837	ANAPC13	c8
7.23440110073993e-08	0.238978200194364	0.459	0.357	0.00243755910688331	ATP6AP2	c8
7.29883528382437e-08	0.565001610810411	0.103	0.062	0.00245926956053178	ZNF346	c8
7.40133379257107e-08	0.259772513394319	0.284	0.21	0.00249380540806889	PLSCR1	c8
7.46314005699912e-08	0.505517886996062	0.124	0.078	0.00251463041080528	RNF121	c8
7.47454689809476e-08	1.3028399780808	0.026	0.009	0.00251847383184405	LOXL1	c8
7.48211283513942e-08	0.297618007510942	0.255	0.184	0.00252102309867188	USP22	c8
7.49914254581775e-08	0.268757749319129	0.428	0.337	0.00252676108938783	TEX264	c8
7.59031130975094e-08	1.9683103394295	0.019	0.006	0.00255747949270748	KLF4	c8
7.61808242306481e-08	0.311234362748741	0.232	0.165	0.00256683669162746	SCAF4	c8
7.63565075946183e-08	0.514456537556504	0.184	0.127	0.00257275616689307	UQCC3	c8
7.66947759790606e-08	0.45135009819379	0.116	0.071	0.00258415378183847	HPS5	c8
7.71304219435204e-08	0.266034633391604	0.397	0.304	0.00259883243696498	NEMF	c8
7.73569077118098e-08	0.472717741994004	0.149	0.097	0.00260646364844172	ZFPL1	c8
7.74658149968288e-08	0.188922926668532	0.415	0.319	0.00261013317050315	MMP24-AS1	c8
7.78904903412904e-08	0.278424744949075	0.378	0.289	0.00262444218155944	MAGED2	c8
7.83848727320019e-08	0.190635059782477	0.724	0.623	0.00264109990183207	MRPS21	c8
7.84475762533162e-08	2.63419300885581	0.01	0.002	0.00264321263427924	ALG1L	c8
7.86101312507462e-08	0.407715474726925	0.22	0.156	0.00264868976236264	ALG3	c8
7.88772191211209e-08	1.00592868832364	0.044	0.02	0.00265768902106705	RP13-188A5.1	c8
7.90860406507236e-08	0.28577844828086	0.244	0.174	0.00266472505368548	ARFGAP3	c8
7.90959096365561e-08	0.396049697272429	0.16	0.106	0.00266505757929412	ENTPD4	c8
8.01398769944032e-08	0.447660527989605	0.141	0.091	0.00270023301544942	DPH7	c8
8.03338193456128e-08	0.354311888208563	0.271	0.198	0.00270676770903108	C14orf1	c8
8.07149956498162e-08	0.338878989373922	0.245	0.175	0.00271961106342491	HIST1H1C	c8
8.17919314109667e-08	0.712048952543767	0.129	0.084	0.00275589733696111	RRS1	c8
8.24705287891322e-08	0.396292402570998	0.166	0.111	0.00277876199702102	TWF1	c8
8.31349931344212e-08	0.488589746613501	0.129	0.081	0.00280115045867119	BTBD10	c8
8.34656000391869e-08	0.511076509409726	0.122	0.076	0.00281228992772036	BIN3	c8
8.3658873069099e-08	0.470244276097372	0.125	0.078	0.00281880206919022	PTPN9	c8
8.38373074337943e-08	0.384568677136984	0.187	0.128	0.00282481423667426	TANGO2	c8
8.38388732806149e-08	1.73710450702189	0.022	0.007	0.00282486699631704	AC011893.3	c8
8.40213364679355e-08	1.4387170736796	0.017	0.005	0.00283101491095062	RP11-475E11.9	c8
8.40234877183186e-08	0.45769818375592	0.162	0.108	0.00283108739518103	RNF41	c8
8.46805163280396e-08	0.549197739955785	0.108	0.065	0.00285322531715697	TMEM62	c8
8.47831969373911e-08	0.945085857875637	0.115	0.071	0.00285668503760846	TRAV8-6	c8
8.50597150331621e-08	0.470425949175217	0.139	0.089	0.00286600203832736	ALOX12-AS1	c8
8.61821005776066e-08	0.214457573121842	0.427	0.329	0.00290381969686188	CGGBP1	c8
8.63660758338107e-08	0.362571025878878	0.221	0.155	0.00291001855914442	LSM12	c8
8.63681470588123e-08	0.550233178793682	0.123	0.077	0.00291008834699962	THOC5	c8
8.65861757697927e-08	0.375204308924538	0.166	0.111	0.0029174346063874	STYX	c8
8.68421066107463e-08	0.876870321111655	0.056	0.028	0.00292605794014248	MARS2	c8
8.7911930186097e-08	0.261600357343667	0.469	0.378	0.00296210457569035	PIM1	c8
8.7997903021198e-08	0.432727610195816	0.113	0.069	0.00296500134439625	DYRK1B	c8
8.82920031885514e-08	0.689461375557776	0.071	0.038	0.00297491075543505	SLC25A42	c8
8.89744773730192e-08	0.961478257280871	0.043	0.019	0.00299790604060651	LRP5L	c8
8.90709478163984e-08	0.400612913125366	0.214	0.152	0.00300115651572573	SUDS3	c8
8.90844748296094e-08	1.21450740827552	0.028	0.011	0.00300161229490886	GSN	c8
8.97177164856672e-08	0.405362070678144	0.163	0.108	0.00302294873926807	SLC25A20	c8
9.14134384543034e-08	1.53328491679961	0.026	0.01	0.0030800843952793	PNMA5	c8
9.20545912866829e-08	0.260347205829906	0.308	0.23	0.00310168739881349	CNTRL	c8
9.36736804974682e-08	0.309919825392997	0.203	0.14	0.00315624099068169	ABHD3	c8
9.37394085199713e-08	0.34543545979069	0.196	0.135	0.00315845563067191	SMARCD1	c8
9.4631261451148e-08	0.252927128788246	0.462	0.372	0.00318850572333498	DGKA	c8
9.50706932798599e-08	0.426731288912713	0.127	0.08	0.0032033119393716	C1RL	c8
9.52075063591418e-08	0.538859482134622	0.104	0.063	0.00320792171926492	DNASE1	c8
9.56982106148201e-08	0.65613586385122	0.066	0.035	0.00322445550845575	DNASE1L1	c8
9.63599508698213e-08	0.529657857790759	0.141	0.092	0.00324675218460776	RPL39L	c8
9.63731776252255e-08	0.339916213965148	0.184	0.125	0.00324719784690435	ATG101	c8
9.75073922237199e-08	0.687595436383542	0.077	0.043	0.00328541407358602	OTUD7B	c8
9.95615043958739e-08	0.485709493254293	0.144	0.094	0.00335462532911458	DPH1	c8
1.01293521124626e-07	0.454960617842728	0.136	0.087	0.00341298390077314	DDX52	c8
1.01751063463014e-07	0.592660335731751	0.097	0.057	0.0034284003323228	ENTHD2	c8
1.01980479158334e-07	0.222278680133451	0.566	0.461	0.0034361302647609	ATRAID	c8
1.01998730517458e-07	0.40140701282301	0.274	0.203	0.00343674522605524	UBN1	c8
1.02023772763696e-07	0.303913644065237	0.273	0.197	0.00343758899949997	MALSU1	c8
1.02636542263269e-07	0.543117174436834	0.112	0.069	0.00345823565501859	BRCC3	c8
1.06583826991533e-07	1.41016231684554	0.023	0.008	0.00359123546665271	PCAT6	c8
1.07280986026992e-07	0.959098100307467	0.039	0.017	0.00361472554319346	FLVCR1	c8
1.07609308113598e-07	0.227023677122599	0.57	0.465	0.00362578802757959	SF3A2	c8
1.09277879921715e-07	0.544034936295221	0.1	0.06	0.00368200888608227	RP5-1091N2.9	c8
1.09317346095424e-07	0.311792235630404	0.217	0.152	0.0036833386593392	ATF1	c8
1.10271601633187e-07	0.708192210728565	0.069	0.037	0.00371549134542859	ECI1	c8
1.10872821425884e-07	0.49852905643667	0.18	0.123	0.00373574884512373	CISD1	c8
1.13207620379715e-07	0.602016488192468	0.125	0.08	0.00381441756107413	COX10	c8
1.13782931159523e-07	0.73498376456925	0.108	0.066	0.00383380208248896	NUP85	c8
1.14846872239699e-07	0.515969607326426	0.129	0.082	0.00386965051324443	ZMIZ2	c8
1.15250720726552e-07	0.250052486125735	0.297	0.217	0.00388325778416044	AASDHPPT	c8
1.15386196582947e-07	0.372517361718009	0.315	0.239	0.00388782250766582	POLR2A	c8
1.15917264546088e-07	0.563649305150719	0.094	0.055	0.00390571631161588	RAB4B	c8
1.16183774881958e-07	0.31602598966703	0.263	0.193	0.00391469611087269	SLC7A6	c8
1.17224579707058e-07	0.576546768800779	0.127	0.081	0.0039497649886496	FAM114A2	c8
1.17524346012067e-07	0.312741182397354	0.295	0.22	0.00395986531453059	NFATC2IP	c8
1.18320041601667e-07	0.573018229744007	0.133	0.086	0.00398667548172656	VAT1	c8
1.1859030692169e-07	0.362368256940245	0.221	0.155	0.00399578180141943	RAB35	c8
1.19169703807509e-07	1.26548298692171	0.031	0.012	0.0040153040000902	ANKDD1A	c8
1.20121816547635e-07	0.604755043048732	0.103	0.062	0.00404738448675602	ZNF576	c8
1.20204734879028e-07	0.521186828798162	0.109	0.067	0.00405017833701396	UBE2Q1	c8
1.20548773602716e-07	0.665089658182905	0.078	0.044	0.00406177037776993	MIB1	c8
1.23095761630353e-07	0.939702283267266	0.06	0.031	0.00414758859237312	FANCG	c8
1.23484197812394e-07	0.221420199319348	0.466	0.365	0.00416067656109079	MOB1A	c8
1.24320939408074e-07	0.100481951154226	0.984	0.968	0.00418886973241565	PPIA	c8
1.24394858551282e-07	0.542460366777344	0.141	0.093	0.00419136036402691	MKRN2	c8
1.24907494627691e-07	0.249239021301325	0.397	0.305	0.00420863312398542	TOX4	c8
1.25381743628132e-07	0.460817678572073	0.112	0.069	0.00422461246980628	ZFYVE21	c8
1.25698180573025e-07	1.67892516161635	0.016	0.005	0.00423527449622752	PLXNB2	c8
1.26789199282125e-07	0.225022138323095	0.541	0.44	0.00427203528061192	LINC00493	c8
1.27643844059537e-07	0.400620819748921	0.146	0.095	0.00430083168174205	CEP164	c8
1.28081347673275e-07	0.630769185459126	0.108	0.067	0.00431557292850332	JAK2	c8
1.30922530000908e-07	0.320054798267783	0.242	0.175	0.0044113037258506	ARL8B	c8
1.31303176097397e-07	1.16147003404543	0.025	0.009	0.00442412921542571	MDGA1	c8
1.31771886994934e-07	0.476879161409003	0.174	0.119	0.00443992196040732	CINP	c8
1.33011969535262e-07	0.784040695517355	0.065	0.034	0.00448170530152112	RP11-449H3.3	c8
1.33246267073508e-07	0.162282738272616	0.885	0.83	0.00448959972277477	COX6B1	c8
1.34080858064478e-07	0.427854431456207	0.191	0.132	0.00451772043162453	FEZ2	c8
1.34226182707951e-07	0.371054688732175	0.211	0.149	0.00452261700016169	AGA	c8
1.35288724113731e-07	0.245770186361048	0.419	0.327	0.00455841827028805	SH3BP1	c8
1.35373718175416e-07	0.451443825952849	0.149	0.099	0.00456128206020246	CALU	c8
1.36744465194135e-07	0.261659191089389	0.408	0.322	0.00460746801025117	MGEA5	c8
1.36840978735922e-07	0.193958469923148	0.484	0.384	0.00461071993752817	AKAP9	c8
1.37520764842023e-07	0.640612812665644	0.072	0.039	0.00463362465058714	ZNF273	c8
1.387128913215e-07	0.440938523566395	0.186	0.129	0.00467379216018662	SOAT1	c8
1.39135235531007e-07	0.380394231216539	0.253	0.186	0.00468802262598176	RAF1	c8
1.39657231864895e-07	1.98209597546102	0.015	0.004	0.00470561077045577	CH507-24F1.2	c8
1.42154125218841e-07	0.229577130416272	0.425	0.333	0.00478974109512361	CCDC88C	c8
1.43127540697812e-07	0.220590009364025	0.461	0.359	0.00482253935627208	COPS6	c8
1.44030932656558e-07	0.354142001010222	0.194	0.134	0.00485297824493006	CTAGE5	c8
1.44522570439756e-07	0.86285949791684	0.048	0.023	0.00486954348839713	NUP50-AS1	c8
1.45279818448796e-07	0.213593685722664	0.457	0.363	0.00489505820281372	PHYKPL	c8
1.45340932402882e-07	0.467983299115645	0.126	0.08	0.00489711737638272	PRKCI	c8
1.45670991841167e-07	0.798765445122559	0.056	0.028	0.00490823839909629	AFAP1L2	c8
1.45901767954506e-07	1.50045806698216	0.02	0.007	0.00491601416945914	PLPPR2	c8
1.46867920099813e-07	0.21368686616562	0.459	0.357	0.0049485676998431	BCLAF1	c8
1.48806140174747e-07	0.584860833616925	0.106	0.065	0.00501387408704793	SHQ1	c8
1.51416230862503e-07	0.423488424707477	0.135	0.087	0.00510181848268119	FRMD8	c8
1.51529614177085e-07	0.42363372628645	0.137	0.088	0.0051056388200827	GOLGA5	c8
1.5183429089194e-07	0.295336686993313	0.293	0.216	0.00511590459731303	FBXL5	c8
1.53006233050607e-07	0.507967787095459	0.106	0.064	0.00515539201640715	STRADA	c8
1.53085255832459e-07	0.386783405311125	0.182	0.126	0.00515805461001889	POM121C	c8
1.56141054438236e-07	0.494501699463321	0.161	0.11	0.00526101668824193	FUT8	c8
1.563792091559e-07	0.210718020533725	0.617	0.521	0.0052690410732989	RNPS1	c8
1.57261657019527e-07	0.409884321400076	0.207	0.146	0.00529877427161593	ZCCHC6	c8
1.57465899852285e-07	0.317480239338282	0.297	0.221	0.00530565602962289	CSRP1	c8
1.57723108592415e-07	0.429991993377171	0.126	0.08	0.00531432242091283	ACBD5	c8
1.58311315424878e-07	0.746506667712748	0.057	0.029	0.00533414146192583	SH3BP5L	c8
1.61053577710652e-07	0.752093377326541	0.074	0.041	0.00542653924738269	NXT2	c8
1.64284524357419e-07	0.365769079423444	0.222	0.158	0.00553540276369888	ACADM	c8
1.66878681029338e-07	0.6364493520287	0.093	0.055	0.00562281027860251	RMND1	c8
1.67696150849308e-07	0.34249569571527	0.218	0.154	0.00565035410671659	RNPC3	c8
1.69975984127578e-07	1.63288422622446	0.015	0.004	0.00572717080919461	LINC00880	c8
1.70625842878819e-07	0.46375722973049	0.166	0.113	0.00574906714995894	BABAM1	c8
1.70679622027882e-07	0.241975394547762	0.456	0.361	0.00575087918460746	CYFIP2	c8
1.71118864580782e-07	1.02123234963452	0.043	0.02	0.00576567902318487	HYLS1	c8
1.72690689968875e-07	0.523752499633741	0.118	0.074	0.00581864010781128	DAPK3	c8
1.72997825325023e-07	0.576257514180078	0.103	0.063	0.00582898872650131	TMEM39B	c8
1.73043440272356e-07	0.264741065812757	0.348	0.263	0.00583052567653677	SPG21	c8
1.74254019975377e-07	0.387166653137809	0.19	0.131	0.00587131494905036	DNAJC17	c8
1.74975172087891e-07	0.971958007969322	0.05	0.025	0.00589561344832939	CKMT2-AS1	c8
1.7833532721386e-07	0.359652242271548	0.263	0.193	0.00600883051514381	STIP1	c8
1.81615405980246e-07	0.182522524720426	0.792	0.691	0.0061193494890984	ARL6IP4	c8
1.85048885119017e-07	0.606865534607227	0.074	0.041	0.00623503713520015	AC025171.1	c8
1.85123122797634e-07	0.277411337997194	0.372	0.285	0.00623753849954347	VPS4B	c8
1.85658384011511e-07	0.272859639136362	0.335	0.255	0.00625557359088385	RNF4	c8
1.85784752717923e-07	0.263012319316964	0.36	0.272	0.00625983145807771	RPAIN	c8
1.86192020226978e-07	1.64227714024903	0.018	0.006	0.00627355392952781	CTD-2165H16.4	c8
1.89150257567065e-07	1.43798273041983	0.023	0.008	0.0063732287784647	CTA-293F17.1	c8
1.90244316951059e-07	0.472594072173096	0.147	0.097	0.00641009201534897	SETDB2	c8
1.90379587271867e-07	0.392732836140916	0.211	0.149	0.00641464981353829	TMEM87B	c8
1.90507654271996e-07	0.456099837191409	0.134	0.086	0.00641896490304062	NANS	c8
1.92442728918729e-07	2.25995849408413	0.011	0.002	0.00648416530818767	ZACN	c8
1.93114073618245e-07	0.558406195551439	0.097	0.058	0.00650678559649316	USP19	c8
1.96305022272942e-07	0.258171761612979	0.347	0.261	0.00661430142046452	AHSA1	c8
1.97898277286321e-07	1.22811593268592	0.028	0.011	0.00666798455488528	P2RY14	c8
1.98472395942442e-07	0.877327430891702	0.048	0.023	0.00668732890888464	LINC00265	c8
1.99118070394589e-07	0.274052839984283	0.263	0.192	0.00670908426387529	SOD2	c8
2.01070268209751e-07	0.444370549997283	0.148	0.098	0.00677486161705937	KIAA0100	c8
2.01209371617225e-07	0.272490760168524	0.497	0.401	0.00677954856727076	VPS29	c8
2.02975241042559e-07	0.541906676342164	0.144	0.095	0.00683904777168798	PGP	c8
2.04599017878218e-07	0.295710446783703	0.254	0.185	0.00689375930838869	PPP1R16B	c8
2.0546349689977e-07	0.532640663938911	0.119	0.076	0.00692288706454085	OGFOD2	c8
2.05919695022641e-07	0.339689793615329	0.219	0.155	0.00693825820409288	RAD50	c8
2.07703072793407e-07	0.35644316405956	0.234	0.168	0.00699834733470106	EXOSC3	c8
2.09170486062951e-07	0.332232255724081	0.361	0.282	0.00704779035740507	LENG8	c8
2.11491157056111e-07	0.454458801462689	0.114	0.071	0.00712598304584859	ATF7	c8
2.11891293486613e-07	0.641358434216571	0.059	0.031	0.00713946524273795	CNNM2	c8
2.12139627441394e-07	0.339910493640795	0.235	0.169	0.00714783260701032	DNAJB2	c8
2.12529348042069e-07	0.274314370888923	0.367	0.282	0.00716096385292948	C1D	c8
2.12894778829587e-07	0.535781867050723	0.091	0.054	0.00717327667788409	ACBD4	c8
2.13080609198748e-07	0.77888441013839	0.07	0.039	0.00717953804634262	WDR35	c8
2.1414105187677e-07	0.330269083127364	0.196	0.136	0.00721526860193589	TRAPPC12	c8
2.14223856019205e-07	0.163132483419846	0.822	0.742	0.00721805860471108	EIF3H	c8
2.16873490325714e-07	0.535680059064866	0.114	0.072	0.0073073353830346	HIVEP3	c8
2.2035666896136e-07	0.405355889181389	0.168	0.114	0.00742469760398405	MAN2B2	c8
2.24643328017651e-07	0.291222313922002	0.385	0.296	0.00756913229422675	DDX39A	c8
2.26421752438679e-07	0.780632542280753	0.072	0.04	0.00762905452666884	FAM173B	c8
2.28320432159467e-07	0.379194250907664	0.227	0.164	0.00769302864118108	USB1	c8
2.2842457095197e-07	0.303203909042002	0.233	0.168	0.00769653749365568	LPP	c8
2.28724865030063e-07	0.29708213278832	0.282	0.208	0.00770665560232294	NPEPPS	c8
2.3121747649379e-07	0.214093560654186	0.603	0.497	0.00779064165298177	THRAP3	c8
2.31793344653408e-07	0.251799870466371	0.328	0.247	0.00781004495475193	COPB1	c8
2.33475668908318e-07	0.863845475233129	0.059	0.031	0.00786672918819688	FUZ	c8
2.35306610958705e-07	0.297750848393634	0.251	0.182	0.00792842094964261	PPP2R5E	c8
2.35496723478282e-07	0.465096319717776	0.161	0.109	0.00793482660087723	WDR48	c8
2.40826373407318e-07	0.523308994584718	0.101	0.062	0.00811440382558618	TNIP3	c8
2.4522276447334e-07	0.376094167850231	0.202	0.143	0.00826253582616471	AGFG2	c8
2.45381049470655e-07	0.390768726050125	0.254	0.188	0.00826786908086426	ADD1	c8
2.49930369647906e-07	0.383547557443287	0.22	0.157	0.00842115387491653	GTF2F2	c8
2.51843769872359e-07	0.34598789433824	0.28	0.21	0.00848562398207926	APEH	c8
2.54329745042005e-07	0.683411655082309	0.086	0.05	0.00856938642944531	SPAST	c8
2.57832148892836e-07	0.371771154812055	0.138	0.089	0.00868739642479521	MED23	c8
2.5962304859818e-07	0.574925752050932	0.111	0.07	0.00874773899946706	TRIM41	c8
2.60698368871511e-07	0.371196028345454	0.222	0.16	0.00878397084075669	MARS	c8
2.61114220359957e-07	0.474288650555265	0.114	0.071	0.0087979825408084	RP4-728D4.2	c8
2.63001485520924e-07	0.34422441593154	0.24	0.174	0.00886157205314202	NUP50	c8
2.64035943710945e-07	0.58037409488775	0.096	0.057	0.00889642708739658	CARKD	c8
2.64084006633907e-07	0.263145301178643	0.346	0.267	0.00889804651952287	PTDSS1	c8
2.65453315463683e-07	0.408184799555526	0.301	0.23	0.00894418401123334	NMI	c8
2.65905422444906e-07	0.559307845072173	0.088	0.052	0.00895941730385867	TBCE	c8
2.6928168179364e-07	0.414779662425133	0.187	0.13	0.00907317698635491	TNPO3	c8
2.6966638044691e-07	1.0229987987187	0.032	0.013	0.00908613902277818	FITM2	c8
2.71862159943931e-07	0.446338871094775	0.148	0.098	0.00916012361715081	APEX2	c8
2.72682925732635e-07	0.294390938011333	0.204	0.143	0.00918777849963541	MFSD1	c8
2.77178111532521e-07	0.249841062846513	0.345	0.262	0.00933923928997677	APOA1BP	c8
2.7781635820389e-07	0.281580934934925	0.397	0.308	0.00936074437332187	MIER1	c8
2.78912603548173e-07	0.801131121839608	0.064	0.034	0.00939768126395213	RP11-493L12.4	c8
2.8246027768399e-07	0.551176880782432	0.087	0.051	0.00951721659628437	BPNT1	c8
2.83811797940278e-07	0.387943801478463	0.189	0.131	0.00956275471979973	UBALD2	c8
2.8566927675961e-07	0.331256103597496	0.2	0.139	0.0096253406111383	FBXL3	c8
2.88303207613363e-07	0.302802011128154	0.274	0.203	0.00971408827732467	ENOPH1	c8
2.88752221529629e-07	0.238140630075805	0.463	0.369	0.00972921735221933	SF3A1	c8
2.92137369883703e-07	0.283716989686581	0.293	0.218	0.00984327654086147	SIRT7	c8
2.94556153669145e-07	0.460263562888149	0.152	0.102	0.00992477504172818	CPSF2	c8
2.98392770903841e-07	0.855366557515236	0.053	0.027	0.010054046022834	MVK	c8
2.99639080217264e-07	0.43213297945079	0.148	0.098	0.0100960391688405	MRPL35	c8
3.00272784530561e-07	0.277923661245529	0.335	0.254	0.0101173912019727	MRPS16	c8
3.00463887931359e-07	0.475254027101808	0.08	0.046	0.0101238302399592	ZNF71	c8
3.02513198791192e-07	0.408297855381264	0.193	0.137	0.0101928797200704	C17orf49	c8
3.06112356548921e-07	0.590389512439819	0.088	0.052	0.0103141497415593	EXOC8	c8
3.07417601139762e-07	1.60600740863652	0.024	0.009	0.0103581286528031	RP11-126K1.6	c8
3.08099453446562e-07	0.226243168931517	0.602	0.505	0.0103811029844284	RHOF	c8
3.08117830780706e-07	1.84041098206241	0.016	0.005	0.0103817221903251	ASMT	c8
3.08741848395564e-07	0.292265488703344	0.315	0.238	0.0104027478398401	WBP11	c8
3.09370067603121e-07	0.245266342439639	0.329	0.247	0.0104239150578195	STOML2	c8
3.10827997225239e-07	0.493041799081231	0.131	0.086	0.0104730385385072	DOHH	c8
3.15368136536426e-07	0.27786580862998	0.469	0.379	0.0106260139924583	BAZ1A	c8
3.17586636016909e-07	0.661631032637288	0.09	0.054	0.0107007641139537	B9D2	c8
3.22062584420297e-07	0.385274273608693	0.203	0.144	0.0108515767194575	ACLY	c8
3.22846589216845e-07	0.37035966528959	0.193	0.136	0.0108779929770724	RPP30	c8
3.26735687327126e-07	0.573656319321343	0.087	0.051	0.0110090322488002	FAM118B	c8
3.29447403680062e-07	0.366406077948346	0.193	0.135	0.011100400819596	AFF1	c8
3.33965711961516e-07	0.380258397882677	0.166	0.113	0.0112526406988313	KIFAP3	c8
3.346699633498e-07	0.639892643494001	0.111	0.07	0.0112763697451082	TMEM44-AS1	c8
3.34899830263203e-07	0.238692181579738	0.407	0.318	0.0112841148808884	PPM1K	c8
3.35155673728366e-07	0.289356707277308	0.214	0.151	0.0112927352706036	KPNA4	c8
3.35308389294278e-07	0.557622598540311	0.088	0.052	0.0112978808688814	GSR	c8
3.35380160380037e-07	0.73388041695089	0.059	0.031	0.011300299123845	UCK2	c8
3.35893021993407e-07	0.290301726932093	0.258	0.187	0.0113175794830459	GLTP	c8
3.36165396395777e-07	0.21534999088864	0.546	0.45	0.0113267568661593	MYCBP2	c8
3.36348603379642e-07	1.01054799747126	0.047	0.023	0.0113329298422737	STK3	c8
3.37591589299882e-07	0.444021267802194	0.127	0.081	0.0113748110098702	RIOK2	c8
3.41364767404811e-07	0.267150124032531	0.355	0.274	0.0115019444729377	DNAJC7	c8
3.44719804423819e-07	0.731360382415127	0.059	0.031	0.0116149890902562	MCU	c8
3.46010360430301e-07	0.465707448676825	0.081	0.047	0.0116584730843386	APOLD1	c8
3.46509455802083e-07	0.879898187407917	0.046	0.023	0.0116752896037954	TMEM53	c8
3.46929049592532e-07	0.28778811069639	0.365	0.286	0.0116894273969708	BPTF	c8
3.4857631202774e-07	0.430640001987832	0.135	0.088	0.0117449302574627	LRCH1	c8
3.51823410156775e-07	0.338752866428115	0.156	0.104	0.0118543379818224	LEO1	c8
3.51984654214622e-07	0.716896830234663	0.091	0.055	0.0118597709391075	KLHL42	c8
3.55897161091702e-07	1.60215026519733	0.033	0.014	0.0119915989458238	MEOX1	c8
3.56558135597082e-07	0.396422769037088	0.177	0.122	0.0120138698208081	COASY	c8
3.56882942412501e-07	0.385452206258189	0.183	0.127	0.0120248138616468	PSMD10	c8
3.56944066720375e-07	0.476623648990407	0.157	0.107	0.0120268733840763	KAT5	c8
3.61853056932637e-07	0.134324821551142	0.855	0.776	0.0121922769002883	PSMA7	c8
3.6333464550308e-07	0.287371987234241	0.302	0.227	0.0122421975455808	SUPT5H	c8
3.65420993729594e-07	0.282223023993409	0.299	0.224	0.0123124949627249	UBLCP1	c8
3.67340037710054e-07	0.730843475207511	0.07	0.039	0.0123771552306025	SSBP3	c8
3.68229580557275e-07	0.216928582111073	0.449	0.356	0.0124071274872968	PTBP1	c8
3.68576109467927e-07	0.332679413393778	0.223	0.161	0.0124188034324123	RING1	c8
3.69409231024434e-07	0.593474401982584	0.082	0.047	0.0124468746301373	TRIM32	c8
3.740271729248e-07	0.499226659328673	0.141	0.094	0.0126024715645282	CORO2A	c8
3.7746686488585e-07	0.596484888902048	0.121	0.078	0.0127183685454638	TMEM214	c8
3.77512587021597e-07	0.512086912123304	0.135	0.089	0.0127199091071057	DNMT3A	c8
3.80173052807223e-07	1.09920462445966	0.035	0.015	0.0128095508412866	HMGB3	c8
3.81092684644386e-07	0.973113145129938	0.051	0.026	0.0128405369164079	MRPL12	c8
3.85209176114727e-07	0.519918549463059	0.131	0.086	0.0129792379800096	ABHD2	c8
3.86185878847919e-07	1.0159798763983	0.042	0.02	0.0130121470019018	GDAP1	c8
3.88397269878246e-07	0.489489996475734	0.132	0.087	0.0130866576112776	HACD2	c8
3.90701573233931e-07	0.448662714360698	0.187	0.131	0.0131642988085441	KIAA1033	c8
3.91632746354395e-07	0.459662514824713	0.171	0.119	0.013195673755665	MTX1	c8
3.95748336415196e-07	0.748529609427667	0.051	0.026	0.0133343444471736	ABHD4	c8
3.96249464889742e-07	0.805184464533625	0.047	0.023	0.013351229469995	RGPD2	c8
3.97071826084005e-07	0.390007577285901	0.208	0.149	0.0133789381080745	GMDS	c8
3.99299048698956e-07	1.61300714141032	0.026	0.01	0.0134539821468626	EGR3	c8
4.0168208860434e-07	0.379256546508512	0.173	0.119	0.0135342762934346	RNGTT	c8
4.01948586474463e-07	0.236390550630591	0.692	0.601	0.0135432556726705	ELF1	c8
4.0230465413247e-07	1.1372213380845	0.031	0.013	0.0135552530163395	IQCH-AS1	c8
4.03201410827281e-07	0.358931083554451	0.149	0.099	0.0135854683364144	BTBD1	c8
4.04999175751729e-07	0.35646578469371	0.188	0.131	0.0136460422277787	DYNC1LI2	c8
4.06942963434538e-07	0.489600567844109	0.132	0.086	0.0137115362099633	CTB-50L17.10	c8
4.11283761433876e-07	0.52955337122784	0.105	0.065	0.013857795057753	RITA1	c8
4.11338722877e-07	0.61692053629164	0.081	0.047	0.0138596469286177	TCP11L1	c8
4.12986901242733e-07	0.433442994647218	0.145	0.096	0.0139151806504727	PPP2R5D	c8
4.13694386833882e-07	0.42369502005341	0.129	0.083	0.0139390186699808	GOT1	c8
4.16004806476428e-07	0.390251466113308	0.177	0.122	0.0140168659494168	CREB3	c8
4.16474275623411e-07	0.46641040952744	0.098	0.059	0.0140326842428552	ARID3B	c8
4.20675919120178e-07	0.179546764909361	0.739	0.65	0.0141742544188353	LAMTOR4	c8
4.2083006358783e-07	1.86796115136869	0.015	0.005	0.0141794481625283	RP11-480D4.2	c8
4.26050512679858e-07	0.478520697904374	0.132	0.086	0.0143553459742351	FBXO8	c8
4.28046675894795e-07	0.355970924110384	0.176	0.121	0.0144226046975992	TDP2	c8
4.30464677948499e-07	0.188279237093236	0.569	0.455	0.0145040768587967	STUB1	c8
4.30822661458271e-07	0.432477188950386	0.152	0.103	0.014516138755175	BRI3	c8
4.31489156882998e-07	0.450524768248776	0.142	0.095	0.0145385956520157	AP1B1	c8
4.35713420677825e-07	0.371369674255695	0.202	0.143	0.0146809279963186	MRPS27	c8
4.41734968163801e-07	0.605784689374766	0.101	0.062	0.0148838180173111	C10orf76	c8
4.42175914844724e-07	0.797233900243808	0.053	0.027	0.0148986752747781	STK11IP	c8
4.42463175065248e-07	0.371260395938777	0.193	0.136	0.0149083542206485	NCSTN	c8
4.43451482863239e-07	0.701688992406671	0.094	0.057	0.014941654263594	NEMP2	c8
4.47618308087003e-07	0.680180093486618	0.064	0.035	0.0150820512726835	IRAK2	c8
4.48592387096562e-07	0.485536611807639	0.097	0.059	0.0151148718908316	RCOR1	c8
4.48644427505453e-07	0.343597010144	0.181	0.126	0.0151166253403687	SHC1	c8
4.54746813567224e-07	0.48237751427463	0.111	0.07	0.015322239136334	STAU2	c8
4.56804286053572e-07	0.4347301000525	0.137	0.09	0.0153915636142891	PIGG	c8
4.59413181111959e-07	0.376738907219852	0.192	0.135	0.0154794677243863	PLEKHA2	c8
4.60145311296933e-07	0.719890583243077	0.072	0.041	0.0155041361188389	TRIB3	c8
4.60880395139179e-07	2.09187603547746	0.011	0.003	0.0155289040338195	CLDN12	c8
4.61092107655063e-07	0.423151768804294	0.109	0.068	0.0155360374753297	KCMF1	c8
4.65237215954768e-07	0.253798080602887	0.338	0.258	0.0156757027543799	SMIM19	c8
4.72881944079839e-07	0.514044860085377	0.143	0.096	0.0159332842238261	RABL6	c8
4.7630086809914e-07	0.223654323509202	0.539	0.444	0.0160484814497324	DGUOK	c8
4.76539160456929e-07	0.251345312675716	0.355	0.27	0.0160565104724358	SDHB	c8
4.76666889839054e-07	0.585693902196192	0.101	0.063	0.0160608141862371	TARS2	c8
4.83107837496429e-07	0.315918927134454	0.175	0.12	0.0162778354766047	CRTC2	c8
4.8321246282537e-07	0.308303985576007	0.243	0.178	0.016281360722438	EXOC7	c8
4.83254492842715e-07	0.327075528440156	0.305	0.234	0.0162827768818424	BAZ1B	c8
4.89298276183113e-07	0.668983959014649	0.078	0.045	0.0164864161177138	SEC22A	c8
4.92453749025409e-07	0.339462698843678	0.237	0.173	0.0165927366196621	PPIL4	c8
4.95019088394137e-07	0.334588728611881	0.234	0.17	0.016679173164352	ARMC1	c8
4.95566403406389e-07	0.355994100745697	0.198	0.14	0.0166976143963749	EXOSC7	c8
4.96951993803159e-07	1.94010404699026	0.015	0.005	0.0167443004792036	CACNA2D2	c8
5.00991217791847e-07	1.09076093189196	0.026	0.01	0.0168803980922785	SHPK	c8
5.01928439058683e-07	0.177716158056887	0.661	0.552	0.0169119768256433	UQCRQ	c8
5.04411978536912e-07	0.569251713664569	0.09	0.054	0.0169956572048227	ACOX1	c8
5.06505306806487e-07	0.262148224210938	0.316	0.24	0.0170661898075378	RCN2	c8
5.07239844686496e-07	0.497603105201831	0.149	0.101	0.0170909393268668	DCTN6	c8
5.17983075738704e-07	0.488747971801786	0.136	0.09	0.0174529217539399	LEMD3	c8
5.2226638870742e-07	0.261900774346173	0.392	0.31	0.0175972437011078	ANKRD11	c8
5.34210480061222e-07	1.08646895954656	0.077	0.045	0.0179996879151828	TRAV8-3	c8
5.34584893507325e-07	0.29397728360703	0.333	0.257	0.0180123034018358	CHD1	c8
5.35904433621625e-07	0.730943125246642	0.073	0.041	0.018056763986447	NDOR1	c8
5.38364654470323e-07	0.465141025620074	0.134	0.088	0.0181396586677231	ANKRD54	c8
5.52095562963466e-07	0.806333150240675	0.043	0.02	0.018602307898491	PLA2G15	c8
5.54132055940645e-07	0.387597675539375	0.171	0.119	0.0186709254928641	GBF1	c8
5.54755962038923e-07	0.26598128928467	0.263	0.194	0.0186919473849395	MIA3	c8
5.59923934877042e-07	0.423243355970879	0.125	0.08	0.018866077061747	CSTF3	c8
5.60137488929741e-07	1.19776517533689	0.066	0.036	0.0188732725519987	TRAV26-2	c8
5.62631118362972e-07	0.269586732336888	0.374	0.292	0.018957292902122	DDT	c8
5.63688401133733e-07	0.192267020153871	0.48	0.383	0.0189929169878	ILF3	c8
5.66349923494958e-07	0.842617422001844	0.053	0.027	0.0190825943222391	CTD-2260A17.2	c8
5.67747528458066e-07	0.348608144844336	0.194	0.136	0.0191296852238661	TRAPPC6B	c8
5.70513428769197e-07	0.479533170434135	0.134	0.089	0.0192228794689493	CLCN3	c8
5.70796913271744e-07	0.38235421034194	0.197	0.14	0.0192324311957782	STAT5B	c8
5.74777942721865e-07	0.507553970243343	0.128	0.083	0.0193665680020705	CTNNBIP1	c8
5.79506740611523e-07	0.257339194812336	0.283	0.21	0.0195259001181646	MRPL22	c8
5.80454232750402e-07	0.196238479731334	0.274	0.202	0.019557824918292	IL17RA	c8
5.81987977454014e-07	1.8951370554784	0.018	0.006	0.0196095029123356	ZC3H12C	c8
5.83292551586838e-07	0.693422938435874	0.077	0.045	0.0196534592331669	CDK19	c8
5.84798855028241e-07	0.820406423156207	0.033	0.014	0.0197042126213215	L3MBTL1	c8
5.93579162188384e-07	0.923610665351634	0.033	0.014	0.0200000562907754	C19orf54	c8
5.93838567196136e-07	0.433702743255228	0.132	0.087	0.0200087966831066	RNF38	c8
5.9811299766282e-07	0.323294411365165	0.224	0.162	0.0201528193432511	PAF1	c8
5.99178647336543e-07	0.67811496560615	0.067	0.037	0.0201887253433575	SPATA2	c8
6.01939589216319e-07	0.487913884478458	0.132	0.087	0.0202817525190546	PSME4	c8
6.02234751124595e-07	0.450604491851824	0.162	0.111	0.0202916977043921	THAP11	c8
6.20272874868313e-07	1.22163151271416	0.02	0.007	0.020899474245813	GIPR	c8
6.22017493838713e-07	0.284217121732723	0.387	0.3	0.0209582574374016	LUC7L2	c8
6.28394620418378e-07	0.254473344049954	0.337	0.256	0.0211731283403768	BLOC1S4	c8
6.36330408499381e-07	0.279693962843397	0.341	0.258	0.0214405167839781	GTF2F1	c8
6.36436400829248e-07	0.323344798916208	0.311	0.237	0.0214440880895407	CISD3	c8
6.43974669032755e-07	0.352285961755555	0.199	0.141	0.0216980824983897	ELP5	c8
6.61390672817912e-07	0.427803491235246	0.188	0.134	0.0222848973299267	SLC4A1AP	c8
6.65923697530616e-07	0.757039448583488	0.059	0.032	0.0224376330645966	KTI12	c8
6.67961607789734e-07	0.295119915261592	0.213	0.152	0.0225062984128673	VEZF1	c8
6.70136116539835e-07	0.415767104776789	0.138	0.091	0.0225795663106932	TBCK	c8
6.74757724351836e-07	0.275798642442966	0.241	0.176	0.0227352867643107	PITPNB	c8
6.84127330483118e-07	0.215605633599374	0.288	0.215	0.0230509862732982	TACC1	c8
6.85561423241742e-07	0.287997125787418	0.253	0.186	0.0230993065947072	TRIM4	c8
6.92605860223388e-07	0.232942999477818	0.316	0.236	0.0233366618543668	HNRNPAB	c8
6.92659996883216e-07	0.312595140269775	0.253	0.185	0.0233384859349831	TIMMDC1	c8
6.96331268779673e-07	0.781814458008536	0.067	0.038	0.0234621857702623	PHF7	c8
6.98063588168889e-07	0.334835241442675	0.198	0.139	0.0235205545397625	AK6	c8
6.98203369226138e-07	0.867103474032372	0.078	0.046	0.0235252643227055	CCR2	c8
6.9956864969947e-07	0.708550102556307	0.09	0.055	0.0235712660829739	GHDC	c8
7.05274758470368e-07	0.575315453602135	0.089	0.054	0.0237635277119006	VAMP1	c8
7.06005049179545e-07	0.520495439336502	0.126	0.082	0.0237881341270556	FZR1	c8
7.11428520597517e-07	0.39751022691504	0.128	0.083	0.0239708725730127	FKBP15	c8
7.11852767690033e-07	0.293300957876176	0.277	0.207	0.023985167154548	METTL17	c8
7.17989663648101e-07	0.341772384983563	0.207	0.148	0.0241919437269591	NDUFV3	c8
7.27143286211463e-07	0.252616726410149	0.328	0.249	0.024500365885609	FIBP	c8
7.27589787200531e-07	0.477744722345894	0.119	0.076	0.0245154102899347	KLHL7	c8
7.28514906317274e-07	0.352873797155324	0.181	0.126	0.0245465812534542	ARHGEF9	c8
7.30385694683317e-07	0.619387611964199	0.065	0.036	0.0246096155966597	MFAP3	c8
7.39164606653862e-07	0.247184639231275	0.562	0.47	0.0249054122565952	VAPA	c8
7.40416861673043e-07	0.324331730919575	0.199	0.141	0.0249476057372115	MED27	c8
7.45536942227444e-07	0.535760717900554	0.109	0.069	0.0251201217314115	PRR14L	c8
7.64932901326602e-07	0.208719884041205	0.341	0.26	0.0257736491772985	FBXW5	c8
7.66766895739084e-07	0.198917096756953	0.428	0.338	0.0258354437850327	PCSK7	c8
7.75927498289025e-07	0.579944597353864	0.054	0.028	0.0261441011273504	CSAD	c8
7.76341257742925e-07	0.333418368798847	0.22	0.159	0.0261580423383901	C3orf17	c8
7.78063734607714e-07	0.573676573533862	0.103	0.064	0.0262160794738723	TRAPPC11	c8
7.79431264627709e-07	1.37442584849965	0.036	0.017	0.026262157030366	FAM43A	c8
7.84260760255546e-07	1.42031259140968	0.02	0.007	0.0264248820560504	RP11-421M1.8	c8
7.93365422341906e-07	0.426748524274636	0.123	0.08	0.0267316545403882	PIK3C2A	c8
8.00281191541219e-07	0.428127105101546	0.129	0.085	0.0269646744677898	TGDS	c8
8.01231933300899e-07	0.874794869287344	0.036	0.016	0.0269967087606405	ACCS	c8
8.015325956374e-07	0.290041843483146	0.253	0.186	0.0270068392774066	SMC5	c8
8.14942266670925e-07	0.304244407930279	0.182	0.127	0.0274586647332102	KCTD13	c8
8.15499823804329e-07	0.321619575133796	0.244	0.179	0.0274774510632631	MORF4L2	c8
8.16080450523549e-07	0.278044710727154	0.261	0.192	0.0274970146999405	ARMC10	c8
8.20784395969327e-07	0.406251224634588	0.117	0.075	0.0276555094377905	FAHD2A	c8
8.36360758913945e-07	0.520187038192338	0.125	0.082	0.0281803394108465	C9orf85	c8
8.38297568477888e-07	0.247614620568097	0.335	0.258	0.0282455982722939	CHD3	c8
8.42796355683744e-07	0.446170505664488	0.139	0.093	0.0283971804084081	MRRF	c8
8.51734922303229e-07	0.284213054570855	0.284	0.212	0.028698356472085	SEC61A1	c8
8.57258814676777e-07	0.314702948352635	0.211	0.151	0.0288844785017193	CWC22	c8
8.59440225027114e-07	0.363219803031123	0.215	0.156	0.0289579789420636	CCDC137	c8
8.65109407928586e-07	1.18039213094799	0.024	0.009	0.0291489963907458	LEPR	c8
8.78995528319214e-07	0.232192289074199	0.375	0.291	0.0296168753311876	MTERF4	c8
8.8189358101476e-07	0.414446403347855	0.144	0.097	0.0297145223187113	FCHO1	c8
8.82960622172181e-07	0.576702418955624	0.074	0.042	0.0297504752034695	VPS33B	c8
8.91206072722196e-07	0.303746759658904	0.154	0.104	0.0300282974143017	INTS12	c8
9.02350956311285e-07	0.385170388794326	0.181	0.127	0.0304038131219524	BID	c8
9.05162915472601e-07	0.367572173402972	0.175	0.122	0.0304985592739338	APTX	c8
9.15253920376093e-07	0.571130364558873	0.119	0.077	0.0308385655931521	REPIN1	c8
9.20441944271985e-07	0.64409831728316	0.084	0.05	0.0310133708703003	STK38L	c8
9.27038986459179e-07	0.28453941768297	0.223	0.161	0.0312356516097556	TMEM55B	c8
9.28101701934151e-07	1.17677064996934	0.098	0.062	0.0312714587449693	TRAV26-1	c8
9.28266589469002e-07	0.424689784342781	0.133	0.088	0.0312770144655685	NCBP1	c8
9.34850993964977e-07	0.292741214362695	0.288	0.217	0.0314988693906559	SEC31A	c8
9.37987500758433e-07	0.182056119064875	0.682	0.573	0.0316045508505546	SF3B2	c8
9.39744659820798e-07	0.477410173337642	0.119	0.077	0.031663756568002	PIP5K1A	c8
9.50126550393958e-07	0.278319201891689	0.268	0.2	0.032013563988974	RBM22	c8
9.5836030496966e-07	0.308248786019417	0.274	0.208	0.0322909921156477	SF3B3	c8
9.61817349764291e-07	0.534036027442493	0.074	0.042	0.032407473782958	SDHAF4	c8
9.7513878414287e-07	0.233844703598343	0.439	0.348	0.0328563261929099	SNRPE	c8
9.78124645188382e-07	0.762670936791884	0.048	0.024	0.0329569317949774	STXBP4	c8
9.88697656800635e-07	0.305781347071678	0.267	0.198	0.0333131788482406	COA5	c8
9.99324763390364e-07	0.10907820692481	0.901	0.832	0.0336712485776749	PPIB	c8
1.00102737332541e-06	0.249139943315357	0.36	0.279	0.0337286163168264	TCP1	c8
1.00283565104766e-06	0.557670816633416	0.075	0.043	0.0337895444263999	SLC43A1	c8
1.01656047063964e-06	0.404585574856689	0.204	0.147	0.0342519884977319	RALBP1	c8
1.02068416439823e-06	0.389933536072676	0.142	0.095	0.0343909322352338	CEP104	c8
1.0449170377188e-06	0.267730749224959	0.345	0.266	0.0352074346688974	MPC1	c8
1.04504296281528e-06	0.375279937969008	0.168	0.117	0.0352116775890979	IQCB1	c8
1.0482034153533e-06	0.219556036748969	0.301	0.228	0.035318165876914	TUBB4B	c8
1.05239884641981e-06	0.363915916179259	0.232	0.172	0.0354595267312692	TBX21	c8
1.06332207205679e-06	0.547800101468291	0.074	0.042	0.0358275738958815	CEP97	c8
1.07747460770723e-06	0.296520799402617	0.263	0.196	0.0363044294320874	USP10	c8
1.07750498379214e-06	0.387699938909099	0.118	0.075	0.0363054529238925	EMG1	c8
1.0794742533526e-06	0.869593132685454	0.05	0.026	0.0363718054924625	TRMT5	c8
1.0831352826999e-06	0.340371103195163	0.264	0.199	0.0364951602152905	MRPL42	c8
1.08657930739409e-06	0.45467459310346	0.097	0.059	0.0366112031833365	ACTR8	c8
1.08735930560703e-06	0.189700095086695	0.675	0.577	0.0366374844431233	EIF5A	c8
1.09215607053806e-06	0.331835400171979	0.203	0.145	0.0367991066407093	PREP	c8
1.09667261265332e-06	0.261291193865751	0.328	0.251	0.0369512870107409	CCDC124	c8
1.09768390722185e-06	0.240097055047123	0.388	0.303	0.0369853615699331	POLR2C	c8
1.0983486937614e-06	0.211127791794556	0.677	0.587	0.0370077608875966	ST13	c8
1.10285666700875e-06	0.215523588236049	0.329	0.25	0.0371596525381928	TMEM50B	c8
1.10558789097883e-06	0.515882302123974	0.103	0.065	0.0372516783986405	TICAM1	c8
1.10831100904918e-06	0.310342748164245	0.242	0.178	0.0373434311389031	VRK3	c8
1.11010768828338e-06	0.215236995047436	0.502	0.405	0.0374039684490203	SSNA1	c8
1.1175265016529e-06	0.488878814267129	0.112	0.072	0.0376539379466929	SLC39A9	c8
1.12105517156703e-06	0.189175353560691	0.686	0.59	0.0377728329507794	TBCA	c8
1.13971150574614e-06	0.492087328477887	0.089	0.054	0.0384014394746104	ARHGAP12	c8
1.14430974080314e-06	0.286316701309429	0.209	0.149	0.0385563724066209	COPS7A	c8
1.14926341154408e-06	0.456966594602193	0.157	0.108	0.0387232813885664	ZNF226	c8
1.14996471565609e-06	0.429414900930971	0.12	0.078	0.0387469111293161	ZNF512	c8
1.16080276170213e-06	0.523218814558282	0.078	0.046	0.0391120882527916	ZNF569	c8
1.16181518055095e-06	0.474405409823766	0.108	0.069	0.0391462006934837	CPNE2	c8
1.16892797200484e-06	0.208616338107102	0.507	0.407	0.0393858590887312	CLNS1A	c8
1.16978641343191e-06	1.84313923638234	0.013	0.003	0.0394147834141746	NTNG2	c8
1.1737186479831e-06	0.183710472583406	0.912	0.861	0.0395472761251425	PCBP1	c8
1.17710717517635e-06	0.817518629954381	0.057	0.03	0.039661449160392	ZNF682	c8
1.17889902423631e-06	0.295047617334458	0.258	0.192	0.0397218237226183	ECHDC2	c8
1.18348161804902e-06	0.441635608581796	0.094	0.057	0.0398762296385436	UPRT	c8
1.20380422177975e-06	0.257017889729912	0.248	0.182	0.0405609794486468	PUM2	c8
1.20894860580113e-06	0.446717467980388	0.119	0.077	0.0407343143238632	THEMIS2	c8
1.21056610774519e-06	0.347021810242365	0.137	0.091	0.0407888144343664	E4F1	c8
1.22680208120941e-06	1.13563946412462	0.038	0.018	0.0413358693242699	MAP4K3	c8
1.24719728585395e-06	0.730124007620949	0.063	0.035	0.0420230653495631	CTD-2245F17.3	c8
1.25069614582329e-06	0.286650987030491	0.189	0.133	0.04214095593737	AKAP11	c8
1.25499589736339e-06	0.437354556804451	0.129	0.085	0.0422858317657622	EXOC6	c8
1.2646254438865e-06	0.486640450662607	0.094	0.058	0.0426102897063119	ZNF568	c8
1.2725912026315e-06	2.36917491759892	0.011	0.003	0.0428786879814658	ARHGEF10	c8
1.28182288549162e-06	0.520505875707077	0.112	0.072	0.0431897403037546	FUT11	c8
1.28532853126563e-06	0.340236780194488	0.159	0.109	0.0433078595324642	ATF6	c8
1.28898827035494e-06	0.85152250948772	0.055	0.029	0.0434311707813392	DAGLB	c8
1.29355550254111e-06	0.528373438064056	0.077	0.045	0.0435850591026201	NUP188	c8
1.2993748176906e-06	0.278113593394146	0.253	0.188	0.0437811351072671	ATXN7L3B	c8
1.30754728884216e-06	0.317242191358786	0.18	0.125	0.0440564983502479	WDR18	c8
1.30761456034675e-06	0.305323656839218	0.167	0.115	0.0440587649963234	DHX8	c8
1.30974061201182e-06	0.440081560111009	0.149	0.102	0.0441304001811263	VCPKMT	c8
1.31253380724245e-06	0.221855030579625	0.315	0.239	0.0442245141012272	STRA13	c8
1.31578164240154e-06	0.290068668234914	0.275	0.207	0.0443339466590775	USP8	c8
1.34197495410643e-06	0.609223722381405	0.078	0.046	0.0452165041036621	TMCO3	c8
1.35037694063022e-06	0.381005925022689	0.129	0.085	0.0454996006375945	TUBD1	c8
1.35554648909935e-06	1.99994052172328	0.01	0.002	0.0456737834037133	RP11-31F15.2	c8
1.37035997018429e-06	0.434423894410966	0.107	0.068	0.0461729088353893	AASDH	c8
1.37594659514723e-06	0.528468584750888	0.113	0.073	0.0463611445768908	RNF31	c8
1.37902342204236e-06	0.362298359758835	0.156	0.107	0.0464648151822953	TIMM22	c8
1.38265171962214e-06	0.193423481886891	0.539	0.441	0.0465870670409483	UBE2L3	c8
1.3872966476427e-06	1.18893104404864	0.034	0.015	0.0467435732456732	FAAP24	c8
1.39356927425153e-06	0.35136534024042	0.186	0.132	0.046954923126631	CCDC97	c8
1.40814036015308e-06	1.65315611310973	0.015	0.005	0.0474458812949978	MB21D2	c8
1.41409939136893e-06	0.330349449412211	0.175	0.123	0.0476466648927847	PHACTR4	c8
1.43118758506698e-06	0.310848997692215	0.121	0.078	0.048222434491247	AMBRA1	c8
1.44827510049945e-06	0.352363346733558	0.158	0.108	0.0487981812362284	MRPL15	c8
1.45395816117912e-06	0.35909127757324	0.2	0.143	0.0489896662827693	RNASEH1	c8
1.46504497595998e-06	0.339058025065405	0.137	0.091	0.0493632254199957	COQ5	c8
1.47779484271043e-06	0.9017727119982	0.042	0.02	0.0497928194302851	FKBP14	c8
1.48017540710512e-06	0.582375177639531	0.075	0.044	0.0498730301669998	ERLIN2	c8
