p_val	avg_log2FC	pct.1	pct.2	p_val_adj	gene	seurat_clusters
0	1.44966439263607	0.981	0.77	0	FOS	c4
1.96983951343089e-253	1.43317950730967	0.663	0.245	6.63717725655404e-249	CD40LG	c4
8.86498046953617e-232	0.935056875672399	0.993	0.892	2.98696651940552e-227	DUSP1	c4
3.03753409906455e-221	0.952242940332321	0.988	0.79	1.02346673933881e-216	IL7R	c4
1.14180283836477e-216	1.16413914199578	0.944	0.604	3.84719048358627e-212	ANXA1	c4
3.82233531355988e-216	1.5836208484439	0.551	0.202	1.28789766055087e-211	TIMP1	c4
8.02119256993523e-195	-3.65240034778933	0.129	0.53	2.70266062451398e-190	HLA-DRB1	c4
6.96503463996234e-191	0.847916998233132	0.985	0.778	2.34679877158891e-186	S100A11	c4
1.68672842260498e-173	2.37573202916644	0.325	0.095	5.68326274712522e-169	CDKN1A	c4
2.62377986219749e-161	-3.80470764777839	0.07	0.438	8.84056386768821e-157	CD8A	c4
1.6024595757105e-158	1.02091593609639	0.962	0.815	5.39932729439895e-154	JUN	c4
1.98335755772717e-158	-3.31612885574269	0.103	0.466	6.68272495500593e-154	TIGIT	c4
1.62058708768371e-152	1.80456351761715	0.287	0.079	5.46040613324151e-148	DPP4	c4
4.38629284227609e-148	-2.0882591204656	0.352	0.618	1.4779175102765e-143	HLA-DPA1	c4
2.20326114190473e-147	-1.97364354836858	0.328	0.617	7.42366809153381e-143	HLA-DPB1	c4
5.18125932536059e-145	-4.1630303182812	0.145	0.463	1.745773517087e-140	NKG7	c4
4.26273354908754e-141	-3.60265746275365	0.059	0.401	1.43628544202956e-136	CD8B	c4
7.60638397385727e-139	0.901015757253762	0.932	0.757	2.56289501615147e-134	TNFAIP3	c4
2.65701761916323e-133	1.27291262130162	0.348	0.119	8.95255516600858e-129	CTSL	c4
3.43514668864788e-133	0.745764164669095	0.978	0.854	1.15743832527302e-128	CD69	c4
7.32815140240673e-131	-1.29480257615107	0.953	0.948	2.46914733352692e-126	CD74	c4
3.85555821352622e-130	0.353637986063576	0.999	0.994	1.29909178446552e-125	TPT1	c4
1.01178739945652e-129	0.636470217695935	0.978	0.754	3.40911646372881e-125	LTB	c4
1.60047850323236e-128	-4.03263375017589	0.078	0.397	5.39265226879111e-124	CCL4	c4
1.19431470723981e-114	1.48625946383653	0.323	0.114	4.02412397457382e-110	DHRS3	c4
3.83302759636134e-114	0.560856931924461	1	0.971	1.29150031831799e-109	ZFP36L2	c4
4.37678150651363e-114	1.098912614522	0.915	0.775	1.4747127608047e-109	NFKBIA	c4
5.48926724368629e-112	1.43069778506323	0.341	0.126	1.84955370508766e-107	PTGER2	c4
8.6024101844415e-112	0.911156695307648	0.747	0.475	2.89849608754572e-107	FLT3LG	c4
1.01862532682849e-111	1.03625794782404	0.62	0.339	3.43215617621593e-107	FOSB	c4
9.157813642939e-111	-4.71549836056597	0.033	0.315	3.08563372885187e-106	HLA-DRA	c4
3.26988506904915e-107	1.11431071711836	0.515	0.25	1.10175507516542e-102	AQP3	c4
4.90190272858395e-107	0.948705029837886	0.67	0.381	1.65164710536907e-102	GPR183	c4
1.87378019439573e-105	-3.80934924197753	0.041	0.318	6.31351498699696e-101	HLA-DRB5	c4
5.02230211719747e-103	0.532313214267044	0.997	0.932	1.69221447536851e-98	VIM	c4
3.75576869273985e-101	0.580569517115077	0.983	0.903	1.26546870333176e-96	KLF6	c4
1.3551439647589e-98	1.04570944609121	0.618	0.352	4.56602207485864e-94	PTGER4	c4
1.91398477211622e-95	0.589108740389164	0.98	0.918	6.44898029116841e-91	CXCR4	c4
5.46779010543616e-95	1.58741578793733	0.247	0.083	1.84231719812566e-90	CCR6	c4
1.08238395463353e-94	0.622301326891479	0.982	0.937	3.64698449674223e-90	TSC22D3	c4
1.87229332157222e-94	-1.89099740274036	0.485	0.628	6.30850511770543e-90	CST7	c4
4.6370258792421e-91	2.64309167121178	0.106	0.02	1.56239949975183e-86	IL4I1	c4
3.69639123263334e-90	-1.24083652323207	0.484	0.667	1.24546206192348e-85	CD27	c4
1.10434592912173e-88	1.05599133550608	0.466	0.233	3.72098317358275e-84	KLRB1	c4
6.13059773755682e-86	0.7571720226871	0.438	0.2	2.0656436016924e-81	HOPX	c4
2.38245554233478e-85	0.656496191075613	0.964	0.848	8.02744570434282e-81	JUNB	c4
3.42839065443246e-85	0.299720627972452	1	0.985	1.15516194710447e-80	RPL35	c4
6.57512381052265e-85	0.287112035074832	1	0.996	2.2154222167175e-80	RPS19	c4
9.30147171863885e-85	1.1143073846027	0.454	0.225	3.13403788087817e-80	SESN1	c4
1.27010764579005e-83	1.5698033107981	0.275	0.108	4.27950070172501e-79	TNFSF13B	c4
1.9036200669437e-83	0.728656962183847	0.804	0.576	6.41405745356009e-79	KLF2	c4
1.34627235146233e-80	0.531714064266524	0.968	0.821	4.53613006101716e-76	S100A10	c4
1.41120177367111e-80	-5.14979442953776	0.016	0.234	4.75490325620744e-76	HLA-DQA1	c4
7.35117334325085e-79	0.951299076338812	0.414	0.198	2.47690434627494e-74	CAPG	c4
5.09187335774267e-71	0.281882569458369	1	0.993	1.71565580915781e-66	RPL3	c4
5.69468730458167e-71	1.04948722342301	0.375	0.178	1.91876794040575e-66	S1PR1	c4
6.14485227722407e-71	1.47234649127373	0.184	0.06	2.07044652628788e-66	FHL1	c4
3.83739947737955e-70	0.408738203168635	0.988	0.866	1.29297337990826e-65	S100A4	c4
8.28273822580205e-70	0.355624144744407	0.992	0.938	2.79078581780174e-65	FXYD5	c4
2.65685298531475e-68	-2.32064109132453	0.136	0.35	8.95200044871953e-64	DUSP4	c4
4.25871103450105e-68	-2.87238861500522	0.051	0.256	1.43493009596479e-63	TOX	c4
7.80381722682447e-68	0.63200505960444	0.795	0.591	2.62941817640624e-63	ARHGAP15	c4
5.08563396488828e-67	-0.794101245999513	0.864	0.858	1.71355350812946e-62	COTL1	c4
9.59070825536253e-67	2.55511726991275	0.067	0.011	3.23149323956185e-62	PLAUR	c4
9.8561823228622e-64	0.202797590504703	1	0.999	3.32094207186519e-59	EEF1A1	c4
1.03444276974194e-63	-4.89897079607465	0.012	0.191	3.48545146836851e-59	CRTAM	c4
1.47797552369786e-63	0.942753797821197	0.341	0.16	4.97989072954756e-59	PLAC8	c4
9.1831193566284e-63	0.213899177168744	1	0.996	3.09416023602237e-58	RPS27A	c4
2.13826239572429e-61	0.240782009258494	1	0.995	7.20466131615341e-57	RPS18	c4
1.42534879632375e-59	0.816303571071206	0.444	0.246	4.80257023433324e-55	TNFRSF25	c4
4.72016312856548e-59	1.82911987665783	0.124	0.036	1.59041176453885e-54	LTC4S	c4
4.7270538865009e-59	0.801557445712321	0.734	0.553	1.59273353651761e-54	BTG2	c4
8.40248670743529e-59	-4.93388324043868	0.018	0.189	2.83113387120325e-54	CCL4L2	c4
4.0970752106644e-58	-3.03986205095031	0.048	0.228	1.38046852148126e-53	MIR4435-2HG	c4
9.5080891972323e-58	-2.65263641940814	0.089	0.276	3.20365557411545e-53	LAG3	c4
1.06037597572158e-57	0.173145448135214	1	0.995	3.57283081259629e-53	RPL32	c4
1.11520568864265e-57	1.53105896524835	0.142	0.045	3.75757404731254e-53	SPG20	c4
2.80299580511655e-57	0.223320653669742	1	0.998	9.4444140657597e-53	RPLP1	c4
1.57936683716193e-56	0.919690422086754	0.404	0.221	5.32151862113339e-52	PLK3	c4
2.48322575890726e-56	1.09635647128107	0.286	0.133	8.36698087206212e-52	PERP	c4
2.6476917179399e-56	-2.56036238350525	0.061	0.242	8.92113247442671e-52	HLA-DMA	c4
6.98567918161188e-55	1.1770554424246	0.215	0.088	2.35375474345231e-50	CYB561	c4
2.33872635346054e-54	0.704812733544569	0.695	0.494	7.88010457534996e-50	PPP1R15A	c4
2.57863608098967e-54	-3.32403606102678	0.03	0.197	8.68845641128661e-50	FABP5	c4
4.77178198854036e-54	-1.92100046024064	0.138	0.326	1.60780422321879e-49	HLA-DQB1	c4
6.40841237225083e-54	-2.15013314898133	0.186	0.357	2.1592504647062e-49	ITM2C	c4
1.56375734062625e-53	1.85617980479315	0.11	0.032	5.2689239835061e-49	AC020571.3	c4
2.29486693434568e-53	0.190700650678049	1	0.995	7.73232464858434e-49	RPL34	c4
5.93185836759095e-53	1.24101669604929	0.197	0.079	1.9986803583761e-48	ZBTB10	c4
1.10835554059913e-52	-1.98582210061911	0.106	0.289	3.7344931584947e-48	CTLA4	c4
1.08945626244644e-51	0.605856282794719	0.887	0.768	3.67081393068704e-47	DNAJB1	c4
1.66623311264275e-51	0.633271718686621	0.54	0.331	5.61420584973847e-47	RORA	c4
2.19332884200497e-51	0.633937176086599	0.92	0.823	7.39020220025153e-47	ZFP36	c4
2.86282143509386e-51	0.801219149261595	0.522	0.334	9.64599054340525e-47	CTD-3252C9.4	c4
4.39706611420546e-51	-8.67075296071864	0.014	0.163	1.48154745652039e-46	CXCL13	c4
4.94448922750604e-51	0.346500232214038	0.965	0.867	1.66599620031588e-46	LDHB	c4
5.99406845589491e-51	0.190700389981282	1	0.994	2.01964142552923e-46	RPL14	c4
6.06833059899153e-51	-4.09397019944788	0.017	0.169	2.0446633120242e-46	RP11-291B21.2	c4
6.12745383322463e-51	0.66063063342432	0.569	0.364	2.06458429456671e-46	TMEM173	c4
8.94212823123014e-51	-2.57682997844989	0.067	0.233	3.01296068623068e-46	AOAH	c4
9.0326185176459e-51	1.40325723440768	0.184	0.073	3.04345048333561e-46	RGS16	c4
1.13246364113003e-50	1.45887153246699	0.142	0.049	3.81572299242354e-46	SLC40A1	c4
3.56855520446008e-50	-3.07272521486112	0.04	0.2	1.20238899059078e-45	PTMS	c4
1.6486648328485e-49	-5.37534381065809	0.006	0.148	5.55501128779973e-45	TOX2	c4
2.02021923933623e-49	0.202212561326597	1	0.993	6.80692670501951e-45	RPS6	c4
2.5993238249094e-49	0.259148131808019	1	0.991	8.75816169564972e-45	FTH1	c4
3.43228533912478e-49	0.251747640612535	0.999	0.996	1.1564742221647e-44	MT-CYB	c4
5.85455419670863e-49	0.180216333697024	1	0.997	1.97263349103901e-44	RPL13	c4
7.6143186095684e-49	0.265900209614154	0.999	0.998	2.56556851230798e-44	BTG1	c4
1.60632715599547e-48	0.658153971807147	0.568	0.372	5.41235871941113e-44	XBP1	c4
3.1059206735629e-48	-1.75286378760538	0.167	0.341	1.04650891175029e-43	PRF1	c4
5.45310240785637e-48	0.762849118694685	0.418	0.239	1.83736832530312e-43	FKBP11	c4
1.21208555306559e-47	1.26130035137757	0.186	0.076	4.0840010624992e-43	ANTXR2	c4
1.66971744725029e-47	0.40566530120587	0.917	0.759	5.62594596676512e-43	EMP3	c4
3.34386362622809e-47	0.899991459868171	0.28	0.136	1.12668141022129e-42	CMTM8	c4
4.64479371190758e-47	1.07732126601762	0.255	0.121	1.56501679329014e-42	RIPK2	c4
4.8537758208149e-47	0.220849549121565	0.998	0.987	1.63543122506537e-42	RPS9	c4
7.92368336287908e-47	-7.56425572733667	0.004	0.138	2.66980587228848e-42	GZMB	c4
9.56597468271136e-47	-5.05828259292555	0.014	0.154	3.22315950959277e-42	GZMH	c4
1.06583007353311e-46	-0.39259137594161	0.961	0.942	3.59120784976247e-42	OAZ1	c4
4.64290563632955e-45	-4.69739307265772	0.009	0.141	1.56438062510488e-40	KLRD1	c4
2.98543080669654e-44	-4.12676468461748	0.012	0.144	1.00591105600833e-39	ZEB2	c4
4.18858843606461e-44	0.52995554289747	0.479	0.282	1.41130298764761e-39	CD4	c4
7.96639930554197e-44	0.641889649026526	0.472	0.284	2.68419858200931e-39	MGAT4A	c4
8.7380891454176e-44	0.590383478439881	0.643	0.461	2.94421175665701e-39	NOSIP	c4
1.14210178548476e-42	0.220788380560831	0.996	0.965	3.84819775601236e-38	EEF1B2	c4
1.50054338188292e-42	0.14783768324784	1	0.995	5.05593087091632e-38	RPS3A	c4
6.13106180594395e-42	0.176190282162364	1	0.996	2.06579996489475e-37	RPS3	c4
8.77005874727237e-42	-0.794769191431355	0.559	0.669	2.95498359430595e-37	MT2A	c4
9.11429050066895e-42	2.63286720457772	0.04	0.006	3.0709690412954e-37	RORC	c4
1.61981296508221e-41	0.644673282534882	0.553	0.373	5.45779780454801e-37	PIM1	c4
2.13870821767503e-41	-2.24413078961267	0.064	0.211	7.20616346863425e-37	EOMES	c4
3.41954133537801e-41	1.27744324384866	0.136	0.051	1.15218025754227e-36	CRIP2	c4
3.89885196149548e-41	0.666192239551744	0.488	0.312	1.31367917990629e-36	ICAM2	c4
4.30513879712098e-41	1.08150965382077	0.161	0.065	1.45057346630194e-36	NSG1	c4
1.3228205055097e-40	-1.79451687690123	0.131	0.284	4.45711141126438e-36	LYST	c4
3.19373662351221e-40	0.160361150239935	1	0.994	1.07609761792621e-35	RPS23	c4
4.25251078229364e-40	0.234610661678187	0.998	0.986	1.43284098298602e-35	MT-ND1	c4
7.58503795874557e-40	0.560568998088259	0.463	0.282	2.55570268981973e-35	THEM4	c4
8.88350992574243e-40	1.36772111596599	0.124	0.045	2.99320983437966e-35	GDPD5	c4
1.41232481625464e-39	0.874174379806077	0.249	0.122	4.7586872358884e-35	SORBS3	c4
2.19226379162854e-39	0.166701526270391	1	0.995	7.38661361951321e-35	RPS14	c4
3.08177920407075e-39	0.743045745537789	0.286	0.149	1.0383746850196e-34	SPINT2	c4
3.36389496837868e-39	-3.06496565712631	0.059	0.194	1.13343077064551e-34	ZNF683	c4
4.27113102011091e-39	0.175286094340059	1	0.992	1.43911488591617e-34	RPL36	c4
4.52975563177089e-39	1.41349048418602	0.211	0.102	1.52625586256889e-34	SGK1	c4
6.03877409878946e-39	0.666861691337921	0.55	0.374	2.03470454484612e-34	NCF1	c4
6.39238730149282e-39	0.973860942845027	0.299	0.163	2.15385097736499e-34	AREG	c4
1.93154610439722e-38	0.713195000784899	0.39	0.235	6.508151444156e-34	MYADM	c4
1.93224580208639e-38	1.13792085503862	0.215	0.105	6.51050900554987e-34	LMNA	c4
2.0076108926803e-38	0.162144438210936	1	0.995	6.76444414179699e-34	RPS25	c4
2.72144099493928e-38	0.2035217888006	1	0.996	9.16962328834841e-34	MT-CO3	c4
3.18754884505502e-38	2.57581056398608	0.034	0.005	1.07401270785284e-33	ADAM23	c4
3.54188464901722e-38	0.26260145235717	0.987	0.937	1.19340261363986e-33	ITM2B	c4
4.31430632816443e-38	0.408612914444189	0.785	0.613	1.45366237421172e-33	AHNAK	c4
4.51039793853708e-38	0.441906271106859	0.876	0.728	1.51973348141068e-33	TAGLN2	c4
1.03565506337687e-37	0.551767783122971	0.529	0.348	3.48953617054202e-33	CTSB	c4
1.3800112415995e-37	0.233285662454746	0.986	0.95	4.64980987744537e-33	MT-ND2	c4
1.40813995281804e-37	0.134919781660305	1	0.996	4.7445867570251e-33	RPL11	c4
1.58674764435087e-37	-4.23741257969167	0.018	0.136	5.34638751287582e-33	XCL2	c4
4.95017899392862e-37	-1.86718901816205	0.13	0.274	1.66791331021431e-32	PDCD1	c4
9.68680899719537e-37	0.549528935024697	0.368	0.212	3.26387342351501e-32	MAL	c4
1.96190598512618e-36	0.148447727051146	1	0.996	6.61044602628413e-32	RPS12	c4
2.6177261159392e-36	1.39618439826757	0.196	0.095	8.82016637504554e-32	ATF3	c4
5.40546875022928e-36	0.197849554036564	0.999	0.992	1.82131864070225e-31	RPLP0	c4
7.89058160519028e-36	0.694393979224922	0.202	0.097	2.65865256605281e-31	NR4A1	c4
8.55132001829985e-36	0.68843853129404	0.367	0.216	2.88128176696595e-31	DYNLT3	c4
8.79315090091998e-36	0.512446791306494	0.612	0.431	2.96276426455598e-31	GLIPR1	c4
9.1809425922502e-36	0.168066153445481	0.999	0.987	3.09342679703278e-31	RPS5	c4
1.29741325981283e-35	1.61946493650308	0.094	0.031	4.37150423761337e-31	RARG	c4
1.39819429196145e-35	0.811369608488929	0.359	0.22	4.7110758473349e-31	PNP	c4
2.82216195983469e-35	-5.06799574790756	0.012	0.121	9.50899250746702e-31	FOXP3	c4
4.04082966979327e-35	1.75597075258299	0.069	0.019	1.36151714894014e-30	PLEKHG3	c4
4.17249174835113e-35	-0.393536374095181	0.957	0.944	1.40587936968943e-30	PTPRC	c4
7.59833489266869e-35	-0.859639118623221	0.501	0.59	2.56018295873579e-30	GZMM	c4
8.37037315306317e-35	-4.08431525858622	0.011	0.118	2.8203135301931e-30	IKZF2	c4
9.20660052116802e-35	-5.79485351002105	0.003	0.105	3.10207197960235e-30	CD200	c4
1.01566963595125e-34	0.458913602366224	0.738	0.572	3.42219727137415e-30	PDCD4	c4
1.23835704097745e-34	0.202543323570251	0.995	0.962	4.17252021386942e-30	PABPC1	c4
1.43573385584214e-34	1.38058399688836	0.094	0.032	4.83756165387452e-30	SVIL	c4
4.2569586409383e-34	0.741844723061548	0.432	0.284	1.43433964447775e-29	GPR171	c4
1.09094377310402e-33	0.739478487562429	0.336	0.197	3.67582594909667e-29	FBLN7	c4
1.44505328542005e-33	0.138374974017588	1	0.996	4.86896253989431e-29	RPL30	c4
1.6162000339008e-33	0.201251407208554	0.997	0.971	5.44562439422535e-29	CD52	c4
1.76211514612789e-33	0.864107857069081	0.189	0.089	5.9372707733633e-29	MYBL1	c4
2.50354712764066e-33	0.117644817218548	1	0.993	8.43545169187246e-29	RPS13	c4
4.6576521311932e-33	0.140307417803336	1	0.994	1.56934930908424e-28	RPL8	c4
1.19385952128745e-32	0.146157583145734	1	0.988	4.02259027102594e-28	RPL5	c4
2.46898613731057e-32	-1.83827274040041	0.077	0.203	8.31900189105424e-28	ATP8A1	c4
2.60080099512647e-32	2.45299587077051	0.03	0.005	8.76313887297912e-28	TGFA	c4
3.01183966531668e-32	2.9365748902336	0.022	0.003	1.0148092568318e-27	TPBG	c4
4.42683415298385e-32	0.145804020425022	1	0.995	1.49157749950638e-27	RPLP2	c4
6.16407927636946e-32	0.749740502025865	0.231	0.12	2.07692487137993e-27	LAIR1	c4
8.24362829780806e-32	-4.17822390000152	0.009	0.107	2.77760811866345e-27	PECAM1	c4
1.18029686201384e-31	1.61263070373582	0.081	0.027	3.97689224686942e-27	TTC39C-AS1	c4
1.37079695791892e-31	-1.1634518622004	0.26	0.388	4.61876327001201e-27	LINC00152	c4
2.19834856656941e-31	-1.06170192613273	0.322	0.438	7.40711566019897e-27	SH2D1A	c4
2.71193678915785e-31	-0.561279766532201	0.651	0.7	9.13759981738847e-27	GYPC	c4
3.62243348563281e-31	0.138845799253931	1	0.995	1.22054273864912e-26	RPS4X	c4
8.3876097082424e-31	1.22314479727367	0.105	0.04	2.82612121509519e-26	IGFBP3	c4
8.99783313073731e-31	-1.51835178686204	0.16	0.29	3.03172989507063e-26	OASL	c4
1.15625347851079e-30	0.138374212256667	1	0.994	3.89588047049426e-26	RPL18A	c4
1.58417566046002e-30	1.18173424292616	0.098	0.036	5.33772147035399e-26	IL2	c4
1.92530800621791e-30	2.5020468622318	0.031	0.005	6.48713279615061e-26	ESPN	c4
2.5028998634878e-30	0.19225853857126	0.996	0.973	8.43327080003579e-26	RPL38	c4
2.50807619386713e-30	0.688151792429568	0.322	0.195	8.4507119276159e-26	BHLHE40	c4
2.62306544323858e-30	0.155117751227314	1	0.994	8.83815670444805e-26	RPS21	c4
5.88593993694337e-30	1.04634586350001	0.133	0.057	1.9832086023537e-25	CXorf57	c4
9.22412376743786e-30	-5.21925724424729	0.005	0.094	3.10797626220051e-25	TNFRSF9	c4
1.44059445537022e-29	0.174532948308801	0.999	0.989	4.85393895792441e-25	MT-ATP8	c4
1.46366840037827e-29	2.539165860133	0.03	0.005	4.93168430823453e-25	SIAH3	c4
1.64652209916596e-29	0.656449667788276	0.333	0.199	5.54779156092979e-25	RP11-18H21.1	c4
1.89274828790144e-29	-0.657820426746517	0.56	0.644	6.3774260812551e-25	FYN	c4
4.45380267393832e-29	-3.08463930730973	0.026	0.125	1.50066427295678e-24	FCRL3	c4
5.04276714843622e-29	-0.236932971234939	0.994	0.981	1.6991099629941e-24	SERF2	c4
6.21288508151799e-29	-0.239534932119731	0.992	0.976	2.09336949936667e-24	ATP5E	c4
7.81479179459741e-29	2.17827961435531	0.038	0.008	2.63311594727165e-24	TSPAN18	c4
1.4552633305132e-28	0.163809989684172	0.999	0.991	4.90336426583117e-24	RPSA	c4
2.21580948576837e-28	-1.63614548747324	0.082	0.198	7.46594848134794e-24	PLA2G16	c4
2.56797591837928e-28	0.394822094971546	0.604	0.442	8.65253805938715e-24	C10orf54	c4
2.5703108984571e-28	0.544491737008806	0.411	0.266	8.66040554126134e-24	ERN1	c4
2.65964842390541e-28	-0.769159691397579	0.588	0.644	8.96141939950689e-24	UCP2	c4
5.15582901872673e-28	1.65370933286485	0.052	0.014	1.73720502956978e-23	CFH	c4
6.94861480823927e-28	0.765334532265728	0.191	0.097	2.34126627348814e-23	ANK3	c4
7.64247190780331e-28	-2.00252981158017	0.05	0.157	2.57505448461525e-23	RP11-25K19.1	c4
1.26109651042147e-27	-1.19940685027015	0.212	0.334	4.24913858221411e-23	NUCB2	c4
1.51884805683017e-27	0.195280176962257	0.999	0.956	5.11760664268356e-23	MYL12A	c4
1.68666297804351e-27	0.584985926906922	0.45	0.309	5.6830422382198e-23	TRADD	c4
2.47553783848234e-27	0.736803173052631	0.38	0.251	8.34107719298239e-23	TOB1	c4
2.77803056220358e-27	-2.02489686153886	0.046	0.15	9.36029617628874e-23	JAKMIP1	c4
2.83433547589771e-27	0.128426522149651	1	0.993	9.55000995248973e-23	RPL29	c4
2.94458917517196e-27	0.65160624591606	0.294	0.175	9.92149876682441e-23	FBXO34	c4
4.77449683182846e-27	0.35610656661069	0.73	0.571	1.60871896251628e-22	CD6	c4
5.33120180474812e-27	0.544840559218306	0.477	0.332	1.79629513609183e-22	NFKBIZ	c4
5.76839431631604e-27	1.48231721507353	0.077	0.027	1.94360278093953e-22	QPCT	c4
6.82023147551536e-27	0.130375712281674	1	0.994	2.29800879336015e-22	RPL39	c4
8.88484274432545e-27	-4.71864805260039	0.004	0.085	2.99365891427302e-22	LINC01281	c4
9.01863647438178e-27	-1.54246314817719	0.059	0.166	3.0387393736782e-22	MT1E	c4
1.88212378831268e-26	-0.502679158743928	0.689	0.704	6.34162789234074e-22	PARK7	c4
2.692120957798e-26	0.557431177409063	0.62	0.475	9.07083235520458e-22	IER2	c4
2.76027632003816e-26	0.675065352521998	0.584	0.476	9.30047503273657e-22	EEF1G	c4
3.48783289152661e-26	0.244217817653132	0.945	0.854	1.17519041447098e-21	GLTSCR2	c4
3.98372927386485e-26	-7.07108639783884	0.001	0.077	1.34227774153602e-21	CCL3L3	c4
6.61747593128531e-26	0.475308595534881	0.446	0.296	2.22969234028727e-21	NPC2	c4
7.79224092323452e-26	1.03434114770357	0.17	0.088	2.62551765667464e-21	EGR1	c4
9.377903800392e-26	0.224915495092414	0.967	0.904	3.15979090650408e-21	RPS20	c4
1.38478774033754e-25	0.563487906166981	0.314	0.19	4.6659038122933e-21	RASGRP2	c4
1.54621577677442e-25	0.645354390467938	0.612	0.478	5.20981943826373e-21	CITED2	c4
1.69339199620693e-25	1.40259016207178	0.075	0.027	5.70571499201963e-21	WDR86	c4
2.1486279543491e-25	3.4096591985039	0.013	0.001	7.23958702938387e-21	RAI14	c4
4.23334630358038e-25	0.283290535392344	0.389	0.244	1.42638370352837e-20	KLRG1	c4
4.36956757312441e-25	0.421616421583655	0.968	0.934	1.47228209808854e-20	TXNIP	c4
9.06989853662775e-25	-2.50492803464755	0.03	0.119	3.05601161293135e-20	SLAMF7	c4
1.02694973620395e-24	0.559710965814103	0.402	0.272	3.46020444116558e-20	RELB	c4
1.38135015806916e-24	1.13185961907774	0.092	0.037	4.65432122259823e-20	NLRP3	c4
1.38773047953387e-24	1.50993212966658	0.054	0.016	4.67581907774143e-20	STX3	c4
1.60086858698645e-24	-0.356076681129291	0.798	0.813	5.39396661699214e-20	TCEB2	c4
1.95454645214594e-24	0.196388260925164	0.988	0.951	6.58564881586055e-20	RPL27A	c4
2.05091446065966e-24	0.129800750833055	1	0.993	6.91035118374666e-20	RPS16	c4
2.18410755016665e-24	0.560099766109809	0.879	0.785	7.35913197953151e-20	RPS10	c4
3.08373112707091e-24	0.741023477147368	0.27	0.166	1.03903236595527e-19	CSRNP1	c4
4.35199952095536e-24	0.4122084332341	0.73	0.594	1.4663627185907e-19	SLC2A3	c4
4.42321279803794e-24	-2.28385429359485	0.031	0.12	1.4903573201709e-19	TSHZ2	c4
4.61416453097496e-24	-1.29306623777653	0.14	0.253	1.5546965970667e-19	PTTG1	c4
4.90032080167045e-24	0.592559124401072	0.341	0.221	1.65111409091484e-19	ATP2B1	c4
5.55074264006392e-24	-0.300083274403538	0.943	0.926	1.87026722514314e-19	HMGB1	c4
7.25186108895143e-24	0.139123392811451	0.999	0.993	2.44344207531129e-19	MT-ND3	c4
8.00198142480205e-24	-1.04270648348144	0.278	0.379	2.6961876212728e-19	SIRPG	c4
8.9531764646714e-24	0.535526951755637	0.371	0.244	3.01668327800638e-19	TESPA1	c4
1.09923532900144e-23	0.890931991062419	0.199	0.111	3.70376351753746e-19	ARL4A	c4
1.14104353367393e-23	0.55613821284314	0.36	0.238	3.84463208236094e-19	KDSR	c4
1.4011932130054e-23	0.541222576351204	0.299	0.182	4.72118041190039e-19	CA5B	c4
1.46248489042032e-23	0.367532068465561	0.79	0.666	4.92769658978224e-19	OCIAD2	c4
1.59030180807805e-23	1.8300985027342	0.043	0.011	5.35836291213817e-19	GPR150	c4
1.79260114942759e-23	1.11413330930127	0.113	0.051	6.03999031288133e-19	GCSAM	c4
1.8116134063526e-23	-0.979409611707336	0.205	0.321	6.10405021136445e-19	CD84	c4
3.46856757937157e-23	0.142267160741063	0.999	0.99	1.16869916019346e-18	RPL9	c4
3.57919207594456e-23	0.528027291255048	0.338	0.218	1.20597297806876e-18	SERINC5	c4
6.35387981011235e-23	0.146757005515535	0.999	0.988	2.14087626321925e-18	SARAF	c4
6.41392897891013e-23	1.42490190885329	0.064	0.022	2.16110923015398e-18	C10orf128	c4
6.98192203779343e-23	-4.13693415779523	0.02	0.098	2.35248881141412e-18	NMB	c4
7.07383201608708e-23	0.100644052594105	1	0.996	2.38345695950038e-18	RPL19	c4
7.67421850017909e-23	-1.08275137914786	0.145	0.257	2.58575118145034e-18	FAM173A	c4
9.07488433643599e-23	0.374484442437407	0.599	0.458	3.05769152831874e-18	CAST	c4
1.07550643580163e-22	-1.96096256880502	0.065	0.16	3.62381138479002e-18	TBC1D4	c4
1.28350984802368e-22	-2.09856695503042	0.047	0.136	4.32465808193099e-18	PLEK	c4
1.3132318176328e-22	-0.490354384799464	0.993	0.976	4.42480328633194e-18	GAPDH	c4
1.65645108113683e-22	0.793327088472479	0.197	0.111	5.58124627278245e-18	ANKRD28	c4
1.70524767501286e-22	2.30460090722306	0.022	0.004	5.74566151618832e-18	LL22NC03-75H12.2	c4
1.97820125128907e-22	-2.70978533427316	0.02	0.097	6.66535129609339e-18	FCRL6	c4
2.20756386797884e-22	0.356852576399181	0.644	0.5	7.43816569676789e-18	BIRC3	c4
2.24517484174662e-22	-2.33490759678478	0.052	0.143	7.56489211178107e-18	MAGEH1	c4
2.45151288384411e-22	0.109190145321361	1	0.998	8.26012751082436e-18	RPL10	c4
2.50811887803926e-22	0.612992072294422	0.315	0.202	8.4508557476655e-18	IFNGR1	c4
2.53696718642421e-22	0.162780585716416	0.991	0.957	8.54805723793775e-18	TOMM7	c4
2.74001520984447e-22	-8.17167019009621	0.001	0.065	9.23220724804995e-18	CCL3	c4
2.9527942164734e-22	-0.888310031976545	0.44	0.503	9.94914483298547e-18	APOBEC3G	c4
4.47674602150889e-22	-2.94944145441954	0.017	0.092	1.50839480448721e-17	IKZF4	c4
4.58822910927883e-22	-0.770100575688687	0.345	0.442	1.54595791608041e-17	IL2RB	c4
5.00090494410419e-22	-4.4710650611596	0.006	0.074	1.68500491186647e-17	GEM	c4
7.13723005183121e-22	-1.28649598936461	0.115	0.219	2.40481829366401e-17	IL21R	c4
8.35306021750923e-22	0.659357811774291	0.343	0.23	2.81448010968756e-17	SKIL	c4
8.53438849574579e-22	0.138724396175969	1	0.987	2.87557685975659e-17	RPL10A	c4
9.10135707338876e-22	0.311508684408845	0.999	0.979	3.06661125230761e-17	RPL26	c4
1.04072711375354e-21	0.519853990235087	0.333	0.217	3.50662593708119e-17	ADAM8	c4
1.89340016377384e-21	-1.87155554777623	0.046	0.133	6.37962251181959e-17	MYL6B	c4
2.20765760980404e-21	-0.579137857355145	0.534	0.58	7.43848155047373e-17	COX5A	c4
2.33344402445104e-21	0.550884532809117	0.336	0.225	7.86230629598532e-17	SOCS3	c4
2.3757501875764e-21	-7.84114540750262	0	0.061	8.00485268201992e-17	PCAT29	c4
2.57498202644404e-21	0.713818281199027	0.2	0.114	8.67614443990055e-17	TRABD2A	c4
2.58641893194579e-21	0.105717388101427	1	0.994	8.71467994929814e-17	RPL18	c4
2.73939639038559e-21	0.679747188367471	0.196	0.111	9.23012219776521e-17	LGALS3BP	c4
2.74474289243593e-21	-7.8247375983328	0	0.061	9.24813670177363e-17	LAYN	c4
3.12199159756125e-21	0.195198741583058	0.987	0.931	1.05192384888229e-16	CALM1	c4
3.15579236787159e-21	-0.427024183701196	0.664	0.689	1.06331268043065e-16	ATPIF1	c4
3.66464933066362e-21	0.491071836595365	0.388	0.264	1.2347669454738e-16	NMRK1	c4
4.10026578335014e-21	1.70536134239172	0.038	0.01	1.381543553042e-16	F2RL1	c4
4.20835333276746e-21	0.588677893214896	0.28	0.177	1.41796257194267e-16	ELK3	c4
4.9527531684329e-21	-0.254707684295551	1	1	1.66878065257178e-16	MALAT1	c4
5.3663041859775e-21	1.14320375478018	0.095	0.042	1.80812253242326e-16	IL18RAP	c4
5.66177087239027e-21	0.552338656692016	0.302	0.192	1.90767707774318e-16	TLE4	c4
5.99705619620418e-21	0.336224410427929	0.503	0.35	2.02064811474904e-16	FAM65B	c4
6.99908836437047e-21	0.697090126045979	0.344	0.236	2.35827283349099e-16	GADD45B	c4
8.43028603884037e-21	-1.0296850237002	0.519	0.523	2.84050057792687e-16	CTSW	c4
8.45240344392719e-21	0.740670177688002	0.172	0.094	2.84795281639683e-16	SSBP2	c4
1.48378956593069e-20	-6.15806320670268	0.001	0.062	4.99948056344686e-16	ZBED2	c4
1.75813567444054e-20	-3.08671361986408	0.014	0.083	5.92386234145997e-16	ICA1	c4
1.86712661154612e-20	-0.390017406264471	0.959	0.939	6.2910964049435e-16	RPS26	c4
1.93980049371205e-20	0.750732565235384	0.202	0.117	6.53596378351338e-16	CDK5RAP1	c4
2.20503179403204e-20	0.40812843690847	0.936	0.861	7.42963412681157e-16	RPL17	c4
2.30553802757237e-20	-3.92816474174002	0.004	0.067	7.76827983010233e-16	LMCD1	c4
2.50729377182079e-20	0.268301750466034	0.612	0.462	8.44807563477297e-16	PBXIP1	c4
2.81796634422784e-20	-2.13762471715332	0.06	0.146	9.49485580024128e-16	AC133644.2	c4
3.00567751081898e-20	-0.875285976820279	0.258	0.361	1.01273298049535e-15	PYHIN1	c4
3.12975597743515e-20	-3.00255897397848	0.02	0.091	1.054539979037e-15	AC017002.1	c4
3.32487481706455e-20	-0.330522164026027	0.969	0.952	1.12028332086173e-15	SRGN	c4
3.88561468651092e-20	-1.66457591458628	0.051	0.137	1.30921901247299e-15	SPATS2L	c4
4.73250304434709e-20	1.09126818557384	0.085	0.036	1.59456957576231e-15	CH17-373J23.1	c4
6.01720096263851e-20	0.318826091223404	0.556	0.412	2.02743569235142e-15	SCML4	c4
6.90762886204904e-20	-2.79342677774024	0.013	0.08	2.3274564687788e-15	ASB2	c4
6.9160189248021e-20	-1.31174892510416	0.091	0.186	2.33028341652282e-15	ACTA2	c4
8.06120594225024e-20	-5.26365548535951	0.002	0.061	2.7161427301818e-15	CPM	c4
2.11363343037749e-19	-2.57731179479614	0.02	0.089	7.12167648031391e-15	DTHD1	c4
2.1512050400422e-19	1.39067090890112	0.056	0.02	7.2482702619182e-15	SPINK2	c4
2.17528722064071e-19	1.03987431358663	0.098	0.045	7.32941276122681e-15	CCR2	c4
2.1841315618442e-19	-2.69944663357099	0.016	0.083	7.35921288447786e-15	CD38	c4
2.51786689281606e-19	0.444069019857996	0.345	0.233	8.48370070865443e-15	CDC14A	c4
2.87182335209042e-19	0.523092421442068	0.269	0.169	9.67632160253347e-15	LSR	c4
2.94258912552026e-19	0.630944030184563	0.2	0.116	9.91475979952798e-15	SYTL2	c4
3.03015124387883e-19	1.1389930730228	0.072	0.029	1.02097916011253e-14	AF213884.2	c4
4.4404894635995e-19	-1.5621310166061	0.123	0.217	1.49617851986522e-14	OAS1	c4
4.84584116495532e-19	-0.70119535639431	0.795	0.768	1.63275772212005e-14	LY6E	c4
5.08096816750683e-19	0.77967634597656	0.153	0.083	1.71198141435975e-14	SFMBT1	c4
5.262807980808e-19	-0.416414794942296	0.653	0.663	1.77325052105345e-14	SHFM1	c4
5.83541513169284e-19	-0.479231211472569	0.601	0.639	1.96618477447259e-14	CALM3	c4
5.84031073715674e-19	0.370100512634201	0.632	0.503	1.96783429977759e-14	OSTF1	c4
6.90249127602622e-19	1.78807967999165	0.034	0.009	2.32572541054427e-14	ZNF365	c4
8.4431929072938e-19	0.313021230779598	0.821	0.718	2.84484941818357e-14	CIB1	c4
1.05188467135518e-18	-1.43154190581145	0.273	0.353	3.54422021166413e-14	MX1	c4
1.1105674034196e-18	-0.233152556672658	1	0.991	3.741945809082e-14	PFN1	c4
1.55794164630471e-18	-5.57912443200548	0.001	0.056	5.2493285830591e-14	PDE7B	c4
1.78675073767513e-18	-3.49205514575902	0.007	0.066	6.02027793552257e-14	TNIP3	c4
2.05768359801036e-18	0.123062347171618	0.991	0.967	6.93315911513612e-14	MT-ND5	c4
2.13606419041352e-18	0.692246907348715	0.133	0.069	7.19725468317931e-14	CTD-2562J15.6	c4
3.1187945970225e-18	0.386005580552244	0.513	0.387	1.05084665152076e-13	CCDC107	c4
3.16613974249044e-18	0.367402100858294	0.997	0.984	1.06679912483473e-13	AC090498.1	c4
3.27243005342495e-18	-1.86783056342506	0.043	0.119	1.102612582201e-13	ETV7	c4
3.78030852326429e-18	-2.80869841456947	0.013	0.074	1.27373715382867e-13	KLRK1	c4
4.09384151415699e-18	-0.163347078327125	0.997	0.986	1.37937895978006e-13	CD3E	c4
4.50268173608429e-18	0.962043600061146	0.103	0.05	1.51713358415624e-13	SMIM3	c4
4.76054617052867e-18	0.953607906281155	0.09	0.041	1.60401842669793e-13	SBF2	c4
4.94215817484711e-18	2.17121457679978	0.019	0.003	1.66521077543299e-13	SLC4A10	c4
5.11235653962238e-18	0.988676035391218	0.075	0.032	1.72255741246037e-13	PLCB1	c4
5.85811102023625e-18	-0.398234925194772	0.646	0.661	1.9738319271584e-13	WDR83OS	c4
6.19146975476245e-18	0.448205730493663	0.393	0.277	2.08615381916966e-13	RGS14	c4
6.32220852985924e-18	-0.524781286110573	0.485	0.552	2.13020494205077e-13	PRKCH	c4
6.69485840030072e-18	0.673990808783436	0.315	0.217	2.25576558939732e-13	PHLDA1	c4
6.89773510560472e-18	0.213799391254752	0.865	0.748	2.32412286648246e-13	ZFP36L1	c4
8.05817483221856e-18	0.399768978509601	0.484	0.36	2.71512142796772e-13	PDE4B	c4
8.7041516756272e-18	1.72500730645938	0.03	0.008	2.93277686558583e-13	ACE	c4
9.16925228839804e-18	0.518915944588391	0.286	0.187	3.08948786605284e-13	SH3BP5	c4
9.35129105733904e-18	2.25986208777271	0.02	0.004	3.15082400885982e-13	GREM2	c4
1.20125722763495e-17	-0.370517511804522	0.664	0.674	4.04751610279318e-13	ATP5J2	c4
1.33810649665406e-17	-5.01621159490136	0.002	0.054	4.50861602982618e-13	YBX3	c4
1.38385086005432e-17	-0.248442904238356	0.92	0.889	4.66274708786704e-13	SUMO2	c4
1.43820112278855e-17	0.449696841678748	0.38	0.27	4.84587486312375e-13	LPIN2	c4
1.44738125383116e-17	-1.54680017210806	0.067	0.148	4.87680639665872e-13	STAM	c4
1.77899477242408e-17	0.778913946422983	0.134	0.072	5.99414498620569e-13	GALNT6	c4
1.88398609041253e-17	0.307019783479489	0.759	0.623	6.34790273303598e-13	MCL1	c4
1.91144011763654e-17	0.382036754663917	0.639	0.522	6.44040633236457e-13	RGCC	c4
2.39783409298272e-17	-1.19984923931093	0.127	0.217	8.07926219289598e-13	ACP5	c4
2.49173487308028e-17	-2.42513617889889	0.028	0.095	8.39565148135671e-13	HAVCR2	c4
2.52204663472808e-17	0.687655228023686	0.156	0.087	8.49778393105278e-13	MGAT5	c4
2.59262321209106e-17	-2.79782403994534	0.01	0.068	8.7355846508196e-13	CAMK1	c4
2.70892085881568e-17	0.208970756985523	0.887	0.755	9.12743794169354e-13	GIMAP7	c4
2.89821527354526e-17	-1.309488761958	0.087	0.171	9.7652465426834e-13	NINJ2	c4
3.90745256061862e-17	-6.71046626366366	0.001	0.052	1.31657706577484e-12	IGFL2	c4
4.66405666857098e-17	-0.214724832387102	0.972	0.945	1.57150725390831e-12	ATP5G2	c4
4.80339423337565e-17	0.306214371892866	0.957	0.893	1.61845565299359e-12	HSP90AA1	c4
5.35115142479937e-17	-3.00434093626614	0.01	0.067	1.8030169610719e-12	CDCA7	c4
5.45301927843465e-17	-2.67792157252515	0.014	0.073	1.83734031567577e-12	CPNE2	c4
5.77014753462345e-17	0.659267275215939	0.196	0.12	1.94419351031603e-12	NUDT14	c4
5.92213729761529e-17	-4.37609143789831	0.006	0.059	1.9954049410585e-12	KLRC1	c4
5.92492217499462e-17	0.921870697005827	0.09	0.042	1.99634327764269e-12	LINC01215	c4
6.05940588025432e-17	1.23941298072982	0.059	0.023	2.04165621729289e-12	RP4-575N6.4	c4
8.60482433257462e-17	0.136530082929098	0.975	0.9	2.89930951061769e-12	S100A6	c4
8.83552142497914e-17	0.845644181995293	0.228	0.147	2.97704058893247e-12	MID1IP1	c4
9.96372071537948e-17	0.626998169739864	0.223	0.141	3.35717605783996e-12	RARA	c4
1.08851517142728e-16	1.80639300581436	0.032	0.009	3.66764301860709e-12	WNT7A	c4
1.18105783631848e-16	0.665329594324499	0.499	0.396	3.97945627369147e-12	HSPA1B	c4
1.20342081015307e-16	0.725772986533235	0.134	0.073	4.05480607772977e-12	EFCAB2	c4
1.30374055210171e-16	0.756932237332648	0.169	0.101	4.39282341625151e-12	ADAM19	c4
1.3192588370538e-16	0.251888863379095	0.795	0.672	4.44511072556908e-12	ABRACL	c4
1.3647307730671e-16	-10.2708587402422	0	0.047	4.59832386677229e-12	KRT86	c4
1.40959353776111e-16	0.553188274114546	0.176	0.102	4.7494844661323e-12	ITGA6	c4
1.42050798526962e-16	-2.39225924532051	0.02	0.08	4.78625960556745e-12	TTN	c4
1.43563756554593e-16	1.22468045210872	0.06	0.024	4.83723721335046e-12	VIPR1	c4
1.47557770052256e-16	-0.393386148826262	0.681	0.697	4.97181150414071e-12	PSMB8	c4
1.56011445009717e-16	0.617447591297512	0.252	0.166	5.25664962815739e-12	UBXN11	c4
1.62793931270254e-16	-0.242281851422991	0.941	0.911	5.48517872021994e-12	RHOA	c4
1.7063174282361e-16	-0.238664496652239	0.962	0.934	5.74926594269872e-12	CD3D	c4
1.94919919726119e-16	-0.383515664420094	0.672	0.701	6.56763177525186e-12	WIPF1	c4
1.95847464829381e-16	0.428518585225916	0.308	0.206	6.59888447996116e-12	STMN3	c4
1.98246624986343e-16	-0.673707781220708	0.394	0.466	6.67972178228985e-12	NFATC2	c4
2.09718011337167e-16	1.00016746712336	0.092	0.044	7.06623867399451e-12	RP1-313I6.12	c4
2.36580569197413e-16	-2.23024673668057	0.03	0.095	7.97134569853762e-12	RTKN2	c4
2.42186513750315e-16	-2.77205260092256	0.017	0.076	8.16023239430312e-12	ADTRP	c4
2.62374267785861e-16	0.437035105948252	0.277	0.181	8.8404385787768e-12	KLF3	c4
2.73587010388924e-16	0.701585050254967	0.197	0.122	9.21824072804439e-12	JAZF1	c4
3.07816010985186e-16	-2.75515976779386	0.009	0.063	1.03715526741349e-11	MSC	c4
3.10088373777096e-16	-3.63819263227529	0.004	0.053	1.04481176660455e-11	HACD1	c4
3.23369355161515e-16	-3.98433914073615	0.005	0.055	1.08956070528121e-11	ENTPD1	c4
3.24721554416811e-16	-0.78329384037928	0.29	0.373	1.094116805452e-11	APOBEC3C	c4
4.33150305019172e-16	-4.26106889471699	0.003	0.051	1.4594566377316e-11	CD244	c4
4.36148588278131e-16	1.32004671096299	0.051	0.019	1.46955905334434e-11	RP4-539M6.22	c4
4.71426866621399e-16	-5.81169933894557	0.001	0.048	1.58842568439414e-11	CD79A	c4
4.81854361711845e-16	0.415638980702727	0.366	0.259	1.62356008635189e-11	UPP1	c4
4.94978235537461e-16	0.163003511378111	0.671	0.508	1.66777966681992e-11	TC2N	c4
5.99286121165517e-16	1.14070588756057	0.077	0.035	2.01923465665509e-11	LOXL1-AS1	c4
6.60843489043092e-16	3.11881672477223	0.011	0.001	2.2266460519818e-11	LTK	c4
6.67523799244189e-16	0.13540875247037	0.999	0.993	2.24915468917337e-11	MT-ATP6	c4
7.09889326793241e-16	-0.231002033230286	0.97	0.947	2.39190109769715e-11	PPDPF	c4
7.95762357770615e-16	1.0783072302633	0.083	0.039	2.68124168827231e-11	DSE	c4
9.75293780664928e-16	-4.84909952416532	0.001	0.047	3.28615486457241e-11	MYO7A	c4
1.01219544915933e-15	2.31538668265022	0.017	0.003	3.41049134639743e-11	TSPAN15	c4
1.02316271732879e-15	0.348270301786859	0.381	0.273	3.44744445976761e-11	PRNP	c4
1.07298546310129e-15	0.454302527824183	0.57	0.456	3.61531721937348e-11	TUBA1A	c4
1.14873593594495e-15	0.29715472815881	0.539	0.403	3.87055086257293e-11	ATP1A1	c4
1.14976968521602e-15	0.406525620554814	0.384	0.278	3.87403397736684e-11	LIX1L	c4
1.32968373774302e-15	-0.580640152514183	0.44	0.499	4.48023638595134e-11	ARPC5L	c4
1.44076132466301e-15	0.122455132755652	0.993	0.96	4.85450120731955e-11	RPL4	c4
1.46687081477096e-15	-1.3760079648433	0.059	0.132	4.94247452328926e-11	RIN3	c4
1.55377500645035e-15	-4.19587956308234	0.002	0.048	5.23528950673382e-11	GFOD1	c4
1.61783036196606e-15	-5.53928786216899	0.001	0.047	5.45111762160843e-11	KLRC3	c4
1.63124261989127e-15	0.213980003127278	0.857	0.753	5.49630888346163e-11	RPL36A	c4
1.64083964924857e-15	-1.33067057282536	0.06	0.133	5.52864511417813e-11	SYT11	c4
1.68378169082865e-15	0.26566801338732	0.752	0.625	5.67333402907806e-11	SNHG8	c4
1.82610328273508e-15	0.139195273534907	0.614	0.485	6.15287240084757e-11	TUBA1B	c4
2.14727169533579e-15	-0.312626972466065	0.89	0.855	7.23501725026443e-11	PSMB9	c4
2.7425835400119e-15	0.291288915039767	0.534	0.399	9.2408609797161e-11	HNRNPUL1	c4
2.97218454834729e-15	0.347723502378065	0.362	0.259	1.00144786172014e-10	ABLIM1	c4
3.01811076219971e-15	-0.582139458008208	0.431	0.498	1.01692224021557e-10	CBLB	c4
3.04800332610147e-15	1.76920754985753	0.026	0.007	1.02699424069663e-10	CXCL16	c4
3.13215260902359e-15	-0.297678183181362	0.852	0.824	1.05534750008441e-10	SUB1	c4
3.18357628749257e-15	-0.781855637845185	0.45	0.492	1.07267419430775e-10	CARD16	c4
3.55664992722013e-15	-0.724026698004129	0.444	0.506	1.19837762647755e-10	TRBC1	c4
3.92652006173689e-15	0.17929269747386	0.967	0.904	1.32300166960163e-10	MYL12B	c4
3.93908788681433e-15	2.15231354025467	0.018	0.004	1.32723627258322e-10	COLQ	c4
4.14216225383447e-15	-1.03937444130447	0.11	0.191	1.39566014980699e-10	USP11	c4
4.43261432466865e-15	-5.37517209086949	0.001	0.045	1.49352507055385e-10	ADGRG1	c4
4.51969803822712e-15	0.704046299714509	0.163	0.097	1.52286705700025e-10	PER1	c4
4.57362282633249e-15	0.140234588638704	0.999	0.987	1.54103647510447e-10	RPL21	c4
4.8562905780514e-15	1.74155943800662	0.031	0.009	1.63627854736864e-10	LINC00309	c4
5.42064996653248e-15	0.246308534859836	0.581	0.449	1.82643379972345e-10	CAMK4	c4
5.51101709631861e-15	-0.302639003153333	0.788	0.779	1.85688210043359e-10	PSMA7	c4
5.62341232983061e-15	-2.24144198602317	0.017	0.072	1.89475255041313e-10	SCCPDH	c4
6.72152243070547e-15	-1.16646446869405	0.054	0.125	2.2647497678019e-10	GK	c4
6.85768407298655e-15	0.724963011672181	0.137	0.078	2.31062807155209e-10	INADL	c4
7.3029189930143e-15	-0.590771010428395	0.401	0.47	2.46064552550624e-10	IKZF3	c4
7.99104871126601e-15	0.113932905646548	1	0.997	2.69250395277397e-10	RPS27	c4
8.01984454132317e-15	-0.184252855774448	1	0.996	2.70220641975343e-10	HLA-A	c4
8.16705536793066e-15	0.191482265651073	0.589	0.44	2.75180763567056e-10	ANXA2	c4
8.55241238225921e-15	-2.10927409441031	0.018	0.073	2.88164982807842e-10	CHN1	c4
8.78873323399001e-15	0.106634456276757	1	0.993	2.96127577586059e-10	RPL23A	c4
8.98692553408594e-15	0.84798002747734	0.111	0.06	3.02805468945492e-10	CDKN2C	c4
9.44955687356965e-15	0.456727767974312	0.222	0.142	3.18393369298056e-10	KMT2E-AS1	c4
9.65474553927327e-15	0.596540005513311	0.221	0.144	3.25306996200274e-10	UBE2Q2	c4
1.02256153388305e-14	-2.12539694317375	0.022	0.079	3.44541883226556e-10	SARDH	c4
1.0806871681256e-14	0.539151807469612	0.174	0.104	3.6412673442824e-10	TMEM71	c4
1.11512603482971e-14	0.227956470519726	0.658	0.532	3.75730566175523e-10	RNASET2	c4
1.1507505677448e-14	-0.547698945995708	0.746	0.726	3.87733896295933e-10	ISG20	c4
1.16381286318081e-14	0.339514137744797	0.492	0.378	3.92135106120141e-10	OSBPL8	c4
1.17612868750392e-14	-0.627578674172812	0.665	0.678	3.9628479996757e-10	CD7	c4
1.24372392958527e-14	-1.45666831782427	0.059	0.128	4.19060340834461e-10	GALNT2	c4
1.27857866390466e-14	0.423255622736674	0.747	0.653	4.30804295016037e-10	CRIP1	c4
1.45983318882624e-14	0.232987687191732	0.704	0.578	4.91876194643113e-10	EMB	c4
1.77588301142224e-14	0.901984764266473	0.087	0.043	5.98366021868609e-10	LDOC1	c4
2.25976203726614e-14	-0.625021625613702	0.364	0.431	7.61404220836454e-10	IDH2	c4
2.346579863266e-14	-1.73893352005588	0.078	0.15	7.90656619128845e-10	MIR155HG	c4
2.39098127808177e-14	0.421226554479858	0.258	0.172	8.05617231836873e-10	SATB1	c4
2.41388197490246e-14	-0.806243899513917	0.202	0.286	8.13333392623634e-10	SLAMF6	c4
2.5521768171499e-14	-0.477936882752894	0.501	0.56	8.59930456770487e-10	IFI16	c4
2.67335861208904e-14	0.192503397388669	0.921	0.834	9.00761450757282e-10	CD44	c4
2.93379575248736e-14	-3.88275974502447	0.004	0.048	9.88513140843091e-10	LINC01480	c4
3.06086903030417e-14	0.488493036803078	0.23	0.151	1.03132921107069e-09	CERK	c4
3.54702361942081e-14	0.403652453837393	0.375	0.272	1.19513413832765e-09	NFKB1	c4
3.5726231925583e-14	0.647514636481018	0.127	0.071	1.20375965850059e-09	CD300A	c4
3.67600825476728e-14	-0.85558879579902	0.175	0.257	1.23859422136129e-09	RFTN1	c4
3.82947855097548e-14	-7.52991289397593	0	0.04	1.29030450296568e-09	GNG4	c4
3.99922927322938e-14	-0.239514305378054	0.879	0.853	1.34750031132191e-09	UBL5	c4
4.03434198122608e-14	0.125390370099912	0.998	0.978	1.35933118715432e-09	RPL27	c4
4.31482951986175e-14	0.509039111954362	0.247	0.166	1.45383865842222e-09	ABHD13	c4
4.44640744341253e-14	0.670389316565946	0.116	0.063	1.49817252398342e-09	FXYD1	c4
4.52429394255581e-14	1.27714717017652	0.033	0.011	1.52441560100475e-09	SPON1	c4
4.56272489703549e-14	1.64063802069098	0.028	0.008	1.53736452680714e-09	METTL21B	c4
4.92165964068534e-14	-7.33984932370606	0	0.04	1.65830399933252e-09	EBI3	c4
6.32680300455926e-14	-1.20137523801914	0.093	0.166	2.1317530043562e-09	GABARAPL1	c4
6.54821122088575e-14	-2.62909824387477	0.013	0.061	2.20635428876524e-09	C1orf21	c4
6.6193868447077e-14	-1.18063389225886	0.168	0.244	2.23033620345581e-09	CXCR6	c4
8.17049829637912e-14	0.41733999616588	0.422	0.322	2.75296769598198e-09	IL27RA	c4
9.89752648066152e-14	-0.340088932933523	0.831	0.799	3.33487257239409e-09	SOD1	c4
9.931424611351e-14	-0.194136082931845	0.944	0.917	3.34629420854861e-09	SRP14	c4
1.06622882588713e-13	0.775344050940477	0.096	0.05	3.59255140594409e-09	GNAQ	c4
1.07173079522656e-13	0.121010232599211	0.826	0.691	3.61108974143638e-09	SPOCK2	c4
1.12327927584716e-13	0.356004957176119	0.304	0.214	3.78477719203942e-09	GLUL	c4
1.22243616352283e-13	-0.672209155119807	0.29	0.37	4.11887640937384e-09	PHYKPL	c4
1.43393694802763e-13	0.105996043990415	0.988	0.951	4.83150715268429e-09	RPL7	c4
1.46781682817223e-13	-2.39433082458167	0.037	0.094	4.9456620208435e-09	IFIT1	c4
1.49932144265601e-13	-2.11824064653656	0.021	0.073	5.05181366888516e-09	ZC2HC1A	c4
1.56129660272814e-13	-4.43823930583275	0.002	0.042	5.26063277323220e-09	AKAP5	c4
1.66651820533284e-13	-0.721474260900282	0.228	0.308	5.61516644104848e-09	IFI27L2	c4
1.79665761287934e-13	-0.444069043548975	0.524	0.569	6.05365816083564e-09	NCOR1	c4
1.84650104545379e-13	-1.13773747209164	0.14	0.216	6.221600622552e-09	PLSCR1	c4
1.93661407655154e-13	-1.34257070383145	0.361	0.413	6.52522746953276e-09	ISG15	c4
2.04715114857946e-13	-1.38386141202314	0.056	0.12	6.89767108002365e-09	METTL8	c4
2.10514878177057e-13	-2.74700488342078	0.013	0.06	7.09308830529777e-09	CXCR5	c4
2.14186931711854e-13	0.424700101308838	0.334	0.242	7.2168144770992e-09	TMBIM1	c4
2.15560678586293e-13	0.367027937050071	0.41	0.306	7.26310150428657e-09	LYSMD2	c4
2.3290533295253e-13	-1.75856546557231	0.032	0.088	7.84751228850255e-09	INPP5F	c4
2.48343027732934e-13	0.405918192174523	0.244	0.163	8.36766997643347e-09	CD55	c4
2.57678787360514e-13	0.760229997779615	0.134	0.079	8.68222906132516e-09	BAG3	c4
2.65995504071783e-13	1.83237778097482	0.025	0.007	8.96245251419467e-09	GRASP	c4
2.75548137633885e-13	-0.346285018075735	0.748	0.717	9.28431894943611e-09	GNG5	c4
2.77585516224826e-13	-2.25623228898198	0.012	0.058	9.35296638367927e-09	COL9A2	c4
2.8001580128449e-13	0.330892873719937	0.42	0.317	9.43485240847959e-09	DSTN	c4
2.84399134997087e-13	-0.865798953368542	0.272	0.346	9.58254445459185e-09	IRF7	c4
3.06384785138524e-13	1.16558483307149	0.075	0.037	1.03233289504574e-08	CACNA2D4	c4
3.0943389293831e-13	-2.16200892436003	0.018	0.068	1.04260655886634e-08	DFNB31	c4
3.37121128547628e-13	0.26165578537122	0.696	0.575	1.13589593052838e-08	EIF5A	c4
3.49600470914562e-13	0.531441061124731	0.179	0.113	1.17794382669953e-08	PPP3CA	c4
3.59948923999498e-13	2.54810309138387	0.012	0.002	1.21281190452391e-08	S100A9	c4
3.65597965698451e-13	1.0039909998406	0.059	0.026	1.23184578562436e-08	ACVR2A	c4
3.85690349541952e-13	-0.273730806302787	0.756	0.765	1.29954506374665e-08	PRR13	c4
4.14613777864139e-13	2.48994916740241	0.018	0.004	1.39699966313543e-08	HBEGF	c4
4.54307931577957e-13	-1.32813627144357	0.333	0.394	1.53074514465877e-08	IFI6	c4
4.73661413070787e-13	1.08143441361874	0.048	0.019	1.59595476520071e-08	ZBTB16	c4
4.75257624392307e-13	-1.1829210933266	0.273	0.338	1.60133303962744e-08	CMC1	c4
4.90018824895703e-13	-0.457530907828127	0.463	0.508	1.65106942860358e-08	POMP	c4
5.30756480616609e-13	0.710270429915648	0.084	0.042	1.7883308857896e-08	MDS2	c4
5.62190741648937e-13	-1.48682522401884	0.046	0.105	1.89424548491193e-08	USP18	c4
5.79911330860806e-13	-5.58383095761668	0.001	0.039	1.9539532382024e-08	TTC24	c4
5.87820491288253e-13	-6.43445220498372	0.001	0.038	1.98060236334664e-08	IL21	c4
5.95063753268823e-13	0.263821170932121	0.651	0.536	2.00500781026397e-08	IDS	c4
6.09723403600367e-13	1.0743113292424	0.058	0.026	2.05440203609108e-08	VCL	c4
6.53293535490271e-13	-0.282672085194604	0.738	0.739	2.20120723848092e-08	UQCR10	c4
6.68985289326185e-13	0.330787134429854	0.351	0.255	2.25407903385565e-08	PBX4	c4
6.83075390500367e-13	-1.25974352692604	0.059	0.123	2.30155422075194e-08	ZNRF1	c4
8.3523971562848e-13	-1.16789851216002	0.09	0.16	2.8142566978386e-08	LGALS9	c4
8.99275760281466e-13	0.204452216272352	0.669	0.538	3.03001974669237e-08	TMEM123	c4
9.34438350157274e-13	0.311884958009264	0.338	0.246	3.14849657701992e-08	NFKB2	c4
1.01280386546374e-12	0.174877618275115	0.897	0.8	3.41254134429354e-08	HSP90AB1	c4
1.11597952911733e-12	0.180175637399891	0.858	0.766	3.76018142540793e-08	LEPROTL1	c4
1.18176457995085e-12	-0.220344787265275	0.929	0.886	3.98183757568639e-08	ARPC3	c4
1.22629236898459e-12	0.19663703187869	0.516	0.388	4.13186950805666e-08	STOM	c4
1.37652156097978e-12	0.85396976846235	0.116	0.067	4.63805174756527e-08	CTSH	c4
1.44137996818795e-12	0.458359131205524	0.385	0.292	4.85658566481249e-08	HIST1H1D	c4
1.44138940430345e-12	0.979970246347235	0.074	0.037	4.85661745886005e-08	PGLYRP2	c4
1.70256644263069e-12	-0.438381705719699	0.688	0.694	5.73662737179985e-08	RNF213	c4
1.76730158639027e-12	-1.9136009253468	0.02	0.068	5.95474596518338e-08	VNN2	c4
1.77354465308545e-12	0.319380907498297	0.309	0.218	5.97578135410612e-08	KCNA3	c4
1.94172095077772e-12	-0.33746170745795	0.809	0.799	6.54243457155046e-08	HMGN2	c4
2.05732437792298e-12	0.702997108293209	0.166	0.106	6.9319487589737e-08	MYC	c4
2.09143095379749e-12	0.856966345283855	0.066	0.031	7.04686745572526e-08	VSIG1	c4
2.13467157827671e-12	-1.42359447237047	0.039	0.095	7.19256241584555e-08	AHI1	c4
2.16613012385648e-12	1.61478537071871	0.049	0.021	7.29855883932201e-08	CCL20	c4
2.1842637661107e-12	-5.30536054718897	0.001	0.036	7.35965833353338e-08	METTL7A	c4
2.2383870987878e-12	-2.75983381038001	0.009	0.051	7.54202149065561e-08	CCDC141	c4
2.24370229461983e-12	0.40864625447434	0.204	0.134	7.55993051149206e-08	TNF	c4
2.25617472522851e-12	-4.92995539878994	0.001	0.037	7.60195511918494e-08	UNQ6494	c4
2.46933422183128e-12	-6.86190063317028	0	0.034	8.32017472703833e-08	LHFP	c4
2.61385427805174e-12	0.420339226215223	0.226	0.151	8.80712060446754e-08	RP11-707G18.1	c4
2.69782864163627e-12	-0.674475750440835	0.278	0.348	9.09006382512924e-08	RAB27A	c4
2.72845321397324e-12	-4.17485602718434	0.002	0.038	9.19325025916144e-08	C16orf45	c4
2.76911883885545e-12	-2.63679748271194	0.014	0.058	9.33026901563957e-08	BHLHE40-AS1	c4
3.2758955755772e-12	-0.609493743900521	0.477	0.516	1.10378025523498e-07	CTSC	c4
3.277145953462e-12	0.571385973376724	0.164	0.103	1.10420155755949e-07	MPZL3	c4
3.82871141935259e-12	-0.780439783111351	0.182	0.257	1.29004602563666e-07	GRINA	c4
3.93857471875459e-12	-4.67011736548851	0.001	0.037	1.32706336573717e-07	MIR181A1HG	c4
3.97620468442929e-12	0.550736221321492	0.133	0.079	1.3397424063716e-07	CHD7	c4
4.22187131462088e-12	-1.33054844571511	0.041	0.097	1.42251732074836e-07	MPST	c4
4.23108776455852e-12	-1.07443525846149	0.092	0.158	1.42562271139035e-07	PAM	c4
4.25327443029333e-12	0.584788101703317	0.148	0.09	1.43309828654303e-07	TPD52	c4
4.35797773742383e-12	0.630297534287102	0.136	0.082	1.46837701884759e-07	FRMD4B	c4
4.37625235417209e-12	0.233559393456963	0.443	0.337	1.47453446821474e-07	NELL2	c4
5.19486406218196e-12	0.156675373422144	0.809	0.682	1.75035749711159e-07	PLP2	c4
5.64264476834576e-12	1.22938242466443	0.04	0.015	1.90123272824642e-07	SEMA4C	c4
5.88303039635433e-12	-0.295536910771409	0.776	0.744	1.98222826174763e-07	COX8A	c4
6.60142382584601e-12	0.498808905993996	0.171	0.109	2.22428374388056e-07	RASSF3	c4
6.97779139112611e-12	-0.292591329443868	0.711	0.699	2.35109703132603e-07	ATP5G3	c4
7.00702899858398e-12	-1.24152473909727	0.061	0.122	2.36094835078288e-07	CCR5	c4
7.14703109080311e-12	0.276454937519913	0.555	0.446	2.4081206557352e-07	TMED10	c4
7.68560447384489e-12	-2.29847867815917	0.011	0.052	2.5895875714173e-07	F5	c4
7.7612904716498e-12	-0.141347283522398	1	0.995	2.61508921151768e-07	HLA-C	c4
8.02006189724728e-12	-1.65901040835039	0.05	0.105	2.7022796556585e-07	LINC00402	c4
8.71177618914784e-12	0.377121340848306	0.231	0.156	2.93534586917147e-07	LINC00623	c4
9.31639792653923e-12	1.02989411020909	0.048	0.02	3.13906711736813e-07	RP11-89K10.1	c4
9.45156035235796e-12	-5.23978573456012	0.001	0.034	3.18460874512349e-07	HMOX1	c4
1.01183969514061e-11	1.11024513816706	0.038	0.015	3.40929266880678e-07	FMN1	c4
1.04498559505044e-11	0.28455766165729	0.45	0.354	3.52097446396296e-07	JUND	c4
1.0958502437871e-11	-0.60725722960555	0.328	0.39	3.69235781141626e-07	VOPP1	c4
1.18697450590181e-11	-0.243799725074192	0.952	0.915	3.99939190018557e-07	CYBA	c4
1.21076362900566e-11	-1.34113697476222	0.044	0.099	4.07954697157168e-07	FHL3	c4
1.26177791601561e-11	0.538688626669745	0.171	0.11	4.251434510223e-07	SMAD3	c4
1.36909998087548e-11	-0.869003587396669	0.145	0.215	4.61304547556186e-07	LINC00649	c4
1.37512907852233e-11	0.371744622703062	0.319	0.235	4.63335991717312e-07	GPR65	c4
1.46980662442734e-11	-0.205680481299874	0.931	0.888	4.95236644034547e-07	YWHAB	c4
1.50547697757411e-11	-2.27213743796416	0.016	0.059	5.07255412823821e-07	AIF1	c4
1.53343774632705e-11	-0.62747942160278	0.343	0.408	5.16676514247435e-07	ARID5B	c4
1.60576432429597e-11	1.57920439435315	0.035	0.013	5.41046231428283e-07	ID1	c4
1.67722026868904e-11	0.570599110856096	0.132	0.079	5.65122597332084e-07	CLIC5	c4
1.67905202651908e-11	0.942597826743525	0.062	0.03	5.6573978981534e-07	CFP	c4
1.72779811981535e-11	0.24540123157668	0.532	0.421	5.82164298490584e-07	ARRB2	c4
1.80441113635513e-11	0.34092991316245	0.386	0.295	6.07978288283498e-07	SYTL1	c4
1.94011771969714e-11	-0.246099714224121	0.792	0.779	6.53703264474755e-07	COX5B	c4
2.00248475964145e-11	-0.788009486923688	0.202	0.27	6.74717214913589e-07	ARHGAP25	c4
2.0674547169052e-11	-0.631830324501326	0.262	0.332	6.96608192314038e-07	NT5C	c4
2.09207474209566e-11	1.30383531409509	0.042	0.017	7.04903663601712e-07	AGPAT4	c4
2.09536892528666e-11	-5.03910197983144	0.001	0.034	7.06013605686089e-07	SOX4	c4
2.16992344099115e-11	-0.292902201025998	0.736	0.736	7.31134004207559e-07	CD3G	c4
2.21430464347009e-11	0.249688431289783	0.419	0.32	7.46087806570812e-07	ST3GAL1	c4
2.37655007553485e-11	-0.526522148479159	0.367	0.427	8.00754782450713e-07	MRPS6	c4
2.38390883896032e-11	1.67126364963552	0.025	0.008	8.03234244199289e-07	MAML3	c4
2.49267833811343e-11	0.319549716835703	0.428	0.33	8.39883039243941e-07	RGS19	c4
2.5151893292417e-11	0.60128179064021	0.144	0.09	8.47467892594697e-07	SLC39A8	c4
2.51785637170829e-11	-4.74186855906189	0.001	0.034	8.48366525883392e-07	AC069363.1	c4
2.56842277988921e-11	0.250860126395078	0.67	0.56	8.65404371455872e-07	CDKN1B	c4
2.64459623730579e-11	-2.28190279047729	0.035	0.085	8.91070256197813e-07	GNLY	c4
2.65379986201778e-11	-6.56333693534766	0	0.031	8.9417132550827e-07	MYO1E	c4
2.94455278976998e-11	-1.62462102752054	0.025	0.072	9.92137616985095e-07	PRKAR1B	c4
2.97668652710016e-11	1.29727777484497	0.029	0.01	1.00296475844113e-06	ACVR1C	c4
3.30566025298547e-11	-1.08378634290485	0.086	0.149	1.11380916564092e-06	SMC4	c4
3.36569105703795e-11	-0.314926835464732	0.71	0.723	1.13403594475837e-06	PNISR	c4
3.57778037324596e-11	-0.338559567035016	0.672	0.662	1.20549731896149e-06	PPP1CA	c4
3.94304731901721e-11	0.251945437086315	0.492	0.389	1.32857036366966e-06	ZC3HAV1	c4
4.20427356223417e-11	-1.1225487586154	0.089	0.151	1.41658793405918e-06	TIAM1	c4
4.36623828232182e-11	-0.265869907953269	0.788	0.786	1.47116032684551e-06	SON	c4
4.71906874133753e-11	-1.63267638025969	0.03	0.077	1.59004302170627e-06	KIAA1671	c4
5.58805901525056e-11	-0.818469351129828	0.232	0.298	1.88284060459852e-06	IFI35	c4
5.62062798343607e-11	-0.168352030516513	0.985	0.947	1.89381439273895e-06	RAC2	c4
5.69397066854343e-11	-2.05143634647523	0.013	0.053	1.91852647705902e-06	LINC00539	c4
6.20078046045281e-11	0.446679011024545	0.207	0.14	2.08929096834497e-06	BEX2	c4
6.29053959567438e-11	0.779615254559489	0.084	0.045	2.11953441136652e-06	DUSP5	c4
6.4660401941881e-11	-2.0410000023865	0.025	0.069	2.17866758302974e-06	SMARCD3	c4
6.56187481201076e-11	0.145621304239275	0.756	0.643	2.21095809915891e-06	HIST1H4C	c4
6.58282857208838e-11	1.80468071156247	0.018	0.005	2.21801825907946e-06	WWC2	c4
6.66598101413699e-11	-1.65853704596676	0.022	0.066	2.24603564290332e-06	MIR3142HG	c4
7.47783650190270e-11	-0.819317595411848	0.195	0.263	2.5195822309511e-06	SAMD9L	c4
7.59705051879943e-11	-1.15175307762389	0.104	0.165	2.55975020180428e-06	MIAT	c4
7.75425662486746e-11	0.407793003916	0.239	0.168	2.61271922718284e-06	TMEM204	c4
7.8263576309516e-11	-0.512660160558284	0.391	0.447	2.63701294017283e-06	ARHGAP9	c4
7.97025543151104e-11	0.297447854375652	0.469	0.373	2.68549786509333e-06	NR4A2	c4
8.15050819844016e-11	0.345837071781557	0.391	0.304	2.74623223238243e-06	GIMAP1	c4
8.65154753276797e-11	0.187482178301654	0.604	0.487	2.91505242569084e-06	ITGB1	c4
9.79219334853236e-11	-5.13095421891571	0.001	0.031	3.29938162685449e-06	CLNK	c4
1.00767129354032e-10	0.582748226847791	0.123	0.075	3.39524765645477e-06	APP	c4
1.044657333935e-10	0.102891198586053	0.995	0.965	3.5198684209606e-06	RPL31	c4
1.06236795231462e-10	-0.425996399461921	0.49	0.532	3.57954257852888e-06	SH3KBP1	c4
1.06853007529e-10	0.269802728240486	0.364	0.273	3.60030523568213e-06	RCAN3	c4
1.15982024989977e-10	0.470592958295251	0.134	0.083	3.90789835001229e-06	BACH2	c4
1.17797750376358e-10	-2.96395018239655	0.004	0.037	3.969077401181e-06	SLC27A2	c4
1.22700533893136e-10	2.32201545440862	0.01	0.002	4.13427178899532e-06	DAB1	c4
1.23944404425226e-10	-6.86614597572829	0	0.029	4.17618276270356e-06	RP11-121P12.1	c4
1.30434882012974e-10	-4.95231275027982	0.001	0.03	4.39487291454516e-06	POU2AF1	c4
1.31266320686596e-10	0.269341424788369	0.438	0.34	4.42288740921417e-06	AKIRIN1	c4
1.33806841417007e-10	-0.406209017409445	0.479	0.519	4.50848771470463e-06	NDUFC1	c4
1.33867030649318e-10	-0.283387167661998	0.779	0.753	4.51051573069811e-06	HMGN1	c4
1.38854979238508e-10	1.25454011173157	0.036	0.014	4.6785796704623e-06	CCDC65	c4
1.56107916947457e-10	-2.09119486074646	0.012	0.049	5.25990015362762e-06	VDR	c4
1.5683872708596e-10	-0.711244387994325	0.196	0.264	5.28452407043434e-06	TXNDC17	c4
1.66872800704191e-10	-0.228846679941223	0.928	0.886	5.62261214692702e-06	ARPC2	c4
1.76673652345278e-10	-4.18513868313251	0.001	0.031	5.95284204212181e-06	ANKS1B	c4
1.80765150635321e-10	-1.22215029164811	0.053	0.106	6.09070098550651e-06	PTPRJ	c4
1.97488814871375e-10	1.31334871886785	0.035	0.014	6.65418812827612e-06	CKAP4	c4
2.05543617840626e-10	0.131215240432506	0.445	0.338	6.92558665952207e-06	PRDM1	c4
2.26477106393768e-10	0.605399641032304	0.102	0.059	7.63091962283162e-06	ZSCAN18	c4
2.28774173256503e-10	-0.321986334799402	0.723	0.717	7.70831699370461e-06	LAT	c4
2.31930705477997e-10	0.676288967968491	0.076	0.04	7.81467319037562e-06	RP11-936I5.1	c4
2.38332441919959e-10	0.572156892295058	0.119	0.072	8.03037329805109e-06	NME4	c4
2.3903671415726e-10	1.06948794301536	0.04	0.017	8.0541030468147e-06	HOOK1	c4
2.46083351310694e-10	0.137692941569131	0.925	0.86	8.29153243906254e-06	CYTIP	c4
2.58133976186832e-10	0.294226673360384	0.486	0.388	8.69756619363912e-06	YME1L1	c4
2.62658397268207e-10	0.173882106332004	0.8	0.689	8.85001203755496e-06	EIF4B	c4
2.63069274166892e-10	0.405405738380312	0.223	0.156	8.86385612377927e-06	RBKS	c4
2.78075735640931e-10	-3.04687704419141	0.007	0.04	9.36948383668553e-06	ZNF80	c4
2.84219211072118e-10	0.455247316508627	0.201	0.139	9.57648209786393e-06	TIPARP	c4
2.88626688829243e-10	-0.785851189408646	0.126	0.192	9.72498765341252e-06	MIIP	c4
2.98720592285203e-10	-1.8972756765132	0.018	0.058	1.00650916364576e-05	AKAP2	c4
3.42473307315541e-10	-0.32618977605454	0.643	0.653	1.15392956166899e-05	HNRNPA3	c4
3.46679704952807e-10	0.657668427616336	0.083	0.046	1.16810259786799e-05	PDE8A	c4
3.5499822196225e-10	-0.348547113550276	0.55	0.579	1.1961310090796e-05	NDUFB10	c4
3.56446145779213e-10	0.18773603280583	0.652	0.537	1.20100964358848e-05	TNFAIP8	c4
3.64836423791121e-10	0.541702054438878	0.244	0.176	1.2292798463218e-05	CHMP1B	c4
3.68768532800243e-10	0.295887798409971	0.275	0.198	1.24252869441714e-05	SNRK	c4
3.76238317325351e-10	0.357740841218415	0.291	0.215	1.26769738639604e-05	PRKX	c4
3.76240326936794e-10	0.370328143193547	0.228	0.159	1.26770415758083e-05	CAMK1D	c4
3.85503770008963e-10	-0.988463109573809	0.082	0.14	1.2989164026682e-05	LIMA1	c4
3.97863679751498e-10	-1.49067655977781	0.08	0.137	1.3405618825547e-05	STMN1	c4
4.12000190671421e-10	1.32079831001469	0.026	0.009	1.38819344244829e-05	ZNF208	c4
4.35181678983659e-10	0.241285529943463	0.582	0.478	1.46630114916754e-05	IRF1	c4
4.46450079305793e-10	-1.53298429795529	0.022	0.063	1.50426889721294e-05	INPP1	c4
4.48363759885481e-10	-0.733136165652272	0.212	0.277	1.51071685255814e-05	PTPN22	c4
4.53407198483092e-10	1.72987137964108	0.017	0.004	1.52771021456893e-05	RP11-347C12.3	c4
4.5871776768824e-10	1.37763554925617	0.03	0.011	1.54560364644876e-05	GBGT1	c4
4.64655990735355e-10	0.223203422772343	0.561	0.457	1.56561189518371e-05	M6PR	c4
4.98888970621799e-10	-2.69518111474997	0.009	0.042	1.68095649761309e-05	IL9R	c4
5.15302647693003e-10	0.325854785114874	0.256	0.186	1.73626074113681e-05	CD226	c4
5.31735387854731e-10	0.561332124833723	0.109	0.065	1.79162921583773e-05	RELL1	c4
5.40320818104014e-10	0.689542769633416	0.109	0.066	1.82055696451966e-05	NBL1	c4
5.75159465786646e-10	-0.22995037181395	0.889	0.873	1.93794230402152e-05	FYB	c4
5.9048186274601e-10	-0.422761190241323	0.587	0.606	1.98956958833641e-05	TRAC	c4
6.30876119809763e-10	1.33724001898462	0.024	0.008	2.12567399808702e-05	RP11-356J5.12	c4
6.5833982889638e-10	0.302067482430101	0.303	0.224	2.21821021948346e-05	SENP7	c4
6.70090683922397e-10	0.6684778934476	0.11	0.066	2.25780355040812e-05	AC013264.2	c4
6.85251786986716e-10	-1.34579930139731	0.046	0.095	2.30888737107304e-05	XCL1	c4
6.8924661807292e-10	-0.381402469565933	0.628	0.637	2.3223475549349e-05	C9orf16	c4
7.06298769949566e-10	-0.16335518963067	0.949	0.922	2.37980307546807e-05	ATP5L	c4
7.25116543478885e-10	0.56766172169622	0.109	0.066	2.44320768159775e-05	AFAP1	c4
7.31229616059609e-10	0.746260629693994	0.07	0.037	2.46380506835125e-05	ZNF677	c4
7.36027838877034e-10	-0.215138364632241	0.825	0.802	2.47997220031228e-05	COX7A2	c4
7.61216962124488e-10	-0.502600744768028	0.529	0.548	2.56484443218225e-05	FCMR	c4
7.86730374385204e-10	-0.455519611032819	0.583	0.594	2.65080932345351e-05	CTSD	c4
7.88139230241175e-10	-0.816757146299165	0.165	0.228	2.65555632237462e-05	LAP3	c4
7.90874126930916e-10	-1.22160060302616	0.052	0.102	2.66477128328103e-05	GTDC1	c4
7.97122550816257e-10	1.71055833046268	0.021	0.007	2.6858247227203e-05	PANK1	c4
7.9970049583648e-10	-0.200813289786108	0.86	0.839	2.69451085067144e-05	C19orf43	c4
8.16172754290948e-10	0.210676611489759	0.39	0.294	2.75001247830792e-05	SORL1	c4
8.34307753990906e-10	-2.91308710638301	0.009	0.043	2.81111654629696e-05	DKK3	c4
9.20232599206202e-10	0.194646912846193	0.534	0.42	3.10063171976538e-05	SAMSN1	c4
9.21021314462269e-10	0.951522381048738	0.048	0.023	3.10328921694917e-05	CITED4	c4
9.2999875606472e-10	-0.471996859224335	0.642	0.637	3.13353780868447e-05	H2AFZ	c4
9.48153079454436e-10	1.55017767997408	0.02	0.006	3.19470698591378e-05	MAGI3	c4
9.59336085681702e-10	-0.859605769393173	0.18	0.244	3.23238700709593e-05	MTHFD2	c4
9.61085491209099e-10	0.254342770571567	0.297	0.218	3.23828145407994e-05	P2RY8	c4
9.72735055052755e-10	0.190205315822451	0.456	0.354	3.27753349449475e-05	GLIPR2	c4
1.0258231419648e-09	-6.17164791198727	0	0.026	3.4564084945362e-05	XXYLT1-AS2	c4
1.04190225349722e-09	-1.23638240279623	0.065	0.117	3.51058545293352e-05	NGFRAP1	c4
1.10355799523059e-09	0.684308278836277	0.11	0.067	3.71832830912994e-05	PRKD3	c4
1.11310754323688e-09	1.87361873073942	0.014	0.004	3.75050455618234e-05	SNCA	c4
1.13116953957129e-09	0.374329242396767	0.268	0.197	3.81136264663152e-05	TBC1D10A	c4
1.14835201439286e-09	0.979241115338484	0.056	0.028	3.86925727729531e-05	SLCO3A1	c4
1.16269188454134e-09	-3.10573684333499	0.014	0.05	3.91757403577358e-05	TRGV9	c4
1.21716387443614e-09	-1.43296196138302	0.089	0.145	4.10111195852513e-05	IFNG	c4
1.26828619743871e-09	0.250037623937019	0.472	0.375	4.27336351365e-05	GATA3	c4
1.36209478074251e-09	0.481047472050711	0.144	0.093	4.58944215423383e-05	FOSL2	c4
1.37600884720398e-09	1.09756066790013	0.04	0.017	4.6363242097691e-05	NDRG2	c4
1.37661945114697e-09	0.170651181866085	0.403	0.306	4.63838157869459e-05	SLAMF1	c4
1.40590585074972e-09	-1.02049630982699	0.082	0.137	4.73705917351612e-05	TSPAN17	c4
1.4261310251777e-09	-0.612529438747795	0.262	0.323	4.80520587623374e-05	DGKZ	c4
1.47689757210883e-09	0.900134451752117	0.057	0.029	4.9762586794635e-05	BEX5	c4
1.51085785489367e-09	-0.827502303563341	0.134	0.197	5.09068445627872e-05	SHMT2	c4
1.51139539089103e-09	-0.734928654199063	0.207	0.27	5.09249563006824e-05	SAMD9	c4
1.51705692537157e-09	-0.263014136315949	0.931	0.869	5.11157160434698e-05	LSP1	c4
1.5306148304804e-09	-1.23489317679953	0.048	0.095	5.15725360982066e-05	LRRC61	c4
1.56987943290751e-09	0.536157998606145	0.186	0.13	5.28955176123857e-05	ZC3H12A	c4
1.64039777266359e-09	0.185335526923133	0.419	0.323	5.52715625521269e-05	AIM1	c4
1.66499530060307e-09	-0.782882593157579	0.163	0.224	5.61003516585197e-05	MT1F	c4
1.73940642281781e-09	-2.06960321879193	0.016	0.052	5.86075600104233e-05	VAV3	c4
1.7583452235373e-09	1.66068023373122	0.025	0.009	5.92456839618657e-05	LOXL1	c4
1.8222038133736e-09	0.144559559016529	0.821	0.704	6.139733528781e-05	GPX4	c4
1.88292410071107e-09	0.143631005971425	0.851	0.759	6.34432446493589e-05	EIF3E	c4
1.91160035746698e-09	-0.931554248080954	0.072	0.127	6.44094624444926e-05	C16orf87	c4
1.93031953235956e-09	-1.31921193421615	0.043	0.089	6.50401863233231e-05	HLA-DMB	c4
1.95546616477731e-09	-2.12478403173262	0.007	0.037	6.58874769560066e-05	TRIB1	c4
2.01440491753169e-09	-0.293967229361955	0.628	0.632	6.78733592913128e-05	SH3BGRL	c4
2.02935524726945e-09	-1.0278728665605	0.054	0.103	6.83770957014967e-05	ST6GALNAC4	c4
2.03890122727497e-09	-0.741398792459558	0.204	0.262	6.86987379518027e-05	TPST2	c4
2.33914072728802e-09	0.231922722218083	0.398	0.308	7.88150076652425e-05	CDC42EP3	c4
2.46459142190451e-09	-6.98913607189057	0	0.025	8.30419433696505e-05	AC145110.1	c4
2.5244180888765e-09	0.497602671748914	0.166	0.112	8.50577430866048e-05	LINC00324	c4
2.62905393039711e-09	0.205056753173724	0.626	0.529	8.85833431308001e-05	PRMT2	c4
2.65348386527838e-09	0.498932246679145	0.202	0.143	8.94064853566897e-05	CASP6	c4
2.68534191573608e-09	-1.07946481312012	0.092	0.146	9.04799105088114e-05	MAP3K8	c4
2.74387216413585e-09	0.469977785226697	0.205	0.146	9.24520286983932e-05	ARRDC2	c4
2.76160349346628e-09	1.00114094567819	0.042	0.019	9.30494681088527e-05	BTBD11	c4
2.77248339324643e-09	0.83218924396274	0.042	0.019	9.34160554520451e-05	TJP3	c4
2.83797334736867e-09	-0.297374803844421	0.617	0.635	9.56226739662401e-05	ATP5J	c4
2.91648480182869e-09	-2.84055541062325	0.007	0.037	9.82680389128159e-05	SLC2A8	c4
2.95766364187917e-09	-0.690109631079279	0.257	0.312	9.96555187494769e-05	CHST12	c4
2.99189295088454e-09	0.267357391803907	0.396	0.312	0.000100808841087104	TES	c4
3.1093049103163e-09	-0.380367606661841	0.422	0.473	0.000104764919648197	RBBP6	c4
3.12009065774753e-09	-0.970429042724698	0.097	0.152	0.000105128334622145	RAB37	c4
3.29618734260426e-09	0.627344584196707	0.095	0.056	0.000111061736321708	ACSL6	c4
3.40822444919164e-09	1.41830969573678	0.027	0.01	0.000114836714591063	VASH1	c4
3.42428340131424e-09	0.209873939210273	0.616	0.505	0.000115377804923882	DHRS7	c4
3.43574963623294e-09	-0.501544719441566	0.443	0.473	0.000115764148243233	PPP1CC	c4
3.53252867285785e-09	2.07394296689199	0.015	0.004	0.000119025021103272	RGS18	c4
3.55934587748658e-09	0.42277540549926	0.135	0.087	0.000119928599996033	FXYD7	c4
3.67096104977498e-09	0.43386722794712	0.173	0.118	0.000123689361611118	ARNTL	c4
3.69172173336695e-09	0.41268090191306	0.184	0.127	0.000124388872084066	VPS13D	c4
3.87957233366738e-09	-0.876863029652216	0.085	0.141	0.000130718310210589	CKS2	c4
3.92614028283962e-09	-3.3932327813396	0.003	0.03	0.000132287370689998	PIK3AP1	c4
3.93277566489231e-09	-0.553760082546504	0.328	0.383	0.000132510943252881	OGT	c4
4.22162816914031e-09	0.531599449918249	0.237	0.175	0.000142243539531013	C1orf162	c4
4.23135659169791e-09	-0.199160003451124	0.893	0.873	0.000142571329000669	CIRBP	c4
4.30191029845316e-09	2.44246909088119	0.011	0.002	0.000144948565596081	TRIQK	c4
4.32269472933827e-09	-1.77247006567346	0.132	0.182	0.000145648876210324	TNFRSF18	c4
4.56773162091383e-09	0.620505369996408	0.096	0.057	0.000153905149235071	ARHGAP5	c4
4.6243705896202e-09	0.707120355358549	0.049	0.024	0.000155813542646663	C6orf99	c4
4.70271760082516e-09	-0.950017501232775	0.279	0.326	0.000158453366842203	TYMP	c4
4.72447251912618e-09	-1.11356041633915	0.072	0.123	0.000159186377059437	MAP1LC3A	c4
4.77900133074843e-09	-0.876862789993016	0.171	0.229	0.000161023670838238	PMAIP1	c4
4.99021573522255e-09	0.302602440202413	0.272	0.2	0.000168140328982589	PXN	c4
4.99237668200981e-09	0.997271123663431	0.039	0.017	0.000168213139923639	CLCF1	c4
5.08629293227534e-09	-0.52066310716889	0.333	0.39	0.000171377554060085	ZBTB38	c4
5.17055388229147e-09	0.210514831114126	0.589	0.499	0.000174216642509929	SOCS1	c4
5.40251727153127e-09	0.601975741220703	0.15	0.101	0.000182032416946974	RP11-596C23.2	c4
5.73344080348249e-09	-2.8152889104692	0.011	0.042	0.000193182554432539	CCR8	c4
5.74365612195539e-09	-0.96620820233388	0.094	0.148	0.000193526749373165	HSH2D	c4
5.91166430297702e-09	-3.84257643150541	0.001	0.027	0.000199187617024508	SUOX	c4
5.94160760409935e-09	1.04833724555408	0.031	0.013	0.000200196526612524	IL5RA	c4
6.17414152627253e-09	-4.34456696507212	0.002	0.028	0.000208031524586227	TBC1D8	c4
6.50755811883294e-09	0.247450167415643	0.397	0.308	0.000219265663255957	MFNG	c4
6.61258964741613e-09	0.687068159519377	0.085	0.049	0.000222804595580039	SMAD7	c4
6.8815244910639e-09	-2.75436296634677	0.007	0.035	0.000231866086201907	TRGV8	c4
6.94304280926268e-09	-0.705619447797671	0.157	0.217	0.000233938884415297	TSPAN5	c4
6.97251042537864e-09	-2.53591421261163	0.007	0.037	0.000234931766272708	CCR1	c4
7.18098482230623e-09	0.372063957532726	0.163	0.11	0.000241956102602786	SH3YL1	c4
7.33404910844897e-09	-3.91478721786265	0.004	0.03	0.000247113450660079	NXPH4	c4
7.39995758737059e-09	-0.788692763877891	0.158	0.215	0.000249334170948865	ABI3	c4
7.53275521562916e-09	-0.554438808193541	0.271	0.328	0.000253808654235409	HSPB11	c4
7.59050477734574e-09	-0.806760388776527	0.114	0.171	0.000255754467967887	EED	c4
7.67334054285064e-09	-0.594774157218291	0.255	0.313	0.00025854553625081	LASP1	c4
7.83343048614495e-09	0.797912351432487	0.067	0.036	0.000263939606800168	EEPD1	c4
7.87583773452366e-09	-0.435455047762467	0.428	0.464	0.00026536847662704	RAB1B	c4
8.27346183761288e-09	-3.34062972039993	0.004	0.031	0.000278766023156529	DBN1	c4
8.72630722574029e-09	-2.08033262250829	0.01	0.041	0.000294024195664093	RP11-357H14.17	c4
9.26111061068019e-09	-0.408440118296121	0.413	0.457	0.000312043860916258	NDUFA2	c4
9.28817232320019e-09	-0.156178701885363	0.946	0.897	0.000312955678257907	CHCHD2	c4
9.67938470266368e-09	-4.57658085228526	0.001	0.025	0.00032613718817155	FAIM2	c4
9.98621102246499e-09	-0.349362860666699	0.662	0.667	0.000336475394190935	KIAA1551	c4
1.00975073157521e-08	-0.632793664616394	0.206	0.267	0.000340225411496951	SLA2	c4
1.02563902290894e-08	-0.204780910814471	0.923	0.888	0.000345578812378938	ALDOA	c4
1.11087638871636e-08	-3.90444626532003	0.002	0.027	0.00037429869041409	MS4A6A	c4
1.12609307882079e-08	-0.437709780259693	0.471	0.496	0.000379425801977878	GSTP1	c4
1.17795535628742e-08	1.59913347109726	0.02	0.007	0.000396900277747484	RP11-532F12.5	c4
1.17976741285798e-08	-0.702185456611357	0.205	0.264	0.000397510832088367	BTG3	c4
1.19762068173004e-08	-1.3763556749409	0.03	0.07	0.000403526312502119	SRGAP3	c4
1.25075264885046e-08	-0.421451982049087	0.437	0.472	0.000421428597503673	HMGN3	c4
1.32709794152902e-08	0.495229655614855	0.133	0.088	0.000447152380418789	CYSLTR1	c4
1.410976086573e-08	0.201331092133924	0.429	0.337	0.000475414282609907	ITGB7	c4
1.46519691196106e-08	-0.55606209922174	0.605	0.577	0.000493683447516161	BST2	c4
1.46719040935861e-08	-0.249045685510875	0.779	0.756	0.000494355136529289	GUK1	c4
1.51034563205785e-08	-0.421938112396665	0.454	0.489	0.000508895857265572	ADAR	c4
1.5279604227331e-08	-1.10355535036636	0.064	0.111	0.00051483098483569	LRMP	c4
1.53057261250842e-08	-0.161950957557055	0.979	0.953	0.000515711136058585	H3F3A	c4
1.55015105186639e-08	0.473218892974935	0.107	0.066	0.000522307895415861	RP11-138A9.2	c4
1.56652730630001e-08	-0.986916415080721	0.046	0.09	0.000527825710584726	MARCH3	c4
1.56855007460644e-08	-0.378965724310747	0.547	0.555	0.000528507262137895	FKBP1A	c4
1.57992573117782e-08	-0.82434126193335	0.092	0.145	0.000532340175863053	GPR137B	c4
1.62608024525862e-08	1.06843845467476	0.043	0.021	0.000547891477837438	RNF207	c4
1.65063631141001e-08	0.401397975645242	0.258	0.194	0.00055616539876649	C16orf54	c4
1.66976947711259e-08	-2.97170246852917	0.006	0.033	0.000562612127618317	AC131056.3	c4
1.70236999464059e-08	-0.627855525385522	0.257	0.312	0.000573596545994199	SYNE1	c4
1.71105608275058e-08	-1.03062066993379	0.075	0.125	0.000576523236521979	CCDC50	c4
1.72482804736011e-08	-1.02817612959746	0.054	0.099	0.000581163562277516	ACSL4	c4
1.74140114582738e-08	0.311615204356035	0.26	0.194	0.000586747702075079	RIF1	c4
1.7706501043354e-08	-0.505372480395598	0.264	0.322	0.00059660284615477	GTF3C6	c4
1.87552110946952e-08	0.156668298737689	0.616	0.51	0.000631938082624661	RNF149	c4
1.88138072129778e-08	-2.16601982739214	0.082	0.129	0.000633912420234073	IGLV2-14	c4
1.89124055716411e-08	-0.515160049959236	0.29	0.348	0.000637234593330874	SFXN1	c4
1.91388499406109e-08	-0.553759520290333	0.266	0.321	0.000644864409898942	MED15	c4
1.96181526255005e-08	0.371582546439908	0.177	0.122	0.000661014034563614	DENND4A	c4
2.02747139864911e-08	1.01198827457719	0.038	0.017	0.000683136213060833	SNTA1	c4
2.17703206208315e-08	-1.01094261811489	0.054	0.099	0.000733529182998295	PTPRN2	c4
2.24515117384086e-08	-1.1902938243884	0.053	0.097	0.000756481236513941	PRR5L	c4
2.37499241109533e-08	0.316755184209976	0.662	0.579	0.000800229942994462	DDIT4	c4
2.41487462318599e-08	1.10648866789736	0.03	0.012	0.000813667855536286	MCC	c4
2.46236064314577e-08	-0.46583048581196	0.432	0.468	0.000829667795101535	PTP4A2	c4
2.59825022923187e-08	0.332486410698039	0.2	0.142	0.000875454432237386	ENO2	c4
2.65140371714266e-08	0.329516643984102	0.222	0.16	0.000893363968454047	WHAMM	c4
2.67547679827443e-08	-0.462633371108604	0.529	0.551	0.000901475152410585	SLA	c4
2.71566645711599e-08	1.10004068123066	0.029	0.012	0.00091501665606066	GPAT3	c4
2.73727150684045e-08	0.100346005655109	0.985	0.946	0.00092229626151482	LAPTM5	c4
2.88102044632333e-08	-1.41137157609835	0.026	0.063	0.000970731029184181	DAPK2	c4
2.89334087729631e-08	-4.3753236568557	0.001	0.023	0.00097488227519622	ZG16B	c4
2.90092750742859e-08	-0.594782338818918	0.223	0.281	0.000977438514352989	IFNAR2	c4
2.92606166040411e-08	0.724613137965074	0.065	0.036	0.000985907215856561	BEST1	c4
2.93212379567055e-08	-0.906389072244992	0.093	0.144	0.000987949791713234	NPDC1	c4
2.93329267429886e-08	0.110333695820049	0.338	0.263	0.000988343633678257	TNFSF10	c4
3.03115347164026e-08	-0.525656200065216	0.299	0.35	0.00102131685073447	RHBDD2	c4
3.06954364366874e-08	0.912973088187414	0.056	0.029	0.00103425203529774	RP11-1398P2.1	c4
3.11587117619636e-08	-2.10108600386615	0.007	0.035	0.0010498616341076	ANKRD35	c4
3.13686145019545e-08	-2.08339287818082	0.009	0.037	0.00105693409702886	SEMA4A	c4
3.19952863246965e-08	0.958504401553828	0.064	0.036	0.00107804917742432	IER3	c4
3.26960794502557e-08	0.779859484680948	0.057	0.03	0.00110166170099692	NHSL2	c4
3.31269796694113e-08	0.468553104347757	0.163	0.114	0.00111618045298114	ORAI2	c4
3.35587205529788e-08	-0.395129072616531	0.497	0.516	0.00113072753031207	SCAND1	c4
3.40157788549704e-08	-1.23690720945227	0.035	0.074	0.00114612765273937	CDKN2A	c4
3.41713540963795e-08	0.581878858660108	0.129	0.086	0.00115136960492341	VAT1	c4
3.4398833316828e-08	-1.14175601236008	0.038	0.079	0.0011590342897772	NAB1	c4
3.47950868053466e-08	-0.761911003414031	0.11	0.164	0.00117238565481935	FAM110A	c4
3.49339485767714e-08	0.565126000555365	0.123	0.081	0.00117706446334573	ZBTB7B	c4
3.59684366458649e-08	0.276112103037374	0.286	0.218	0.00121192050434577	IVNS1ABP	c4
3.59696547251563e-08	-0.592517442566827	0.211	0.271	0.00121196154630942	PTPRA	c4
3.59842368574577e-08	0.723654480406373	0.065	0.036	0.00121245287667518	RLN2	c4
3.6908526568107e-08	-5.95110348802238	0	0.021	0.0012435958941858	CHRNA6	c4
3.716100490867e-08	0.688521858848359	0.111	0.071	0.00125210289939273	IER5	c4
3.95838187933948e-08	0.265946311593543	0.388	0.307	0.00133373719042465	S1PR4	c4
4.04288117316578e-08	-0.441808659109223	0.329	0.386	0.00136220838248648	VAMP5	c4
4.25416343537201e-08	0.134669840299513	0.518	0.413	0.00143339782791425	FOXP1	c4
4.29183933730612e-08	0.549541671986423	0.096	0.059	0.00144609234631193	TNFAIP8L1	c4
4.30878011238904e-08	1.94035531911359	0.012	0.003	0.00145180037106836	RGAG4	c4
4.3302311140045e-08	1.27380177672766	0.028	0.012	0.00145902807155267	SPINT1	c4
4.41375098826261e-08	-0.264008875899698	0.348	0.4	0.0014871692579852	MT1X	c4
4.43065648400848e-08	-0.414723518950889	0.416	0.454	0.00149286539572182	FAM49B	c4
4.45312058594855e-08	-0.906437287818794	0.063	0.11	0.00150043445022951	MXD4	c4
4.57247173889721e-08	-0.319511894028753	0.533	0.551	0.00154064862770403	ZNF706	c4
4.72136897213257e-08	-0.274614733323985	0.644	0.636	0.00159081806147035	C14orf2	c4
4.82673273522192e-08	-0.319227499809533	0.581	0.578	0.00162631932780567	PSMB3	c4
4.85349570089118e-08	-0.914659994551373	0.08	0.129	0.00163533684145827	BLVRA	c4
4.87523372921508e-08	-2.06882680660167	0.009	0.036	0.00164266125272173	MSC-AS1	c4
5.06124719827277e-08	0.387459823596582	0.221	0.164	0.00170533663098603	TUBA1C	c4
5.20417113898175e-08	-1.87735654128147	0.012	0.041	0.00175349342356851	MZB1	c4
5.44020308693038e-08	0.669172283596978	0.048	0.024	0.00183302202811032	RP11-138A9.1	c4
5.46543010414056e-08	0.93168573609641	0.068	0.039	0.00184152201928912	TMEM200A	c4
5.49322287924702e-08	0.235248012569437	0.382	0.302	0.00185088651693349	DOCK10	c4
5.56996379090214e-08	0.300200776646814	0.21	0.153	0.00187674359970657	ERAP1	c4
5.6081828779629e-08	1.57508728172921	0.017	0.005	0.00188962113890082	IL23R	c4
5.7325012558403e-08	0.271808482527762	0.312	0.243	0.00193150897314283	ESYT1	c4
5.85567998996306e-08	-0.844280461812226	0.267	0.311	0.00197301281581815	ITGAE	c4
5.88404288510489e-08	-4.24401850947638	0.001	0.022	0.00198256940970724	GOLIM4	c4
5.91470376022467e-08	-2.24513065387794	0.005	0.03	0.0019929002849701	RMI2	c4
5.98496545439111e-08	0.2508932863586	0.318	0.244	0.00201657426020254	LINC00936	c4
6.12184198336629e-08	0.299952934686304	0.228	0.167	0.00206269343787544	CFAP36	c4
6.15254070686749e-08	1.82751044489957	0.013	0.004	0.00207303706577193	PLEK2	c4
6.22677891317174e-08	0.662508501556624	0.061	0.033	0.00209805088700408	IL15	c4
6.27229322690108e-08	0.4111593838031	0.204	0.149	0.00211338647987205	FAM46C	c4
6.78560353885683e-08	1.17719429250204	0.027	0.011	0.00228634125638242	SAMD12	c4
6.93290719131888e-08	-0.502776658951416	0.494	0.503	0.00233597374904298	DYNLL1	c4
7.07510277704691e-08	0.417472708892045	0.165	0.115	0.00238388512969819	NDRG1	c4
7.09929276265335e-08	0.311236870699015	0.279	0.215	0.00239203570344842	AP1S2	c4
7.18332984242389e-08	-3.88041615216034	0.001	0.023	0.00242035115710631	ETV1	c4
7.46522657152828e-08	-1.00260654297555	0.084	0.132	0.00251533344101074	OAS3	c4
7.52923694885138e-08	0.249925721988759	0.235	0.172	0.00253690109754599	RP11-51J9.5	c4
8.03885065361704e-08	1.73410594845893	0.014	0.004	0.00270861033922973	AC002306.1	c4
8.20719053902783e-08	-0.321698027047595	0.561	0.57	0.00276533078022004	DYNLRB1	c4
8.42960508463225e-08	0.172903814197525	0.641	0.536	0.00284027113721599	EIF2S3	c4
8.45988099817517e-08	0.208259714892095	0.177	0.123	0.00285047230352514	IFNG-AS1	c4
8.61609489547442e-08	-4.40201932665128	0.001	0.022	0.00290310701408115	FANK1	c4
8.69596241135618e-08	-1.87666202096494	0.017	0.047	0.00293001757488235	CCNG2	c4
8.71905150227408e-08	-0.481716678026564	0.36	0.409	0.00293779721317623	HERPUD1	c4
9.02596093779196e-08	-0.886041103966286	0.108	0.157	0.00304120727837962	EIF4EBP1	c4
9.0815324082611e-08	-2.81377154038751	0.004	0.028	0.0030599315296395	KCNK5	c4
9.26069991640574e-08	0.42571617538846	0.137	0.093	0.00312030022983375	CH17-189H20.1	c4
9.42449292284028e-08	-1.69448185977045	0.017	0.047	0.0031754886454218	PSAT1	c4
9.44210157559304e-08	0.197229613099958	0.549	0.456	0.00318142170488032	TMED2	c4
9.59457101523279e-08	-5.97736377693847	0	0.02	0.00323279475787254	TSPAN13	c4
9.60174538955208e-08	1.53731442841737	0.016	0.005	0.00323521209155568	PLPP2	c4
9.64797795873724e-08	-1.84999769417011	0.025	0.059	0.00325078969341693	TRGV2	c4
9.7842170681203e-08	-0.628772024662288	0.186	0.241	0.00329669409893245	CARHSP1	c4
9.84102323342975e-08	-0.830332530428263	0.557	0.516	0.00331583436827182	GZMK	c4
1.00494891101221e-07	-0.542172453621531	0.169	0.228	0.00338607486076453	PTRHD1	c4
1.04228368812395e-07	-0.242154085912484	0.906	0.853	0.00351187065876485	RARRES3	c4
1.049906482062e-07	-1.00890467663233	0.068	0.113	0.0035375549006597	TRPS1	c4
1.06230612317688e-07	0.728481962653235	0.075	0.044	0.00357933425143218	IL23A	c4
1.0720733729882e-07	-0.327408270344752	0.602	0.593	0.00361224402294644	DBI	c4
1.09363601285079e-07	-0.561883480058482	0.258	0.312	0.00368489718169944	RILPL2	c4
1.12683672614508e-07	0.729553280285923	0.051	0.027	0.00379676366507323	GSAP	c4
1.13944504054303e-07	0.205153501863781	0.42	0.337	0.00383924611960568	SYPL1	c4
1.1403280241992e-07	0.408478176406352	0.196	0.145	0.00384222124473677	SYS1	c4
1.15557971724527e-07	1.77828495386644	0.014	0.004	0.0038936102992862	EMP1	c4
1.21561536370176e-07	-4.48054548376813	0.001	0.021	0.00409589440645671	HLA-DOA	c4
1.22356026463582e-07	0.410516175947638	0.149	0.102	0.00412266395566393	KIAA0391	c4
1.22699611166004e-07	-0.448107604983087	0.329	0.379	0.00413424069862733	MIEN1	c4
1.22878973879779e-07	0.937056184390169	0.042	0.021	0.00414028414590529	NKD1	c4
1.23755409821289e-07	-1.90840693277625	0.009	0.036	0.00416981477851852	CD9	c4
1.24835690615736e-07	-4.67063941439575	0.001	0.021	0.00420621375960659	TNS3	c4
1.25718605538528e-07	-2.22458680129101	0.014	0.044	0.00423596269501517	TRBV4-1	c4
1.29074797669735e-07	-0.1731138562678	1	0.999	0.00434904623268406	ACTB	c4
1.33533140440363e-07	0.772994898135126	0.044	0.022	0.00449926563399759	RPPH1	c4
1.36796342554396e-07	-5.86124687933909	0	0.02	0.00460921596602781	IFITM10	c4
1.39788992059856e-07	-0.573354983833305	0.25	0.3	0.0047100502984648	MAP4K1	c4
1.39824694582505e-07	0.722034461767995	0.077	0.046	0.00471125325926292	GRAP	c4
1.49394440452846e-07	-0.199954812512832	0.841	0.804	0.00503369627661819	LCK	c4
1.53884611839171e-07	1.08776488460231	0.035	0.016	0.00518498811130903	PFN2	c4
1.54946198254979e-07	0.247084084138736	0.256	0.192	0.00522075720400328	SLC7A6	c4
1.60287988462166e-07	0.959047551619477	0.038	0.018	0.00540074348324421	AIM1L	c4
1.64045705847301e-07	0.696824420190526	0.073	0.043	0.00552735601281897	ETV3	c4
1.66842695698803e-07	-0.304299878507807	0.719	0.703	0.00562159778887548	ITGB2	c4
1.67042084279359e-07	0.118938344760832	0.43	0.338	0.00562831598770872	LYAR	c4
1.67166860515962e-07	0.452374067800353	0.137	0.094	0.00563252019822481	TP53BP2	c4
1.69559972380025e-07	0.267035104874517	0.362	0.287	0.00571315370937257	TRAPPC6A	c4
1.70960154129928e-07	-0.336277766403751	0.64	0.636	0.0057603314332538	SP100	c4
1.73112148254404e-07	-4.53308414641003	0.001	0.021	0.0058328407232839	FGR	c4
1.73204302528815e-07	-0.618185670388737	0.18	0.233	0.0058359457694059	WBP1	c4
1.76808701223454e-07	-1.32685517213761	0.035	0.072	0.00595739237902305	CUL9	c4
1.78012663543733e-07	0.455136718735426	0.176	0.127	0.00599795868544253	PFKFB3	c4
1.83098433353163e-07	-2.32024787717208	0.005	0.029	0.00616931861340149	PAQR4	c4
1.83694894532096e-07	-0.310098175743944	0.638	0.636	0.00618941577636443	SKAP1	c4
1.85062749255564e-07	-0.412863768462109	0.334	0.384	0.00623550427341697	LSM2	c4
1.8773214633888e-07	0.282844616773769	0.15	0.103	0.00632544693874222	EPHA4	c4
1.89781208266975e-07	-5.61591296562707	0	0.019	0.00639448803134746	CDK14	c4
1.90462456539083e-07	-0.840971956740472	0.08	0.127	0.00641744201062787	NAMPT	c4
1.91461691999414e-07	-0.477919642290527	0.45	0.476	0.00645111025022825	RNF19A	c4
1.95886436678717e-07	-0.410360945754524	0.484	0.493	0.0066001975974527	SEC11A	c4
1.99580157069416e-07	0.19533421895002	0.236	0.172	0.00672465381229692	CTB-133G6.1	c4
2.01190905643045e-07	-0.183652134568849	0.749	0.729	0.00677892637473676	SPCS1	c4
2.04236255579647e-07	0.139596136323792	0.568	0.474	0.00688153639550061	CCNH	c4
2.04624093585483e-07	0.691942219492037	0.066	0.038	0.00689460420926926	LTB4R2	c4
2.05223744128973e-07	0.345411368030322	0.195	0.143	0.00691480883468162	CYB5A	c4
2.07650243292447e-07	-0.20553675159883	0.719	0.709	0.00699656729749571	NDUFA1	c4
2.08490867592382e-07	-2.37753937551781	0.009	0.034	0.00702489129265773	PLCG2	c4
2.10104468361778e-07	-1.59182802164049	0.017	0.047	0.00707925995698176	PON2	c4
2.11030197605883e-07	1.46623989624596	0.016	0.005	0.00711045147813262	DNAI2	c4
2.12740375996966e-07	0.3131711961101	0.145	0.099	0.00716807422884178	HECA	c4
2.14661741324707e-07	-0.814882121376818	0.085	0.133	0.00723281271219467	GLCCI1	c4
2.18420705392073e-07	-2.55588376582748	0.005	0.028	0.0073594672474805	SEMA7A	c4
2.21740404962907e-07	0.502422908341059	0.131	0.089	0.0074713212048202	RASSF2	c4
2.21890149818066e-07	0.101973269997341	0.505	0.409	0.00747636670796992	CKLF	c4
2.25058037294321e-07	0.176421946765279	0.516	0.422	0.00758310550859486	RBMS1	c4
2.3508329454283e-07	-3.76141149349935	0.002	0.023	0.0079208965263261	CPA5	c4
2.36335541217224e-07	0.591649466048594	0.166	0.122	0.00796308972577313	CTD-2192J16.22	c4
2.43017859564909e-07	-1.45146850919207	0.039	0.075	0.00818824376018006	LAIR2	c4
2.44766584051324e-07	-0.50754311521985	0.285	0.333	0.00824716528302531	SH3BP1	c4
2.49609031986364e-07	-0.317774713279347	0.567	0.576	0.00841032672374855	RAC1	c4
2.50771500394634e-07	0.165109011551516	0.604	0.506	0.00844949493429681	KTN1	c4
2.52360061088089e-07	0.234359450852828	0.143	0.097	0.00850301989830205	TGFBR3	c4
2.56883140683675e-07	0.413937677386377	0.23	0.175	0.00865542054219576	HIST1H1C	c4
2.63279624201637e-07	-0.670650447276306	0.153	0.205	0.00887094365784997	TRPC4AP	c4
2.69696462266993e-07	0.812378644430301	0.046	0.023	0.00908715259962405	FAM84B	c4
2.70869552770033e-07	-0.875092221954956	0.109	0.158	0.0091266787110335	BTLA	c4
2.72134026070545e-07	0.251508338808524	0.21	0.153	0.00916928387442095	PLEKHA1	c4
2.731432526895e-07	-1.07966738602567	0.04	0.077	0.00920328875612001	STX11	c4
2.75662330276469e-07	0.607792659996393	0.048	0.025	0.00928816655633535	MEGF6	c4
2.80627989443461e-07	-0.679041876668901	0.312	0.355	0.00945547947630798	IL6ST	c4
2.85857556575072e-07	-0.216330896599827	0.782	0.751	0.00963168451124046	HCLS1	c4
2.86024961501078e-07	-0.281140194621778	0.64	0.641	0.00963732505281732	NDUFA3	c4
2.87512610318007e-07	-0.870969400475497	0.085	0.13	0.00968744989205491	RTP4	c4
3.00149164744165e-07	0.453826571766885	0.144	0.1	0.0101132259568899	FXN	c4
3.02831886955756e-07	0.832853922773917	0.049	0.026	0.0102036175990873	RASGRF2	c4
3.080459925031e-07	-1.18455731631753	0.033	0.068	0.0103793016713995	IRF4	c4
3.17800502826058e-07	-1.36007521663915	0.033	0.068	0.0107079701422212	AF131217.1	c4
3.1857920662988e-07	-3.25258315483228	0.002	0.023	0.0107342077881872	IL7	c4
3.18669530518783e-07	-5.51718685362655	0	0.019	0.0107372511612999	STAC	c4
3.26911382412433e-07	-0.54986704833575	0.372	0.406	0.0110149521190045	GPX1	c4
3.41881734012114e-07	-0.838761954263565	0.094	0.141	0.0115193631458042	HELZ2	c4
3.45357999922838e-07	-0.610350976040314	0.304	0.349	0.0116364924494001	XAF1	c4
3.48144722015897e-07	-5.03871810857165	0.001	0.02	0.0117303882636036	TSHR	c4
3.52623841801407e-07	-3.34836924610449	0.002	0.023	0.0118813077256566	CD109	c4
3.60498019039616e-07	-0.800893694938348	0.089	0.135	0.0121466202535208	CASP3	c4
3.62797488103369e-07	-2.97412068848987	0.003	0.024	0.0122240985641549	NUSAP1	c4
3.62837768996581e-07	-0.50572244878892	0.241	0.294	0.0122254557885708	CYC1	c4
3.77061281063253e-07	-2.22498636519603	0.005	0.028	0.0127047028041452	FAM179A	c4
3.82932978436247e-07	-0.149056753028937	0.868	0.83	0.0129025437754309	COX6B1	c4
3.9071303249266e-07	-1.12387736383057	0.027	0.061	0.0131646849168077	LIMS2	c4
3.96154217020713e-07	0.22531878943667	0.236	0.175	0.0133480201882959	CFAP97	c4
4.17849125184126e-07	0.322354480182773	0.219	0.164	0.014079008423954	MAP4K2	c4
4.18536195557836e-07	-0.937572847886108	0.078	0.121	0.0141021585731257	SERTAD2	c4
4.21519120890074e-07	0.659594701907658	0.077	0.047	0.0142026652592702	TUBB2A	c4
4.38574923656703e-07	0.515442683996378	0.104	0.068	0.0147773434776889	SMURF2	c4
4.45168213758842e-07	0.192851514833051	0.365	0.292	0.0149994977943904	PLEC	c4
4.8189561957002e-07	-0.819175626483898	0.116	0.164	0.0162369910057923	MSI2	c4
4.92346875496538e-07	-0.65067407581459	0.102	0.151	0.0165891356229804	G6PD	c4
4.94076371044111e-07	-0.167320219799865	0.882	0.842	0.0166474092459603	GABARAP	c4
4.96095567630888e-07	0.483456411866349	0.098	0.063	0.0167154440557551	CTA-292E10.6	c4
5.03467313936268e-07	0.207815612391265	0.305	0.237	0.0169638276757686	ANP32E	c4
5.07784087728718e-07	-0.969203328233373	0.068	0.11	0.0171092770519314	MPHOSPH9	c4
5.15301462793368e-07	0.252314522284876	0.255	0.194	0.0173625674873597	RPS6KA3	c4
5.20922597694202e-07	1.61248506247658	0.012	0.004	0.0175519660067084	PRSS16	c4
5.28271740169796e-07	-0.468083350388868	0.402	0.437	0.0177995880132811	USP15	c4
5.29504161971276e-07	-0.318083072150836	0.516	0.546	0.0178411132334602	BTN3A2	c4
5.31317121778304e-07	-0.787491762513811	0.146	0.196	0.0179021991011982	ODF3B	c4
5.37612803952073e-07	-0.751521601410121	0.115	0.163	0.0181143258163612	YPEL2	c4
5.52124417985454e-07	-4.01669461574792	0.001	0.019	0.0186032801396019	POU3F1	c4
5.52914450206327e-07	-0.390022301044939	0.588	0.58	0.018629899485252	UBE2L6	c4
5.55442013154626e-07	0.125290052760089	0.51	0.408	0.018715063191232	TRAT1	c4
5.59581718005425e-07	-1.09651021307907	0.034	0.068	0.0188545464064748	HELLS	c4
5.63053542975305e-07	-0.132896202961251	0.998	0.972	0.0189715260770099	CFL1	c4
5.68282886318297e-07	0.463906628897904	0.119	0.08	0.0191477235716087	SNAI3	c4
5.69457414742582e-07	0.171519484527513	0.435	0.351	0.0191872981323365	PHF1	c4
5.70792542290413e-07	-1.08158343308259	0.041	0.077	0.0192322839199332	DTX3	c4
5.78290631509618e-07	-2.34497349816093	0.007	0.03	0.0194849245380851	ENC1	c4
5.90032858901251e-07	-1.32388145108803	0.021	0.051	0.0198805671478188	MREG	c4
5.93553959317764e-07	-0.550530909334284	0.235	0.285	0.0199992071052528	PPM1M	c4
5.94190439015898e-07	-0.391779694882862	0.412	0.444	0.0200206526522017	PPM1G	c4
5.99480407816953e-07	0.211828370867084	0.296	0.228	0.0201988928609844	IMPDH2	c4
6.00745730234676e-07	1.04523931625334	0.03	0.014	0.0202415266345272	RP11-61J19.5	c4
6.1201593740896e-07	-0.376505939073965	0.415	0.451	0.0206212649950575	SCAMP2	c4
6.37338799946611e-07	-1.01414576099167	0.069	0.11	0.0214744935254011	PNPT1	c4
6.68951703859379e-07	-0.748222991074946	0.087	0.133	0.0225396587098379	AC104820.2	c4
6.82973799284635e-07	-0.340187979738572	0.756	0.723	0.0230121191930965	TPI1	c4
6.88151152923553e-07	-2.07891006385247	0.008	0.031	0.0231865649466062	PDLIM1	c4
7.04212522949842e-07	-2.96383936409653	0.002	0.022	0.023727736748272	AC002331.1	c4
7.04931436759745e-07	0.331146032712719	0.142	0.098	0.0237519598301828	FOXO3	c4
7.17810800671627e-07	-2.65817403477444	0.005	0.027	0.0241859171178298	CIITA	c4
7.3145153143069e-07	0.135549935001404	0.493	0.4	0.0246455279000257	INPP4B	c4
7.39235578900772e-07	0.162507823243332	0.43	0.347	0.0249078035954826	CEBPB	c4
7.40856108129619e-07	-1.21832302295998	0.035	0.068	0.0249624057073194	GALNT1	c4
7.42260951605519e-07	-5.48571452101904	0	0.017	0.0250097405033964	BCAT1	c4
7.50618455428002e-07	-0.435130345012024	0.369	0.409	0.0252913382371911	CDK2AP2	c4
7.52846898085494e-07	-0.69776018014602	0.141	0.19	0.0253664233840926	B3GNT2	c4
7.54050883118753e-07	0.121550505146194	0.772	0.666	0.0254069904558033	EIF3L	c4
7.63535334393186e-07	-0.260181020692023	0.709	0.698	0.025726559557044	TRAF3IP3	c4
7.65054681200594e-07	0.380890352441907	0.166	0.12	0.0257777524283728	CDKN2D	c4
7.65994127593315e-07	-0.31075961092072	0.607	0.601	0.0258094061351291	EZR	c4
8.06280051975888e-07	0.502262937437485	0.106	0.071	0.0271668000712756	FHOD1	c4
8.10117002985821e-07	1.80905317369455	0.011	0.003	0.0272960822986043	LZTS1	c4
8.31347472330143e-07	1.49466842630858	0.014	0.005	0.0280114217326918	RP11-585P4.5	c4
8.32560067434862e-07	-0.608767405294817	0.239	0.287	0.0280522789121503	LIMS1	c4
8.47656651515008e-07	-3.15044794250487	0.003	0.023	0.0285609432161467	UTS2	c4
8.80338783929501e-07	-0.185439043019199	0.829	0.786	0.0296621349857206	UQCR11	c4
8.80757745761961e-07	-0.799052756576337	0.073	0.116	0.0296762514857035	CKAP2	c4
8.90325408123084e-07	0.995176553129944	0.037	0.018	0.0299986243012992	SYNM	c4
9.00194340947011e-07	-2.92258588376953	0.002	0.021	0.0303311481238686	SLC9A7	c4
9.2326192899205e-07	-5.42990853212406	0	0.017	0.0311083874354581	CHST2	c4
9.32523502156125e-07	0.174871249281416	0.573	0.476	0.0314204468816485	ARL4C	c4
9.36863195221698e-07	-0.584953009206961	0.227	0.275	0.0315666684997999	NIN	c4
9.51886917995698e-07	0.507296014608176	0.085	0.054	0.032072877814947	RNF130	c4
9.55454857801446e-07	-1.1534248925374	0.023	0.053	0.0321930959787619	AGMAT	c4
9.73711532310798e-07	-1.88878839763441	0.013	0.038	0.03280823636968	LRRC2	c4
9.75029255829993e-07	-5.81213680668932	0	0.017	0.0328526357459358	KLRC2	c4
9.81667103262027e-07	-0.504719617779851	0.699	0.664	0.0330762913773107	PKM	c4
1.00953042639239e-06	-0.319463460026789	0.474	0.5	0.0340151181868651	EMD	c4
1.05606817985447e-06	-0.299286961332897	0.647	0.649	0.0355831612520164	DDX17	c4
1.07663919494852e-06	-0.771149076173359	0.104	0.149	0.0362762810345954	SGMS1	c4
1.08004834311001e-06	1.48624282984923	0.012	0.003	0.0363911488727488	ANKRD18A	c4
1.09103696324327e-06	-0.879195824959986	0.054	0.093	0.0367613994395188	PARVB	c4
1.11014105590718e-06	-0.457401505986238	0.296	0.339	0.0374050927377367	TMEM256	c4
1.11171792755945e-06	0.650406872011109	0.067	0.04	0.037458223851188	RLN1	c4
1.15467442634281e-06	0.861638394783195	0.035	0.017	0.0389056001211946	ACVR1B	c4
1.16598093435657e-06	0.469246508693403	0.111	0.075	0.0392865616022104	CD200R1	c4
1.17998926511327e-06	-0.632420417338275	0.174	0.223	0.0397585582987264	OAS2	c4
1.18017068561943e-06	-5.49898833798502	0	0.017	0.0397646710812611	CYP7B1	c4
1.22808965212217e-06	-0.955227567059691	0.052	0.09	0.0413792527386045	TFRC	c4
1.24553354652768e-06	-0.754379875235811	0.114	0.159	0.0419670073167037	SLC9A9	c4
1.24614395108873e-06	-0.286270043038443	0.518	0.535	0.0419875742879836	MDH2	c4
1.24856942946827e-06	-0.270031309460086	0.539	0.557	0.042069298356504	FAM96B	c4
1.26272537041228e-06	-1.14742706303908	0.022	0.052	0.0425462686306715	LIMK1	c4
1.32459252801029e-06	-0.407699170436295	0.433	0.466	0.0446308206387786	NAP1L4	c4
1.32489927754254e-06	0.49558228707023	0.111	0.075	0.0446411562575184	BPGM	c4
1.33470074561611e-06	1.75750833438923	0.011	0.003	0.0449714069227891	RP11-6F2.5	c4
1.3563427750556e-06	-1.77577372792583	0.01	0.034	0.0457006134627234	HECTD2	c4
1.35810338833056e-06	-0.455602771660106	0.447	0.465	0.0457599355664098	C19orf66	c4
1.36350289203592e-06	1.40631758620734	0.013	0.004	0.0459418664442583	METTL24	c4
1.38275176762397e-06	1.18341503225505	0.025	0.011	0.046590438058322	P2RY14	c4
1.39004632565231e-06	-6.00965356964266	0	0.017	0.046836220896529	IL1R2	c4
1.39732004764779e-06	0.477419064550696	0.099	0.065	0.0470813016854447	SLC44A1	c4
1.41226296175512e-06	0.756647120617542	0.059	0.034	0.0475847882333772	C3AR1	c4
1.41739089107613e-06	0.903928196087583	0.037	0.019	0.0477575686839192	XYLT1	c4
1.42799352261129e-06	-0.314298424815858	0.497	0.509	0.048114813750865	PSMD8	c4
1.42921065505131e-06	-0.839537459368071	0.07	0.111	0.0481558238112987	ZNF281	c4
1.46003658536756e-06	-0.710165398922463	0.116	0.162	0.0491944727073744	CARS	c4
1.46283229119912e-06	-2.33484872404707	0.007	0.028	0.0492886712196632	CXXC5	c4
1.49052723651885e-06	0.682618402349601	0.048	0.027	0.050221824707266	RAB27B	c4
1.50140659483453e-06	-0.264569436055356	0.672	0.67	0.0505883938063545	CD247	c4
1.51055843560828e-06	-2.84126204294851	0.004	0.023	0.0508967559293853	RYR1	c4
1.51116219064584e-06	0.632878937780987	0.064	0.038	0.0509170988516211	ZNF250	c4
1.52120889733652e-06	-0.228904177786024	0.684	0.665	0.0512556125868566	TRAPPC1	c4
1.54695516670897e-06	-0.646787980552421	0.202	0.249	0.0521231073870919	TBCD	c4
1.58671112548484e-06	-0.173059455302913	0.991	0.958	0.0534626446620863	MYL6	c4
1.65525410096046e-06	-0.335826164212838	0.495	0.505	0.0557721316777616	ANAPC11	c4
1.7115780306848e-06	-0.873833643989228	0.099	0.141	0.0576699101658936	CD81	c4
1.72908289010545e-06	-6.14085513458377	0	0.016	0.0582597188992131	VCAM1	c4
1.75494517081563e-06	0.369247042004553	0.129	0.089	0.059131122585462	SMIM14	c4
1.84679479027453e-06	-0.368371376477938	0.351	0.392	0.0622259036635102	SNRPB2	c4
1.85840882707601e-06	0.483495363914292	0.148	0.108	0.0626172270194991	SEPT11	c4
1.87415637928412e-06	-0.337738494706404	0.465	0.496	0.063147825043599	WSB1	c4
1.89577582492056e-06	-0.954558172176279	0.116	0.161	0.0638762706448734	HERC5	c4
1.91850140949162e-06	-1.03307159464477	0.041	0.075	0.0646419864914107	REC8	c4
1.93299673291457e-06	-3.56017558111407	0.004	0.023	0.0651303919188236	TYROBP	c4
1.9557187243869e-06	-0.34535402246617	0.438	0.461	0.0658959866994923	UBE2N	c4
2.01479518074661e-06	-0.726883799421816	0.126	0.171	0.0678865088200764	ATXN1	c4
2.02476944543369e-06	0.154350296446589	0.373	0.295	0.0682225816944426	ESD	c4
2.05438394903775e-06	0.45737354729162	0.095	0.062	0.069220412778878	NAT6	c4
2.08806933522691e-06	0.278304964776756	0.184	0.137	0.0703554081811354	ATF7IP2	c4
2.13076284107462e-06	0.528472087628542	0.083	0.053	0.0717939231671682	MXI1	c4
2.13275412506469e-06	0.191916757476731	0.367	0.294	0.0718610174899297	ETHE1	c4
2.17749055717157e-06	0.343032692088555	0.159	0.116	0.0733683668333388	HS3ST3B1	c4
2.18679830529819e-06	-0.908540247827499	0.06	0.098	0.0736819820987172	MFSD6	c4
2.22400510337397e-06	-0.38141982278499	0.398	0.43	0.0749356279530825	PARP1	c4
2.23334508625406e-06	-1.00185459110539	0.036	0.069	0.0752503293362444	FANCL	c4
2.25852084483048e-06	-4.58333493217052	0.001	0.017	0.0760986013457181	MKI67	c4
2.27469858774882e-06	0.217612441712812	0.185	0.135	0.0766436942156087	TMEM63A	c4
2.28946774242274e-06	0.276828296822996	0.242	0.187	0.0771413261131917	NXT1	c4
2.3829561121796e-06	-0.330752182805867	0.426	0.456	0.0802913232437793	MRPL41	c4
2.42650126705669e-06	0.160019653916147	0.248	0.189	0.081758533692208	GIMAP5	c4
2.45473702568666e-06	0.310713431836088	0.237	0.184	0.0827099093434864	TMEM256-PLSCR3	c4
2.46389951117532e-06	-3.55726734603668	0.001	0.019	0.0830186301295413	PIK3R3	c4
2.48121264473796e-06	-0.580855572034348	0.218	0.263	0.0836019788518009	ORMDL3	c4
2.55450979852668e-06	-0.492589575021077	0.191	0.242	0.086071653151558	SNF8	c4
2.56602915633554e-06	-0.276932671670765	0.591	0.597	0.0864597863935698	SLC25A5	c4
2.62644782896242e-06	-1.18610911478495	0.025	0.054	0.0884955331490597	RCC2	c4
2.70970496484329e-06	0.508907823645386	0.103	0.07	0.0913007990854298	BMI1	c4
2.7461707900167e-06	-0.85956656304502	0.093	0.133	0.0925294785988225	PILRB	c4
2.76075721534064e-06	-0.448767715797632	0.225	0.273	0.0930209536136875	C6orf1	c4
2.87470449116476e-06	1.5227516097836	0.013	0.004	0.0968602931253053	FAM19A1	c4
2.89192813565501e-06	0.596001379043034	0.063	0.038	0.09744062660276	C4orf32	c4
2.93610733155086e-06	-0.490124557823248	0.389	0.435	0.0989292004292746	BATF	c4
2.96239258994332e-06	-1.20852965160196	0.025	0.054	0.0998148559255503	EZH2	c4
2.98599402248344e-06	-1.06727595235291	0.064	0.101	0.100610082593557	ACTN1	c4
3.07827970851907e-06	-2.02042212523326	0.017	0.043	0.103719556498841	TRGV4	c4
3.07989237662615e-06	-1.09647132462989	0.034	0.065	0.103773893738042	LINC00954	c4
3.1707486317956e-06	0.188705685381453	0.349	0.279	0.106835204399721	DEGS1	c4
3.22757234362106e-06	-0.347813483206157	0.471	0.504	0.108749822545968	TPR	c4
3.29438087663014e-06	-0.718637886625898	0.315	0.345	0.111000869257176	EPSTI1	c4
3.3528448865582e-06	-0.609385141988122	0.145	0.191	0.112970755607692	CDV3	c4
3.56099647955443e-06	-0.261715480879663	0.54	0.557	0.119984215382107	UQCRQ	c4
3.56463827093695e-06	0.150081159445966	0.585	0.492	0.12010692190095	CMPK1	c4
3.64841038018824e-06	-0.801929732375466	0.104	0.146	0.122929539350063	PATL2	c4
3.69103015296377e-06	-0.494226729657935	0.171	0.219	0.124365569973961	MRPL28	c4
3.69119172396089e-06	-0.90904560337644	0.048	0.083	0.124371013947138	APOBEC3F	c4
3.70948369636126e-06	-1.20051419871152	0.042	0.074	0.124987343665196	USP28	c4
3.71438060708341e-06	-0.294642027999665	0.542	0.555	0.125152340175068	UBXN4	c4
3.85973837338852e-06	-1.22994915268251	0.03	0.06	0.130050024752953	SGPP2	c4
3.94848562217135e-06	-3.4962553340087	0.001	0.017	0.133040274553441	SMAD1	c4
3.96755762125083e-06	-0.951889695777653	0.051	0.086	0.133682886490426	FBXO6	c4
3.97513127995263e-06	0.329315944646511	0.141	0.1	0.133938073346724	ITGA5	c4
4.08250256415414e-06	0.623699558357702	0.048	0.027	0.13755584139661	AC058791.1	c4
4.0976876411572e-06	-0.199556255377484	0.779	0.751	0.138067487381151	CAPZB	c4
4.10502055304797e-06	-1.64573118595374	0.011	0.033	0.138314562514398	LINC01358	c4
4.13158262681473e-06	-0.924476698301695	0.069	0.106	0.139209545027895	RP11-222K16.2	c4
4.24772551697572e-06	-0.765804476225718	0.081	0.121	0.14312286356898	TESC	c4
4.26833462245482e-06	-0.463888110381744	0.276	0.319	0.143817266768993	KXD1	c4
4.39238118302932e-06	0.159009885847294	0.391	0.318	0.14799689158099	JMJD1C	c4
4.44373252664297e-06	-0.480347134228036	0.242	0.287	0.149727123752708	TTC14	c4
4.67189347999536e-06	0.160988250528638	0.701	0.619	0.157414778914964	SMDT1	c4
4.7392015591325e-06	-0.360112086318655	0.367	0.403	0.15968265733341	PIN1	c4
4.77502981634755e-06	-0.519480345487011	0.21	0.256	0.160889854632014	BRWD1	c4
4.80713238909038e-06	0.397006875971241	0.144	0.104	0.161971518718011	ELL	c4
5.01288437350619e-06	-5.25477927441853	0	0.015	0.168904126080918	TNFRSF8	c4
5.02073520205418e-06	-0.572940691011127	0.117	0.162	0.169168651898014	BAK1	c4
5.0327962489448e-06	-0.168853002885799	0.856	0.806	0.169575036811946	CALM2	c4
5.03943638049777e-06	-1.37455305519765	0.065	0.101	0.169798769404492	RSAD2	c4
5.05583169147245e-06	-1.90938063740149	0.007	0.027	0.170351193012473	ADPRH	c4
5.25023148677991e-06	0.419669690708727	0.159	0.117	0.176901299715562	FAM69A	c4
5.28581912951984e-06	0.275692043994106	0.248	0.195	0.178100389750042	OBFC1	c4
5.28795367705202e-06	-0.588962646264433	0.198	0.242	0.178172311194591	SRM	c4
5.4244869720282e-06	0.855332721315637	0.029	0.014	0.182772664035518	IGSF22	c4
5.45390258775451e-06	-0.311864740193512	0.502	0.51	0.1837637937918	PSMA5	c4
5.50267439431834e-06	0.50344412957141	0.106	0.073	0.185407111042162	RP3-395M20.12	c4
5.551807418137e-06	-0.406128209900332	0.416	0.45	0.187062599146708	TMEM2	c4
5.5838992051418e-06	-0.726427238905349	0.168	0.21	0.188143899818048	SLC7A5	c4
5.62928077328418e-06	-0.788990271284616	0.089	0.129	0.189672986375037	RP5-1028K7.2	c4
5.65303965304064e-06	-0.671749468820293	0.116	0.159	0.190473518069551	SNAP47	c4
5.69177038044732e-06	-0.320673077291912	0.574	0.582	0.191778511198792	CLEC2D	c4
5.73200434392904e-06	-3.06435578971634	0.002	0.019	0.193134154364345	MYB	c4
5.79145703663366e-06	0.260746118569589	0.237	0.185	0.195137353392335	RAP2B	c4
6.08535892919989e-06	-1.14907974239568	0.027	0.055	0.205040083760461	SGPP1	c4
6.17122989630137e-06	-0.79052158453261	0.059	0.095	0.207933420125978	OTULIN	c4
6.25155423640772e-06	-2.03499127100406	0.006	0.025	0.210639868441522	MCM2	c4
6.42364154305262e-06	0.336619625270431	0.087	0.057	0.216438178151615	LINC00944	c4
6.42982621959154e-06	-0.778973475583939	0.068	0.105	0.216646564642917	ATAD2	c4
6.58704896434009e-06	-5.41003027084304	0	0.014	0.221944027804475	NCR1	c4
6.59575368433279e-06	-0.93361128418094	0.038	0.07	0.222237324639909	ALDH3A2	c4
6.65827145971907e-06	1.5335057518825	0.012	0.004	0.224343798563774	ALOX5	c4
6.75895496593949e-06	-1.31869721936389	0.018	0.043	0.227736228622365	CEP41	c4
7.00385574905653e-06	-4.14171048065571	0.001	0.017	0.235987915608711	CD160	c4
7.01153830324064e-06	-0.355715654196262	0.427	0.452	0.23624677158939	PRDX6	c4
7.01441973284133e-06	-3.0886272744987	0.003	0.02	0.236343858478356	TOP2A	c4
7.02887481451114e-06	-4.43143210601814	0.001	0.017	0.236830908000138	TRDV2	c4
7.03299607919805e-06	-0.140041329806507	0.876	0.862	0.236969769892499	PCBP1	c4
7.04206415566368e-06	0.668076567034016	0.051	0.03	0.237275309660932	APOBR	c4
7.06403029387102e-06	0.338541824400875	0.134	0.095	0.23801543672169	PLEKHB1	c4
7.10173167587779e-06	0.17744511265787	0.362	0.29	0.239285747087026	PDLIM2	c4
7.10391977323373e-06	0.392894174840504	0.114	0.079	0.239359472839337	SUN1	c4
7.14956027878985e-06	-5.42821305012335	0	0.014	0.240897284033545	LINC00158	c4
7.1531533753166e-06	-0.752093404278996	0.073	0.111	0.241018349827918	BCAS4	c4
7.29766399299839e-06	-0.430605830156178	0.342	0.375	0.245887490580088	C4orf48	c4
7.66249323690615e-06	0.376468916069127	0.05	0.029	0.258180047124316	RP11-124N14.3	c4
7.68949141037261e-06	-1.09864008087055	0.03	0.059	0.259089723581095	BTN2A2	c4
7.8848288983715e-06	0.332921564669325	0.174	0.131	0.265671424901729	KIAA1033	c4
7.94525690723705e-06	-0.804556516752717	0.073	0.111	0.267707486232445	SLC5A3	c4
8.00209695373429e-06	-3.18523201441876	0.001	0.017	0.269622654759123	AC011043.1	c4
8.21669325348217e-06	-0.34999408300302	0.477	0.491	0.276853262482828	RBCK1	c4
8.26522750054147e-06	-3.8303216222887	0.001	0.017	0.278488575403244	ASCL2	c4
8.28424907903576e-06	-0.84753351053238	0.055	0.09	0.279129488469031	GADD45A	c4
8.37844142804909e-06	0.110427810925561	0.84	0.752	0.282303205476686	SERP1	c4
8.42466566184754e-06	0.173508962611981	0.287	0.228	0.283860684810291	TUBB4B	c4
8.43461461117023e-06	-0.352120095222117	0.484	0.519	0.28419590470877	SELL	c4
8.43652427999949e-06	0.170729570521019	0.458	0.377	0.284260249090303	SBDS	c4
8.78155900021313e-06	-4.20081492432947	0.001	0.016	0.295885848953181	PDGFD	c4
9.13309943919387e-06	0.305429157382846	0.158	0.117	0.307730652504198	AC006369.2	c4
9.21077864638411e-06	0.260544013048192	0.252	0.2	0.310347975711266	ARL14EP	c4
9.40620378983701e-06	1.1166593064244	0.022	0.009	0.316932630494768	RP11-542M13.3	c4
9.44313805532295e-06	0.171554556305173	0.631	0.553	0.318177093636052	STAT1	c4
9.56474727412459e-06	-0.793158030706435	0.114	0.154	0.322274594654354	FAM160B1	c4
9.62531966424318e-06	0.157908411043201	0.36	0.294	0.32431552076701	DDX21	c4
9.71836597601722e-06	0.251508192944111	0.223	0.173	0.327450623195924	C1GALT1	c4
9.74836084349188e-06	1.37399996860835	0.015	0.006	0.328461270260615	ELOVL4	c4
9.77965493422604e-06	1.20777070664897	0.015	0.006	0.329515693353812	FAM201A	c4
9.8309148400711e-06	-0.505837094443842	0.295	0.331	0.331242844621356	APMAP	c4
9.97251769555669e-06	1.47842727614287	0.012	0.004	0.336014011234087	RP11-753C18.12	c4
1.00080160737549e-05	0.210431306926266	0.305	0.246	0.337210093589099	PPP1CB	c4
1.0111244078191e-05	0.413565639999499	0.134	0.097	0.340688257970568	LUZP1	c4
1.01986107652487e-05	-5.35569834443667	0	0.014	0.34363199112429	KLRC4	c4
1.03644439472945e-05	0.146689015710111	0.5	0.416	0.34921957436014	MGST3	c4
1.04038528177539e-05	-0.681596411130969	0.117	0.158	0.350547416841399	STAMBPL1	c4
1.04578048305407e-05	0.587678564846988	0.093	0.063	0.352365275960238	PMEPA1	c4
1.06380814063473e-05	1.07282505587753	0.022	0.01	0.358439514905466	GYLTL1B	c4
1.06537917169768e-05	-1.17630477004234	0.021	0.046	0.358968858111816	ARHGAP11B	c4
1.06956800768106e-05	-0.269339370068368	0.683	0.66	0.360380244508056	SHISA5	c4
1.06966228301275e-05	-0.534058634115526	0.142	0.186	0.360412009638315	MTCH2	c4
1.08795077665931e-05	0.101120298037706	0.551	0.462	0.36657413468759	CD5	c4
1.09797962288439e-05	0.471843281237434	0.077	0.05	0.369953254134667	AMPD3	c4
1.11819936980928e-05	-0.217700797975804	0.599	0.598	0.37676609566354	NDUFB4	c4
1.12167094509047e-05	-0.418954090395297	0.275	0.318	0.377935808238784	SH3GLB1	c4
1.14330720078586e-05	-0.454962968583332	0.242	0.287	0.385225928232789	CCDC69	c4
1.15969233311064e-05	0.775608581931309	0.025	0.011	0.3907467347183	PI16	c4
1.1717965327376e-05	-0.339189296734122	0.517	0.531	0.394825123740608	CFLAR	c4
1.18908500215984e-05	-2.40066419232423	0.007	0.025	0.400650300627737	PTK2	c4
1.18926973872098e-05	1.34628642896776	0.017	0.007	0.400712545764646	CPNE5	c4
1.19111263007536e-05	-0.587810434222662	0.257	0.297	0.40133348957759	EIF2AK2	c4
1.19254728855317e-05	-1.12620770160713	0.032	0.06	0.401816883405106	ERI1	c4
1.20789452939626e-05	-0.388389299742851	0.455	0.476	0.406987982734776	PTPN7	c4
1.21567744497402e-05	-0.682219183478026	0.085	0.124	0.409610358309548	DTX2	c4
1.24315862930824e-05	-0.780626501101737	0.072	0.109	0.418869868559118	IVD	c4
1.26155550144601e-05	0.35078284427863	0.129	0.093	0.42506851065722	HOOK2	c4
1.26446365804588e-05	1.21757120542825	0.017	0.007	0.42604838494198	JAG2	c4
1.2691468028205e-05	-4.9895624672614	0	0.014	0.427626323742339	CTTNBP2NL	c4
1.27237236095676e-05	0.139479543454644	0.405	0.328	0.428713143300769	SDCBP	c4
1.28913080445283e-05	-0.295947333034739	0.523	0.534	0.434359733252335	MAT2B	c4
1.30729030215129e-05	-0.281213928518199	0.563	0.572	0.440478394406855	ZAP70	c4
1.32738290234453e-05	0.742529913403023	0.053	0.031	0.447248395115965	RAB34	c4
1.33052771628868e-05	-1.37539349363527	0.016	0.039	0.448308008726309	AP000476.1	c4
1.3308836208268e-05	-2.85268093920712	0.003	0.019	0.448427927201383	CENPU	c4
1.33768483015655e-05	-0.375376368162996	0.341	0.381	0.450719526672948	ZNF207	c4
1.4402027253243e-05	0.281307447012851	0.193	0.148	0.48526190627077	CTDSP2	c4
1.46759737643356e-05	1.33373256395679	0.018	0.007	0.494492260015525	KLF8	c4
1.46907078482548e-05	0.144549399961569	0.418	0.345	0.494988710239098	ODF2L	c4
1.46949935565605e-05	0.431092748616463	0.105	0.073	0.49513311289475	PLOD3	c4
1.49333572845782e-05	-1.9701119412787	0.005	0.022	0.503164540346578	PPARG	c4
1.50296832431514e-05	0.658749197202229	0.043	0.024	0.506410147194742	NR3C2	c4
1.50372767953573e-05	-0.747996985953205	0.063	0.098	0.506666004342769	E2F3	c4
1.5199857052021e-05	-0.722270947700257	0.072	0.108	0.512143983510797	PPIF	c4
1.52744655458336e-05	0.415781202855566	0.174	0.133	0.514657842101318	EGLN2	c4
1.54696168247484e-05	-0.784605952954208	0.043	0.074	0.521233269293071	RP4-728D4.2	c4
1.55960711286542e-05	-2.05786093227	0.007	0.025	0.525494020608875	AC074289.1	c4
1.56218943160377e-05	0.904477733400137	0.033	0.017	0.526364107084574	KIF5C	c4
1.56251458818955e-05	0.247645563854228	0.236	0.186	0.526473665344588	DDIT3	c4
1.57465170664292e-05	-0.51145749562859	0.146	0.191	0.530563146036267	VPS25	c4
1.57747277244074e-05	-0.350876156992266	0.354	0.392	0.531513675946183	LAMTOR5	c4
1.57798680832734e-05	-2.68191970088025	0.002	0.017	0.531686875197815	PIP5K1B	c4
1.57824547324958e-05	-0.41725055524545	0.348	0.379	0.531774029756715	GRSF1	c4
1.57824677684447e-05	0.887915612756055	0.027	0.013	0.531774468989974	NT5E	c4
1.5853536975106e-05	-0.2642174884569	0.495	0.517	0.534169074839223	AIP	c4
1.61748461739865e-05	-1.87450259787704	0.015	0.037	0.544995266986301	TSC22D1	c4
1.62049348625161e-05	0.324498965997767	0.14	0.102	0.546009075257618	STK26	c4
1.63919351685789e-05	-1.33627436632343	0.014	0.036	0.552309863570097	CORO1C	c4
1.67977698551738e-05	-2.45935437608673	0.004	0.02	0.565984057500224	AC091729.9	c4
1.70153269244349e-05	1.13255858024895	0.035	0.018	0.573314425391908	OSM	c4
1.72130941194602e-05	0.563968438091506	0.082	0.055	0.579977993261092	TRBV7-2	c4
1.73718058418293e-05	-0.592495711947315	0.116	0.157	0.585325626034596	RFX5	c4
1.74764409021701e-05	0.575260411015657	0.054	0.033	0.588851199757721	RP11-37B2.1	c4
1.76208758118484e-05	0.431657595808459	0.054	0.032	0.593717789604419	SETD7	c4
1.77537650100824e-05	0.797426649082923	0.038	0.021	0.598195358249718	CASP10	c4
1.78069392964162e-05	0.463063784424051	0.108	0.077	0.599987012653449	IL18R1	c4
1.7818525257241e-05	0.588647898509181	0.048	0.028	0.600377390017478	RP11-589C21.5	c4
1.78388901899604e-05	-0.104309073538097	1	0.999	0.601063566060525	HLA-B	c4
1.78496995489276e-05	-0.855083934930784	0.047	0.078	0.601427776601566	BARD1	c4
1.78950432712082e-05	0.582597830720758	0.043	0.024	0.602955587980089	TCEA3	c4
1.81098820588782e-05	-6.2799374587659	0	0.013	0.610194366091842	TYMS	c4
1.81703147045425e-05	0.225388535321728	0.176	0.132	0.612230583654856	PCNX	c4
1.83765647234272e-05	-1.29664728085775	0.02	0.044	0.619179971791157	ADAT2	c4
1.84773388514222e-05	-0.715697802502928	0.085	0.121	0.62257545525982	RP11-47L3.1	c4
1.87944799873109e-05	-0.138035579568506	0.947	0.906	0.633261208692455	PSME1	c4
1.89944192506896e-05	-0.937570341784038	0.039	0.068	0.639997962232735	CDK5	c4
1.91684552145234e-05	0.744896517539898	0.042	0.024	0.645861929998152	MYO1D	c4
1.9357194278197e-05	-0.727826999405254	0.153	0.191	0.65222130400957	F2R	c4
1.95218813898977e-05	0.157684807582013	0.406	0.338	0.657770271551213	CYTH1	c4
1.96072106712261e-05	-0.179839950995217	0.759	0.731	0.660645356356293	ATP5D	c4
1.96590263543594e-05	-5.36552573607562	0	0.013	0.662391233983787	ATP9A	c4
1.97398650413586e-05	0.468155208392725	0.174	0.134	0.665115012703538	CISH	c4
1.99390746116161e-05	-0.283767563154735	0.488	0.499	0.671827179963794	ATP5C1	c4
2.03483023600741e-05	0.32960163026442	0.123	0.088	0.685615699720338	HIPK1	c4
2.03985599263518e-05	-0.65422916699155	0.085	0.123	0.687309078158499	NUBP1	c4
2.06415867979947e-05	0.493754559179363	0.106	0.075	0.695497625571634	RNU12	c4
2.06905931105147e-05	0.189222806380723	0.278	0.224	0.697148844265681	EML3	c4
2.08294348246954e-05	0.145871677571559	0.351	0.288	0.701826976983286	MYLIP	c4
2.08722134926718e-05	1.05614915199518	0.022	0.01	0.703268361422084	CACNB3	c4
2.10515263957043e-05	-0.456447425077155	0.182	0.228	0.70931013037686	FRG1	c4
2.11360720156545e-05	-0.549374418865431	0.147	0.189	0.712158810495464	ZMYM5	c4
2.11545871203814e-05	0.265217451851062	0.148	0.11	0.71278265843413	SC5D	c4
2.14190572346516e-05	0.565918057412831	0.058	0.036	0.72169371446435	TRAV23DV6	c4
2.17217503441702e-05	-0.42629208208144	0.453	0.462	0.73189265609647	DNPH1	c4
2.1914774769816e-05	1.14327123789863	0.022	0.01	0.73839642109418	MAPRE3	c4
2.20185304541409e-05	-0.452495695277933	0.317	0.352	0.741892365121822	ITGAL	c4
2.20272442698455e-05	0.222073409084368	0.256	0.205	0.742185968428173	ADI1	c4
2.22394662692649e-05	1.16433474700102	0.014	0.005	0.749336576476613	TANC2	c4
2.2363955194086e-05	0.304550558068708	0.249	0.201	0.753531106309535	CALHM2	c4
2.23695616546888e-05	-0.658412377603027	0.135	0.174	0.753720010393086	GGA2	c4
2.24453327536127e-05	-2.62866028664854	0.002	0.017	0.756273041800227	NR5A2	c4
2.26769351309911e-05	0.392987961820958	0.107	0.075	0.764076652303613	MFHAS1	c4
2.30416388936077e-05	-0.734520162275148	0.071	0.105	0.776364980881217	FAM53B	c4
2.32009343480972e-05	-0.219126985902403	0.735	0.689	0.781732281924788	CAP1	c4
2.32641615667174e-05	-0.399679371109522	0.355	0.386	0.783862659828975	PCED1B	c4
2.36384339633975e-05	-2.64141921099843	0.003	0.018	0.796473393962714	RP11-539I5.1	c4
2.38925292925948e-05	-1.09798513656738	0.029	0.055	0.805034881984688	GCNT1	c4
2.39334744105651e-05	-0.373828750458083	0.353	0.383	0.806414486789579	COPZ1	c4
2.41890341302719e-05	0.169866276812938	0.289	0.229	0.81502531598538	TMEM106B	c4
2.42338323782129e-05	-0.198608006063506	0.952	0.897	0.816534748151504	HCST	c4
2.46983941307227e-05	-0.24560987208399	0.617	0.615	0.832187691840572	ATP6V0C	c4
2.4968993627884e-05	-3.0691551608408	0.003	0.018	0.841305271297925	CADM1	c4
2.50248712029713e-05	0.809885742021068	0.034	0.018	0.843188010312915	CYFIP1	c4
2.50586555112021e-05	-0.838560492370296	0.041	0.071	0.844326338794444	SPATA20	c4
2.5332582137348e-05	-0.43285264926178	0.253	0.296	0.853556022535804	RNASEH2B	c4
2.54923808664301e-05	-0.506531339758882	0.174	0.216	0.858940280913497	CHMP1A	c4
2.5797685180904e-05	1.38433554755782	0.012	0.004	0.869227204485381	FRY	c4
2.60253824640221e-05	-0.672438670329799	0.065	0.099	0.87689923674276	NUDT18	c4
2.60472931434593e-05	-0.216190507996378	0.628	0.615	0.877637495175719	UBE2I	c4
2.60633723318402e-05	-3.38331516615283	0.001	0.015	0.878179267349024	MEOX1	c4
2.61699483627994e-05	0.235604417374184	0.304	0.25	0.881770240136162	USP3	c4
2.62591836783528e-05	-2.29087212263946	0.004	0.019	0.884776934858421	COL6A3	c4
2.63929119330788e-05	0.254641310378077	0.209	0.161	0.889282774673156	BCL2A1	c4
2.65076708837749e-05	0.632976924874	0.047	0.028	0.89314946275791	SH2B3	c4
2.65654980474605e-05	-5.68008685587115	0	0.013	0.895097891211135	COCH	c4
2.66304290195403e-05	0.818309966192332	0.038	0.021	0.897285675384391	KLHL25	c4
2.6996725876232e-05	0.137058154122866	0.978	0.946	0.909627681673761	HSPA8	c4
2.76346673633289e-05	0.123172587876718	0.448	0.373	0.931122482140002	FLI1	c4
2.76951855213416e-05	-3.98784497313358	0.001	0.014	0.933161580956082	FAM49A	c4
2.80781974572715e-05	-0.533518042478108	0.182	0.223	0.946066785125306	NAA50	c4
2.81745122834733e-05	-0.647141164782005	0.074	0.11	0.949312016879349	ARL3	c4
2.84121802578941e-05	-0.829468974126014	0.046	0.076	0.957320001609484	MAGEF1	c4
2.84136671527778e-05	-0.883231762313706	0.026	0.051	0.957370101045694	DENND6B	c4
2.90909905405924e-05	-0.388750984320776	0.284	0.326	0.980191835274722	RTF1	c4
2.92125986130255e-05	-2.17253757061122	0.008	0.026	0.984289297667282	SERPINE2	c4
2.92374355795556e-05	-0.643858986637459	0.071	0.106	0.985126154417546	STYXL1	c4
0.000134125291188501	-6.81009510397228	0	0.01	1	PMCH	c4
3.04636425661073e-05	-6.33976443267588	0	0.012	1	FGFBP2	c4
0.000208419864523238	-5.55420483341082	0	0.01	1	CAV1	c4
0.000145671461304406	-5.51932409909004	0	0.01	1	CTC-490G23.2	c4
4.4708458452675e-05	-5.51214701202077	0	0.012	1	LINC01229	c4
5.56767301443453e-05	-5.27218959106555	0	0.012	1	ADAM28	c4
0.00023273372008523	-5.166374428289	0	0.01	1	SPRY2	c4
5.56767301518227e-05	-5.04078012331386	0	0.012	1	NEBL	c4
7.73966231661998e-05	-5.03627563770244	0	0.011	1	FLT1	c4
0.000176647590035488	-4.89292829998345	0	0.01	1	LINC00519	c4
0.000171846747086881	-4.88437245071455	0	0.01	1	RP11-277P12.6	c4
0.000137868123059338	-4.87851984145806	0	0.01	1	IRF8	c4
0.000120146673024679	-4.83535078409802	0	0.011	1	NTRK2	c4
0.00014973796758205	-4.64512335794033	0	0.01	1	RP11-146I2.1	c4
0.000267176437270034	-4.63022307922881	0	0.01	1	PRKCDBP	c4
0.000220239828820264	-4.57573666258669	0	0.01	1	ITGB8	c4
4.94904624108628e-05	-3.89597037415229	0.001	0.013	1	KIAA0101	c4
5.36572430559541e-05	-3.8695182719781	0.001	0.014	1	LGR6	c4
4.20356588833585e-05	-3.79614714833678	0.001	0.015	1	RP11-486G15.2	c4
0.00030913058873103	-3.75975714167103	0.001	0.011	1	RP11-493L12.5	c4
6.30887218920502e-05	-3.75423315204703	0.001	0.013	1	TMCC2	c4
0.000147228583501108	-3.7451342161901	0.001	0.012	1	STYK1	c4
5.6773640278381e-05	-3.65471621736732	0.001	0.013	1	CD80	c4
0.000234623724860045	-3.6289171730337	0.001	0.012	1	VIPR2	c4
0.000248949723895319	-3.58673825569386	0.001	0.011	1	C15orf53	c4
4.69930387601337e-05	-3.53465078110973	0.001	0.013	1	CEP55	c4
0.000368585921558982	-3.5108319720089	0.001	0.011	1	MCTP1	c4
0.000356340907829271	-3.4228190616005	0.001	0.011	1	PDGFA	c4
0.000119600168601233	-3.25522927981007	0.001	0.012	1	PHEX	c4
0.000206807793613781	-3.22536106648732	0.001	0.011	1	C17orf96	c4
0.000120552557767152	-3.1690368100347	0.001	0.013	1	LRRN3	c4
3.17950264840351e-05	-3.15929233226729	0.001	0.015	1	ZBTB32	c4
0.00206336472177559	-3.13819733466428	0.001	0.01	1	NPW	c4
0.00057459619965387	-3.11221102015855	0.002	0.012	1	S100B	c4
0.000158259991760886	-3.05666821195984	0.001	0.013	1	SERP2	c4
0.000527461937643789	-3.05536411075505	0.001	0.01	1	AMZ1	c4
3.02036255653948e-05	-2.97579671092432	0.002	0.017	1	PHGDH	c4
0.000121331815357676	-2.96017846729909	0.001	0.013	1	CLEC7A	c4
0.000266345352478193	-2.94142033810171	0.004	0.016	1	SYNGR1	c4
0.00016128570706702	-2.93599389037882	0.002	0.014	1	IL21-AS1	c4
0.000153435771875927	-2.84463462450632	0.002	0.014	1	TK1	c4
0.000148360576065349	-2.8290409977476	0.002	0.014	1	CLEC11A	c4
0.000239030642760525	-2.81602116345278	0.001	0.012	1	PADI4	c4
0.000988018211399873	-2.77498314321838	0.001	0.011	1	KIAA1217	c4
0.000414077357316195	-2.77191915450216	0.002	0.013	1	CTD-2555O16.2	c4
7.98744652590462e-05	-2.76794718721521	0.003	0.016	1	TPX2	c4
0.000620283081588764	-2.70139171893098	0.001	0.011	1	SLC43A2	c4
0.000331928676805415	-2.64477260439984	0.001	0.011	1	CTTN	c4
0.000885708795285439	-2.55345775181685	0.001	0.011	1	RP11-14N7.2	c4
0.000382121021433486	-2.53055023138564	0.001	0.012	1	REEP2	c4
0.00113311952445251	-2.5147715998763	0.002	0.012	1	NTRK1	c4
9.28918805079248e-05	-2.51114621425448	0.002	0.015	1	BUB1	c4
0.000241305105390842	-2.48338520075219	0.001	0.012	1	CBX8	c4
4.3967801725991e-05	-2.46228765262459	0.004	0.018	1	RDH10	c4
0.000563090385768122	-2.41624199431239	0.003	0.014	1	CDT1	c4
0.000558112049927276	-2.39830806677393	0.003	0.014	1	TTYH3	c4
0.00134308028605466	-2.39423890712435	0.001	0.01	1	ST6GALNAC3	c4
0.000160683201257292	-2.37597137744359	0.002	0.014	1	CLSPN	c4
0.00238287942306471	-2.3546531770924	0.005	0.015	1	RTP5	c4
6.76167584333125e-05	-2.35341171698026	0.003	0.017	1	EVC2	c4
4.14299832143205e-05	-2.31908121727253	0.005	0.021	1	GINS2	c4
5.47192878507104e-05	-2.31018856483767	0.005	0.021	1	CDCA7L	c4
0.000105205113473922	-2.22875718741002	0.004	0.017	1	RP1-167O22.1	c4
0.0204124735550485	-2.21169781351766	0.005	0.012	1	G0S2	c4
0.000576097639349735	-2.20961402910949	0.004	0.015	1	SMPD3	c4
0.000644700144673099	-2.16918964924627	0.003	0.014	1	AC093388.3	c4
0.00306701385119436	-2.16774705229265	0.002	0.01	1	AC017002.2	c4
0.000470996807156681	-2.1619174332722	0.003	0.014	1	PIF1	c4
0.000158066258166364	-2.16061260393255	0.004	0.017	1	AC112721.2	c4
5.18244499177232e-05	-2.14716840710312	0.005	0.021	1	CDKN3	c4
0.00120296709603932	-2.14715461061989	0.001	0.01	1	LYN	c4
0.000575821316181612	-2.1404732534947	0.004	0.015	1	IGHV1-3	c4
0.00038395555088851	-2.13279137515639	0.005	0.018	1	SLC2A6	c4
0.00246989083188126	-2.12384859876111	0.003	0.012	1	WBSCR27	c4
0.000195818355370105	-2.10276531165277	0.009	0.024	1	GPA33	c4
0.000173059575850613	-2.09883548156696	0.003	0.015	1	ARSD	c4
0.00381396191207302	-2.09436206079344	0.003	0.011	1	UCP3	c4
0.00195819771172141	-2.08378769815732	0.003	0.012	1	RASSF4	c4
0.000179025515649424	-2.07568084995856	0.004	0.018	1	FAM174B	c4
0.000393734847465419	-2.03098965589224	0.003	0.014	1	BFSP2	c4
0.00163429031192619	-2.02225412160623	0.004	0.013	1	CHST10	c4
0.000121286348216948	-1.99540153974715	0.005	0.019	1	TMEM244	c4
0.00434433836032903	-1.98059499953922	0.004	0.012	1	GAS7	c4
0.000113217930099948	-1.97708346634436	0.005	0.02	1	BBS12	c4
0.00263715052390684	-1.97271223370123	0.003	0.012	1	HTRA1	c4
0.00209690389672248	-1.95435573301969	0.005	0.015	1	SLAMF8	c4
0.00264264213544842	-1.87434347676895	0.003	0.012	1	HLF	c4
0.00182194590890852	-1.87422484028045	0.003	0.012	1	RP11-440D17.3	c4
0.00977422992610482	-1.86043754795925	0.003	0.01	1	FCGR3A	c4
3.35907287884134e-05	-1.83494558052859	0.007	0.024	1	TIAM2	c4
0.00491634592143909	-1.83012220722646	0.002	0.01	1	CD68	c4
3.89932747068634e-05	1.7723847980117	0.011	0.004	1	THBS1	c4
5.15914432098591e-05	-1.76826015701267	0.01	0.028	1	PLAGL1	c4
0.00186517632232295	-1.73233179136654	0.002	0.011	1	SLC41A2	c4
0.000420907415535899	-1.72214122547751	0.006	0.019	1	USP51	c4
0.00902160916430798	-1.69525770156524	0.004	0.012	1	GTSCR1	c4
0.00716997348644441	-1.69280186670295	0.004	0.011	1	PHLPP1	c4
0.000459054666290647	-1.67276683144388	0.005	0.018	1	SLC36A1	c4
0.000408073359973215	-1.66055332467693	0.006	0.019	1	ZWINT	c4
0.000413722673182909	-1.65581927599672	0.006	0.019	1	VANGL1	c4
0.00146032063499481	-1.65005772733136	0.003	0.012	1	CDK1	c4
0.0443214221807984	-1.64668447927979	0.004	0.01	1	MYO15B	c4
3.98751992388513e-05	-1.62660793725721	0.009	0.028	1	TRDC	c4
0.00247869168946796	-1.62596674466017	0.004	0.014	1	CASC5	c4
0.00192934814127118	-1.62581834286495	0.002	0.011	1	NHS	c4
0.00548883627049902	-1.61376443732549	0.005	0.014	1	MTURN	c4
0.0129164922465132	-1.61242968190089	0.004	0.01	1	TIMP2	c4
0.00126038298277952	-1.60580391334019	0.006	0.017	1	CENPE	c4
0.00146349122629634	-1.59721231533247	0.005	0.016	1	RP11-330A16.1	c4
0.000407081398300711	-1.59279388167011	0.004	0.015	1	CHEK1	c4
0.00436834675219701	-1.59209763670162	0.005	0.014	1	CST3	c4
0.00378511077500692	-1.59099377475897	0.004	0.012	1	HDAC9	c4
0.00799550096991541	-1.58764306525384	0.004	0.012	1	TMEM237	c4
6.06119710631518e-05	-1.58099674579072	0.015	0.035	1	FAM184A	c4
0.00525871953080065	-1.56468143502022	0.003	0.011	1	L1CAM	c4
0.0175865211564458	-1.54405855973485	0.004	0.01	1	DBH-AS1	c4
0.000453728356189915	-1.53858630170929	0.012	0.028	1	CDHR3	c4
0.000157584695020339	-1.52948701399039	0.008	0.023	1	FAM13A	c4
0.0103666059280737	-1.52678279377145	0.005	0.013	1	PAQR6	c4
8.07758275275987e-05	1.51456193941076	0.01	0.003	1	EPS8	c4
0.000167666696447863	-1.50402137445252	0.009	0.026	1	MAPK11	c4
0.0109573192709375	-1.49867329783615	0.005	0.013	1	BMF	c4
0.000194316320539688	-1.49419013059619	0.025	0.045	1	PTPN13	c4
0.0206556763412954	-1.48886054995061	0.009	0.017	1	LGMN	c4
0.0103981573610759	-1.48502051825966	0.003	0.01	1	ZNF20	c4
0.00639596820958527	-1.48404347105387	0.009	0.02	1	FAM19A2	c4
9.57589766699861e-05	1.48009903509292	0.01	0.003	1	SLC5A5	c4
0.0231719339617686	-1.47732083764485	0.004	0.01	1	NFIL3	c4
0.0101070297269801	-1.47668937651071	0.015	0.026	1	TRBV14	c4
3.38873366065306e-05	1.46854363253919	0.01	0.003	1	B3GNT8	c4
0.00606494243221958	-1.4646822721213	0.004	0.012	1	PDCD1LG2	c4
0.0175949476264176	-1.46109048957029	0.004	0.01	1	GPR19	c4
0.00383710263116007	-1.4530094277893	0.006	0.015	1	GCNT2	c4
0.00597216464629667	-1.4523599403012	0.005	0.014	1	AP003774.1	c4
0.000812219510541838	-1.45037211237798	0.009	0.023	1	ASF1B	c4
0.00558303629391234	-1.44615992401507	0.009	0.019	1	ADAMTS6	c4
0.000303433786259011	1.44313779998591	0.012	0.005	1	ERBB3	c4
6.83774593096475e-05	-1.43652302538479	0.012	0.03	1	AFAP1L2	c4
0.00617635207325566	-1.43499362323055	0.004	0.013	1	OTOF	c4
0.00671457114899223	-1.42807138064967	0.005	0.014	1	MIR9-3HG	c4
0.0021567496268821	-1.42222466588431	0.006	0.016	1	HMGB3	c4
0.0161217314260461	-1.41839042083838	0.005	0.012	1	IGFBP6	c4
3.91388255319741e-05	-1.41644874726746	0.021	0.044	1	CHI3L2	c4
0.00113028047227947	-1.41551043396425	0.023	0.04	1	TRDV1	c4
0.00125740336254358	-1.41455196529347	0.012	0.025	1	VPS54	c4
0.0237815325497762	-1.41115108242691	0.007	0.015	1	GCNT4	c4
0.00954161067462089	-1.40030200849378	0.006	0.014	1	BRCA1	c4
0.000145146753464611	-1.39713503503693	0.009	0.026	1	AC009948.5	c4
0.0011916498491852	-1.39194115762764	0.006	0.017	1	AIFM2	c4
0.000600941253228335	-1.38369779912627	0.019	0.036	1	CENPF	c4
0.0535252664416559	-1.38074584691286	0.005	0.01	1	ANKRD16	c4
0.000134210861127865	-1.37036312161923	0.013	0.031	1	ARHGEF12	c4
0.285098466816168	-1.36528863114045	0.249	0.237	1	TNFRSF4	c4
0.00445907491845788	-1.36474516117742	0.013	0.025	1	DGKQ	c4
0.00344112614133795	-1.35857999222283	0.005	0.015	1	DBF4B	c4
0.00120529400109797	-1.34361053865952	0.009	0.022	1	RCAN2	c4
0.000486062344783329	-1.33680829459816	0.021	0.039	1	LAMP3	c4
0.000104648733630925	-1.30984523389271	0.01	0.027	1	CASP9	c4
0.0379329031293987	-1.30164410142986	0.004	0.01	1	CD101	c4
0.017531255024468	-1.29537736556615	0.004	0.011	1	CDCA8	c4
0.0513116538244065	-1.29468155338969	0.005	0.01	1	HES6	c4
0.0104041414029161	-1.29418371298275	0.004	0.012	1	KIF18A	c4
0.048938358250622	-1.29028164532106	0.008	0.014	1	LINC01336	c4
0.000146955461164036	-1.28886684930757	0.01	0.027	1	LINC00891	c4
0.00174393240151418	-1.28460584663486	0.012	0.026	1	H1F0	c4
0.000170310720851867	-1.27890404909723	0.011	0.028	1	AZIN1-AS1	c4
0.00486742337356044	-1.27417097445044	0.005	0.014	1	NUF2	c4
0.0116412453470701	-1.27200311203719	0.007	0.015	1	RP11-111F5.4	c4
0.000521211757119976	-1.26949123646491	0.011	0.026	1	WDHD1	c4
0.0278410521957359	-1.26380597712924	0.004	0.01	1	DIXDC1	c4
0.0172004993516809	-1.26225339759881	0.006	0.013	1	MTBP	c4
0.00645957296619529	-1.26147078550595	0.009	0.019	1	ICA1L	c4
0.0491699606189513	-1.25211139134689	0.006	0.011	1	TMEM169	c4
0.00282731523597475	-1.24695119976539	0.024	0.04	1	TRBV27	c4
5.03282016593367e-05	-1.24590038391301	0.016	0.037	1	CCRL2	c4
3.65475379591537e-05	-1.24426466186264	0.022	0.045	1	SLFN12	c4
0.00755964930455041	-1.24258334670812	0.008	0.017	1	CD72	c4
0.00011997466281682	-1.24184891849817	0.014	0.033	1	UCK2	c4
0.00429072567204292	-1.23782809885249	0.007	0.016	1	FAAP24	c4
0.000766574176938625	-1.23740938285661	0.011	0.025	1	GLIDR	c4
0.00189236459912756	-1.23712414209599	0.009	0.022	1	RP11-381K20.2	c4
0.0245858505628066	-1.23534547360905	0.004	0.01	1	CREB3L3	c4
0.00759011215925317	-1.22999698655844	0.011	0.021	1	SLC35G1	c4
0.0119516756902056	-1.22978326933741	0.005	0.013	1	AC147651.4	c4
0.040810802990719	-1.22657940035446	0.005	0.011	1	RP11-297N6.4	c4
0.0227520794339192	-1.22421526830715	0.005	0.012	1	GSN	c4
0.0112792510961801	-1.21978366781253	0.008	0.017	1	KCNQ5	c4
0.000317916625101342	1.21352511886697	0.011	0.004	1	NEFL	c4
0.107935953004607	-1.20268825385128	0.072	0.081	1	IL2RA	c4
0.00112117838295588	-1.20092291417704	0.021	0.038	1	PLCL1	c4
0.00404755386894754	-1.20088764108485	0.006	0.015	1	IFNLR1	c4
0.000217777879329589	-1.1962821442063	0.014	0.032	1	SLC25A35	c4
0.0148259991600188	-1.19584759819722	0.004	0.011	1	ZNF793-AS1	c4
0.000128478178707582	-1.19473783433717	0.018	0.038	1	CDK2	c4
0.000282827935946745	-1.18956806361538	0.017	0.035	1	LINC00467	c4
0.00982702581096977	-1.18870511378822	0.009	0.018	1	DPY19L3	c4
0.000199664184872784	1.18781952048611	0.016	0.007	1	PODXL2	c4
0.000394815094846121	-1.1866335544242	0.016	0.033	1	FANCG	c4
6.21522122429803e-05	1.18479337791483	0.015	0.006	1	CAMKK1	c4
0.000155588656725395	-1.18360298000326	0.015	0.034	1	CCDC28B	c4
0.000274769278179449	1.18346180812028	0.014	0.006	1	ZNF502	c4
0.0029415187626743	-1.18227549824804	0.008	0.019	1	C5orf30	c4
0.0275860779846409	-1.17905581176099	0.004	0.01	1	MDK	c4
0.000230465258263036	-1.17472095726573	0.014	0.032	1	MYEF2	c4
0.00017967630005328	1.16914853058073	0.014	0.006	1	ANKRD6	c4
0.00130175958262457	-1.16042152007708	0.02	0.037	1	ADCY3	c4
0.000484540365344876	1.15858240875283	0.014	0.007	1	SEPT7-AS1	c4
0.00533899041818317	-1.15702259211098	0.012	0.023	1	LINC01012	c4
0.000357955737130318	-1.15297858663965	0.012	0.027	1	MCM4	c4
0.0186363667149915	-1.1516776515575	0.004	0.01	1	DNAJB5	c4
0.0455632617149632	-1.15072229986234	0.007	0.013	1	LINC00987	c4
9.80969633074402e-05	-1.14103253800438	0.018	0.038	1	PI4K2A	c4
9.26549369262477e-05	-1.13827468583746	0.018	0.039	1	PCTP	c4
0.00627353950505929	-1.1377614287816	0.004	0.013	1	SLC29A1	c4
0.000171734008342687	1.13765801884104	0.013	0.005	1	PAK3	c4
0.000329687759092686	-1.13574300377448	0.017	0.034	1	RASGEF1A	c4
0.0537478181749	-1.13353376357636	0.014	0.022	1	RP11-347I19.7	c4
0.00844710087805921	-1.13349122536524	0.012	0.023	1	STARD9	c4
3.51843527467539e-05	1.13176118969261	0.021	0.01	1	GPR146	c4
0.00667620355167973	-1.12848039793439	0.013	0.024	1	PYCRL	c4
0.06098471757138	-1.12686211803742	0.006	0.011	1	FAM83D	c4
6.06023877570464e-05	1.1268476160816	0.014	0.006	1	ZNF578	c4
0.00280785360716844	-1.12663500428024	0.014	0.027	1	TNFSF4	c4
0.000562737609459516	-1.12626095970222	0.012	0.028	1	FBXO5	c4
0.0459193499933645	-1.11953731334491	0.005	0.011	1	MMP23B	c4
0.00142650276713484	-1.11947819885638	0.017	0.033	1	AC007383.3	c4
0.00133410600025882	-1.11512115028827	0.018	0.034	1	SLC15A4	c4
0.0925201613030067	-1.11275400240114	0.007	0.012	1	PEX11A	c4
8.1878581487494e-05	1.1121241828588	0.012	0.004	1	TGM1	c4
0.00236348705005528	-1.10982987590287	0.014	0.028	1	LANCL2	c4
0.0203226630097136	-1.10446232451184	0.007	0.014	1	NATD1	c4
0.0812306423682097	-1.10418154978206	0.005	0.01	1	ADAMTS4	c4
0.00588270607821171	-1.10356150392349	0.008	0.018	1	PSMG3-AS1	c4
0.000116054078185142	-1.10220451699915	0.038	0.064	1	GADD45G	c4
0.0517874662863799	-1.10086071251648	0.006	0.011	1	RP11-582E3.6	c4
0.000195965238502403	1.10074978930482	0.016	0.007	1	TRIM2	c4
7.98634285125952e-05	-1.09802262330595	0.022	0.044	1	MCOLN1	c4
0.0270967040085725	-1.09580604268336	0.009	0.017	1	MAST2	c4
0.00624743526256558	-1.08804357653779	0.013	0.024	1	GSTM4	c4
0.00408510711895815	-1.08753410983625	0.013	0.025	1	C8orf44	c4
0.0102868622616667	-1.08649839642716	0.008	0.017	1	KCTD11	c4
0.00416832555703473	-1.08084063768247	0.012	0.024	1	ZNF280C	c4
0.0653092634679454	-1.08041773046851	0.008	0.014	1	GRAMD1C	c4
0.100622440949613	-1.07586726712694	0.044	0.054	1	IFIT2	c4
0.0326236428655272	-1.07484659467041	0.007	0.013	1	ZMYND19	c4
0.000494271685664082	-1.07385999085284	0.019	0.037	1	TTC16	c4
0.153575085131766	-1.07270883199158	0.007	0.01	1	ZNF630	c4
0.0120917756699263	-1.0718170211442	0.011	0.021	1	C9orf3	c4
0.0862297109414891	-1.07068487722336	0.006	0.011	1	WDR63	c4
0.00160864793318597	1.07040975909633	0.01	0.004	1	RP11-48B3.5	c4
0.000296026438902259	1.06852926393273	0.012	0.005	1	RNF144B	c4
6.23346179181199e-05	1.06750209973721	0.019	0.008	1	PLEKHG5	c4
0.000134155316820011	-1.06594283833133	0.03	0.053	1	P3H1	c4
5.67447316382344e-05	1.06524466922219	0.022	0.011	1	CRYBG3	c4
0.000176740443319543	1.06498673869011	0.019	0.009	1	MLLT4	c4
0.0322007659407184	-1.06321700114602	0.008	0.015	1	CCNB1	c4
0.000157068390354392	1.0629711889913	0.017	0.008	1	RNASE4	c4
0.000680140772795067	1.06014726838748	0.011	0.004	1	AC073934.6	c4
0.00781163540790549	-1.06000824031848	0.012	0.022	1	MXRA7	c4
0.0182691270980899	-1.05947032821714	0.007	0.014	1	BMP2K	c4
0.0349830127730871	-1.05859373797053	0.005	0.011	1	FLVCR2	c4
0.0738353399078957	-1.05693219603625	0.012	0.018	1	S1PR5	c4
0.0185650993443286	-1.05466434806343	0.004	0.011	1	AC006129.1	c4
0.0397636612466452	-1.04773676225358	0.007	0.013	1	ATP6V0A1	c4
7.74864227155844e-05	-1.04705278009652	0.069	0.1	1	CMPK2	c4
0.0687707374327964	-1.04206401489812	0.009	0.015	1	FAM66B	c4
0.00749069003853502	-1.04156269318972	0.022	0.036	1	TRBV4-2	c4
0.00485709379644864	-1.03660817628548	0.009	0.019	1	DOT1L	c4
0.00672344858966147	1.03463285540024	0.01	0.005	1	ARHGEF40	c4
0.000299586698016237	1.03324011659499	0.015	0.007	1	MYO1B	c4
6.94890382190468e-05	-1.03236478654301	0.03	0.055	1	SPATC1L	c4
0.00045329194353009	1.03234826278014	0.014	0.006	1	DLEC1	c4
0.00627452801846895	-1.02721182582819	0.021	0.034	1	C1orf112	c4
0.03209527876575	-1.02494855518729	0.007	0.014	1	AC010226.4	c4
0.00679232086502858	-1.02423832379805	0.017	0.03	1	TRGC1	c4
0.262619878904449	-1.02332577021957	0.01	0.014	1	TMEM171	c4
0.0235754149869195	-1.02011410535256	0.012	0.02	1	SBK1	c4
0.0024504436814792	-1.01916233788702	0.018	0.033	1	ATP1A3	c4
6.85374352135996e-05	-1.018639794745	0.035	0.061	1	TNFSF9	c4
0.00728000924868541	-1.01307697779544	0.009	0.02	1	ITGA2	c4
0.0067708485766749	-1.01258780545121	0.014	0.025	1	PLCXD2	c4
6.80543623645934e-05	-1.00821295675393	0.039	0.066	1	TRBV9	c4
0.000143469145799323	1.00796798088183	0.019	0.009	1	PLB1	c4
0.000799147079073975	-1.00694298288201	0.01	0.024	1	TMEM53	c4
0.00373013952926008	-1.00294208037378	0.012	0.025	1	NIPAL2	c4
0.000736656321588696	-1.00166572916465	0.011	0.025	1	BRCA2	c4
0.000427002349073516	1.00079600765047	0.017	0.008	1	IRGM	c4
0.00138990183837146	-0.999506409549724	0.045	0.065	1	MS4A1	c4
0.0595933934218619	-0.99578536877266	0.005	0.01	1	DCUN1D2	c4
0.00134743576197862	-0.994130645976208	0.013	0.027	1	RBBP8	c4
0.0349193125023383	-0.99220531591074	0.005	0.011	1	RORA-AS1	c4
0.016724993499671	-0.992105397738673	0.009	0.017	1	ERICH6-AS1	c4
0.259451238661468	-0.991990096618818	0.027	0.032	1	TRBV21-1	c4
0.00455621170392349	-0.991594915503843	0.022	0.037	1	BZRAP1	c4
0.000131303184205801	-0.990763477109204	0.029	0.052	1	PVRIG	c4
0.00432306507121267	-0.988407742873863	0.015	0.028	1	ACAD11	c4
0.000158062671088549	0.986230786823421	0.023	0.012	1	PWWP2B	c4
0.00452725870906358	-0.985955154524131	0.013	0.025	1	SORD	c4
0.0179252050536539	-0.983090612860954	0.009	0.017	1	RP11-644F5.11	c4
0.00314652103007594	-0.981870827880157	0.019	0.033	1	SEC14L2	c4
0.0697749590797959	-0.98165313900433	0.006	0.011	1	ANK1	c4
3.99472730091895e-05	-0.980577093121483	0.027	0.052	1	SNX18	c4
0.000748236187602706	-0.980091224399789	0.028	0.048	1	NDC80	c4
0.0686740111481974	-0.97885627300418	0.007	0.012	1	RP11-495P10.1	c4
0.104125363507647	-0.97860941533305	0.012	0.017	1	KIR3DL2	c4
0.046379437695786	-0.977755575390141	0.005	0.011	1	HOMER2	c4
0.081723599272155	-0.977551309783482	0.007	0.012	1	RP11-967K21.1	c4
0.000604176198711558	0.977522354332298	0.014	0.007	1	WDR19	c4
0.208681609154919	-0.977091707822013	0.067	0.075	1	IFIT3	c4
0.158976088736013	-0.974407153365947	0.008	0.012	1	TIGD6	c4
0.000973194359885535	-0.972460146008022	0.02	0.036	1	RP11-493L12.4	c4
0.00961476952732986	0.972054455255229	0.012	0.006	1	RP11-254F7.2	c4
0.000305075781324837	-0.970799784128395	0.023	0.043	1	UBE2T	c4
0.0253192796137028	-0.969577749866156	0.011	0.019	1	MAP4K3	c4
0.000917086730198218	0.96782402251012	0.014	0.007	1	RHOU	c4
0.284490048112186	0.964836121499388	0.011	0.008	1	TRAV34	c4
3.8993460105784e-05	0.964382605699386	0.027	0.014	1	RP11-161M6.3	c4
0.00197402287095471	-0.958867727935799	0.019	0.034	1	RFX7	c4
0.017990503881391	0.958473853712844	0.013	0.007	1	TRBV10-1	c4
0.000688329475570062	-0.957548448141061	0.05	0.073	1	TRGC2	c4
0.0277482574749158	-0.956616194660009	0.012	0.02	1	TBCEL	c4
5.91686292669101e-05	0.956564970085658	0.027	0.014	1	C2CD4D	c4
0.000870314911761436	-0.95652131160575	0.046	0.068	1	BCL2L11	c4
0.00103983306268464	-0.956155347449084	0.029	0.048	1	ZNF714	c4
0.878841979518516	-0.954855888769537	0.04	0.039	1	IFI27	c4
0.00290202789506695	0.954626612831412	0.011	0.005	1	MB21D2	c4
0.000470021478807734	0.954437435892888	0.014	0.006	1	DNAJC6	c4
0.00868297912961461	0.954274542676653	0.012	0.006	1	KISS1R	c4
9.98246966446423e-05	-0.953911558228157	0.04	0.066	1	STAG3	c4
0.00487888991251552	-0.953309664632412	0.017	0.031	1	CDYL	c4
0.059389789928679	-0.952756759550871	0.013	0.02	1	CNTROB	c4
0.0359847211708648	-0.952580858322795	0.007	0.013	1	ZNF367	c4
0.00067229071689013	-0.951119222418392	0.015	0.031	1	RP6-91H8.3	c4
0.00143160471452501	0.95095385431129	0.012	0.005	1	EFHD1	c4
0.00301402091692738	-0.949694999724054	0.012	0.025	1	LAPTM4B	c4
0.0542262858814814	-0.947576513035004	0.007	0.012	1	CCDC120	c4
0.00191408615995921	0.945824961195346	0.014	0.007	1	RP11-297A16.2	c4
0.0905610441869144	-0.94571798257084	0.006	0.01	1	SLC16A11	c4
0.00177442286847244	0.945041060733638	0.014	0.007	1	RP11-161M6.2	c4
0.0483767508611508	-0.945029469980325	0.007	0.013	1	ANKDD1A	c4
0.0239497899479382	-0.94388298585113	0.007	0.015	1	HIST1H2BG	c4
0.193803898517043	-0.94232544744913	0.009	0.013	1	DLGAP1-AS2	c4
0.0210708131070936	-0.940720412913716	0.006	0.013	1	NAT14	c4
4.85901619806983e-05	-0.939448947782147	0.04	0.067	1	RAB30	c4
0.0265165330241438	-0.937530302819602	0.017	0.026	1	EGR2	c4
0.106461047674619	-0.937194550967302	0.008	0.013	1	BAIAP2	c4
0.0133516067864001	-0.934704362940918	0.009	0.018	1	TMEM121	c4
0.00101884727509366	-0.934274039431576	0.022	0.04	1	RHBDD3	c4
0.00260345776110225	-0.933764848271214	0.031	0.048	1	JAKMIP2	c4
0.298697961771468	-0.932275471103506	0.015	0.019	1	TRAV30	c4
3.16096594160674e-05	-0.93103394714692	0.044	0.074	1	DGKH	c4
0.00829491756111491	0.93033650120565	0.014	0.007	1	NCF2	c4
0.00785060781270611	-0.930250723839805	0.017	0.029	1	KIAA0825	c4
0.000278952973151949	0.929465337691779	0.03	0.017	1	NEDD4	c4
0.159652582215596	-0.924607105746666	0.008	0.012	1	NSMF	c4
8.1851616038517e-05	-0.924171037822193	0.03	0.054	1	CTSZ	c4
0.0560109312172523	-0.923339798149235	0.007	0.013	1	PACSIN1	c4
0.000151445637575746	-0.922220224722185	0.037	0.062	1	KIAA1324	c4
0.00641330165944292	0.921491079494378	0.017	0.01	1	ARAP3	c4
0.072801670344355	-0.920341619501942	0.011	0.017	1	LL22NC03-2H8.5	c4
0.0903096126598538	-0.919551255740023	0.006	0.01	1	ATP8A2	c4
0.000479735188272192	0.919353267888003	0.043	0.027	1	TRAV8-1	c4
0.0297812474460927	-0.918222657729642	0.009	0.016	1	RP11-932O9.7	c4
0.00448948461232832	0.917269435854402	0.013	0.007	1	CCDC184	c4
0.117274002234238	-0.915152162308045	0.006	0.01	1	ZFP3	c4
0.000149494809621393	0.914716923308317	0.023	0.012	1	CEP112	c4
0.00159050734457022	0.913240113070413	0.022	0.013	1	RFX2	c4
3.55755759337623e-05	0.911576021649373	0.027	0.013	1	C9orf40	c4
0.0303047763948285	-0.911078277320988	0.012	0.02	1	ARHGAP11A	c4
0.000403955134266168	0.907861786640082	0.023	0.012	1	NADK2	c4
0.037818718676795	-0.906225607410613	0.011	0.018	1	DMTN	c4
0.0485256738770818	-0.906064356900962	0.011	0.018	1	HIST1H1B	c4
0.000274491343896867	-0.904883556209515	0.025	0.045	1	PLAGL2	c4
0.0143773407363534	-0.904234925061366	0.007	0.014	1	TRIP10	c4
0.0342368574629605	-0.904112958988364	0.004	0.01	1	GPSM2	c4
0.00212476237209465	0.903753441420511	0.012	0.005	1	PPFIBP2	c4
0.0399322319734621	-0.903288017147068	0.011	0.018	1	SFXN5	c4
0.0766577769873817	-0.902953396236786	0.009	0.014	1	GPAT2	c4
0.00571915372580793	-0.902005344319893	0.012	0.023	1	ZSCAN9	c4
0.00782288318133779	0.899468406013852	0.022	0.014	1	ANKRD33B	c4
0.0115561414383882	-0.899157131097674	0.017	0.029	1	PKD2	c4
0.0250430513573184	-0.898038319992333	0.012	0.02	1	CTB-55O6.12	c4
0.00416821579151874	0.897848093482213	0.013	0.007	1	NAV1	c4
0.000208683074325524	-0.897261953156254	0.027	0.048	1	MANEA-AS1	c4
0.000128985610961514	0.896828117856695	0.062	0.041	1	HSPA6	c4
0.188544591385661	-0.896729669084771	0.012	0.016	1	TRBV15	c4
0.066570400258427	-0.895238472822685	0.008	0.014	1	FBXO41	c4
0.0081204721025386	0.893976057030458	0.012	0.006	1	RP11-17A1.3	c4
0.0064106645601485	-0.893935490516029	0.018	0.031	1	TCF19	c4
0.00289720458960778	0.893033198207703	0.015	0.008	1	VWA7	c4
0.0368397912872432	-0.892995407374339	0.009	0.016	1	KIAA1524	c4
0.0609953105194092	-0.89229441034146	0.009	0.016	1	RP11-545I5.3	c4
0.000309855666442934	-0.891863682828745	0.04	0.063	1	POMC	c4
0.0360325333672282	-0.891261335770893	0.005	0.011	1	TST	c4
0.0504129401512384	-0.891119991633908	0.013	0.021	1	HIST1H4H	c4
0.0489462394685862	-0.890618881048608	0.039	0.05	1	TRAV14DV4	c4
0.0701433151040257	-0.88978808334314	0.016	0.023	1	SLFN13	c4
0.0201175227122215	-0.888973093459336	0.008	0.016	1	PDXP	c4
0.000182704362421544	0.888960509758455	0.024	0.012	1	EPB41L2	c4
0.00658065069686222	-0.887366601667889	0.017	0.03	1	VWA5A	c4
0.0161248706505442	0.886285740363915	0.013	0.007	1	SIAE	c4
0.00668960955921528	-0.886199628329955	0.01	0.021	1	SLC35E4	c4
0.00395673321771405	-0.88330583598886	0.022	0.036	1	CARD17	c4
0.000686218550141655	0.88297502462582	0.015	0.007	1	ESM1	c4
0.00012557281351149	-0.882273674048868	0.085	0.116	1	FASLG	c4
0.0368799278967994	-0.879250487205953	0.012	0.02	1	ZNF529-AS1	c4
0.015745679097397	-0.876544666270608	0.022	0.033	1	ZNF251	c4
0.000154526037842548	-0.875551196060876	0.047	0.074	1	WHSC1	c4
0.000264961206499357	0.874321758345469	0.027	0.015	1	FAM63A	c4
0.0693529421843989	-0.872281884408956	0.017	0.024	1	CCND1	c4
0.0190318874977727	-0.872122152554513	0.009	0.018	1	TMEM97	c4
8.45364000713467e-05	0.869916845453477	0.025	0.013	1	NEO1	c4
0.0539453009565839	-0.868252620884589	0.007	0.013	1	ATP8B3	c4
0.011330800942227	0.868096725492779	0.012	0.007	1	AC022182.1	c4
0.189161575584299	-0.86760669692059	0.007	0.01	1	RP11-66N24.3	c4
0.0872295540699289	-0.867115824600887	0.009	0.015	1	FLCN	c4
0.0018948136191727	-0.865645949776042	0.037	0.056	1	VAMP1	c4
0.000842791090009765	0.862919317537307	0.025	0.014	1	DOCK7	c4
0.0556258814360729	-0.861763102829699	0.014	0.021	1	ZNF93	c4
0.0303157354315216	-0.859730893104808	0.009	0.017	1	LRP8	c4
0.0010122345471308	-0.858900623212458	0.012	0.026	1	CENPN	c4
0.000148405050377356	0.857542076414358	0.026	0.014	1	B3GNT9	c4
0.000991480340685908	-0.855498098264553	0.025	0.043	1	TRIB3	c4
0.0340785978938436	-0.854094051471851	0.01	0.018	1	KIAA0930	c4
0.000247628833234152	0.854004558998116	0.022	0.011	1	STAP1	c4
0.00675329695344231	-0.853929232885747	0.028	0.043	1	WDR41	c4
0.000179040204170101	-0.853666475204333	0.035	0.059	1	SLC27A3	c4
0.00972979641418891	-0.853665412643524	0.026	0.04	1	PHF7	c4
0.0136250922211913	-0.850585920598341	0.014	0.025	1	COQ3	c4
0.0390122511852994	-0.850086747176845	0.012	0.02	1	ATP6V0E2-AS1	c4
0.0810876008033399	-0.849226469797855	0.008	0.013	1	ST3GAL4-AS1	c4
0.000105100599441438	-0.848695119935317	0.035	0.061	1	SLC43A3	c4
0.00246015800175126	0.848681624539692	0.022	0.013	1	METTL1	c4
0.00597765111404017	-0.848287213442324	0.014	0.027	1	CCDC138	c4
0.00295002631383985	-0.848016607474583	0.02	0.035	1	ABHD6	c4
0.000348102570198148	0.847562891173721	0.025	0.013	1	CYP4F22	c4
0.068059512815639	-0.847431549055877	0.007	0.012	1	HIST1H2AL	c4
0.111512899425373	-0.847329515302137	0.009	0.015	1	FRMD4A	c4
0.0368569087064456	-0.846651682477484	0.01	0.018	1	UST	c4
0.04350922476814	-0.845760994180382	0.006	0.012	1	RCAN1	c4
0.0591170186569691	-0.845724969673821	0.007	0.013	1	RP11-117D22.2	c4
0.226893275981918	-0.844990991829605	0.007	0.011	1	SGMS1-AS1	c4
0.00790618684011471	-0.844913820347564	0.014	0.025	1	SLC1A4	c4
0.0001392183054233	-0.844350577315802	0.037	0.062	1	TTC38	c4
0.0279899095948652	0.843882376895049	0.012	0.007	1	CYSLTR2	c4
0.0239448109886254	-0.843663178014259	0.022	0.032	1	C12orf42	c4
4.14279510708487e-05	-0.843299342295091	0.057	0.088	1	SFMBT2	c4
0.221716780277943	-0.843116344955588	0.007	0.01	1	HFE	c4
0.00819640735054612	-0.843044549948303	0.01	0.02	1	NQO1	c4
0.00323599156134907	-0.842556730764017	0.022	0.038	1	CENPV	c4
0.000362735713836351	0.841224986562057	0.025	0.014	1	CCSAP	c4
0.235559616725039	-0.840370581505391	0.009	0.012	1	NUDT17	c4
0.0287899331893217	-0.840198234168916	0.019	0.029	1	RP11-332H14.2	c4
0.00229806743268539	-0.839798555043135	0.037	0.056	1	FBXL17	c4
0.0143290815851709	-0.839620508619446	0.032	0.045	1	YPEL1	c4
0.00112291995104969	0.838195629604765	0.02	0.011	1	AC108004.3	c4
0.0170560015305173	-0.837094409387579	0.009	0.018	1	NAT1	c4
0.000758178050585286	-0.836806095842561	0.028	0.048	1	NME1	c4
0.0100854827117908	-0.836311793014606	0.014	0.026	1	RP11-448A19.1	c4
7.87632987512141e-05	-0.836241561561573	0.045	0.073	1	ZDHHC21	c4
0.00112970454029409	-0.832604275216748	0.05	0.072	1	ANKIB1	c4
0.00113648819828218	-0.830879563519166	0.025	0.042	1	GMNN	c4
0.00660404224915806	0.830849369567078	0.014	0.008	1	PLXNA1	c4
0.1094686266117	-0.828711766070056	0.007	0.012	1	HSPA1L	c4
0.0966099290552154	-0.82813526603035	0.016	0.023	1	AC097713.4	c4
0.000137455456437165	0.827783719520273	0.017	0.007	1	MMRN1	c4
0.0274360351413455	-0.827219163682353	0.012	0.02	1	KCNK12	c4
0.107664315217756	-0.826795770794041	0.007	0.011	1	CTD-2357A8.3	c4
0.00241823468077311	-0.824955065336173	0.028	0.045	1	TSNAX	c4
0.00983451574492967	-0.823836490419078	0.022	0.035	1	LIMD1	c4
0.00289174899695294	-0.823806924274786	0.033	0.05	1	TATDN2	c4
0.0192011573643285	0.823105861878441	0.013	0.007	1	B3GAT2	c4
0.00450596509449528	0.821800933109641	0.013	0.007	1	GLS2	c4
0.072633854328252	-0.821333077792002	0.012	0.018	1	KSR1	c4
0.219021820668991	-0.821318618356703	0.007	0.011	1	DISP1	c4
0.0905429014553403	-0.8207812965392	0.009	0.015	1	PPM1N	c4
0.0800463210271929	-0.81952236736062	0.019	0.026	1	RP5-908M14.9	c4
0.00710336131752841	-0.816654593974113	0.02	0.033	1	IFT22	c4
0.00144879650562591	0.816167473194615	0.017	0.009	1	RP11-498P14.5	c4
0.00129958959370649	-0.815805166293017	0.026	0.044	1	ACSL1	c4
0.000391932102109554	-0.81531765047843	0.096	0.127	1	PGM2L1	c4
0.0246862726178475	-0.814523929465317	0.01	0.018	1	EPAS1	c4
0.00959824711569173	-0.813983133575686	0.008	0.017	1	HSF5	c4
0.00566101461910006	0.81094530146513	0.02	0.011	1	IFNL1	c4
0.0846883510558389	-0.810760143762973	0.02	0.027	1	DMWD	c4
0.0102834475732437	-0.809993434325431	0.016	0.027	1	MIEF2	c4
0.0512692878932755	-0.809686636753373	0.014	0.021	1	ABHD17B	c4
7.2075585724785e-05	-0.809490114659094	0.054	0.083	1	SNRNP25	c4
0.0508299483395165	-0.807933806819765	0.014	0.022	1	RP11-756G20.1	c4
0.00102467973328815	-0.805600542816556	0.038	0.058	1	XXYLT1	c4
0.112255113707381	-0.805187838275394	0.007	0.011	1	RP11-7F17.8	c4
0.0220980849695286	-0.805115066932257	0.012	0.021	1	ZCCHC3	c4
0.0485870083068701	-0.802580388376283	0.014	0.022	1	REEP6	c4
0.00402771014963755	-0.802269139444589	0.033	0.05	1	ABCD2	c4
0.0342266599683075	-0.801283776667527	0.022	0.032	1	PDE4A	c4
0.0323954147712876	-0.798000056292888	0.048	0.061	1	TRBV6-5	c4
0.036804804109816	0.797645871402656	0.012	0.007	1	RGL1	c4
0.00897293600690546	0.796944715291663	0.013	0.007	1	RP11-420N3.2	c4
0.0569585453954604	-0.795544073077159	0.012	0.019	1	ZNF596	c4
0.125251985379012	-0.795123237503597	0.009	0.013	1	GPR174	c4
4.40460337686954e-05	0.794453808605001	0.02	0.009	1	TRPC1	c4
0.0101024631839196	-0.792635062740614	0.027	0.04	1	CYTH3	c4
0.00454292575966176	-0.792407916486124	0.027	0.043	1	LCORL	c4
0.145512232390623	0.792120920646277	0.011	0.007	1	TJP2	c4
0.219252474953586	-0.79160147819805	0.007	0.011	1	SLC35G2	c4
5.2858678710961e-05	-0.791401364552808	0.069	0.101	1	DCLRE1C	c4
0.0118977423136009	0.791324187701424	0.01	0.005	1	ME1	c4
2.97454808390366e-05	-0.79006305670504	0.064	0.097	1	SMCO4	c4
0.0880558379679767	-0.784993665738812	0.01	0.016	1	KHDC1	c4
0.00439601590663921	-0.784914791710085	0.038	0.056	1	RYK	c4
0.0273323423126503	0.783648298810522	0.017	0.01	1	HYAL3	c4
0.0470774908033625	-0.782038631454754	0.009	0.016	1	SERAC1	c4
3.05685459931951e-05	-0.781163060316707	0.04	0.07	1	FANCA	c4
0.0182579954666038	0.781056091320573	0.01	0.005	1	GOLGA6L9	c4
0.00384937366601072	0.779636227746433	0.014	0.007	1	KIAA1324L	c4
0.00914774290555581	-0.778893782793676	0.009	0.018	1	TRIP6	c4
0.156194048713588	-0.778507988717066	0.007	0.01	1	AGBL2	c4
0.00112153403395508	-0.778264230215099	0.071	0.095	1	ITPRIP	c4
0.074344985571039	-0.778079953397045	0.007	0.013	1	ZNF286B	c4
0.211942053955611	-0.776644389342392	0.009	0.013	1	RP11-348F1.3	c4
0.00010692458221787	-0.77634985058747	0.085	0.117	1	PHTF1	c4
0.150705778298631	-0.773801838208611	0.014	0.019	1	ZNF658	c4
0.193868746689487	-0.773502719439701	0.007	0.01	1	MEGF8	c4
0.00023515660798279	-0.77141930245079	0.052	0.079	1	RMND5A	c4
0.00101083870080438	-0.771323524543722	0.02	0.036	1	C3orf14	c4
3.19203436589165e-05	0.771192039980034	0.036	0.02	1	EMILIN2	c4
0.113245372207473	-0.770910113112537	0.009	0.015	1	C5orf34	c4
0.00489142924514109	-0.76933497715591	0.009	0.019	1	PEAK1	c4
0.000303426179214661	-0.769320589323604	0.158	0.191	1	PPP1R14B	c4
0.00251555124370333	0.768879411335452	0.016	0.008	1	TTYH2	c4
0.0312971786986064	-0.768793832099235	0.009	0.017	1	RP4-800J21.3	c4
0.0189181005541605	-0.768330576332777	0.061	0.078	1	TRAV19	c4
0.00900730691606868	0.768241154326589	0.02	0.012	1	RP11-108M9.6	c4
0.00180882004984966	-0.766523417754091	0.033	0.051	1	SCLY	c4
0.00520181499107648	-0.765062495248464	0.033	0.049	1	SLC16A1	c4
0.0135547666863158	-0.764318511973835	0.022	0.035	1	NAIP	c4
0.0519493518647243	-0.764243661267538	0.014	0.021	1	EXO5	c4
0.374792809654478	-0.7638709184617	0.017	0.02	1	FAM215B	c4
0.23282064160833	-0.762984182775725	0.008	0.011	1	RP11-304L19.13	c4
0.000142072039739266	-0.762582996261624	0.093	0.125	1	THADA	c4
0.0373063516032315	-0.761979522002836	0.027	0.037	1	HNRNPU-AS1	c4
0.00270294902471935	0.761641197023345	0.02	0.011	1	BCL9	c4
0.00635451982105443	0.761608204631433	0.014	0.008	1	STXBP1	c4
0.0603649495918133	-0.761153964137401	0.015	0.023	1	FZD3	c4
0.0567283233474193	-0.760146069408771	0.012	0.019	1	METRNL	c4
0.0163652665694412	-0.760087236945982	0.027	0.04	1	SLC25A42	c4
0.00370042317794669	0.759913394461218	0.02	0.012	1	ZNF219	c4
0.370830840559593	-0.756834639153007	0.009	0.011	1	TRBV25-1	c4
0.000164597287694081	0.756512668120739	0.053	0.034	1	RP11-160E2.6	c4
0.0124695871305817	-0.756032652124349	0.012	0.022	1	C17orf58	c4
0.00168936885362868	0.752104056568094	0.025	0.015	1	PLK2	c4
5.95434116976887e-05	0.7517141375389	0.039	0.022	1	AC018816.3	c4
0.00201597951232581	-0.750327711762145	0.032	0.05	1	IDH1	c4
0.0685529107251354	-0.749593213233115	0.007	0.013	1	RP11-110I1.13	c4
0.161233421497811	-0.747344970997504	0.011	0.016	1	RP1-197B17.3	c4
3.52763322770381e-05	0.74731201383787	0.038	0.021	1	PAIP2B	c4
0.0165952644707236	-0.746750335411617	0.038	0.052	1	SCPEP1	c4
0.0192933318514374	-0.745726644574139	0.011	0.02	1	NCAPH	c4
0.168106234153863	-0.745169156566508	0.007	0.011	1	CTD-2366F13.1	c4
3.88403249555642e-05	-0.744615346854172	0.052	0.083	1	EXOSC4	c4
0.0850044067329929	-0.742995100121306	0.012	0.018	1	TGFBR3L	c4
0.0767956601788023	-0.742965464215459	0.006	0.011	1	TMEM241	c4
7.57318680465053e-05	-0.7415377750327	0.05	0.079	1	USP12	c4
0.00878724621790301	-0.741442231893117	0.022	0.036	1	NAB2	c4
0.0561367434335746	-0.741209542462775	0.013	0.02	1	CEP76	c4
0.130231697783227	0.739635862469266	0.01	0.007	1	ARHGEF39	c4
0.0361602874383531	-0.739123769290439	0.015	0.024	1	MLLT1	c4
8.30965349100894e-05	-0.73911300763236	0.034	0.06	1	C1orf216	c4
0.00911752012504489	-0.738801842957928	0.031	0.046	1	RP11-111M22.3	c4
0.00412872024619729	-0.738717881665113	0.043	0.062	1	AP001055.6	c4
0.022647808861526	-0.738371191483132	0.021	0.032	1	EIF3C	c4
0.0168520389438034	-0.737552763451779	0.022	0.034	1	C2CD2	c4
0.180396915103047	0.737505229802251	0.01	0.007	1	NANP	c4
0.00445696785323306	-0.737209304779241	0.043	0.061	1	TARBP1	c4
0.044978780228296	-0.737097012383434	0.012	0.02	1	CDYL2	c4
6.10378844035563e-05	0.736504845951803	0.032	0.017	1	KCNQ1	c4
0.123170034916163	-0.735654056465034	0.007	0.012	1	METRN	c4
0.00652767975390057	-0.735613950936261	0.03	0.046	1	PLEKHG2	c4
0.0238958221295854	-0.735473578340748	0.025	0.036	1	FASTKD3	c4
0.338431063385363	-0.735386609765062	0.009	0.012	1	ERP27	c4
0.0323259240598045	-0.734499461487627	0.015	0.024	1	SCRIB	c4
0.00533779081571853	0.734354516269304	0.01	0.005	1	EXPH5	c4
0.101948707125337	-0.734350111477375	0.03	0.038	1	TRGV7	c4
0.0129280521147074	-0.73226708999734	0.048	0.064	1	ARHGAP26	c4
0.0549230989118092	-0.731846667950577	0.01	0.017	1	AC113189.5	c4
0.0370919351654392	-0.731689930199225	0.014	0.023	1	NMNAT1	c4
0.0268871528855289	-0.731208210860141	0.012	0.021	1	GDAP1	c4
0.00995488307395056	-0.731158523170282	0.02	0.033	1	FUZ	c4
0.328281091528369	0.730601530259315	0.015	0.012	1	TRBV11-3	c4
0.000573160045580152	-0.730223569301756	0.051	0.076	1	NRDE2	c4
0.0492181626445134	-0.729625141290143	0.018	0.027	1	FANCM	c4
0.19111023360255	-0.729344723282968	0.008	0.012	1	SPATA6L	c4
0.00660753203860765	-0.728331074928645	0.049	0.067	1	HIVEP1	c4
0.139727882504352	-0.728062062088511	0.018	0.024	1	XYLT2	c4
0.170703706201128	-0.726935606115846	0.025	0.032	1	HIST1H4F	c4
0.0224152161259304	-0.72663367989872	0.017	0.028	1	LINC01260	c4
0.00605287796777555	-0.72587592932243	0.033	0.049	1	CCDC152	c4
0.000228783828175333	-0.725585856007993	0.048	0.074	1	KDM4B	c4
0.250591012107052	-0.725472867602838	0.008	0.011	1	RP11-2B6.2	c4
0.167321539070199	-0.725310175625808	0.011	0.015	1	FAM149B1	c4
0.0949260105725736	-0.725271021503229	0.009	0.014	1	SLC19A1	c4
0.0286976941809533	-0.724977087848747	0.013	0.022	1	IFT46	c4
0.0864475244762256	0.724665566029428	0.015	0.01	1	GSTM3	c4
0.0845479000617612	-0.724567135495686	0.015	0.022	1	GCC2-AS1	c4
0.000101307844174819	-0.723847303435409	0.058	0.088	1	DGCR8	c4
3.51692918654206e-05	-0.72258368127891	0.059	0.092	1	EMC9	c4
0.0256251885568529	0.722365855407237	0.01	0.005	1	STBD1	c4
0.0206559884032365	0.722144157618752	0.015	0.009	1	AP1S3	c4
0.000434387701135694	-0.720739109947761	0.044	0.068	1	SQLE	c4
0.00561886980871658	-0.719544091984959	0.027	0.042	1	GNGT2	c4
0.0634223635150913	-0.719220875336807	0.008	0.014	1	C1orf198	c4
0.0320234544790357	-0.718544221939615	0.015	0.024	1	CERS6	c4
0.0277539084459371	-0.718166832472665	0.01	0.018	1	MORN2	c4
0.00325765435023172	-0.717272536021336	0.038	0.057	1	PGPEP1	c4
0.026353399095558	-0.716715630464809	0.023	0.034	1	TRAV20	c4
0.0345295703619927	-0.716500349660068	0.03	0.041	1	ZNF287	c4
0.0200645812755613	-0.715782086032034	0.028	0.041	1	PABPC1L	c4
0.0161503368108617	-0.715207878577667	0.032	0.045	1	CLECL1	c4
0.00666139162399792	-0.715103538890629	0.082	0.101	1	L3MBTL3	c4
0.994958420491492	-0.71485939756524	0.02	0.019	1	TRBV10-3	c4
0.347312093761701	-0.714776296330307	0.007	0.01	1	KIFC3	c4
0.0101303998548795	-0.714109376834428	0.03	0.045	1	EEF2K	c4
0.101129580812337	-0.713369857439949	0.023	0.031	1	TRBV12-4	c4
0.00114887116004389	-0.71239899350202	0.048	0.07	1	PITPNM1	c4
0.0160499642850039	0.711740778553933	0.01	0.005	1	SLC5A2	c4
0.000944266558459188	-0.710903066354553	0.054	0.077	1	DZIP3	c4
0.0617531253668715	0.710368678390335	0.012	0.008	1	U47924.31	c4
0.0731973591709855	-0.710031955859137	0.007	0.013	1	XXbac-BPG246D15.9	c4
0.00473786226019879	-0.709283430047865	0.03	0.047	1	HHLA3	c4
0.00201891263228035	-0.708695164803347	0.021	0.037	1	PUS10	c4
0.197980588959104	-0.708069760961169	0.008	0.012	1	ZKSCAN7	c4
0.0028751026349023	-0.70719914641749	0.043	0.062	1	UBL7-AS1	c4
0.0123499066403454	-0.707011524851612	0.018	0.03	1	ZWILCH	c4
0.1797226124491	-0.706762828692367	0.016	0.021	1	NBPF20	c4
0.0514966262807468	-0.70659751577469	0.014	0.021	1	RILP	c4
0.0494133592830726	-0.706164210855873	0.013	0.021	1	C16orf74	c4
0.0391405682393864	-0.705643649077206	0.014	0.022	1	PRC1	c4
3.08608338491526e-05	-0.705396158163962	0.139	0.177	1	TRG-AS1	c4
0.0135950519440911	-0.705317884119893	0.043	0.058	1	SETD1B	c4
0.00102375923761393	-0.704604103030357	0.048	0.071	1	MTMR2	c4
0.0505534929616636	-0.704082407276913	0.009	0.015	1	CHAF1B	c4
0.0360640119733556	-0.703959348249392	0.012	0.019	1	SLC16A6	c4
0.0123547832679231	-0.703952688766956	0.026	0.039	1	PAFAH2	c4
0.00263897529394217	-0.702675362006778	0.04	0.06	1	ASNS	c4
0.000604283990846729	0.702662161630886	0.028	0.016	1	ZNF320	c4
0.140132528746494	-0.700908273323634	0.006	0.01	1	DUSP19	c4
0.228836286899827	-0.700260698139193	0.013	0.017	1	SLC22A5	c4
0.0918690745931391	-0.700024537555574	0.02	0.028	1	PRRT3	c4
0.0567352011044183	-0.699498452650006	0.014	0.022	1	CTC-329D1.2	c4
0.0429830598396264	-0.699374348559576	0.02	0.03	1	CACTIN	c4
0.017551921676021	-0.699270481310039	0.032	0.045	1	RFNG	c4
0.00562723137180139	0.699034458357665	0.015	0.008	1	PPM1L	c4
0.00202531603893144	-0.698858444732578	0.038	0.057	1	KLHL42	c4
0.0216530521087483	-0.69794487371804	0.026	0.038	1	NEMP1	c4
7.1537279802499e-05	-0.697639677269181	0.083	0.117	1	NCOA1	c4
0.000638025629303722	-0.69715265161544	0.038	0.061	1	TTF2	c4
0.00389320296843259	-0.695241132105233	0.024	0.039	1	TRIM16	c4
0.00773001740391758	-0.694242836302581	0.035	0.051	1	TCEANC2	c4
0.183126248714595	-0.694187062058962	0.018	0.023	1	ZEB1-AS1	c4
0.024759045622457	-0.694047771295154	0.017	0.027	1	CTNNAL1	c4
0.00519470889744365	-0.692544499215676	0.046	0.065	1	C5orf63	c4
0.0975611023342073	-0.691805578753524	0.027	0.035	1	C7orf31	c4
0.000129947806551806	-0.690550505135376	0.068	0.098	1	QSOX1	c4
0.0091894290292161	-0.690072288932982	0.04	0.056	1	TSTD2	c4
0.00363966589059681	0.690013280502574	0.015	0.008	1	GABBR1	c4
5.74214536229285e-05	-0.689055693319244	0.082	0.116	1	SH3BP2	c4
0.0138631684791416	-0.688237784857398	0.029	0.042	1	AC093818.1	c4
0.00639085636615152	-0.688102912563204	0.04	0.057	1	ARMC7	c4
0.00899160048011395	0.687308621901591	0.02	0.012	1	ZNF555	c4
7.19329165744488e-05	0.685899174092958	0.046	0.028	1	ALPK1	c4
0.156975095925607	-0.68476430672804	0.01	0.015	1	AC142528.1	c4
5.36089400077586e-05	-0.683824255645141	0.114	0.15	1	PHACTR2	c4
0.0527034122747869	-0.683485589816743	0.014	0.021	1	CTU1	c4
0.001249060699086	-0.68347277959871	0.038	0.058	1	SLC4A2	c4
0.00877351200686966	-0.683227635045866	0.028	0.043	1	KLHL2	c4
0.00173877078283599	-0.683004142758417	0.059	0.081	1	LINC00339	c4
8.72024566627483e-05	0.682671555041964	0.025	0.013	1	LEKR1	c4
0.133395888574213	-0.682586264065269	0.007	0.011	1	TP53INP2	c4
0.0102961248765988	-0.680889683656496	0.044	0.06	1	PDK1	c4
0.0526865526104047	-0.680709339499842	0.027	0.037	1	DHX33	c4
0.0516700633669162	-0.679673800773275	0.014	0.022	1	TMSB15B	c4
0.0657357351469825	0.679503249904809	0.016	0.011	1	SHPK	c4
0.0382066455508719	-0.679323652696048	0.031	0.042	1	TUBG2	c4
0.034159601541858	-0.678827483761022	0.032	0.043	1	ERCC2	c4
0.146494318138456	-0.678508066790896	0.01	0.015	1	TIGD2	c4
0.0029943533689652	-0.678118065274091	0.044	0.064	1	CDPF1	c4
0.00743165351005636	-0.677216517721857	0.022	0.035	1	TRIM59	c4
3.99486844368105e-05	-0.675371290897247	0.084	0.119	1	IKBIP	c4
0.0018150016365148	0.674699061755339	0.022	0.013	1	NEIL1	c4
0.023840383797721	0.674348109290711	0.016	0.01	1	HEMGN	c4
0.000397634271789979	-0.673382145310947	0.15	0.182	1	SNX9	c4
0.130355470491752	-0.672954829272244	0.012	0.018	1	DHRS11	c4
0.000720391758645792	-0.672811507681829	0.056	0.081	1	RNF121	c4
0.000101317034522296	-0.672071396002011	0.045	0.073	1	KCTD17	c4
0.0296439537979627	-0.671633966359083	0.016	0.025	1	ZNF778	c4
0.0713841135765972	-0.671090690302793	0.009	0.015	1	TVP23C	c4
0.00145439389122435	-0.67032397687497	0.047	0.069	1	DDI2	c4
0.0426380528633066	-0.669280465259817	0.022	0.031	1	TMEM106A	c4
0.0264967067108759	-0.668912349402465	0.025	0.036	1	KLF7	c4
0.131791996405061	-0.668853991566932	0.013	0.019	1	ZNF74	c4
0.224568088021491	-0.668356731959339	0.01	0.014	1	ZNF787	c4
0.00169070820246572	-0.667665139450898	0.039	0.059	1	UBE2M	c4
0.025555789798556	0.66739340261106	0.017	0.011	1	TSPAN4	c4
0.0450098308860927	-0.666966887149507	0.025	0.035	1	CTSF	c4
0.0461760102379833	-0.664961959118664	0.017	0.025	1	UAP1L1	c4
0.0278775831576927	-0.663765132096064	0.016	0.025	1	SLC26A6	c4
0.0033527300190474	0.663646103604835	0.034	0.022	1	ZNF619	c4
0.0266106115596221	-0.663107401005563	0.015	0.025	1	WDR34	c4
0.0902493978939951	-0.662686819732918	0.014	0.021	1	GPR82	c4
0.00359086864300655	-0.662652037604101	0.606	0.525	1	GZMA	c4
0.0150037642986284	-0.661897972949262	0.036	0.05	1	RELL2	c4
0.126517112616972	-0.661183265090219	0.006	0.01	1	CHRNA5	c4
0.0279755715273499	-0.661033858624292	0.012	0.021	1	NCAPG2	c4
0.00298931350805943	0.660470810948115	0.032	0.02	1	STX1A	c4
0.0145381571711571	-0.659849035467281	0.038	0.052	1	LY6G5C	c4
0.0529803255959199	-0.658648900760387	0.018	0.027	1	B3GALNT2	c4
7.36504214486478e-05	0.658222430253768	0.043	0.025	1	LDLR	c4
0.000573713410709615	-0.657991628759506	0.08	0.108	1	TECPR1	c4
0.142046305687575	-0.657957003066049	0.011	0.016	1	CD40	c4
0.137660008598515	-0.657749574547669	0.017	0.023	1	PLEKHA8	c4
0.00211369099589171	-0.657547621569614	0.04	0.061	1	GPR25	c4
0.360805521032934	-0.656927204596697	0.03	0.035	1	TRAV1-2	c4
0.0987985843342493	-0.656313105265475	0.009	0.014	1	PITPNM2	c4
0.0280946507198706	-0.655701248796436	0.012	0.02	1	TPCN2	c4
3.73126018694726e-05	0.655615023155048	0.046	0.027	1	TTC9	c4
0.00318007446807714	-0.655086358808206	0.077	0.099	1	RP3-492J12.2	c4
0.00474300335822594	0.653438231157644	0.02	0.012	1	ZSWIM1	c4
0.119258022217348	-0.653044924983226	0.015	0.021	1	ZNF684	c4
0.0427060858716168	-0.65283149935368	0.03	0.041	1	AC007246.3	c4
0.139688154629919	-0.652253844835611	0.014	0.019	1	MAP3K7CL	c4
0.0484209375374549	-0.652097100263737	0.017	0.025	1	ALG14	c4
0.00271173349063304	-0.651842814592119	0.062	0.084	1	MYO5A	c4
0.00392101763349756	-0.651065898345754	0.035	0.052	1	RPUSD2	c4
0.373754539005802	-0.651046557372372	0.007	0.01	1	MUC12	c4
0.00409927734874562	-0.650996356617314	0.082	0.104	1	RP11-455F5.5	c4
0.215724055294296	-0.650911500252579	0.009	0.012	1	ENPP5	c4
0.0892878130296968	-0.649524315384701	0.025	0.033	1	P2RX7	c4
0.0016445359418905	-0.649315750965829	0.055	0.078	1	MTHFD1	c4
0.0189016908882611	-0.647046794780483	0.026	0.038	1	AC009403.2	c4
0.137751400157013	-0.646689177922755	0.009	0.014	1	FKBP1B	c4
0.012620924079442	-0.646670622040104	0.03	0.044	1	INTS7	c4
0.0407998580369018	0.645781887218926	0.012	0.007	1	SENCR	c4
0.00429417703120464	0.645345274594599	0.025	0.015	1	PKP4	c4
0.00188929861377107	-0.645045327552669	0.06	0.083	1	RNF170	c4
0.0138878939317547	0.644146084909022	0.017	0.01	1	CTPS2	c4
0.0728179239132725	-0.644101631670053	0.015	0.022	1	CCDC136	c4
0.675711388272339	-0.643988107854357	0.01	0.011	1	RP5-882C2.2	c4
0.178685180221724	-0.643925077201158	0.008	0.012	1	MTUS1	c4
5.56853899817347e-05	0.643861820874556	0.027	0.014	1	RP11-156E8.1	c4
0.00212442627697349	-0.643756742329552	0.081	0.105	1	LPCAT1	c4
0.00467351315073803	-0.643615189847938	0.043	0.061	1	NOTCH1	c4
0.0992507453275758	0.643402781160738	0.013	0.009	1	FANCE	c4
0.0353717199913539	-0.641491769194211	0.037	0.049	1	FHIT	c4
0.00326201969338413	0.641153571476261	0.035	0.023	1	FBXO48	c4
0.0285434090410892	-0.641135760840843	0.012	0.021	1	HILPDA	c4
0.0410544964483174	0.640961290416533	0.014	0.009	1	RP4-784A16.5	c4
0.0371546844475876	-0.639364819731093	0.007	0.014	1	RPP25	c4
0.000297149689092759	-0.639172058774983	0.086	0.116	1	FAM3C	c4
0.00183910460703297	-0.638883629692029	0.043	0.063	1	LPAR5	c4
0.00394874842325823	-0.638084963428939	0.068	0.09	1	MAST4	c4
0.0946718125087241	0.637686806872093	0.016	0.011	1	ZNF610	c4
0.113776642142062	0.637644876474292	0.014	0.009	1	RP11-386G11.10	c4
0.0706914604668667	-0.637566333383464	0.042	0.052	1	ZSCAN26	c4
0.513654345883105	-0.636896143303517	0.009	0.01	1	PNMA5	c4
0.00234711418610423	-0.636618998372756	0.047	0.068	1	TMEM62	c4
0.0272990203109527	-0.63654537079057	0.018	0.028	1	FAM135A	c4
0.00160584233549939	-0.636522089023424	0.051	0.073	1	ATP2A2	c4
0.000578136023985324	-0.636436301288093	0.079	0.107	1	ST8SIA1	c4
0.00556145006403211	0.636076462503998	0.034	0.023	1	CBR3	c4
0.138031444256382	-0.635950987771273	0.012	0.018	1	ATXN7L2	c4
0.0605561124530018	-0.635842927311361	0.009	0.016	1	CENPO	c4
0.103342419994642	-0.635755509200881	0.03	0.039	1	PHF2	c4
0.154301083383787	-0.635271149372937	0.011	0.016	1	TRBV7-4	c4
0.00246255760529437	-0.635066342571771	0.054	0.076	1	PRIMPOL	c4
0.142442543259125	-0.634747817942902	0.027	0.035	1	METAP1D	c4
0.0156946870902038	-0.634156779585242	0.025	0.037	1	SFXN2	c4
0.0184486001363217	-0.634071696129563	0.025	0.038	1	C9orf64	c4
0.119142804545237	-0.633631966936492	0.007	0.012	1	IFI30	c4
0.000212268401496198	-0.633223585469046	0.163	0.195	1	ZBP1	c4
0.00880537619400143	-0.633025433343749	0.036	0.052	1	MANEA	c4
0.0012806700354062	0.632864314764342	0.033	0.02	1	SYNJ2BP	c4
0.0255967714617351	-0.632814913574294	0.044	0.058	1	ARHGAP10	c4
0.00440315095292799	-0.632536802830614	0.031	0.048	1	SGCB	c4
0.0883250748911199	-0.632379529450543	0.011	0.017	1	SLC38A7	c4
0.0261599595235627	-0.631433966364986	0.026	0.037	1	CENPL	c4
0.138785547952727	-0.631424027091595	0.022	0.029	1	CTD-2095E4.5	c4
4.7685072272376e-05	-0.630568294052585	0.108	0.145	1	DDHD1	c4
0.0916271327210155	-0.629867088952648	0.014	0.021	1	FLVCR1-AS1	c4
0.0775904229508379	0.629483311120804	0.017	0.012	1	GPR35	c4
0.000164715016695053	-0.629376525313642	0.268	0.29	1	SAMD3	c4
0.182224931450329	-0.628093529927098	0.018	0.024	1	ZNF654	c4
0.000773904769201698	-0.628019410647058	0.087	0.116	1	CCR4	c4
0.057855629344279	-0.627417044214349	0.03	0.04	1	EOGT	c4
0.0219952291152367	0.626808789365524	0.017	0.01	1	ZNF577	c4
0.00076068486299383	0.626766203227381	0.031	0.018	1	TEX2	c4
0.00626754338881049	-0.626460863201565	0.085	0.106	1	ITGA1	c4
0.0405833114555145	-0.626421934714432	0.027	0.038	1	ENPP4	c4
0.00042477792725049	-0.625743329979555	0.069	0.097	1	ABI2	c4
0.213090257861122	-0.625123797377966	0.01	0.014	1	RP11-333E1.1	c4
0.0488348546149542	-0.624784521554874	0.034	0.045	1	SASS6	c4
0.00459207306667924	-0.624236228144094	0.056	0.076	1	ANAPC10	c4
0.0116498429446512	0.623565966624312	0.031	0.021	1	PTCH2	c4
0.0157253746229954	-0.623420824311548	0.059	0.075	1	GSTM1	c4
0.0469934010192036	-0.622868247279378	0.042	0.054	1	CEP44	c4
0.00637948106492853	0.622722517954352	0.019	0.011	1	ZSWIM4	c4
0.0108354976263525	-0.62269103258704	0.041	0.057	1	MEX3C	c4
0.0756836307008063	0.622661668940601	0.01	0.006	1	C12orf40	c4
0.0671710054402393	-0.622547371603543	0.01	0.017	1	CHEK2	c4
0.000237721959164551	-0.622469213525397	0.061	0.089	1	HDAC8	c4
0.00832330918459969	-0.62211736334477	0.043	0.06	1	ZNF827	c4
0.0876329914320214	-0.621270701785361	0.008	0.013	1	KB-173C10.1	c4
0.00828007208698858	-0.62089981205011	0.046	0.064	1	PTBP2	c4
0.0515957783179865	0.620689252935124	0.016	0.01	1	ELOVL6	c4
0.000239313560537686	-0.619881289234556	0.046	0.072	1	TRAV12-2	c4
0.0643424508520497	-0.619318165421085	0.016	0.024	1	CHKB-AS1	c4
0.0148256020732797	0.619009603235613	0.015	0.009	1	CRB3	c4
0.139620505170435	-0.618942373562647	0.031	0.039	1	PLPP6	c4
0.000104455627852459	0.61871023243793	0.038	0.022	1	GPRASP1	c4
0.00966181660135075	-0.618157259315812	0.038	0.054	1	TBCE	c4
0.0061120103042083	-0.618094998334376	0.048	0.066	1	INTS9	c4
0.0914983067798603	-0.617775081647818	0.017	0.024	1	DMPK	c4
0.000259758987384861	-0.61704694053631	0.069	0.099	1	PGP	c4
0.0174806077792099	0.617015641706632	0.019	0.012	1	NOS3	c4
0.0261938711275465	-0.617009486476305	0.024	0.035	1	HNRNPA1L2	c4
0.0248740079287802	-0.61679313906499	0.046	0.06	1	CARF	c4
0.038060569988855	-0.616598631577411	0.021	0.031	1	FKBP1C	c4
0.00336817086242722	-0.61649892909466	0.056	0.078	1	ABHD10	c4
0.303477195533089	-0.616438585550408	0.009	0.012	1	STAM-AS1	c4
0.086315683021359	-0.6160234444583	0.017	0.025	1	SRF	c4
0.633067256117519	-0.615296635444316	0.014	0.016	1	TRBV5-5	c4
0.0372039049657604	-0.614443256205059	0.026	0.037	1	ZNRF2	c4
0.00468130442190191	-0.614426336841761	0.043	0.061	1	RP11-620J15.3	c4
0.0768184405751533	-0.614187094519691	0.029	0.038	1	PSKH1	c4
0.000806781278389264	-0.613902950247047	0.048	0.071	1	CPSF3	c4
0.00238455971579622	0.612628226223054	0.02	0.011	1	HIST2H3D	c4
0.0361034093124638	0.61167481397024	0.022	0.015	1	MIR22HG	c4
0.679120625375919	-0.611283877646407	0.016	0.017	1	TRBV6-6	c4
8.49079634331973e-05	-0.610766447918637	0.105	0.14	1	TFPT	c4
0.0428691761794386	-0.610700119624296	0.021	0.03	1	TMEM91	c4
0.282666077550052	-0.610111818769953	0.009	0.012	1	ADAM22	c4
0.0261961744583322	0.60835697599537	0.012	0.007	1	LINC01136	c4
7.46750685233297e-05	-0.608118799100268	0.157	0.195	1	PARP14	c4
0.0329220882797527	-0.607979786290839	0.043	0.057	1	TIMM44	c4
0.684184143471776	-0.60788707831721	0.01	0.011	1	ZNF280B	c4
0.0374308377359768	-0.607701202804681	0.008	0.015	1	TRBV23-1	c4
0.0775656583786545	0.607625835946497	0.018	0.013	1	LACC1	c4
0.247943035386382	-0.607444237279239	0.012	0.015	1	ZNF594	c4
0.0208712478744932	-0.607287834779207	0.027	0.039	1	ZNF627	c4
5.95859357799387e-05	-0.606284845390305	0.11	0.147	1	SDCCAG8	c4
0.183463608367756	-0.606186340841884	0.009	0.013	1	SUMO4	c4
0.0793163548907376	-0.605920371758154	0.017	0.025	1	STOML1	c4
0.00169261894598108	0.605587369331685	0.022	0.012	1	BTBD8	c4
0.000252377481907904	0.605568556872511	0.033	0.019	1	RIMKLB	c4
0.0396357924231073	-0.605504022619692	0.049	0.062	1	RFX3	c4
0.110434112852693	0.604951323119399	0.012	0.008	1	C4orf36	c4
0.0577173238393371	-0.60491226722273	0.025	0.035	1	RP4-816N1.6	c4
0.0877026826238959	-0.604706493869695	0.025	0.034	1	NBPF9	c4
0.00114077079848303	-0.604503354626249	0.08	0.107	1	SLC35B3	c4
0.180765525969086	0.60404503688051	0.011	0.008	1	RP11-326G21.1	c4
0.00108686658540382	-0.603886846223053	0.163	0.191	1	CPNE7	c4
0.0922066605245456	-0.603590721135244	0.018	0.025	1	NETO2	c4
0.169171751316183	-0.603492403693459	0.012	0.017	1	AK1	c4
0.0149752261895107	0.603061671146905	0.012	0.007	1	SLC30A4	c4
0.0219013229947534	-0.602672796297736	0.038	0.053	1	SDC4	c4
0.369422641403968	-0.602640264144208	0.008	0.01	1	CTC-260E6.6	c4
0.00243888601909217	-0.602486824366446	0.058	0.08	1	PRIM1	c4
0.0179111016189999	0.601881462625681	0.026	0.017	1	RRAS	c4
0.147542532074023	-0.601811375945791	0.018	0.024	1	AGBL5	c4
0.0251157250090747	0.601748355760417	0.012	0.007	1	AC079807.2	c4
0.00806677913377384	-0.601743951612197	0.087	0.108	1	ID3	c4
0.0111047092735205	0.600931700218625	0.017	0.01	1	NRBP2	c4
0.158766939747236	-0.600915338149179	0.015	0.021	1	POLR3B	c4
0.00147842329183588	-0.600815602791315	0.067	0.092	1	ARV1	c4
0.209950241673629	-0.60046223515024	0.014	0.019	1	CLCN6	c4
0.0115234685421965	0.600302118253109	0.029	0.019	1	FBXL16	c4
0.094827484379599	0.600154797614076	0.01	0.006	1	LOH12CR2	c4
0.0333627198830544	-0.599977637808114	0.025	0.035	1	FBXL6	c4
0.171432326134551	-0.599902932895486	0.013	0.018	1	GTF3C4	c4
0.0269255042340652	-0.599867341210018	0.027	0.038	1	WDR25	c4
0.000487312451175415	-0.598873627973101	0.085	0.115	1	CCDC6	c4
0.117902163122282	0.598859908030717	0.014	0.01	1	ZDHHC9	c4
0.21132819169725	-0.598840440002276	0.009	0.013	1	GPAM	c4
0.0215777648219472	-0.59857937366402	0.829	0.64	1	CCL5	c4
5.7355591023979e-05	0.598469932681839	0.05	0.03	1	RP11-342D11.3	c4
0.00553082491029355	-0.598381534746082	0.037	0.054	1	SRGAP2	c4
0.00414090539070229	-0.598070409210874	0.05	0.07	1	ZC3H7B	c4
0.000385393984408509	0.598066963778106	0.03	0.017	1	FAM26F	c4
0.0341471789506541	0.597336876618738	0.011	0.006	1	TPM2	c4
0.00923421833425254	-0.596590596395907	0.031	0.046	1	LRRC42	c4
7.71106356694754e-05	-0.596224318512485	0.2	0.236	1	JAML	c4
0.00272614037192135	-0.596145999912796	0.068	0.091	1	DCP1B	c4
0.00210638785598052	-0.596024575442228	0.067	0.09	1	HSDL2	c4
0.00737720013878581	-0.595477522035053	0.067	0.087	1	AUH	c4
0.00769647051570678	-0.594887166156992	0.068	0.088	1	AHSA2	c4
0.269951495775682	-0.594772199018098	0.013	0.017	1	ACCS	c4
0.00376229527628288	0.594522569537474	0.033	0.021	1	ZBTB22	c4
0.368090858474899	-0.594431081314937	0.008	0.01	1	RP1-151F17.2	c4
0.000145742336545577	-0.594217550233668	0.099	0.133	1	ABHD18	c4
0.0226411389594952	-0.593030489855586	0.027	0.04	1	ZMIZ1	c4
0.0491268223636193	-0.59246888945561	0.038	0.049	1	CRTC1	c4
0.000103987343547582	0.592349952878861	0.041	0.024	1	PHLDA2	c4
0.0102832836654042	-0.592170322061136	0.064	0.083	1	WDTC1	c4
0.026412740048374	-0.591827714396926	0.048	0.062	1	SPHK2	c4
0.000671170101094728	0.59149840543982	0.043	0.028	1	RP11-386I14.4	c4
0.321269979629035	-0.591204849567351	0.009	0.012	1	SNED1	c4
0.0284146273161393	0.590880001343442	0.013	0.008	1	GPR157	c4
0.220021885031776	-0.590856913273084	0.018	0.023	1	CTD-3222D19.8	c4
0.0222594841685236	-0.590635045997156	0.045	0.059	1	GPR68	c4
0.0267760754790213	-0.590226509572601	0.047	0.061	1	RRAGB	c4
0.0085113502390405	0.590087484901108	0.022	0.014	1	MID2	c4
0.00743164502491482	-0.590003315108936	0.023	0.037	1	ZNF85	c4
0.00849729492279462	-0.58997240622416	0.008	0.017	1	CENPW	c4
0.136857022385698	0.589115487386861	0.012	0.008	1	ABCA3	c4
0.030877971522067	-0.588945749296576	0.023	0.034	1	ZNF771	c4
0.0186319873756213	-0.588837758249402	0.007	0.014	1	SLCO4A1	c4
0.00127624002399929	-0.588589226560741	0.058	0.082	1	DERA	c4
0.068716047453857	-0.588449196303785	0.031	0.041	1	CCDC117	c4
0.00330662002348384	-0.588449147103931	0.049	0.07	1	TAX1BP3	c4
0.120896094565909	-0.588448121322223	0.03	0.038	1	ATXN1L	c4
0.017659457654588	-0.588427037274016	0.049	0.065	1	MIOS	c4
0.110975844124903	-0.588347848660566	0.007	0.012	1	STARD5	c4
0.0164634553532475	-0.588101087632174	0.044	0.059	1	NEMP2	c4
0.288703122719496	-0.587810273396002	0.009	0.012	1	CAPS2	c4
0.0667274706310235	-0.587524934696918	0.053	0.064	1	GRAMD3	c4
0.0809818871434382	-0.587394767006903	0.028	0.037	1	MFAP3	c4
0.0662372399657278	-0.587097832937109	0.027	0.037	1	RGS9	c4
0.000641065539776972	-0.586850143080358	0.108	0.138	1	LRCH3	c4
0.0785424368194483	0.58599266289444	0.018	0.013	1	RP11-405M12.3	c4
0.000144396913739966	-0.585697911382282	0.097	0.131	1	LMNB1	c4
0.000897375856856676	0.585457834551217	0.034	0.021	1	FLJ20021	c4
0.00368399575910376	-0.585247191173541	0.065	0.087	1	TBC1D7	c4
0.11761447013761	0.584717828241232	0.025	0.019	1	ACTL10	c4
0.0812625223288276	-0.584697928463129	0.012	0.019	1	TESK1	c4
0.0283023982088757	-0.584687437315313	0.037	0.05	1	IZUMO4	c4
0.00233236946476297	-0.583552343406348	0.027	0.045	1	MGST2	c4
0.17766718810909	-0.583089828827048	0.008	0.012	1	CARNS1	c4
0.254539578747638	-0.58271849679	0.018	0.023	1	PLCH2	c4
0.163381695812765	-0.582445190760425	0.009	0.014	1	NCEH1	c4
0.0770371149255723	-0.58220349879635	0.014	0.021	1	CHSY1	c4
0.0990086204151809	-0.581396947346964	0.012	0.018	1	GTPBP2	c4
0.00172401290805975	-0.58135065270176	0.077	0.103	1	CTD-2020K17.1	c4
0.10547908496948	0.580840727936637	0.016	0.011	1	JAM3	c4
0.207176996615731	-0.580717830671301	0.011	0.015	1	ANKS1A	c4
0.0233410203123956	-0.580388713082388	0.077	0.093	1	FBXL12	c4
0.00122268134400018	-0.579939451699727	0.095	0.122	1	COL4A3BP	c4
0.000119894150657847	-0.579653973502114	0.085	0.118	1	SAYSD1	c4
0.000749135752842718	-0.579642658210768	0.088	0.117	1	TSPAN32	c4
0.0179635396255641	-0.579412503932533	0.029	0.042	1	FAM173B	c4
0.104156731361711	-0.578667022897291	0.022	0.03	1	SLC35D1	c4
0.0141011363702545	-0.578441944120251	0.034	0.048	1	AMIGO2	c4
0.137147213779586	0.577950442117397	0.011	0.007	1	OGFRP1	c4
0.00365180929309566	-0.57771519935716	0.053	0.073	1	CMTR2	c4
0.0365997717494595	-0.577465574090946	0.033	0.044	1	WRNIP1	c4
0.279275805423633	-0.577341836658989	0.009	0.012	1	AGBL3	c4
0.000679637740294491	-0.577301276579476	0.1	0.129	1	HPS3	c4
0.0625986706955807	-0.577158753850568	0.019	0.027	1	GCLC	c4
0.0299973999620768	-0.576827845146782	0.06	0.075	1	CTB-31O20.2	c4
0.011011136394259	-0.576703662911195	0.074	0.093	1	HOTAIRM1	c4
0.027910882987246	-0.576165877077941	0.042	0.055	1	DHX58	c4
0.0044887899482365	0.575667749942312	0.015	0.008	1	MADCAM1	c4
0.00343615469515121	-0.575612904649302	0.086	0.11	1	EPHX2	c4
0.168318700630728	-0.575120862838401	0.009	0.014	1	IQCH-AS1	c4
0.00020084843673263	-0.575065602119147	0.082	0.114	1	HDGF	c4
0.108293216675062	-0.575037762743451	0.019	0.026	1	CEP131	c4
0.000867133043014517	-0.574958068423527	0.114	0.143	1	DDX60L	c4
0.114258061150561	-0.574931075808504	0.014	0.021	1	MOCS3	c4
0.0955338602376048	-0.57482217954101	0.023	0.031	1	PACRGL	c4
0.0011166285403982	0.574538093332999	0.036	0.023	1	SOCS5	c4
0.00405202531549736	-0.573600969371554	0.177	0.202	1	C1orf228	c4
0.00374754085653009	-0.573224146331358	0.048	0.068	1	RITA1	c4
0.00196794286944703	-0.573168409141961	0.059	0.082	1	TOMM34	c4
0.0365894874311213	-0.573112924078873	0.032	0.043	1	DEPDC5	c4
0.0124707027693281	-0.57302228016035	0.03	0.044	1	ALYREF	c4
0.00108908955572108	-0.572970892344375	0.13	0.159	1	DDX60	c4
0.151703420672096	-0.572709497423838	0.019	0.025	1	GINS4	c4
0.0509229145745614	0.572672896223574	0.014	0.009	1	HPCAL4	c4
0.00589268146743919	-0.572670566055606	0.092	0.114	1	GALNT11	c4
0.223568461623863	-0.572269466022173	0.016	0.021	1	RP11-98I9.4	c4
7.64291264153111e-05	0.572056745245423	0.042	0.025	1	TMEM238	c4
0.0256895458803158	-0.572037437426575	0.041	0.055	1	ACBD3	c4
0.072972821442939	0.571674893715288	0.014	0.009	1	BCORL1	c4
0.197912498911997	-0.571627781012104	0.007	0.011	1	LRRC16A	c4
0.000539569422145375	-0.571315699276583	0.062	0.089	1	NAALADL1	c4
0.00566372970598209	-0.570939908172748	0.089	0.112	1	MICAL2	c4
0.10280387968952	-0.570909982609214	0.026	0.034	1	NLRX1	c4
0.0172489289415496	-0.570525358723047	0.055	0.071	1	DNAJC11	c4
0.00488943060938429	-0.570440782940824	0.054	0.074	1	SMC2	c4
0.0106333961287526	-0.569970330873987	0.043	0.059	1	SLC25A44	c4
0.0119986680693734	-0.569952819326308	0.072	0.09	1	DLG1	c4
0.00148406066494205	0.568584785125582	0.019	0.01	1	HKDC1	c4
0.164679650075298	-0.56814653774165	0.02	0.025	1	NBPF10	c4
0.00123363850491429	0.567598828346425	0.035	0.022	1	TMEM191B	c4
0.0194672749214401	0.567113150666847	0.017	0.011	1	WNT1	c4
0.0225464139140504	-0.566902548672909	0.05	0.065	1	ZDHHC17	c4
0.00324023502930526	-0.566781192184949	0.068	0.09	1	RNASEH2A	c4
0.000509005544423864	-0.566616993348975	0.09	0.12	1	SLC39A7	c4
0.0126514803715206	-0.566098970758041	0.084	0.103	1	HERC6	c4
0.207876250019853	-0.565803109579201	0.009	0.013	1	CTC-559E9.1	c4
0.00335231969038308	-0.565597827726695	0.062	0.084	1	BTBD10	c4
0.0236969623790744	0.565521183220209	0.012	0.007	1	BAIAP3	c4
0.113258848125679	-0.565196001121274	0.014	0.021	1	DUSP3	c4
0.230834110818793	-0.565095457813938	0.009	0.013	1	C9orf91	c4
0.0988553617919097	-0.565085134632693	0.029	0.037	1	ZNF468	c4
0.00869254062658509	-0.564912314950793	0.062	0.081	1	ANKRD26	c4
0.134019790609381	-0.564762696111258	0.009	0.014	1	ZBTB26	c4
0.00134337833896209	-0.564664909625387	0.082	0.109	1	SLC6A6	c4
0.00152078376095365	-0.564550894318261	0.083	0.109	1	BRAT1	c4
0.069009968647215	-0.564371081632447	0.011	0.017	1	CENPP	c4
0.14106215885778	-0.564063489603745	0.022	0.028	1	STK11IP	c4
0.00279643387256811	-0.563662030267849	0.04	0.059	1	TRAV12-1	c4
0.215810880435934	0.563413560317223	0.014	0.011	1	PROCA1	c4
0.113975490907326	-0.563274210069034	0.022	0.029	1	NAPB	c4
0.00123045117969311	0.562741334334866	0.03	0.018	1	ZNF814	c4
0.228364247509158	-0.562729875869323	0.011	0.015	1	TTL	c4
0.0837623979097905	-0.562592332769654	0.019	0.026	1	NACC1	c4
0.213771518215312	0.562420951516326	0.019	0.015	1	RP11-98D18.3	c4
0.0469652472662869	-0.562124059846805	0.032	0.043	1	SPPL2B	c4
0.259897103081523	-0.561573628598315	0.029	0.034	1	CHN2	c4
0.0375408953755841	-0.561491257664207	0.037	0.049	1	UBFD1	c4
0.107045672039999	-0.561259593323389	0.035	0.043	1	ZNF736	c4
0.01272838807502	-0.560870452466951	0.054	0.071	1	DYRK1B	c4
0.00195717590273351	-0.560461096304669	0.062	0.086	1	PI4K2B	c4
0.00971798351056801	-0.560417266808069	0.061	0.079	1	EIF4G3	c4
0.0454857915201373	0.560324182366723	0.012	0.007	1	B4GALNT3	c4
0.000414213733588233	-0.558242553978671	0.054	0.08	1	EDARADD	c4
0.00917427459889803	-0.557987980383569	0.031	0.046	1	ZNF738	c4
0.44287504644162	-0.557713935996122	0.014	0.017	1	DLGAP1	c4
0.00310632409955273	-0.557210178102291	0.085	0.109	1	INTS8	c4
0.0146793331781033	-0.557194182108221	0.031	0.045	1	SRD5A1	c4
0.00384044384170301	-0.556806719616719	0.082	0.105	1	EXOG	c4
0.545400388098748	-0.556232598931004	0.034	0.037	1	TRBV7-6	c4
0.0093708002431488	-0.556200915861903	0.09	0.11	1	SMG5	c4
0.0174966356165302	-0.555849535758024	0.055	0.071	1	CEP78	c4
0.240014087240494	-0.555299449986126	0.022	0.028	1	CTC-343N3.1	c4
0.580688255254707	-0.555279122558245	0.013	0.015	1	RPS6KA2	c4
0.509375132639324	-0.554069825058584	0.009	0.011	1	KLHL3	c4
0.107546573467199	-0.553904090933738	0.014	0.021	1	LRRC37B	c4
0.0047675928347781	-0.553773090565389	0.069	0.091	1	SH3TC1	c4
0.000548580672755737	-0.553665699450792	0.1	0.13	1	ARHGEF9	c4
0.0138935338482584	0.553082350537922	0.014	0.008	1	RP11-156K23.3	c4
0.135432168405288	-0.552966445063158	0.018	0.024	1	SEC61A2	c4
0.00130635000766044	0.552817064905172	0.025	0.014	1	TMEM30B	c4
0.611020734652297	-0.552579060247298	0.075	0.07	1	RP11-290D2.6	c4
0.00393652245977694	-0.55242446045268	0.053	0.073	1	DHRS4L2	c4
0.0273130529304673	-0.552268862025052	0.061	0.077	1	LINC01481	c4
0.0566937821477796	-0.552200540008683	0.035	0.046	1	PLA2G6	c4
0.260933828620175	-0.551626850915008	0.012	0.015	1	ADCK1	c4
0.0363345331801597	-0.551529351692241	0.069	0.083	1	COL18A1	c4
0.000300737187025123	-0.551252095710898	0.088	0.12	1	LYRM4	c4
0.0314629533494013	-0.551025254009535	0.023	0.034	1	SNX8	c4
0.0877662973184437	-0.550952618411825	0.022	0.03	1	RP11-110G21.1	c4
0.000438500815050818	-0.550832595814706	0.14	0.172	1	HERC2	c4
0.000658276201829444	-0.550810685586832	0.101	0.131	1	MVB12A	c4
0.0001236325716423	-0.550596534994674	0.111	0.148	1	RHOC	c4
0.114906519933264	-0.549874707096635	0.019	0.026	1	CTD-2287O16.5	c4
0.000678631025687286	0.549235007636226	0.033	0.019	1	FAM101B	c4
0.00120058229833866	-0.548213888259934	0.105	0.133	1	MBD5	c4
0.000648591520447347	0.5481874420049	0.034	0.02	1	FER	c4
0.0202598456463839	-0.547801739400034	0.033	0.046	1	FEN1	c4
0.000402890764918587	-0.547643240843638	0.125	0.158	1	AFTPH	c4
0.0016060694909197	-0.547559150133777	0.093	0.119	1	KIAA1468	c4
0.26699675328116	-0.547273172410542	0.007	0.01	1	ZNF436	c4
0.0825780731119822	-0.547147018733444	0.057	0.068	1	SAMD8	c4
0.0221180450140104	-0.547020396514324	0.043	0.057	1	RP13-580F15.2	c4
0.00475414628489521	-0.547016504746869	0.079	0.101	1	PPP3CB	c4
0.343195917070204	-0.546768640483007	0.011	0.014	1	RP5-1092A3.4	c4
0.0474337640094982	0.546056288958865	0.017	0.011	1	RP11-147L13.13	c4
0.00049031837006265	0.546052424876687	0.046	0.029	1	MARCH9	c4
0.0541461091048966	-0.545896848133173	0.022	0.031	1	FURIN	c4
0.000279677787986782	0.545768630217794	0.456	0.414	1	HSPA1A	c4
0.00501624605250415	0.545557474227277	0.03	0.019	1	IL11RA	c4
0.000648464466833849	-0.54553799257814	0.093	0.122	1	GLMP	c4
0.0399534243321868	-0.545502887594366	0.031	0.042	1	SLC39A11	c4
0.000164217040007457	-0.54531383516369	0.117	0.152	1	SNRNP35	c4
0.0316929263837315	-0.545227916541721	0.078	0.094	1	MCOLN2	c4
0.061379970532079	-0.545161952880401	0.026	0.035	1	FOCAD	c4
0.0944466104387284	-0.544890247660037	0.033	0.042	1	SPATS2	c4
0.106514008039169	0.544705447986735	0.015	0.011	1	NEURL4	c4
0.0222691081386509	-0.54469126532172	0.081	0.098	1	MR1	c4
0.123634709956988	-0.54426982006786	0.012	0.018	1	ZNF213	c4
0.000441488245593324	-0.543893857922672	0.095	0.127	1	HIBCH	c4
0.0995235803526699	-0.543883718900807	0.013	0.019	1	FUT8-AS1	c4
0.160591161346842	-0.543691713023301	0.015	0.021	1	LRP5L	c4
0.143811895073804	-0.543478711238644	0.027	0.035	1	ACER3	c4
0.00890648026150481	-0.543232520254772	0.063	0.082	1	SLF2	c4
0.157610428395533	-0.543161910215413	0.007	0.01	1	RP11-658F2.8	c4
0.0735114770536995	-0.543099141506348	0.029	0.038	1	DLG3	c4
0.306411957420727	-0.542825369660578	0.009	0.012	1	FOXO4	c4
0.0722175729961193	-0.542464034484495	0.018	0.026	1	ABCB10	c4
0.0535351136045978	0.54243637301514	0.023	0.016	1	HDAC11	c4
0.0897206375250842	-0.541602537914562	0.02	0.027	1	SRD5A3	c4
0.0557784156375886	-0.541372775812272	0.059	0.072	1	ARSG	c4
0.0570113675363697	-0.541046536471274	0.061	0.074	1	CCDC64	c4
0.100152969566561	-0.540713823016976	0.02	0.028	1	CEP57L1	c4
0.000315936110818273	-0.540638765105569	0.072	0.102	1	NUP37	c4
0.0232785693840722	-0.54046627148285	0.045	0.059	1	NAPEPLD	c4
0.262115758910431	-0.54016754072294	0.019	0.023	1	PTPDC1	c4
0.245804361219225	0.540043945242904	0.012	0.009	1	ULBP2	c4
0.00957117992609726	-0.539813756355694	0.108	0.129	1	KIAA0319L	c4
0.201355636391349	-0.539464245997443	0.024	0.03	1	GSDMB	c4
0.0027977933182191	-0.539382628490193	0.054	0.075	1	HSCB	c4
0.053402325353032	-0.539328624935895	0.021	0.03	1	AP006621.5	c4
0.0149988702364803	0.538343838636044	0.015	0.009	1	RP4-673M15.1	c4
0.000389354073004769	-0.538164812691895	0.122	0.155	1	NOL8	c4
0.021772019183021	-0.537968907047511	0.075	0.092	1	DGKE	c4
0.00343138169142685	-0.53754829255358	0.06	0.082	1	UBE2R2	c4
0.000553397795191358	-0.537413070752327	0.101	0.132	1	AP3M1	c4
0.0788231167354375	-0.537176151535413	0.022	0.03	1	MCAT	c4
0.0954739867921363	-0.537175362771313	0.021	0.029	1	CEP162	c4
0.0106291757345664	-0.53595521633298	0.061	0.079	1	MCCC1	c4
0.0623594437275247	-0.535659901791592	0.036	0.047	1	WSB2	c4
0.262378262874746	-0.535040977579397	0.008	0.011	1	C10orf12	c4
0.000383576938081188	-0.534723505952917	0.114	0.146	1	UBE4A	c4
0.305357788045193	-0.534547081385311	0.014	0.018	1	TMEM182	c4
0.11080052120715	0.534384171195044	0.015	0.011	1	LINC00092	c4
4.48682242706409e-05	-0.534313627246115	0.15	0.191	1	IP6K2	c4
0.000129989882177237	0.534227080498752	0.045	0.027	1	USP46	c4
0.000216470628098944	0.533558641851145	0.031	0.017	1	SDR42E2	c4
0.0662544065269653	-0.533388756557815	0.042	0.053	1	ANKRD55	c4
3.8224692034583e-05	0.532975627430445	0.087	0.06	1	TNFSF12	c4
0.197861088237887	-0.531825849146258	0.021	0.027	1	MSANTD2	c4
0.00494688457499963	-0.531794797939189	0.073	0.095	1	AAAS	c4
0.0706260077934454	-0.531667935978338	0.03	0.039	1	NFYA	c4
0.00409047280031466	-0.531484105296007	0.069	0.092	1	NUDT16	c4
0.0545176101764549	-0.531238620570879	0.017	0.026	1	SYNGR3	c4
0.0878562559342308	-0.531190650825383	0.028	0.037	1	ZBTB37	c4
0.0540600354989081	-0.531122574983624	0.033	0.043	1	SAMD10	c4
0.0758895955599953	-0.531119752019008	0.046	0.057	1	RFWD3	c4
0.478930738423979	-0.530830005062858	0.24	0.219	1	IFI44L	c4
0.00112965863000726	-0.530718509786062	0.105	0.134	1	IFIT5	c4
0.0143464159852013	-0.530636013221031	0.069	0.088	1	D2HGDH	c4
0.0101323199073548	-0.530589313412043	0.055	0.073	1	ITPK1	c4
4.77358692364639e-05	-0.530135577584198	0.138	0.178	1	FAM127A	c4
0.0194992020648961	-0.530026248590464	0.033	0.047	1	CDK19	c4
0.00665306261533038	-0.529909998389652	0.034	0.05	1	MAN1A1	c4
0.0107047901005506	-0.52979999703187	0.108	0.13	1	APLP2	c4
0.00339019598590167	0.529697343555809	0.031	0.02	1	HIST1H4D	c4
0.00275765683346055	0.529675231780831	0.038	0.025	1	F11R	c4
0.00013355929154319	-0.529591080498867	0.169	0.206	1	PSMA3-AS1	c4
0.119510388351935	0.529295566167537	0.012	0.008	1	AC114271.2	c4
0.142012925436197	0.528809037780412	0.012	0.008	1	NRG2	c4
0.00146726411392888	-0.528535823971238	0.071	0.096	1	MRRF	c4
0.00182868213610788	-0.528138543897406	0.047	0.069	1	MSRB1	c4
0.0924261820607716	-0.527956247963843	0.045	0.055	1	DNAJC27	c4
0.0036838113160867	0.527496523571265	0.015	0.008	1	WEE2-AS1	c4
0.115404985180733	-0.527490783305433	0.021	0.028	1	RMI1	c4
0.0955123530784684	-0.527317323100029	0.02	0.027	1	SLC9A1	c4
0.0386357292381391	-0.527076782553604	0.017	0.026	1	ZNF282	c4
0.00118653952426294	-0.526816757208034	0.109	0.138	1	TBK1	c4
0.0538029030811095	-0.526692238450054	0.036	0.047	1	C14orf93	c4
0.00828343650490642	0.526544689969996	0.021	0.013	1	RPH3AL	c4
0.014068527945585	0.526394341019457	0.033	0.022	1	VKORC1	c4
0.00107483959386085	-0.526194501564632	0.142	0.172	1	TMEM140	c4
0.00477995105877138	-0.526161722179649	0.059	0.079	1	PKIA	c4
0.150982802138006	-0.526111776529805	0.03	0.037	1	EFCAB7	c4
0.0969102832339523	-0.526066914814036	0.061	0.071	1	GXYLT1	c4
0.00446832883879728	-0.525908477363763	0.07	0.092	1	CHPT1	c4
0.00113334146000297	-0.525702945266545	0.117	0.146	1	NFKBIB	c4
0.18414133225173	-0.525639122843574	0.012	0.017	1	DCLRE1A	c4
0.11448064991168	-0.525395208077002	0.032	0.04	1	SPATA5L1	c4
0.102260169399864	-0.525172995325865	0.025	0.032	1	RP11-398K22.12	c4
0.0173267051690695	0.52474484170033	0.022	0.014	1	RP11-307C12.13	c4
0.0627448890913392	0.524502109826124	0.014	0.009	1	SCARNA2	c4
0.0710150428913513	-0.524349417954197	0.038	0.048	1	ZNF181	c4
0.0241962595157152	-0.524331127162597	0.045	0.059	1	DROSHA	c4
0.018917295914325	0.524223959583679	0.016	0.009	1	ADAMTSL5	c4
0.0019740709234642	-0.524112758528207	0.093	0.119	1	GPR155	c4
0.692853246335135	-0.523935234561775	0.051	0.053	1	TRAV21	c4
8.87578979774165e-05	-0.523861388029133	0.124	0.161	1	PDZD11	c4
0.170922999021234	0.523779975233911	0.012	0.009	1	MYOM2	c4
0.112120633030049	-0.52351287414577	0.022	0.029	1	WEE1	c4
0.245709648784237	-0.523326487454556	0.013	0.017	1	TTLL4	c4
0.0499584616874805	-0.523148246534647	0.033	0.044	1	RBM41	c4
0.000174286895568358	-0.523050499000496	0.118	0.153	1	GMDS	c4
0.0908734954362777	-0.52286362965225	0.05	0.061	1	TRBV7-9	c4
0.195125693943565	-0.522471551830792	0.016	0.021	1	CASZ1	c4
0.00286211033965148	0.522245696267468	0.038	0.025	1	PLA2G4C	c4
0.0123706198682721	-0.522079790475093	0.063	0.081	1	ACOT2	c4
0.253676135600164	-0.52202251070061	0.008	0.011	1	BORCS8-MEF2B	c4
0.0189454428473806	-0.52166867493449	0.107	0.126	1	STAT2	c4
0.000810533693136516	-0.521592966800855	0.109	0.14	1	TRAPPC6B	c4
0.360696337642449	-0.521129819315379	0.027	0.032	1	RP11-533E19.7	c4
0.429118124752496	-0.520792027595807	0.012	0.015	1	RP11-214O1.3	c4
0.184510392656442	-0.520431516734103	0.034	0.041	1	TTPAL	c4
0.00104789158712999	-0.5201870228165	0.236	0.261	1	MLLT3	c4
0.00202812920191483	-0.519772913559465	0.101	0.128	1	N4BP1	c4
0.0379474474664407	-0.519743069454579	0.096	0.112	1	OTUD5	c4
0.0990711109220085	-0.51918339967277	0.026	0.034	1	ATXN7L3	c4
0.0201186288363727	-0.519160659140911	0.043	0.057	1	RAB4B	c4
0.028272589886277	0.519062620240918	0.017	0.011	1	NKILA	c4
0.306406667773127	-0.519025515890855	0.014	0.018	1	MTFR1	c4
0.0100467185000175	-0.518659804586842	0.069	0.088	1	AGTPBP1	c4
0.127493405396492	-0.518207200034577	0.012	0.018	1	ARHGAP21	c4
0.0470527561748871	-0.518071981239854	0.145	0.16	1	DDX58	c4
0.00105325533088613	-0.51777952122239	0.127	0.157	1	NHLRC3	c4
0.0541909393721771	-0.517628671779444	0.034	0.045	1	RBM12B	c4
0.000257470455082448	0.517554091239532	0.049	0.031	1	EIF4EBP3	c4
0.434252286425453	-0.517236462117048	0.012	0.014	1	RP11-262H14.3	c4
0.00545171461016132	-0.517004331525423	0.079	0.101	1	LANCL1	c4
0.0529213060725137	-0.51689384254548	0.035	0.046	1	TOP1MT	c4
0.0127327919217482	0.516857112171735	0.025	0.016	1	LINC00526	c4
0.0407144698330571	-0.51639492443819	0.054	0.067	1	CARNMT1	c4
0.0012718694495791	-0.516176859976547	0.074	0.1	1	MED7	c4
0.0512222261553963	-0.51603236220472	0.049	0.062	1	TRIM73	c4
0.0151012347064722	-0.515824335387246	0.028	0.042	1	LLGL2	c4
0.162397036270747	-0.515629068136248	0.017	0.023	1	GNA12	c4
0.5550954145621	-0.515558154617621	0.011	0.013	1	RASA4	c4
0.00898465287142563	-0.515517728399086	0.072	0.092	1	DNMT3A	c4
0.0242209639162638	-0.515049974312981	0.051	0.066	1	PCNT	c4
0.030335782976372	0.514934027431057	0.014	0.008	1	CDKL5	c4
0.019710367954305	0.514839053206552	0.022	0.015	1	FNIP2	c4
0.117424645092031	-0.514773139266773	0.05	0.059	1	LINC00957	c4
0.00866335887962728	-0.514748371274738	0.059	0.078	1	YEATS2	c4
0.000813109644981598	0.514234891095273	0.044	0.028	1	GNE	c4
0.0145785525218952	-0.513836692854768	0.324	0.328	1	CD63	c4
0.308173979857812	-0.513823364304614	0.013	0.017	1	ZRANB3	c4
0.419463544669393	-0.513674168044266	0.009	0.012	1	ZSCAN12	c4
0.0276913242027936	-0.513095581332598	0.065	0.081	1	NUP43	c4
0.00375195993676002	0.513006695727969	0.05	0.035	1	RP11-223C24.1	c4
0.00301469880821604	-0.51283027376497	0.078	0.102	1	KLHDC7B	c4
0.37141108604174	-0.51279176561007	0.009	0.011	1	FKBPL	c4
0.000329592700162531	-0.512754666787784	0.156	0.191	1	CLIP1	c4
0.00141530317862539	-0.512723681972195	0.017	0.032	1	CXorf21	c4
0.420235723090874	-0.512612852776757	0.009	0.011	1	NCKAP5L	c4
0.0631669647990142	-0.512582981567085	0.033	0.044	1	TRIOBP	c4
0.000453463627498602	0.512514861202079	0.067	0.047	1	MYO1C	c4
0.029886139642603	-0.512071140944079	0.05	0.064	1	TP53I11	c4
0.0102039043681653	-0.51201992369334	0.059	0.077	1	NCR3	c4
0.0282925159379679	-0.512012504322621	0.054	0.069	1	SLC12A9	c4
0.10673522171715	-0.511837955580142	0.028	0.036	1	IPO11	c4
0.00597499038912389	-0.511475410053819	0.078	0.1	1	SIPA1L1	c4
0.215572929583813	-0.511443650151757	0.011	0.015	1	HARBI1	c4
0.0854743198430413	-0.511383135169118	0.02	0.027	1	ADAP1	c4
0.21944510026254	-0.511261278823751	0.019	0.024	1	GPD2	c4
0.0882662757137402	-0.511016084039585	0.08	0.091	1	SNX29	c4
0.0876979657190126	-0.510931525786823	0.029	0.038	1	TRAV26-2	c4
0.067587792405369	-0.510729761431036	0.029	0.038	1	A1BG-AS1	c4
0.00569523443975152	0.510597103312547	0.05	0.036	1	RRP12	c4
0.143553941716074	-0.510268377552334	0.019	0.025	1	CH17-340M24.3	c4
0.0289855175588456	-0.510209433170531	0.019	0.029	1	SRGAP2B	c4
0.0251082554514209	0.509949733919211	0.022	0.015	1	ZNF417	c4
0.114278171448843	-0.509786811275882	0.009	0.014	1	FANCC	c4
0.0452909641185111	-0.509623090077252	0.016	0.024	1	TIMELESS	c4
0.522237355253803	0.509580657093049	0.012	0.011	1	TNK2-AS1	c4
0.031933035039051	0.509363295080439	0.015	0.009	1	CALCB	c4
0.244640327286214	0.509306770606356	0.012	0.009	1	INO80B	c4
0.0591337289071436	-0.509285647416568	0.008	0.014	1	ZNF726	c4
0.0127914763747789	-0.509212740666903	0.051	0.068	1	KLHL12	c4
0.000284434639666886	0.508845744092689	0.061	0.041	1	MEPCE	c4
0.000217129408803726	-0.508719540684069	0.21	0.244	1	CYTH4	c4
0.00120646522493588	-0.508617707529953	0.104	0.132	1	PLAA	c4
0.00427944608184838	-0.508570773994271	0.094	0.118	1	MCM5	c4
0.0168132522480225	-0.507014967214176	0.104	0.123	1	TBC1D2B	c4
0.0259738099552365	-0.506901052185527	0.02	0.03	1	NPEPL1	c4
0.241519918920213	-0.506749312463173	0.016	0.02	1	FN3K	c4
0.260046638653422	-0.506460380843514	0.02	0.025	1	PQLC1	c4
0.0270279655440894	-0.506384865413056	0.471	0.442	1	TNFRSF1B	c4
0.00364356127330374	-0.505973482174942	0.064	0.087	1	PIP4K2C	c4
0.00129192233739338	0.50546817658356	0.027	0.016	1	DKFZP434I0714	c4
0.00535187599835946	0.505447354562491	0.022	0.013	1	C1orf54	c4
0.210667173164223	-0.505426751689438	0.019	0.024	1	RP11-637A17.2	c4
0.427335861279283	-0.504913102021599	0.016	0.019	1	RP11-152N13.5	c4
0.455232646292123	-0.504651208799186	0.009	0.011	1	ZFP41	c4
0.0508676624667965	-0.504610300194661	0.051	0.064	1	TRIM25	c4
0.534037458693423	-0.504465450306712	0.008	0.01	1	LEPR	c4
0.0332928884867505	-0.504308598960673	0.07	0.085	1	SLC46A3	c4
0.00171893578942812	-0.504265049477301	0.09	0.117	1	ABHD12	c4
0.00046206660246297	-0.504113879650638	0.218	0.248	1	RALGDS	c4
0.0317258552050514	-0.504028488525831	0.031	0.043	1	MFSD3	c4
0.000569270806644343	-0.503991957982787	0.126	0.158	1	TRIM21	c4
0.017384339851403	-0.50376143641479	0.074	0.093	1	BRD8	c4
0.297961774579395	-0.503681898125866	0.015	0.019	1	IRAK1BP1	c4
0.000768035223793612	0.503669005030424	0.051	0.034	1	FBXL8	c4
0.0177358299144078	-0.503551105843469	0.072	0.091	1	FAM120B	c4
0.110576304248195	-0.503499158487295	0.014	0.021	1	ECE2	c4
0.000860146701649144	-0.503483491560872	0.111	0.141	1	SLC52A2	c4
0.00939389424280536	-0.503287026159071	0.09	0.112	1	WARS	c4
0.0584707206606414	-0.503063529958961	0.03	0.04	1	C4orf33	c4
0.0102832840014413	-0.502853136123293	0.074	0.094	1	NF1	c4
0.0773711644010708	-0.502662055365936	0.026	0.035	1	PNPO	c4
0.119579870584537	-0.502496681697781	0.014	0.02	1	CTD-2017F17.2	c4
0.0987873849246551	-0.502417750864746	0.017	0.023	1	P2RY11	c4
0.00991353003194117	-0.502281660983886	0.08	0.1	1	SMARCAD1	c4
0.0762959907015495	-0.502212486443268	0.022	0.03	1	ZNF79	c4
0.00678266646880675	0.501827513772668	0.024	0.015	1	DNHD1	c4
0.00404622980692466	-0.501763229389256	0.087	0.11	1	TTC9C	c4
0.0432044502459159	-0.501580524812925	0.034	0.046	1	ELF4	c4
0.00713772684365162	-0.501516924428533	0.077	0.099	1	PHF21A	c4
0.0693462698216963	-0.501413596595008	0.048	0.06	1	RAD51D	c4
0.226901931732781	-0.501331293006493	0.029	0.035	1	ADNP2	c4
0.0361296125438952	-0.501286784843979	0.039	0.052	1	HIST1H2BN	c4
0.0290635611651322	-0.501032710204798	0.022	0.033	1	ACY1	c4
0.0239953081842932	-0.50074059332541	0.064	0.08	1	ADIPOR2	c4
0.0334566242862471	-0.500259297034172	0.022	0.033	1	PQLC2	c4
0.22034015714529	-0.500226092862745	0.009	0.012	1	QPCTL	c4
0.527096365333829	-0.500137974970266	0.008	0.01	1	NEURL1	c4
0.00701486521846732	-0.499775190887574	0.108	0.131	1	RLF	c4
0.0487907219116698	-0.499660287047	0.038	0.049	1	MSANTD4	c4
0.0776101541386113	-0.499473509334223	0.036	0.046	1	CCDC9	c4
0.00753009672032928	-0.499064189917596	0.062	0.082	1	NCOA5	c4
0.0952077955844104	-0.498901240820676	0.034	0.043	1	NDOR1	c4
0.0647573902054676	-0.498602202577154	0.014	0.022	1	NEK3	c4
0.0362131703763553	-0.498440221807495	0.043	0.056	1	CPSF4	c4
0.182534454890197	0.49844021203692	0.017	0.013	1	PHLDA3	c4
5.57128945309244e-05	-0.49832598220703	0.231	0.269	1	ZMYM2	c4
0.0661391047774623	-0.498214231830337	0.028	0.038	1	CCDC34	c4
0.0156957101839796	-0.498172548532348	0.072	0.09	1	EIF2AK4	c4
0.0280001156888979	-0.497950033381148	0.063	0.079	1	TMEM185A	c4
0.00189041992762454	-0.497779773373699	0.119	0.147	1	PTPN11	c4
0.000335329065791015	-0.49750002251596	0.128	0.162	1	RFXANK	c4
0.0328095991427063	-0.496998253988334	0.057	0.072	1	BBS4	c4
0.0768758729428097	-0.496752324917968	0.048	0.059	1	TCAIM	c4
0.00869411441514045	-0.496524880984282	0.09	0.111	1	ZNF821	c4
0.0503667731895357	-0.4962761127293	0.025	0.034	1	HACE1	c4
0.0174111467536418	-0.496213502027799	0.076	0.094	1	SREBF2	c4
0.179080473907052	-0.49617538264212	0.035	0.042	1	RP11-218M22.1	c4
0.012651743590415	-0.495748115525185	0.051	0.068	1	C17orf75	c4
0.376824062818579	-0.495712124204505	0.008	0.01	1	ZNF175	c4
0.0465749350334599	-0.495603162187734	0.04	0.052	1	NADK	c4
0.0274529155767596	-0.495296816565548	0.128	0.145	1	MMP25-AS1	c4
0.515019786549176	-0.495253552013844	0.046	0.049	1	TRAV3	c4
0.0748458930486925	-0.495240917746088	0.027	0.037	1	ABAT	c4
0.0348462435507665	-0.495132292379285	0.048	0.062	1	FAM98A	c4
0.0696405163273363	0.494964713744432	0.018	0.012	1	RP11-119D9.1	c4
0.0544315082295995	-0.494723671369373	0.052	0.065	1	NHLRC2	c4
0.00117898372530732	-0.49458772707455	0.144	0.174	1	EML2	c4
0.0210980291069002	0.494384666241539	0.014	0.008	1	AMY2B	c4
0.0197804691986411	-0.493971484404862	0.037	0.051	1	UBE2F	c4
3.43619804260774e-05	0.493734984814304	0.066	0.042	1	MORN3	c4
0.00540341356455558	-0.493544359460602	0.048	0.068	1	ZNF490	c4
0.00135638730772374	-0.493538601846485	0.084	0.111	1	CXorf40B	c4
0.248716845131004	-0.493306212059847	0.009	0.013	1	RP11-572O17.1	c4
0.0146672029707256	-0.493261730144339	0.074	0.092	1	TTC31	c4
0.00179120459250097	-0.493244638067185	0.076	0.101	1	TMEM80	c4
0.00334370253151615	-0.492924325484307	0.067	0.09	1	DAPP1	c4
0.0896123430882384	-0.492921712262171	0.027	0.036	1	FAM185A	c4
0.190462934278926	-0.492701058862151	0.025	0.031	1	ZNF316	c4
0.00125946951511531	-0.492501267565224	0.08	0.107	1	TRIM8	c4
0.00274579927330983	-0.492442137325403	0.108	0.134	1	SLC25A46	c4
0.0169247784011866	-0.492153585101582	0.087	0.106	1	AVL9	c4
0.0169444379387399	-0.492153269584791	0.037	0.051	1	N6AMT2	c4
0.00118959443143284	0.492124944801498	0.045	0.029	1	TMEM8A	c4
0.563874367066514	-0.492004666677827	0.012	0.014	1	YOD1	c4
0.266806737326514	-0.491663503688923	0.016	0.02	1	CPNE8	c4
0.0184429620676327	-0.491138681623909	0.048	0.063	1	BCDIN3D	c4
0.0417478117174521	-0.491080168966142	0.025	0.036	1	GRAMD4	c4
0.0328213147151637	-0.491025086104618	0.053	0.067	1	TXNRD2	c4
0.0754898777059816	-0.490907033220182	0.033	0.043	1	POFUT1	c4
0.200299030175963	-0.490894700937001	0.043	0.05	1	ATAD3B	c4
0.0298785255965508	-0.49085111672775	0.032	0.044	1	PDE6B	c4
0.103623157123596	-0.490816685244313	0.045	0.055	1	RBM15	c4
0.00244190610885833	-0.490687957677618	0.064	0.088	1	TDRD3	c4
0.629834185901028	-0.490638287534501	0.017	0.018	1	SNX30	c4
0.0268659559513557	-0.490249083490262	0.01	0.018	1	PLOD1	c4
0.243861447109885	-0.490171060202632	0.048	0.055	1	TAP2	c4
0.0416962475770552	-0.489841904775881	0.036	0.048	1	ATP13A3	c4
0.00564621312378068	-0.489791595567273	0.176	0.2	1	SLF1	c4
0.0871985371150277	-0.489576221455742	0.016	0.023	1	ZDBF2	c4
0.00053379526520182	-0.489084498394955	0.359	0.372	1	RBPJ	c4
0.308500998597757	-0.489035452453205	0.009	0.012	1	CTD-3131K8.2	c4
0.238399002352315	-0.488950101421956	0.007	0.01	1	ERI2	c4
0.000660010499587308	-0.488938095645432	0.152	0.184	1	ZDHHC24	c4
0.0179634829531739	-0.488896715397385	0.072	0.09	1	AGFG1	c4
0.0133072840404412	-0.488682014168889	0.028	0.042	1	MMAA	c4
0.135567641049165	-0.4884501222554	0.026	0.033	1	MARK4	c4
0.000712806751622721	-0.488424803705442	0.15	0.182	1	RBM5	c4
0.00106809032443871	-0.488252282560839	0.124	0.154	1	EXOSC10	c4
0.130843990356458	0.488138685814947	0.02	0.015	1	C8orf58	c4
0.0172866676031165	-0.487936540649398	0.061	0.079	1	RNF141	c4
0.00107927520422721	0.487661392550913	0.056	0.038	1	HIST2H2AA4	c4
0.000164540653958628	-0.487542777973771	0.239	0.272	1	SMS	c4
0.0301772253555014	-0.487122741635482	0.049	0.063	1	HOXB4	c4
0.448848881863051	-0.486922160994995	0.014	0.017	1	ZNF565	c4
0.00161077811116261	0.486826140752665	0.03	0.018	1	CAMK2N1	c4
0.124766146931033	-0.486561521973791	0.036	0.045	1	MTHFR	c4
0.0216239917527944	-0.486314258738319	0.052	0.068	1	POMGNT1	c4
0.000235798809008572	0.486250617289382	0.046	0.028	1	MORC2	c4
0.000181937802930386	-0.485752868529913	0.149	0.185	1	HMG20B	c4
0.401955123290392	-0.485657603841052	0.009	0.011	1	KPTN	c4
8.64047013539776e-05	-0.485606968600139	0.705	0.658	1	ITM2A	c4
0.00318021436297604	-0.485459156674678	0.085	0.11	1	UBE2Z	c4
0.412749259316683	-0.485398066650962	0.02	0.023	1	FAM86C1	c4
0.0572103067776075	-0.485387142999454	0.04	0.052	1	TMED8	c4
0.0721301186752338	0.485228167958996	0.015	0.01	1	RHOQ	c4
0.00284497590598638	-0.485054043090343	0.07	0.094	1	PHF6	c4
0.0944370356368822	-0.484818846688134	0.034	0.043	1	CCNY	c4
0.0303831581918189	-0.483952390578585	0.045	0.059	1	RAB30-AS1	c4
0.00304443014295662	-0.483873443795984	0.098	0.124	1	IFT27	c4
0.000122121368591211	-0.483418481963993	0.173	0.21	1	YARS	c4
0.083467963134034	-0.483337824888899	0.03	0.039	1	RWDD2B	c4
0.111210332540753	-0.483324460137315	0.02	0.027	1	ZSCAN30	c4
0.0733525095587292	0.483300346706912	0.066	0.055	1	TRAV16	c4
0.000468820863238164	-0.483239076862767	0.102	0.134	1	PIGS	c4
0.00432411729971024	-0.482784334390838	0.085	0.109	1	FAM78A	c4
0.00204458756032555	-0.482521541538331	0.109	0.137	1	AKAP11	c4
0.039264572934164	-0.48223741715635	0.04	0.052	1	DLAT	c4
0.0137871139478244	0.481917876788735	0.034	0.024	1	RP11-73E17.2	c4
0.0490547386897195	-0.481414676752747	0.071	0.085	1	TP53INP1	c4
0.0506112796389057	-0.481076251050545	0.051	0.063	1	MLYCD	c4
0.509588189300763	-0.480992979389349	0.014	0.016	1	PARD6B	c4
0.00701971556031381	-0.480816357074283	0.123	0.146	1	GBP3	c4
0.00445389362859146	-0.480437867930136	0.11	0.134	1	FARS2	c4
0.00506477134639726	0.480403604003724	0.03	0.019	1	HHAT	c4
9.36689217831959e-05	-0.480339206696545	0.16	0.2	1	MAD2L2	c4
0.00391496884158308	-0.480303898803026	0.102	0.127	1	C19orf12	c4
0.0118501114858976	-0.480237458267188	0.078	0.098	1	ZNF600	c4
0.0423365383613955	-0.480093702429542	0.039	0.051	1	C22orf34	c4
0.0274980610832671	-0.479921306412773	0.061	0.077	1	METTL18	c4
6.1681741843537e-05	-0.479820667639735	0.21	0.249	1	LRBA	c4
0.0588915449239318	-0.479586414833544	0.017	0.025	1	IQCE	c4
0.0107038735549868	-0.479387485433371	0.077	0.097	1	POGLUT1	c4
0.230321303207395	-0.479297691595132	0.017	0.022	1	DIRC2	c4
0.0545432944793457	-0.479233985565445	0.038	0.05	1	ZFP64	c4
0.0206954684500428	-0.479217694318976	0.054	0.07	1	C8orf82	c4
0.0315031039222977	-0.4791726508805	0.047	0.061	1	ENOX2	c4
0.138936580109008	-0.479016181785307	0.027	0.035	1	TM7SF2	c4
0.00123419202352688	-0.478870277009405	0.134	0.164	1	SLC2A4RG	c4
0.002936111884743	-0.478725191447462	0.134	0.16	1	AZI2	c4
0.693116606599133	-0.478586849256741	0.009	0.01	1	DBNDD1	c4
0.000141354146535111	-0.47773660912977	0.155	0.193	1	TAF10	c4
0.0274067121277069	-0.477682039056992	0.156	0.175	1	AC092580.4	c4
0.0387161640466892	-0.477639050622708	0.08	0.096	1	DTNB	c4
0.26183781886092	-0.477457815396597	0.011	0.015	1	CRIM1	c4
0.00783531109878329	-0.47730544792362	0.049	0.068	1	PDLIM7	c4
0.461110289432152	-0.476890914253614	0.019	0.022	1	KCNQ1OT1	c4
0.0896081006433558	-0.476467080126174	0.075	0.087	1	ERGIC1	c4
0.000537305180675276	-0.476418321639772	0.194	0.226	1	PRKCB	c4
0.0164861003758321	-0.475710457406096	0.023	0.035	1	NSDHL	c4
0.138993371847051	-0.475505337546217	0.052	0.061	1	ZNF100	c4
0.000937921790128238	-0.475243719310966	0.194	0.224	1	TTC17	c4
0.00554188309616471	-0.475167518450555	0.081	0.103	1	DCTN6	c4
0.0292412052792177	-0.475106571437103	0.077	0.093	1	ATR	c4
0.00274564576800381	-0.475058522621495	0.186	0.21	1	PREX1	c4
0.034068511999347	-0.474877130245132	0.034	0.046	1	RHBDD1	c4
0.120957940096889	-0.474821602839743	0.012	0.018	1	LBHD1	c4
0.235562659682419	-0.47457656836796	0.014	0.018	1	RP11-54C4.3	c4
0.256934615384866	-0.474319436869175	0.014	0.019	1	RP11-452L6.5	c4
0.238528419137761	-0.474292120791979	0.024	0.029	1	MARS2	c4
0.0865593950586591	-0.474212360192931	0.051	0.062	1	SPPL3	c4
0.0768967955373029	-0.474026536210452	0.041	0.052	1	GOLGA1	c4
0.0187256438133108	-0.473972057265415	0.037	0.051	1	GALNS	c4
0.157413066296646	-0.473896208421615	0.036	0.044	1	MIS18A	c4
0.172684209548066	0.473894767728348	0.014	0.011	1	RP11-442H21.2	c4
0.0306776300914711	-0.473864389983358	0.078	0.094	1	BRAP	c4
0.0720367250493558	-0.473686538857899	0.046	0.057	1	IKBKAP	c4
0.0327298834429967	-0.473515699771109	0.082	0.098	1	NCOR2	c4
0.158943567872099	0.473007079850316	0.014	0.01	1	HIST2H2AA3	c4
0.00760945639177758	-0.47299219099935	0.087	0.109	1	SMC6	c4
0.0699386534959973	-0.472933019904097	0.053	0.064	1	C10orf76	c4
0.0179648853346387	-0.472893267234501	0.067	0.084	1	PCYT2	c4
0.0106668498254653	-0.472578497842009	0.077	0.097	1	HMG20A	c4
0.128647841599431	0.472562089423479	0.012	0.008	1	RP1-34B20.21	c4
0.189236991013806	-0.47216026293892	0.017	0.022	1	AP5B1	c4
0.456355386121655	-0.472150727240219	0.009	0.011	1	SLC45A4	c4
0.000976102820773267	-0.471978402072954	0.115	0.146	1	LINC00426	c4
0.0119483375634795	-0.471702450323538	0.079	0.099	1	MBD2	c4
0.00376668107648709	-0.471501187259464	0.15	0.177	1	NFAT5	c4
0.0334756644604506	-0.471256827393791	0.068	0.083	1	MED24	c4
0.429235109174278	-0.471241301119546	0.016	0.019	1	CATSPERG	c4
0.0472073818141399	-0.47117328712422	0.045	0.057	1	ST3GAL2	c4
0.444700180192231	-0.471007349516734	0.016	0.019	1	YTHDF3-AS1	c4
0.247247742920894	-0.47099755692393	0.019	0.024	1	RP11-488L18.10	c4
0.0295088098736585	-0.470603854439651	0.033	0.046	1	NUDT7	c4
0.0358641855759916	-0.470472673392607	0.061	0.076	1	ASAP1	c4
0.147722522248157	0.470324138759584	0.015	0.011	1	LRRIQ3	c4
0.509963620541258	-0.470295701416639	0.026	0.029	1	FAM169A	c4
0.442379525258504	-0.470190653535963	0.018	0.021	1	GDF11	c4
0.022934304327917	-0.470026879590252	0.053	0.068	1	UTP14A	c4
0.247234178204739	-0.470025454388219	0.027	0.032	1	PRKAB2	c4
0.0071395974413189	-0.469565681151582	0.101	0.124	1	BISPR	c4
0.0205461961256076	-0.469508223039108	0.07	0.088	1	NUP93	c4
0.041691030881464	-0.469257080649048	0.051	0.065	1	ZFAND4	c4
0.00124963005956517	-0.469222367884763	0.109	0.138	1	CHFR	c4
0.125705992134092	0.469142574072097	0.014	0.01	1	MEST	c4
0.00105393548924139	-0.469043216083421	0.161	0.191	1	TRPT1	c4
0.0222555502934189	-0.46860740701462	0.061	0.078	1	LIN37	c4
0.00274763942940241	-0.468555507748635	0.133	0.16	1	LINC00847	c4
0.00160066291862657	-0.468315266778718	0.11	0.139	1	GART	c4
0.363146773495941	-0.468119117737085	0.017	0.021	1	FKTN	c4
0.249578638142663	-0.468080389634506	0.03	0.036	1	C17orf80	c4
0.350052596000094	-0.46805313599653	0.009	0.012	1	EVA1B	c4
0.0107999592769868	-0.467830260784428	0.09	0.111	1	ZNF226	c4
0.23587868233674	0.467752360887669	0.013	0.01	1	LRTOMT	c4
0.00134561541644186	-0.46774073751883	0.142	0.172	1	STK16	c4
0.0735586462748088	-0.467680375155249	0.037	0.047	1	GGCX	c4
0.050007656766839	-0.467648026119578	0.075	0.089	1	PIK3CG	c4
0.272438955778593	-0.467409068070887	0.02	0.024	1	RP11-379K17.12	c4
0.0269710367881561	-0.466750431715024	0.017	0.027	1	FANCI	c4
0.00481834985753089	-0.466721834786722	0.124	0.149	1	LRIF1	c4
4.3703053622448e-05	0.466619856310459	0.084	0.057	1	C22orf46	c4
0.250678152495279	-0.46657064355639	0.012	0.015	1	STPG1	c4
0.251492787635073	-0.466467810169034	0.043	0.05	1	RP1-39G22.7	c4
0.000310359815640428	-0.466325572367535	0.143	0.178	1	TMED3	c4
0.312862276916716	-0.466030743886767	0.059	0.064	1	MVB12B	c4
0.0567753506253738	-0.466000655873174	0.045	0.057	1	BCKDHB	c4
0.0196766536680844	-0.46589816429967	0.097	0.116	1	SRSF6	c4
9.96046408404888e-05	-0.46585329385015	0.189	0.227	1	SLC25A38	c4
0.0142614650464298	-0.465768169550559	0.077	0.096	1	KDM4A	c4
0.03857609402534	-0.465732131226348	0.085	0.101	1	HARS2	c4
0.00411806423043332	-0.46562014529373	0.148	0.175	1	SESN3	c4
0.0466705684172981	-0.465408584946751	0.046	0.058	1	CPT2	c4
0.10122275874628	-0.465289535259334	0.033	0.041	1	KMT5C	c4
0.0350110749522138	-0.465183318812537	0.039	0.052	1	C9orf69	c4
0.00781110484677655	-0.465005083782557	0.069	0.089	1	ATP6V1A	c4
0.018400175980181	-0.464846622014877	0.068	0.086	1	ATP6V0A2	c4
0.14484197641746	-0.464843850619847	0.01	0.015	1	RP11-137H2.4	c4
0.0417043420577372	-0.464798090959757	0.043	0.056	1	FAM200A	c4
0.30609790134496	-0.46471410575571	0.012	0.015	1	LCMT2	c4
0.366294212519004	-0.464560792613094	0.033	0.038	1	SAP25	c4
0.419258718152552	-0.464106542156223	0.017	0.02	1	LACE1	c4
0.0358313376730807	-0.463829689920364	0.03	0.042	1	MTMR12	c4
0.138289300779764	-0.463755001295863	0.033	0.041	1	LMF1	c4
0.0146217895981286	0.463729839671449	0.014	0.008	1	FAM153A	c4
0.0026620711456754	-0.463623155937527	0.284	0.306	1	PASK	c4
0.0063730716270142	-0.463361881964266	0.087	0.11	1	CNP	c4
0.0229749221635873	-0.463318121588036	0.072	0.089	1	NOP14-AS1	c4
0.0959858154505342	-0.462860501173811	0.025	0.033	1	ADAL	c4
0.156036567678321	-0.462860043355898	0.022	0.028	1	ZNF598	c4
0.000268795414008782	-0.462647312876307	0.075	0.107	1	PCK2	c4
0.371125514911644	-0.462358914384929	0.009	0.012	1	RNF122	c4
0.182686522095664	0.462345334620974	0.01	0.007	1	HIST1H2AB	c4
0.000709034342650114	-0.462250910343063	0.134	0.168	1	PPP6R2	c4
0.000561924744941273	-0.461883418096533	0.15	0.185	1	SKA2	c4
0.0136069937135425	-0.46182524305085	0.082	0.102	1	TAF8	c4
0.00329781656152851	0.461789135463067	0.034	0.022	1	RNF157	c4
0.14750724945085	-0.461587011056494	0.032	0.039	1	BMPR2	c4
0.00570537193543412	-0.461450941811686	0.08	0.102	1	CASP7	c4
0.0194480123673871	-0.46129069067569	0.084	0.103	1	MOV10	c4
0.188680271727858	-0.460704706796482	0.027	0.034	1	PGAP1	c4
0.0391720457990834	-0.460545445997811	0.039	0.051	1	CHUK	c4
0.00102008273618197	-0.460508778909996	0.108	0.138	1	C1orf50	c4
0.026258334712328	0.460490979790446	0.025	0.017	1	LIPT2	c4
0.0318548035937513	-0.460356576496589	0.09	0.107	1	CCDC14	c4
0.00170908371601615	-0.460348065103126	0.115	0.144	1	LAMP2	c4
0.0151768949296321	0.460214208713134	0.015	0.009	1	CTC-428H11.2	c4
0.733399077190629	-0.460155743926471	0.02	0.021	1	ZBTB9	c4
0.00903228896039918	0.459833203059023	0.043	0.031	1	SVIL-AS1	c4
0.0482746082520738	-0.459806579980593	0.06	0.074	1	HIVEP3	c4
0.00853913710288249	0.459609848724211	0.045	0.032	1	TRIM47	c4
0.104638024782423	-0.459604744465097	0.059	0.07	1	NPIPB5	c4
0.451848682527418	-0.45939725656708	0.27	0.264	1	ICOS	c4
0.0341802367703922	-0.459338271292294	0.074	0.09	1	STX7	c4
0.136108950742291	0.459151425884531	0.015	0.011	1	PLEKHG4	c4
0.204779859484881	-0.459071694838233	0.018	0.023	1	SLC25A15	c4
0.00363094984548311	-0.45883281849124	0.099	0.124	1	TARS	c4
0.0189775153339975	-0.458762529217144	0.035	0.049	1	LXN	c4
0.364885212428687	-0.458463137828965	0.022	0.026	1	STXBP4	c4
0.165880711106514	-0.458419285934196	0.014	0.019	1	RP11-670E13.6	c4
0.527452149865642	-0.458297773785579	0.017	0.02	1	ARL6	c4
0.0516321800937594	-0.458168085351143	0.034	0.045	1	LLGL1	c4
0.000200560254067537	0.458044819057009	0.049	0.031	1	NBPF1	c4
0.0165075252748994	0.457982938854493	0.038	0.027	1	C11orf80	c4
0.13630701830585	-0.457779833324453	0.027	0.034	1	FGFR1	c4
0.269509405987742	-0.457610603471383	0.014	0.019	1	TRAV1-1	c4
0.0355435741653499	-0.457256955014301	0.061	0.076	1	STRBP	c4
0.144906584946088	-0.457171612304738	0.064	0.073	1	NCAPD3	c4
0.0680245774878959	-0.457057906727089	0.057	0.069	1	MAD2L1	c4
0.125276727038483	-0.456700507884962	0.02	0.026	1	PPP2CB	c4
0.138571402678992	0.45651254972046	0.013	0.009	1	SPATA7	c4
0.157587964497737	-0.455807591840694	0.056	0.065	1	DNASE1	c4
0.00207456362551705	-0.45570229330769	0.157	0.186	1	NMRAL1	c4
0.0194171768749678	-0.455616538823902	0.081	0.1	1	TRIB2	c4
0.296732933668445	-0.45551039056418	0.022	0.026	1	PRKACA	c4
0.000655980702814381	0.455470640850825	0.041	0.026	1	ATG9B	c4
0.000723547231145571	-0.455466541365881	0.106	0.138	1	HAUS1	c4
0.145209439788115	-0.455386066043092	0.024	0.031	1	WDR4	c4
0.00778336741847704	0.455335909264222	0.031	0.02	1	KBTBD6	c4
0.00120778690366126	0.455324908056777	0.03	0.018	1	PHLDB2	c4
0.00591470974265475	-0.454800313958666	0.127	0.151	1	GUSB	c4
0.221455260388483	-0.454798471056764	0.02	0.025	1	C19orf68	c4
0.0562620269227502	-0.454771744621581	0.047	0.059	1	DUSP18	c4
0.00145700405218211	-0.454716133308659	0.202	0.231	1	HTATIP2	c4
0.0026056311183235	-0.454705675754157	0.201	0.227	1	MAP2K3	c4
0.0229216336337217	-0.454696928355	0.084	0.102	1	NIF3L1	c4
0.156336503578183	-0.454681098295846	0.014	0.019	1	TRAV24	c4
0.479618235321935	-0.454675652213121	0.008	0.01	1	CCDC24	c4
0.00353569652333136	-0.454675130438415	0.127	0.154	1	TMEM106C	c4
0.0833413838156902	0.454331081435319	0.022	0.016	1	PLAT	c4
0.642864381465368	-0.453359248545431	0.087	0.088	1	PTGDR	c4
0.0152521237099383	-0.453068495094558	0.056	0.074	1	MFSD14B	c4
0.0559534297925343	-0.453002033354376	0.061	0.074	1	TXLNA	c4
0.0253726365197534	0.452953820950172	0.034	0.024	1	GEMIN4	c4
0.00193584881163726	-0.452714693098718	0.204	0.23	1	ETNK1	c4
0.0414296799154071	-0.452579930849406	0.087	0.102	1	LINC00909	c4
0.0989053297421543	0.45234840217051	0.014	0.009	1	LINC01569	c4
0.0328466870872166	-0.452331922310311	0.104	0.121	1	ELMOD3	c4
0.0764778969924734	-0.452124883325777	0.037	0.047	1	RFC5	c4
0.0566083215609447	-0.452031621628548	0.053	0.066	1	CHD1L	c4
0.0389140315017814	-0.451756945994352	0.084	0.1	1	JARID2	c4
0.542499406381748	-0.451572829833416	0.01	0.012	1	TRIM66	c4
0.234920786226963	-0.451532835829565	0.009	0.013	1	RGS5.1	c4
0.0937853828061331	0.450882725436235	0.024	0.018	1	ADAMTS10	c4
0.450408299007551	-0.450638968411742	0.023	0.026	1	PRDM10	c4
0.0110828914904596	-0.450543364168703	0.085	0.106	1	ABCD4	c4
0.000259404684200404	-0.450298378526025	0.211	0.246	1	STARD7	c4
0.000583510128061122	0.450297151731777	0.048	0.031	1	TMOD2	c4
0.0671910864281978	-0.450086387672877	0.08	0.093	1	ORAOV1	c4
0.0692813383620588	-0.450081500649826	0.023	0.032	1	FANCD2	c4
0.00303058256391649	-0.450001420983017	0.166	0.193	1	KANSL1	c4
0.0677042125158247	-0.449625814821522	0.014	0.022	1	BIVM	c4
0.0249031567469456	-0.449562162241603	0.114	0.132	1	MCM3AP	c4
0.283545015191223	-0.449478549441288	0.027	0.033	1	TRIM24	c4
0.0133265728229981	-0.449371121492797	0.072	0.091	1	AHCY	c4
0.000819950212766951	-0.449315185354046	0.125	0.157	1	TLE3	c4
0.113249614381872	-0.448995598356801	0.022	0.03	1	RP11-61K9.3	c4
0.000908958640469061	-0.448970748271744	0.176	0.207	1	NUDT1	c4
0.0692887725927556	-0.448951499514941	0.043	0.054	1	NAA40	c4
0.203727310047891	-0.448936101284414	0.057	0.065	1	SIK3	c4
0.0665958999362024	-0.448802415227252	0.082	0.096	1	FBXO18	c4
0.0354181724071822	-0.448729491117768	0.061	0.076	1	PMS2	c4
0.0447106561125649	-0.448574650819653	0.139	0.154	1	PARP12	c4
0.0166208107831238	-0.448554278251117	0.08	0.098	1	ANAPC7	c4
0.644561612975262	-0.448546523047208	0.013	0.014	1	SLC12A4	c4
0.471368097099107	-0.448310848508211	0.031	0.034	1	FAM117B	c4
0.118758357751653	-0.448238869592056	0.022	0.03	1	FBXO30	c4
0.00784537896268528	-0.446928597959154	0.066	0.086	1	CENPM	c4
0.000196102116821367	-0.446867571410873	0.121	0.157	1	PCBD1	c4
0.0870590288863539	-0.446694531081055	0.034	0.044	1	POMZP3	c4
0.098541846065262	0.44661292680293	0.017	0.012	1	TRIM46	c4
0.019299774411561	-0.446608541568626	0.105	0.124	1	KIAA0907	c4
0.22281674209865	-0.446118055033437	0.016	0.021	1	FDX1L	c4
0.142663255554116	-0.445972502790544	0.039	0.047	1	USP32	c4
0.0495312676007023	-0.445955064067614	0.053	0.066	1	SLC12A6	c4
0.0462544245018665	0.445722061109739	0.016	0.01	1	KDF1	c4
0.0723388905615305	0.445365224328274	0.024	0.017	1	AGAP3	c4
4.53715438397095e-05	-0.445235398809609	0.226	0.267	1	HDDC2	c4
0.0506198754140868	-0.444935153417358	0.015	0.023	1	NOD2	c4
0.0176018016067252	-0.444899568312794	0.079	0.098	1	CENPK	c4
0.196038714101367	-0.444848365222043	0.018	0.023	1	LDOC1L	c4
0.243040983132541	-0.444593502906365	0.04	0.047	1	CBX4	c4
0.0148708827868959	-0.444593090532512	0.097	0.117	1	MAN2B2	c4
0.384600417973865	-0.44443438457871	0.022	0.025	1	CSRP2BP	c4
0.0499651256368283	-0.444329204534964	0.032	0.043	1	TLK2	c4
0.0741002596648083	-0.444210375638905	0.03	0.039	1	FECH	c4
0.547707153314281	-0.444121481290208	0.021	0.023	1	ZXDB	c4
0.000118437910539735	0.443975544779468	0.101	0.073	1	RNF24	c4
0.291063667679694	-0.443910259643821	0.701	0.606	1	ALOX5AP	c4
0.354942272915645	-0.443881511097406	0.014	0.017	1	PSEN2	c4
0.0206315070715253	-0.44371085755653	0.169	0.188	1	PPP1R16B	c4
0.105696395943492	0.443585488106297	0.014	0.009	1	HSD11B1L	c4
0.0412631011470765	-0.443470404545754	0.035	0.047	1	SRP14-AS1	c4
0.00489709928659195	-0.443444953776736	0.104	0.129	1	TRIM26	c4
0.0609651657384091	-0.443077502728122	0.036	0.047	1	CEP128	c4
0.303584453486998	-0.442995938925439	0.017	0.021	1	TBC1D32	c4
0.00154919661044731	-0.442905328386651	0.239	0.264	1	GCHFR	c4
0.0685847832491562	-0.442680998540545	0.033	0.043	1	CEP89	c4
0.0126632460111708	-0.44258999114069	0.137	0.159	1	CCDC186	c4
0.0252841984393821	-0.442572682964067	0.635	0.581	1	NR3C1	c4
0.0251166056393456	-0.442570015586511	0.08	0.098	1	ZNF266	c4
0.000774572632100558	-0.442527410319601	0.158	0.191	1	TIA1	c4
0.000649918159481701	-0.442480435377305	0.178	0.212	1	HCFC1R1	c4
0.176902110327301	-0.442089037913021	0.045	0.053	1	MUT	c4
0.044584330388839	-0.442053713221298	0.048	0.061	1	SRGAP2C	c4
0.26202510661697	-0.441809554892922	0.015	0.019	1	RP4-563E14.1	c4
0.165088906406895	-0.441513770182533	0.018	0.024	1	MAFK	c4
0.0207971322380981	-0.441367413453729	0.097	0.115	1	AQR	c4
0.00404291522501594	0.441174463344283	0.07	0.052	1	LYL1	c4
0.00246963924527943	0.441149544816573	0.051	0.036	1	APPL2	c4
0.0034442775928643	0.441027177426319	0.027	0.016	1	ZFYVE9	c4
0.265300452224462	-0.440984527144602	0.015	0.019	1	HIC2	c4
0.0120703519338094	0.440723276516149	0.029	0.019	1	RP11-708J19.1	c4
0.00901357781427347	-0.440261311404911	0.052	0.07	1	ZHX1	c4
0.0148530994130017	-0.44019070211529	0.069	0.088	1	MUL1	c4
0.0525563407042972	-0.440061223246292	0.06	0.074	1	COX15	c4
0.0783190646093454	-0.439964031999076	0.066	0.078	1	PLPP1	c4
0.013533079650875	-0.4398637424766	0.085	0.105	1	PDCL	c4
0.164437959617111	-0.439833754114069	0.028	0.035	1	AP4E1	c4
0.36694858234643	-0.439450620390749	0.02	0.024	1	ZNF789	c4
0.0795174167473543	-0.439301739200539	0.035	0.045	1	IQCG	c4
0.0384038181947184	0.438892553195173	0.012	0.007	1	RP11-386G11.5	c4
0.0234433480070933	-0.438880611307195	0.106	0.124	1	GLMN	c4
0.0679638477725488	-0.438737779387399	0.061	0.074	1	SLC39A9	c4
0.523944248263359	-0.43866356572461	0.012	0.014	1	RP11-214N9.1	c4
0.0849351732537121	-0.43863710431229	0.035	0.045	1	SLC11A2	c4
0.0685221574743278	-0.438455826357369	0.072	0.085	1	C2orf49	c4
0.0727075157450408	-0.438158044890955	0.051	0.063	1	TRIM23	c4
0.322020386345784	0.438132095408513	0.01	0.008	1	RP11-867G23.8	c4
0.0556169668607828	-0.438117234373826	0.069	0.082	1	RAB21	c4
0.106077950374801	-0.438014482155945	0.051	0.061	1	ZNF227	c4
0.0066961052003521	-0.437854112598635	0.103	0.126	1	C3orf38	c4
0.120204781371124	-0.437805364818796	0.046	0.055	1	TMEM206	c4
0.0172479382446983	-0.437682113465825	0.04	0.056	1	RP11-545E17.3	c4
0.025796951863838	-0.437618116594646	0.068	0.085	1	PPIL1	c4
0.195492518125109	0.437522097679362	0.02	0.015	1	ARL4D	c4
0.0186503343965522	0.43748033454136	0.023	0.015	1	RALGPS2	c4
0.0347820725369628	-0.437438618157891	0.033	0.045	1	PXMP4	c4
0.00621607732753102	-0.437369127546426	0.14	0.165	1	UHRF2	c4
0.0397837056550139	-0.437363311519109	0.077	0.092	1	UBE2H	c4
0.0829964582827377	0.43734421921295	0.015	0.01	1	ZNF674	c4
0.228091850959762	-0.437302181294223	0.04	0.047	1	L3HYPDH	c4
0.0522852620347466	-0.437246599570249	0.111	0.126	1	TRMT10B	c4
0.03348639245525	0.437230287160908	0.013	0.008	1	RP11-370I10.12	c4
0.282215357883329	-0.43695602096519	0.019	0.023	1	TRAK1	c4
0.0537805094554872	-0.436844330631178	0.022	0.031	1	SH3BP5L	c4
0.106961394279149	-0.436309385970923	0.048	0.059	1	AGPAT3	c4
0.12502912799719	0.436307263209602	0.012	0.008	1	ZNF470	c4
0.0251782075026032	-0.436170645536871	0.11	0.128	1	ATXN7L1	c4
0.584633379254543	-0.436091086128778	0.015	0.017	1	RP11-313P13.5	c4
0.184911561436608	-0.436083560636714	0.035	0.042	1	TNRC18	c4
0.0180939041102791	-0.436068695857922	0.066	0.084	1	NRAS	c4
0.219052438875379	-0.436049994972809	0.036	0.043	1	SNHG19	c4
0.0581898503738035	-0.435690617157502	0.054	0.066	1	LIN52	c4
0.00200170839978825	-0.435606134986189	0.218	0.244	1	GABPB1-AS1	c4
0.0109987636139948	-0.435494869990063	0.065	0.084	1	MAGED1	c4
0.0207649938641444	0.435026476589999	0.017	0.011	1	C10orf91	c4
0.312661464066235	-0.434674566405484	0.015	0.019	1	GAREM2	c4
0.0157316786184528	-0.434600778532375	0.095	0.115	1	AD000671.6	c4
0.178354957001084	-0.434573780748511	0.038	0.045	1	ZNF846	c4
0.0362726553615832	0.434428615906754	0.028	0.02	1	TRBV29-1	c4
0.0310687593117878	-0.434346183865799	0.048	0.062	1	DLEU2	c4
0.0196321526548469	-0.434331568378078	0.093	0.112	1	AKIP1	c4
3.91127540272314e-05	-0.434327582003368	0.252	0.291	1	SFT2D1	c4
0.069107037768064	0.434313335166072	0.03	0.023	1	PPAN	c4
0.322043899173247	-0.434263685877157	0.04	0.045	1	RP11-486I11.2	c4
0.0911448064219635	-0.434154887264851	0.046	0.056	1	BAP1	c4
0.0588971195668141	-0.434141102017788	0.079	0.093	1	PIGG	c4
0.0340662570082816	-0.434140149888072	0.042	0.055	1	DDX19B	c4
0.046470288131127	-0.434138541686118	0.108	0.124	1	KPNA1	c4
0.000565869513384389	-0.434109777039324	0.201	0.234	1	NUTM2B-AS1	c4
0.0459572872211488	-0.43380580476823	0.082	0.098	1	MAPK13	c4
0.0448768283897703	0.433681153692568	0.021	0.014	1	APOM	c4
0.0563281890290926	-0.433478398292141	0.054	0.067	1	PARG	c4
0.0378506898058009	-0.433447748725737	0.04	0.052	1	GEMIN2	c4
0.0125679624486429	-0.433325275068016	0.111	0.132	1	SRFBP1	c4
0.000173980293992601	-0.43292792409657	0.197	0.235	1	ABTB1	c4
0.201578225210501	-0.432925616978307	0.035	0.042	1	RUNDC1	c4
0.0306332736895981	-0.432852442208647	0.061	0.076	1	UNK	c4
0.51427020080854	-0.432608743793258	0.015	0.017	1	CTD-2017D11.1	c4
0.0883373466832125	-0.432526083437597	0.061	0.072	1	PRR7	c4
0.0503455502498161	-0.43252011213548	0.084	0.099	1	DDX19A	c4
0.0443981826385919	-0.432196664046738	0.082	0.097	1	IRF9	c4
0.000105471141770063	0.432154994768338	0.11	0.081	1	FH	c4
0.888775905388517	-0.43210409359325	0.011	0.01	1	RGMB	c4
0.0179953768290642	-0.432033445800539	0.062	0.08	1	HLTF	c4
0.00118008792465734	-0.431861575294858	0.198	0.231	1	PLEKHF1	c4
0.367930332224805	-0.431844916822273	0.024	0.028	1	MTMR10	c4
0.0812038386314042	-0.431802949166014	0.049	0.06	1	GPR107	c4
0.0391791554528479	-0.431730749004549	0.056	0.07	1	SMUG1	c4
0.0690507267600431	-0.431626508522934	0.155	0.169	1	ZFYVE28	c4
0.000355479192471245	-0.431522979775485	0.2	0.235	1	MAZ	c4
0.244501606724807	-0.43117729881165	0.035	0.042	1	ITGAV	c4
0.144049858285629	-0.431051063725669	0.051	0.06	1	ZNF568	c4
0.0598252525959734	-0.430986178238462	0.04	0.051	1	ZNF333	c4
0.0069317415598775	-0.430981080773173	0.072	0.094	1	ATP5SL	c4
0.00664640670412332	-0.430955287952804	0.157	0.182	1	TRAFD1	c4
0.0103592985718178	-0.430936701265852	0.114	0.136	1	SEC24C	c4
0.555855856329552	-0.430793010966781	0.009	0.01	1	RP1-198K11.5	c4
0.198681096208716	-0.430610462405137	0.014	0.019	1	DRAM1	c4
0.00445588259095805	-0.430600094517346	0.117	0.143	1	DPH3	c4
0.00144986562402972	-0.430174492525624	0.217	0.245	1	ZFAND3	c4
0.531077867324835	-0.430089212740894	0.016	0.018	1	CACNA1C-AS1	c4
0.271189671219627	-0.430045847779605	0.068	0.075	1	DGKD	c4
0.0415189936301609	-0.430030410945211	0.07	0.085	1	ST3GAL5	c4
0.134974247392386	-0.429969989923127	0.049	0.059	1	LRRC8B	c4
0.304756153597003	-0.429931356282848	0.025	0.029	1	AC062017.1	c4
0.21851629365135	0.429681157287808	0.014	0.01	1	RAB19	c4
0.00207195755790748	-0.429599045037045	0.181	0.21	1	AGTRAP	c4
7.29357464727418e-05	-0.429415261112816	0.161	0.203	1	NDUFA8	c4
0.0170296765257954	0.429395544541041	0.026	0.017	1	NPIPB4	c4
0.649299602836397	-0.429221510195978	0.025	0.026	1	ABCC4	c4
0.00876025220330577	-0.429203688459133	0.089	0.111	1	SUSD6	c4
0.168684785354147	0.429164998489	0.012	0.008	1	SLC9A3R2	c4
0.00559670892422343	-0.428990203929577	0.08	0.104	1	KPNA2	c4
0.231341897101464	-0.428395663450885	0.01	0.014	1	NUDT6	c4
0.143512135320866	-0.428336243191886	0.04	0.048	1	RP11-115C21.2	c4
0.136703910432755	-0.428193341739632	0.046	0.055	1	RNF135	c4
0.657894100211496	-0.428074850190545	0.009	0.011	1	RP11-296O14.3	c4
0.133531104496253	-0.428036211876946	0.035	0.043	1	RP11-418J17.1	c4
0.050347474460729	-0.428033549009391	0.072	0.087	1	NIFK-AS1	c4
0.000210618864960597	-0.427871863255164	0.223	0.259	1	CD2BP2	c4
0.00602603489857463	0.427778624006456	0.041	0.028	1	FAM65A	c4
0.00323527656246077	0.427775705405366	0.077	0.058	1	INF2	c4
0.148336202841201	-0.427525418266541	0.025	0.032	1	PRMT6	c4
0.0854128269527326	-0.427409598714999	0.046	0.056	1	TET2	c4
0.419420979316764	-0.427255311703826	0.02	0.023	1	RP11-849H4.2	c4
0.0719137516490549	-0.42678047161892	0.062	0.075	1	RBM43	c4
0.10060973199422	-0.426521240597001	0.059	0.07	1	SRBD1	c4
0.327279249688907	-0.426495787980091	0.036	0.041	1	TTLL1	c4
0.0566472335322741	-0.426263039733442	0.059	0.072	1	THUMPD2	c4
0.011865783261384	-0.42624486220395	0.124	0.146	1	AGK	c4
0.196634513485916	-0.426214498301825	0.016	0.021	1	RP11-635N19.1	c4
0.0100306964278274	-0.426082974053032	0.115	0.138	1	HTRA2	c4
0.517049697669116	-0.425985434733302	0.012	0.014	1	C3orf62	c4
0.125292305399577	-0.425950299063437	0.068	0.078	1	PAXIP1-AS1	c4
0.0289047579441371	-0.425742281327042	0.082	0.099	1	TOPBP1	c4
0.0385758464881869	0.425484304619579	0.035	0.026	1	TULP3	c4
0.103164157138656	-0.425307668279697	0.025	0.033	1	CDKL1	c4
0.300471542349409	-0.425241636562364	0.046	0.051	1	ZNF26	c4
0.118115179510785	-0.425123755868727	0.049	0.059	1	PIGQ	c4
0.290184129655996	-0.425028707598838	0.009	0.012	1	C17orf100	c4
0.0862477732473587	0.424761223176544	0.015	0.01	1	GNG7	c4
0.0290491924850222	-0.424650871557134	0.08	0.097	1	VPS16	c4
0.0779420731921815	-0.424526534166486	0.056	0.067	1	PDDC1	c4
0.0311379880890277	-0.424152216477539	0.047	0.061	1	ACOT7	c4
0.06503907458319	-0.424137957951204	0.033	0.044	1	DNAJC18	c4
0.107934782116339	-0.424061595227266	0.04	0.049	1	TRIM32	c4
0.000629103009665545	-0.423793219085745	0.427	0.432	1	LINC00861	c4
0.0213836007339932	0.423762567383272	0.019	0.012	1	POC1B-GALNT4	c4
0.0262296814802806	0.423753983077792	0.027	0.019	1	RWDD2A	c4
0.00217074690033678	-0.423709029695634	0.181	0.21	1	ATP1B3	c4
0.648293307036889	-0.423465306772114	0.02	0.022	1	LINC00921	c4
0.024234241626748	0.423318338323197	0.032	0.022	1	TTLL3	c4
0.0272570959175881	-0.423122374635283	0.051	0.066	1	UHRF1BP1L	c4
0.00643678152125803	0.4225488183201	0.027	0.017	1	ZNF487	c4
0.0167244870453059	-0.422505075945119	0.073	0.092	1	ZC3H14	c4
3.34549033900513e-05	0.422415184801089	0.095	0.066	1	SYNE3	c4
0.0437831243997946	-0.421715119522287	0.089	0.105	1	ARHGAP27	c4
0.421012308983686	-0.421662700546737	0.015	0.018	1	C1QTNF6	c4
0.120024761456902	-0.421638869138196	0.068	0.079	1	TMEM41B	c4
0.408844761144622	-0.421496572635895	0.018	0.021	1	RP11-950C14.7	c4
0.000120023760491526	-0.421145465513174	0.15	0.19	1	TIMMDC1	c4
0.0236972414294077	-0.420740557560639	0.071	0.088	1	TRAPPC10	c4
0.101057094522567	-0.42072238750877	0.046	0.056	1	ATPAF2	c4
0.0672996671034557	-0.420543002273752	0.067	0.08	1	ARNT	c4
0.0959942782142894	-0.420533857091676	0.079	0.091	1	MIATNB	c4
0.0133559123746538	-0.42008128024927	0.088	0.109	1	NUDT3	c4
0.218562078982028	-0.419931255573074	0.047	0.054	1	ZNF623	c4
0.260845278514141	-0.419808978639384	0.042	0.048	1	APOLD1	c4
0.0268818812886893	0.419716276507207	0.032	0.023	1	GS1-124K5.3	c4
0.056020579679076	0.419691266170338	0.017	0.012	1	FBXL22	c4
0.273300429169394	-0.419682132406057	0.021	0.026	1	ZFAT	c4
0.260270400527404	-0.419654115689529	0.013	0.017	1	RBAK	c4
0.0780193556584709	-0.419469421594147	0.074	0.087	1	TRMT2B	c4
0.0297618422749924	0.419419940518984	0.036	0.026	1	MLLT11	c4
0.170005741336712	0.419355717463863	0.015	0.011	1	NEK11	c4
0.0762283488153445	-0.419190268539501	0.042	0.053	1	NTHL1	c4
0.00331623320306134	-0.418937162448376	0.13	0.158	1	ALKBH6	c4
0.000110518792462113	0.418922687436541	0.199	0.158	1	ANKRD37	c4
0.0535285220023856	-0.418743256178197	0.118	0.133	1	PPP2R2B	c4
0.150128989761247	-0.418652114288204	0.055	0.064	1	SLC38A5	c4
0.0202540467980236	-0.418555169983901	0.067	0.085	1	TIGAR	c4
0.111917539227641	-0.418525609341616	0.08	0.092	1	GMDS-AS1	c4
0.0527546196738005	-0.418377661550448	0.061	0.075	1	CEP170	c4
0.242119628504191	-0.418353593737542	0.027	0.033	1	CCZ1	c4
0.0172457117562954	-0.418311325861897	0.045	0.061	1	PRR5	c4
0.0553285561595369	-0.418288173836265	0.051	0.064	1	DNAJC14	c4
0.055108257794455	-0.41817424305411	0.061	0.074	1	HECTD3	c4
0.0380100069446178	-0.418143208298707	0.101	0.117	1	PAPSS1	c4
0.000146760058652462	0.418120527548418	0.145	0.112	1	PLEKHO1	c4
0.384563052254631	-0.417932262651482	0.018	0.021	1	MLF1	c4
0.06421259834031	-0.417584690069571	0.045	0.056	1	C12orf4	c4
0.00830902730983456	-0.417341456647528	0.167	0.19	1	ABHD17A	c4
0.186264121075846	0.417273455217821	0.012	0.008	1	ABLIM2	c4
0.0415182710933477	-0.417104090016809	0.062	0.077	1	SFXN4	c4
0.201854640614596	-0.417102110558846	0.03	0.036	1	SETD1A	c4
0.0158867629507401	-0.417050374239096	0.125	0.146	1	RBM38	c4
0.43114064743228	-0.416952495593518	0.025	0.028	1	PLEKHM2	c4
0.550777793982372	-0.41674579850826	0.033	0.036	1	GK5	c4
0.0979399726848598	-0.416635340063793	0.03	0.038	1	NUBPL	c4
0.0210413321942049	0.416364097767361	0.043	0.032	1	LIPE	c4
0.0080762575628515	-0.416342749089489	0.166	0.19	1	SMC5	c4
0.00112259289949015	0.416254059578487	0.064	0.045	1	TMEM184B	c4
0.00721654135852334	-0.416121809271197	0.068	0.089	1	BCKDK	c4
9.07793806723289e-05	0.416105850457992	0.081	0.056	1	SGK3	c4
0.00154774007073847	-0.416072832297366	0.146	0.176	1	CUL5	c4
0.162786632747823	0.415944227656189	0.016	0.012	1	IFT140	c4
0.0200010369724689	-0.415239762978567	0.077	0.096	1	CEP290	c4
6.13997163705343e-05	-0.415152951728557	0.325	0.359	1	CNIH1	c4
3.40765024521543e-05	-0.415118211695211	0.189	0.235	1	MRPS12	c4
0.0300452998691323	-0.414886357465749	0.074	0.09	1	NARFL	c4
0.129172266697218	-0.414803286848076	0.084	0.095	1	GPR18	c4
0.0102497388020481	-0.414650993451804	0.107	0.129	1	DICER1	c4
0.00838755969853339	-0.414646189527569	0.118	0.142	1	MUS81	c4
0.00851089358327643	-0.414607792067934	0.089	0.111	1	UBA6	c4
0.401822607779034	-0.41458741821771	0.011	0.013	1	RP11-146F11.1	c4
0.0197030640351327	-0.4145379598312	0.107	0.127	1	BCAP29	c4
0.125468787107006	-0.414532973168361	0.054	0.064	1	ALKBH4	c4
0.357454051539585	-0.414448849515658	0.03	0.034	1	TPRG1L	c4
0.252506382872878	-0.414421988685175	0.026	0.031	1	ZNF559	c4
0.00439241137660507	-0.414239326226698	0.131	0.157	1	IBTK	c4
0.0130389654980768	0.413882116243395	0.025	0.016	1	FRAT1	c4
0.130781460727383	-0.413685197467982	0.018	0.025	1	PLEKHO2	c4
0.443170581608106	-0.413546544820997	0.02	0.023	1	SAV1	c4
0.282401193150067	-0.413536659282886	0.009	0.012	1	RP5-864K19.4	c4
0.132950050901214	-0.41345723021512	0.064	0.074	1	UBE3C	c4
0.159005673821108	-0.413401635657948	0.017	0.022	1	ZNF584	c4
0.0167505899899647	-0.413009080094843	0.068	0.086	1	GCA	c4
0.000444947872197509	-0.412953317939835	0.236	0.269	1	MRPS36	c4
0.0863842129324949	-0.412772823551327	0.043	0.054	1	ZNF691	c4
0.00285754529022585	-0.412648125505673	0.09	0.117	1	NIT1	c4
0.0265691781923965	-0.412250765174686	0.358	0.354	1	C12orf75	c4
0.177607966346885	-0.412238080296021	0.008	0.012	1	CDK2AP1	c4
0.10880907169817	-0.412160230552204	0.048	0.059	1	SOCS4	c4
0.908891700923172	-0.411798860875145	0.25	0.237	1	MX2	c4
0.0187272725481973	-0.411749180315335	0.131	0.151	1	UMAD1	c4
0.0465009497428478	-0.411742704787607	0.107	0.123	1	TRAK2	c4
0.0894753894201453	-0.41169257240589	0.04	0.05	1	ASB7	c4
0.00758025799654898	-0.411647178252826	0.083	0.105	1	YIPF1	c4
0.0222823095670221	-0.411624331192921	0.081	0.099	1	SKAP2	c4
0.00377357692280609	-0.411606149345008	0.29	0.311	1	TRAF1	c4
0.0248276844702926	-0.411362417720295	0.082	0.1	1	PIGB	c4
0.378133329649942	-0.411353626355483	0.028	0.032	1	STXBP5	c4
0.0055091830939887	-0.411212567365714	0.12	0.145	1	TBC1D20	c4
0.0296008991551858	-0.411184940635099	0.082	0.099	1	RASA1	c4
0.00484879646818101	-0.411085708772871	0.174	0.2	1	SUPT3H	c4
0.147383418240042	-0.411036082770182	0.04	0.048	1	FTX	c4
0.00192383547995011	-0.410962844005156	0.11	0.139	1	TFDP1	c4
0.0852880731348278	-0.41092547844022	0.042	0.052	1	NEK4	c4
0.0188797542664098	-0.410905638634409	0.106	0.127	1	R3HDM1	c4
0.197659149429796	0.410826890015822	0.014	0.01	1	ROM1	c4
0.0148504940521121	-0.410796919351062	0.116	0.137	1	ZBTB7A	c4
0.141922128357447	-0.410762789743371	0.051	0.06	1	NPRL3	c4
0.0604846432393857	-0.410726037030274	0.066	0.079	1	ATG7	c4
0.0231044820040196	0.410524439426973	0.037	0.027	1	PIK3C2B	c4
0.0747603490541603	-0.410522143086913	0.039	0.05	1	CCDC102A	c4
0.0776961684551083	-0.410494035832958	0.043	0.053	1	TMEM19	c4
0.548073396975642	-0.410342450849416	0.009	0.01	1	AC005037.3	c4
0.0032325651761539	-0.410293081177628	0.166	0.195	1	ASXL1	c4
0.0581665738244686	-0.410259583736245	0.075	0.089	1	RNF38	c4
0.0177359394690778	-0.40997661872238	0.207	0.226	1	ITGB2-AS1	c4
0.0187021732193172	-0.409975169962972	0.072	0.091	1	BCL2L12	c4
0.00442773532741819	0.409609198601681	0.036	0.024	1	ZNF626	c4
0.0273733341163651	-0.409537561058682	0.102	0.12	1	CRELD1	c4
0.00224550050956876	-0.409529230533822	0.188	0.217	1	NELFCD	c4
0.538946156684769	-0.40937492811906	0.011	0.013	1	LINC00630	c4
0.0106383419156239	-0.40908952425922	0.094	0.116	1	PRPS2	c4
0.0918026485676149	-0.408940234144657	0.082	0.094	1	UBASH3B	c4
0.184060633811011	-0.408926100317592	0.017	0.023	1	ZSCAN21	c4
0.0132994293413412	-0.408841512090773	0.089	0.11	1	SLC25A12	c4
0.119173265799393	-0.408807280074717	0.03	0.039	1	MOB1B	c4
0.0642477155416523	-0.408778656984376	0.046	0.057	1	RMND1	c4
0.436790099333091	-0.408695689785995	0.009	0.011	1	ZNF813	c4
0.609639358618743	-0.408634868829844	0.022	0.024	1	KIFC2	c4
0.308193536840925	-0.408498793604448	0.012	0.015	1	L3MBTL1	c4
0.150959007785091	0.408297228483226	0.025	0.019	1	ZNF296	c4
0.000154723087661324	-0.408130295390179	0.182	0.222	1	LSM1	c4
0.317167635532855	-0.408101531477022	0.02	0.024	1	ZNF496	c4
0.0494176192857477	-0.408088916565376	0.056	0.07	1	GPR89A	c4
0.00266023402893582	-0.408075897745211	0.159	0.189	1	SREK1	c4
0.021788708021622	-0.407923801704984	0.153	0.172	1	NUP107	c4
0.0695151116591609	-0.407774258303797	0.058	0.07	1	VIPAS39	c4
0.119379057799684	-0.407551647334185	0.036	0.045	1	IFT80	c4
0.0395019677539041	-0.407331749644417	0.08	0.096	1	RPUSD1	c4
0.186747773787588	0.40723551114012	0.041	0.035	1	AC022182.3	c4
0.00422165076804293	-0.407215450765863	0.147	0.174	1	U2AF1L4	c4
0.856881070327088	-0.407059805331331	0.022	0.022	1	SLC19A2	c4
0.214762309502559	-0.406949478711508	0.074	0.082	1	TMEM260	c4
0.00383213914455061	-0.406802160274444	0.27	0.29	1	TLK1	c4
0.000146913005654465	0.406687634007398	0.08	0.055	1	SYNJ2	c4
0.513339480203853	-0.406571300062707	0.029	0.032	1	ATP10A	c4
0.0136169020175839	-0.406507880143228	0.08	0.1	1	EDRF1	c4
0.72737836465005	-0.406492661192109	0.014	0.015	1	ZFPM1	c4
0.0919046988263763	-0.406327757494434	0.061	0.072	1	ZNF561	c4
0.00150295492388554	-0.406197272139437	0.163	0.193	1	DCAF11	c4
0.0310091293910725	-0.405647543346421	0.162	0.179	1	MAN2A1	c4
0.00509425505737005	0.405410412025174	0.074	0.056	1	NRM	c4
0.2007104530487	-0.405269334780262	0.028	0.035	1	FGGY	c4
0.118330213503014	-0.40523947194565	0.012	0.018	1	AKR1C3	c4
0.0863243146954397	-0.405006572203887	0.085	0.098	1	MOGS	c4
0.0486296188522882	-0.404812553766761	0.062	0.076	1	SLC39A4	c4
0.0632745344929546	0.404599753948092	0.024	0.017	1	TLR1	c4
0.0664969935996823	-0.404505305311729	0.032	0.042	1	GM2A	c4
0.117530442215172	0.40446898732603	0.024	0.018	1	ATP11A	c4
0.0888142641698232	-0.404441231649853	0.049	0.06	1	ADNP	c4
0.18601858126269	-0.404294675409565	0.035	0.042	1	FLNB	c4
0.187041254140649	-0.404262813076937	0.024	0.03	1	ZNF275	c4
0.000212828979640829	-0.404206267017725	0.373	0.393	1	C5orf56	c4
0.193722151796071	0.404089636891722	0.017	0.013	1	MZF1-AS1	c4
0.00758987317983345	-0.404043211309276	0.132	0.156	1	NOC2L	c4
0.0407387956696048	-0.403929507378272	0.04	0.052	1	HIST1H2BK	c4
0.265263816351306	-0.403613622813292	0.033	0.038	1	ERMARD	c4
0.0738692572709906	-0.403591550274763	0.082	0.096	1	LINC01089	c4
0.140829556670332	-0.403528124470629	0.022	0.029	1	THAP8	c4
0.243759687064405	-0.403488725379373	0.012	0.016	1	DENND5A	c4
0.0827876803752007	-0.403448932969219	0.065	0.077	1	ASH2L	c4
0.0475029818970815	-0.40336940336403	0.104	0.121	1	RMDN1	c4
0.0611367650164233	-0.403342439876103	0.086	0.101	1	MTOR	c4
0.0882221964346434	-0.403029150414154	0.099	0.112	1	ZNF708	c4
0.000954138212104829	-0.402987417499949	0.211	0.243	1	ECHDC1	c4
0.130151416065437	-0.402877277514125	0.065	0.076	1	MAP3K14	c4
0.0261409965000137	-0.40278431104159	0.101	0.12	1	CDKN2AIPNL	c4
0.055168288711868	-0.402779662976668	0.142	0.157	1	LINC00969	c4
0.00119818070322974	-0.402670797714833	0.263	0.29	1	TMPO	c4
0.0912503680818425	-0.402442685586123	0.059	0.071	1	TPT1-AS1	c4
0.0158041571995614	-0.402371717914853	0.236	0.253	1	RASSF1	c4
0.0733974841807403	0.4021137184985	0.011	0.007	1	LINC01024	c4
0.000133295173429487	0.402074423662204	0.135	0.102	1	TSC22D2	c4
0.0111849839715822	-0.401969057673627	0.1	0.122	1	POP7	c4
0.0132230135785375	-0.401927984750739	0.102	0.123	1	GDE1	c4
0.290742814756503	-0.401823216085131	0.015	0.019	1	SAP30L	c4
0.0238385628620067	-0.401817733665586	0.056	0.072	1	SPAG16	c4
0.358506502364358	-0.401758505818226	0.029	0.033	1	BMPR1A	c4
0.00188525363953223	-0.401577318195261	0.28	0.305	1	TNIK	c4
0.000830097716941929	-0.401274459244858	0.148	0.182	1	PRKAG1	c4
0.230887035234491	-0.401223742707955	0.025	0.03	1	SPOPL	c4
0.0124354388318784	-0.401135066582959	0.082	0.102	1	LLNLR-245B6.1	c4
0.124186694360507	-0.401127595890722	0.038	0.046	1	SLC35D2	c4
0.0028347046212118	0.400890451625866	0.043	0.029	1	ABCC5	c4
0.0160422950044907	-0.400805120601673	0.153	0.173	1	DNAJB2	c4
0.693029043996526	-0.400559962338728	0.106	0.101	1	TRGV3	c4
0.605537317407948	-0.400512372121591	0.03	0.032	1	CNNM2	c4
0.0372667013890641	-0.400308168808787	0.059	0.073	1	WDR83	c4
0.0163481031532079	-0.400296353980225	0.137	0.159	1	LAX1	c4
0.00046863312463553	-0.400156545286898	0.218	0.254	1	TIMM8B	c4
0.0376867930562111	-0.400022328291764	0.094	0.11	1	TCHP	c4
0.00993807566800861	-0.399908003801433	0.122	0.146	1	ARHGAP18	c4
0.0285258366643916	-0.399885392413602	0.112	0.13	1	POLM	c4
0.0373119066988565	-0.399638152477532	0.076	0.092	1	UBALD1	c4
0.0283491193156872	-0.399534862563455	0.092	0.11	1	SUGP2	c4
0.000827368932302309	-0.399367678191178	0.209	0.241	1	ZNF22	c4
0.676431077996427	-0.399285262384616	0.022	0.023	1	JRK	c4
0.047362530095493	-0.399285149936176	0.068	0.083	1	CSTF3	c4
0.0230284963484927	-0.399160348543815	0.064	0.08	1	BCAS3	c4
0.0407289746608796	0.399103409764565	0.02	0.013	1	RP11-730K11.1	c4
0.0045655754441348	-0.399012640889355	0.14	0.166	1	ZFYVE27	c4
0.00113832378261834	-0.398744991962784	0.155	0.187	1	ZGPAT	c4
0.190667810618136	-0.3984220590503	0.058	0.066	1	TRAPPC11	c4
0.107120033487888	-0.398362374797935	0.073	0.085	1	BACH1	c4
0.0434032755720857	-0.398023909256755	0.103	0.12	1	OPA1	c4
0.0645845271837391	0.397997219564195	0.014	0.009	1	LMLN	c4
0.0683968697857881	-0.397779300656555	0.074	0.087	1	AMMECR1	c4
0.000620957880781771	-0.397653383950643	0.169	0.203	1	FAM192A	c4
0.0988829694437169	-0.397460964069956	0.101	0.114	1	EIF4EBP2	c4
0.0653730995880439	-0.397437566061758	0.066	0.079	1	CSNK1E	c4
0.000391161143180988	-0.397423975754859	0.27	0.304	1	NLRC5	c4
0.000137390440060573	-0.397376234709609	0.236	0.275	1	TMEM134	c4
0.203033742966184	-0.397211793264618	0.022	0.027	1	ATAD5	c4
0.0800199306249472	-0.396917444094013	0.06	0.072	1	ACADS	c4
0.00597218179176561	-0.39686743210107	0.122	0.148	1	GGCT	c4
0.000775083643892568	-0.396827128955808	0.239	0.271	1	SRPK2	c4
0.25050672555043	-0.396779295757035	0.054	0.06	1	ZER1	c4
0.629689675717523	-0.396732555354557	0.02	0.021	1	URB1-AS1	c4
0.0171611260661292	-0.396586711300153	0.119	0.139	1	RIC1	c4
0.0909864245553959	0.396482087564152	0.012	0.008	1	UBR5-AS1	c4
0.119375902972878	-0.396476611799151	0.104	0.116	1	LRRC8D	c4
0.500046426950978	-0.396034325547231	0.01	0.012	1	XRCC3	c4
0.00342806214209882	0.395993129580506	0.032	0.02	1	KRTCAP3	c4
0.0467148265884553	-0.395964110485016	0.062	0.076	1	DAPK3	c4
0.0273334525618257	-0.395911624733141	0.093	0.111	1	ATE1	c4
0.0106819368145342	-0.395675622260608	0.244	0.265	1	NT5C3A	c4
0.427892017566717	-0.395559397077363	0.024	0.027	1	AACS	c4
0.0458094267974408	-0.39553027475874	0.028	0.039	1	DHTKD1	c4
0.1169129591381	-0.395382270933732	0.035	0.043	1	CDC34	c4
0.000225586204107456	-0.395336299095489	0.207	0.244	1	RCN2	c4
0.243164237519092	-0.395333777699963	0.234	0.235	1	AP000769.1	c4
0.00327286832182952	-0.395203267524595	0.136	0.163	1	ATG4B	c4
0.00742464536374231	-0.395114272156687	0.286	0.302	1	ATF7IP	c4
0.773173272859168	-0.395026839056415	0.013	0.014	1	C19orf73	c4
0.110819654065925	0.394911724562132	0.028	0.022	1	KLF11	c4
0.18143617506707	-0.394897937500036	0.022	0.028	1	LRRCC1	c4
0.0254186521750829	-0.394849466578761	0.059	0.075	1	KIF3B	c4
0.0712995228963051	0.394822395881115	0.016	0.011	1	ACSM3	c4
0.07218269887627	-0.394797061327076	0.04	0.051	1	NRROS	c4
0.0451695263830918	-0.394701586430562	0.103	0.119	1	CENPT	c4
0.000344892139996751	-0.394641208420318	0.189	0.226	1	UBL7	c4
0.209606057668923	-0.394595040003134	0.045	0.052	1	LINC01588	c4
0.0604425663959779	-0.394490885363969	0.071	0.085	1	SCAMP4	c4
0.510479881466509	0.394150141464146	0.017	0.015	1	DDTL	c4
0.254979444468369	-0.393992992221686	0.032	0.038	1	ALDH5A1	c4
0.0294632987709858	-0.393933641788589	0.091	0.109	1	DHX38	c4
0.519183565725881	-0.393911375370786	0.015	0.017	1	PRPF40B	c4
0.0391328454208436	-0.39346950588664	0.034	0.046	1	TUBG1	c4
0.000515155409133254	-0.393361203312686	0.278	0.308	1	GRAMD1A	c4
0.677884256614776	-0.393271906506444	0.009	0.01	1	FIZ1	c4
0.0602138315450225	-0.39319326193811	0.058	0.071	1	STK39	c4
0.0841650691497291	-0.393109470318916	0.128	0.141	1	KPNA6	c4
0.00851816505744936	-0.392979302676187	0.125	0.149	1	DESI1	c4
0.000899308754899273	0.392897165401087	0.043	0.028	1	GNAO1	c4
0.239949470659941	-0.392884494577552	0.024	0.029	1	PIGA	c4
0.0466149528919379	-0.392871960074008	0.101	0.118	1	FAM217B	c4
0.299656043822778	-0.392721696240432	0.035	0.041	1	NPHP3	c4
0.00868097794373269	-0.392637656804387	0.139	0.163	1	MON2	c4
0.0131512187159567	-0.3925871295498	0.138	0.16	1	FBXW11	c4
0.184772330422531	-0.39247192159903	0.027	0.033	1	DNLZ	c4
0.0630064854243587	-0.392381723402626	0.077	0.092	1	SCLT1	c4
0.091153134086712	0.392357882073449	0.019	0.013	1	RP11-326K13.4	c4
0.159522374664206	0.392222691417823	0.028	0.022	1	CEACAM1	c4
0.012090405849451	-0.392114590204134	0.177	0.199	1	ANKRD49	c4
0.0253680436817939	-0.392062315470612	0.08	0.097	1	AARS	c4
0.0351658483262892	-0.391980025153145	0.169	0.187	1	PELI1	c4
0.176178621958569	-0.39181267060979	0.025	0.031	1	PMF1	c4
0.0770430415386262	-0.391758274163694	0.101	0.115	1	POLG	c4
0.205949584094837	0.391565964554045	0.026	0.021	1	SH3PXD2A	c4
0.0919844423725631	0.391549564433915	0.016	0.011	1	RP11-700H6.1	c4
0.00228236776085154	-0.391546146551245	0.202	0.23	1	B4GALT3	c4
0.599013266548251	-0.391376814868393	0.019	0.021	1	C2orf44	c4
0.00100967500980445	-0.391164893477342	0.108	0.14	1	ZMAT5	c4
0.316831907500947	-0.391000582780791	0.035	0.041	1	SDCCAG3	c4
0.0414759723021402	-0.390983075090273	0.095	0.111	1	SLC35B2	c4
0.0050514957431003	-0.390877441962099	0.31	0.326	1	MGEA5	c4
0.000587669892505761	0.390477320482233	0.072	0.051	1	B3GNTL1	c4
0.064057074410339	0.390463105225029	0.014	0.009	1	ABCA1	c4
0.00283776974218016	-0.390363879014999	0.17	0.198	1	USP34	c4
0.0367332873539946	-0.390136932549033	0.072	0.088	1	DOHH	c4
0.0492771937700352	-0.390115715765402	0.093	0.108	1	EFTUD2	c4
0.000344024824845185	0.390015803501242	0.102	0.076	1	KLF10	c4
0.0963235128364793	-0.38992896545808	0.012	0.018	1	RP11-337C18.8	c4
0.0740422245309916	-0.38975206077807	0.048	0.059	1	OTUD6B	c4
0.044501105699981	-0.389590912952878	0.108	0.126	1	PNPLA8	c4
0.211038717500232	-0.389524854317764	0.053	0.06	1	MTMR4	c4
0.576882498696522	-0.389484946008103	0.025	0.027	1	MBLAC2	c4
0.479333980076747	0.389192342319172	0.012	0.01	1	FAM161A	c4
0.00563565874608303	-0.389132495536082	0.155	0.182	1	IL10RB	c4
0.730061416107711	-0.388949218432219	0.017	0.019	1	DMGDH	c4
0.0719647153905699	-0.388849151990782	0.038	0.048	1	GPR180	c4
0.263188604272263	-0.388695911713907	0.019	0.023	1	ADAT3	c4
0.00848807466263743	-0.388658232428806	0.128	0.152	1	TPP2	c4
0.0168599672301478	-0.388618145025881	0.088	0.109	1	RDX	c4
0.00808277934735834	-0.388441725294224	0.098	0.121	1	ASMTL	c4
0.255785484624786	-0.388171807581818	0.044	0.051	1	INPP5B	c4
0.00497244591273092	-0.387808714814506	0.134	0.162	1	TMUB2	c4
0.00300362471743491	0.387643042944034	0.05	0.035	1	TNFRSF10D	c4
0.0967461866439532	-0.387265483284005	0.035	0.044	1	MPV17L2	c4
0.0889642568490719	-0.387178368866627	0.064	0.076	1	KHSRP	c4
0.384453067677437	-0.38700710471992	0.01	0.013	1	IRGQ	c4
0.375151553235415	-0.386968939024743	0.022	0.025	1	MBTD1	c4
0.000532741130597624	0.386942841612417	0.056	0.038	1	MPP7	c4
0.0539946353271797	-0.386876474604667	0.035	0.046	1	FIG4	c4
0.178855980852261	-0.386466583167176	0.032	0.039	1	KATNAL1	c4
0.368820179806347	-0.386179151329903	0.017	0.021	1	ZNF257	c4
0.215211343891472	-0.386040785251139	0.037	0.044	1	C9orf172	c4
0.104170395608633	-0.386039603918143	0.059	0.07	1	PROSER1	c4
0.650069719026073	-0.385954897191951	0.012	0.014	1	EME2	c4
0.181484277472291	-0.385780161354733	0.056	0.064	1	ZFP62	c4
0.0428717009932095	-0.385713361427988	0.057	0.071	1	DUSP10	c4
0.0882861551135985	-0.38557437808501	0.02	0.028	1	CTB-58E17.1	c4
0.473143768581826	-0.385537249123152	0.01	0.012	1	SOCS7	c4
0.150698753316157	-0.385414230774737	0.068	0.078	1	OGFOD2	c4
0.0421120281070676	-0.385254964263986	0.071	0.086	1	AIFM1	c4
0.0200712581143911	-0.38522297703141	0.114	0.134	1	MAP2K7	c4
0.00412775603939846	-0.385145122333021	0.193	0.22	1	SREK1IP1	c4
0.000465352501410197	0.385114769050778	0.06	0.04	1	PSTPIP2	c4
0.49464281397483	-0.384957235912874	0.041	0.045	1	PBX2	c4
0.436335335161724	-0.384919406712762	0.012	0.014	1	TRBV7-7	c4
0.0795274480407182	-0.384901509302362	0.057	0.069	1	KCNK6	c4
0.0102530864114986	0.384845693059739	0.056	0.042	1	TBC1D22B	c4
0.0014804834291422	-0.384778717505952	0.271	0.296	1	GYG1	c4
0.244219098119741	-0.384613603359465	0.032	0.038	1	DHX35	c4
0.0862332702619034	-0.384588997107103	0.065	0.077	1	SCRN3	c4
0.0308304810176817	-0.384546044003298	0.128	0.147	1	MRPS27	c4
0.148837659920131	-0.384529644878144	0.017	0.023	1	ABHD14A	c4
0.0152839834811591	0.384490438156637	0.021	0.013	1	JMJD7-PLA2G4B	c4
0.404143723282174	-0.384486573532465	0.016	0.019	1	RAB3D	c4
0.0283546896079489	-0.38441089275698	0.127	0.146	1	ITCH	c4
0.0627043488684644	-0.38411038061337	0.009	0.016	1	ARSB	c4
0.0181041760097079	-0.383760379917075	0.124	0.144	1	PHKG2	c4
0.000850778133349513	0.383667932064747	0.081	0.059	1	LST1	c4
0.134993287721161	-0.383623137490997	0.058	0.068	1	CRADD	c4
0.471703431822439	-0.383598607369115	0.009	0.011	1	AVEN	c4
0.269814508492298	-0.383560641017779	0.035	0.041	1	FAM221A	c4
0.0725767011065417	0.383316447924341	0.021	0.015	1	ZNF416	c4
0.141246741711116	-0.383294511065458	0.133	0.143	1	C14orf159	c4
0.00657299101674587	-0.383284700833209	0.101	0.126	1	RAB33A	c4
0.365291434975523	-0.383138787673309	0.023	0.027	1	TLDC1	c4
0.310749398814885	-0.383118911114795	0.007	0.01	1	RP11-12G12.7	c4
0.000472061139527719	-0.3831183724234	0.242	0.273	1	DNAJC4	c4
0.412262425114536	-0.383050153979518	0.035	0.039	1	MYO6	c4
0.00137925587026457	-0.382784510977611	0.278	0.308	1	SP110	c4
0.0164850622123681	-0.382755485977023	0.096	0.117	1	RWDD4	c4
0.0513357688601839	-0.382744710459501	0.116	0.133	1	TAOK1	c4
0.000311819799209414	-0.382635809981361	0.281	0.313	1	DR1	c4
0.0150676331038699	-0.382623895555137	0.124	0.147	1	VTI1A	c4
0.0998753033261259	-0.382503541054535	0.052	0.063	1	PPOX	c4
0.00109396925400055	-0.382450265775213	0.32	0.34	1	ZNF292	c4
0.176468296388462	-0.382447518980811	0.04	0.048	1	RCN1	c4
0.0488728435156237	-0.382247207863182	0.069	0.083	1	RFC4	c4
0.0749632862874472	-0.382115944811478	0.051	0.062	1	GNPDA2	c4
0.004944982999669	-0.382071789178593	0.078	0.102	1	C2orf74	c4
0.101243811957172	-0.381963196080601	0.088	0.101	1	CLASP1	c4
0.123331242285824	-0.381709131607942	0.035	0.044	1	ZNF562	c4
0.230000284860015	-0.381690770224965	0.023	0.029	1	RTN4IP1	c4
0.010544168720384	-0.381678039833365	0.106	0.129	1	SUZ12	c4
0.014523578225486	0.381545777471	0.033	0.022	1	PDGFB	c4
0.333864833707943	-0.381393663722067	0.048	0.053	1	EXOC8	c4
0.0601912392434808	-0.380807343026348	0.108	0.123	1	NOP2	c4
0.00893153895520742	-0.380735882015005	0.195	0.217	1	RIOK3	c4
0.00927606096509899	-0.380674396601556	0.124	0.148	1	TIMM23	c4
0.0381818319885526	0.380643748292563	0.017	0.011	1	TRAM2	c4
0.104444469510401	-0.380559002149634	0.028	0.037	1	KIAA2013	c4
0.00689875894226571	-0.38032652871824	0.125	0.15	1	ARMCX6	c4
0.399470642787471	-0.380211784703952	0.048	0.053	1	HMGCR	c4
0.0308293066966386	0.379915210842155	0.037	0.027	1	TP73-AS1	c4
0.231975688969031	0.379818518833372	0.022	0.017	1	NAP1L2	c4
0.049285939282462	0.379516987495079	0.038	0.028	1	ZNF816	c4
0.296750530301901	-0.379283172351091	0.046	0.052	1	ANKS3	c4
0.000925163002397702	0.379218397326892	0.077	0.056	1	RP11-539L10.2	c4
0.105147346385239	0.379153741037542	0.038	0.031	1	TRAV2	c4
0.0231687721135527	-0.378875982176909	0.087	0.106	1	CCDC159	c4
0.000426737983509773	0.378520741749663	0.059	0.04	1	NOL4L	c4
0.0896070826100017	-0.3785060559161	0.099	0.112	1	KMT5B	c4
0.192543890951538	-0.378489924833684	0.033	0.04	1	PAK1	c4
0.0811764230932945	-0.378474388407715	0.06	0.072	1	SLC25A22	c4
0.434254201577638	-0.378272666696804	0.014	0.017	1	BBS10	c4
0.0646649406505683	-0.37821014941994	0.075	0.089	1	ASB16-AS1	c4
0.00209582980689807	-0.378202482502919	0.679	0.662	1	SAT1	c4
0.0477322002060809	-0.3781823398875	0.083	0.099	1	TFIP11	c4
0.0142504209811781	-0.378151716894037	0.134	0.157	1	TXNDC11	c4
0.00476625380604507	-0.378103424337823	0.312	0.328	1	HNRNPLL	c4
0.00561872822160317	-0.378067557765782	0.276	0.295	1	AP3S1	c4
0.404082085577908	-0.377984175835202	0.025	0.028	1	C20orf194	c4
0.000548715802132571	-0.377799533804269	0.253	0.287	1	CNPPD1	c4
0.00172750558328105	0.377792262950748	0.059	0.041	1	KIF9	c4
0.0661763619764167	-0.377788585903598	0.067	0.081	1	PIGL	c4
0.154974890474667	-0.377658444568362	0.095	0.106	1	VPS53	c4
0.00469313580539022	-0.37762150756137	0.184	0.211	1	RSRC1	c4
0.00173284811956455	-0.37760201558129	0.214	0.243	1	STRA13	c4
0.0331102321564866	-0.377522688979481	0.087	0.104	1	MCM6	c4
0.0806244606682309	-0.377407019718436	0.061	0.074	1	VPS33A	c4
0.000106447178496773	-0.377243173266395	0.233	0.275	1	EIF4E	c4
0.0588372121757086	-0.377223461752285	0.135	0.151	1	ANKRD13D	c4
0.0733253011915178	-0.377174731058798	0.054	0.066	1	WRB	c4
0.260853421957679	-0.3769304175031	0.013	0.017	1	CENPJ	c4
0.0819178265170907	0.376893368136369	0.033	0.026	1	SMIM13	c4
0.0381375048767689	-0.376873122665564	0.104	0.121	1	RBM18	c4
0.512701187685467	-0.376754141288343	0.068	0.072	1	MCM7	c4
0.00252162363231108	0.376732688382402	0.04	0.026	1	NR1D1	c4
0.393047795722651	0.376647524105106	0.01	0.008	1	GALNT4	c4
0.0701095214965778	-0.376460137521194	0.075	0.089	1	NFKBIL1	c4
0.00724364429888768	-0.376439042611539	0.077	0.099	1	MLH1	c4
0.0865746809826054	-0.376291838531805	0.082	0.096	1	GLE1	c4
0.0370530955588925	-0.376289394183576	0.035	0.047	1	BOLA2B	c4
0.0887808286925675	-0.376269324104763	0.066	0.078	1	POLR3E	c4
0.61837835486487	-0.376205718258987	0.034	0.036	1	PCNXL3	c4
0.15566443459361	-0.376166962346594	0.041	0.049	1	TANGO6	c4
0.31632020918723	-0.37611833128731	0.011	0.014	1	MATR3	c4
0.105993218505033	-0.376102575016427	0.049	0.059	1	CARKD	c4
0.190166439812046	-0.376066696888423	0.043	0.05	1	ZCCHC2	c4
0.441450624493049	-0.375723167681795	0.037	0.041	1	ATP11C	c4
0.00793374034662118	-0.375679564247386	0.142	0.167	1	USB1	c4
0.043685519519393	-0.375589100268468	0.209	0.223	1	MAPK1	c4
0.0872072655759479	-0.375504553629067	0.092	0.105	1	SMYD3	c4
0.0022283077746753	-0.375382044495309	0.101	0.129	1	TRAF2	c4
0.239856833204899	-0.375324825732533	0.044	0.051	1	CAPRIN2	c4
0.0252752176106386	-0.375055002792732	0.177	0.197	1	SFI1	c4
0.0800560839951164	-0.375041871239322	0.091	0.105	1	FCHSD1	c4
0.0711153265345257	-0.375034261672449	0.077	0.091	1	SENP5	c4
0.165026630081856	-0.374814326181216	0.067	0.076	1	SLC8B1	c4
0.0327536465779036	-0.374561401384222	0.312	0.32	1	PDE3B	c4
0.0455105371373	-0.37451150973049	0.082	0.098	1	HMGCL	c4
0.191357010914758	-0.37444336197259	0.037	0.044	1	OTUD7B	c4
0.35319526297035	-0.374217311475095	0.011	0.014	1	SV2A	c4
0.355726293303275	-0.374198692134533	0.022	0.026	1	RAP2A	c4
0.265010401350369	-0.37416029513569	0.024	0.029	1	TADA2B	c4
0.239365208932377	-0.374142382592638	0.012	0.016	1	CREB3L4	c4
0.0480979620199237	0.374068969688785	0.025	0.017	1	ZNF792	c4
0.946020257475453	-0.373816749975527	0.028	0.028	1	TRBV6-1	c4
0.00598053203114604	0.373806009203852	0.092	0.072	1	FBXO25	c4
0.00257196069179512	0.37379994172617	0.098	0.076	1	GGT1	c4
0.0758031029506245	-0.37376998495983	0.052	0.064	1	RPP14	c4
0.0070050121966216	-0.373715496727522	0.121	0.146	1	SNAP29	c4
0.0810600747662449	-0.37369843739982	0.078	0.091	1	TMEM218	c4
0.481860956018708	-0.373592070860822	0.019	0.022	1	RP11-553L6.5	c4
0.00315217551570996	-0.373502360262649	0.175	0.202	1	COA5	c4
0.239142164185856	-0.373501236833251	0.056	0.063	1	TRAV26-1	c4
0.15672900482784	-0.373472517435645	0.035	0.042	1	ZNF212	c4
3.13029339548104e-05	0.373447077356807	0.167	0.128	1	PTTG1IP	c4
0.244718932463186	-0.373416237074728	0.024	0.029	1	RALGPS1	c4
0.0169719903387573	-0.373321339221566	0.21	0.231	1	IGFLR1	c4
0.00622995385227628	-0.373275674417982	0.24	0.263	1	ARPP19	c4
0.0154413911575221	-0.373271546501616	0.165	0.186	1	RC3H1	c4
0.0781317476408122	0.373213599541623	0.018	0.013	1	RP4-761J14.8	c4
8.44163413672909e-05	-0.373169847672037	0.365	0.393	1	PPP3CC	c4
0.0586481872123617	0.372914449448482	0.022	0.015	1	PVRL3	c4
4.88570819305717e-05	-0.372899502464163	0.229	0.273	1	ASNA1	c4
0.251586006634675	-0.37282526883229	0.116	0.123	1	SPEN	c4
0.0250240807073873	-0.37273550982941	0.125	0.145	1	NUPL2	c4
0.185043243435865	-0.372715918241554	0.071	0.08	1	FBXL20	c4
5.13677322737517e-05	-0.372648270967323	0.325	0.362	1	GNAI2	c4
0.0727690514709751	-0.372610913857644	0.111	0.125	1	ZNF720	c4
0.227742558897683	-0.372593654402486	0.044	0.051	1	CNBD2	c4
0.0500791510725964	-0.372577489687128	0.142	0.158	1	RNPC3	c4
0.170749083774022	-0.37255441424526	0.017	0.023	1	ZNF341	c4
0.0656916538539533	0.372502655149237	0.017	0.012	1	ZCCHC14	c4
0.299961783763383	-0.372364003552271	0.059	0.065	1	DUS1L	c4
0.148105700300153	-0.372349388855161	0.074	0.084	1	C2orf68	c4
0.0193382463459949	-0.372014357022179	0.104	0.124	1	BANP	c4
0.361369665087856	-0.371997588089764	0.02	0.024	1	FBXW8	c4
0.0202125672793058	-0.371981002692804	0.08	0.099	1	EPS8L2	c4
0.490849737717242	-0.371969764894488	0.017	0.019	1	DNAL1	c4
0.00909635253389659	-0.371898276731666	0.149	0.174	1	RHNO1	c4
0.0328210620253114	-0.37179353423202	0.075	0.092	1	POM121	c4
0.280014026123092	-0.371742473839882	0.043	0.05	1	ZSWIM8	c4
0.151909406442716	-0.371618938908465	0.019	0.025	1	SRRD	c4
0.00224250418798199	-0.371510892497332	0.274	0.298	1	LMAN1	c4
0.0571964336186982	-0.371473898835104	0.195	0.21	1	PHTF2	c4
0.00392136128466512	-0.371404412673215	0.15	0.179	1	ACTR10	c4
0.224001493123571	-0.371378888530353	0.14	0.147	1	KLF13	c4
0.0230745646724262	-0.371244164673551	0.09	0.108	1	MSMO1	c4
0.158114518328886	-0.371085121759588	0.045	0.053	1	GSR	c4
0.0745015356867685	0.370987119287619	0.029	0.022	1	TRBV6-2	c4
0.379470066637274	-0.370866111930967	0.04	0.044	1	RAB33B	c4
0.193311441989282	-0.370625013063639	0.075	0.084	1	FBXO28	c4
0.0235127379087353	-0.370596552295335	0.117	0.137	1	NUMB	c4
0.0996623589735367	0.370559999083004	0.031	0.024	1	ARMC5	c4
0.24901633743169	-0.370484016038374	0.023	0.028	1	RP11-473M20.9	c4
0.00743999992028327	-0.370424667256021	0.103	0.126	1	RNF220	c4
0.237468881523953	-0.37030360031888	0.025	0.031	1	NAPA-AS1	c4
8.29444153538709e-05	-0.370231777297223	0.25	0.291	1	UFD1L	c4
0.184049754118074	-0.370200099287046	0.062	0.071	1	C6orf120	c4
0.150416664808031	-0.370192646711938	0.065	0.075	1	PISD	c4
0.0101612959709638	0.370129600897329	0.057	0.043	1	GALNT7	c4
0.00176789584801111	0.36982361265812	0.067	0.048	1	AMPD2	c4
0.371247356364598	-0.36979726935872	0.026	0.03	1	TTLL5	c4
0.361092856438427	-0.369741503384677	0.026	0.03	1	RNF103	c4
0.103944542195589	-0.369734061631584	0.099	0.112	1	TULP4	c4
0.146772620840372	-0.369615386925017	0.061	0.071	1	PRR14L	c4
0.0717008416200916	-0.369602116951993	0.087	0.101	1	ARAP1	c4
0.101074635251684	-0.369594741697278	0.082	0.094	1	HTT	c4
0.469660534961235	-0.36954147484724	0.056	0.06	1	ZNF260	c4
0.313559353042669	-0.369445476125168	0.039	0.045	1	SLC43A1	c4
0.10265612213059	-0.369399086841854	0.113	0.125	1	MAPK8IP3	c4
0.215350615808614	-0.369368126925836	0.111	0.119	1	KIDINS220	c4
0.00855610787025737	-0.369336388031998	0.176	0.2	1	GPATCH8	c4
0.0746330504449599	0.369294737392307	0.025	0.018	1	ALG10B	c4
0.870796117359846	-0.369285244772713	0.044	0.043	1	TRAV22	c4
0.125628761601968	-0.368810630300155	0.064	0.074	1	SLC30A6	c4
0.131121426989754	-0.36875963166262	0.056	0.066	1	THTPA	c4
0.284216679963096	-0.368752069892478	0.033	0.039	1	MGAT4B	c4
0.0295812380627446	-0.368676066696036	0.161	0.18	1	MYO9B	c4
0.518981806930119	-0.368527879192476	0.009	0.011	1	C16orf95	c4
0.00183516040211786	-0.368511354622021	0.196	0.227	1	PFDN4	c4
0.00396173853670257	-0.368365766004388	0.154	0.182	1	RBM23	c4
0.342678580421709	-0.368357139934083	0.043	0.049	1	NUP35	c4
0.107226853160997	-0.368316163556125	0.064	0.075	1	ANKAR	c4
0.0140463874581749	-0.368179603670777	0.287	0.302	1	GALM	c4
0.00020923423150554	-0.36813552709336	0.213	0.253	1	NUDT22	c4
0.118457227697344	-0.368019596405472	0.09	0.101	1	CBX7	c4
0.000134566253441801	-0.368007576977677	0.283	0.319	1	THYN1	c4
0.191302155876219	0.36787010102788	0.021	0.016	1	SLC27A1	c4
0.0443716301364562	-0.367766145485066	0.127	0.143	1	SCRN2	c4
0.0462256972274927	0.36772802864494	0.064	0.052	1	MTSS1	c4
0.0167168746698787	-0.367659948656208	0.226	0.244	1	UBE2E3	c4
0.438007202144325	-0.36764137489384	0.04	0.044	1	HS2ST1	c4
0.0458554570750787	-0.367572515679336	0.047	0.06	1	SLC35F2	c4
0.0868709818115592	-0.367440240062923	0.14	0.154	1	IKBKB	c4
0.064793926043284	0.367280073173786	0.035	0.027	1	TEX261	c4
0.0131388903697926	-0.367074725497564	0.102	0.124	1	PPP1R21	c4
0.240124067619399	-0.366991741940105	0.031	0.037	1	TFCP2	c4
0.147036996051657	-0.366925403616881	0.046	0.054	1	RP11-352M15.2	c4
0.0979856011463173	-0.366887871356387	0.061	0.073	1	USPL1	c4
0.184625478569965	-0.366716328123356	0.029	0.036	1	SIAH1	c4
0.153939652737055	-0.366712767163315	0.012	0.017	1	GGH	c4
0.00133760243970493	-0.366622716477763	0.215	0.245	1	SAT2	c4
0.000177874398934862	0.366546549489959	0.08	0.056	1	C10orf35	c4
0.153654011691708	-0.366539056895924	0.071	0.081	1	PRMT3	c4
0.114813803613474	-0.366441353015601	0.027	0.035	1	SERPINB8	c4
0.136722790252617	-0.36611631136988	0.067	0.077	1	EXOC3	c4
0.777852909587184	-0.365974305158475	0.012	0.012	1	ZNF35	c4
0.272968932203977	-0.365747667726304	0.018	0.023	1	SPSB2	c4
0.0123695841247635	-0.365337906721415	0.1	0.122	1	ASPSCR1	c4
0.486583366076797	-0.365115936977487	0.041	0.045	1	HIP1	c4
0.478180750275876	-0.365076910115619	0.027	0.03	1	FUK	c4
0.0287989869170637	-0.364937874237732	0.059	0.075	1	PPP1R8	c4
0.00641856385790655	-0.364880501727303	0.074	0.097	1	MAD2L1BP	c4
0.076478709183393	-0.364484934010153	0.045	0.056	1	ACOX1	c4
0.000182888811021226	-0.364427211865306	0.354	0.378	1	SURF4	c4
0.000879774333445083	0.364369719978575	0.074	0.053	1	GRPEL2	c4
0.19006312285155	-0.36436166787345	0.068	0.077	1	BRF1	c4
0.767440892956337	-0.364322691454659	0.016	0.017	1	CFD	c4
0.00259744028920291	-0.364255391832746	0.137	0.167	1	TMEM120A	c4
0.014688648968236	-0.364166918202017	0.148	0.17	1	SMIM20	c4
0.0135534805973237	0.364068320875653	0.038	0.026	1	ANKRD42	c4
0.0118405257556051	0.364014253138593	0.032	0.022	1	AC009133.17	c4
0.0798135944073787	-0.363914066175972	0.06	0.072	1	TPMT	c4
0.0149127528560527	0.363900711884744	0.037	0.026	1	RFESD	c4
0.285137245230039	-0.363787572143631	0.02	0.024	1	RP11-65I12.1	c4
0.214182634519432	-0.363769249091836	0.046	0.054	1	FAM24B	c4
0.0103749657109007	-0.363762052014251	0.155	0.18	1	MRPS31	c4
0.00654529896125631	-0.363650008832495	0.079	0.101	1	TMEM55A	c4
0.000781017853609327	-0.363621337403826	0.272	0.304	1	NRDC	c4
0.371528095778177	-0.363609380529638	0.012	0.015	1	RP11-196G18.23	c4
0.00832009834441409	-0.36358713630351	0.081	0.103	1	CSTF1	c4
0.00383873004946285	-0.363481826547221	0.144	0.172	1	DCPS	c4
0.597980260384644	-0.363376614850296	0.009	0.01	1	TTLL11	c4
0.000393310062692222	-0.363353200912126	0.37	0.393	1	WNK1	c4
0.0964950229135504	-0.363244132192309	0.141	0.154	1	RC3H2	c4
0.0158760281915123	-0.363062660196191	0.145	0.168	1	UNC50	c4
0.599633111965846	-0.363059008360168	0.009	0.011	1	ZNF784	c4
0.00277930634495962	-0.363051743277691	0.179	0.21	1	JOSD2	c4
0.468345324378428	-0.363042673133663	0.03	0.033	1	LENG8-AS1	c4
0.13374304778799	-0.363042116257524	0.125	0.136	1	KLHDC4	c4
0.00960714111326895	-0.363027230612022	0.118	0.142	1	DBF4	c4
0.0174753319124868	-0.36290270786531	0.095	0.115	1	ISOC2	c4
0.308388539788643	-0.362725628543975	0.137	0.144	1	NFATC1	c4
0.246552601836791	-0.36261951062185	0.059	0.066	1	SENP1	c4
0.755209541298109	-0.362412817636559	0.059	0.06	1	CHRM3-AS2	c4
0.0023726362741491	-0.362382743382559	0.22	0.249	1	TMX1	c4
0.148356011175777	0.362181219932316	0.012	0.009	1	LRRC56	c4
0.00915292830745147	-0.362140514150519	0.149	0.174	1	MRPS11	c4
0.294380585723223	-0.362076740252383	0.008	0.011	1	RP3-467N11.1	c4
0.168253152233449	-0.36192413615267	0.106	0.116	1	RNF40	c4
0.00492687271436939	-0.361849626230552	0.13	0.157	1	FBXW2	c4
0.491402545220246	-0.36182537410996	0.012	0.015	1	ZNF69	c4
0.000394210285589032	-0.361730211364082	0.235	0.271	1	YIPF3	c4
0.175579507728347	-0.361524222717876	0.063	0.072	1	TRMT11	c4
0.321948327718447	-0.361442479527948	0.056	0.062	1	RABEP2	c4
0.291543360354469	-0.361143582196453	0.024	0.029	1	ZNF543	c4
0.173625878933418	-0.361076186721817	0.022	0.028	1	C16orf52	c4
0.0569577831925357	-0.361032984598543	0.08	0.095	1	TAF2	c4
0.0452905137226716	-0.360851322723691	0.095	0.112	1	FUT8	c4
0.216734048091387	-0.360748394686684	0.028	0.034	1	PGM3	c4
0.157108398476342	-0.360457192541258	0.086	0.096	1	ZNF84	c4
0.0956633661765408	-0.360384644821959	0.123	0.136	1	MOB2	c4
0.473550993955858	-0.360364358115949	0.032	0.035	1	IDUA	c4
0.0193405202771262	-0.36030653660695	0.074	0.093	1	DPP3	c4
0.0516589748991487	-0.359945748138927	0.127	0.143	1	GPS2	c4
0.0617738226287791	-0.359933937901425	0.101	0.115	1	EPS15L1	c4
0.227026665136213	0.359693131648084	0.014	0.011	1	RASD1	c4
0.0349123494814445	-0.359505656434923	0.064	0.08	1	ICMT	c4
0.0423873916729319	-0.359453334909683	0.169	0.185	1	WDR54	c4
0.029887496319679	-0.3592298089543	0.119	0.138	1	WDFY1	c4
0.000319075900725774	0.359222018406153	0.101	0.074	1	SH2D3A	c4
0.0832240434824351	-0.359080911751277	0.15	0.164	1	ZEB1	c4
0.00824662392662029	-0.359078322467453	0.217	0.241	1	CAND1	c4
0.617103500546443	-0.358968170025612	0.026	0.028	1	RP11-875O11.1	c4
0.173973332946026	0.358923232057677	0.028	0.023	1	PTCD2	c4
0.220342410580025	-0.358514358176939	0.027	0.033	1	CENPQ	c4
0.353523427910148	-0.358431654798061	0.028	0.033	1	ZNF25	c4
0.182831842230115	-0.358409662017473	0.085	0.094	1	MAN2C1	c4
7.72454687887553e-05	-0.358341574410627	0.299	0.335	1	BUD31	c4
0.0692124773617433	-0.358292253613384	0.065	0.078	1	FUCA2	c4
0.0046597850649561	0.358054125218071	0.038	0.026	1	ERMP1	c4
0.300220180447107	-0.357974728900514	0.046	0.052	1	ARHGAP35	c4
0.291943544270028	-0.357953026542964	0.026	0.031	1	RP11-355B11.2	c4
0.0145285953819292	0.357952840191765	0.058	0.044	1	PUSL1	c4
0.31778478505401	-0.357901194738602	0.012	0.016	1	RP11-758M4.4	c4
0.149148762783128	-0.357795328019367	0.061	0.07	1	SLC38A9	c4
0.000156951963545513	0.357761582617259	0.103	0.075	1	ZNF737	c4
0.0165151835872358	-0.357656543670216	0.14	0.161	1	NIT2	c4
0.135350696280188	-0.357640466456583	0.028	0.036	1	TRIM68	c4
0.131992430343384	-0.357558381687899	0.016	0.022	1	ARHGAP33	c4
0.561448885849408	-0.35751240278801	0.011	0.013	1	RP11-216B9.6	c4
0.381141308230175	-0.357386030697921	0.036	0.041	1	TNPO2	c4
0.00731845653755471	-0.35736247738386	0.221	0.243	1	IPCEF1	c4
0.023405652890985	-0.357276673830692	0.162	0.183	1	ACSL5	c4
0.0303402139744279	-0.357248276138386	0.11	0.128	1	WDR18	c4
0.0453709230587544	-0.357217284114817	0.114	0.131	1	C1orf122	c4
0.282651788159488	0.357206045075443	0.01	0.008	1	CTD-2342J14.6	c4
0.649547017478855	-0.357058128488465	0.017	0.018	1	IER5L	c4
0.0425021176054564	-0.356903059065062	0.093	0.11	1	MRPL1	c4
0.0110766530781925	-0.356839069142633	0.096	0.118	1	INIP	c4
0.000902759898327725	-0.356482769767647	0.249	0.279	1	EIF4E2	c4
0.000437772983812493	-0.356399611213952	0.289	0.321	1	TMEM165	c4
0.318639292682737	-0.356319698285188	0.016	0.02	1	PRSS21	c4
0.043712978846304	0.356241798549665	0.028	0.02	1	IRS2	c4
0.140631083522171	-0.356086348981372	0.054	0.063	1	CLN6	c4
0.323248661656321	-0.356062781357574	0.016	0.02	1	MSH5	c4
0.108355039482462	-0.355869517512536	0.052	0.063	1	C6orf106	c4
0.046848854024201	-0.355835755374388	0.098	0.115	1	ZMYND8	c4
0.0285145898116912	-0.355707503208508	0.132	0.151	1	SIRT2	c4
0.0287661000833437	-0.355701204703079	0.125	0.145	1	EXOSC9	c4
0.0187933834843184	-0.355601139696988	0.153	0.175	1	CHMP4B	c4
0.413107036686208	-0.355369762847033	0.059	0.064	1	ZNF529	c4
0.00611291021541302	0.355337394950771	0.066	0.049	1	GOLPH3L	c4
0.0343672967188142	-0.355250608092827	0.182	0.201	1	TM9SF2	c4
0.0382223776873733	0.35524139117478	0.043	0.032	1	RP11-467L13.7	c4
0.635357576142535	-0.35520080667016	0.028	0.03	1	CNNM3	c4
0.680403264789737	-0.354841750327761	0.009	0.01	1	KLHL17	c4
0.000280087497887389	-0.354827803216475	0.291	0.325	1	NENF	c4
0.00312579488779072	-0.354642281127865	0.21	0.237	1	RBBP7	c4
0.00531035360776135	-0.354604472308841	0.186	0.213	1	LARP7	c4
0.0296136808338944	-0.354588694144966	0.133	0.152	1	TERF1	c4
0.240658819944324	-0.354567487527805	0.014	0.019	1	PTCD1	c4
0.00290560278469783	-0.354530028720726	0.268	0.291	1	PSMA4	c4
9.93939560290538e-05	-0.354366967313231	0.269	0.309	1	NDUFB5	c4
0.0392727931496845	-0.354329959953446	0.14	0.158	1	SPG11	c4
0.225087275437742	-0.354219764906304	0.044	0.051	1	ZSCAN32	c4
0.225774166060528	-0.354154927733583	0.061	0.069	1	RNF169	c4
0.370948484873421	-0.354076462094247	0.014	0.018	1	SLC25A28	c4
0.366052039021654	0.353777128106787	0.015	0.012	1	F8A3	c4
0.421245146998531	-0.353759721892005	0.047	0.051	1	RP5-827C21.4	c4
0.0182159730335446	-0.353693127643938	0.198	0.219	1	SLFN12L	c4
0.00386947746026942	-0.353570509446772	0.166	0.195	1	MRPS14	c4
0.0073307910552373	-0.353336720309044	0.116	0.142	1	NPTN	c4
0.08431902860706	-0.353223668512387	0.065	0.077	1	MTFR1L	c4
0.0669328006795871	0.353185895297472	0.01	0.006	1	EFCAB13	c4
0.0899314396994143	-0.35308201660025	0.106	0.119	1	MAP3K7	c4
0.518501177336328	-0.353054452554723	0.024	0.027	1	DHODH	c4
0.000320959122894255	0.353013271356929	0.082	0.058	1	ADRB2	c4
0.000380157325460011	0.352920541477654	0.04	0.025	1	TRBV5-4	c4
0.000225671409461238	-0.352860629948659	0.288	0.322	1	FAM96A	c4
0.432429582154806	-0.3527983107856	0.012	0.015	1	FANCB	c4
0.021929371896067	-0.352713103483756	0.203	0.223	1	PNKP	c4
0.0185002262887444	0.352603456158344	0.04	0.029	1	KDM1B	c4
0.0056884832909835	-0.352528176923411	0.289	0.314	1	XIST	c4
0.371350625554451	-0.35222231063304	0.025	0.029	1	TTC22	c4
0.128498902236614	0.352140703725066	0.01	0.007	1	PRMT5-AS1	c4
0.249347272335024	-0.352104924717886	0.038	0.045	1	ABHD11	c4
0.0223422138259378	0.352069563471288	0.053	0.04	1	C12orf66	c4
0.428891821972467	-0.352049158866934	0.014	0.016	1	RP11-81H14.2	c4
0.00637749625133593	-0.351997865518589	0.199	0.225	1	ST8SIA4	c4
0.911210153008729	-0.351779580947484	0.027	0.027	1	QSER1	c4
0.751627924092293	-0.351600732906859	0.009	0.01	1	CAPN10-AS1	c4
0.303970330045929	-0.351594973500759	0.052	0.058	1	SLC35E1	c4
0.592036828469459	-0.351315474789069	0.071	0.073	1	RP11-182L21.6	c4
0.452127000709693	-0.351296981109713	0.02	0.023	1	EXOC3-AS1	c4
0.0423655672899526	-0.35124783312625	0.1	0.117	1	CIAPIN1	c4
0.0677065703747847	-0.35115757244323	0.106	0.121	1	PLCB2	c4
0.000915830642324242	-0.351110576512021	0.24	0.273	1	TRAPPC2L	c4
0.23437928979142	-0.351074536720876	0.059	0.067	1	SLC35E3	c4
0.123677114520375	-0.351045839623415	0.085	0.097	1	ZNF326	c4
0.00325006894890189	-0.351006987742609	0.233	0.259	1	CCS	c4
0.0620731802544954	-0.351001106099591	0.054	0.066	1	EYA3	c4
0.425827716886528	-0.35090756720798	0.045	0.049	1	AP1AR	c4
0.492790885533269	-0.350861862643043	0.039	0.043	1	GSE1	c4
0.311008598755563	-0.350851227628814	0.076	0.082	1	ABCB8	c4
0.0442643616073925	-0.350801851719599	0.121	0.138	1	RPP25L	c4
0.21738719536515	-0.350713757252117	0.03	0.036	1	SEPSECS	c4
0.000429443270616542	0.350360296234436	0.07	0.048	1	RP11-108M9.4	c4
0.963236896441458	-0.350321988513635	0.022	0.022	1	PLXND1	c4
0.0408105363842482	-0.350285602347023	0.176	0.193	1	FAM208A	c4
0.0442011418921802	-0.350269775834222	0.056	0.07	1	METTL13	c4
0.00518988978697363	-0.350029578771271	0.2	0.228	1	TRIM38	c4
0.0611829651543913	-0.35001935754036	0.098	0.114	1	GTF2H1	c4
0.0409901239292454	-0.349979432371151	0.149	0.167	1	KDM5B	c4
0.195815129174277	-0.349973455616775	0.082	0.092	1	ALOX12-AS1	c4
0.0543064128034732	0.349910745242215	0.022	0.015	1	TRIM62	c4
0.0300076918806863	-0.349891249779306	0.054	0.069	1	SEH1L	c4
0.071439994704385	-0.349816213907115	0.11	0.125	1	C11orf49	c4
0.156479945916835	-0.349677278197369	0.125	0.136	1	PICALM	c4
0.0147992476082455	-0.349637925218635	0.152	0.175	1	FLYWCH2	c4
0.10158687867588	-0.349490195211266	0.111	0.124	1	FAM127B	c4
0.00369484965873558	0.349432423651002	0.033	0.021	1	MAN1C1	c4
0.00995961426150007	0.349430988256298	0.065	0.049	1	ZNF749	c4
0.049936190383866	-0.349413884214002	0.445	0.425	1	ANXA5	c4
0.01964436374537	-0.349331707908374	0.234	0.254	1	ANKRD10	c4
0.174636238941397	-0.349284074938979	0.085	0.096	1	N4BP2	c4
0.000640101031127186	-0.349066316665501	0.264	0.295	1	PSMB7	c4
0.018061937185061	-0.34902646135955	0.31	0.324	1	MAPRE2	c4
0.246418420843646	-0.349000205917939	0.027	0.033	1	ARHGEF18	c4
0.000175861163910324	0.34888449821764	0.125	0.094	1	COQ7	c4
0.889907227204138	-0.348877410166448	0.025	0.025	1	PPP1R13B	c4
0.0930960042324297	-0.348832987792288	0.059	0.07	1	DNAL4	c4
0.44845541203965	-0.348798970496673	0.017	0.019	1	PDP2	c4
0.115559275237961	-0.348791636641365	0.067	0.078	1	NNT-AS1	c4
0.101123406936929	-0.348749930153577	0.053	0.064	1	TRMT1L	c4
0.269996538944119	-0.348706890780189	0.037	0.043	1	ZNF786	c4
0.00425068196355143	-0.348674343322232	0.158	0.186	1	SVBP	c4
0.0604277100031583	0.34865549049447	0.023	0.016	1	OTUD1	c4
0.0191566150496334	-0.348626307997566	0.16	0.181	1	EXOC7	c4
0.476023032528581	-0.34861495478974	0.032	0.035	1	ZNF552	c4
0.344385646782642	-0.348546002646136	0.054	0.06	1	UBP1	c4
0.295969695490495	-0.348384530726229	0.076	0.083	1	ATHL1	c4
0.233409040518425	-0.348368345985462	0.221	0.225	1	PARP9	c4
0.0593841029388775	-0.348241143006927	0.063	0.077	1	LDAH	c4
0.127330258114656	-0.348148451160054	0.087	0.098	1	RPRD1A	c4
0.286879008471671	-0.348047215678576	0.035	0.04	1	MECR	c4
0.36502591272646	-0.348029220764814	0.017	0.021	1	ZNF182	c4
0.0637173242340262	-0.348025281621725	0.086	0.101	1	TOR2A	c4
0.729811485072531	-0.347975111434541	0.009	0.01	1	RASL11A	c4
0.174315357634437	-0.34791576419157	0.114	0.124	1	ATAD2B	c4
0.508713743988998	-0.347862091764458	0.052	0.056	1	GMEB2	c4
0.330800430641574	0.347763813991936	0.01	0.008	1	SLC24A1	c4
0.0385499152538428	-0.347749463586257	0.101	0.119	1	MCCC2	c4
0.0364568871934578	-0.347619908097554	0.112	0.131	1	C1orf131	c4
0.30180791881562	-0.347589826633445	0.041	0.047	1	TAF1C	c4
0.954126377564441	-0.347556108485422	0.067	0.067	1	NFKBID	c4
0.365281724328859	-0.347459241209131	0.04	0.045	1	ZNF668	c4
0.236761819886593	-0.347247245191595	0.057	0.065	1	LRRC57	c4
0.000149960017381506	-0.347116736603512	0.357	0.381	1	SRSF9	c4
0.110921381715145	-0.346954313297454	0.047	0.057	1	AP001258.4	c4
0.0181711644736936	-0.346947682463332	0.133	0.156	1	H2AFX	c4
0.00467238913954796	-0.346844090503737	0.232	0.257	1	MAD1L1	c4
0.0027662809956143	0.346833652427554	0.062	0.045	1	AC109826.1	c4
0.297211041607539	-0.346811698725417	0.107	0.113	1	KIZ	c4
0.617357542695042	-0.346544794511122	0.01	0.012	1	HIRA	c4
0.185603279247697	-0.346347384344734	0.02	0.025	1	FOXK2	c4
0.143158766111199	-0.346265017805125	0.067	0.077	1	CCDC18	c4
0.175274645849484	-0.346115577832199	0.082	0.092	1	MFSD8	c4
0.112418283716022	-0.345956358859764	0.04	0.05	1	SHMT1	c4
0.131547983733199	-0.345828664906322	0.041	0.05	1	ZNF253	c4
0.148896877845101	-0.345823224304987	0.048	0.057	1	NFS1	c4
0.825674549591334	-0.345672471522716	0.022	0.021	1	TMPO-AS1	c4
0.448321751784484	-0.345622047850537	0.013	0.016	1	FKRP	c4
0.0239955572381196	-0.345603092670064	0.134	0.155	1	LYRM1	c4
0.0284252688149168	-0.345600462489164	0.058	0.074	1	CDC23	c4
0.230045032622422	-0.345553540324507	0.061	0.069	1	RBL1	c4
0.418258462098183	-0.345385204579306	0.037	0.041	1	MEGF9	c4
0.0443060412075136	-0.345384913165079	0.157	0.174	1	AP3B1	c4
0.0105944388314785	-0.345363556441244	0.15	0.174	1	MTF2	c4
0.0115803034736808	-0.345339523332771	0.17	0.194	1	PABPN1	c4
0.0960736355643833	-0.345338551506489	0.035	0.045	1	TOP3A	c4
6.2194785383952e-05	0.345281912389297	0.093	0.064	1	USP53	c4
0.224255589485276	-0.345246672035818	0.007	0.011	1	RP11-561B11.2	c4
0.198998209426782	-0.345207186153984	0.041	0.049	1	TCP11L1	c4
0.0677500383415441	-0.345076676576177	0.076	0.09	1	DDX52	c4
0.000319271738756098	0.345033598666655	0.072	0.049	1	DUSP6	c4
0.3085212429828	-0.344963320171958	0.059	0.065	1	PDHX	c4
0.00493029242556906	-0.344924267087759	0.291	0.314	1	ANKRD11	c4
0.185631918113822	-0.344856466228644	0.135	0.144	1	ARSA	c4
0.06237806347565	-0.344811424618788	0.208	0.223	1	MAP4	c4
0.0237179762557022	0.344605872654897	0.049	0.037	1	NHEJ1	c4
0.0595996634926836	-0.344501530339869	0.154	0.17	1	DMTF1	c4
0.219957141684187	-0.344474443194924	0.044	0.051	1	SLC35B4	c4
0.559700388620166	-0.344430815416576	0.034	0.037	1	PCCA	c4
0.0129701807443802	-0.344305965668265	0.218	0.24	1	BIRC2	c4
0.260932474532616	-0.344143915838295	0.056	0.063	1	SLC37A1	c4
0.0206935542817458	-0.343984069563013	0.14	0.161	1	NABP2	c4
0.0512849573626771	-0.343794810114805	0.076	0.091	1	NOL12	c4
0.08725849813982	-0.343641836535361	0.115	0.13	1	CD79B	c4
0.0994215777718173	-0.343576712269446	0.055	0.066	1	ASL	c4
0.00141364296647778	-0.343553288757215	0.291	0.316	1	SHKBP1	c4
0.161972934033228	0.343492565204576	0.013	0.009	1	FBP1	c4
0.141272757773267	-0.34344871382327	0.05	0.059	1	LRWD1	c4
0.0376167523926506	0.343377423404931	0.065	0.053	1	WDYHV1	c4
0.0958608953639425	0.343342411638557	0.026	0.02	1	JRKL	c4
0.00117582414392869	-0.343314926920218	0.249	0.28	1	RAB10	c4
0.450627059047228	-0.343301009790286	0.02	0.023	1	ZNF16	c4
0.0148549923650645	0.343161681723179	0.061	0.047	1	ZNF841	c4
0.000689115100336162	0.34314001577207	0.066	0.046	1	FAM206A	c4
0.411337773682924	-0.34310908160348	0.012	0.014	1	RP11-379H18.1	c4
0.11502001111419	-0.343097838897126	0.054	0.064	1	EDC3	c4
0.254732908826001	0.342963006808747	0.035	0.03	1	DOLPP1	c4
0.0181601324633475	-0.342956819613197	0.151	0.173	1	INPP5K	c4
0.184854873752348	-0.342669777829778	0.072	0.082	1	ZNF7	c4
0.0065811212372285	-0.342545035095281	0.126	0.152	1	JKAMP	c4
0.0479190442756956	0.342501161565596	0.059	0.047	1	GNA15	c4
0.00507114827563339	0.342445649311354	0.072	0.054	1	SPRYD7	c4
0.00173993589102346	-0.342436783439047	0.255	0.284	1	HSBP1	c4
0.000261287307346292	-0.342397879098894	0.303	0.335	1	CMC2	c4
0.000402103736788343	-0.342245389659882	0.261	0.295	1	TADA3	c4
0.446573177484438	-0.342208698297468	0.014	0.017	1	NFYC-AS1	c4
0.93612236606836	-0.342169236070455	0.082	0.081	1	CSF1	c4
0.0723401757389419	-0.342108226972021	0.192	0.205	1	CRTC3	c4
0.0653756622711648	0.342106056986458	0.028	0.021	1	INTS6-AS1	c4
0.26482230691958	-0.342089553956059	0.037	0.043	1	BDH1	c4
0.0439018243535432	-0.342046043062708	0.152	0.17	1	RABEP1	c4
0.00657766953135315	-0.341979560230518	0.201	0.227	1	AKR7A2	c4
0.0525361698794361	-0.341935323966687	0.108	0.125	1	PGM1	c4
0.0810067888563963	-0.341826476375644	0.059	0.071	1	TTC33	c4
0.103863162983391	-0.34172850192948	0.094	0.107	1	CEP120	c4
0.0791317142738849	-0.341693348508803	0.12	0.135	1	FAM172A	c4
0.0754235706397889	-0.341639630002009	0.098	0.113	1	EIF3J-AS1	c4
0.177834144834716	-0.341515757584712	0.106	0.116	1	MKNK2	c4
0.00921751243271364	-0.341477252488464	0.132	0.157	1	DPM2	c4
0.00513514257114327	-0.341459828818122	0.189	0.216	1	COA6	c4
0.363389984533588	-0.341331064255941	0.035	0.04	1	TDRD7	c4
0.000240437061839545	-0.341327936433405	0.36	0.382	1	MEA1	c4
0.0747711106651136	-0.341314593671684	0.104	0.118	1	WDR45B	c4
0.00122660079896727	0.341297055763573	0.082	0.06	1	EPOR	c4
0.0131712650175678	-0.341179122134242	0.131	0.155	1	BRE	c4
0.00048568183389093	-0.341158944882432	0.312	0.34	1	NUDT21	c4
0.113719048490343	-0.341053652142714	0.073	0.084	1	RNF25	c4
0.245413778349879	-0.341046232253227	0.142	0.149	1	NCOA2	c4
0.28774382216601	-0.340966706211999	0.041	0.047	1	HDAC6	c4
0.142939125681934	-0.340965619724376	0.056	0.065	1	TSPAN3	c4
0.0499184934755216	-0.340937200353744	0.181	0.196	1	XPO4	c4
0.574257186779506	-0.3408734975266	0.021	0.023	1	PAXIP1	c4
0.0290470637263713	-0.340833154484056	0.12	0.139	1	HACD3	c4
0.0687929142984252	0.340688612846432	0.027	0.02	1	DDX51	c4
0.107731462391197	-0.340483498499141	0.056	0.067	1	AEBP2	c4
0.537409994774941	-0.340463961545589	0.016	0.018	1	ZNF674-AS1	c4
0.340276215305577	-0.340372645008604	0.083	0.089	1	APC	c4
0.24106375316111	-0.340306840032354	0.038	0.045	1	AKT1S1	c4
0.00474358998123721	0.340235596179896	0.041	0.028	1	TRAV35	c4
0.123212182668512	-0.340094936551231	0.082	0.094	1	TRERF1	c4
0.0220696521362517	-0.340089768107135	0.016	0.026	1	COPRS	c4
0.104076303385136	-0.340087660953756	0.038	0.047	1	METTL22	c4
0.171140299556623	-0.340037372508539	0.067	0.077	1	FAHD2A	c4
0.472200804177453	-0.339985116371335	0.02	0.023	1	ZSCAN29	c4
0.12318500885443	-0.339949639082902	0.064	0.075	1	ZNF322	c4
0.0186873757763178	0.339945913020331	0.03	0.02	1	ZBTB39	c4
0.027672541211742	-0.339813959739497	0.134	0.154	1	TMEM128	c4
0.33308820923838	-0.33973491233685	0.011	0.014	1	VSIG10	c4
0.0924877559050815	-0.33956958377924	0.02	0.027	1	MRPL12	c4
0.611947036392709	-0.339507364450294	0.015	0.017	1	TCTN1	c4
0.0313603156493542	-0.339342849457206	0.079	0.096	1	WBSCR16	c4
0.618506685610769	-0.338967999504887	0.012	0.014	1	ATP5EP2	c4
0.00149193975917559	-0.338922687679267	0.278	0.305	1	DNAJB14	c4
0.000614893490163245	-0.338871607283855	0.223	0.259	1	VTI1B	c4
0.106905284625393	-0.338864460500627	0.165	0.177	1	TRIP12	c4
0.176089236460347	-0.338781834974131	0.043	0.051	1	PEX10	c4
0.472820134991218	-0.338731616969477	0.017	0.019	1	RP13-942N8.1	c4
0.0014052030832852	-0.338664147212384	0.221	0.253	1	GPS1	c4
0.0547067408349261	-0.33860069825289	0.261	0.272	1	COA1	c4
0.122625160997032	-0.338471248626966	0.197	0.208	1	MARK3	c4
0.602884937416116	-0.338305542929749	0.009	0.011	1	CXorf65	c4
0.0857708438569918	0.338255730937286	0.059	0.049	1	U2AF1L5	c4
0.0194745986990653	-0.338234586089438	0.228	0.248	1	DCP2	c4
0.0179410445270593	-0.338227938890604	0.202	0.223	1	PPM1B	c4
0.114202948128731	-0.338074744118691	0.032	0.04	1	UGDH	c4
0.00762488398456191	-0.33806156043235	0.15	0.176	1	C11orf98	c4
0.528087210490621	-0.33796449146691	0.078	0.081	1	HAGHL	c4
4.85380352754579e-05	-0.337932699917358	0.404	0.43	1	RSBN1L	c4
0.16061297494477	-0.337824972995939	0.108	0.118	1	WDR37	c4
0.00314914449434737	0.337736413828707	0.083	0.063	1	FAM89B	c4
0.521467816201477	-0.337665886198367	0.014	0.017	1	ZNF514	c4
0.271543068083419	-0.337626432338001	0.037	0.043	1	GATSL3	c4
0.125507497345098	-0.337502274186003	0.082	0.094	1	ORC2	c4
0.187267249975902	-0.337474820284132	0.15	0.158	1	KANSL1-AS1	c4
0.179593598255527	-0.337203129835257	0.045	0.053	1	LIAS	c4
0.126803999626997	-0.337159627555676	0.101	0.112	1	ZDHHC7	c4
0.0804219662668578	0.337040176147226	0.044	0.035	1	IRAK2	c4
0.2444545506837	0.337028448765495	0.018	0.014	1	FUT7	c4
0.3515472951268	-0.336867749634586	0.014	0.018	1	ZNF790-AS1	c4
0.0091835705944796	-0.336861622267367	0.19	0.215	1	MIF4GD	c4
0.113284771472288	-0.336849407560544	0.101	0.113	1	MTMR6	c4
0.239436089187574	-0.336733260559943	0.057	0.065	1	C11orf21	c4
0.0124364979360757	-0.336490672903718	0.161	0.185	1	SNAPIN	c4
0.0162155615354436	-0.336459509645088	0.149	0.171	1	DCUN1D5	c4
0.662737327991486	-0.336455135281296	0.014	0.016	1	C21orf33	c4
0.0214295204823078	-0.33638485576435	0.087	0.107	1	HIST3H2A	c4
0.0270662243996974	-0.336306282057316	0.155	0.176	1	NADSYN1	c4
0.13917042464722	0.336271222584155	0.04	0.033	1	CCDC51	c4
0.0018449192189942	-0.336137185138905	0.299	0.32	1	PRDX3	c4
0.209046977586729	-0.336043894759757	0.056	0.064	1	TMLHE	c4
0.197698334123926	0.335772323754036	0.01	0.007	1	ZSWIM5	c4
0.0130304355180829	-0.335724750535093	0.134	0.158	1	TMEM126A	c4
0.240331139512578	-0.335443199872969	0.056	0.063	1	BBS7	c4
0.314088226018486	-0.335385625988769	0.039	0.045	1	ZNF671	c4
0.0031827392171088	-0.335307281558232	0.228	0.256	1	CHCHD5	c4
0.0232915936393942	-0.33523384495826	0.207	0.227	1	PKN1	c4
0.000224933066288746	-0.335228491856026	0.354	0.382	1	FAAP20	c4
0.0290069182901681	-0.33504514229335	0.087	0.105	1	BRI3	c4
0.0881299629839755	-0.334966615444265	0.077	0.09	1	RALB	c4
0.0787633231638864	-0.334868578431938	0.038	0.049	1	CMB9-22P13.1	c4
0.120631559586046	-0.334759756381669	0.052	0.062	1	VPS50	c4
0.0147215465812453	0.334654449790573	0.067	0.052	1	PKNOX1	c4
0.10080580102171	-0.334524234995861	0.134	0.148	1	STARD3NL	c4
0.126615342383337	-0.334521278174404	0.069	0.08	1	ZNF512	c4
0.00438632579706691	-0.334517229197691	0.184	0.212	1	PSMB5	c4
0.0207192688199562	-0.334515324109279	0.122	0.144	1	CERS5	c4
0.00758830331643133	-0.334458945773914	0.234	0.258	1	UBE2A	c4
0.000370857362391132	-0.334449292921957	0.672	0.694	1	DUSP2	c4
0.334543298539227	0.334231166770413	0.012	0.01	1	PGBD4	c4
0.0863877960036303	-0.334184682714612	0.073	0.086	1	RAD9A	c4
0.0300698625952528	-0.334081515834285	0.213	0.23	1	PARP10	c4
0.0297588399605443	-0.334061925634383	0.163	0.182	1	MAN1A2	c4
0.0796267497573477	-0.334050296542169	0.08	0.094	1	PECR	c4
0.0561508885695302	-0.33404583941983	0.122	0.139	1	FAM136A	c4
0.0421386228300594	-0.334002090358246	0.1	0.117	1	UBR1	c4
0.0302700021507241	0.333966819660859	0.035	0.026	1	SMYD5	c4
0.11828175946143	-0.333884737137689	0.068	0.079	1	CNOT11	c4
0.0524453371650363	-0.333844418585037	0.098	0.114	1	SIRT6	c4
0.0082545698742976	0.333834893346921	0.043	0.031	1	ANO10	c4
0.00494063275983113	-0.333391552756431	0.299	0.318	1	IRF3	c4
0.00895009701394619	0.333277165582918	0.052	0.038	1	PICK1	c4
0.0828354073638526	-0.333255456368358	0.048	0.059	1	POLD3	c4
0.205270358291936	-0.333073278233091	0.03	0.037	1	PIDD1	c4
0.1034815005045	-0.332965204362219	0.059	0.071	1	PGAP2	c4
0.0127644534750589	-0.332908292133494	0.129	0.153	1	ZBTB1	c4
0.398360325996082	-0.332777349716844	0.02	0.023	1	LINC01006	c4
0.391687030977634	-0.332618248881176	0.071	0.076	1	DENND4B	c4
0.221974436469334	-0.33255467954621	0.02	0.026	1	BTBD2	c4
0.0889365187073384	-0.33233245272798	0.03	0.04	1	BLM	c4
0.568823729009662	-0.3321512113538	0.01	0.012	1	ZNF304	c4
0.433887374466522	-0.332125385031114	0.03	0.034	1	H3F3C	c4
0.044007622930969	-0.331979385752605	0.148	0.167	1	NEDD9	c4
0.0422954363645608	-0.331900982410289	0.117	0.135	1	ACOT8	c4
0.0331773628576419	-0.331707333787618	0.133	0.152	1	ZNF580	c4
0.171578044922769	-0.331612549515574	0.09	0.101	1	LSG1	c4
0.0294767342834747	-0.331596051771682	0.124	0.144	1	MED27	c4
0.0129279271308648	-0.331592579045107	0.156	0.18	1	TOM1	c4
0.0311267213772718	-0.331535753220793	0.061	0.077	1	TMEM127	c4
0.200578970871158	0.331298943210385	0.012	0.009	1	SERPINB9P1	c4
0.178003693190795	-0.331195183243964	0.503	0.47	1	SYNGR2	c4
0.613839357317217	-0.331128028131974	0.011	0.012	1	CTB-41I6.1	c4
0.0933748595064424	-0.330988831231239	0.045	0.056	1	MTA3	c4
0.000321416307069412	-0.330947167645881	0.35	0.381	1	SNHG7	c4
0.141234183887295	-0.330850559461148	0.11	0.121	1	GBF1	c4
0.0622643631234333	-0.330759181367422	0.089	0.104	1	YEATS4	c4
0.0150707511778249	-0.330751652166105	0.074	0.094	1	COQ5	c4
0.0280641267334416	-0.330701447902784	0.116	0.135	1	TSEN34	c4
0.50569261371926	0.330691934395388	0.015	0.013	1	HYAL2	c4
0.397915337182371	-0.330654009940822	0.024	0.028	1	HYPK	c4
0.341671854755215	-0.330629264128512	0.099	0.105	1	CLIP4	c4
0.0532560966382669	-0.330523160672951	0.095	0.112	1	VRK2	c4
0.220946073399662	-0.330503474165521	0.039	0.046	1	DHRS7B	c4
0.00660710685094049	-0.330430321872362	0.153	0.18	1	UROS	c4
0.839041768667534	-0.330331258069026	0.009	0.01	1	NMNAT3	c4
0.150989280157313	-0.330322645958404	0.121	0.132	1	RP11-553L6.2	c4
0.0360995788259533	-0.330230915766268	0.165	0.185	1	PML	c4
0.206819459473394	-0.330162421090579	0.029	0.035	1	FAIM	c4
0.193063597074155	-0.329842898816017	0.018	0.024	1	HEATR5A	c4
0.161305047113901	-0.32970051046347	0.103	0.114	1	DNM1L	c4
0.184670368872148	-0.329624142577206	0.145	0.155	1	CCNT2	c4
0.784056520000073	-0.329568852150711	0.01	0.011	1	AZIN2	c4
0.0853770325133163	-0.329561910790379	0.025	0.034	1	IFI27L1	c4
0.00142930613747457	-0.329510033179568	0.367	0.386	1	GPI	c4
0.146978495217335	-0.329480260618085	0.095	0.107	1	PRKAG2	c4
0.160707826078163	0.329463964839056	0.029	0.023	1	ZXDA	c4
0.264978750310194	-0.329407358590427	0.063	0.07	1	HDAC5	c4
0.000226093317971345	-0.329336721936698	0.303	0.339	1	UQCRC1	c4
0.373463720116078	-0.329326340773906	0.038	0.043	1	HLCS	c4
0.951100044583167	-0.329274371966247	0.065	0.065	1	IL12RB2	c4
0.494510776892286	-0.3291084629117	0.036	0.04	1	LONP1	c4
0.274438628029939	-0.329089453312676	0.035	0.041	1	ERLIN1	c4
0.072317928555743	-0.329032877218185	0.198	0.213	1	NEK7	c4
0.0374484744109478	-0.329010487260708	0.195	0.213	1	DDA1	c4
0.000156344038575742	-0.328963843400668	0.32	0.355	1	RNF187	c4
0.229129575861305	-0.328774810395647	0.022	0.027	1	DAG1	c4
0.675446531513034	-0.328695832972288	0.01	0.011	1	ZNF823	c4
0.588130660874235	-0.328584780575163	0.025	0.027	1	TRMT5	c4
0.0411298205229995	-0.328473191136882	0.155	0.173	1	HECTD1	c4
0.0186820866499909	-0.328390507295759	0.316	0.328	1	ARAP2	c4
0.607002717119387	-0.328325155803563	0.022	0.024	1	TCTE3	c4
0.0567443539557842	-0.328319305697261	0.145	0.162	1	TCF12	c4
0.348968182274207	0.32811739738607	0.012	0.01	1	TLE2	c4
0.117617227487642	-0.328017113698983	0.134	0.146	1	FBXO44	c4
0.0111213249530927	0.328016700179921	0.053	0.039	1	ACP6	c4
0.274602189630137	-0.327945329912629	0.081	0.089	1	PI4KA	c4
0.482742689083441	-0.32775758048246	0.022	0.025	1	HIST1H2AM	c4
0.0398222734444133	0.327675182434586	0.028	0.02	1	C8orf88	c4
0.0745712718267086	-0.327663156683103	0.111	0.126	1	PHACTR4	c4
0.330144377176831	-0.327655800875382	0.056	0.062	1	PRKRIR	c4
0.0454819812599075	-0.327483701272666	0.219	0.235	1	ATOX1	c4
0.329789172239635	-0.327417212732052	0.035	0.041	1	TK2	c4
0.245081796908936	-0.327363952687135	0.042	0.049	1	TMEM94	c4
0.256491130754293	-0.327300409001903	0.069	0.076	1	NCAPD2	c4
0.293629505832564	-0.327201358545741	0.029	0.034	1	MRM1	c4
0.252677109807297	-0.327188925905217	0.043	0.049	1	PORCN	c4
0.0932173721655825	-0.32711196421842	0.091	0.105	1	METTL3	c4
0.376614582553866	-0.327060563059597	0.022	0.025	1	RP4-605O3.4	c4
0.571302828641663	-0.32699633555173	0.033	0.035	1	ZFYVE26	c4
0.244027636967826	-0.326945261275092	0.015	0.02	1	SLC31A1	c4
0.0437377843356654	-0.326772503517354	0.124	0.141	1	SLC41A3	c4
0.0198191653149382	0.32674900797858	0.048	0.036	1	SPEF2	c4
0.00631227413961521	-0.32662592899565	0.234	0.259	1	DDRGK1	c4
0.0295064369156914	-0.326575255508348	0.168	0.189	1	PPP2R3C	c4
0.109159410297564	0.326523529939728	0.03	0.024	1	WDR81	c4
0.239436463346132	0.326470149261404	0.013	0.01	1	ASB13	c4
0.0137073872644552	0.326401608742649	0.051	0.037	1	GAA	c4
0.12085443461871	-0.326310069893826	0.079	0.09	1	SIRT3	c4
0.0281297971447398	0.326309466668855	0.049	0.038	1	ZNF124	c4
0.0771237669735571	0.326280089596542	0.028	0.021	1	ZNF395	c4
0.0921915842685919	-0.326270686017055	0.129	0.143	1	TFB1M	c4
0.14400412634225	-0.326189850826315	0.164	0.175	1	ZNF302	c4
0.0622481174747197	-0.326128141049089	0.085	0.099	1	MCUR1	c4
0.00625637156162358	-0.325976819604918	0.239	0.265	1	ZNF638	c4
0.0378335074430818	-0.325945040829221	0.093	0.111	1	SLC25A20	c4
0.209974180056424	-0.325808228585395	0.072	0.081	1	TOPORS	c4
0.229133638999093	0.325778472171035	0.012	0.008	1	ZBTB18	c4
0.373249577998457	-0.325618020026522	0.037	0.042	1	BRI3BP	c4
0.0665709942441119	-0.325403008795824	0.197	0.212	1	RAB8B	c4
0.000529766382128995	-0.325301825766347	0.43	0.447	1	JAK3	c4
0.00844943772198146	-0.325062858735109	0.29	0.31	1	CCM2	c4
0.112229756262663	-0.325059384971266	0.04	0.049	1	SLC35A2	c4
0.117297636852811	-0.324994346461765	0.132	0.144	1	FAM120A	c4
0.343572251533045	-0.324992611761821	0.155	0.16	1	PARP15	c4
0.00427829280703447	0.324977059297332	0.043	0.03	1	TRAV36DV7	c4
0.0666184899285368	-0.324901004206362	0.102	0.117	1	SLC30A5	c4
0.0461195274692363	-0.324836039426519	0.067	0.082	1	POC5	c4
0.249667538703072	-0.324831503195224	0.083	0.091	1	CTDNEP1	c4
0.569779989887605	-0.324627473302693	0.064	0.068	1	INTS1	c4
0.098083169561718	-0.324605645064061	0.093	0.106	1	YIPF2	c4
0.0595682117176833	-0.324577359023366	0.213	0.228	1	NINJ1	c4
0.00431206638224256	-0.324464706966909	0.271	0.294	1	NUDT5	c4
0.0205847160632422	-0.324463025274121	0.189	0.209	1	NCBP2-AS2	c4
0.235633627349063	-0.324400012135688	0.106	0.114	1	METTL14	c4
0.0213884020364001	-0.324383275931677	0.117	0.138	1	NUDT2	c4
0.203439016969937	0.324329608599805	0.02	0.016	1	AC145212.2	c4
0.020431908032745	-0.324321827968272	0.272	0.286	1	OXLD1	c4
0.115982116555431	-0.324304333281468	0.063	0.074	1	EPT1	c4
0.0821956949890925	-0.324157140287347	0.131	0.146	1	AP3D1	c4
0.446147304855052	-0.324091987561958	0.008	0.01	1	CCNJ	c4
0.750213589663593	-0.32405285899026	0.012	0.013	1	AGAP6	c4
0.0112169428297501	-0.323980678821809	0.257	0.277	1	ITGB1BP1	c4
0.000181065190198492	-0.323954470550722	0.405	0.425	1	NAPA	c4
0.000127453048804963	-0.323900325140739	0.396	0.427	1	ROCK1	c4
0.172600593302108	-0.323835642716179	0.095	0.105	1	CHERP	c4
0.364952305153886	-0.323788008528697	0.019	0.022	1	ULK1	c4
0.0292814215271534	-0.323743035110428	0.184	0.203	1	PYM1	c4
0.00040326609158271	-0.323722544591564	0.691	0.643	1	CORO1B	c4
0.000121136426254145	0.323619068672997	0.128	0.096	1	DLGAP4	c4
0.0344835345094704	-0.323396019680386	0.098	0.116	1	CEP135	c4
0.00307365909842925	-0.323317387054048	0.209	0.241	1	TMEM167A	c4
0.684012477467651	-0.323301950716405	0.046	0.048	1	ADHFE1	c4
0.200084700091358	-0.323254957192451	0.014	0.019	1	PRELID2	c4
0.398100650189805	-0.323188874919359	0.02	0.023	1	ZKSCAN5	c4
0.063659421211214	-0.323144994938692	0.084	0.099	1	SWI5	c4
0.0271963493780768	-0.322951471288601	0.067	0.084	1	PSMA2	c4
0.164842225945075	-0.322941253706041	0.06	0.069	1	ADCK4	c4
0.192879719777407	-0.322933958563095	0.054	0.063	1	SARS2	c4
0.153010879716578	-0.322866444238629	0.184	0.192	1	ERCC5	c4
0.0282670951839125	-0.322865200599162	0.223	0.243	1	TMEM259	c4
0.0244703547806792	-0.322608147214695	0.275	0.29	1	AKIRIN2	c4
0.102510542163814	-0.322580414297471	0.113	0.126	1	SLC35B1	c4
0.0702010706285181	-0.322505436350703	0.143	0.16	1	CDK6	c4
0.112309973670532	-0.322399320062001	0.077	0.089	1	FRMD8	c4
0.00359945965744472	-0.322397985236328	0.279	0.304	1	TRA2A	c4
0.269184185468352	0.322361596134454	0.016	0.012	1	AC002467.7	c4
0.0819929753207689	-0.322313212933628	0.05	0.061	1	ACTR8	c4
0.164763042889582	0.322273962072999	0.024	0.019	1	PLEKHN1	c4
0.0620075938067958	-0.322244647106127	0.176	0.192	1	TRIM14	c4
0.017388423985751	-0.322157367746325	0.2	0.223	1	PDHB	c4
0.0282002052367279	-0.322095105488359	0.07	0.087	1	ZC3H3	c4
0.00577317306447965	0.321981199935916	0.077	0.059	1	PAK1IP1	c4
0.000884508971773635	-0.321829980413765	0.258	0.292	1	ODC1	c4
0.266540997939065	-0.321797025659215	0.093	0.101	1	ADAT1	c4
0.00833379505804114	0.321610719539626	0.061	0.046	1	SLFN11	c4
0.0401522431828936	0.321502110858326	0.046	0.035	1	MKS1	c4
0.0144360823782274	-0.321408411618467	0.175	0.198	1	UNC13D	c4
0.0261413401512747	-0.321345515929958	0.204	0.222	1	DIP2A	c4
0.0973142066092335	0.32116482480981	0.023	0.017	1	GDPGP1	c4
0.154476748420536	-0.321154860621474	0.059	0.069	1	MIEF1	c4
0.596452302475984	-0.32107082933163	0.028	0.031	1	SLC2A13	c4
0.34038773775126	-0.320774112573168	0.072	0.078	1	ZNF429	c4
0.0278666458188262	-0.320663798567106	0.238	0.254	1	MRPL10	c4
0.315379048624806	-0.320576137449598	0.054	0.061	1	UNKL	c4
0.286166494745769	-0.320569803492653	0.107	0.115	1	AKAP10	c4
0.319750591348388	-0.320456437384986	0.055	0.061	1	MARCH2	c4
0.181732349063835	0.320440200418119	0.018	0.014	1	S1PR2	c4
0.437356060382549	-0.320424877312908	0.032	0.036	1	SLC25A14	c4
0.0526925431431525	-0.320342859596717	0.075	0.09	1	ZNF592	c4
0.356463916668351	-0.320273979857317	0.044	0.049	1	ZNF621	c4
0.217274463443001	-0.320172943116656	0.085	0.094	1	PHKB	c4
0.0870029099898226	-0.319986708573174	0.088	0.102	1	ACOT9	c4
0.0219288889499177	-0.319939658371294	0.116	0.137	1	SLC4A1AP	c4
0.0117308411310535	0.319930097326875	0.039	0.027	1	DENND3	c4
0.14692888343622	-0.319726389690565	0.009	0.013	1	ORC6	c4
0.0068013625946678	-0.319565700773835	0.334	0.349	1	CASP1	c4
0.112622536744411	0.319527008577809	0.02	0.015	1	CIPC	c4
4.24034900130843e-05	-0.319403629230999	0.432	0.451	1	NDUFS8	c4
0.179536855043466	-0.319370009565932	0.036	0.044	1	ACTR3C	c4
0.0235956609170516	0.319358144709868	0.046	0.035	1	TMEM25	c4
0.242222115233355	0.319344408469895	0.014	0.011	1	NPM2	c4
0.0795177134982284	-0.319262441631697	0.235	0.246	1	BTN3A1	c4
0.992434891769654	-0.319259971073158	0.025	0.025	1	HPGD	c4
0.0199968770186842	-0.319155215868565	0.18	0.201	1	RIC8A	c4
0.0856205519269437	0.318986694547168	0.037	0.029	1	UBXN8	c4
0.0237221060962563	-0.318884669878199	0.113	0.134	1	TMEM199	c4
0.000142907566631231	-0.318699306677534	0.418	0.445	1	GCC2	c4
0.327316742918844	-0.318545525952457	0.112	0.119	1	SIDT1	c4
0.40639517964414	-0.318528673524269	0.058	0.063	1	ZNHIT6	c4
0.0274543612062037	-0.318436430936719	0.134	0.154	1	SLC7A6OS	c4
0.00193820113467137	-0.318423063380912	0.207	0.237	1	GTF2H5	c4
0.268809622023141	-0.318344964194702	0.41	0.366	1	PIM2	c4
0.00238475805520341	-0.318241297701763	0.21	0.241	1	ZCRB1	c4
0.0540029302027707	-0.318180970941044	0.102	0.118	1	LARP1	c4
0.153564349266811	-0.317956719583396	0.072	0.082	1	PEX14	c4
0.0179847511326085	-0.317862588563948	0.174	0.196	1	POP4	c4
0.366972258929159	-0.317790481643335	0.057	0.063	1	USP21	c4
0.0114194240493157	-0.317782596056675	0.312	0.328	1	SECISBP2	c4
0.0992649328635906	0.31759942940054	0.011	0.007	1	CTD-2630F21.1	c4
0.000157534897887084	0.317564097803739	0.12	0.089	1	SFXN3	c4
0.0627757259068449	0.317528021554344	0.018	0.012	1	CH507-42P11.8	c4
0.0258029356906154	-0.317366882888217	0.234	0.253	1	MTG1	c4
0.0314207020205114	-0.317216270165331	0.09	0.108	1	U2AF1	c4
0.00279772786935757	0.317169855839836	0.084	0.064	1	ATF5	c4
0.0195859094104968	-0.317158338010129	0.151	0.174	1	STAMBP	c4
0.0322589907507645	-0.317107560143209	0.187	0.207	1	TRIM56	c4
0.1393880774491	-0.317021610271045	0.08	0.091	1	NCBP1	c4
0.0704317081113936	-0.316988569111947	0.106	0.122	1	TDP1	c4
0.00222488031664038	-0.316974589763367	0.531	0.521	1	SLFN5	c4
0.0015413969847457	-0.316961023715592	0.26	0.291	1	EMC6	c4
0.448344536946431	-0.316769845001414	0.057	0.062	1	ZNF680	c4
0.412374296536366	-0.316751787261757	0.056	0.061	1	VMAC	c4
0.300681787555767	-0.316726959768862	0.092	0.099	1	ATP9B	c4
0.0543270847338017	0.31662881305342	0.045	0.035	1	RP11-449H3.3	c4
0.465332775902863	-0.316458407791986	0.07	0.074	1	RP13-977J11.2	c4
0.298598232356675	-0.316328972392744	0.096	0.103	1	TRRAP	c4
0.229501564881501	-0.316196602424022	0.091	0.1	1	VPS37A	c4
0.270209322441443	-0.316174005686585	0.108	0.116	1	FAM122B	c4
0.287098533459357	-0.316154531419196	0.061	0.068	1	NUP85	c4
0.0866556623224308	0.316129943346394	0.014	0.01	1	LRFN3	c4
0.0666396537898724	-0.3160284661068	0.126	0.142	1	CRIPT	c4
0.00524766687216642	-0.31600047459662	0.272	0.297	1	SLC25A39	c4
0.220819304683624	-0.315897920749387	0.023	0.029	1	MYL5	c4
0.315838438374565	-0.315839096528189	0.13	0.136	1	ZNF224	c4
0.140985627481137	-0.315729298801238	0.049	0.059	1	BRPF1	c4
0.278792534069881	-0.315715605585281	0.055	0.062	1	LMBRD2	c4
0.352889662268907	-0.315575042289041	0.012	0.015	1	DARS-AS1	c4
0.0633604191249351	-0.315539857268482	0.213	0.229	1	RASGRP1	c4
0.615897791784213	-0.31552027995565	0.022	0.024	1	GALNT3	c4
0.0605799976451363	-0.315516198229553	0.193	0.209	1	FPGS	c4
0.0790957306498323	-0.315471701316482	0.044	0.055	1	TFB2M	c4
0.305283288091239	0.315397206167985	0.014	0.011	1	DLGAP3	c4
0.0476723050943589	-0.315340355343205	0.116	0.134	1	POLK	c4
0.00690397238030982	0.31530520639532	0.047	0.033	1	C1orf132	c4
0.0232286347202001	-0.315286258283529	0.092	0.111	1	MED16	c4
0.479410902854987	-0.315279053414866	0.009	0.011	1	FAM89A	c4
0.0963670630028732	-0.315198054096022	0.072	0.085	1	R3HCC1L	c4
0.0454489692227887	-0.315190778157121	0.335	0.342	1	PCSK7	c4
0.012617440815219	-0.315073867581177	0.23	0.252	1	NSD1	c4
0.058380625192415	0.3150536228795	0.048	0.038	1	FAR2	c4
8.23554484171882e-05	-0.314991237385634	0.51	0.514	1	RNF167	c4
0.136632090572808	-0.314788208580679	0.095	0.106	1	CRYL1	c4
0.00227593042763609	-0.31475197322159	0.341	0.36	1	SNRPA	c4
0.123132393611497	0.31469649555468	0.018	0.013	1	PLCB3	c4
0.00303539348199761	-0.314463353892321	0.313	0.335	1	NRBP1	c4
0.761780210920969	-0.314300067749463	0.064	0.065	1	TRAV17	c4
0.0724701903966954	0.314280708737065	0.054	0.044	1	RASGEF1B	c4
0.27828212974438	-0.314279735037708	0.095	0.102	1	BAZ2B	c4
0.0696546909589481	-0.314071635348075	0.101	0.116	1	ZFAND2A	c4
0.277226025571911	0.31395428198068	0.011	0.008	1	FRS3	c4
0.022563312890107	-0.313892844964165	0.284	0.298	1	C7orf50	c4
0.000465786153329968	-0.313870853141276	0.291	0.325	1	CWC15	c4
0.0085916400816507	-0.313732701505281	0.195	0.221	1	GTF2E2	c4
0.0203039943996091	-0.313688194466418	0.168	0.19	1	TPGS2	c4
0.234151071236129	-0.313587573870983	0.085	0.093	1	POLL	c4
0.688635629249286	-0.313516790021084	0.023	0.025	1	ZNF589	c4
0.661474463455943	-0.313508717134895	0.042	0.044	1	OGFRL1	c4
0.300512321323385	0.313439088857709	0.018	0.015	1	POMK	c4
0.163771974931488	-0.313431560755672	0.056	0.066	1	TIMM21	c4
0.0496204705116834	0.313387781878871	0.034	0.025	1	C2CD2L	c4
0.110542636163313	0.313355334787274	0.04	0.032	1	HVCN1	c4
0.423437230675982	-0.313260589959242	0.01	0.013	1	CCNYL1	c4
0.0233342187040007	0.313040952922723	0.017	0.011	1	ABO	c4
0.310904508535886	-0.312926337334184	0.033	0.039	1	UQCC1	c4
0.0641867307971423	-0.312854877006257	0.132	0.148	1	RINL	c4
0.271756996368702	-0.31283768113455	0.051	0.058	1	BRWD3	c4
0.00718715097859484	-0.312798380202419	0.255	0.279	1	DNAJC7	c4
0.330329515901051	-0.312760159201136	0.038	0.043	1	FDXR	c4
0.122489273356725	-0.312642371593388	0.077	0.088	1	BUD13	c4
0.3198964359876	-0.312632398795105	0.082	0.089	1	GGA3	c4
0.0204825729513584	-0.312374383446036	0.185	0.207	1	RTCB	c4
0.0811696512097175	-0.312361542389134	0.105	0.119	1	INSIG1	c4
0.0794152540088234	-0.312312938554732	0.07	0.083	1	KBTBD4	c4
0.596603193516415	-0.312305407168631	0.033	0.036	1	NDC1	c4
0.0210840328915502	-0.312203532377947	0.189	0.21	1	PWP1	c4
0.109194067131162	-0.312118293951808	0.13	0.144	1	SEL1L3	c4
0.00773188788688871	-0.312106018565352	0.253	0.277	1	SNRNP40	c4
0.00363793979616344	-0.312100073140863	0.255	0.284	1	ACADVL	c4
0.00902625713733448	-0.311939725994525	0.134	0.161	1	VMA21	c4
0.526767959582541	-0.311772588820709	0.074	0.077	1	PGGT1B	c4
0.226502925279003	-0.311681902738262	0.087	0.096	1	CTDSPL2	c4
0.00882503658327241	0.311664192333527	0.036	0.025	1	GKAP1	c4
0.00573907938741828	-0.311660195248419	0.422	0.428	1	AKNA	c4
0.0416468264409654	-0.311614877541522	0.271	0.285	1	LENG8	c4
0.310018925776101	-0.311613610361852	0.014	0.018	1	TSNARE1	c4
0.203661668845376	-0.311612456531174	0.098	0.108	1	NSF	c4
0.374520571116382	-0.311533328436127	0.083	0.089	1	RBM28	c4
0.177482778420921	-0.311469742466265	0.074	0.083	1	IFT43	c4
0.0232227615617059	-0.311429568046933	0.109	0.13	1	LPCAT3	c4
0.0882044354107558	0.311395582641965	0.035	0.027	1	FAM219A	c4
0.271874810240417	0.311325511960923	0.032	0.027	1	TFEB	c4
0.00565814555037179	-0.311308172891445	0.202	0.23	1	YIF1A	c4
0.0656140548542286	-0.311287810849843	0.061	0.075	1	KCNN4	c4
0.0940172464428591	-0.311167778863755	0.102	0.116	1	TFDP2	c4
0.000164737693518861	-0.31116757437597	0.448	0.46	1	PSTPIP1	c4
0.0051361906175539	-0.311019402241383	0.239	0.267	1	RBM42	c4
0.000315799161687405	-0.310976802438397	0.454	0.461	1	KPNB1	c4
0.178748602390491	-0.310748287805505	0.065	0.074	1	DHRS4-AS1	c4
0.541136106164088	-0.310704260391027	0.015	0.017	1	VPS9D1	c4
0.390851171025161	-0.310524631829221	0.038	0.042	1	CAPN15	c4
0.574353008134452	-0.310383577172257	0.038	0.041	1	SAMD4B	c4
6.23396530468678e-05	-0.310317971029205	0.415	0.437	1	ANP32A	c4
0.0161798893212375	-0.310267564801652	0.239	0.258	1	FAM200B	c4
0.381474170163217	-0.310260334701545	0.047	0.052	1	CROT	c4
0.104918600497121	-0.310159972473558	0.056	0.067	1	SHQ1	c4
0.990012917798518	-0.310132021782364	0.02	0.02	1	RP11-1017G21.5	c4
0.255862409895456	-0.310097543491828	0.081	0.089	1	PRPF39	c4
0.100295772126988	-0.310071434804986	0.077	0.089	1	PTRH1	c4
0.369144856927589	-0.310051963670987	0.054	0.059	1	LRRC40	c4
0.0223063241856815	-0.309908272652484	0.13	0.151	1	NDUFV3	c4
0.120989106012306	-0.309859336969566	0.093	0.105	1	CRKL	c4
0.224960533716501	-0.309629152119687	0.048	0.056	1	FNDC3B	c4
0.323160965609691	0.309584595563535	0.022	0.019	1	RP11-849H4.4	c4
0.0137635165692393	0.309562447488923	0.051	0.038	1	RP11-421L21.3	c4
0.0727340698725054	-0.309560799245812	0.429	0.412	1	GBP2	c4
0.166544502660153	0.309477635521493	0.017	0.012	1	ZNF582-AS1	c4
0.0420961797361433	-0.309469158814511	0.198	0.215	1	CNOT4	c4
0.148620340981755	0.30946233333083	0.02	0.015	1	ZNF816-ZNF321P	c4
0.931399035467545	-0.309300226133475	0.044	0.044	1	PLXDC1	c4
0.0703419183543916	-0.309072583781093	0.127	0.142	1	C1orf35	c4
0.106460391972399	-0.308975040708758	0.064	0.076	1	RABGAP1	c4
0.327055426815357	-0.308860855113324	0.048	0.054	1	PIAS2	c4
0.244260110252416	-0.30882933225199	0.098	0.106	1	MYSM1	c4
0.468232266878917	-0.308827283250733	0.013	0.015	1	RASGRP3	c4
0.094813862327228	-0.308798353280286	0.138	0.151	1	USP9X	c4
0.0517796945721163	-0.308702641763926	0.107	0.124	1	LRRC41	c4
0.00335937143216006	-0.308563667433747	0.231	0.259	1	COMT	c4
0.00993310881609439	-0.308562053721005	0.231	0.254	1	CCDC53	c4
0.288537232365071	-0.308488561615894	0.089	0.096	1	WDR11	c4
0.162844513301481	-0.30843211961926	0.056	0.066	1	SNX11	c4
0.256278829462182	0.308364070167908	0.014	0.011	1	RP11-706O15.1	c4
0.55670949507724	-0.308323059438492	0.071	0.074	1	TMEM131	c4
0.231569355570632	-0.308197872019423	0.085	0.093	1	DPH7	c4
0.889268339169753	-0.308061587798261	0.026	0.026	1	SNAPC4	c4
0.106621013591914	-0.308055776850223	0.02	0.027	1	FAH	c4
6.97924106919869e-05	0.307896845623587	0.146	0.11	1	FBLN5	c4
0.278098670869127	-0.307845932216552	0.038	0.044	1	SMCR8	c4
0.239578902652943	-0.307781742189295	0.046	0.053	1	TOE1	c4
0.140151516335041	0.307766033546228	0.015	0.011	1	LINC00544	c4
0.0653561652823888	0.3076534601451	0.043	0.033	1	PGBD2	c4
0.119349040823341	-0.307584736787264	0.192	0.203	1	PUM1	c4
0.346833643249192	-0.307398251133276	0.044	0.05	1	PPARD	c4
0.264159261219379	0.307381648086966	0.085	0.077	1	CEBPD	c4
0.248217986849821	-0.30738147806996	0.04	0.047	1	MOSPD1	c4
0.188491745933313	-0.307318429755907	0.067	0.076	1	ALG6	c4
0.0543146034136339	-0.30729609537988	0.08	0.095	1	LARP4	c4
0.0173455580023245	-0.307263071477422	0.2	0.223	1	PPP2CA	c4
0.0535330089083491	-0.307178137464137	0.181	0.197	1	RAP1GDS1	c4
0.272498291111217	-0.307174224494997	0.016	0.02	1	TOLLIP-AS1	c4
0.0951893725066432	-0.307071026939408	0.074	0.087	1	NOC4L	c4
0.155356055859906	-0.307029884703353	0.123	0.134	1	ADCY7	c4
0.063043929183828	0.306990651286291	0.025	0.018	1	ANKEF1	c4
0.0138378862227594	0.306959328632264	0.088	0.071	1	SCYL3	c4
0.0150283005636482	-0.306950552975976	0.261	0.28	1	CCDC90B	c4
0.183901523943057	-0.306862160105836	0.087	0.097	1	PEX3	c4
0.0887266345964435	-0.306823283951385	0.107	0.121	1	HDAC10	c4
0.428836294418822	-0.306710913752767	0.016	0.019	1	CRAMP1	c4
0.0798564018750922	-0.306567531271367	0.148	0.163	1	PRCC	c4
0.0686082490261661	-0.306545753813136	0.126	0.141	1	CWC27	c4
0.0146165751316556	-0.306515710924641	0.155	0.179	1	MED8	c4
0.00162336204089325	0.306216075046807	0.122	0.096	1	ERO1A	c4
0.302749614535221	-0.305865773863097	0.072	0.079	1	PIP5K1A	c4
0.311477668007892	-0.305662736324982	0.069	0.076	1	PEX1	c4
0.108126074807134	-0.305651754734012	0.081	0.093	1	SCAMP1	c4
3.53082483806598e-05	-0.305643111163461	0.475	0.495	1	ARGLU1	c4
0.0216592856223201	-0.305624111390447	0.171	0.193	1	MRPL27	c4
0.433374814271376	-0.305608464421027	0.03	0.034	1	ACAD10	c4
0.18075916916878	-0.305495797936914	0.077	0.087	1	COG1	c4
0.31644660604515	-0.305395579248926	0.036	0.042	1	SKP2	c4
0.00180493570045221	0.305391366412159	0.111	0.086	1	AAED1	c4
0.105845484639973	-0.305239480878148	0.053	0.064	1	WBP1L	c4
0.461850886008275	-0.305137762976232	0.072	0.076	1	CIZ1	c4
0.969952045756184	-0.305126060243498	0.013	0.013	1	ZNF473	c4
0.0245069457697173	-0.305122418858737	0.11	0.13	1	CTNNBL1	c4
0.313917819905	-0.304892098426664	0.044	0.05	1	SLC35F5	c4
0.00227880804777679	-0.304821407060298	0.267	0.295	1	DENND1C	c4
0.0818028998182131	-0.304767825401179	0.116	0.131	1	TANGO2	c4
0.155356384109316	-0.304746469767899	0.072	0.083	1	DDX26B	c4
0.439601460287096	-0.304743783860087	0.047	0.051	1	ZNF564	c4
7.1297557758421e-05	-0.304736010830801	0.433	0.449	1	NDUFS6	c4
0.000126731105042836	-0.304602308683111	0.429	0.455	1	MYCBP2	c4
0.190175226393437	0.304586267621444	0.036	0.03	1	PDCD2L	c4
0.00321598426452746	-0.30457401790052	0.239	0.267	1	ZBTB8OS	c4
0.0871206840991862	-0.304508711645098	0.074	0.087	1	FTSJ2	c4
0.0152665345992331	-0.30445404299283	0.192	0.214	1	MRPL22	c4
0.621899708509296	-0.30438992899694	0.034	0.036	1	RP5-821D11.7	c4
0.206339533196526	-0.304381660357454	0.087	0.097	1	DFFA	c4
0.0548799453968244	-0.30437902234053	0.293	0.301	1	AFF4	c4
0.12398464002285	-0.304318939296299	0.064	0.076	1	PDPR	c4
0.141763785911833	-0.304305735226914	0.085	0.096	1	SNUPN	c4
0.421349196333012	0.304219703255395	0.01	0.008	1	ZNF343	c4
0.140443574428745	-0.304139253231658	0.078	0.089	1	PGM2	c4
0.502635263774442	-0.304063305221096	0.027	0.031	1	ZNF548	c4
0.0588228513275476	0.304060636162903	0.031	0.023	1	RP11-367G6.3	c4
0.121735891966506	-0.303960684524787	0.101	0.113	1	BRD3	c4
0.313763978167959	-0.30386968697759	0.087	0.094	1	TAF1	c4
0.0401225027075386	-0.303826188676607	0.084	0.101	1	APEX2	c4
0.000156639963510526	-0.303746244415714	0.384	0.411	1	C17orf62	c4
0.109104710275332	-0.303737487797914	0.134	0.147	1	MIB2	c4
0.000684945418072579	-0.30368429201803	0.411	0.433	1	PPP1R12A	c4
0.204777513663995	-0.303605901628422	0.103	0.113	1	TMEM242	c4
0.542013004528778	-0.303423970342989	0.028	0.031	1	HPSE	c4
0.24290633114105	-0.303402800823646	0.06	0.068	1	C5orf22	c4
0.000154177825826377	0.30338563035183	0.074	0.051	1	RREB1	c4
0.22470151544985	-0.303378526415158	0.056	0.063	1	SPIN2B	c4
0.464637007564096	0.303369826697257	0.012	0.01	1	DZANK1	c4
0.000958901861152226	-0.303294193948937	0.312	0.342	1	ANAPC5	c4
0.417966689122506	-0.303290142007606	0.02	0.023	1	SPECC1	c4
0.242487815962225	-0.303255183633714	0.123	0.131	1	TTC39B	c4
0.312353694097399	-0.303194082555089	0.035	0.04	1	POLD1	c4
0.543314094906086	-0.303153268687759	0.038	0.041	1	IMPAD1	c4
0.0548401280981487	-0.303135995826005	0.093	0.109	1	PIGF	c4
0.746726766148424	-0.303047947415511	0.059	0.06	1	PP7080	c4
0.0215217862970137	-0.303036412562055	0.235	0.255	1	LYPLA1	c4
0.353673133475822	0.302969344756759	0.012	0.009	1	ADGRL1	c4
0.431984855036872	-0.302895636893776	0.051	0.056	1	ARFGEF2	c4
0.0247838382631307	0.302785026761888	0.041	0.03	1	RP3-395M20.8	c4
0.477045453382111	-0.302695184121177	0.028	0.032	1	KDELC2	c4
0.043786699937837	-0.302601268203551	0.108	0.126	1	DNAJB12	c4
7.70675837047233e-05	-0.302503468373675	0.594	0.594	1	LITAF	c4
0.276698593499231	0.302351886434288	0.031	0.026	1	ABHD4	c4
0.0665804241607389	-0.302318589854746	0.172	0.188	1	AK3	c4
0.680387513802228	0.302300756718922	0.035	0.033	1	TRBV28	c4
0.20500187402748	-0.302276578162215	0.108	0.118	1	RHOT1	c4
0.171909411653283	-0.302234710379525	0.068	0.078	1	BICD1	c4
0.693905416042434	-0.302232104395734	0.037	0.039	1	RAD54L2	c4
0.380802034679186	-0.302224002335853	0.038	0.042	1	YTHDF1	c4
0.487597562951099	-0.302048780541284	0.162	0.15	1	IGFBP4	c4
0.0271364372230569	-0.301975050072906	0.268	0.285	1	EPS15	c4
0.0640750808421761	-0.30191192898271	0.058	0.071	1	OAZ2	c4
0.435674706480715	-0.301893008905643	0.01	0.012	1	ARHGEF5	c4
0.00376466386009077	0.30169782350089	0.031	0.02	1	KLF5	c4
0.00137952304804876	-0.301619717848656	0.445	0.451	1	ARID5A	c4
0.0629524747816087	-0.301617331268838	0.091	0.106	1	TRAPPC9	c4
0.000236403627518736	-0.301375556289786	0.379	0.4	1	SNRPC	c4
0.108040457698527	-0.301345354050303	0.146	0.159	1	ATP11B	c4
0.0863269167244545	-0.301262177222206	0.142	0.158	1	NCBP3	c4
0.434096276347169	-0.300962803558186	0.035	0.039	1	RAB11FIP2	c4
0.243358724648006	-0.300961485301619	0.038	0.045	1	LRRC45	c4
0.899192635487152	0.300855278647747	0.017	0.016	1	ST20-MTHFS	c4
0.361347766103132	-0.300837120772008	0.036	0.041	1	AP4S1	c4
0.579217417004568	-0.300750992280381	0.123	0.124	1	TCTN3	c4
0.147610983124957	-0.300730765208116	0.082	0.093	1	RMND5B	c4
0.235824245478463	-0.300682823745101	0.268	0.267	1	SYTL3	c4
0.209183487621503	0.300664896018963	0.025	0.02	1	CARM1	c4
0.0194588276124742	-0.300657932925637	0.188	0.211	1	TMEM14A	c4
0.306149350409287	-0.300655575335314	0.02	0.024	1	RP11-395B7.4	c4
0.148658235324499	-0.300514179431286	0.074	0.085	1	FBXO38	c4
0.0415395703222507	0.300427755793124	0.025	0.018	1	ARF4-AS1	c4
0.00680205386070032	-0.300424201464292	0.213	0.241	1	DERL2	c4
0.0153123670063352	-0.3003942715627	0.239	0.259	1	RNF4	c4
0.0034044174177507	-0.300312569477976	0.352	0.366	1	ATP5G1	c4
0.948867391536923	-0.300297153356643	0.014	0.014	1	KCTD21-AS1	c4
0.380133518287753	-0.300287232653093	0.063	0.068	1	TMCO6	c4
0.31344646876818	-0.300191353538202	0.073	0.08	1	SLC25A13	c4
0.0579041126768876	-0.300190064866876	0.179	0.195	1	FAM120AOS	c4
0.167610441626766	-0.300077573670734	0.173	0.184	1	DTX3L	c4
0.273551285914817	-0.300055348425567	0.098	0.106	1	SMIM8	c4
0.0607618116982288	-0.300036164817697	0.084	0.099	1	IFT52	c4
0.0410651860734912	-0.300015038475039	0.275	0.29	1	BPTF	c4
5.82299342778004e-05	-0.29998511038724	0.427	0.449	1	DGUOK	c4
0.177414404334822	-0.299815382155903	0.106	0.116	1	POLR2D	c4
0.0435306173785294	-0.299741264682073	0.132	0.111	1	TRBV20-1	c4
0.303453095419937	-0.299704238263617	0.108	0.116	1	RNF111	c4
0.00259897055361793	0.299667474413412	0.068	0.049	1	RP11-798M19.6	c4
0.520930236617629	-0.29965341526915	0.04	0.044	1	RRP36	c4
0.0128695912928518	-0.299624020181098	0.248	0.271	1	GON4L	c4
0.42140742529636	-0.299562175256299	0.038	0.043	1	ARSK	c4
0.128374057840249	-0.299538216419976	0.127	0.139	1	HSD17B7	c4
0.258721597172614	-0.2994891614073	0.101	0.109	1	FAM126B	c4
0.589929743346377	-0.299423510386745	0.033	0.035	1	DUS4L	c4
0.061368686427817	0.29935061424264	0.037	0.028	1	LYSMD4	c4
0.00891945790205359	-0.299262247855911	0.262	0.286	1	EMC7	c4
0.0272133998184306	-0.29895017144795	0.151	0.172	1	BAD	c4
0.513838072722309	-0.298933536192765	0.027	0.03	1	TRAF3IP2-AS1	c4
0.0630644100885293	-0.298932259214351	0.147	0.163	1	CDK11A	c4
0.120584345906589	-0.298895979576491	0.113	0.125	1	GLRX5	c4
0.09313998464937	-0.29866667034491	0.061	0.074	1	TRAPPC13	c4
0.0117025386654518	-0.298642019950656	0.309	0.325	1	POLR2F	c4
0.204149185152133	-0.298607633903147	0.097	0.106	1	INTS12	c4
0.10734776326194	-0.298509624167039	0.113	0.126	1	HAT1	c4
0.0871990974893463	-0.298481974342742	0.11	0.125	1	COG4	c4
0.00199777646350152	-0.298424740530775	0.26	0.29	1	NDUFS3	c4
0.000125839559183826	0.29836780758809	0.104	0.075	1	TCEAL3	c4
0.203855547617045	-0.298356141050694	0.041	0.049	1	SLC25A33	c4
0.0119241875289538	0.298312342354307	0.082	0.065	1	LIN7C	c4
0.00935196021362376	-0.298303081999933	0.299	0.319	1	MGAT1	c4
0.182952709295443	-0.298126219969289	0.037	0.044	1	APOPT1	c4
0.263914948203246	-0.298104971280951	0.069	0.076	1	DLEU1	c4
4.42921208212056e-05	-0.298045728163776	0.461	0.472	1	NDUFS7	c4
0.0444620231084657	-0.298008157731617	0.078	0.094	1	OGG1	c4
0.13992317762588	-0.297960979089827	0.106	0.118	1	SMG7	c4
0.0882181296823212	-0.297895342047956	0.158	0.172	1	NUDT4	c4
0.947912877011021	-0.297885742148005	0.027	0.026	1	WDR27	c4
0.0497329714412195	-0.297698865640786	0.141	0.159	1	IGSF8	c4
0.287280650281613	-0.297669438136288	0.077	0.084	1	ZBTB17	c4
0.0649669146125343	-0.297539879073576	0.148	0.165	1	MPPE1	c4
0.286235133780768	-0.297514290661765	0.065	0.072	1	RPRD1B	c4
0.255718166815267	-0.297469387111226	0.05	0.057	1	RPS6KC1	c4
0.429634602167885	-0.297442791057038	0.055	0.06	1	USP19	c4
0.15981442022416	-0.297413435934464	0.045	0.054	1	LACTB	c4
0.00796248629881885	-0.297237642299188	0.215	0.242	1	SNX20	c4
0.741616864346751	-0.297130541335179	0.031	0.032	1	FAM46A	c4
0.205428607117087	-0.297078804658832	0.116	0.126	1	ZNF451	c4
0.0765227014013576	-0.29704728452394	0.038	0.049	1	ENDOV	c4
0.172585079159084	0.297025851582477	0.023	0.018	1	IFT122	c4
0.465326721030799	-0.297023169259846	0.065	0.069	1	AASDH	c4
5.27254340562573e-05	-0.296972912377004	0.369	0.401	1	SRSF4	c4
0.000184376280060623	0.296941548724092	0.236	0.192	1	SOD2	c4
5.33803998784633e-05	0.296935114320611	0.221	0.177	1	HTATSF1	c4
0.576447717621601	-0.296877967951185	0.021	0.023	1	FMO4	c4
0.0228637966207743	-0.296828679156835	0.291	0.303	1	PYCARD	c4
0.0543783754537578	-0.296801513806425	0.164	0.182	1	TBL1XR1	c4
0.0278445402717017	-0.296797239613279	0.223	0.242	1	NUTM2A-AS1	c4
0.223702027825603	-0.296657534708863	0.04	0.047	1	CTC-459F4.3	c4
0.919081194727616	-0.296616448019064	0.024	0.024	1	ZNF891	c4
0.0283482706336346	-0.296592960354356	0.21	0.23	1	C22orf39	c4
0.0110684490447567	-0.296532972534158	0.204	0.229	1	CHORDC1	c4
0.00831002686141826	-0.296245412470509	0.211	0.237	1	ITPA	c4
0.460288948968774	-0.296239735007583	0.014	0.017	1	ZKSCAN3	c4
0.133939771818916	-0.296235359415093	0.064	0.074	1	FUT11	c4
0.0380468860419938	-0.296209988010272	0.143	0.162	1	GLYR1	c4
0.191772036042743	-0.296207643349443	0.094	0.104	1	TTN-AS1	c4
0.0706803333097946	-0.296124589849299	0.187	0.204	1	BLOC1S1	c4
0.362632872239807	-0.296082934424015	0.034	0.039	1	ETAA1	c4
0.521745772461846	-0.29606524160605	0.027	0.03	1	ZNF439	c4
0.0111291462783128	-0.296061986188411	0.32	0.337	1	CCDC88C	c4
0.104261182078287	-0.295960574428654	0.213	0.224	1	FBXO32	c4
0.0181192456052871	-0.295771603086564	0.274	0.291	1	DENR	c4
0.401998796645882	-0.295726850037069	0.093	0.099	1	CEP95	c4
0.113915777090408	0.295682924684126	0.023	0.017	1	MTL5	c4
0.0885023664889664	-0.295642411533545	0.234	0.245	1	UPF2	c4
0.502016312617553	-0.295508457200623	0.076	0.08	1	SCYL2	c4
0.00263860376762323	0.295261939718757	0.066	0.047	1	CTBP1-AS2	c4
0.320724779970404	-0.295251636259419	0.03	0.035	1	MED22	c4
0.248893993719023	-0.295122907963735	0.027	0.033	1	ATAD3A	c4
0.138471231592082	-0.295097473455407	0.221	0.23	1	ZNFX1	c4
0.10195267642846	-0.295082467416042	0.047	0.058	1	HGH1	c4
0.164259377277914	-0.295063364671682	0.088	0.099	1	TRIM33	c4
0.413811689296493	-0.294927785529377	0.031	0.035	1	MICAL3	c4
0.00882652604474574	-0.29483895076137	0.228	0.253	1	COA3	c4
0.14223061395287	0.294832060730824	0.015	0.011	1	DNAJC27-AS1	c4
0.429561494458186	-0.294809827179796	0.025	0.029	1	LSM14B	c4
0.501195578616673	-0.294787011172824	0.089	0.093	1	TBCK	c4
0.332534833056618	-0.294749864719588	0.154	0.158	1	NCK2	c4
0.124626892051586	0.294708941897574	0.025	0.019	1	PAPD7	c4
0.0807801493990312	-0.294599928219674	0.137	0.152	1	AP2A1	c4
0.246015180876205	-0.294596726564574	0.014	0.019	1	TNS4	c4
0.363185305195133	-0.294562539158543	0.049	0.055	1	ICAM1	c4
0.0726198914514091	-0.294515691633972	0.098	0.113	1	SCO1	c4
0.104445381637924	-0.294506031791192	0.048	0.059	1	MSH6	c4
0.110754889535204	-0.294468495122267	0.091	0.104	1	CMTR1	c4
0.0238030727948842	-0.294383247677714	0.278	0.293	1	NDUFS2	c4
0.347075032931297	-0.294370108874612	0.018	0.022	1	KNTC1	c4
0.0567316947692883	-0.294283943390156	0.084	0.099	1	HENMT1	c4
0.352713323577836	-0.294084509926899	0.103	0.109	1	LYRM7	c4
0.204944527907454	-0.294003015806402	0.051	0.059	1	UBXN2B	c4
0.00288081409458499	-0.293992176724991	0.309	0.333	1	REST	c4
0.00220052467026628	-0.293971851061151	0.333	0.359	1	TOP1	c4
0.906412521995731	-0.293965182240508	0.039	0.039	1	LACTB2-AS1	c4
0.0143560155052903	-0.293839896971994	0.206	0.23	1	SMARCB1	c4
0.240707571753029	-0.293809979394237	0.072	0.081	1	AMBRA1	c4
0.493308830363971	-0.293801671138621	0.009	0.011	1	ZNF829	c4
0.475126640658642	-0.293679942970277	0.033	0.036	1	TMEM177	c4
0.213401790199421	-0.293658181447556	0.026	0.032	1	TBC1D10B	c4
0.634394593979522	-0.293544862487651	0.058	0.06	1	MTERF1	c4
0.000241902970935595	-0.293424875204218	0.419	0.433	1	RNF181	c4
0.45921275063431	-0.293397133313983	0.035	0.039	1	RP11-162A12.2	c4
0.0400054680154512	-0.293392382406136	0.126	0.144	1	PMM1	c4
0.000718880592997882	0.293375609213408	0.057	0.038	1	AUTS2	c4
0.216002521769832	0.293159463352127	0.019	0.015	1	RP11-574F21.2	c4
0.244270302891233	-0.293147569905544	0.067	0.074	1	AKAP8	c4
0.441880319943619	-0.293133058945001	0.03	0.034	1	ABL2	c4
3.09787592984823e-05	-0.293049933653713	0.448	0.47	1	RAB11B	c4
0.0576553482698778	-0.292794781432604	0.148	0.165	1	HDAC3	c4
0.223584834138813	0.292593689206035	0.022	0.017	1	ZNF530	c4
0.0476437340887632	-0.292390967154065	0.168	0.186	1	DUSP23	c4
0.166912588448658	-0.292365316107008	0.047	0.056	1	TEX30	c4
0.444907815505249	-0.29236167167013	0.041	0.045	1	RP11-297D21.4	c4
0.621989248635937	-0.292357138974821	0.038	0.04	1	DCBLD1	c4
0.571206384144745	-0.292353266552333	0.065	0.068	1	PATZ1	c4
0.446924310282017	-0.2923315495537	0.103	0.107	1	METTL4	c4
0.022984516843507	-0.292287102562227	0.26	0.279	1	COMMD1	c4
0.273453447567825	-0.292211155611456	0.059	0.067	1	NCALD	c4
0.0382246199845038	0.292173128719293	0.037	0.027	1	PPP1R3B	c4
0.317191241800483	-0.292156282264375	0.007	0.01	1	ZNF57	c4
0.105818219529098	-0.292151413181627	0.173	0.185	1	EXOC4	c4
0.0118270823107222	-0.292046561716248	0.155	0.181	1	COMMD4	c4
0.260942279408315	-0.291908422561255	0.198	0.204	1	PDE7A	c4
0.0199600105717531	-0.291887580643752	0.215	0.236	1	PRKD2	c4
0.1661032582298	-0.291792452755264	0.121	0.131	1	RAB28	c4
0.574400103950634	-0.291729251872177	0.061	0.065	1	IDE	c4
0.622138678259973	-0.291599273166478	0.054	0.056	1	MYO19	c4
0.0146498723694558	0.291592264100363	0.065	0.05	1	EMC1	c4
0.00446387326513102	0.291449926667894	0.104	0.082	1	DDAH2	c4
0.598488619968262	-0.291367447404999	0.013	0.015	1	CBWD3	c4
0.83262705290187	-0.291176522624906	0.011	0.011	1	OLMALINC	c4
0.417703527989391	-0.291160803071318	0.067	0.072	1	CSNK1G1	c4
0.0433269428768507	-0.291090574905806	0.11	0.128	1	ELP6	c4
0.0914826717726535	-0.290969291832574	0.086	0.099	1	PGRMC1	c4
0.189372379138166	-0.290914244498049	0.034	0.041	1	MKL2	c4
0.260261740920774	-0.290898559720572	0.077	0.085	1	C6orf203	c4
0.0173693444391671	-0.290890163803584	0.26	0.282	1	CEP57	c4
0.302469386469863	-0.290847300846743	0.059	0.066	1	STRADA	c4
0.0191191683423155	0.290835220862079	0.058	0.044	1	ZNF563	c4
0.522193420050937	-0.290773794448189	0.053	0.056	1	ZNF213-AS1	c4
0.0164520120548111	-0.290723394387513	0.132	0.156	1	AP1S1	c4
0.483608712387255	-0.290722353465055	0.052	0.056	1	BICD2	c4
0.263752287200343	-0.29062687513028	0.054	0.061	1	CFL2	c4
0.544918108233485	-0.290620908590881	0.064	0.068	1	PPFIA1	c4
0.00138369382009023	-0.290513884275923	0.307	0.333	1	SLIRP	c4
0.449520504547293	-0.290485792747786	0.238	0.235	1	ATXN7	c4
0.281816126511433	-0.290398540361416	0.081	0.089	1	TRUB2	c4
0.770049276413803	-0.290354793907033	0.099	0.099	1	R3HDM2	c4
0.529354224552595	-0.290276940316821	0.009	0.011	1	RPGRIP1L	c4
0.150156445390293	-0.290276387039886	0.217	0.227	1	PJA2	c4
5.2428024823405e-05	-0.29024067341892	0.448	0.467	1	NDUFA6	c4
0.45359218929675	-0.290205963039764	0.032	0.036	1	VARS2	c4
0.323831926601203	-0.290066547018913	0.069	0.076	1	JMY	c4
0.280091719761605	-0.290056414547795	0.035	0.041	1	DENND1A	c4
0.00128655280731442	-0.290020400768297	0.328	0.353	1	PSMD4	c4
0.000411530550735256	-0.289970828609471	0.386	0.407	1	ENY2	c4
0.335959367899257	-0.2899492136292	0.011	0.014	1	PFAS	c4
0.0205799172655031	-0.289888358087492	0.253	0.27	1	HSD17B10	c4
0.00737645915517766	-0.28983280600332	0.211	0.239	1	GID8	c4
0.111722603675407	-0.289701173132258	0.204	0.216	1	ZC3H11A	c4
0.0366402379057058	-0.289685345397659	0.111	0.129	1	RAE1	c4
0.271065755654832	-0.289659161105006	0.017	0.021	1	NRL	c4
0.00848923636303726	-0.289637602224466	0.257	0.281	1	MRPS7	c4
0.132383512996921	-0.289618376509801	0.148	0.16	1	PSPC1	c4
0.499439217428272	-0.289277703575123	0.013	0.015	1	OSBPL11	c4
0.160061896535549	-0.289273906739884	0.033	0.041	1	ZFP91	c4
3.65766368886721e-05	0.28916156097238	0.123	0.088	1	LINC00239	c4
0.473009059171099	-0.289000357467133	0.038	0.041	1	ZMYM4	c4
0.299504513132193	-0.288958177721527	0.069	0.076	1	UCK1	c4
0.342651176168951	-0.288866294867468	0.048	0.054	1	OTUD4	c4
0.0247763799832617	-0.288792325077626	0.231	0.251	1	ACIN1	c4
0.412070810083717	-0.288655888006574	0.028	0.025	1	TRAV39	c4
0.46037421568385	-0.288501806991395	0.037	0.041	1	SLC10A7	c4
0.638462581101146	-0.288489571691345	0.038	0.04	1	RP11-127B20.3	c4
0.460416853722297	-0.288474251704407	0.018	0.021	1	RP1-244F24.1	c4
0.00934595306202051	-0.288279633504173	0.221	0.248	1	SRA1	c4
0.812502927971665	-0.288200777310812	0.01	0.011	1	GAS8	c4
0.664792455065204	-0.288054106544786	0.061	0.064	1	BTBD9	c4
0.321383228809004	-0.287952709543222	0.014	0.017	1	ABL1	c4
0.467084012924253	-0.287927242843797	0.025	0.028	1	THAP9-AS1	c4
0.0396400230964234	-0.287901710074091	0.258	0.274	1	SIAH2	c4
2.99694424434112e-05	0.287819589325838	0.16	0.12	1	PRCP	c4
0.0195881690500057	0.287736389310977	0.029	0.02	1	TNK1	c4
0.204993499815138	0.28766385569087	0.017	0.013	1	ZBTB3	c4
0.0235347756045281	-0.287635115288953	0.219	0.239	1	HPRT1	c4
0.404062328742901	0.287633640265771	0.02	0.017	1	OR2A1-AS1	c4
0.000562853387341479	0.287601665394031	0.08	0.056	1	TAF4B	c4
0.0737110109608803	-0.287563203027529	0.146	0.162	1	NIP7	c4
0.033001555473063	-0.287539042983626	0.279	0.295	1	APOL6	c4
0.183877696834576	-0.287373648457096	0.012	0.017	1	TET3	c4
0.141241883692918	-0.287347633475032	0.162	0.174	1	SLC25A45	c4
0.332012708815259	-0.287340915135819	0.114	0.121	1	IFIH1	c4
0.0340316801137207	-0.287180237636987	0.242	0.258	1	OGFR	c4
0.0737675762994654	-0.287166616362163	0.129	0.146	1	GET4	c4
0.0324057442803102	0.287119599932729	0.031	0.022	1	TEC	c4
0.00819276938824295	0.287097723972824	0.051	0.037	1	PLXNC1	c4
0.181018270600759	0.287084024191476	0.04	0.033	1	GSTM2	c4
0.00864597296719282	-0.287070496654571	0.297	0.317	1	ABI1	c4
0.525177547881223	-0.287044444032856	0.014	0.016	1	RTEL1	c4
0.207385146946824	-0.28692728738161	0.129	0.139	1	CCNB1IP1	c4
0.610070827564174	-0.286811455556105	0.114	0.116	1	NPC1	c4
0.0582555965929691	-0.286767524514754	0.142	0.159	1	GFER	c4
0.266162771707561	-0.286749862279362	0.145	0.154	1	KPNA4	c4
0.325249629840476	-0.286732965407032	0.043	0.049	1	EEF2KMT	c4
0.0705858587025341	-0.286648578180566	0.171	0.187	1	USP22	c4
0.369800650182763	-0.286616380186127	0.088	0.094	1	NISCH	c4
0.0217247242861062	0.286599910840396	0.046	0.034	1	KIF16B	c4
0.257651999409495	-0.286507646133936	0.046	0.052	1	BPNT1	c4
0.144159196386503	-0.286496543794484	0.14	0.151	1	RDH14	c4
0.272818261579645	-0.286342121465703	0.068	0.076	1	PXK	c4
0.365184623960305	-0.286273641802397	0.04	0.045	1	MCM9	c4
0.806028790476173	-0.28620990762589	0.015	0.016	1	FLJ21408	c4
0.0776510640978892	-0.286192409991595	0.192	0.206	1	CLK3	c4
0.00559473700136848	-0.286100568103188	0.384	0.393	1	PSMA1	c4
0.0655903759535402	-0.286068842526798	0.142	0.159	1	FOPNL	c4
0.219017974741497	-0.286067944183069	0.077	0.086	1	GIPC1	c4
0.0576850039442402	-0.285802935141677	0.198	0.214	1	ELOF1	c4
0.00466919171522986	-0.285788158703306	0.487	0.484	1	IQGAP1	c4
0.253662562273269	-0.285601918796337	0.043	0.05	1	MRGBP	c4
0.0280080321499896	-0.285357840611576	0.162	0.184	1	YIF1B	c4
0.000297049602519639	-0.285337733235624	0.402	0.424	1	UQCRFS1	c4
0.259131609454578	-0.285337666217029	0.072	0.08	1	TRIM37	c4
0.0676181503940551	0.285144370379625	0.039	0.03	1	MPP1	c4
0.693054195017742	-0.285059873217416	0.046	0.048	1	RP11-23P13.6	c4
0.858489804379314	-0.285015547264074	0.03	0.031	1	LSS	c4
0.890077251624281	-0.284977410390534	0.013	0.013	1	RP11-134G8.7	c4
0.296016283632124	-0.28496194558815	0.087	0.095	1	CUL3	c4
0.0594054967490947	-0.284795799462021	0.161	0.18	1	KAT6B	c4
0.611803818782084	-0.2847291230377	0.077	0.079	1	SPRTN	c4
0.0659857708155683	-0.284704261191175	0.151	0.167	1	TSN	c4
0.0444201608799333	0.284567954012767	0.032	0.023	1	HIST1H3A	c4
0.328511088500252	-0.284540357050171	0.076	0.083	1	MVD	c4
0.0659006778050694	-0.284495129546939	0.15	0.166	1	FOXO1	c4
0.345597196966012	-0.284464675257416	0.109	0.116	1	ITPR1	c4
0.210765878772685	-0.284446389192792	0.116	0.125	1	ZNF766	c4
0.303220973682024	-0.284418451927758	0.06	0.067	1	ZNF718	c4
0.447091069981126	-0.284388575597041	0.084	0.089	1	CCDC84	c4
0.112548173025428	-0.284377683401245	0.223	0.234	1	GTF2I	c4
0.815402836356301	-0.28436938727384	0.03	0.031	1	MTERF2	c4
0.101500166737251	-0.284336857988158	0.079	0.091	1	DYRK4	c4
0.0510059275514995	-0.284322406230668	0.077	0.093	1	ADORA2A	c4
0.00427216227052598	-0.284292780599854	0.325	0.346	1	CHMP5	c4
0.051107225454221	-0.284224266951689	0.254	0.269	1	PHF14	c4
0.070351574057504	-0.284107502026959	0.145	0.161	1	MRPS18A	c4
0.0134324511332081	0.284030912861184	0.085	0.067	1	HYI	c4
0.321705846490687	-0.283967968198827	0.055	0.061	1	PAOX	c4
0.0465110402560376	-0.28387381032934	0.098	0.115	1	DHRSX	c4
0.550268648300566	-0.283868878960801	0.017	0.02	1	MTPAP	c4
0.288767904893774	0.283834956299708	0.031	0.026	1	CCDC88A	c4
0.176191235959922	0.283828430702405	0.031	0.025	1	SEPT8	c4
0.185725031124845	-0.283759948443994	0.118	0.129	1	UGCG	c4
0.0589397892836186	-0.283487552253162	0.176	0.193	1	MPV17	c4
0.331465469743503	-0.283465666927262	0.049	0.055	1	TYW5	c4
0.276017881792077	-0.283440566635817	0.031	0.037	1	FAM102B	c4
0.193893632768606	-0.283400702470335	0.161	0.171	1	KLHL24	c4
0.503427959213574	-0.283329353651027	0.056	0.06	1	PAXBP1	c4
0.842912056824436	-0.283311867250899	0.038	0.039	1	ZNF678	c4
0.0500104072268548	-0.283265242464366	0.277	0.287	1	ETFA	c4
0.471055876269647	-0.28306117381919	0.119	0.123	1	REV3L	c4
0.49727321793659	-0.282973514797548	0.036	0.04	1	TCEB3-AS1	c4
0.00483918057554354	-0.282938945407941	0.272	0.298	1	SMARCE1	c4
0.532001016347208	-0.282921919454385	0.034	0.037	1	ZNF184	c4
0.187986273859654	-0.282882169195875	0.121	0.133	1	APOBEC3H	c4
0.617901441548045	-0.282866114574833	0.062	0.065	1	ZNF664	c4
0.736504861162055	-0.282840561181596	0.077	0.079	1	RP11-902B17.1	c4
0.22834873832675	-0.282797083182426	0.118	0.127	1	KIAA0430	c4
0.104879928280127	-0.282796810097405	0.086	0.099	1	RGS3	c4
0.0955320731406637	-0.282766379662313	0.111	0.125	1	TM7SF3	c4
0.791828428746351	-0.282609966258898	0.043	0.044	1	FBF1	c4
0.26237934135006	-0.282608417991854	0.055	0.062	1	COPG2	c4
0.367720417088419	-0.282421674934729	0.09	0.097	1	CLPX	c4
0.523065482479379	-0.2823726968959	0.027	0.03	1	LINC00342	c4
0.121816323947258	-0.282371640820446	0.086	0.098	1	C9orf114	c4
0.132446309255991	-0.282370043019233	0.15	0.162	1	AGPAT2	c4
0.0706792394869633	-0.282227732719793	0.123	0.139	1	TMEM11	c4
0.364891424371405	-0.28208654098099	0.055	0.061	1	C1orf27	c4
0.105243203975729	-0.281933049116883	0.089	0.102	1	GUCD1	c4
0.252493455585094	-0.281866182239152	0.096	0.105	1	AGL	c4
0.00523155655315006	0.281766470179438	0.058	0.042	1	UBOX5	c4
0.0136310025699262	-0.281762938986716	0.287	0.305	1	YPEL3	c4
0.385585966165854	-0.281584638251301	0.048	0.054	1	CLCN7	c4
0.563421263761897	-0.281575954037518	0.058	0.061	1	SLC25A53	c4
0.416505969411356	-0.281569498405921	0.026	0.03	1	DHX57	c4
0.00436990641040839	-0.281503017862123	0.333	0.354	1	PSMB2	c4
0.00581044872713821	0.281427162479679	0.081	0.062	1	C2orf47	c4
0.153616544318561	-0.281371219298891	0.079	0.09	1	GPALPP1	c4
0.0175614033945483	-0.281338756484413	0.249	0.267	1	UQCRHL	c4
0.0856316679630544	-0.281327794045751	0.057	0.069	1	HECTD4	c4
0.118339530177249	-0.281274796694489	0.166	0.179	1	EHMT1	c4
0.17837034940145	-0.281177767024445	0.074	0.084	1	ZNF444	c4
0.194535709114144	-0.281153513530545	0.034	0.041	1	TIMM8A	c4
0.0543049903013661	0.281091100690936	0.031	0.023	1	OBSCN	c4
0.00174051323523902	-0.281001771214311	0.546	0.537	1	MBP	c4
0.200912177160434	0.280997173833502	0.018	0.014	1	LONRF1	c4
0.373773632979415	-0.280949385718419	0.074	0.08	1	PCED1A	c4
0.310112892872167	-0.280711996567949	0.068	0.075	1	ALDH18A1	c4
0.230755891370646	0.280707110400131	0.014	0.011	1	NOCT	c4
0.0757578503843129	-0.280628488551648	0.098	0.113	1	DDX49	c4
0.102393306872178	-0.280595505685015	0.12	0.134	1	PRKRIP1	c4
0.12654106056504	-0.280545512877592	0.328	0.328	1	UTRN	c4
0.0391639665901358	0.280527220845594	0.041	0.031	1	TMED7	c4
0.385058286599075	-0.280446548079614	0.045	0.05	1	OSBP	c4
0.209874906440887	-0.280441908766637	0.043	0.05	1	ZNF174	c4
0.208381066405865	-0.280418842654618	0.082	0.092	1	WDR36	c4
0.413981046591803	-0.28039762801055	0.078	0.083	1	UBR7	c4
0.421850155995633	-0.280394595278701	0.091	0.096	1	UTP3	c4
0.706386358605813	-0.280240543898228	0.009	0.01	1	PPP2R3B	c4
0.449292380951543	-0.280234559245777	0.051	0.055	1	RP11-712B9.2	c4
0.217141675896715	-0.28015337893677	0.146	0.155	1	NSMAF	c4
0.0042638545049132	-0.280129092780236	0.375	0.393	1	DDX6	c4
0.392104472112946	-0.28011355803177	0.105	0.111	1	PLEKHF2	c4
0.108980349815438	0.279958241605552	0.04	0.033	1	TRAF4	c4
0.00830107600829573	-0.279932510085273	0.395	0.403	1	HN1	c4
0.000586319853651547	-0.279902256165071	0.361	0.387	1	ADRM1	c4
0.0464671661425819	-0.279884272421489	0.111	0.129	1	DNTTIP1	c4
0.0252688990354529	-0.279838934403926	0.216	0.237	1	TXNL4A	c4
3.08298359497126e-05	0.279764744285377	0.126	0.091	1	XPOT	c4
0.146685709732538	-0.279729521962754	0.03	0.038	1	HMBS	c4
0.25355660453985	-0.279723323320008	0.208	0.214	1	PHF20L1	c4
0.201601594388012	-0.279706692800985	0.053	0.061	1	ARID3B	c4
0.00900000820096009	0.279608693461547	0.086	0.068	1	TFE3	c4
0.00461739744027982	-0.279485484650517	0.301	0.326	1	DECR1	c4
0.193208489605957	-0.279422905263448	0.043	0.051	1	PIGU	c4
0.0251680876063172	-0.279396169345021	0.206	0.227	1	PARL	c4
0.193747544951597	-0.279320926141012	0.137	0.147	1	GAK	c4
0.0658567094067781	-0.279302351948745	0.166	0.182	1	MBD4	c4
0.302938190262923	-0.279238794676452	0.043	0.049	1	ALKBH1	c4
0.364642754178124	-0.279007053778588	0.108	0.114	1	SERGEF	c4
0.0962105107485049	-0.278868852528303	0.148	0.161	1	ECI2	c4
0.260592750748147	-0.278838708729655	0.067	0.075	1	BOP1	c4
0.279128291123848	-0.278741624962289	0.096	0.104	1	WDR26	c4
0.135457085986529	-0.278661588916009	0.109	0.122	1	FAM207A	c4
0.118753371239498	-0.278618610876422	0.148	0.162	1	ZNF431	c4
0.0525337629967742	-0.278602905125123	0.197	0.215	1	ZNF655	c4
0.0988197489436967	-0.27860186813916	0.086	0.099	1	SGTA	c4
0.117489395964244	-0.278520974763236	0.222	0.234	1	CNTRL	c4
0.474867971284091	-0.278516379404135	0.024	0.027	1	RSPH3	c4
0.717012515471699	-0.278448628178487	0.038	0.04	1	C15orf41	c4
0.699378678718178	-0.27842718466958	0.021	0.022	1	ZNF665	c4
0.196132668010045	0.278376371618591	0.012	0.009	1	AC062029.1	c4
0.106478968085129	-0.278360977839415	0.123	0.137	1	KIN	c4
0.00595816451294057	0.278353814646375	0.064	0.048	1	EXT2	c4
0.07513528967721	-0.278302061650929	0.205	0.219	1	NUBP2	c4
0.5488656260016	-0.278236115275099	0.086	0.089	1	C18orf25	c4
0.428184617020752	-0.27820860412821	0.05	0.055	1	LIN54	c4
0.259676832213822	-0.278160793100423	0.154	0.162	1	FAM111A	c4
0.239948524398496	-0.278160751745356	0.04	0.047	1	POT1	c4
0.00136483697864092	0.278084067720734	0.116	0.09	1	MMGT1	c4
0.000148213790122833	0.278012158396978	0.236	0.194	1	TSPYL1	c4
0.00831334781778229	0.277982214929845	0.068	0.052	1	GALC	c4
0.538381059153493	0.277856929285103	0.01	0.009	1	VWDE	c4
0.000590363530178083	-0.277698124006891	0.411	0.43	1	PAPOLA	c4
0.0057426528647144	0.277664518759545	0.109	0.087	1	DCUN1D1	c4
0.0615021303693047	0.277509657351197	0.032	0.024	1	RP11-664D1.1	c4
0.308197690511448	-0.277379164723112	0.038	0.044	1	SLC41A1	c4
0.954502268510566	-0.277369033826463	0.038	0.038	1	BAG2	c4
0.0793966132591539	-0.277360054410834	0.134	0.15	1	AAGAB	c4
0.0536467884589319	-0.277265736825382	0.127	0.145	1	EI24	c4
0.0868465534341918	-0.277114419223486	0.089	0.103	1	CEACAM21	c4
0.407876538498114	-0.277004469382756	0.009	0.011	1	ENO3	c4
0.00858514863485274	0.276927798649074	0.076	0.059	1	MAPK8	c4
0.688134889235388	-0.276797663466557	0.009	0.011	1	ZNF579	c4
0.852617239566903	-0.276781349982306	0.031	0.032	1	SLC29A3	c4
0.506410552743348	-0.276726157251002	0.017	0.02	1	FBXO45	c4
0.131142780590177	-0.276674920646664	0.105	0.118	1	AP1G1	c4
0.0255926848157154	-0.276662071092069	0.307	0.318	1	PSMB4	c4
0.0632194881282674	0.27660625414902	0.035	0.026	1	ZNF571	c4
0.171658340584648	0.276547157071775	0.033	0.026	1	PLXNA3	c4
0.0230345648018577	-0.276544153408724	0.305	0.318	1	PPP1R7	c4
0.577128763285601	-0.276433126079641	0.027	0.03	1	PPM1F	c4
0.160729806536337	0.276096409015699	0.035	0.028	1	C19orf47	c4
0.0279578549582371	-0.276056754525247	0.236	0.256	1	PSMC1	c4
0.000432476711740379	-0.276048295036747	0.478	0.494	1	LUC7L3	c4
0.122922063850902	-0.276023570602561	0.257	0.265	1	SPG7	c4
0.0373010198414466	-0.275984976355157	0.291	0.304	1	HDAC1	c4
0.146844533024002	-0.275975436120906	0.187	0.199	1	RB1CC1	c4
0.179822064920464	-0.27589690186205	0.138	0.149	1	ANKRD17	c4
0.387198245566142	-0.275868587032504	0.031	0.035	1	ZNF345	c4
0.0170741624582406	-0.275602735952751	0.241	0.262	1	TRAPPC3	c4
0.0651104248410018	-0.275468232641403	0.107	0.123	1	SKIV2L2	c4
0.259610604051755	-0.275464618241642	0.18	0.187	1	SMIM10L1	c4
0.0947636894378076	-0.275415253359754	0.127	0.142	1	LRRFIP2	c4
0.524597577428541	-0.275343740657946	0.044	0.048	1	TMCO3	c4
0.491396416916154	0.275277638753765	0.025	0.023	1	FARP2	c4
0.0872887778398074	0.275249333506282	0.026	0.019	1	ASAH2B	c4
0.768147410598784	-0.275212707823469	0.043	0.045	1	LINC00680	c4
0.000656800300856774	0.275199900127514	0.076	0.054	1	ADARB1	c4
0.392653385445915	-0.275194332372502	0.033	0.037	1	INPPL1	c4
0.367522939399279	-0.275189125665785	0.035	0.04	1	TMCC1	c4
0.22631505873332	-0.275137040763875	0.146	0.155	1	TMEM245	c4
0.12135991739203	-0.275001473244533	0.059	0.069	1	GTPBP1	c4
0.501378448386709	-0.274970337546888	0.057	0.061	1	ZNF14	c4
0.202290951596271	-0.274934684188871	0.13	0.14	1	BTN2A1	c4
0.104828343329252	-0.274898028861904	0.117	0.132	1	HAUS4	c4
0.082564676408739	-0.27484901114715	0.111	0.126	1	KIF21A	c4
0.0395481995451168	-0.274808534508566	0.214	0.234	1	MOB4	c4
0.0127647672691318	-0.274759242015206	0.171	0.196	1	FAM103A1	c4
0.134420747938651	-0.274750612901409	0.123	0.135	1	PPP5C	c4
0.114663779141348	-0.274676149516406	0.198	0.21	1	ZRSR2	c4
0.645322548555606	-0.274624193077686	0.012	0.013	1	FAM66C	c4
0.448637084722442	-0.274557681592947	0.025	0.028	1	AC009961.3	c4
0.715360343318757	-0.274452768293842	0.043	0.045	1	EID3	c4
0.0949882048005423	-0.274314469608998	0.158	0.172	1	HACD4	c4
0.190731868437385	0.274242494909667	0.01	0.007	1	LINC01001	c4
0.334253155524516	-0.274203481144437	0.081	0.088	1	RCHY1	c4
0.014410762566397	0.273987830651009	0.082	0.065	1	WDR73	c4
0.326911921247424	-0.273948576117268	0.043	0.048	1	TOP3B	c4
0.863139728933776	-0.273810246853787	0.041	0.042	1	CDK5R1	c4
0.492600047818396	-0.273761567635814	0.024	0.027	1	LRRC8A	c4
0.035325494602844	-0.273665534564302	0.226	0.244	1	EMC3	c4
0.325959039107435	-0.273645685025461	0.054	0.06	1	DDX11	c4
0.00499701365225693	0.273585203122226	0.067	0.05	1	TMEM38B	c4
0.412114895600925	-0.273572490247069	0.06	0.065	1	FOXRED1	c4
0.148057483275923	-0.273297972351851	0.103	0.115	1	TCTA	c4
0.194916600675574	-0.273276953497865	0.177	0.187	1	CLTC	c4
0.402266740471251	-0.273273597367222	0.049	0.054	1	HMGCS1	c4
5.69814504323622e-05	0.273093119353023	0.182	0.142	1	AP3M2	c4
0.127052576602103	0.273062036080684	0.024	0.018	1	RP11-572M11.4	c4
0.450680524204317	-0.273047834550395	0.052	0.056	1	MFN1	c4
0.550841896898671	-0.27298661650408	0.064	0.068	1	ZC3H4	c4
0.00144126080223135	0.272911446364527	0.155	0.125	1	POLR1E	c4
0.565887241056349	-0.272893618917445	0.014	0.016	1	HIST1H2BH	c4
0.500241382208748	-0.272795203925078	0.059	0.063	1	ARFGAP1	c4
0.297755712103134	-0.272744017585308	0.136	0.143	1	DGCR2	c4
0.56333693107085	-0.272684326941773	0.012	0.013	1	PYROXD2	c4
0.0487380688427359	-0.272607851225308	0.138	0.157	1	YY1AP1	c4
0.236075558829925	-0.272597311856855	0.178	0.185	1	CAB39	c4
0.441079087147967	-0.272550929348689	0.184	0.185	1	DLGAP1-AS1	c4
0.115381707736631	-0.272547898870655	0.181	0.193	1	NBPF15	c4
0.170319185705492	-0.272457717921838	0.214	0.22	1	RAB9A	c4
0.255103160344143	-0.272438742549151	0.032	0.038	1	KCTD9	c4
0.796892161696479	-0.272418018301664	0.026	0.027	1	ZCWPW1	c4
0.227044678526287	-0.272400440649945	0.087	0.096	1	ASCC1	c4
0.182936876966355	-0.272397650029439	0.056	0.065	1	LMNB2	c4
0.514397092027984	-0.272367964383566	0.038	0.042	1	TAOK2	c4
0.346485286563686	-0.272175751638591	0.108	0.115	1	ZNF160	c4
0.436049614533211	-0.272009755198901	0.133	0.137	1	EHMT2	c4
0.176003566669469	-0.271972042986337	0.108	0.118	1	SPNS3	c4
0.106585444721723	-0.271958200385802	0.145	0.16	1	TMEM216	c4
0.000580343435748872	0.271930884491656	0.116	0.087	1	CYSTM1	c4
0.409304078911797	-0.271918453884568	0.106	0.111	1	TMEM175	c4
0.0580994349149117	-0.271832766457835	0.195	0.212	1	SEPHS2	c4
0.303199453236394	-0.271822465255622	0.408	0.394	1	GBP5	c4
0.100591623656252	-0.27167915989382	0.076	0.089	1	FBXO8	c4
0.00554530524234275	0.27164087879354	0.062	0.046	1	LINC00243	c4
0.222073270932719	-0.271578040480326	0.105	0.114	1	ASB1	c4
0.147406421273119	-0.271480806342816	0.144	0.156	1	CSNK2A1	c4
0.0482690703375547	0.271154126471702	0.043	0.033	1	TRMT44	c4
0.289716524958282	-0.271131480362856	0.065	0.072	1	MAPK6	c4
0.262769509596751	-0.271044650315321	0.123	0.132	1	ZBED5	c4
0.0304260240228058	-0.270952252197525	0.088	0.107	1	CH507-9B2.3	c4
0.0285297809842151	-0.27092078804783	0.293	0.308	1	NEMF	c4
0.0429969728090306	0.270868908251244	0.037	0.028	1	TRBV12-3	c4
0.00152462110112366	0.270845110489079	0.08	0.059	1	RCOR1	c4
0.743148918680465	-0.27079042567615	0.011	0.012	1	EVI5L	c4
0.465743361383595	-0.270762445209644	0.072	0.077	1	RPTOR	c4
0.523061456905261	-0.270723726085496	0.085	0.089	1	CEP250	c4
0.574282420981611	-0.270499718678938	0.027	0.029	1	RABL2A	c4
0.318775014334279	-0.270473305939893	0.137	0.144	1	CTBP1	c4
0.012356603455579	0.270436890759446	0.059	0.045	1	SIDT2	c4
0.548357870580451	-0.270386462221084	0.02	0.022	1	GZF1	c4
0.358001139879101	-0.270374942643351	0.132	0.138	1	TRAPPC12	c4
0.00490430789063492	-0.269990241018571	0.403	0.409	1	SSNA1	c4
0.0209036746074823	-0.269966268598517	0.231	0.251	1	MRPS5	c4
0.0416649847758274	-0.269918493279074	0.265	0.28	1	SDF2L1	c4
0.0996719045145406	0.269916731002116	0.043	0.034	1	TCEAL1	c4
0.35513582553413	-0.269844508794163	0.084	0.09	1	PRIM2	c4
0.208114255613944	-0.269837382993637	0.038	0.045	1	SPECC1L	c4
0.0191765195414812	0.269789585220686	0.077	0.061	1	MYBBP1A	c4
0.268249232982295	-0.269720823225295	0.067	0.074	1	GPATCH3	c4
0.000434475131859608	-0.269696071483779	0.993	0.963	1	IFITM1	c4
0.196814755764626	-0.269636910966847	0.087	0.097	1	SNX4	c4
0.699306912421249	-0.269552271994985	0.02	0.022	1	CCBL1	c4
0.069066944894839	0.269450827749579	0.014	0.009	1	BAMBI	c4
0.6458156467193	-0.269410094646318	0.038	0.041	1	KAT2A	c4
0.122309945835179	-0.269349202930545	0.101	0.113	1	KCTD20	c4
0.567463350787167	-0.269285047485445	0.033	0.036	1	KCTD6	c4
0.204475963383909	-0.269181427877181	0.182	0.191	1	N4BP2L1	c4
0.367116847403315	-0.269042608717194	0.042	0.047	1	CLPTM1L	c4
0.61404410429279	-0.2689836926628	0.012	0.014	1	ZNF354C	c4
0.484105407933775	-0.268946290018426	0.016	0.018	1	PUS7	c4
0.0117872701528457	-0.268914568589765	0.684	0.62	1	PGAM1	c4
0.680436257223302	-0.268820881225936	0.027	0.029	1	NAP1L5	c4
0.030611592156318	-0.268789830530645	0.341	0.351	1	PHF11	c4
0.264056670570091	-0.268781928590756	0.015	0.019	1	ULK2	c4
0.34516763351097	0.268749691455574	0.02	0.016	1	JHDM1D-AS1	c4
0.0671597907470544	-0.268741592048451	0.215	0.231	1	FAM104A	c4
0.219409970320814	-0.268719153000336	0.061	0.069	1	ARMC6	c4
0.0410118033248313	0.268706424329881	0.08	0.066	1	TSPYL4	c4
0.0440928987005983	-0.268644501406583	0.176	0.195	1	PEX2	c4
0.0150419171877364	0.268612517048894	0.043	0.031	1	KIF1B	c4
0.226796809532513	0.268355774252227	0.017	0.013	1	SBF2-AS1	c4
0.430049380245553	-0.268315335354121	0.09	0.095	1	ZBTB24	c4
0.525015505801892	-0.268262795051375	0.029	0.032	1	STX2	c4
0.299580277345241	0.268088729602875	0.02	0.016	1	MFSD13A	c4
0.000215642921282856	-0.268041481885836	0.471	0.488	1	DPP7	c4
0.36992308475212	-0.268011324657975	0.06	0.066	1	MINPP1	c4
0.00306196081197895	-0.267963254334819	0.471	0.477	1	ANKRD44	c4
0.175337596637842	-0.267953094510263	0.229	0.237	1	BAZ1B	c4
0.557463605998823	-0.26794067025944	0.01	0.012	1	TRBV13	c4
0.0564754090243451	-0.267795078417987	0.275	0.288	1	YIPF4	c4
0.120654076561634	-0.267763281566276	0.148	0.161	1	NIPA2	c4
0.195443972432009	-0.267750945867132	0.088	0.098	1	RABL6	c4
0.160569299918245	-0.267619879432024	0.034	0.042	1	NLE1	c4
0.400938406303856	-0.267593411027985	0.072	0.078	1	HKR1	c4
0.0223846820254374	-0.267577495513066	0.521	0.51	1	TRIM22	c4
0.318633708465438	-0.267551493662558	0.113	0.12	1	MAPK14	c4
0.482031865498282	-0.267515402879875	0.032	0.035	1	KLHL8	c4
0.000166409540854596	-0.267501667317866	0.492	0.505	1	MRPL57	c4
0.0791425484299935	-0.267477605563783	0.184	0.199	1	PIGT	c4
0.167083709651384	-0.267444499760205	0.009	0.014	1	PARPBP	c4
0.889655404046242	-0.26741712909205	0.05	0.05	1	SNTB1	c4
0.496334752270725	-0.267408087704751	0.042	0.046	1	ZNF268	c4
0.248369070031828	-0.267343301389198	0.119	0.127	1	ACAT2	c4
0.801159813789906	-0.267337831457815	0.022	0.021	1	ARL17A	c4
0.118874450587022	-0.267055125945495	0.145	0.16	1	SUPT6H	c4
0.367035740485937	-0.267049410936964	0.058	0.064	1	C2CD5	c4
0.000358720467937117	-0.26703517049133	0.497	0.495	1	ROMO1	c4
0.165248953395859	0.266938515567736	0.012	0.008	1	POU6F1	c4
0.574833599087954	-0.266922361245922	0.121	0.124	1	BTAF1	c4
0.0108191341458447	-0.266856827105064	0.387	0.397	1	PNN	c4
0.382255234275549	-0.266840070379305	0.056	0.062	1	POLG2	c4
0.11259433557371	-0.266684544263398	0.102	0.115	1	PIGBOS1	c4
0.000247202877552884	-0.266676867233111	0.361	0.391	1	CCNDBP1	c4
0.122995869605433	-0.266652210017551	0.04	0.049	1	RABL3	c4
0.159400891445668	-0.266580618405093	0.155	0.166	1	P4HTM	c4
0.0572916236753392	-0.266506164635218	0.055	0.069	1	IRF5	c4
0.0232558206294748	0.266422113915014	0.027	0.019	1	EPB41L5	c4
0.000293843240103606	-0.266420800907502	0.578	0.565	1	TAP1	c4
0.420005004456173	-0.266420558703986	0.061	0.067	1	ZNF639	c4
0.315297496951128	-0.266327675158454	0.079	0.086	1	TMEM39A	c4
0.432685641671715	-0.266275535670513	0.089	0.094	1	FCGRT	c4
0.346746625637236	-0.266246124312249	0.041	0.047	1	CPEB4	c4
0.0841173861485255	-0.266130196911431	0.146	0.162	1	WDR45	c4
0.79352047556309	-0.265996336682868	0.088	0.089	1	CMIP	c4
0.419307587269961	-0.265888106516945	0.177	0.18	1	ITFG2	c4
4.52571066015076e-05	-0.265857053114741	0.697	0.667	1	DRAP1	c4
0.087304333048455	0.265855050953479	0.069	0.058	1	ATG2B	c4
0.459708223397014	-0.265823397600861	0.09	0.094	1	LCOR	c4
0.0789135611396351	-0.265818546769302	0.072	0.086	1	AIMP2	c4
0.402315276776997	-0.265799943240363	0.014	0.017	1	VPS37C	c4
0.0939482812797184	-0.265671693261859	0.12	0.135	1	RPF1	c4
0.465338908026664	-0.265652758766322	0.03	0.033	1	HRH2	c4
0.41258303699708	-0.265608603569398	0.025	0.029	1	GS1-124K5.4	c4
0.0260685556766153	-0.26559217112462	0.302	0.318	1	RAB6A	c4
0.816680509310617	-0.265549322803751	0.088	0.084	1	APBA2	c4
0.0557675052970927	-0.265529031676059	0.167	0.185	1	PLEKHB2	c4
0.551492269594174	-0.265492406292139	0.014	0.016	1	ZNF347	c4
0.396804275844248	-0.2654440046664	0.035	0.04	1	ROCK2	c4
0.315131799664031	-0.26527140326046	0.044	0.05	1	TRMT61A	c4
0.383621934409431	-0.265267583167756	0.038	0.042	1	KLHL21	c4
0.20533436338623	-0.265156092979835	0.095	0.105	1	AP5M1	c4
0.731325584442946	-0.265139484228023	0.026	0.027	1	ZBTB11-AS1	c4
0.425782150692098	-0.265138848956242	0.028	0.032	1	AARS2	c4
0.126474175427084	-0.265031544596356	0.144	0.157	1	KIAA0141	c4
0.131493501504102	-0.264947826527534	0.184	0.197	1	NDFIP2	c4
0.0459244988929082	-0.26482105916198	0.251	0.266	1	APOA1BP	c4
0.109585176074068	0.264759597962659	0.043	0.035	1	CENPB	c4
0.715511154153005	-0.264741588932783	0.042	0.044	1	CEP97	c4
0.211650582687894	-0.264689376231308	0.111	0.121	1	ERCC3	c4
0.159280749956389	-0.264612174156	0.13	0.143	1	FBRS	c4
0.062571953361645	-0.264417675587302	0.192	0.209	1	CTBS	c4
0.362688770889438	-0.264367833864306	0.048	0.054	1	OSBPL7	c4
0.219602773963405	-0.264314382657821	0.071	0.08	1	AGPAT5	c4
0.176636300476229	-0.264142686210686	0.09	0.1	1	TEFM	c4
0.62371939400959	-0.264106318410986	0.186	0.184	1	KLF12	c4
0.00159506104188163	-0.264025667374675	0.474	0.479	1	SRSF10	c4
0.32050531913591	0.264001641289659	0.022	0.019	1	ARHGAP19	c4
0.190359668082696	-0.263933610459407	0.192	0.201	1	SPATA13	c4
0.569637753899009	-0.263828522407104	0.026	0.029	1	TIGD1	c4
0.062267589147054	0.263783267241174	0.047	0.037	1	IFT74	c4
0.912735535414316	-0.263744280315016	0.027	0.027	1	RP11-166B2.8	c4
6.28565484826417e-05	-0.263679007567538	0.401	0.324	1	LGALS1	c4
0.16065154710274	-0.263500474170605	0.239	0.247	1	MARCH7	c4
0.109217716174785	-0.263482209582884	0.212	0.224	1	EBPL	c4
0.860543954949348	-0.263455040268235	0.03	0.029	1	HIST1H3H	c4
0.663819362617787	-0.263293253477495	0.035	0.033	1	MPP6	c4
0.157998192795715	-0.263282134433006	0.052	0.061	1	MYPOP	c4
0.442473104454473	-0.263261240424819	0.05	0.054	1	NCDN	c4
0.240777877825473	-0.263230124001251	0.054	0.062	1	CCDC61	c4
0.111087720417803	-0.263208650133761	0.161	0.174	1	ARMCX3	c4
0.078276822745785	-0.263051856287585	0.39	0.382	1	HM13	c4
0.212103394049529	-0.263016398595012	0.043	0.05	1	C16orf70	c4
0.000595012813780195	0.262920713219536	0.111	0.084	1	TRAV13-1	c4
0.347157140305356	-0.26292056954304	0.115	0.122	1	RNGTT	c4
0.00349111056008078	-0.262831228450599	0.406	0.42	1	TMEM179B	c4
0.253875188989632	-0.262826927000255	0.079	0.087	1	YTHDF3	c4
0.00123537692671781	-0.262765239461756	0.448	0.458	1	ENSA	c4
0.837115485707363	-0.262681098014203	0.016	0.017	1	RAP1GAP2	c4
0.00182227480763645	0.262543781047277	0.061	0.043	1	USP45	c4
0.111684161693754	-0.262382725772333	0.17	0.184	1	PAPD4	c4
0.983174258679222	-0.262342411093781	0.012	0.012	1	RP11-1000B6.8	c4
0.292292565762423	-0.262250822692454	0.067	0.074	1	PRR3	c4
0.806996355325199	0.26222894834851	0.013	0.012	1	TRBV6-4	c4
0.349607899795643	-0.26220631110812	0.089	0.096	1	MICU1	c4
0.5426534433715	-0.262155888331855	0.02	0.023	1	FICD	c4
0.975875086377631	-0.262145404964127	0.067	0.066	1	SGK223	c4
0.0837873344280946	-0.262090890888247	0.273	0.285	1	ARL6IP1	c4
0.30469818895313	-0.262083461111977	0.028	0.033	1	ZNF599	c4
0.200157532076384	0.26203806617253	0.014	0.01	1	PARK2	c4
0.316357484488087	-0.262026991392368	0.035	0.041	1	ZNF273	c4
0.00747286728677166	-0.26201278670299	0.372	0.384	1	RER1	c4
0.408172484697249	-0.261937505735404	0.036	0.04	1	ALKBH8	c4
0.777332451613749	-0.261899756720045	0.027	0.029	1	RECQL5	c4
0.261425544171052	-0.261878090635068	0.103	0.112	1	TMX3	c4
0.0207596838364829	-0.261638437942649	0.238	0.258	1	FAM32A	c4
0.396661762988952	-0.261627613164852	0.134	0.139	1	SLC20A1	c4
0.08793936765391	-0.261615646152943	0.184	0.199	1	PDE6D	c4
0.383735948068485	-0.261566377703316	0.148	0.152	1	MAP2K2	c4
0.0121995413850423	-0.261475427303565	0.437	0.439	1	SERPINB1	c4
0.0798113912902833	-0.261469262411793	0.131	0.147	1	DPP8	c4
0.0898712578642525	-0.261468238427032	0.248	0.259	1	CYB5B	c4
0.470721400637	-0.261457774522548	0.054	0.059	1	FAM98B	c4
0.00778859920123939	-0.261433079101804	0.314	0.335	1	ARL5A	c4
0.165272182383816	-0.261369963027785	0.116	0.128	1	RSPRY1	c4
0.197078017366505	-0.261197756163958	0.082	0.091	1	TRMT13	c4
0.05237496840517	0.261074279925652	0.033	0.025	1	ZNF785	c4
0.494085240169914	-0.260965777618833	0.109	0.113	1	DHX16	c4
0.135275662227173	-0.260906509521505	0.196	0.207	1	GARS	c4
0.270051282707746	-0.260896799177916	0.07	0.078	1	FAM160A2	c4
0.1172431788659	-0.260870788135787	0.119	0.133	1	ZDHHC3	c4
0.94029877988283	-0.260867382127246	0.046	0.046	1	AMFR	c4
8.8694032813481e-05	0.260831994675125	0.232	0.188	1	DNAJB9	c4
0.225781912354148	-0.260803997590682	0.185	0.194	1	SMARCC1	c4
0.0879996076778592	-0.260798133804094	0.142	0.158	1	KEAP1	c4
0.00202491842754004	0.260783474884043	0.121	0.096	1	ZNF33B	c4
0.000160823589689602	0.260674846697244	0.096	0.069	1	ELL2	c4
0.382759514318034	-0.260542748194044	0.069	0.075	1	GDAP2	c4
0.484916283763277	-0.260507649601627	0.122	0.126	1	SNX14	c4
0.344443480488214	-0.260499461723849	0.108	0.115	1	BABAM1	c4
0.294468984386435	0.260473463421179	0.017	0.014	1	RP11-286N22.8	c4
0.0829945908028539	-0.260448998516841	0.158	0.173	1	DNAJB11	c4
0.0165533686117526	-0.260446688074822	0.229	0.254	1	SDF2	c4
0.225486192307576	-0.260402173261113	0.179	0.187	1	ITFG1	c4
0.107591493704201	-0.26023421277826	0.065	0.077	1	NDUFA7	c4
0.102660103872403	-0.260170228322454	0.197	0.21	1	METTL17	c4
0.358885744800704	-0.2601547616516	0.025	0.03	1	BTBD6	c4
0.908029666942715	-0.260101822272268	0.077	0.077	1	TMEM168	c4
0.669862798020421	-0.259921444126667	0.04	0.042	1	AGO1	c4
0.149155341718229	0.25990777383569	0.014	0.01	1	HIPK1-AS1	c4
0.183270336321736	-0.259795142346022	0.042	0.05	1	OPA3	c4
0.181292478837759	-0.259789444517129	0.06	0.069	1	UBE2Q1	c4
0.188891769074739	-0.259687660802133	0.113	0.124	1	RBM10	c4
0.382014437311448	-0.259642121734506	0.046	0.051	1	ZNF317	c4
0.426942179282305	-0.259502573076757	0.104	0.109	1	METTL15	c4
0.239396214522325	-0.259421766541465	0.172	0.181	1	PRDM2	c4
0.468911969768669	-0.259405772000258	0.189	0.19	1	ZNF101	c4
0.222319411150679	-0.259402890708904	0.233	0.238	1	RICTOR	c4
0.252981809238198	-0.2593465692416	0.044	0.051	1	TMCO4	c4
0.298139609169427	-0.259294552976963	0.034	0.04	1	DSN1	c4
0.094498381548966	0.259290276784224	0.046	0.037	1	HCFC2	c4
0.47429233317744	0.259256206896453	0.012	0.01	1	ZFP69	c4
0.55944956346355	-0.259121937588985	0.04	0.043	1	ZNF445	c4
0.536109473370039	-0.259104750214979	0.069	0.072	1	SCAMP1-AS1	c4
0.365435409589187	-0.258990880513335	0.085	0.092	1	CHST7	c4
0.00010710123034723	0.258916842600918	0.189	0.148	1	LYRM5	c4
0.0735785941822985	-0.258855473487835	0.121	0.137	1	MARCH5	c4
0.507224003846121	-0.258821016601278	0.078	0.082	1	MSH3	c4
0.0068894081710655	-0.258797731658186	0.354	0.37	1	MOB1A	c4
0.00214388561820125	-0.258788998623326	0.54	0.522	1	VCP	c4
0.521926581238679	-0.258637433478742	0.031	0.034	1	ACAP3	c4
0.0629406895832497	0.258506649382025	0.016	0.011	1	FADS2	c4
0.195311801153568	0.258430866477225	0.03	0.025	1	SERPINI1	c4
0.615770251181826	-0.258369356769468	0.022	0.024	1	HIST1H2BJ	c4
0.586367913081659	0.258298479014194	0.016	0.014	1	SLC39A14	c4
0.351743677299256	-0.258111368412997	0.044	0.05	1	PCGF3	c4
0.263807762496331	-0.258034837386463	0.166	0.173	1	FAM13B	c4
0.0031157274087256	0.257986586843818	0.107	0.084	1	AEN	c4
0.118519647331196	-0.257832176410215	0.203	0.215	1	ASCC2	c4
0.0816336616134245	-0.257821779984641	0.06	0.073	1	ZDHHC13	c4
0.176828807655604	-0.25765670635171	0.181	0.191	1	TRIM27	c4
0.106938288385141	0.257642970410469	0.02	0.015	1	ZNF616	c4
0.0304398474285801	0.257518582422612	0.056	0.043	1	C15orf39	c4
0.491053954367538	-0.257496194073786	0.025	0.028	1	SMG8	c4
0.040706204315156	-0.257480299058026	0.132	0.152	1	ATP6V1D	c4
0.0185980317522244	-0.25729366546739	0.349	0.358	1	MFF	c4
0.401535794531222	-0.256945251358999	0.04	0.045	1	VPS18	c4
0.10297488846088	-0.256895219703452	0.177	0.191	1	MRPL40	c4
0.760437338736894	-0.256853069586548	0.023	0.024	1	STX18-AS1	c4
0.181235304639917	-0.256766445332778	0.057	0.066	1	ZDHHC18	c4
0.157690602105676	-0.256729023979783	0.113	0.124	1	INO80D	c4
0.162519545565151	-0.256645706890152	0.074	0.085	1	TRIP4	c4
0.0426815942575543	0.256552441281646	0.038	0.028	1	ZNF169	c4
0.0257361182527048	-0.256523939386481	0.329	0.344	1	IRF2	c4
0.57871050631438	-0.256461523029441	0.054	0.057	1	LINC00863	c4
0.0139680109509205	-0.256186506963181	0.25	0.272	1	PNKD	c4
0.107302172416612	-0.256043564181631	0.146	0.16	1	HERC4	c4
0.603992068104089	-0.255976159053595	0.043	0.045	1	MTRF1	c4
0.0114415697825568	0.255890420045972	0.052	0.038	1	TRBV3-1	c4
0.0143176927622219	0.255834429001992	0.097	0.079	1	CIDEB	c4
0.448542821464639	0.255828250726359	0.014	0.012	1	FUT4	c4
0.539388222530528	0.255753481254134	0.011	0.009	1	CTD-2302E22.4	c4
0.432919309328111	-0.255633204515138	0.079	0.084	1	CDKAL1	c4
0.181630424047753	-0.255607562089218	0.148	0.159	1	CCDC137	c4
0.17814989527964	0.255599927052014	0.015	0.011	1	CDK20	c4
0.00173436154784412	0.255590108379398	0.104	0.08	1	RP11-350N15.5	c4
0.330715154501677	0.255588403635135	0.016	0.013	1	LTB4R	c4
0.0928323690649419	-0.255581352328149	0.189	0.204	1	CCDC130	c4
0.146773179575428	-0.255576524856505	0.007	0.011	1	PMF1-BGLAP	c4
0.626665558152745	-0.25556348089177	0.035	0.038	1	MTHFSD	c4
0.526449355829211	0.255542469241199	0.024	0.021	1	ZNF595	c4
0.140139417796768	-0.255510907914547	0.064	0.075	1	CDK7	c4
0.416105420362774	-0.255447869382073	0.047	0.052	1	RP11-159G9.5	c4
0.000848020719735179	0.255416166993238	0.149	0.118	1	CBR1	c4
0.82813385928649	-0.255404550989692	0.184	0.174	1	TRMO	c4
0.392278830414547	-0.255400990186085	0.134	0.14	1	S100PBP	c4
0.278098530038584	-0.255277165355331	0.173	0.18	1	PURA	c4
0.0857268647477829	-0.255255070158964	0.213	0.228	1	MDM4	c4
0.16958739205567	0.255251616610339	0.014	0.011	1	TEPP	c4
0.633748611076527	-0.255226694551483	0.058	0.06	1	NBPF11	c4
0.0361826765351301	0.255190368180084	0.095	0.079	1	TMEM214	c4
0.000870545178841282	-0.255169931237556	0.459	0.47	1	CBX3	c4
0.322206938851958	-0.255128551606846	0.168	0.174	1	MKLN1	c4
0.00376493189569768	0.25487366750188	0.139	0.113	1	EXOSC5	c4
0.0373208481316557	-0.25486459748869	0.338	0.345	1	GSDMD	c4
0.539536206514169	-0.254800192652754	0.065	0.069	1	HEMK1	c4
0.288132777789052	-0.254784926651812	0.045	0.051	1	SSH1	c4
0.292623431386972	-0.254741517207144	0.171	0.179	1	RFFL	c4
0.156055233500143	-0.254737514162356	0.203	0.214	1	UBASH3A	c4
0.427378691388356	-0.254731458591976	0.053	0.058	1	JMJD8	c4
0.467820101819066	-0.254719123754231	0.085	0.089	1	VAC14	c4
0.00489356310754074	-0.254665893159701	0.44	0.44	1	SCP2	c4
0.421108337582877	-0.254613800614514	0.03	0.034	1	FAM189B	c4
0.239307358095308	-0.254346768941353	0.113	0.122	1	FAM118A	c4
8.27831425698356e-05	-0.254071188477073	0.742	0.743	1	TRBC2	c4
0.973420164751459	-0.254065652719939	0.016	0.016	1	HIST1H2BF	c4
0.298968920707732	-0.254036402998298	0.108	0.116	1	ATP13A1	c4
0.0746225469512665	-0.254026357027731	0.175	0.192	1	SAR1B	c4
0.124469211203645	-0.253817293625703	0.236	0.247	1	WAPL	c4
0.449658430202393	-0.253783698508525	0.057	0.062	1	PRR34-AS1	c4
0.21230740508126	-0.253708721438984	0.031	0.038	1	CCDC86	c4
0.0844080005097723	-0.253662303973192	0.393	0.388	1	SEC11C	c4
0.00673175744047193	0.253641437698684	0.059	0.044	1	ACTR5	c4
0.000859662851905423	-0.253602511215112	0.606	0.592	1	STAT3	c4
0.200023094897377	-0.253533641687742	0.127	0.137	1	TCOF1	c4
0.305417118558018	-0.25345013011435	0.187	0.194	1	NUP58	c4
0.386312809374693	-0.253271991842651	0.054	0.059	1	ZNF575	c4
0.258467990892227	-0.253245732383816	0.109	0.118	1	DNAJC10	c4
0.427633516698709	-0.25321341326365	0.02	0.023	1	CUL7	c4
0.681481296989432	-0.253189660698897	0.028	0.03	1	ZBTB6	c4
0.48060493574811	-0.253144907300369	0.078	0.083	1	AIM2	c4
0.119782519216159	0.253060760774933	0.027	0.021	1	FOXP4	c4
0.767969414981836	-0.253002926732881	0.044	0.046	1	ZNF641	c4
0.884426879977965	-0.252831614790942	0.011	0.01	1	TCF7L2	c4
0.00524622747351736	-0.252666735124052	0.365	0.38	1	MRPL52	c4
0.11190537967512	0.252606166393416	0.043	0.035	1	GBE1	c4
0.611860987586991	-0.252411823403333	0.046	0.048	1	ZNF669	c4
0.063332936818934	-0.252408153724325	0.194	0.211	1	FASTK	c4
5.22775849025305e-05	-0.2524080943826	0.591	0.587	1	WDR1	c4
0.342101241050116	-0.252372661833252	0.082	0.089	1	PSME4	c4
0.426577497086764	-0.252294789709275	0.101	0.107	1	ELK4	c4
0.733734689233531	-0.252278734462891	0.038	0.04	1	WDR35	c4
0.841249110282533	-0.252209944997796	0.067	0.067	1	GTPBP3	c4
0.322263909017021	-0.252159483196368	0.019	0.023	1	TMEM110	c4
0.181508846132776	-0.25215752894308	0.192	0.201	1	RPS6KB2	c4
0.643566202508699	-0.252119633421336	0.009	0.011	1	TRAF3IP1	c4
0.705624560574731	-0.252051564996586	0.021	0.022	1	AC009133.12	c4
0.14879226759492	-0.251999181244958	0.231	0.239	1	TMEM208	c4
0.000171225285438112	0.251988132882543	0.134	0.102	1	KDM6B	c4
0.127344285161619	-0.251978409827094	0.14	0.153	1	PAFAH1B3	c4
0.202545871004334	-0.25194618256956	0.068	0.077	1	PYGB	c4
0.282230252175866	-0.251898816338932	0.112	0.12	1	TM9SF3	c4
0.119390715201588	-0.251834908102754	0.144	0.158	1	TMEM60	c4
0.121896527785844	-0.251811596039286	0.103	0.116	1	MAGOHB	c4
0.366767093611999	-0.251771809588817	0.105	0.111	1	TMEM9	c4
0.825113939523169	-0.251756908380617	0.025	0.026	1	PPARA	c4
0.110930684319544	-0.251745048483418	0.081	0.094	1	PEX19	c4
0.00316987724910856	-0.251729640061324	0.308	0.337	1	SUMO3	c4
0.222045873997225	0.251600322896044	0.035	0.029	1	RAB40C	c4
0.557912745672554	-0.251592962029473	0.058	0.061	1	GANC	c4
0.734692963420232	-0.251537948605516	0.062	0.064	1	PAN3	c4
0.0521565116902303	-0.251536220534044	0.255	0.269	1	SHARPIN	c4
0.297175941556642	-0.251520632703026	0.069	0.077	1	TNK2	c4
0.0110241392728046	0.251323024606594	0.105	0.085	1	RNF2	c4
0.447483851960362	-0.251273947035549	0.108	0.113	1	OCEL1	c4
0.890208719614673	-0.251235009458845	0.032	0.031	1	TRBV7-3	c4
0.734371275212413	-0.251226588134194	0.202	0.199	1	TRAF5	c4
0.5817034051879	-0.251148737536412	0.025	0.027	1	PDSS1	c4
0.300016055774637	-0.251092749217169	0.012	0.016	1	URB2	c4
0.297892767331133	-0.251091189978323	0.051	0.058	1	MED9	c4
0.0170289466366496	0.250913690424159	0.035	0.024	1	RP11-162G10.5	c4
0.0464595335255399	-0.250872547845722	0.192	0.213	1	MRPL21	c4
0.562317369479401	-0.250846305200823	0.062	0.066	1	C2CD3	c4
0.000954975129840237	-0.250827608526092	0.466	0.468	1	PPP4C	c4
0.964022722695179	-0.250783620747231	0.12	0.116	1	CYHR1	c4
0.206371889967855	-0.250731832795348	0.167	0.176	1	TMEM222	c4
0.375100237742244	-0.250728270804521	0.049	0.055	1	CCDC58	c4
0.388467092436481	-0.250676614576192	0.099	0.105	1	REXO4	c4
0.389218735869397	-0.250423906922359	0.108	0.114	1	AP5Z1	c4
0.251536687547095	-0.250220021279494	0.095	0.104	1	HDHD2	c4
0.604982210061314	-0.250203674351275	0.017	0.019	1	DCLRE1B	c4
0.916523135768135	-0.250188974951183	0.059	0.058	1	SLC23A2	c4
0.290400507352123	-0.25017850523745	0.119	0.127	1	TIMM50	c4
0.276200967451819	-0.249774804754448	0.138	0.146	1	SPNS1	c4
0.102736698903906	-0.249590426055259	0.082	0.095	1	FBXO31	c4
0.127820804897683	-0.249570386833067	0.197	0.21	1	ACTR1A	c4
0.137317061094116	-0.249497029366768	0.098	0.111	1	MRPL15	c4
0.0104545633908202	-0.249496871783304	0.31	0.331	1	LAPTM4A	c4
0.147749864936262	-0.249483946806194	0.143	0.156	1	SACM1L	c4
0.437430546332961	-0.249412480221999	0.044	0.048	1	FAM8A1	c4
0.00343348815092306	0.24939089921863	0.103	0.081	1	TAF9B	c4
0.611506144069641	-0.249348732660975	0.093	0.096	1	XPO6	c4
0.884795792996534	0.249341737510038	0.012	0.011	1	ST20-AS1	c4
0.244379915837295	-0.249177548864298	0.174	0.182	1	CPSF7	c4
0.697128831995807	-0.249164519774137	0.179	0.17	1	MAF	c4
0.0436770743488676	-0.2491212592029	0.33	0.338	1	MPG	c4
0.268542965494953	0.249088085035623	0.01	0.007	1	MCM3AP-AS1	c4
0.714257475498287	-0.249077960710673	0.01	0.009	1	FLT4	c4
0.278277033766045	-0.24907773363547	0.046	0.053	1	FEM1A	c4
0.0375523815053582	-0.249026149324397	0.322	0.335	1	MFSD10	c4
0.0100584483759646	-0.248827680354726	0.354	0.373	1	SLTM	c4
0.0765692747779759	-0.248785484154695	0.375	0.372	1	ATP6V0E2	c4
0.434716233138437	-0.248772993635219	0.119	0.125	1	GPATCH2L	c4
0.00307718883059793	-0.248760929600888	0.427	0.431	1	NDUFB3	c4
0.0503627601966266	-0.248697357880699	0.233	0.249	1	TMEM261	c4
0.564666457585981	-0.248584615712849	0.014	0.016	1	PPP1R13L	c4
0.00560430158110948	-0.24858154672717	0.415	0.423	1	ERGIC3	c4
0.0159403676463311	0.248580040143841	0.037	0.026	1	TIPARP-AS1	c4
0.117169548395147	-0.248540503034969	0.064	0.075	1	PIAS4	c4
0.379524405517139	-0.24852313950146	0.09	0.096	1	DPP9	c4
0.0391474535173615	-0.248473800067905	0.253	0.269	1	UBE2V2	c4
0.100582695794982	-0.248467402119407	0.089	0.103	1	SPSB1	c4
0.0445286546059098	-0.248393306012268	0.261	0.274	1	AIMP1	c4
0.216601274049221	-0.248247225640624	0.073	0.082	1	C1RL	c4
0.412345768550812	-0.248245254871411	0.035	0.04	1	RENBP	c4
0.048112671366149	-0.248104772959928	0.115	0.134	1	C5orf15	c4
0.00963674453354964	-0.248026555650253	0.437	0.442	1	RSRC2	c4
0.0642404382879201	-0.247979020196755	0.116	0.133	1	EMC8	c4
0.379752110308979	-0.247944197906388	0.27	0.269	1	SMARCA2	c4
0.00695616472266211	0.247922693476513	0.094	0.074	1	ATP1B1	c4
0.459562858786846	-0.247856751037165	0.097	0.102	1	SNTB2	c4
0.375478938861496	-0.247843799618653	0.074	0.081	1	TOR1AIP2	c4
0.165527117344463	-0.247768273683362	0.134	0.145	1	RDH11	c4
0.156142829313566	-0.24771499396558	0.232	0.242	1	NCKAP1L	c4
0.125535052254569	-0.247462039065916	0.192	0.203	1	COQ4	c4
0.701333558459731	-0.247439219944594	0.101	0.102	1	PRR4	c4
0.018526136897409	-0.247431757686482	0.45	0.447	1	COX17	c4
0.649914599824253	-0.247356829927544	0.119	0.121	1	SBF1	c4
0.545212230384084	-0.247271503552418	0.04	0.044	1	CYP51A1	c4
0.00108937378997289	0.247261191129653	0.136	0.107	1	MOCS2	c4
0.0706623408048907	-0.247244347869326	0.177	0.195	1	GLRX3	c4
0.445906905090237	-0.247068095221584	0.043	0.047	1	C2orf42	c4
0.895408864277142	-0.247043785963762	0.038	0.039	1	NR4A3	c4
0.0702503924971494	-0.247012958283975	0.186	0.202	1	LCMT1	c4
0.0440965008598726	-0.246918940779735	0.194	0.213	1	DPF2	c4
0.361986065152584	-0.246915113285769	0.027	0.032	1	SLC16A13	c4
0.0604179652009453	-0.246810932661337	0.197	0.215	1	RPIA	c4
0.173072660671245	0.246641132744966	0.042	0.035	1	P2RX5	c4
0.51732444252668	-0.246531278708869	0.022	0.025	1	SPAG1	c4
0.666557864523345	-0.246515427525213	0.03	0.032	1	WDR47	c4
0.376348331441308	-0.246474500445604	0.035	0.04	1	EID2B	c4
0.708509696421789	-0.246408071596422	0.072	0.074	1	KDM3B	c4
0.199764490347689	-0.246374295066677	0.017	0.023	1	CHAC2	c4
0.381671867867035	-0.246323396517391	0.175	0.18	1	PPP4R3A	c4
0.277100234846099	-0.246254005110831	0.095	0.104	1	PEX6	c4
0.0462653100312381	0.246223792685614	0.077	0.064	1	UTP4	c4
0.00309467837683646	-0.246218938497227	0.469	0.466	1	PSMB6	c4
0.0118907470647351	-0.24615496430297	0.404	0.411	1	ATP6V0B	c4
0.068914206973721	-0.245969755207236	0.273	0.286	1	DCTN2	c4
0.0224599198559207	-0.24595011837575	0.212	0.235	1	AAMP	c4
0.814936465837666	-0.2459274686649	0.017	0.017	1	NAIF1	c4
0.0922119095622606	-0.245873306599811	0.111	0.126	1	CISD1	c4
0.00301918009174281	-0.245834210502138	0.489	0.491	1	PET100	c4
0.028470888349369	-0.245614520521316	0.269	0.287	1	SCAMP3	c4
0.00222509885555926	0.245605133771962	0.125	0.099	1	KLHL22	c4
0.0869803771132912	0.245602482464367	0.03	0.023	1	CTD-2026K11.4	c4
0.00014021254627324	-0.245450141770843	0.583	0.57	1	BUB3	c4
0.370634209312109	-0.245305354572473	0.067	0.073	1	TGIF2	c4
0.418628232244759	-0.245229015550369	0.074	0.08	1	NAA30	c4
0.51957599567956	-0.24506760654731	0.069	0.073	1	CHAMP1	c4
0.000113314384775905	-0.24504902268071	0.501	0.516	1	OTUB1	c4
0.00876910714652697	-0.244983826529599	0.41	0.419	1	PRKAR1A	c4
0.556331006840882	0.244931482859952	0.012	0.01	1	CTB-43P18.1	c4
0.644684252109907	-0.244880259864564	0.013	0.015	1	MYLK-AS1	c4
0.147580510817921	-0.244846864234032	0.289	0.293	1	SMARCA5	c4
0.0563372089694863	0.244785919091351	0.055	0.044	1	CEP19	c4
0.116071898926742	-0.244737971902528	0.145	0.16	1	FLAD1	c4
0.522032298995878	-0.2446933883275	0.049	0.053	1	SLC27A5	c4
0.564104570970043	-0.244649185030019	0.052	0.055	1	WDSUB1	c4
0.249385474376926	-0.244574361848801	0.129	0.138	1	C1orf174	c4
0.143532233627601	-0.244471240394248	0.089	0.101	1	MRPL35	c4
0.0977193358797952	-0.244428555583365	0.16	0.176	1	NAA60	c4
0.0060421940169997	-0.244400710647209	0.4	0.415	1	SNRNP70	c4
0.0526183300036039	-0.244398255682958	0.315	0.327	1	GRK6	c4
0.0365761121132236	-0.244327726079356	0.291	0.306	1	GOLPH3	c4
0.0635521628270588	-0.244258674493535	0.297	0.309	1	ATG12	c4
0.224352062501582	-0.244252271496777	0.129	0.139	1	NCSTN	c4
0.00319153044774619	-0.243979023397022	0.431	0.443	1	TAF15	c4
0.280369742398895	-0.243832752089179	0.039	0.045	1	PBX3	c4
0.734081818542369	-0.243795615149884	0.04	0.042	1	FBXW4	c4
0.585551644581392	-0.243752998574775	0.04	0.043	1	SLC38A6	c4
0.202032159685993	0.243738333414165	0.02	0.016	1	ACSS2	c4
0.207081569917528	-0.243717209055645	0.035	0.042	1	LAT2	c4
0.421958470836027	-0.243616685006658	0.033	0.037	1	RP11-479O9.4	c4
0.240393900897184	-0.24356724208265	0.065	0.073	1	RUBCN	c4
0.0915413893865518	-0.243481542889239	0.197	0.213	1	RANGRF	c4
0.146353975347653	-0.243461017611672	0.211	0.223	1	NFATC2IP	c4
0.325833926446104	-0.243378988031004	0.129	0.136	1	WAC-AS1	c4
0.333254220549191	-0.243318044686171	0.081	0.088	1	ABHD2	c4
0.617496358311826	-0.243281144379987	0.057	0.06	1	SLC16A1-AS1	c4
0.0541789606511665	0.243166638822343	0.079	0.066	1	TICAM1	c4
0.213739627201686	-0.24313423016589	0.064	0.073	1	INO80C	c4
0.114548176643071	-0.243095705118801	0.264	0.272	1	DAXX	c4
0.0974165489293909	-0.2430647313524	0.088	0.102	1	XXbac-BPG32J3.22	c4
0.0828670224742549	0.243063817716239	0.055	0.045	1	ACOT4	c4
0.00996414016075172	-0.243052454196858	0.455	0.454	1	SASH3	c4
0.0894150133364348	-0.243026866608995	0.191	0.206	1	RNF113A	c4
0.362371931840192	-0.243022262558023	0.154	0.16	1	RRN3	c4
0.169333263364267	-0.243004593293088	0.211	0.22	1	RRP1B	c4
0.262140872324377	-0.242904428957919	0.088	0.097	1	TP53BP1	c4
0.0349821075532587	0.242724719089499	0.08	0.066	1	HSD17B4	c4
0.674299835901883	-0.242709819634856	0.009	0.01	1	ZNF19	c4
0.437130233334967	-0.242662156829645	0.026	0.03	1	CNOT6	c4
0.00172907249233248	0.242520463946222	0.115	0.089	1	LHPP	c4
0.0585255170661156	-0.242509627154447	0.187	0.206	1	OVCA2	c4
0.0599362340679661	-0.242433872768006	0.225	0.241	1	HADHB	c4
0.151778632252081	-0.242351682005909	0.092	0.104	1	UTP6	c4
0.459143855794442	-0.242299015289264	0.081	0.086	1	THAP3	c4
0.644801536162268	-0.24220560214898	0.028	0.03	1	ZNRD1-AS1	c4
0.110309198218797	-0.242081433447307	0.371	0.367	1	ARHGEF3	c4
0.134852116369679	-0.241983137482831	0.095	0.107	1	L3MBTL2	c4
0.211915695004337	-0.241964361872494	0.178	0.187	1	USP33	c4
0.0130101500682446	-0.241952386955168	0.389	0.399	1	MRPS34	c4
0.307155469823534	-0.241890458615589	0.168	0.175	1	USO1	c4
0.0904131057968984	-0.241652856929393	0.24	0.254	1	UPF3A	c4
0.10999505028242	-0.241624811815107	0.224	0.236	1	SNAP23	c4
0.988815025412005	-0.241613312143683	0.037	0.037	1	RP11-1399P15.1	c4
4.70143684231601e-05	0.241440843282262	0.187	0.145	1	TRAPPC2P1	c4
0.121783473977161	-0.241321151046603	0.174	0.187	1	VPS26B	c4
0.0850765800494025	0.241222372011013	0.063	0.052	1	TRAF3IP2	c4
0.297184155266005	-0.241211688644666	0.089	0.097	1	NUP133	c4
0.336773279486621	-0.241170162176289	0.212	0.217	1	LYRM2	c4
0.587564790932732	-0.241088164865394	0.054	0.057	1	PIGO	c4
0.00126438678617045	0.240986014819532	0.119	0.093	1	AP2A2	c4
0.675293200674107	-0.240922608671983	0.077	0.08	1	ADAM17	c4
0.586166602288941	-0.240863468265891	0.333	0.321	1	PPM1K	c4
0.0527422997458052	-0.240836623332773	0.27	0.284	1	PEF1	c4
0.126852313547442	0.240785391206768	0.027	0.021	1	BRMS1L	c4
0.00139058897337712	0.240653239091585	0.189	0.155	1	RAB35	c4
0.0254755370999206	-0.240456454590376	0.362	0.372	1	CCDC12	c4
0.313250066487246	-0.240398158461202	0.048	0.055	1	GUF1	c4
0.0644278989562808	-0.240354943939876	0.187	0.204	1	TSSC4	c4
0.317153852788275	-0.240343071864297	0.116	0.123	1	EEFSEC	c4
0.238680976225631	-0.240298719074508	0.281	0.28	1	PITPNC1	c4
0.990657038479518	0.240235281281117	0.017	0.017	1	KMT5A	c4
0.341215359880884	-0.2401821782725	0.149	0.156	1	KATNBL1	c4
0.0790329414134791	-0.240148251292744	0.393	0.391	1	HMGA1	c4
0.36456664213957	-0.24012202814131	0.128	0.134	1	DNASE2	c4
0.924254349315235	-0.239748507847744	0.106	0.105	1	SPTLC2	c4
0.0450570430014003	-0.23974521093683	0.26	0.278	1	HNRNPD	c4
0.56015791460464	-0.239691610114108	0.05	0.053	1	AHCYL2	c4
0.470757858310891	-0.239566212192193	0.157	0.161	1	CTD-2336O2.1	c4
0.470318325076528	-0.239535066612015	0.02	0.022	1	KIAA0753	c4
0.00134615411013536	-0.239505112525014	0.47	0.473	1	AURKAIP1	c4
0.25043148246643	-0.239375840503364	0.226	0.232	1	PRKCQ	c4
0.389646778493307	-0.239281481570913	0.03	0.035	1	SLX4IP	c4
0.523094795340037	-0.23923778285152	0.062	0.066	1	LETM1	c4
0.0381864634508712	-0.239210039555337	0.27	0.285	1	LSM10	c4
0.300942249021135	-0.239188539425958	0.074	0.082	1	HAUS2	c4
0.308257189541015	-0.239173601922191	0.055	0.062	1	DHDDS	c4
0.0207124269396382	-0.239012907105653	0.42	0.424	1	KDELR1	c4
0.812400057244386	-0.238886338275176	0.025	0.026	1	LINC00528	c4
0.584723381464371	-0.238833047027895	0.017	0.019	1	CAMSAP1	c4
0.117474190824102	-0.238830310352067	0.18	0.195	1	MOB3A	c4
0.0715389409487476	-0.238758207943049	0.207	0.224	1	TDG	c4
0.399267153879424	0.238679152796424	0.024	0.021	1	IRF2BP1	c4
0.393252469513235	-0.238502802880002	0.098	0.104	1	CHKB	c4
0.00532877443321748	0.238446164526509	0.071	0.053	1	UBQLN4	c4
0.201339661671142	-0.238410999092455	0.072	0.082	1	GCFC2	c4
0.27265950841874	-0.238405447203674	0.038	0.044	1	OPN3	c4
0.0551211253895636	-0.238345689456505	0.338	0.345	1	NAA38	c4
0.268417195712575	-0.238309908795488	0.114	0.123	1	MIDN	c4
0.0616710823196427	-0.238304009908236	0.283	0.295	1	TROVE2	c4
0.272407804167611	-0.238284779503492	0.214	0.22	1	MRPL55	c4
0.511954614414049	-0.23827936426125	0.067	0.071	1	BRCC3	c4
0.423514314217898	-0.238273505906014	0.024	0.027	1	AHDC1	c4
0.0039441625402667	-0.238239103057876	0.383	0.401	1	C7orf73	c4
0.0482493422206337	-0.238055624719856	0.389	0.393	1	DNAJB6	c4
0.404841179790431	-0.238025722634003	0.09	0.096	1	HMGXB3	c4
0.773420847445645	-0.238023299346884	0.016	0.017	1	NEU3	c4
0.56644997865407	-0.237924962824589	0.074	0.078	1	UBE3B	c4
0.136918212995158	-0.237700446729658	0.167	0.18	1	NSUN5	c4
0.398299422742573	-0.237483442249736	0.022	0.026	1	RP11-644F5.10	c4
0.33644816306438	-0.237413042539919	0.148	0.154	1	MKL1	c4
0.538734984773345	-0.237377527761073	0.056	0.06	1	STRADB	c4
0.869441012547595	-0.23731524070812	0.022	0.022	1	TWSG1	c4
0.176102821225774	0.237177185032575	0.047	0.04	1	PDF	c4
0.11916131580323	-0.237005618300306	0.213	0.225	1	SNAPC5	c4
0.466080450625886	-0.236949423601385	0.013	0.015	1	RP4-591C20.9	c4
0.459732343217931	-0.236931708889597	0.044	0.048	1	NCOA6	c4
0.0076704347983986	0.23686803017638	0.068	0.051	1	ZNF66	c4
0.935819304319557	-0.236852808429684	0.052	0.052	1	RP11-452F19.3	c4
0.128416446081364	-0.236481671947325	0.179	0.192	1	TP53TG1	c4
0.000405466201739649	0.23647911466813	0.155	0.121	1	RABGGTA	c4
0.138320802784066	-0.236414235297879	0.263	0.273	1	P2RY10	c4
0.000111510942999056	0.23640154312444	0.148	0.112	1	RUNX2	c4
0.0666562903727656	-0.236389923633714	0.31	0.322	1	DARS	c4
0.152215014749191	-0.236291217946034	0.121	0.133	1	NPRL2	c4
0.319067940897341	-0.236019035288622	0.233	0.236	1	BRD4	c4
0.108623178099461	-0.236004998178902	0.393	0.385	1	ARHGAP30	c4
0.576410066484015	-0.235972539622703	0.046	0.049	1	NDUFAF5	c4
0.0464589964051853	-0.235971678225477	0.248	0.264	1	VBP1	c4
0.17925696004046	0.235924448479531	0.013	0.009	1	DUSP8	c4
0.26222384995401	-0.235923265540609	0.099	0.108	1	UBA5	c4
0.282033727935971	-0.235895409899904	0.166	0.173	1	JADE2	c4
0.289971676764061	-0.235835794470058	0.135	0.143	1	WDR6	c4
0.433369598070443	-0.23580223839326	0.059	0.063	1	ZNF346	c4
0.000128654763785336	0.235757471880071	0.167	0.129	1	CTA-29F11.1	c4
0.207441385433035	-0.235693722382103	0.214	0.221	1	MAPKAPK5-AS1	c4
0.464001778691395	-0.235677937924438	0.087	0.092	1	WASH1	c4
0.776948262628517	-0.235677314132006	0.1	0.1	1	TMEM129	c4
0.733102559109684	-0.235646216366835	0.02	0.021	1	ZNF782	c4
0.39125373262826	-0.235578721190429	0.082	0.088	1	CTB-50L17.10	c4
0.167518769725199	-0.235542355499025	0.099	0.111	1	SDHAF2	c4
0.548731254482263	-0.235537814779501	0.021	0.023	1	DNAJA4	c4
0.272547679867086	-0.235499622095435	0.128	0.136	1	FAM105A	c4
0.00217263792135375	-0.235469026079898	0.578	0.568	1	SLC9A3R1	c4
0.00944820857005356	-0.235423612267489	0.456	0.457	1	RAD21	c4
0.651413893044124	-0.235249468793362	0.04	0.043	1	SETD6	c4
0.280967385530629	-0.235193550767039	0.181	0.188	1	BOD1L1	c4
0.100634649331444	-0.23512328503416	0.351	0.347	1	COX16	c4
0.0741351880428127	0.235069373811509	0.036	0.028	1	URB1	c4
0.19436796439688	-0.234997157922818	0.097	0.108	1	HEXA	c4
0.284223812481235	-0.234987290243662	0.065	0.073	1	FMR1	c4
0.104389376044145	-0.234975772557727	0.034	0.043	1	CPPED1	c4
0.298279153792292	-0.234905338644418	0.03	0.035	1	WDR91	c4
0.377631144026393	-0.234829613248442	0.028	0.033	1	SLC39A3	c4
0.817726941734375	-0.234817064280249	0.011	0.012	1	FCGBP	c4
0.131088274294129	-0.234793177665649	0.074	0.086	1	CTNNBIP1	c4
0.385184900570328	-0.234703789496064	0.195	0.2	1	PPP6R3	c4
0.104225067341384	-0.234650154938104	0.23	0.245	1	COX20	c4
0.761680057489081	-0.234623848353571	0.105	0.106	1	ANKRD36C	c4
0.0236089190545378	0.234575567398667	0.066	0.052	1	PPP1R12C	c4
0.00511485527287117	-0.234571585856945	0.384	0.398	1	RAB2A	c4
0.30588089333652	-0.234561769147668	0.082	0.089	1	RP3-477O4.14	c4
0.672475284572112	-0.234466453403679	0.04	0.042	1	EIF2AK3	c4
0.550216464115944	-0.234466138672844	0.081	0.085	1	MSL2	c4
0.162276511859173	-0.234367296796449	0.078	0.088	1	GEMIN6	c4
0.661143923640333	-0.234238901903319	0.017	0.019	1	TUT1	c4
0.0249088293167287	-0.234103919040833	0.368	0.381	1	GOLGA7	c4
0.228614613441024	-0.234075521332883	0.106	0.115	1	APPBP2	c4
0.35380504533699	-0.234039061972273	0.048	0.054	1	CRHR1	c4
0.674668509712072	-0.234006244276229	0.04	0.042	1	WWOX	c4
0.159773130267772	0.233955893532761	0.031	0.025	1	TBC1D2	c4
0.170443681766424	-0.23391343724124	0.294	0.298	1	DHX36	c4
0.370338907968708	-0.233807956624097	0.033	0.038	1	MMS22L	c4
0.00420411334824309	0.233774426519071	0.055	0.039	1	TFAP4	c4
0.172667155252167	-0.233681689818141	0.059	0.068	1	SLC22A18	c4
0.637567596576188	-0.233657004033651	0.014	0.016	1	HEXIM2	c4
0.0667301073822931	0.233630766232945	0.074	0.061	1	PELO	c4
0.459121255080232	0.23361027439446	0.014	0.012	1	ZNF879	c4
0.00597959944363736	-0.23353523903705	0.44	0.44	1	AP2M1	c4
0.469934263633071	-0.23353184828931	0.116	0.12	1	MCPH1	c4
0.0913182545359104	-0.233531312963075	0.168	0.184	1	USP48	c4
0.0563897977784604	-0.23351895862787	0.345	0.352	1	CTSS	c4
0.198415541982868	-0.233515839229476	0.179	0.189	1	OGDH	c4
0.0142815857143211	-0.233502791638164	0.379	0.394	1	PRPF40A	c4
0.406648952686347	-0.233471786795306	0.033	0.038	1	ZFP82	c4
0.524671833698126	-0.23337692407929	0.047	0.051	1	PPP2R1B	c4
0.017440810320432	-0.233365432973851	0.315	0.333	1	CGGBP1	c4
0.0652487607763328	0.233343261683684	0.051	0.04	1	NUDT15	c4
0.360033614108357	-0.233316685041797	0.137	0.144	1	CDK10	c4
0.579552447312135	-0.233105383515681	0.049	0.052	1	EXOSC2	c4
0.0104740635575496	0.233033948234866	0.061	0.046	1	SOS2	c4
0.0784372210078818	0.232958143344906	0.038	0.03	1	KIAA1919	c4
0.163437042435254	-0.232956735375013	0.12	0.132	1	GOLGA2	c4
0.374769024977377	-0.232893029723273	0.197	0.201	1	TAF3	c4
0.149966718047734	-0.232851958077923	0.079	0.09	1	PTS	c4
0.961478436047827	0.232792424236977	0.013	0.013	1	COA7	c4
0.333613313885868	0.232774453939346	0.01	0.008	1	GATS	c4
0.275938163177779	-0.23276601339856	0.048	0.054	1	SYNJ1	c4
0.0809980158545412	0.23272872636127	0.061	0.051	1	NFE2L3	c4
0.445581166929118	-0.232711079850021	0.07	0.075	1	ARFIP1	c4
0.0396519571892706	-0.232678945749083	0.273	0.29	1	PLEKHJ1	c4
0.0995057388667617	-0.232586116665042	0.145	0.16	1	GTF2F2	c4
0.0381197014077895	-0.232526524653987	0.234	0.253	1	SPAG7	c4
0.141654335512415	-0.23252446441862	0.255	0.264	1	CDK5RAP3	c4
0.0627331656670573	-0.23246124737003	0.17	0.187	1	BTN3A3	c4
0.105588685906372	-0.232419558501601	0.106	0.121	1	MED19	c4
0.217644053482434	-0.232412558860578	0.137	0.148	1	PREP	c4
0.375760565305657	-0.232353639006875	0.035	0.04	1	TMEM63B	c4
0.0077719181466464	0.232350202773342	0.128	0.104	1	MAP3K4	c4
0.288161308443417	-0.232313272734123	0.161	0.169	1	MRPL50	c4
0.384224639456727	0.232222660278217	0.016	0.013	1	CTD-2007H13.3	c4
0.00309241074073958	-0.232016906376279	0.559	0.542	1	EWSR1	c4
0.222910557403433	0.23194928099278	0.025	0.02	1	HYLS1	c4
0.0162046879474642	0.231949233051651	0.056	0.042	1	PCBP4	c4
0.113799787410313	-0.231878759194041	0.149	0.164	1	RING1	c4
0.398008451295941	-0.231651414991183	0.025	0.028	1	ATAT1	c4
0.604116786585225	-0.231639257867932	0.033	0.036	1	PPP1R3F	c4
0.0412359231862311	-0.231564604557055	0.398	0.398	1	ACP1	c4
0.0257752843188731	-0.231546668356404	0.259	0.281	1	C11orf73	c4
0.244201099947619	-0.231489965752477	0.252	0.257	1	XRN1	c4
0.000536846733238377	0.231474868522945	0.106	0.079	1	PLA2G12A	c4
0.109912960297241	-0.231395881649308	0.109	0.123	1	GNPDA1	c4
0.13268525766313	0.231347468863203	0.061	0.052	1	MOB3C	c4
0.216862848615204	-0.231311516222184	0.317	0.316	1	GRAP2	c4
0.114575405131256	-0.231272958847672	0.26	0.268	1	ERICH1	c4
0.4121976978226	-0.23123566907914	0.059	0.064	1	DEAF1	c4
0.593065241609607	-0.231178633503276	0.016	0.018	1	PALB2	c4
0.313747693379546	-0.231113542460923	0.129	0.137	1	WRAP73	c4
0.396496465820256	-0.23100782822982	0.123	0.129	1	PPIL3	c4
0.0134457752326395	-0.230989170796278	0.398	0.409	1	ZRANB2	c4
0.306498473699548	-0.230969540587	0.139	0.147	1	GCH1	c4
0.126650606444822	-0.230969326210419	0.241	0.25	1	WBSCR22	c4
0.576414563918703	-0.2309639369587	0.033	0.036	1	ZNF354A	c4
0.0221885740697442	0.23091184790529	0.035	0.025	1	ZNF419	c4
0.100369803884218	-0.230893299387204	0.226	0.24	1	IST1	c4
0.826143116658452	-0.230885104761313	0.057	0.058	1	CYB5D2	c4
0.665605555035149	-0.230870253795759	0.054	0.056	1	LMO7	c4
0.961460268260086	0.230844849830662	0.012	0.011	1	CCDC74A	c4
0.489391115918142	-0.230838117849074	0.074	0.078	1	TAF1B	c4
0.0988821933527241	-0.230793515755526	0.228	0.242	1	CSNK1D	c4
3.15339215839521e-05	0.230776899383023	0.253	0.203	1	KAT8	c4
0.683823044105132	-0.230764575880427	0.035	0.037	1	ZNF519	c4
0.358247774329224	-0.23068697820266	0.328	0.32	1	SRSF8	c4
0.918140318354784	-0.230637745945113	0.014	0.014	1	MBNL1-AS1	c4
0.562502262048462	-0.230552664729491	0.09	0.093	1	MTRR	c4
0.281146155718335	-0.230497056975749	0.087	0.096	1	NTPCR	c4
0.207804204450385	-0.23041559459594	0.184	0.195	1	PFKP	c4
0.660785940157678	-0.230324437113795	0.074	0.076	1	DCAKD	c4
0.0495564790516706	-0.230302234377473	0.231	0.247	1	MRPS15	c4
0.00382141008410817	-0.230277703354485	0.425	0.44	1	NDUFV1	c4
0.136121212430237	0.229979366649543	0.043	0.035	1	ANGEL1	c4
0.0464684852045363	0.229872069320646	0.048	0.037	1	ZNF18	c4
0.697267393255519	-0.229833188298048	0.125	0.126	1	PTEN	c4
0.646530678334569	-0.229774635401691	0.064	0.067	1	RFXAP	c4
0.734380230796425	-0.229674598586883	0.082	0.083	1	TRIM52	c4
0.717285715856649	-0.229524934907613	0.017	0.019	1	RAI1	c4
0.175461053154546	-0.229459539324389	0.28	0.242	1	MATK	c4
0.0136068091398376	-0.229444204335065	0.747	0.703	1	CALR	c4
0.0704764584352407	-0.229350042841898	0.278	0.289	1	RASA2	c4
0.971946333031236	-0.229162664935156	0.115	0.112	1	DIS3L2	c4
0.721833469298755	-0.22912117552705	0.012	0.013	1	ZNF670	c4
7.2720667881297e-05	0.229090593599174	0.238	0.191	1	WDR74	c4
0.151027412595037	-0.229068614046935	0.109	0.121	1	SCAF1	c4
0.419886193046979	-0.229024022944068	0.145	0.15	1	ARHGAP1	c4
0.453833400848805	-0.229012089901039	0.048	0.052	1	EXD3	c4
0.049377780085197	-0.228981084645764	0.255	0.272	1	U2AF2	c4
0.462022675359263	-0.228887063824118	0.064	0.069	1	KCTD18	c4
0.320275955656338	-0.22887780139417	0.586	0.532	1	CXCR3	c4
0.061727066674788	0.228839728479596	0.077	0.064	1	ANKRD46	c4
0.433203944710898	-0.228793270189394	0.127	0.133	1	SLC30A9	c4
0.157237179891122	-0.228735270151226	0.132	0.144	1	ELP5	c4
0.747024982625187	-0.228721599023102	0.025	0.027	1	CSRNP2	c4
0.528729000796675	-0.228478048693375	0.064	0.068	1	JAK2	c4
0.482316528216247	-0.228444501347101	0.083	0.088	1	CKAP5	c4
0.277200741129862	-0.22843336454116	0.122	0.131	1	SUCO	c4
7.11926086828889e-05	0.228432308849014	0.253	0.205	1	SERTAD1	c4
0.84747579691502	-0.228373852571561	0.108	0.107	1	ERO1B	c4
0.0102896686507348	0.228337119927536	0.1	0.08	1	WDR89	c4
0.224988993060518	-0.228285587975413	0.2	0.21	1	SQRDL	c4
0.16946564465348	-0.228189137308364	0.103	0.114	1	RABEPK	c4
0.230931797094937	-0.22815883556953	0.157	0.167	1	AKT2	c4
0.134434690105594	-0.228132145852894	0.265	0.273	1	BNIP3L	c4
0.126783028511735	-0.22812838273977	0.039	0.048	1	TCTEX1D2	c4
0.00112212174703052	0.228073533979342	0.141	0.111	1	RP11-356I2.4	c4
0.136994677856472	0.228042254772892	0.061	0.052	1	TMEM102	c4
0.632693240474687	-0.228040454219646	0.133	0.134	1	DUSP22	c4
0.912664406768945	-0.228012891989628	0.098	0.098	1	ANAPC1	c4
0.448101724834852	-0.228009079983104	0.026	0.03	1	SDCBP2-AS1	c4
0.13506280591054	0.227970547658905	0.034	0.027	1	C21orf62-AS1	c4
0.0859370217790538	0.227960998321919	0.059	0.049	1	SLC36A4	c4
0.505604571928308	-0.227825963963586	0.077	0.082	1	POLRMT	c4
0.0312042118772016	0.227767337460526	0.017	0.01	1	OSBPL1A	c4
0.636676215116408	-0.22772755069903	0.064	0.067	1	TUG1	c4
0.191895341889644	0.227703645159882	0.022	0.018	1	ANKRD34A	c4
0.12253304839219	0.227651092039291	0.041	0.033	1	NEK6	c4
0.829703912323339	-0.227513904780697	0.082	0.082	1	HMBOX1	c4
0.0822777333771489	-0.227455692034782	0.184	0.199	1	TXNDC9	c4
0.078495503869855	-0.227331304585972	0.218	0.233	1	CUEDC2	c4
0.341004062944636	-0.227247042624866	0.231	0.235	1	THUMPD3-AS1	c4
0.000147754477327317	0.227195523129426	0.134	0.1	1	SCML1	c4
0.31729707554824	-0.226945472490008	0.276	0.278	1	IRAK4	c4
0.402591595674765	-0.226817341046467	0.153	0.157	1	CLASRP	c4
0.145639386277986	0.226794667448299	0.054	0.046	1	INTS5	c4
0.809494761807158	-0.226661488569303	0.072	0.073	1	QRSL1	c4
0.0222262621432114	0.226656728586879	0.077	0.062	1	ISYNA1	c4
0.350281511365527	-0.226460418834287	0.059	0.065	1	RANBP9	c4
0.00629951070172683	0.22638663077533	0.072	0.054	1	SLC12A7	c4
0.163393658179667	-0.226358522926911	0.234	0.244	1	PPP4R2	c4
0.398948705944674	-0.226345234607707	0.079	0.085	1	CLEC16A	c4
0.164129270408146	-0.226309483926335	0.19	0.201	1	C15orf57	c4
0.593877323434765	-0.226268608074852	0.056	0.059	1	POU2F1	c4
0.76635596459701	-0.22623186097944	0.034	0.035	1	ATL2	c4
0.00659568647387349	-0.226132771233496	0.56	0.546	1	CD164	c4
0.106801149232177	-0.226123607960826	0.698	0.661	1	RGS1	c4
0.472355444259699	-0.226040910229095	0.024	0.027	1	BORA	c4
0.275086236597526	-0.225949205521379	0.202	0.208	1	VPS72	c4
0.902496323832445	-0.22594288770921	0.029	0.028	1	CCDC142	c4
0.693662577809312	-0.225912788020395	0.037	0.039	1	ZNF689	c4
0.000375470555183745	0.225889502996425	0.192	0.155	1	SIGMAR1	c4
0.0353033949650202	-0.225877237515258	0.305	0.322	1	YY1	c4
0.0286620716731615	-0.225764855990055	0.41	0.411	1	ZNHIT1	c4
0.000629666049517801	-0.225691267637919	0.571	0.554	1	RBX1	c4
0.0558639538822171	-0.225580486622911	0.152	0.17	1	ING4	c4
3.47656550052642e-05	0.225506971454306	0.171	0.131	1	FAAH2	c4
0.906893873289411	-0.225491014544117	0.035	0.035	1	LARS2	c4
0.625203734562914	-0.225464319755192	0.081	0.084	1	C16orf72	c4
0.908774809144811	-0.225368728602913	0.175	0.169	1	GNPTAB	c4
0.250563128587255	0.225204393652765	0.022	0.018	1	TGFBI	c4
0.270042535211411	-0.225161536899714	0.184	0.19	1	PDXDC1	c4
0.174971928778271	0.225081978126785	0.053	0.045	1	DBP	c4
0.247972265229315	-0.225081426176682	0.181	0.189	1	TRIM4	c4
0.771710669901064	-0.225039634301281	0.104	0.099	1	KIAA2026	c4
0.723352509824559	-0.224994837963472	0.103	0.105	1	MTA1	c4
0.925071620328322	-0.224911903218372	0.112	0.111	1	HPS4	c4
0.187368564098281	-0.224653621556051	0.189	0.199	1	BLCAP	c4
0.613364697724617	-0.224353305734738	0.093	0.096	1	PSEN1	c4
0.187719500989926	-0.224338454875735	0.181	0.192	1	KRIT1	c4
0.0271723714672357	-0.224297781685114	0.239	0.26	1	SMC3	c4
0.0175465095903421	-0.22429465588334	0.385	0.394	1	PDAP1	c4
0.931661302049952	-0.224252186570106	0.03	0.031	1	RP1-167A14.2	c4
0.678793289782596	-0.224250282534244	0.023	0.025	1	STK35	c4
0.383170058839142	-0.224211575578795	0.084	0.09	1	LRCH1	c4
0.00564049019150224	-0.224211027362724	0.54	0.539	1	AKAP13	c4
0.00121006785048079	0.224165226217473	0.088	0.065	1	KIAA0513	c4
0.802103629267396	-0.224101985366673	0.043	0.044	1	PANK3	c4
0.792895479822711	-0.224068281226413	0.02	0.021	1	ZNF765	c4
0.796218382690253	-0.223866808551619	0.168	0.166	1	ASXL2	c4
0.364058508701583	-0.223865817038857	0.091	0.098	1	AP4B1	c4
0.182519101721516	-0.223730732597499	0.089	0.1	1	C5orf51	c4
0.308669536041537	-0.223705416416762	0.321	0.318	1	PHIP	c4
0.329607888787962	-0.223698089899015	0.007	0.01	1	AURKA	c4
0.285398198608038	-0.223631942558442	0.103	0.111	1	CSTF2T	c4
0.445178589378896	-0.223504869688387	0.025	0.029	1	PRICKLE3	c4
0.323916094560773	-0.223384741197928	0.064	0.071	1	RBM7	c4
0.00395358082786601	-0.223330465607089	0.492	0.49	1	CSK	c4
0.311082150229066	-0.223313172501644	0.17	0.178	1	DHX15	c4
0.439978444992541	-0.223301127567496	0.028	0.032	1	GALE	c4
0.000319322842096657	0.223269444037077	0.213	0.173	1	SMPD1	c4
0.0075450033044459	0.223237371095914	0.108	0.087	1	TCEA2	c4
0.048715647550891	0.22320353255232	0.047	0.037	1	SLC9A6	c4
0.171153095257306	0.223165735207482	0.027	0.021	1	ZNF582	c4
0.824835810060226	-0.222981201031781	0.07	0.071	1	USP24	c4
0.00522018619534457	0.222969054871416	0.072	0.053	1	THRA	c4
0.491370632019862	-0.222912266291178	0.193	0.195	1	MARCH6	c4
0.727670923208533	-0.222893077539266	0.052	0.054	1	TTBK2	c4
0.485472908209107	-0.222877447211511	0.094	0.099	1	ZNF195	c4
0.989360636754329	-0.222650345523693	0.101	0.1	1	P4HA1	c4
0.0641431577980664	-0.2226355560133	0.309	0.319	1	CNOT6L	c4
0.556545541796044	-0.22258295833395	0.075	0.079	1	ZNF362	c4
0.305694948863781	-0.222540392802689	0.072	0.079	1	PDK2	c4
0.395276052119428	-0.222502827920306	0.059	0.064	1	SLC37A3	c4
0.742587177646945	0.222317990284225	0.012	0.011	1	SMOX	c4
0.087230563960648	-0.22231230805027	0.358	0.361	1	NDUFA13	c4
0.278860349409452	-0.222303131814876	0.189	0.196	1	MCRS1	c4
0.978567479626911	-0.222133617519895	0.045	0.044	1	REXO1	c4
0.491321563189464	-0.222087458512966	0.107	0.112	1	ATXN2	c4
0.102868362082399	-0.222042555363841	0.022	0.03	1	RACGAP1	c4
0.00812812922759182	-0.221942322291161	0.465	0.465	1	PNRC2	c4
0.376807067997882	-0.221924840657801	0.058	0.064	1	IDNK	c4
0.376640338541506	-0.221773384884814	0.069	0.075	1	RAD17	c4
0.0164548954575902	-0.221669150789118	0.472	0.461	1	BANF1	c4
0.0425746626333027	0.221650731892462	0.035	0.026	1	MIPEP	c4
0.0475087843291822	-0.221632268548089	0.19	0.21	1	FLII	c4
0.181879387621072	0.221617770672817	0.057	0.049	1	GORASP1	c4
0.622324023352616	-0.2216151110414	0.027	0.03	1	CTD-2371O3.3	c4
0.0325113457750346	-0.221609515483116	0.39	0.39	1	MRPL51	c4
0.0378133620165404	-0.221589795465959	0.411	0.412	1	PSMF1	c4
0.594285541003226	-0.221330276888966	0.056	0.06	1	ZNF484	c4
0.5328317033973	0.221321617753671	0.025	0.022	1	ATRIP.1	c4
0.353145811875502	-0.221301816336319	0.237	0.24	1	SRRT	c4
7.76893325274498e-05	0.221196953623745	0.322	0.27	1	ADSL	c4
0.161311073402428	-0.221098586149221	0.125	0.138	1	MAPKAP1	c4
0.212689904274197	0.221019660036011	0.017	0.013	1	RP11-532F6.3	c4
0.372572337996208	-0.220982646570803	0.136	0.143	1	ABHD3	c4
0.308187424823691	-0.220961623791258	0.105	0.113	1	NBAS	c4
0.362518245630673	-0.220937374029736	0.049	0.055	1	TIPIN	c4
0.02381443055734	0.220923915184181	0.067	0.052	1	UNC93B1	c4
0.0216983269878002	0.220914877238663	0.1	0.082	1	UNG	c4
0.228206074332822	0.220878488669325	0.017	0.013	1	PWP2	c4
0.256511274921808	-0.220811749563665	0.294	0.296	1	PDCD6IP	c4
0.611600378266316	-0.220805426067024	0.072	0.075	1	ATP2C1	c4
0.477696629626753	-0.220694725377606	0.155	0.159	1	KDM5C	c4
0.415937649575134	-0.220604475402938	0.129	0.135	1	RARS	c4
0.108321331808428	-0.220531068000327	0.369	0.369	1	NOP58	c4
0.0419735294150893	0.220513873490136	0.069	0.056	1	SNAPC1	c4
0.150874293442151	-0.220508597727697	0.121	0.134	1	ZNF581	c4
0.271694572832373	-0.220359057372461	0.19	0.198	1	PSMD1	c4
0.42210892436069	-0.220347343734207	0.029	0.033	1	SETD9	c4
0.143936550668754	-0.220318098090118	0.171	0.183	1	DSCR3	c4
0.251879081869323	-0.220270806251023	0.043	0.05	1	PCGF6	c4
0.680917326534712	-0.220268080374929	0.051	0.054	1	FRS2	c4
0.143267366804589	-0.220219270479474	0.106	0.119	1	NKIRAS2	c4
0.367547016334429	-0.220201417544381	0.157	0.163	1	CHD6	c4
0.00529944687535869	0.220188321124481	0.121	0.098	1	MESDC1	c4
0.00340593264667396	0.220128074313807	0.137	0.111	1	TMEM115	c4
0.596228174279948	-0.220127756253524	0.172	0.174	1	XPO1	c4
0.858895589186206	-0.220107134552475	0.025	0.024	1	DET1	c4
0.753565556358615	-0.220106849535692	0.046	0.047	1	SREBF1	c4
0.541616459806876	-0.220092104932333	0.114	0.117	1	DHX8	c4
0.427676943281513	-0.220061300441712	0.086	0.092	1	ORC5	c4
0.714189859798234	-0.220052651116114	0.048	0.05	1	ACACA	c4
0.232712034976157	-0.220039798781035	0.172	0.182	1	IWS1	c4
0.438927908203869	-0.220027410887211	0.142	0.147	1	FBXL15	c4
0.58834560243919	-0.219961616366288	0.195	0.196	1	RBM33	c4
0.00139732521457525	0.219858349935212	0.09	0.067	1	HIP1R	c4
0.318818547401567	0.21982400133711	0.044	0.039	1	PRMT5	c4
0.301356798197746	-0.219807939719909	0.137	0.145	1	TBP	c4
0.40036707929583	-0.219739311973624	0.04	0.045	1	ZNF230	c4
0.487015817539206	-0.219723352277112	0.093	0.098	1	ZNF37A	c4
0.087454249678672	-0.219687349489253	0.313	0.323	1	EMC10	c4
0.43869007439136	-0.219686516063318	0.147	0.151	1	GNB5	c4
0.162881466784686	-0.21962714221676	0.245	0.255	1	ORMDL2	c4
0.733614080091995	-0.219595290434559	0.119	0.12	1	DDX39B	c4
0.26925710448797	-0.21947136318588	0.132	0.141	1	SLC39A1	c4
0.761400621408161	-0.219462379629656	0.054	0.052	1	DOPEY1	c4
0.209897597101509	-0.219406887756872	0.166	0.177	1	POLR3K	c4
0.599885345332477	-0.219370811209294	0.014	0.016	1	FBXW9	c4
7.01714682887517e-05	0.219137654539058	0.169	0.129	1	MINK1	c4
0.789410203188451	0.219092766486216	0.025	0.024	1	ABCD1	c4
0.384626838215229	0.219091633546245	0.011	0.009	1	ALS2CL	c4
0.000115732658835393	-0.21907553790454	0.64	0.632	1	ARHGEF1	c4
0.0403099614193359	-0.21904236997784	0.3	0.313	1	PSMC4	c4
0.795039835663451	-0.219014820689191	0.064	0.061	1	SZT2	c4
0.423534396160056	-0.218951388345036	0.148	0.154	1	BRD7	c4
0.60613742683761	-0.21869326774271	0.118	0.12	1	MAN1B1	c4
0.280117412525436	-0.218666640106334	0.193	0.2	1	ZDHHC6	c4
0.100889098626024	-0.218611925254696	0.136	0.151	1	RPL26L1	c4
0.337578532219735	-0.218550469949013	0.127	0.135	1	TYK2	c4
0.312500954549045	-0.218506727194113	0.092	0.1	1	ZFPL1	c4
0.432552540361122	-0.218486127736678	0.083	0.088	1	CTC-523E23.11	c4
0.224504964369923	-0.218473327958898	0.168	0.178	1	POLDIP2	c4
0.0368692151837219	-0.218451087563394	0.37	0.378	1	C20orf24	c4
0.00080869661278002	-0.218448417122622	0.424	0.446	1	POLR2E	c4
0.737880747974148	-0.218429112015816	0.064	0.066	1	MAP3K6	c4
0.136267099629562	-0.218417397737299	0.635	0.619	1	NEAT1	c4
0.292386821125563	-0.218386968305471	0.033	0.038	1	NPM3	c4
0.859079680861407	-0.218362226587308	0.118	0.117	1	NBEAL2	c4
0.923924091845899	-0.218331259011744	0.129	0.127	1	DCTN4	c4
0.834433202431164	-0.218328042273249	0.027	0.028	1	ZNF614	c4
0.251448490630282	-0.218251738008105	0.098	0.108	1	LY96	c4
0.268434549563952	-0.218235695490971	0.255	0.257	1	ARL6IP6	c4
0.0964393353907963	-0.218223568233074	0.202	0.217	1	SLC25A11	c4
0.683414858381706	-0.218192207749271	0.049	0.052	1	PDP1	c4
0.497078061198876	-0.218095994503101	0.038	0.041	1	RBM45	c4
0.0034468235991205	-0.218092994708587	0.555	0.548	1	TBRG1	c4
0.319463350417397	-0.217949901784628	0.223	0.226	1	BSDC1	c4
0.0358805818564726	-0.21793936188513	0.327	0.341	1	PSMA3	c4
0.0763970355546565	0.217913772204164	0.056	0.046	1	SEC22A	c4
0.0537985851399579	0.217842911236475	0.035	0.027	1	ZNF783	c4
0.546365329339316	-0.217825499744224	0.068	0.072	1	TMEM135	c4
0.386422837560858	-0.217774882109045	0.156	0.162	1	CCNC	c4
0.158458322986271	-0.217760399215876	0.224	0.235	1	TTC1	c4
0.200562083609101	-0.217526215800189	0.337	0.339	1	LNPEP	c4
0.28064596960216	-0.217451091478165	0.061	0.069	1	CASP2	c4
0.900121299990673	-0.21737872613038	0.101	0.1	1	CPD	c4
0.0300776635671485	0.217327152378731	0.06	0.047	1	MIER2	c4
0.397572785823527	-0.217307190024836	0.168	0.173	1	GSK3B	c4
0.0100407249295936	0.217177958748129	0.09	0.071	1	ZNF586	c4
0.651098089523573	-0.217147100023512	0.031	0.033	1	SNURF	c4
0.000410806189899999	0.217048359696112	0.211	0.173	1	CERS2	c4
0.0874299780944785	0.217031262892538	0.02	0.014	1	GAS6	c4
0.248029727701044	-0.216992204918642	0.203	0.211	1	TM2D1	c4
0.0059705728340501	0.216967342942934	0.095	0.074	1	MTM1	c4
0.218073678486819	-0.21691558717972	0.136	0.146	1	RNASEH1	c4
0.73600604855665	-0.216786579396083	0.156	0.148	1	JADE1	c4
0.235231962877178	-0.216752144204719	0.048	0.055	1	MDM1	c4
0.257821786786585	-0.216696961449549	0.112	0.121	1	FAM45A	c4
0.0820844620587321	-0.216533304677093	0.186	0.202	1	MRPL13	c4
0.394629974752207	-0.216518840639413	0.051	0.057	1	ALG11	c4
0.0148959042886856	0.216512402905411	0.077	0.061	1	RLTPR	c4
0.15116012282655	-0.216469137605987	0.132	0.145	1	TMEM263	c4
0.816219606571036	-0.216394797209201	0.118	0.118	1	GFM1	c4
0.673481679411738	-0.216370016266242	0.073	0.075	1	PDSS2	c4
0.294120117223908	-0.216344771047789	0.018	0.022	1	FXR2	c4
0.112953951343827	-0.216231691842834	0.318	0.323	1	MMP24-AS1	c4
0.509840551707384	-0.21622589849543	0.19	0.177	1	IFI44	c4
0.490588570345649	-0.216010707150005	0.174	0.177	1	HGS	c4
0.173784817221944	-0.21595210102388	0.245	0.253	1	PIGC	c4
0.103323186173929	-0.215924100703094	0.245	0.259	1	CDC123	c4
0.527461180266316	-0.215889621174496	0.016	0.018	1	GSTCD	c4
0.167267576947803	-0.215856077201152	0.327	0.328	1	GLRX	c4
0.232922630167926	-0.215788163857978	0.031	0.037	1	SLC25A19	c4
0.178429963627361	-0.215777241683739	0.132	0.144	1	TOLLIP	c4
0.28911923355512	-0.215725205986619	0.054	0.061	1	RYBP	c4
0.417584142406032	-0.215588180103126	0.036	0.041	1	IRAK1	c4
0.00926645669633521	-0.215568977788645	0.391	0.409	1	SET	c4
0.00158607498732404	0.215564554493838	0.111	0.086	1	HEATR5B	c4
0.00724526819928133	0.215512836305627	0.136	0.112	1	TPRA1	c4
0.261008872346569	-0.215504965676955	0.112	0.122	1	PSMG3	c4
0.442714875403245	-0.215347130578491	0.083	0.089	1	SUCLA2	c4
0.744204547622662	-0.215321823156009	0.05	0.052	1	SPAST	c4
0.169738291923739	-0.215319662823962	0.199	0.21	1	TGS1	c4
0.420094194762829	-0.21530708582378	0.15	0.156	1	PSME3	c4
0.254794351930031	0.215283305710886	0.031	0.026	1	ADO	c4
0.558804214228529	-0.215252300924285	0.012	0.013	1	F8A1	c4
0.303326181162853	-0.215207059656051	0.189	0.196	1	DNAJC2	c4
0.00157820176183196	0.215195067828451	0.121	0.094	1	SKI	c4
0.00392239446241299	0.215190846860752	0.119	0.094	1	FYCO1	c4
0.802107868212576	-0.215147317102002	0.072	0.073	1	GCN1	c4
0.179143652360905	-0.214994563768397	0.153	0.165	1	MIS18BP1	c4
0.8120405036866	-0.214941736668544	0.009	0.01	1	RP11-326C3.7	c4
0.915091254765732	-0.214927830805502	0.105	0.103	1	C5orf45	c4
0.729722999741585	-0.214859680554752	0.134	0.135	1	ICE2	c4
0.185869389872588	-0.214804344557744	0.345	0.342	1	BBX	c4
0.0353025492395439	0.214637199258706	0.067	0.053	1	AAMDC	c4
0.310674995917783	0.214632770586147	0.03	0.025	1	MNT	c4
0.370823265508444	-0.214624209184513	0.216	0.219	1	HINT2	c4
0.216606284952065	-0.21459927725881	0.045	0.053	1	FAM118B	c4
0.00208936084182047	-0.214594434852655	0.518	0.509	1	ATP6V1F	c4
0.205579870043129	-0.214539898978912	0.255	0.261	1	SMIM19	c4
0.25624283500056	-0.214526260352168	0.25	0.257	1	H2AFJ	c4
0.51868319573728	-0.214490316701868	0.074	0.079	1	DYRK2	c4
0.400515138841097	-0.21435184152772	0.082	0.088	1	TCAF1	c4
0.265574121058884	-0.214347073545961	0.007	0.01	1	ATP2A1-AS1	c4
0.800150537833385	-0.214336055574041	0.029	0.03	1	TAF1A	c4
0.688298199094515	-0.214285492888902	0.067	0.069	1	PPP1R37	c4
0.561828168565231	-0.214278215452707	0.028	0.031	1	TRMT10A	c4
0.0014919566584445	0.214180247546822	0.173	0.141	1	PRKRA	c4
0.467922280697047	-0.214128958496188	0.14	0.145	1	ZKSCAN1	c4
0.0010109601213675	-0.213961755219714	0.563	0.554	1	TCEA1	c4
0.227694943962647	0.213881495884539	0.019	0.015	1	SSX2IP	c4
0.251574527405606	-0.213879865195281	0.185	0.195	1	TACC3	c4
0.35008320234956	-0.213783957861502	0.095	0.103	1	AAR2	c4
0.52435390788727	-0.213741516948521	0.114	0.118	1	PCNXL4	c4
0.315742709028483	-0.213727129073339	0.26	0.263	1	IDI1	c4
0.093844767402312	-0.213674332468438	0.299	0.309	1	TOX4	c4
0.0137585266178804	-0.213631632600519	0.443	0.451	1	SEMA4D	c4
0.430537951790293	-0.213473242358603	0.202	0.205	1	POLR2B	c4
0.541691648714357	-0.213425188883393	0.094	0.098	1	BCL10	c4
0.252070317147226	-0.213380145128543	0.126	0.135	1	TRIM11	c4
0.00154028195210679	0.213351913131114	0.204	0.17	1	MOSPD3	c4
0.0257759825768325	0.213320263182438	0.082	0.067	1	TMEM99	c4
0.398999277970331	-0.213318399991329	0.044	0.049	1	IPP	c4
0.447193622490073	-0.213271536507689	0.182	0.185	1	PUM2	c4
0.197764543555068	-0.213246958801323	0.303	0.307	1	RNF114	c4
0.424163679795171	-0.213243527044941	0.045	0.05	1	APOO	c4
0.899064932216904	-0.213227007396634	0.059	0.057	1	ABCA2	c4
0.232541321616908	-0.213223932203379	0.215	0.223	1	PCMTD1	c4
0.120520148797644	-0.213040023001508	0.154	0.169	1	CLPTM1	c4
0.0309888251096623	0.213018970058536	0.077	0.063	1	DYNLL2	c4
0.433814067053127	-0.212920693521462	0.086	0.092	1	MRS2	c4
0.432018902332468	-0.212898333522661	0.107	0.113	1	CHMP6	c4
0.919727664216067	-0.212845707677099	0.099	0.098	1	GTF3C1	c4
0.10922518335073	0.212843543562849	0.051	0.042	1	ADAM15	c4
0.634947380627397	-0.21281133564088	0.022	0.024	1	ACVR1	c4
0.165374454144169	-0.212704778004391	0.359	0.358	1	PSMD5-AS1	c4
0.00228994946704418	0.212665856433406	0.33	0.291	1	MAGED2	c4
0.354785048827966	-0.212658469391362	0.198	0.205	1	GOLGB1	c4
0.00996528244802227	-0.212642903553044	0.49	0.484	1	MEAF6	c4
0.392243358931377	-0.212529406126871	0.236	0.239	1	SETD5	c4
0.108380370798297	-0.212455015340851	0.279	0.29	1	SZRD1	c4
0.756540525609556	-0.212440265476862	0.106	0.107	1	TSC2	c4
0.362408428205146	-0.212368704979879	0.063	0.069	1	GGACT	c4
0.770955114237027	-0.212365031766726	0.027	0.029	1	ZNF286A	c4
0.527552667077296	-0.21227978232866	0.034	0.037	1	GNPNAT1	c4
0.474086925834098	-0.212187338774651	0.014	0.012	1	RP11-1143G9.5	c4
0.582339463604127	-0.212129297664683	0.081	0.085	1	C16orf91	c4
0.660110096538215	-0.212122795702776	0.059	0.062	1	RBM34	c4
0.3875756375141	0.212045512443302	0.012	0.009	1	KIAA0895L	c4
0.0110152352692019	-0.212037730305217	0.454	0.457	1	NDUFB1	c4
3.0480688115869e-05	0.211991328670773	0.253	0.202	1	IL17RA	c4
0.176052778103298	-0.211931521499746	0.033	0.041	1	NIPA1	c4
0.021003938209498	0.211891240543173	0.111	0.092	1	CERS4	c4
0.000259161502012427	-0.211868119463972	0.64	0.626	1	EID1	c4
0.461265389466639	-0.211809462443104	0.106	0.111	1	SPTLC1	c4
0.0852463846415385	0.211763303598595	0.037	0.029	1	EXOC6B	c4
0.63510889204574	-0.211763035406877	0.063	0.066	1	COG7	c4
0.0611647931113497	-0.211667329237605	0.225	0.243	1	NARF	c4
0.642352544242274	-0.211657818851982	0.145	0.147	1	PPP2R5A	c4
0.110262682746344	-0.211623566608295	0.24	0.253	1	FIBP	c4
0.994772113449148	-0.211514880993166	0.084	0.082	1	AMDHD2	c4
0.848380005124115	-0.211503929881834	0.049	0.05	1	RNF123	c4
0.262706162379079	-0.211422243697602	0.412	0.405	1	FKBP5	c4
0.49740198496694	-0.211356586818703	0.061	0.065	1	PTER	c4
0.979420897218664	-0.211298302813032	0.093	0.092	1	TXLNG	c4
0.374723008101808	-0.211287835830623	0.327	0.323	1	ATP2B4	c4
0.7962866652265	-0.211258035881495	0.076	0.077	1	RHBDF2	c4
0.0240587225297826	0.21110840616707	0.059	0.045	1	QTRTD1	c4
0.567308436753938	-0.211089495219585	0.025	0.028	1	PTDSS2	c4
0.467035265931347	-0.211071492158245	0.038	0.042	1	ERCC8	c4
0.112892898242774	-0.210969149699627	0.214	0.228	1	PSMC2	c4
0.348613081460194	0.210918691909141	0.012	0.009	1	RBAK-RBAKDN	c4
0.390727848392535	-0.210910861422114	0.106	0.112	1	ARHGAP17	c4
0.315944581855191	-0.21088465957013	0.087	0.095	1	ZNF672	c4
0.325214502962357	-0.210851760437525	0.185	0.191	1	ACBD6	c4
0.504084674681986	-0.210797444836558	0.067	0.072	1	CBX6	c4
0.84560532939075	-0.210713767787253	0.061	0.062	1	DHFR	c4
0.599088974853498	-0.210694151704848	0.076	0.079	1	THOC5	c4
0.212787359510086	0.210610720314468	0.014	0.011	1	MAP3K10	c4
0.804820805256988	-0.210604865360859	0.049	0.05	1	ZBTB14	c4
0.206040526161356	-0.210525522007402	0.398	0.389	1	CCDC167	c4
0.0414063550226277	-0.210513163222198	0.385	0.394	1	DDX46	c4
0.259559991491075	-0.210507648368225	0.077	0.085	1	ELK1	c4
0.9884902444063	-0.210490728221147	0.041	0.041	1	ZNF248	c4
0.528937938553961	-0.210481659486893	0.124	0.128	1	SEC14L1	c4
0.318534730638713	-0.210455232921727	0.11	0.118	1	TRIM13	c4
0.00216035239655062	0.210364012968194	0.077	0.056	1	DOCK9	c4
0.421988891475906	-0.210257678131371	0.236	0.237	1	RAB29	c4
0.821410107919419	-0.210049897298712	0.103	0.103	1	TRMU	c4
0.590164694217696	-0.210042607299561	0.042	0.045	1	ERLIN2	c4
0.554002580517234	-0.209964529359326	0.137	0.141	1	AGO3	c4
0.185822402287582	-0.209958786788328	0.091	0.102	1	SLC1A5	c4
0.712369114766756	-0.209955286642167	0.014	0.015	1	TSIX	c4
0.322910224643816	-0.20993954610113	0.056	0.062	1	THAP2	c4
0.212867753669411	-0.209916850177193	0.047	0.054	1	FGL2	c4
0.0444570527975274	-0.209914236073652	0.465	0.455	1	SRRM2	c4
0.743638364608324	-0.209858547671946	0.022	0.023	1	ZNF628	c4
0.943115226294917	-0.209848017652141	0.051	0.051	1	IMPACT	c4
0.0304732182161924	-0.209847116340222	0.465	0.465	1	AUP1	c4
0.806860048506979	-0.209802887044339	0.027	0.026	1	RP11-666O2.2	c4
0.340988605795337	-0.209780108724874	0.021	0.025	1	NUDT19	c4
0.512611654635322	-0.209776221292417	0.068	0.072	1	GALNT10	c4
0.59156548424247	-0.209752332104316	0.088	0.091	1	TRMT61B	c4
0.0219310579806132	0.209619505655408	0.082	0.066	1	ZADH2	c4
0.134201110491876	0.209598452239658	0.03	0.024	1	RP5-1180E21.5	c4
0.0360368161943563	-0.209527828298588	0.401	0.402	1	HADHA	c4
0.0979239290925957	-0.209484690866375	0.406	0.396	1	VDAC1	c4
0.000825554130675647	0.209467339926723	0.179	0.144	1	LIPA	c4
0.00757112921257862	-0.209409603872597	0.455	0.459	1	PPP2R1A	c4
0.660563260837488	-0.20937791108877	0.061	0.058	1	SLC2A11	c4
0.980713677258421	-0.209303446134887	0.012	0.011	1	ZNF225	c4
0.000258423256675056	0.209287984185399	0.195	0.156	1	SPTBN1	c4
0.494375726192172	-0.209199470759758	0.125	0.129	1	UQCC3	c4
0.762447637676626	-0.209159082559554	0.073	0.074	1	KIAA1586	c4
0.0378876331011031	-0.209149495995595	0.28	0.299	1	ELAVL1	c4
0.835544263892342	-0.209038437107559	0.218	0.214	1	CNOT1	c4
0.000512709083491174	-0.209008978823536	0.646	0.626	1	MRPS21	c4
0.0587867374957704	0.208966615063193	0.054	0.043	1	INPP5E	c4
0.0628998098262442	0.208813588428934	0.059	0.047	1	WDR76	c4
0.75065350521267	-0.208777507031779	0.059	0.056	1	SYNGAP1	c4
0.000783698923102325	-0.208771647409909	0.598	0.58	1	ERH	c4
0.696113726112752	-0.208765672462709	0.137	0.139	1	ZC3H18	c4
0.470315813508073	-0.208749657227687	0.008	0.01	1	RP11-563N4.1	c4
0.299512239383082	-0.208735716502459	0.268	0.271	1	CCDC91	c4
0.000139480391169372	0.208694866090371	0.27	0.224	1	AMD1	c4
0.00635726138960297	-0.208656636406501	0.514	0.517	1	HP1BP3	c4
0.241647894842519	-0.208634474864867	0.168	0.178	1	SURF2	c4
0.881949615693044	-0.208515510714596	0.054	0.055	1	GIGYF1	c4
0.785554886971962	-0.208426049482261	0.052	0.053	1	CBR4	c4
0.490399378880598	-0.208398774340736	0.084	0.089	1	PLEKHM1	c4
0.00427503896166515	-0.208323819876395	0.604	0.576	1	NDUFV2	c4
0.927057628470323	-0.208261178242019	0.009	0.01	1	FGFRL1	c4
0.891323924846922	-0.208199937338212	0.031	0.03	1	NUGGC	c4
0.282191319653959	0.20811536844579	0.027	0.022	1	BBS1	c4
0.740935191056401	-0.208104269912524	0.098	0.1	1	ZNF138	c4
0.464056415706754	-0.208082636977235	0.071	0.076	1	SLC35A3	c4
0.0573703439165008	-0.208030450158095	0.038	0.05	1	NRIP1	c4
0.307270067707086	0.208027085072143	0.021	0.017	1	ACSF2	c4
0.476106961216501	-0.208022728543581	0.042	0.046	1	MAP3K14-AS1	c4
0.160140068070784	0.20799668882344	0.022	0.017	1	LINC00540	c4
0.0453915253165942	0.207994959931659	0.059	0.047	1	TPM1	c4
0.123646790351792	-0.207988048910523	0.203	0.217	1	ACTR1B	c4
5.89716604486787e-05	-0.207942556238724	0.693	0.669	1	PSMB10	c4
0.133749285529183	-0.207910060357401	0.136	0.15	1	ZNF688	c4
0.628633099974737	-0.207840120709333	0.133	0.136	1	SUPT7L	c4
0.303848424807113	-0.207785881095864	0.127	0.134	1	FAM3A	c4
0.407680302463614	-0.207751707304747	0.011	0.013	1	NR1H3	c4
0.4071910791758	-0.207738034883985	0.09	0.081	1	ZMAT1	c4
0.263355548706628	0.207669581819748	0.038	0.033	1	SYCE1L	c4
0.482942695021594	0.207630168292157	0.017	0.015	1	RPP40	c4
0.634642305707936	0.207553550344906	0.01	0.009	1	RP11-567M16.6	c4
0.452228874174147	-0.207527903359797	0.063	0.068	1	LIMK2	c4
0.550972297870791	0.207503442122301	0.01	0.009	1	ZNF324B	c4
0.153339454553134	-0.207481602596167	0.317	0.324	1	HNRNPL	c4
0.0955452718950492	-0.207456307393988	0.298	0.307	1	POLR2C	c4
0.40613240134824	0.207434863227529	0.027	0.024	1	RAD52	c4
0.00547475009947684	0.207381874098667	0.116	0.093	1	BOD1	c4
0.289081331957646	-0.207358897022071	0.273	0.276	1	FAM195B	c4
0.0771349732346192	-0.207350812174685	0.156	0.173	1	STX5	c4
0.0709771162829203	0.207281610664478	0.072	0.06	1	PHYH	c4
0.0441439073280759	-0.207245181742747	0.367	0.372	1	TMEM160	c4
0.140414053286209	-0.207228492470624	0.228	0.24	1	AK2	c4
0.00146612271983208	0.207197449723443	0.219	0.184	1	RTN3	c4
0.069315015781132	0.207174334941237	0.086	0.073	1	P2RX4	c4
0.25207124536911	0.207081110066756	0.041	0.035	1	INTS2	c4
0.259638066081297	-0.207064212187035	0.152	0.161	1	ACADM	c4
0.543649700034964	-0.20698055201672	0.041	0.045	1	PPP2R5B	c4
0.585248113761128	-0.206892991075577	0.111	0.115	1	GMFB	c4
0.375093283754923	-0.206879971388364	0.156	0.162	1	NGLY1	c4
0.107110360819601	0.206828404043573	0.052	0.043	1	MMD	c4
0.382937781825019	-0.206824502773531	0.017	0.02	1	PDE9A	c4
0.0454730733349731	0.20679492236174	0.055	0.043	1	EPG5	c4
0.740677734280115	-0.206720254370418	0.035	0.037	1	C11orf63	c4
0.63415321717715	-0.206712457790374	0.016	0.018	1	SUCLG2-AS1	c4
0.245149101436619	-0.20667309188289	0.107	0.117	1	ZNF593	c4
0.297369074152729	0.206672854118274	0.018	0.015	1	ZNF799	c4
0.00492252118189142	-0.20666593702905	0.632	0.617	1	RSRP1	c4
0.122154005441576	-0.206571749898563	0.288	0.295	1	PPHLN1	c4
0.709015928793684	-0.20654186482223	0.273	0.253	1	TSEN54	c4
0.0756276950485052	-0.206528644404334	0.457	0.444	1	UBE2L3	c4
0.695743579932947	-0.206511821758185	0.014	0.015	1	P3H4	c4
0.00272004427866903	-0.206511540393369	0.562	0.547	1	LSM8	c4
0.299812843695024	-0.206454587764846	0.049	0.056	1	POMT1	c4
0.27200975722314	-0.206436760274202	0.315	0.312	1	KCNAB2	c4
0.0489869537115839	-0.206318279324847	0.344	0.352	1	RBBP4	c4
0.0881472010740247	-0.206115109920937	0.021	0.029	1	PHF13	c4
0.00133300627393202	0.206086284467847	0.303	0.262	1	HSPH1	c4
0.580598576471956	-0.206007982917893	0.019	0.021	1	DHX32	c4
0.291937680761029	-0.205998962245541	0.156	0.165	1	TRPV2	c4
0.309099895612141	-0.205949781990627	0.129	0.136	1	SDHAF1	c4
0.112309425748228	-0.205940282794921	0.197	0.213	1	RPS6KA1	c4
0.00179681170931483	-0.205892314534014	0.646	0.635	1	LBH	c4
0.126190104969242	0.205887608379266	0.023	0.017	1	C3orf18	c4
0.308788039878111	-0.205795392163664	0.113	0.121	1	ISOC1	c4
0.312570191304261	-0.205638697938042	0.227	0.231	1	CPSF3L	c4
0.0683572417919945	-0.205628990844594	0.433	0.428	1	SEPT2	c4
0.0545023692442981	-0.205570151733091	0.29	0.305	1	RNF10	c4
0.666222282498596	-0.205528943737109	0.049	0.052	1	STK38L	c4
0.448402855168747	-0.205482706612751	0.099	0.104	1	VCPKMT	c4
0.546614781686336	-0.205333460880673	0.037	0.034	1	TRBV11-2	c4
0.336178945040292	-0.205290578174733	0.236	0.24	1	NUP210	c4
0.00123576713557783	-0.205287776310899	0.604	0.591	1	TMEM50A	c4
0.00638964286785255	0.205094154695705	0.109	0.087	1	MXD1	c4
0.0655449286967914	-0.204942124117138	0.325	0.335	1	THOC7	c4
0.153481131127921	-0.204905526965098	0.338	0.341	1	H2AFY	c4
0.605537512052898	-0.204865308297969	0.63	0.549	1	CLEC2B	c4
3.33511132819119e-05	-0.204828717035746	0.726	0.713	1	ISCU	c4
0.209939070877309	-0.204750089153542	0.214	0.223	1	MRPS26	c4
0.617807935938023	-0.204725287597656	0.098	0.101	1	ORC4	c4
0.783812511273303	-0.204674561542509	0.143	0.143	1	ARFGEF1	c4
0.414447789162826	-0.204667037845489	0.061	0.067	1	SNIP1	c4
0.110066171391017	-0.204569455814626	0.257	0.27	1	MRPL4	c4
0.33489220432688	-0.204542020700204	0.189	0.196	1	STIP1	c4
0.469262752407732	-0.204536402819225	0.066	0.07	1	C11orf24	c4
0.583208584839606	-0.204530234639658	0.02	0.022	1	SWAP70	c4
0.222974885429654	-0.204349024930158	0.223	0.23	1	CABIN1	c4
0.564528750434354	-0.204296818141381	0.1	0.104	1	TMEM33	c4
0.0485629476423099	-0.204286199836582	0.486	0.48	1	PRPF38B	c4
0.380898169697827	-0.204277883536225	0.055	0.061	1	TMEM234	c4
0.308197885570089	-0.204259678520715	0.145	0.154	1	MRPL37	c4
0.131797397942524	0.204253832734391	0.022	0.016	1	TRIM3	c4
0.294327674858832	-0.204161349532002	0.2	0.207	1	ARFGAP2	c4
0.777563165784061	-0.204067399305367	0.016	0.017	1	KRT18	c4
0.0239849247545263	-0.203942265344554	0.635	0.594	1	RABAC1	c4
0.992540822086845	-0.203914673248669	0.072	0.071	1	MYO9A	c4
0.508098569789133	-0.20390989890767	0.018	0.021	1	MAMSTR	c4
0.0158231984113982	-0.203803340156855	0.518	0.504	1	TBCB	c4
0.000423330949606366	-0.20376840991995	0.606	0.595	1	SSU72	c4
0.0630815136278562	-0.203579718219706	0.27	0.285	1	LAMTOR2	c4
0.000320265391920731	0.203481630070355	0.195	0.157	1	ANKRD13A	c4
0.344460689519747	-0.203465978894527	0.14	0.148	1	CFAP20	c4
0.750562524820123	-0.203445851894832	0.071	0.073	1	XPNPEP3	c4
0.519165442071556	-0.203404503590098	0.098	0.103	1	FRA10AC1	c4
0.389151582620786	-0.203377070608557	0.103	0.11	1	SMIM4	c4
0.404057178629298	-0.203294051185942	0.118	0.124	1	TYW3	c4
0.167710082403267	-0.203236151135753	0.069	0.079	1	COMMD3	c4
0.630084797055262	-0.203190197718128	0.083	0.086	1	TYSND1	c4
0.885139656914412	-0.203189663631775	0.047	0.046	1	AREL1	c4
0.0227972201001445	-0.203157336979264	0.444	0.441	1	LAMTOR1	c4
0.774528245408306	-0.203144422238791	0.024	0.025	1	TMTC2	c4
0.884148473399872	-0.203095730755294	0.048	0.048	1	IGHMBP2	c4
0.117988137489827	-0.203083324886017	0.336	0.339	1	SRSF1	c4
0.574633085518722	-0.20306107894629	0.064	0.068	1	GLYCTK	c4
0.917741575385337	-0.203026660313774	0.052	0.052	1	DAAM1	c4
0.462137596753412	-0.203004625904951	0.085	0.09	1	SLC39A6	c4
0.630045893526284	-0.202963269119774	0.187	0.186	1	DHX29	c4
0.364300415408857	-0.202944178110958	0.184	0.19	1	UBE2K	c4
0.268070532422997	-0.202874676875932	0.291	0.292	1	TXN2	c4
0.0239707965352928	-0.202856105911897	0.421	0.43	1	CASP4	c4
0.667969064738553	-0.202765986264189	0.294	0.286	1	MYO1G	c4
0.20986312057531	0.202762503715035	0.06	0.052	1	TADA1	c4
0.605019545893162	-0.202754556334937	0.124	0.128	1	POM121C	c4
0.500183199393677	-0.202722775515959	0.019	0.022	1	RAPGEF2	c4
0.126049408093181	0.202670392706659	0.032	0.025	1	FAN1	c4
0.0474667831740385	-0.202667247306681	0.501	0.488	1	ACTR2	c4
0.367844835310439	-0.202580435691891	0.202	0.207	1	GNPAT	c4
0.00074024989272628	-0.202539347437845	0.655	0.631	1	GABARAPL2	c4
0.560521169222476	-0.202513436721408	0.205	0.205	1	HSPA4	c4
0.844755159136127	-0.202457090123894	0.051	0.05	1	RP11-554J4.1	c4
0.0225770284919556	0.202401992774474	0.098	0.08	1	HIST2H2AC	c4
0.873439031796598	-0.202331992145689	0.009	0.01	1	RP11-422P24.11	c4
0.732361908178706	-0.202203540820348	0.046	0.048	1	TCF20	c4
0.727742594988257	-0.202173794117009	0.171	0.17	1	CTCF	c4
0.399318555796418	-0.202074453643604	0.164	0.169	1	HBS1L	c4
0.447924521378453	-0.202027189432356	0.137	0.141	1	FAM134C	c4
0.624836641085073	-0.201991785576934	0.09	0.093	1	SNAPC3	c4
0.714644274841691	-0.201980541783079	0.352	0.337	1	SSH2	c4
0.562425995530401	-0.201956288376473	0.173	0.174	1	MRPS25	c4
0.815787999369173	-0.201903597541633	0.053	0.054	1	PHF10	c4
0.610187192022714	-0.201871909319955	0.061	0.065	1	ZNF43	c4
0.0978412938678606	-0.201838680295308	0.242	0.257	1	FIP1L1	c4
0.0697390667268153	0.201818076453801	0.062	0.051	1	PLBD2	c4
0.219910330663961	-0.201806469412308	0.035	0.042	1	MAPK7	c4
0.788439902961089	-0.201778415819604	0.052	0.053	1	POLR3H	c4
0.324628965662936	-0.201732136301727	0.226	0.231	1	TSTA3	c4
0.136047705038134	-0.201722748924874	0.202	0.215	1	TIMM13	c4
0.0924051493219504	-0.201710101175345	0.342	0.35	1	USP16	c4
0.427347080125068	-0.201551293388764	0.159	0.164	1	SMARCA4	c4
0.331584253071791	-0.201523612811164	0.085	0.092	1	RARS2	c4
0.102787004242102	0.201521157101521	0.04	0.032	1	BCR	c4
0.195417494119453	-0.201341520566821	0.153	0.164	1	UPF3B	c4
0.653810113810642	-0.20131818367272	0.085	0.08	1	ZNF460	c4
0.599053473184314	-0.201144558117314	0.207	0.207	1	WIPI2	c4
0.00251655884074911	-0.201112392578204	0.58	0.556	1	COPE	c4
0.752269599339574	-0.201095666399988	0.024	0.025	1	RXRA	c4
0.886748380146092	-0.200970729459438	0.292	0.274	1	RUNX3	c4
0.702161487027669	-0.200902244929605	0.365	0.346	1	ACTN4	c4
0.0183862380568461	0.200847901859571	0.094	0.076	1	TUBE1	c4
0.966103064063786	-0.20083750172937	0.026	0.026	1	FUT10	c4
0.606349352031254	-0.200822055553142	0.022	0.02	1	KLHDC1	c4
0.864482699352742	-0.200818557384352	0.11	0.106	1	FAM210B	c4
0.00262541630256364	0.200785720453804	0.224	0.19	1	GLO1	c4
0.0159774213283402	0.200746749078421	0.087	0.069	1	HIPK3	c4
0.883301223648256	-0.200673308339767	0.049	0.048	1	MIR222HG	c4
0.334509878459115	-0.200649400866387	0.246	0.249	1	C19orf25	c4
0.311039808753833	-0.200643198551987	0.155	0.164	1	ACTR6	c4
0.498015070549946	0.200637599873938	0.016	0.014	1	RAB11FIP5	c4
0.284081558105542	-0.200521665351368	0.996	0.969	1	IL32	c4
0.69627037883381	-0.200510406732737	0.03	0.031	1	ZNF682	c4
0.350559561230625	-0.200509562238679	0.048	0.053	1	ZNHIT2	c4
0.922072151017988	-0.200398220491869	0.064	0.064	1	SLK	c4
0.744739412727661	-0.200363777480555	0.021	0.022	1	EPN2	c4
0.189075288309505	-0.20025292713599	0.054	0.063	1	NAGA	c4
0.854131763168098	-0.200136400869952	0.095	0.095	1	OGFOD3	c4
0.0274503703148715	0.200070804637144	0.098	0.081	1	RAB3IP	c4
0.524438120528098	-0.200070771347114	0.195	0.196	1	STIM1	c4
0.898776534009494	0.200048689445217	0.014	0.014	1	CCNF	c4
0.177272289152729	0.200046522489297	0.033	0.026	1	RP11-15A1.3	c4
0.494625924454577	0.200009352922033	0.012	0.01	1	SYNC	c4
0.496002823802955	-0.199895258940125	0.054	0.058	1	GATC	c4
0.403683485273015	-0.199883987368328	0.136	0.142	1	NDUFC2	c4
0.09482708666135	-0.199874854337934	0.389	0.385	1	NUDC	c4
0.00019386919147071	0.199841362739274	0.205	0.164	1	IL4R	c4
0.882549811865445	-0.199696714075666	0.039	0.038	1	ZDHHC2	c4
0.0779305255990774	0.199633136951123	0.017	0.012	1	CUBN	c4
0.0525663894173709	-0.199459094907825	0.299	0.313	1	POLR2I	c4
0.513083762931642	-0.19945006242386	0.046	0.05	1	PRDM4	c4
0.604922213995973	-0.199444310761743	0.031	0.034	1	ZW10	c4
0.453459651034544	-0.199359026895914	0.027	0.03	1	ZNF446	c4
0.13231270505768	0.199358365833764	0.043	0.036	1	ZNF790	c4
0.588485741067363	-0.199320655048924	0.134	0.137	1	ECD	c4
0.616881939247844	-0.199311223876448	0.065	0.068	1	MTRF1L	c4
0.27769897846553	0.199310897014596	0.01	0.007	1	USP44	c4
0.96862742537439	-0.199266135418604	0.203	0.196	1	LINC01550	c4
0.441658502546942	-0.19924233158057	0.022	0.026	1	CCZ1B	c4
0.360362724781038	-0.199236862077129	0.058	0.064	1	NSUN3	c4
0.513033385989633	-0.199205172263439	0.126	0.13	1	TRAPPC2	c4
0.0114810393837075	-0.1991810191815	0.524	0.516	1	CYCS	c4
0.66718700976131	-0.199142134512789	0.052	0.054	1	SLC9B2	c4
0.175864933209867	-0.199104731555625	0.234	0.244	1	TRAPPC4	c4
0.740270879552859	-0.199088662921644	0.163	0.162	1	CALCOCO1	c4
0.485833258596433	-0.199070786009003	0.102	0.107	1	IDH3A	c4
0.422807739026587	-0.199012765813703	0.027	0.031	1	SMURF1	c4
0.338575513853412	-0.198958132186809	0.145	0.152	1	MED21	c4
0.852965522305283	-0.198938487678903	0.116	0.112	1	SLC35E2B	c4
0.756925574335367	-0.198925018620265	0.462	0.43	1	ATM	c4
0.753889714661672	-0.198905966214099	0.288	0.277	1	PTK2B	c4
0.088414376045173	-0.198860514334387	0.304	0.316	1	SUPT4H1	c4
0.384765633557002	-0.198856095810137	0.096	0.103	1	MAP3K5	c4
0.0792296307869812	-0.198841280236978	0.32	0.329	1	MAPK1IP1L	c4
0.105849484191292	-0.198833242974337	0.188	0.203	1	SMIM15	c4
0.384575073699209	-0.198816476868328	0.236	0.24	1	RBM6	c4
0.0489171495524515	-0.198784134380833	0.3	0.316	1	ATXN10	c4
0.349647810732524	-0.198707520836841	0.127	0.134	1	EXOC1	c4
0.335354874313043	-0.198564484220705	0.124	0.131	1	MRPL44	c4
0.207452421373687	-0.198506074881229	0.153	0.165	1	MRPL38	c4
0.116166700563918	0.198463004763821	0.049	0.041	1	LZTS2	c4
0.483566418901091	-0.198261183029476	0.181	0.184	1	DCAF8	c4
0.981707219037733	0.198215695407023	0.028	0.028	1	TRAV10	c4
0.231470497499266	-0.198157757145531	0.331	0.331	1	DCXR	c4
0.00353635571794778	0.198071248734275	0.179	0.148	1	OSBPL9	c4
0.7798220885818	-0.198010471941827	0.141	0.14	1	AKAP7	c4
0.41171613908687	-0.197987827804311	0.287	0.286	1	PARVG	c4
0.000895296038625406	0.197967746964434	0.146	0.115	1	TRAV8-2	c4
0.124131598005096	-0.197916073852085	0.108	0.122	1	CINP	c4
0.0180810209257443	-0.197910195629689	0.462	0.461	1	NDUFB7	c4
0.512920460105685	-0.197869576125222	0.079	0.083	1	GTF2A1	c4
0.018216594500409	0.197840391472862	0.087	0.07	1	NRF1	c4
0.909215682247431	-0.197838125719621	0.095	0.092	1	ZNF335	c4
0.168233103681559	-0.197834784279314	0.356	0.354	1	YWHAE	c4
0.513353229298732	-0.197833385527558	0.026	0.029	1	CSAD	c4
0.0343798986653464	0.197711503134482	0.082	0.067	1	NAT10	c4
0.332608123973821	0.197665982328775	0.057	0.051	1	CHPF	c4
0.170342671046625	-0.19748209153452	0.404	0.393	1	TMED9	c4
0.387642543251845	-0.197428642729383	0.161	0.166	1	TATDN1	c4
0.877800021280278	-0.197371154627344	0.067	0.068	1	CEP295	c4
0.654351467017969	-0.197265102209316	0.071	0.074	1	SEC24D	c4
0.1877762036644	-0.197224724276253	0.21	0.221	1	PRPF31	c4
0.108872752016105	-0.197207464424902	0.121	0.136	1	ZNF267	c4
0.200757267258555	-0.197189002221368	0.059	0.068	1	ACP2	c4
0.000983685987347024	-0.197183840475456	0.575	0.564	1	C14orf166	c4
0.419304152215873	-0.197128800085466	0.054	0.058	1	ILVBL	c4
0.0110630616882855	0.19711049396682	0.097	0.077	1	THEMIS2	c4
0.078998875348857	-0.197049939350881	0.335	0.343	1	TMEM9B	c4
0.495818162637997	-0.197024047811366	0.167	0.171	1	EIF3J	c4
0.732903588999775	-0.197003396545131	0.228	0.225	1	SLC4A7	c4
0.391961121613053	-0.196919256051391	0.068	0.074	1	TMEM254	c4
0.0535115896600163	-0.196859474704808	0.51	0.492	1	GNG2	c4
0.941247878938437	-0.196785646652117	0.012	0.011	1	CNIH3	c4
0.337329268848175	-0.196783398042885	0.064	0.071	1	JMJD4	c4
0.548957873191779	0.196693569039406	0.012	0.011	1	RP1-43E13.2	c4
0.834125773284078	-0.196626501544351	0.015	0.016	1	CES4A	c4
0.555982382705584	-0.196594562999482	0.031	0.034	1	DVL3	c4
0.813880765988183	-0.196557802415997	0.064	0.065	1	FBXO11	c4
0.497116644781352	-0.196552128298319	0.1	0.104	1	PTAR1	c4
0.231056645593733	-0.196466367042771	0.111	0.12	1	RQCD1	c4
0.476970655868107	-0.196454031752389	0.058	0.062	1	RAB2B	c4
0.343895617372422	-0.196449032550459	0.042	0.048	1	MRPL53	c4
0.109864988505472	-0.196433511059651	0.343	0.348	1	LSM3	c4
0.799715223703405	-0.196431336902611	0.067	0.068	1	INTS3	c4
0.87727365438371	-0.196403145772081	0.133	0.132	1	TNPO3	c4
0.00129676321204375	-0.196359667680237	0.539	0.534	1	COX7A2L	c4
0.491441647195216	-0.196270290696873	0.239	0.239	1	HNRNPAB	c4
0.248209894570462	-0.196255102443816	0.336	0.335	1	PNPLA2	c4
0.0304244698304312	-0.196168287272964	0.196	0.22	1	SCNM1	c4
0.747084939548582	-0.196136949224127	0.031	0.033	1	DISC1	c4
0.178913777995453	-0.196095364137459	0.442	0.427	1	DOK2	c4
0.897240258550083	-0.196037230008508	0.113	0.112	1	MED1	c4
0.428826867347999	-0.195983230874698	0.159	0.164	1	PIGP	c4
0.908495211051199	-0.195977298374136	0.025	0.026	1	ZSWIM3	c4
0.318760077506867	-0.195926480864883	0.14	0.149	1	RALBP1	c4
0.893389617233183	-0.195833802977996	0.03	0.031	1	C1RL-AS1	c4
0.626542247754938	-0.195795351474138	0.059	0.062	1	BOLA1	c4
0.292151556357771	-0.195776564773179	0.171	0.18	1	PDCD7	c4
0.813504399089433	-0.195759553000011	0.023	0.022	1	ZC4H2	c4
0.73047672403152	-0.195733328837266	0.151	0.151	1	PIK3R5	c4
0.0220242269346223	0.195632039177954	0.283	0.257	1	RGS2	c4
0.813848639317496	-0.195624312201785	0.141	0.135	1	C6orf226	c4
0.301490393095664	-0.195612796133615	0.02	0.025	1	NUDT8	c4
0.498052857068295	-0.195611232737093	0.107	0.112	1	WBP4	c4
0.931265291846047	-0.195551986893411	0.02	0.02	1	SLC12A2	c4
0.196263191273556	-0.195543328375394	0.207	0.217	1	EIF2AK1	c4
0.302749316522629	-0.195523107313258	0.036	0.042	1	TAB3	c4
0.428911222748607	-0.195478295843826	0.019	0.022	1	RAB11B-AS1	c4
0.101717958192411	-0.195449563563476	0.181	0.199	1	PSMD3	c4
0.000377244792726586	0.195354847006042	0.185	0.148	1	CREBL2	c4
0.0582454432697286	-0.195338314244893	0.4	0.399	1	POLR2G	c4
0.819375327645177	-0.19529637297305	0.157	0.155	1	ZNF33A	c4
0.242918474863576	-0.19529424243303	0.096	0.106	1	MSRA	c4
0.00690264765885959	0.195203823389339	0.116	0.093	1	FAM175A	c4
0.00430260826922482	-0.19518519503814	0.432	0.444	1	GTF2A2	c4
0.034007168545242	-0.195165810047038	0.551	0.555	1	MTRNR2L12	c4
0.436276675122891	-0.195138123775251	0.066	0.071	1	DIAPH2	c4
0.995630934530072	-0.195134206020209	0.117	0.115	1	MGA	c4
0.261423313749221	-0.195102480603747	0.202	0.211	1	SUPT20H	c4
0.871512392892788	-0.195077600882372	0.018	0.019	1	ZNF747	c4
0.313699189487142	-0.194989379671504	0.208	0.215	1	TMEM126B	c4
0.764121889401111	-0.194959208568704	0.092	0.093	1	MED13	c4
0.0344120810546392	0.194922782046499	0.051	0.039	1	B3GLCT	c4
0.300769728884009	-0.194883373069081	0.162	0.17	1	USP39	c4
0.518761507603677	-0.194793374927022	0.174	0.178	1	AKTIP	c4
0.540874079708296	-0.194780942215416	0.227	0.227	1	SMC1A	c4
0.296340227229317	-0.194721136445206	0.259	0.263	1	FBXW5	c4
0.045052916323277	0.194698421874188	0.067	0.054	1	ACBD4	c4
0.94092059798742	-0.194641208695939	0.079	0.078	1	ATP6V1C1	c4
0.396055112585644	-0.194563076285392	0.181	0.186	1	WDR61	c4
0.01011843440683	-0.194537000515586	0.474	0.477	1	SYF2	c4
0.438786889779539	0.194392260896139	0.017	0.014	1	TRBV24-1	c4
0.64727481947361	-0.194371180962056	0.048	0.05	1	TXNL4B	c4
0.0591222307846354	-0.19435389897799	0.408	0.409	1	SDHC	c4
0.354636994717445	-0.194336892397353	0.015	0.019	1	UBAC2-AS1	c4
0.913180771947653	-0.194247598354839	0.011	0.011	1	EFNB1	c4
0.0764525551135198	-0.194219900626715	0.334	0.341	1	TEX264	c4
0.571570826008005	-0.194213145571791	0.015	0.017	1	C9orf9	c4
0.467799185601386	-0.194176423422989	0.078	0.083	1	RIOK2	c4
0.00846304460805998	0.194098484484444	0.109	0.088	1	NOL9	c4
0.110896596636068	0.194083091867709	0.029	0.022	1	CYP2U1	c4
0.549558332111301	-0.19404825896195	0.011	0.013	1	SLC25A30	c4
0.0122138245623435	-0.194044153825142	0.417	0.428	1	CLTB	c4
0.274760768516456	-0.194031675193291	0.287	0.287	1	GLOD4	c4
0.0725314280220403	-0.194002618903992	0.327	0.337	1	PRKACB	c4
0.0171848195011828	-0.193950607162003	0.489	0.488	1	TCF25	c4
0.674282159019249	-0.193917350362127	0.175	0.176	1	DCP1A	c4
0.149197566262664	-0.193906804133925	0.212	0.225	1	CPSF6	c4
0.159357863648176	-0.193837479765749	0.354	0.355	1	DBNL	c4
0.820630729750645	-0.193810061951393	0.015	0.016	1	SEC31B	c4
0.570179154370876	-0.193800069520489	0.04	0.043	1	ATG4C	c4
0.117133266058318	-0.193781446127571	0.076	0.088	1	PAM16	c4
0.22373411625937	-0.193748212833962	0.167	0.178	1	ARL8B	c4
5.23732966879673e-05	-0.193709987378629	0.74	0.711	1	HIGD2A	c4
0.352503692981229	-0.193640926626677	0.188	0.194	1	ARMC8	c4
0.90124729279789	-0.193587028973472	0.163	0.16	1	POGZ	c4
0.919551539765803	-0.193502688369863	0.105	0.104	1	MFSD14C	c4
0.621830581806732	-0.193499002792881	0.068	0.071	1	APH1B	c4
0.639737368356583	-0.193458804176696	0.069	0.072	1	FAM168B	c4
0.192312604358476	-0.193426992671862	0.116	0.128	1	EBNA1BP2	c4
0.611612036557131	-0.193425752129233	0.228	0.228	1	SPPL2A	c4
0.0705768175361809	-0.193405272195885	0.242	0.259	1	EXOSC1	c4
0.586884328872181	-0.193384075563164	0.134	0.138	1	RPRD2	c4
0.231731906447256	-0.193244779169294	0.062	0.071	1	THG1L	c4
0.558319755589905	-0.193153858831882	0.158	0.16	1	USE1	c4
0.0590277133181583	0.193085973640506	0.066	0.054	1	ABCB1	c4
0.260233192524692	0.192975184186937	0.041	0.035	1	PANX1	c4
0.447304520496524	-0.192956830766157	0.064	0.069	1	KATNB1	c4
0.438982017745097	-0.192922454464615	0.059	0.064	1	TARS2	c4
0.859081859200456	-0.192809385469837	0.14	0.138	1	NBPF19	c4
0.201684151488099	-0.192684763699851	0.15	0.163	1	MAPKAPK3	c4
0.810477202099861	-0.192678315509773	0.234	0.227	1	PHC3	c4
0.0132620780037217	-0.192649674335817	0.587	0.557	1	RHOG	c4
0.73659801228447	-0.192572454839064	0.381	0.358	1	CLDND1	c4
0.838886140629142	0.192448258107565	0.014	0.013	1	TOR4A	c4
0.446024468177435	-0.192440161715627	0.042	0.046	1	FAAP100	c4
0.461648097590315	-0.192439798360096	0.064	0.069	1	ARL13B	c4
0.338840298051435	-0.192419095415356	0.152	0.159	1	TMEM101	c4
0.628786527284662	-0.192254925445916	0.054	0.056	1	TOM1L2	c4
0.0185899367991745	0.19223377443182	0.094	0.076	1	H6PD	c4
0.983914274886085	-0.192191293012254	0.044	0.044	1	HIST1H2AK	c4
0.0484212277575706	-0.192053855694521	0.46	0.448	1	CLTA	c4
0.0447931284185551	-0.191943086219393	0.38	0.387	1	ILF3	c4
0.695371716027498	-0.191921822439938	0.051	0.053	1	LRR1	c4
0.611081104769198	-0.191906712444136	0.056	0.059	1	KIAA1328	c4
0.335538245696492	-0.191896270501599	0.126	0.133	1	RFWD2	c4
0.034512629718571	0.191892524697274	0.054	0.042	1	MAFF	c4
0.884881817342514	-0.191860701765309	0.033	0.032	1	ENGASE	c4
0.272428213869689	-0.191845876635897	0.218	0.226	1	UBTF	c4
0.188495613389614	0.191719644057224	0.035	0.029	1	ZNF354B	c4
0.573097209489173	-0.191642951616525	0.129	0.133	1	CDC16	c4
0.000211213387608095	0.191627448895831	0.307	0.259	1	MAP7D1	c4
0.813090832264302	-0.191610145936321	0.108	0.108	1	RNF6	c4
0.485355540812835	-0.191604623087397	0.335	0.325	1	VPS36	c4
0.500229929125484	-0.191528527989282	0.41	0.393	1	SLC3A2	c4
0.217194038488144	-0.191451232744018	0.087	0.098	1	DNAJC21	c4
0.0827157854614918	-0.191382835415639	0.364	0.368	1	KIF2A	c4
0.122142005769928	0.191308194398498	0.027	0.021	1	ACO1	c4
0.349271967252003	-0.191300856986842	0.09	0.098	1	TMEM209	c4
0.728666435290693	0.191259801050316	0.02	0.018	1	KCTD21	c4
0.161859733444063	-0.191246291866296	0.337	0.338	1	KDELR2	c4
5.33527239706727e-05	0.191231128205148	0.348	0.291	1	STARD3	c4
0.300628471371623	-0.191225072073576	0.199	0.207	1	USP47	c4
0.766640131307718	-0.191194156911195	0.123	0.124	1	ZMYND11	c4
0.696605981294197	-0.191174386642724	0.03	0.032	1	ZNF142	c4
0.892616271919961	-0.1910981367026	0.153	0.151	1	NOA1	c4
0.297560370486234	-0.191076251823013	0.227	0.233	1	PPIE	c4
0.299388606894828	-0.19092231881129	0.101	0.109	1	C8orf76	c4
0.377038564542709	-0.190842785950172	0.07	0.076	1	NDUFAF6	c4
0.412386499144378	-0.190808459516749	0.059	0.065	1	SIL1	c4
0.324788380157436	-0.190769631258731	0.161	0.169	1	CCNT1	c4
0.695099600120148	-0.190753844936888	0.174	0.174	1	TAF11	c4
0.564526388477199	-0.190752054795734	0.097	0.101	1	SBNO2	c4
0.625634742583254	-0.190607693963385	0.079	0.082	1	KIAA0232	c4
0.992548964147542	-0.190570346430706	0.067	0.067	1	PLCL2	c4
0.530320700245617	-0.190438068169601	0.033	0.036	1	IFT88	c4
0.199704898001486	-0.190367375116162	0.131	0.142	1	BCKDHA	c4
0.525970566482748	0.19029211261784	0.017	0.015	1	HIST2H2BE	c4
0.348986118967852	-0.190263389388478	0.091	0.098	1	GTF2H3	c4
0.76840026109707	-0.190227811703333	0.061	0.062	1	CLK2	c4
0.734145991261668	-0.190155597243256	0.11	0.111	1	MLST8	c4
0.0630155992912754	0.189923922315277	0.161	0.143	1	MTFP1	c4
0.817362620752167	-0.189918328066516	0.027	0.028	1	ATRN	c4
0.17651706065838	-0.189813985559367	0.529	0.469	1	SH2D2A	c4
0.488486933271043	-0.189809171777413	0.072	0.077	1	ZNF567	c4
0.671400837416518	-0.189799784604849	0.051	0.053	1	SFR1	c4
0.221873769157418	-0.189773631819028	0.069	0.079	1	DOK1	c4
0.184960661568771	-0.189772822050907	0.244	0.253	1	CIAO1	c4
0.373861173297482	-0.18971296573686	0.26	0.263	1	NDUFA10	c4
0.530184428335359	-0.189712486291906	0.065	0.069	1	PAXIP1-AS2	c4
0.579614741417996	-0.189551506552751	0.041	0.044	1	PPRC1	c4
0.384635206569184	-0.189365130520376	0.262	0.263	1	TCIRG1	c4
0.400292915737192	-0.189350564252605	0.192	0.196	1	MIA3	c4
0.000737338817691366	-0.189279056539251	0.586	0.579	1	LSM7	c4
0.806439576699278	-0.189247031033521	0.12	0.116	1	ANGEL2	c4
0.553466106882054	-0.189022115806571	0.235	0.235	1	TOR1AIP1	c4
0.0927652343941219	-0.188986157955315	0.41	0.409	1	BZW1	c4
0.53093596138811	-0.188980450688956	0.184	0.187	1	ZC3H7A	c4
0.000659212770525318	0.188970345165611	0.108	0.081	1	AC241377.2	c4
0.00253267891635037	0.188955641262473	0.136	0.108	1	METTL21A	c4
0.750217373865464	-0.188929574416451	0.081	0.083	1	NAA25	c4
0.952502419336269	-0.188908983728349	0.059	0.059	1	TRGV5	c4
0.322035150755607	0.188832149893206	0.026	0.022	1	SPDL1	c4
0.899178150039549	-0.18868035393832	0.072	0.073	1	LRRC28	c4
0.455840305504118	-0.188598414133459	0.107	0.112	1	SLC25A25	c4
0.101295772430671	0.188581117470373	0.027	0.021	1	AC195454.1	c4
0.00212747676656117	-0.188570351750483	0.659	0.646	1	N4BP2L2	c4
0.335071177516258	-0.18852106244903	0.063	0.07	1	NFKBIE	c4
0.486776419247421	-0.188513843385468	0.159	0.163	1	IRF2BP2	c4
0.5025868140429	-0.188504486071747	0.091	0.096	1	FN3KRP	c4
0.279091255660154	-0.188476094513106	0.306	0.309	1	CHST11	c4
0.314921680892555	-0.188469053732168	0.213	0.221	1	SIRT7	c4
0.322674889999537	-0.188445081364194	0.193	0.2	1	SNRNP27	c4
0.0833729705051458	-0.188383737354646	0.384	0.385	1	AP2S1	c4
0.000362896222936682	-0.188336438109914	0.717	0.703	1	RBM39	c4
0.933732955528044	0.18820689692859	0.012	0.012	1	PIGW	c4
0.0661723638957378	-0.18819475594762	0.149	0.168	1	TOR1A	c4
0.301746355297177	-0.188160496170468	0.072	0.08	1	CTNNA1	c4
0.460899855157368	-0.188160065874842	0.094	0.099	1	PAFAH1B2	c4
0.0637196796060495	0.188087000191137	0.054	0.043	1	CETN2	c4
0.0259370602320432	0.188057119770117	0.056	0.043	1	RP11-327P2.5	c4
0.56100774627934	-0.188055541066988	0.161	0.164	1	ASNSD1	c4
0.999297451167813	-0.187928212327771	0.022	0.022	1	ZNF513	c4
0.611279102257952	-0.187908389711231	0.047	0.05	1	TEP1	c4
0.89251829675343	-0.187893692145834	0.037	0.037	1	ZNF606	c4
0.190917281580947	-0.187863425002793	0.32	0.326	1	SNRNP200	c4
0.726520818629604	-0.187842620383741	0.087	0.082	1	SLC25A37	c4
0.0430922048897502	-0.187832314864189	0.466	0.471	1	ATRX	c4
0.420721951462144	-0.18776565913236	0.022	0.026	1	ZNF707	c4
0.749716076738368	-0.187652159457299	0.027	0.028	1	RP11-242D8.1	c4
0.34396142652983	-0.18757548658128	0.262	0.265	1	PSMD11	c4
0.00296665390630752	-0.187557394254305	0.787	0.734	1	SEPT6	c4
0.50860247616621	-0.187544426185403	0.09	0.095	1	MTG2	c4
0.503361536920855	-0.187544018097176	0.135	0.14	1	TPD52L2	c4
0.00270112656218639	0.18752126848567	0.204	0.171	1	PRPF19	c4
0.213848066750644	-0.187514224269203	0.2	0.211	1	SRP54	c4
0.538965934309997	-0.187418741345899	0.068	0.072	1	TMEM44-AS1	c4
0.308424884160175	-0.187319954255311	0.106	0.114	1	RANGAP1	c4
0.366024373972191	-0.187218044116257	0.222	0.226	1	CAPRIN1	c4
0.590918042170354	-0.187130721556449	0.048	0.051	1	TIMM23B	c4
0.331439215236529	-0.187053906621824	0.145	0.154	1	NFU1	c4
0.397035465997349	-0.187025473454076	0.162	0.168	1	TMEM154	c4
0.203585784101294	-0.186993068002449	0.111	0.123	1	CDIP1	c4
0.997035549160678	-0.186942806160262	0.132	0.129	1	IREB2	c4
0.248403836058507	-0.186924333872332	0.203	0.212	1	PFDN6	c4
0.942515926412077	-0.186914847499209	0.025	0.025	1	N4BP3	c4
0.902336553383144	-0.186843140232924	0.091	0.091	1	TMEM5	c4
0.845672396425277	-0.186831087636028	0.014	0.014	1	AVPI1	c4
0.633153804154287	-0.186812549837914	0.197	0.196	1	ZNF394	c4
0.181571873558394	0.186812205201808	0.016	0.012	1	SMN2	c4
0.75017298369657	-0.186791305510007	0.038	0.039	1	ZNF500	c4
0.493588699820392	-0.186682697451412	0.283	0.28	1	OS9	c4
0.174209395762551	-0.186609824601098	0.249	0.258	1	ECHS1	c4
0.312277374920213	-0.186520348402401	0.043	0.049	1	RIC8B	c4
0.163824651957746	-0.186505889448676	0.33	0.334	1	STRAP	c4
0.278803496757494	0.186457335120933	0.012	0.009	1	RP11-442N24--B.1	c4
0.246556077428885	-0.186391938863754	0.218	0.227	1	SLU7	c4
0.653339749891357	-0.186391738286826	0.117	0.12	1	DESI2	c4
0.299265159280926	-0.186346592940566	0.208	0.215	1	IDH3B	c4
0.59056860859886	-0.186338468570951	0.236	0.236	1	TNIP2	c4
0.00614702275204845	-0.186311934847516	0.518	0.513	1	PYURF	c4
0.734313656841596	-0.186305146124361	0.067	0.068	1	UPF1	c4
0.449456965134503	-0.186263122749817	0.2	0.203	1	GMPR2	c4
0.953813885761016	-0.186233327206904	0.161	0.156	1	PACS1	c4
0.296503871177172	-0.186224284370059	0.373	0.362	1	DNAJC15	c4
0.698528729816635	-0.186220613210281	0.257	0.253	1	FAS	c4
0.918400710245497	-0.186130555057451	0.036	0.035	1	IFNGR2	c4
0.376884445289772	-0.186092618269513	0.129	0.136	1	CHD8	c4
0.5286334464229	-0.186070539994496	0.424	0.409	1	REL	c4
0.645572961610054	-0.186029440899659	0.062	0.065	1	RP11-488L18.8	c4
0.00428697553097867	0.185968876839044	0.194	0.163	1	DIMT1	c4
0.475545837159771	-0.185956420223653	0.111	0.116	1	NXPE3	c4
0.232002065342907	-0.18587839295967	0.162	0.172	1	MRPL49	c4
0.277298842275336	0.185858997445491	0.014	0.011	1	DVL1	c4
0.417126680530178	-0.185833970917387	0.138	0.144	1	BRD9	c4
0.139773276274549	0.185818257393636	0.015	0.011	1	PELI2	c4
0.994731034725046	-0.18577675548854	0.048	0.048	1	TTC21B	c4
0.608738675376964	-0.185693617022055	0.035	0.038	1	IPO13	c4
0.188363775222692	-0.185654920369639	0.385	0.378	1	ALKBH7	c4
0.055071247980212	0.185607163781523	0.061	0.049	1	DDX20	c4
0.615251882669917	-0.185594462174842	0.016	0.014	1	DTWD2	c4
0.710799396566494	-0.185580262202673	0.041	0.043	1	RETSAT	c4
0.849218821129971	-0.185571404243898	0.017	0.018	1	ARRDC3-AS1	c4
0.00134919548142852	-0.185497963453027	0.676	0.653	1	SEPW1	c4
0.40131348419937	-0.185463684522284	0.056	0.062	1	CNEP1R1	c4
0.706906306624845	-0.185448253250662	0.112	0.114	1	CCDC22	c4
0.888830675885402	-0.185435372801456	0.027	0.028	1	MTMR1	c4
0.000284633867906795	-0.185429365908885	0.795	0.788	1	HLA-F	c4
0.748881280786222	-0.185396037488129	0.043	0.045	1	RDH13	c4
0.530616422371852	-0.185379381006935	0.187	0.189	1	PPID	c4
0.166129773742971	0.185360873545865	0.085	0.075	1	CD70	c4
0.404652146014496	0.185359160150568	0.022	0.019	1	ZBTB5	c4
0.634030870553945	-0.185321451390423	0.074	0.077	1	KBTBD2	c4
0.175421478299846	0.185300069117852	0.03	0.024	1	KDM8	c4
0.000755086929039561	0.185288807079758	0.2	0.162	1	APBB1	c4
0.0179347414080576	0.185193288195242	0.101	0.083	1	STXBP3	c4
0.00412909158753751	0.185143702691357	0.14	0.112	1	RP11-660L16.2	c4
0.560211032507475	-0.185132658980498	0.096	0.1	1	FAM122A	c4
0.262552628799788	-0.185123174681438	0.193	0.202	1	TCERG1	c4
0.0376300360618145	0.184933729046582	0.071	0.057	1	EFTUD1	c4
0.248171730656002	-0.184914431119595	0.155	0.166	1	PSENEN	c4
0.0221831165799542	0.184883625024069	0.064	0.049	1	TMEM65	c4
0.734670424865006	-0.184838649107612	0.145	0.146	1	QARS	c4
0.114040478839558	-0.184813044226788	0.262	0.276	1	OLA1	c4
0.65645681092902	-0.184742262654091	0.144	0.146	1	EP400	c4
0.149390156285357	0.184626580631774	0.03	0.024	1	BLOC1S3	c4
0.691590720913942	-0.184559173652144	0.107	0.109	1	NNT	c4
0.604448669710017	-0.184528252553006	0.272	0.267	1	NCK1	c4
0.674543149434587	-0.184492439777001	0.127	0.129	1	EPM2AIP1	c4
0.358830671982547	-0.184388136007489	0.368	0.335	1	CCND2	c4
0.196363258571205	-0.18432405969959	0.348	0.35	1	ITSN2	c4
0.286283112533901	-0.184323107514463	0.25	0.254	1	CCDC124	c4
0.651119987575484	-0.184274244788586	0.035	0.032	1	AC159540.1	c4
0.170488918754407	-0.184264920255943	0.091	0.103	1	EIF2B2	c4
0.314180853453541	-0.18426459364726	0.09	0.098	1	CEP104	c4
0.497035091701319	-0.184234896093198	0.033	0.036	1	ARPC4-TTLL3	c4
0.459374033640878	-0.184184376890555	0.13	0.136	1	PPP2R4	c4
0.440865164008336	-0.184142714540234	0.176	0.181	1	SEC22B	c4
0.645861869303774	-0.184130196641244	0.118	0.121	1	CNOT3	c4
0.0752447014828272	-0.184037977182406	0.086	0.101	1	KIF20B	c4
0.000210912890865374	0.183970317509633	0.215	0.172	1	NAE1	c4
0.361613590761102	-0.183961542850852	0.085	0.091	1	THOC6	c4
0.929669216158573	-0.18389623801007	0.044	0.043	1	CTD-3074O7.5	c4
0.846919403310444	-0.183891825455748	0.119	0.119	1	ANKRD36	c4
0.684405346992457	-0.18387370500179	0.192	0.181	1	HOXB2	c4
0.604398956195873	-0.18386641626874	0.041	0.044	1	TIRAP	c4
0.188350160476101	-0.18385338612985	0.176	0.189	1	C1orf123	c4
0.177742666108422	-0.183789788761358	0.298	0.302	1	METTL5	c4
0.927794908025722	-0.183776129339238	0.122	0.12	1	PUS7L	c4
0.49092016783448	-0.183755458748733	0.197	0.2	1	RAB3GAP1	c4
0.130859854677649	-0.183693888491686	0.242	0.256	1	ERLEC1	c4
0.472032256580776	-0.18367636823736	0.142	0.148	1	VAV1	c4
0.786086668010119	-0.183600048683279	0.06	0.061	1	SLC35A5	c4
0.364740224378917	-0.183455607326118	0.351	0.346	1	STK10	c4
0.363254982596048	-0.183443559101227	0.163	0.171	1	PEPD	c4
0.00507035596129035	0.183416945245926	0.093	0.071	1	MED13L	c4
0.147954903345428	0.183394598424917	0.024	0.018	1	C3orf33	c4
0.544449873712402	-0.183302496355534	0.058	0.062	1	RP5-1091N2.9	c4
0.680470055178322	-0.183279751488945	0.148	0.15	1	PLPP5	c4
0.186827245804982	0.183263071077646	0.019	0.014	1	PFKM	c4
0.331191130305856	-0.183248609702893	0.286	0.287	1	ASH1L	c4
0.825485652739355	-0.183193072971569	0.125	0.125	1	ZZEF1	c4
0.0345288822318931	0.18315491278366	0.033	0.024	1	ZNF549	c4
0.239525589968875	-0.183117574184888	0.252	0.258	1	ATP6AP1	c4
0.152738128336407	-0.183081880207046	0.167	0.181	1	ZCCHC17	c4
0.399361129299844	-0.183056739629988	0.102	0.108	1	TACO1	c4
0.0290636361416796	-0.183010403124513	0.469	0.47	1	C16orf13	c4
0.652520448614163	-0.182912308519357	0.04	0.043	1	SPATA2L	c4
0.865166431715734	-0.182846590992475	0.03	0.03	1	RTTN	c4
0.572669469198988	-0.182801219917323	0.166	0.169	1	ISG20L2	c4
0.428888171926976	-0.182783303205687	0.226	0.23	1	USP4	c4
0.351582394553307	0.182775080063936	0.021	0.018	1	CCNI2	c4
0.674766979209318	-0.18275846357357	0.015	0.017	1	TBKBP1	c4
0.0966540383595803	-0.182733360971408	0.393	0.395	1	MRPL43	c4
0.398239410283033	-0.182717539524837	0.304	0.3	1	VDAC3	c4
0.738585817887536	-0.18268077848392	0.037	0.039	1	TNFAIP1	c4
0.505724669018604	-0.1826731133363	0.117	0.122	1	ZNF414	c4
0.382943710468752	-0.182635083750141	0.254	0.257	1	MRPS16	c4
0.165732359867447	0.182612021163102	0.065	0.056	1	RRAGC	c4
0.920185635222551	-0.182523245727408	0.019	0.019	1	OTUD7A	c4
0.784956824163911	-0.182494603821719	0.117	0.118	1	AHCTF1	c4
0.614510578145722	-0.182417679463527	0.18	0.181	1	RUNX1	c4
0.636270759549244	-0.182378415109116	0.04	0.043	1	HAUS5	c4
0.218791510502042	0.182293522399246	0.053	0.046	1	XRCC6BP1	c4
0.552565881430269	0.182269940354979	0.03	0.033	1	TRAV25	c4
0.037762494545485	-0.182227585650356	0.78	0.765	1	PTPRCAP	c4
0.388297226459955	0.182223249886037	0.02	0.016	1	ZNF615	c4
0.928810176351861	-0.182216697781108	0.01	0.01	1	MORN1	c4
0.686775730845036	-0.182162343681548	0.296	0.288	1	PRPF4B	c4
0.0193924894734173	0.182063694397855	0.093	0.075	1	RP11-1000B6.3	c4
0.549235245067491	-0.182035670888846	0.072	0.076	1	RUSC1	c4
0.904364909511169	-0.181980369974726	0.148	0.147	1	RAB11FIP1	c4
0.123879545098883	0.181875506581581	0.014	0.01	1	RP11-134N1.2	c4
0.308684026029846	-0.181844806404956	0.093	0.102	1	BTBD1	c4
0.674609670965772	-0.181800165956751	0.058	0.06	1	NUP155	c4
0.0936887013517353	-0.181736191380231	0.252	0.265	1	MED4	c4
0.862125161373345	-0.181684395106978	0.107	0.107	1	TNKS	c4
0.829616976931481	-0.181584827979476	0.012	0.011	1	AK5	c4
0.0856521552034833	0.181569985876383	0.061	0.051	1	UBR3	c4
0.349989779604378	-0.181534142423007	0.151	0.159	1	BLOC1S6	c4
0.946850004494426	-0.18145301689966	0.079	0.078	1	SACS	c4
0.00553157376925631	-0.18137019095564	0.653	0.63	1	EPC1	c4
0.218957491443579	-0.181353376321773	0.374	0.37	1	TRA2B	c4
0.00167653707242401	0.181265630881877	0.208	0.171	1	TIMM9	c4
0.211606862497786	-0.181152854489046	0.265	0.27	1	BFAR	c4
0.654813985890093	-0.181147283916025	0.031	0.033	1	MFSD9	c4
0.779931018848961	-0.181130690940125	0.077	0.079	1	TRAPPC8	c4
0.709528493528941	-0.181044352790321	0.035	0.033	1	SGSM2	c4
0.678706451858557	-0.180965517726556	0.253	0.251	1	CEP350	c4
0.431294394363866	-0.180964421571084	0.054	0.059	1	ACAD8	c4
0.727450624137117	0.180961301772064	0.014	0.013	1	CENPBD1	c4
6.51602885207823e-05	0.180941072987953	0.256	0.205	1	NAAA	c4
0.00206483687840359	-0.180939281056129	0.6	0.593	1	TBCA	c4
0.983442127848537	0.180905085768483	0.013	0.013	1	SPIN3	c4
0.361769933319332	-0.180875585242506	0.213	0.218	1	FKBP3	c4
0.668090464528455	-0.180860150583967	0.105	0.107	1	OXR1	c4
0.138171769420709	-0.18077262713399	0.348	0.351	1	SNRPE	c4
0.799473447489611	-0.180753971332915	0.098	0.099	1	VPS41	c4
0.422291080135021	-0.180682190002498	0.072	0.077	1	RBM19	c4
0.00375968667304607	-0.180661636134783	0.655	0.637	1	KMT2E	c4
0.400244053149701	-0.180646416026672	0.259	0.261	1	THOC2	c4
0.0203772837912443	0.18064187113186	0.083	0.067	1	SDE2	c4
0.389398182908242	0.180541904505631	0.023	0.02	1	ZNF845	c4
0.283739561219669	0.180523709037076	0.046	0.04	1	SERPINH1	c4
0.764059402414217	-0.180512567486238	0.141	0.142	1	STAT5B	c4
0.58444556340961	-0.180510013634619	0.039	0.042	1	ZNF605	c4
0.272694802511155	-0.180482575176369	0.133	0.142	1	DTNBP1	c4
0.10629055103886	-0.18047036737342	0.68	0.632	1	ZYX	c4
0.00114169542590062	-0.18043858838337	0.8	0.741	1	PSME2	c4
0.705795987931678	-0.180359183997554	0.151	0.151	1	ZNF75A	c4
0.684247214445851	-0.180307880895498	0.058	0.055	1	ZNF808	c4
0.829484100890442	-0.180300833432364	0.057	0.058	1	ACAD9	c4
0.950279215051032	-0.180274367011328	0.039	0.039	1	NOMO2	c4
0.735616012288492	-0.180226591940094	0.304	0.294	1	RNF115	c4
0.371540881143335	-0.180041289563707	0.197	0.204	1	ARPC4	c4
0.613667872205501	-0.180009971773609	0.1	0.103	1	EGLN1	c4
0.487056165656076	-0.179985822186589	0.02	0.022	1	RP11-166P13.3	c4
0.199963198310561	-0.179852311458818	0.027	0.033	1	BORCS8	c4
0.825235719369518	-0.179811789680408	0.052	0.053	1	CCDC7	c4
0.244588173916496	0.179810800418054	0.057	0.05	1	NUFIP1	c4
0.447810900542521	-0.179745583676494	0.155	0.161	1	POLDIP3	c4
0.0778329507981918	-0.179717034269486	0.403	0.404	1	TWF2	c4
0.00181073484608657	0.179708998939469	0.085	0.063	1	IL18BP	c4
0.0262319551880701	0.17967978357307	0.092	0.075	1	DHRS12	c4
0.792506376178349	-0.179663178704626	0.145	0.145	1	ATF2	c4
0.370177150559047	0.179630501043154	0.01	0.008	1	RP11-166B2.1	c4
0.61440303492889	-0.179574820920963	0.092	0.095	1	C18orf21	c4
0.63687930020025	-0.179554103289469	0.158	0.158	1	STX4	c4
0.831844168606377	-0.179550447686236	0.012	0.013	1	ZNF223	c4
0.165185605051497	-0.179542646825162	0.358	0.359	1	PFDN2	c4
0.803999325505886	-0.179452464694956	0.064	0.065	1	RRP9	c4
0.103143377334304	0.179410615537339	0.077	0.066	1	TTC4	c4
0.573185514387326	0.179350222490019	0.017	0.015	1	ZIK1	c4
0.495750354502669	-0.179304836558048	0.134	0.139	1	KIAA1143	c4
0.871714427751116	-0.179295026601247	0.119	0.116	1	NSUN6	c4
0.663325192180172	-0.179266067408895	0.108	0.111	1	OMA1	c4
0.492870097271513	-0.179257561443143	0.187	0.189	1	C12orf10	c4
0.736846943529341	-0.179216947378732	0.134	0.136	1	GFI1	c4
0.0868691331093015	-0.179206214159835	0.478	0.471	1	BRD2	c4
0.235294646521851	-0.179190819469902	0.329	0.329	1	PCMT1	c4
0.22771430673862	-0.179159177700183	0.192	0.204	1	SAE1	c4
0.739101515592474	-0.179112916639154	0.043	0.044	1	MAK16	c4
0.292731728362897	0.179084506367361	0.012	0.009	1	AGAP4	c4
0.0988802688098004	0.179022154512009	0.056	0.046	1	MROH1	c4
0.809407637761405	-0.179009606063944	0.114	0.115	1	VPS39	c4
0.40071734299999	-0.178944606436214	0.035	0.039	1	SPRYD4	c4
0.931298787217793	-0.178890604363227	0.072	0.071	1	ABCA7	c4
0.24979266478593	-0.178885607908691	0.197	0.207	1	PPP2R2A	c4
0.0675629647891747	0.178880064568859	0.129	0.114	1	MCMBP	c4
0.602873445644889	-0.178869113996481	0.106	0.1	1	MTRNR2L8	c4
0.213530227929414	0.178856565945171	0.017	0.013	1	ZNF30	c4
0.085740762248207	0.1788468794244	0.027	0.021	1	ARL10	c4
0.983438411390977	-0.178794925786401	0.018	0.018	1	CEP72	c4
0.963322081748568	-0.178793995304352	0.194	0.188	1	ADRBK1	c4
0.618533866897779	-0.178761737632712	0.228	0.228	1	COMMD2	c4
0.0635306677517795	-0.178702534496807	0.396	0.397	1	WTAP	c4
0.000576598563633451	0.178697829664875	0.179	0.144	1	KIAA0040	c4
0.977186565486713	-0.178660313998002	0.085	0.084	1	KIAA1715	c4
0.214799288880581	0.178659132813788	0.029	0.024	1	C4orf47	c4
0.201514880530607	-0.178640477304075	0.149	0.16	1	PEX11B	c4
0.00011635692665731	0.178607618553444	0.307	0.254	1	BTF3L4	c4
0.433863713659254	-0.178576866680779	0.198	0.202	1	MSL3	c4
0.973639758884528	-0.178468838553474	0.013	0.013	1	MIR4458HG	c4
0.0163044902136217	0.178391271322895	0.076	0.06	1	SOS1	c4
0.0870114830890468	0.178386692073989	0.051	0.042	1	MBNL3	c4
0.133378453107707	-0.178359377156755	0.101	0.088	1	PTP4A3	c4
0.348094546329293	-0.178306714102097	0.023	0.027	1	PPP1R16A	c4
0.490009149212074	-0.17828554809427	0.317	0.312	1	SMG1	c4
0.755830417378033	-0.178281557351643	0.221	0.217	1	AP2B1	c4
0.0331332221078922	0.178279004450803	0.074	0.06	1	PLCD1	c4
0.534774030132694	-0.178278183370207	0.131	0.135	1	CHID1	c4
0.0299646490191526	-0.17819745830489	0.509	0.496	1	PSMA6	c4
0.715867011794709	-0.178185327658977	0.028	0.03	1	POLE	c4
0.344904998263501	-0.178103646297496	0.27	0.273	1	JPX	c4
0.820869280933165	-0.178094073180164	0.14	0.139	1	MGRN1	c4
0.802658162265731	-0.178082494324242	0.073	0.071	1	EPHB6	c4
0.292811606760643	0.178056206510229	0.03	0.026	1	RUFY3	c4
0.528842888796388	-0.177936057994784	0.073	0.077	1	DUSP28	c4
0.360594887808034	-0.177925863994117	0.214	0.22	1	AASDHPPT	c4
0.0561486102135523	0.177772748474064	0.132	0.115	1	BBC3	c4
0.222921229200167	0.177747027341157	0.074	0.066	1	LRRC23	c4
0.888105237482737	-0.177693501361054	0.03	0.03	1	PPIP5K1	c4
0.33152787802059	-0.177525721261363	0.221	0.228	1	BRMS1	c4
0.662840711637135	-0.177524407042306	0.148	0.149	1	ZCCHC6	c4
0.746461448877724	-0.17744447386131	0.106	0.107	1	USP42	c4
3.58083592340243e-05	-0.177411320417815	0.888	0.865	1	PCBP2	c4
0.230999219857145	-0.177364321486992	0.265	0.27	1	ZFAND6	c4
0.173107675494498	-0.17734269747395	0.076	0.087	1	TMEM189	c4
0.33230056730296	-0.177312440978207	0.128	0.136	1	TMEM70	c4
0.778918966485903	-0.177255616884239	0.081	0.082	1	ARRDC1-AS1	c4
0.325838208472193	-0.177240346617995	0.033	0.038	1	ZNF438	c4
0.327076954219041	-0.17720734394258	0.381	0.374	1	FNBP4	c4
0.720499338903881	-0.177135713937924	0.069	0.071	1	RNF8	c4
0.614028925123721	-0.177082460159053	0.065	0.068	1	FAM76B	c4
0.266218028913969	-0.177009126787937	0.401	0.395	1	KIF5B	c4
0.388405768952338	-0.177006807866362	0.037	0.033	1	TRAV27	c4
0.000817687050407215	0.176922773650968	0.223	0.185	1	ZBTB25	c4
0.150857253267914	0.176877294127519	0.11	0.099	1	UBL4A	c4
0.194712441398562	0.176745479279123	0.05	0.043	1	RANBP10	c4
0.889464127383008	-0.176733474099819	0.177	0.174	1	CAMK2D	c4
0.727737843870734	-0.176599664875604	0.286	0.277	1	PIN4	c4
0.042428676798404	-0.176570389081023	0.432	0.43	1	NDUFAB1	c4
0.00921003998154437	0.17651117421579	0.15	0.125	1	TMEM107	c4
0.133323591230931	-0.1765031943581	0.206	0.22	1	JAGN1	c4
0.15502878942429	-0.176459437903258	0.369	0.369	1	IK	c4
0.436748856641228	-0.176456908427142	0.266	0.267	1	SPG21	c4
0.2240447651332	0.176428010702444	0.04	0.034	1	RBM27	c4
0.655744857230854	-0.176391726774685	0.041	0.044	1	SDHAF4	c4
0.505191882134925	-0.176323525889657	0.021	0.024	1	RP11-410L14.2	c4
0.5694222600076	-0.176295427038204	0.085	0.089	1	RPAP3	c4
0.0743979408363267	0.17618432098129	0.061	0.051	1	TRBV19	c4
0.246186370368069	-0.17617379324114	0.22	0.23	1	CYB561D2	c4
0.931049324883163	-0.176158697895022	0.046	0.045	1	MAP9	c4
0.407783546070877	-0.176100752594222	0.114	0.121	1	EXOC5	c4
0.836609090574731	-0.176092515633414	0.033	0.033	1	TERF2	c4
0.644752694462417	-0.176023051324055	0.069	0.072	1	PDZD8	c4
0.811330852356027	-0.175980604588071	0.119	0.12	1	ATG13	c4
0.478805269589251	-0.175971724239158	0.18	0.183	1	RAB24	c4
0.0508119217533575	-0.17596908355227	0.48	0.469	1	RASSF5	c4
0.00254143559682352	-0.175937179440573	0.661	0.658	1	CELF2	c4
0.847621230392432	-0.175896959767676	0.094	0.091	1	MED23	c4
0.758814185988016	-0.175889368515981	0.148	0.141	1	ARRDC3	c4
0.28244384974421	0.175863108708405	0.014	0.011	1	DICER1-AS1	c4
0.0644744601172988	-0.1757668876671	0.447	0.442	1	ELOVL5	c4
0.000521694635649381	0.1757553543276	0.233	0.193	1	PDE4D	c4
0.429996669256047	-0.175736408458633	0.123	0.129	1	KCTD13	c4
0.574321394440093	-0.175730184718164	0.012	0.014	1	ALDH1B1	c4
0.37710608158858	-0.175727594057597	0.116	0.124	1	MRPL19	c4
0.0958152956963034	0.17572363294218	0.054	0.044	1	ZNF609	c4
0.647952642345492	-0.175682884462403	0.085	0.088	1	DEXI	c4
0.418668928329827	-0.175663922563613	0.277	0.277	1	C18orf32	c4
0.401308304837089	-0.175576487166217	0.076	0.082	1	RFC2	c4
0.68124106095913	-0.175501297315818	0.077	0.079	1	PIAS3	c4
0.256062477992983	-0.175413115664694	0.244	0.25	1	BLOC1S2	c4
0.48255636990528	-0.175349055620108	0.262	0.261	1	RBM4	c4
0.107672337518645	-0.175313032433532	0.354	0.359	1	COMMD7	c4
0.463211376519236	-0.175239938978581	0.181	0.185	1	PPP2R5E	c4
0.0239771015048086	-0.175189900267713	0.188	0.158	1	CLIC3	c4
0.86516741025666	-0.175082077094992	0.078	0.078	1	TMEM161A	c4
0.0283474948794611	-0.175081633011903	0.437	0.44	1	PSMC5	c4
0.292722216203905	-0.175078916552675	0.162	0.172	1	RPUSD3	c4
0.873563879731945	-0.175015615911868	0.147	0.145	1	SLAIN2	c4
0.448601403475375	-0.174945785976281	0.213	0.217	1	NAA10	c4
0.453258603471011	-0.174926135570088	0.186	0.19	1	RAB5B	c4
0.539033569464883	-0.174814360747879	0.373	0.361	1	GABPB1	c4
0.492100312441867	-0.174802261861299	0.071	0.076	1	SERTAD3	c4
0.775305237386362	-0.174786460051637	0.2	0.198	1	ADK	c4
0.000340856690820398	0.174710209990876	0.184	0.146	1	WWP1	c4
0.32440001666881	-0.174705911358312	0.29	0.292	1	FBXO7	c4
0.245323547276133	-0.174695164658942	0.259	0.263	1	CHCHD7	c4
0.00633752112942397	0.174689188905765	0.108	0.086	1	FBXL4	c4
0.965546537563968	-0.174660785030851	0.091	0.09	1	CLCN3	c4
0.581769754616476	-0.174594548819116	0.054	0.058	1	CHRNB1	c4
0.908313089117129	-0.174559954222647	0.191	0.187	1	ZFC3H1	c4
0.0428096336052947	-0.174502389976446	0.391	0.402	1	MLF2	c4
0.303230411012857	-0.174418015429389	0.254	0.258	1	BCL7B	c4
0.00360468939422608	0.174318079778843	0.087	0.066	1	NT5C3B	c4
0.329651087951681	-0.17429795256817	0.275	0.276	1	PSMC3	c4
0.948892727456949	-0.174282472227151	0.112	0.11	1	KPNA5	c4
0.735658278773613	-0.174161088297935	0.046	0.047	1	WDR12	c4
0.21114584279243	-0.174159639893385	0.045	0.053	1	TKFC	c4
0.752245589425809	-0.174159026916148	0.056	0.057	1	MANBAL	c4
0.442432088113028	-0.17407353471127	0.306	0.302	1	TINF2	c4
0.31066077109236	-0.174065486205359	0.39	0.383	1	BAZ1A	c4
0.673668049955843	-0.174064463576819	0.106	0.109	1	ULK3	c4
0.535813294008719	-0.173894037138555	0.208	0.209	1	RTCA	c4
0.749863184974859	-0.173891285394129	0.014	0.015	1	RP11-319G6.1	c4
0.127920807816737	-0.173823815597436	0.416	0.41	1	CSNK1A1	c4
0.557917280521847	-0.173796622925727	0.173	0.177	1	STX16	c4
0.606129786146638	-0.1737474988234	0.064	0.068	1	RBSN	c4
0.219833473796328	0.173717689040893	0.014	0.011	1	EIF2S3L	c4
0.540905563923651	-0.173692414614188	0.618	0.558	1	SELPLG	c4
0.0452023141395882	-0.173675995913917	0.489	0.479	1	TSC22D4	c4
0.0367131708524175	0.17364013099748	0.038	0.029	1	TRBV30	c4
0.669087551386129	-0.173623503414012	0.069	0.071	1	SARM1	c4
0.496489090487998	-0.173603491557479	0.198	0.201	1	PDIA4	c4
0.598067248818531	-0.173602260857551	0.048	0.051	1	ZNF254	c4
0.597149151906457	-0.173588516725909	0.299	0.289	1	HAGH	c4
0.000365423761261483	-0.17357729670978	0.883	0.847	1	C12orf57	c4
0.680589706422379	-0.173564595579477	0.08	0.083	1	CEP192	c4
0.607032450822801	-0.173450199676321	0.157	0.159	1	ALG3	c4
0.578430766642609	-0.173417313312625	0.141	0.144	1	XRCC1	c4
0.35789228104844	-0.173350498000303	0.043	0.048	1	UBE2W	c4
0.389066656785286	-0.17332708589759	0.054	0.06	1	RPE	c4
0.00814877010257607	0.173305073008553	0.163	0.136	1	SNX10	c4
0.803339006223499	-0.173190852495641	0.064	0.065	1	RAB11FIP4	c4
0.663555067923897	-0.173154055228512	0.262	0.257	1	FAM133B	c4
0.110334279665968	0.173150890643275	0.044	0.036	1	AKAP1	c4
0.673413463774234	-0.173140208046386	0.034	0.032	1	CBWD1	c4
0.168494981941847	-0.173121842447908	0.112	0.125	1	DCTPP1	c4
0.66616070995115	-0.173018073710949	0.03	0.032	1	LMAN2L	c4
0.297831457055143	-0.172855617719059	0.251	0.256	1	RNF5	c4
0.613854937213498	-0.172854721420913	0.101	0.104	1	PPM1A	c4
0.18275607063314	-0.172847006597364	0.132	0.144	1	COMMD5	c4
0.666446552247312	-0.172842583449636	0.022	0.02	1	PRKCE	c4
0.703798729471824	-0.172812591496589	0.046	0.048	1	TBL2	c4
0.620891153744802	-0.17267718526919	0.194	0.193	1	EXOSC8	c4
0.897209112595698	-0.172619557983929	0.028	0.029	1	CSNK2A2	c4
0.000253302878255116	-0.172616951371496	0.745	0.701	1	BRK1	c4
0.654505453934867	-0.17256553487015	0.013	0.014	1	C21orf58	c4
0.064572538708893	-0.172560891142839	0.437	0.436	1	TUFM	c4
0.267739790845097	-0.172459705603641	0.181	0.19	1	GLTP	c4
0.545688296487726	-0.172431174381621	0.024	0.027	1	FAM214B	c4
0.9566532318933	-0.172395509154714	0.076	0.075	1	UGGT1	c4
0.108659852022058	0.172355934827563	0.046	0.037	1	TRMT12	c4
0.63882972634237	-0.172228084092753	0.163	0.153	1	ZNF276	c4
0.622781423280331	-0.172201889786142	0.068	0.071	1	VPS11	c4
0.265259022022834	0.172191280489853	0.019	0.015	1	GDPD1	c4
0.299570228868812	-0.172083151198613	0.03	0.036	1	DGAT1	c4
0.00655998575118395	-0.172078096913055	0.662	0.64	1	TBC1D10C	c4
0.576423275971938	-0.172042504943476	0.072	0.076	1	MAPKAPK2	c4
0.221158861631177	-0.171929621742968	0.236	0.247	1	SYAP1	c4
0.627770733782817	-0.17187965677724	0.065	0.068	1	ERCC4	c4
0.00905867475760921	0.171779915232018	0.169	0.144	1	UTP18	c4
0.640224987887194	0.171773954136114	0.027	0.026	1	CPEB2	c4
0.000872612616035953	0.17174283042958	0.182	0.146	1	SGF29	c4
0.170736237985197	-0.171705995075407	0.398	0.389	1	SNRPD1	c4
0.753198562397744	-0.171618097987236	0.069	0.071	1	CKS1B	c4
0.493555556176767	-0.171487017398863	0.171	0.176	1	RB1	c4
0.620724452415834	-0.171447552111032	0.04	0.042	1	NXT2	c4
0.00262265941412567	0.171426833804972	0.155	0.124	1	TMEM116	c4
0.877854327209404	-0.171390140972424	0.077	0.074	1	TMEM161B-AS1	c4
0.702744102887315	-0.171360947588101	0.072	0.075	1	RNF31	c4
0.320986946377469	-0.171217327303059	0.228	0.234	1	ATP6V0D1	c4
0.885978594336925	-0.171202775633148	0.122	0.118	1	SKIV2L	c4
0.00526827226798384	0.171194128519016	0.117	0.093	1	TTC32	c4
0.875988289599445	-0.171190188887458	0.134	0.13	1	ZNF280D	c4
0.837119918092377	-0.17118607076356	0.048	0.049	1	FAHD1	c4
0.454037456424372	-0.171129425096056	0.022	0.019	1	SESTD1	c4
0.00321098925494597	-0.171080137401135	0.64	0.605	1	ARF5	c4
0.376222642626818	-0.170967828973617	0.148	0.155	1	PDHA1	c4
0.618724028580115	-0.170959138812244	0.195	0.195	1	MRPL36	c4
0.0899870115446769	0.170881324849734	0.034	0.026	1	ASPH	c4
0.005903607828436	0.170836312358646	0.208	0.177	1	CS	c4
0.0663855011688643	-0.170817062687149	0.469	0.467	1	NUCKS1	c4
0.783675890740228	-0.170813490325672	0.07	0.072	1	STAU2	c4
0.938757265945687	-0.170766128053554	0.117	0.116	1	COIL	c4
0.388115953433584	-0.170665830736725	0.298	0.295	1	PRMT1	c4
0.278600283553103	-0.170628387847439	0.08	0.088	1	UTP11L	c4
0.465836249869661	-0.170580003656588	0.102	0.108	1	LLPH	c4
0.172842914750506	0.170568520854243	0.055	0.047	1	HIST1H2BC	c4
0.675845428297847	-0.170550861986555	0.061	0.063	1	SMAD4	c4
0.259052976837545	-0.170550307088829	0.255	0.259	1	EIF6	c4
0.92420251033426	-0.170529594800297	0.087	0.086	1	GNS	c4
0.10993832315367	0.17047690447171	0.053	0.044	1	PAN2	c4
0.848749742072745	-0.170379578873442	0.072	0.072	1	VPS52	c4
0.0424195347238988	0.170335019936936	0.064	0.051	1	UBE2D4	c4
0.706684551634811	-0.170331383757053	0.034	0.036	1	ZNF48	c4
0.00633485336294493	0.170329541010864	0.114	0.091	1	CPQ	c4
0.0614639737143278	-0.170322243051029	0.48	0.476	1	TAX1BP1	c4
0.506294461730918	-0.170321521321537	0.132	0.136	1	CASP8AP2	c4
0.00238003480497115	0.170277373224789	0.168	0.138	1	STK24	c4
0.467234868178405	-0.170221534714835	0.484	0.459	1	SYNRG	c4
0.566419585777331	0.170195701120543	0.078	0.075	1	TSFM	c4
0.924665422912131	-0.170187813292794	0.012	0.012	1	PSMD6-AS2	c4
0.21056722790511	-0.170128374180586	0.081	0.091	1	CCDC43	c4
0.955403480360034	-0.170115917484186	0.136	0.133	1	EP300	c4
0.278300527703157	-0.170035900640522	0.296	0.3	1	TIMM17B	c4
0.171126228552914	-0.170019859493224	0.388	0.386	1	MRPL54	c4
0.0216648733896617	-0.169986349906468	0.534	0.529	1	TSTD1	c4
0.539784841775865	-0.169927142912785	0.06	0.064	1	UBA6-AS1	c4
0.700114264567637	-0.169762347263071	0.223	0.22	1	LMF2	c4
0.297265281740965	0.169597774704289	0.017	0.014	1	ZNF133	c4
0.797967157989177	-0.169561461172386	0.026	0.027	1	MIR762HG	c4
0.00680678230015332	-0.169525621317783	0.602	0.587	1	SNRPG	c4
0.303260475283815	-0.169459501200296	0.101	0.109	1	ARL2	c4
0.962877685726026	-0.169415777113229	0.407	0.381	1	GPRIN3	c4
0.416033661003309	-0.169295195579754	0.114	0.121	1	TMEM167B	c4
0.324598825241133	-0.169237555301385	0.135	0.144	1	UCHL3	c4
0.359117639135638	0.169169687199116	0.011	0.008	1	AC093495.4	c4
0.963791971337573	-0.169077776990816	0.046	0.045	1	NOD1	c4
0.197013166521833	-0.169057791388987	0.521	0.497	1	PAK2	c4
0.618582282021591	-0.169050230241327	0.016	0.018	1	CCDC122	c4
0.00256386135589686	0.169035701572588	0.252	0.214	1	PTP4A1	c4
0.00349089485516972	0.168983575513179	0.187	0.155	1	TRMT10C	c4
0.503758485915888	-0.168899280709242	0.336	0.33	1	GOLGA4	c4
0.340476899246607	0.168894793365667	0.054	0.048	1	SIK2	c4
0.725604653106137	-0.168851366653192	0.166	0.166	1	LRCH4	c4
0.406922866694287	0.168768616828596	0.027	0.024	1	ZNF486	c4
0.412584803320442	-0.168732384571116	0.223	0.228	1	CHTF8	c4
0.920836288527412	-0.168722919364875	0.014	0.014	1	ZDHHC8	c4
0.159471665647746	0.168700967724488	0.032	0.026	1	COL6A2	c4
0.114580957151553	0.168631685165301	0.056	0.046	1	ZFYVE16	c4
0.128654171266786	0.168579723654032	0.049	0.041	1	FEM1C	c4
0.319602462362604	0.168576975893422	0.026	0.022	1	SLAIN1	c4
0.481160109886585	-0.168567135983491	0.238	0.24	1	LAGE3	c4
0.452499020760709	-0.168554694515852	0.09	0.096	1	PSMD5	c4
0.874302188373838	-0.168553733147711	0.409	0.386	1	AKAP9	c4
0.139594968482615	-0.16855029012983	0.444	0.431	1	TMCO1	c4
0.659812511703004	-0.168533079071202	0.176	0.176	1	CUTC	c4
0.958788169637969	-0.168452728756755	0.013	0.013	1	L2HGDH	c4
0.480599444454385	0.168418986461729	0.035	0.031	1	RP11-500C11.3	c4
0.626223632195416	-0.168387366607612	0.092	0.095	1	C12orf45	c4
0.00325662440693418	-0.168343710467849	0.612	0.591	1	JTB	c4
0.925921793787409	-0.168320332593704	0.095	0.093	1	GGT7	c4
0.538927084100904	-0.16831872500778	0.043	0.047	1	BTRC	c4
0.881967419194983	-0.168309481926281	0.055	0.054	1	NF2	c4
0.776683831742712	-0.168309451204095	0.038	0.037	1	SEPN1	c4
0.829694992676666	-0.16827524832346	0.095	0.096	1	DPH1	c4
0.00412193786034988	0.168272504503969	0.077	0.058	1	MAP3K3	c4
0.861202127998339	-0.168269002752136	0.068	0.069	1	ARL15	c4
0.806877269324854	-0.168208281919687	0.019	0.02	1	FBXL14	c4
0.744853120405825	-0.168078877425049	0.091	0.093	1	TBC1D15	c4
0.844074785322486	-0.168049377835844	0.061	0.062	1	SIMC1	c4
0.13829819855757	0.168013763111088	0.017	0.012	1	FAM229B	c4
0.96065219071669	-0.167972415335597	0.108	0.107	1	VPS37B	c4
0.615225659375941	-0.167894246186376	0.155	0.157	1	QTRT1	c4
0.0562576222299816	-0.167702059713838	0.539	0.523	1	SRRM1	c4
0.896212858866867	-0.167632621278063	0.028	0.029	1	RP3-402G11.26	c4
0.154373155119515	-0.16757170680526	0.424	0.414	1	TCEB1	c4
0.213850147954774	-0.167565026523859	0.328	0.334	1	VAMP2	c4
0.460593921651177	-0.16756337974198	0.061	0.066	1	FAM179B	c4
0.21389749810849	0.167544258397001	0.04	0.033	1	SUV39H1	c4
0.350394309381827	-0.167518970523235	0.072	0.079	1	TARBP2	c4
0.749814158613926	-0.16751837610929	0.147	0.147	1	CWF19L2	c4
0.0472282627111547	0.167490680514895	0.08	0.066	1	SLC39A13	c4
0.485958019875823	-0.167453620746593	0.272	0.271	1	CIR1	c4
0.73908072205341	-0.167451063137318	0.074	0.076	1	TRIP11	c4
0.84849336660931	-0.16739712916295	0.077	0.077	1	MLKL	c4
0.118849274314042	0.167385848720286	0.1	0.088	1	NANS	c4
0.0651197517082414	0.167359735009659	0.137	0.121	1	TBC1D17	c4
0.00145217403145648	0.16729340068233	0.685	0.626	1	NBEAL1	c4
0.778259076656108	-0.167239532858665	0.124	0.124	1	VAMP7	c4
0.517218788191685	-0.167226363141075	0.059	0.063	1	MED12	c4
0.231241189239012	-0.167197897482089	0.242	0.25	1	AP1M1	c4
0.354411364126876	-0.167035693829863	0.091	0.098	1	BDH2	c4
0.191683396126464	-0.167024811538651	0.074	0.085	1	COQ9	c4
0.323605609157607	-0.167006311126512	0.253	0.257	1	SMARCC2	c4
0.635078871628831	-0.166910768179147	0.081	0.084	1	EIF3B	c4
0.969259046868773	-0.166901749459636	0.012	0.011	1	TTC21A	c4
0.325964598373261	-0.166832354091851	0.17	0.179	1	HDAC2	c4
0.531359786144743	-0.166690629134042	0.056	0.06	1	C12orf49	c4
0.523172063754797	-0.166671416214817	0.048	0.052	1	RRNAD1	c4
0.00863799499072994	0.166563088312492	0.018	0.011	1	EGR3	c4
0.17346498529321	0.166518330872461	0.053	0.045	1	C5orf28	c4
0.22040660070777	-0.166487131014636	0.097	0.108	1	TARDBP	c4
0.421080719230982	-0.166476891576621	0.176	0.181	1	CCNK	c4
0.207129552866765	-0.166462272701461	0.154	0.166	1	ACAA2	c4
0.569179952775618	-0.166419105588234	0.009	0.01	1	RP11-24F11.2	c4
0.036615508407133	0.166357957733024	0.099	0.083	1	HEBP1	c4
0.317813218341063	0.166349727676441	0.027	0.023	1	CEP152	c4
0.446757189921436	-0.16634296684492	0.12	0.125	1	PIK3C3	c4
0.374028845706159	-0.166326262467645	0.143	0.151	1	COPG1	c4
0.191991503076051	0.16630235125079	0.028	0.023	1	ADCK2	c4
0.233262108131667	-0.166280309130854	0.485	0.47	1	BIN1	c4
0.110035244005348	-0.166278002089118	0.336	0.345	1	CAPZA2	c4
0.276204429726792	-0.166273835092255	0.15	0.159	1	OXCT1	c4
0.573935705744849	-0.166270283869045	0.149	0.153	1	DLD	c4
0.718681526280332	-0.16614616682513	0.303	0.295	1	LBR	c4
0.143470616763839	0.166082409479844	0.025	0.02	1	CACNB1	c4
0.0762731259945931	-0.166014608910778	0.478	0.466	1	NDUFA12	c4
0.022359291845775	-0.166014351856813	0.489	0.492	1	NDUFAF3	c4
0.522954915836291	-0.165941208023323	0.125	0.13	1	VEZT	c4
0.0814061447012299	-0.165893420427	0.516	0.503	1	ARID4B	c4
0.664827851668439	-0.165872365529588	0.34	0.328	1	RSBN1	c4
0.138227722818469	0.165849401257046	0.072	0.062	1	HCCS	c4
0.418085514644566	-0.165806121620426	0.065	0.071	1	PET117	c4
0.0455526014285156	-0.165795685276221	0.411	0.417	1	NONO	c4
0.635451214649535	-0.165758659634334	0.031	0.033	1	CHIC1	c4
0.565629877950133	-0.165668081834614	0.133	0.137	1	YTHDC2	c4
0.00898285229863909	0.16561493975639	0.075	0.058	1	PPP1R9B	c4
0.808676058932362	-0.165607926045765	0.501	0.475	1	TGFBR2	c4
0.00375128851880594	0.165513223888248	0.226	0.192	1	MAP2K1	c4
0.740546995525928	-0.165419614711201	0.09	0.092	1	ZBTB43	c4
0.704363246588728	-0.165346876183214	0.024	0.025	1	KHK	c4
0.635683690784188	-0.165214723760878	0.04	0.043	1	ZNF687	c4
0.841863000098778	-0.165050655870502	0.161	0.16	1	USF2	c4
0.965599400471894	-0.164995120733558	0.106	0.105	1	ZFP14	c4
0.0384621697082732	-0.164964218204837	0.533	0.515	1	PRDX5	c4
0.000788636890003283	0.164959842200521	0.362	0.309	1	BCAS2	c4
0.482330594568006	-0.164951974410342	0.273	0.27	1	IDH3G	c4
0.471027334462249	-0.164831066001679	0.205	0.208	1	SECISBP2L	c4
0.986761567734533	-0.1647248083231	0.013	0.013	1	PLCXD1	c4
0.836047981344205	-0.164653059138592	0.161	0.16	1	NSMCE4A	c4
0.761303384107944	-0.164649819901666	0.072	0.073	1	SGSH	c4
0.00927052706852772	-0.164544105327552	0.57	0.559	1	BSG	c4
0.446134992312773	-0.164460696785029	0.372	0.364	1	CYFIP2	c4
0.0428309341154731	-0.164443390543422	0.612	0.588	1	TECR	c4
0.287243356933661	-0.164343162897603	0.42	0.406	1	CHCHD10	c4
0.186778411927961	0.164237543033317	0.028	0.023	1	ZNF256	c4
3.19033284941811e-05	-0.164163794969815	0.778	0.743	1	UBE2D2	c4
0.599656057644742	-0.164063070984234	0.129	0.122	1	NDUFV2-AS1	c4
0.646501844818752	-0.164048801221807	0.153	0.155	1	RPAP2	c4
0.399631757943333	0.164015342962331	0.02	0.017	1	ZSCAN5A	c4
0.0182348284520109	0.16396336244843	0.108	0.089	1	WNT10A	c4
0.306003914956172	-0.163780508281407	0.223	0.233	1	SYNCRIP	c4
0.581139718189835	-0.163780278273224	0.057	0.061	1	TELO2	c4
0.7273835914626	-0.163675302466824	0.031	0.033	1	DNAAF5	c4
0.581649548972288	-0.163604124915043	0.086	0.081	1	TRAV9-2	c4
0.0609492979675918	0.163538413785653	0.15	0.133	1	SLC16A3	c4
0.19254566003868	-0.163428786029682	0.141	0.153	1	SFT2D2	c4
0.661385626873464	-0.163342488596964	0.046	0.048	1	ROGDI	c4
0.620820497660103	-0.163341622883093	0.274	0.27	1	B4GALT1	c4
0.86551849508733	-0.163303377542594	0.226	0.22	1	TBC1D1	c4
0.391625170210251	-0.163273806445923	0.061	0.067	1	ELMOD2	c4
0.642509623944091	-0.163210354979753	0.079	0.074	1	FAM35A	c4
0.847788922909889	-0.163134093958165	0.019	0.018	1	ENDOG	c4
0.0115414065498273	-0.163108468383772	0.493	0.506	1	BAX	c4
0.369759293397152	-0.16305000744702	0.366	0.359	1	PTBP1	c4
0.122329888380202	-0.163023449610431	0.385	0.385	1	CCT3	c4
0.388062233366452	0.163000006856644	0.055	0.05	1	FOXJ2	c4
0.561083163618477	-0.162937868940532	0.139	0.142	1	GMCL1	c4
0.476743138831784	-0.162709853898604	0.231	0.232	1	TUSC2	c4
0.694265165446251	-0.162667606071134	0.104	0.106	1	CRCP	c4
0.542135301284832	-0.162571231227511	0.235	0.236	1	CLINT1	c4
0.361976688324571	-0.162534238279484	0.049	0.055	1	AP3S2	c4
0.160833471962456	0.162449861308512	0.022	0.017	1	LINC00665	c4
0.0203906198290124	-0.16242319238497	0.539	0.518	1	SUMO1	c4
0.52968693503995	-0.162414675895668	0.217	0.22	1	SEC31A	c4
0.471865833131742	-0.162403218230298	0.274	0.272	1	SNX5	c4
0.265704855359935	-0.16235981440415	0.179	0.188	1	OARD1	c4
0.805385927923052	-0.162314459821704	0.124	0.125	1	UCKL1	c4
0.865594909767307	-0.162307353256826	0.187	0.186	1	PDS5A	c4
0.8931978058097	-0.162231187921692	0.171	0.166	1	COX19	c4
0.797804243665816	-0.162226449923439	0.011	0.01	1	RP11-412D9.4	c4
0.701920385588287	-0.16222193459117	0.018	0.017	1	SLX4	c4
0.363123037327173	-0.162151865899806	0.155	0.163	1	TOR3A	c4
0.328209772090235	-0.162142838309443	0.129	0.137	1	SMARCD1	c4
0.0483585301934012	-0.162137437875097	0.581	0.56	1	SRSF11	c4
0.162065129826465	0.162038668498834	0.053	0.045	1	RAB43	c4
0.896475553281266	-0.161871689265519	0.074	0.074	1	ZDHHC5	c4
0.987979522409737	-0.161828590664922	0.132	0.129	1	DOCK11	c4
0.0323181107554885	0.161786963809356	0.096	0.079	1	ATG2A	c4
0.849874651313148	-0.161716887853457	0.07	0.068	1	ABCC10	c4
0.645784866153307	-0.161614179879265	0.108	0.11	1	C14orf142	c4
0.63642238682439	-0.161598867119523	0.163	0.164	1	PAF1	c4
0.00214392663323831	-0.161574548250816	0.701	0.672	1	CUTA	c4
0.537918790916346	-0.161520600035628	0.336	0.326	1	ATF6B	c4
0.744822896817817	-0.161429357365664	0.142	0.144	1	RBM26	c4
0.42433250575649	-0.161405857165826	0.359	0.35	1	RAB14	c4
0.949589641546605	-0.161389297121756	0.061	0.06	1	RP11-326I11.3	c4
0.630775335594017	-0.161383736262739	0.095	0.099	1	SETDB2	c4
0.121252991408749	0.161378665844825	0.106	0.093	1	MB21D1	c4
0.337967944814477	-0.16129373696963	0.112	0.12	1	RUVBL2	c4
0.509434535454732	-0.161282054367055	0.089	0.083	1	FCHSD2	c4
0.565946264184692	-0.161226409933709	0.04	0.043	1	STK11	c4
0.838034175919654	-0.161195749479201	0.149	0.149	1	ADARB2	c4
0.760399781473876	-0.161179775425441	0.13	0.131	1	BCL7C	c4
0.284611094466303	-0.161171255036493	0.365	0.36	1	UQCRC2	c4
0.677099120172141	-0.161118744618694	0.116	0.119	1	CSNK1G3	c4
0.000670898583085451	-0.161088653457149	0.774	0.732	1	HNRNPC	c4
0.851661794400295	-0.160987491709532	0.061	0.062	1	ZNF699	c4
0.0760063945951586	-0.160954571319394	0.591	0.573	1	ETS1	c4
0.907162535190358	-0.16081413210372	0.093	0.092	1	RNF219	c4
0.929804920686049	-0.160771492051648	0.04	0.04	1	RP11-299J3.8	c4
0.436672879869812	-0.160745305485322	0.014	0.016	1	HIST1H2AE	c4
0.657370238561945	-0.160642776259938	0.19	0.19	1	DCTN1	c4
0.679222213014674	-0.160585636755008	0.108	0.111	1	MBOAT7	c4
0.614339682803599	-0.160565521311212	0.046	0.042	1	ALMS1	c4
0.111414425849219	-0.160552847873801	0.391	0.393	1	RPS19BP1	c4
0.101518890957431	0.160524371777525	0.139	0.124	1	TSR3	c4
0.867865412067446	-0.160495537727867	0.169	0.168	1	SCAF4	c4
0.576787562126535	-0.16047266114001	0.135	0.139	1	MPDU1	c4
0.000444101568472442	0.160402196313346	0.281	0.233	1	PRMT9	c4
0.412390958866506	-0.160380096443426	0.383	0.372	1	DAP3	c4
0.167405141238291	0.160379697750988	0.037	0.03	1	MPZL1	c4
0.111419873521582	-0.160196527714238	0.422	0.419	1	LSM6	c4
0.668625694454349	-0.160148522816485	0.241	0.238	1	GMIP	c4
0.480250343788645	0.160109936998036	0.03	0.027	1	SAP30	c4
0.58041492842367	-0.160060097532468	0.05	0.053	1	STK32C	c4
0.28252838426677	-0.160059626154038	0.122	0.132	1	ACTL6A	c4
0.205517626001633	0.159991159009065	0.042	0.035	1	ZNF700	c4
0.0788818960969352	0.159968976299583	0.057	0.047	1	ARL5B	c4
0.96518940916432	-0.159829763024538	0.214	0.207	1	CTNNB1	c4
0.889434292671035	-0.159671658434597	0.206	0.201	1	GRHPR	c4
0.472463908478647	-0.159639967953543	0.208	0.212	1	BAG1	c4
0.310928257252429	-0.159630744914379	0.114	0.124	1	TDP2	c4
0.927276135448018	-0.15962948339117	0.069	0.068	1	C7orf60	c4
0.594900595350527	-0.159605618213678	0.043	0.046	1	TMEM186	c4
0.429932443090439	-0.159599840976274	0.032	0.036	1	IPPK	c4
0.596975157509404	-0.1595989055215	0.093	0.096	1	BSCL2	c4
0.0249724295103669	0.159589745398985	0.091	0.074	1	POC1B	c4
0.0176751549697901	0.159552945669636	0.107	0.088	1	CSGALNACT1	c4
0.546965586690393	-0.159348075032577	0.174	0.177	1	ZPR1	c4
0.241775129811072	-0.159301891284389	0.336	0.336	1	ECH1	c4
0.5305389765266	-0.159288794930551	0.164	0.169	1	NDUFA11	c4
0.672726086452721	-0.159134929729068	0.244	0.242	1	KLHDC2	c4
0.300059324137761	-0.15909354586922	0.018	0.022	1	MAFG	c4
0.767781380119433	-0.158976426744439	0.131	0.132	1	CYB5R4	c4
0.673018739612774	-0.158908911727022	0.056	0.052	1	RALGAPA2	c4
0.49622284799668	-0.158837802711208	0.388	0.376	1	WASF2	c4
0.801178010316878	-0.158799022284193	0.151	0.151	1	AGA	c4
0.875415177033064	-0.158753955453791	0.238	0.232	1	ZNF644	c4
0.523285465545509	-0.158680171673223	0.094	0.099	1	POLB	c4
0.00452275677433059	0.158589532644759	0.17	0.14	1	AKAP17A	c4
0.379973894970975	-0.158580396095894	0.104	0.112	1	TM2D2	c4
0.523477230721235	-0.158558862547446	0.236	0.237	1	ELOVL1	c4
0.482361337093155	-0.158538540510446	0.035	0.038	1	PURB	c4
0.643259434137163	-0.158535953474942	0.2	0.2	1	PROSC	c4
0.0683827427923413	-0.158530931871611	0.701	0.657	1	NDFIP1	c4
0.00150231544686536	0.158324883187004	0.253	0.213	1	SEC61A1	c4
0.446068624847412	-0.158269284259892	0.161	0.168	1	CAT	c4
0.0354225594676912	0.158219102449073	0.02	0.013	1	RP11-326C3.2	c4
0.79645691889365	-0.158212509024244	0.225	0.221	1	NBR1	c4
0.89577628297945	-0.158045694623854	0.069	0.07	1	MKNK1	c4
0.316115280192338	-0.157920008774633	0.108	0.117	1	CD151	c4
0.887438181810853	-0.157917061303244	0.156	0.154	1	ZFX	c4
0.915470643025974	-0.157883513944912	0.06	0.06	1	PRR12	c4
0.434644982231318	-0.157881317918324	0.142	0.149	1	MCM3	c4
0.0074183405528983	0.157795782081549	0.168	0.14	1	FBXL3	c4
0.988136803160755	-0.157764178676934	0.033	0.033	1	SLC18B1	c4
0.108961873897573	0.157749794979131	0.081	0.069	1	CTD-3138B18.5	c4
0.123855812190497	0.157734943621557	0.065	0.055	1	PPCDC	c4
0.737926873731	-0.157731596847831	0.173	0.174	1	FO538757.2	c4
0.017610924783297	0.157705588471255	0.09	0.072	1	BTD	c4
0.523142577316252	-0.157695344328067	0.224	0.226	1	RECQL	c4
0.35784131777633	-0.157673625573445	0.364	0.36	1	BCLAF1	c4
0.783715529292375	-0.157616253790451	0.148	0.148	1	TMEM138	c4
0.91396956983739	-0.157601136179849	0.055	0.055	1	KDM1A	c4
0.319151772315911	-0.157597817791784	0.134	0.143	1	CDK9	c4
0.265860712326185	-0.157524634687997	0.388	0.386	1	U2SURP	c4
0.747169555695114	-0.157499222696113	0.238	0.224	1	HERC1	c4
0.951228686182352	-0.15744061107817	0.047	0.047	1	LMTK2	c4
0.503060730603352	0.157404999215683	0.013	0.011	1	LINC01431	c4
0.915561093323962	-0.157389061903248	0.009	0.01	1	FAM13A-AS1	c4
0.353655834082891	0.157384731472233	0.02	0.016	1	PER3	c4
0.0963516439908279	0.157331276218319	0.03	0.023	1	AGER	c4
0.970623611131902	-0.157198338805717	0.296	0.284	1	CCAR1	c4
0.377063111418596	-0.157197600475228	0.145	0.152	1	PAGR1	c4
0.475093492293895	0.15718047070716	0.015	0.013	1	RNF19B	c4
0.664038286225378	-0.157109712932051	0.134	0.137	1	ZMAT3	c4
0.224936672591335	0.157106341994131	0.025	0.02	1	RP11-430B1.2	c4
0.415515882439912	-0.157002093581033	0.09	0.097	1	HIF1AN	c4
0.857732416312687	-0.156985090562094	0.028	0.027	1	NOP9	c4
0.0305892337509271	0.156976368573508	0.107	0.09	1	ANKRD27	c4
0.950514976662284	-0.156970362333716	0.12	0.119	1	FAM219B	c4
0.00672971119965828	0.156956882767081	0.145	0.119	1	CRY1	c4
0.289585680114729	-0.156942475101932	0.255	0.262	1	BECN1	c4
0.451871967566257	-0.156937180287402	0.272	0.272	1	ZNF800	c4
0.159937299972221	0.156916869552596	0.024	0.019	1	LINC01534	c4
0.639521166938739	-0.156851774943607	0.036	0.039	1	C22orf29	c4
0.70590047176147	-0.156839706449497	0.318	0.306	1	PRKCSH	c4
0.456448349261685	-0.156730262608808	0.227	0.23	1	SUPT5H	c4
0.714056490852146	-0.156729627662308	0.095	0.097	1	CEP164	c4
0.598966417411745	-0.156683482150095	0.118	0.121	1	PARP6	c4
0.0336310205655521	0.156646981748126	0.022	0.014	1	EDA	c4
0.854094120285672	-0.156534583950265	0.155	0.149	1	ELP2	c4
0.551202248158383	-0.156528115697819	0.023	0.021	1	DNAJC3-AS1	c4
0.000623127445148949	0.1564668143865	0.247	0.205	1	SNHG15	c4
0.336287653258319	-0.15641650756797	0.146	0.155	1	SSSCA1	c4
0.402948031196857	-0.156415484706564	0.174	0.181	1	VRK3	c4
0.0918916439625879	0.156351838394146	0.051	0.042	1	CLOCK	c4
0.461196354373827	-0.156252162257924	0.249	0.252	1	INO80E	c4
0.478083151744228	-0.156252126824725	0.349	0.337	1	PDCD2	c4
0.947418770207548	-0.156185018530028	0.129	0.127	1	SLC25A26	c4
0.648662649672116	-0.156107427770125	0.076	0.079	1	UBE2S	c4
0.512658495868104	0.156088493459288	0.024	0.021	1	RCCD1	c4
0.724939216159476	-0.156063859014474	0.076	0.072	1	MZF1	c4
0.831794875874371	-0.156062819655487	0.049	0.048	1	FBXO33	c4
0.558710845198115	-0.156052178525368	0.184	0.187	1	TRNAU1AP	c4
0.195247576557942	0.156031171501735	0.017	0.013	1	SND1-IT1	c4
0.930039437545396	-0.156019032422258	0.024	0.024	1	RGPD2	c4
0.0719659317697483	0.156012266717978	0.046	0.036	1	TRBV2	c4
0.103690456903105	0.15599252310437	0.055	0.045	1	TRAV8-3	c4
0.805719096999654	-0.155940964111092	0.167	0.167	1	UBR2	c4
0.000243043459448444	-0.15591030633649	0.719	0.701	1	UQCRH	c4
0.682642240712616	-0.155866002795109	0.103	0.106	1	WIPF2	c4
0.766786308718425	-0.155854886432861	0.153	0.153	1	ZFP90	c4
0.695471411015629	-0.155853831723536	0.069	0.071	1	NCK1-AS1	c4
0.927115551339218	-0.155793318623763	0.027	0.027	1	KLC4	c4
0.363139813674601	-0.155753363121468	0.21	0.217	1	UQCC2	c4
0.0703068335574347	0.155734786608309	0.079	0.066	1	GRK5	c4
0.484099184804412	-0.155714988500249	0.041	0.045	1	CHST14	c4
0.526107557842231	-0.155677461843379	0.085	0.09	1	ANKRD54	c4
0.818404220090979	-0.155675134962549	0.073	0.074	1	ZNF675	c4
0.83900086062678	-0.15564552511181	0.136	0.136	1	UBA7	c4
0.587663953427274	-0.155644721194385	0.158	0.162	1	MARS	c4
0.572179677579641	-0.155459972207304	0.081	0.085	1	ANAPC2	c4
0.267658919731981	-0.155378724047801	0.134	0.144	1	DYNC1I2	c4
0.8535560593152	-0.155337657546911	0.02	0.021	1	ALG10	c4
0.600833870916023	-0.155333049855636	0.32	0.313	1	BCL11B	c4
0.00542636612378565	0.155279135284841	0.095	0.074	1	NR1D2	c4
0.0360230346750297	-0.155264535440624	0.483	0.477	1	MRPL20	c4
0.38068389836119	-0.155193176198667	0.268	0.271	1	CSNK2B	c4
0.201345433627705	-0.155192227214383	0.437	0.428	1	HNRNPR	c4
0.0654334483945594	-0.155171218822347	0.462	0.46	1	EIF1B	c4
0.806224212758935	-0.155138665432578	0.195	0.194	1	CDS2	c4
0.457380264286003	-0.155116013628943	0.08	0.085	1	CSTF2	c4
0.593779689740357	-0.155047501935008	0.061	0.065	1	NIPSNAP3A	c4
0.885566001887205	-0.155044918584226	0.111	0.111	1	VPS13B	c4
0.257332401437394	0.155042690449121	0.047	0.041	1	C10orf88	c4
0.43208004163575	-0.155038419016302	0.121	0.128	1	ATXN3	c4
0.116142302749154	-0.155009068379384	0.519	0.5	1	THRAP3	c4
0.548068263382685	-0.154988179093054	0.275	0.273	1	C17orf89	c4
0.289461178942463	0.154985419556786	0.02	0.016	1	CEP126	c4
0.989164016439061	-0.154971764929304	0.121	0.119	1	NTAN1	c4
0.00241326141513235	-0.154953226989725	0.691	0.675	1	C19orf53	c4
0.0448679075745387	-0.154948739903521	0.49	0.478	1	SF3B6	c4
0.31843870209289	-0.154694009773473	0.328	0.328	1	TMUB1	c4
0.55608977299273	-0.154648997561347	0.014	0.017	1	IBA57	c4
0.0722266454064518	-0.154632944752786	0.538	0.52	1	MYEOV2	c4
0.469110815644707	-0.154621453810244	0.205	0.209	1	ZDHHC12	c4
0.508934890285904	-0.154597836365229	0.137	0.141	1	WWP2	c4
0.0886452264016151	-0.154520018256372	0.516	0.497	1	RNF7	c4
0.828975905421803	-0.154427815978154	0.073	0.07	1	TRAF6	c4
0.144268392358523	0.154380145365515	0.029	0.023	1	AC145124.2	c4
0.683297390668522	-0.154376592254765	0.124	0.126	1	UBXN2A	c4
8.85637063102712e-05	0.154319296625175	0.437	0.369	1	RNH1	c4
0.16734044784273	-0.154293738412588	0.494	0.476	1	SELT	c4
0.783560811724501	-0.154206930832139	0.161	0.159	1	PKN2	c4
0.825484993591155	-0.154149051703607	0.049	0.047	1	TRUB1	c4
0.375116714857271	-0.154112476403978	0.32	0.318	1	PMPCB	c4
0.639125090856552	-0.15408661820619	0.053	0.056	1	ZSCAN25	c4
0.00507171208082315	0.154059149359022	0.207	0.175	1	ZNF791	c4
0.949199357268295	-0.154031871189379	0.01	0.01	1	LRRC37A2	c4
0.203657262748329	-0.154015788325671	0.066	0.075	1	FAM50B	c4
0.371764461193484	-0.15399238788186	0.207	0.214	1	CHTOP	c4
0.919441740458279	-0.153939321152423	0.033	0.033	1	NLRP6	c4
0.683126470434891	-0.153912097576035	0.085	0.088	1	DNAJC30	c4
0.546850339997397	-0.153883742934873	0.132	0.137	1	ZNF76	c4
0.387259103278744	0.153726007594712	0.016	0.013	1	BOLA3-AS1	c4
0.667216804264651	-0.153603710974993	0.048	0.051	1	POLR3F	c4
0.841945668466103	-0.153581464209071	0.059	0.06	1	TBC1D25	c4
0.0309899357803722	-0.153579256082975	0.088	0.072	1	CD83	c4
0.975490611621256	-0.153513049082055	0.337	0.318	1	IQGAP2	c4
0.630161982252574	-0.153420469720593	0.168	0.169	1	MED29	c4
0.862207968595765	-0.153416472672251	0.068	0.069	1	APAF1	c4
0.933409901955894	-0.153368768385032	0.025	0.025	1	GTF2IRD2	c4
0.130736582661537	-0.153362580418046	0.409	0.407	1	CNPY3	c4
0.758855326732332	-0.153309831203504	0.075	0.072	1	KIAA0355	c4
0.301649678384064	-0.153297866132811	0.245	0.25	1	C12orf65	c4
0.661438999759155	-0.153288998195156	0.499	0.46	1	PDIA6	c4
0.715685161118121	-0.153242998427306	0.096	0.098	1	APOL2	c4
0.582133489467625	0.153216908794069	0.011	0.009	1	RP5-1065J22.8	c4
0.879672110394156	-0.153179195356763	0.134	0.133	1	DDX42	c4
0.00705152340048104	0.153133022698847	0.155	0.129	1	DUSP16	c4
0.617683794669509	-0.153127385951286	0.177	0.18	1	PBRM1	c4
0.256524809950469	-0.153117396047182	0.266	0.274	1	SDHB	c4
0.124767016072987	0.153108849063719	0.082	0.071	1	HIRIP3	c4
0.163708386472415	0.153098597342809	0.099	0.088	1	NQO2	c4
0.846992473334403	-0.153090413898455	0.051	0.052	1	EP400NL	c4
0.296524447524524	-0.153089277383397	0.124	0.133	1	PTPMT1	c4
0.05694548541975	-0.153050761992414	0.322	0.283	1	PIM3	c4
0.6970277707256	-0.153030558383575	0.112	0.114	1	ZDHHC20	c4
0.000243118323684262	0.153025793702458	0.393	0.331	1	APEX1	c4
0.408958651305497	-0.153014631256216	0.074	0.081	1	PRKAB1	c4
0.533894157861442	-0.152955201544834	0.145	0.15	1	CDK11B	c4
0.834354529670269	-0.152773204459212	0.014	0.014	1	SMKR1	c4
0.925725193442829	-0.152666402557768	0.023	0.023	1	ZNF558	c4
0.163682819900877	-0.152662424951405	0.48	0.471	1	WHSC1L1	c4
0.0166254985257595	0.152616213769519	0.114	0.093	1	ESYT2	c4
0.00491238233377388	0.152609904439779	0.127	0.101	1	CCBL2	c4
0.654019824255384	-0.152605610980548	0.201	0.203	1	ZNF331	c4
0.149830295899649	-0.152540590522804	0.328	0.333	1	TIAL1	c4
0.443699408532341	-0.152537693678001	0.252	0.254	1	POP5	c4
0.171479388524658	-0.15253266352732	0.445	0.436	1	EIF4H	c4
0.31690000605313	0.152493003795454	0.035	0.03	1	CCDC125	c4
0.943776636144111	-0.152453428140553	0.089	0.089	1	ANKFY1	c4
0.423864362173186	-0.15231614349129	0.112	0.119	1	POR	c4
0.561808765860287	-0.152268374605572	0.089	0.093	1	SMG9	c4
0.458187140830207	0.152252829902773	0.053	0.049	1	SLC35A1	c4
0.79023648214692	-0.152212076701832	0.08	0.081	1	B4GALT7	c4
0.579791829560337	-0.152172235883365	0.045	0.048	1	ELAC1	c4
0.563123787277324	-0.152061906520187	0.188	0.191	1	DDB1	c4
0.000937732236867712	0.151943180603395	0.299	0.252	1	ORAI1	c4
0.340314477310992	0.151887613050524	0.044	0.039	1	COQ2	c4
0.664951433127552	-0.151886974015708	0.059	0.055	1	ARHGAP12	c4
0.61857195320201	-0.151804268269943	0.016	0.018	1	NET1	c4
0.0284296653666389	0.151772835607624	0.11	0.091	1	AKT3	c4
0.0015065010115771	-0.15165064467455	0.696	0.664	1	C11orf58	c4
0.900462880666162	-0.151630988407281	0.111	0.108	1	MANBA	c4
0.0893894616295052	-0.151499614585743	0.492	0.477	1	PDCD6	c4
0.844839122361799	-0.151429788344124	0.009	0.01	1	SLX1A	c4
0.0109517904191171	-0.15140917663146	0.591	0.576	1	RALY	c4
0.327143194035256	0.15135457807186	0.03	0.026	1	RP11-87F15.2	c4
0.032558839979231	-0.151322264819658	0.466	0.389	1	TCF7	c4
0.484745841325607	-0.151311291007839	0.017	0.02	1	CHTF18	c4
0.650298517189119	-0.15102104982686	0.137	0.14	1	CXXC1	c4
0.70270613362412	-0.150988744756716	0.111	0.113	1	AGPAT1	c4
0.884608781348655	-0.150977355447942	0.087	0.087	1	FUNDC1	c4
0.574772823288279	-0.15093330147414	0.026	0.029	1	MBTPS2	c4
0.911196763347818	-0.150890956278199	0.014	0.013	1	SCD5	c4
0.650317706483089	-0.150872120972723	0.115	0.118	1	CANT1	c4
0.835894189816699	-0.150782301235279	0.201	0.197	1	SIPA1	c4
0.000205868190860196	-0.150780778989185	0.819	0.781	1	ATP6V0E1	c4
0.709705334876161	-0.150748676372819	0.025	0.027	1	NICN1	c4
5.14611211638257e-05	-0.150740612278943	0.873	0.844	1	UBB	c4
0.323974044301085	0.15064850393382	0.039	0.034	1	RP11-169D4.2	c4
0.681892730150729	-0.150615612823301	0.031	0.033	1	DDX31	c4
0.491390190695488	-0.150580441830081	0.181	0.186	1	JMJD6	c4
0.849115920642292	0.150419388124064	0.04	0.039	1	BCS1L	c4
0.386275708818699	-0.150316769039517	0.338	0.335	1	PIAS1	c4
0.0002246504907953	-0.15031241837961	0.842	0.791	1	COX6A1	c4
0.722356500519481	-0.150276143786767	0.07	0.072	1	ZBED5-AS1	c4
0.655379155077143	-0.150029792546936	0.019	0.021	1	TRAV18	c4
0.959620304267522	-0.150005335028384	0.102	0.101	1	MMS19	c4
0.564166303270271	-0.149993255418015	0.216	0.22	1	CHCHD1	c4
0.97114209888952	-0.149962334049393	0.039	0.039	1	TRAV6	c4
0.0998327963747485	0.149949880679483	0.027	0.02	1	MPP5	c4
0.00443452054420597	0.149894770002125	0.153	0.125	1	DNAJB4	c4
0.952782944344104	-0.149880702012555	0.347	0.329	1	CASP8	c4
0.254985768216602	-0.149723007334426	0.428	0.412	1	SNX17	c4
0.85786764129044	-0.149707693001623	0.134	0.13	1	FOXJ3	c4
0.000248806963104927	-0.14969082507634	0.929	0.893	1	EVL	c4
0.647564213429876	-0.14957827239715	0.37	0.358	1	SMAP2	c4
0.0175305031436781	0.14948521406395	0.213	0.186	1	UNC119	c4
0.997549182988204	-0.149413817960247	0.192	0.188	1	SFSWAP	c4
0.0454821582494924	0.149389489217512	0.077	0.063	1	SCMH1	c4
0.956164552726594	-0.149258732172302	0.129	0.127	1	ATG4D	c4
6.05412611575965e-05	0.149224371900125	0.401	0.338	1	SMAP1	c4
0.0083772482261735	-0.149219555451477	0.727	0.686	1	SLC25A3	c4
0.032552252456058	0.14894655589305	0.054	0.042	1	PIGV	c4
0.915556977986309	-0.14890512428311	0.392	0.369	1	EPB41	c4
0.597434513586148	-0.14887786882315	0.087	0.091	1	CRK	c4
0.492151911956188	-0.148817982818116	0.013	0.015	1	SUV39H2	c4
0.8454871866953	-0.148803992841905	0.009	0.01	1	TMEM201	c4
0.173462758486939	0.14870276445104	0.031	0.025	1	LINC01011	c4
0.814618402885173	-0.14868199637375	0.087	0.088	1	TBC1D23	c4
0.726695238499097	-0.148614177223115	0.103	0.105	1	TMEM57	c4
0.506124313900519	-0.148600468060295	0.097	0.102	1	VWA9	c4
0.0621462128685567	0.148581506009564	0.056	0.045	1	LINC00920	c4
0.177084285644639	-0.148564548634308	0.49	0.475	1	GDI2	c4
0.0973484899657274	0.148550558553157	0.028	0.021	1	SNHG22	c4
0.341026275209486	0.148548486033007	0.026	0.022	1	ZNF696	c4
0.868531819577889	-0.148537221958725	0.073	0.074	1	KIAA0586	c4
0.838467326133498	-0.148523204807814	0.163	0.158	1	NPAT	c4
0.663719113587094	-0.148522823956764	0.134	0.127	1	ITPR2	c4
0.996256778961359	-0.148443836678829	0.084	0.083	1	AC093323.3	c4
0.0157547853611484	0.148372605747901	0.085	0.068	1	TUBGCP6	c4
0.536375671285312	-0.148346780265129	0.209	0.212	1	SMIM12	c4
0.6238637494415	-0.148341141666659	0.116	0.12	1	MAPKAPK5	c4
0.917165543913768	-0.14832429148674	0.063	0.062	1	C14orf169	c4
0.983760039750734	-0.148304348178873	0.074	0.073	1	DBNDD2	c4
0.754211900319552	-0.148139626016312	0.163	0.164	1	PUM3	c4
0.0089774576968537	0.148137562850702	0.281	0.247	1	PLIN2	c4
0.0221984601367251	0.148088818112711	0.061	0.048	1	RANBP6	c4
0.23742340428167	0.147965671800988	0.035	0.029	1	ZNF41	c4
0.160794875841755	0.147929419726695	0.087	0.077	1	EMG1	c4
0.809752142566349	-0.147917450844802	0.235	0.232	1	ARID4A	c4
0.875851758106321	-0.147856224397124	0.08	0.081	1	STX18	c4
0.273309043118621	0.147824187882236	0.025	0.02	1	NKIRAS1	c4
0.553212657717454	-0.147798845497107	0.231	0.232	1	NCBP2	c4
0.502542933558084	-0.147715798478667	0.14	0.145	1	AGFG2	c4
0.853662148012274	-0.147657556249994	0.133	0.133	1	SLC50A1	c4
0.0103918040766033	0.14765554462089	0.088	0.069	1	TMEM191C	c4
0.874403605179123	-0.147616712769879	0.163	0.158	1	NSRP1	c4
0.88020731384577	-0.147605033754161	0.085	0.085	1	PRMT7	c4
0.900554000530568	-0.147603801416116	0.059	0.057	1	WDR60	c4
0.888037688138236	-0.147577253607666	0.03	0.031	1	CCDC77	c4
0.0063302698017336	0.147569057693401	0.212	0.179	1	RP11-325F22.2	c4
0.684851857795229	0.147462135833227	0.022	0.02	1	LINC00176	c4
0.943492979516807	-0.147407156581309	0.107	0.105	1	SCAP	c4
0.00422945156136323	0.147398071121926	0.162	0.133	1	WDR77	c4
0.969398211931906	-0.147351101465836	0.419	0.386	1	RANBP1	c4
0.659950203899418	0.147259271023656	0.01	0.009	1	FTCDNL1	c4
0.381282519183101	-0.147202454884091	0.246	0.25	1	RFC1	c4
0.998353850613925	-0.147196026508688	0.216	0.211	1	ADAM10	c4
0.36643212128556	-0.147178437757859	0.317	0.317	1	RAB8A	c4
0.763794877946931	-0.147089981389063	0.038	0.039	1	TUBGCP4	c4
0.0449589587911074	-0.147069745875236	0.625	0.584	1	APBB1IP	c4
0.180225114307491	0.147016198770216	0.031	0.025	1	MACROD1	c4
0.330846782480584	-0.147012035373204	0.352	0.353	1	GGNBP2	c4
0.169617369318136	0.146967639161957	0.126	0.114	1	MYCBP	c4
0.0768410801204034	0.14689025711111	0.087	0.074	1	CTSO	c4
0.560174089091626	-0.146864145217381	0.119	0.123	1	BCL2L13	c4
0.867854421340862	-0.146854435319259	0.252	0.242	1	FRYL	c4
0.0903499914647759	0.146850655000939	0.133	0.117	1	CBLL1	c4
0.614238806360719	-0.146788515273977	0.011	0.012	1	NOMO1	c4
0.211533542855347	-0.146604421557848	0.453	0.441	1	MRPL33	c4
0.664234837278983	-0.146576684850353	0.04	0.037	1	PM20D2	c4
0.916920517376774	-0.146394758650107	0.239	0.231	1	PLD3	c4
0.087354561972895	-0.146394097550166	0.623	0.59	1	COX7B	c4
0.603916716068893	-0.146381348166746	0.119	0.112	1	ARID1B	c4
0.901583511881847	-0.146379706863433	0.318	0.306	1	AC006129.2	c4
0.0310962468004732	0.14636465733751	0.06	0.047	1	HIST4H4	c4
0.0720718005860108	-0.146273679855604	0.168	0.144	1	SPON2	c4
0.00990691984566682	0.146134258578555	0.118	0.095	1	GIMAP8	c4
0.91910040302761	-0.146122645867918	0.094	0.094	1	MEF2A	c4
0.3226851490251	0.146080204739744	0.041	0.036	1	PINX1	c4
0.621811938345463	-0.145988592211112	0.399	0.385	1	TGOLN2	c4
0.0090797298660913	0.145937717436663	0.122	0.099	1	MPI	c4
0.778492932264318	-0.145927627044234	0.145	0.145	1	PIGH	c4
0.977319399309906	-0.145902538857511	0.153	0.15	1	TRNT1	c4
0.617168831930711	-0.145899460372732	0.213	0.216	1	FUBP1	c4
0.385098527439554	-0.145803864823776	0.285	0.289	1	VPS4B	c4
0.906844316158116	-0.145754876088733	0.236	0.232	1	REXO2	c4
0.254432420504822	-0.145752236486276	0.325	0.291	1	THEMIS	c4
0.0877770134438846	0.145637497144476	0.055	0.045	1	EPC2	c4
0.840995134617908	-0.145622319451183	0.027	0.028	1	ZFP30	c4
0.885588735420647	-0.145592995040827	0.074	0.075	1	B4GALT4	c4
0.551292498272511	-0.145586265168779	0.168	0.172	1	NARS	c4
0.830486508116122	-0.145581064963783	0.079	0.08	1	USP38	c4
0.0274501032061953	0.145548912624336	0.138	0.118	1	IQCB1	c4
0.40229418626197	-0.145533405306986	0.248	0.254	1	COQ10B	c4
0.119532513270605	-0.145477703750132	0.523	0.501	1	CAPZA1	c4
0.499678227030435	-0.145350598497116	0.124	0.13	1	BID	c4
0.0376451918695815	-0.145334969213236	0.62	0.6	1	VPS28	c4
0.564508760992518	-0.145328846343415	0.058	0.062	1	GEMIN8	c4
0.98409079227798	-0.145277628443743	0.168	0.166	1	LPGAT1	c4
0.990732298166209	-0.145272888667491	0.01	0.01	1	ZNF154	c4
0.623204682190901	-0.145226603681474	0.082	0.086	1	EIF2B4	c4
0.514035431279194	-0.145192582827144	0.121	0.127	1	ODF2	c4
0.933109873330604	-0.145192176713719	0.013	0.013	1	ARMCX4	c4
0.926769174588541	-0.145172962351205	0.062	0.061	1	SPICE1	c4
0.183322408931366	0.145165230119441	0.043	0.036	1	LFNG	c4
0.781978611903647	-0.145151452016938	0.186	0.186	1	RAB5A	c4
0.528906547774018	-0.145054117252219	0.059	0.063	1	MGME1	c4
0.981492150784215	-0.144976055632779	0.027	0.027	1	HOXB-AS1	c4
0.664613688329196	-0.144914638017845	0.226	0.226	1	GPBP1L1	c4
0.963542159820001	-0.144847172965779	0.226	0.218	1	C1orf52	c4
0.600798003165474	-0.14482332279125	0.037	0.04	1	DPYSL2	c4
0.615772238289057	-0.14479936838168	0.033	0.035	1	WDR24	c4
0.637899934604094	-0.144750413515293	0.021	0.023	1	SEMA4B	c4
0.419305393158558	-0.144747374236456	0.505	0.475	1	PSAP	c4
0.882413836435132	-0.144743974676468	0.134	0.133	1	DYNC1LI2	c4
0.279315772675507	0.144717892708027	0.048	0.042	1	HOMEZ	c4
0.621314597192897	-0.144660142360647	0.124	0.128	1	TRAF7	c4
0.744726474827618	-0.144649645131973	0.206	0.205	1	IMP4	c4
0.816573845308303	-0.144633765109647	0.34	0.32	1	LY9	c4
0.270209448673861	-0.144547290290808	0.355	0.352	1	METTL23	c4
0.225427284571955	-0.144484351840866	0.083	0.093	1	TXNRD1	c4
0.941952182614809	-0.144483027146474	0.017	0.017	1	ARID3A	c4
0.957122458749883	-0.144398633176902	0.081	0.08	1	CAMKMT	c4
0.0032322650971925	0.144385302631448	0.141	0.113	1	ATG16L2	c4
0.0072840158160122	0.144363885773067	0.103	0.082	1	ZNF652	c4
0.00355301765314092	0.144349993280409	0.204	0.171	1	ARAF	c4
0.973284102099164	-0.144343102910113	0.025	0.025	1	DNAH1	c4
0.546239428437925	-0.144295462382059	0.095	0.099	1	MAP1S	c4
0.710407351217316	-0.144273408618989	0.047	0.044	1	RP11-80H18.3	c4
0.132461340325045	0.1442685533304	0.054	0.045	1	PARD6A	c4
0.810103916927297	-0.144256136015913	0.059	0.06	1	ZNF134	c4
0.971753012888488	-0.144242548553145	0.281	0.275	1	RANBP2	c4
0.527887393662579	-0.144199076783618	0.067	0.062	1	ZNF611	c4
0.636791929036815	-0.14411921228778	0.072	0.075	1	ELP4	c4
0.817772268847711	-0.14409188632194	0.153	0.152	1	ARCN1	c4
0.352754237498096	-0.144070796720478	0.028	0.033	1	ABHD8	c4
0.00445386394353762	0.143981420616773	0.181	0.15	1	RNF214	c4
0.00225955331101339	0.143974364610623	0.14	0.112	1	RNF168	c4
0.333556348168174	-0.143963945899018	0.42	0.406	1	GPBP1	c4
0.122473465156064	0.143959465109197	0.089	0.077	1	MAP3K13	c4
0.968688410506185	-0.143948414531489	0.013	0.013	1	NEURL2	c4
0.539641030440461	-0.143885890964583	0.067	0.071	1	GTF2H2	c4
0.0233705316856216	0.143858295358434	0.101	0.082	1	HERC3	c4
0.792598845023437	-0.143807087746377	0.198	0.196	1	C6orf62	c4
0.0138310809654902	0.143752650610383	0.098	0.079	1	PIEZO1	c4
0.546105610387759	-0.143749168056144	0.026	0.023	1	RNLS	c4
0.912548407763041	-0.143691837993912	0.294	0.282	1	BIRC6	c4
0.547902667015539	-0.143598969538665	0.053	0.056	1	PDCD11	c4
0.904722686762669	-0.143564779660102	0.031	0.032	1	ALG9	c4
0.189395985975194	0.143557748715238	0.02	0.016	1	SH3BP5-AS1	c4
0.075316053292246	0.143483987433862	0.11	0.095	1	PDXK	c4
0.618971706484523	-0.143421814291538	0.042	0.039	1	ZNF407	c4
0.0814156178441755	-0.14341530377966	0.573	0.554	1	PAIP2	c4
0.666098497774964	-0.143392144251458	0.162	0.154	1	VEZF1	c4
0.0373863070636871	0.143223485555656	0.098	0.081	1	SUMF1	c4
0.0656115884432207	-0.143182451852326	0.557	0.539	1	ATP5A1	c4
0.780354082952701	-0.143165337123968	0.19	0.189	1	TFG	c4
0.884139702943384	-0.143137904081527	0.026	0.027	1	INAFM1	c4
0.733381791344607	-0.143125427368378	0.083	0.08	1	ANO9	c4
0.647520482525353	-0.143121337362632	0.184	0.184	1	DNAJC9	c4
0.905662413661464	-0.143105974753466	0.039	0.04	1	CPOX	c4
0.989317005956756	-0.142993704436286	0.121	0.118	1	YBEY	c4
0.936705599847819	-0.142978500990849	0.047	0.046	1	CXorf56	c4
0.000402955861863249	0.142970551328081	0.406	0.347	1	NECAP2	c4
0.954188830463044	-0.142949238517025	0.069	0.069	1	SMARCAL1	c4
0.00190907869080957	0.142887886122793	0.176	0.144	1	SPAG9	c4
0.0161701486621638	-0.142879174542369	0.583	0.561	1	SAP18	c4
0.309366022083134	0.142850615782309	0.02	0.016	1	CA11	c4
0.17815984189882	0.142793579804636	0.087	0.077	1	ZBTB48	c4
0.811157335737769	-0.142763564454721	0.176	0.17	1	CCNL2	c4
0.864713985108723	-0.142696728228032	0.074	0.072	1	MCEE	c4
0.394343338505054	0.142469718058124	0.038	0.033	1	PXN-AS1	c4
0.670143430039815	-0.142418744681494	0.118	0.121	1	WDR20	c4
0.685743035569426	-0.142404083896987	0.257	0.253	1	SNX1	c4
0.732096681626329	-0.142369901688111	0.225	0.223	1	KDM2A	c4
0.142594746852547	0.142328345666367	0.082	0.071	1	PAICS	c4
0.543070043734996	-0.142319859264714	0.313	0.309	1	SF3B4	c4
0.972450731279956	-0.142224103953282	0.082	0.081	1	PIK3C2A	c4
0.112362224497788	-0.14211547051713	0.513	0.494	1	POLD4	c4
0.833017410703771	-0.142067803701463	0.301	0.291	1	ARIH2	c4
0.641069833887034	-0.141931840979585	0.072	0.067	1	FEM1B	c4
0.0123994072460241	0.141916780372462	0.206	0.177	1	MRPL17	c4
0.248025984974406	0.141859461526789	0.03	0.025	1	ANKRD40	c4
0.369168253099302	0.141858055799645	0.03	0.026	1	LARP1B	c4
0.876433128679758	-0.141796763110698	0.217	0.213	1	AGGF1	c4
0.479811223942668	-0.141718064804551	0.345	0.339	1	XRN2	c4
0.946400033765534	-0.141631397890082	0.069	0.07	1	RBM4B	c4
0.922490213232884	-0.141470867371711	0.124	0.123	1	TP53RK	c4
0.703698713839449	-0.14140975860587	0.084	0.086	1	TGDS	c4
0.784298246540838	-0.141399678524761	0.223	0.219	1	CCDC174	c4
0.754717062550317	-0.141294821222496	0.078	0.08	1	PRKCZ	c4
0.000197881201014517	0.141251989147346	0.289	0.239	1	STK38	c4
0.922226398934858	-0.141191693450882	0.33	0.316	1	KDM5A	c4
0.00374266839940031	0.141138977032197	0.196	0.163	1	ZNF32	c4
0.571658762675505	-0.141083544522363	0.043	0.046	1	HIPK2	c4
0.833515903304283	-0.14104902782906	0.187	0.186	1	CDC5L	c4
0.962560570409742	-0.141031102318174	0.268	0.258	1	SF3A3	c4
0.95922230966346	-0.140982419497929	0.043	0.042	1	CTD-2020K17.4	c4
0.865648235185638	-0.140977033049229	0.101	0.102	1	ING5	c4
0.132231673266344	0.140941038700149	0.068	0.058	1	FAM76A	c4
0.922215699339311	-0.140915198525895	0.093	0.092	1	E4F1	c4
0.941723857576998	-0.140882815000204	0.151	0.148	1	C5orf24	c4
0.818948566587276	-0.140853681902587	0.124	0.124	1	CCDC82	c4
0.715688557032652	-0.140774445145489	0.061	0.058	1	LRIG2	c4
0.00765413154784097	0.140758039019625	0.194	0.165	1	DLST	c4
0.00308036763818801	0.140604186298327	0.162	0.131	1	FAM134B	c4
0.843560341677104	-0.140595692160758	0.117	0.118	1	ZNF107	c4
0.471290164264769	-0.140551865879084	0.111	0.116	1	BORCS6	c4
0.715833648331011	-0.140533916580996	0.272	0.266	1	AKR1B1	c4
0.736565792387663	-0.140483397732635	0.064	0.066	1	HN1L	c4
0.931528656200443	-0.140433249895044	0.091	0.091	1	KCTD5	c4
0.0696374090493255	-0.140416584496252	0.543	0.524	1	SF3B5	c4
4.77589535460556e-05	0.140406913976755	0.27	0.217	1	PABPC4	c4
0.862888936541216	-0.140392065585514	0.01	0.01	1	KTN1-AS1	c4
0.440830722209426	-0.140364403476275	0.501	0.474	1	OXA1L	c4
0.090757978587755	0.140363481729175	0.069	0.057	1	TMEM120B	c4
0.412227992868047	0.140322665420627	0.022	0.019	1	PAQR3	c4
0.00634997980059363	0.140313220364555	0.184	0.155	1	TMEM223	c4
0.182415367392097	-0.140254484961664	0.116	0.128	1	ABHD16A	c4
0.000318535121558592	0.140195585615069	0.272	0.225	1	ARHGEF6	c4
0.576450285921575	-0.140126038525571	0.121	0.126	1	MTX2	c4
0.938082313405282	-0.140100848554362	0.116	0.115	1	APOBEC3D	c4
0.445388422056954	-0.140096894073864	0.144	0.15	1	LRRC59	c4
0.788420868868816	-0.139992700252479	0.036	0.037	1	ZNF746	c4
0.193987664550356	0.139953466278776	0.045	0.038	1	TRIT1	c4
0.764848724380093	-0.139921540264742	0.26	0.248	1	ATXN2L	c4
0.579017967307832	-0.13992153316638	0.12	0.124	1	DMAP1	c4
0.397371845475034	-0.139915527222263	0.012	0.01	1	AC004951.6	c4
0.349927873993826	-0.139894602283098	0.436	0.426	1	RSF1	c4
0.810492055263148	-0.139891072864244	0.174	0.174	1	IKBKE	c4
0.738679317753305	-0.139854568003634	0.054	0.055	1	PROSER3	c4
0.839910641093338	0.139754463559894	0.015	0.015	1	FPGT	c4
0.9204770994241	-0.139737728585476	0.173	0.169	1	HCG18	c4
0.829270853514377	-0.139672992277397	0.061	0.063	1	DNAJC13	c4
0.875571084222825	-0.139611183945884	0.195	0.193	1	TBC1D5	c4
0.221127375315208	-0.139564564054493	0.395	0.393	1	TMED4	c4
0.699079811130573	-0.139543394417188	0.069	0.065	1	MTFMT	c4
0.0237690185112112	0.139467958206176	0.081	0.065	1	ITPRIPL1	c4
0.999091860483569	-0.139425908845026	0.14	0.138	1	CASC3	c4
0.80960673408937	-0.13926958757683	0.057	0.059	1	PCYOX1L	c4
0.506939421622945	-0.139243801655273	0.187	0.191	1	ANAPC15	c4
0.999581977654152	-0.139237090538995	0.259	0.251	1	RAD23B	c4
0.442172067750847	-0.139211324060396	0.212	0.218	1	ERCC1	c4
0.786140163745357	-0.139200455151477	0.078	0.075	1	POGK	c4
0.846068361387249	-0.13916013563181	0.106	0.107	1	KLHL20	c4
0.246203778417842	0.139080217161118	0.041	0.035	1	AC009299.3	c4
0.477715816354716	0.139059355104769	0.027	0.024	1	APTR	c4
0.934118245571479	-0.139009613997203	0.048	0.048	1	PCCB	c4
0.870488955529205	-0.139008162780684	0.069	0.07	1	ATP10D	c4
0.546846708486819	-0.138952779477392	0.142	0.147	1	NDUFA9	c4
0.479727381290112	-0.138864891189644	0.114	0.105	1	CTC1	c4
0.419472036771998	0.138750841707148	0.022	0.019	1	RAB3A	c4
0.010899401235119	0.13873405903875	0.146	0.122	1	VGLL4	c4
0.699356020147485	-0.138536355356403	0.194	0.195	1	SLC38A10	c4
0.969961598873832	-0.138498699603892	0.192	0.188	1	RAF1	c4
0.852899818952024	-0.138473847909631	0.083	0.084	1	SLC33A1	c4
0.337763054696776	0.138389226080563	0.017	0.014	1	ZNF597	c4
0.361952865899911	-0.138356881263304	0.265	0.269	1	SUCLG1	c4
0.882526124746592	-0.138353025763194	0.18	0.178	1	VPS26A	c4
0.367539186383466	-0.138287978641468	0.075	0.068	1	ENDOD1	c4
0.181207871754265	-0.138285325158559	0.437	0.432	1	RASAL3	c4
0.696876517237809	-0.138283676620665	0.117	0.112	1	LMBR1	c4
0.927933945290651	-0.138266111243122	0.01	0.01	1	RP11-474G23.3	c4
0.67284857754337	-0.13822806001354	0.33	0.321	1	SPN	c4
0.410252964514907	-0.138208726648285	0.435	0.426	1	PSMB8-AS1	c4
0.983364413549667	-0.138207363255242	0.422	0.396	1	SDF4	c4
0.102326451389585	0.138174427269046	0.046	0.037	1	HNRNPUL2	c4
0.102949701963868	-0.138165256209649	0.676	0.64	1	RHOH	c4
0.848294490462347	-0.138160797006935	0.094	0.095	1	DTWD1	c4
0.381688692475296	-0.138154339672314	0.338	0.308	1	CD28	c4
0.994925190639018	-0.138139707351825	0.093	0.092	1	SMG6	c4
0.990882463153736	-0.13813033942106	0.09	0.089	1	MEF2D	c4
0.346482178687677	-0.138117870643383	0.288	0.292	1	ARRDC1	c4
3.19106461730739e-05	0.138073207701281	0.65	0.565	1	GTF3A	c4
0.388516668353434	-0.138034150394993	0.035	0.03	1	ZNF483	c4
0.718144844647406	-0.138019383763271	0.107	0.109	1	SCAF8	c4
0.956982894646223	-0.138010430806336	0.058	0.057	1	ZSCAN16	c4
0.15336639219097	-0.137872534652286	0.5	0.488	1	RBM25	c4
0.347008143830204	-0.13780677943268	0.253	0.257	1	ZFR	c4
0.591360034364078	-0.137774827989111	0.245	0.245	1	GNPTG	c4
0.0348092616746285	0.137773767565221	0.119	0.1	1	OSBPL3	c4
0.674156094018768	-0.13776847072252	0.041	0.043	1	PIGN	c4
0.933502945508497	-0.137735289658909	0.132	0.129	1	PARN	c4
0.984011216091266	-0.13772365374449	0.125	0.124	1	TAB2	c4
0.0171248298947302	0.137670403553174	0.179	0.154	1	SLC10A3	c4
0.713459058336879	-0.137665041704333	0.323	0.313	1	C19orf24	c4
0.857637428109984	-0.137659121457827	0.16	0.16	1	NOP56	c4
0.448299415416241	-0.137636309600446	0.284	0.286	1	C1D	c4
0.846699300928577	-0.137584243766116	0.015	0.016	1	ZNF624	c4
0.00778842213960577	-0.137574285544783	0.928	0.863	1	CLIC1	c4
0.825750049461123	-0.137528619153725	0.205	0.202	1	TUBGCP2	c4
0.735004748833657	-0.137472933609741	0.057	0.059	1	C2orf76	c4
0.842572475981202	-0.137462842203371	0.246	0.236	1	NLRC3	c4
0.279710920577138	-0.137444856774767	0.116	0.126	1	COPS7B	c4
0.406684870274886	-0.13739377948278	0.26	0.263	1	ALDH9A1	c4
0.906687007661152	-0.137331416893689	0.23	0.224	1	KRR1	c4
0.556009911075136	-0.137302563413163	0.02	0.022	1	NKRF	c4
0.476215749023345	-0.137294635226993	0.079	0.084	1	PNO1	c4
0.278887073648408	-0.13723130321673	0.053	0.06	1	ALDOC	c4
0.71870215763821	-0.137211443748777	0.055	0.057	1	ZNF383	c4
0.398452456608698	-0.137188668902657	0.5	0.476	1	SNX6	c4
0.0262318531053727	-0.137183541435694	0.653	0.633	1	KHDRBS1	c4
0.877975267627666	-0.137161932658252	0.092	0.09	1	LRRC14	c4
0.489388008618355	0.1370665828412	0.017	0.014	1	MAGEE1	c4
0.953300883939808	-0.137041269942561	0.166	0.162	1	LRPPRC	c4
0.399322968798179	-0.137028992609329	0.3	0.301	1	URM1	c4
0.936259848258779	-0.137001172164804	0.299	0.287	1	UHMK1	c4
0.118755892890619	-0.136843602138553	0.589	0.56	1	PRELID1	c4
0.471553130011716	0.136775178712356	0.02	0.017	1	MASTL	c4
0.473981548981521	-0.136770232755956	0.322	0.318	1	PSMD13	c4
0.994522464718754	-0.136732431102994	0.025	0.025	1	NBPF3	c4
0.341740300693225	-0.136706196874244	0.047	0.053	1	ARL8A	c4
0.0154816990898163	0.136621557460796	0.149	0.126	1	GAPVD1	c4
0.881929564737881	-0.136559966503756	0.067	0.068	1	HSPA13	c4
0.812290837867628	-0.136528696396287	0.062	0.06	1	UBAP2	c4
0.886425699061571	-0.136451817206681	0.422	0.395	1	EIF2S2	c4
0.860760046368504	-0.136402136100072	0.02	0.019	1	SS18L1	c4
0.90834411243421	-0.136370930519894	0.146	0.145	1	IP6K1	c4
0.635434260871979	-0.136324384515114	0.161	0.163	1	UCHL5	c4
0.861559668501918	-0.13630957276867	0.185	0.184	1	CBFB	c4
0.978815071805558	-0.136296527772193	0.035	0.034	1	LETM2	c4
0.876017877658675	-0.136292128191171	0.074	0.075	1	DDX10	c4
0.455921803436038	-0.136276985813121	0.054	0.059	1	ENTHD2	c4
0.867667776311381	-0.136228861936984	0.502	0.471	1	ITGA4	c4
0.858228011108416	-0.136192343405182	0.362	0.343	1	TXNL1	c4
0.982097753106718	-0.136168582544421	0.053	0.052	1	FAM73B	c4
0.000128489318423865	0.136165620618737	0.328	0.271	1	SERPINB9	c4
0.138940434072719	0.136102160965555	0.063	0.053	1	PGRMC2	c4
0.900748224592068	-0.136100093663168	0.04	0.04	1	SRP19	c4
0.737121423039855	-0.136085449786549	0.115	0.117	1	TM9SF4	c4
0.120398077356804	0.136058148005938	0.1	0.088	1	EDC4	c4
0.343442771641623	-0.136034827927773	0.102	0.111	1	SLC25A24	c4
0.982359292781982	-0.135971552306757	0.124	0.122	1	HSPA14	c4
0.052854085877533	0.135960984687496	0.069	0.056	1	TBC1D19	c4
0.567672028022995	-0.135950411931169	0.095	0.099	1	C7orf49	c4
0.776053904922584	-0.135912525381845	0.02	0.021	1	CDC7	c4
0.986443780683509	-0.135859681344731	0.1	0.099	1	KLHL6	c4
0.489712177200913	0.135830967135004	0.025	0.022	1	RP11-110I1.12	c4
0.551144485151128	-0.135767181571156	0.208	0.196	1	HELB	c4
0.0197930819273488	0.135681369224723	0.106	0.087	1	HGSNAT	c4
0.040092902957457	-0.135630547259858	0.999	0.981	1	SH3BGRL3	c4
0.989201340914433	-0.135616812272296	0.148	0.146	1	MAP3K2	c4
0.267380510210059	-0.135558869361525	0.483	0.469	1	SF3A2	c4
0.697846706502301	0.135469680670392	0.012	0.01	1	RP5-1157M23.2	c4
0.168665328952361	-0.135455314242227	0.635	0.603	1	ELF1	c4
0.309902641224181	0.135432222513326	0.056	0.049	1	PIP4K2B	c4
0.553039304045648	-0.135350169995143	0.267	0.266	1	CDIPT	c4
0.816730810381286	-0.1353363829781	0.069	0.07	1	HSF2	c4
0.692371666105322	-0.135169649136396	0.09	0.093	1	ZMPSTE24	c4
0.855885040051765	-0.135167101182657	0.087	0.085	1	GPAT4	c4
0.421368650808042	-0.135153697732123	0.128	0.135	1	GPN1	c4
0.961486353247855	-0.135111066139177	0.367	0.347	1	HNRNPH1	c4
0.967072864517859	-0.134978704202659	0.212	0.207	1	LONP2	c4
0.485929389630684	-0.134927620951213	0.012	0.01	1	XXbac-BPG294E21.9	c4
0.0412248435985284	0.134921764607051	0.085	0.069	1	ARMCX5	c4
0.514013415657381	-0.134891971830276	0.18	0.168	1	ICE1	c4
0.636342695419435	-0.134827830287789	0.101	0.105	1	GNL2	c4
0.515786015468117	-0.134803362070738	0.056	0.061	1	METTL2A	c4
0.788101891792353	0.134696010334864	0.014	0.014	1	RP11-111M22.2	c4
0.416723156247667	-0.134641539599588	0.369	0.363	1	COPS6	c4
0.592127642679322	-0.134531954288033	0.193	0.195	1	MRPS10	c4
0.0444845909004948	0.134498918080447	0.085	0.07	1	SNRNP48	c4
0.477534560332784	-0.1344385045092	0.621	0.547	1	YWHAQ	c4
0.745801902482606	-0.134366830868833	0.096	0.098	1	ACOT13	c4
0.0524306915336735	-0.134364164113058	0.635	0.605	1	ICAM3	c4
0.927973876874888	-0.134343892328593	0.039	0.039	1	LINC01137	c4
0.667677141500727	-0.134332759079354	0.08	0.076	1	CTDP1	c4
0.837228918317225	-0.134313687289753	0.051	0.049	1	CHCHD6	c4
0.31903919177863	0.134294893191152	0.017	0.013	1	ST7	c4
0.713146884144126	-0.134262995427488	0.06	0.062	1	CXorf40A	c4
5.06377180744474e-05	-0.13423803530456	0.924	0.896	1	UQCRB	c4
0.198134798766782	0.134172176342856	0.052	0.045	1	ZNF574	c4
0.880575041476906	-0.134116107488256	0.13	0.127	1	TNRC6A	c4
0.700736125339521	-0.13411531093593	0.093	0.096	1	CORO2A	c4
0.268528787968841	0.134113124303486	0.027	0.023	1	C1orf61	c4
0.887925294249065	-0.134096068497817	0.241	0.234	1	NKAP	c4
0.0562079218375414	0.134082731106881	0.105	0.089	1	RRP15	c4
0.59861513426926	-0.13407307306184	0.03	0.033	1	KTI12	c4
0.0164825392822011	0.134072058949252	0.187	0.161	1	POU2F2	c4
0.392450070858244	-0.134025439859233	0.167	0.175	1	FARSA	c4
0.469039977435553	-0.13396127095241	0.338	0.336	1	FNTA	c4
0.883078117511497	-0.133833872072313	0.051	0.052	1	HPS6	c4
0.503230480684679	-0.133831724423801	0.21	0.195	1	ZCCHC7	c4
0.00978606585971449	0.133717414095225	0.172	0.145	1	SLC35A4	c4
0.789707775146578	-0.133689315366722	0.063	0.065	1	METTL6	c4
0.87410719029898	-0.133664763941824	0.087	0.085	1	GPHN	c4
0.571280275436318	-0.133491537519604	0.081	0.085	1	MED25	c4
0.887110077586507	-0.133468258238051	0.078	0.076	1	MED14	c4
0.511052644007443	-0.133463760895151	0.133	0.139	1	GIGYF2	c4
0.730538260733974	-0.133446803905783	0.207	0.208	1	UBA3	c4
0.712909241865397	-0.133394234986245	0.195	0.196	1	PPP6R1	c4
0.914219691678317	-0.133375008706465	0.114	0.112	1	ZCCHC9	c4
0.0208656682813202	0.133333973835835	0.2	0.174	1	APOL3	c4
0.584289654500113	-0.133264812890132	0.145	0.137	1	PTPRE	c4
0.789176071815899	-0.133262286389576	0.106	0.108	1	DCAF16	c4
0.809792878662594	-0.133256658212453	0.01	0.011	1	AC002116.7	c4
0.983839389906207	-0.133234717001704	0.268	0.256	1	THAP7	c4
0.557446509801015	-0.13322655081065	0.075	0.079	1	NT5C2	c4
0.970425343614476	-0.133133850460537	0.02	0.02	1	ZNF852	c4
0.88207840974539	-0.133033501656429	0.086	0.084	1	GNL3L	c4
0.479109414882758	-0.132925381527302	0.157	0.163	1	ARL1	c4
0.278319532491166	-0.132868341953866	0.53	0.507	1	SIT1	c4
0.626359770548169	0.132798709701681	0.033	0.031	1	GTF2H4	c4
0.668473672586841	-0.13279325582395	0.066	0.069	1	FAM174A	c4
0.972683684522941	-0.132775240168875	0.151	0.149	1	IFT20	c4
0.976342511234731	-0.132730856627713	0.189	0.186	1	ARL16	c4
0.811009939124922	-0.1327018106108	0.112	0.113	1	HCFC1	c4
0.0586812541146767	0.132676694194326	0.08	0.066	1	RECK	c4
0.898723141715213	-0.132587972608813	0.077	0.076	1	ZNF350	c4
0.28303455911706	0.132524526490242	0.015	0.012	1	HIST2H2AB	c4
0.00116731576198099	0.132470565087524	0.334	0.283	1	ILK	c4
0.113831102130809	0.132462830518437	0.061	0.052	1	TSPAN2	c4
0.822051253187222	-0.132427131151057	0.027	0.028	1	FIGNL1	c4
0.850684465978476	-0.13240851681097	0.244	0.241	1	MGMT	c4
0.250705814192627	0.132402947426279	0.025	0.021	1	SWT1	c4
0.883256845287027	-0.132332792253524	0.265	0.253	1	TMEM50B	c4
0.910100399033825	-0.132224781529089	0.118	0.117	1	SHPRH	c4
0.00165487515154272	0.132204120172066	0.279	0.234	1	BET1L	c4
0.927925620419134	-0.13216040922132	0.107	0.105	1	ZCCHC8	c4
0.500259132826093	-0.132104778774436	0.045	0.049	1	KCTD10	c4
0.154251331012345	0.131984486346325	0.042	0.035	1	CORO7	c4
0.868629858677576	-0.131935133315472	0.155	0.154	1	CRYZL1	c4
0.2172090587844	-0.131822715731887	0.063	0.072	1	SPTSSA	c4
0.868633383516534	-0.131778902247972	0.072	0.072	1	AHCYL1	c4
0.0953176364448479	0.131741132338787	0.114	0.1	1	THAP5	c4
0.958878211218161	-0.131663203741472	0.167	0.165	1	DDX23	c4
0.86655233071751	-0.131563497578942	0.074	0.072	1	ASH1L-AS1	c4
0.0411673522775367	0.131547621135278	0.145	0.125	1	IPO7	c4
0.525205114166757	0.131528720054955	0.01	0.008	1	FAM171A1	c4
0.596615307196029	-0.131504906686408	0.07	0.066	1	SENP2	c4
0.513236919522078	0.131475449739288	0.027	0.024	1	STK3	c4
0.927487286841027	-0.131408857157132	0.105	0.105	1	CUL2	c4
0.00140864440045783	0.131376521627823	0.216	0.179	1	CLSTN1	c4
0.430514730638262	0.131339176566972	0.237	0.229	1	RHOB	c4
0.184207675677618	-0.131276119458338	0.424	0.416	1	TALDO1	c4
0.584956415612113	-0.131267676885287	0.113	0.117	1	GALK1	c4
0.101933440130283	0.131264683261585	0.075	0.064	1	SIRT5	c4
0.805291698395803	-0.131217941346601	0.116	0.117	1	KANSL2	c4
0.15762732647958	-0.1311998245363	0.707	0.668	1	SRSF2	c4
0.695470364748217	-0.131172465488632	0.306	0.287	1	ELMO1	c4
0.221014674317291	0.131156294268088	0.055	0.048	1	TTI1	c4
0.943321277243738	-0.131065113893288	0.084	0.084	1	ZNF3	c4
0.0248701833475407	0.131052835808284	0.158	0.135	1	REEP3	c4
0.784550736772043	-0.131051970602619	0.055	0.057	1	GHDC	c4
0.876404976988294	-0.130981650173729	0.134	0.131	1	ECE1	c4
0.297656333277714	0.130939394636912	0.08	0.073	1	UMPS	c4
0.682853444330179	-0.130926313426109	0.014	0.013	1	RP11-390E23.6	c4
0.228208595073071	0.13079478272619	0.028	0.023	1	FBRSL1	c4
0.256163536732534	0.130769363977804	0.029	0.024	1	FAM234A	c4
0.00880014780256847	0.130757061446617	0.119	0.096	1	CEP68	c4
0.64690952103983	-0.13073766068773	0.166	0.169	1	TMEM205	c4
0.452925763347649	0.130659865252053	0.025	0.022	1	TMEM164	c4
0.64669943755089	-0.130656392076905	0.13	0.133	1	RP11-345J4.5	c4
0.824960602815728	-0.1306443024942	0.226	0.221	1	CDK12	c4
0.896943020545732	-0.130607771746963	0.131	0.131	1	TSSC1	c4
0.158592934166496	-0.130595605360584	0.57	0.547	1	ATP5I	c4
0.00459073176455809	0.130549178794392	0.426	0.375	1	MINOS1	c4
0.680297732019301	-0.130506774228678	0.02	0.021	1	ZNF776	c4
0.643563126383477	-0.130436619440436	0.194	0.196	1	LINC00667	c4
0.118468190767012	-0.130427379510815	0.388	0.391	1	CHMP2A	c4
0.774783769293532	-0.130363150624042	0.175	0.174	1	GGA1	c4
0.549609328796618	0.130234703320058	0.046	0.043	1	RNASEK-C17orf49	c4
0.807173924037034	-0.130233785041745	0.325	0.318	1	PAFAH1B1	c4
0.604884251652128	-0.130179391685686	0.376	0.367	1	RTN4	c4
0.872214367950442	-0.130119725049131	0.08	0.078	1	AGPS	c4
0.669507812002013	-0.130061962649351	0.19	0.191	1	CD320	c4
0.763755381955192	-0.130059739595102	0.027	0.028	1	RFC3	c4
0.842640833523924	-0.129960355973218	0.209	0.2	1	C14orf1	c4
0.672922434170478	-0.129920452121651	0.023	0.021	1	FBXO46	c4
0.92274063389373	-0.129883406539326	0.022	0.021	1	FKBP14	c4
0.114857161532127	0.129857548556485	0.069	0.058	1	CCDC126	c4
0.6104777197473	-0.129805082704515	0.329	0.325	1	PCM1	c4
0.342199318591143	-0.12974512304027	0.087	0.096	1	ETFDH	c4
0.539838917912283	-0.129660294818683	0.027	0.03	1	CHAF1A	c4
0.960718851970132	-0.129627232519451	0.131	0.129	1	FAM58A	c4
0.918703279296114	-0.129615014655973	0.069	0.068	1	KMT2B	c4
0.139605489364271	0.129580443566049	0.06	0.051	1	TUBGCP5	c4
0.436488513861581	0.12957138708382	0.024	0.021	1	ZNF761	c4
0.281054252184682	-0.129547123668824	0.581	0.552	1	SFPQ	c4
0.601645984630408	-0.12954644457517	0.044	0.047	1	ZNF71	c4
0.840475145215049	-0.129538547562442	0.017	0.017	1	TCEANC	c4
0.249705014974636	-0.129465961887022	0.451	0.444	1	OCIAD1	c4
0.520859998107929	-0.129336552594633	0.195	0.2	1	ATAD1	c4
0.00819816259964673	0.129335835073707	0.096	0.076	1	PAQR8	c4
0.890321710391246	-0.129320863180458	0.247	0.237	1	ARPC1A	c4
0.641397518133703	-0.12931499742603	0.228	0.23	1	MICU2	c4
0.653342746693361	-0.129288214977022	0.014	0.012	1	CDAN1	c4
0.870167196165482	-0.129256190838073	0.048	0.047	1	SLC25A4	c4
0.656471930280589	-0.129215680973882	0.03	0.032	1	SLC37A4	c4
0.954050349187133	-0.129190309754343	0.108	0.106	1	CCDC93	c4
0.516422407155089	-0.129175175165031	0.192	0.198	1	SHOC2	c4
0.827051917938247	-0.129148472720276	0.035	0.036	1	GID4	c4
0.581488327310655	-0.128968793348662	0.088	0.092	1	RAD1	c4
0.0150336931792663	0.128935628234322	0.085	0.067	1	LRIG1	c4
0.919692731177549	-0.128935221632639	0.174	0.173	1	XAB2	c4
0.751271348330926	-0.12877099283975	0.018	0.019	1	NPL	c4
0.311184221952647	-0.128677327866148	0.387	0.382	1	IMP3	c4
0.081405431033005	-0.128658299836311	0.622	0.597	1	PPP1R18	c4
0.60243276148666	-0.128651615782607	0.106	0.099	1	IFFO1	c4
0.85339829700211	-0.128616793147508	0.051	0.049	1	ZNF692	c4
0.50724193310179	-0.128602081431821	0.092	0.085	1	EZH1	c4
0.859643051250166	-0.128587683189648	0.027	0.028	1	CTD-2260A17.2	c4
0.596226757106961	-0.128529504015848	0.047	0.05	1	FAM213B	c4
0.679702918601354	-0.128526355401707	0.312	0.306	1	SUMF2	c4
0.702314608253504	-0.128520887990268	0.207	0.197	1	PRRC2A	c4
0.785007751909733	-0.128513172342708	0.1	0.102	1	IGF2R	c4
0.397423721692713	-0.128483943066712	0.512	0.485	1	LMAN2	c4
0.789013866286054	-0.128477255133139	0.017	0.016	1	FBXO2	c4
0.477601833769341	-0.128409575575891	0.233	0.237	1	CFDP1	c4
0.0496985024122308	0.128338923083685	0.151	0.132	1	NME6	c4
0.854835296726968	-0.128305564282001	0.08	0.081	1	DPH6	c4
0.703887260376715	-0.128296586784268	0.209	0.199	1	MEI1	c4
0.680438396275274	-0.128239360897844	0.145	0.147	1	PRPF18	c4
0.00310254287406511	0.128202246826873	0.231	0.195	1	ABCF1	c4
0.0300366093523297	0.128201828467383	0.061	0.048	1	FXYD2	c4
0.000188499401713889	0.128192324734596	0.35	0.294	1	UGP2	c4
0.961059706391296	-0.128174171262145	0.154	0.15	1	ANKRD39	c4
0.815730386878738	-0.128151062211375	0.106	0.107	1	PELP1	c4
0.0208597133123868	0.128119666715077	0.127	0.106	1	IPO5	c4
0.497645244375915	-0.128103133706398	0.054	0.05	1	ZNF121	c4
0.885545862918895	-0.128079607684922	0.193	0.191	1	MDFIC	c4
0.795155321599696	-0.128050479926818	0.014	0.013	1	LINC00910	c4
0.0944812876626733	0.127935700613479	0.101	0.087	1	GPN3	c4
0.593544107459764	-0.127889692945567	0.327	0.324	1	RNF166	c4
0.703028774078921	-0.127823520394492	0.165	0.167	1	LZIC	c4
0.712065352064775	-0.127817553753246	0.164	0.157	1	HOOK3	c4
0.0111953842374047	0.127796095761351	0.09	0.071	1	COQ10A	c4
0.901518260457444	-0.127792680050349	0.173	0.172	1	UBQLN2	c4
0.741251705719348	-0.127791550202795	0.072	0.069	1	MAP2K6	c4
0.645973220123723	-0.127718114302369	0.095	0.091	1	USP7	c4
0.0145107788576292	-0.127560245337202	0.764	0.734	1	UBXN1	c4
0.818584970580623	-0.127507323358786	0.061	0.063	1	RBM12	c4
0.873500496755241	-0.127306529080613	0.197	0.195	1	XPA	c4
0.82275307753921	-0.127279716474841	0.125	0.121	1	ZNF493	c4
0.876851471091981	-0.127189924150299	0.095	0.093	1	FBXO42	c4
0.858893736084438	-0.12717591194802	0.11	0.107	1	PCMTD2	c4
0.271377536073088	-0.127153897965733	0.517	0.492	1	POLR1D	c4
0.163458139321493	0.126712604796645	0.102	0.091	1	TMEM159	c4
0.535306449046265	-0.126706816086535	0.26	0.261	1	FDPS	c4
0.663239922059665	-0.126693235895662	0.187	0.188	1	MTMR14	c4
0.877632759674139	-0.126661125890231	0.252	0.246	1	ATP6V1E1	c4
0.577880719357637	-0.126629873417005	0.249	0.249	1	RSU1	c4
0.00182528083268229	0.126556919405734	0.336	0.29	1	RNF126	c4
0.105583004882165	0.126451668697166	0.142	0.126	1	LMBR1L	c4
0.594787948719222	-0.126413273768031	0.03	0.032	1	RP11-245D16.4	c4
0.394088416398153	0.12632936736279	0.037	0.033	1	RP2	c4
0.00521170578079901	0.126143554073469	0.056	0.041	1	TRAV12-3	c4
0.741472894692635	-0.126134903898332	0.019	0.02	1	UHRF1BP1	c4
0.682157409898471	-0.12613355745888	0.211	0.212	1	EFHD2	c4
0.00100409078111975	-0.126119122738457	0.929	0.91	1	LIMD2	c4
0.271255492649006	-0.126109821257835	0.132	0.142	1	AK6	c4
0.227733068020451	0.126101773841187	0.048	0.042	1	ZBTB49	c4
0.84729499476528	-0.126065852308172	0.082	0.083	1	SUGP1	c4
0.72863320744336	-0.126025817921363	0.21	0.211	1	NPEPPS	c4
0.908610669387091	-0.126019241260925	0.2	0.195	1	BCL3	c4
0.819357718997976	-0.125993825666667	0.025	0.026	1	PHC2	c4
0.482704845837893	-0.125941831169139	0.176	0.183	1	POLR2H	c4
0.883837106071422	-0.125881409008459	0.064	0.063	1	FUBP3	c4
0.910131976139131	-0.125850379361875	0.033	0.032	1	ZCCHC4	c4
0.000106134976967417	-0.125814457778422	0.913	0.885	1	DAZAP2	c4
0.706356931495469	-0.12575346296705	0.151	0.145	1	BCL2L1	c4
0.76531463556184	-0.125742985893726	0.359	0.343	1	KRAS	c4
0.730994228840694	-0.12573888972135	0.109	0.111	1	ATF6	c4
0.163139759133433	0.125689871114963	0.06	0.051	1	TNFRSF10B	c4
0.0162040193330768	0.125687829364804	0.133	0.11	1	ALKBH3	c4
0.039737229984573	0.125655474097059	0.171	0.149	1	SCOC	c4
0.206669130587605	0.125626696639897	0.043	0.036	1	SAMD1	c4
0.613459169156698	-0.125526354315875	0.014	0.016	1	IFT172	c4
0.766762447662275	-0.125506863433935	0.077	0.078	1	FAM53C	c4
0.650828537887769	-0.125486734971788	0.236	0.236	1	COPB2	c4
0.863793981048425	-0.125454820135302	0.044	0.045	1	HS1BP3	c4
0.377537802522502	-0.125451647148894	0.257	0.262	1	DPY30	c4
0.589308069858648	-0.125363482224141	0.531	0.509	1	TMC8	c4
0.0230106890829287	0.12524655762724	0.227	0.2	1	MTHFS	c4
0.844166268879804	-0.125151603227782	0.013	0.014	1	FAM131A	c4
0.948846669944276	-0.125130468211094	0.073	0.073	1	ZNF780A	c4
0.842956934115897	-0.125040087327365	0.033	0.032	1	SGPL1	c4
0.776458981872896	-0.124862663209344	0.333	0.314	1	VPS13C	c4
0.319999055523925	0.124831258596209	0.094	0.087	1	ING3	c4
0.852885798449026	-0.12478098540503	0.064	0.062	1	XXbac-BPG299F13.17	c4
0.33571124264251	0.124771646888547	0.024	0.02	1	DYNC2LI1	c4
0.959004377525607	-0.124759558920584	0.125	0.124	1	SCFD1	c4
0.904410838180672	-0.124658803401822	0.036	0.037	1	SLC5A6	c4
0.82370362798972	-0.124654223202698	0.132	0.132	1	THAP1	c4
0.0982702553735505	0.124650845174349	0.073	0.062	1	RBFA	c4
0.992965210468301	-0.124620989237115	0.25	0.243	1	TIPRL	c4
0.126256091109579	0.124603143142583	0.038	0.031	1	NFIA	c4
0.657152160310156	-0.124523449712558	0.107	0.102	1	JOSD1	c4
0.646161899402835	-0.12446526548422	0.168	0.171	1	EXOSC3	c4
0.534497136431437	-0.124429922480838	0.131	0.122	1	GCLM	c4
0.67924956606448	-0.124307992777767	0.085	0.087	1	CPTP	c4
0.0303576343223017	0.124287632497015	0.219	0.193	1	BAG6	c4
0.0385002491288107	0.124254634095005	0.059	0.047	1	GPD1L	c4
0.985565528840673	-0.124208926364943	0.157	0.154	1	XPNPEP1	c4
0.450040044035068	0.124174339709747	0.011	0.009	1	PTCH1	c4
0.458216093318919	0.124163375255432	0.062	0.058	1	MRPL30	c4
0.446023264266763	-0.124134422738899	0.02	0.023	1	AMACR	c4
0.656473707312314	-0.124127519632291	0.281	0.277	1	PHF5A	c4
0.699768519539742	-0.124084777238513	0.118	0.121	1	RAD51C	c4
0.000692849527459033	0.124073025799499	0.247	0.202	1	LINC00869	c4
0.000197506487869621	0.12405486284225	0.215	0.171	1	TP53I13	c4
0.714017633991936	-0.124042819515097	0.208	0.209	1	USP8	c4
0.826002035071817	-0.123998494438037	0.017	0.017	1	FAM43A	c4
0.795951455674247	-0.123996929493979	0.25	0.246	1	TM2D3	c4
0.398826163283913	-0.123996871152452	0.413	0.405	1	VPS29	c4
0.300833219174449	-0.123834550122961	0.3	0.304	1	UBA2	c4
0.669317276154247	-0.123809857467059	0.197	0.199	1	USP10	c4
0.931974423815361	-0.123783355525844	0.098	0.096	1	INO80	c4
0.709358414684436	-0.123706580594323	0.388	0.375	1	RBM17	c4
0.00286057396327799	0.123683411469721	0.215	0.18	1	BORCS5	c4
0.66415502535956	-0.123648428611124	0.558	0.523	1	HMGB2	c4
0.514900022832521	-0.123639044078095	0.215	0.201	1	HUWE1	c4
0.972470320504814	-0.123581661539755	0.21	0.205	1	MTR	c4
0.775178805395754	-0.123522085715901	0.095	0.098	1	HYOU1	c4
0.846213749216365	-0.123486349988554	0.39	0.37	1	ZNF428	c4
0.00480284941043886	0.123473602708402	0.182	0.15	1	GNL3	c4
0.86568599316304	-0.123472948588485	0.168	0.164	1	PTGES2	c4
0.904768651129118	-0.123413002348164	0.059	0.06	1	COG6	c4
0.338178917911263	-0.123392090631616	0.014	0.018	1	BYSL	c4
0.398211566330047	-0.123358902595521	0.096	0.088	1	HACD2	c4
0.918003953320633	-0.123316342092339	0.208	0.203	1	SRPK1	c4
0.333966300315114	0.123316274271417	0.046	0.041	1	PNPLA4	c4
0.621880138561189	-0.123304319781526	0.392	0.376	1	ACAP2	c4
0.0588739803038802	0.123279352445147	0.112	0.096	1	EEA1	c4
0.316802318826139	0.123275077063263	0.025	0.021	1	CCDC85C	c4
0.987048891672455	-0.123250891259463	0.02	0.02	1	RP11-93H24.3	c4
0.111998824679194	0.123245518182973	0.142	0.127	1	ATG101	c4
0.637878734867526	-0.123218588083786	0.437	0.415	1	ANXA7	c4
0.770582020272071	-0.123201696385381	0.121	0.117	1	NIPAL3	c4
0.790701003938145	-0.123053665532258	0.184	0.176	1	PSMG4	c4
0.559525061163606	-0.123042191015149	0.142	0.147	1	ZNF511	c4
0.0690026178394234	0.123037938048298	0.15	0.132	1	METAP1	c4
0.669779493883959	-0.123033147381914	0.447	0.427	1	TMC6	c4
0.972598295877177	-0.123015938924799	0.014	0.015	1	RP11-464F9.20	c4
0.0554219777315442	-0.12291384860436	0.584	0.57	1	KRT10	c4
0.983048313166308	-0.122909980997655	0.236	0.229	1	ATG5	c4
0.671952097897974	-0.122874676663514	0.072	0.075	1	TUBGCP3	c4
0.636510108100733	-0.122806545009866	0.586	0.545	1	MPHOSPH8	c4
0.0867227159613454	0.122653036985085	0.083	0.071	1	TRIM41	c4
0.0153489513943186	0.122587215010238	0.696	0.624	1	HSPE1	c4
0.130846456057536	0.122571799177055	0.082	0.071	1	MTF1	c4
0.105287443725044	0.122553000598915	0.046	0.037	1	FAM227B	c4
0.00184926432354963	0.122519696830513	0.32	0.273	1	CCT5	c4
0.559466504099878	0.122493575224296	0.014	0.013	1	RNASE6	c4
5.50111041919667e-05	0.122483838242323	0.228	0.178	1	USP36	c4
0.503270877105199	-0.122480282833541	0.254	0.235	1	PTPN4	c4
0.693164575948195	-0.122476366421813	0.204	0.204	1	CCDC25	c4
0.405031815914354	-0.122463693300639	0.017	0.02	1	KIAA1841	c4
0.918505157558592	-0.122414752325759	0.383	0.359	1	LIME1	c4
0.989267463542457	-0.122367356170405	0.328	0.311	1	VPS51	c4
0.892032248064741	0.122365470142178	0.016	0.015	1	SMIM1	c4
0.971506889825145	-0.122349301969817	0.234	0.227	1	DNPEP	c4
0.134094943338697	0.122332737150988	0.082	0.071	1	ASB6	c4
0.597632704600736	-0.122317947384009	0.135	0.139	1	ANKRA2	c4
0.914926878550697	-0.122312081962915	0.037	0.036	1	ACTR3B	c4
0.452495588898741	-0.122293907898364	0.345	0.339	1	ZMAT2	c4
0.677458156140642	-0.122258977205498	0.206	0.208	1	RNF138	c4
0.805833451551573	-0.122242841550087	0.2	0.2	1	QRICH1	c4
0.593980785393046	-0.122187740647264	0.281	0.279	1	MPLKIP	c4
0.145118163665511	-0.122176741269473	0.542	0.518	1	SNRPD3	c4
0.900748340116714	-0.122160149062019	0.017	0.017	1	NPIPA1	c4
0.946695933799116	-0.122144450545039	0.06	0.059	1	ZNF518B	c4
0.727559208290362	-0.122119984587609	0.431	0.407	1	LRP10	c4
0.69179042717722	-0.122093943128997	0.229	0.22	1	POLR2J3	c4
0.776790223246277	-0.122076365398466	0.068	0.07	1	RIPK3	c4
0.935672441141746	-0.12205620723575	0.215	0.212	1	GOPC	c4
0.00430908589714382	0.12201024445709	0.351	0.308	1	SARS	c4
0.167396751322532	0.121913871896953	0.025	0.02	1	ZNF717	c4
0.750685901357959	-0.121842520249802	0.078	0.08	1	CWF19L1	c4
0.606744315956292	-0.121704523115179	0.096	0.1	1	MRE11A	c4
0.855638466211768	-0.121703301077833	0.537	0.496	1	OPTN	c4
0.00452034832189044	0.12169645485424	0.28	0.24	1	RNF125	c4
0.000166231562504992	0.121674159079004	0.511	0.437	1	R3HDM4	c4
0.257123326242549	0.121506728162125	0.111	0.102	1	SGSM3	c4
0.871914032405049	-0.121440201554121	0.128	0.128	1	MRPL46	c4
0.817191408473319	-0.121423115163233	0.226	0.222	1	ILKAP	c4
0.251211777866055	0.121390633658378	0.034	0.029	1	ZNF646	c4
0.921365862919858	-0.121379318866163	0.085	0.083	1	C8orf33	c4
0.753153638487474	-0.121302561329432	0.137	0.132	1	ATP6V1B2	c4
0.924340534841522	-0.121288387870609	0.257	0.247	1	TBCC	c4
0.00101216520766864	0.121228965227237	0.236	0.195	1	MICAL1	c4
0.146950533628967	0.121221895387603	0.064	0.055	1	ATP7A	c4
0.391988875559479	0.121154034232458	0.019	0.016	1	MORC4	c4
0.527809963198716	-0.121067136674632	0.022	0.02	1	ZNF527	c4
0.60514823305184	-0.121014084298256	0.056	0.059	1	MEN1	c4
0.475597947778687	-0.121003833811668	0.025	0.028	1	TMEM104	c4
0.963234898636415	-0.120996716978223	0.336	0.324	1	OFD1	c4
0.986472685143564	-0.120987272111228	0.011	0.011	1	CITF22-92A6.1	c4
0.822956786909289	-0.120905836699896	0.132	0.133	1	ABCB7	c4
0.815786326467945	-0.120783502870592	0.025	0.026	1	KLHL26	c4
0.648953451063962	-0.120754263885303	0.082	0.086	1	MAVS	c4
0.735238727114103	-0.120699115488863	0.119	0.114	1	NAA16	c4
0.762253951725516	-0.120692205777436	0.085	0.082	1	ZNF136	c4
0.47697624196317	0.120683887323271	0.015	0.013	1	FAM213A	c4
0.528483665836281	-0.120663031151614	0.258	0.261	1	TAF9	c4
0.104946551408895	0.120610165440119	0.097	0.083	1	ZBTB4	c4
0.0161854308341295	0.120447359334039	0.218	0.19	1	SLC35C2	c4
0.0929520836041201	-0.120419926976611	0.696	0.667	1	FUS	c4
0.599936540385099	-0.120379106767403	0.091	0.095	1	STX6	c4
0.00234871932305445	-0.120363810672691	0.999	0.987	1	ACTG1	c4
0.574566658526571	-0.120338431798991	0.35	0.343	1	EAPP	c4
0.616753360262507	-0.120292193878332	0.316	0.312	1	SDHA	c4
0.456952392099092	0.120273546436987	0.045	0.041	1	BCL6	c4
0.960190387307175	-0.12027354138069	0.164	0.16	1	TBC1D22A	c4
0.744519070557219	-0.120229786902445	0.028	0.03	1	ZNF45	c4
0.923849458175073	-0.120182198949026	0.081	0.081	1	THOC1	c4
0.203179995038648	-0.120177016887027	0.599	0.57	1	WAS	c4
0.099956160751615	0.120159410350169	0.079	0.067	1	NFE2L1	c4
0.808899748585012	-0.120121786293051	0.078	0.08	1	GAR1	c4
0.183114992259128	0.120118013150886	0.051	0.043	1	METTL25	c4
0.99835771917045	-0.120104896841495	0.077	0.077	1	LARP4B	c4
0.644422198083106	-0.12009418660843	0.16	0.162	1	ESCO1	c4
0.916711135551035	-0.120069916769586	0.036	0.035	1	MICALL1	c4
0.630546622912765	-0.120061814652634	0.113	0.107	1	RCOR3	c4
0.979199902097667	-0.120046729716957	0.023	0.023	1	ZC3H10	c4
0.87227903750878	-0.12001636521485	0.074	0.074	1	SP1	c4
0.538220560909527	0.119978816620812	0.043	0.04	1	SSBP3	c4
0.0224809585472348	-0.119958502189317	0.764	0.72	1	USMG5	c4
0.958225388944782	-0.119887231238341	0.046	0.046	1	ATMIN	c4
0.985008768253632	-0.119863003395243	0.077	0.077	1	SCAI	c4
0.886021859453547	-0.119838739443359	0.032	0.032	1	RPGR	c4
0.854386063222712	-0.119788932749112	0.158	0.159	1	FAM63B	c4
0.331936555905018	0.119724863515021	0.033	0.028	1	DFFB	c4
0.760175992205803	-0.119700164563752	0.171	0.173	1	MRPS23	c4
0.321060678647843	-0.119697655971606	0.229	0.209	1	UBL3	c4
0.446661126971493	0.119696396187009	0.014	0.012	1	CLDN15	c4
0.85562058593327	-0.119624182717331	0.217	0.209	1	TTC19	c4
0.209858340697438	0.119517821489855	0.025	0.02	1	MAN1B1-AS1	c4
0.855470264873952	-0.119504243661103	0.239	0.237	1	NUMA1	c4
0.472398877819663	-0.119470442063843	0.035	0.039	1	NELFB	c4
0.576117378777649	-0.119387379090534	0.086	0.081	1	HLA-G	c4
0.629763071254059	-0.119231772127059	0.034	0.036	1	GSPT2	c4
0.382639599484777	-0.119180789925016	0.483	0.466	1	TMEM230	c4
0.0184216170391116	0.119113795428463	0.237	0.209	1	HK1	c4
0.786334481981245	-0.119108806990694	0.035	0.037	1	XRCC4	c4
0.874934946248069	-0.118996418875607	0.182	0.181	1	TMEM30A	c4
0.429968275118248	-0.118988208374788	0.28	0.26	1	CHD3	c4
0.856849638695271	-0.118821206697098	0.11	0.107	1	MRTO4	c4
0.911418545688018	-0.118821009618533	0.076	0.075	1	DNAJC5	c4
0.96143318305375	-0.118676577169712	0.101	0.1	1	TYW1	c4
0.147887873999047	-0.118635440952345	0.549	0.532	1	EIF5	c4
0.000431083836854131	0.118622095028957	0.432	0.373	1	DDX3X	c4
0.0071218245852164	0.118621900056424	0.127	0.103	1	CREB3L2	c4
0.288900933126574	0.11859336672194	0.035	0.03	1	KIAA0556	c4
0.797491636013227	-0.118494119238273	0.103	0.1	1	C6orf136	c4
0.170224677623179	0.118475967550184	0.025	0.02	1	RP11-440L14.1	c4
0.578592551866114	-0.118446773415571	0.187	0.175	1	LENG1	c4
0.680413071361345	-0.118388571444195	0.048	0.05	1	SLC35C1	c4
0.021131384629229	0.118386378664886	0.157	0.133	1	NFIC	c4
0.718579013444454	-0.118189199573345	0.082	0.085	1	COG2	c4
0.951728609985108	-0.118142879723638	0.165	0.161	1	CDC37L1	c4
0.986566491785914	-0.118021265543005	0.084	0.083	1	ATP5O	c4
0.979758406970998	-0.117980476626788	0.111	0.11	1	G2E3	c4
0.953848343619933	-0.117935324360515	0.275	0.267	1	RNASEH2C	c4
0.668319110775795	-0.117934444835431	0.129	0.132	1	GTPBP4	c4
0.7012881071743	-0.117922011026923	0.067	0.07	1	KCMF1	c4
0.101629812982985	0.117909571671944	0.076	0.064	1	AC003075.4	c4
0.475431190471352	-0.117898082335735	0.038	0.042	1	B3GALT6	c4
0.0662276273100862	0.117890000542758	0.095	0.081	1	MICA	c4
0.000279054020330756	0.117865305618524	0.253	0.206	1	TNFRSF10A	c4
0.00159546586910476	0.117791042370489	0.304	0.258	1	ILF3-AS1	c4
0.81984679456249	-0.117729981402493	0.098	0.095	1	SEC16A	c4
0.974755492466098	-0.117709835803141	0.055	0.055	1	DPH2	c4
0.748540400040657	-0.11770375248536	0.011	0.012	1	MROH6	c4
0.0132706448565883	-0.117621070512781	0.619	0.598	1	SEC61G	c4
0.920988758386864	-0.117548454942357	0.048	0.049	1	SMARCD2	c4
0.679181205096095	0.117546871292415	0.023	0.022	1	USP40	c4
0.427072876409623	-0.117532797399989	0.434	0.421	1	MDH1	c4
0.912117729603783	-0.117482146380675	0.126	0.126	1	EHD4	c4
0.67669829566121	-0.117478487938424	0.072	0.075	1	TATDN3	c4
0.576363578643897	0.117440629309985	0.016	0.014	1	ETV2	c4
0.866111970243361	-0.117421498896189	0.098	0.099	1	DDX41	c4
0.605530422920953	-0.117399681049454	0.069	0.073	1	PAAF1	c4
0.13412867214202	0.117373853889045	0.098	0.086	1	TBL3	c4
0.961145886993077	-0.117370324398864	0.011	0.011	1	ZNF546	c4
0.738930291288061	-0.117350109308604	0.383	0.368	1	PSMD7	c4
0.941088793315197	-0.117322649921928	0.385	0.368	1	NKTR	c4
0.448881835405274	-0.117321212611734	0.049	0.054	1	CHP1	c4
0.677776053233405	-0.117305023283234	0.419	0.402	1	GADD45GIP1	c4
0.683634932556916	-0.117275578492949	0.092	0.095	1	CEP63	c4
0.00495044558325456	0.117259384006776	0.244	0.207	1	LGALS8	c4
0.808739957557979	-0.117235506407466	0.012	0.013	1	ZNF117	c4
0.00085358643149991	-0.117192218054585	0.941	0.907	1	HNRNPA2B1	c4
0.820610101146936	-0.117184546957138	0.026	0.025	1	PRDM8	c4
0.797326722693177	-0.117162210157702	0.011	0.012	1	GEN1	c4
0.882013058926937	-0.117153403820397	0.036	0.035	1	DPY19L4	c4
0.000734158022628347	0.117099104914915	0.356	0.302	1	ERGIC2	c4
0.979902366290228	-0.117086021049444	0.395	0.375	1	TLN1	c4
0.558385711408295	-0.117072261281214	0.301	0.296	1	YTHDF2	c4
0.3297858145873	-0.117017150784515	0.04	0.034	1	HEG1	c4
0.71345848243925	-0.116992870477363	0.111	0.113	1	SYMPK	c4
0.876533737247947	-0.116924024666849	0.132	0.129	1	MBD6	c4
0.616287174400529	-0.116902878488147	0.097	0.092	1	LEMD3	c4
0.051636264742402	0.116746667649629	0.114	0.097	1	PRRC1	c4
0.484879054790023	-0.11669535057161	0.077	0.071	1	PHF8	c4
0.818355911053523	-0.116501049201837	0.063	0.061	1	XPO7	c4
0.0190088119671621	0.116438858762288	0.239	0.21	1	COPS3	c4
0.399446757867535	-0.116236066851763	0.033	0.037	1	DUSP14	c4
0.505133934710509	-0.116152371054814	0.287	0.29	1	MED28	c4
0.548056538735512	0.116138784424759	0.023	0.021	1	RP13-188A5.1	c4
0.848557066960505	-0.116095484460245	0.371	0.352	1	TANK	c4
0.497523052839042	-0.116087078514981	0.132	0.124	1	PHF12	c4
0.00195944530689732	0.116030023761269	0.214	0.177	1	UXS1	c4
0.720928779321191	-0.115995966415874	0.049	0.047	1	BBS9	c4
0.00464598316870829	0.115934916916052	0.207	0.173	1	DNAJC3	c4
0.0484333723655313	0.115914586668624	0.164	0.144	1	MFSD1	c4
0.746671590897235	-0.115826608555114	0.03	0.029	1	RP3-323P24.3	c4
0.567843136918497	-0.115788615885465	0.265	0.25	1	SENP6	c4
0.923939804636498	-0.115713414858658	0.191	0.189	1	PANK2	c4
0.753330468551537	-0.115677176080973	0.118	0.12	1	THAP6	c4
0.314441744315881	0.115641420112925	0.019	0.015	1	RP1-234P15.4	c4
0.0118928549740534	0.115485574363982	0.195	0.166	1	KLHL28	c4
0.0031344729108506	0.115450125225733	0.252	0.214	1	RASSF7	c4
0.630185277697848	-0.115408258741357	0.346	0.322	1	NIPBL	c4
0.750036620632653	-0.115324720174311	0.028	0.03	1	ZNF180	c4
0.0604448812547707	0.115312127099293	0.139	0.121	1	ETF1	c4
0.158508596511325	0.11527996490576	0.069	0.059	1	VARS	c4
0.542007189239488	-0.115259291721813	0.119	0.113	1	CCDC88B	c4
0.488301690480039	-0.115232917800176	0.237	0.241	1	PFDN1	c4
0.821886440170536	-0.11523098665285	0.119	0.116	1	PPP1R35	c4
0.0298045753012382	0.115212925678416	0.163	0.14	1	TMEM170A	c4
0.351722390688129	0.115081025033417	0.048	0.042	1	TSGA10	c4
0.00038397791174395	0.114977204643077	0.62	0.546	1	DYNLT1	c4
0.582169437190019	-0.114964704067575	0.181	0.185	1	MRPL47	c4
0.0225618106778342	0.114898193967859	0.13	0.109	1	C11orf1	c4
0.916201125601467	-0.1148861014265	0.188	0.185	1	UBR4	c4
0.538489248469118	-0.114882572249674	0.043	0.046	1	FAM126A	c4
0.663927817142183	-0.114871802304405	0.216	0.205	1	SETD2	c4
0.236036900219209	0.114845739749254	0.064	0.056	1	XKR8	c4
0.722284272596401	-0.114835923428908	0.226	0.215	1	PPWD1	c4
0.78712255559675	-0.114772705704996	0.069	0.07	1	ZBTB45	c4
0.0458989572256272	0.114729230970606	0.074	0.06	1	GPATCH11	c4
0.000573394545673476	-0.11470192867214	0.892	0.846	1	EDF1	c4
0.832659368940641	-0.114689795583046	0.045	0.043	1	COX18	c4
0.110386342174298	0.114657541587233	0.063	0.053	1	SCARB2	c4
0.976607395897936	-0.114648395223339	0.053	0.053	1	TMEM229B	c4
0.000529292488486457	0.114625140874112	0.18	0.142	1	PTCD3	c4
0.916661314706024	-0.114573378666269	0.136	0.136	1	ZCCHC10	c4
0.745280915999131	-0.114547443264674	0.147	0.148	1	FADD	c4
0.0847732181450411	0.1145067477841	0.046	0.036	1	DHCR7	c4
0.532666888502575	0.11450463608453	0.02	0.018	1	MTMR8	c4
0.99536536298713	-0.114465703714808	0.362	0.343	1	LRPAP1	c4
0.865330595499429	-0.114448667108963	0.036	0.037	1	CH25H	c4
0.0519915350035732	0.114435328780168	0.099	0.083	1	FTO	c4
0.905018367020087	-0.114384467206759	0.01	0.01	1	SLC4A4	c4
0.00684608488313616	0.114336713971522	0.157	0.13	1	AHR	c4
0.993621073766075	-0.114334681305709	0.415	0.395	1	NME3	c4
0.420636542746222	-0.114334622680126	0.454	0.44	1	ZNRD1	c4
0.204961972732067	0.114309958198317	0.049	0.042	1	PHKA2	c4
0.767267870108045	-0.114289682336673	0.104	0.101	1	CDK16	c4
0.292278214395938	-0.114212726516984	0.49	0.48	1	FAM107B	c4
0.567165882480198	-0.114209011081619	0.043	0.047	1	ACOX3	c4
0.581793886905148	-0.114206080964809	0.114	0.107	1	RALGAPB	c4
0.185471388134246	0.114074047838661	0.04	0.033	1	STARD10	c4
0.00537265626421976	0.114054499341766	0.283	0.245	1	ZFAND2B	c4
0.761778227927173	-0.114020850305775	0.132	0.127	1	ECSIT	c4
0.119369266117011	0.113969825230434	0.131	0.117	1	REV1	c4
0.959050621739648	-0.113950692168804	0.131	0.13	1	HMCES	c4
0.774284566477731	-0.113862227028168	0.085	0.087	1	NOP16	c4
0.735688649971823	-0.113841689960544	0.108	0.11	1	MEMO1	c4
0.998510945049444	-0.113809316074001	0.067	0.066	1	FAM91A1	c4
0.917250623939143	-0.113738613033436	0.076	0.076	1	CHM	c4
0.98781902233166	-0.113714982295994	0.036	0.036	1	HIGD1A	c4
0.782281975410654	-0.113651602272759	0.273	0.261	1	GTF2F1	c4
0.607078958276379	0.113575885775581	0.01	0.009	1	CTD-2020K17.3	c4
0.63303134149469	-0.113537715019893	0.07	0.066	1	GLI4	c4
0.790875781390797	-0.113492000796369	0.069	0.071	1	STRIP1	c4
0.00368283837334655	-0.113453597887084	0.832	0.775	1	UBE2D3	c4
0.88412940035052	-0.113405920048706	0.014	0.014	1	KCTD2	c4
0.0153815750900741	0.113333298892929	0.242	0.212	1	FYTTD1	c4
0.878205503832539	-0.113322429721563	0.295	0.286	1	AMZ2	c4
0.0203889739980377	0.113285429125683	0.092	0.074	1	EPHA1-AS1	c4
0.821179369766619	-0.113267624115102	0.014	0.015	1	SRR	c4
0.0932982557291651	-0.11325350588605	0.715	0.678	1	LCP2	c4
0.902401186830605	-0.113226046247716	0.109	0.109	1	ZNF143	c4
0.630179993174058	-0.113172878683926	0.196	0.186	1	CREBZF	c4
0.119950489342091	0.113133633182199	0.044	0.036	1	RP1-267D11.6	c4
8.72935457648576e-05	0.113104867335675	0.346	0.285	1	EVI2A	c4
0.832684896425347	-0.113104461959634	0.046	0.047	1	NUP188	c4
0.870307946055284	-0.113086488471436	0.124	0.124	1	COASY	c4
0.645399310744368	-0.1130584632468	0.171	0.162	1	GATAD2B	c4
0.836180006570612	-0.113058070707911	0.114	0.111	1	DCAF10	c4
0.000141283449402989	0.112923822289646	0.34	0.281	1	CTDSP1	c4
0.725053370859264	-0.112916137600229	0.104	0.1	1	CRNKL1	c4
0.794656160558217	0.112853201805893	0.033	0.032	1	PPP1R3D	c4
0.624203578419944	-0.112831233572404	0.031	0.029	1	ZNF585B	c4
0.965053347680161	-0.112823692579545	0.145	0.143	1	OSTM1	c4
0.00840266805622163	0.112721976425525	0.189	0.161	1	ST6GALNAC6	c4
0.930067506706137	-0.112613169212961	0.033	0.034	1	F8	c4
0.683309580280535	-0.112600370839351	0.283	0.278	1	KRCC1	c4
0.823294876677308	-0.112582661579617	0.119	0.115	1	SELO	c4
0.805933375647658	-0.112538686625216	0.094	0.091	1	CYB561D2.1	c4
0.00457467624859873	-0.112469424941167	0.887	0.832	1	PPIB	c4
0.704394231042627	-0.112432608943431	0.045	0.047	1	GCSH	c4
0.498032565708849	-0.112429346985316	0.098	0.103	1	WDR55	c4
0.774452497206884	-0.112417105029755	0.082	0.079	1	CEPT1	c4
0.566331726878119	-0.11234630035165	0.065	0.06	1	URGCP	c4
0.954164791088839	-0.112329311452219	0.069	0.069	1	C16orf62	c4
0.437822291957467	-0.112317738398563	0.322	0.298	1	FAM129A	c4
0.528914606278087	-0.112281328656058	0.143	0.149	1	MRPL32	c4
0.796393045283689	-0.112194372697885	0.168	0.169	1	CTR9	c4
0.93692738942888	-0.112176155589869	0.108	0.107	1	IMPA1	c4
0.656219166583433	-0.112170553764346	0.011	0.012	1	DHCR24	c4
0.00137703062711183	0.112140698812434	0.347	0.298	1	PRPF6	c4
0.000145956401550052	0.112100287297467	0.63	0.555	1	DEF6	c4
0.662665815683606	-0.112064896124825	0.155	0.158	1	LSM12	c4
0.218346969659053	0.112062659501777	0.056	0.049	1	SLC25A43	c4
0.776564552593942	-0.112041312485486	0.096	0.093	1	DIP2B	c4
0.304711914066861	-0.112032065017219	0.155	0.141	1	ENOSF1	c4
0.897373121431928	-0.112018460531256	0.151	0.149	1	PVT1	c4
0.0310333062350876	-0.112010335433335	0.711	0.671	1	NDUFB11	c4
0.646387468800928	-0.111963997125029	0.072	0.075	1	FANCF	c4
0.46303762900696	-0.111945530955013	0.106	0.112	1	KATNA1	c4
0.958837288997269	-0.11192925271774	0.098	0.097	1	NEDD1	c4
0.99392898823871	-0.111834855605497	0.15	0.148	1	DDX56	c4
0.00278003237276366	0.111791259860193	0.283	0.241	1	TSR2	c4
0.665008271885107	-0.111786601832724	0.028	0.03	1	ZNF28	c4
0.781684471002042	-0.111783644051008	0.041	0.043	1	ADCK5	c4
0.00218089061988274	0.111761552641265	0.34	0.294	1	PHF20	c4
0.284542106635217	0.111761195254502	0.087	0.08	1	REEP4	c4
0.901255889791942	-0.111756169868713	0.108	0.109	1	METTL10	c4
0.168178894813892	-0.111717901338462	0.083	0.073	1	TRAV29DV5	c4
0.950768330595365	-0.111683527306812	0.105	0.104	1	DUS3L	c4
0.982467193797332	-0.111674200668889	0.095	0.095	1	MON1B	c4
0.705632953726851	-0.111639505971429	0.278	0.275	1	RPAIN	c4
0.622178850030931	-0.111501030893977	0.359	0.353	1	ORMDL1	c4
0.866360800982003	-0.111481263231128	0.192	0.186	1	GLS	c4
0.0870262694497207	0.111435273223846	0.074	0.062	1	ASUN	c4
0.785459732406476	-0.111434672393175	0.077	0.078	1	ZNF384	c4
0.202034198076681	0.111348071113748	0.077	0.068	1	HAUS6	c4
0.19508196002539	0.111216820835054	0.075	0.066	1	NAF1	c4
0.831461688739129	-0.111193620961058	0.143	0.144	1	MRPL2	c4
0.00016982560786758	0.111184694343483	0.351	0.29	1	MRPL14	c4
0.334645526687473	0.111173618526244	0.071	0.064	1	TSR1	c4
0.555439484160991	-0.111068554520641	0.497	0.473	1	GRB2	c4
0.69705986387805	-0.111066133638856	0.075	0.078	1	KNOP1	c4
0.273025048662396	-0.111040713312509	0.649	0.609	1	TERF2IP	c4
0.0616562730262653	0.111021075174967	0.067	0.055	1	CCDC92	c4
0.448685286553477	0.110963224916218	0.014	0.012	1	JMJD7	c4
0.949625487590556	0.110922645371639	0.015	0.015	1	DPY19L1	c4
0.600161137296557	-0.110919649924323	0.127	0.12	1	PMS1	c4
0.0563575477674202	0.110871115366643	0.102	0.086	1	FAM195A	c4
0.873294967130405	-0.110869818528759	0.051	0.049	1	TSHZ1	c4
0.896200240673029	-0.110755963828741	0.124	0.121	1	RP9	c4
0.867185511348406	-0.110730245167043	0.239	0.236	1	UBE2V1	c4
0.910521587770281	-0.110707024014265	0.174	0.172	1	C12orf76	c4
0.816264604971903	-0.110654033675407	0.14	0.136	1	ZZZ3	c4
0.899031710782853	-0.110640966619277	0.042	0.042	1	HRSP12	c4
0.446844217350093	0.110636808956187	0.023	0.02	1	WDR5B	c4
0.0498281379115821	0.110492828167561	0.202	0.18	1	CDK4	c4
0.814566166555575	-0.110374141090812	0.132	0.133	1	DNAJC17	c4
0.000191556889614719	0.110330847617643	0.558	0.474	1	DNAJA1	c4
0.817905801335464	-0.110319125522284	0.083	0.085	1	LACTB2	c4
0.0320833417600677	0.110287158613398	0.212	0.187	1	ARF3	c4
0.234277659926911	-0.110209087919575	0.133	0.119	1	EPHA1	c4
0.767435567002043	-0.110133906803402	0.058	0.06	1	GTF3C3	c4
0.665799838366418	-0.110091169416267	0.118	0.112	1	STYX	c4
0.564670764275956	-0.110049404599722	0.249	0.252	1	METAP2	c4
0.490781281056379	-0.110049161144549	0.148	0.138	1	CARD11	c4
0.0314575751016931	0.110048328712838	0.067	0.052	1	RRAS2	c4
0.962516904021237	-0.109927970307552	0.02	0.02	1	ADGRG5	c4
0.966523880018168	-0.109895223860689	0.041	0.041	1	UBE2O	c4
0.888005828551516	-0.109879933289984	0.216	0.213	1	UBE2G2	c4
0.004672804696349	0.109827513516429	0.28	0.24	1	UBE2J1	c4
0.971696819211272	-0.10982345859439	0.056	0.056	1	SEC24A	c4
0.83287461384974	-0.109778161021865	0.093	0.09	1	DIS3	c4
0.795543450179466	-0.109769571901939	0.309	0.303	1	LUC7L2	c4
0.882175464169067	-0.10975987468372	0.142	0.139	1	PRKAA1	c4
0.631176920693024	-0.10975611382452	0.103	0.107	1	PES1	c4
0.119879648170462	-0.109680401697565	0.666	0.614	1	PSMB1	c4
0.990185775352856	-0.109616037660859	0.096	0.096	1	LTBP3	c4
0.627911730829761	0.10959178665539	0.01	0.009	1	RP11-96H19.1	c4
0.875921438321371	-0.109575391681615	0.157	0.156	1	ZNF277	c4
0.818301553064091	-0.109569558486644	0.146	0.141	1	NUFIP2	c4
0.0611234557094715	0.10952844094859	0.093	0.079	1	EAF1	c4
0.729752471882285	0.109445391171363	0.012	0.011	1	PWAR6	c4
0.13389865038622	0.109436923848946	0.079	0.068	1	KHNYN	c4
0.00068881847292731	0.109429669734814	0.396	0.338	1	HSD17B11	c4
0.787349085369394	-0.109416933997602	0.242	0.232	1	GPR108	c4
0.940239105324361	-0.109379834771441	0.02	0.019	1	WIZ	c4
0.446065840039807	-0.109267400583854	0.098	0.104	1	GEMIN7	c4
0.15274458655259	0.109241234431168	0.059	0.05	1	KCTD7	c4
0.777400151055853	-0.109182551222242	0.026	0.027	1	INCENP	c4
0.306868781495282	0.1090996102714	0.035	0.03	1	MAN2A2	c4
0.927350242195598	-0.109096877312966	0.137	0.134	1	PRR14	c4
0.601660234980021	-0.109029099963038	0.08	0.084	1	C12orf73	c4
0.473773549582008	-0.109014974788522	0.111	0.117	1	RNPEP	c4
0.886007313952993	-0.109000890339834	0.067	0.067	1	EIF1AD	c4
0.492881448813535	-0.108982981821701	0.181	0.17	1	RIC3	c4
0.573717397999122	-0.10892822453108	0.236	0.224	1	FOXN2	c4
0.620529821699483	-0.108915725085142	0.016	0.014	1	ACACB	c4
0.796179779834264	-0.10890151295546	0.082	0.083	1	PCYT1A	c4
0.0392747486806394	0.108873818915483	0.087	0.072	1	ZBTB40	c4
0.957294535285446	0.108831490776757	0.009	0.01	1	TCTN2	c4
0.75661369782685	-0.108796107805077	0.193	0.192	1	ASB8	c4
0.014904013807209	0.108758078319451	0.275	0.245	1	CEBPZ	c4
0.0641458309611435	0.108708064275919	0.073	0.06	1	ADGRE1	c4
0.490912226595829	0.108601624570674	0.024	0.021	1	PHLPP2	c4
0.582437431804428	-0.10848455467407	0.103	0.097	1	CARD8-AS1	c4
0.993728568814996	-0.10845732633484	0.116	0.115	1	EDEM1	c4
0.724458201211783	-0.108448751173476	0.014	0.015	1	SLC27A4	c4
0.645266017064994	-0.108423013279851	0.092	0.096	1	UBXN7	c4
0.495402362596772	-0.108373767232274	0.153	0.143	1	DYM	c4
0.959029017584793	-0.108363195292322	0.155	0.152	1	UROD	c4
0.826658994429149	-0.10832646769406	0.2	0.192	1	RHOT2	c4
0.444568207661851	-0.108315535849855	0.124	0.115	1	GTPBP10	c4
0.0383786213666694	0.108311984351087	0.149	0.128	1	NDRG3	c4
0.249102921310977	0.108190875761895	0.059	0.052	1	TMEM251	c4
0.000222350192119078	0.108162318841061	0.386	0.322	1	TXNDC12	c4
0.703860406568923	-0.108032112616372	0.038	0.04	1	MFGE8	c4
0.00188350487836996	0.10796850858888	0.362	0.309	1	ARL2BP	c4
0.648193466362509	-0.107938055703949	0.221	0.224	1	MRPL16	c4
0.000585158185809729	0.1079298368818	0.231	0.188	1	LPAR6	c4
0.688916811838931	-0.10792274371178	0.208	0.21	1	STAT5A	c4
0.928218882610451	-0.107853614270884	0.233	0.228	1	ZNF148	c4
0.0403909050355723	0.10783491645257	0.125	0.106	1	TTC37	c4
0.0333214698356481	0.10781562888229	0.197	0.172	1	UBE2E1	c4
0.677704304493116	-0.107745222220941	0.146	0.148	1	MFSD11	c4
0.442826114542904	0.107632424327618	0.046	0.042	1	RABGEF1	c4
0.120468343960499	0.107623838544236	0.061	0.052	1	TRIM65	c4
0.181591973567218	-0.107621626527513	0.514	0.507	1	PPIG	c4
0.00144151802909887	0.107519392007959	0.364	0.309	1	YWHAH	c4
0.578122980370046	-0.107487851418195	0.139	0.131	1	MBD1	c4
0.745976432982124	-0.107427257489245	0.046	0.043	1	WRAP53	c4
0.811219323619492	-0.107394909857691	0.032	0.031	1	ZNF528	c4
0.731280645007301	-0.107366497424939	0.049	0.047	1	DHX40	c4
0.944212435538146	-0.107353534061814	0.195	0.191	1	APPL1	c4
0.747896712351645	-0.107332920466996	0.325	0.307	1	KMT2A	c4
0.739721765895895	-0.107276524272998	0.43	0.41	1	CLNS1A	c4
0.272033752646293	-0.1072334444122	0.588	0.56	1	HNRNPU	c4
0.932423167653889	-0.107224569801902	0.018	0.018	1	ZNF613	c4
0.997225043435788	-0.107156393123488	0.02	0.02	1	RP11-66N11.8	c4
0.670116369373223	0.107137696184765	0.022	0.02	1	ZSWIM6	c4
0.0351809868342135	0.107093140823925	0.244	0.218	1	FBXL5	c4
0.0191241687902809	0.107054276981841	0.15	0.128	1	HAPLN3	c4
0.652914355505291	-0.107035566345208	0.09	0.085	1	ACSS1	c4
0.0435982193722261	0.107024890278739	0.096	0.08	1	CNPY4	c4
0.748113818117639	-0.106947622199701	0.148	0.142	1	PRDX4	c4
0.00124844443798744	0.106912161933588	0.715	0.632	1	VAMP8	c4
0.921363289048549	-0.106884061701453	0.107	0.105	1	FAF2	c4
0.248193810773274	0.106846148606543	0.128	0.118	1	DKC1	c4
0.823170337761912	-0.10679571137771	0.2	0.198	1	MRPS24	c4
0.0136663597625746	0.106750715371713	0.176	0.149	1	USP20	c4
0.27612875191179	-0.106717491982121	0.753	0.713	1	MBNL1	c4
0.989436907787311	-0.106632865133253	0.41	0.391	1	PTPN6	c4
0.94177573519884	-0.106576190044525	0.181	0.177	1	CUL1	c4
0.917148735296879	-0.106569918105214	0.302	0.291	1	ATF4	c4
0.821827083569713	-0.106528617002753	0.065	0.067	1	ANKRD52	c4
0.94681962395801	-0.106486373432003	0.078	0.077	1	LYSMD3	c4
0.885133590574825	-0.106463412058931	0.043	0.044	1	ZNF526	c4
0.0837139565191047	0.10645423878644	0.065	0.054	1	PTPN23	c4
0.396807877038401	0.106437457154984	0.052	0.047	1	ZNF764	c4
0.395635990798469	-0.106207744914307	0.495	0.481	1	GHITM	c4
0.840315304867233	-0.106181523450394	0.163	0.158	1	DRG1	c4
0.133774025903774	-0.106180406924336	0.615	0.589	1	ST13	c4
0.00131072997195649	0.106133095343566	0.205	0.167	1	TARSL2	c4
0.864481720468011	-0.106003734566134	0.216	0.214	1	CAPN1	c4
0.862903663537835	-0.105979704478305	0.084	0.085	1	FKBP15	c4
0.000257479990799292	0.105931456313378	0.155	0.119	1	LMO4	c4
0.594724092866687	-0.10592453429805	0.111	0.105	1	SP4	c4
0.810576356711395	-0.10589416052888	0.511	0.473	1	SIVA1	c4
0.0240306992116423	0.105891285653875	0.069	0.054	1	RNF144A	c4
0.717912270450016	-0.105878496497208	0.033	0.031	1	LYPD3	c4
0.769213698868358	-0.105802540357761	0.208	0.207	1	NDUFS4	c4
0.817615671725183	-0.105774202841595	0.103	0.1	1	KIAA0100	c4
0.0801165089053521	0.105739059916347	0.187	0.168	1	STXBP2	c4
0.807025821323268	-0.105738170460129	0.037	0.038	1	DHX37	c4
0.0237513929633265	0.105663963214925	0.082	0.066	1	RP11-284N8.3	c4
0.66194636688552	-0.105652268725294	0.064	0.067	1	FAM188A	c4
0.894839299329819	-0.105644524582917	0.174	0.17	1	TNPO1	c4
0.000960448044587819	0.105609941776815	0.201	0.161	1	FAM159A	c4
0.860994253801259	-0.105529546648396	0.235	0.226	1	UBLCP1	c4
0.891344774354447	-0.105477216036686	0.071	0.069	1	ALAD	c4
0.919458483286579	-0.105452863662674	0.197	0.195	1	ARMC10	c4
0.0260867989132518	0.10541821867607	0.193	0.168	1	CLN3	c4
0.426448832933364	-0.105406077587569	0.186	0.192	1	TSG101	c4
0.343611688812738	-0.105375275865927	0.215	0.198	1	ARID1A	c4
0.757027847344194	-0.10536079937749	0.046	0.048	1	CENPH	c4
0.0381961769640717	-0.105342539501427	0.755	0.715	1	PRRC2C	c4
0.451357836995394	-0.105317690643552	0.056	0.051	1	XPR1	c4
0.758034437938683	-0.10528970670087	0.331	0.321	1	DHPS	c4
0.681323839096162	-0.105284062795918	0.181	0.174	1	TBX21	c4
0.716334301974161	-0.105279523639377	0.128	0.13	1	ADPRHL2	c4
0.894323924862996	-0.105228501363242	0.072	0.071	1	RPUSD4	c4
0.316155979764515	-0.105208780194836	0.189	0.173	1	RNPEPL1	c4
0.810865951076872	-0.10516036418966	0.086	0.088	1	MBIP	c4
0.347496209410754	0.105141236075672	0.03	0.026	1	TIGD7	c4
0.931025721128453	-0.105101037203043	0.076	0.075	1	COG3	c4
0.713158177229753	-0.105027567650516	0.145	0.147	1	NRBF2	c4
0.788030022634373	-0.10497063331615	0.14	0.141	1	CBX1	c4
0.532796387638979	-0.104924067801418	0.525	0.495	1	SRI	c4
0.95317197347718	-0.10477894832585	0.015	0.015	1	ACRC	c4
0.257518768298059	-0.104762282376143	0.142	0.131	1	LTA	c4
0.108775427828177	0.104712002077633	0.255	0.232	1	CHCHD3	c4
0.632536655059747	-0.10470816350401	0.029	0.027	1	USP35	c4
0.389723332995537	0.104683890177752	0.032	0.028	1	MIER3	c4
0.0475717381768061	0.104681412799653	0.146	0.127	1	REPS1	c4
0.749062711705227	-0.104644371917676	0.3	0.293	1	GIMAP6	c4
0.856064021403994	-0.104635157262901	0.063	0.061	1	DSTYK	c4
0.809642636257564	-0.104632294576549	0.03	0.031	1	CCDC146	c4
0.774046861416002	-0.104582460987664	0.203	0.195	1	NSL1	c4
0.58471311002555	-0.104552223237129	0.461	0.443	1	LINC00493	c4
0.448145693615745	-0.104540446146708	0.354	0.352	1	NUTF2	c4
0.142317643004496	0.104507510094042	0.093	0.082	1	SH3GL1	c4
0.00281306566351201	-0.10450231154487	0.866	0.819	1	NDUFA4	c4
0.646501643547522	-0.10449537285018	0.575	0.539	1	GNAS	c4
0.582307652519946	-0.104463255136134	0.15	0.142	1	LUC7L	c4
0.146967854071516	0.104381781114376	0.067	0.057	1	NARS2	c4
0.781196219404395	0.104051722945226	0.049	0.051	1	MRPS17	c4
0.757290582680649	-0.103994429494076	0.067	0.065	1	SLC20A2	c4
0.60771833881429	-0.103990535420199	0.075	0.071	1	CROCC	c4
0.751054535542781	-0.103930044818059	0.034	0.036	1	EARS2	c4
0.94659342811224	-0.103927329248604	0.349	0.333	1	GLG1	c4
0.889449298969553	-0.10392661149018	0.036	0.035	1	AK9	c4
0.529086148117249	-0.103898762504452	0.044	0.04	1	CLYBL	c4
0.485810213957724	-0.10375735473574	0.539	0.509	1	COX14	c4
0.0917016009998399	0.10373502282917	0.074	0.063	1	ATG10	c4
0.218558781344941	0.103732806539207	0.038	0.031	1	RP11-701H24.9	c4
0.912411197540839	-0.103720244795817	0.111	0.111	1	SEC23IP	c4
0.0422532565411133	0.10371835318193	0.212	0.186	1	PBDC1	c4
0.00712166003647816	0.103697119023931	0.219	0.186	1	BBIP1	c4
0.000699067498652674	0.103686249134641	0.307	0.257	1	CHD1	c4
0.993966024796791	-0.103657066446976	0.048	0.048	1	BRF2	c4
0.594532960279636	-0.103636694951347	0.114	0.107	1	PEX26	c4
0.571762025901474	-0.103615916456095	0.144	0.149	1	IKBKG	c4
0.907336620401405	-0.103572583316153	0.03	0.03	1	STRN4	c4
0.700809974226893	-0.103558816716781	0.09	0.093	1	PATL1	c4
0.572326130304669	-0.103544125410186	0.37	0.362	1	MRPL34	c4
0.186054820799425	-0.103543030299561	0.649	0.616	1	MTDH	c4
0.826074224374886	-0.10352386019394	0.108	0.109	1	SERPINB6	c4
0.699281515820961	-0.103511893955943	0.304	0.289	1	LDLRAD4	c4
0.373620466450782	0.10350556720879	0.054	0.049	1	ATG4A	c4
0.824167379390819	0.10343662667333	0.017	0.016	1	SNX16	c4
0.0338076672467803	0.103361364134504	0.22	0.195	1	PDCL3	c4
0.963837341815054	-0.103320378015412	0.052	0.052	1	ZNF12	c4
0.657398133363671	-0.103309813706542	0.08	0.083	1	GMPPA	c4
0.0292408671337534	-0.103201097993679	0.79	0.744	1	ARF1	c4
0.454978764615554	-0.103138695997265	0.033	0.037	1	RAD18	c4
0.771420567430702	-0.103131251745666	0.08	0.082	1	ACBD5	c4
0.673888831803178	-0.103128356264331	0.163	0.156	1	RANBP3	c4
0.702273120354158	-0.103108633515339	0.05	0.052	1	GFM2	c4
0.419472660448594	-0.102964254020721	0.372	0.368	1	DCTN3	c4
3.99762925674281e-05	0.102942945599164	0.414	0.341	1	TGFB1	c4
0.000118821384207376	0.102870182819088	0.601	0.526	1	RCSD1	c4
0.57549519830557	-0.102617956857423	0.127	0.119	1	CACUL1	c4
0.00157736873969071	0.102535628605104	0.26	0.218	1	SP140L	c4
0.681932721778007	-0.102515019384869	0.127	0.122	1	CRTC2	c4
0.743763484937122	-0.102472822275218	0.139	0.134	1	ARHGEF2	c4
0.105939373801189	0.102463808912814	0.129	0.114	1	TRIM28	c4
0.625430419940303	-0.102457733754386	0.065	0.061	1	MTIF2	c4
0.222642471303897	0.102410231846965	0.03	0.025	1	RP11-553K8.5	c4
0.555537425660962	0.10240531223153	0.01	0.009	1	RP11-439L18.2	c4
0.439200120600506	-0.102390771858065	0.046	0.05	1	G6PC3	c4
0.506697809582386	-0.102378558738997	0.202	0.19	1	ADD1	c4
0.0132822537478039	0.102364480297043	0.14	0.117	1	SEC24B	c4
0.833961906098683	-0.102362549585697	0.169	0.169	1	SARNP	c4
0.454781663279263	0.10226118687402	0.013	0.011	1	RTCA-AS1	c4
0.825548975255877	-0.102070469728637	0.011	0.01	1	TMEM86B	c4
0.685013148061547	-0.102061060756224	0.013	0.014	1	ZNF517	c4
0.684460852707952	-0.102041359752064	0.009	0.011	1	SNX24	c4
0.00471754469781715	0.102038802168138	0.21	0.175	1	ARFGAP3	c4
0.753795633135272	-0.101944340274679	0.31	0.304	1	RAB5C	c4
0.954407680629259	-0.101900302506615	0.073	0.072	1	KLC2	c4
0.980212063036017	-0.101850040238549	0.01	0.01	1	AC025335.1	c4
0.00452742866744373	0.101793159874906	0.303	0.26	1	CRBN	c4
0.00663478267058607	0.101713724242793	0.477	0.419	1	TTC39C	c4
0.70788219615757	-0.101659389890746	0.231	0.231	1	TIMM17A	c4
0.622211884329436	-0.101655344216391	0.4	0.39	1	VASP	c4
0.932302194047718	-0.101603465883266	0.097	0.096	1	DHRS1	c4
0.0658000852262694	0.10157911610663	0.476	0.435	1	YPEL5	c4
0.687884524588777	-0.10153774547579	0.131	0.125	1	BNIP3	c4
0.661750386944085	-0.101517785721275	0.061	0.058	1	MAML1	c4
0.0952750904387211	0.101494001116726	0.136	0.121	1	BZW2	c4
0.650058646764863	-0.10145750017441	0.252	0.25	1	COA4	c4
0.703048194673436	-0.101426603226223	0.307	0.301	1	SNRPA1	c4
0.00592632496113551	0.101357500467998	0.16	0.131	1	KLHL36	c4
0.817621724630064	-0.101307222374205	0.133	0.134	1	C18orf8	c4
0.989712225901749	-0.101293618478978	0.236	0.23	1	CDC40	c4
0.000379816332011441	0.101292459468726	0.735	0.641	1	ARPC5	c4
0.00891326418764942	0.101262882213563	0.213	0.181	1	KIAA0922	c4
0.710398767142273	-0.101225309263752	0.267	0.264	1	AHSA1	c4
0.316546530798335	0.101215904664909	0.054	0.048	1	NOM1	c4
0.725027346099028	-0.101205762746771	0.234	0.234	1	RPP21	c4
0.72341459304671	0.101185059288731	0.029	0.027	1	CLUH	c4
0.583647267065048	-0.101097873618229	0.07	0.066	1	SLC25A51	c4
0.301992779168372	-0.101078221799124	0.149	0.136	1	CTAGE5	c4
0.0302874853102341	0.101031800464086	0.215	0.189	1	TAPBPL	c4
0.342979297522308	0.10100501623248	0.033	0.028	1	GLCE	c4
0.964917366445062	-0.100961177360804	0.033	0.032	1	MCU	c4
0.0207373484796213	0.100920196396327	0.148	0.125	1	MRPL45	c4
0.645858931045997	-0.100866536079887	0.117	0.121	1	MRPS9	c4
0.529152295446713	0.10086271425362	0.029	0.026	1	CTD-2506J14.1	c4
0.801163734266137	-0.10072236350119	0.046	0.045	1	CLCC1	c4
0.597049558316904	-0.100654946842593	0.116	0.109	1	QDPR	c4
0.646047755988289	-0.100563990522431	0.419	0.388	1	HERPUD2	c4
0.705968760992607	-0.100544375006119	0.133	0.128	1	TNFSF14	c4
0.0285048764117172	0.100518993797416	0.087	0.07	1	IMMP2L	c4
0.129328356596217	0.100498134915135	0.063	0.053	1	WDR53	c4
0.870637460726566	-0.100490857866061	0.12	0.121	1	BROX	c4
0.568666306887836	-0.100478152437296	0.087	0.082	1	PREPL	c4
0.989683872150556	-0.100469159291106	0.166	0.163	1	CBX5	c4
0.981498315619393	-0.100468122262938	0.31	0.3	1	PPP6C	c4
0.669135654279492	-0.10044282694673	0.175	0.178	1	PITPNB	c4
0.664584734255006	-0.100416616189395	0.318	0.311	1	SEC13	c4
0.583078551572988	-0.100401611209147	0.338	0.317	1	SP140	c4
0.772708472957499	-0.100301462198241	0.087	0.089	1	FAM175B	c4
0.995480757546014	-0.100288672591101	0.114	0.113	1	USF1	c4
0.629430191729091	-0.100262956013805	0.581	0.517	1	REEP5	c4
0.869185606185144	-0.100260803429557	0.058	0.056	1	ZMYM1	c4
0.716805882138305	-0.100256330958964	0.142	0.137	1	AFG3L2	c4
0.759902709815277	-0.100230004609618	0.307	0.3	1	RPA3	c4
0.793158502458544	-0.100194027152317	0.051	0.049	1	NPLOC4	c4
0.970250807605413	-0.100179410820555	0.079	0.078	1	BIN3	c4
0.0124772274241086	0.100174399509	0.231	0.2	1	OSGEP	c4
0.434575574310826	-0.100111231667631	0.171	0.158	1	COG5	c4
0.0118345738180698	0.100102141987109	0.332	0.293	1	CHMP7	c4
0.000949312296792913	0.100030432801847	0.467	0.408	1	LINC-PINT	c4
0.485806282122515	-0.100009153659534	0.182	0.17	1	CCDC66	c4
