p_val	avg_log2FC	pct.1	pct.2	p_val_adj	gene	seurat_clusters
0	11.7690247902005	0.502	0.001	0	RRM2	c30
0	11.7614395668305	0.168	0	0	KIF20A	c30
0	10.5115592411878	0.445	0	0	BIRC5	c30
0	10.3111041918601	0.243	0	0	HJURP	c30
0	10.0562461339625	0.293	0	0	SPC25	c30
0	9.84312294223401	0.33	0	0	DLGAP5	c30
0	9.76872554936883	0.555	0.001	0	UHRF1	c30
0	9.42786686528075	0.467	0.001	0	UBE2C	c30
0	9.3746436795409	0.779	0.004	0	TYMS	c30
0	9.36521699136062	0.321	0	0	FAM111B	c30
0	9.10252414993598	0.14	0	0	KIF18B	c30
0	9.01710038891362	0.215	0	0	E2F8	c30
0	8.94082688976806	0.352	0.001	0	CDC20	c30
0	8.93313595908512	0.146	0	0	CDC25C	c30
0	8.88762639673226	0.299	0	0	MCM10	c30
0	8.71808562982162	0.143	0	0	HIST1H3G	c30
0	8.63194333974417	0.062	0	0	AUNIP	c30
0	8.47920314464598	0.433	0.002	0	PKMYT1	c30
0	8.40119017870467	0.374	0.001	0	CDC45	c30
0	8.37654776434025	0.299	0.001	0	KIF15	c30
0	8.2990588873971	0.336	0.001	0	HMMR	c30
0	8.25988467487004	0.218	0	0	PBK	c30
0	8.24761395954377	0.393	0.001	0	CDC6	c30
0	8.19625486935935	0.474	0.002	0	CCNB2	c30
0	8.19211529555619	0.327	0.001	0	CDCA5	c30
0	8.07688530995076	0.364	0.001	0	GTSE1	c30
0	7.83017032118833	0.318	0.001	0	CENPA	c30
0	7.71445200455254	0.741	0.005	0	CDT1	c30
0	7.70183074510115	0.224	0.001	0	HIST1H3B	c30
0	7.65168030005322	0.262	0.001	0	KIF14	c30
0	7.58867890063678	0.283	0.001	0	MYBL2	c30
0	7.52487284063534	0.181	0.001	0	ANLN	c30
0	7.43192995525787	0.639	0.005	0	KIAA0101	c30
0	7.418950430616	0.333	0.002	0	TROAP	c30
0	7.3799035635261	0.246	0.001	0	CDCA3	c30
0	7.35730808120915	0.268	0.002	0	PLK1	c30
0	7.30491965910907	0.234	0.001	0	E2F2	c30
0	7.2982003488628	0.162	0	0	FAM64A	c30
0	7.29395280944684	0.128	0	0	DMC1	c30
0	7.27544430259383	0.371	0.002	0	AURKB	c30
0	7.25456017298917	0.679	0.009	0	MKI67	c30
0	7.24732776345209	0.343	0.002	0	CKAP2L	c30
0	7.21379474321107	0.458	0.003	0	KIFC1	c30
0	7.15990647628255	0.171	0.001	0	DEPDC1	c30
0	7.13737452504902	0.231	0.001	0	RAD54L	c30
0	7.08120389232322	0.29	0.002	0	APOBEC3B	c30
0	7.07380676975248	0.433	0.004	0	ASPM	c30
0	7.05368230152163	0.125	0.001	0	HIST1H3F	c30
0	6.99089009158157	0.449	0.002	0	DTL	c30
0	6.96492502544876	0.393	0.004	0	CCNA2	c30
0	6.88246310921299	0.421	0.003	0	E2F1	c30
0	6.87481651441479	0.414	0.003	0	RAD51	c30
0	6.85517540622728	0.595	0.007	0	TK1	c30
0	6.77490188942433	0.143	0.001	0	E2F7	c30
0	6.76690601721602	0.274	0.001	0	KIF4A	c30
0	6.75710843809786	0.221	0.001	0	SKA3	c30
0	6.66410588726632	0.146	0.001	0	CDC25A	c30
0	6.66195245180247	0.293	0.002	0	KIF2C	c30
0	6.657000332999	0.274	0.002	0	SHCBP1	c30
0	6.64808358663486	0.265	0.002	0	KIF23	c30
0	6.62706958380434	0.623	0.007	0	CLSPN	c30
0	6.57427824775147	0.165	0.002	0	HIST1H3C	c30
0	6.56468945304206	0.231	0.001	0	C16orf59	c30
0	6.54007606105462	0.215	0.001	0	POLQ	c30
0	6.50123524794033	0.48	0.007	0	CDK1	c30
0	6.40166624928387	0.184	0.001	0	EXO1	c30
0	6.37556771795117	0.14	0.001	0	NEK2	c30
0	6.36596896205465	0.265	0.002	0	ORC1	c30
0	6.36422407420955	0.084	0	0	TICRR	c30
0	6.33123924620108	0.274	0.003	0	CDCA2	c30
0	6.28915124352114	0.383	0.004	0	MND1	c30
0	6.25784610857377	0.159	0.001	0	TTK	c30
0	6.23836612277357	0.259	0.002	0	FOXM1	c30
0	6.16923277854313	0.243	0.002	0	SPC24	c30
0	6.15072063111889	0.202	0.001	0	SKA1	c30
0	6.12414128544627	0.134	0.001	0	ESPL1	c30
0	6.10772536838005	0.642	0.011	0	ZWINT	c30
0	6.07302792100271	0.368	0.003	0	MELK	c30
0	6.01204773971629	0.517	0.013	0	TOP2A	c30
0	5.92630606533581	0.259	0.002	0	DSCC1	c30
0	5.9102534488296	0.648	0.013	0	GINS2	c30
0	5.8571763980584	0.514	0.01	0	TPX2	c30
0	5.82032244689668	0.393	0.004	0	SGOL1	c30
0	5.79547874990246	0.595	0.016	0	NUSAP1	c30
0	5.77428766536985	0.199	0.005	0	HIST1H2AJ	c30
0	5.76912031183709	0.393	0.005	0	RAD51AP1	c30
0	5.74865118415967	0.632	0.011	0	CENPU	c30
0	5.70456346796466	0.084	0	0	EME1	c30
0	5.66150882956848	0.218	0.003	0	ESCO2	c30
0	5.65314660101434	0.293	0.004	0	DEPDC1B	c30
0	5.64459586919045	0.383	0.007	0	CDCA8	c30
0	5.59305533791915	0.623	0.016	0	ASF1B	c30
0	5.56659132185728	0.947	0.125	0	STMN1	c30
0	5.55838661368866	0.221	0.003	0	BUB1B	c30
0	5.49334792046509	0.255	0.003	0	TRIP13	c30
0	5.47794672244937	0.336	0.005	0	NCAPG	c30
0	5.45385970853557	0.458	0.008	0	CEP55	c30
0	5.44857765179732	0.327	0.005	0	NEIL3	c30
0	5.36601414210074	0.573	0.011	0	CENPW	c30
0	5.29007081203267	0.436	0.011	0	HMGB3	c30
0	5.2823306742237	0.255	0.004	0	DIAPH3	c30
0	5.28060892021771	0.483	0.01	0	CHEK1	c30
0	5.27731983140201	0.517	0.014	0	CDKN3	c30
0	5.25066864190422	0.243	0.005	0	MXD3	c30
0	5.24495762419534	0.296	0.004	0	OIP5	c30
0	5.22373954851609	0.293	0.012	0	CCNB1	c30
0	5.20966203324301	0.268	0.003	0	POC1A	c30
0	5.20883703409134	0.131	0.001	0	WDR62	c30
0	5.180266012397	0.305	0.006	0	CCNE2	c30
0	5.16764739376712	0.224	0.003	0	MTFR2	c30
0	5.07180228161911	0.642	0.017	0	MCM2	c30
0	5.0454453579905	0.455	0.008	0	ORC6	c30
0	5.0137978685645	0.408	0.009	0	CASC5	c30
0	4.98679495527766	0.174	0.003	0	CCNE1	c30
0	4.96790847021878	0.461	0.009	0	BRCA1	c30
0	4.95443080078578	0.296	0.006	0	SPAG5	c30
0	4.93521692287619	0.667	0.019	0	MCM4	c30
0	4.89095684167148	0.589	0.029	0	CENPF	c30
0	4.88081358429482	0.15	0.002	0	XRCC2	c30
0	4.86222265073727	0.302	0.005	0	POLE2	c30
0	4.86019293337095	0.162	0.003	0	STIL	c30
0	4.80274054266452	0.371	0.013	0	CENPE	c30
0	4.77433085077479	0.355	0.01	0	NUF2	c30
0	4.74928511993312	0.386	0.01	0	BUB1	c30
0	4.67720868075719	0.196	0.004	0	DNA2	c30
0	4.6622729958647	0.178	0.003	0	APITD1-CORT	c30
0	4.63782456812712	0.464	0.011	0	GGH	c30
0	4.57277837039088	0.184	0.003	0	GINS1	c30
0	4.56830424868162	0.249	0.006	0	KIF11	c30
0	4.54466894836998	0.165	0.003	0	CIT	c30
0	4.4868570615689	0.237	0.006	0	PLK4	c30
0	4.36759738870709	0.48	0.019	0	WDR34	c30
0	4.34939231221106	0.53	0.023	0	RMI2	c30
0	4.34905751014702	0.555	0.019	0	CENPN	c30
0	4.30699822285927	0.62	0.036	0	UBE2T	c30
0	4.29822319177313	0.657	0.038	0	FEN1	c30
0	4.29141145253363	0.162	0.004	0	RECQL4	c30
0	4.25699873716177	0.526	0.022	0	PAQR4	c30
0	4.17276017727843	0.526	0.021	0	FANCI	c30
0	4.15650047669882	0.526	0.025	0	TCF19	c30
0	4.15055009118779	0.33	0.012	0	PHGDH	c30
0	4.12176425152223	0.287	0.01	0	ZNF367	c30
0	4.09707655097656	0.212	0.006	0	PRR11	c30
0	4.0881766964093	0.212	0.006	0	PSMC3IP	c30
0	4.073341871706	0.741	0.064	0	MCM7	c30
0	4.03054014064866	0.754	0.056	0	CDCA7	c30
0	4.02489449898416	0.377	0.015	0	NCAPH	c30
0	3.9594386419751	0.206	0.006	0	GINS3	c30
0	3.93618718587851	0.24	0.008	0	ECT2	c30
0	3.92933303629024	0.271	0.009	0	SLC29A1	c30
0	3.92723566390029	0.315	0.012	0	KIAA1524	c30
0	3.9020336147479	0.389	0.016	0	NCAPG2	c30
0	3.87475425723384	0.439	0.019	0	TIMELESS	c30
0	3.77836569364527	0.436	0.022	0	RBBP8	c30
0	3.76748122108227	0.442	0.025	0	RACGAP1	c30
0	3.76293986542649	0.586	0.035	0	GMNN	c30
0	3.75269154523369	0.302	0.012	0	CHAF1B	c30
0	3.73515755680642	0.623	0.056	0	DHFR	c30
0	3.72078054109901	0.358	0.018	0	PRC1	c30
0	3.71652188467937	0.43	0.02	0	BRCA2	c30
0	3.66183587789693	0.773	0.107	0	PCNA	c30
0	3.6255164265956	0.408	0.021	0	WDHD1	c30
0	3.48256503922478	0.651	0.064	0	CKS1B	c30
0	3.45431907661375	0.271	0.011	0	C21orf58	c30
0	3.44628840301238	0.564	0.047	0	EZH2	c30
0	3.39029012741854	0.589	0.042	0	CENPH	c30
0	3.37460959907457	0.299	0.014	0	CENPP	c30
0	3.33363370026038	0.411	0.026	0	CHAF1A	c30
0	3.32418683327881	0.704	0.066	0	SMC2	c30
0	3.32056366938201	0.685	0.078	0	CENPM	c30
0	3.22710388543111	0.654	0.06	0	HELLS	c30
0	3.1949825057698	0.629	0.062	0	MAD2L1	c30
0	3.07785359733465	0.377	0.023	0	ATAD5	c30
0	3.05620027061556	0.442	0.032	0	CDK2	c30
0	3.00308367375579	0.458	0.032	0	CCDC34	c30
0	2.94240453356816	0.592	0.055	0	ACOT7	c30
1.00860124654281e-303	2.89968133989315	0.826	0.121	3.39838104010136e-299	LMNB1	c30
2.35394148737792e-300	3.39454943719525	0.757	0.11	7.93137044757117e-296	MCM5	c30
6.95165883927856e-298	4.35489236079575	0.212	0.007	2.34229192930652e-293	AURKA	c30
1.32451343981532e-296	6.32668897901205	0.075	0	4.46281558411373e-292	SYCE2	c30
1.37994832832761e-296	2.79371531894549	0.695	0.084	4.64959789746705e-292	DTYMK	c30
1.45982378112119e-291	4.73551071315058	0.143	0.003	4.91873024810975e-287	TP73	c30
2.34133871324611e-291	3.02030408111802	0.405	0.029	7.88890666041145e-287	IFI27L1	c30
4.23642564008926e-291	2.6821087544323	0.713	0.09	1.42742125517167e-286	CENPK	c30
2.88616059592923e-290	3.06127858096449	0.489	0.043	9.72462951192396e-286	WDR76	c30
2.15013130793369e-284	2.75396707632358	0.732	0.098	7.24465242895178e-280	PHF19	c30
1.20216473675466e-277	2.94274281824904	0.411	0.032	4.05057386402115e-273	DONSON	c30
2.55351486837819e-277	2.73970294772831	0.67	0.083	8.60381299751347e-273	RNASEH2A	c30
1.56978498505519e-275	2.99776486911919	0.707	0.097	5.28923352864497e-271	MCM6	c30
3.22314992836127e-274	5.21669450808115	0.087	0.001	1.08600813686205e-269	KIF24	c30
2.42498404715587e-271	6.73660932889667	0.069	0	8.17074124848698e-267	FBXO43	c30
4.53753998405216e-269	4.86612413388159	0.274	0.015	1.52887872222653e-264	HIST1H1B	c30
2.66757943538245e-268	4.73901079726745	0.128	0.003	8.98814214957763e-264	XYLB	c30
6.17226838324967e-266	3.35150571452831	0.327	0.021	2.07968410905214e-261	SLC1A4	c30
6.55251135732511e-262	2.91202569122341	0.813	0.141	2.20780317673712e-257	MCM3	c30
8.61936922204217e-262	3.380728852537	0.308	0.019	2.90421026567489e-257	SGOL2	c30
5.09602599493605e-257	5.19221865895781	0.19	0.007	1.71705499873375e-252	NPW	c30
9.22971978968584e-256	4.32607874656295	0.121	0.003	3.10986178593675e-251	RIBC2	c30
1.81232922962231e-255	2.58788913817171	0.417	0.035	6.10646210628943e-251	DSN1	c30
6.11355747032282e-252	6.64480755413055	0.053	0	2.05990205405057e-247	CTD-3035D6.2	c30
7.08411563388091e-250	3.47289954792309	0.333	0.023	2.38692192167983e-245	FBXO5	c30
1.88177721315843e-243	2.83131610677303	0.439	0.041	6.34046014201601e-239	TUBG1	c30
4.25745561086853e-243	3.12527665297555	0.389	0.033	1.43450709352604e-238	SAC3D1	c30
5.941077577494e-242	2.74796915280757	0.408	0.035	2.00178667896083e-237	PXMP2	c30
1.15313480194895e-241	4.00227975917622	0.171	0.006	3.88537240168678e-237	HIST1H2AH	c30
5.61366793730573e-241	5.57736996142409	0.084	0.001	1.89146927479579e-236	SAPCD2	c30
6.27261287452543e-241	2.80306187975984	0.324	0.023	2.1134941819426e-236	CTNNAL1	c30
8.97057376855383e-239	3.02310364469082	0.361	0.029	3.02254512557653e-234	FANCG	c30
3.29505110433912e-235	4.64061325755891	0.09	0.001	1.11023451909602e-230	C17orf53	c30
7.96857563967459e-233	8.49700852527805	0.04	0	2.68493187603196e-228	FAM72D	c30
5.40681666825546e-231	2.64542637556667	0.595	0.077	1.82177280820199e-226	RFC4	c30
3.89358133598027e-230	3.90924629559746	0.206	0.009	1.31190329534519e-225	HIST1H2AL	c30
9.12099907505227e-229	2.49683394210762	0.48	0.05	3.07322942834811e-224	TEX30	c30
7.42102943185787e-228	2.58720076558393	0.589	0.076	2.50044165677019e-223	SNRNP25	c30
4.4250078486401e-227	3.7011045361751	0.159	0.005	1.4909621445208e-222	BRIP1	c30
2.5102184778896e-226	2.49505656393828	0.551	0.067	8.45793013940123e-222	WHSC1	c30
3.27179005485281e-224	3.90632526452475	0.143	0.004	1.10239694108211e-219	TRAIP	c30
1.23032528958502e-222	3.34692555893726	0.224	0.012	4.14545803072776e-218	CCNF	c30
6.31784643782887e-222	2.67616228954625	0.654	0.097	2.12873517876206e-217	ATAD2	c30
7.65296412589791e-222	5.25074982656846	0.059	0	2.57858973258004e-217	ERCC6L	c30
1.00042220271477e-221	2.42638811524909	0.461	0.048	3.37082256982714e-217	LRR1	c30
2.34489457549354e-221	2.48909403659656	0.48	0.052	7.90088778266794e-217	NRM	c30
1.03536998609609e-220	3.87376165306468	0.106	0.002	3.48857563115216e-216	DERL3	c30
1.51983963323012e-218	2.68183803115183	0.782	0.145	5.12094766020555e-214	TMEM106C	c30
4.99639008743165e-218	3.47739002824135	0.187	0.008	1.68348367605922e-213	ATP2A1-AS1	c30
5.31651372856513e-218	2.96494512446959	0.29	0.02	1.79134613570273e-213	CBR3	c30
1.23897954868348e-216	2.58775526371406	0.389	0.036	4.17461769133412e-212	POLD1	c30
1.69291901632763e-216	2.71272972563401	0.389	0.036	5.70412133361432e-212	AKAP5	c30
2.90167724362389e-216	2.8686285734209	0.277	0.019	9.77691130466633e-212	RCCD1	c30
2.68834405727176e-213	2.98227744808166	0.296	0.021	9.05810646657147e-209	NUDT8	c30
1.50671124088616e-212	2.59287352117767	0.679	0.109	5.07671285504182e-208	RRM1	c30
7.78648390783666e-211	3.40501800589799	0.196	0.009	2.62357788790649e-206	KIF18A	c30
6.5951134254711e-210	2.39608287991045	0.502	0.06	2.22215751757823e-205	CAMK1	c30
1.397519236122e-208	2.72281996565337	0.523	0.067	4.70880131418947e-204	PAICS	c30
3.81744881138058e-208	2.88995922147548	0.414	0.042	1.28625120250657e-203	NDC80	c30
1.25718995955308e-207	2.71480493427627	0.751	0.139	4.23597584971816e-203	SMC4	c30
1.00834153217631e-205	2.8320985322371	0.732	0.131	3.39750595851486e-201	CKS2	c30
6.48791497691118e-204	4.25660649280665	0.093	0.002	2.18603807232045e-199	GSG2	c30
8.0862166013325e-204	2.44155789669303	0.414	0.042	2.72456982165297e-199	RFC5	c30
4.88917907855728e-203	2.83003959617794	0.296	0.022	1.64735999872909e-198	COPRS	c30
6.63921498874359e-203	2.33378675213061	0.47	0.054	2.23701709830727e-198	POLD3	c30
3.98959530021577e-202	2.32794025700994	0.545	0.071	1.3442542404547e-197	BARD1	c30
1.49272059265352e-199	3.14794350348828	0.252	0.017	5.02957276488678e-195	ARHGAP11A	c30
1.12902240695882e-198	2.2651591896282	0.52	0.066	3.80412809800704e-194	HIRIP3	c30
3.72851933429638e-198	2.4583191294302	0.464	0.054	1.25628730449782e-193	MSH6	c30
8.58839199836943e-197	3.64128843451103	0.131	0.004	2.8937727999306e-192	DDIAS	c30
3.22020573066099e-196	2.99380392708789	0.209	0.012	1.08501611888891e-191	ZNF726	c30
6.96939426793615e-196	2.39350156347861	0.576	0.082	2.34826770463841e-191	LIG1	c30
2.23749859169468e-195	2.32527044519937	0.536	0.072	7.53902775485605e-191	MTHFD1	c30
5.1915489662973e-194	3.08815862277954	0.221	0.013	1.74924050870421e-189	CENPO	c30
3.00664236077365e-193	2.30685451141995	0.723	0.131	1.01305807703907e-188	TFDP1	c30
3.55685288115001e-193	2.56009526265528	0.305	0.025	1.19844600977468e-188	RFC3	c30
6.25597905064077e-193	2.82075012032241	0.402	0.043	2.1078895813229e-188	NME1	c30
2.62152222424707e-192	3.6342614411765	0.137	0.005	8.83295698237808e-188	TONSL	c30
4.52089213980612e-192	2.40642340339907	0.548	0.077	1.52326939758627e-187	RFC2	c30
9.32582758932752e-192	2.84388746188586	0.801	0.182	3.14224434794801e-187	FABP5	c30
2.2484965991798e-191	2.45714218012344	0.474	0.058	7.57608444127643e-187	CLN6	c30
1.19240026486203e-190	3.67070197276646	0.131	0.004	4.01767345242614e-186	AC004381.6	c30
3.20645404785663e-189	2.85436531070244	0.28	0.022	1.08038262688481e-184	GINS4	c30
3.76737777778051e-189	3.50582669133515	0.171	0.008	1.26938026844536e-184	GPSM2	c30
4.97478640649615e-189	2.5464208250793	0.308	0.026	1.67620453180481e-184	ZWILCH	c30
1.10452804447548e-186	4.24717969544305	0.1	0.002	3.72159679305567e-182	FAM72B	c30
7.8146980700753e-185	4.8052013363905	0.065	0.001	2.63308436773117e-180	CENPI	c30
9.81181565377299e-185	3.54635296588542	0.14	0.005	3.30599316638227e-180	ARHGEF39	c30
1.37101052623304e-184	2.81396887542772	0.897	0.24	4.61948286708959e-180	PTTG1	c30
1.44711330890737e-184	2.50750495951826	0.452	0.055	4.8759035830325e-180	SLC43A3	c30
1.67578906751856e-183	2.32151086430055	0.492	0.064	5.64640368409703e-179	SCCPDH	c30
1.25997682754815e-182	2.18467775289859	0.863	0.198	4.24536592274073e-178	NUDT1	c30
1.42287224375108e-182	2.3333252292496	0.586	0.09	4.79422573809489e-178	C19orf48	c30
1.0930021010505e-180	2.64183680619565	0.601	0.097	3.68276127927955e-176	KPNA2	c30
1.31497693476939e-179	3.76475403452745	0.975	0.486	4.430683284012e-175	TUBA1B	c30
1.31781797626083e-179	3.03028581936229	0.199	0.012	4.44025588921324e-175	PARPBP	c30
2.28294833419119e-179	2.94138466698488	0.723	0.148	7.69216611722379e-175	H2AFX	c30
5.93003992810417e-179	2.22198853584715	0.816	0.177	1.99806765337542e-174	DNAJC9	c30
8.67935572140895e-179	2.75270223659657	0.255	0.019	2.92442211677153e-174	KNTC1	c30
6.12222983346044e-178	2.43244808349003	0.318	0.029	2.06282412008616e-173	UCK2	c30
2.88271022584467e-173	2.60723795168211	0.33	0.032	9.71300383496102e-169	C3orf14	c30
2.2308721765451e-172	1.90549203950587	1	0.977	7.51670071165108e-168	GAPDH	c30
4.70273686503909e-172	2.8176904852331	0.24	0.017	1.58454015930627e-167	CHTF18	c30
1.14311609480952e-171	2.64613768138696	0.255	0.02	3.85161536985119e-167	CHAC2	c30
1.42668991786482e-171	2.45058163789914	0.308	0.028	4.80708900925372e-167	FANCD2	c30
1.5564746352929e-171	5.04044483459705	0.053	0.001	5.24438563615589e-167	CCDC150	c30
4.64202209680017e-171	2.87161735105067	0.218	0.015	1.56408292529585e-166	CENPJ	c30
6.74689807427612e-170	2.94762571819585	0.237	0.017	2.27329983714659e-165	CDCA7L	c30
2.39159928800603e-169	2.70887573585284	0.252	0.02	8.05825464100753e-165	SPDL1	c30
7.27294877199387e-169	2.1789704222457	0.417	0.05	2.45054735923561e-164	TIPIN	c30
9.54874143174563e-169	2.32222818531467	0.29	0.025	3.21735293801237e-164	FIGNL1	c30
1.60664994253486e-168	2.13851113312376	0.396	0.046	5.41344631637697e-164	SHMT1	c30
3.55233580020217e-168	2.01187834817309	0.567	0.088	1.19692402452012e-163	ITGB3BP	c30
4.7942049353995e-165	2.25010714326995	0.386	0.045	1.61535941093351e-160	CTPS1	c30
8.01895495929888e-165	4.62228515265803	0.143	0.006	2.70190668398616e-160	HIST1H2AI	c30
1.84524202130595e-164	2.70812286909246	0.178	0.01	6.21735846658828e-160	TMEM237	c30
2.67299017448248e-164	3.36988310793522	0.137	0.006	9.00637309390126e-160	AFMID	c30
7.96442182654751e-164	2.97945818839372	0.193	0.012	2.68353229023692e-159	ZGRF1	c30
1.0249207561425e-163	2.29870848327452	0.573	0.095	3.45336799574656e-159	KIF20B	c30
8.45135490383169e-162	2.10169965918944	0.71	0.15	2.84759952129705e-157	CXCL13	c30
3.02683316601416e-161	2.06898511525117	0.442	0.058	1.01986116695681e-156	MSH2	c30
5.11414236429078e-160	3.53897945197083	0.202	0.013	1.72315912822414e-155	HIST1H2BH	c30
3.31132053526586e-158	3.45554768079507	0.143	0.007	1.11571634115248e-153	RAD54B	c30
1.41016851711139e-156	2.16313306639807	0.452	0.062	4.75142180155512e-152	PDLIM7	c30
1.99808841654671e-156	2.11966611498005	0.439	0.059	6.73235911071249e-152	LMCD1	c30
3.12237269268765e-156	2.2673820511576	0.327	0.034	1.05205225507418e-151	MMS22L	c30
7.5403642109975e-156	-1.28420692967872	0.997	0.996	2.5406503172535e-151	RPL30	c30
3.04094865371703e-155	10.1617610552885	0.025	0	1.02461723938342e-150	C2orf48	c30
6.205682047455e-155	2.07120318898057	0.919	0.294	2.09094250906949e-150	RPA3	c30
6.20889869986022e-155	4.10396384503259	0.115	0.004	2.0920263279309e-150	PYCR1	c30
6.95129450311196e-155	2.29730437407774	0.897	0.295	2.34216916987854e-150	HLA-DRA	c30
1.12949122943241e-154	2.67850960128308	0.218	0.016	3.80570774844958e-150	KNSTRN	c30
2.22039846901641e-154	2.49709615949451	0.991	0.797	7.48141060150388e-150	HMGN2	c30
3.12158375431347e-154	1.90398362655936	0.791	0.176	1.05178643017838e-149	SKA2	c30
1.64086644209679e-153	3.00791818230883	0.153	0.008	5.52873539000093e-149	ERI2	c30
2.26263930156056e-153	2.17116316559171	0.844	0.231	7.62373686267816e-149	CARHSP1	c30
4.87644133875857e-153	2.768013539359	0.312	0.033	1.64306814468131e-148	SLC27A2	c30
1.84048494795441e-152	2.03767128628791	0.302	0.03	6.2013299836376e-148	CENPQ	c30
6.25660869703158e-151	2.45926164368946	0.991	0.633	2.10810173437782e-146	H2AFZ	c30
9.91907403768274e-151	2.70265783255772	0.24	0.02	3.34213280625682e-146	POLA1	c30
4.56812332382864e-148	2.17061469828819	0.327	0.036	1.53918347273082e-143	C14orf80	c30
9.83551866791514e-148	2.50858331282778	0.196	0.014	3.31397965996733e-143	KHDC1	c30
2.12792890912212e-147	-1.28252122797493	1	0.997	7.16984366639608e-143	RPS27	c30
2.50003202492398e-147	2.92224974440089	0.978	0.577	8.42360790477885e-143	TUBB	c30
2.67266817468105e-147	2.5894290484826	0.193	0.013	9.00528814777032e-143	SUV39H2	c30
2.77190546280475e-147	2.79087332009297	0.231	0.019	9.33965826637434e-143	GOLIM4	c30
2.05608285786821e-146	2.09233480204322	0.361	0.044	6.92776558130113e-142	POLA2	c30
1.01949226314563e-145	2.2778273245584	0.829	0.242	3.43507723144288e-141	NASP	c30
4.01331402502827e-145	1.23155952830187	1	0.991	1.35224602759302e-140	PFN1	c30
5.68995548188937e-145	2.05208944393648	0.442	0.064	1.9171736000678e-140	NCAPH2	c30
9.68594843543686e-145	2.30102726072011	0.243	0.021	3.2635834658361e-140	CEP152	c30
2.04747048598503e-144	3.00482695549628	0.199	0.015	6.89874705547796e-140	BCAT1	c30
1.19243554646223e-143	1.26825753122388	1	0.999	4.01779233024983e-139	ACTB	c30
5.31076998246419e-143	1.76375477739891	0.523	0.085	1.78941083789148e-138	BCL2L12	c30
2.18736772988418e-141	2.09443495989794	0.607	0.119	7.37011682907176e-137	DCTPP1	c30
3.35975803950942e-141	1.88473953595171	0.567	0.101	1.1320368738323e-136	HADH	c30
5.33983109128141e-141	1.83607671987082	0.682	0.14	1.79920268789636e-136	GGCT	c30
3.45964593256125e-140	2.04305918065766	0.455	0.068	1.16569310051719e-135	NCAPD3	c30
8.30582204819239e-140	2.60615966703381	0.153	0.009	2.79856368091795e-135	CTC-260E6.6	c30
3.37289828815514e-139	2.70877062144149	0.162	0.01	1.13646434921099e-134	GEN1	c30
7.62060737201351e-139	2.27311598222312	0.28	0.029	2.56768744792623e-134	MTHFD1L	c30
2.43639354891629e-138	2.35240718062012	0.221	0.018	8.20918442371853e-134	CDC7	c30
2.81437982311458e-138	2.08260660810549	0.938	0.381	9.48277137600226e-134	RANBP1	c30
5.01112869876283e-138	1.81949818195592	0.526	0.089	1.68844970376115e-133	MPST	c30
7.8167421235649e-138	1.95877123597847	0.745	0.174	2.63377309111396e-133	CDK4	c30
1.77210225763921e-137	1.89693607919188	0.421	0.06	5.97092134688955e-133	LMNB2	c30
2.9187187369754e-136	2.32690740655041	0.287	0.03	9.83433091236491e-132	ANKRD35	c30
3.30895644980829e-136	-1.58320319863695	0.997	0.998	1.1149197861984e-131	BTG1	c30
1.06423744382482e-135	-1.22610947238427	0.997	0.995	3.58584164322334e-131	RPL34	c30
1.76513409196366e-135	1.96574615165403	0.991	0.722	5.94744280946236e-131	TPI1	c30
2.89752224196634e-134	1.91425922251072	0.956	0.42	9.76291144208139e-130	ANXA5	c30
3.33667225750532e-134	1.09131126475903	1	0.973	1.12425835044384e-129	CFL1	c30
5.52523737811341e-134	1.8366537397459	0.558	0.101	1.86167348218153e-129	PPIF	c30
1.57032402948406e-133	2.18801066565258	0.336	0.042	5.29104978494358e-129	ARHGAP11B	c30
1.83332779869592e-133	1.99017390436803	0.455	0.072	6.17721468492603e-129	NCAPD2	c30
2.27701536312725e-133	1.78099162874086	0.399	0.056	7.67217556452095e-129	TTF2	c30
3.55795587912733e-133	1.8646493387698	0.903	0.305	1.19881765391316e-128	YWHAH	c30
3.54752597829796e-132	1.78709409755671	0.548	0.098	1.19530340312772e-127	YEATS4	c30
5.06856460133421e-132	1.78409854338566	0.442	0.068	1.70780215677355e-127	SPTSSA	c30
7.97062099375073e-132	2.37509033081817	0.333	0.042	2.68562103763437e-127	MYO7A	c30
1.38249525871216e-131	2.38159224293812	0.29	0.032	4.65817952470474e-127	SLC2A8	c30
5.74766799416398e-131	2.87151932524628	0.19	0.014	1.93661925395361e-126	MCM8	c30
6.52344762840931e-130	2.31730246450422	0.29	0.032	2.19801044391623e-125	CORO1C	c30
1.16362763310358e-129	2.03361367174105	0.283	0.031	3.92072694697921e-125	SUV39H1	c30
4.33405143868981e-129	2.37070727708672	0.464	0.079	1.46031529175214e-124	UNG	c30
8.2766565458375e-129	2.76515136573159	0.956	0.52	2.78873665655449e-124	HMGB2	c30
1.03557450691834e-128	1.76436253412554	0.558	0.104	3.48926474361065e-124	ARL3	c30
2.46152288301233e-128	2.16673230469318	0.43	0.068	8.29385520202173e-124	CDKN2A	c30
2.63464292619897e-128	1.12189219980451	1	0.968	8.8771658755348e-124	PPIA	c30
4.18351836323864e-128	2.16732449323346	0.277	0.03	1.40959467730963e-123	CCDC28B	c30
1.22754799300921e-127	1.97968558666297	0.343	0.044	4.13610020764522e-123	TCTEX1D2	c30
1.70331889407996e-127	1.59515281009967	1	0.926	5.73916268171303e-123	HMGB1	c30
2.70201613387006e-127	2.070278662016	0.414	0.063	9.10417316146178e-123	FANCL	c30
4.82508929688993e-127	-0.986184977991601	0.997	0.995	1.62576558769409e-122	RPS25	c30
5.43453539046918e-127	1.74407405279408	0.508	0.089	1.83111235446469e-122	RPL39L	c30
2.0253483366184e-126	1.92916395733566	0.738	0.186	6.82420868540202e-122	PTMS	c30
3.09324755938503e-126	3.52582934776823	0.103	0.004	1.04223883265919e-121	C1orf106	c30
3.13340017824841e-126	1.94138957482008	0.386	0.056	1.05576785605902e-121	DDX11	c30
8.56821211820315e-126	1.87818471421546	0.361	0.049	2.88697339110737e-121	RCC2	c30
9.08590102082692e-126	3.15317424755968	0.14	0.008	3.06140348995742e-121	RP11-386G11.10	c30
6.35399740066572e-125	1.95144975695781	0.667	0.155	2.14091588418031e-120	MT1E	c30
1.60690999681541e-124	2.92855317166512	0.168	0.012	5.41432254326985e-120	SLCO4A1	c30
2.61542084390847e-124	-0.951892944328535	1	0.998	8.81239899146519e-120	RPL10	c30
9.11525816734474e-124	2.05234694479894	0.692	0.17	3.07129508690514e-119	KIF22	c30
1.14565523802864e-123	2.01123604885475	0.791	0.233	3.86017075901369e-119	HNRNPAB	c30
1.61379333590647e-123	2.53952563969036	0.184	0.014	5.43751526600325e-119	CHEK2	c30
3.80665486735354e-123	-1.064950345695	0.997	0.996	1.2826142910061e-118	RPS27A	c30
4.11683695366369e-123	3.59397794022488	0.081	0.003	1.38712704316745e-118	HIST1H2BM	c30
1.03135094623265e-122	1.64770331598736	0.785	0.197	3.4750338782363e-118	BLOC1S1	c30
1.39690124075141e-122	-1.15520296194746	0.997	0.996	4.7067190405878e-118	RPS12	c30
1.43916461917452e-122	2.91125007017218	0.146	0.009	4.84912126784663e-118	TST	c30
7.00074270359889e-122	1.68720040320445	0.988	0.592	2.35883024655061e-117	SLC25A5	c30
1.19042920629896e-121	-1.04060590184242	1	0.995	4.01103216770372e-117	RPS14	c30
1.7900135689641e-121	1.90054454067624	0.343	0.046	6.03127171926762e-117	THOP1	c30
6.35557724086611e-121	2.75554621704415	0.165	0.012	2.14144819553743e-116	RPP25	c30
1.26246274962273e-120	1.88256754057535	0.321	0.041	4.25374198857882e-116	HAUS8	c30
2.47200414198917e-120	1.57062914091215	0.614	0.125	8.32917075601831e-116	HAUS4	c30
1.15353545839528e-119	1.5906488492548	0.685	0.154	3.88672237351707e-115	NABP2	c30
2.29225613776783e-119	1.68472608627791	0.48	0.084	7.72352783059493e-115	PSMG1	c30
2.89207331396486e-119	-1.00275863941924	0.997	0.994	9.74455182407319e-115	RPL35A	c30
3.80624360578341e-119	1.75452609790306	0.897	0.282	1.28247572053266e-114	TMPO	c30
6.13476549664082e-119	7.9143625824706	0.022	0	2.06704788643816e-114	GAS2L3	c30
1.03080782280954e-118	1.87606434409642	0.555	0.111	3.47320387817446e-114	CDCA4	c30
2.3166222925563e-118	2.06079336162897	0.315	0.041	7.8056271525392e-114	ALYREF	c30
3.2974955316107e-118	2.44167503167271	0.24	0.025	1.11105814442091e-113	INCENP	c30
3.90147383714986e-118	2.3928626809321	0.171	0.013	1.31456259468927e-113	FANCB	c30
3.92155933780534e-118	2.03977644703362	0.844	0.302	1.32133020328013e-113	SLBP	c30
5.47516869141078e-118	1.41350928108039	0.984	0.784	1.84480333888395e-113	RAN	c30
6.42718427979201e-118	-1.01304396356151	0.997	0.997	2.16557547123312e-113	RPL13	c30
7.29437409913587e-118	2.6746175769318	0.134	0.008	2.45776640896284e-113	CCDC15	c30
2.34896201089465e-117	1.73323441104324	0.981	0.614	7.91459259950843e-113	H2AFV	c30
3.03393063538193e-117	1.83450921579931	0.358	0.051	1.02225258828559e-112	RP11-545E17.3	c30
4.27013269748848e-117	3.16504003617663	0.128	0.007	1.43877851109177e-112	LINC01572	c30
5.34782955423817e-117	1.74977038738914	0.511	0.097	1.80189769000501e-112	SLC1A5	c30
9.40087634314105e-117	1.55844836704282	0.981	0.576	3.16753127505795e-112	SNRPB	c30
6.30132596458571e-116	-0.979795364847613	0.997	0.999	2.12316877050751e-111	EEF1A1	c30
1.69251375579975e-115	1.05078688257379	1	0.959	5.70275584879166e-111	MYL6	c30
5.83601849193269e-115	-2.82318192743026	0.741	0.938	1.9663880706718e-110	TXNIP	c30
8.87441108219197e-115	1.75640011698639	0.922	0.365	2.99014407003376e-110	TPM4	c30
1.04233646977133e-114	1.6448077764079	0.586	0.121	3.51204850124751e-110	ACAT2	c30
2.292092889297e-114	1.61553185881763	0.676	0.158	7.72297778119731e-110	CBX5	c30
2.39118128832093e-114	1.39813962395772	0.788	0.213	8.05684623286853e-110	MIR4435-2HG	c30
2.51425916219486e-114	1.77142980588185	0.427	0.072	8.47154482109935e-110	SARDH	c30
6.39314067991803e-114	1.613582940075	0.433	0.073	2.15410482069158e-109	CCDC18	c30
1.11020494350965e-113	1.95513347450739	0.607	0.141	3.74072453666141e-109	MIR155HG	c30
1.86588249572448e-113	2.49492271835851	0.221	0.022	6.28690448109408e-109	HIST1H2BJ	c30
2.6245369586741e-113	1.68552785926844	0.477	0.086	8.84311482855651e-109	PARVB	c30
3.95161727263452e-113	-1.02002872158907	1	0.994	1.33145792384147e-108	RPL39	c30
6.7511423703818e-113	3.03021225948662	0.128	0.008	2.27472991027644e-108	ARNTL2	c30
1.65068159460815e-112	1.92610610888857	0.361	0.055	5.5618065648727e-108	ZBED2	c30
3.84196163349501e-112	1.81675328878615	0.28	0.034	1.29451055278981e-107	CENPL	c30
4.01587775528711e-112	1.45466904642139	0.988	0.573	1.35310985086644e-107	COX5A	c30
4.0996766548965e-112	1.68501227523395	0.966	0.619	1.38134505210083e-107	PGAM1	c30
4.17622094259161e-112	1.65898169145348	0.832	0.254	1.40713588439682e-107	TXNDC17	c30
4.95766150660815e-112	1.77060975781229	0.312	0.041	1.67043446803655e-107	SASS6	c30
6.88529181135059e-112	1.65174802031852	0.729	0.188	2.31993022291647e-107	SHMT2	c30
9.35343408918262e-112	2.3825221578634	0.181	0.015	3.15154608200919e-107	MASTL	c30
1.0581988685645e-111	1.64677034982103	0.931	0.384	3.56549526774124e-107	SNRPD1	c30
8.21595724420997e-111	2.46125392126598	0.137	0.009	2.76828463386411e-106	EFCAB11	c30
1.01753623743978e-110	1.62593292802681	0.741	0.192	3.42848659842958e-106	MAD2L2	c30
1.04088740241728e-110	1.72008275586299	0.903	0.335	3.50716601370479e-106	H2AFY	c30
1.24633296915724e-110	1.67910778157493	0.436	0.075	4.1993943062784e-106	ICMT	c30
1.64295782942583e-110	5.05670376291134	0.04	0.001	5.53578211046739e-106	KANK2	c30
1.7741273911156e-109	1.81036039017429	0.788	0.235	5.97774483162489e-105	STRA13	c30
2.88221677463582e-109	1.61399474272559	0.589	0.127	9.71134120045795e-105	ACTL6A	c30
3.21910004903825e-109	2.06547695161853	0.312	0.043	1.08464357052295e-104	PSAT1	c30
3.86659039706286e-109	1.59612217180439	0.492	0.093	1.30280896838636e-104	TOPBP1	c30
9.90364437016174e-109	2.31757045354885	0.181	0.016	3.3369339340823e-104	TMEM97	c30
1.40507967771611e-108	2.41100229356198	0.171	0.014	4.73427546609666e-104	FAAP24	c30
1.93994716311694e-108	3.20510411911993	0.106	0.005	6.5364579714062e-104	MESP1	c30
2.95494656645857e-108	1.73335332474088	0.763	0.221	9.95639696102551e-104	SMC1A	c30
9.73793189163141e-108	1.73514372384429	0.427	0.076	3.28109877156629e-103	CD38	c30
1.02768568580698e-107	-0.901307623515238	1	0.995	3.46268414975805e-103	RPS28	c30
1.6915635328218e-107	1.62374376053223	0.885	0.313	5.69955416748977e-103	PRDX3	c30
1.84954350502568e-107	1.6953285996626	0.788	0.234	6.23185188583352e-103	MTHFD2	c30
3.14850551386161e-107	1.59468258368252	0.956	0.559	1.06085744784053e-102	DEK	c30
4.82466761424724e-107	1.66597220808658	0.738	0.197	1.62562350594447e-102	SAE1	c30
9.84614166313879e-107	3.81882010312167	0.093	0.004	3.31755897197798e-102	PSRC1	c30
1.02365399892127e-106	3.0011149173468	0.159	0.012	3.44909978396532e-102	TNFRSF8	c30
1.04725494604142e-106	1.78766980294742	0.308	0.042	3.52862081519196e-102	LRRC42	c30
1.09744466220442e-106	1.60875309059297	0.897	0.332	3.69773004483158e-102	LSM4	c30
1.17175365178827e-106	1.9582296465284	0.33	0.049	3.94810675433538e-102	SDC4	c30
1.23547951627474e-106	1.66597209055975	0.769	0.219	4.1628246821361e-102	LAP3	c30
2.17838695093875e-106	2.01367832999668	0.53	0.115	7.33985699249301e-102	TESC	c30
2.97306155589004e-106	1.57153247527909	0.327	0.047	1.00174336064159e-101	PRADC1	c30
4.23970283896979e-106	1.05588195618479	1	0.908	1.42852547456248e-101	HNRNPA2B1	c30
4.48521153669539e-106	1.69714727996122	0.458	0.088	1.51124717517415e-101	HAVCR2	c30
5.19091863751922e-106	1.94689138791505	0.227	0.025	1.74902812572573e-101	C4orf46	c30
7.37723329222243e-106	2.39959026083398	0.302	0.042	2.48568498548143e-101	HIST1H2AG	c30
2.37361679664306e-105	1.4346401554442	0.607	0.134	7.99766443460912e-101	MPDU1	c30
2.62587693928419e-105	1.71432544612967	0.701	0.186	8.84762975922414e-101	USP1	c30
5.72664801743665e-105	-1.23272097746104	0.997	1	1.92953678299511e-100	MALAT1	c30
7.97645413762374e-105	1.57503000474709	0.576	0.128	2.68758645713094e-100	SPATS2L	c30
1.16305976281555e-104	1.72833366070554	0.984	0.662	3.91881356483071e-100	PKM	c30
1.19236170014938e-104	1.72492602872012	0.364	0.058	4.01754351248332e-100	DLEU2	c30
1.96783955628122e-104	1.60851682891358	0.349	0.053	6.63043860093393e-100	RFWD3	c30
2.0216958982116e-104	2.79351485312308	0.106	0.006	6.81190215943417e-100	RDM1	c30
2.09190873843008e-104	1.66190771671058	0.43	0.077	7.04847730326631e-100	DERA	c30
2.52291075606828e-104	2.92356687405296	0.118	0.007	8.50069550149647e-100	LRRC20	c30
3.10893870257796e-104	1.49638139710219	0.467	0.087	1.04752580644662e-99	DPP3	c30
3.32424767461613e-104	1.08837332646036	1	0.988	1.12007201148516e-99	ACTG1	c30
5.06305500146019e-104	1.62905510441827	0.533	0.112	1.705945752192e-99	CD151	c30
5.84133206379308e-104	-0.910253176385434	0.997	0.996	1.96817842557444e-99	RPL11	c30
2.75826573514012e-103	3.37298480051293	0.075	0.003	9.29370056798113e-99	SMTN	c30
5.22280700370345e-103	4.73779733810506	0.047	0.001	1.75977259182784e-98	NRGN	c30
5.35883878450004e-103	1.69772551570605	0.96	0.505	1.80560714004944e-98	HLA-DRB1	c30
5.49519545293244e-103	2.01075639124385	0.231	0.026	1.85155115591106e-98	LRRCC1	c30
6.55943916724366e-103	1.42200918967142	0.489	0.095	2.21013743301108e-98	UBL4A	c30
8.14876827986115e-103	1.74265602515747	0.327	0.048	2.74564598421642e-98	AGMAT	c30
8.67002789760544e-103	1.92743845279462	0.224	0.025	2.92127919981918e-98	MRPL12	c30
1.49965394574012e-102	1.54305459457889	0.632	0.15	5.05293400477675e-98	DPM2	c30
1.76509295246946e-102	2.59108907829498	0.143	0.011	5.94730419405061e-98	XRCC3	c30
3.10228709744989e-102	1.65171396139651	0.455	0.086	1.04528461461477e-97	EMC9	c30
5.83205838160527e-102	1.54938128743628	0.558	0.121	1.96505375109808e-97	HAT1	c30
5.92191743818608e-102	2.87556584447701	0.156	0.013	1.99533086162242e-97	GPAT2	c30
9.77842816006594e-102	1.5548550986596	0.757	0.21	3.29474358425262e-97	UQCC2	c30
1.01475702739997e-101	2.14726215399267	0.178	0.016	3.41912232812147e-97	BYSL	c30
1.03655003239756e-101	1.5919828869499	0.38	0.063	3.49255167916033e-97	HN1L	c30
1.38909474768652e-101	3.78788472263311	0.097	0.005	4.68041584285497e-97	TM6SF1	c30
2.88550298453308e-101	4.87332106908091	0.037	0.001	9.72241375608576e-97	DNMT3B	c30
3.08633747811115e-101	1.81917780320581	0.427	0.079	1.03991054987477e-96	PSMA2	c30
4.02971728949345e-101	-1.02412452575272	1	0.995	1.35777294352192e-96	RPS3A	c30
5.49348173322708e-101	-0.881150218542484	0.997	0.994	1.85097373519353e-96	RPS23	c30
1.18254133727899e-100	2.36345151213716	0.193	0.019	3.98445478182783e-96	C17orf58	c30
1.40387844015012e-100	1.91230650833418	0.411	0.075	4.73022801624181e-96	UBE2S	c30
1.988332570279e-100	1.43857167039013	0.545	0.116	6.69948776229807e-96	POP7	c30
2.85389473533708e-100	4.90862719393705	0.034	0	9.61591292124477e-96	HIST1H2BO	c30
4.68611607837282e-100	-0.87095568371237	0.997	0.996	1.57893995144694e-95	RPS3	c30
5.9032222882201e-100	-0.817397730944829	1	0.996	1.98903171779288e-95	RPL19	c30
1.3498671486918e-99	1.57953964520572	0.474	0.094	4.54824237080216e-95	PIGX	c30
2.28367147074743e-99	2.18831139947905	0.234	0.027	7.69460265353638e-95	POLE	c30
2.78728915467151e-99	1.77843257511534	0.751	0.235	9.39149207775017e-95	ANP32E	c30
3.4410883474569e-99	2.24215336290178	0.19	0.019	1.15944030779213e-94	LIN9	c30
3.85494743336917e-99	1.38414471043119	0.517	0.107	1.29888598819941e-94	AKIP1	c30
4.73449185140295e-99	2.25981106474343	0.726	0.225	1.59523968441171e-94	TUBB4B	c30
5.05781204512991e-99	1.68489023096064	0.847	0.293	1.70417919048607e-94	DDX39A	c30
5.16828879432564e-99	1.54039319115464	0.533	0.113	1.74140322636008e-94	LYRM4	c30
1.87547564902361e-98	1.52220093773558	0.642	0.159	6.31922765182016e-94	MIS18BP1	c30
2.23282451043024e-98	3.00992889229229	0.084	0.004	7.52327890544366e-94	SLC25A10	c30
2.341111368407e-98	1.81458009265719	0.262	0.034	7.88814064471055e-94	RAD18	c30
2.71443249957816e-98	1.66698259685067	0.984	0.663	9.14600886407864e-94	ENO1	c30
3.61612147974993e-98	2.29389857157888	0.231	0.027	1.21841597138694e-93	MYO1E	c30
4.24282792299854e-98	1.3916658684746	0.452	0.086	1.42957844037513e-93	PRIM2	c30
4.89874660762206e-98	2.05951528179214	0.925	0.494	1.65058368197218e-93	DUT	c30
5.53072531008861e-98	2.02564990935452	0.243	0.03	1.86352258598126e-93	LINC01358	c30
1.15525638301883e-97	2.19560046714506	0.178	0.017	3.89252085694366e-93	C5orf30	c30
1.5387399226778e-97	1.00380946441856	0.991	0.898	5.18463029547058e-93	CHCHD2	c30
2.38373048427687e-97	1.77844948998084	0.271	0.036	8.03174149372249e-93	PARP2	c30
2.8906384952728e-97	2.79441948975682	0.165	0.015	9.73971734597216e-93	HIST1H2AE	c30
4.51044338459892e-97	1.29180593118866	0.486	0.096	1.51974879400676e-92	NUP37	c30
7.70617669520205e-97	1.3767679501767	0.505	0.104	2.59651917568138e-92	CNP	c30
7.82372870900659e-97	1.51593935261327	0.798	0.253	2.63612715121268e-92	SMC3	c30
9.02223251179728e-97	1.72862791311464	0.28	0.039	3.03995102252498e-92	BRI3BP	c30
9.73573418361157e-97	1.65353080478318	0.928	0.396	3.28035827582608e-92	HN1	c30
1.2339465654676e-96	1.20464262774678	0.984	0.715	4.15765955768653e-92	GNG5	c30
2.21934842162073e-96	4.60650588697613	0.059	0.002	7.47787257180889e-92	KDELR3	c30
2.80604664060437e-96	1.380903661913	0.972	0.583	9.45469355085236e-92	SNRPG	c30
3.16935598440904e-96	-1.18434713980783	0.969	0.988	1.06788280538678e-91	SARAF	c30
4.5572373251362e-96	1.46634632090907	0.424	0.078	1.53551554433139e-91	FH	c30
4.68863293199505e-96	-0.680057633083919	1	0.995	1.57978798010641e-91	FAU	c30
6.40272044266088e-96	1.26766051760858	0.988	0.697	2.15733262595016e-91	ATP5G3	c30
8.22723251999613e-96	1.50671269604333	0.854	0.298	2.7720837252875e-91	HLA-DRB5	c30
9.50644269533551e-96	1.67922576021841	0.505	0.109	3.20310080176635e-91	CKAP2	c30
1.59656473384161e-95	2.36065648382535	0.209	0.023	5.37946521420593e-91	HIST1H2AM	c30
1.83304340213668e-95	1.51176795561305	0.922	0.401	6.17625643915934e-91	CDK2AP2	c30
3.19625206283412e-95	-3.58411118861796	0.371	0.804	1.07694517005133e-90	IL7R	c30
5.10047810925951e-95	1.56186590050075	0.445	0.088	1.7185550941339e-90	AHI1	c30
6.3325292687079e-95	2.54707109202653	0.131	0.01	2.13368241179844e-90	FAM83D	c30
7.26648753157833e-95	1.88575591415578	0.29	0.042	2.44837030889e-90	LRRC45	c30
2.01049841687206e-94	2.12847793828265	0.218	0.025	6.77417336580871e-90	LANCL2	c30
2.84625104844841e-94	-0.710396158470287	1	0.997	9.59015828264209e-90	RPL28	c30
5.52863465252994e-94	1.27889531874501	0.629	0.15	1.86281815982344e-89	PCBD1	c30
5.66050793334337e-94	1.69444138113996	0.268	0.037	1.90725154306071e-89	BLM	c30
6.13525568802299e-94	1.0403432919454	0.997	0.887	2.06721305152246e-89	ARPC2	c30
6.3486707770271e-94	1.36994826655764	0.47	0.095	2.13912113161151e-89	PGRMC1	c30
1.14564646783462e-93	1.58203229230266	0.601	0.151	3.86014120872198e-89	LGALS9	c30
2.03120213633851e-93	1.44957300323269	0.467	0.095	6.84393247817897e-89	MCUR1	c30
4.20492001002137e-93	-1.16605008103196	0.988	0.99	1.4168057481766e-88	RPL9	c30
4.25210687144023e-93	1.59682391837753	0.72	0.218	1.43270488926307e-88	HLA-DQA1	c30
5.76444555019874e-93	2.46064217032614	0.15	0.013	1.94227228368396e-88	DBF4B	c30
5.91324368978589e-93	1.46786611745448	0.826	0.27	1.99240832883646e-88	PSMC3	c30
7.75942539892611e-93	1.38723108002677	0.604	0.145	2.61446079391416e-88	GUSB	c30
2.65457245515029e-92	2.5006035242809	0.137	0.011	8.94431643038338e-88	DHCR24	c30
3.21171582654763e-92	1.63374020481647	0.283	0.041	1.08215553059696e-87	MIS18A	c30
4.50287294368574e-92	1.42644705203605	0.371	0.065	1.51719800964547e-87	FANCA	c30
6.57466994169655e-92	1.40131634964898	0.564	0.129	2.21526929015523e-87	EBP	c30
8.09818459248357e-92	-0.675727730049175	1	0.996	2.72860231659141e-87	RPS15A	c30
8.55131755578203e-92	1.62876851001995	0.402	0.075	2.8812809372452e-87	PRIM1	c30
2.17165383517395e-91	1.47905122032168	0.822	0.284	7.31717043223511e-87	PSMA4	c30
2.4244886332435e-91	1.89815302488714	0.34	0.057	8.16907200085064e-87	RP11-620J15.3	c30
2.60712402408894e-91	1.22080989776967	0.984	0.743	8.78444368676527e-87	COX8A	c30
5.25088706671161e-91	1.48469135789523	0.988	0.66	1.76923388825781e-86	MT2A	c30
6.363427109181e-91	4.37799706302879	0.04	0.001	2.14409313016745e-86	RP11-108L7.15	c30
9.92941462683213e-91	1.49664895821648	0.508	0.112	3.34561696436482e-86	VRK1	c30
1.32841433336675e-90	3.37248190493115	0.09	0.005	4.47595925484593e-86	DPF3	c30
1.97506377904117e-90	1.54449754350163	0.536	0.124	6.65477989710133e-86	MYL6B	c30
3.57192488913197e-90	-0.86400484455883	1	0.995	1.20352437214412e-85	RPL32	c30
4.12080731682054e-90	2.04440556159086	0.174	0.017	1.38846481732951e-85	AC013461.1	c30
4.52714415713594e-90	1.55910234401225	0.857	0.303	1.52537595230538e-85	ITGAE	c30
5.48063338555596e-90	1.44781366060437	0.414	0.079	1.84664461292923e-85	UBR7	c30
5.6786828518884e-90	1.43346385678739	0.944	0.457	1.91337540011528e-85	PDIA6	c30
7.19457057589987e-90	2.48875705892185	0.143	0.012	2.4241386098437e-85	PIF1	c30
9.6445424905884e-90	1.26952873147987	0.679	0.177	3.24963214677886e-85	PSMD14	c30
1.15532573155659e-89	1.35372666944144	0.729	0.203	3.89275451990677e-85	ATP1B3	c30
1.56686674350441e-89	1.82479296157337	0.237	0.031	5.27940080556377e-85	ATAD3A	c30
2.52773856505538e-89	2.70455165249861	0.131	0.01	8.51696232109761e-85	CCDC74A	c30
6.89278874489401e-89	1.33856769523433	0.604	0.149	2.32245623970459e-84	MRPL37	c30
1.85547507890628e-88	1.33337880733927	0.483	0.103	6.25183773086683e-84	RDX	c30
2.42513093285338e-88	1.87739866466365	0.607	0.162	8.17123616515619e-84	TUBA1C	c30
2.54178882375654e-88	1.372181412498	0.757	0.227	8.5643032627653e-84	HLA-DMA	c30
3.51878454144393e-88	1.28494680476643	0.558	0.136	1.18561926339412e-83	TOX2	c30
4.39165187955061e-88	0.762760358807059	1	0.997	1.47972318429578e-83	PTMA	c30
5.28935563207717e-88	1.3367799216548	0.944	0.504	1.78219548667208e-83	SRSF3	c30
5.79368690966009e-88	1.28717327444438	0.458	0.094	1.95212486734087e-83	MLH1	c30
1.18947361352812e-87	1.76211887814171	0.274	0.04	4.00781239342163e-83	HAUS5	c30
1.59076897108513e-87	1.18090677257407	0.978	0.724	5.35993697117423e-83	ANP32B	c30
1.83911306382575e-87	4.18834876968606	0.053	0.002	6.1967075572545e-83	C3orf67	c30
2.2164493501629e-87	2.42047994443484	0.128	0.01	7.46810444043888e-83	C16orf95	c30
2.39997509098101e-87	-0.794418913737354	1	0.995	8.08647607155143e-83	RPL14	c30
2.59342104950498e-87	3.50627300198821	0.075	0.003	8.73827288420208e-83	BATF3	c30
2.65523896778657e-87	1.53901255545873	0.277	0.041	8.94656217806007e-83	WRAP53	c30
7.39334666854225e-87	3.33026879903558	0.084	0.004	2.49111422649863e-82	FAM92A1	c30
9.91104176600955e-87	1.57982281724995	0.312	0.051	3.33942641263926e-82	ABHD5	c30
1.05348258325264e-86	1.26579854771797	0.676	0.179	3.54960421601144e-82	MTCH2	c30
1.57396945970227e-86	1.93732767292272	0.227	0.029	5.30333269752083e-82	RP11-500C11.3	c30
2.4292628168754e-86	1.35876790343125	0.913	0.384	8.18515813517996e-82	MRPL51	c30
2.43061877332108e-86	-1.15424835659435	0.997	0.993	8.18972689482804e-82	MT-ND3	c30
2.63793457291647e-86	1.59003711236398	0.804	0.304	8.88825674998476e-82	DNMT1	c30
8.19099373054617e-86	2.99796371636863	0.087	0.005	2.75987342757023e-81	AP001347.6	c30
2.07983061605263e-85	2.31626263469877	0.165	0.016	7.00778127772773e-81	VANGL1	c30
6.08229180578709e-85	1.28430671817281	0.707	0.196	2.0493674010419e-80	MRPL13	c30
6.60528799593114e-85	2.99851159103739	0.112	0.008	2.22558573734904e-80	PRKCDBP	c30
1.06601874352388e-84	1.42480585085808	0.801	0.269	3.59184355442936e-80	CCT5	c30
1.11709929497479e-84	2.23555853417287	0.798	0.322	3.76395436448806e-80	LGALS1	c30
1.21379914208649e-84	1.43236636782845	0.358	0.067	4.08977482934624e-80	GEM	c30
1.40663936320889e-84	1.31835294342822	0.963	0.499	4.73953067039605e-80	ANAPC11	c30
1.51125886279322e-84	1.41028854034779	0.882	0.391	5.09203561229547e-80	VDAC1	c30
1.89632867279157e-84	1.24323961669605	0.498	0.111	6.38948983010393e-80	MAGOHB	c30
2.04680040233556e-84	1.28401880984195	0.623	0.162	6.89648927562942e-80	DDB2	c30
2.91113953313699e-84	1.7345644629376	0.495	0.118	9.80879354295178e-80	CCDC50	c30
3.16445098655422e-84	1.1298058967255	0.981	0.658	1.06623011540958e-79	PPP1CA	c30
3.45470615006894e-84	-1.8518116512561	0.857	0.94	1.16402869020423e-79	TSC22D3	c30
4.52893503586423e-84	1.4103067520816	0.408	0.081	1.52597937098409e-79	CTNNBIP1	c30
7.07813443958452e-84	2.96278248650639	0.103	0.007	2.38490661807361e-79	PRRG4	c30
2.20113828477343e-83	1.31542758644437	0.969	0.634	7.41651533671561e-79	CALM3	c30
5.21145693520078e-83	3.73938499464591	0.05	0.001	1.75594829974655e-78	HPDL	c30
5.5160367036544e-83	1.70529082323079	0.299	0.049	1.85857340692931e-78	TSPAN2	c30
6.04666835188456e-83	2.75824744295357	0.165	0.017	2.03736443448398e-78	IFITM10	c30
7.79210604792399e-83	2.63674189023442	0.486	0.128	2.62547221178751e-78	GZMB	c30
7.89177185096604e-83	5.34701695606079	0.031	0	2.6590536074645e-78	FAM57B	c30
9.6478359705052e-83	1.3351847546208	0.751	0.23	3.25074185190202e-78	RBBP7	c30
1.02922169165614e-82	1.22672444453002	0.539	0.128	3.46785956786621e-78	CASP3	c30
1.03419238210468e-82	1.43864673669584	0.604	0.16	3.48460781226352e-78	ACAA2	c30
1.3480281209868e-82	1.23569112575592	0.636	0.165	4.54204595085291e-78	DCPS	c30
2.01190406546689e-82	-0.84439676278522	1	0.993	6.77890955818414e-78	RPS13	c30
2.34552383981622e-82	1.28140932379419	0.489	0.11	7.90300802587676e-78	MCMBP	c30
2.90226533828531e-82	1.34136336131995	0.735	0.217	9.77889283081853e-78	MZT1	c30
3.19030840280632e-82	1.4057150123985	0.941	0.482	1.07494251324156e-77	TXN	c30
4.88041687777783e-82	1.38256160149676	0.71	0.212	1.64440766279846e-77	SSRP1	c30
5.30845540378181e-82	1.3476597890358	0.822	0.276	1.78863096375024e-77	HSBP1	c30
8.6466293436268e-82	1.25594549969371	0.614	0.158	2.91339529104161e-77	GMPS	c30
1.13024540436882e-81	1.33630653232159	0.664	0.185	3.80824886548032e-77	EIF4A3	c30
1.16432761858606e-81	1.30468294296005	0.981	0.658	3.92308547806387e-77	ARPC1B	c30
1.27494654309656e-81	-0.735933777829921	0.997	0.995	4.29580488230953e-77	RPLP2	c30
1.47753003170303e-81	1.25973582597615	0.963	0.464	4.97838968882019e-77	CBX3	c30
1.52556101505494e-81	1.20392276305316	0.48	0.106	5.1402252841261e-77	MRPL15	c30
1.88030194144983e-81	1.43928267964196	0.483	0.11	6.33548936152104e-77	MYCBP	c30
1.90794658754623e-81	1.40542175775133	0.486	0.111	6.42863523207828e-77	PRPS2	c30
3.36155912752726e-81	1.23742468154386	0.505	0.116	1.13264373242903e-76	RAD51C	c30
3.54778576193096e-81	2.09331480789808	0.134	0.012	1.19539093462502e-76	PLCXD1	c30
3.75677590733458e-81	1.2136568045892	0.785	0.261	1.26580807421731e-76	PDCD1	c30
3.94844935639642e-81	1.44242915946465	0.28	0.044	1.33039052614421e-76	SGCB	c30
5.96726287590747e-81	1.24084625342526	0.729	0.213	2.01060955340826e-76	HINT2	c30
7.00541157282322e-81	1.49560185004584	0.43	0.092	2.36040337534705e-76	EEF1E1	c30
7.53226114125681e-81	1.29122143431927	0.894	0.342	2.53792006893507e-76	LSM3	c30
7.75778950033748e-81	1.93603750653764	0.209	0.027	2.61390959424371e-76	WEE1	c30
8.7686000210991e-81	1.34649577225983	0.785	0.251	2.95449209110913e-76	UBE2A	c30
1.09826395078384e-80	2.67231512015203	0.165	0.018	3.70049055577108e-76	TSPAN13	c30
1.1715242458229e-80	1.59325099750709	0.206	0.026	3.94733379387566e-76	RMI1	c30
1.31301548406726e-80	1.26244716357182	0.969	0.642	4.42407437201623e-76	ARPC5	c30
1.63918386551706e-80	1.20641029116065	0.505	0.12	5.52306611647317e-76	GALNT2	c30
2.18680446537667e-80	3.49859636302724	0.062	0.002	7.36821896564017e-76	PVR	c30
2.7957948843093e-80	1.25505171771408	0.607	0.158	9.42015128319176e-76	TOR3A	c30
6.2756243810042e-80	1.2167070898538	0.71	0.204	2.11450887893556e-75	TMEM14A	c30
8.12286769334015e-80	5.4117044314302	0.037	0.001	2.73691904059403e-75	NCS1	c30
8.40333386977871e-80	-1.39955008852049	0.882	0.928	2.83141931408324e-75	PNRC1	c30
1.03040259774471e-79	2.11878054459502	0.159	0.016	3.47183851284103e-75	PLOD1	c30
1.117220893164e-79	1.1511713910093	0.542	0.13	3.76436407742678e-75	PPP5C	c30
1.21881004373902e-79	1.25752812609328	0.947	0.456	4.10665856137426e-75	BANF1	c30
5.21601407644366e-79	1.29346961954698	0.748	0.235	1.75748378291693e-74	ETFB	c30
5.66035076050805e-79	1.06649748379585	0.972	0.7	1.90719858524558e-74	PARK7	c30
5.66174540891741e-79	-1.00231488184806	0.988	0.989	1.90766849808063e-74	RPL5	c30
8.57695818870347e-79	1.70167488066867	0.24	0.035	2.88992029210175e-74	C9orf64	c30
9.95913057375731e-79	-0.775706858190836	0.997	0.993	3.35562945552179e-74	RPL36	c30
1.103260786554e-78	1.15798793557181	0.966	0.589	3.71732689421504e-74	DBI	c30
1.29559042877919e-78	1.50732549056667	0.847	0.348	4.3653623907286e-74	C12orf75	c30
1.29676392976115e-78	1.43802678396609	0.505	0.122	4.36931638493721e-74	BLVRA	c30
1.86260041583785e-78	1.48523343864673	0.346	0.065	6.27584584112405e-74	RBL1	c30
1.92784112012925e-78	1.25853649345139	0.813	0.274	6.4956678701635e-74	GSTO1	c30
2.14526972016973e-78	1.31937353260317	0.349	0.066	7.22827179513988e-74	CASP2	c30
2.3374600589116e-78	1.65940572191418	0.243	0.036	7.87583792249676e-74	NPM3	c30
3.82660559826573e-78	-0.993912341752885	0.994	0.993	1.28933649027965e-73	RPL3	c30
6.55324080500942e-78	1.23976368345261	0.701	0.203	2.20804895683987e-73	ZDHHC12	c30
7.06135743383076e-78	1.18989148550719	0.651	0.178	2.37925377375493e-73	YIF1B	c30
8.91538138503703e-78	1.43202781470402	0.408	0.086	3.00394860387438e-73	AHCY	c30
1.02529184407888e-77	6.16406768491103	0.019	0	3.45461833943937e-73	CTD-2291D10.4	c30
1.069063360393e-77	1.62722719329409	0.308	0.054	3.60210208650817e-73	UBAC1	c30
1.17808936172954e-77	3.49318095336904	0.065	0.003	3.96945429541152e-73	SMIM10	c30
1.25646853469268e-77	1.22804188014192	0.667	0.192	4.23354508079351e-73	PSMD1	c30
1.62517890430662e-77	1.33564483829277	0.885	0.347	5.47587780017074e-73	PSMB2	c30
1.80380661146545e-77	1.25082351961422	0.947	0.55	6.07774599667167e-73	FKBP1A	c30
3.46463274022226e-77	1.28883971353837	0.779	0.255	1.16737335549049e-72	FDPS	c30
4.64656244888472e-77	1.49054726855344	0.255	0.039	1.56561275152722e-72	CEP41	c30
4.74199751669639e-77	1.29507203142639	0.913	0.411	1.59776864327568e-72	TALDO1	c30
5.17934960127289e-77	1.46306845069397	0.368	0.074	1.74513005465289e-72	NAB1	c30
5.6947716760681e-77	4.13962899224772	0.065	0.003	1.91879636853439e-72	AK4	c30
6.68256740985539e-77	1.4279638010016	0.271	0.043	2.25162426307668e-72	XRCC6BP1	c30
1.13171492506796e-76	1.18203882174998	0.57	0.145	3.81320026852398e-72	LRRC59	c30
1.64975560855797e-76	1.92259216078326	0.159	0.017	5.55868654747524e-72	DCLRE1B	c30
3.15491827690365e-76	1.1087617463148	0.548	0.137	1.06301816421991e-71	C1orf35	c30
3.22075470646112e-76	-0.813572254345758	0.994	0.99	1.08520109079501e-71	RPS29	c30
3.45110281379145e-76	1.3364867866087	0.321	0.058	1.16281458207889e-71	UBL7-AS1	c30
3.57421501166229e-76	2.7625307110889	0.078	0.004	1.20429600602949e-71	STRIP2	c30
3.91948027183046e-76	1.1277112425088	0.555	0.14	1.32062968279055e-71	JAKMIP1	c30
4.23906652428667e-76	1.27414361802794	0.645	0.184	1.42831107469315e-71	PMVK	c30
4.33777723539248e-76	1.2024511874848	0.654	0.184	1.46157066169314e-71	TPGS2	c30
7.85969045654772e-76	1.29008341222213	0.421	0.09	2.64824410242919e-71	MB21D1	c30
9.05315635068504e-76	3.25940462795152	0.062	0.003	3.05037050079982e-71	GPC1	c30
1.02775335102501e-75	1.28267778783836	0.835	0.298	3.46291214094367e-71	IFI27L2	c30
1.18075044264387e-75	1.50115631291622	0.274	0.045	3.97842054144425e-71	COLGALT1	c30
1.29533642939349e-75	1.24982668645288	0.701	0.208	4.36450656519843e-71	CISD2	c30
1.30606061852877e-75	1.17402009970834	0.533	0.132	4.40064064807085e-71	HAUS1	c30
1.63381124001902e-75	1.20854358813821	0.695	0.205	5.5049635921201e-71	COPS3	c30
2.12400469786801e-75	1.11877252773813	0.364	0.071	7.15662142899649e-71	TSFM	c30
2.39980981306593e-75	1.225635495311	0.386	0.079	8.08591918414436e-71	NRAS	c30
2.43615073669709e-75	1.56460692793051	0.259	0.041	8.20836629222717e-71	RNASEK-C17orf49	c30
2.96671235467741e-75	1.27895038312592	0.62	0.172	9.99604060785006e-71	POLR3K	c30
3.41271545001592e-75	1.24046941609598	0.567	0.148	1.14988034372837e-70	PAFAH1B3	c30
3.5536784171159e-75	1.21413163257936	0.508	0.124	1.19737640586303e-70	SUZ12	c30
3.64070868252126e-75	1.13772301152489	0.368	0.073	1.22670038348871e-70	RUSC1	c30
5.4533064426793e-75	1.45507553537874	0.231	0.033	1.83743707279636e-70	NDC1	c30
5.50556038460847e-75	1.20990500292631	0.542	0.136	1.85504351598998e-70	CBX1	c30
6.11643315795898e-75	1.23824280588503	0.629	0.175	2.0608709882427e-70	COMMD4	c30
7.6207612167852e-75	1.69950393715117	0.246	0.038	2.5677392843836e-70	PDF	c30
8.36295810227743e-75	1.5765569881375	0.393	0.084	2.81781510298136e-70	CKAP5	c30
9.55938272707669e-75	1.38056026425176	0.981	0.711	3.22093841606122e-70	LDHA	c30
1.00872783645943e-74	1.65605618748489	0.28	0.048	3.3988075721664e-70	DENND6B	c30
1.21578003710668e-74	1.7654949096646	0.209	0.028	4.09644925702724e-70	GSTZ1	c30
1.32570589633527e-74	1.29102862373869	0.879	0.375	4.46683344711205e-70	LSM2	c30
1.4188642753929e-74	1.19603950449309	0.393	0.082	4.78072128950885e-70	RAD9A	c30
1.74857410881426e-74	1.14240398899692	0.505	0.122	5.89164560223878e-70	BCAP29	c30
2.03442328097802e-74	1.29071003364502	0.536	0.138	6.85478580292733e-70	NDUFC2	c30
2.92357881079711e-74	-0.866625408608183	1	0.994	9.85070644509977e-70	TPT1	c30
4.63256479402173e-74	1.22758427664091	0.464	0.108	1.56089638169768e-69	HDGF	c30
5.07706552926746e-74	1.11790080138613	0.439	0.098	1.71066645943138e-69	GUCD1	c30
5.31893335651924e-74	1.12453006065665	0.994	0.857	1.79216140514559e-69	COTL1	c30
6.70751293441398e-74	1.37829361258261	0.283	0.048	2.26002940812145e-69	NRROS	c30
6.70899524661134e-74	2.078213659459	0.134	0.013	2.26052885839322e-69	C9orf40	c30
6.71139505741563e-74	1.19671265644851	0.838	0.294	2.26133745064562e-69	VDAC3	c30
8.50299835684709e-74	2.29831399376991	0.121	0.011	2.86500026635606e-69	RHEBL1	c30
9.70394113668008e-74	1.12013304272355	0.984	0.648	3.26964592659299e-69	HNRNPA3	c30
1.23279764806328e-73	1.26226347281225	0.751	0.247	4.15378839538441e-69	FIBP	c30
1.25218218301378e-73	5.25260737976194	0.028	0	4.21910264744664e-69	AP000251.3	c30
1.26244218833749e-73	1.20245050413506	0.38	0.078	4.25367270938434e-69	HAUS2	c30
1.41476831326597e-73	1.44577581709414	0.221	0.032	4.76692035471835e-69	C1orf112	c30
1.43213933372088e-73	1.26078112511698	0.96	0.602	4.82545027103912e-69	HLA-DPA1	c30
1.69041489451806e-73	1.18019315465698	0.632	0.177	5.69568394558917e-69	POLR2H	c30
1.82174697150509e-73	2.14802345988456	0.224	0.033	6.13819424578926e-69	CCR1	c30
1.8579405015106e-73	1.47155329892991	0.315	0.058	6.2601447257898e-69	INPP1	c30
2.56511231772359e-73	0.78845379416844	0.984	0.889	8.64288944333787e-69	SUMO2	c30
2.67179292344803e-73	1.30591623157434	0.723	0.233	9.00233907626579e-69	HPRT1	c30
3.23305708060191e-73	-0.68825873919577	1	0.995	1.08934625273801e-68	RPL18A	c30
3.3059595826777e-73	3.36506408895915	0.053	0.002	1.11391002178743e-68	NT5DC2	c30
3.50552510926944e-73	1.61454413670404	0.271	0.045	1.18115163031724e-68	PCBD2	c30
3.56115702328863e-73	1.20017908463195	0.804	0.271	1.19989624742687e-68	HNRNPD	c30
4.57190392453744e-73	1.29478773501634	0.396	0.084	1.54045730833364e-68	UTP11L	c30
5.30276989075983e-73	1.12549989895111	0.589	0.156	1.78671528699262e-68	ACADM	c30
5.66938695164833e-73	-0.865774413961498	0.994	0.976	1.91024323948839e-68	PFDN5	c30
6.93820993149319e-73	1.03583563022802	0.573	0.15	2.33776045431732e-68	EIF4EBP1	c30
1.41403695286192e-72	2.02484507479702	0.19	0.025	4.76445610897294e-68	FAH	c30
1.94718707761105e-72	2.01613166693462	0.128	0.012	6.56085213930269e-68	RFX2	c30
2.21710647321711e-72	1.24916786165288	0.498	0.123	7.47031855085772e-68	EBNA1BP2	c30
2.54039952181784e-72	1.18636704457664	0.654	0.191	8.55962214881304e-68	STIP1	c30
3.17502400697511e-72	1.67147097381517	0.237	0.036	1.06979258891019e-67	KATNAL1	c30
4.18220208812432e-72	1.41074077645672	0.184	0.023	1.40915117157261e-67	GEMIN4	c30
5.04651306105582e-72	1.30928407543505	0.863	0.366	1.70037211079215e-67	RBPJ	c30
5.54497621626758e-72	1.05571103730215	0.863	0.333	1.8683242863092e-67	DUSP4	c30
6.17124061940729e-72	2.58655007283033	0.097	0.007	2.07933781430309e-67	SPIN4	c30
7.36834294408555e-72	1.36099199636352	0.33	0.064	2.48268947158018e-67	SQLE	c30
8.34165515184106e-72	2.17291824438764	0.168	0.02	2.81063728686133e-67	CD109	c30
8.88266140235952e-72	1.17947707403611	0.464	0.112	2.99292393291102e-67	ETV7	c30
9.84526047485098e-72	1.55385731863902	0.234	0.036	3.31726206439629e-67	HMBS	c30
1.20382186348376e-71	1.1706677873933	0.629	0.18	4.05615738682217e-67	DUSP23	c30
1.45388410915627e-71	1.26032808299403	0.804	0.284	4.89871711739115e-67	CCT2	c30
1.46222200681787e-71	1.4123222357513	0.816	0.318	4.92681082977214e-67	TYMP	c30
1.76324437970618e-71	0.752343368405744	0.991	0.911	5.94107561298199e-67	RHOA	c30
1.94668652504436e-71	1.19862334635062	0.555	0.146	6.55916557748448e-67	RPL26L1	c30
2.39643825240806e-71	1.2772678847347	0.417	0.094	8.07455904766373e-67	PGP	c30
2.642274957614e-71	1.24598852610631	0.688	0.213	8.9028812421846e-67	FKBP3	c30
2.85205763108877e-71	0.990462183294721	0.969	0.67	9.60972298219049e-67	ATP5J2	c30
2.91548852190757e-71	1.21420788735896	0.645	0.188	9.82344702571536e-67	EXOSC8	c30
2.9615998745709e-71	1.35569106828341	0.361	0.075	9.97881461737919e-67	PLPP1	c30
3.3541882115319e-71	1.42243901687122	0.424	0.099	1.13016017599356e-66	USP18	c30
3.8623036760684e-71	1.31748366978909	0.586	0.165	1.30136460061449e-66	SARNP	c30
4.10632678960894e-71	-0.840344870734746	0.994	0.991	1.38358574849084e-66	HLA-E	c30
4.15040804866431e-71	1.1714896163025	0.57	0.155	1.39843848791695e-66	NOP56	c30
4.25240220526671e-71	0.977556097901322	0.991	0.823	1.43280439904256e-66	SUB1	c30
5.84314515997136e-71	-1.41346410858085	0.947	0.952	1.96878933020075e-66	MT-ND2	c30
6.704749296098e-71	1.28897284594784	0.888	0.385	2.25909822782726e-66	IFI6	c30
7.24693763535356e-71	1.05644660304393	0.389	0.083	2.44178316685603e-66	FTSJ2	c30
7.76915892155791e-71	-0.641570171806515	1	0.995	2.61774040702972e-66	RPL7A	c30
1.12241614630242e-70	1.25540495866556	0.34	0.067	3.78186896335137e-66	CEP78	c30
1.24961452901133e-70	1.15696193677532	0.969	0.546	4.21045119405077e-66	YWHAQ	c30
1.29795887404714e-70	1.23535041939305	0.611	0.174	4.37334263021442e-66	MRPL17	c30
1.53706278742977e-70	1.26039973346386	0.829	0.32	5.17897935596585e-66	HSPB11	c30
1.67192624503159e-70	1.2683618058401	0.492	0.126	5.63338829000945e-66	OAS3	c30
2.39080792444551e-70	2.0908679245015	0.125	0.012	8.0555882206267e-66	MTBP	c30
3.01369586759324e-70	1.67162791522964	0.209	0.03	1.01543468562686e-65	SLC37A4	c30
3.56215647554033e-70	1.36746204177733	0.872	0.423	1.20023300286856e-65	IDH2	c30
3.57295227126257e-70	4.40266115717079	0.028	0	1.20387053827921e-65	NOTUM	c30
3.6105081518062e-70	1.21713426939013	0.62	0.179	1.21652461666958e-65	WDR54	c30
3.6668485011275e-70	0.955413919770416	0.991	0.822	1.2355079339699e-65	YBX1	c30
3.74793729507073e-70	1.25335384284435	0.875	0.367	1.26282999220113e-65	ILF2	c30
4.12994027430885e-70	1.23105937071773	0.489	0.122	1.39154207602562e-65	TMEM107	c30
5.09173562848261e-70	1.40081422509891	0.514	0.136	1.71560940266093e-65	POLD2	c30
6.18787777402919e-70	1.1689775206482	0.931	0.461	2.0849435371814e-65	NDUFA6	c30
6.19551546505281e-70	3.07801644658001	0.09	0.006	2.08751698079489e-65	HIST1H2AB	c30
8.32957631076346e-70	1.34430246112872	0.822	0.336	2.80656744214864e-65	LSM5	c30
9.5149269303195e-70	7.14078021208983	0.016	0	3.20595947990185e-65	FAM72C	c30
9.59989170225115e-70	6.35870749165437	0.016	0	3.2345875101565e-65	ZNF695	c30
9.62202049093403e-70	2.01684021784177	0.128	0.012	3.24204358421531e-65	FANCC	c30
1.28284642175538e-69	1.64175045925813	0.564	0.176	4.32242273346258e-65	TNFRSF18	c30
1.58114846691362e-69	1.17445983427882	0.72	0.231	5.32752164441876e-65	BAZ1B	c30
1.58183707842112e-69	1.20959011896953	0.505	0.138	5.32984185203211e-65	IFNG	c30
1.58293049674389e-69	1.16352168770425	0.355	0.073	5.33352601572886e-65	ZDHHC16	c30
1.79680329870297e-69	1.22772595067789	0.648	0.195	6.0541490346498e-65	IER3IP1	c30
2.25179343419076e-69	2.96184996101994	0.072	0.004	7.58719279716234e-65	APITD1	c30
2.71717417037917e-69	1.15664797242335	0.928	0.501	9.15524664967557e-65	POMP	c30
3.16265688403347e-69	1.04482636008267	0.688	0.205	1.06562561050624e-64	HCFC1R1	c30
3.19759377089386e-69	1.23650800680019	0.433	0.101	1.07739724516498e-64	PCK2	c30
3.80445195713776e-69	1.27696488430724	0.798	0.304	1.281872042438e-64	LGALS3	c30
4.18929037077647e-69	0.980183333722368	0.975	0.752	1.41153949752942e-64	HMGN1	c30
4.46879563375622e-69	1.76014219764925	0.302	0.058	1.50571600083782e-64	DAPK2	c30
4.53422682202518e-69	1.05349681280591	0.648	0.186	1.52776238541317e-64	GLO1	c30
5.04854668092548e-69	2.60212261956076	0.14	0.015	1.70105731867103e-64	ASCL2	c30
5.53666775965788e-69	0.88303627635104	0.991	0.791	1.86552483493913e-64	COX6A1	c30
5.64848214268056e-69	1.24005269424317	0.508	0.133	1.90319957315479e-64	LIMA1	c30
5.88941602797681e-69	1.14000667772562	0.486	0.121	1.98437983646651e-64	GLRX5	c30
6.3121916377678e-69	1.36992354639102	0.327	0.065	2.12682985042948e-64	IRF5	c30
1.03305253071865e-68	1.15264960329626	0.33	0.065	3.48076719700341e-64	NUP85	c30
1.5374789126293e-68	1.24173181527858	0.386	0.087	5.18038144821317e-64	TNFRSF9	c30
1.81628487373674e-68	3.72440414393205	0.09	0.006	6.11979025356856e-64	FAM166B	c30
1.89867018159573e-68	1.17412069370958	0.555	0.15	6.39737930986865e-64	ACYP1	c30
2.3005690669973e-68	-1.78273030737873	0.813	0.898	7.7515374143407e-64	DUSP1	c30
2.33832713368733e-68	2.17031967812091	0.184	0.024	7.8787594442461e-64	TNFSF4	c30
2.5217978140819e-68	1.25209269869683	0.832	0.333	8.49694555476754e-64	NUDT21	c30
3.09411830324621e-68	3.6833949816379	0.059	0.003	1.04253222109578e-63	HIST1H2BL	c30
3.64691205417847e-68	1.16587577352829	0.667	0.2	1.22879054753489e-63	SUPT16H	c30
3.99962306547007e-68	1.16124048384179	0.396	0.088	1.34763299567949e-63	THOC6	c30
4.01580851710653e-68	1.26559012789385	0.436	0.104	1.35308652175388e-63	MRTO4	c30
4.75085462540188e-68	1.13325500817415	0.489	0.123	1.60075295748291e-63	RCC1	c30
5.11840066909847e-68	1.31115763144252	0.352	0.073	1.72459392144604e-63	NDUFA7	c30
6.18950816366879e-68	1.01352747891238	0.573	0.155	2.08549288066656e-63	VMA21	c30
6.44795237856303e-68	1.37943509262377	0.24	0.039	2.17257307443303e-63	NUDT15	c30
7.13257978985185e-68	1.09501622453404	0.96	0.55	2.40325143439268e-63	RBX1	c30
8.67728486038689e-68	1.57702827531791	0.187	0.025	2.92372436085876e-63	PDSS1	c30
8.80332039412759e-68	1.29318129696514	0.832	0.346	2.96619077359735e-63	SNRPE	c30
1.2158948142624e-67	1.12392975393248	0.819	0.285	4.09683598717573e-63	CYC1	c30
1.33348714661712e-67	4.98818527529781	0.031	0.001	4.49305159181171e-63	IQGAP3	c30
1.47048552032365e-67	1.15997559756628	0.383	0.084	4.95465391217851e-63	WDR5	c30
1.67348610934718e-67	1.35813913167954	0.308	0.059	5.63864409683439e-63	RBFA	c30
1.67762789392504e-67	1.14489538266014	0.318	0.062	5.65259942579102e-63	CHD1L	c30
2.4711720587802e-67	1.09510833773025	0.539	0.142	8.32636713485401e-63	TIMM23	c30
2.63061307340559e-67	2.67663689786343	0.065	0.003	8.86358768953278e-63	ZNF492	c30
2.94372895219278e-67	1.08630346234819	0.953	0.503	9.91860033151835e-63	PSMD8	c30
3.01251784224477e-67	1.13750121133954	0.636	0.187	1.01503776176595e-62	MRPL27	c30
3.60197377335227e-67	1.15650240318046	0.461	0.113	1.21364904319331e-62	GALK1	c30
4.59946422752656e-67	1.03184714266739	0.439	0.104	1.5497434768228e-62	U2AF1	c30
5.15153465013434e-67	-0.674740170524956	1	0.993	1.73575808501626e-62	RPL23A	c30
5.30721287580325e-67	1.4044254542609	0.243	0.04	1.78821230637315e-62	CEP89	c30
8.38779326530969e-67	1.43482168926047	0.209	0.031	2.82618306281345e-62	IFT22	c30
8.78398623877433e-67	1.40269976163826	0.237	0.038	2.95967632329262e-62	ZFP91	c30
1.02392364380071e-66	1.36634045904992	0.259	0.045	3.45000832542212e-62	GCSH	c30
1.31149364318012e-66	1.14899944748271	0.947	0.497	4.41894668133109e-62	DYNLL1	c30
1.32173648568349e-66	1.70220146860253	0.215	0.033	4.45345891486196e-62	MIR181A1HG	c30
2.16540958969635e-66	1.49887107314561	0.393	0.092	7.29613107152287e-62	SMCO4	c30
2.22376520067773e-66	1.1381084651434	0.467	0.116	7.49275446716353e-62	RUVBL2	c30
3.08593172242953e-66	1.24421083569322	0.85	0.338	1.03977383455541e-61	PDCD5	c30
4.62999553201967e-66	1.02819653457332	0.732	0.23	1.56003069455871e-61	TXNL4A	c30
5.25211953872229e-66	1.11830994682868	0.788	0.27	1.76964915737709e-61	ITGB1BP1	c30
5.94921375934179e-66	1.29418443669123	0.505	0.137	2.00452808407262e-61	NPDC1	c30
1.08406386254622e-65	1.23777827866311	0.386	0.087	3.65264477846325e-61	SCLT1	c30
1.13508665012583e-65	1.15966110689995	0.474	0.12	3.82456095893398e-61	C16orf87	c30
1.14005854082777e-65	1.14794334887661	0.586	0.166	3.84131324746508e-61	TIMM10	c30
1.23757319774776e-65	2.16731289960444	0.115	0.011	4.1698791324913e-61	CDK2AP1	c30
1.25948798509413e-65	1.15262169096616	0.922	0.537	4.24371881697616e-61	NAP1L1	c30
1.33940047663789e-65	1.00741626273329	0.632	0.184	4.51297596598371e-61	DAZAP1	c30
1.37865557535962e-65	1.84310945853239	0.159	0.019	4.64524209561669e-61	ZNF93	c30
1.67147999658746e-65	1.26026611110652	0.829	0.339	5.63188470050179e-61	NAA38	c30
2.57273970888079e-65	1.1765176151982	0.673	0.214	8.66858917510294e-61	MANF	c30
2.97156693737479e-65	1.82671155319574	0.168	0.021	1.00123976387906e-60	DARS2	c30
3.05274813294225e-65	1.03125799028297	1	0.947	1.02859295591356e-60	CD74	c30
3.16054359891519e-65	-0.864916790150223	0.997	0.994	1.06491356021848e-60	RPL41	c30
3.45235572037161e-65	0.894774107478554	0.988	0.797	1.16323673642201e-60	TPM3	c30
3.60303609140637e-65	1.28103201622621	0.355	0.077	1.21400698063846e-60	REEP4	c30
3.61109251546823e-65	2.55726990965969	0.097	0.008	1.21672151216186e-60	RP1-34B20.21	c30
3.96303791287507e-65	1.01457401099113	0.455	0.111	1.33530599436413e-60	NIT1	c30
4.4266299430702e-65	1.164397757998	0.879	0.363	1.49150869301807e-60	APOBEC3C	c30
4.59483074315329e-65	1.07891182370483	0.498	0.13	1.54818227059807e-60	HMGXB4	c30
5.01546499449986e-65	1.22619732695694	0.33	0.068	1.68991077524678e-60	FBXO4	c30
5.10811240460929e-65	1.10679411619918	0.502	0.132	1.72112739360905e-60	TMEM70	c30
5.9754433365468e-65	1.05570406507731	0.445	0.109	2.01336587781608e-60	DDX49	c30
6.07388214289651e-65	1.01278648869827	0.732	0.234	2.04653384922755e-60	ZCRB1	c30
6.18912268912093e-65	1.28636072832318	0.907	0.462	2.0853629988724e-60	NUCKS1	c30
6.23854609557432e-65	-1.37090167029711	0.953	0.972	2.10201572144281e-60	ZFP36L2	c30
6.83509349899266e-65	1.1325112249473	0.928	0.461	2.30301640355059e-60	PSMB6	c30
6.95250044343937e-65	1.07065427494143	0.96	0.659	2.34257549941246e-60	HNRNPF	c30
7.02888392061399e-65	1.11555250800368	0.748	0.252	2.36831214821168e-60	ARL6IP6	c30
7.4507020210926e-65	1.02114970812143	0.414	0.096	2.51043953898694e-60	APEX2	c30
8.3544776830442e-65	1.11702384947399	0.293	0.056	2.81495771052491e-60	ILVBL	c30
8.44620205686183e-65	1.16337579241008	0.751	0.265	2.84586332103902e-60	SMS	c30
8.53237974480819e-65	-0.579018423353331	0.997	0.995	2.87490003121567e-60	RPS7	c30
9.08418337276302e-65	0.914608626443682	0.405	0.096	3.06082474561877e-60	CD200	c30
1.22626103278835e-64	2.04473756386273	0.143	0.016	4.13176392387706e-60	NET1	c30
1.27240683281444e-64	1.16713757155322	0.85	0.349	4.28724758248496e-60	YWHAE	c30
1.31924691017038e-64	1.07944195867437	0.318	0.064	4.44507053912806e-60	RITA1	c30
1.45590238832873e-64	1.46542205743603	0.296	0.058	4.90551750723483e-60	MSC	c30
1.66524155700529e-64	1.13087364665378	0.393	0.089	5.61086490217362e-60	ATP5SL	c30
1.68950685494765e-64	0.986521599003229	0.592	0.168	5.69262439706062e-60	DNAJB11	c30
2.39187568374344e-64	1.09703337203906	0.483	0.125	8.05918592880516e-60	COMTD1	c30
2.58202529888622e-64	0.96077226354318	0.969	0.63	8.69987604206722e-60	ATP5J	c30
3.01921851632279e-64	0.99717716978919	0.508	0.134	1.0172954868898e-59	FAM136A	c30
3.29683644409006e-64	1.5547456854041	0.218	0.034	1.1108360714717e-59	ZNF85	c30
3.43738998587626e-64	1.14389434197405	0.894	0.412	1.15819418184115e-59	CACYBP	c30
3.89413406588472e-64	1.32176262291993	0.636	0.208	1.3120895321592e-59	PLSCR1	c30
8.93679632321402e-64	1.24129717003742	0.863	0.357	3.01116415314373e-59	PPA1	c30
9.29196433997849e-64	1.33751694996352	0.308	0.062	3.13083446471235e-59	PCNT	c30
1.02244527758159e-63	1.31899249112331	0.324	0.067	3.44502711828343e-59	CPSF3	c30
1.15979320385204e-63	1.13438171810503	0.651	0.205	3.90780722105907e-59	SQRDL	c30
1.17870470638861e-63	1.39845609846428	0.483	0.13	3.97152763770577e-59	SLC16A3	c30
1.28507596668625e-63	1.03272962662007	0.707	0.228	4.32993496215267e-59	MAZ	c30
1.33844000250175e-63	0.999227583802294	0.62	0.18	4.50973974442941e-59	MRPL47	c30
1.36165919956269e-63	1.12723580348495	0.897	0.38	4.58797450700651e-59	AP2S1	c30
1.4286283490555e-63	1.18925085018452	0.293	0.057	4.81362035930761e-59	RAD51D	c30
1.50177756628141e-63	1.08883636700857	0.374	0.083	5.06008933182858e-59	NUP93	c30
1.57640858108093e-63	1.35734692799465	0.259	0.046	5.31155107309409e-59	SEPHS1	c30
1.97128197863241e-63	2.42540793510516	0.159	0.02	6.64203749880403e-59	PPARG	c30
2.31637357815076e-63	1.13407869897879	0.502	0.135	7.80478913422118e-59	C17orf49	c30
2.72298219684795e-63	1.08166992230446	0.542	0.153	9.1748162140595e-59	SNAP47	c30
2.72813197635056e-63	1.25165077526325	0.29	0.056	9.19216788111558e-59	NEMP2	c30
4.50283453092502e-63	1.11526105716375	0.589	0.173	1.51718506684988e-58	HDAC2	c30
4.68049066698011e-63	1.30924905783236	0.903	0.483	1.57704452533228e-58	NME2	c30
4.99717602665925e-63	3.94008003438892	0.034	0.001	1.68374849042257e-58	TUBB3	c30
6.25905963791344e-63	6.6347926483409	0.022	0	2.10892755439855e-58	HAGLROS	c30
6.57045856413373e-63	1.99712782530262	0.283	0.057	2.21385030859922e-58	GPR25	c30
6.74707621836811e-63	1.26193542825547	0.28	0.053	2.27335986101695e-58	PPCDC	c30
8.09371775814654e-63	-0.623147052121911	1	0.994	2.72709726142989e-58	RPL6	c30
8.8672011459264e-63	1.1267543803395	0.514	0.142	2.98771475410844e-58	RHOC	c30
9.86889771680908e-63	0.976336545176818	0.408	0.096	3.32522639670165e-58	ERAL1	c30
1.39491515566712e-62	1.01195409811325	0.701	0.218	4.70002712550479e-58	CSRP1	c30
1.4475238001217e-62	-0.620037130040762	0.997	0.995	4.87728669213005e-58	RPL18	c30
1.47015516436558e-62	1.06104790793632	0.396	0.092	4.95354081081338e-58	FN3KRP	c30
1.58372593345214e-62	1.07329156765792	0.483	0.128	5.33620616017364e-58	APOBEC3H	c30
1.82151894582929e-62	1.87284332399353	0.15	0.018	6.1374259360772e-58	MSH5	c30
1.8872490766197e-62	1.11912588747407	0.723	0.243	6.35889703876241e-58	TMX1	c30
2.07019403505025e-62	1.1259359105947	0.308	0.062	6.9753117816983e-58	TIMM21	c30
2.27228216101668e-62	1.05386193048499	0.399	0.094	7.6562275133296e-58	MBD2	c30
2.50469324184701e-62	1.18871393730404	0.361	0.081	8.43931340907933e-58	PPIL1	c30
2.55538906986818e-62	1.7417778753275	0.336	0.076	8.61012793201384e-58	RGS16	c30
2.62672944884989e-62	0.888591624298807	0.383	0.087	8.85050220495483e-58	NOL12	c30
2.87772390019815e-62	1.75677980952238	0.212	0.034	9.69620290932764e-58	ADCY3	c30
3.17357745359384e-62	1.24730195382702	0.542	0.157	1.06930518721391e-57	FAM111A	c30
3.20032576377454e-62	0.848284866369096	1	0.871	1.07831776284619e-57	LSP1	c30
4.05599640932104e-62	0.999825415300517	0.639	0.191	1.36662743015663e-57	PSMD9	c30
5.24729698455827e-62	1.01187882218133	0.542	0.15	1.76802424597706e-57	AP1S1	c30
5.91727400465822e-62	1.2659150211918	0.299	0.06	1.99376630312954e-57	MGME1	c30
9.51374587703874e-62	1.06439359723415	0.695	0.225	3.20556153580943e-57	BOLA3	c30
9.7231423098953e-62	1.1903274943787	0.393	0.094	3.27611556989612e-57	ACSL4	c30
1.33580431910339e-61	1.07434226446485	0.835	0.314	4.50085907278695e-57	GTF3C6	c30
1.46921809924295e-61	1.3357481641587	0.246	0.044	4.9503834635892e-57	SLC7A1	c30
1.78113012232692e-61	1.27517347886687	0.891	0.47	6.00133983416833e-57	SIVA1	c30
1.94956745882918e-61	0.990434989718797	0.442	0.112	6.56887259577904e-57	PHTF1	c30
1.96476990295543e-61	1.09864126960768	0.913	0.455	6.62009571101803e-57	UBE2N	c30
2.07446817024564e-61	0.983735606537168	0.726	0.234	6.98971305282567e-57	TMEM167A	c30
3.127218872824e-61	1.0880992311346	0.62	0.189	1.05368512700932e-56	GLRX3	c30
3.91395132702862e-61	-1.38612357865538	0.857	0.858	1.31876676012902e-56	GLTSCR2	c30
4.01641285052762e-61	1.11746123782785	0.343	0.075	1.35329014585678e-56	CSE1L	c30
4.133231473398e-61	1.75382918811271	0.312	0.067	1.39265101264672e-56	CTSH	c30
5.44901326916356e-61	6.35626098185274	0.016	0	1.83599053091197e-56	AC005624.2	c30
5.47893022090313e-61	0.937938535577834	0.502	0.133	1.8460707486311e-56	GART	c30
6.78429367307884e-61	1.02090740353123	0.745	0.255	2.28589991020719e-56	BTG3	c30
7.76682817094352e-61	1.3540306731248	0.202	0.031	2.61695508391771e-56	SNX8	c30
8.12132586063588e-61	1.01915841736259	0.944	0.493	2.73639953548265e-56	ATP5C1	c30
8.27096443024821e-61	-0.805566170229943	0.988	0.974	2.78681875512783e-56	RPL38	c30
9.58820414527005e-61	0.951225776056466	0.405	0.097	3.23064950470729e-56	CALU	c30
9.58884475916261e-61	1.01255174118373	0.452	0.116	3.23086535315225e-56	NTAN1	c30
9.9321671182692e-61	3.06068494544366	0.069	0.004	3.34654438882963e-56	RP11-864I4.1	c30
1.03536669531457e-60	1.26386015392178	0.308	0.064	3.48856454319292e-56	GALNT1	c30
1.03903815199683e-60	1.98683619849284	0.121	0.013	3.50093514933812e-56	PFAS	c30
1.21565860388529e-60	1.00497806496601	0.838	0.338	4.09604009993108e-56	EPSTI1	c30
1.33011644077598e-60	1.00178517819586	0.389	0.092	4.48169433555058e-56	GLE1	c30
1.76220624019972e-60	0.936517241052591	0.991	0.659	5.93757770572894e-56	SHFM1	c30
1.82115982673811e-60	1.02910145674777	0.564	0.164	6.13621592021139e-56	EED	c30
1.84235446361295e-60	1.03495949515151	0.327	0.07	6.20762912969746e-56	CHAMP1	c30
1.91349058722897e-60	1.77632396937912	0.184	0.027	6.4473151846093e-56	PHF13	c30
1.95379454444995e-60	1.32021273956073	0.589	0.19	6.58311533806967e-56	ODF3B	c30
2.83910203728403e-60	-0.730753738484483	0.994	0.989	9.5660704044248e-56	RPL13A	c30
3.52645024234487e-60	0.903282802269635	0.988	0.741	1.18820214465568e-55	PSME2	c30
3.98809191715424e-60	-0.655963320070076	1	0.994	1.34374769056595e-55	RPL37	c30
4.21974022494776e-60	-0.523122781383377	1	0.996	1.4217992713939e-55	RPS15	c30
4.23002748200483e-60	1.66281176269189	0.171	0.024	1.42526545978671e-55	KHK	c30
4.96026162345293e-60	2.53749327532532	0.084	0.006	1.67131055140623e-55	NANP	c30
5.24544618694544e-60	1.17727850836006	0.343	0.076	1.7674006382294e-55	AGPAT5	c30
5.48466289417561e-60	1.01825637061417	0.888	0.381	1.84800231556353e-55	VOPP1	c30
5.49972051470274e-60	0.770260974501729	0.991	0.947	1.85307583022394e-55	CORO1A	c30
5.88373274960784e-60	1.14720203406057	0.389	0.093	1.98246491265286e-55	AARS	c30
6.08946556200213e-60	1.39286264634612	0.259	0.048	2.051784526461e-55	LINC00539	c30
7.18044855572626e-60	1.10375231105192	0.819	0.315	2.4193803363664e-55	FAM96A	c30
7.60346838403349e-60	-0.866583080910734	0.981	0.958	2.56191263731624e-55	TOMM7	c30
7.93307944627699e-60	1.62892604252254	0.196	0.03	2.67297178862857e-55	HMOX1	c30
8.51792035555406e-60	1.59834843844571	0.212	0.035	2.87002808460039e-55	PIDD1	c30
8.79603773241964e-60	1.81329577447535	0.246	0.046	2.96373695356147e-55	GNA15	c30
9.51224615038087e-60	1.04010470642945	0.449	0.116	3.20505621790933e-55	ACAT1	c30
9.54814843008981e-60	1.26367480870757	0.34	0.076	3.21715313203446e-55	HLTF	c30
9.72315494998379e-60	1.4190441899776	0.218	0.036	3.27611982884754e-55	FAR2	c30
1.03126611068808e-59	1.02929944847094	0.95	0.573	3.47474803335243e-55	RALY	c30
1.08536132214065e-59	1.00165764416866	0.611	0.186	3.65701643882072e-55	ANAPC15	c30
1.77083874270276e-59	1.23015944422024	0.364	0.085	5.96666405966269e-55	GEMIN6	c30
1.82248826041101e-59	1.06119824890687	0.857	0.353	6.14069194462884e-55	SNRPA	c30
2.17438281609991e-59	3.00492956480325	0.065	0.004	7.32636546056705e-55	ANKRD9	c30
2.44805633919923e-59	1.07539263874765	0.738	0.262	8.24848102929788e-55	RNASEH2C	c30
2.45116208833319e-59	1.26960737305396	0.249	0.046	8.25894554042984e-55	RCN1	c30
2.72243036969078e-59	0.956768844009258	0.38	0.089	9.1729568876361e-55	RAD1	c30
2.95720597551587e-59	1.02018823155336	0.389	0.093	9.96400981390318e-55	GPANK1	c30
3.06764755144934e-59	0.86610135030853	0.498	0.134	1.03361316598534e-54	ZMAT5	c30
3.82120777545506e-59	0.942506559243121	0.455	0.118	1.28751774786183e-54	PSMG3	c30
3.89431466717828e-59	0.982818733735946	0.601	0.181	1.31215038395905e-54	RTN3	c30
4.24482991839644e-59	0.957281779524425	0.508	0.139	1.4302529927045e-54	ELP5	c30
4.36051412127578e-59	1.80245581610072	0.174	0.025	1.46923162802266e-54	INAFM1	c30
4.40555970590067e-59	1.39715388920601	0.209	0.034	1.48440928730617e-54	ARPC4-TTLL3	c30
4.54555003487403e-59	4.2508569283414	0.028	0.001	1.53157762875046e-54	SMC1B	c30
4.56485734447223e-59	4.48117921988721	0.028	0.001	1.53808303364647e-54	MPO	c30
4.59629396675934e-59	1.16918824621041	0.396	0.097	1.54867528915989e-54	TOR2A	c30
5.81105175852858e-59	1.09611241984484	0.302	0.063	1.95797577951862e-54	ASL	c30
5.95922342458556e-59	1.04526099494833	0.455	0.119	2.00790074067986e-54	TARS	c30
6.35372999060686e-59	2.76209342047932	0.078	0.006	2.14082578303508e-54	WDR90	c30
6.64300167029067e-59	1.24977477212548	0.255	0.048	2.23829298278774e-54	G6PC3	c30
6.9133125508772e-59	4.98647107103206	0.022	0	2.32937153089256e-54	ITPKA	c30
8.04214998416341e-59	1.1175957374268	0.327	0.071	2.70972201566402e-54	MAGEF1	c30
1.00160352170656e-58	1.07467715739105	0.882	0.372	3.37480290603807e-54	C20orf24	c30
1.25887902485083e-58	1.20615884872327	0.595	0.191	4.2416669863324e-54	NDFIP2	c30
1.33833781921727e-58	1.02418221335486	0.33	0.072	4.50939544807066e-54	TUBGCP3	c30
1.4920166057031e-58	1.06228647589571	0.903	0.426	5.02720075125602e-54	NDUFB3	c30
1.49769792104643e-58	1.18970195476264	0.477	0.138	5.04634337517385e-54	AC133644.2	c30
1.65901430395652e-58	1.33482601003993	0.24	0.043	5.58988279575111e-54	ZNF738	c30
1.76281155252897e-58	1.02296891231324	0.62	0.207	5.93961724509112e-54	OAS1	c30
1.83649732849564e-58	0.941913541985701	0.558	0.161	6.18789409863321e-54	GPAA1	c30
1.89288493508154e-58	2.32242919058447	0.14	0.017	6.37788650026374e-54	COL6A3	c30
1.96179421427718e-58	0.883589624528251	0.396	0.095	6.61006942558554e-54	SGTA	c30
3.00646142673766e-58	0.861085675198781	0.474	0.125	1.01299711312499e-53	RAE1	c30
3.00980489204421e-58	1.44244540651442	0.196	0.031	1.01412366032538e-53	SETD9	c30
3.48918428022328e-58	-0.705869449589133	1	0.996	1.17564575137843e-53	RPS8	c30
3.66514025690969e-58	0.978268733494115	0.439	0.114	1.23493235816315e-53	IKBIP	c30
3.77895712646129e-58	0.924511398725734	0.953	0.685	1.27328181418987e-53	SLC25A3	c30
3.83758965370607e-58	0.896809287448965	0.333	0.073	1.29303745791972e-53	UCK1	c30
4.41740448828047e-58	2.10833528675297	0.115	0.012	1.48840026828122e-53	AC093388.3	c30
4.7443501721639e-58	1.450225766691	0.212	0.035	1.5985613470089e-53	NEMP1	c30
5.0793632135171e-58	1.43637820529531	0.252	0.048	1.71144064116245e-53	U2AF1L5	c30
6.18120668720319e-58	1.04395266205704	0.539	0.158	2.08269578118624e-53	SLC2A4RG	c30
6.19846051243537e-58	1.02104776779117	0.33	0.073	2.08850928505997e-53	KHSRP	c30
6.28787660839332e-58	1.06200563299938	0.857	0.368	2.11863714443204e-53	SIRPG	c30
6.48426790773403e-58	0.980026364109869	0.981	0.667	2.18480922883191e-53	SRSF2	c30
6.69466650876771e-58	1.01998128818431	0.935	0.491	2.25570093346419e-53	PSMA6	c30
9.6764209942843e-58	1.30904201922215	0.274	0.055	3.26037328981415e-53	SLC4A2	c30
1.09375688020841e-57	2.39148565964906	0.106	0.01	3.68530443217422e-53	REEP2	c30
1.09736679739343e-57	1.50930983647127	0.224	0.039	3.69746768713742e-53	LAT2	c30
1.10056221509674e-57	1.10442362016025	0.9	0.456	3.70823432754696e-53	SNRPF	c30
2.10905437834687e-57	0.965827365626184	0.399	0.098	7.10624782240193e-53	XXbac-BPG32J3.22	c30
2.14839307139033e-57	1.17171507853627	0.801	0.327	7.23879561474257e-53	CCT6A	c30
2.24433225098051e-57	-0.98460424325626	0.938	0.928	7.56205308645373e-53	CD37	c30
2.34244053554373e-57	1.08866042599017	0.692	0.235	7.89261914046105e-53	LAGE3	c30
2.48395188668882e-57	0.847851568069515	0.67	0.207	8.36942748700931e-53	MRPL22	c30
2.54760077010581e-57	1.6089127361685	0.19	0.03	8.5838860347945e-53	KDELC2	c30
2.76070027120094e-57	1.14986972441414	0.835	0.346	9.30190349378446e-53	RBBP4	c30
2.85337882105864e-57	0.877214251521032	0.981	0.693	9.61417459967497e-53	PSMB8	c30
3.00884580395724e-57	1.70092314790109	0.283	0.06	1.01380050518535e-52	CDKN2C	c30
3.02194631478428e-57	1.04089817546327	0.583	0.177	1.01821459130342e-52	TMEM18	c30
3.05568565162454e-57	1.31152004668916	0.268	0.053	1.02958272345837e-52	SPATA33	c30
3.05798995032726e-57	1.1944764107708	0.277	0.056	1.03035913386327e-52	ACAD9	c30
3.18246177683485e-57	1.12693413544978	0.729	0.264	1.07229867108673e-52	HSD17B10	c30
3.25925194920627e-57	-1.00707005951241	0.988	0.986	1.09817235176556e-52	MT-ND1	c30
3.89197130600221e-57	1.0974163747682	0.308	0.066	1.31136081184438e-52	ARMC6	c30
4.21506820127107e-57	1.20855067242117	0.262	0.051	1.42022507973627e-52	SRGAP2	c30
4.33437340683727e-57	1.07935075720952	0.832	0.347	1.46042377569975e-52	NUTF2	c30
4.62255532042919e-57	0.940524531451843	0.536	0.155	1.55752378966541e-52	ACD	c30
4.87381279779214e-57	1.0401239233676	0.483	0.134	1.64218248408808e-52	HACD3	c30
5.30990901006423e-57	1.02762364661455	0.71	0.241	1.78912074185104e-52	SRA1	c30
6.17022042116147e-57	1.3580171042349	0.676	0.262	2.07899406870615e-52	LAG3	c30
6.20790574987341e-57	1.00489842310902	0.642	0.206	2.09169176336235e-52	PSMB5	c30
7.80808711764652e-57	1.592037807498	0.171	0.025	2.63085687341982e-52	FAM179A	c30
7.98845895401864e-57	1.21307403630945	0.483	0.138	2.69163135996704e-52	PRDX4	c30
1.01055406294896e-56	-0.953037174122343	0.994	0.996	3.40496085970022e-52	MT-CYB	c30
1.04215622703381e-56	0.976241679303246	0.642	0.217	3.51144119136772e-52	PHLDA1	c30
1.07041338608264e-56	1.23289494162536	0.249	0.047	3.60665086306685e-52	APOO	c30
1.11444163063775e-56	0.896593397445252	0.352	0.082	3.75499963027085e-52	INPP5F	c30
1.23244956054982e-56	0.989102625612618	0.361	0.085	4.15261554931658e-52	BCKDK	c30
1.38892014566419e-56	1.08238855677997	0.277	0.056	4.67982753880093e-52	ERI1	c30
1.54827551529441e-56	1.33943954602828	0.259	0.05	5.21675952123298e-52	CTSZ	c30
2.00838004590537e-56	1.08413647778501	0.43	0.113	6.76703572667354e-52	ZNF593	c30
2.03661885727157e-56	1.23633897012735	0.349	0.084	6.86218357769082e-52	AC017002.1	c30
2.18920552010567e-56	1.59606407534041	0.206	0.034	7.37630907944405e-52	SAMD1	c30
2.24382993305317e-56	0.984449285750147	0.947	0.577	7.56036057642936e-52	ERH	c30
2.24948658018684e-56	1.04180435056505	0.486	0.137	7.57942008328154e-52	DBF4	c30
3.0751856719183e-56	1.10788489648402	0.383	0.095	1.03615306029615e-51	RABL6	c30
3.07966534206663e-56	1.04934505941439	0.794	0.303	1.03766244035593e-51	SF3B4	c30
3.18766036719036e-56	0.956186931136108	0.741	0.253	1.07405028412112e-51	CYB5B	c30
3.21119419360958e-56	1.96695385814515	0.181	0.028	1.08197977159481e-51	HIST1H3H	c30
3.2365682354447e-56	0.947090039719044	0.657	0.211	1.09052930125074e-51	SLC25A11	c30
3.2805325763699e-56	1.49139802301094	0.165	0.023	1.10534264628207e-51	AC009948.5	c30
3.65276436372031e-56	1.11191881737815	0.804	0.335	1.23076242471192e-51	PSMA3	c30
4.70132852729389e-56	1.15734128192693	0.439	0.118	1.5840656339864e-51	BZW2	c30
5.01001647325395e-56	0.955150996377096	0.769	0.281	1.68807495049819e-51	SPCS3	c30
5.05934332014295e-56	1.3442599297246	0.196	0.032	1.70469513828897e-51	TTLL12	c30
5.17566728739971e-56	0.838493838974486	0.564	0.166	1.74388933581646e-51	USP39	c30
5.32375568338164e-56	1.29387906024629	0.196	0.032	1.79378623995861e-51	ZW10	c30
5.41446440733779e-56	2.57898251179545	0.093	0.008	1.82434963740839e-51	RP11-126K1.6	c30
5.91164809064718e-56	0.949677102939015	0.361	0.086	1.99187070766266e-51	MAST4	c30
6.24273846106307e-56	-0.594749634820968	0.997	0.993	2.10342829707059e-51	RPL29	c30
6.36592551476531e-56	1.04953970460857	0.433	0.118	2.14493494294502e-51	GK	c30
6.57132845661971e-56	0.899651822905253	0.57	0.168	2.21414341017344e-51	MRPS23	c30
6.68890077384554e-56	3.57185219968713	0.047	0.002	2.25375822673952e-51	ILDR2	c30
7.41434264756902e-56	0.792095041197099	0.389	0.095	2.49818861167191e-51	PDS5B	c30
7.92681177071994e-56	0.804704811147733	0.57	0.169	2.67085995802638e-51	STAMBP	c30
8.15148203931359e-56	0.978708942055659	0.452	0.122	2.74656035832632e-51	CISD1	c30
1.3751754031443e-55	1.06927116332285	0.888	0.438	4.6335160033544e-51	PPM1G	c30
1.95546451719116e-55	0.826572910158368	0.567	0.166	6.58874214422389e-51	DCUN1D5	c30
1.9865739686429e-55	0.852714992714695	0.52	0.148	6.69356232994539e-51	DLD	c30
2.533591898965e-55	0.969140124265627	0.944	0.574	8.53668454437268e-51	PSMB3	c30
2.62012443945832e-55	1.02372425701343	0.773	0.288	8.82824728631087e-51	TADA3	c30
2.96555145305697e-55	1.04888945978034	0.916	0.473	9.99212906593015e-51	SRSF10	c30
2.97211086941656e-55	0.83820522879328	0.408	0.104	1.00142303634122e-50	TARDBP	c30
3.28647209821797e-55	0.926747034938007	0.595	0.182	1.10734390877356e-50	TRNAU1AP	c30
3.42911409565426e-55	0.970350436694165	0.779	0.29	1.15540570338975e-50	LBR	c30
3.84338777886629e-55	1.16527113636374	0.252	0.049	1.29499107821121e-50	MANEA	c30
4.68031875802612e-55	1.02780882107758	0.688	0.239	1.57698660232932e-50	COX20	c30
4.74105088462169e-55	1.02474002907008	0.916	0.443	1.59744968506443e-50	CLTA	c30
5.02448937027874e-55	2.75471944945852	0.078	0.006	1.69295144842172e-50	HIST3H2BB	c30
5.03318889334022e-55	1.30874481273326	0.215	0.038	1.69588266572205e-50	DPYSL2	c30
5.23500498560855e-55	1.01786345943176	0.417	0.109	1.76388257985094e-50	ISY1	c30
5.72256292810684e-55	0.996619397269841	0.417	0.108	1.92816035299632e-50	ATL3	c30
6.06581676399392e-55	0.937620031294149	0.639	0.207	2.04381630046011e-50	EFHD2	c30
6.06813651445021e-55	0.952078494160483	0.667	0.219	2.04459791717885e-50	MRPL16	c30
6.69914547597625e-55	1.00583557984844	0.676	0.227	2.25721007667544e-50	MRPS12	c30
7.26837127841458e-55	2.43499971477733	0.109	0.011	2.44900501854901e-50	CTD-2555O16.2	c30
7.74759805076795e-55	1.13799256089908	0.732	0.274	2.61047568722575e-50	SDF2L1	c30
7.89175499476761e-55	0.948110715874863	0.657	0.217	2.659047927937e-50	PPP2CA	c30
8.1529589325896e-55	1.89764080945157	0.103	0.01	2.74705798274674e-50	FKBPL	c30
8.38721492288813e-55	1.63571965159362	0.171	0.026	2.82598819611793e-50	CEP85	c30
8.75910961737815e-55	0.904863237288909	0.667	0.22	2.95129439447939e-50	CPSF6	c30
8.81397995682237e-55	1.02307645991931	0.467	0.13	2.96978240665173e-50	TSPAN17	c30
9.85316339253078e-55	0.93339998229964	0.414	0.107	3.31992487347932e-50	C14orf142	c30
1.04007097969604e-54	0.897018567099321	0.692	0.226	3.50441515898784e-50	TIMM17A	c30
1.10872470640252e-54	1.11121483950939	0.994	0.766	3.73573702575266e-50	LY6E	c30
1.13656761595978e-54	0.852737500584785	0.514	0.147	3.82955092521487e-50	FAF1	c30
1.17109013002964e-54	0.870912603781014	0.477	0.132	3.94587108412185e-50	MFAP1	c30
1.60984891038118e-54	1.08715349986252	0.748	0.277	5.42422491863834e-50	RHEB	c30
1.97638026315053e-54	1.03460604193212	0.695	0.245	6.65921565865938e-50	EIF4A1	c30
2.34313173666329e-54	1.30527176042945	0.302	0.067	7.89494807351328e-50	PRKAR1B	c30
2.61488044570068e-54	0.978055733690401	0.947	0.583	8.81057817374388e-50	WDR1	c30
2.91891122958781e-54	0.921466633518092	0.315	0.07	9.83497949697316e-50	SAAL1	c30
3.08348222851588e-54	0.997451073052003	0.33	0.076	1.03894850207614e-49	COMMD3	c30
3.1965489518189e-54	0.854694337498368	0.617	0.191	1.07704520382586e-49	NAA20	c30
3.2035650403827e-54	0.827951245561481	0.626	0.195	1.07940920470655e-49	RIC8A	c30
4.14820203111725e-54	0.829444991145535	0.474	0.131	1.39769519236465e-49	TAF6	c30
4.25897466043922e-54	3.39074314732215	0.125	0.015	1.43501892208839e-49	HIST1H2BF	c30
5.35601410829338e-54	2.31170847239674	0.271	0.06	1.80465539364837e-49	CCL3	c30
5.35742938704842e-54	0.974792611000883	0.53	0.158	1.80513225767209e-49	TOMM40	c30
5.73989314616129e-54	1.0020736425273	0.71	0.245	1.93399959666758e-49	STOML2	c30
5.95902662291046e-54	0.835872877583275	0.368	0.089	2.00783443032345e-49	TXNRD1	c30
6.32756993720708e-54	0.871939851483388	0.654	0.21	2.13201141464255e-49	COA6	c30
7.18942047438408e-54	0.894524702400064	0.411	0.107	2.42240333463897e-49	MEMO1	c30
8.51471364161889e-54	1.13228324117057	0.343	0.082	2.86894761440707e-49	PI4K2B	c30
8.83376683003143e-54	1.01557339168593	0.277	0.058	2.97644939571079e-49	NUP155	c30
9.27230527115841e-54	1.03748093662989	0.492	0.143	3.12421053806412e-49	NDUFA9	c30
9.49330879543656e-54	1.06028936497989	0.417	0.111	3.1986754655344e-49	TRIM28	c30
9.50685080051438e-54	1.08521246028783	0.315	0.072	3.20323830872532e-49	KCNN4	c30
1.07083727925575e-53	0.918426554802938	0.439	0.119	3.60807912872433e-49	HSPA14	c30
1.30310704623677e-53	1.3248405969686	0.215	0.038	4.39068888159016e-49	MFGE8	c30
1.34478090456347e-53	1.72861670559894	0.128	0.015	4.53110477983614e-49	KMT5A	c30
1.42075601150952e-53	1.07485476031738	0.885	0.423	4.78709530518019e-49	PARP1	c30
1.44434758272411e-53	3.75443585969735	0.031	0.001	4.86658474523062e-49	GPT2	c30
1.45943970834085e-53	1.02189208220175	0.885	0.394	4.91743615328367e-49	SNRPC	c30
2.12724847209178e-53	1.15083598464111	0.308	0.07	7.16755100186604e-49	DHRS4L2	c30
2.19180264846829e-53	0.866898440516933	0.452	0.123	7.38505984374904e-49	ELP6	c30
2.23922900087162e-53	1.7470025510084	0.143	0.019	7.54485819553684e-49	HILPDA	c30
2.40617484800725e-53	1.06143456776321	0.854	0.384	8.10736553287562e-49	CCDC167	c30
2.56202291623238e-53	2.56405749686115	0.075	0.006	8.6324800139534e-49	RP5-991G20.1	c30
2.60546646696383e-53	0.872941989590105	0.436	0.117	8.77885871378792e-49	DCAF13	c30
2.71660919716145e-53	0.924247955717706	0.975	0.669	9.15334302891579e-49	ACTR3	c30
2.79221145492764e-53	2.06476006003412	0.137	0.018	9.4080772762332e-49	ITGA2	c30
3.0153124466041e-53	0.885986327458681	0.474	0.134	1.01597937575878e-48	SNX10	c30
3.02168811137624e-53	1.00199070690404	0.252	0.05	1.01812759224711e-48	NTHL1	c30
3.16682669734227e-53	1.46012908422845	0.178	0.028	1.0670305874025e-48	MCAT	c30
3.43414862937894e-53	1.09248500248872	0.343	0.082	1.15710203918294e-48	CSTF2	c30
4.53297085943179e-53	0.832086871892878	0.424	0.112	1.52733920137695e-48	RWDD4	c30
4.7328663167368e-53	1.49522172176722	0.234	0.045	1.5946919767613e-48	VDR	c30
5.0332775867216e-53	0.814827659256289	0.436	0.116	1.69591255006998e-48	RMDN1	c30
5.05228838307473e-53	2.03368733504096	0.143	0.019	1.7023180477932e-48	AC002331.1	c30
5.37887925475038e-53	2.99928284218878	0.081	0.007	1.81235957609559e-48	ATP8B4	c30
5.75664913088561e-53	1.05868132188125	0.414	0.11	1.9396453581606e-48	RANGAP1	c30
6.2880179972039e-53	1.01038784837038	0.393	0.101	2.11868478397788e-48	GNL2	c30
7.12674632142917e-53	0.958157598287892	0.442	0.121	2.40128590554235e-48	RAB33A	c30
7.68516705864793e-53	-0.921815176340184	0.96	0.939	2.58944018874083e-48	ITM2B	c30
8.00383481499932e-53	0.943707094701187	0.688	0.234	2.69681210256587e-48	SNF8	c30
8.38747171307409e-53	1.00526851505575	0.891	0.425	2.82607471900318e-48	NDUFAB1	c30
8.85344725530197e-53	0.873651652476483	0.66	0.217	2.98308051820144e-48	ATG3	c30
1.01020002399731e-52	3.35633482833858	0.05	0.003	3.40376796085654e-48	RAB13	c30
1.06421810172578e-52	0.969442846667557	0.607	0.203	3.58577647195486e-48	SLC7A5	c30
1.18182188811486e-52	1.57350190691932	0.14	0.018	3.98203066981421e-48	NQO1	c30
1.22353529429771e-52	0.96207017940048	0.763	0.28	4.1225798206067e-48	DCTN2	c30
1.26204607756298e-52	0.770172660576044	0.442	0.12	4.25233805374069e-48	MRPL19	c30
1.28882468268924e-52	0.997098059344916	0.315	0.072	4.34256588585312e-48	BOP1	c30
1.47697910863672e-52	0.88977915886796	0.536	0.16	4.97653340864058e-48	HDAC3	c30
1.47840356851919e-52	1.39506177906067	0.249	0.051	4.98133298376854e-48	ENTPD1	c30
1.49012542689241e-52	1.66139291514419	0.202	0.036	5.0208286133713e-48	GNG4	c30
1.84116464603091e-52	3.88095119057019	0.04	0.002	6.20362015833654e-48	CYBRD1	c30
1.90834242294688e-52	3.09010518438818	0.056	0.003	6.42996895987723e-48	KDELC1	c30
2.03141065716023e-52	5.64612046467722	0.012	0	6.84463506823569e-48	ACBD7	c30
2.28620307997394e-52	1.34484068330393	0.202	0.035	7.70313265766419e-48	SLC25A19	c30
2.42559090955803e-52	1.12798899356216	0.287	0.062	8.17278601066482e-48	NIPSNAP3A	c30
2.6754646823187e-52	0.8248699254457	0.352	0.085	9.01471070060462e-48	NANS	c30
2.72990063014593e-52	1.02852047780985	0.293	0.064	9.1981271832137e-48	CDK5	c30
2.8009067610862e-52	1.67881136475187	0.168	0.026	9.43737524080386e-48	PLAGL1	c30
2.9519435987786e-52	0.929948763847141	0.931	0.552	9.94627876172461e-48	UQCRQ	c30
3.13320865705784e-52	0.976645090185978	0.657	0.223	1.05570332490907e-47	PSMC2	c30
3.24334144307373e-52	0.766968176504224	0.988	0.777	1.09281146582926e-47	PSMA7	c30
3.31048074003178e-52	0.8143782824273	0.489	0.14	1.11543338054631e-47	PMM1	c30
3.79465257180487e-52	0.707413936662368	0.994	0.825	1.27857023754393e-47	COX6C	c30
4.05400042499142e-52	1.0599129561086	0.287	0.063	1.36595490319661e-47	FOXRED1	c30
4.12000817928128e-52	-1.28202034166785	0.854	0.922	1.38819555592704e-47	CXCR4	c30
4.21192790227969e-52	0.825273556948794	0.589	0.184	1.41916698739412e-47	PANK2	c30
4.23341264165461e-52	0.939348786794716	0.648	0.217	1.4264060554791e-47	MLEC	c30
4.39298427398197e-52	0.882033166418519	0.517	0.153	1.48017212127549e-47	SIGMAR1	c30
4.65293403396159e-52	2.00279811970389	0.109	0.012	1.56775959340302e-47	COA7	c30
4.69360175550142e-52	1.13383682115171	0.252	0.051	1.58146217549865e-47	TOE1	c30
4.78463187595075e-52	-0.670048507152243	0.997	0.995	1.61213386428285e-47	RPS18	c30
5.03695179095428e-52	0.725262765633877	0.455	0.124	1.69715053644414e-47	MRPL46	c30
5.27916560491824e-52	0.879858023547095	0.349	0.084	1.77876205892115e-47	DOHH	c30
5.63897245490822e-52	1.01078194321552	0.414	0.111	1.89999537895678e-47	EXOSC5	c30
5.81388794416538e-52	0.94141088548382	0.377	0.096	1.95893140390708e-47	C1GALT1C1	c30
6.04470235442865e-52	1.4252307666759	0.14	0.019	2.03670201130119e-47	CEP76	c30
6.47154923336599e-52	0.948057685546672	0.748	0.277	2.18052379869034e-47	TCP1	c30
6.85029562098754e-52	0.835911018526527	0.449	0.124	2.30813860653554e-47	TRAF7	c30
8.51686558902851e-52	0.878501139843739	0.514	0.152	2.86967269156727e-47	C4orf27	c30
9.03442984513164e-52	1.27860922837989	0.227	0.043	3.04406079201866e-47	PPAT	c30
9.24640012793742e-52	2.2418029338999	0.106	0.011	3.11548205910724e-47	AC147651.4	c30
9.89051512738119e-52	0.848285715605399	0.735	0.257	3.33251016701982e-47	ARPP19	c30
1.10855248046514e-51	1.00612981421275	0.826	0.344	3.73515672767924e-47	NDUFB6	c30
1.16821612572265e-51	0.716049977685508	0.997	0.855	3.93618741400988e-47	PSMB9	c30
1.24771335002761e-51	0.830869627123477	0.377	0.095	4.20404536158302e-47	HSPBP1	c30
1.33799348955103e-51	1.07890065602693	0.875	0.405	4.50823526369323e-47	ISG15	c30
1.36257555067129e-51	0.81636851509508	0.458	0.128	4.59106206043186e-47	PRPSAP1	c30
1.40675800944358e-51	0.927366299222952	0.667	0.228	4.7399304370192e-47	SYNCRIP	c30
1.42343496099628e-51	1.81034550959395	0.109	0.012	4.79612175758088e-47	ZNF724P	c30
1.43504833913262e-51	2.38319558241695	0.093	0.009	4.83525187387343e-47	TMEM201	c30
1.44160419778706e-51	0.873590230119398	0.611	0.196	4.85734118402371e-47	HDLBP	c30
1.67482868642284e-51	-0.611302540633636	0.997	0.989	5.64316777603311e-47	NACA	c30
1.82080679857846e-51	1.09675652052693	0.695	0.266	6.13502642713025e-47	CSNK2B	c30
1.94364416992553e-51	1.11525786744299	0.215	0.039	6.54891466614709e-47	SKP2	c30
1.97943054441499e-51	0.949594973193134	0.442	0.123	6.66949327635185e-47	TIMM50	c30
2.02553794694864e-51	0.853488523586748	0.751	0.265	6.82484755844876e-47	ASNA1	c30
2.04478889432126e-51	0.932732775670121	0.76	0.285	6.88971170052606e-47	ODC1	c30
2.07820641392274e-51	0.882101229294255	0.483	0.14	7.00230869107128e-47	EXOSC9	c30
2.15864870041027e-51	0.682120134661421	1	0.953	7.27335093116238e-47	H3F3A	c30
2.3423438074618e-51	2.35541855539536	0.069	0.005	7.8922932248618e-47	RP11-178L8.7	c30
2.38248599409447e-51	1.06349176528127	0.421	0.117	8.02754830850192e-47	ZNRF1	c30
2.39361855274089e-51	1.03596344746866	0.293	0.065	8.06505835160515e-47	CEP295	c30
2.60587467821576e-51	1.77368476141607	0.143	0.02	8.78023414078017e-47	EXO5	c30
2.61000237518676e-51	1.29372649073272	0.184	0.03	8.79414200295426e-47	TAF5	c30
2.64172894640715e-51	1.05481362452315	0.299	0.068	8.90104151202424e-47	SLC25A17	c30
2.90687370099556e-51	0.927226312995375	0.368	0.093	9.79442024813443e-47	ZNF326	c30
3.02449652110539e-51	0.864272204806362	0.455	0.126	1.01907385782125e-46	MRPL39	c30
3.07445703115066e-51	0.729852778701307	0.442	0.121	1.0359075520759e-46	TM7SF3	c30
3.33008430282617e-51	1.36714882927101	0.209	0.038	1.12203860499425e-46	CCP110	c30
3.7660074273869e-51	1.07828373773351	0.299	0.068	1.26891854258374e-46	HRAS	c30
3.87547107891641e-51	-0.57993000739321	1	0.994	1.3058012253301e-46	RPS21	c30
4.17143891320711e-51	1.01604649217186	0.813	0.339	1.405524627416e-46	RAB27A	c30
4.43487648273776e-51	0.889661358940397	0.729	0.279	1.49428728209366e-46	OASL	c30
4.51736575194312e-51	0.800109961983437	0.442	0.122	1.52208121645971e-46	SLC35B1	c30
4.60359943556634e-51	0.930443097612491	0.76	0.278	1.55113679381972e-46	LAMTOR2	c30
4.82032418161891e-51	1.36608298859167	0.218	0.041	1.62416002975468e-46	CPPED1	c30
4.83611273646767e-51	1.0537465196053	0.963	0.574	1.62947982542542e-46	BST2	c30
5.59684294124252e-51	1.08583374367438	0.408	0.111	1.88580026062226e-46	ISOC2	c30
6.41725090008056e-51	4.20238328328758	0.028	0.001	2.16222851827314e-46	APLP1	c30
6.56951457301744e-51	2.26896301979145	0.106	0.011	2.2135322402325e-46	NAT14	c30
6.94187544941367e-51	0.901785642215402	0.654	0.221	2.33899551392544e-46	AKR7A2	c30
6.99025897168784e-51	1.42609756627871	0.181	0.03	2.3552978579205e-46	EIF3C	c30
6.99345227768505e-51	0.754684544854611	0.592	0.184	2.3563738104432e-46	VPS25	c30
7.9499886130479e-51	0.85196498016102	0.639	0.21	2.67866916328036e-46	CHMP1A	c30
7.98920380126978e-51	0.910103316609936	0.776	0.301	2.69188232879984e-46	PHPT1	c30
8.216019063826e-51	1.03117991592782	0.358	0.091	2.76830546336553e-46	OGG1	c30
8.45147650822941e-51	1.18978011165061	0.28	0.062	2.84764049468282e-46	TMEM39B	c30
8.76053434272104e-51	0.968820497081182	0.255	0.053	2.95177444143643e-46	RNF135	c30
8.78307553411852e-51	1.26148030530649	0.396	0.108	2.95936947046589e-46	WARS	c30
8.84141171394739e-51	1.01327129487817	0.287	0.063	2.97902526289743e-46	POLH	c30
9.03908314256763e-51	0.868354042686853	0.43	0.117	3.04562867405674e-46	MTX1	c30
9.24533011484584e-51	0.794345371315957	0.492	0.144	3.11512152889616e-46	CFAP20	c30
9.42190775871178e-51	1.28606647586332	0.209	0.038	3.17461760022035e-46	PAK1	c30
1.11240473113254e-50	3.85553441422594	0.025	0.001	3.74813650107799e-46	ZNF730	c30
1.14900103075963e-50	1.06381627750053	0.246	0.05	3.8714440730415e-46	GEMIN2	c30
1.16224013377035e-50	0.83269162033022	0.67	0.225	3.91605190672583e-46	FAM104A	c30
1.17687976478439e-50	1.3308469118313	0.221	0.042	3.96537867946454e-46	MGST2	c30
1.17767826472509e-50	0.99304337782675	0.907	0.443	3.96806914516471e-46	NDUFS6	c30
1.23551715985527e-50	0.868685833350742	0.555	0.173	4.16295151841635e-46	DHX15	c30
1.2472584226654e-50	1.58031076924167	0.15	0.021	4.20251252932879e-46	ST3GAL4	c30
1.27366943343215e-50	0.86939171216184	0.33	0.079	4.29150178900629e-46	GLRX2	c30
1.27487324392543e-50	0.982742043759346	0.704	0.255	4.29555790808234e-46	MAT2A	c30
1.32961847319043e-50	0.795007501218156	0.617	0.196	4.48001648356785e-46	NDUFA8	c30
1.5266697977737e-50	1.15022420670074	0.296	0.068	5.14396121661871e-46	C11orf24	c30
1.56043173396324e-50	1.46035686467806	0.199	0.036	5.25771868441575e-46	EBI3	c30
1.59918633037588e-50	1.84519607554981	0.1	0.01	5.3882984215685e-46	ZNF823	c30
1.68904864270399e-50	1.03985003742876	0.813	0.355	5.69108049672683e-46	NDUFA13	c30
1.69991726571157e-50	1.06485404505322	0.975	0.696	5.72770123508855e-46	PGK1	c30
1.70589434265413e-50	0.82722279684236	0.445	0.124	5.74784039813884e-46	GSS	c30
1.83761058949964e-50	0.865161823409398	0.393	0.103	6.19164512026008e-46	IPO5	c30
1.95061798709147e-50	0.896951079306976	0.642	0.218	6.57241224570601e-46	NFATC2IP	c30
2.00693165539503e-50	0.833451867269446	0.545	0.166	6.76215551968801e-46	EXOSC3	c30
2.22071189538694e-50	0.881971419200894	0.617	0.208	7.48246666031675e-46	ACP5	c30
2.28522459635918e-50	0.968386488291401	0.43	0.121	7.69983575497264e-46	NAMPT	c30
2.29785965389345e-50	1.13057669837523	0.246	0.05	7.74240831782858e-46	EXOSC2	c30
2.381350205546e-50	0.846363292009386	0.757	0.29	8.0237213825667e-46	EIF2AK2	c30
2.486711190866e-50	0.845601984571453	0.981	0.688	8.37872468650389e-46	CAP1	c30
2.63726513819374e-50	0.873567392928235	0.981	0.615	8.88600115662998e-46	SRP9	c30
2.89363304519776e-50	0.903229272217513	0.439	0.123	9.74980718248932e-46	ODF2	c30
3.02933830299262e-50	1.22979864894077	0.218	0.041	1.02070524781033e-45	POMZP3	c30
3.19202598926826e-50	0.891159148333422	0.436	0.123	1.07552123682405e-45	IPO7	c30
3.26817225773804e-50	0.852053831227249	0.421	0.115	1.10117796052225e-45	DKC1	c30
3.31711857248688e-50	0.928417805731257	0.318	0.075	1.11766993181373e-45	FUCA2	c30
3.4698048565516e-50	1.06730884806248	0.642	0.227	1.1691160483665e-45	IMPDH2	c30
3.51338169716001e-50	0.889966873708957	0.592	0.192	1.18379882904109e-45	RPA1	c30
3.73584286308898e-50	0.769898768069268	0.364	0.092	1.2587548942892e-45	WBSCR16	c30
3.76636730116501e-50	1.56086717847215	0.19	0.033	1.26903979845454e-45	TRIM59	c30
3.92751978004092e-50	0.83355553252294	0.361	0.091	1.32333851468699e-45	AAAS	c30
4.16162360715846e-50	0.783531020438596	0.436	0.12	1.40221745819597e-45	CYB561A3	c30
4.3683598103795e-50	0.836687969194898	0.464	0.133	1.47187515450927e-45	HTRA2	c30
4.79382147323779e-50	1.31251059105426	0.206	0.037	1.61523020719274e-45	C4orf33	c30
5.62797513698795e-50	0.800197390741876	0.514	0.153	1.89628994265672e-45	KEAP1	c30
5.67936691803294e-50	0.869128987721098	0.636	0.212	1.91360588936202e-45	MRPL28	c30
6.43021906750276e-50	0.759795372996226	0.386	0.1	2.16659801260438e-45	GEMIN7	c30
6.58187356802629e-50	0.840921246906637	0.383	0.1	2.21769648001078e-45	GTF3C5	c30
6.96896413282213e-50	0.981757954581537	0.421	0.117	2.34812277491309e-45	PGD	c30
6.97789567553308e-50	0.964768147215839	0.576	0.187	2.35113216891412e-45	CD320	c30
7.25671655997688e-50	1.0277387273589	0.302	0.07	2.44507807771861e-45	RRP1	c30
7.61596425913743e-50	1.09368992330245	0.308	0.072	2.56612299747377e-45	BCAT2	c30
8.34721508172099e-50	1.00422603430317	0.265	0.057	2.81251064963507e-45	ASNS	c30
8.40500328759515e-50	0.827248629548642	0.558	0.172	2.83198180772231e-45	TMED3	c30
8.62535093906389e-50	0.97937794797631	0.757	0.289	2.90622574540819e-45	RNASEH2B	c30
9.02879382535187e-50	0.764550179943565	0.333	0.081	3.04216179151406e-45	GMPPB	c30
9.10141014075757e-50	0.96779671809908	0.595	0.199	3.06662913282686e-45	ARPC4	c30
9.32253395575128e-50	0.799245812568819	0.38	0.099	3.14113459105084e-45	VWA9	c30
9.32331561124062e-50	0.849969420322717	0.405	0.109	3.14139796205142e-45	DPM1	c30
1.0280444359462e-49	1.07146832660844	0.33	0.081	3.46389292247713e-45	IPO9	c30
1.05487454405544e-49	0.879669559304987	0.402	0.108	3.55429428874039e-45	KATNA1	c30
1.18040131713816e-49	0.841036389393467	0.514	0.155	3.97724419796532e-45	OXCT1	c30
1.19591078334538e-49	1.85062719119215	0.118	0.014	4.02950179340393e-45	PDXP	c30
1.20083995681595e-49	-0.873423562464327	0.997	0.987	4.04611015049566e-45	RPL21	c30
1.21243590545452e-49	2.09807276621322	0.081	0.007	4.08518153983845e-45	AC011893.3	c30
1.3334058617891e-49	0.90793191767782	0.679	0.235	4.49277771071221e-45	AK2	c30
1.36690969104457e-49	0.890243538333255	0.745	0.271	4.60566551300558e-45	SNRNP40	c30
1.42729784631628e-49	1.3217115888959	0.199	0.036	4.80913736337809e-45	PCTP	c30
1.51548463274919e-49	0.624642452864048	0.474	0.134	5.10627392158513e-45	C1orf174	c30
1.52138201941867e-49	0.980135339700806	0.508	0.156	5.12614457622927e-45	BAK1	c30
1.73890881097531e-49	1.02651148416044	0.536	0.171	5.85907934770022e-45	C11orf98	c30
1.75551197392111e-49	0.90369384137166	0.604	0.201	5.9150220449298e-45	EIF2S1	c30
2.09450324223145e-49	0.778208365822323	0.676	0.242	7.05721922437464e-45	TOX	c30
2.18049254470266e-49	0.93988064433229	0.931	0.528	7.34695158012116e-45	MZT2B	c30
2.28928473022062e-49	0.727669119007674	0.508	0.15	7.71351597000535e-45	PDHA1	c30
2.35128248050588e-49	0.907216362393161	0.364	0.094	7.92241118981652e-45	AP1B1	c30
2.44036064202024e-49	0.786530977324264	0.648	0.215	8.22255114722299e-45	CHCHD1	c30
2.68924913741747e-49	1.46112492084247	0.231	0.046	9.06115604361442e-45	NOTCH2NL	c30
2.72613548404068e-49	-0.541291009079653	0.994	0.991	9.18544089992666e-45	RPL24	c30
3.48326488394831e-49	0.823974479932112	0.586	0.189	1.17365126999754e-44	NUP58	c30
3.76033804277283e-49	0.619912496054351	1	0.982	1.26700830013188e-44	SH3BGRL3	c30
4.19211498092118e-49	0.863828732218048	0.302	0.07	1.41249122167158e-44	CDC23	c30
4.37326391119548e-49	1.19180374133347	0.336	0.085	1.4735275422382e-44	TFRC	c30
4.44741875956935e-49	0.896098959493673	0.377	0.103	1.4985132768493e-44	CDKN1A	c30
4.70309549452741e-49	0.897478998936975	0.536	0.168	1.58466099592607e-44	RHNO1	c30
5.04716884132022e-49	0.870825450712946	0.776	0.295	1.70059306939444e-44	SNRPA1	c30
5.48448624940998e-49	1.08354137647511	0.246	0.051	1.8479427968762e-44	WDYHV1	c30
5.60794641161103e-49	0.831406409215969	0.52	0.159	1.88954146392822e-44	UCHL5	c30
5.63329350878848e-49	0.997052123733587	0.9	0.465	1.89808191485119e-44	PA2G4	c30
5.91594562773465e-49	1.15300223231638	0.231	0.046	1.99331871980891e-44	SLC16A1	c30
6.35713425433634e-49	1.15256285970837	0.293	0.068	2.14197281565609e-44	USP37	c30
6.86115945650071e-49	0.719151559015781	0.436	0.121	2.31179906727335e-44	APIP	c30
6.94917077563538e-49	0.895664950460655	0.698	0.248	2.34145360114258e-44	TIMM8B	c30
7.01336167513272e-49	0.978065004342573	0.299	0.07	2.36308208281922e-44	ZDHHC13	c30
7.36226191905482e-49	1.12095295733697	0.832	0.363	2.48064053100633e-44	DCTN3	c30
7.38840995513637e-49	0.808818256361068	0.33	0.08	2.48945085028365e-44	TM9SF1	c30
7.66222229047596e-49	0.899693448817457	0.474	0.141	2.58170917855297e-44	MTFP1	c30
7.72848359892534e-49	2.18411126391531	0.09	0.009	2.60403526382191e-44	CHRNA5	c30
8.1126988077648e-49	0.945711115306687	0.794	0.312	2.73349273628827e-44	PSMD13	c30
8.81623239957977e-49	0.932245154120203	0.819	0.328	2.97054134471441e-44	CMC2	c30
8.99738850023867e-49	0.794318009234366	0.589	0.189	3.03158008127042e-44	TPRKB	c30
9.56899866415667e-49	0.810855649777016	0.53	0.163	3.22417840990095e-44	TOR1A	c30
9.99375297884128e-49	-0.572227655575001	1	0.995	3.36729512869078e-44	RPS4X	c30
1.03184767377504e-48	1.14939452353138	0.835	0.443	3.47670755201762e-44	ANXA2	c30
1.04675159580043e-48	0.91948141760972	0.548	0.175	3.52692482688996e-44	HTATSF1	c30
1.1172358103774e-48	1.10997361698242	0.907	0.452	3.76441433948562e-44	RAD21	c30
1.12047817019665e-48	1.25163903840227	0.277	0.063	3.77533914666059e-44	TSPAN3	c30
1.12413437694153e-48	3.12264580516889	0.034	0.001	3.78765836966678e-44	DEPDC4	c30
1.1473692449108e-48	1.05603257356167	0.212	0.04	3.86594593380244e-44	WWOX	c30
1.23261276740995e-48	1.6204996469061	0.128	0.017	4.15316545851108e-44	MYB	c30
1.2656160615327e-48	0.697283761446956	0.486	0.142	4.26436675772827e-44	RNASEH1	c30
1.27561258058008e-48	1.22025133324509	0.215	0.041	4.29804902900654e-44	TRIOBP	c30
1.35123708583246e-48	0.868862218986457	0.324	0.079	4.55285823700389e-44	EXOSC4	c30
1.49715904182211e-48	0.814813114334108	0.408	0.112	5.04452767551543e-44	SRSF6	c30
1.54212264550513e-48	1.35612839075876	0.729	0.323	5.19602804176498e-44	CD63	c30
1.96062015999386e-48	0.90436195779262	0.707	0.253	6.60611356708331e-44	CDC123	c30
2.06611464086696e-48	0.769228077393812	0.679	0.232	6.96156667093712e-44	ELOVL1	c30
2.07527843652608e-48	1.12203244135521	0.265	0.058	6.99244316403099e-44	PAK1IP1	c30
2.16353140489537e-48	1.38762558014835	0.249	0.053	7.28980271565447e-44	COL9A2	c30
2.260331291071e-48	1.00686538283769	0.869	0.408	7.61596025213463e-44	CKLF	c30
2.46181289092034e-48	1.50561057844125	0.156	0.024	8.29483235466698e-44	CEP131	c30
2.6985255396025e-48	1.11674936128171	0.29	0.068	9.09241195313667e-44	ZC2HC1A	c30
2.77544562954476e-48	2.00460356497564	0.093	0.009	9.35158650418812e-44	FAM161A	c30
3.13717382681025e-48	0.813445622798181	0.695	0.241	1.05703934920545e-43	NUDCD2	c30
3.14242576359992e-48	1.04914319252762	0.262	0.057	1.05880893678736e-43	TP53	c30
3.89862584453604e-48	1.17997498993745	0.293	0.069	1.31360299205797e-43	KCTD17	c30
3.90833438446528e-48	0.915382354570053	0.576	0.19	1.31687418750173e-43	MRPL36	c30
4.08887732165097e-48	0.960492399295061	0.804	0.332	1.37770632475708e-43	UQCRC1	c30
4.09459491054693e-48	0.878219591007688	0.321	0.078	1.37963280915968e-43	TOPORS	c30
4.1914947153342e-48	0.798403565660226	0.386	0.103	1.41228222938471e-43	LEO1	c30
4.23524984183619e-48	1.1063061843053	0.299	0.071	1.42702508170828e-43	TXLNA	c30
4.43924575398752e-48	1.87804879255515	0.112	0.013	1.49575946434856e-43	ZBTB32	c30
4.60174893565726e-48	1.03721768295497	0.492	0.155	1.55051328638036e-43	CDK6	c30
5.76277586796821e-48	1.18949113327653	0.199	0.036	1.94170970095321e-43	BAG2	c30
5.85220542236923e-48	2.0803185752792	0.084	0.008	1.97184209501309e-43	SPA17	c30
6.08597134966033e-48	0.674160220181564	0.57	0.179	2.05060718655455e-43	CBFB	c30
6.50779352172027e-48	0.91539281479776	0.305	0.073	2.19273594920843e-43	NDUFB8	c30
6.57334798859013e-48	0.821807246110078	0.442	0.127	2.21482387127556e-43	NUP62	c30
6.66247138011271e-48	1.03862940828171	0.386	0.106	2.24485310681518e-43	ARL2	c30
6.98955995077726e-48	0.941747682332599	0.293	0.068	2.35506232981489e-43	DUSP10	c30
8.55178978673022e-48	2.74977044492933	0.05	0.003	2.88144005074088e-43	CCDC74B	c30
9.79117119238678e-48	0.860862886214821	0.364	0.095	3.2990372215628e-43	HENMT1	c30
1.02182863746271e-47	0.958649524204004	0.86	0.417	3.44294941106686e-43	MDH1	c30
1.07423651112331e-47	0.769146886148232	0.542	0.168	3.61953250057889e-43	MRPS11	c30
1.16135899548582e-47	0.729700261605826	0.604	0.197	3.91308299938992e-43	OSGEP	c30
1.18342038870548e-47	0.89810487790379	0.318	0.077	3.98741665770424e-43	ZBTB2	c30
1.26502874069052e-47	0.779836203883674	0.396	0.108	4.26238783888263e-43	VRK2	c30
1.40492779938823e-47	3.31166425443553	0.034	0.001	4.73376372725871e-43	XXbac-BPG252P9.9	c30
1.42497211263123e-47	1.26676243021907	0.215	0.043	4.80130103629966e-43	KRT86	c30
1.57606408781197e-47	1.11995175148709	0.333	0.084	5.31039033747367e-43	NOP16	c30
1.65314266542357e-47	0.861415098868921	0.402	0.111	5.57009889687818e-43	GSKIP	c30
1.67003950426976e-47	0.938682140908776	0.576	0.19	5.62703110568651e-43	PFKP	c30
1.75762058846342e-47	0.73230172296967	0.439	0.125	5.92212681076865e-43	DNTTIP1	c30
1.90515498656921e-47	0.917189693196114	0.255	0.055	6.4192292117463e-43	GLA	c30
1.91120042309271e-47	0.892475770645926	0.614	0.207	6.43959870556858e-43	PFDN6	c30
2.05616520112258e-47	0.766742125632223	0.386	0.104	6.92804302866243e-43	NUP153	c30
2.11664998820432e-47	-0.672900449046696	0.997	0.994	7.13184047025564e-43	RPS6	c30
2.1166823298058e-47	0.90662604995293	0.76	0.293	7.13194944204767e-43	ELAVL1	c30
2.14798964249767e-47	0.890782255293347	0.383	0.104	7.23743630143164e-43	TTC7A	c30
2.23520021701614e-47	0.841941359303951	0.76	0.281	7.53128361121419e-43	ETFA	c30
2.28757538960812e-47	0.742883673141352	0.477	0.141	7.70775651774559e-43	NFKBIB	c30
2.56047234281386e-47	1.60356570682482	0.215	0.043	8.62725551187701e-43	CLECL1	c30
2.6259050312285e-47	0.917810146890731	0.517	0.164	8.84772441222129e-43	CRELD2	c30
2.77310139469684e-47	0.750666743164439	0.523	0.162	9.34368783929153e-43	USB1	c30
2.80960490226573e-47	0.989156978845633	0.33	0.084	9.46668275769416e-43	HLA-DMB	c30
3.22096008488631e-47	0.758607476879277	0.424	0.119	1.08527029100159e-42	MPHOSPH6	c30
3.23597798346017e-47	0.87129996262551	0.383	0.104	1.09033042174707e-42	IDH3A	c30
3.31034173808617e-47	0.852778467717846	0.455	0.135	1.11538654523075e-42	SLC20A1	c30
3.32229191150421e-47	1.19268500492796	0.249	0.054	1.11941303666223e-42	CPSF4	c30
3.35745860812538e-47	0.847589782989788	0.346	0.088	1.13126210342176e-42	RAVER1	c30
4.12032752690774e-47	0.922320122743808	0.888	0.399	1.38830315691629e-42	MAGOH	c30
4.13340233818966e-47	0.856433359307476	0.953	0.571	1.39270858382963e-42	RAC1	c30
4.22002973544308e-47	0.818583958339394	0.287	0.066	1.42189681906019e-42	HAUS6	c30
4.41094838874026e-47	1.04295554215058	0.271	0.061	1.48622495010214e-42	TRIM25	c30
4.51572136385457e-47	0.712135451459666	0.449	0.129	1.52152715633716e-42	RP11-345J4.5	c30
4.56972733416426e-47	0.832723425329797	0.358	0.093	1.53972392797331e-42	SNX4	c30
5.82942578230609e-47	0.713543914457263	0.48	0.142	1.96416672309021e-42	SAMM50	c30
5.83492229330789e-47	1.03182114638098	0.312	0.077	1.96601871750716e-42	CIDEB	c30
6.79156254037471e-47	0.729286837816719	0.477	0.141	2.28834908235386e-42	GET4	c30
7.05944305095268e-47	0.817522522746165	0.411	0.115	2.378608741588e-42	CDKN2AIPNL	c30
7.19029575821624e-47	1.30898433241914	0.199	0.037	2.42269825277338e-42	ZMIZ1	c30
7.22342413075077e-47	1.9366761258577	0.125	0.017	2.43386052661516e-42	MORN2	c30
8.02711043144145e-47	0.948175695984974	0.891	0.445	2.70465458876988e-42	TOMM5	c30
8.22626238667415e-47	0.668192020416952	0.991	0.865	2.77175684856599e-42	CLIC1	c30
8.94249776164464e-47	0.935677689241901	0.907	0.481	3.01308519580855e-42	P4HB	c30
8.9462196973598e-47	1.01217366344161	0.754	0.303	3.01433926482841e-42	TMEM14C	c30
9.38189808787293e-47	0.856374672067802	0.598	0.199	3.1611367417279e-42	SRPK1	c30
9.56314589845441e-47	0.788329316397653	0.561	0.182	3.22220637902523e-42	TMEM141	c30
9.91646807930269e-47	0.792277750102766	0.411	0.115	3.34125475464025e-42	NAA15	c30
1.02718912799591e-46	0.828543401354335	0.396	0.109	3.46101104786943e-42	KCTD20	c30
1.06192195413542e-46	0.798902816226897	0.346	0.089	3.57803983226389e-42	SCO2	c30
1.06209815859906e-46	0.762187217543601	0.508	0.156	3.57863353558368e-42	NIT2	c30
1.10418483741132e-46	0.946884676997748	0.592	0.202	3.7204403911737e-42	GARS	c30
1.12580994669349e-46	4.40599368525242	0.025	0.001	3.79330403438903e-42	AC002456.2	c30
1.20242295519022e-46	0.602105162581979	0.988	0.886	4.05144390521791e-42	ARPC3	c30
1.27708894940695e-46	1.39767264223304	0.159	0.025	4.30302350613177e-42	BORA	c30
1.27984270672415e-46	0.754199012898215	0.595	0.197	4.31230201603636e-42	PDIA4	c30
1.33164205329306e-46	0.758575440591281	0.604	0.201	4.48683473436564e-42	HSPA4	c30
1.34743613666947e-46	0.879828767952725	0.798	0.318	4.5400513188941e-42	NENF	c30
1.37244207470641e-46	0.914173477371321	0.296	0.07	4.62430632651579e-42	INO80C	c30
1.43318171616288e-46	1.20297356408655	0.252	0.056	4.82896247443921e-42	LAYN	c30
1.4872255360446e-46	0.784284498128613	0.586	0.191	5.01105772114869e-42	POP4	c30
1.49541076044224e-46	0.847489483791061	0.639	0.222	5.03863701623407e-42	RECQL	c30
1.54677532760571e-46	2.12537204185038	0.1	0.011	5.21170478883467e-42	HIST2H2AB	c30
1.58012146717944e-46	0.918742368951249	0.576	0.193	5.3240612715144e-42	PSMD3	c30
1.65315115321684e-46	0.90652026473268	0.913	0.515	5.57012749564881e-42	SNRPD3	c30
1.7220016001549e-46	0.795921731240381	0.489	0.149	5.80211219156191e-42	GOT2	c30
1.72462893954828e-46	1.40443782400021	0.193	0.036	5.81096474891397e-42	ZNF519	c30
1.99170325841123e-46	3.33497875003237	0.044	0.002	6.71084495889081e-42	MBOAT2	c30
2.10415464812977e-46	0.94252826377388	0.757	0.299	7.08973867140843e-42	UBA2	c30
2.17040610583133e-46	0.796678137304788	0.336	0.086	7.31296633298807e-42	SUCLA2	c30
2.3086045898748e-46	0.816938525010273	0.564	0.186	7.77861230512416e-42	NXT1	c30
2.56839575910988e-46	0.92829723236482	0.514	0.165	8.65395267074484e-42	NDUFA11	c30
2.59425116285508e-46	3.91769283913047	0.019	0	8.7410698681239e-42	AC002310.7	c30
2.71625751827297e-46	0.926798088524434	0.872	0.423	9.15215808206894e-42	HNRNPR	c30
2.77176957323166e-46	0.87674758742569	0.33	0.083	9.33920040004676e-42	DGCR8	c30
2.7923752472449e-46	0.840405283191356	0.71	0.26	9.40862915806697e-42	PSMD2	c30
2.83821339190543e-46	0.962114368510264	0.919	0.511	9.56307620268615e-42	PRDX5	c30
3.01325491993048e-46	0.911295048599487	0.935	0.602	1.01528611272138e-41	ATP5B	c30
3.09888933848232e-46	0.826105088498212	0.417	0.119	1.04413977370823e-41	ETF1	c30
3.14864113733715e-46	0.876772990571397	0.751	0.288	1.06090314481438e-41	NUDT5	c30
3.53802205093375e-46	1.79596013253326	0.103	0.012	1.19210114984162e-41	RP11-572O17.1	c30
3.55231767058277e-46	0.669836959887183	0.533	0.167	1.19691791592616e-41	EIF3J	c30
3.73558868428652e-46	0.864145606597405	0.411	0.117	1.2586692512835e-41	RQCD1	c30
3.74326683367591e-46	0.74872575627956	0.854	0.376	1.26125632693876e-41	LINC00152	c30
4.15230537066305e-46	4.29359935692337	0.028	0.001	1.39907777159121e-41	LINC01055	c30
4.3563036817559e-46	1.55745872453597	0.156	0.025	1.46781296253083e-41	FANCM	c30
4.95439104759055e-46	0.844565093364916	0.405	0.114	1.66933251957516e-41	PEA15	c30
5.23017691030878e-46	0.770680176293473	0.679	0.241	1.76225580815944e-41	GNAI3	c30
5.84810815290917e-46	0.547266979460958	0.729	0.275	1.97046156104122e-41	CTLA4	c30
6.4223116081566e-46	0.768838036019844	0.704	0.252	2.16393367325228e-41	MRPS16	c30
6.53962310780222e-46	1.10215364849095	0.231	0.048	2.20346060994288e-41	PCGF6	c30
6.55118953198114e-46	0.853832256163422	0.745	0.284	2.20735780090573e-41	UFD1L	c30
6.78596588658656e-46	0.913128647014961	0.287	0.067	2.28646334582647e-41	TMED1	c30
7.7319782442791e-46	1.52466514540678	0.221	0.045	2.6052127496274e-41	HIST1H2BC	c30
7.95887701190565e-46	0.815788140292067	0.439	0.129	2.68166402039149e-41	EMC8	c30
8.5279061693488e-46	1.57608811718113	0.673	0.28	2.87339270470038e-41	ARL6IP1	c30
8.75234690313146e-46	1.37763640360513	0.134	0.019	2.94901576554111e-41	ECE2	c30
9.05611942156713e-46	1.32712108918576	0.159	0.026	3.05136887790283e-41	CEP57L1	c30
9.06344502712597e-46	0.7169341266444	0.427	0.122	3.05383716743982e-41	HIBCH	c30
9.25894564123317e-46	0.958030127384452	0.875	0.45	3.1197091443571e-41	NDUFA2	c30
9.34627835772561e-46	0.808993930294035	0.695	0.247	3.14913502985207e-41	COA3	c30
1.00130061936031e-45	0.787073470372068	0.414	0.118	3.37378230687264e-41	EXOC5	c30
1.00885683914284e-45	0.870358528186209	0.822	0.327	3.39924223380789e-41	SLIRP	c30
1.01064243637401e-45	1.26607059915337	0.312	0.079	3.40525862511858e-41	HIST2H2AC	c30
1.09105664856101e-45	0.727964481843945	0.673	0.233	3.67620627166148e-41	PRPF38A	c30
1.13039110972916e-45	0.549635641709945	0.991	0.922	3.80873980512144e-41	ATP5L	c30
1.15502913454942e-45	0.917406069420614	0.682	0.256	3.89175516595083e-41	RRP7A	c30
1.18199504584527e-45	0.793640858318828	0.405	0.114	3.98261410747105e-41	INIP	c30
1.29698548883898e-45	1.01356025474166	0.29	0.069	4.37006290609405e-41	ATP2A2	c30
1.30006082958482e-45	0.856499762324047	0.299	0.072	4.38042495920308e-41	ALDH18A1	c30
1.30124747879399e-45	0.7221122450039	0.545	0.173	4.38442325504846e-41	POLDIP2	c30
1.42643880683751e-45	0.898281479262632	0.293	0.07	4.80624291575829e-41	WDR83	c30
1.42697704038977e-45	0.857241058180512	0.819	0.341	4.80805643988928e-41	ACTN4	c30
1.43434744661101e-45	0.848565139581443	0.916	0.439	4.83289028661112e-41	UBE2L3	c30
1.58370724222398e-45	1.68095271869123	0.131	0.018	5.33614318194947e-41	KIAA1841	c30
1.59731608195504e-45	0.747906786929037	0.439	0.128	5.3819968065393e-41	KPNA3	c30
1.61142537317637e-45	0.993873468336267	0.221	0.045	5.42953665238046e-41	ZNF714	c30
1.6941368390659e-45	0.672867358217982	0.508	0.156	5.70822466554864e-41	MRPS18A	c30
1.70315585282197e-45	0.876351638110765	0.748	0.296	5.73861333049834e-41	GALM	c30
1.75610887240457e-45	0.848409460601459	0.38	0.104	5.91703323467996e-41	LLPH	c30
1.79395749143329e-45	1.62497897973128	0.134	0.019	6.04456037163534e-41	GDAP1	c30
1.86618692426551e-45	0.876549137095765	0.355	0.094	6.28793022262021e-41	FARSB	c30
1.9655015649185e-45	1.47460306087993	0.125	0.017	6.6225609728364e-41	GSTCD	c30
1.97631117359334e-45	0.77426742411365	0.579	0.193	6.65898286830538e-41	IMMT	c30
2.09523470179711e-45	1.06163888136247	0.551	0.19	7.05968380423519e-41	TACC3	c30
2.09892667528329e-45	0.887388422578068	0.869	0.399	7.07212353969953e-41	TWF2	c30
2.24664497816945e-45	0.888649143181633	0.872	0.412	7.56984558944413e-41	NONO	c30
2.39966327158927e-45	0.80143715514504	0.421	0.121	8.08542542729289e-41	PGM1	c30
2.71874374158274e-45	0.827018809896691	0.324	0.082	9.16053516288887e-41	GOT1	c30
2.76110836166066e-45	0.924222655114694	0.287	0.068	9.30327851377943e-41	BRCC3	c30
2.8289234579925e-45	1.82259473766853	0.174	0.031	9.53177469935991e-41	SOX4	c30
3.1254563910129e-45	1.95297929011118	0.087	0.009	1.05309127638789e-40	GPR19	c30
3.13037569924362e-45	0.787092962022934	0.355	0.094	1.05474878810314e-40	DNAJC21	c30
3.26864374815452e-45	0.647325461222515	0.47	0.141	1.10133682450318e-40	SNAP29	c30
3.30856457019857e-45	0.89829095704237	0.695	0.259	1.11478774628271e-40	VBP1	c30
3.37553686437176e-45	0.891631716737813	0.246	0.054	1.13735339108142e-40	CHCHD4	c30
3.46440026232648e-45	0.724842384712565	0.445	0.131	1.16729502438828e-40	GPN1	c30
3.47586572214804e-45	2.85442214185473	0.053	0.003	1.17115819642056e-40	DDX11-AS1	c30
3.522053892916e-45	0.726433942026283	0.604	0.201	1.18672083867912e-40	COPS8	c30
3.65902137641387e-45	0.732618844338334	0.542	0.175	1.23287066256889e-40	PTPN18	c30
4.05199316964493e-45	0.990341249787764	0.816	0.376	1.36527857858016e-40	MEA1	c30
4.1292144986118e-45	0.759319035666982	0.692	0.247	1.39129753316226e-40	INO80E	c30
4.47313457420784e-45	1.02389544986945	0.259	0.058	1.50717796343359e-40	TELO2	c30
4.88400971154307e-45	0.776740449976216	0.523	0.167	1.64561823220732e-40	BAD	c30
5.16409917526139e-45	0.751771054413396	0.651	0.228	1.73999157611257e-40	NMI	c30
5.18313392102976e-45	0.815472131889291	0.601	0.204	1.74640514335177e-40	JOSD2	c30
5.3394271632463e-45	0.726578485654837	0.265	0.06	1.79906658838421e-40	PPOX	c30
5.67668422464844e-45	1.15741408484823	0.215	0.043	1.91270198265305e-40	BLOC1S5	c30
5.78650291537058e-45	0.89861949889796	0.822	0.348	1.94970429230496e-40	RNF187	c30
5.91966253757269e-45	0.973995613196602	0.302	0.074	1.99457109540974e-40	MTFR1L	c30
6.18788238452063e-45	5.61923960725245	0.012	0	2.08494509064038e-40	NEURL1B	c30
6.33386127876967e-45	0.755707971480239	0.539	0.173	2.13413121926865e-40	NUP50	c30
6.55298698030847e-45	0.901523814413867	0.396	0.113	2.20796343314514e-40	ABHD12	c30
6.58686363165148e-45	0.818155853030125	0.305	0.075	2.21937783204865e-40	SLC25A40	c30
6.81437793146659e-45	0.775726114290229	0.589	0.199	2.29603650022835e-40	PLGRKT	c30
6.88823314556791e-45	0.768220527751168	0.433	0.127	2.32092127606765e-40	TSSC1	c30
6.99299448129258e-45	2.08460304839289	0.075	0.007	2.35621956052672e-40	FSCN1	c30
7.25113138505317e-45	0.934373023615808	0.33	0.086	2.44319620887982e-40	AGFG1	c30
7.28407791293515e-45	1.02131648934389	0.255	0.057	2.45429721198437e-40	SLC35F2	c30
7.38310375119796e-45	0.761606746370272	0.645	0.224	2.48766297792864e-40	SMARCB1	c30
7.50796690352199e-45	0.840063720443719	0.788	0.311	2.5297343684727e-40	RAB8A	c30
8.3313911999055e-45	0.846745160542357	0.692	0.254	2.80717895089616e-40	EIF6	c30
8.35278092820181e-45	0.776859756501458	0.595	0.2	2.81438600594832e-40	TSEN15	c30
8.79217486450352e-45	0.909400565953066	0.305	0.076	2.96243539884582e-40	PKIA	c30
8.86140715445581e-45	2.35767966881112	0.078	0.007	2.98576252662234e-40	GNB4	c30
8.99675927366789e-45	0.884799239662544	0.573	0.194	3.03136806966966e-40	MRPS24	c30
9.24891992617914e-45	0.821177781241005	0.673	0.242	3.1163310799268e-40	MRPS15	c30
9.36937024703085e-45	0.867590058015424	0.897	0.437	3.15691561103458e-40	HNRNPM	c30
9.4541429642628e-45	1.19503624040449	0.174	0.031	3.18547893037871e-40	TRIM24	c30
9.68417051762927e-45	0.823813581313391	0.794	0.319	3.26298441421001e-40	DECR1	c30
9.87336683848375e-45	0.819960342624471	0.305	0.075	3.32673222255871e-40	AGPS	c30
1.01218575301545e-44	2.39698565396554	0.072	0.006	3.41045867621025e-40	CNTLN	c30
1.02160562002697e-44	0.836474694352141	0.324	0.083	3.44219797611886e-40	AIFM1	c30
1.03512992880797e-44	0.81815250139952	0.445	0.134	3.48776678212557e-40	AFG3L2	c30
1.09666978701449e-44	0.640544691284623	0.467	0.141	3.69511918036663e-40	ARHGAP18	c30
1.38717988997442e-44	1.00334626045056	0.231	0.049	4.67396392127982e-40	N6AMT2	c30
1.40569440235805e-44	0.702535703298173	0.536	0.171	4.7363467193052e-40	E2F4	c30
1.41181927997947e-44	0.726936566593441	0.461	0.138	4.75698388196284e-40	AK6	c30
1.41946165883917e-44	0.694272169590128	0.505	0.157	4.78273411329271e-40	ALG5	c30
1.44816334161595e-44	0.960978556458001	0.835	0.403	4.87944156324077e-40	SET	c30
1.46378431492693e-44	1.77781338577196	0.156	0.026	4.9320748707148e-40	KCNK5	c30
1.48099905731403e-44	0.853260532833622	0.632	0.229	4.99007822371391e-40	CNTRL	c30
1.63482602207542e-44	0.714315308553473	0.361	0.097	5.50838279878093e-40	MRPL35	c30
1.71176531650704e-44	0.697113299685601	0.424	0.123	5.76762205743883e-40	ERI3	c30
1.72852169539559e-44	0.708553488361594	0.312	0.078	5.82408100046591e-40	ACOT2	c30
1.73157391960485e-44	0.915800886565932	0.308	0.077	5.83436516471657e-40	BLVRB	c30
1.83893887585904e-44	1.06094633700902	0.224	0.047	6.19612064831944e-40	KCTD10	c30
2.07492430496668e-44	0.927240965513278	0.318	0.081	6.99124995315474e-40	KIAA1715	c30
2.46095294288153e-44	0.751847734297338	0.371	0.101	8.29193484574502e-40	PDCL	c30
2.93610077982711e-44	1.12376889003	0.29	0.071	9.89289796754947e-40	REC8	c30
3.23514341272378e-44	0.830714080925195	0.685	0.25	1.09004922148315e-39	PSMC1	c30
3.42971242849409e-44	1.09696175060118	0.206	0.041	1.1556073056568e-39	BDH1	c30
3.46592426540992e-44	0.899148526262991	0.707	0.277	1.16780852198722e-39	ACADVL	c30
3.50361508837571e-44	1.07350504543866	0.227	0.048	1.18050806787731e-39	PIGU	c30
3.57467027838719e-44	0.759600530243633	0.636	0.221	1.20444940359978e-39	PFDN4	c30
3.79842955296657e-44	0.811866979589796	0.813	0.323	1.27984285357656e-39	PCMT1	c30
3.83451892942785e-44	0.886730833702497	0.43	0.129	1.29200280808142e-39	GTPBP4	c30
4.02470119925585e-44	0.696705050990076	0.576	0.19	1.35608282207726e-39	FAM103A1	c30
4.40984638172697e-44	0.647696058923396	0.477	0.146	1.48585363985908e-39	CDK11B	c30
4.51376380597424e-44	1.14390138624017	0.738	0.345	1.52086757678496e-39	MX1	c30
4.62753522555497e-44	0.92502812525491	0.726	0.281	1.55920171889849e-39	ILK	c30
4.63578720855324e-44	0.714115071840385	0.72	0.262	1.56198214204993e-39	MRPS36	c30
6.87781586642592e-44	0.763496328508355	0.427	0.126	2.31741127803355e-39	C1orf131	c30
7.16550490398637e-44	0.992047940634871	0.449	0.14	2.41434522234917e-39	SEL1L3	c30
7.40468326362516e-44	1.12320153822185	0.196	0.038	2.49493397884586e-39	RELT	c30
8.33673632048505e-44	-3.00809547277755	0.268	0.591	2.80897993582423e-39	KLF2	c30
8.4850287469425e-44	0.980579958514036	0.231	0.049	2.8589455859948e-39	MRPS17	c30
8.59311213509188e-44	0.881257653570193	0.897	0.463	2.89536320279786e-39	PPP4C	c30
9.0066003606999e-44	1.09256127501128	0.187	0.035	3.03468392553423e-39	XRCC4	c30
9.21866480550561e-44	0.72742116660265	0.567	0.189	3.10613691956706e-39	PABPN1	c30
9.8156219380641e-44	2.74505347826577	0.05	0.003	3.30727565581132e-39	NEFH	c30
9.98588474464268e-44	0.821262939747927	0.327	0.085	3.3646440058599e-39	BUD13	c30
1.05872261661795e-43	0.812086249396296	0.782	0.305	3.5672599844325e-39	LASP1	c30
1.10120229195251e-43	0.975932492213448	0.206	0.041	3.7103910025048e-39	INTS7	c30
1.16227034938441e-43	1.49888188334227	0.193	0.038	3.91615371521584e-39	MZB1	c30
1.1689680127076e-43	1.01785445535919	0.788	0.361	3.93872082201699e-39	ATP5G1	c30
1.18451321068863e-43	0.930880905732892	0.308	0.079	3.99109881209426e-39	NCOA5	c30
1.30033435935257e-43	0.661282622355203	0.604	0.204	4.38134659040256e-39	YARS	c30
1.32691918361425e-43	0.699829699494084	0.364	0.1	4.47092149726985e-39	LRRC58	c30
1.36129467882246e-43	0.626685082618356	0.483	0.149	4.5867462908244e-39	EXOSC10	c30
1.3771304425828e-43	0.820555136357995	0.723	0.275	4.64010331323847e-39	THOC3	c30
1.39467282368052e-43	0.64912529867287	0.523	0.167	4.69921061210916e-39	NUP107	c30
1.49977853364982e-43	-0.435589152858643	0.997	0.994	5.0533537912797e-39	RPS24	c30
1.5137876587157e-43	0.969215874610077	0.255	0.058	5.10055613727668e-39	FAM210A	c30
1.70601662822271e-43	0.763026205118364	0.676	0.248	5.7482524271336e-39	RASSF1	c30
1.76633551592584e-43	0.780596833878769	0.308	0.078	5.95149088736054e-39	FGFR1OP	c30
1.84899089948869e-43	0.852175322916425	0.495	0.16	6.22998993673718e-39	CHRAC1	c30
1.85789714451724e-43	0.824207200373424	0.386	0.11	6.25999863873638e-39	HCFC1	c30
1.99526498836905e-43	0.76180936648193	0.688	0.249	6.72284585181067e-39	CCDC124	c30
2.0412428744705e-43	1.47088382064546	0.159	0.027	6.87776374124089e-39	SRGAP2B	c30
2.14763950835209e-43	0.812761603516768	0.523	0.171	7.23625655944155e-39	FARSA	c30
2.28532391485192e-43	0.687918348005913	0.573	0.192	7.70017039870205e-39	PDCL3	c30
2.34485651851989e-43	0.941619241482369	0.935	0.577	7.90075955350091e-39	EIF5A	c30
2.38845899075087e-43	0.754153242818909	0.364	0.1	8.04767372343598e-39	UTP6	c30
2.76242370600585e-43	0.88863026552455	0.91	0.444	9.3077104350161e-39	NDUFS8	c30
2.95618028565627e-43	0.788873007870456	0.72	0.268	9.96055385449024e-39	MAPRE1	c30
2.96642723489145e-43	0.846923835620495	0.66	0.241	9.99507992524326e-39	PFKL	c30
3.01766577474657e-43	0.741837687938694	0.626	0.218	1.01677230614311e-38	MRPS26	c30
3.02057726312646e-43	0.766085802712382	0.321	0.083	1.01775330303783e-38	TBC1D7	c30
3.25679670826719e-43	0.66246245763656	0.464	0.142	1.09734508288355e-38	QARS	c30
3.33096077200427e-43	0.839081790710236	0.371	0.105	1.12233392251912e-38	MPHOSPH9	c30
3.42435171707953e-43	2.05737322712765	0.087	0.009	1.15380106755278e-38	DIXDC1	c30
3.51615782520764e-43	0.987897521906249	0.863	0.444	1.18473421762546e-38	HSPD1	c30
3.61209518093759e-43	0.816710260172112	0.308	0.079	1.21705935026511e-38	SLF2	c30
3.64734749568552e-43	0.712788925181761	0.558	0.184	1.22893726519628e-38	TIMMDC1	c30
4.04738407199204e-43	0.85241544871912	0.346	0.093	1.363725589217e-38	PDXK	c30
4.15923774376266e-43	1.60444506833485	0.1	0.012	1.40141356538339e-38	ZMYND19	c30
4.16783422186111e-43	1.671514109039	0.125	0.018	1.40431006271388e-38	ARHGAP19	c30
4.50136566008558e-43	0.81850098775742	0.371	0.103	1.51669014550923e-38	CH507-9B2.3	c30
4.51991162079629e-43	1.24381238867214	0.212	0.044	1.5229390215111e-38	DHRS7B	c30
4.86543875043237e-43	0.855808643649635	0.38	0.108	1.63936093257068e-38	FUT8	c30
4.87661212391611e-43	0.731664563316302	0.405	0.117	1.64312568903229e-38	ISOC1	c30
5.06594315918541e-43	0.820157840619862	0.28	0.068	1.70691888805593e-38	PGAP2	c30
5.37009617311917e-43	0.694423310633622	0.542	0.179	1.80940020457077e-38	USP48	c30
5.81218870475438e-43	0.875221917572337	0.916	0.488	1.95835886217994e-38	SEC11A	c30
5.8602821225478e-43	0.629358640601307	0.614	0.207	1.97456345837126e-38	DDA1	c30
6.30829397695162e-43	0.928898937302686	0.283	0.069	2.12551657259408e-38	SLC25A22	c30
7.45851857516104e-43	-1.67735931019177	0.502	0.768	2.51307324871476e-38	LTB	c30
7.54815922903993e-43	0.790214992520056	0.517	0.17	2.54327677063271e-38	XPO1	c30
7.82739432285575e-43	0.803883717425938	0.296	0.074	2.63736224314302e-38	SFXN4	c30
8.32363242248287e-43	1.14718438211119	0.193	0.038	2.80456470843138e-38	COQ2	c30
8.72583007735054e-43	0.836832290925303	0.931	0.473	2.94008118626249e-38	SF3B6	c30
9.01536538838646e-43	0.847401343547288	0.766	0.307	3.03763721396293e-38	PSMC4	c30
9.60848615435885e-43	0.670411516262896	0.561	0.187	3.23748332484967e-38	SLC25A1	c30
9.8500948084049e-43	0.761828861550135	0.651	0.235	3.31889094474395e-38	SRRT	c30
9.9111012664537e-43	2.6561614713043	0.069	0.006	3.33944646071891e-38	FSD1	c30
1.02592103688727e-42	2.40090773657034	0.084	0.009	3.45673834168796e-38	AMZ1	c30
1.09341492542155e-42	0.934330681649926	0.28	0.068	3.68415224971537e-38	RNF8	c30
1.09450056685028e-42	0.796930496609091	0.271	0.064	3.68781020994534e-38	PDDC1	c30
1.17246183358564e-42	1.95390810380001	0.1	0.012	3.95049290208345e-38	CHST10	c30
1.18072978439361e-42	0.841325166532321	0.445	0.137	3.97835093553583e-38	MTA2	c30
1.203911332388e-42	1.11258521408028	0.293	0.074	4.05645884334813e-38	GGT1	c30
1.21630820930929e-42	0.716734378820439	0.414	0.123	4.09822888044672e-38	R3HDM1	c30
1.23435764465453e-42	0.651478126769977	0.458	0.14	4.15904464789898e-38	XRCC1	c30
1.36811109240058e-42	0.779282676464464	0.589	0.205	4.6097135147345e-38	FLII	c30
1.47748682269155e-42	0.839232194714302	0.798	0.33	4.9782441003769e-38	SUMO3	c30
1.47888837536542e-42	0.793589957116189	0.938	0.616	4.98296649195624e-38	NDUFB2	c30
1.48528251991063e-42	0.715904492691321	0.424	0.127	5.00451092258689e-38	AC104820.2	c30
1.51486786849206e-42	0.826222472253097	0.265	0.062	5.10419579609716e-38	TSR1	c30
1.58751545429739e-42	1.17733277148772	0.196	0.039	5.34897457170962e-38	SSFA2	c30
1.59280570172907e-42	0.598652283261878	0.439	0.132	5.36679953140592e-38	CASP8AP2	c30
1.62963402934393e-42	0.710128445749524	0.673	0.24	5.49088889847143e-38	NELFE	c30
1.68226732413597e-42	0.684952676822737	0.268	0.063	5.66823152194374e-38	MTERF3	c30
1.68380786740967e-42	4.4861011607394	0.022	0.001	5.67342222845015e-38	P2RY1	c30
1.69110200690768e-42	0.767651345927816	0.607	0.213	5.69799910207474e-38	NCOA4	c30
1.75243348759597e-42	0.835444087296191	0.343	0.094	5.90464939310585e-38	PTPRN2	c30
1.83908799897271e-42	1.04927528490848	0.259	0.061	6.19662310373864e-38	NAGA	c30
2.04978455005239e-42	0.80151121078706	0.707	0.264	6.90654406294652e-38	MRPL4	c30
2.35467946295167e-42	0.725731634676132	0.34	0.091	7.93385698246936e-38	ZNF672	c30
2.45901136440701e-42	0.640084068655995	0.327	0.086	8.28539289123299e-38	TRUB2	c30
2.54785302289602e-42	0.763185757032579	0.296	0.075	8.58473597534585e-38	NNT-AS1	c30
2.85161021359675e-42	0.748379378923967	0.352	0.097	9.60821545369289e-38	MRE11A	c30
3.01574531824264e-42	0.675263777532391	0.421	0.124	1.01612522752868e-37	TRAF2	c30
3.21629159797594e-42	0.988052432956747	0.24	0.054	1.08369729102201e-37	MYO19	c30
3.32965802511131e-42	0.790714060268362	0.623	0.221	1.121894974981e-37	FRG1	c30
3.36920051525161e-42	0.694595719086434	0.629	0.222	1.13521842160888e-37	CHD4	c30
3.49232813315548e-42	0.687786343264633	0.598	0.205	1.17670504118541e-37	RSRC1	c30
3.62414764686985e-42	0.633469597091884	0.623	0.214	1.22112030813633e-37	NUBP2	c30
3.64434157579569e-42	0.810725024691151	0.984	0.935	1.2279244505486e-37	VIM	c30
3.66140458984667e-42	1.3637331343496	0.162	0.029	1.23367366250294e-37	ANKS1B	c30
3.67064838363973e-42	1.14974322192217	0.215	0.045	1.23678826638357e-37	WDR12	c30
3.85782586703893e-42	2.26822642566873	0.069	0.006	1.2998558476401e-37	IMPA2	c30
3.86884472300605e-42	0.875200040725795	0.928	0.549	1.30356854096966e-37	SFPQ	c30
3.94366862542884e-42	0.915142466857586	0.249	0.057	1.32877970665199e-37	INF2	c30
4.01108009031649e-42	0.711595035753159	0.495	0.158	1.35149332563124e-37	RABIF	c30
4.03465548193304e-42	0.866230964253497	0.882	0.442	1.35943681808252e-37	COX17	c30
4.43256815590833e-42	1.10786141730877	0.174	0.032	1.49350951445175e-37	CCDC51	c30
4.45373264288833e-42	0.855917162188438	0.29	0.072	1.50064067669479e-37	PIAS4	c30
4.49380486462919e-42	1.79762627693353	0.103	0.013	1.51414261108816e-37	NUDT6	c30
4.52715452106383e-42	-0.508125137306256	0.994	0.993	1.52537944432725e-37	RPS16	c30
4.54612279081363e-42	0.871584435167534	0.841	0.371	1.53177061313675e-37	SURF4	c30
4.56209978033809e-42	1.01723163287129	0.199	0.04	1.53715389998712e-37	TRIB3	c30
5.11728737606078e-42	0.640601269256293	0.467	0.145	1.72421880848992e-37	DDX56	c30
5.29706648892597e-42	0.613970290610866	0.427	0.128	1.78479358277872e-37	BCL7C	c30
5.67084126980337e-42	0.797199614416654	0.95	0.52	1.91073325744755e-37	RNPS1	c30
6.14246375301638e-42	0.868222344726872	0.589	0.222	2.06964173694134e-37	PMAIP1	c30
6.96499580136171e-42	3.35472938830214	0.034	0.001	2.34678568531081e-37	TUBB6	c30
7.14862056139525e-42	1.36564005105015	0.19	0.037	2.40865621195652e-37	RHBDD3	c30
7.33426256493628e-42	0.887001148886124	0.243	0.055	2.47120642862963e-37	XXYLT1	c30
7.46728933111088e-42	0.964151229779282	0.283	0.07	2.5160284672245e-37	PRICKLE4	c30
7.59618669900119e-42	1.40729501620171	0.364	0.111	2.55945914636146e-37	FASLG	c30
7.90919018725666e-42	0.777144704120047	0.274	0.066	2.66492254169426e-37	SEH1L	c30
8.05871683344259e-42	1.08478771791207	0.355	0.104	2.71530404986015e-37	ID3	c30
8.08801165081408e-42	0.711854645442814	0.464	0.145	2.7251746456253e-37	IARS	c30
8.13967655735482e-42	1.26194172286485	0.196	0.039	2.74258261923513e-37	GNGT2	c30
8.65333030046896e-42	0.706456968239718	0.48	0.152	2.91565311144001e-37	STAG1	c30
9.16875841927931e-42	2.47822722053728	0.053	0.004	3.08932146179197e-37	IQCC	c30
9.4935870717696e-42	0.611236777755194	0.548	0.18	3.19876922796205e-37	SNAPIN	c30
9.63524864938733e-42	0.765602323979412	0.71	0.271	3.24650067992457e-37	FAM195B	c30
1.07381453254182e-41	1.09343718714821	0.199	0.04	3.61811068594641e-37	ING2	c30
1.15834058138722e-41	0.641323912302041	0.358	0.099	3.9029127549261e-37	CSTF1	c30
1.25479756364309e-41	1.73061967266753	0.134	0.021	4.22791491093901e-37	CPA5	c30
1.25493054627897e-41	0.628195512194281	0.386	0.11	4.22836298263235e-37	RUVBL1	c30
1.32702674649836e-41	0.726780309334456	0.486	0.156	4.47128391965158e-37	PDZD11	c30
1.48156317523289e-41	0.687099409710992	0.548	0.183	4.99197896262968e-37	SREK1	c30
1.52628102685182e-41	0.804912913416442	0.502	0.165	5.14265129187454e-37	STXBP2	c30
1.53912307109006e-41	0.775639626936353	0.741	0.284	5.18592127573085e-37	NDUFS3	c30
1.65563025952675e-41	0.765114135019361	0.704	0.267	5.57848059644944e-37	SNX5	c30
1.76935990500806e-41	1.34595071615294	0.134	0.021	5.96168126393416e-37	RP11-110I1.12	c30
1.86320479551534e-41	0.872124740921573	0.271	0.066	6.27788223800937e-37	FAM76B	c30
2.14914145902194e-41	0.689304628585998	0.539	0.18	7.24131723202854e-37	PML	c30
2.25195667555802e-41	1.81779501495151	0.121	0.018	7.58774282262518e-37	DOT1L	c30
2.27471964423549e-41	1.26905730367123	0.178	0.034	7.66444036928706e-37	UNQ6494	c30
2.30299660615123e-41	1.53420103040404	0.143	0.023	7.75971676476595e-37	MAPK11	c30
2.3444498129116e-41	1.25349650240229	0.221	0.048	7.89938919962434e-37	LIMK1	c30
2.47285582833359e-41	1.72518996821579	0.093	0.011	8.33204042798721e-37	PIGW	c30
2.56577509821157e-41	0.823350444491933	0.324	0.087	8.64512261591407e-37	PTS	c30
2.60412771856996e-41	0.724587275421129	0.526	0.176	8.77434793494961e-37	PBRM1	c30
2.78656452935448e-41	0.78149188728876	0.399	0.118	9.389050525207e-37	NUBP1	c30
2.9682664455663e-41	0.855454306441867	0.386	0.113	1.00012769616911e-36	PAPSS1	c30
3.22812730124368e-41	0.824107020345018	0.312	0.082	1.08768521288105e-36	COQ9	c30
3.28891899246927e-41	1.00714839000062	0.798	0.38	1.1081683653226e-36	GPI	c30
3.34587144436579e-41	-0.629069692258666	1	0.998	1.12735792446461e-36	MT-ND4L	c30
3.92725834894086e-41	0.827580633204224	0.262	0.063	1.32325042809213e-36	DFNB31	c30
4.07846201042612e-41	0.951607817531557	0.692	0.28	1.37419698979298e-36	PRKDC	c30
4.26240122948458e-41	0.847423860856658	0.539	0.189	1.43617347026253e-36	PLA2G16	c30
4.31957900442332e-41	0.767316837254073	0.642	0.235	1.45543894975039e-36	NUP210	c30
4.39298887054259e-41	1.04017653782572	0.215	0.046	1.48017367004062e-36	NOM1	c30
5.03836953485053e-41	1.09819695584317	0.199	0.041	1.69762823107254e-36	FDXR	c30
5.29498890573749e-41	0.743185242490418	0.514	0.17	1.78409356189919e-36	CHMP4B	c30
5.38158609992904e-41	0.818446014961871	0.688	0.268	1.81327162051009e-36	ADSL	c30
5.6138802993233e-41	0.64653396544129	0.545	0.183	1.89154082805399e-36	AK3	c30
5.83239824003039e-41	0.77323198661022	0.346	0.095	1.96516826299584e-36	ACOT13	c30
5.85920352025171e-41	2.43023340953785	0.081	0.008	1.97420003411361e-36	CREB3L3	c30
6.22054737620355e-41	0.883782152348483	0.274	0.068	2.09595123293802e-36	MTMR2	c30
6.43417228579889e-41	1.26162250476404	0.15	0.025	2.16793000997708e-36	ZNF90	c30
7.14502614152946e-41	0.697318336067362	0.274	0.067	2.40744510812694e-36	RBM4B	c30
7.18232074845587e-41	0.677821031535309	0.505	0.165	2.42001115298472e-36	POLE3	c30
7.29943319493671e-41	0.588633199406722	0.374	0.106	2.45947102070197e-36	SEPT11	c30
8.31339377525877e-41	0.661374028773208	0.514	0.168	2.80111489863569e-36	RPUSD3	c30
8.91783231624396e-41	2.57479212885344	0.069	0.006	3.00477442063524e-36	CD86	c30
9.16711785996535e-41	0.838297892485849	0.698	0.273	3.08876869173672e-36	PHF5A	c30
9.61851183595747e-41	3.37348867447174	0.05	0.003	3.24086137800751e-36	NPB	c30
9.66195875157893e-41	0.637040138869868	0.474	0.15	3.255500381757e-36	NFU1	c30
1.05910349392818e-40	0.85474020644319	0.305	0.08	3.56854331244161e-36	MED24	c30
1.09652882019856e-40	0.639292279499161	0.467	0.147	3.69464420677704e-36	ATP6V1D	c30
1.24776884437054e-40	1.50594137219582	0.131	0.02	4.20423234422208e-36	TMPO-AS1	c30
1.24911024011794e-40	0.79691547743807	0.907	0.47	4.20875204305338e-36	PTPN7	c30
1.40564566528589e-40	0.748599805177132	0.33	0.09	4.73618250461427e-36	PATL1	c30
1.4147126469588e-40	0.706446296971779	0.461	0.145	4.76673279266296e-36	GBAS	c30
1.4787853294414e-40	0.897651440153476	0.221	0.048	4.98261928901986e-36	PPP2R1B	c30
1.56574310832829e-40	5.32007028592303	0.016	0	5.27561482920133e-36	LRRC26	c30
1.63147873400287e-40	0.82764286051974	0.928	0.512	5.49710444634927e-36	MZT2A	c30
1.73992753311452e-40	-0.58626148933449	0.994	0.985	5.86251183007608e-36	EEF1D	c30
1.81396145373454e-40	0.857168100821323	0.34	0.094	6.11196172221317e-36	MICB	c30
1.8624207284031e-40	0.764386852373557	0.782	0.327	6.27524040228141e-36	CMTM6	c30
1.90258906894921e-40	0.683943917155245	0.318	0.085	6.41058360891748e-36	ALAS1	c30
1.9731142948721e-40	0.848224017199502	0.259	0.062	6.64821130514206e-36	RANBP9	c30
2.04097928704362e-40	0.63224304936284	0.461	0.145	6.87687560976477e-36	G6PD	c30
2.07392873648082e-40	0.644221105142363	0.467	0.148	6.98789548469848e-36	AP2A1	c30
2.11179620991184e-40	0.71276920527251	0.302	0.079	7.11548614967695e-36	APOBEC3F	c30
2.18368926935842e-40	0.773080778111223	0.386	0.114	7.35772262417626e-36	MRPS28	c30
2.20234990207888e-40	0.7880274550791	0.966	0.629	7.42059776006457e-36	SERBP1	c30
2.22993903826772e-40	0.810816133965877	0.564	0.198	7.51355659553925e-36	TCERG1	c30
2.24221429153226e-40	1.73840248938889	0.078	0.008	7.55491683388879e-36	HAUS7	c30
2.24319052286122e-40	0.869410425236494	0.707	0.29	7.55820614772859e-36	IFI35	c30
2.30654018100707e-40	0.643234349530192	0.536	0.178	7.77165648588522e-36	ZDHHC24	c30
2.31028722648188e-40	0.742705175122649	0.349	0.098	7.78428178090805e-36	STT3A	c30
2.34419193233621e-40	-0.798966904376704	0.981	0.966	7.89852029681362e-36	EEF1B2	c30
2.45112558196603e-40	0.681133046946203	0.586	0.205	8.25882253587635e-36	ACTR1A	c30
2.49319419858698e-40	0.823157461337	0.813	0.365	8.40056853271897e-36	TRA2B	c30
2.55145907409172e-40	0.631665256548153	0.576	0.197	8.59688620424464e-36	FAM192A	c30
2.59784185879918e-40	2.17150224095032	0.09	0.011	8.75316835903797e-36	SMOX	c30
2.6061697399409e-40	0.733745468783784	0.371	0.107	8.78122832175688e-36	SLC25A24	c30
2.69887467852691e-40	0.73681110739666	0.296	0.076	9.09358834182858e-36	TARBP2	c30
2.78903786636738e-40	0.722924798353845	0.654	0.246	9.39738418693826e-36	RFC1	c30
2.80478331686571e-40	0.801090045968741	0.611	0.221	9.45043690784731e-36	MAP2K3	c30
2.90227698897873e-40	0.630958120261728	0.405	0.121	9.77893208666494e-36	CCDC82	c30
2.93684063324072e-40	1.09737519487146	0.174	0.033	9.89539082964128e-36	WRN	c30
2.94449170780638e-40	0.635083284723019	0.33	0.09	9.9211703602828e-36	DDX1	c30
2.94765348188251e-40	0.700183383531254	0.417	0.127	9.93182364185492e-36	ADPRHL2	c30
2.94940837366918e-40	0.836310573011172	0.259	0.062	9.93773657424093e-36	UTP4	c30
2.96237902497391e-40	0.823903537977985	0.807	0.354	9.98143988674711e-36	PTBP1	c30
3.00969242903465e-40	0.693229536259588	0.579	0.203	1.01408576703894e-35	GNB1	c30
3.04452703281231e-40	1.12471999397776	0.199	0.041	1.02582293843578e-35	ACSL1	c30
3.08267938802334e-40	0.771361675236363	0.318	0.085	1.03867799300058e-35	PAM16	c30
3.16804675422749e-40	0.852047023870109	0.24	0.055	1.06744167336941e-35	CETN3	c30
3.17601491205535e-40	0.975626260605785	0.947	0.702	1.07012646446793e-35	CALR	c30
3.18198484545147e-40	0.607221236820893	0.533	0.176	1.07213797382642e-35	ZCCHC17	c30
3.50479557791289e-40	0.765967184868218	0.766	0.312	1.18090582202197e-35	KXD1	c30
3.5149242299904e-40	0.799193340191499	0.308	0.082	1.18431857005296e-35	C16orf91	c30
3.69529377954892e-40	0.680192599972231	0.598	0.211	1.24509228608121e-35	NELFCD	c30
3.73179874164339e-40	1.24859331199103	0.146	0.025	1.25739226800932e-35	STARD4	c30
3.75572229816544e-40	1.34628851712068	0.121	0.018	1.26545307114386e-35	AC091729.9	c30
3.91853047578158e-40	0.633153514144107	0.576	0.197	1.32030965850985e-35	GRHPR	c30
4.07202313185271e-40	0.687906951028646	0.364	0.104	1.37202747404645e-35	IMMP1L	c30
4.18046071140701e-40	0.624288133270689	0.502	0.163	1.40856443210148e-35	TSN	c30
4.18460704698849e-40	-0.483291943944483	1	0.994	1.4099614984123e-35	RPL8	c30
4.19202238906744e-40	0.664856609040299	0.651	0.239	1.41246002377238e-35	PPP4R2	c30
4.30988455053007e-40	1.12554180199331	0.209	0.045	1.4521725004556e-35	NUP188	c30
4.47621389777302e-40	0.644362773946205	0.642	0.229	1.50821551071564e-35	CHCHD3	c30
4.56919764099593e-40	0.593857606948598	0.324	0.087	1.53954545315717e-35	NCBP1	c30
4.61653120088108e-40	0.549069074211432	1	0.995	1.55549402282487e-35	TMSB10	c30
4.62616411029858e-40	1.29093242159721	0.212	0.046	1.558739735324e-35	ROGDI	c30
5.12002326421096e-40	0.800145012709626	0.835	0.361	1.72514063864324e-35	MPC2	c30
5.14807033098796e-40	0.713281521417665	0.483	0.156	1.73459081732308e-35	BRIX1	c30
5.26255769252374e-40	1.59288405981177	0.131	0.02	1.77316618891895e-35	ARHGAP33	c30
5.57024805596246e-40	0.546061436287277	0.567	0.195	1.87683937997599e-35	SLF1	c30
5.58999998997395e-40	0.631559725854634	0.561	0.191	1.88349459662182e-35	NSL1	c30
6.18716497281176e-40	0.816064087628255	0.586	0.213	2.08470336593919e-35	NAA10	c30
6.25074185198613e-40	0.575439730182647	0.439	0.135	2.10612495960821e-35	TMEM11	c30
6.46039468050781e-40	0.739069730606267	0.692	0.26	2.1767653836503e-35	RBM42	c30
6.60409026887094e-40	0.69603701251268	0.455	0.144	2.22518217519337e-35	DESI1	c30
6.77992168775875e-40	1.07147454985953	0.202	0.043	2.28442681347343e-35	LLGL1	c30
6.90007659290533e-40	0.66026749691642	0.449	0.141	2.32491180721352e-35	NUPL2	c30
7.05832122322901e-40	0.968190094568031	0.187	0.037	2.37823075295478e-35	BCS1L	c30
7.08533800999152e-40	1.03000227186004	0.184	0.036	2.38733378908654e-35	MRPL23	c30
7.33627192133249e-40	0.843228428628633	0.85	0.381	2.47188346117377e-35	ADRM1	c30
7.34900595274157e-40	1.19787526160121	0.212	0.046	2.47617406571674e-35	LXN	c30
7.71068850670246e-40	0.762673541281767	0.623	0.229	2.59803938544833e-35	ATOX1	c30
8.56669697068193e-40	0.713539331810744	0.361	0.104	2.88646287730157e-35	PELP1	c30
9.1390605608537e-40	0.868952973945863	0.754	0.325	3.07931506537405e-35	SH3BP1	c30
9.15977914128667e-40	0.853199902009676	0.212	0.046	3.08629598386513e-35	RP11-115C21.2	c30
9.20748475395589e-40	0.671493943046395	0.654	0.239	3.1023699129979e-35	COMMD8	c30
9.98309918203456e-40	0.703733305391179	0.377	0.111	3.36370543839472e-35	BLMH	c30
1.02260772703791e-39	0.707857397992913	0.321	0.087	3.44557447548155e-35	PUDP	c30
1.02375994704774e-39	2.4008053112097	0.072	0.007	3.44945676558266e-35	CD276	c30
1.08247827549414e-39	0.696374675194172	0.389	0.116	3.64730230144997e-35	NR2C2AP	c30
1.10709599421691e-39	1.89740281916336	0.1	0.013	3.73024924291444e-35	BMP2K	c30
1.12102173880816e-39	0.782008818388708	0.361	0.105	3.77717064674022e-35	SMC6	c30
1.16334143423402e-39	0.650054812536094	0.411	0.124	3.91976262850812e-35	WDR18	c30
1.35770781540026e-39	0.728693004563742	0.402	0.122	4.57466071320962e-35	GMEB1	c30
1.38085645368334e-39	0.682227157061051	0.296	0.077	4.65265773504064e-35	GAR1	c30
1.40125072767645e-39	0.825969484456996	0.779	0.328	4.72137420183303e-35	BUD31	c30
1.40994224849063e-39	0.742877319086978	0.305	0.081	4.75065941206431e-35	HEBP1	c30
1.50767870086924e-39	0.708909315507115	0.704	0.265	5.07997261470882e-35	PPIH	c30
1.51151871479466e-39	0.713103862026361	0.308	0.082	5.09291115762912e-35	ELK1	c30
1.53870600868714e-39	0.767214894909711	0.29	0.075	5.18451602567044e-35	YEATS2	c30
1.54718961941793e-39	0.921714947536384	0.234	0.054	5.21310070366677e-35	AKAP2	c30
1.55457169436938e-39	0.769426950772314	0.688	0.264	5.23797386700818e-35	SUCLG1	c30
1.5743542157115e-39	0.892751688968594	0.399	0.123	5.30462909441833e-35	EHD4	c30
1.60443493319385e-39	0.766334451962798	0.324	0.089	5.40598306390335e-35	USP5	c30
1.67676944923118e-39	0.76480106480761	0.701	0.271	5.64970698223955e-35	OLA1	c30
1.69562194634422e-39	1.37745016025986	0.143	0.024	5.71322858601221e-35	SUOX	c30
1.72607653795271e-39	0.890967763685788	0.791	0.374	5.81584228697785e-35	MRPL52	c30
1.75431548432631e-39	-0.524489699617431	0.991	0.991	5.91099059288905e-35	GNB2L1	c30
1.78373608887159e-39	0.623682397504889	0.399	0.12	6.01012037784393e-35	IFT27	c30
1.82662391079893e-39	0.599466790000561	0.368	0.106	6.1546266050459e-35	C8orf76	c30
1.89939038409577e-39	1.17709791623173	0.567	0.222	6.39980596017229e-35	HIST1H1E	c30
2.03683836439788e-39	0.730357738942322	0.972	0.67	6.86292318500223e-35	NDUFB11	c30
2.07013417273892e-39	0.603620166369012	0.396	0.118	6.97511008162651e-35	FAM207A	c30
2.08076723837309e-39	1.17122742440492	0.95	0.655	7.01093713297431e-35	CRIP1	c30
2.10509362030482e-39	0.732476164966013	0.386	0.115	7.09290244425505e-35	SLC39A7	c30
2.11888580867985e-39	0.792296676800894	0.209	0.045	7.1393738437659e-35	RBM14	c30
2.23006323450975e-39	0.610383696084835	0.449	0.142	7.51397506235715e-35	PTPN11	c30
2.33190074556297e-39	0.830265407096824	0.723	0.298	7.85710637209988e-35	HDAC1	c30
2.46350555616725e-39	1.15257358327825	0.15	0.026	8.30053562094995e-35	SAP30	c30
2.54175040104993e-39	0.615623198992765	0.396	0.119	8.56417380129765e-35	FAM118A	c30
2.5577532361632e-39	5.17067557122931	0.012	0	8.6180937539283e-35	CTD-2616J11.14	c30
2.70834236633643e-39	0.800191321431381	0.922	0.538	9.12548876913397e-35	EWSR1	c30
2.76250428838363e-39	0.59236539656204	0.449	0.14	9.30798194927979e-35	COMMD5	c30
2.77438335682347e-39	0.652909258493868	0.595	0.21	9.34800728248099e-35	MIF4GD	c30
2.81493681965712e-39	0.725757001115577	0.361	0.105	9.48464812015272e-35	EFTUD2	c30
2.83599017729299e-39	0.84422410134277	0.259	0.063	9.555585303371e-35	LIN52	c30
2.86938807234101e-39	0.720914123686503	0.393	0.118	9.66811617094579e-35	PLIN3	c30
3.09602890072399e-39	0.717141795341529	0.533	0.183	1.04317597780994e-34	CHMP4A	c30
3.52781118760463e-39	0.822997395842511	0.296	0.078	1.1886607015515e-34	DPAGT1	c30
3.69309430878993e-39	0.783713761810929	0.361	0.106	1.24435119640368e-34	SLC5A3	c30
3.72603191135217e-39	0.764597286200221	0.449	0.146	1.255449192211e-34	RALBP1	c30
3.74225844257303e-39	0.866342245369896	0.816	0.371	1.26091655964056e-34	RBM17	c30
3.78076281745924e-39	0.801545622324323	0.667	0.255	1.27389022371472e-34	MRPL11	c30
3.91822282836499e-39	1.39957805960457	0.146	0.025	1.3202059997893e-34	CCDC88A	c30
3.93673999500826e-39	0.62329294678246	0.424	0.13	1.32644517391808e-34	C5orf15	c30
3.9524493680082e-39	0.808741337164156	0.798	0.351	1.33173829005668e-34	EIF3A	c30
4.16315985645806e-39	0.584691790496495	0.318	0.086	1.40273508203498e-34	RBM28	c30
4.22378987904987e-39	0.538316364398681	0.48	0.154	1.42316376184706e-34	LSM12	c30
4.39296660279825e-39	0.73957155338536	0.763	0.303	1.48016616714684e-34	IAH1	c30
4.58106402577586e-39	0.658515751330571	0.389	0.117	1.54354371284492e-34	DDX39B	c30
4.63630171254849e-39	0.728163285330516	0.611	0.224	1.56215549902609e-34	SPPL2A	c30
5.00211944215228e-39	1.39442663164627	0.146	0.025	1.68541412483879e-34	SRD5A3	c30
5.30213088007877e-39	0.645538109755193	0.57	0.198	1.78649997873374e-34	SMIM15	c30
5.42285664016043e-39	0.630802982208245	0.994	0.82	1.82717731633566e-34	NDUFA4	c30
5.78511407399082e-39	0.85619384967343	0.885	0.44	1.94923633609047e-34	POLR2E	c30
6.29680018850174e-39	0.648639015433727	0.477	0.154	2.12164385551378e-34	DRG1	c30
6.43538211861698e-39	0.583497961204127	0.383	0.113	2.1683376510468e-34	RNPEP	c30
6.47679925497914e-39	2.63413383347479	0.056	0.004	2.18229274097267e-34	ASRGL1	c30
6.84237446201701e-39	1.17760929871926	0.19	0.039	2.30546965123201e-34	KMT5C	c30
7.69525999096907e-39	0.797570875940532	0.713	0.293	2.59284090135712e-34	ETHE1	c30
7.89182361204839e-39	0.602771456302681	0.53	0.178	2.65907104784358e-34	HARS	c30
8.78926678381903e-39	1.01631681501298	0.371	0.112	2.96145555013998e-34	FAM3C	c30
8.9956092661794e-39	1.00071275297833	0.274	0.071	3.03098058614649e-34	MFSD14B	c30
9.5280292144665e-39	0.856536648330373	0.452	0.15	3.21037416352234e-34	CARD19	c30
9.65149130230201e-39	0.788580395719161	0.807	0.357	3.25197347939764e-34	DNAJC15	c30
9.73877032750271e-39	0.563026815796488	0.455	0.144	3.28138127414876e-34	ZNF511	c30
1.01997262664925e-38	1.27151433875955	0.259	0.066	3.43669576823199e-34	SRGAP3	c30
1.03097045732235e-38	0.728624975892603	0.445	0.143	3.47375185890191e-34	CCDC47	c30
1.10379638073255e-38	0.902268083375811	0.302	0.082	3.71913152524026e-34	FBXO6	c30
1.12740907127625e-38	0.771518133164666	0.583	0.217	3.79869212475821e-34	OAS2	c30
1.13404297949162e-38	0.912994523586423	0.305	0.083	3.82104441509907e-34	AIMP2	c30
1.15795966048385e-38	0.686086081931235	0.333	0.094	3.90162928003428e-34	FHL3	c30
1.17459586351294e-38	3.19567421644193	0.087	0.01	3.9576833025205e-34	HTRA1	c30
1.17832666523186e-38	0.668837808975573	0.533	0.182	3.97025386583222e-34	CDC5L	c30
1.23622104888832e-38	0.635046146152177	0.336	0.095	4.16532320212432e-34	NEDD1	c30
1.24309184560353e-38	0.604631565796392	0.617	0.22	4.18847366457652e-34	NFYC	c30
1.26348813233773e-38	0.825929734047941	0.299	0.081	4.25719691309876e-34	RRBP1	c30
1.42316036852658e-38	0.833705658448071	0.997	0.913	4.79519654571347e-34	MIF	c30
1.49050490562509e-38	0.839135948320321	0.349	0.101	5.02210722901319e-34	EXOG	c30
1.52674469962643e-38	2.82510359896472	0.044	0.003	5.14421359092129e-34	LRRC34	c30
1.56140557050447e-38	0.663576626272323	0.467	0.152	5.26099992925777e-34	CSNK2A1	c30
1.59011399929143e-38	-0.888376286349855	0.991	0.961	5.35773010921255e-34	MT-ND4	c30
1.6347547642096e-38	1.06527938246292	0.246	0.061	5.50814270252782e-34	GADD45G	c30
1.68046678874557e-38	0.591900101442716	0.349	0.1	5.66216479799931e-34	DCTN6	c30
1.69290864261089e-38	0.628862626843234	0.589	0.208	5.70408638041314e-34	SMIM12	c30
1.69303878567443e-38	0.830918254497488	0.246	0.059	5.70452488445141e-34	ERV3-1	c30
1.85418705861897e-38	0.836602331950852	0.327	0.092	6.24749787531074e-34	N4BP2	c30
1.85699737466787e-38	1.11411834790072	0.489	0.174	6.25696695420591e-34	HIST1H1C	c30
1.90495355664307e-38	1.09239746970229	0.162	0.03	6.41855051375317e-34	GALE	c30
1.91202298470734e-38	0.926294671443629	0.265	0.067	6.4423702446729e-34	SPATA20	c30
2.03367049991111e-38	0.71203236642581	0.707	0.275	6.8522493824005e-34	C11orf73	c30
2.05390074889413e-38	0.775665386610359	0.545	0.193	6.92041318332388e-34	DHX9	c30
2.08007122741652e-38	1.06492505731782	0.125	0.019	7.00859199365722e-34	CLPB	c30
2.1571001214908e-38	0.645256598691228	0.586	0.21	7.2681331493511e-34	TSPAN5	c30
2.15766003389887e-38	0.698721963233006	0.673	0.253	7.27001971821886e-34	COMT	c30
2.18349597899387e-38	0.862825907443202	0.312	0.087	7.35707135162193e-34	CSGALNACT1	c30
2.21631145977864e-38	0.555373044357912	0.396	0.119	7.46763983257814e-34	NFYB	c30
2.267181486339e-38	0.727548043635742	0.368	0.109	7.63904130007063e-34	SLC25A25	c30
2.26967975050085e-38	0.672733474618684	0.243	0.058	7.64745895133757e-34	NUDCD1	c30
2.3693786304945e-38	0.813016956379104	0.869	0.41	7.98338435758818e-34	TCEB1	c30
2.58365102964594e-38	0.807285199848365	0.67	0.26	8.70535377928903e-34	AHSA1	c30
2.60912024032794e-38	0.790487592327527	0.402	0.126	8.79116973776097e-34	RIN3	c30
2.63410072490643e-38	0.731764449658034	0.729	0.289	8.87533898249974e-34	MRPL18	c30
2.65250967758348e-38	0.672063822675226	0.386	0.117	8.93736610764977e-34	CBR1	c30
3.11193883930821e-38	0.869588683537331	0.221	0.05	1.04853667251651e-33	PKNOX1	c30
3.16738359381597e-38	0.830414184692797	0.872	0.446	1.06721822810035e-33	PRDX6	c30
3.2163114490045e-38	1.43442132927511	0.193	0.042	1.08370397962758e-33	ADGRG1	c30
3.38622211068935e-38	0.701167565719738	0.707	0.276	1.14095367797567e-33	CEP57	c30
3.42015671276106e-38	1.27056280276373	0.121	0.019	1.15238760279771e-33	FBXO45	c30
3.4298475047459e-38	0.632386446267732	0.377	0.113	1.15565281824908e-33	POLR2D	c30
3.66396194884965e-38	0.657897853655094	0.421	0.131	1.2345353390454e-33	TRIAP1	c30
3.72941639232546e-38	0.562462162045827	0.34	0.096	1.25658955923014e-33	SMPD4	c30
3.78580287091533e-38	0.807755917112618	0.268	0.068	1.27558841932621e-33	OAZ2	c30
4.34549716885054e-38	0.815375264384112	0.312	0.086	1.4641718160725e-33	PGM2	c30
4.81169608901071e-38	0.618770868293518	0.393	0.119	1.62125288023127e-33	PYCR2	c30
4.88945747362043e-38	1.86076603789735	0.087	0.01	1.64745380116167e-33	TSPAN4	c30
4.92324663767671e-38	0.816186999618867	0.916	0.553	1.65883872209879e-33	IFI16	c30
5.0183882187399e-38	0.754498322511252	0.206	0.045	1.69089572642222e-33	GGCX	c30
5.29270577798487e-38	0.606102263509163	0.405	0.124	1.78332428483422e-33	ATG101	c30
5.8788810236488e-38	0.823509207364639	0.938	0.599	1.98083017210823e-33	HLA-DPB1	c30
6.43096577396168e-38	0.570486341481319	0.327	0.091	2.16684960787865e-33	THUMPD3	c30
6.51198566299283e-38	0.56225857718692	0.43	0.135	2.1941484492888e-33	TFPT	c30
6.65064873553844e-38	0.759837870704347	0.271	0.07	2.24086958495232e-33	RPRD1B	c30
7.50907899798612e-38	0.699685678615434	0.629	0.231	2.53010907758144e-33	ITPA	c30
7.69403922685337e-38	0.655265011852552	0.514	0.175	2.59242957709598e-33	CS	c30
8.13180756902864e-38	0.680993048355167	0.502	0.168	2.73993124230851e-33	PRPF19	c30
8.33962043867625e-38	0.797502225322343	0.907	0.491	2.80995171060757e-33	ROMO1	c30
8.37616915136774e-38	0.818387462185254	0.231	0.054	2.82226643386185e-33	RNF26	c30
8.44665718824454e-38	0.701162130583875	0.657	0.245	2.84601667300712e-33	AP1M1	c30
8.72184314174884e-38	0.472372236595311	0.474	0.153	2.93873782818086e-33	RBMX2	c30
8.87691618233961e-38	0.87736333544311	0.832	0.403	2.99098813847751e-33	NHP2	c30
9.6057099378665e-38	0.586878174698097	0.623	0.223	3.23654790646474e-33	CHTF8	c30
9.95616651722441e-38	0.702836031135684	0.76	0.316	3.35463074631359e-33	SPN	c30
1.02898129681847e-37	0.589963474061526	0.47	0.153	3.46704958150014e-33	TMEM126A	c30
1.06506641888429e-37	4.06559871605489	0.028	0.001	3.58863479178872e-33	CRNDE	c30
1.07564537219003e-37	0.685095439816909	0.48	0.16	3.62427951705707e-33	ERVK3-1	c30
1.08850491458083e-37	0.729917494217432	0.757	0.313	3.66760845918865e-33	PPP1R7	c30
1.09738999572352e-37	0.60035754284905	0.489	0.162	3.69754585159082e-33	DLST	c30
1.10490658261079e-37	-1.44325075671918	0.679	0.763	3.72287223944881e-33	GIMAP7	c30
1.15313516965543e-37	0.722919488109676	0.318	0.089	3.88537364063702e-33	KCTD5	c30
1.17654213343806e-37	0.655139960871079	0.43	0.137	3.96424106440619e-33	NPTN	c30
1.1856757137445e-37	0.663423773171564	0.318	0.088	3.99501574989072e-33	ARV1	c30
1.20049354807188e-37	0.709685755473168	0.956	0.617	4.04494296087339e-33	ARHGDIA	c30
1.23543351199857e-37	1.03809284689318	0.178	0.036	4.16266967532798e-33	PM20D2	c30
1.2403481344574e-37	0.740979212633957	0.583	0.21	4.17922900424076e-33	TIMM13	c30
1.25110147175641e-37	1.25505973555803	0.162	0.031	4.21546129893604e-33	SLC39A3	c30
1.25548951701532e-37	0.7572571821199	0.231	0.054	4.23024637863142e-33	KLHL42	c30
1.3174734942356e-37	0.589002884278712	0.324	0.091	4.43909519147744e-33	MIS12	c30
1.35620221236335e-37	0.922648887112608	0.243	0.059	4.56958773433708e-33	DHDDS	c30
1.37956087788529e-37	0.823831132493571	0.85	0.403	4.6482924219467e-33	SSNA1	c30
1.41172705480482e-37	0.667555086533015	0.436	0.14	4.75667313845935e-33	FAM120A	c30
1.41837557091732e-37	0.643933022120605	0.321	0.089	4.77907464864882e-33	ALDH16A1	c30
1.46727872370456e-37	0.866094836353995	0.595	0.232	4.94384893165013e-33	UBE2V1	c30
1.50781562230378e-37	0.696892033821247	0.467	0.155	5.08043395779035e-33	CCDC137	c30
1.58880618993634e-37	0.851090421069929	0.327	0.093	5.35332357637151e-33	MAD2L1BP	c30
1.74298008736463e-37	0.692190903819719	0.38	0.116	5.8727971063664e-33	INSIG1	c30
1.79189706689361e-37	0.53063590919017	0.371	0.11	6.03761797719132e-33	DNM1L	c30
1.79860613826787e-37	0.669018831722983	0.461	0.154	6.06022352227976e-33	RAD50	c30
1.79864030133492e-37	1.02501047385191	0.206	0.046	6.06033863131787e-33	ATP13A3	c30
1.81424800212776e-37	0.761034104650879	0.835	0.371	6.11292721836928e-33	MIEN1	c30
1.94308556666724e-37	0.814137076806167	0.757	0.326	6.54703250832861e-33	DCXR	c30
2.1464731226527e-37	0.534143123750069	0.439	0.14	7.232326539466e-33	CERS5	c30
2.23473417759059e-37	4.6282637623962	0.016	0	7.52971333797372e-33	RP11-474B16.1	c30
2.28829617649777e-37	1.20303993680384	0.224	0.054	7.71018513709159e-33	BHLHE40-AS1	c30
2.44368780243057e-37	0.709401469896252	0.651	0.249	8.23376168150956e-33	LYPLA1	c30
2.48648206768907e-37	1.03813628280097	0.259	0.066	8.37795267887154e-33	HYI	c30
2.65571357134498e-37	0.739006358642141	0.757	0.315	8.94816130728979e-33	HSPA9	c30
2.74762803098228e-37	0.736660354596702	0.654	0.254	9.2578578875917e-33	SDHD	c30
2.87437766900045e-37	0.800284675769438	0.467	0.159	9.6849281179301e-33	MAPKAPK3	c30
3.00751592830911e-37	0.665902539068826	0.604	0.22	1.01335241688447e-32	UBL7	c30
3.04780568025641e-37	0.569860946829055	0.514	0.174	1.0269276459056e-32	MED8	c30
3.04852573997856e-37	1.2099320687512	0.143	0.025	1.02717026282837e-32	CASP9	c30
3.09875094342941e-37	2.6427431540048	0.062	0.006	1.04409314287911e-32	HIST1H3J	c30
3.11170510881618e-37	1.28597402917125	0.134	0.023	1.04845791936453e-32	CERS6	c30
3.2293585225964e-37	0.428848455943348	1	0.981	1.08810006060363e-32	SERF2	c30
3.51878335789904e-37	0.54155043508785	0.548	0.189	1.1856188646105e-32	MRPS14	c30
3.82710485421708e-37	0.677927788645886	0.664	0.253	1.2895047095799e-32	ECHS1	c30
4.04379980245809e-37	1.23807240061367	0.181	0.037	1.36251790544023e-32	TUBGCP4	c30
4.10921752247906e-37	0.655000030758776	0.573	0.206	1.38455975202409e-32	SF3B3	c30
4.63817106278061e-37	0.606433138207319	0.514	0.177	1.5627853578933e-32	IL10RB	c30
5.06653550437789e-37	0.668334271004454	0.402	0.127	1.70711847284508e-32	SYT11	c30
5.32157407582076e-37	1.16743401517651	0.162	0.031	1.79305116910705e-32	HECTD2	c30
5.99358033292368e-37	1.18722797271448	0.162	0.031	2.01947695737531e-32	ABHD8	c30
6.09753948280545e-37	0.645833425847919	0.526	0.182	2.05450495333647e-32	WDR61	c30
6.58565887000785e-37	0.610455695201882	0.417	0.133	2.21897189966045e-32	PPP2R4	c30
6.84945502595577e-37	0.994297753808342	0.196	0.043	2.30785537644554e-32	ABHD11	c30
6.93756802701004e-37	1.30685059959746	0.143	0.025	2.33754417102076e-32	VKORC1L1	c30
7.12098221895129e-37	0.73191655386245	0.798	0.355	2.39934374885345e-32	GNAI2	c30
7.28298298909303e-37	1.11994414533873	0.162	0.031	2.45392828834501e-32	ACY1	c30
7.31013772241789e-37	0.508134395133095	0.558	0.195	2.46307780419148e-32	USP10	c30
7.32224588995259e-37	0.519930131544881	0.424	0.134	2.46715753016063e-32	NUDT2	c30
7.36857913306274e-37	1.80029686652933	0.084	0.01	2.48276905309416e-32	C17orf96	c30
7.53857752371166e-37	1.34647687811644	0.118	0.018	2.54004831083941e-32	SLC31A1	c30
8.15531579676013e-37	1.16664750075367	0.184	0.039	2.74785210456036e-32	IRAK1	c30
8.20260870209268e-37	0.948740257441056	0.324	0.097	2.76378697608311e-32	RSAD2	c30
8.4510798799254e-37	0.362023182810507	0.997	0.939	2.84750685474207e-32	RPS26	c30
9.04417370486641e-37	1.00536536903729	0.221	0.052	3.04734388811769e-32	HMGCS1	c30
9.61328499775261e-37	0.576103638645384	0.57	0.201	3.23910024714276e-32	OVCA2	c30
9.78939875642178e-37	0.662017261523304	0.598	0.22	3.29844001698875e-32	KRR1	c30
1.01318499070557e-36	0.659063932220717	0.988	0.75	3.41382550768335e-32	CAPZB	c30
1.04533079045097e-36	0.551436637320997	0.308	0.085	3.52213756534549e-32	GPN3	c30
1.04898552884431e-36	0.856123314186536	0.215	0.05	3.534451840888e-32	TMED8	c30
1.1301576857483e-36	0.720429604415741	0.333	0.097	3.80795330636031e-32	CDK5RAP2	c30
1.1388174065552e-36	1.87877017391818	0.106	0.015	3.83713136964708e-32	KLRC2	c30
1.15157912878654e-36	1.18664781751691	0.159	0.03	3.88013071653338e-32	C5orf42	c30
1.15924246127788e-36	0.67444008226628	0.52	0.183	3.90595154902968e-32	DENND1B	c30
1.2323396337031e-36	0.678902120155656	0.358	0.107	4.15224516179921e-32	SLC25A20	c30
1.31542161244012e-36	0.64437637807541	0.28	0.074	4.43218158095575e-32	EIF2B3	c30
1.3530740526419e-36	1.29622072266962	0.159	0.03	4.55904771297162e-32	PRMT6	c30
1.38455592708133e-36	0.532753006810869	0.455	0.149	4.66512274070784e-32	PAGR1	c30
1.50482693177926e-36	0.499123095074964	0.442	0.141	5.07036386393705e-32	UTP18	c30
1.53141510762729e-36	2.47866578708041	0.056	0.005	5.15995006363937e-32	XXbac-B476C20.9	c30
1.53613001606603e-36	1.07894009395008	0.168	0.033	5.17583647613287e-32	MSC-AS1	c30
1.56527126709424e-36	0.75300690865429	0.336	0.099	5.27402500734734e-32	ACOT9	c30
1.5696810759303e-36	0.629357422148015	0.981	0.798	5.28888341723957e-32	SOD1	c30
1.57433304202238e-36	0.660312617254716	0.508	0.175	5.3045577517902e-32	VTA1	c30
1.60616204486227e-36	0.786239599682659	0.835	0.393	5.41180239395895e-32	ACP1	c30
1.64114204695998e-36	0.677335030635208	0.966	0.699	5.52966401302697e-32	UQCRH	c30
1.68065383959915e-36	1.56841896606531	0.097	0.013	5.66279504714537e-32	VSIG10	c30
1.73126136207723e-36	0.707679641906983	0.224	0.053	5.83331203338302e-32	MDM1	c30
1.78730884279054e-36	0.723504849227492	0.346	0.102	6.02215841489846e-32	CHERP	c30
1.7911369906364e-36	0.900388556724692	0.237	0.058	6.03505697625027e-32	SRGAP2C	c30
1.81260949144999e-36	0.610707415132597	0.424	0.134	6.10740642049161e-32	RPP30	c30
1.85197182716163e-36	0.528397325242234	0.34	0.098	6.24003387443841e-32	DCAF12	c30
1.93968591953654e-36	0.577411478000739	0.71	0.28	6.53557773728642e-32	LIMS1	c30
1.94830294688351e-36	0.783781070674099	0.318	0.091	6.56461194922931e-32	YKT6	c30
2.02034759658215e-36	0.623493239577891	0.526	0.184	6.80735919192388e-32	PPP2R3C	c30
2.03243974819487e-36	0.63309315042613	0.33	0.095	6.84810248756779e-32	C9orf114	c30
2.10788618834257e-36	0.771334083376092	0.922	0.515	7.10231172300147e-32	SUMO1	c30
2.11093750633103e-36	0.716634280249623	0.452	0.15	7.11259283383176e-32	BRD7	c30
2.25829795381513e-36	0.82460366598349	0.262	0.068	7.60910912558471e-32	NUP205	c30
2.32366635956267e-36	0.827863404740008	0.43	0.142	7.82936143191047e-32	CYB5A	c30
2.44596669126695e-36	0.637135646939659	0.648	0.242	8.24144016955486e-32	MCTS1	c30
2.45851345716344e-36	0.798006841647255	0.187	0.04	8.2837152425665e-32	NLE1	c30
2.58533231242376e-36	0.601352934414827	0.355	0.106	8.71101869348063e-32	NNT	c30
2.62268963135631e-36	0.78452266680468	0.816	0.375	8.83689044389194e-32	SRSF9	c30
2.74326578511173e-36	0.740038541199892	0.95	0.612	9.24315973635547e-32	UBE2I	c30
2.87394096055419e-36	0.620696691466415	0.396	0.124	9.6834566724913e-32	TRAPPC5	c30
2.93432332616654e-36	0.7380917214808	0.822	0.354	9.88690901518556e-32	PFDN2	c30
3.21280976808585e-36	3.03108870854032	0.05	0.004	1.08252412325885e-31	HIST1H1A	c30
3.28537750547133e-36	1.62432293773398	0.131	0.022	1.10697509669351e-31	FAIM2	c30
3.29981340032603e-36	-0.557608595249831	0.984	0.987	1.11183912710585e-31	RPL10A	c30
3.33789374725115e-36	0.722498493487296	0.346	0.103	1.1246699191988e-31	ANKRD36C	c30
3.38999451671955e-36	1.19641520099986	0.224	0.054	1.14222475246348e-31	SYNJ2	c30
3.93718216869638e-36	0.750096978432023	0.86	0.394	1.32659415992056e-31	SRSF4	c30
3.9533599847614e-36	0.64792926121469	0.442	0.145	1.33204511326551e-31	FADD	c30
3.99948510622431e-36	0.658085533662156	0.558	0.207	1.34758651169122e-31	NCF4	c30
4.15529256397145e-36	1.19480924532493	0.159	0.031	1.40008427650454e-31	CCHCR1	c30
4.17309234993972e-36	0.59527566295255	0.439	0.143	1.40608173638869e-31	ACLY	c30
4.41774989557822e-36	0.755850981483561	0.433	0.143	1.48851664981613e-31	SGMS1	c30
4.60787718671642e-36	0.679698801824278	0.539	0.193	1.55257813929223e-31	RIF1	c30
5.08028967901229e-36	0.781397624269151	0.274	0.073	1.7117528044464e-31	SLC39A4	c30
5.70702744659609e-36	0.78307336804185	0.377	0.118	1.92292582785609e-31	ASPSCR1	c30
5.80136709509582e-36	-0.597301974815294	0.997	0.985	1.95471262902158e-31	RPL22	c30
5.87957902556304e-36	0.696786580493229	0.352	0.106	1.98106535687321e-31	SUGP2	c30
6.04959640866623e-36	0.696742862705594	0.327	0.095	2.038351013936e-31	TMEM209	c30
6.18028078270826e-36	0.89713626971744	0.215	0.05	2.08238380692572e-31	RRNAD1	c30
6.27265112613559e-36	0.615119561448453	0.53	0.187	2.11350707044013e-31	TAF10	c30
6.31806787137003e-36	0.972639931355021	0.178	0.037	2.12880978857942e-31	ECI1	c30
6.32613449241888e-36	0.752558447635938	0.458	0.156	2.13152775587562e-31	CARS	c30
6.82982765217921e-36	0.696677260970372	0.246	0.062	2.30124212912526e-31	SLC38A5	c30
6.89578923912122e-36	1.35093465413813	0.156	0.03	2.3234672262295e-31	SLC25A35	c30
6.94576974687681e-36	0.713249421064845	0.71	0.287	2.34030765851267e-31	TXN2	c30
7.07081542708216e-36	0.688257999439606	0.558	0.205	2.38244055000106e-31	AGTRAP	c30
7.22631222575424e-36	0.561228428175309	0.408	0.129	2.43483364134564e-31	CMAS	c30
7.82222315523309e-36	0.646484524492733	0.33	0.096	2.63561986992424e-31	TRMT6	c30
8.02292338769165e-36	1.32473479621687	0.125	0.021	2.70324380624882e-31	MBD3	c30
8.05172364714275e-36	0.561572636516182	0.439	0.143	2.71294776566828e-31	SLC35A4	c30
8.05501811272812e-36	0.611398854695812	0.657	0.248	2.71405780290261e-31	CIAO1	c30
8.65934125852606e-36	0.557731765365445	0.629	0.233	2.91767844364777e-31	GID8	c30
8.91856355299255e-36	0.807942644062663	0.816	0.381	3.00502080354531e-31	CCT3	c30
9.05096943983724e-36	0.720967516665442	0.931	0.56	3.04963364305876e-31	C14orf166	c30
9.092467285969e-36	0.587532963911996	0.299	0.083	3.06361592733439e-31	PRMT7	c30
9.25294574798966e-36	1.27866930838692	0.156	0.03	3.11768754032764e-31	ZNF682	c30
1.19019974780262e-35	0.867095697859343	0.477	0.174	4.01025903024615e-31	IFI44	c30
1.19321144244379e-35	0.709601289097865	0.361	0.111	4.02040663417011e-31	PLEKHO1	c30
1.2385001155905e-35	0.68398408654817	0.305	0.086	4.17300228947062e-31	NQO2	c30
1.24602359395642e-35	0.631429904282725	0.33	0.096	4.19835189747676e-31	MAP1S	c30
1.24788826328503e-35	0.66642832531676	0.47	0.161	4.20463471431258e-31	SMARCA4	c30
1.30430830056121e-35	0.671338278465095	0.592	0.22	4.39473638791092e-31	ATIC	c30
1.33385114189664e-35	0.580899167520169	0.343	0.101	4.49427803750653e-31	SPIDR	c30
1.37230007221737e-35	0.639209120774492	0.346	0.103	4.6238278633292e-31	CCDC14	c30
1.38349628232221e-35	0.633933227413171	0.386	0.121	4.66155237365645e-31	COG4	c30
1.45285252636222e-35	0.605301945249534	0.349	0.104	4.89524130232486e-31	PES1	c30
1.54283116997734e-35	0.807196177098914	0.794	0.364	5.19841534412166e-31	PSMD7	c30
1.55686178439022e-35	0.588340241052525	0.237	0.058	5.24569009632442e-31	UBAP2	c30
1.5712529236741e-35	1.6992809348744	0.093	0.012	5.29417960102752e-31	METTL1	c30
1.57757692244411e-35	1.08223318307861	0.187	0.041	5.3154876824832e-31	WDR41	c30
1.58308843637541e-35	0.824760657996398	0.907	0.488	5.3340581775233e-31	ITGB1	c30
1.59070431124988e-35	0.678747179608373	0.259	0.067	5.35971910632534e-31	KATNB1	c30
1.60524094934291e-35	1.02346071280316	0.209	0.049	5.408698854716e-31	HACD1	c30
1.64904193401168e-35	0.944602520912005	0.804	0.383	5.55628189245897e-31	SEC11C	c30
1.72014210165573e-35	0.59280290755359	0.583	0.212	5.79584679731883e-31	EIF2AK1	c30
1.75384994652063e-35	0.583698966350711	0.595	0.216	5.90942200980661e-31	LSM1	c30
1.87238079168834e-35	0.605837994106667	0.38	0.118	6.30879983951468e-31	CBWD2	c30
1.87728688304892e-35	0.706626384271683	0.249	0.063	6.32533042374503e-31	SENP1	c30
1.96118530723973e-35	0.706586971230668	0.271	0.072	6.60801777421356e-31	PPP1R8	c30
2.05573402009215e-35	0.763279945270649	0.657	0.261	6.9265902072985e-31	PSMD11	c30
2.10676480595452e-35	0.737228704997136	0.844	0.396	7.09853333718317e-31	PIN1	c30
2.15804219468013e-35	0.577264308951849	0.43	0.14	7.27130737075523e-31	C20orf27	c30
2.16255434971052e-35	0.650674173790365	0.28	0.076	7.28651062591464e-31	TAF1B	c30
2.18719314053906e-35	0.742494434842941	0.287	0.079	7.3695285677323e-31	TOMM34	c30
2.23210168766294e-35	0.791320832907286	0.782	0.346	7.5208434264115e-31	PSMD4	c30
2.2797799921389e-35	0.748562128518694	0.91	0.468	7.6814907055128e-31	AURKAIP1	c30
2.29889525885589e-35	0.677661391721879	0.411	0.134	7.74589768518902e-31	TBK1	c30
2.38445579571202e-35	0.901710219978306	0.193	0.043	8.03418535807207e-31	TOP3A	c30
2.45373564314008e-35	0.705190354879406	0.346	0.104	8.26761687599618e-31	FBXO22	c30
2.47798191141981e-35	0.613597261770031	0.517	0.183	8.34931225233789e-31	CLTC	c30
2.48004957101687e-35	0.73459084043808	0.782	0.34	8.35627902458426e-31	CHMP5	c30
2.56264470340364e-35	0.817065335921268	0.199	0.045	8.63457506364821e-31	SLFN11	c30
2.66510137061452e-35	0.770139758072509	0.897	0.506	8.97979255814856e-31	PSMA5	c30
2.67357582187438e-35	0.980254268379185	0.193	0.043	9.00834637422354e-31	PUSL1	c30
2.68788580806037e-35	0.548924717303933	0.393	0.123	9.05656244167862e-31	POLR1E	c30
2.7402861254682e-35	0.712844906722937	0.713	0.288	9.23312007115257e-31	PSMB7	c30
2.95269357300322e-35	2.92676069025808	0.04	0.003	9.94880572487704e-31	LRP11	c30
2.95269616214616e-35	2.93608074183648	0.056	0.005	9.94881444873529e-31	OTUB2	c30
2.97738167595198e-35	0.901341204628733	0.427	0.146	1.00319898189526e-30	CD59	c30
3.20556005742286e-35	1.17238945461159	0.181	0.039	1.08008140574806e-30	NIPA1	c30
3.20685726516828e-35	0.691651931340928	0.953	0.594	1.0805184869258e-30	NDUFB4	c30
3.38852935773135e-35	0.617440287356464	0.489	0.169	1.141731081794e-30	EML2	c30
3.42306277543556e-35	0.726374732582785	0.29	0.08	1.15336677155526e-30	CEP192	c30
3.59546016220416e-35	0.62643226570233	0.393	0.124	1.21145434705307e-30	MRPS22	c30
3.96860830036311e-35	0.526081053333545	0.352	0.106	1.33718288072435e-30	PIGF	c30
4.00652420631504e-35	0.538594084912343	0.636	0.235	1.34995826607579e-30	HADHB	c30
4.06180232888147e-35	0.682084455774504	0.315	0.09	1.36858367669332e-30	COQ5	c30
4.12543154177162e-35	0.671897559642806	0.24	0.06	1.39002290368453e-30	BOLA1	c30
4.17121814686351e-35	0.621967847453412	0.368	0.113	1.40545024240419e-30	CIAPIN1	c30
4.1992625821949e-35	0.597734794142677	0.533	0.19	1.41489953444475e-30	SMIM7	c30
4.25533686882133e-35	0.523703666052429	0.358	0.108	1.43379320458066e-30	MLST8	c30
4.36515933761255e-35	-0.670009528080125	0.981	0.972	1.47079678721517e-30	FTL	c30
4.80518741840518e-35	1.07629547584918	0.196	0.045	1.61905984875744e-30	WSB2	c30
5.0033801158991e-35	1.08001801589177	0.184	0.04	1.68583889625104e-30	GM2A	c30
5.16350914338039e-35	0.491050600639251	0.293	0.081	1.73979277077059e-30	ATP5O	c30
5.20797037372306e-35	0.496682831230583	0.997	0.948	1.75477353772225e-30	RAC2	c30
5.39775613395917e-35	0.613126844479409	0.383	0.12	1.8187199517762e-30	CEBPG	c30
5.44996269376647e-35	0.650269326944389	0.361	0.111	1.83631043003767e-30	YWHAG	c30
5.74321828961081e-35	0.63465876936844	0.305	0.087	1.93511997050147e-30	PRPF4	c30
5.91055848295599e-35	5.35015755098421	0.012	0	1.99150357524719e-30	LDLRAD3	c30
6.2133659545943e-35	0.716866216996661	0.748	0.307	2.093531524741e-30	SEC13	c30
6.28179025551614e-35	0.6410876343263	0.526	0.189	2.11658640869361e-30	MPV17	c30
6.65319241305799e-35	1.08341191929228	0.106	0.016	2.24172665165576e-30	SLX4	c30
7.20189939111772e-35	0.638345277981082	0.452	0.153	2.4266079808432e-30	TMEM223	c30
7.27254659900711e-35	0.516476177426975	0.632	0.236	2.45041185106945e-30	CAND1	c30
7.48488387611125e-35	0.557846443340042	0.495	0.171	2.52195677321692e-30	CERS2	c30
7.71433843560716e-35	0.606389664905131	0.287	0.079	2.59926919249348e-30	LAS1L	c30
7.76221423212201e-35	0.635047620373275	0.393	0.126	2.61540046337119e-30	CD79B	c30
8.01087267675168e-35	0.618663699687422	0.601	0.225	2.69918343970471e-30	C22orf39	c30
8.34158085494117e-35	0.433055708576272	0.598	0.217	2.81061225326388e-30	NAA50	c30
8.38584591616131e-35	0.778078051473707	0.919	0.567	2.82552692299139e-30	BUB3	c30
8.44651308947162e-35	0.71163785131048	0.318	0.093	2.84596812036657e-30	ABI2	c30
8.5397249963307e-35	0.649122822088129	0.988	0.889	2.87737494026366e-30	ALDOA	c30
8.98423836890641e-35	0.77669275992122	0.262	0.069	3.02714927601932e-30	ACADS	c30
9.25891867298198e-35	0.706488766651216	0.277	0.076	3.11970005767455e-30	KNOP1	c30
9.59770821344313e-35	0.622468618321541	0.302	0.086	3.23385180543753e-30	HDAC8	c30
9.68017802802613e-35	0.577537781267885	0.393	0.125	3.26163918476312e-30	TRIM26	c30
9.9394030114383e-35	0.806069137980988	0.218	0.052	3.34898245067402e-30	LIN54	c30
1.08965505598833e-34	1.60042046359329	0.1	0.014	3.67148374564707e-30	SRR	c30
1.09877645610721e-34	0.654784317613385	0.274	0.074	3.70221739120763e-30	ABHD10	c30
1.11852835537913e-34	0.761076686940313	0.894	0.466	3.76876944061444e-30	HMGN3	c30
1.13440275777527e-34	0.722650101416003	0.368	0.115	3.82225665204798e-30	GFM1	c30
1.22875262293406e-34	0.574327386659671	0.33	0.098	4.14015908771403e-30	LSG1	c30
1.31054527585138e-34	0.590339208124646	0.315	0.091	4.41575125245363e-30	TAF2	c30
1.32712692385581e-34	0.590710689655928	0.592	0.218	4.47162145723977e-30	ILKAP	c30
1.41767043955883e-34	0.828776239154941	0.265	0.071	4.77669877904952e-30	UMPS	c30
1.49844788642218e-34	0.614144197286912	0.386	0.122	5.0488703085109e-30	MTX2	c30
1.50629763063889e-34	0.665308607932166	0.299	0.085	5.07531923667468e-30	ALG8	c30
1.61205272248277e-34	0.64064528436662	0.698	0.282	5.43165044313346e-30	MYO1G	c30
1.61936648109796e-34	1.1519531288035	0.134	0.024	5.45629342141148e-30	SPAG1	c30
1.65843416360564e-34	0.752400145391666	0.86	0.431	5.58792807085283e-30	ANP32A	c30
1.67828268967179e-34	0.443368655393176	0.464	0.156	5.65480569458013e-30	AZI2	c30
1.76722248036266e-34	0.591551048623193	0.988	0.81	5.95447942533396e-30	TCEB2	c30
1.78158367406484e-34	0.604747159415475	0.576	0.212	6.00286803139406e-30	API5	c30
1.81026848700178e-34	1.14876219633408	0.171	0.036	6.09951864010379e-30	DHX35	c30
1.86940921400225e-34	2.64259149396315	0.056	0.005	6.29878740565918e-30	DOCK5	c30
1.92241323566006e-34	1.00829032733217	0.181	0.039	6.47737915623299e-30	TIMM8A	c30
2.06100002701988e-34	0.807855921130895	0.202	0.047	6.9443334910408e-30	FAHD1	c30
2.1101657238418e-34	0.706951664851456	0.548	0.209	7.10999238991257e-30	ABI3	c30
2.19675218701185e-34	3.5441834176894	0.022	0.001	7.40173681891773e-30	LINC01033	c30
2.23545968594993e-34	0.573074422738214	0.346	0.104	7.53215786583969e-30	UBA5	c30
2.24249434073857e-34	-0.584511949986974	0.991	0.968	7.55586043168455e-30	RPL36AL	c30
2.24462062055041e-34	0.688032030175021	0.611	0.232	7.56302471888257e-30	GTF2H5	c30
2.29168863013651e-34	1.47318843961529	0.078	0.009	7.72161567038195e-30	LRTOMT	c30
2.3875310012017e-34	0.630697282565231	0.536	0.194	8.044546955449e-30	PDE6D	c30
2.43011591017965e-34	0.552360212805153	0.607	0.224	8.18803254775932e-30	PRELID3B	c30
2.45775243701934e-34	1.23290080905482	0.209	0.05	8.28115106129297e-30	HIST1H2BK	c30
2.47109618862558e-34	0.895772171969836	0.776	0.387	8.32611149795503e-30	HMGA1	c30
2.55557910163889e-34	2.03040626694492	0.072	0.008	8.61076822506207e-30	C11orf84	c30
2.59331991902656e-34	0.686374732803075	0.399	0.13	8.7379321351681e-30	FARS2	c30
2.60485319086954e-34	-1.6582835640894	0.573	0.683	8.77679234131582e-30	PIK3IP1	c30
2.7112633039134e-34	0.70689500517276	0.349	0.107	9.13533057620582e-30	CXorf40B	c30
2.90163306118543e-34	0.730372899285914	0.358	0.112	9.77676243635818e-30	TRAP1	c30
3.03332351490631e-34	0.849985494571988	0.227	0.056	1.02204802511253e-29	PIGQ	c30
3.03495378045768e-34	0.76391554100344	0.857	0.432	1.02259732678741e-29	EIF4H	c30
3.12078104160102e-34	0.759468231119553	0.897	0.532	1.05151596415705e-29	XRCC5	c30
3.33294134269068e-34	0.89441881045237	0.168	0.035	1.1230012560062e-29	SFXN2	c30
3.39916684111944e-34	0.712338088986782	0.916	0.553	1.14531527544678e-29	COPE	c30
3.45921523217224e-34	0.558227028858168	0.467	0.159	1.16554798032811e-29	ARL1	c30
3.58706111886368e-34	0.666976411877534	0.511	0.185	1.20862437338993e-29	CDV3	c30
3.69491834536154e-34	0.481578850840256	0.386	0.122	1.24496578728612e-29	DUSP12	c30
3.83755552475394e-34	0.59186158561809	0.393	0.126	1.29302595851059e-29	UQCC3	c30
3.89417403494681e-34	2.15748652043741	0.056	0.005	1.31210299933498e-29	IFT81	c30
3.93974888060579e-34	0.920982134816435	0.729	0.332	1.32745898783131e-29	CCND2	c30
3.98668621115997e-34	0.818193291144085	0.327	0.099	1.34327405198824e-29	KLHDC7B	c30
4.49283873263406e-34	0.465680918856704	0.53	0.187	1.51381708257372e-29	SAR1B	c30
4.69025667870348e-34	0.589095704648576	0.312	0.091	1.58033508532235e-29	ZMPSTE24	c30
4.72780205375217e-34	0.525214055918452	0.567	0.208	1.59298562399125e-29	LARP7	c30
4.78878303578664e-34	1.05331175877903	0.202	0.048	1.61353255607795e-29	MREG	c30
4.88188946408145e-34	0.695645358849553	0.642	0.251	1.6449038360276e-29	PSMC6	c30
4.94574082783623e-34	0.969158771815983	0.897	0.592	1.66641791453114e-29	PRDX1	c30
5.0024380168119e-34	0.74288772038684	0.96	0.622	1.6855214653846e-29	EID1	c30
5.00932753672162e-34	0.607062102584536	0.657	0.252	1.68784282022298e-29	CD2BP2	c30
5.01976902235005e-34	0.998078618162091	0.854	0.491	1.69136097439063e-29	GSTP1	c30
5.0325567703456e-34	0.602541855834605	0.564	0.209	1.69566967820025e-29	AGGF1	c30
5.43153711760174e-34	0.905295229278742	0.243	0.063	1.83010211640473e-29	SNX11	c30
5.45040511924906e-34	0.608801644277272	0.324	0.096	1.83645950087978e-29	DDX41	c30
5.66594647880397e-34	0.648705398306919	0.71	0.312	1.90908400656821e-29	HLA-DQB1	c30
6.44547383671838e-34	0.521634956969105	0.477	0.164	2.17173795454389e-29	CAT	c30
6.58018866331752e-34	0.771590183832483	0.271	0.074	2.21712876821821e-29	ASH2L	c30
6.70027412663768e-34	0.76836224668047	0.349	0.109	2.2575903642293e-29	WBP4	c30
6.84700230212946e-34	0.591202243080562	0.268	0.073	2.3070289556795e-29	PRIMPOL	c30
6.84873791100648e-34	0.609602703417692	0.34	0.103	2.30761375173452e-29	PRKAG2	c30
7.19380086753007e-34	0.487492144440209	0.402	0.13	2.42387926430558e-29	SLC25A46	c30
7.43002635101201e-34	0.77727649740728	0.174	0.037	2.50347307870999e-29	FECH	c30
7.47562519873967e-34	0.633333641368993	0.636	0.245	2.51883715446335e-29	NSMCE1	c30
8.0077778496317e-34	0.576570640127608	0.729	0.293	2.6981406686549e-29	MAP4K1	c30
8.23464072565134e-34	0.428613661124915	0.374	0.117	2.77457984610096e-29	DESI2	c30
8.51144442561842e-34	1.17491410443674	0.131	0.023	2.86784608476787e-29	COQ3	c30
8.7528909952173e-34	0.698636278986028	0.96	0.644	2.94919909192852e-29	SEC61B	c30
8.87349901430067e-34	0.466536447422944	0.374	0.117	2.98983675787847e-29	ASMTL	c30
9.00501972343834e-34	0.551329822607394	0.576	0.212	3.03415134561531e-29	TFAM	c30
9.0161933257194e-34	0.525563574563446	0.573	0.207	3.03791617916789e-29	MRPL21	c30
9.24551925330552e-34	0.649722813648513	0.583	0.225	3.11518525720876e-29	PLEKHF1	c30
9.2624597555132e-34	0.608870488513243	0.383	0.122	3.12089319002262e-29	R3HCC1	c30
9.59407062052806e-34	1.40161696265206	0.115	0.019	3.23262615488073e-29	CNTROB	c30
1.01518089803155e-33	0.570420371044189	0.467	0.162	3.42055051782752e-29	SART1	c30
1.02971325207298e-33	0.55088000614108	0.396	0.128	3.4695158315347e-29	AP3M1	c30
1.06139797035606e-33	0.572319683395987	0.707	0.279	3.57627432131772e-29	SNW1	c30
1.06221382358823e-33	0.617549454262681	0.486	0.171	3.57902325719819e-29	PSMD12	c30
1.12460520687304e-33	1.47962449371398	0.103	0.015	3.789244784038e-29	KCNQ5	c30
1.14873832393762e-33	0.685960446368896	0.71	0.298	3.87055890867543e-29	PYCARD	c30
1.15528539157852e-33	0.765761877802862	0.872	0.465	3.89261859838468e-29	PSIP1	c30
1.17987251251251e-33	0.91875662459653	0.268	0.075	3.97546244365965e-29	ASB2	c30
1.18822244514188e-33	0.490473404389024	0.505	0.177	4.00359670666105e-29	VRK3	c30
1.19021216472587e-33	-0.907402135781348	0.9	0.862	4.01030086782735e-29	CYTIP	c30
1.27017343393925e-33	0.750428932018945	0.928	0.557	4.27972236831491e-29	PRELID1	c30
1.27893212566256e-33	1.89062691856847	0.146	0.029	4.30923390420742e-29	DBN1	c30
1.28405000494075e-33	0.522034384141405	0.355	0.11	4.32647808664737e-29	TMEM242	c30
1.31434251287571e-33	0.829010982541385	0.237	0.061	4.42854566288343e-29	BBS7	c30
1.33997741917928e-33	2.66766561169772	0.034	0.002	4.51491991618268e-29	RP1-223E5.4	c30
1.38090666429414e-33	1.78399919213922	0.09	0.012	4.65282691467269e-29	ST3GAL4-AS1	c30
1.40734277157307e-33	0.569148477588039	0.321	0.095	4.74190073453832e-29	ANAPC7	c30
1.44085190408088e-33	0.714664771410105	0.277	0.077	4.85480640561012e-29	RPS6KA4	c30
1.45944111876341e-33	0.866520038369194	0.249	0.066	4.91744090556142e-29	ALDH3A2	c30
1.50734855515706e-33	0.716830785775405	0.296	0.085	5.07886022174621e-29	ABHD2	c30
1.56261897622213e-33	0.47528413393802	0.421	0.139	5.26508837848285e-29	GMCL1	c30
1.66937600672874e-33	0.657294369561763	0.249	0.066	5.62479551707181e-29	MSRB1	c30
1.69092640292517e-33	0.710554781716377	0.829	0.379	5.69740742201606e-29	RER1	c30
1.70166191123028e-33	0.705555192401669	0.327	0.099	5.7335796436993e-29	SPSB1	c30
1.74031304480112e-33	0.642054015239877	0.676	0.267	5.86381077315289e-29	PNKD	c30
1.74136087647235e-33	0.527182812747459	0.271	0.074	5.86734133718593e-29	FAHD2A	c30
1.74792280118855e-33	0.650119468620683	0.399	0.13	5.88945108632468e-29	METAP1	c30
1.75413853881548e-33	0.493942458282092	0.517	0.183	5.91039439268489e-29	KLHDC3	c30
1.79444535021751e-33	0.67176624382307	0.259	0.069	6.04620416302289e-29	SPAG16	c30
1.89681744882859e-33	0.777090214764846	0.925	0.509	6.39113671208304e-29	CTSC	c30
1.91154567087234e-33	0.538155013456063	0.467	0.161	6.44076198343725e-29	MRPL38	c30
1.91462769751567e-33	0.728272544272743	0.804	0.388	6.45114656400931e-29	PSMA1	c30
2.02047952549391e-33	0.61484686012892	0.299	0.086	6.80780371319919e-29	RPAP3	c30
2.08776247615849e-33	0.513444720086208	0.43	0.144	7.03450688716841e-29	C5orf24	c30
2.1328813233656e-33	0.741672013007019	0.212	0.051	7.18653033094805e-29	GTF2H2C	c30
2.16946587149403e-33	0.768065500240813	0.321	0.097	7.30979830741198e-29	DCLRE1C	c30
2.17480860365068e-33	0.838187531063712	0.321	0.096	7.3278001091406e-29	ZNF410	c30
2.23601689736624e-33	0.730514437899365	0.751	0.329	7.53403533398581e-29	PHB	c30
2.23973203082217e-33	0.574760920769981	0.442	0.149	7.54655310465223e-29	UROD	c30
2.2807825776849e-33	0.65382320502869	0.312	0.092	7.68486881725149e-29	LARP4	c30
2.31125221886621e-33	0.421398374786864	0.402	0.13	7.78753322624781e-29	NDUFS1	c30
2.4062157496021e-33	0.60841917569145	0.305	0.089	8.1075033467093e-29	BRD8	c30
2.44656867252809e-33	0.481326454589517	0.997	0.942	8.24346848521615e-29	OAZ1	c30
2.57506487785167e-33	0.665608182727688	0.346	0.108	8.6764235994334e-29	TRPS1	c30
2.64490863064755e-33	0.552896873592201	0.607	0.228	8.91175514010386e-29	CUEDC2	c30
2.7947818618982e-33	0.642322061940925	0.302	0.088	9.41673800547978e-29	ALG1	c30
2.9389570800294e-33	0.787845720431909	0.773	0.373	9.90252198545107e-29	MINOS1	c30
2.9829114239454e-33	0.526152491262727	0.352	0.109	1.00506217518416e-28	TMX3	c30
2.99877595036936e-33	0.461652736585072	0.439	0.148	1.01040756871745e-28	TERF1	c30
3.12517341411293e-33	0.689465005568335	0.832	0.367	1.05299593015121e-28	TMEM160	c30
3.26339809109236e-33	0.543981791948445	0.523	0.19	1.09956935281266e-28	SMARCC1	c30
3.26800780047429e-33	0.556129976976836	0.318	0.094	1.10112254829181e-28	DFFA	c30
3.32148586180298e-33	0.908488743310708	0.19	0.043	1.1191414462759e-28	RP11-111M22.3	c30
3.3724870578035e-33	0.762112182512154	0.221	0.055	1.13632578925631e-28	RMND1	c30
3.40646774996781e-33	0.742961921249831	0.318	0.095	1.14777524367415e-28	PPP2R5D	c30
3.45720076570404e-33	0.561687729018613	0.262	0.071	1.16486922599632e-28	PAAF1	c30
3.65205136670924e-33	2.61431767286421	0.047	0.004	1.23052218749901e-28	TMEM44	c30
3.66313928729271e-33	0.726903345760185	0.283	0.08	1.23425815146041e-28	GMPPA	c30
3.66631091534123e-33	0.525673092483901	0.489	0.171	1.23532679981507e-28	EIF2B1	c30
3.70893324136977e-33	0.730570523767985	0.688	0.291	1.24968796634713e-28	SLC25A39	c30
3.74325050619204e-33	0.533319894254946	0.321	0.096	1.26125082555635e-28	SWI5	c30
3.7720888997405e-33	0.746503491975434	0.882	0.456	1.27096763387856e-28	KPNB1	c30
3.80585625212148e-33	0.441977524624412	0.374	0.118	1.28234520558981e-28	TDP1	c30
3.80724467203724e-33	0.493428899288794	0.315	0.093	1.28281301979623e-28	YARS2	c30
4.02686312691183e-33	0.858241440485717	0.704	0.324	1.35681126198167e-28	NUCB2	c30
4.03249401200108e-33	0.56436663444328	0.29	0.083	1.35870853240364e-28	TCEB3	c30
4.06840005835904e-33	0.685400447170125	0.757	0.323	1.37080671566349e-28	TMUB1	c30
4.09776425409748e-33	1.38699754363976	0.131	0.024	1.38070068777561e-28	MED20	c30
4.29760682081783e-33	0.436076213601258	0.483	0.168	1.44803564220636e-28	HACD4	c30
4.39214365236784e-33	0.5537082592226	0.445	0.152	1.47988888222882e-28	FGD5-AS1	c30
4.45296162597282e-33	-0.431971735729079	0.997	0.994	1.50038089025528e-28	RPL12	c30
4.50816575969175e-33	0.472587071533267	0.439	0.147	1.51898137107054e-28	ANKRD39	c30
4.59254806614545e-33	0.68215975818257	0.293	0.084	1.54741314540705e-28	NOC4L	c30
4.66405670520243e-33	0.781230223688187	0.224	0.057	1.57150726625091e-28	UBE2M	c30
4.69675701369772e-33	0.634806907616948	0.601	0.231	1.58252530819531e-28	TNIP2	c30
4.76348816662529e-33	0.779916181698985	0.315	0.096	1.60500970286272e-28	CMPK2	c30
4.79274394162322e-33	2.84247875497969	0.034	0.002	1.61486714369053e-28	RP3-388M5.9	c30
5.07439752480401e-33	2.45572821509907	0.069	0.008	1.70976750200746e-28	KRT81	c30
5.08386156084865e-33	0.604088656586635	0.558	0.208	1.71295631431235e-28	BAG1	c30
5.12631250026593e-33	0.585938156329748	0.327	0.099	1.7272597338396e-28	BTBD1	c30
5.13430342207939e-33	0.610895581639529	0.421	0.141	1.72995219503543e-28	NAGK	c30
5.48814884881601e-33	1.38770435938438	0.115	0.019	1.84917687312007e-28	HIST1H4H	c30
5.82892622167104e-33	0.583598414839309	0.573	0.216	1.96399840112984e-28	LMF2	c30
5.88910080809236e-33	0.47117709182725	0.396	0.128	1.98427362627864e-28	MRPL44	c30
6.16869775935028e-33	2.62986084480367	0.053	0.005	2.07848102303548e-28	DRAXIN	c30
6.22883218304755e-33	0.814998777459893	0.193	0.045	2.09874271575604e-28	CEP128	c30
6.30844860500074e-33	0.976373265351198	0.168	0.036	2.12556867296895e-28	KCTD9	c30
7.28755344347553e-33	0.466426614923154	0.424	0.141	2.45546825724464e-28	EI24	c30
7.30940001018477e-33	0.717526588666607	0.408	0.137	2.46282923943166e-28	SRPRB	c30
7.43930222855025e-33	0.653432190946741	0.701	0.285	2.50659849288772e-28	PLEKHJ1	c30
7.52941062540748e-33	0.700426164842207	0.857	0.407	2.5369596161248e-28	PSMG2	c30
8.15117092301105e-33	0.620920769593488	0.804	0.352	2.74645553079934e-28	TOP1	c30
8.28796711048462e-33	0.593169747729131	0.358	0.113	2.79254763820669e-28	ORAI2	c30
8.34639380472578e-33	1.07406326846336	0.19	0.044	2.8122339285643e-28	PON2	c30
8.41804785972558e-33	1.35335807551073	0.218	0.056	2.83637704585594e-28	CPM	c30
8.53900222668177e-33	0.589292701411993	0.43	0.146	2.87713141025815e-28	AAGAB	c30
8.56661080063266e-33	0.745562994022321	0.209	0.051	2.88643384316517e-28	TKFC	c30
8.65331645704769e-33	0.555531083870486	0.405	0.135	2.91564844703765e-28	PLEKHA2	c30
9.02505130954763e-33	0.953158125905597	0.206	0.05	3.04090078823898e-28	P3H1	c30
9.05656993098463e-33	0.601454575043456	0.24	0.063	3.05152067254596e-28	ZFYVE19	c30
9.1125947845385e-33	0.671752508977648	0.274	0.077	3.0703976867024e-28	NT5C2	c30
9.17334329257178e-33	0.698328732019827	0.66	0.268	3.09086628899914e-28	EIF4E	c30
9.21292379989437e-33	0.693518680853535	0.854	0.42	3.10420254513641e-28	MRPS6	c30
9.35693458654452e-33	0.518881291696611	0.399	0.131	3.15272553959031e-28	PMPCA	c30
9.4543212857797e-33	0.85416063534554	0.187	0.043	3.18553901403061e-28	SRD5A1	c30
9.74814247514449e-33	-2.80451756217752	0.243	0.521	3.28453912557519e-28	GZMK	c30
1.02599541626965e-32	0.539353267415487	0.343	0.105	3.45698895557897e-28	TACO1	c30
1.03282349928516e-32	0.760208856702485	0.393	0.134	3.47999549849142e-28	ZEB2	c30
1.10987307830641e-32	0.581437203754086	0.738	0.295	3.7396063500456e-28	TIMM17B	c30
1.15604150389404e-32	0.501503810972362	0.427	0.143	3.89516624322058e-28	TCEAL8	c30
1.20583792054938e-32	0.455276160348161	0.458	0.156	4.06295028949908e-28	NSMCE4A	c30
1.28687247246277e-32	0.600062291832479	0.274	0.077	4.33598810871606e-28	SETDB1	c30
1.32532706757273e-32	0.688810562831273	0.791	0.352	4.46555702147955e-28	RAB11A	c30
1.35262267544542e-32	0.614916987948482	0.704	0.285	4.55752684264578e-28	EMC6	c30
1.42114822599578e-32	0.522429285867785	0.614	0.233	4.78841683267018e-28	ARPC1A	c30
1.44896202709923e-32	0.826972600547559	0.271	0.076	4.88213265410813e-28	DOK1	c30
1.45291638255642e-32	1.13778970960056	0.202	0.049	4.89545645938559e-28	HIST1H2BN	c30
1.51952237487165e-32	0.797196318424381	0.33	0.103	5.11987868989252e-28	HIST3H2A	c30
1.58784455696978e-32	0.632154089387556	0.287	0.083	5.35008345025399e-28	ATP6V0A2	c30
1.58796114889136e-32	0.649161630446528	0.318	0.096	5.35047629507455e-28	LTV1	c30
1.60162683101016e-32	0.602108042104122	0.617	0.239	5.39652144440562e-28	TIPRL	c30
1.67219070358505e-32	0.536493661557258	0.349	0.109	5.63427935665945e-28	TM2D2	c30
1.69151028904455e-32	0.447230654030073	0.586	0.214	5.6993747679067e-28	SCNM1	c30
1.69192315354965e-32	0.529891210529722	0.461	0.164	5.70076587357018e-28	NINJ2	c30
1.71828085038714e-32	0.642015884035723	0.237	0.062	5.78957549729442e-28	SLK	c30
1.75728105111145e-32	0.563871815134859	0.427	0.146	5.92098277361491e-28	ARMCX6	c30
1.84618213086673e-32	0.60148367283626	0.349	0.11	6.22052607174236e-28	EIF4EBP2	c30
1.89267977360064e-32	0.761861336206157	0.829	0.425	6.37719522917e-28	CCT8	c30
1.92753708716038e-32	0.538835643353214	0.318	0.096	6.4946434614782e-28	HEBP2	c30
1.9791297910711e-32	0.579318824532946	0.315	0.094	6.66847991803495e-28	VPS16	c30
1.98484574331297e-32	1.55937233571024	0.106	0.017	6.68773924751871e-28	TRIP6	c30
1.99479474453352e-32	2.1893333314722	0.062	0.006	6.72126141223126e-28	CCDC171	c30
2.03394305783833e-32	0.729221314208869	0.224	0.057	6.85316773908046e-28	LRWD1	c30
2.07597746676447e-32	0.563425527587079	0.632	0.243	6.9947984765162e-28	CAMTA1	c30
2.21494697005413e-32	0.544208410091112	0.302	0.089	7.46304232090038e-28	MCFD2	c30
2.22180049924799e-32	0.536472222861697	0.623	0.24	7.48613460216618e-28	STARD7	c30
2.28496672284464e-32	0.597636227994075	0.533	0.197	7.69896687595271e-28	MTHFS	c30
2.41103498168006e-32	-1.70426774854245	0.757	0.774	8.1237412672728e-28	DNAJB1	c30
2.45323562802111e-32	0.817767275742819	0.255	0.07	8.26593212505434e-28	AHCYL1	c30
2.46242863936965e-32	0.867898836880595	0.199	0.048	8.29690705749211e-28	ATAD3B	c30
2.50649462042224e-32	0.674841188840352	0.234	0.061	8.4453829740507e-28	BNIP1	c30
2.54425010631544e-32	0.418322219227391	0.302	0.088	8.57259630821924e-28	PDRG1	c30
2.6691869970199e-32	0.647427838940877	0.231	0.059	8.99355866775884e-28	FAM98A	c30
2.7267465193377e-32	1.10467589862959	0.153	0.031	9.18749972225645e-28	FASN	c30
2.9128645296378e-32	0.59311127898298	0.729	0.299	9.81460574616159e-28	LUC7L2	c30
2.97539875443712e-32	0.719892405027746	0.816	0.382	1.00253085632004e-27	ILF3	c30
3.02839399390752e-32	0.595805541414761	0.573	0.218	1.0203870723072e-27	MAP4	c30
3.06199718664777e-32	0.5859046122047	0.246	0.066	1.0317093320691e-27	UTP14A	c30
3.11467688661522e-32	0.567381433632039	0.673	0.267	1.04945923017613e-27	TRAPPC2L	c30
3.214710291426e-32	1.98906536302672	0.093	0.014	1.08316448559308e-27	FUT7	c30
3.36915513531346e-32	0.587075026710945	0.567	0.214	1.13520313129252e-27	TACC1	c30
3.41093626559918e-32	0.681404234474624	0.352	0.114	1.14928086533099e-27	RP5-1171I10.5	c30
3.42957222415213e-32	0.991148159061653	0.143	0.028	1.15556006520582e-27	BTBD6	c30
3.82602617529553e-32	0.594055198385627	0.315	0.095	1.28914125950407e-27	HYOU1	c30
3.9938202253147e-32	0.725045359019836	0.857	0.418	1.34567778671753e-27	UQCRFS1	c30
4.06429153802451e-32	0.577971255271938	0.386	0.127	1.36942239082198e-27	FAM58A	c30
4.07428496045024e-32	0.628648820181667	0.978	0.662	1.37278957457411e-27	TRAPPC1	c30
4.37008179295513e-32	0.471891215648501	0.474	0.166	1.4724553593183e-27	CTR9	c30
4.8181854165196e-32	1.01285088947648	0.137	0.026	1.62343939424211e-27	C11orf80	c30
4.85725078731306e-32	-1.44692620223379	0.869	0.854	1.63660208027726e-27	JUNB	c30
4.91789668361601e-32	2.23296957736994	0.062	0.006	1.65703610857758e-27	HIST1H4I	c30
5.03024359997682e-32	0.697639747400579	0.925	0.598	1.69489027857619e-27	EZR	c30
5.52712614403119e-32	1.32683188683937	0.128	0.023	1.86230988296987e-27	GLIDR	c30
5.56128859639915e-32	0.488816477843353	0.308	0.092	1.87382057967073e-27	CNOT10	c30
5.77472162886721e-32	2.51237655108762	0.037	0.002	1.94573470563052e-27	PRTFDC1	c30
5.82570040969919e-32	0.521105992734801	0.321	0.097	1.96291149604405e-27	CRNKL1	c30
5.84676842912393e-32	-2.46846460991244	0.274	0.519	1.97001015450902e-27	TC2N	c30
5.88874439011963e-32	0.551114211506801	0.461	0.161	1.98415353480691e-27	ICT1	c30
5.90603846194498e-32	0.607838741109723	0.991	0.833	1.98998059936774e-27	PPIB	c30
5.98551907749731e-32	0.531964961173296	0.221	0.056	2.01676079797194e-27	MRPL30	c30
6.30563580183922e-32	0.936993737366729	0.19	0.045	2.12462092707171e-27	POT1	c30
6.39331699756607e-32	0.489015723708939	0.561	0.208	2.15416422915991e-27	RANGRF	c30
6.4594649652723e-32	1.6169860756643	0.075	0.009	2.17645212539885e-27	RP11-563N4.1	c30
6.81921462104498e-32	0.584444331315256	0.349	0.11	2.2976661744149e-27	ANXA4	c30
6.8742420868873e-32	0.569796973236909	0.66	0.26	2.31620712875581e-27	MED4	c30
7.50018399867126e-32	0.542404426138702	0.592	0.225	2.52711199651229e-27	YIF1A	c30
7.54471958298165e-32	0.490007036633355	0.564	0.212	2.54211781628984e-27	FUBP1	c30
7.5636337916086e-32	1.02128804442292	0.184	0.042	2.5484907697446e-27	PPRC1	c30
7.63408640836503e-32	1.53636529003595	0.106	0.017	2.57222907443451e-27	SFXN5	c30
7.74397855441783e-32	0.915725561359627	0.209	0.052	2.60925613412554e-27	NF2	c30
7.81404421467968e-32	0.653924300817071	0.922	0.5	2.63286405769417e-27	NOP10	c30
7.96720334905289e-32	0.562799062417032	0.583	0.222	2.68446949642988e-27	TAF12	c30
8.11318148660272e-32	0.7081483222114	0.766	0.352	2.73365537009592e-27	CTSB	c30
8.49872418650633e-32	0.571822113824644	0.978	0.765	2.86356012740144e-27	HNRNPK	c30
8.67998657496274e-32	0.39540157056538	0.411	0.137	2.92463467656795e-27	SIKE1	c30
8.86878526490232e-32	0.494121710347138	0.455	0.159	2.98824850715619e-27	PRCC	c30
8.95904086163637e-32	0.384584887416976	0.414	0.138	3.01865922791976e-27	CRIPT	c30
8.9757070452579e-32	0.5678528883429	0.318	0.097	3.0242747318292e-27	SMARCAD1	c30
9.01708252068669e-32	2.65008470825898	0.044	0.003	3.03821578452017e-27	AJ006998.2	c30
9.1739798291168e-32	0.514557967224067	0.617	0.237	3.09108076362261e-27	WBP11	c30
9.25050260209149e-32	0.713734795906891	0.844	0.394	3.11686434674871e-27	POLR2G	c30
9.40694284176746e-32	0.457516619771391	0.252	0.069	3.16957532110513e-27	GTF2H2	c30
9.72546744353952e-32	0.537838235043412	0.402	0.134	3.27689900042621e-27	MRPL48	c30
1.00587346833603e-31	1.12848298592644	0.168	0.037	3.38919006421142e-27	TRIM16	c30
1.01530769109915e-31	0.810522358037123	0.299	0.09	3.42097773438948e-27	ADORA2A	c30
1.04141312476309e-31	0.40184919699624	0.486	0.172	3.50893738257677e-27	C1GALT1	c30
1.06703513002354e-31	0.497249738112083	0.34	0.106	3.59526816710131e-27	SLC25A12	c30
1.11345356491462e-31	1.53710875381906	0.106	0.017	3.75167044162334e-27	TMEM121	c30
1.15564377371193e-31	0.617094741908518	0.321	0.098	3.89382613114499e-27	NUP160	c30
1.16085539979077e-31	0.720654187816972	0.819	0.392	3.911386184055e-27	EIF2S2	c30
1.17802977913622e-31	0.644494036579135	0.255	0.07	3.96925353782157e-27	FHOD1	c30
1.21427718106672e-31	0.747868373510157	0.399	0.144	4.0913855338862e-27	GZMH	c30
1.23594541745229e-31	0.616100246576601	0.302	0.091	4.16439448956374e-27	LRRC61	c30
1.24370352886289e-31	0.518539497688369	0.364	0.118	4.19053467015063e-27	RBM18	c30
1.34050083513519e-31	1.0581678381695	0.165	0.036	4.51668351390449e-27	CCDC86	c30
1.40360367415992e-31	0.579468202697519	0.227	0.059	4.72930221971444e-27	WARS2	c30
1.57731042126535e-31	2.38647717034806	0.078	0.01	5.31458973341146e-27	UCP3	c30
1.58787266709712e-31	0.753918728690818	0.769	0.365	5.35017816451702e-27	CANX	c30
1.59417435770804e-31	0.6136266157629	0.393	0.131	5.37141108086146e-27	WDR77	c30
1.66815225527218e-31	3.07273669275262	0.034	0.002	5.62067220891409e-27	SLC16A8	c30
1.72232273139228e-31	0.4435852343308	0.526	0.191	5.80319421115316e-27	BAG6	c30
1.73060890346316e-31	0.64210110039232	0.24	0.064	5.83111363932878e-27	SHQ1	c30
1.76358136871168e-31	0.622166080281593	0.966	0.731	5.94221106373714e-27	HNRNPC	c30
1.80702607940206e-31	0.899045447543847	0.299	0.09	6.08859367193732e-27	PHF6	c30
1.80793553031357e-31	1.22598795033259	0.097	0.015	6.09165797583853e-27	ARSB	c30
1.81866691633793e-31	0.764977415735943	0.343	0.112	6.12781630790901e-27	AD000671.6	c30
1.84332237603607e-31	0.513506373811539	0.551	0.21	6.21089041381592e-27	IL21R	c30
1.85060714642545e-31	0.574371224445734	0.34	0.108	6.23543571916592e-27	MICAL2	c30
1.89515839558274e-31	4.63095062305014	0.012	0	6.38554669807649e-27	HM13-AS1	c30
1.95790495928679e-31	0.65104801195126	0.293	0.087	6.59696496982091e-27	DDX52	c30
1.97638945609163e-31	0.499067676912959	0.526	0.193	6.65924663335515e-27	DCTD	c30
1.97658182003738e-31	3.163114549476	0.025	0.001	6.65989478443396e-27	MYL9	c30
2.01811183998048e-31	0.633609941594584	0.81	0.367	6.79982603363023e-27	SLTM	c30
2.02270883601451e-31	0.50435684118503	0.364	0.118	6.81531515206729e-27	MRPS9	c30
2.13198046536629e-31	0.594920090490455	0.377	0.125	7.18349498000519e-27	SEC14L1	c30
2.17273458637898e-31	0.422594940321408	0.576	0.214	7.32081191534535e-27	ERCC1	c30
2.19497496774508e-31	0.572989443406373	0.673	0.277	7.39574865632027e-27	CD58	c30
2.22323851132642e-31	0.580355963222855	0.389	0.13	7.49097984006325e-27	ATP6V1B2	c30
2.2313921709489e-31	-0.721559667269821	0.984	0.94	7.51845278079522e-27	FXYD5	c30
2.26030081886596e-31	0.519995073232572	0.629	0.245	7.61585757908695e-27	BLOC1S2	c30
2.27801155514243e-31	0.607145797860343	0.221	0.057	7.6755321338969e-27	NAPEPLD	c30
2.29437313210668e-31	1.04457257281079	0.196	0.048	7.73066083132026e-27	MAN1A1	c30
2.3395756654903e-31	0.415289429327309	0.414	0.139	7.882966247303e-27	WDR46	c30
2.39694405636504e-31	0.670258370790455	0.826	0.374	8.07626330351637e-27	ZNF207	c30
2.41157659231162e-31	0.826325867730681	0.206	0.051	8.12556617013478e-27	SFR1	c30
2.55566605758107e-31	0.632999165482161	0.383	0.128	8.61106121441366e-27	PLAA	c30
2.65967105213619e-31	0.689299822586379	1	0.871	8.96149564306768e-27	S100A4	c30
2.70516408283182e-31	1.08119466601237	0.15	0.031	9.11477986069353e-27	GATB	c30
2.80940517649717e-31	0.66643178977872	0.735	0.319	9.46600980168958e-27	FDFT1	c30
2.81778254824321e-31	0.469818487792303	0.302	0.09	9.49423651805068e-27	AIDA	c30
2.89510531311072e-31	1.8193290439933	0.106	0.017	9.75476784199528e-27	CDK14	c30
3.1256824954351e-31	0.489305245998992	0.305	0.092	1.0531674600119e-26	CPSF1	c30
3.22254730597359e-31	1.90032404393569	0.065	0.007	1.08580508927474e-26	PKN3	c30
3.39917650856923e-31	0.498419635176171	0.402	0.135	1.14531853279732e-26	DAP	c30
3.44681598777983e-31	0.448185974211074	0.511	0.184	1.16137017892254e-26	EPN1	c30
3.57269527908279e-31	0.70007619859888	0.209	0.052	1.20378394733415e-26	NAA40	c30
3.58688509181161e-31	0.46846829358741	0.57	0.212	1.20856506283501e-26	UBE2J2	c30
3.66221469326484e-31	0.678474296847392	0.738	0.321	1.23394661874866e-26	MYDGF	c30
3.69159372002001e-31	0.415714562967924	0.371	0.121	1.24384558802354e-26	KLC1	c30
3.7385707259207e-31	0.513089004162383	0.576	0.221	1.25967402039172e-26	PTRHD1	c30
3.75842783568681e-31	0.42154890080545	0.517	0.188	1.26636467495631e-26	DCAF11	c30
3.77897388168093e-31	0.784682023264652	0.202	0.05	1.27328745969357e-26	DLAT	c30
3.83695159871613e-31	1.09676083390785	0.162	0.035	1.29282247167141e-26	INPPL1	c30
3.97933093476411e-31	0.538899260769692	0.598	0.232	1.34079576515942e-26	COPB2	c30
4.00788017845079e-31	0.590129971186023	0.262	0.074	1.35041514732721e-26	DAPK3	c30
4.13700230977557e-31	0.710053000098878	0.218	0.056	1.39392155825578e-26	EFTUD1	c30
4.16967108833495e-31	1.35942250122844	0.14	0.028	1.40492897650358e-26	AFAP1L2	c30
4.17019351825192e-31	0.646543072570808	0.785	0.35	1.4051050040398e-26	DBNL	c30
4.24021365164792e-31	0.673440553260106	0.34	0.109	1.42869758778625e-26	MBOAT7	c30
4.35088284421763e-31	1.62832945092153	0.112	0.019	1.46598646553069e-26	TNS3	c30
4.51789832386475e-31	0.559713117937475	0.28	0.082	1.52226066124299e-26	CDKAL1	c30
4.72905768537352e-31	0.494065035125909	0.315	0.096	1.59340869650975e-26	MED7	c30
4.73374194716804e-31	0.47921543277415	0.445	0.156	1.5949870116788e-26	PAIP1	c30
4.80144310582683e-31	0.677820992623284	0.794	0.371	1.61779824007729e-26	TLN1	c30
4.82530961738871e-31	0.433861714549942	0.997	0.917	1.62583982248295e-26	SRP14	c30
4.86351918127154e-31	3.33996518478825	0.028	0.001	1.63871415293763e-26	KLK1	c30
5.15877988119102e-31	0.416013784265181	0.352	0.112	1.7381992931685e-26	GMFB	c30
5.43343427237482e-31	1.26467108063835	0.106	0.017	1.83074134373397e-26	ALG10B	c30
5.44549329271808e-31	0.590525835891914	0.673	0.28	1.83480451004843e-26	CCAR1	c30
5.53507291428828e-31	0.50130994216298	0.449	0.157	1.86498746774029e-26	NIPA2	c30
5.63970389317419e-31	0.716326202396571	0.287	0.085	1.90024182976611e-26	TCAF1	c30
6.17547883593941e-31	0.617579875120343	0.984	0.684	2.08076583898142e-26	ATPIF1	c30
6.35113510252354e-31	0.897778225852996	0.218	0.057	2.13995146144428e-26	FAM98B	c30
6.52900804465048e-31	0.619404975526485	0.252	0.07	2.19988397056453e-26	FMR1	c30
6.57165811574299e-31	0.416413298073868	0.411	0.139	2.21425448551844e-26	EXOSC7	c30
6.85703382366817e-31	0.716671299113436	0.174	0.04	2.31040897654675e-26	RBM45	c30
6.95025890298615e-31	0.404059525196616	0.498	0.178	2.34182023477215e-26	MORF4L2	c30
6.96051702970933e-31	0.5080019842743	0.271	0.078	2.34527660799026e-26	TRIM37	c30
6.99696265837761e-31	0.504362242812622	0.654	0.258	2.35755659811375e-26	NDUFA10	c30
7.01142643136554e-31	0.496800920805915	0.458	0.162	2.36243002178431e-26	PPP3R1	c30
7.45410311869039e-31	1.67399801699315	0.087	0.012	2.51158550481154e-26	TTYH3	c30
7.54492018088594e-31	0.536525381043865	0.632	0.249	2.54218540574771e-26	SNX1	c30
7.82420096715275e-31	0.585150170730096	0.701	0.288	2.63628627387245e-26	NDUFS2	c30
7.86422801469325e-31	0.668870959500637	0.227	0.06	2.64977298727074e-26	COPG2	c30
8.07763329331322e-31	3.69641191689509	0.022	0.001	2.72167776184896e-26	OXCT2	c30
8.31018417686383e-31	0.674665961435459	0.879	0.458	2.8000334565525e-26	RAB1B	c30
8.82901533710137e-31	0.69918752860435	0.24	0.065	2.97484842768293e-26	ACP2	c30
9.25033211145333e-31	0.444293759243509	0.551	0.205	3.11680690163309e-26	PWP1	c30
9.52331846409786e-31	0.787572622619237	0.187	0.045	3.20878692329313e-26	CDK19	c30
9.79778643220488e-31	-0.420735372172553	1	0.996	3.30126616046711e-26	RPS19	c30
9.94537448445147e-31	0.637075574808403	0.685	0.286	3.35099447879108e-26	PSMD6	c30
9.95045079082262e-31	0.841994801977531	0.215	0.055	3.35270488945977e-26	PPP4R1	c30
1.01049921898165e-30	0.862210087712118	0.215	0.056	3.40477606843678e-26	ARHGAP10	c30
1.01226110532119e-30	0.826495202755939	0.19	0.046	3.41071256826922e-26	MRPL53	c30
1.06520983849882e-30	0.450319714293116	0.508	0.185	3.58911802983793e-26	TXNDC15	c30
1.0866542697306e-30	0.433007653028612	0.508	0.185	3.66137289643027e-26	PPID	c30
1.11585334956874e-30	0.610572061315694	0.632	0.253	3.7597562760369e-26	BCL7B	c30
1.14889790411901e-30	0.461750986482406	0.505	0.185	3.8710965981386e-26	MIIP	c30
1.18091885431114e-30	0.424438114917789	0.396	0.134	3.97898798771594e-26	TCOF1	c30
1.20396594057339e-30	0.468184770669531	0.592	0.226	4.05664284016799e-26	TSTA3	c30
1.23620684400093e-30	0.67498898327141	0.782	0.348	4.16527534017674e-26	MMADHC	c30
1.25307579355203e-30	0.476901501970476	0.555	0.209	4.22211357879422e-26	CHTOP	c30
1.28035761794667e-30	0.545457220726854	0.502	0.186	4.31403695790951e-26	UBE2K	c30
1.38190721032065e-30	0.878847347400668	0.206	0.052	4.6561981544544e-26	GCNT1	c30
1.3925351796085e-30	0.500049251439749	0.405	0.138	4.69200803417289e-26	SLC39A1	c30
1.39257639743342e-30	0.537166241944921	0.287	0.085	4.69214691351216e-26	EXOC6	c30
1.41519948649658e-30	0.621916379389313	0.265	0.076	4.76837314980157e-26	EDARADD	c30
1.43347788076447e-30	0.549619204374191	0.632	0.257	4.8299603714478e-26	ORMDL3	c30
1.43548709562594e-30	0.305362012809163	0.43	0.146	4.83673022000206e-26	UBAP2L	c30
1.44792616330825e-30	0.509029791429025	0.682	0.273	4.87864241465081e-26	EIF4E2	c30
1.45472038712766e-30	0.426992688394724	0.38	0.125	4.90153487238792e-26	PPIL3	c30
1.47846648822456e-30	0.642782780865471	0.343	0.11	4.98154498542384e-26	MED6	c30
1.48342731394748e-30	0.491228183274375	0.449	0.158	4.99825999161464e-26	AGPAT2	c30
1.48587942017942e-30	0.654092725556293	0.271	0.079	5.00652211835254e-26	UBE2R2	c30
1.54908367742307e-30	0.485794993338079	0.511	0.19	5.21948254270929e-26	ASXL1	c30
1.57337132073103e-30	0.473771965254874	0.271	0.078	5.30131732807113e-26	TMEM214	c30
1.59493849220131e-30	0.659424522279043	0.916	0.464	5.3739857556231e-26	SF3A2	c30
1.59541204589552e-30	2.82251905679698	0.034	0.002	5.37558134744037e-26	PRDM5	c30
1.62172839947247e-30	0.499538016530826	0.52	0.193	5.46425166918253e-26	ABCF1	c30
1.75058552136832e-30	2.20734405294585	0.053	0.005	5.89842285569841e-26	C18orf54	c30
1.79234600877277e-30	0.420023579763361	0.355	0.115	6.03913064195896e-26	CANT1	c30
1.81592898587958e-30	0.644582574747823	0.978	0.789	6.11859112502265e-26	LCP1	c30
1.84399917228501e-30	0.686684948319402	0.879	0.446	6.2131708110971e-26	EIF3I	c30
1.85903059512388e-30	0.452762966314927	0.483	0.176	6.26381768721041e-26	PDCD7	c30
1.86237166900195e-30	0.282013164943848	0.333	0.104	6.27507510153517e-26	IVD	c30
2.04512610848573e-30	0.424527815930328	0.57	0.216	6.89084790993181e-26	SMNDC1	c30
2.09498725806841e-30	0.398929103540731	0.399	0.134	7.05885006733569e-26	MAPKAP1	c30
2.12342951375693e-30	0.444519130254702	0.439	0.153	7.15468340365259e-26	SAR1A	c30
2.12589161330797e-30	0.803157688694717	0.249	0.07	7.16297920187986e-26	ITPK1	c30
2.14594524699072e-30	0.675077831585597	0.196	0.048	7.23054791521052e-26	MRGBP	c30
2.15022506291409e-30	0.503231414175348	0.312	0.096	7.24496832698274e-26	IFT52	c30
2.17929660118592e-30	2.05406489977108	0.075	0.01	7.34292196803583e-26	RP11-493L12.5	c30
2.21358509190497e-30	0.660822467598775	0.583	0.236	7.45845360866461e-26	CISD3	c30
2.22066066693288e-30	0.675695604866101	0.548	0.221	7.48229405116365e-26	PARP9	c30
2.26189430879616e-30	0.408948471442458	0.508	0.185	7.62122668405779e-26	RAF1	c30
2.29287426323983e-30	0.462266141214908	0.452	0.16	7.72561054256027e-26	GOLT1B	c30
2.30523203892951e-30	0.572334838691772	0.408	0.143	7.76724883196909e-26	HSH2D	c30
2.36311610384365e-30	0.463304226940721	0.296	0.089	7.9622834002908e-26	MRS2	c30
2.3652639481244e-30	0.47140437901247	0.318	0.098	7.96952034681036e-26	ORC3	c30
2.45052593263536e-30	0.484636236547973	0.324	0.102	8.25680207742159e-26	METTL3	c30
2.69548600297937e-30	0.924565101958213	0.14	0.028	9.08217053843868e-26	RP11-61K9.3	c30
2.71134019935295e-30	0.433661559822176	0.305	0.093	9.13558966769983e-26	ASCC1	c30
2.73035346290923e-30	0.994157792553388	0.153	0.032	9.19965295792637e-26	E2F6	c30
2.77685667014153e-30	0.97054613218336	0.199	0.05	9.35634086437488e-26	CHPF	c30
2.8394521410028e-30	0.523948863332537	0.237	0.064	9.56725004389484e-26	RCL1	c30
2.89411295698823e-30	0.539181578818367	0.364	0.121	9.75142419727615e-26	KIAA0907	c30
2.9919690947609e-30	1.35841721633574	0.128	0.024	1.00811406678874e-25	CIITA	c30
3.01407820856251e-30	0.52682389677467	0.626	0.248	1.01556351159305e-25	METAP2	c30
3.08534868109938e-30	0.507877321620097	0.623	0.26	1.03957738460962e-25	HSPH1	c30
3.12592287066443e-30	1.05595951184109	0.146	0.03	1.05324845204167e-25	TBC1D10B	c30
3.19021442245372e-30	0.423624349583962	0.449	0.157	1.07491084750156e-25	RFXANK	c30
3.24251547147027e-30	0.685686982171724	0.227	0.061	1.09253316295719e-25	RFT1	c30
3.29686660729139e-30	0.537367474703643	0.29	0.087	1.11084623466076e-25	NCLN	c30
3.37931627658119e-30	0.692078559689812	0.907	0.562	1.13862682623126e-25	TAP1	c30
3.48776885610919e-30	0.541366620261432	0.302	0.092	1.17516883837743e-25	CEP63	c30
3.57096610428102e-30	0.528737693200447	0.667	0.264	1.20320131917645e-25	UBE2V2	c30
3.58978765806871e-30	0.370736153260914	0.402	0.136	1.20954305350967e-25	KIAA1143	c30
3.61229650794996e-30	0.428666250394698	0.396	0.134	1.21712718538866e-25	CHFR	c30
3.61725516841423e-30	-1.12634671252424	0.838	0.77	1.21879795644549e-25	LEPROTL1	c30
3.63728424425401e-30	2.40446448889192	0.044	0.003	1.22554655325895e-25	HIST1H2BI	c30
3.67216731922547e-30	0.889131419539354	0.153	0.033	1.23730005653983e-25	DVL3	c30
3.85083605110794e-30	0.683265815175686	0.308	0.096	1.29750069906031e-25	C7orf49	c30
3.85297344338417e-30	0.508530968043934	0.57	0.22	1.29822087201386e-25	TDG	c30
3.9981575347896e-30	0.84609282441513	0.156	0.034	1.34713919977201e-25	FAIM	c30
4.04399728810679e-30	0.395063268401454	0.358	0.117	1.3625844462547e-25	TTF1	c30
4.09987371839162e-30	0.616988205390033	0.218	0.057	1.38141145067487e-25	FASTKD1	c30
4.12809973092157e-30	0.538249202853534	0.682	0.276	1.39092192333671e-25	FAM50A	c30
4.17905753798438e-30	1.2712797650613	0.184	0.044	1.40809164684846e-25	GFOD1	c30
4.26212859751201e-30	0.665927309390782	0.931	0.587	1.4360816096457e-25	COX7B	c30
4.42546674460009e-30	1.00891121818495	0.234	0.065	1.49111676492556e-25	IRF4	c30
4.57564225905379e-30	0.358800511997794	0.346	0.11	1.54171690276559e-25	SIRT6	c30
4.67990385199366e-30	0.765180644204564	0.202	0.051	1.57684680389074e-25	TADA2A	c30
4.97229826401389e-30	0.503798914687752	0.486	0.178	1.67536617707684e-25	MBD4	c30
5.08466786110848e-30	0.56856615793753	0.411	0.143	1.71322798912189e-25	MAEA	c30
5.2018893757119e-30	0.48357599977564	0.333	0.106	1.75272460625237e-25	MRPL1	c30
5.29725606486755e-30	0.467262511011092	0.411	0.142	1.78485745849647e-25	AP3D1	c30
5.38380447025379e-30	0.482871399263544	0.327	0.103	1.81401907820731e-25	ELAC2	c30
5.4862945775581e-30	0.868553843152255	0.221	0.059	1.84855209496242e-25	TTC38	c30
5.49258650725622e-30	0.494563476090676	0.293	0.088	1.85067209775491e-25	PMM2	c30
5.51295409798993e-30	0.395994032891622	0.299	0.09	1.85753475377673e-25	EDEM2	c30
5.51859908273788e-30	0.556720664931545	0.442	0.158	1.8594367749377e-25	POLDIP3	c30
5.52430850959734e-30	0.569432359797879	0.221	0.058	1.86136050922373e-25	C12orf49	c30
5.53879954622864e-30	0.689022263866492	0.866	0.452	1.86624311910628e-25	NDUFB1	c30
5.58573293871998e-30	0.637061829337845	0.776	0.34	1.88205685637231e-25	CAPZA2	c30
5.75980838150803e-30	0.551337780827007	0.417	0.149	1.94070983606531e-25	RP11-25K19.1	c30
6.08081694976097e-30	0.438449068397522	0.495	0.182	2.04887046305246e-25	PDS5A	c30
6.08883532115009e-30	0.432267654411073	0.417	0.144	2.05157217310831e-25	DRG2	c30
6.3549618077575e-30	0.690562611061358	0.882	0.473	2.14124083150581e-25	DNAJA1	c30
6.40792795746006e-30	4.47548628328849	0.019	0.001	2.15908724598659e-25	FAM81A	c30
6.42130166788195e-30	1.091669942334	0.09	0.013	2.16359338397615e-25	C5orf34	c30
6.5006373901365e-30	0.584206089928476	0.766	0.331	2.19032476223259e-25	CYB5R3	c30
6.663401637937e-30	1.5912067584107	0.09	0.014	2.24516654788649e-25	RP11-111F5.4	c30
6.77966660837331e-30	0.672779604827611	0.296	0.091	2.2843408670253e-25	SMG9	c30
6.82461917807304e-30	0.493968519849263	0.346	0.112	2.29948718585993e-25	TFDP2	c30
6.83083290020145e-30	0.517891095998733	0.33	0.105	2.30158083739388e-25	SETD3	c30
7.34935698829435e-30	0.549470965878169	0.567	0.222	2.4762923436359e-25	CAPRIN1	c30
7.65186258480319e-30	0.637817397494931	0.645	0.268	2.57821857932359e-25	BNIP3L	c30
7.78198161008849e-30	0.672999686723145	0.891	0.559	2.62206088370321e-25	XRCC6	c30
7.92967485576182e-30	2.20064155844665	0.053	0.005	2.67182464590039e-25	CABLES2	c30
8.58544729127776e-30	0.469633294206531	0.486	0.177	2.89278061032313e-25	PRKAG1	c30
8.7118739296357e-30	3.49103342176945	0.022	0.001	2.93537880185145e-25	MFI2-AS1	c30
8.80401786426894e-30	0.521563390715094	0.567	0.223	2.96642577918678e-25	PNP	c30
9.05313569245149e-30	0.430134917723776	0.38	0.127	3.0503635402146e-25	HMCES	c30
9.27922254212405e-30	0.549402329947756	0.246	0.069	3.12654124334328e-25	RBM7	c30
9.57923205343878e-30	0.39813248241273	0.545	0.203	3.22762644808566e-25	NDUFS4	c30
9.70552992673199e-30	-0.495109556174778	0.994	0.995	3.27018125351308e-25	RPS2	c30
9.8178588117139e-30	0.574990592160487	0.642	0.269	3.30802934801888e-25	PTPN22	c30
9.87630362100787e-30	0.568118434471707	0.324	0.103	3.32772174206239e-25	ZCCHC8	c30
9.99686514117088e-30	0.584896362966347	0.237	0.065	3.36834374066612e-25	C17orf75	c30
1.01168955161533e-29	0.387771823912967	0.533	0.197	3.4087867752127e-25	RPS6KB2	c30
1.01237099706521e-29	0.639327782456427	0.779	0.342	3.41108283751151e-25	COX16	c30
1.04390129893319e-29	3.277023972695	0.031	0.002	3.51732103662549e-25	IL1A	c30
1.0560827848143e-29	0.845928062641137	0.215	0.057	3.55836533515331e-25	PCYOX1L	c30
1.07425039052775e-29	0.614397455672362	0.283	0.085	3.61957926584421e-25	MUL1	c30
1.09214248378335e-29	0.576176265854467	0.617	0.246	3.67986488485961e-25	COA4	c30
1.09663082906539e-29	0.902410425349587	0.196	0.049	3.69498791545292e-25	SSH1	c30
1.09862123982947e-29	0.614534981674151	0.76	0.333	3.70169440548141e-25	POLR2J	c30
1.11940802757079e-29	0.348902199936962	0.368	0.121	3.77173340809701e-25	COASY	c30
1.12533999782341e-29	0.906687951242974	0.174	0.041	3.79172058866621e-25	NXT2	c30
1.1681569233449e-29	0.467375565384233	0.548	0.209	3.9359879375183e-25	CNIH4	c30
1.16937896366692e-29	0.782923491758257	0.178	0.042	3.94010548017931e-25	OPN3	c30
1.17386724676053e-29	1.11912477394402	0.115	0.021	3.95522830123492e-25	CTC-329D1.2	c30
1.19585686732567e-29	0.712902536975688	0.19	0.047	4.0293201287671e-25	SLC25A33	c30
1.23570156021334e-29	0.831672910382526	0.168	0.039	4.16357283698282e-25	MAPK9	c30
1.25945465516655e-29	-1.88530403934073	0.763	0.78	4.24360651511819e-25	FOS	c30
1.29160739862377e-29	0.548344949025804	0.393	0.136	4.35194196892293e-25	ZC3H18	c30
1.31056492241198e-29	0.558366995954754	0.318	0.101	4.41581744957494e-25	CMTR1	c30
1.31612663796994e-29	0.588936862680941	0.688	0.288	4.43455709397593e-25	MRPL14	c30
1.32194515877085e-29	2.85703200868397	0.034	0.002	4.4541620179625e-25	AC010894.3	c30
1.34888271259195e-29	0.607583391341125	0.383	0.131	4.54492541180733e-25	ACOT8	c30
1.38391746190222e-29	0.482643261182263	0.333	0.107	4.66297149613335e-25	SMIM4	c30
1.41067486544318e-29	1.19953526889905	0.156	0.034	4.75312789162426e-25	MTAP	c30
1.49136131749501e-29	0.473086368989783	0.57	0.222	5.02499282316767e-25	AMD1	c30
1.71293271994014e-29	0.45113029534883	0.614	0.239	5.7715555065663e-25	EMC3	c30
1.73472907265903e-29	0.449667559644873	0.449	0.16	5.84499613741733e-25	SRP68	c30
1.74080175123826e-29	1.03913851067473	0.121	0.023	5.86545742062221e-25	ZNF789	c30
1.78113147868635e-29	0.839165154782524	0.196	0.049	6.00134440428579e-25	NADK	c30
1.84516236974052e-29	0.50542390793558	0.262	0.076	6.21709008860372e-25	KLHL7	c30
1.90603798749388e-29	0.584955661730897	0.252	0.072	6.42220439506189e-25	TOR1B	c30
1.90983583920039e-29	0.742977389470752	0.19	0.047	6.43500087660178e-25	NUP35	c30
1.91544005574243e-29	1.56664759447362	0.131	0.026	6.45388372381855e-25	SEMA7A	c30
1.95475118768536e-29	0.550298627820834	0.277	0.083	6.58633865178704e-25	MED25	c30
1.9774552023295e-29	0.56939317285981	0.227	0.061	6.66283755872903e-25	ATG10	c30
1.98631625522081e-29	0.912822967763073	0.181	0.043	6.692693990341e-25	CHST14	c30
1.98886013641469e-29	0.588577007844654	0.218	0.058	6.70126534363567e-25	AARSD1	c30
2.01225601869868e-29	0.942951283888895	0.168	0.039	6.78009542940332e-25	ERLIN1	c30
2.12123505605933e-29	0.381401693286956	0.48	0.175	7.14728939788631e-25	VPS26A	c30
2.2404993978631e-29	0.538089433246565	0.374	0.128	7.54913867115994e-25	GLCCI1	c30
2.2568888898694e-29	0.652352215087198	0.178	0.042	7.60436142552595e-25	CYP51A1	c30
2.32619468593925e-29	0.350682539851596	0.427	0.149	7.83788037480371e-25	ATP6V1H	c30
2.36172723209741e-29	0.539784124114725	0.252	0.072	7.95760373582902e-25	PRR3	c30
2.39783495864861e-29	0.597743442385042	0.218	0.058	8.07926510967063e-25	RPE	c30
2.40088435156085e-29	0.484914244580005	0.302	0.093	8.08953973414914e-25	DPP9	c30
2.43381685007294e-29	0.679411598098645	0.916	0.565	8.20050249463578e-25	SLC9A3R1	c30
2.49178455788137e-29	0.640816857339597	0.941	0.613	8.39581888932547e-25	PSMB1	c30
2.64501037460883e-29	0.335606031593871	0.355	0.116	8.912097956207e-25	CRLS1	c30
2.71497991045435e-29	0.739984870932157	0.212	0.056	9.14785331028487e-25	JMJD8	c30
2.79788123112244e-29	-0.701003772200283	0.969	0.964	9.42718102014394e-25	PABPC1	c30
2.84618062484723e-29	0.560470063773817	0.583	0.23	9.58992099736026e-25	ATP6V0D1	c30
2.9458069143688e-29	1.38854191316625	0.109	0.019	9.92560181727424e-25	TNFRSF12A	c30
2.96367447178412e-29	1.62477520154656	0.075	0.01	9.98580476522941e-25	CD3EAP	c30
3.07151674493831e-29	0.418002432453601	0.474	0.172	1.03491685203951e-24	TMEM222	c30
3.15996203515122e-29	1.76194418296543	0.069	0.008	1.06471760812385e-24	FKBP7	c30
3.17635357917409e-29	0.927874270485732	0.193	0.049	1.07024057496692e-24	PSPH	c30
3.18805784525769e-29	0.471619913159772	0.436	0.155	1.07418421038113e-24	PLRG1	c30
3.28376242424902e-29	1.41599341121679	0.115	0.021	1.10643091122646e-24	KLF11	c30
3.28854043112994e-29	0.404767030290763	0.492	0.181	1.10804081286492e-24	NMRAL1	c30
3.29673166421648e-29	0.501494934635283	0.302	0.094	1.1108007669411e-24	BSCL2	c30
3.30608329990686e-29	1.57747791854597	0.087	0.013	1.11395170707062e-24	AC010226.4	c30
3.33280618570128e-29	0.659721991559091	0.798	0.381	1.12295571621019e-24	NUDC	c30
3.33877672630633e-29	0.591811460546415	0.196	0.049	1.12496743016165e-24	CHUK	c30
3.34591012305094e-29	0.568929837732032	0.271	0.08	1.12737095686078e-24	MVD	c30
3.39698429673119e-29	0.543274955994972	0.436	0.158	1.14457988894061e-24	FAM110A	c30
3.41874161004471e-29	1.49086445659661	0.087	0.013	1.15191079808846e-24	SLC19A1	c30
3.4237872383037e-29	0.4136511046611	0.561	0.214	1.15361087207405e-24	AP1S2	c30
3.4298666123026e-29	0.534371299225901	0.414	0.146	1.15565925634924e-24	IKBKG	c30
3.44814785860169e-29	0.324651225408014	0.324	0.102	1.16181893947725e-24	MTA1	c30
3.66384506189665e-29	0.842786018050373	0.187	0.046	1.23449595515546e-24	GPR180	c30
3.68536566891383e-29	0.499418089032435	0.623	0.245	1.24174710848383e-24	PRPS1	c30
3.74361076302084e-29	0.498205706828019	0.623	0.249	1.26137221049224e-24	CCDC53	c30
3.80528602177584e-29	0.489759160619985	0.43	0.153	1.28215307217715e-24	TRIM21	c30
3.8235343995999e-29	0.478357052261984	0.542	0.208	1.28830168060119e-24	USP14	c30
3.83191847405198e-29	0.41766685118119	0.47	0.172	1.29112661064707e-24	USO1	c30
3.89694426939579e-29	0.471861159119315	0.336	0.109	1.31303640213022e-24	NSUN2	c30
4.08587472280994e-29	0.482792224637319	0.361	0.121	1.37669462910358e-24	IMPDH1	c30
4.11882730525311e-29	0.945376100742247	0.215	0.057	1.38779767223198e-24	ACAD8	c30
4.28560465772099e-29	0.660914680294477	0.769	0.344	1.44399163337251e-24	RPA2	c30
4.33464968828005e-29	2.64944862952645	0.04	0.003	1.46051686596908e-24	RP11-160O5.1	c30
4.55312697831857e-29	0.694138028581547	0.882	0.541	1.53413060407466e-24	ATP5F1	c30
4.57794826159352e-29	0.890893417036539	0.159	0.036	1.54249388726132e-24	GNPNAT1	c30
4.58115692339455e-29	0.465451898445368	0.523	0.198	1.54357501376856e-24	PYM1	c30
4.59575349506743e-29	0.656212341069337	0.601	0.249	1.54849318262802e-24	TRIM69	c30
4.87243197515402e-29	0.582441807182363	0.682	0.285	1.64171722970839e-24	SZRD1	c30
4.95061609718059e-29	0.627738014364706	0.863	0.438	1.66806058778403e-24	TAF15	c30
4.99804065880174e-29	0.479155430203334	0.299	0.092	1.68403981957666e-24	RPUSD1	c30
5.22407737463826e-29	0.518587552645059	0.364	0.123	1.76020063061062e-24	SNX14	c30
5.25648401800956e-29	0.406087232142395	0.234	0.064	1.77111972502814e-24	CMSS1	c30
5.35322358971863e-29	1.34219532789596	0.106	0.018	1.80371515631979e-24	FNTB	c30
5.52581172962755e-29	0.568833192318585	0.377	0.129	1.86186700418071e-24	TNPO3	c30
5.52794844701579e-29	0.84058083933357	0.14	0.029	1.8625869497375e-24	RTTN	c30
5.71753449607732e-29	1.12214253199019	0.118	0.022	1.92646607310829e-24	PAXIP1	c30
6.10266488019372e-29	0.519109597915475	0.642	0.257	2.05623190473247e-24	DPY30	c30
6.14189144506476e-29	0.449180113547525	0.249	0.071	2.06944890350012e-24	COX15	c30
6.28838220525501e-29	0.62860816812456	0.218	0.058	2.11880750023862e-24	ZC3HC1	c30
6.31250455928518e-29	0.60024378165305	0.586	0.236	2.12693528620555e-24	SRM	c30
6.34913097573757e-29	0.586357869506497	0.249	0.072	2.13927619096502e-24	EPT1	c30
6.39642003322563e-29	0.420375145734656	0.374	0.126	2.15520976599504e-24	PSMD10	c30
6.586209883404e-29	0.550593201553236	0.592	0.237	2.21915755811414e-24	MRPS33	c30
6.67605844882279e-29	0.659360303674498	0.866	0.434	2.24943113374635e-24	SERPINB1	c30
6.75252684768961e-29	0.546172794952508	0.302	0.095	2.27519639606054e-24	QSOX1	c30
6.75611055465149e-29	0.464130111588666	0.259	0.075	2.27640389028427e-24	LARP4B	c30
6.93480799541561e-29	1.5599746800714	0.115	0.021	2.33661420597534e-24	ETV1	c30
7.05176008977783e-29	0.399202135104627	0.377	0.128	2.37602004464974e-24	C1orf122	c30
7.22704960828195e-29	0.645194924455174	0.841	0.388	2.43508209501452e-24	TMED9	c30
7.43941926492804e-29	0.457608842829627	0.386	0.133	2.50663792712485e-24	SLC4A1AP	c30
7.46004420609169e-29	0.484734282716121	0.495	0.185	2.51358729480053e-24	MRPS35	c30
7.61801264843812e-29	0.544605654639966	0.312	0.099	2.56681318176474e-24	MOV10	c30
7.81086765122825e-29	0.479325308042215	0.305	0.096	2.63179374640485e-24	GTF2H3	c30
7.82014557709186e-29	0.820291992831171	0.125	0.024	2.63491985074533e-24	CSRP2BP	c30
7.86177612208809e-29	1.0610251024102	0.212	0.056	2.64894684657636e-24	SOCS4	c30
8.13240311689813e-29	3.83996539401266	0.022	0.001	2.74013190620765e-24	RFX8	c30
8.13720253477302e-29	0.410104636575332	0.455	0.165	2.74174902206642e-24	SCAF4	c30
8.19466819425024e-29	0.409518202778274	0.445	0.16	2.76111150137068e-24	RING1	c30
8.48339431006617e-29	0.365893998279755	0.28	0.084	2.85839487883369e-24	ASB3	c30
8.85917727707718e-29	0.342938236768072	0.461	0.165	2.98501119173838e-24	CLPTM1	c30
8.87164873342935e-29	0.49351438619816	0.271	0.08	2.98921332424168e-24	KBTBD4	c30
8.89818136854754e-29	0.860136488067551	0.215	0.058	2.99815323031841e-24	SLC16A1-AS1	c30
9.09741671261075e-29	0.530467991596724	0.595	0.239	3.06528358714707e-24	NARF	c30
9.27758244519337e-29	0.457755899282496	0.383	0.131	3.12598862908346e-24	SDHAF3	c30
9.30887717730252e-29	0.409333670158697	0.508	0.188	3.13653307612031e-24	TSG101	c30
9.3581277951588e-29	0.372971665567665	0.396	0.137	3.15312757930081e-24	CXXC1	c30
9.74248191811416e-29	0.566122937346811	0.299	0.094	3.28263185748939e-24	MFSD6	c30
9.83722026004331e-29	0.545148871315933	0.713	0.309	3.31455299441899e-24	MTCH1	c30
1.00521481002167e-28	0.465829268369962	0.601	0.235	3.38697078088702e-24	DERL2	c30
1.02788011858506e-28	0.53388545395868	0.274	0.083	3.46333927156049e-24	FKBP15	c30
1.05216463979317e-28	0.782280715958458	0.259	0.08	3.54516353731911e-24	GNLY	c30
1.06054080865665e-28	0.645009512437001	0.85	0.435	3.57338620068771e-24	AP2M1	c30
1.06295683179704e-28	0.614066961419558	0.252	0.073	3.58152674905694e-24	PTRH2	c30
1.08141883064308e-28	0.264796620469411	0.474	0.171	3.64373260796878e-24	TAF11	c30
1.13504637959976e-28	0.741170560312761	0.832	0.457	3.82442527142344e-24	DNPH1	c30
1.16402031501407e-28	0.591138973996328	0.558	0.226	3.92205004940841e-24	IGFLR1	c30
1.16510751856529e-28	0.706021869905668	0.704	0.331	3.92571327305388e-24	ECH1	c30
1.21080070298465e-28	0.634295660911044	0.972	0.625	4.07967188863648e-24	LRRFIP1	c30
1.27466209716748e-28	3.49626636690577	0.019	0.001	4.2948464701961e-24	RP11-839D17.3	c30
1.28393892305039e-28	0.460971579902293	0.252	0.073	4.32610380732599e-24	ELP4	c30
1.28561983929051e-28	1.38365399318372	0.075	0.01	4.33176748650545e-24	HYAL3	c30
1.32878867255811e-28	0.531394957958909	0.439	0.161	4.47722055331729e-24	PUM3	c30
1.33212475978892e-28	0.592393375804287	0.224	0.061	4.4884611656328e-24	C2orf47	c30
1.34236606291176e-28	-0.615842235880452	0.975	0.953	4.52296821237488e-24	RPL27A	c30
1.352192236632e-28	0.489081222969253	0.492	0.186	4.55607652210786e-24	TIA1	c30
1.35779722397412e-28	0.629987797562868	0.561	0.224	4.57496196645841e-24	BCCIP	c30
1.36839889397778e-28	4.71327901838439	0.012	0	4.61068323336872e-24	RP13-753N3.1	c30
1.37319316498188e-28	0.444848958386442	0.514	0.195	4.62683705008995e-24	DHX30	c30
1.4805208302255e-28	0.445466315579576	0.255	0.074	4.98846688536179e-24	DCAKD	c30
1.54911866982716e-28	0.635867313567162	0.819	0.389	5.21960044611564e-24	PDAP1	c30
1.58415925313417e-28	1.04283654258697	0.125	0.024	5.33766618751027e-24	EAF2	c30
1.64165363243468e-28	0.520749047892767	0.458	0.168	5.53138774912541e-24	MRPL24	c30
1.70708427734758e-28	0.657072790050159	0.24	0.068	5.75184976409495e-24	THG1L	c30
1.74606256645342e-28	0.486419439457493	0.246	0.07	5.88318321140814e-24	CMTR2	c30
1.79083553955584e-28	4.20764049444466	0.016	0	6.03404126697945e-24	RP11-27K13.3	c30
1.8062950643076e-28	0.422563447149115	0.324	0.104	6.08613058967804e-24	L3MBTL2	c30
1.80700035538522e-28	4.01457488666754	0.016	0	6.08850699743495e-24	RP5-967N21.11	c30
1.82118577381058e-28	0.613455185874132	0.274	0.083	6.13630334627737e-24	GCA	c30
1.84670493188615e-28	0.891308505231664	0.196	0.051	6.22228759749719e-24	DAAM1	c30
1.85527813257794e-28	1.83195335407204	0.065	0.008	6.25117413990811e-24	PARD6G	c30
1.88497017850365e-28	0.487019505144237	0.47	0.178	6.3512185194502e-24	ACTA2	c30
1.92583642403762e-28	0.682811335028229	0.218	0.059	6.48891324715236e-24	ZNF100	c30
1.93653173171092e-28	0.486673472158572	0.252	0.073	6.52495001682679e-24	DDX55	c30
1.94420308974671e-28	0.354615743038383	0.424	0.149	6.55079789059255e-24	SCYL1	c30
1.98717317367601e-28	0.467176854810469	0.445	0.163	6.69558129138393e-24	IARS2	c30
1.99680107925817e-28	0.738484232392204	0.255	0.075	6.72802155645246e-24	EMG1	c30
2.04388872763389e-28	0.434958238256335	0.607	0.242	6.88667867888962e-24	ESYT1	c30
2.04894544095963e-28	0.544865710754846	0.645	0.267	6.90371676876939e-24	U2AF2	c30
2.09120829395521e-28	1.33219155469396	0.097	0.016	7.04611722565267e-24	AIFM2	c30
2.1086173747473e-28	0.510715547455413	0.305	0.097	7.10477538247356e-24	GFPT1	c30
2.11765182308366e-28	0.353474850078201	0.399	0.138	7.13521605269807e-24	LRRFIP2	c30
2.12661393564802e-28	0.332832618980976	0.467	0.169	7.16541299477244e-24	ARAF	c30
2.15975188937313e-28	0.74390184093031	0.199	0.052	7.27706801605383e-24	LYL1	c30
2.23323675067585e-28	0.578646164757278	0.439	0.162	7.5246679077272e-24	DDX23	c30
2.26108705374511e-28	0.454803921777126	0.632	0.253	7.61850671888876e-24	VTI1B	c30
2.29081140369786e-28	0.298195814122217	0.355	0.118	7.71865994361956e-24	ERCC3	c30
2.31635954300234e-28	1.00392956354681	0.156	0.035	7.80474184419207e-24	C16orf45	c30
2.34808878641205e-28	1.02833964110518	0.14	0.03	7.91165035693676e-24	HPSE	c30
2.46017874433612e-28	0.509547378777158	0.654	0.266	8.28932626116611e-24	IDH3G	c30
2.46936102790544e-28	0.395115478149314	0.383	0.132	8.3202650474246e-24	AKAP11	c30
2.48786800440495e-28	0.457294498365378	0.405	0.142	8.38262245404203e-24	MRPS2	c30
2.48803875496648e-28	0.427855405477658	0.436	0.156	8.38319778098405e-24	GTF2F2	c30
2.50191566512979e-28	0.658979942717051	0.829	0.404	8.42995464208832e-24	BZW1	c30
2.50769278709538e-28	0.660487546218766	0.315	0.102	8.44942007683918e-24	FKBP4	c30
2.51550512984213e-28	0.605618296708557	0.822	0.41	8.47574298449006e-24	SNRNP70	c30
2.53156291284768e-28	0.693731893788005	0.302	0.097	8.52984807854896e-24	SIPA1L1	c30
2.55021918148749e-28	0.421974186039883	0.383	0.132	8.59270851010396e-24	CHID1	c30
2.62113330579897e-28	0.412066753229187	0.377	0.129	8.83164656055904e-24	ZDHHC3	c30
2.65079075642011e-28	0.872239405313858	0.162	0.037	8.93157437468193e-24	AP4M1	c30
2.68294126756003e-28	1.15921392640231	0.121	0.023	9.03990230691677e-24	SORD	c30
2.69739659494645e-28	0.499643813130399	0.48	0.18	9.08860808701258e-24	NTMT1	c30
2.70735353205343e-28	1.92514266032594	0.069	0.009	9.12215699090083e-24	RP5-940J5.9	c30
2.70844364763892e-28	0.471419144106401	0.343	0.114	9.12583002635457e-24	TWISTNB	c30
2.72397586925234e-28	0.660499016446204	0.804	0.385	9.17816429385885e-24	LAMTOR5	c30
2.78479583300995e-28	1.22244360025528	0.202	0.054	9.38309107974374e-24	FNDC3B	c30
2.90423325572783e-28	0.576477487921973	0.178	0.043	9.78552353184935e-24	MCM9	c30
2.97808459895887e-28	0.6895266267255	0.916	0.573	1.0034358247732e-23	NDUFV2	c30
2.98558486709488e-28	0.626786030192796	0.623	0.262	1.00596296511895e-23	AKR1B1	c30
3.00786822875473e-28	0.397890519307225	0.536	0.204	1.01347112099662e-23	FPGS	c30
3.01851800236086e-28	0.621481619258304	0.237	0.067	1.01705945571547e-23	ARL13B	c30
3.07109106191908e-28	0.388141728203469	0.542	0.206	1.03477342240301e-23	HK1	c30
3.07606847053856e-28	0.492541357407593	0.302	0.095	1.03645051046326e-23	ERO1A	c30
3.07878495046348e-28	0.400203016432953	0.498	0.186	1.03736580120916e-23	TFG	c30
3.07884946364736e-28	0.713834918378044	0.259	0.077	1.03738753828134e-23	ADIPOR2	c30
3.13097408539178e-28	0.658977535984441	0.153	0.034	1.05495040833191e-23	CAD	c30
3.14096741342027e-28	0.679474510299188	0.202	0.053	1.05831756027783e-23	DDX19B	c30
3.17721294165091e-28	0.603168934328612	0.707	0.309	1.07053012855986e-23	C19orf24	c30
3.23077252720928e-28	0.307458647714175	0.355	0.118	1.08857649531789e-23	CNOT3	c30
3.31416786907018e-28	0.551410886054247	0.209	0.055	1.11667572180451e-23	HGH1	c30
3.37582759552979e-28	0.482878756503277	0.629	0.253	1.13745135003781e-23	FAM32A	c30
3.38445501802701e-28	0.606063892808655	0.639	0.269	1.14035827377402e-23	AKR1A1	c30
3.65409886976352e-28	2.7321418780651	0.056	0.006	1.23121207317812e-23	KIR2DL4	c30
3.66702098579449e-28	1.20399673521154	0.218	0.061	1.2355660509536e-23	TNIP3	c30
3.73968346956793e-28	0.534825895818009	0.442	0.162	1.26004894823622e-23	PSENEN	c30
3.83725302560164e-28	1.85764731932573	0.059	0.007	1.29292403444622e-23	MIR210HG	c30
3.83732796124295e-28	0.424007340204965	0.648	0.257	1.2929492832612e-23	TRAPPC3	c30
3.88554448407507e-28	0.429839530627364	0.43	0.154	1.30919535846425e-23	RAB35	c30
3.90228139126656e-28	0.889162065036979	0.15	0.033	1.31483469197335e-23	FGGY	c30
3.93744613781143e-28	0.402270107279985	0.393	0.137	1.32668310167418e-23	S100PBP	c30
4.00185960435615e-28	0.518630461670864	0.312	0.1	1.34838657509176e-23	EIF2B2	c30
4.01678798350798e-28	-0.642806590338606	0.997	0.993	1.35341654316318e-23	MT-ATP6	c30
4.19067671379091e-28	0.505691064882767	0.227	0.063	1.41200661194471e-23	RRP9	c30
4.19800584185897e-28	-0.386925267532095	0.994	0.987	1.41447608835596e-23	UBA52	c30
4.22322137573873e-28	1.29484539296733	0.097	0.016	1.42297221034141e-23	MAST2	c30
4.29059998862286e-28	0.571810601473246	0.956	0.724	1.44567476016659e-23	TMEM258	c30
4.34128935202594e-28	0.540974507165676	0.393	0.138	1.46275403427162e-23	MUS81	c30
4.46184077236586e-28	0.431845931133902	0.34	0.112	1.50337262984095e-23	BABAM1	c30
4.51688590988306e-28	0.527549701712702	0.564	0.226	1.521919538476e-23	SRP72	c30
4.53388572872568e-28	0.64847298732543	0.838	0.436	1.52764745743683e-23	PSMC5	c30
4.54599134186685e-28	0.506352588569773	0.283	0.088	1.53172632272862e-23	ANKRD54	c30
4.65930088265412e-28	0.629099471355275	0.769	0.364	1.56990483940148e-23	NOP58	c30
4.76373587663075e-28	0.404058439543596	0.327	0.106	1.60509316627197e-23	TIMM22	c30
4.87613450540543e-28	0.590121878607044	0.657	0.282	1.6429647602513e-23	PARVG	c30
4.90650805996085e-28	0.896338126904185	0.159	0.036	1.65319882572321e-23	HNRNPUL2	c30
4.96535531743255e-28	0.412039640105026	0.318	0.102	1.67302682065572e-23	GPATCH4	c30
5.00976093718352e-28	0.556112410601366	0.327	0.108	1.68798885017462e-23	IFRD2	c30
5.08367844023756e-28	0.46833840088751	0.439	0.161	1.71289461365364e-23	ASNSD1	c30
5.12335740597155e-28	0.392676158334226	0.47	0.175	1.72626404436805e-23	PITPNB	c30
5.1540175193792e-28	0.488275083085447	0.984	0.83	1.73659466297963e-23	COX6B1	c30
5.34078520384004e-28	0.406781718122615	0.383	0.132	1.79952416658186e-23	EGLN2	c30
5.53738567585588e-28	0.458097275294309	0.315	0.101	1.86576672962288e-23	GRWD1	c30
5.64425774577304e-28	0.608840074360503	0.184	0.046	1.90177620486077e-23	TMCO3	c30
6.23397804253713e-28	0.47558551232993	0.629	0.255	2.10047656165246e-23	AATF	c30
6.25600800191915e-28	0.35593938107645	0.458	0.167	2.10789933616664e-23	STK16	c30
6.31950505516869e-28	0.560926124036945	0.302	0.097	2.12929403328854e-23	RNF20	c30
6.49114431372389e-28	0.420063033497532	0.474	0.178	2.18712616506613e-23	LPCAT4	c30
6.51101369154502e-28	0.399604780278324	0.411	0.146	2.19382095322918e-23	MRPL32	c30
6.5932200188935e-28	0.389020040449656	0.33	0.108	2.22151955316598e-23	SEC23IP	c30
6.62566681854927e-28	0.664155774137561	0.822	0.406	2.23245217784199e-23	ATP6V0B	c30
6.64026440638158e-28	3.81848724630585	0.022	0.001	2.23737068908621e-23	ANXA9	c30
6.73676529709275e-28	0.865298046234368	0.187	0.047	2.26988569920243e-23	SMARCD2	c30
6.83793043635576e-28	0.605982526870566	0.928	0.622	2.30397228122571e-23	POLR2L	c30
6.89620787687731e-28	0.575668902260484	0.352	0.123	2.32360828203504e-23	PGM2L1	c30
6.89953379037589e-28	2.36848030520553	0.05	0.005	2.32472891532925e-23	MAPK12	c30
7.11408500375258e-28	0.498963918111617	0.436	0.161	2.3970198011644e-23	UPF3B	c30
7.41207401799063e-28	0.461467948047764	0.421	0.152	2.49742421962176e-23	KATNBL1	c30
7.60477740886235e-28	0.662567706878284	0.953	0.61	2.56235370014208e-23	TSPO	c30
7.61910586670395e-28	0.911990795107512	0.171	0.042	2.56718153072723e-23	ADAT2	c30
8.07863756219192e-28	0.287661489408131	0.43	0.153	2.72201614020494e-23	RANBP3	c30
8.13792457028474e-28	0.62574212282372	0.221	0.061	2.74199230471174e-23	HCCS	c30
8.18577585507864e-28	1.12744652477632	0.109	0.02	2.7581153166102e-23	FLVCR1-AS1	c30
8.22838590926179e-28	0.442125801805018	0.632	0.255	2.77247234826667e-23	SF3A3	c30
8.31532853772019e-28	0.697624534230685	0.826	0.439	2.80176679749944e-23	TNFRSF1B	c30
8.4813744901735e-28	0.43503983496412	0.664	0.274	2.85771432071906e-23	IFNAR2	c30
8.66006558370247e-28	0.651526042328942	0.196	0.051	2.91792249777271e-23	SH3GLB2	c30
8.66240299975214e-28	0.470799556695778	0.336	0.112	2.91871006673649e-23	CEP135	c30
9.07541312156385e-28	0.392107299106046	0.346	0.116	3.05786969717972e-23	MCCC2	c30
9.1635426479449e-28	0.607212759617205	0.274	0.084	3.08756405979856e-23	TMEM189	c30
9.20246464627199e-28	1.01227437773742	0.118	0.023	3.10067843791488e-23	PYCRL	c30
9.34880231926175e-28	0.436928957948103	0.389	0.136	3.14998545345205e-23	NDUFAF4	c30
9.38961033296001e-28	0.451736968033864	0.607	0.246	3.16373530558755e-23	EIF4G1	c30
9.52967248239587e-28	0.703912933373469	0.907	0.558	3.21092784621846e-23	HNRNPU	c30
9.88531827120278e-28	0.571288851617218	0.679	0.293	3.33075913829907e-23	LMAN1	c30
9.89395741363131e-28	0.43945204570045	0.53	0.206	3.33367001094893e-23	TGS1	c30
9.93704499880022e-28	0.40363187561781	0.43	0.156	3.34818794189575e-23	PSPC1	c30
1.06333352049095e-27	0.337800348169003	0.417	0.148	3.58279596394221e-23	JKAMP	c30
1.13508072015827e-27	0.437165313562359	0.296	0.093	3.82454097850127e-23	RUFY1	c30
1.14905355856852e-27	0.399740973523482	0.43	0.155	3.87162106024079e-23	ATPAF1	c30
1.15873109797319e-27	0.591719469561464	0.333	0.112	3.90422856151085e-23	SH3BP2	c30
1.16301240574131e-27	0.439054429648158	0.43	0.156	3.91865399990475e-23	ALG3	c30
1.20782586663572e-27	0.809922544970033	0.174	0.043	4.06964847504241e-23	PLAGL2	c30
1.22788072540176e-27	0.687837665865135	0.174	0.043	4.13722131616869e-23	CETN2	c30
1.2486637809939e-27	0.945294506580304	0.146	0.032	4.20724774368084e-23	NLRX1	c30
1.25932946487891e-27	0.66204596045742	0.209	0.056	4.24318469896299e-23	RAB30-AS1	c30
1.41233283853347e-27	0.427627337832519	0.614	0.249	4.75871426615467e-23	VIMP	c30
1.46153791916716e-27	3.36373013027422	0.025	0.001	4.92450586484183e-23	S1PR3	c30
1.46687874980594e-27	0.688359980089182	0.209	0.057	4.94250125959613e-23	BRPF1	c30
1.54224083646522e-27	0.524000197174078	0.698	0.297	5.1964262743859e-23	URM1	c30
1.56426191092526e-27	0.395946497583763	0.414	0.152	5.27062408267157e-23	TBC1D4	c30
1.5788829843523e-27	1.13912872184705	0.081	0.012	5.31988832747662e-23	AC002467.7	c30
1.58170898516695e-27	0.519467056703064	0.283	0.089	5.32941025462153e-23	ZC3H14	c30
1.58572004105718e-27	0.30460664843944	0.346	0.116	5.34292510633808e-23	CENPT	c30
1.64986692982792e-27	0.577808793228385	0.417	0.153	5.5590616333622e-23	PSME3	c30
1.65932389923765e-27	0.48585137096933	0.234	0.067	5.59092594609134e-23	APAF1	c30
1.71191850063745e-27	1.41113639999234	0.09	0.014	5.76813819604784e-23	DDTL	c30
1.76399038362757e-27	0.47601021580094	0.664	0.278	5.94358919859475e-23	PPM1M	c30
1.77717046238452e-27	0.474916695255401	0.685	0.288	5.98799815595841e-23	FBXO7	c30
1.81411093344789e-27	1.01822781674575	0.143	0.031	6.11246537915933e-23	TRIM47	c30
1.82468151917477e-27	0.505253890966363	0.377	0.132	6.14808191070749e-23	PRR14	c30
1.84996871575467e-27	0.499955010577256	0.523	0.206	6.23328459086378e-23	UBA1	c30
1.89049457888062e-27	1.780670953937	0.081	0.012	6.36983243408035e-23	LRRN3	c30
1.90888256742128e-27	4.02344431863476	0.019	0.001	6.43178892266928e-23	NUDT10	c30
1.95047263397262e-27	0.511204890486429	0.293	0.093	6.57192249290734e-23	MRRF	c30
1.95793294289016e-27	0.972257979293801	0.168	0.041	6.59705925777412e-23	ADAM15	c30
1.96869890540604e-27	0.571427603477086	0.19	0.049	6.6333340918751e-23	SCLY	c30
1.99121621384385e-27	0.444140442681794	0.287	0.09	6.70920391092548e-23	CECR5	c30
2.13884618733178e-27	0.985572186835825	0.174	0.043	7.2066283435957e-23	HIP1	c30
2.19220737140038e-27	0.462310338156373	0.583	0.233	7.38642351719643e-23	STX10	c30
2.21070621110516e-27	0.636152623025686	0.199	0.053	7.44875350769772e-23	CCDC58	c30
2.25959035428916e-27	1.10437224137539	0.128	0.026	7.61346373974189e-23	TFEB	c30
2.28638687249533e-27	0.342297098256136	0.355	0.12	7.70375192818575e-23	RBM10	c30
2.30827963864865e-27	0.439948779296922	0.455	0.17	7.77751741446275e-23	MTF2	c30
2.32131479494162e-27	0.497866947347336	1	0.947	7.82143807007631e-23	HSPA8	c30
2.38351124763649e-27	0.488258061735288	0.283	0.088	8.03100279778637e-23	CCDC43	c30
2.41100635190154e-27	0.508700578436421	0.305	0.099	8.12364480209703e-23	CDK16	c30
2.48560082249134e-27	0.381814428140525	0.277	0.086	8.37498341130232e-23	RPS6KB1	c30
2.50760970114397e-27	1.26438086832364	0.09	0.015	8.44914012703451e-23	PKP4	c30
2.5456964743017e-27	0.491179662698758	0.564	0.223	8.57746970051213e-23	DNTTIP2	c30
2.63661344382271e-27	0.517823790377439	0.673	0.295	8.88380533761622e-23	FAM129A	c30
2.65854498622404e-27	0.696631851344419	0.181	0.045	8.95770147658329e-23	HDAC6	c30
2.77206980733155e-27	0.505889025843788	0.592	0.239	9.34021200882293e-23	TRAPPC4	c30
2.78762699403743e-27	0.567457002081991	0.741	0.33	9.39263039370971e-23	THOC7	c30
2.94943556612348e-27	0.597218670023378	0.411	0.156	9.93782819649646e-23	HERC5	c30
2.96477948000569e-27	0.35088732620772	0.57	0.221	9.98952797993116e-23	MED30	c30
3.03773237196651e-27	0.345306406603141	0.639	0.255	1.0235335454104e-22	VPS35	c30
3.06342437143196e-27	0.357680427774512	0.33	0.109	1.03219020771028e-22	ZCCHC9	c30
3.1317065383379e-27	1.96483474498218	0.062	0.008	1.05519720102757e-22	ZNF620	c30
3.14534601281547e-27	0.377836926446738	0.34	0.114	1.05979288555804e-22	SAYSD1	c30
3.14870909478586e-27	1.14755250442295	0.24	0.073	1.06092604239715e-22	CD70	c30
3.17775230798287e-27	0.762461647541813	0.215	0.06	1.07071186265175e-22	SLC35A5	c30
3.20992778959024e-27	0.481137832651339	0.601	0.246	1.08155306942453e-22	COPB1	c30
3.3837758192809e-27	0.685688431358282	0.178	0.044	1.14012942454851e-22	PARD6A	c30
3.55342833513434e-27	0.477897525239673	0.579	0.231	1.19729214324016e-22	TTC1	c30
3.56600438792368e-27	0.485382603910662	0.355	0.122	1.20152951846701e-22	TSR3	c30
3.58588768896225e-27	1.3450003443401	0.112	0.021	1.20822899791894e-22	RYR1	c30
3.75782677998596e-27	1.20450057477364	0.106	0.019	1.26616215524847e-22	SLC35E4	c30
3.79611988251087e-27	2.26560038309544	0.109	0.02	1.27906463321321e-22	HIST2H2BF	c30
3.82047943716067e-27	0.591422771275849	0.685	0.321	1.28727234155692e-22	GBP1	c30
3.92995443003371e-27	1.37588184707664	0.081	0.012	1.32415884565556e-22	EPB41L2	c30
3.99533338807628e-27	0.564729448806281	0.215	0.059	1.34618763177842e-22	XPO7	c30
4.41796308463889e-27	0.326416119430806	0.358	0.123	1.48858848173823e-22	COPS7B	c30
4.53105886642458e-27	0.502845885849987	0.321	0.106	1.5266949744531e-22	METTL10	c30
4.53165236983254e-27	0.790661756623672	0.162	0.038	1.52689494949138e-22	TEX10	c30
4.73100740380318e-27	0.393514302743452	0.48	0.18	1.59406563463744e-22	HMG20B	c30
4.80474366052958e-27	3.45389238880978	0.022	0.001	1.61891032897884e-22	RP11-993B23.3	c30
4.90968919260115e-27	0.528733839021201	0.71	0.308	1.65427067655503e-22	KCNAB2	c30
4.96284909222455e-27	0.685447045116151	0.785	0.401	1.67218237313414e-22	VPS29	c30
4.96992255826853e-27	0.409797636126589	0.293	0.093	1.674565706783e-22	SNUPN	c30
5.20421069688009e-27	1.98255888026032	0.069	0.009	1.75350675220678e-22	CD101	c30
5.2742735306733e-27	0.369667748895085	0.47	0.176	1.77711372342506e-22	UROS	c30
5.71245743719832e-27	0.373463375178024	0.498	0.189	1.9247554088896e-22	DTD1	c30
5.81180660791662e-27	0.369220144153783	0.368	0.127	1.95823011847142e-22	CTNNBL1	c30
5.82075250446553e-27	0.393271406102968	0.495	0.188	1.96124434885461e-22	DDB1	c30
6.20211719714769e-27	0.43034202729659	0.399	0.143	2.08974136840694e-22	GPX7	c30
6.22823789129417e-27	0.550941602820246	0.595	0.256	2.09854247509266e-22	SAMD9L	c30
6.31617435517587e-27	0.420713395736247	0.53	0.21	2.12817178723296e-22	PHF20L1	c30
6.42096132275135e-27	0.484205154039347	0.361	0.126	2.16347870808784e-22	LPCAT3	c30
6.4272413462284e-27	0.451340460733836	0.408	0.149	2.1655946991982e-22	ZBTB1	c30
6.55934972687953e-27	0.331311203802127	0.38	0.133	2.21010729697479e-22	ZCCHC10	c30
6.55966722512073e-27	0.577679893687155	0.262	0.08	2.21021427483218e-22	TAF9B	c30
6.58821750276884e-27	0.452545130798051	0.411	0.149	2.21983400538293e-22	MAP2K2	c30
6.62510307356998e-27	0.418497379816882	0.408	0.147	2.23226222960867e-22	PLPP5	c30
6.67978372587207e-27	3.50845906614137	0.025	0.001	2.25068632859534e-22	PLAU	c30
6.80998064433806e-27	0.465343344808804	0.274	0.086	2.29455487830327e-22	IKZF4	c30
6.81463343087589e-27	0.322830537839046	0.43	0.156	2.29612258819932e-22	FLAD1	c30
6.83287080779079e-27	0.462340696826138	0.601	0.244	2.30226748997703e-22	TMEM261	c30
6.90056050234304e-27	0.6587973528178	0.657	0.291	2.32507485565946e-22	PRMT1	c30
6.91726491993798e-27	0.511271873463506	0.483	0.19	2.3307032421239e-22	PARP14	c30
7.55320264820238e-27	0.952069993917956	0.227	0.066	2.54497610028531e-22	NBL1	c30
7.7808414772645e-27	0.442258271442657	0.607	0.249	2.6216767273495e-22	SDF2	c30
7.83930060251236e-27	1.85621008118697	0.044	0.004	2.64137394501051e-22	GCAT	c30
7.85215176898155e-27	0.30554042160644	0.293	0.093	2.64570401704064e-22	C19orf52	c30
7.9875850630793e-27	0.408676315275876	0.467	0.176	2.69133691115394e-22	MRPS31	c30
8.00054529995013e-27	1.44750670314802	0.137	0.03	2.6957037333652e-22	MYEF2	c30
8.05144426536471e-27	0.41672909049254	0.364	0.127	2.71285363077199e-22	CAPNS1	c30
8.20068633278985e-27	0.665516645003982	0.305	0.102	2.76313925297021e-22	ADAM19	c30
8.27212838620434e-27	0.994990903993001	0.153	0.035	2.78721093844769e-22	DUSP14	c30
8.54075631941295e-27	0.534493703823101	0.252	0.076	2.877722434263e-22	TMEM185A	c30
8.54774864495648e-27	0.505512251424954	0.293	0.094	2.88007842843164e-22	WDFY2	c30
8.79600696934677e-27	2.49457245338206	0.047	0.004	2.9637265882517e-22	ZC3HAV1L	c30
8.8247181107291e-27	0.391426502276022	0.526	0.204	2.97340052022906e-22	UBA3	c30
8.84919152518866e-27	1.70652795367496	0.072	0.01	2.98164659249707e-22	RP11-561B11.2	c30
9.08661834613471e-27	1.70014926246102	0.065	0.008	3.06164518554663e-22	FANCE	c30
9.20572463459074e-27	2.71210123162107	0.034	0.002	3.101776858379e-22	GMPR	c30
9.30301396439517e-27	0.481550815442526	0.576	0.235	3.13455752516331e-22	YIPF5	c30
9.35297571369753e-27	0.562230036283889	0.29	0.093	3.15139163697325e-22	ETFDH	c30
9.48637522619587e-27	0.48287935942375	0.318	0.105	3.19633926871444e-22	BRAT1	c30
9.59446366311878e-27	0.422379806076394	0.424	0.154	3.23275858665124e-22	FTSJ1	c30
9.59962948223975e-27	0.430090215760878	0.305	0.1	3.23449915774586e-22	JOSD1	c30
9.67878872957976e-27	0.372141455342173	0.411	0.148	3.2611710745446e-22	SNRNP35	c30
9.75493918247624e-27	0.43663423076004	0.573	0.229	3.28682920814354e-22	MOB4	c30
1.0227331409712e-26	1.11322553497701	0.121	0.024	3.44599704518835e-22	ABCB10	c30
1.02997282570188e-26	0.45373830746964	0.252	0.076	3.4703904389199e-22	NOL10	c30
1.04712689749394e-26	0.575918282872398	0.296	0.096	3.52818936841608e-22	RGS3	c30
1.10617144308619e-26	0.493207993237219	0.237	0.069	3.7271340603346e-22	CCDC127	c30
1.13633974607699e-26	0.329568777713732	0.364	0.126	3.82878314043181e-22	MED31	c30
1.156506658603e-26	0.555661840389566	0.321	0.108	3.89673353549695e-22	SLC35B2	c30
1.16448606349392e-26	0.490809663273711	0.523	0.207	3.92361934233643e-22	NPEPPS	c30
1.1959004470482e-26	0.54728864665722	0.819	0.388	4.0294669662842e-22	SSR3	c30
1.20266070952805e-26	0.501522086503509	0.296	0.096	4.05224499468382e-22	DDX19A	c30
1.22760244013198e-26	0.499367150801276	0.53	0.21	4.13628366178068e-22	CAPN1	c30
1.22933364632633e-26	0.437315832068257	0.452	0.169	4.14211678793194e-22	GRPEL1	c30
1.26569954998992e-26	0.656102599748893	0.165	0.04	4.26464806373602e-22	TNRC18	c30
1.27481357592738e-26	1.19845585609405	0.115	0.022	4.29535686272972e-22	SLX1B	c30
1.28235084422061e-26	2.08501533901173	0.059	0.007	4.32075293451693e-22	DGUOK-AS1	c30
1.3109807214687e-26	2.28089191621495	0.044	0.004	4.41721844291664e-22	C1R	c30
1.32051869063842e-26	0.583998498092528	0.944	0.555	4.44935567623708e-22	BSG	c30
1.32291030507695e-26	0.430892938963316	0.29	0.092	4.45741398192628e-22	STX6	c30
1.34964065628779e-26	0.569392721514818	0.52	0.208	4.54747922729609e-22	RPS6KA1	c30
1.34976193192281e-26	-0.643826136176127	0.966	0.943	4.5478878534207e-22	EEF2	c30
1.37249901694299e-26	0.678075471710267	0.218	0.062	4.6244981876877e-22	NVL	c30
1.38440964133013e-26	0.40691650203792	0.243	0.072	4.66462984549776e-22	TMEM254	c30
1.46147452115127e-26	0.459600654740713	0.333	0.114	4.92429225156709e-22	METTL8	c30
1.46683077697189e-26	0.82425621332542	0.199	0.054	4.9423396199291e-22	SLC2A1	c30
1.50416232304767e-26	0.808191256609176	0.146	0.033	5.06812453127681e-22	PNPO	c30
1.63077208321641e-26	0.689434623465979	0.224	0.064	5.49472345718936e-22	ZUFSP	c30
1.69084416547045e-26	0.602681467716928	0.769	0.365	5.69713033113615e-22	MOB1A	c30
1.80645839628836e-26	0.566986316049984	0.187	0.049	6.08668092045399e-22	KIF1BP	c30
1.84348934605983e-26	0.476655099957446	0.343	0.118	6.21145300261399e-22	FAM45A	c30
1.92750320015808e-26	0.548386755076056	0.978	0.802	6.49452928261264e-22	COX7A2	c30
1.99064222584267e-26	2.78063881826658	0.044	0.004	6.70726991575429e-22	LAMA2	c30
2.05053615484808e-26	0.52200916302425	0.231	0.067	6.90907652014512e-22	TAX1BP3	c30
2.05699647178299e-26	0.656345356794284	0.676	0.309	6.93084391202562e-22	TKT	c30
2.05923275921212e-26	0.566135810472792	0.723	0.324	6.93837885888932e-22	MAPK1IP1L	c30
2.0797256406686e-26	0.385548552417676	0.371	0.13	7.00742757366877e-22	PTPMT1	c30
2.12451943621328e-26	-0.474877081294572	0.997	0.987	7.15835578837701e-22	RPS5	c30
2.19986748859715e-26	0.310467748469525	0.417	0.151	7.41223351607925e-22	SUDS3	c30
2.20243544184566e-26	1.00582429182437	0.14	0.031	7.42088597775478e-22	PQLC2	c30
2.26577839614955e-26	0.359718374783395	0.224	0.064	7.6343137279863e-22	WRB	c30
2.33853480230038e-26	0.528125476846729	0.523	0.208	7.87945916287091e-22	SEPHS2	c30
2.3452663929559e-26	0.393065920076126	0.393	0.14	7.9021405844256e-22	UCHL3	c30
2.38886993741291e-26	2.41277539871938	0.031	0.002	8.04905836711906e-22	DLL3	c30
2.40533796884274e-26	0.429860390873103	0.455	0.171	8.10454575221873e-22	NAE1	c30
2.48733756627462e-26	0.23644542823133	0.368	0.127	8.38083519580569e-22	PARN	c30
2.52509589905497e-26	0.348390739705095	0.28	0.089	8.5080581222758e-22	DNMT3A	c30
2.6247761979705e-26	-0.862800790618152	0.913	0.907	8.8439209214418e-22	KLF6	c30
2.79061233476201e-26	0.620526016748177	0.178	0.045	9.40268920074712e-22	SEC22A	c30
2.82469577881716e-26	0.478000732343086	0.841	0.444	9.51752995714654e-22	TIGIT	c30
2.92874880767074e-26	0.593508972736337	0.206	0.057	9.8681262325658e-22	SLC25A44	c30
2.98679951161345e-26	3.0209822173714	0.025	0.001	1.00637222744304e-21	EGFL7	c30
2.99019216656074e-26	0.403345197219522	0.495	0.192	1.00751534860097e-21	ARMC10	c30
2.99772532772082e-26	0.505340153456565	0.564	0.23	1.01005357192225e-21	AAMP	c30
3.07617173803204e-26	1.22032553201009	0.09	0.015	1.03648530541252e-21	RTEL1	c30
3.08097977016857e-26	0.554511974423956	0.274	0.087	1.0381053237606e-21	FRMD8	c30
3.08585721994147e-26	0.75614659078361	0.206	0.057	1.03974873168708e-21	LIMS2	c30
3.35732622573109e-26	4.73960020801234	0.012	0	1.13121749849783e-21	PLA1A	c30
3.65277886550596e-26	0.568873554826732	0.287	0.093	1.23076731094358e-21	GPR137	c30
3.66918387364798e-26	0.359628880016899	0.377	0.133	1.23629481438695e-21	KIN	c30
3.888154933131e-26	0.350772956970673	0.595	0.237	1.31007492316916e-21	PFDN1	c30
3.8916313320234e-26	0.355226534079852	0.424	0.155	1.31124626101196e-21	GFER	c30
3.90367568902519e-26	2.16919683823665	0.044	0.004	1.31530448666015e-21	RP11-126K1.2	c30
3.94440138637679e-26	0.388262121087022	0.274	0.086	1.3290266031258e-21	PRPF39	c30
3.95056477357363e-26	0.775916967516913	0.174	0.044	1.3311032948079e-21	XPO5	c30
4.02125501134564e-26	0.496668769424061	0.249	0.076	1.3549216635228e-21	RMND5A	c30
4.07714767747643e-26	0.91773809565267	0.146	0.034	1.37375413844891e-21	NSDHL	c30
4.08721281802632e-26	0.66190399425656	0.193	0.052	1.37714548690579e-21	POLR3H	c30
4.12068344794288e-26	0.731773099448294	0.146	0.034	1.38842308094987e-21	FBXL6	c30
4.17579837234875e-26	2.23060617593825	0.059	0.007	1.40699350357919e-21	BASP1	c30
4.19855227875577e-26	0.515700897954419	0.667	0.29	1.41466020480397e-21	DDT	c30
4.27814302848289e-26	0.666486704315263	0.854	0.462	1.44147751201702e-21	NDUFA12	c30
4.28133409299051e-26	0.429398845606689	0.411	0.152	1.44255270929222e-21	NOL11	c30
4.35052795131278e-26	1.25932461395347	0.118	0.024	1.46586688791533e-21	SERPINE2	c30
4.38367014623855e-26	0.533223186403693	0.249	0.076	1.47703381907362e-21	USP12	c30
4.48041525747742e-26	0.820119363165099	0.215	0.061	1.50963111685444e-21	AKT1	c30
4.56153086834316e-26	0.461919884106866	0.558	0.224	1.53696221077954e-21	BRMS1	c30
4.62318457406804e-26	0.337843394840091	0.458	0.172	1.55773581038648e-21	NAA60	c30
4.63658141019163e-26	0.533642432241897	0.199	0.054	1.56224974034997e-21	SEC24A	c30
4.76183669005855e-26	2.25745521684563	0.05	0.005	1.60445325434833e-21	RP11-79P5.9	c30
4.76585421910054e-26	0.297185298548371	0.47	0.179	1.60580692058373e-21	CPSF7	c30
4.83119267820137e-26	0.595090083857363	0.218	0.062	1.62782206099317e-21	TARS2	c30
4.84752116515889e-26	2.02652367426137	0.056	0.006	1.63332378138864e-21	MYOF	c30
4.85834899138746e-26	0.643145401905865	0.875	0.474	1.63697210915809e-21	RAD23A	c30
4.88139386728131e-26	0.499911595657048	0.209	0.058	1.64473684964176e-21	TTI2	c30
4.91770371764109e-26	0.579083444144752	0.221	0.063	1.65697109062199e-21	NBPF14	c30
4.9954231975087e-26	0.355930875317378	0.389	0.14	1.68315789216858e-21	LRRC47	c30
5.04833713198903e-26	1.06345376423996	0.121	0.025	1.70098671325238e-21	CCDC138	c30
5.16574660150222e-26	0.652318401369934	0.879	0.536	1.74054665991016e-21	ATP5A1	c30
5.17103708242057e-26	0.503690758405047	0.302	0.1	1.74232923455079e-21	AAR2	c30
5.17705862641928e-26	0.607021143373417	0.399	0.149	1.74435813358571e-21	NOLC1	c30
5.46015103024736e-26	0.813950805744225	0.143	0.033	1.83974328813154e-21	LINC00467	c30
5.64597019278926e-26	0.616442994984605	0.879	0.498	1.90235319675841e-21	CAPZA1	c30
5.65796590241087e-26	0.261026468040014	0.274	0.086	1.90639503115832e-21	EDC4	c30
5.68876830065644e-26	0.642808260891959	0.324	0.113	1.91677359122318e-21	ANKRD28	c30
5.69843965316089e-26	1.25719399428479	0.075	0.011	1.92003225673603e-21	STAM-AS1	c30
6.1583191599678e-26	0.363674078141838	0.474	0.181	2.07498405775955e-21	CDC73	c30
6.2169971353858e-26	0.575025243807235	0.838	0.4	2.09475501479689e-21	OSTC	c30
6.28236788153518e-26	0.380657738942019	0.564	0.225	2.11678103400447e-21	ATG5	c30
6.4485449051678e-26	0.428928916826437	0.617	0.26	2.17277272034724e-21	NT5C3A	c30
6.51521282391778e-26	0.533781190356721	0.24	0.072	2.19523580889086e-21	SLC39A9	c30
6.65995600599158e-26	0.420765821058546	0.614	0.252	2.2440055766588e-21	FIP1L1	c30
6.67240077863066e-26	0.415306461872402	0.47	0.181	2.24819871835181e-21	SVBP	c30
6.71381143044148e-26	0.875320358713732	0.121	0.025	2.26215162337295e-21	SMIM13	c30
6.74644092243105e-26	0.296311034623246	0.302	0.099	2.27314580440392e-21	NIF3L1	c30
6.8133325850633e-26	0.36133717018577	0.336	0.115	2.29568428121123e-21	ABCF2	c30
6.82183710920993e-26	0.513090217690069	0.308	0.103	2.29854979557719e-21	MSRA	c30
6.83478549944728e-26	0.569906041188785	0.343	0.12	2.30291262618377e-21	GDE1	c30
6.9554877850127e-26	0.52563050847503	0.701	0.311	2.34358205428218e-21	SUPT4H1	c30
7.01174219921649e-26	0.720530332924102	0.174	0.044	2.362536416604e-21	UEVLD	c30
7.06873868340382e-26	0.603564075961804	0.181	0.047	2.38174081198608e-21	UBFD1	c30
7.21191561556111e-26	2.22139589220361	0.04	0.004	2.42998284750716e-21	NLN	c30
7.24313820103349e-26	0.438249596871818	0.38	0.137	2.44050298545622e-21	STK24	c30
7.28434119068296e-26	0.493949643605386	0.551	0.226	2.45438592078872e-21	HTATIP2	c30
7.3569661128534e-26	-0.900519690985748	0.801	0.799	2.47885616206482e-21	CD48	c30
7.44391530546808e-26	0.501157687010006	0.52	0.21	2.50815282302441e-21	CDC25B	c30
7.52411131584742e-26	2.8843423489905	0.028	0.002	2.53517406676163e-21	IL13	c30
7.57874678736921e-26	-1.09254827806618	0.882	0.86	2.55358294253618e-21	CD69	c30
7.88505144052824e-26	1.38535020424663	0.097	0.017	2.65678923237159e-21	CEP72	c30
8.34299779978853e-26	0.65220357960838	0.168	0.042	2.81108967866075e-21	MMD	c30
8.38112975171306e-26	0.466530891389993	0.287	0.093	2.8239378585422e-21	OGFOD3	c30
8.54715394507615e-26	0.769752488807656	0.224	0.066	2.87987805025396e-21	LIMK2	c30
8.69636547670921e-26	0.401465504828134	0.52	0.204	2.9301533837224e-21	NSFL1C	c30
8.81844373245908e-26	0.556748648634851	0.262	0.082	2.97128643121476e-21	GBA	c30
8.84518199859151e-26	1.24698321352251	0.115	0.023	2.98029562260542e-21	SEC61A2	c30
8.93989301831054e-26	0.476453068352309	0.355	0.126	3.01220755358955e-21	APLP2	c30
8.99518886584533e-26	0.501586521577202	0.299	0.099	3.03083893645792e-21	ST6GALNAC4	c30
9.41585748847632e-26	1.47500068520301	0.09	0.015	3.17257902216721e-21	AC112721.2	c30
9.60377114475078e-26	0.29831112427643	0.346	0.119	3.23589464951233e-21	SART3	c30
9.74490879434089e-26	0.820146186438424	0.14	0.032	3.28344956916522e-21	KTI12	c30
9.7871411618236e-26	0.435039140064783	0.994	0.933	3.29767934306484e-21	CALM1	c30
9.88901424671144e-26	1.45988876494431	0.084	0.013	3.33200446028695e-21	B3GNT9	c30
1.01008673446289e-25	0.990546817161726	0.131	0.028	3.40338624309925e-21	CNOT6	c30
1.0282983829734e-25	2.07567479469521	0.069	0.009	3.46474857159056e-21	NTRK2	c30
1.03097283053699e-25	0.623721777205413	0.19	0.051	3.47375985521133e-21	MUT	c30
1.06019663740052e-25	0.735335995467547	0.221	0.064	3.57222655005731e-21	DVL2	c30
1.12563686925187e-25	-1.8221854664076	0.346	0.549	3.79272086725726e-21	FCMR	c30
1.13740957012894e-25	0.424515622423297	0.305	0.101	3.83238780559246e-21	PPM1A	c30
1.15054061722474e-25	0.361908440442227	0.315	0.105	3.87663155567704e-21	MSMO1	c30
1.15717379410557e-25	0.291224695428604	0.399	0.144	3.8989813818593e-21	STARD3NL	c30
1.18360422888768e-25	0.400519319007933	0.396	0.144	3.98803608881416e-21	PREP	c30
1.20632727114064e-25	0.303668939279925	0.336	0.115	4.06459910738129e-21	KANSL2	c30
1.21458958507544e-25	0.465327338565978	0.259	0.08	4.0924381479532e-21	ABCB8	c30
1.23751110311375e-25	0.327076372136174	0.374	0.133	4.16966991083149e-21	SEC23B	c30
1.24400189058385e-25	0.609483065927873	0.86	0.471	4.19153997013322e-21	GDI2	c30
1.26158882688997e-25	0.601783273136336	0.956	0.612	4.25079739332307e-21	RBM8A	c30
1.26766367444944e-25	0.511503841541596	0.271	0.086	4.27126598468994e-21	CTB-50L17.10	c30
1.40931351986913e-25	0.532487686140831	0.243	0.073	4.74854097384705e-21	PEMT	c30
1.41008601435678e-25	0.679333246124026	0.174	0.045	4.75114381677372e-21	TMEM186	c30
1.45115436299651e-25	2.37685638701386	0.059	0.007	4.88951951068043e-21	HMSD	c30
1.46829639852302e-25	0.605789744811483	0.234	0.07	4.94727788518346e-21	TPMT	c30
1.48985727902837e-25	0.464660844453689	0.67	0.285	5.01992511595819e-21	SFT2D1	c30
1.52745341309471e-25	0.646061434970989	0.801	0.394	5.14660153008132e-21	MRPS34	c30
1.54906774322552e-25	0.387702497205743	0.576	0.232	5.21942885402407e-21	TMEM183A	c30
1.55634804682015e-25	0.411523149516467	0.445	0.169	5.24395910895583e-21	MRPL49	c30
1.57696554545634e-25	0.340793425287105	0.464	0.178	5.31342770886059e-21	TBL1XR1	c30
1.57755686338602e-25	0.410312730120611	0.364	0.13	5.31542009549287e-21	NPRL2	c30
1.59064058015848e-25	0.29174350934847	0.383	0.137	5.35950437078599e-21	TPD52L2	c30
1.65254576229714e-25	0.490340108233617	0.988	0.948	5.568087691484e-21	PPDPF	c30
1.66825883206566e-25	0.533707226628326	0.246	0.075	5.62103130876203e-21	DUSP28	c30
1.70241509041517e-25	0.480812857786343	0.34	0.118	5.73611740564487e-21	SCAF1	c30
1.71333483026988e-25	0.350875880367582	0.396	0.144	5.77291037711134e-21	NRBF2	c30
1.74391341199546e-25	0.143175649152885	0.374	0.131	5.87594185037752e-21	RPF1	c30
1.7605177153527e-25	0.436913252566044	0.601	0.247	5.93188839010939e-21	GPS1	c30
1.77149095550058e-25	0.701941919777933	0.196	0.054	5.96886162546364e-21	AP5S1	c30
1.78752868471097e-25	0.326453429849264	0.48	0.184	6.02289915026514e-21	PBDC1	c30
1.79440154530469e-25	0.630143465729136	0.221	0.064	6.04605656674962e-21	SLC39A13	c30
1.83307720536295e-25	3.38505061863187	0.022	0.001	6.17637033574992e-21	C19orf57	c30
1.83440718201783e-25	0.544110387290912	0.14	0.032	6.18085155909088e-21	TAF6L	c30
1.85793379392924e-25	0.531672981808482	0.312	0.106	6.26012212526519e-21	PNMA1	c30
1.882591942103e-25	0.407270751760109	0.405	0.148	6.34320528972183e-21	GMDS	c30
1.88458711473704e-25	0.373165141064714	0.287	0.093	6.34992782439498e-21	C12orf45	c30
1.90689437932136e-25	0.534118269113121	0.405	0.152	6.4250899216854e-21	SLC10A3	c30
1.92822572223623e-25	0.546893450649623	0.33	0.116	6.49696374850274e-21	CCR5	c30
1.96334759815447e-25	0.492682600034795	0.255	0.079	6.61530339722167e-21	FAR1	c30
1.99456661760143e-25	4.39773421462679	0.016	0	6.72049276134625e-21	ARHGEF33	c30
2.00739044406139e-25	3.73122920659573	0.016	0	6.76370136222044e-21	SYDE1	c30
2.01272171345612e-25	0.455287787901475	0.349	0.123	6.78166454131904e-21	C3orf38	c30
2.05426066797423e-25	0.44787145587662	0.436	0.167	6.92162589467237e-21	CTCF	c30
2.06472578422088e-25	0.563012294412846	0.227	0.067	6.95688705735382e-21	GTPBP1	c30
2.1555291502457e-25	0.25497979033274	0.355	0.124	7.26283991883786e-21	DYNC1LI1	c30
2.23461314180666e-25	0.363355358721878	0.352	0.124	7.52930552000336e-21	UBXN2A	c30
2.2675294642494e-25	0.346460143583585	0.439	0.166	7.64021377684191e-21	HBS1L	c30
2.2856991160282e-25	2.0633197440316	0.065	0.009	7.70143460154541e-21	KIAA0895L	c30
2.33918360231591e-25	0.350027836213084	0.408	0.15	7.88164522964324e-21	ABCE1	c30
2.38469750161705e-25	0.52864301018507	0.224	0.066	8.03499976194847e-21	NAT10	c30
2.48544383219973e-25	0.351920519836848	0.274	0.087	8.37445444821377e-21	NARFL	c30
2.56434735266609e-25	2.90166795460342	0.028	0.002	8.64031197007312e-21	RP11-481J2.3	c30
2.62308655876874e-25	0.533690172739456	0.184	0.049	8.8382278511154e-21	ZNF749	c30
2.67721677981415e-25	0.771799759012449	0.224	0.067	9.0206142179058e-21	ENDOD1	c30
2.72420000855582e-25	0.431362017859627	0.474	0.185	9.17891950882798e-21	ARF3	c30
2.73076516488798e-25	0.722529935922944	0.168	0.043	9.20104014657355e-21	APOPT1	c30
2.74104355169112e-25	0.74050653745221	0.159	0.039	9.23567214306807e-21	SRP19	c30
2.74869538587698e-25	0.523889439086695	0.81	0.381	9.2614542331739e-21	MRPL54	c30
2.76589748852807e-25	0.410361740259814	0.474	0.185	9.31941499784647e-21	SMC5	c30
2.80370360878191e-25	0.628224598641762	0.838	0.436	9.44679893942977e-21	CCT4	c30
2.82962141703306e-25	0.429367140904214	0.408	0.154	9.53412640255118e-21	LINC00969	c30
2.886032884965e-25	0.311788338035592	0.533	0.211	9.72419920260107e-21	SEC61A1	c30
2.88740844418591e-25	0.905230431930006	0.134	0.03	9.72883401184e-21	CCDC77	c30
2.98698303282983e-25	0.387913231695935	0.221	0.064	1.00643406308168e-20	DIS3L	c30
2.99678215950019e-25	0.342868302432583	0.389	0.141	1.00973578082199e-20	MRPL2	c30
3.04878687206921e-25	2.68829068102784	0.037	0.003	1.027258248675e-20	SLC28A3	c30
3.08574390553685e-25	0.401024998986056	0.424	0.159	1.03971055153159e-20	MARS	c30
3.10984228451848e-25	0.293346075232358	0.255	0.079	1.04783025934566e-20	STX18	c30
3.25538615801001e-25	0.358310765240868	0.564	0.229	1.09686981207989e-20	ZNF644	c30
3.25686784891694e-25	0.749349072928668	0.134	0.03	1.09736905301407e-20	C1RL-AS1	c30
3.32114908647952e-25	0.610349412721406	0.813	0.414	1.11902797319841e-20	LSM6	c30
3.40279644299112e-25	0.842253407869528	0.171	0.044	1.14653823350143e-20	ACOT4	c30
3.42430788038659e-25	0.542943189026168	0.685	0.304	1.15378629721746e-20	MESDC2	c30
3.46110680043837e-25	0.559334222655818	0.19	0.051	1.16618532533971e-20	STK32C	c30
3.48136499179486e-25	0.512548977098911	0.221	0.065	1.17301112033536e-20	TXNRD2	c30
3.56350352993562e-25	0.369191573422595	0.333	0.116	1.20068687937651e-20	PPIP5K2	c30
3.57263164622383e-25	0.300526878743118	0.368	0.131	1.20376250687866e-20	DNAJC17	c30
3.79245780584022e-25	0.418078025391791	0.511	0.205	1.2778307330998e-20	LGALS8	c30
3.82427311929626e-25	0.535747247642985	0.234	0.07	1.28855058481568e-20	MAPK6	c30
3.90881490596154e-25	0.332164500045812	0.386	0.141	1.31703609441468e-20	AP3M2	c30
3.93802687120965e-25	0.544070709608254	0.249	0.077	1.32687877398538e-20	THOC5	c30
3.94100615828781e-25	0.350492774023949	0.461	0.18	1.32788261497349e-20	DTX3L	c30
4.00212809172789e-25	0.438089354160897	0.355	0.127	1.34847703922679e-20	RLF	c30
4.02385087264385e-25	1.79126957470604	0.056	0.007	1.35579631302862e-20	RGS13	c30
4.08884532360833e-25	1.4820868396687	0.087	0.015	1.37769554333659e-20	VCAM1	c30
4.36221013785644e-25	0.513962876042004	0.732	0.334	1.46980308384935e-20	SRSF1	c30
4.39936574159857e-25	0.844844674040186	0.125	0.027	1.48232229297422e-20	TMEM104	c30
4.42012490933281e-25	0.476118204605518	0.202	0.057	1.4893168869506e-20	UBXN2B	c30
4.54157536585777e-25	0.404786458615882	0.383	0.139	1.53023840377212e-20	CDK9	c30
4.59910812743628e-25	0.468550188586014	0.271	0.087	1.54962349245838e-20	STX7	c30
4.59940192400916e-25	3.13371433017461	0.025	0.001	1.54972248427565e-20	MYH10	c30
4.68450701316502e-25	0.277300084823137	0.386	0.14	1.57839779301582e-20	GATAD2A	c30
4.75226732395438e-25	0.340336190394439	0.439	0.166	1.60122895213319e-20	ISG20L2	c30
4.97568326829238e-25	0.37438053199864	0.349	0.123	1.67650672041843e-20	C19orf12	c30
5.06949578591432e-25	1.31752507821078	0.075	0.011	1.70811591010597e-20	CBX8	c30
5.24046389259925e-25	0.484500342446172	0.399	0.151	1.76572190397239e-20	PARP12	c30
5.30444718031013e-25	0.49515864502381	0.377	0.138	1.7872804329337e-20	BCKDHA	c30
5.31040275350094e-25	0.539625913537502	0.695	0.318	1.78928710376461e-20	DARS	c30
5.34753337389214e-25	0.561650441420262	0.782	0.372	1.80179789499922e-20	PUF60	c30
5.48917591026711e-25	2.26238077198479	0.05	0.005	1.8495229312054e-20	GLDC	c30
5.49540304932585e-25	0.343313446616713	0.517	0.206	1.85162110343985e-20	TNFRSF1A	c30
5.50744682521531e-25	0.602874373042798	0.879	0.53	1.85567913328805e-20	MDH2	c30
5.64424020438924e-25	0.243783975346027	0.442	0.166	1.90177029446691e-20	TMEM205	c30
5.66366100855035e-25	0.438258491804961	0.589	0.247	1.90831394022095e-20	STAU1	c30
5.75809862275283e-25	0.468385215593632	0.33	0.115	1.94013374995034e-20	REV1	c30
5.87360974859913e-25	0.34294039260286	0.455	0.175	1.97905406869299e-20	ANKLE2	c30
5.90538404700388e-25	1.02022313934692	0.106	0.02	1.98976010079749e-20	IFT46	c30
5.91751236237907e-25	0.344304828449653	0.567	0.231	1.99384661538e-20	TOR1AIP1	c30
6.0934524429554e-25	0.728815064468301	0.153	0.037	2.05312786612939e-20	DHTKD1	c30
6.16637259753592e-25	0.479937653350911	0.551	0.23	2.07769758301375e-20	GTF2I	c30
6.18099104177547e-25	0.496808126560878	0.738	0.34	2.08262312161583e-20	EIF5B	c30
6.30402281316251e-25	0.450144591393308	0.364	0.132	2.12407744666698e-20	DNASE2	c30
6.4338802721591e-25	0.301860745232333	0.43	0.161	2.16783161890129e-20	PAF1	c30
6.54067479266722e-25	0.248607430438126	0.614	0.248	2.20381496464129e-20	MTG1	c30
6.75267780584679e-25	0.509784293310902	0.178	0.047	2.27524725990202e-20	TTI1	c30
6.7976448228181e-25	0.404157787437913	0.717	0.303	2.29039844660033e-20	MRPS18C	c30
6.80596755078566e-25	0.348370525839773	0.486	0.192	2.29320270656172e-20	SLC38A2	c30
6.84278889141008e-25	0.394590014094231	0.389	0.144	2.30560928907171e-20	MAP3K2	c30
6.93586335360383e-25	0.591813449154833	0.816	0.404	2.33696979836327e-20	SDHC	c30
7.08263806200164e-25	0.541140837757503	0.947	0.616	2.38642406861083e-20	GNB2	c30
7.25299658760564e-25	0.379151303278702	0.523	0.212	2.44382467022784e-20	TMF1	c30
7.27721094171542e-25	1.3639608538113	0.04	0.004	2.45198345470159e-20	MT1G	c30
7.35738562856472e-25	0.691375975266702	0.184	0.049	2.4789975136886e-20	CRAT	c30
7.6058495062254e-25	0.763448938268027	0.178	0.047	2.56271493262759e-20	TCP11L1	c30
7.8004348393403e-25	0.641849466984641	0.492	0.204	2.62827851476732e-20	ADI1	c30
7.88228498958054e-25	0.468343285592574	0.333	0.117	2.65585710438927e-20	GTPBP6	c30
7.94907188371374e-25	0.48871810192737	0.417	0.158	2.67836028049851e-20	NIP7	c30
7.97858521098617e-25	1.08889189817874	0.106	0.02	2.68830450098968e-20	BIVM	c30
8.09669944351699e-25	0.651328379119722	0.202	0.057	2.72810191049862e-20	TCAIM	c30
8.13699326193842e-25	1.16876836390997	0.121	0.026	2.74167850967753e-20	CXXC5	c30
8.14027097137634e-25	1.29353333907256	0.081	0.013	2.74278290109554e-20	FZD6	c30
8.15352214288006e-25	0.344466951046807	0.408	0.152	2.74724775082201e-20	SSSCA1	c30
8.29917540800431e-25	0.555455854229359	0.268	0.087	2.79632416197297e-20	DAPP1	c30
8.64509152023415e-25	0.371911040968047	0.561	0.226	2.91287713682769e-20	RAB18	c30
8.68974289129727e-25	0.316036946246485	0.28	0.091	2.9279219697937e-20	MTRR	c30
8.78322995122602e-25	0.575461696907159	0.875	0.44	2.9594214997661e-20	DNAJC8	c30
8.79338608461986e-25	0.4259741846733	0.648	0.273	2.96284350735182e-20	PIN4	c30
8.92057256581403e-25	0.502621930820679	0.464	0.184	3.00569772032538e-20	B3GNT2	c30
9.06604945226863e-25	0.31823848348923	0.28	0.091	3.05471470244739e-20	PECR	c30
9.43545816319882e-25	0.344600106163	0.336	0.118	3.17918327350821e-20	PMS1	c30
9.54776273713502e-25	0.369004074724595	0.361	0.131	3.21702317665027e-20	DDX42	c30
9.68778651624236e-25	0.453691635002701	0.209	0.06	3.2642027887827e-20	ZBED1	c30
9.72223439606084e-25	0.31870178462911	0.371	0.133	3.27580965740874e-20	MARCH5	c30
1.00701287347005e-24	0.566124861780832	0.193	0.053	3.39302917586998e-20	AP3S2	c30
1.02283926483075e-24	0.587990033317416	0.813	0.4	3.44635461892073e-20	RPN1	c30
1.02402402062209e-24	0.375302505223495	0.346	0.123	3.45034653508406e-20	DNAJB12	c30
1.02537743154005e-24	0.517267247805692	0.53	0.217	3.45490671783105e-20	PRPF31	c30
1.04200175011036e-24	0.78817009432975	0.153	0.037	3.51092069682185e-20	ETAA1	c30
1.05239224708068e-24	0.514228215281574	0.713	0.319	3.54593043731365e-20	CWC15	c30
1.06322396514695e-24	0.859969996736327	0.414	0.171	3.58242682816612e-20	AC092580.4	c30
1.08150614090371e-24	0.37186770739347	0.371	0.134	3.64402679116097e-20	UNC45A	c30
1.09399517961147e-24	0.5925800445067	0.259	0.082	3.68610735818289e-20	TIGAR	c30
1.11079985338473e-24	0.358538342224392	0.502	0.198	3.74272902599451e-20	ACO2	c30
1.11154646979523e-24	0.455410632865626	0.246	0.077	3.74524467532804e-20	EIF4G3	c30
1.12591363414775e-24	0.43842786776368	0.414	0.158	3.79365339889742e-20	ECI2	c30
1.13348597239939e-24	0.380577648265664	0.265	0.084	3.81916763540251e-20	TGDS	c30
1.14829516527686e-24	0.521321346652374	0.377	0.14	3.86906572988384e-20	GPR137B	c30
1.21612635188484e-24	1.72582612502734	0.078	0.012	4.09761613004079e-20	ATP8B3	c30
1.2279744446509e-24	0.271872732027399	0.523	0.207	4.13753709380674e-20	SRP54	c30
1.23232004909194e-24	0.464555618067792	0.433	0.168	4.15217917341039e-20	NUDT4	c30
1.24342633817289e-24	0.467744448875229	0.614	0.261	4.18960070383975e-20	ADSS	c30
1.24824102475757e-24	0.676176151563982	0.495	0.234	4.20582330881814e-20	TNFRSF4	c30
1.26240571447736e-24	0.427616361393663	0.62	0.261	4.25354981436e-20	APOA1BP	c30
1.2859177625185e-24	0.416991937864113	0.489	0.195	4.33277130902983e-20	PIGT	c30
1.3374892089881e-24	0.606458430587541	0.218	0.064	4.5065361407645e-20	LETM1	c30
1.36124898449134e-24	0.497526005313141	0.583	0.248	4.58659232834512e-20	RAD23B	c30
1.37219987827086e-24	0.319138691086976	0.408	0.152	4.62349026984585e-20	RFX5	c30
1.37344989100622e-24	0.482533547993701	0.302	0.102	4.62770206275634e-20	MFSD14C	c30
1.38118527812493e-24	0.405491967971844	0.277	0.091	4.65376567611414e-20	TBC1D15	c30
1.44637470952759e-24	1.22619902721518	0.081	0.013	4.87341494628228e-20	SETMAR	c30
1.45974254526279e-24	0.217302686742444	0.526	0.208	4.91845653200843e-20	LINC00649	c30
1.46078004007577e-24	0.523768916288228	0.346	0.124	4.92195226703131e-20	NOP14	c30
1.46702893871919e-24	0.700227357360934	0.754	0.378	4.94300730612044e-20	HM13	c30
1.46815139457625e-24	0.382716943324502	0.523	0.211	4.94678930888522e-20	RPIA	c30
1.49884386274054e-24	0.347351852183434	0.452	0.174	5.05020451111797e-20	ACTR10	c30
1.53226308441119e-24	0.316645042888051	0.34	0.12	5.16280723661507e-20	SKIV2L2	c30
1.53618085066919e-24	0.804250649815731	0.181	0.049	5.17600775824477e-20	ACACA	c30
1.5481036996945e-24	0.453508435802463	0.318	0.11	5.21618060575065e-20	BZRAP1-AS1	c30
1.55160345574144e-24	0.443199098281621	0.302	0.102	5.2279726837752e-20	CRKL	c30
1.55255696349421e-24	0.346248948779333	0.511	0.204	5.23118543279741e-20	CTNNB1	c30
1.59736672478012e-24	0.36359070964494	0.34	0.12	5.38216744247414e-20	CDC27	c30
1.61346338797577e-24	0.372101241355276	0.589	0.246	5.43640353944555e-20	ACIN1	c30
1.65222130831977e-24	0.760952930839315	0.165	0.042	5.56699447625262e-20	HS2ST1	c30
1.65675662793561e-24	0.259839757579027	0.315	0.107	5.58227578216623e-20	TCHP	c30
1.6580102603813e-24	3.29215872116715	0.025	0.001	5.58649977132875e-20	TTLL7	c30
1.65811718165735e-24	0.822594422957216	0.168	0.044	5.58686003187628e-20	PLEKHG2	c30
1.65969097469505e-24	0.663101776582351	0.184	0.05	5.5921627701375e-20	NFE2L3	c30
1.74230218606572e-24	1.22831054705868	0.168	0.045	5.87051298572982e-20	CD79A	c30
1.74698096793794e-24	0.443848688959473	0.654	0.281	5.88627767337009e-20	SSBP4	c30
1.76889958497487e-24	0.718644396293012	0.224	0.068	5.96013026161434e-20	CHN1	c30
1.78315029390193e-24	0.876236974832299	0.143	0.034	6.00814660027318e-20	PDIK1L	c30
1.78430188270944e-24	0.285918072076023	0.287	0.095	6.0120267636012e-20	EEA1	c30
1.78871600245991e-24	0.341312137679024	0.231	0.069	6.02689969868843e-20	THUMPD2	c30
1.79992310376822e-24	0.597620525302617	0.935	0.595	6.06466090583665e-20	SEC61G	c30
1.80323619350025e-24	0.299005659850642	0.302	0.102	6.07582403037975e-20	LPCAT1	c30
1.80651239570738e-24	0.296021423498362	0.461	0.178	6.08686286609645e-20	RBM23	c30
1.81868216502255e-24	0.566755635691949	0.657	0.3	6.12786768682697e-20	RAB5C	c30
1.83325026071886e-24	0.374793764381365	0.343	0.121	6.17695342846613e-20	LRRC41	c30
1.85858236904946e-24	0.387841196186098	0.371	0.136	6.26230743427525e-20	GIGYF2	c30
1.88447215896134e-24	0.838569184590738	0.171	0.045	6.34954049240435e-20	SETD4	c30
1.92117526556142e-24	0.551130192367815	0.255	0.081	6.47320793978265e-20	PCYT2	c30
1.94614280953951e-24	0.441235218069233	0.592	0.251	6.55733358246242e-20	CHCHD5	c30
2.03225872581478e-24	0.393625623946567	0.268	0.086	6.84749255076032e-20	DCAF15	c30
2.04406966769124e-24	0.574010749501266	0.916	0.552	6.88728833831888e-20	FAM96B	c30
2.04579079148099e-24	0.480579176913155	0.218	0.064	6.89308749281603e-20	STRADA	c30
2.11681609960626e-24	0.343287357422981	0.383	0.142	7.13240016601332e-20	TIFA	c30
2.1380021565352e-24	0.735634764383668	0.919	0.657	7.20378446622969e-20	ITM2A	c30
2.14213158816207e-24	0.266528590063171	0.545	0.219	7.21769817315328e-20	PNKP	c30
2.14680837703067e-24	0.549683767568471	0.221	0.066	7.23345614556716e-20	NFE2L1	c30
2.25700761413601e-24	0.474698635329019	0.502	0.206	7.60476145506987e-20	SND1	c30
2.26820652786155e-24	0.481621254243018	0.502	0.202	7.6424950749767e-20	UBN1	c30
2.28619040006955e-24	0.327555979153094	0.514	0.204	7.70308993399434e-20	DIABLO	c30
2.37394103536465e-24	1.72258509837245	0.056	0.007	7.99875692455766e-20	RP11-872J21.3	c30
2.41294580872537e-24	0.328729024293446	0.389	0.143	8.13017960791927e-20	MRPS27	c30
2.45697301806408e-24	0.359220922928848	0.526	0.211	8.27852488706513e-20	YDJC	c30
2.46195360897835e-24	0.292682787456549	0.283	0.093	8.29530649009164e-20	MICU1	c30
2.56158354054754e-24	0.633165193636186	0.181	0.049	8.6309995815209e-20	PEX10	c30
2.66257690305518e-24	0.573165976885546	0.869	0.492	8.97128661715411e-20	ARPC5L	c30
2.68001858837875e-24	0.509868284497244	0.237	0.073	9.03005463168335e-20	ANAPC10	c30
2.68412087408367e-24	0.298874804287352	0.336	0.118	9.04387687313753e-20	PUS7L	c30
2.73161111368618e-24	0.331753728088132	0.48	0.187	9.2038904864542e-20	MRPL40	c30
2.77580295290279e-24	0.419930488040543	0.318	0.11	9.35279046951066e-20	NSMCE2	c30
2.8275103316441e-24	0.577970898983993	0.193	0.054	9.52701331144161e-20	HEATR6	c30
3.11779738427834e-24	0.483275515653086	0.526	0.224	1.05051065065875e-19	NINJ1	c30
3.12303387486937e-24	0.509200100952432	0.698	0.308	1.05227503379849e-19	POLR2I	c30
3.1841059975734e-24	0.904519090223972	0.125	0.027	1.07285267482238e-19	RTN4IP1	c30
3.22300542828489e-24	0.372734138635363	0.601	0.251	1.08595944900631e-19	ORMDL2	c30
3.68242014625399e-24	0.461840466135389	0.502	0.202	1.24075464407882e-19	ENOPH1	c30
3.73382597740992e-24	0.324199654243018	0.371	0.135	1.2580753248285e-19	TRAPPC12	c30
3.77452944122658e-24	0.385516039460656	0.396	0.147	1.27178994992688e-19	GLT8D1	c30
3.77499785797393e-24	0.560171912762458	0.835	0.436	1.27194777826574e-19	EIF1AX	c30
3.78067883599687e-24	0.614363054192925	0.866	0.503	1.27386192700079e-19	HSP90B1	c30
3.87876443447549e-24	0.489413309436428	0.701	0.311	1.30691088855217e-19	ATXN10	c30
3.92360204907557e-24	0.398297175928251	0.312	0.108	1.32201847441552e-19	UBA6	c30
3.9754669518735e-24	0.362051765296289	0.601	0.248	1.33949383476426e-19	SPAG7	c30
4.08933444687658e-24	0.231166707245265	0.402	0.153	1.37786034853059e-19	BTLA	c30
4.15490042042294e-24	1.81349618551952	0.044	0.004	1.39995214765731e-19	C1orf74	c30
4.30269340069278e-24	0.359921893781834	0.374	0.137	1.44974951442942e-19	SLC52A2	c30
4.3292689124881e-24	0.455926376514544	0.224	0.067	1.45870386737374e-19	METTL13	c30
4.38323399513487e-24	0.589889020495102	0.969	0.665	1.47688686232074e-19	DRAP1	c30
4.45839850494155e-24	0.36697758735552	0.255	0.081	1.50221279225501e-19	FCF1	c30
4.62450886400387e-24	0.292142838521677	0.433	0.166	1.55818201663747e-19	RABEP1	c30
4.63912922845429e-24	0.493059897205711	0.305	0.106	1.56310820223539e-19	DHX38	c30
4.65258759467238e-24	0.506860252004071	0.576	0.245	1.56764286414891e-19	PLIN2	c30
4.65466404775199e-24	0.389491579230551	0.305	0.104	1.56834250424956e-19	CRCP	c30
4.74093654599674e-24	1.10266093787471	0.084	0.014	1.59741115980814e-19	IFNLR1	c30
4.7429101378678e-24	2.98164926192783	0.022	0.001	1.59807614185318e-19	LINC01132	c30
4.78589969411664e-24	0.404334203799333	0.237	0.073	1.61256104293566e-19	UGGT1	c30
4.87131719721302e-24	0.289676713175909	0.271	0.088	1.64134161642896e-19	BAG4	c30
4.93356743283943e-24	0.394171836415819	0.29	0.097	1.66231621082092e-19	ZFPL1	c30
5.22246034712495e-24	0.319838585759532	0.234	0.071	1.75965578936028e-19	VPS33A	c30
5.2262037889078e-24	0.754577665224276	0.153	0.038	1.76091710463459e-19	PRMT5	c30
5.25672700537944e-24	1.00489160231686	0.143	0.035	1.77120159719255e-19	TRIB1	c30
5.25861320054138e-24	0.255329834317352	0.47	0.184	1.77183713179041e-19	SMIM10L1	c30
5.27803321302451e-24	0.559292248350349	0.91	0.527	1.77838051079648e-19	NEDD8	c30
5.30143873023658e-24	0.414229616219984	0.826	0.428	1.78626676576591e-19	BATF	c30
5.37119420733897e-24	0.254543862889244	0.355	0.127	1.80977017622079e-19	MVB12A	c30
5.51164272649716e-24	0.541461470615221	0.776	0.379	1.85709290026595e-19	VAMP5	c30
5.52232550455188e-24	0.561726563473515	0.879	0.45	1.86069235550371e-19	MRPL41	c30
5.55310416912837e-24	0.306776088782614	0.24	0.074	1.87106291874611e-19	NDUFAF6	c30
5.60306894525431e-24	0.421816909567936	0.988	0.852	1.88789805041399e-19	UBL5	c30
5.66678705944777e-24	0.439063742096796	0.632	0.269	1.90936723181033e-19	MRPL3	c30
5.84375735509166e-24	0.741466581846961	0.137	0.032	1.96899560322458e-19	ADAL	c30
5.85072222804624e-24	2.75399441821678	0.025	0.001	1.9713423475179e-19	CTA-384D8.36	c30
5.88478490854436e-24	2.75489238846411	0.025	0.001	1.98281942708494e-19	CH507-254M2.3	c30
5.92273538841231e-24	0.347514177438581	0.318	0.111	1.99560646177165e-19	CSGALNACT2	c30
5.94001124144171e-24	1.34871081967465	0.109	0.022	2.00142738769137e-19	P2RY11	c30
5.99247654514168e-24	0.433318698256694	0.707	0.323	2.01910504712004e-19	HNRNPLL	c30
6.02566549057029e-24	1.18948786531834	0.265	0.092	2.03028773039275e-19	NMB	c30
6.42171907717378e-24	0.62110219464617	0.826	0.43	2.16373402586293e-19	DDOST	c30
6.65699070234262e-24	0.622110560708686	0.969	0.785	2.24300644724732e-19	S100A11	c30
6.69590050147133e-24	0.649638331098345	0.178	0.048	2.25611671496575e-19	SLC36A4	c30
6.93307397394585e-24	0.483178645760404	0.642	0.276	2.33602994478131e-19	MRPS7	c30
6.99041888085453e-24	0.431957907591801	0.364	0.134	2.35535173771513e-19	WRAP73	c30
7.07350047944006e-24	-0.424478987421155	0.994	0.988	2.38334525154253e-19	RPS9	c30
7.07589936400967e-24	0.650554510918535	0.196	0.056	2.38415353170942e-19	SLC27A3	c30
7.08803274799047e-24	0.34993495786473	0.364	0.134	2.38824175410791e-19	PLEKHA3	c30
7.27998532343748e-24	0.542719669786333	0.174	0.047	2.45291825487902e-19	PCCB	c30
7.30991887684398e-24	0.489888903878892	0.299	0.103	2.46300406636381e-19	SPTLC2	c30
7.65318583522201e-24	0.389925549164179	0.352	0.128	2.5786644353197e-19	AHR	c30
7.72971338174544e-24	0.455414723039075	0.29	0.099	2.60444962684531e-19	CASP7	c30
7.7899072847861e-24	0.268412192716899	0.455	0.177	2.62473136053583e-19	TRAFD1	c30
7.92533914053381e-24	0.784275404446608	0.165	0.043	2.67036377001146e-19	ZNF668	c30
7.93686056165264e-24	1.90937640048193	0.056	0.007	2.67424579764324e-19	ABHD17C	c30
7.95249279580046e-24	0.271265911834599	0.427	0.163	2.67951292261701e-19	PPP6R2	c30
7.97779539527528e-24	1.92033987970008	0.037	0.003	2.68803838048405e-19	AC016700.5	c30
8.08253213512319e-24	0.50563244098131	0.723	0.329	2.72332837760841e-19	STRAP	c30
8.13779518533122e-24	0.630230629726269	0.925	0.678	2.7419487097455e-19	NCL	c30
8.15976524087e-24	0.33702063769845	0.218	0.065	2.74935130025874e-19	SNIP1	c30
8.21944440872783e-24	0.385939186603382	0.505	0.205	2.76945959907676e-19	RTCA	c30
8.24029383406046e-24	0.628698833011305	0.202	0.059	2.77648460444833e-19	YRDC	c30
8.24464880336647e-24	0.663069131818005	0.125	0.027	2.7779519678063e-19	C19orf47	c30
8.25543493906918e-24	0.391675331297007	0.368	0.135	2.78158624836997e-19	GINM1	c30
8.40875515297393e-24	0.316454687257099	0.38	0.141	2.83324596124304e-19	DYNC1I2	c30
8.44353971872252e-24	0.843789562474268	0.103	0.02	2.84496627282637e-19	ZNF684	c30
8.47098325013375e-24	0.558963262256396	0.835	0.433	2.85421309630006e-19	IL2RB	c30
8.60258353608012e-24	0.26035242591067	0.405	0.153	2.89855449664684e-19	TLE3	c30
8.86502562997777e-24	0.452760940837574	0.243	0.076	2.98698173576471e-19	ZNF384	c30
9.06574429589279e-24	0.568986675641995	0.178	0.048	3.05461188305812e-19	OPA3	c30
9.46869374055962e-24	0.283363783507944	0.38	0.139	3.19038166894416e-19	PRKRA	c30
9.48509797459375e-24	0.717384405069478	0.259	0.085	3.19590891155962e-19	NBPF26	c30
9.74704958807578e-24	0.408347764379236	0.717	0.317	3.28417088820625e-19	YY1	c30
9.87205468375576e-24	0.447792568967515	0.589	0.256	3.32629010514467e-19	MATR3.1	c30
1.01559518499207e-23	0.328393569628062	0.287	0.096	3.42194641631228e-19	TFIP11	c30
1.02498644618863e-23	0.312166435069076	0.424	0.162	3.45358933178798e-19	DIMT1	c30
1.04235171068101e-23	0.450548979869173	0.212	0.063	3.51209985396861e-19	LRRC57	c30
1.04935023935191e-23	0.455915920544524	0.539	0.227	3.53568069647231e-19	EPRS	c30
1.05305217965862e-23	0.772027712219238	0.165	0.043	3.54815401414174e-19	CEP19	c30
1.09817445009842e-23	0.503386521012063	0.268	0.089	3.7001889921616e-19	ARMT1	c30
1.10782303594331e-23	0.341855782587962	0.592	0.247	3.73269893730739e-19	NUDT22	c30
1.13169291836168e-23	0.349047953179188	0.333	0.118	3.81312611912785e-19	CINP	c30
1.15604395475631e-23	0.438224055559432	0.187	0.052	3.89517450115592e-19	TBCE	c30
1.18354603092964e-23	0.352651772706208	0.629	0.265	3.98783999661433e-19	YIPF3	c30
1.18611465934162e-23	0.34914277605233	0.38	0.142	3.99649473318566e-19	TMEM263	c30
1.21477481382207e-23	1.22072074774712	0.115	0.024	4.09306225769208e-19	SEPT8	c30
1.22645774813288e-23	0.347346090711599	0.234	0.072	4.13242673655894e-19	GNB1L	c30
1.22810079266464e-23	0.311876885537092	0.336	0.12	4.13796281080425e-19	MAP3K11	c30
1.23009612777993e-23	0.254532643378198	0.411	0.155	4.14468589294169e-19	BLOC1S6	c30
1.25507119758788e-23	0.525660138462687	0.779	0.388	4.2288368931526e-19	PRPF40A	c30
1.25696496275718e-23	0.582471042785567	0.24	0.076	4.23521774551403e-19	MAP3K13	c30
1.28079572270328e-23	0.289876921813113	0.396	0.148	4.31551310807642e-19	ZNF580	c30
1.29012468595833e-23	0.432417109827196	0.34	0.123	4.34694611686798e-19	KIF21A	c30
1.29665694157376e-23	0.812733906808775	0.187	0.053	4.36895589893863e-19	RBM15	c30
1.32483674023251e-23	1.3315250470429	0.081	0.013	4.46390491253943e-19	RP11-398C13.6	c30
1.32735887845031e-23	0.30846030132246	0.492	0.196	4.47240300505049e-19	SNRNP27	c30
1.32840727550712e-23	0.425371027940747	0.318	0.112	4.47593547409368e-19	POLG	c30
1.3494879314341e-23	2.00159837421101	0.05	0.006	4.54696463617406e-19	HIST1H3I	c30
1.41505629542337e-23	0.358236312143918	0.19	0.053	4.76789068179951e-19	TFB2M	c30
1.42038239807923e-23	0.497653791989593	0.234	0.072	4.78583645208816e-19	NUDT9	c30
1.42405004334915e-23	0.373918424687479	0.533	0.218	4.79819421606064e-19	PDHB	c30
1.45155383129063e-23	0.459880471257108	0.315	0.111	4.89086547915066e-19	SYMPK	c30
1.51629869407659e-23	0.252302385578252	0.33	0.116	5.10901681982168e-19	NKIRAS2	c30
1.51872130073593e-23	0.586348217679502	0.215	0.065	5.11717955069965e-19	HIVEP1	c30
1.53218985218884e-23	1.10870650688302	0.106	0.021	5.16256048796509e-19	TWSG1	c30
1.55482712406759e-23	0.315619479002285	0.377	0.14	5.23883451183332e-19	LAMP2	c30
1.58694652086854e-23	0.562391098699646	0.255	0.083	5.34705760741447e-19	PACSIN2	c30
1.6141383746768e-23	0.414354609425193	0.246	0.079	5.43867783963602e-19	LINC01281	c30
1.63289729003597e-23	0.399010918490893	0.607	0.259	5.50188412904719e-19	IDI1	c30
1.66170101893264e-23	1.32511581550562	0.1	0.019	5.59893541319163e-19	HIST1H4D	c30
1.70783407135775e-23	0.366621643809122	0.492	0.199	5.75437612003281e-19	HUWE1	c30
1.72533200602194e-23	0.322033626095084	0.583	0.243	5.81333366109032e-19	CEBPZ	c30
1.77594582459936e-23	0.509506315154011	0.193	0.055	5.98387186140509e-19	MMAB	c30
1.8043808995719e-23	0.453957327041712	0.645	0.283	6.07968100301755e-19	POLE4	c30
1.84414531943314e-23	0.527564329786463	0.231	0.072	6.21366323929802e-19	HIVEP3	c30
1.84950835123747e-23	0.67483617922329	0.312	0.112	6.23173343865954e-19	RUNX2	c30
1.85208917526581e-23	0.445799962884502	0.202	0.059	6.24042926714063e-19	METTL2A	c30
1.92572013621901e-23	0.446267283882903	0.707	0.319	6.48852142697633e-19	HNRNPL	c30
1.99540630888099e-23	1.10815844841576	0.128	0.029	6.72332201714362e-19	FKBP1C	c30
1.99874285771961e-23	0.716490627824721	0.184	0.052	6.73456418480045e-19	PDE7B	c30
2.05551058124173e-23	0.363395401881348	0.246	0.078	6.9258373524359e-19	PRMT3	c30
2.06188260374515e-23	0.590734408333839	0.847	0.457	6.9473072450589e-19	NDUFB7	c30
2.08019213129769e-23	0.291221284054469	0.283	0.095	7.00899936719444e-19	WDR75	c30
2.09215128562841e-23	0.624142197253543	0.34	0.129	7.04929454179637e-19	LTA	c30
2.21370378000344e-23	0.30863799483524	0.492	0.195	7.45885351634358e-19	TXNDC9	c30
2.244384347986e-23	0.786680395902655	0.131	0.03	7.56222862210404e-19	MON1A	c30
2.2530276167593e-23	0.484093230012038	0.826	0.388	7.59135125190878e-19	RPS19BP1	c30
2.25627716469656e-23	0.433310080040343	0.302	0.105	7.6023002787286e-19	HEXA	c30
2.2807093520094e-23	0.553594541607453	0.801	0.401	7.68462209066046e-19	ENY2	c30
2.28434674221049e-23	0.380194648167401	0.318	0.112	7.69687791320402e-19	CCDC22	c30
2.35430136203014e-23	0.525696225836094	0.215	0.065	7.93258300922437e-19	RFXAP	c30
2.36751617001731e-23	0.836027889176316	0.118	0.026	7.97710898325633e-19	LRRC8A	c30
2.38143584063912e-23	-0.352052879050614	1	0.991	8.02400992144944e-19	EIF1	c30
2.39530818782704e-23	0.316139536630674	0.38	0.143	8.07075140806441e-19	EP400	c30
2.4069104768607e-23	1.00568901990824	0.14	0.034	8.10984416073444e-19	NAB2	c30
2.40867048539679e-23	2.17905546355353	0.044	0.004	8.11577433349594e-19	OSBP2	c30
2.41836183773285e-23	1.3145272313005	0.125	0.028	8.14842837605708e-19	CLNK	c30
2.45636566925059e-23	0.36215625463612	0.302	0.105	8.27647848597294e-19	LINC00998	c30
2.47348684550201e-23	1.55474816524156	0.072	0.011	8.33416657723448e-19	RP11-440D17.3	c30
2.49543387093937e-23	0.489980469073544	0.234	0.073	8.40811488474313e-19	ATP2C1	c30
2.53105979657238e-23	0.497691585834827	0.287	0.098	8.52815287857099e-19	NOTCH2	c30
2.5569624671344e-23	0.213686859811098	0.43	0.163	8.61542933676264e-19	KARS	c30
2.66884812260637e-23	0.325358451972151	0.402	0.154	8.99241686430989e-19	ALKBH6	c30
2.66956555717324e-23	0.528437795408359	0.168	0.045	8.99483418833953e-19	FAM126A	c30
2.76176810523785e-23	0.621830702832739	0.162	0.042	9.30550145378842e-19	CEP97	c30
2.84128922596805e-23	0.708972626209531	0.196	0.057	9.57343991797673e-19	GPR68	c30
2.88747373720826e-23	0.220396498672063	0.358	0.13	9.72905401014953e-19	TMEM199	c30
2.91230114524285e-23	0.5775367183876	0.788	0.408	9.81270747878127e-19	CCT7	c30
3.01282443565406e-23	0.316197259752174	0.483	0.192	1.01514106534928e-18	MRPS10	c30
3.03740173957999e-23	0.370027486236383	0.277	0.093	1.02342214213408e-18	CTDSPL2	c30
3.06684392719046e-23	0.352412708059608	0.268	0.089	1.03334239282755e-18	RAPGEF1	c30
3.17476172420501e-23	0.281806695599047	0.62	0.259	1.06970421535363e-18	CDK5RAP3	c30
3.18579801929772e-23	0.593992096025695	0.86	0.467	1.07342278462218e-18	PPP1CC	c30
3.20390965519346e-23	0.327791483673674	0.321	0.113	1.07952531922089e-18	FAM122B	c30
3.22085044318251e-23	0.500379018898159	0.505	0.213	1.08523334832592e-18	TMBIM4	c30
3.28034225629535e-23	0.576846941636419	0.931	0.603	1.10527851983615e-18	ARF5	c30
3.34876218119776e-23	0.298526767255239	0.246	0.078	1.12833192933277e-18	NOC3L	c30
3.37808148442873e-23	0.412584115081575	0.614	0.265	1.13821077536342e-18	MPC1	c30
3.3790802565296e-23	0.319622948244219	0.315	0.111	1.13854730163509e-18	CCDC6	c30
3.44544630282755e-23	0.355095940259539	0.586	0.245	1.16090867727472e-18	SUGT1	c30
3.483974766382e-23	0.416548045145923	0.29	0.1	1.17389045778475e-18	ING5	c30
3.68481214153304e-23	-1.11680190580596	0.673	0.721	1.24156060296814e-18	GIMAP4	c30
3.71666363638079e-23	0.386855255257018	0.636	0.269	1.25229264564214e-18	SDHB	c30
3.7331159187995e-23	0.532298252376257	0.869	0.453	1.2578360776803e-18	ENSA	c30
3.7585037846123e-23	0.483378049861117	0.595	0.257	1.26639026518727e-18	TAF9	c30
3.76321483851174e-23	0.280751472733296	0.399	0.15	1.26797760768815e-18	ME2	c30
3.81372034924035e-23	0.286275554344325	0.396	0.149	1.28499493447304e-18	RAB22A	c30
3.82898422109817e-23	0.387746752546631	0.206	0.061	1.29013794345682e-18	SARS2	c30
3.89611375660557e-23	0.276775030863395	0.364	0.134	1.31275656915068e-18	EHMT2	c30
3.92258058302186e-23	0.309438355891149	0.498	0.201	1.32167430164339e-18	CCDC25	c30
4.0044905943415e-23	0.336037796170141	0.227	0.07	1.34927306085742e-18	METTL2B	c30
4.01943052344081e-23	0.383952815138098	0.601	0.257	1.35430692056815e-18	SMIM19	c30
4.13375529713603e-23	0.243245235633756	0.312	0.109	1.39282750981701e-18	SPTLC1	c30
4.18205660917026e-23	0.380830060844733	0.293	0.101	1.40910215389383e-18	WDR55	c30
4.19497627286245e-23	0.314549282728166	0.312	0.109	1.41345530537827e-18	MFSD5	c30
4.23488411599738e-23	0.565221496930843	0.869	0.497	1.42690185404416e-18	THRAP3	c30
4.32422732786832e-23	0.299996797288854	0.445	0.174	1.45700515585195e-18	ZPR1	c30
4.34246945162704e-23	0.568702429115345	0.9	0.565	1.46315165703122e-18	ATP5H	c30
4.44051143225024e-23	0.492197123619772	0.265	0.088	1.4961859219824e-18	RRP15	c30
4.56042927335609e-23	0.512655992371051	0.259	0.085	1.5365910393646e-18	FUNDC1	c30
4.56490868767052e-23	0.373116403833473	0.704	0.314	1.5381003332237e-18	SP140	c30
4.57203029344132e-23	0.217107653146174	0.442	0.171	1.54049988707212e-18	SMAD2	c30
4.59166614463166e-23	0.373487054148209	0.997	0.97	1.54711599077219e-18	HNRNPA1	c30
4.59619923484128e-23	0.464591242546466	0.165	0.044	1.54864337018742e-18	RDH13	c30
4.65123134826268e-23	0.411350639483529	0.477	0.195	1.56718589048363e-18	ADK	c30
4.72354635729164e-23	0.263234400420757	0.52	0.21	1.59155170962584e-18	ELOF1	c30
4.85676825335172e-23	0.563595243909117	0.941	0.61	1.63643949528433e-18	ANXA6	c30
4.8645761969037e-23	2.37557842193404	0.04	0.004	1.63907030378473e-18	RAC3	c30
4.92623536326679e-23	1.67810841664706	0.069	0.01	1.65984574329911e-18	ENO3	c30
4.94365301802515e-23	0.409213442883317	0.324	0.116	1.66571444789339e-18	IQCB1	c30
5.00733350970756e-23	0.312244795646027	0.483	0.194	1.68717095276087e-18	CCDC57	c30
5.03080898249504e-23	0.635192350543474	0.153	0.039	1.69508077856188e-18	UGDH	c30
5.08942221756171e-23	0.450079258007371	0.352	0.131	1.71482992198524e-18	SLC50A1	c30
5.15505281940198e-23	0.480521070203957	0.928	0.624	1.7369434969693e-18	HSPE1	c30
5.16006506020372e-23	0.221406013471883	0.346	0.125	1.73863232138504e-18	ABHD16A	c30
5.21236133844567e-23	0.230371070736389	0.452	0.176	1.75625302937588e-18	NSUN5	c30
5.2167447932359e-23	0.449391653433858	0.199	0.058	1.7577299906329e-18	VARS	c30
5.23167241420492e-23	0.315321424998046	0.318	0.112	1.76275970324221e-18	PIGBOS1	c30
5.25930001351401e-23	0.36727606908034	0.651	0.281	1.77206854655341e-18	CNPPD1	c30
5.29294219915047e-23	0.233939889838967	0.43	0.166	1.78340394458176e-18	SMIM20	c30
5.31024532015285e-23	0.467721599130078	0.221	0.068	1.7892340581723e-18	SMARCAL1	c30
5.36411121356984e-23	0.711173545606785	0.171	0.047	1.80738363230022e-18	SIK2	c30
5.46197743284428e-23	0.657354854289266	0.146	0.036	1.84035867622255e-18	IFT74	c30
5.48930447651783e-23	0.299049943397453	0.402	0.153	1.84956625031792e-18	FBXW2	c30
5.49790990679816e-23	0.566323052764734	0.785	0.386	1.85246576399657e-18	SNRPB2	c30
5.55680128381246e-23	0.350649468341023	0.551	0.228	1.87230862456777e-18	MRPL9	c30
5.63088941609422e-23	0.414703893486069	0.558	0.236	1.89727187985878e-18	ZNF22	c30
5.63951058407624e-23	0.701647664187336	0.143	0.035	1.90017669619865e-18	FAM102B	c30
5.70663770506837e-23	0.994221539529541	0.134	0.032	1.92279450834574e-18	TRAF4	c30
5.73028639706306e-23	0.293265267743723	0.474	0.192	1.93076269862643e-18	PDE4D	c30
5.79165365203438e-23	0.260461492614444	0.315	0.111	1.95143978151646e-18	GTF2H1	c30
5.88548670890192e-23	2.8817259606138	0.025	0.002	1.98305589169741e-18	CHST3	c30
6.01243333562157e-23	0.368555932235035	0.492	0.199	2.02582928810433e-18	COQ4	c30
6.0896149796823e-23	0.438111179145194	0.199	0.058	2.05183487125415e-18	GPR107	c30
6.11264719595897e-23	0.518008086579142	0.953	0.662	2.05959534620642e-18	SEPT7	c30
6.16554589989637e-23	0.342116288553892	0.19	0.054	2.07741903551108e-18	ACOX1	c30
6.23192116317597e-23	0.86434838832482	0.794	0.45	2.09978351672051e-18	HSPA5	c30
6.23366749198452e-23	0.434018261536484	0.224	0.069	2.10037192474926e-18	MDC1	c30
6.59386180737908e-23	0.451774056910695	0.215	0.065	2.22173579737831e-18	TTC4	c30
6.60803976172772e-23	1.00612190319878	0.103	0.021	2.22651291731654e-18	USP40	c30
6.63693832491458e-23	0.523066529856963	0.713	0.335	2.23624999919672e-18	XRN2	c30
6.83057939436037e-23	0.442334023857395	0.832	0.401	2.30149542113578e-18	HNRNPUL1	c30
7.04086949127701e-23	0.548176341899523	0.925	0.582	2.37235056639087e-18	RPS27L	c30
7.15733826111877e-23	0.376988325751013	0.206	0.061	2.41159355370136e-18	DNAJC25-GNG10	c30
7.1629256369072e-23	0.518323486357167	0.259	0.086	2.41347616409951e-18	MBIP	c30
7.2754553443116e-23	0.388374602866232	0.371	0.14	2.45139192371235e-18	ABHD3	c30
7.29689474288517e-23	0.500475524259451	0.271	0.091	2.45861571466773e-18	OXSR1	c30
7.61536604394855e-23	1.40128469174743	0.137	0.034	2.56592143484803e-18	CD9	c30
7.87289102436097e-23	0.623537316175565	0.168	0.045	2.65269190174818e-18	CLPTM1L	c30
8.00167911503731e-23	0.248446801036161	0.355	0.13	2.69608576102067e-18	PIGS	c30
8.02581525790398e-23	0.333346190373858	0.464	0.187	2.70421819299817e-18	ADD1	c30
8.06359903686362e-23	0.432214280632309	0.312	0.111	2.71694905948083e-18	GRN	c30
8.15868563199868e-23	0.527204975531834	0.935	0.615	2.74898753684563e-18	CDC42	c30
8.3856610282632e-23	0.608325955244484	0.14	0.034	2.825464626863e-18	VARS2	c30
8.56151236594379e-23	0.484127061717052	0.202	0.06	2.8847159765811e-18	MTIF2	c30
8.66140762551335e-23	1.21260991692708	0.106	0.022	2.91837468534047e-18	LINC01006	c30
8.77343728391563e-23	0.477936515668594	0.193	0.056	2.95612195844253e-18	PIGO	c30
9.31933869810542e-23	0.570725013394863	0.187	0.053	3.14005798093964e-18	DHX58	c30
9.57036956747646e-23	0.256904540554399	0.224	0.069	3.22464032206552e-18	ANKIB1	c30
9.62607256374669e-23	2.63480244354654	0.028	0.002	3.24340888962881e-18	NUP62CL	c30
9.73206932484222e-23	0.377070574825151	0.243	0.078	3.27912343831234e-18	ANKRD26	c30
1.00152249488662e-22	0.373783262778631	0.561	0.235	3.37452989427099e-18	TMEM208	c30
1.0025412775918e-22	3.64042008286764	0.019	0.001	3.37796258071782e-18	CH17-125A10.2	c30
1.0083071792849e-22	0.387163130372481	0.664	0.288	3.39739020988254e-18	FDX1	c30
1.02883985749186e-22	0.507847716086077	0.966	0.657	3.46657301583306e-18	WDR83OS	c30
1.03452138108767e-22	0.439544808442018	0.202	0.06	3.48571634143681e-18	PRR34-AS1	c30
1.04519565377487e-22	0.466166039907697	0.224	0.07	3.52168223582906e-18	FAM168B	c30
1.07302245979041e-22	0.670313589247147	0.159	0.042	3.61544187601779e-18	DNAJC18	c30
1.08115078778239e-22	0.158941622149926	0.371	0.137	3.64282946435398e-18	TMX2	c30
1.08255126454552e-22	0.632536103739524	0.159	0.042	3.64754823075968e-18	CDC34	c30
1.12318077502311e-22	0.607941341660263	0.963	0.807	3.78444530336286e-18	CALM2	c30
1.14714628619633e-22	0.360327456237156	0.673	0.292	3.86519469670991e-18	SMARCE1	c30
1.1597690747515e-22	0.828341264316808	0.14	0.034	3.90772592046771e-18	RP11-449H3.3	c30
1.1941462883426e-22	0.53154845721361	0.259	0.086	4.02355650394154e-18	DCUN1D1	c30
1.20061164419728e-22	0.674301735660491	0.137	0.033	4.04534087395833e-18	ACER3	c30
1.20690206502758e-22	0.361224549009064	0.502	0.203	4.06653581790391e-18	RTCB	c30
1.2075469127338e-22	0.56112136974293	0.162	0.043	4.06870856776528e-18	MAK16	c30
1.20795475601545e-22	0.582474473463313	0.885	0.542	4.07008275491846e-18	CD82	c30
1.22496349472505e-22	0.330749345893421	0.283	0.097	4.12739199912658e-18	MESDC1	c30
1.2316046969213e-22	0.462244055166361	0.246	0.08	4.14976886580661e-18	KIAA0232	c30
1.23344232800053e-22	0.258770812727952	0.336	0.122	4.15596057996497e-18	APTX	c30
1.23692487237202e-22	0.404315137733306	0.455	0.184	4.16769466497028e-18	TMEM256-PLSCR3	c30
1.24281631368814e-22	1.26444919688771	0.09	0.017	4.18754528734083e-18	STAC	c30
1.27926066655471e-22	0.343764367607705	0.573	0.243	4.31034088988944e-18	WAPL	c30
1.29612805826722e-22	0.107872635942242	0.47	0.184	4.36717387952557e-18	NBN	c30
1.30991888758816e-22	0.37713036000832	0.517	0.216	4.41364069983955e-18	AASDHPPT	c30
1.3298400142014e-22	0.4760547704431	0.455	0.192	4.4807629438502e-18	BCL3	c30
1.40652077249769e-22	0.956125284724916	0.171	0.048	4.7391310908537e-18	CCDC141	c30
1.41371196729596e-22	0.253883884983125	0.402	0.155	4.763361102607e-18	NCBP3	c30
1.43632220993326e-22	0.569902443556405	0.614	0.286	4.83954405414913e-18	LDLRAD4	c30
1.47766724931946e-22	0.270175726570491	0.349	0.128	4.97885202985699e-18	RAB28	c30
1.53386462625719e-22	0.269694831145785	0.445	0.175	5.16820347171098e-18	PREB	c30
1.53787626248759e-22	1.02552971025825	0.072	0.011	5.18172027882569e-18	COCH	c30
1.56021911899723e-22	0.502849045748393	0.221	0.069	5.25700229954928e-18	PET117	c30
1.56266777421773e-22	0.268329885073548	0.246	0.079	5.26525279844921e-18	THOC1	c30
1.57973965872229e-22	0.276369070633313	0.411	0.159	5.32277480609888e-18	GLYR1	c30
1.58856635261395e-22	0.822461287960265	0.218	0.069	5.35251546849745e-18	CPNE2	c30
1.59472848448437e-22	0.48404381780832	0.24	0.077	5.37327815562164e-18	PIGK	c30
1.61028556604621e-22	0.324967538161566	0.262	0.087	5.42569618623611e-18	EIF2AK4	c30
1.62043117719777e-22	0.429618953638484	0.246	0.08	5.45988080845016e-18	CSTF3	c30
1.64453326465247e-22	0.270276677654173	0.321	0.115	5.54109038192002e-18	LARP1	c30
1.71740320398364e-22	0.263492879474781	0.389	0.148	5.78661835550247e-18	UBE2D1	c30
1.72973606989253e-22	0.510534768001688	0.773	0.377	5.8281727138959e-18	COPZ1	c30
1.74379475924244e-22	0.669132826888911	0.206	0.062	5.87554206179149e-18	DEAF1	c30
1.76780832529755e-22	0.292884715941109	0.305	0.107	5.95645337125756e-18	METTL21A	c30
1.78259581561324e-22	0.319656410273935	0.352	0.13	6.00627834112724e-18	NME6	c30
1.80686691480372e-22	0.313778058521344	0.28	0.096	6.08805738273966e-18	ZNF37A	c30
1.826943201524e-22	0.400683540385931	0.679	0.298	6.15570242321496e-18	C14orf119	c30
1.8535710793335e-22	0.470351653731951	0.766	0.369	6.24542239470631e-18	C4orf48	c30
1.86886660186276e-22	5.19723893029231	0.012	0	6.29695912831638e-18	NDNF	c30
1.92377102170842e-22	1.07633119240722	0.118	0.027	6.48195408054435e-18	RP11-121P12.1	c30
1.94861493680177e-22	0.30928151819765	0.386	0.147	6.56566316805989e-18	ARHGAP1	c30
1.96455462490303e-22	0.56447876100416	0.162	0.043	6.61937035314826e-18	IFT80	c30
1.99053312729762e-22	0.346001254668547	0.33	0.12	6.70690231911659e-18	VGLL4	c30
2.03122135109943e-22	0.456998471231325	0.234	0.075	6.84399722039442e-18	SCAI	c30
2.19938795040869e-22	0.155973451621839	0.47	0.186	7.41061776010704e-18	DCTN1	c30
2.30520007510118e-22	0.53951465406649	0.928	0.574	7.76714113304593e-18	SF3B2	c30
2.32886041653352e-22	0.624111973404627	0.227	0.072	7.84686228746804e-18	GABPA	c30
2.36750313730912e-22	0.19895991671668	0.458	0.182	7.97706507084936e-18	CAB39	c30
2.38692437983064e-22	0.409191820860198	0.991	0.895	8.04250300540136e-18	HSP90AA1	c30
2.38758729336133e-22	0.430989391409212	0.215	0.066	8.04473662625166e-18	DDI2	c30
2.44426939850805e-22	0.353627429949408	0.277	0.095	8.23572131133302e-18	MAPK13	c30
2.45313338064198e-22	1.08361210545491	0.115	0.025	8.2655876127351e-18	ADPRH	c30
2.5148472824027e-22	0.454133519957709	0.174	0.048	8.47352643332765e-18	TCEANC2	c30
2.51898284405787e-22	0.995229769629992	0.087	0.016	8.4874607947686e-18	DCLRE1A	c30
2.57299482773246e-22	0.362504063434407	0.346	0.129	8.66944877256176e-18	MDM2	c30
2.622802209661e-22	0.37760961641609	0.333	0.122	8.83726976523178e-18	VAMP7	c30
2.65683144096998e-22	0.971803458286845	0.128	0.03	8.95192785720426e-18	GTF2H4	c30
2.70451491017301e-22	0.28636120024174	0.368	0.138	9.11259253833693e-18	COPS4	c30
2.70715098201764e-22	0.44833217464181	0.71	0.324	9.12147451881024e-18	NT5C	c30
2.78449602395111e-22	0.364074631077443	0.399	0.155	9.38208090310088e-18	FOPNL	c30
2.87550123240115e-22	0.481288446117465	0.745	0.348	9.68871385245244e-18	RTFDC1	c30
2.9252158027878e-22	0.300775741502037	0.583	0.246	9.85622212591322e-18	MRPS5	c30
2.97700967639594e-22	0.420110852843512	0.246	0.081	1.00307364036485e-17	FAM114A2	c30
2.98256564777071e-22	0.291220989733609	0.315	0.112	1.00494566935986e-17	WDR43	c30
3.01340297267551e-22	0.322388844913668	0.296	0.104	1.01533599761329e-17	INTS12	c30
3.0197997817529e-22	0.417550772535444	0.227	0.072	1.01749133846382e-17	SLC30A6	c30
3.02421921066127e-22	0.353171311858802	0.523	0.22	1.01898042084021e-17	ST8SIA4	c30
3.03881271551723e-22	2.09974834510882	0.05	0.006	1.02389755636638e-17	CDH24	c30
3.03981912544477e-22	0.378347774516111	0.312	0.112	1.02423665612736e-17	ZDHHC20	c30
3.08358997600511e-22	0.447111113219624	0.682	0.311	1.03898480651516e-17	SHKBP1	c30
3.14347228084845e-22	0.410175103968776	0.449	0.184	1.05916155030908e-17	CREBZF	c30
3.16859706594965e-22	0.558407470152893	0.919	0.546	1.06762709540107e-17	ZNF706	c30
3.19122226514089e-22	0.311360726121456	0.433	0.172	1.07525043001657e-17	RB1	c30
3.21759922999749e-22	0.590966280697633	0.159	0.042	1.08413788455536e-17	POLR1A	c30
3.35662655371902e-22	0.257571051141032	0.542	0.226	1.13098175101009e-17	CYB561D2	c30
3.39920499188514e-22	0.17388826184599	0.433	0.169	1.14532812996578e-17	AP1G2	c30
3.40394850299826e-22	1.41895921842624	0.078	0.013	1.14692640860023e-17	FKBP1B	c30
3.6479837467074e-22	1.01758365558578	0.087	0.016	1.22915164361559e-17	TCTN1	c30
3.66836858244726e-22	0.951723385687493	0.115	0.026	1.23602011016978e-17	LARP1B	c30
3.73904964071115e-22	2.22808803322045	0.062	0.009	1.25983538594122e-17	RP11-277P12.6	c30
3.79062621982447e-22	0.738815500372859	0.467	0.217	1.27721359850766e-17	IFI44L	c30
3.83534178686788e-22	1.15150721409459	0.103	0.021	1.29228006166726e-17	MAFG	c30
3.87969361742095e-22	2.32449575073256	0.037	0.004	1.30722396745381e-17	S100A2	c30
3.99956428977781e-22	0.248777085004731	0.439	0.174	1.34761319179773e-17	ARFGAP3	c30
4.11649064434448e-22	0.199917019117168	0.29	0.101	1.38701035770543e-17	TOB2	c30
4.14126231367546e-22	0.406373797365376	0.785	0.363	1.39535692396981e-17	RTN4	c30
4.15039190349233e-22	0.450700660643776	0.586	0.261	1.39843304796271e-17	SLA2	c30
4.19443917272564e-22	0.450907607570187	0.704	0.321	1.41327433485818e-17	PDCD10	c30
4.23205643891574e-22	0.786651554492777	0.231	0.075	1.42594909652827e-17	KLF10	c30
4.25567150389753e-22	0.314811677700828	0.283	0.098	1.43390595652323e-17	OGFOD1	c30
4.25653011944903e-22	0.724876542297685	0.15	0.039	1.43419525844716e-17	EID2B	c30
4.27773222889289e-22	0.947829216933212	0.106	0.022	1.44133909720317e-17	ADAT3	c30
4.33201307030277e-22	0.441770571786343	0.651	0.295	1.45962848390782e-17	B3GAT3	c30
4.34568186339818e-22	0.280156077521241	0.361	0.135	1.46423404705338e-17	RPP25L	c30
4.42924359545777e-22	0.770649902244992	0.156	0.041	1.49238933705354e-17	POFUT1	c30
4.43168786419464e-22	-2.67436025935351	0.171	0.397	1.49321290896174e-17	GPR183	c30
4.47862400586531e-22	0.500446512832423	0.698	0.324	1.50902757253626e-17	ADH5	c30
4.49972428726003e-22	0.361159666272944	0.583	0.25	1.51613710134939e-17	POP5	c30
4.55719595821394e-22	0.503864414063303	0.215	0.067	1.53550160616061e-17	HECTD4	c30
4.71041440130295e-22	0.2934731355962	0.274	0.093	1.58712702837502e-17	NTPCR	c30
4.72259433182648e-22	0.315713914817431	0.595	0.254	1.59123093416561e-17	RNF4	c30
4.75578231396913e-22	2.57472825436944	0.031	0.002	1.60241329286876e-17	DGCR5	c30
4.76863619245008e-22	0.516503947985919	0.732	0.354	1.60674427868413e-17	COMMD7	c30
4.86693664353526e-22	0.230943297336268	0.349	0.129	1.63986563267277e-17	ABHD18	c30
5.09947503190051e-22	0.228888694259078	0.53	0.216	1.71821711724856e-17	MRPL55	c30
5.15059913738717e-22	0.360374631452215	0.268	0.091	1.73544287335123e-17	PARP16	c30
5.20555219544041e-22	0.508107305387222	0.221	0.07	1.75395875673169e-17	CBX6	c30
5.21080928542541e-22	0.398116329927662	0.243	0.08	1.75573008063124e-17	POC5	c30
5.22288830908246e-22	2.86274587793286	0.028	0.002	1.75979998686224e-17	TBX1	c30
5.24845906791239e-22	0.518369363962932	0.866	0.439	1.7684157983424e-17	VDAC2	c30
5.44348471241158e-22	0.288308296459461	0.545	0.228	1.83412773899996e-17	CPSF3L	c30
5.51462784914653e-22	0.226261969563533	0.464	0.185	1.85809870749143e-17	OGDH	c30
5.53788946911702e-22	0.554188267383218	0.231	0.074	1.86593647772429e-17	DLEU1	c30
5.58599677227256e-22	0.664889155390731	0.15	0.039	1.88214575244952e-17	PABPC1L	c30
5.59921234108492e-22	0.824073124447816	0.143	0.036	1.88659860620515e-17	AP000476.1	c30
5.79199525695879e-22	0.967391132974317	0.106	0.022	1.9515548818797e-17	AMACR	c30
5.81979427834721e-22	0.534285118914695	0.9	0.526	1.96092148414631e-17	ARF6	c30
5.87390147197301e-22	0.341117181771829	0.405	0.158	1.97915236196659e-17	SEC22C	c30
5.91890528877178e-22	0.527255130751537	0.187	0.054	1.99431594799876e-17	C12orf4	c30
5.95641144967265e-22	0.385888705395343	0.583	0.253	2.0069532738527e-17	ERP44	c30
6.02813283377633e-22	0.287039024566026	0.43	0.17	2.0311190770126e-17	ARMC1	c30
6.2272335362186e-22	0.418879174337658	0.246	0.081	2.09820406769349e-17	C8orf33	c30
6.4251786251591e-22	0.403803209351637	0.371	0.143	2.16489968596111e-17	RBM38	c30
6.4741809916296e-22	0.412977693632482	0.184	0.053	2.18141054331968e-17	RBMXL1	c30
6.52849208876229e-22	1.60531716681503	0.062	0.009	2.19971012438757e-17	DNAJB5	c30
6.53035253539836e-22	1.84967179218747	0.065	0.01	2.20033698327712e-17	C15orf53	c30
6.53506145402003e-22	0.552263164392057	0.86	0.459	2.20192360631751e-17	SPCS2	c30
6.67084595466933e-22	0.968333840785746	0.134	0.033	2.24767483596628e-17	HACE1	c30
6.86240590025569e-22	0.254564440792309	0.371	0.141	2.31221904403215e-17	BRD9	c30
6.86269403682876e-22	4.11578504233355	0.016	0.001	2.31231612876908e-17	SEPT5	c30
7.06533304036492e-22	0.860683786896921	0.118	0.027	2.38059331462056e-17	BPHL	c30
7.19398476173261e-22	0.347101892809044	0.657	0.288	2.42394122561818e-17	RNF126	c30
7.26726629102366e-22	0.895626457088125	0.103	0.021	2.44863270409751e-17	ATRIP.1	c30
7.46594770559184e-22	0.232787714975691	0.474	0.191	2.51557641992211e-17	SLC38A10	c30
7.49166137346144e-22	0.45450438957932	0.816	0.421	2.5242403831741e-17	SAMSN1	c30
7.52445621481707e-22	0.247889358635992	0.445	0.178	2.53529027702046e-17	IWS1	c30
7.67899661003141e-22	0.474161943739272	0.299	0.108	2.58736111778398e-17	SUSD6	c30
7.68309974608238e-22	0.400631671618431	0.411	0.163	2.588743628445e-17	NEDD9	c30
7.74178618509602e-22	0.442214692506859	0.872	0.501	2.60851743720625e-17	BAX	c30
7.8481081439789e-22	0.361234176583434	0.243	0.079	2.64434155803225e-17	PEX14	c30
7.86461660407954e-22	0.484737948055002	0.349	0.133	2.64990391857856e-17	GFI1	c30
7.96327934973061e-22	0.495095874371366	0.252	0.085	2.68314734409823e-17	D2HGDH	c30
7.96499947513454e-22	0.184023196415166	0.299	0.105	2.68372692315183e-17	PEX26	c30
7.97332070808453e-22	0.200072244226048	0.346	0.128	2.686530679382e-17	GLB1	c30
8.03651460712957e-22	0.330293196007839	0.421	0.167	2.70782323172624e-17	HEXB	c30
8.16317867587909e-22	0.377141274568646	0.723	0.328	2.7505014230507e-17	TIAL1	c30
8.18779438422811e-22	0.250901344475275	0.29	0.101	2.75879543982182e-17	TMEM33	c30
8.31350558332287e-22	2.29324854703341	0.04	0.004	2.80115257124481e-17	MYCBPAP	c30
8.41007362247485e-22	0.257795306058863	0.361	0.137	2.83369020635668e-17	MGRN1	c30
8.56619201595731e-22	1.90832454410082	0.05	0.006	2.88629273785665e-17	CRACR2B	c30
8.58258978792897e-22	0.399307122321961	0.308	0.112	2.89181780314479e-17	RIOK1	c30
8.64384902042597e-22	0.412702502309708	0.231	0.074	2.91245848894233e-17	MAPKAPK2	c30
9.13150080479659e-22	2.89076374728601	0.031	0.003	3.07676788116816e-17	UBD	c30
9.3728392304019e-22	0.304943914690522	0.555	0.233	3.15808445029162e-17	PPT1	c30
9.47212038043527e-22	0.674265095692983	0.15	0.039	3.19153624098386e-17	CCDC117	c30
9.61516764214669e-22	0.46868414570086	0.785	0.382	3.23973458534491e-17	FERMT3	c30
9.65874258994745e-22	0.340543990177875	0.24	0.078	3.25441672825689e-17	PTPN9	c30
9.71042506017521e-22	0.425238522186728	0.287	0.101	3.27183061977543e-17	TRMU	c30
9.71850620499304e-22	0.317563786334446	0.579	0.249	3.27455348071036e-17	UPF3A	c30
9.74330945560528e-22	0.632725207176664	0.202	0.062	3.28291068797164e-17	SCMH1	c30
9.9029226117378e-22	0.727417537951961	0.146	0.038	3.33669074479893e-17	SPRYD4	c30
9.95365999498718e-22	0.600942776869821	0.131	0.032	3.35378619871098e-17	DNAAF5	c30
1.00066083794172e-21	0.714054351493802	0.293	0.107	3.37162662736083e-17	BCAS4	c30
1.0483762459332e-21	0.315712788338817	0.611	0.263	3.53239892304731e-17	SPG21	c30
1.05499946760965e-21	2.36209878973127	0.037	0.004	3.55471520616396e-17	GPRIN1	c30
1.0582931649164e-21	0.454699147293237	0.224	0.072	3.56581298986933e-17	IER5	c30
1.06375750110225e-21	0.297494236399902	0.474	0.193	3.58422452421391e-17	PPP6R1	c30
1.09714314192202e-21	0.729358585818246	0.202	0.062	3.69671410239204e-17	BCOR	c30
1.10515024514536e-21	0.319978343610487	0.221	0.07	3.72369323599277e-17	TMEM68	c30
1.15817242356433e-21	3.22229356034298	0.028	0.002	3.90234616395766e-17	SMIM24	c30
1.18156984238231e-21	0.230577572351641	0.371	0.141	3.98118142692295e-17	CTBP1	c30
1.19950032183969e-21	0.257460666741013	0.505	0.212	4.04159638440664e-17	NFE2L2	c30
1.20400934276551e-21	0.979289937019574	0.234	0.079	4.05678907951411e-17	CSF1	c30
1.21990584507517e-21	0.532675853847947	0.891	0.481	4.11035075439628e-17	LMAN2	c30
1.22656576395847e-21	0.519794771457824	0.801	0.396	4.13279068508167e-17	C7orf73	c30
1.23043202092284e-21	2.47687966347358	0.04	0.004	4.14581765129743e-17	ZFHX3	c30
1.25411191860129e-21	0.154583245586271	0.498	0.201	4.22560469853519e-17	IMP4	c30
1.26412966424766e-21	0.525761467849809	0.212	0.066	4.25935849071607e-17	MTRF1L	c30
1.26534339957288e-21	0.489347652404352	0.847	0.448	4.26344805052088e-17	FAM49B	c30
1.27115598160409e-21	0.23294010245895	0.327	0.121	4.28303296441681e-17	SPEN	c30
1.29268858817034e-21	0.41305830385809	0.287	0.102	4.35558492898115e-17	FAM53B	c30
1.3014804404883e-21	0.519566517238042	0.255	0.09	4.38520819618128e-17	IFIT1	c30
1.31599682208772e-21	0.254413261804153	0.489	0.197	4.43411969234237e-17	C14orf1	c30
1.32336189300483e-21	0.531556983074445	0.822	0.424	4.45893556229049e-17	RPN2	c30
1.35886710847333e-21	0.299654425234143	0.336	0.125	4.57856683529004e-17	HPS3	c30
1.36675102365331e-21	1.42465489395223	0.084	0.015	4.60513089909746e-17	NR5A2	c30
1.40059508533387e-21	2.01620172507364	0.062	0.009	4.71916508052395e-17	RP11-146I2.1	c30
1.4255004278381e-21	0.519662030834537	0.156	0.042	4.8030811415577e-17	HLCS	c30
1.42658901484448e-21	0.380064213786687	0.277	0.097	4.80674902661698e-17	EDRF1	c30
1.44052479815339e-21	-0.495170880190691	0.994	0.99	4.85370425489805e-17	MT-ATP8	c30
1.44096251803413e-21	2.38864363602484	0.034	0.003	4.85517910826419e-17	EFCAB5	c30
1.46624209369492e-21	0.450466374531541	0.212	0.066	4.94035611049567e-17	KLHL12	c30
1.47362509580328e-21	0.431382298254424	0.227	0.073	4.96523239779957e-17	RNMTL1	c30
1.49109326745081e-21	0.536714028651504	0.19	0.057	5.02408965534877e-17	PCAT29	c30
1.50665824060402e-21	0.515165139172384	0.841	0.432	5.07653427589118e-17	TUFM	c30
1.50731519532882e-21	0.641324615888938	0.14	0.035	5.07874781914094e-17	SLC5A6	c30
1.50945033426424e-21	0.44913213806503	0.237	0.078	5.08594195626995e-17	RNF121	c30
1.53736844541309e-21	0.45612590754168	0.978	0.743	5.18000923997486e-17	ARF1	c30
1.55511193898206e-21	0.183023560632593	0.371	0.141	5.23979416720614e-17	RBM26	c30
1.60424051099468e-21	0.506643200443831	0.174	0.049	5.40532797774549e-17	POLR3F	c30
1.60656894783673e-21	0.829639130992215	0.118	0.027	5.41317341284108e-17	RP11-332H14.2	c30
1.61110442692423e-21	0.893674841342601	0.109	0.024	5.42845525607849e-17	PQLC1	c30
1.6265472759478e-21	0.795628631198583	0.128	0.031	5.4804883915785e-17	CBWD1	c30
1.65730767800819e-21	0.361483409467407	0.994	0.945	5.5841324902808e-17	ATP5G2	c30
1.67926303328139e-21	0.352644770242024	0.598	0.264	5.65810886433832e-17	PTPRA	c30
1.68253838502399e-21	0.12681052925523	0.321	0.116	5.66914483449983e-17	CAAP1	c30
1.68816651093542e-21	0.30735176141387	0.592	0.253	5.6881082419458e-17	ZFR	c30
1.69924465179863e-21	0.28073168460592	0.333	0.124	5.7254349297703e-17	RAB3GAP2	c30
1.70070965690831e-21	0.270749856792105	0.333	0.124	5.73037111798686e-17	N4BP1	c30
1.7200993858744e-21	0.814012013544891	0.118	0.027	5.79570287076519e-17	TMEM143	c30
1.74459645302028e-21	0.312290515987532	0.651	0.281	5.87824328880654e-17	C1D	c30
1.75651311428602e-21	0.243977228202441	0.361	0.137	5.91839528727531e-17	CCAR2	c30
1.76388040098732e-21	0.325862372335254	0.343	0.129	5.94321862308669e-17	NUP54	c30
1.76963509368687e-21	0.495147729714809	0.782	0.386	5.96260848466853e-17	CHMP2A	c30
1.8559636448231e-21	0.909473287387063	0.112	0.025	6.25348390486697e-17	RP11-644F5.10	c30
1.8679921665625e-21	0.525221245243108	0.788	0.409	6.2940128060157e-17	HNRNPH3	c30
1.90178456120356e-21	0.195297600114141	0.52	0.215	6.40787290051928e-17	SREK1IP1	c30
2.0754354580899e-21	0.384142210244502	0.246	0.082	6.99297223248811e-17	ZBTB17	c30
2.11428789439354e-21	0.28742830604191	0.333	0.123	7.1238816313696e-17	MRPL45	c30
2.1381208233592e-21	0.345681906928021	0.262	0.089	7.20418430222648e-17	UBALD1	c30
2.15406458849755e-21	0.356517915810945	0.168	0.047	7.25790522448366e-17	BRF2	c30
2.1976939409077e-21	0.503756530425543	0.153	0.041	7.40490996449441e-17	EIF2AK3	c30
2.23971676025836e-21	0.229555930656596	0.305	0.11	7.54650165201451e-17	SCO1	c30
2.38013851553449e-21	0.376805003231407	0.29	0.103	8.01963871424192e-17	BMS1	c30
2.43257631892241e-21	0.38428802140991	0.688	0.314	8.19632264897718e-17	MGAT1	c30
2.48925396645049e-21	0.406591377079716	0.371	0.144	8.38729231455827e-17	DHRS4	c30
2.5220302192223e-21	0.12603569048176	0.371	0.14	8.49772862064763e-17	MED27	c30
2.52822201080597e-21	0.495718814382911	0.187	0.055	8.51859124320964e-17	RRAGC	c30
2.54317368413304e-21	0.273300749162075	0.511	0.211	8.56896941131786e-17	IDH3B	c30
2.54765028845151e-21	0.204820109346889	0.526	0.22	8.58405288190852e-17	ZC3H13	c30
2.58699544584118e-21	0.398189610003743	0.573	0.263	8.71662245521726e-17	TNFSF10	c30
2.63444155810334e-21	0.98268887277588	0.14	0.036	8.87648738587338e-17	TTC24	c30
2.67552940274561e-21	0.843090467813725	0.109	0.024	9.01492876961107e-17	SLC26A6	c30
2.70998950071222e-21	0.461083583139752	0.315	0.116	9.13103862369975e-17	CRYZ	c30
2.72580224555299e-21	0.563411330841953	0.249	0.085	9.18431808616625e-17	SFMBT1	c30
2.73616162907999e-21	0.274800964955203	0.231	0.074	9.21922299302212e-17	GPN2	c30
2.76738744784861e-21	0.450175832909207	0.193	0.058	9.32443526678111e-17	GTF3C3	c30
2.77624712398949e-21	0.190666887113252	0.43	0.171	9.35428705957019e-17	FO538757.2	c30
2.78751238195666e-21	0.653147705849695	0.137	0.034	9.39224421976477e-17	FAM185A	c30
2.82360904034348e-21	0.361598112820304	0.704	0.313	9.51386830053332e-17	THYN1	c30
2.82483472141146e-21	0.129610422936287	0.408	0.159	9.51799811032378e-17	ATG4B	c30
2.83193322949232e-21	0.171657289615027	0.296	0.106	9.54191582345142e-17	PNPT1	c30
2.84286076103492e-21	0.363316211022714	0.302	0.109	9.57873504823107e-17	TMEM9	c30
2.94896421499077e-21	0.433799682707391	0.713	0.333	9.93624002598991e-17	TMEM256	c30
2.95097437701034e-21	0.526873151672892	0.838	0.46	9.94301306589866e-17	NAP1L4	c30
3.02662204505405e-21	0.242871995951325	0.368	0.141	1.01979003186051e-16	CDK10	c30
3.02718913491938e-21	-0.403345072427395	0.994	0.978	1.01998110711974e-16	RPL27	c30
3.04408955040057e-21	0.866925016843513	0.121	0.029	1.02567553311197e-16	CTD-2371O3.3	c30
3.06513709833109e-21	0.399827369473282	0.723	0.334	1.03276729391168e-16	MPG	c30
3.13742693808381e-21	-0.498470860420904	0.997	0.996	1.05712463251796e-16	MT-CO3	c30
3.14492137891504e-21	0.333121127183905	0.573	0.245	1.05964980941163e-16	PPP1CB	c30
3.19474645703909e-21	0.180033801117757	0.29	0.102	1.07643787123475e-16	C11orf57	c30
3.20160356174713e-21	0.56561773333055	0.162	0.045	1.07874830409508e-16	QTRTD1	c30
3.24491757899753e-21	0.546866493173925	0.857	0.473	1.09334252906743e-16	SELT	c30
3.25633060101342e-21	0.413361983587286	0.174	0.05	1.09718803270546e-16	RPUSD2	c30
3.25771258734491e-21	0.536821151311578	0.137	0.034	1.09765367917999e-16	GBE1	c30
3.3142755427905e-21	0.520441047147156	0.931	0.574	1.11671200138783e-16	NDUFB10	c30
3.40040699405797e-21	0.285290352241309	0.67	0.292	1.14573313257789e-16	YTHDF2	c30
3.4616411674181e-21	0.292750900034621	0.47	0.193	1.16636537494986e-16	DNAJC2	c30
3.51266552533678e-21	0.262931797604315	0.38	0.148	1.18355752210698e-16	TPP2	c30
3.55494231733761e-21	0.450162673856625	0.788	0.392	1.19780226440374e-16	PNN	c30
3.61707756306957e-21	0.249071954273454	0.358	0.136	1.21873811410066e-16	NCSTN	c30
3.79651128466485e-21	0.366211043098632	0.495	0.21	1.27919651225497e-16	UBASH3A	c30
3.96748887876766e-21	0.931162479762076	0.305	0.119	1.33680570281198e-16	LMO4	c30
3.99577120343728e-21	0.545428154530071	0.196	0.06	1.34633514928616e-16	LMBRD2	c30
4.05307977765202e-21	0.269508715038997	0.305	0.111	1.36564470028207e-16	AGPAT1	c30
4.13982617930421e-21	2.51546522220645	0.047	0.006	1.39487303285476e-16	EGOT	c30
4.20723570293865e-21	0.227651739878564	0.452	0.183	1.41758599774815e-16	USP22	c30
4.23209123395675e-21	0.282388122865397	0.411	0.164	1.42596082036939e-16	LZIC	c30
4.30864419954765e-21	-0.453963815462244	0.981	0.966	1.45175457659559e-16	RPL31	c30
4.33247475048295e-21	0.307256382760822	0.53	0.223	1.45978404242773e-16	ARHGEF6	c30
4.35827690122272e-21	0.297674849177528	0.283	0.1	1.46847781909798e-16	DDHD2	c30
4.36238039774402e-21	0.351798768585606	0.336	0.127	1.46986045121587e-16	PTTG1IP	c30
4.40666121400428e-21	0.162554435954734	0.315	0.115	1.4847804294466e-16	RHOT1	c30
4.40991911143861e-21	0.487092302252429	0.819	0.42	1.48587814540812e-16	NAPA	c30
4.41588294781018e-21	1.08985092133877	0.09	0.018	1.48788760043516e-16	DMGDH	c30
4.45900824572285e-21	1.00598995449761	0.097	0.02	1.50241823831386e-16	C2orf44	c30
4.47996246953954e-21	0.330332337211309	0.361	0.139	1.50947855448665e-16	SIN3A	c30
4.48913847985977e-21	0.431439215854817	0.72	0.333	1.51257031940395e-16	PDCD2	c30
4.51910190045192e-21	0.511391034946377	0.196	0.06	1.52266619433827e-16	RABEP2	c30
4.5301533136978e-21	0.302057996251517	0.514	0.215	1.52638985751734e-16	RRAGA	c30
4.58842252388835e-21	0.329801456500219	0.318	0.118	1.54602308519894e-16	IFIH1	c30
4.59446010509721e-21	0.177481110945656	0.548	0.228	1.54805738781145e-16	ACAA1	c30
4.73800436871922e-21	1.10597023747941	0.109	0.024	1.59642319199625e-16	DHFRL1	c30
4.90072884026098e-21	0.339488097038271	0.227	0.074	1.65125157543753e-16	TRIP11	c30
4.93144004628801e-21	0.615771083251355	0.193	0.059	1.66159940919628e-16	C1orf27	c30
4.93693042516319e-21	0.224084973475644	0.386	0.151	1.66344933745448e-16	NOL8	c30
4.96692057114607e-21	0.294789138194251	0.586	0.254	1.67355421724196e-16	DDRGK1	c30
4.97304295744795e-21	0.266441057275649	0.564	0.242	1.67561709408251e-16	MLX	c30
4.97482672898421e-21	0.23983684068409	0.455	0.184	1.67621811806394e-16	GNL1	c30
4.99035087883843e-21	0.100919658766602	0.424	0.167	1.68144882511582e-16	TNPO1	c30
5.11431652738393e-21	0.649766817944538	0.146	0.038	1.72321781073674e-16	SPATA5L1	c30
5.15567152839026e-21	0.317540786865987	0.424	0.172	1.73715196477582e-16	DNAJC3	c30
5.16162365061601e-21	0.500698606428362	0.156	0.042	1.73915747283856e-16	MPV17L2	c30
5.17009995757253e-21	0.348219429271914	0.449	0.185	1.74201347970449e-16	IL12RB1	c30
5.17541966089089e-21	0.553708854349797	0.907	0.575	1.74380590054058e-16	LSM7	c30
5.23638314962469e-21	0.21670691416183	0.427	0.17	1.76434693843454e-16	TIMM9	c30
5.27225995333396e-21	0.324336314821141	0.336	0.127	1.77643526867634e-16	NAPRT	c30
5.43026172832577e-21	0.425402745955154	0.717	0.341	1.82967238674208e-16	SFXN1	c30
5.44663170238167e-21	0.521033010116168	0.159	0.044	1.83518808580048e-16	ELF4	c30
5.54017467563702e-21	0.631450074671803	0.121	0.029	1.86670645520914e-16	DOLPP1	c30
5.61304730685901e-21	0.801032961043917	0.146	0.039	1.89126015957308e-16	C15orf41	c30
5.67708244360632e-21	1.71200533517526	0.075	0.013	1.91283615854871e-16	LINC00158	c30
5.69235377364984e-21	0.547928280234987	0.168	0.048	1.91798168049358e-16	MSTO1	c30
5.7032028334182e-21	0.92953582345881	0.103	0.022	1.92163716269193e-16	VKORC1	c30
5.70587190935086e-21	0.827064851339906	0.131	0.032	1.92253648113668e-16	RASGEF1A	c30
5.83033803653488e-21	0.26590745943404	0.231	0.075	1.96447409803006e-16	BICD1	c30
5.94346403612458e-21	0.421821597178563	0.268	0.094	2.00259077233182e-16	FTSJ3	c30
5.99973242127455e-21	0.315042170701355	0.318	0.118	2.02154984202425e-16	MED19	c30
6.03969998206674e-21	0.320896208138571	0.555	0.24	2.03501651195757e-16	UBE2E3	c30
6.04906702583834e-21	0.336071886474029	0.34	0.13	2.03817264368597e-16	IFIT5	c30
6.09750925028012e-21	0.32189773155859	0.604	0.26	2.05449476678938e-16	COPS5	c30
6.12410092456237e-21	3.78044878746811	0.012	0	2.06345456552204e-16	SLC12A8	c30
6.14406982642626e-21	4.08473116572296	0.012	0	2.07018288731606e-16	RP11-553K8.2	c30
6.19347692374857e-21	0.343417422204733	0.24	0.08	2.08683011468784e-16	MSH3	c30
6.22108089072543e-21	0.346049904961114	0.623	0.273	2.09613099532103e-16	DNAJC7	c30
6.2937418733372e-21	0.645859674702947	0.86	0.493	2.12061338680224e-16	FLNA	c30
6.4180883561512e-21	0.275677491477246	0.221	0.071	2.16251069072159e-16	HEATR1	c30
6.46152987455925e-21	0.118364546513859	0.355	0.134	2.17714787593399e-16	SDHAF1	c30
6.4778566974823e-21	0.517269734667071	0.224	0.073	2.18264903564969e-16	PMS2	c30
6.51890825947891e-21	0.411615444130951	0.224	0.073	2.19648094894883e-16	CDK7	c30
6.57071485176894e-21	3.32137114777741	0.016	0.001	2.21393666215503e-16	WNT9A	c30
6.70878468291622e-21	0.375176785844742	0.224	0.073	2.26045791106179e-16	RNF31	c30
6.74372514951803e-21	0.957158151996822	0.81	0.608	2.2722307518786e-16	ALOX5AP	c30
6.93747019825727e-21	1.10255387469828	0.09	0.018	2.3375112086008e-16	PEAK1	c30
7.00287345225068e-21	0.192564794314825	0.318	0.117	2.35954818100134e-16	OPA1	c30
7.01757313403715e-21	0.230337867263274	0.433	0.174	2.36450109178248e-16	CUL1	c30
7.11132545002705e-21	0.460715017112402	0.807	0.397	2.39608999713211e-16	HADHA	c30
7.22809391997954e-21	0.276407655836248	0.368	0.142	2.43543396539791e-16	RDH11	c30
7.27726115339365e-21	0.490408152414705	0.969	0.735	2.45200037302446e-16	SRSF7	c30
7.2777352267975e-21	0.993674801730643	0.137	0.035	2.45216010731715e-16	GIT1	c30
7.44586981237983e-21	0.760201447030553	0.115	0.027	2.50881137458326e-16	DDX47	c30
7.71501956214035e-21	1.63886316065234	0.044	0.005	2.59949869126757e-16	USP31	c30
7.7518688818497e-21	0.308279384419136	0.408	0.162	2.61191470105044e-16	ZNF622	c30
7.75199236953476e-21	0.357843975413347	0.243	0.081	2.61195630899104e-16	MAGED1	c30
7.94419449962249e-21	0.5525031214955	0.137	0.035	2.6767168947028e-16	DHX33	c30
8.06029516569239e-21	0.444858772224131	0.199	0.062	2.71583585312839e-16	TRMT1L	c30
8.11906261948001e-21	1.78464932103358	0.037	0.004	2.73563695900759e-16	FDXACB1	c30
8.17776503570661e-21	0.624285334043047	0.168	0.048	2.75541615113099e-16	NRIP1	c30
8.22073716757387e-21	0.234031874403718	0.252	0.085	2.76989518124234e-16	CPTP	c30
8.29064538270649e-21	0.293569796800752	0.679	0.3	2.79345005524912e-16	ERGIC2	c30
8.39804705669402e-21	0.466544021027803	0.146	0.039	2.82963797528248e-16	EOGT	c30
8.52813154758041e-21	0.204474975114341	0.483	0.199	2.87346864364174e-16	LAMTOR3	c30
8.59376024452291e-21	0.189946665868657	0.352	0.134	2.89558157678955e-16	REEP3	c30
8.60772116962771e-21	0.733082925682848	0.181	0.054	2.90028557089436e-16	VAMP1	c30
9.01431342488085e-21	0.299703611652895	0.576	0.253	3.03728276537935e-16	H2AFJ	c30
9.05157434999388e-21	0.41782114236947	0.215	0.068	3.04983746148694e-16	ZBTB45	c30
9.05794474684536e-21	0.184662228245174	0.396	0.156	3.05198390300208e-16	AGO2	c30
9.09230719634335e-21	1.20243978288405	0.065	0.01	3.06356198673593e-16	SHPK	c30
9.20100457240751e-21	0.328839496540958	0.252	0.086	3.10018648062699e-16	ATP6V1A	c30
9.22161153000175e-21	1.31673313707953	0.103	0.022	3.10712978891879e-16	AC018816.3	c30
9.26715938216288e-21	1.40563691936555	0.087	0.017	3.12247668222596e-16	RDH10	c30
9.40427291842812e-21	1.47197612406016	0.065	0.01	3.16867571713517e-16	PHLPP1	c30
9.40830928425444e-21	0.41495677463319	0.393	0.159	3.17003573023669e-16	MSI2	c30
9.47728933032566e-21	0.70805610876462	0.171	0.05	3.19327786695993e-16	SNX18	c30
9.48973075146985e-21	0.252609545012014	0.29	0.104	3.19746987940025e-16	WIPF2	c30
9.52707158232358e-21	0.342452468055035	0.293	0.106	3.21005149894811e-16	UBE2Z	c30
9.64086651920348e-21	0.990550305506062	0.115	0.027	3.24839356498042e-16	ZNF598	c30
9.75964569885726e-21	0.638291595653432	0.15	0.04	3.28841502177297e-16	ERCC8	c30
9.79642631159044e-21	0.145527633586259	0.48	0.197	3.30080788142728e-16	TM9SF2	c30
9.88805613311538e-21	0.173361536767074	0.38	0.148	3.3316816334919e-16	COPG1	c30
1.0082330654217e-20	0.281306459765792	0.433	0.177	3.39714049063186e-16	MYO9B	c30
1.00902153264139e-20	0.22442416721823	0.271	0.095	3.39979715208189e-16	ANAPC4	c30
1.01488668634142e-20	0.191191656318271	0.321	0.119	3.41955920095878e-16	RNGTT	c30
1.01661607711922e-20	0.688214506302693	0.178	0.052	3.42538621024549e-16	AAMDC	c30
1.05531386939928e-20	0.27660089776435	0.287	0.102	3.55577455155394e-16	STYXL1	c30
1.07419902253526e-20	0.460553940027228	0.246	0.084	3.6194061865303e-16	RFK	c30
1.08274902457304e-20	0.254252679782364	0.483	0.198	3.64821456339639e-16	MRPL42	c30
1.08376822962394e-20	0.185703358399254	0.383	0.149	3.65164867289492e-16	ZNF330	c30
1.08780855727304e-20	0.282320605479098	0.492	0.205	3.66526215287577e-16	VPS72	c30
1.09420964542322e-20	2.45781886754064	0.05	0.006	3.68682997928901e-16	BTNL8	c30
1.10268642310848e-20	0.253752439277707	0.349	0.133	3.71539163402172e-16	SUPT7L	c30
1.10422317101473e-20	0.367261063307099	0.343	0.132	3.72056955241703e-16	TOP2B	c30
1.11344813598909e-20	0.371831345188436	0.234	0.078	3.75165214940166e-16	PIEZO1	c30
1.14930194777843e-20	0.269808292706716	0.623	0.273	3.87245798284465e-16	UBE3A	c30
1.15370880408317e-20	0.200587669067211	0.318	0.117	3.88730644447784e-16	RCE1	c30
1.18093682010839e-20	0.393943082342783	0.268	0.094	3.97904852167322e-16	TP53BP1	c30
1.19569845579862e-20	1.68766460268728	0.121	0.03	4.02878637696788e-16	RP6-91H8.3	c30
1.2146471855658e-20	0.421934164223499	0.879	0.496	4.09263222704542e-16	APOBEC3G	c30
1.21898358276893e-20	0.447205578737154	0.174	0.051	4.10724328378163e-16	GFM2	c30
1.23155703286519e-20	0.685386473771406	0.748	0.39	4.14960826653598e-16	SLC3A2	c30
1.2367694950505e-20	0.594777962826217	0.196	0.061	4.16717113662317e-16	ASUN	c30
1.23737370317191e-20	0.714519735111404	0.134	0.034	4.16920695546742e-16	TDRKH	c30
1.2417545215263e-20	0.25042051792809	0.187	0.056	4.18396768483072e-16	GATC	c30
1.24229906361158e-20	0.391374012006692	0.327	0.124	4.18580246493285e-16	KDM2B	c30
1.24241636031233e-20	0.226546620424293	0.364	0.142	4.18619768443638e-16	TRMT1	c30
1.24623990823766e-20	1.52210618563356	0.072	0.012	4.19908074681597e-16	L2HGDH	c30
1.25038388903761e-20	0.456051122596043	0.184	0.055	4.21304347572332e-16	DHRS13	c30
1.2855130643225e-20	0.181013772144254	0.308	0.113	4.33140771892822e-16	EDEM1	c30
1.28559865035365e-20	0.206310206903357	0.427	0.171	4.33169609250159e-16	MRPS25	c30
1.30549620573129e-20	0.453435292857965	0.196	0.061	4.39873891559101e-16	PELO	c30
1.32407984917938e-20	0.189461251476392	0.324	0.121	4.46135464382499e-16	REV3L	c30
1.33061908754487e-20	0.602421159112253	0.109	0.024	4.48338795357368e-16	RBBP9	c30
1.34000558005288e-20	0.196771285609079	0.327	0.122	4.51501480143016e-16	SCFD1	c30
1.35068509573722e-20	0.180994113971613	0.246	0.083	4.550998361577e-16	ANAPC2	c30
1.35670056638754e-20	0.362366594353711	0.704	0.326	4.57126688838619e-16	DIAPH1	c30
1.37119957103542e-20	2.32997653224839	0.031	0.003	4.62011983464675e-16	VAV2	c30
1.38393443419385e-20	0.265869987222831	0.498	0.209	4.66302868257275e-16	APEH	c30
1.40127065533503e-20	0.328377363598811	0.579	0.26	4.72144134608585e-16	TCIRG1	c30
1.41477034048942e-20	0.114221087275908	0.414	0.164	4.76692718524505e-16	UNC50	c30
1.46110310063317e-20	1.07343377221664	0.1	0.021	4.9230407872734e-16	ZG16B	c30
1.46419976043384e-20	0.300241272589767	0.648	0.288	4.93347467280577e-16	ARIH2	c30
1.4652410494884e-20	0.359021644970337	0.695	0.316	4.93698319214621e-16	TMEM165	c30
1.47633424480977e-20	0.305010353726607	0.246	0.083	4.97436060446203e-16	MUTYH	c30
1.48089391337413e-20	0.327439065353241	0.368	0.144	4.9897239517228e-16	GCH1	c30
1.48622979568235e-20	0.107673132948354	0.405	0.159	5.0077026735721e-16	CCNC	c30
1.52008067467348e-20	0.490334073529503	0.283	0.103	5.12175982524482e-16	FAF2	c30
1.52343216480431e-20	0.280809298463705	0.259	0.089	5.13305233609166e-16	TTC31	c30
1.53077730953405e-20	0.498628377773982	0.14	0.036	5.15780106674401e-16	SNHG21	c30
1.5796181328774e-20	0.365922054507612	0.692	0.309	5.3223653369171e-16	ADIPOR1	c30
1.58706394663049e-20	0.383008050566102	0.252	0.087	5.34745326177677e-16	CEP250	c30
1.61952441923917e-20	0.148509963407412	0.333	0.125	5.45682557818447e-16	COMMD9	c30
1.62513168475947e-20	1.56397078489959	0.059	0.009	5.47571869862855e-16	ITGB8	c30
1.66257475239549e-20	2.15711491278116	0.04	0.004	5.60187937072135e-16	IQSEC3	c30
1.67773668372356e-20	0.94011262701452	0.112	0.026	5.65296598213818e-16	AZIN1-AS1	c30
1.68524177509687e-20	0.269192305875022	0.383	0.153	5.67825363701139e-16	PAM	c30
1.72716790300268e-20	0.160985132244891	0.349	0.132	5.81951953237725e-16	RARS	c30
1.75041583436664e-20	0.248799905645194	0.505	0.213	5.89785111231495e-16	ACTR1B	c30
1.75111970681662e-20	0.406723480164654	0.218	0.071	5.90022274014792e-16	LRRC28	c30
1.76768435004213e-20	0.193176800739841	0.461	0.188	5.95603564903195e-16	GNG10	c30
1.76918266788533e-20	0.221788241303826	0.184	0.055	5.96108408117283e-16	PDCD11	c30
1.83830960807167e-20	0.315412927474906	0.274	0.097	6.19400039343669e-16	FCHO1	c30
1.84496814669825e-20	0.251366421566741	0.452	0.186	6.21643567348507e-16	IP6K2	c30
1.87194724549037e-20	0.302568251799164	0.212	0.068	6.30733904895524e-16	SMUG1	c30
1.8801387209682e-20	0.265862584241724	0.639	0.284	6.33493940643026e-16	PRPF4B	c30
1.9120684258964e-20	1.3898998144231	0.062	0.01	6.44252335421533e-16	HES6	c30
1.91933171208649e-20	0.158608935572276	0.305	0.112	6.46699627070421e-16	METTL14	c30
1.92741599153046e-20	0.210775180209784	0.558	0.238	6.49423544186273e-16	CSNK1D	c30
1.94581873229459e-20	0.288900377945369	0.305	0.113	6.55624163659338e-16	KIFAP3	c30
1.97767405849592e-20	0.564841151589975	0.153	0.042	6.66357497269616e-16	ZNF687	c30
1.98582691755615e-20	0.388775895508165	0.573	0.255	6.69104521601368e-16	DERL1	c30
2.02428192631844e-20	0.340987797349715	0.439	0.182	6.82061552253735e-16	DDX54	c30
2.06186357357538e-20	0.278181415278077	0.243	0.082	6.94724312480489e-16	EIF3B	c30
2.09698573920225e-20	0.302479261252782	1	0.998	7.06558374966806e-16	TMSB4X	c30
2.11404889340088e-20	0.427947464653986	0.212	0.068	7.12307634142491e-16	KCMF1	c30
2.17790825085516e-20	0.730459507818235	0.121	0.029	7.33824406043139e-16	PDCD2L	c30
2.1851314929763e-20	0.429278637354534	0.187	0.057	7.36258205243435e-16	LRRC8B	c30
2.24196242902387e-20	0.402086071064415	0.243	0.083	7.55406820835304e-16	KIAA0196	c30
2.24954825556764e-20	0.31476455888714	0.411	0.166	7.5796278923096e-16	NOB1	c30
2.25246363362853e-20	1.48531864410799	0.062	0.01	7.58945096714795e-16	RP11-14N7.2	c30
2.25606080152703e-20	1.2447996301095	0.059	0.009	7.60157126466519e-16	STAP2	c30
2.27643282148852e-20	0.439318520594937	0.224	0.074	7.67021274872341e-16	CIZ1	c30
2.29441714261174e-20	0.250662009558764	0.243	0.082	7.73080912031599e-16	MUM1	c30
2.39128374273939e-20	0.352970064213667	0.234	0.078	8.0571914427861e-16	CWF19L1	c30
2.39605905423013e-20	0.307761044652741	0.474	0.198	8.07328137732301e-16	SP3	c30
2.39998352229043e-20	-0.570351067431902	0.988	0.968	8.08650448000538e-16	MT-ND5	c30
2.44020972421342e-20	0.256423179667542	0.206	0.065	8.22204264476471e-16	ANKRD52	c30
2.44279781271694e-20	0.361204934116188	0.224	0.074	8.23076295016845e-16	ALG6	c30
2.46154056198296e-20	0.452256180277248	0.536	0.255	8.29391476954538e-16	RGS2	c30
2.46420761878325e-20	0.331888142532952	0.283	0.102	8.30290115072829e-16	VCPKMT	c30
2.49245741652154e-20	0.758371163503973	0.165	0.048	8.39808601922769e-16	CD244	c30
2.54819973555101e-20	0.110191995612016	0.43	0.172	8.58590418896557e-16	RNF34	c30
2.55087517155395e-20	1.24035499522559	0.084	0.016	8.59491880303388e-16	TTLL4	c30
2.55394261136195e-20	0.27565583298657	0.555	0.238	8.60525423472294e-16	ECHDC1	c30
2.62005948418487e-20	0.819786937189373	0.131	0.033	8.8280284260125e-16	CAMKK2	c30
2.63913295968984e-20	0.133849971217967	0.498	0.206	8.89229459437896e-16	METTL17	c30
2.64921490285596e-20	0.363448185364241	0.271	0.096	8.92626469368288e-16	BDH2	c30
2.67784656127348e-20	0.508623379083182	0.841	0.439	9.02273620355486e-16	GTF2A2	c30
2.68194563723269e-20	0.487082550834525	0.875	0.52	9.03654763009182e-16	SRRM1	c30
2.71888461578443e-20	0.55190669042625	0.879	0.492	9.16100982442405e-16	SRI	c30
2.75729349389611e-20	0.401520819651784	0.327	0.126	9.29042469833356e-16	RTP4	c30
2.75826143152123e-20	1.20268591513313	0.097	0.02	9.29368606736762e-16	URB1-AS1	c30
2.83251225032513e-20	0.318713699468345	0.551	0.239	9.5438667762455e-16	RCN2	c30
2.85040676138964e-20	1.09304888912343	0.075	0.013	9.60416054182624e-16	MATR3	c30
2.85907651540258e-20	0.361067962795534	0.237	0.08	9.63337241099745e-16	RNF170	c30
2.8668945627546e-20	0.352447125301052	0.255	0.089	9.65971453974534e-16	DIS3	c30
2.87616079968683e-20	0.312029321648792	0.997	0.977	9.69093619846482e-16	ATP5E	c30
2.89425416103202e-20	0.721361959922302	0.146	0.04	9.7518999701813e-16	IL9R	c30
2.93576266404374e-20	0.53253161089248	0.174	0.051	9.89175872022897e-16	TMEM19	c30
2.93946067975677e-20	0.261596470989211	0.492	0.207	9.90421881437246e-16	FASTK	c30
2.95305439832944e-20	0.41606529024581	0.726	0.353	9.95002148973122e-16	CNIH1	c30
2.95484882384813e-20	0.291983681570837	0.548	0.237	9.95606762707387e-16	SNX20	c30
2.97532861004543e-20	1.08935488203432	0.103	0.023	1.00250722186871e-15	TMEM53	c30
2.98989523730509e-20	0.359608675821502	0.178	0.053	1.00741530125758e-15	C1orf109	c30
3.02087646092381e-20	0.353356275809459	0.997	0.922	1.01785411474367e-15	HINT1	c30
3.02350652730848e-20	0.448336100101281	0.969	0.719	1.01874028931132e-15	USMG5	c30
3.07151115544234e-20	0.231123566013549	0.283	0.102	1.03491496871474e-15	HDHD2	c30
3.08029735461973e-20	0.264495083874468	0.296	0.108	1.03787539066557e-15	EIF2D	c30
3.13265969178069e-20	0.221485835097058	0.399	0.16	1.05551835654859e-15	ZEB1	c30
3.14721148101743e-20	0.203565446970887	0.243	0.082	1.06042143641401e-15	C12orf73	c30
3.19308322127866e-20	0.291438469396343	0.231	0.077	1.07587746057763e-15	ATP6V1C1	c30
3.2210055978067e-20	0.352507698395279	0.221	0.072	1.08528562612499e-15	FAM104B	c30
3.27547940130969e-20	0.305233297197759	0.505	0.215	1.10364002947729e-15	GSPT1	c30
3.32703347438257e-20	0.400745902203902	0.19	0.058	1.12101065885846e-15	COG6	c30
3.39987707457294e-20	0.134966112369918	0.405	0.161	1.14555458150661e-15	FAM134A	c30
3.48335532238257e-20	0.281366027181979	0.215	0.069	1.17368174232358e-15	RPUSD4	c30
3.5393045125944e-20	0.490778884195622	0.174	0.052	1.19253326247356e-15	GSR	c30
3.53984664184564e-20	0.132497969612135	0.48	0.199	1.19271592750347e-15	TRPC4AP	c30
3.55813608779665e-20	0.257921242459596	0.421	0.171	1.1988783734222e-15	AP3B1	c30
3.61179880804924e-20	0.643703159938689	0.118	0.028	1.21695949038411e-15	UBXN8	c30
3.62150292947753e-20	0.378147106039817	0.505	0.224	1.22022919705816e-15	GBP4	c30
3.75570337578675e-20	0.260818723896726	0.358	0.141	1.26544669543759e-15	STAM	c30
3.75788275484e-20	0.228835945564817	0.231	0.077	1.26618101541579e-15	SACS	c30
3.79867331672801e-20	0.25426662192109	0.355	0.138	1.27992498733834e-15	SLC41A3	c30
3.82894254641641e-20	0.37663735964801	0.361	0.145	1.29012390158955e-15	RAB11FIP1	c30
3.83121761424937e-20	0.199792900193734	0.439	0.179	1.29089046294518e-15	DSCR3	c30
3.8562359561856e-20	0.510983860265619	0.171	0.05	1.29932014307718e-15	PLBD2	c30
3.88711131985906e-20	0.144872851750864	0.249	0.085	1.30972328811331e-15	AAED1	c30
3.94405030185579e-20	0.703992809273452	0.121	0.03	1.32890830870729e-15	RP1-167A14.2	c30
4.00165073315079e-20	0.484835728008247	0.15	0.041	1.34831619802783e-15	YTHDF1	c30
4.11588289258555e-20	0.29082573396098	0.196	0.061	1.38680558182778e-15	RBM12	c30
4.12642754212922e-20	0.24551298708041	0.283	0.102	1.39035849604502e-15	DUS3L	c30
4.15169680420027e-20	0.20182509999418	0.302	0.111	1.39887272120724e-15	BAG5	c30
4.18835472537527e-20	2.57306791353509	0.022	0.001	1.41122424116794e-15	FOXRED2	c30
4.20719219695313e-20	0.436820519333816	0.822	0.421	1.41757133884139e-15	ROCK1	c30
4.28091447523597e-20	0.266607494304299	0.374	0.147	1.44241132328601e-15	GANAB	c30
4.44981511641231e-20	0.431707401479892	0.829	0.427	1.49932070532396e-15	PPP1R12A	c30
4.46746608616405e-20	0.567951833767977	0.841	0.478	1.50526802307211e-15	CCDC85B	c30
4.66512759295295e-20	1.09453187215401	0.084	0.016	1.57186809116957e-15	RP11-295G20.2	c30
4.71392035004196e-20	0.244229970923814	0.38	0.151	1.58830832274314e-15	BRE	c30
4.9564433880645e-20	0.58924646182055	0.171	0.051	1.67002403517445e-15	LINC01588	c30
5.09005130106844e-20	0.366428662593821	0.517	0.227	1.715041885382e-15	NIFK	c30
5.16967407716392e-20	0.66735416220314	0.134	0.035	1.74186998355961e-15	ZNF48	c30
5.18136161853682e-20	0.505786358314854	0.91	0.542	1.7458079837498e-15	CD164	c30
5.20701136099756e-20	-2.0182811600153	0.237	0.434	1.75445040797452e-15	LINC00861	c30
5.27927427304509e-20	0.996526465200841	0.09	0.018	1.77879867355981e-15	NPL	c30
5.36260452554688e-20	1.36185686249395	0.028	0.002	1.80687596883777e-15	SERPINE1	c30
5.45425560525849e-20	0.971657781799049	0.109	0.025	1.83775688363579e-15	NACC1	c30
5.56787859072879e-20	0.651390351423803	0.134	0.035	1.87604101236016e-15	PANX1	c30
5.64303365535595e-20	0.461688526333275	0.178	0.053	1.90136375983563e-15	TMEM206	c30
5.71593048715963e-20	0.129465272120013	0.47	0.192	1.92592561834357e-15	MCRS1	c30
5.82240829884345e-20	0.308295565799964	0.255	0.089	1.96180225221231e-15	TMEM5	c30
5.82769043506003e-20	1.12103175456793	0.106	0.024	1.96358201518913e-15	FOXK2	c30
5.96606862157574e-20	-2.60335638131826	0.165	0.367	2.01020716135373e-15	SELM	c30
5.97082111324238e-20	0.257857745012543	0.293	0.107	2.01180846589589e-15	QDPR	c30
6.22793951313434e-20	0.221266712237592	0.486	0.206	2.09844193955548e-15	PHTF2	c30
6.27545901151017e-20	0.681810127159662	0.168	0.049	2.11445315933824e-15	ZNF254	c30
6.3501557835541e-20	0.354916933800082	0.209	0.067	2.13962148971072e-15	PPP1R37	c30
6.63642923676212e-20	0.203169605319096	0.452	0.186	2.23607846703463e-15	TRPT1	c30
6.65184073072611e-20	0.422761236469209	0.748	0.353	2.24127121581086e-15	MFF	c30
6.84080960011718e-20	0.369547946692364	0.193	0.06	2.30494238666348e-15	C14orf169	c30
7.10242318317186e-20	0.303735856275704	0.67	0.301	2.39309046733793e-15	GOLPH3	c30
7.13916968260943e-20	0.154505863005566	0.343	0.132	2.40547183285842e-15	EXOC1	c30
7.21204911301829e-20	0.459158036199526	0.377	0.156	2.43002782814038e-15	SPTBN1	c30
7.23866658930966e-20	-0.739300334608097	0.935	0.837	2.438996320602e-15	CD44	c30
7.31954346066713e-20	0.225644807574699	0.399	0.161	2.46624697363718e-15	PIGP	c30
7.33346105713986e-20	0.575969886925812	0.171	0.051	2.47093636859271e-15	TMEM102	c30
7.35538994484129e-20	0.223993532500661	0.318	0.12	2.47832508801483e-15	ANKRD36B	c30
7.42316811631854e-20	0.505664685261665	0.209	0.068	2.50116226511237e-15	ZHX1	c30
7.57621476393064e-20	0.543226103403163	0.209	0.068	2.55272980255879e-15	NFKBIE	c30
7.61796869457435e-20	0.15230162784631	0.209	0.067	2.56679837194988e-15	C16orf62	c30
7.62582788274359e-20	0.161246201289849	0.302	0.111	2.56944644681162e-15	ASB1	c30
7.67803190872792e-20	0.217071663433277	0.368	0.146	2.58703607132678e-15	PHACTR2	c30
7.77879850648714e-20	0.713617740054087	0.156	0.044	2.62098836877578e-15	MIB1	c30
8.07642146299594e-20	0.159510086735206	0.452	0.186	2.72126944774185e-15	GLTP	c30
8.4131897061176e-20	0.459965681218071	0.171	0.051	2.83474013957926e-15	BPNT1	c30
8.42644589695121e-20	1.28082498186483	0.1	0.022	2.83920668051874e-15	GNA12	c30
8.55965884295273e-20	0.363640823051624	0.607	0.279	2.88409145054449e-15	DEGS1	c30
8.57637289437427e-20	0.422202676463174	0.202	0.065	2.88972308303047e-15	TICAM1	c30
8.6276709191023e-20	0.39310866496303	0.252	0.088	2.90700743948233e-15	SLC39A6	c30
8.78770323400388e-20	0.679662663293691	0.125	0.031	2.96092872766527e-15	FUZ	c30
8.84710978105647e-20	0.501078147122706	0.885	0.5	2.98094516962917e-15	TBCB	c30
8.9013602500169e-20	1.09815320351022	0.081	0.015	2.9992243226407e-15	CREB3L4	c30
8.9641883702371e-20	0.815027877682799	0.1	0.022	3.02039362946769e-15	FARP2	c30
9.01493540679983e-20	1.56577877201793	0.062	0.01	3.03749233596714e-15	NHS	c30
9.04414122579816e-20	0.382164643453382	0.71	0.333	3.04733294462043e-15	KDELR2	c30
9.10076160096608e-20	0.551751217681068	0.143	0.039	3.06641061382951e-15	TFAP4	c30
9.16216277711192e-20	0.24824705908448	0.52	0.224	3.08709912612009e-15	CHORDC1	c30
9.22866806092873e-20	0.224354460252398	0.47	0.197	3.10950741644933e-15	PROSC	c30
9.38486134211398e-20	0.559981865328891	0.735	0.386	3.16213518061188e-15	VASP	c30
9.4062018198643e-20	0.600118657571519	0.146	0.04	3.16932564118508e-15	MMAA	c30
9.92288795465694e-20	0.159860253563063	0.343	0.131	3.34341786744211e-15	C18orf8	c30
1.0261005737997e-19	0.32944587365967	0.636	0.286	3.4573432733607e-15	CPNE1	c30
1.04077593565274e-19	0.305759325581229	0.193	0.06	3.50679043758834e-15	RBM34	c30
1.07420848907786e-19	2.73580888575107	0.028	0.002	3.61943808309895e-15	GPR137C	c30
1.08941182810355e-19	0.696915168043568	0.1	0.022	3.67066421361211e-15	TIAM2	c30
1.09274691196174e-19	0.258234094160692	0.349	0.136	3.6819014451639e-15	CCNB1IP1	c30
1.09805201250256e-19	0.311517462173785	0.243	0.084	3.69977645092612e-15	EXOSC6	c30
1.1145840514563e-19	1.10526320192697	0.087	0.018	3.75547950297685e-15	PUS7	c30
1.13602136130435e-19	0.379517181458345	0.71	0.336	3.82771037477889e-15	ANAPC5	c30
1.1399307526277e-19	0.15492631787814	0.255	0.089	3.84088267790376e-15	DYRK4	c30
1.14167343121432e-19	0.195173073557654	0.299	0.111	3.84675445913353e-15	LEMD2	c30
1.15572183737853e-19	3.53287322042367	0.022	0.001	3.89408915886323e-15	CPXM1	c30
1.15576992490696e-19	1.36862340277809	0.062	0.01	3.8942511849815e-15	SLC41A2	c30
1.21579131356023e-19	0.499685374846143	0.442	0.198	4.09648725190983e-15	BHLHE40	c30
1.21989900231082e-19	0.191219908426778	0.318	0.121	4.11032769838607e-15	PPP1R21	c30
1.22638696586476e-19	2.59837939768205	0.022	0.001	4.13218824278473e-15	ANKLE1	c30
1.23523745643927e-19	2.65781471797667	0.022	0.001	4.16200908572649e-15	UGT8	c30
1.26153034257744e-19	0.258194392253073	0.24	0.082	4.25060033628043e-15	SCAMP4	c30
1.27784389550318e-19	0.396823012252458	0.745	0.358	4.30556722150842e-15	PGLS	c30
1.27976923713979e-19	3.2346338893606	0.012	0	4.31205446761881e-15	RP11-321N4.5	c30
1.27976923713979e-19	2.84711673726824	0.012	0	4.31205446761881e-15	RP11-872D17.4	c30
1.29594810126709e-19	0.183764848053438	0.486	0.204	4.36656753240933e-15	RNF138	c30
1.38291596246246e-19	0.267463013788435	0.561	0.246	4.65959704392101e-15	RSU1	c30
1.39322320224172e-19	0.149653086964877	0.315	0.118	4.69432625763326e-15	WDR20	c30
1.39996562597865e-19	0.327014304618499	0.358	0.143	4.71704418017246e-15	AGFG2	c30
1.41183417186615e-19	0.323194964349086	0.181	0.055	4.75703405868581e-15	NFS1	c30
1.41418114888451e-19	0.603875947376996	0.168	0.05	4.76494196305145e-15	TUBGCP5	c30
1.42300290334617e-19	0.399002405484103	0.623	0.286	4.79466598253457e-15	DENR	c30
1.43537398830734e-19	0.187144397267085	0.283	0.104	4.83634911620276e-15	ANO6	c30
1.45732735632774e-19	0.731716830490479	0.396	0.185	4.91031879441067e-15	ZNF683	c30
1.4821373472595e-19	0.107188500176937	0.393	0.156	4.99391357785616e-15	TMEM216	c30
1.48233269152708e-19	0.505529066842577	0.212	0.07	4.99457177083135e-15	ZDHHC21	c30
1.51676805249677e-19	0.166475701110405	0.449	0.185	5.11059827608262e-15	C1orf123	c30
1.52456861084246e-19	0.435413171616182	0.885	0.48	5.13688147737257e-15	IQGAP1	c30
1.52597365342494e-19	0.145425600291331	0.411	0.167	5.14161562784999e-15	HERC2	c30
1.54194686990207e-19	0.119905904685535	0.477	0.198	5.19543578344805e-15	LCMT1	c30
1.57911519810099e-19	0.171895971405243	0.452	0.186	5.32067074848147e-15	C12orf10	c30
1.58336534634389e-19	0.458692716830819	0.545	0.25	5.3349911979711e-15	ANKRD10	c30
1.58391362181544e-19	2.09311485803002	0.047	0.006	5.33683855734493e-15	PDLIM4	c30
1.58961624487703e-19	0.263597887152819	0.318	0.122	5.35605297548865e-15	TYW3	c30
1.6366885007425e-19	0.134867552187231	0.502	0.212	5.51465823440179e-15	MFSD14A	c30
1.64669273406534e-19	1.19376826199011	0.174	0.055	5.54836649815977e-15	KLRC1	c30
1.66428511070316e-19	0.307665227668932	0.417	0.178	5.60764225200323e-15	SNX9	c30
1.70275015976653e-19	0.310080741254755	0.47	0.201	5.73724638831733e-15	CALHM2	c30
1.71385323851046e-19	0.169885501432585	0.43	0.175	5.77465710183715e-15	C21orf59	c30
1.73990111503673e-19	0.222053744576923	0.312	0.118	5.86242281700475e-15	MAPK14	c30
1.76387160184396e-19	0.278940278938343	0.218	0.072	5.94318897525304e-15	UBE3C	c30
1.76908529184208e-19	0.378316648369756	0.667	0.312	5.96075598233269e-15	SH3GLB1	c30
1.77382444086597e-19	1.9145166562111	0.044	0.005	5.97672407105378e-15	LINC01547	c30
1.86657092856399e-19	0.334084167097858	0.221	0.074	6.28922408670352e-15	PPME1	c30
1.8893651378827e-19	1.45412567408723	0.047	0.006	6.36602689558197e-15	CTD-2186M15.3	c30
1.89355430469627e-19	0.429082344406716	0.779	0.39	6.38014187424362e-15	DDX46	c30
2.01666042450484e-19	0.81317605391966	0.137	0.037	6.79493563432661e-15	DLG3	c30
2.03666767172652e-19	0.13602913219148	0.343	0.133	6.86234805311535e-15	TYK2	c30
2.04113630796658e-19	0.727975730026917	0.131	0.034	6.87740467606258e-15	SULT1A1	c30
2.06743652912663e-19	0.492229154662969	0.928	0.675	6.96602064123925e-15	ABRACL	c30
2.09377686376516e-19	0.25383517437732	0.252	0.088	7.05477176477032e-15	C11orf54	c30
2.14051101125424e-19	0.175158727142793	0.467	0.194	7.21223780132005e-15	SHOC2	c30
2.14924782709135e-19	0.144883502406247	0.224	0.075	7.24167562860159e-15	SCRN3	c30
2.18541103184918e-19	0.711585975497017	0.153	0.043	7.36352393071261e-15	IL18RAP	c30
2.2009725016781e-19	0.291807516884533	0.352	0.14	7.41595674715419e-15	GPS2	c30
2.23597099738983e-19	1.39426712059497	0.062	0.01	7.53388067860528e-15	FLT1	c30
2.26980379286128e-19	3.07655666026056	0.044	0.005	7.64787689966681e-15	ACTG2	c30
2.27623970023872e-19	0.436870765693366	0.199	0.064	7.66956204598434e-15	MAPK3	c30
2.30554076127134e-19	0.538120695363382	0.134	0.035	7.76828904102765e-15	PINX1	c30
2.31651556598149e-19	0.100238883352445	0.464	0.193	7.80526754801802e-15	RAP1GDS1	c30
2.41355188679782e-19	3.20295954533112	0.019	0.001	8.13222172737659e-15	BCL2L2	c30
2.41453096137346e-19	0.370222293884567	0.698	0.334	8.13552062125175e-15	G3BP1	c30
2.41534603465923e-19	0.315082926642562	0.664	0.329	8.13826692918082e-15	PRF1	c30
2.43841400540691e-19	0.230149211033049	0.505	0.217	8.21599214981805e-15	GTF2E2	c30
2.46204192827346e-19	0.240855665667487	0.636	0.281	8.29560407312458e-15	EMC7	c30
2.46339045964776e-19	2.95408256375248	0.019	0.001	8.30014781473716e-15	RP11-315D16.2	c30
2.50418534010746e-19	0.279785827738384	0.526	0.229	8.43760208495809e-15	NCBP2	c30
2.51205881398692e-19	0.986330832768297	0.075	0.014	8.46413096784753e-15	SLC12A4	c30
2.5296117486219e-19	0.183163509123219	0.498	0.211	8.52327382580664e-15	TMEM126B	c30
2.53574182617845e-19	0.113204865898049	0.312	0.117	8.54392850912568e-15	RRP8	c30
2.57711639130431e-19	0.200026922868008	0.461	0.194	8.68333596886075e-15	UNC13D	c30
2.59049569915592e-19	0.820074666392745	0.112	0.027	8.72841620873595e-15	MVK	c30
2.60007919837068e-19	0.860832709099824	0.146	0.041	8.76070685099016e-15	B3GALT6	c30
2.65270970065833e-19	0.421313773942257	0.782	0.391	8.93804006539819e-15	KIF5B	c30
2.69504971754156e-19	0.35781378315402	0.657	0.309	9.08070051828452e-15	ANKRD11	c30
2.69757416071101e-19	-0.375516947555483	0.997	0.988	9.08920637709968e-15	RPL37A	c30
2.7301157144241e-19	0.90040532684201	0.097	0.021	9.19885188818056e-15	TMSB15B	c30
2.7435248940236e-19	0.429664068567168	0.171	0.051	9.24403277792311e-15	TADA1	c30
2.76873089267992e-19	0.133889447760647	0.386	0.155	9.32896186979573e-15	YAF2	c30
2.77919400545505e-19	0.260187069141717	0.162	0.047	9.36421628198024e-15	ENDOV	c30
2.78351305240501e-19	0.217502671237483	0.262	0.093	9.37876887877343e-15	C18orf21	c30
2.86855428558411e-19	0.156998504917585	0.358	0.142	9.6653068098471e-15	ZNF106	c30
2.87159092248663e-19	0.198650258533171	0.393	0.159	9.67553845422644e-15	LRPPRC	c30
2.89458856847584e-19	0.194348363254507	0.364	0.145	9.75302672262248e-15	MPHOSPH10	c30
2.89684209365555e-19	0.276489247381825	0.299	0.112	9.76061975036302e-15	DHRSX	c30
2.91442389595554e-19	2.8127603371236	0.025	0.002	9.8198598750326e-15	NDN	c30
2.91874098262723e-19	1.0188963606651	0.072	0.013	9.8344058668642e-15	RP11-214N9.1	c30
2.92363551884953e-19	0.695164953840864	0.882	0.591	9.85089751721162e-15	CTSD	c30
2.94752036978251e-19	0.170660807701686	0.427	0.178	9.93137513394519e-15	RBM5	c30
2.98953479860614e-19	0.298731565638305	0.505	0.223	1.00729385504235e-14	UBTF	c30
3.07161152819757e-19	1.08251783803722	0.087	0.018	1.03494878831089e-14	RP11-670E13.6	c30
3.20097887194382e-19	0.130084707153354	0.321	0.122	1.07853782111275e-14	C7orf55	c30
3.23544215565498e-19	0.335682638216708	0.271	0.099	1.09014987992639e-14	CC2D1A	c30
3.38818992885018e-19	0.265674568173575	0.455	0.191	1.14161671462678e-14	PEX2	c30
3.40100015683938e-19	0.279788448687294	0.255	0.091	1.14593299284546e-14	SNAPC2	c30
3.41113250617876e-19	0.56571524096852	0.174	0.053	1.14934698663187e-14	GUF1	c30
3.42238905296038e-19	0.436524582925776	0.227	0.078	1.15313976750447e-14	CTNNA1	c30
3.44518426162638e-19	0.164988481355899	0.293	0.108	1.16082038511239e-14	MED16	c30
3.49601908787782e-19	0.141894427553659	0.249	0.087	1.17794867146955e-14	ELP3	c30
3.51186448869368e-19	0.343635628855155	0.629	0.289	1.18328762082045e-14	SMARCA5	c30
3.5264364766192e-19	0.200928017457956	0.361	0.143	1.18819750643207e-14	BCL2L1	c30
3.61999773666852e-19	0.34212159101633	0.234	0.081	1.21972203739309e-14	ITPR3	c30
3.62399892423879e-19	0.230534181654708	0.24	0.083	1.22107019753302e-14	C6orf203	c30
3.68851855351919e-19	0.250051039312989	0.38	0.154	1.24280944142276e-14	YY1AP1	c30
3.71216310247196e-19	0.442224296022559	0.975	0.736	1.2507762357469e-14	UQCR10	c30
3.71963383267936e-19	0.491148631628611	0.14	0.038	1.25329342358298e-14	NELFB	c30
3.75239798949854e-19	0.297025394732476	0.34	0.133	1.26433297858164e-14	FAM105A	c30
3.78134902883399e-19	0.354466462404041	0.997	0.978	1.27408774177532e-14	ARHGDIB	c30
3.79274420511076e-19	1.73481414369068	0.05	0.007	1.27792723247002e-14	TMPRSS3	c30
3.90627898222521e-19	0.201287920001198	0.349	0.137	1.31618164027096e-14	BTN2A1	c30
3.91088121923375e-19	0.170448013633421	0.268	0.097	1.31773231800862e-14	ZNF195	c30
3.94244641464066e-19	2.1516548036312	0.037	0.004	1.32836789494902e-14	MT3	c30
3.95658418607249e-19	0.260629430190176	0.352	0.14	1.33313147565526e-14	DPH3	c30
4.00437241356172e-19	0.43942567979687	0.196	0.063	1.34923324102549e-14	METTL6	c30
4.04494309933865e-19	0.108075028694987	0.474	0.197	1.36290312789117e-14	PHAX	c30
4.10742015714813e-19	0.237457504100645	0.305	0.116	1.38395414774949e-14	SH2D3C	c30
4.12861018040819e-19	1.40711576478472	0.053	0.008	1.39109391418674e-14	FAM72A	c30
4.17084697212278e-19	1.00832374646947	0.069	0.012	1.40532517878705e-14	F8A3	c30
4.17528975613195e-19	0.472045728700489	0.688	0.342	1.4068221304311e-14	TMEM109	c30
4.29960537853192e-19	0.386886750905541	0.162	0.047	1.44870903624254e-14	IPP	c30
4.43583284197606e-19	0.188569077684596	0.542	0.237	1.49460951777541e-14	WAC	c30
4.49712357492672e-19	0.407785605921861	0.174	0.053	1.51526081733581e-14	PTPN23	c30
4.5892678188302e-19	0.806542345770719	0.118	0.029	1.54630789887665e-14	SLC2A13	c30
4.64589682360522e-19	0.311798054413634	0.24	0.084	1.56538847574554e-14	GPATCH2	c30
4.67689294088726e-19	0.237741007340748	0.551	0.243	1.57583230750255e-14	DOCK2	c30
4.70031743721566e-19	0.29990771695668	0.33	0.129	1.58372495729544e-14	FUOM	c30
4.78495682550338e-19	0.257872693990438	0.551	0.245	1.61224335278511e-14	ATXN2L	c30
4.79524802723203e-19	0.164739194786374	0.452	0.19	1.61571087029556e-14	RHOT2	c30
4.80253067116184e-19	0.137535302284518	0.467	0.197	1.61816468434127e-14	ZDHHC6	c30
4.94234486623434e-19	0.211688311077092	0.215	0.072	1.665273679229e-14	TRAPPC13	c30
5.10194350195188e-19	0.23459590228646	0.38	0.153	1.71904884354767e-14	DEDD	c30
5.10527265512073e-19	0.361539633610167	0.218	0.073	1.72017056841638e-14	ARFIP1	c30
5.10963137284084e-19	0.251953865805349	0.265	0.096	1.72163919476499e-14	AP4B1	c30
5.21587718617164e-19	0.225469945170149	0.542	0.236	1.75743765910867e-14	SAFB	c30
5.26326163615232e-19	0.646955565791888	0.115	0.028	1.77340337568516e-14	NAP1L5	c30
5.36271376364772e-19	0.119335398906597	0.414	0.17	1.80691277552346e-14	STX5	c30
5.43605002238708e-19	0.534225480625202	0.196	0.064	1.8316226945431e-14	RP11-488L18.8	c30
5.52155051168963e-19	0.248059094146171	0.283	0.105	1.8604312294087e-14	NEK1	c30
5.59439651513345e-19	0.512959080192294	0.162	0.048	1.88497596180907e-14	CCDC102A	c30
5.72034195386978e-19	0.3425694621318	0.623	0.287	1.92741201793688e-14	DCAF7	c30
5.76127287014654e-19	0.437027381750302	0.168	0.05	1.94120328086718e-14	NEK4	c30
5.76629733424857e-19	0.223487591827274	0.545	0.238	1.94289622380171e-14	UBE2J1	c30
5.7711851834673e-19	0.488089431048841	0.193	0.062	1.94454313571747e-14	RIT1	c30
5.82794684774268e-19	0.705840609279003	0.125	0.032	1.96366841087842e-14	ZNF599	c30
5.89323505175928e-19	0.789767991877614	0.171	0.053	1.98566661833977e-14	FGL2	c30
6.04835575452514e-19	0.379760339644408	0.202	0.066	2.0379329879297e-14	GLYCTK	c30
6.17021503937572e-19	0.541717892451532	0.938	0.633	2.07899225536725e-14	C9orf16	c30
6.19062205333e-19	0.443872686327412	0.184	0.058	2.08586819464901e-14	C2orf76	c30
6.21000256151709e-19	3.11818528814647	0.025	0.002	2.09239826307757e-14	RP11-443B7.3	c30
6.26864101899438e-19	0.290321179162415	0.639	0.29	2.11215590493997e-14	PIH1D1	c30
6.32228548776867e-19	0.333313229863113	0.218	0.073	2.13023087224878e-14	FAM50B	c30
6.42431190906243e-19	0.211502940893227	0.495	0.214	2.1646076546395e-14	AP2B1	c30
6.43722155079663e-19	0.226844491669568	0.24	0.083	2.16895742932542e-14	SNX12	c30
6.56557744887188e-19	0.480589906739904	0.156	0.045	2.21220566562289e-14	BOLA2B	c30
6.67553280560193e-19	0.728855457105494	0.15	0.043	2.24925402351951e-14	C15orf39	c30
6.7391584594096e-19	0.321068469756024	0.692	0.32	2.27069205131347e-14	RTF1	c30
6.8266087963834e-19	0.97954308347179	0.112	0.027	2.30015756785342e-14	PKD2	c30
6.86682747104088e-19	0.526106135469693	0.156	0.045	2.31370884809251e-14	MROH1	c30
6.87367125647702e-19	0.380527171054128	0.206	0.068	2.31601479315737e-14	THEM6	c30
6.97874614663083e-19	0.147578055933532	0.302	0.115	2.35141872664579e-14	FAM217B	c30
7.04180853248161e-19	0.200628243728154	0.598	0.267	2.37266696693435e-14	COA1	c30
7.15136024402959e-19	0.146692774921283	0.439	0.184	2.40957932062333e-14	ZC3H7A	c30
7.23762658627196e-19	0.358710227085394	0.19	0.06	2.43864590197847e-14	CNEP1R1	c30
7.26462529137239e-19	0.196759625370563	0.262	0.094	2.44774284567501e-14	CLPX	c30
7.27386476392802e-19	0.369067235288607	0.576	0.265	2.45085599355791e-14	SMARCA2	c30
7.27413598612049e-19	0.609086440778427	0.143	0.04	2.45094737916344e-14	SPATS2	c30
7.28594559873107e-19	0.182650470707231	0.374	0.15	2.45492651003645e-14	CWC22	c30
7.34797759886083e-19	0.339891907771026	0.246	0.088	2.47582757216017e-14	DLG1	c30
7.41088294353381e-19	0.266403298454307	0.246	0.087	2.49702289899428e-14	ASB16-AS1	c30
7.43647243497303e-19	0.155109525127493	0.324	0.125	2.50564502223981e-14	POM121C	c30
7.4389560890951e-19	0.199304523735707	0.542	0.238	2.5064818646597e-14	NCKAP1L	c30
7.60287144919522e-19	0.526482667836305	0.196	0.064	2.56171150609184e-14	INTS9	c30
7.8948485155722e-19	0.142777594764771	0.455	0.191	2.6600902588369e-14	CDS2	c30
8.16411359507434e-19	0.350249125270049	0.202	0.066	2.75081643472435e-14	HSPA13	c30
8.20561399383816e-19	0.608252847257945	0.174	0.054	2.76479957908383e-14	B9D2	c30
8.3855065031164e-19	0.246774965820008	0.352	0.141	2.82541256116004e-14	DDHD1	c30
8.58110603597394e-19	0.111830206239057	0.368	0.147	2.89131786776106e-14	TRPM7	c30
8.58659536773237e-19	0.255995585641919	0.442	0.19	2.89316744320374e-14	FAM208A	c30
8.72064577317235e-19	0.157846258589171	0.343	0.135	2.93833438681269e-14	SMARCD1	c30
8.78267365480363e-19	0.691220415761552	0.103	0.024	2.95923406124954e-14	ALG14	c30
8.8157541136143e-19	-0.883490372128054	0.838	0.745	2.9703801910412e-14	STK4	c30
8.82409188013892e-19	0.270386598812442	0.196	0.063	2.97318951809401e-14	PTER	c30
8.88826707205358e-19	0.672729745559291	0.134	0.036	2.99481270725773e-14	MED18	c30
9.02002869308709e-19	0.106251110397329	0.371	0.148	3.03920846784877e-14	SCOC	c30
9.14047776780649e-19	0.186389494229873	0.333	0.131	3.07979257908472e-14	POLK	c30
9.14336792841587e-19	0.326025098452589	0.187	0.059	3.08076638980044e-14	KLHL18	c30
9.33963459059497e-19	0.211422284519408	0.371	0.149	3.14689647895507e-14	COPS7A	c30
9.40756935577318e-19	0.249921617088973	0.237	0.082	3.16978641873422e-14	RBBP5	c30
9.83450135707989e-19	0.142484533132096	0.315	0.12	3.3136368872545e-14	RXRB	c30
1.01585928976557e-18	0.169758114667669	0.315	0.121	3.42283629093611e-14	GLMN	c30
1.0259235268929e-18	0.224148358776284	0.234	0.081	3.45674673151293e-14	CCDC94	c30
1.03893411571185e-18	0.121490627521911	0.396	0.162	3.50058460947952e-14	MPPE1	c30
1.04226756708436e-18	0.836461078205752	0.093	0.02	3.51181634053404e-14	INTS6-AS1	c30
1.05443837707677e-18	1.90194847454612	0.04	0.005	3.55282466772247e-14	CARD9	c30
1.06804896836246e-18	0.449799915009919	0.146	0.041	3.59868419400048e-14	ALMS1	c30
1.07736125031666e-18	0.254603578739187	0.676	0.304	3.63006099681694e-14	ATG12	c30
1.08810372865818e-18	0.472137728600533	0.891	0.512	3.66625670334086e-14	CYCS	c30
1.09382658349586e-18	1.12280255760985	0.072	0.013	3.68553929043097e-14	NCR1	c30
1.09781714389841e-18	0.241134403237138	0.199	0.065	3.69898508465129e-14	LRRC23	c30
1.10661314915727e-18	0.700869200680609	0.081	0.016	3.72862234477051e-14	TET3	c30
1.11873648102835e-18	0.421369929225722	0.327	0.131	3.76947069917692e-14	TRAF3	c30
1.13532770439322e-18	0.14563441582353	0.318	0.122	3.82537316718253e-14	CREB3	c30
1.1576114713451e-18	0.605735396358662	0.196	0.064	3.90045609155019e-14	EYA3	c30
1.17272438771804e-18	0.28652973383824	0.268	0.098	3.95137755197718e-14	KLHL22	c30
1.20241553812482e-18	0.719788507556371	0.153	0.045	4.05141891415778e-14	LINC01480	c30
1.22717314378508e-18	1.31846629533611	0.056	0.009	4.13483719066946e-14	RALY-AS1	c30
1.23775353216677e-18	0.199047256926818	0.548	0.241	4.17048675128271e-14	DDX50	c30
1.25649888145698e-18	-0.988632917354304	0.769	0.694	4.23364733118114e-14	EIF4B	c30
1.27580899055704e-18	1.52616747126927	0.062	0.01	4.29871081278289e-14	KPTN	c30
1.31441280655166e-18	0.18911247472572	0.287	0.107	4.42878251039516e-14	TTC9C	c30
1.33187119531083e-18	0.164140454719703	0.252	0.09	4.48760680548031e-14	RNF219	c30
1.40565888381136e-18	0.194616213834408	0.224	0.077	4.736227043114e-14	ZNF544	c30
1.40947504376856e-18	0.245498805847848	0.277	0.103	4.74908521247377e-14	DDX59	c30
1.41310407523469e-18	1.07691738266579	0.075	0.014	4.76131287109576e-14	C19orf54	c30
1.41414992726378e-18	0.300635544979918	0.249	0.089	4.76483676492259e-14	TMA16	c30
1.42525654881492e-18	0.48257675405753	0.885	0.52	4.802259415577e-14	SF3B5	c30
1.44258250531284e-18	0.601380018684202	0.869	0.55	4.86063749340107e-14	PRDX2	c30
1.44858004335876e-18	2.36582811659308	0.028	0.002	4.88084559809301e-14	PHKA1	c30
1.46621487589765e-18	0.369178926259034	0.209	0.07	4.94026440284954e-14	ARSG	c30
1.484310775148e-18	0.536013469436302	0.841	0.513	5.00123672578365e-14	NDUFC1	c30
1.48627516312342e-18	0.42540087650527	0.196	0.064	5.00785553462805e-14	MINPP1	c30
1.49401848984082e-18	0.20996024356024	0.371	0.151	5.03394589966966e-14	IKBKB	c30
1.49722469902764e-18	0.212167557520315	0.324	0.127	5.04474890090374e-14	EPM2AIP1	c30
1.61836218415873e-18	0.197127524628963	0.368	0.149	5.45290954330442e-14	AGA	c30
1.61924577632537e-18	0.255584812948976	0.667	0.303	5.45588671875069e-14	NDUFB5	c30
1.62547750003141e-18	0.207898728685594	0.383	0.156	5.47688388860584e-14	TMEM101	c30
1.65068718838171e-18	0.146861092322974	0.299	0.114	5.56182541253334e-14	SLC25A32	c30
1.6519604960067e-18	0.300182994584416	0.218	0.074	5.56611569524496e-14	MAP7D3	c30
1.68761109291407e-18	0.406092280704036	0.495	0.231	5.68623681646467e-14	JAML	c30
1.6965927652379e-18	0.410617385705868	0.24	0.086	5.71649966319257e-14	GADD45A	c30
1.71319469146039e-18	0.199503896159495	0.474	0.203	5.77243819340664e-14	PPP2R2A	c30
1.71899241291395e-18	0.235984094718137	0.15	0.043	5.79197303607226e-14	PXMP4	c30
1.76261510169399e-18	0.207836504070037	0.598	0.268	5.93895532364775e-14	DAXX	c30
1.77065203307545e-18	0.13862049641112	0.386	0.158	5.96603496024443e-14	RRN3	c30
1.81239226063263e-18	0.286942535079037	0.265	0.097	6.10667448297557e-14	C5orf51	c30
1.83057021627493e-18	3.94529271989466	0.012	0	6.16792328671676e-14	CH507-154B10.2	c30
1.84898776853756e-18	3.92779669427892	0.012	0	6.22997938731046e-14	TNFRSF19	c30
1.85393382790152e-18	0.331902736136771	0.252	0.092	6.24664463973138e-14	OTULIN	c30
1.85959411251895e-18	3.2524208005228	0.012	0	6.26571640272136e-14	DPEP3	c30
1.87827217772402e-18	0.239636937146886	0.498	0.217	6.32865027562332e-14	JAGN1	c30
1.89444048464619e-18	0.238307501033268	0.324	0.128	6.38312776896687e-14	VEZT	c30
1.91104018974393e-18	3.39832154284382	0.016	0.001	6.43905881532319e-14	IL26	c30
1.91325068054095e-18	3.80918472228801	0.016	0.001	6.44650684301468e-14	ATP2A1	c30
1.93126347066965e-18	0.526525325047477	0.187	0.06	6.50719913807432e-14	SIMC1	c30
1.93174769630517e-18	0.197312111147732	0.48	0.205	6.50883068793065e-14	NCBP2-AS2	c30
1.93268255414589e-18	0.491939831054902	0.159	0.047	6.51198059793918e-14	RIC8B	c30
1.99899460086908e-18	0.197613801095329	0.611	0.27	6.73541240816829e-14	AIMP1	c30
2.05267998106415e-18	0.349585502301899	0.171	0.053	6.91629992819755e-14	GRPEL2	c30
2.08595408830683e-18	0.369747357681688	0.206	0.069	7.02841370514103e-14	STK39	c30
2.11346137036893e-18	0.945672952774553	0.097	0.022	7.12109674132106e-14	SPECC1	c30
2.12347625723374e-18	0.197383514969125	0.526	0.23	7.15484090112336e-14	PPIE	c30
2.13303851965393e-18	0.214872590529203	0.551	0.248	7.18705998812195e-14	BDP1	c30
2.13820443239557e-18	0.273607271839864	0.427	0.183	7.20446601451363e-14	GLS	c30
2.15765951573337e-18	1.54904446262362	0.103	0.024	7.27001797231202e-14	SYNGR3	c30
2.17608058611221e-18	0.197454557045186	0.474	0.203	7.33208592684649e-14	GNPAT	c30
2.18751369687744e-18	0.216230260476198	0.464	0.197	7.37060865025885e-14	MALSU1	c30
2.21199979884762e-18	1.68759260752225	0.05	0.007	7.45311212223717e-14	TJP2	c30
2.22326264774249e-18	0.176757515154769	0.368	0.148	7.49106116530355e-14	NOA1	c30
2.24550070815678e-18	0.176940447902904	0.352	0.141	7.56599008606344e-14	TOLLIP	c30
2.28946874986366e-18	0.376031235202883	0.402	0.173	7.71413600579061e-14	CLSTN3	c30
2.30824904192373e-18	2.98257497079609	0.022	0.001	7.77741432185782e-14	ABCG2	c30
2.33510033702127e-18	0.601436914584061	0.15	0.043	7.86788707555948e-14	SPECC1L	c30
2.3453992256162e-18	0.208696627524069	0.598	0.266	7.90258815079121e-14	PTDSS1	c30
2.35551764933551e-18	0.179730227267646	0.296	0.113	7.93668116767107e-14	NCOA1	c30
2.35699032534649e-18	1.71907652473186	0.053	0.008	7.94164320222246e-14	CAMSAP2	c30
2.36688545142434e-18	0.238282337132087	0.187	0.06	7.97498384002918e-14	SPHK2	c30
2.3734878370395e-18	0.443766773413284	0.66	0.343	7.9972299181209e-14	XAF1	c30
2.38638127148928e-18	1.01471989055226	0.09	0.02	8.04067305615598e-14	SLC9A7	c30
2.4189050904409e-18	0.430054046282405	0.972	0.75	8.15025881173158e-14	PTGES3	c30
2.48579857362472e-18	0.136326916510291	0.265	0.097	8.37564971397113e-14	PIGB	c30
2.54966047136406e-18	0.41755318884958	0.193	0.063	8.59082599221406e-14	PDHX	c30
2.55314500947463e-18	0.409577315959649	0.171	0.053	8.60256679492383e-14	ACBD3	c30
2.55506511634476e-18	0.448027850789914	0.143	0.04	8.60903640301204e-14	TAOK2	c30
2.63873401526935e-18	0.217443425978684	0.558	0.249	8.89095039104855e-14	RFTN1	c30
2.66394706174088e-18	2.33422047790721	0.037	0.004	8.97590322982973e-14	FHL2	c30
2.67200769156737e-18	0.842425683391765	0.097	0.022	9.00306271596709e-14	TMEM110	c30
2.6785977943848e-18	0.342465401022929	0.234	0.082	9.02526740840015e-14	RNF25	c30
2.70783411216694e-18	0.481641536944371	0.184	0.059	9.12377625753529e-14	PHYH	c30
2.76905065710135e-18	0.268326219501356	0.601	0.273	9.33003928403727e-14	C18orf32	c30
2.77581056156959e-18	3.21348590164164	0.025	0.002	9.35281610615259e-14	NUAK1	c30
2.79036671592074e-18	0.468674803465704	0.196	0.065	9.40186161262336e-14	FAM91A1	c30
2.82132588738851e-18	1.11626153207703	0.078	0.015	9.50617544496685e-14	GRK4	c30
2.85083566696733e-18	0.204724521040491	0.318	0.125	9.60560569627972e-14	RSPRY1	c30
2.86005650189012e-18	0.189139108523917	0.498	0.217	9.63667437746858e-14	POLR2J3	c30
2.86378950379524e-18	0.466952404490388	0.891	0.51	9.64925235408767e-14	RNF167	c30
2.92865368286882e-18	0.457433620479089	0.869	0.467	9.86780571905822e-14	NDUFS7	c30
2.95404196336888e-18	0.277162764351309	0.296	0.113	9.95334899137511e-14	IFT57	c30
2.95726645187742e-18	0.135019468956128	0.336	0.134	9.96421358295578e-14	CHD8	c30
2.99063283288225e-18	0.678508878504888	0.115	0.029	1.00766382671135e-13	TTLL5	c30
3.02582042727667e-18	3.08751735020399	0.019	0.001	1.0195199347666e-13	RP1-90J4.1	c30
3.06764129382278e-18	0.54724694185274	0.888	0.513	1.03361105754065e-13	HP1BP3	c30
3.17456842925638e-18	0.492052152248802	0.928	0.576	1.06963908655364e-13	UBE2L6	c30
3.18555832992576e-18	0.310920700679873	0.548	0.252	1.07334202368519e-13	ATP2A3	c30
3.27703798292042e-18	0.278950483266271	0.28	0.106	1.1041651779652e-13	SLC6A6	c30
3.27759961438695e-18	0.903268149979817	0.112	0.028	1.10435441407154e-13	POU2AF1	c30
3.28430152500259e-18	0.308137488760625	0.234	0.082	1.10661255583437e-13	PNO1	c30
3.30132111388588e-18	0.371622712981091	0.822	0.401	1.11234713611271e-13	METTL9	c30
3.34016967846281e-18	0.218658442572863	0.255	0.093	1.12543677146126e-13	MON1B	c30
3.4430026477404e-18	0.160413164226479	0.268	0.099	1.16008531212965e-13	TAF8	c30
3.61640825719783e-18	0.212812276076083	0.62	0.276	1.21851259818024e-13	MPLKIP	c30
3.69136215300932e-18	0.209387578036648	0.567	0.252	1.24376756383496e-13	RNF5	c30
3.78573565972449e-18	0.51799647145727	0.156	0.046	1.27556577318757e-13	LDB1	c30
3.79749720519731e-18	1.53432802947063	0.053	0.008	1.27952870831918e-13	HIST1H2BB	c30
3.8836667915601e-18	0.302343488528332	0.567	0.263	1.30856268874826e-13	SAMD9	c30
3.93587205586277e-18	0.226744402690714	0.15	0.043	1.3261527305024e-13	TSNAX	c30
4.07172337752285e-18	0.222642828896979	0.187	0.06	1.37192647482255e-13	COG8	c30
4.09454896027141e-18	0.201019600185205	0.355	0.145	1.37961732667385e-13	GAK	c30
4.09561282600044e-18	0.128008657981852	0.299	0.115	1.37997578559259e-13	SLC30A5	c30
4.12105356731284e-18	0.11308190142965	0.449	0.19	1.38854778897039e-13	TBC1D5	c30
4.12218372170594e-18	0.312810403569681	0.33	0.133	1.3889285831916e-13	C6orf226	c30
4.12663579320045e-18	0.170740828023548	0.212	0.072	1.39042866416096e-13	QRSL1	c30
4.22433456446464e-18	0.270498112315749	0.664	0.306	1.42334728815072e-13	MRPS18B	c30
4.5331020973425e-18	0.121847850814242	0.474	0.203	1.52738342067858e-13	USP47	c30
4.74627290557856e-18	0.317601795332569	0.296	0.116	1.59920919280564e-13	SMG7	c30
4.77288778488566e-18	0.302217788905618	0.371	0.154	1.60817681023937e-13	ASCC3	c30
4.79028544401767e-18	0.653595345023541	0.137	0.038	1.61403877750731e-13	RP11-357H14.17	c30
4.80610134246214e-18	1.04545229000508	0.069	0.012	1.6193677863292e-13	ANKDD1A	c30
4.86188380449704e-18	0.255231668140171	0.467	0.203	1.63816312908723e-13	TPGS1	c30
5.01572929506476e-18	0.40643732918907	0.19	0.062	1.68999982867912e-13	NSUN3	c30
5.05658879483795e-18	0.170751254925687	0.364	0.149	1.7037670285327e-13	TMEM87B	c30
5.35653759142695e-18	0.2267756913182	0.221	0.077	1.8048317760554e-13	FAM53C	c30
5.37240928958978e-18	0.150939065957424	0.315	0.123	1.81017958603438e-13	UCKL1	c30
5.38484543703442e-18	0.296986743120228	0.685	0.321	1.81436982155438e-13	TXNDC12	c30
5.41703292346186e-18	0.313551722532404	0.414	0.177	1.82521507323124e-13	PPP4R3A	c30
5.45882138234697e-18	0.234399044459507	0.417	0.178	1.83929527656799e-13	RUNX1	c30
5.55530785632841e-18	0.672153380180937	0.137	0.038	1.87180542911129e-13	B3GLCT	c30
5.68358143835637e-18	0.622448991079291	0.773	0.421	1.9150259298398e-13	C1QBP	c30
5.68394486401208e-18	0.173954150118	0.424	0.18	1.91514838248023e-13	INTS10	c30
5.78773552575367e-18	0.576089865662326	0.181	0.058	1.95011960804744e-13	ADNP	c30
5.82580041576683e-18	0.462413081253793	0.159	0.048	1.96294519208847e-13	CTU2	c30
5.85579849439072e-18	0.103181877349798	0.358	0.146	1.97305274470001e-13	SGF29	c30
5.88484153373214e-18	0.336700244249335	0.174	0.055	1.98283850637571e-13	BCKDHB	c30
6.04614544304669e-18	0.306956430154993	0.601	0.275	2.03718824558015e-13	RAB10	c30
6.17818745410372e-18	0.475800006900215	0.15	0.044	2.08167848078571e-13	VPS18	c30
6.19818735498665e-18	0.52428815382811	0.206	0.071	2.0884172473892e-13	CD83	c30
6.23745647320483e-18	0.208436181144452	0.449	0.195	2.10164858408163e-13	PRRC2A	c30
6.25173857093414e-18	0.401354666635669	0.181	0.058	2.10646079409055e-13	ST7L	c30
6.27107132189115e-18	0.434195965864883	0.19	0.062	2.112974771198e-13	GRAMD3	c30
6.29544963896852e-18	0.572572362001865	0.121	0.032	2.12118880135405e-13	ARHGEF18	c30
6.32444450937142e-18	0.270904266677738	0.231	0.081	2.13095833298761e-13	AC093323.3	c30
6.34765266564299e-18	1.06448379729641	0.065	0.012	2.13877808916175e-13	CEP112	c30
6.41100435701596e-18	1.47517427475172	0.037	0.004	2.16012380805296e-13	TTC26	c30
6.42631919387436e-18	0.798421906951166	0.128	0.035	2.16528398918403e-13	CENPB	c30
6.47929537441774e-18	0.466598639434969	0.854	0.484	2.18313378345631e-13	ACTR2	c30
6.50824603384217e-18	0.453661098182083	0.944	0.707	2.19288841864278e-13	NDUFA1	c30
6.56961261006325e-18	0.202473167131057	0.324	0.128	2.21356527283471e-13	PGS1	c30
6.76910738791091e-18	0.943928504134097	0.087	0.019	2.2807830432827e-13	KCNK12	c30
6.80879221542264e-18	0.355007410768405	0.215	0.074	2.2941544490645e-13	SLC35A3	c30
7.3912185370966e-18	0.901040514631388	0.1	0.023	2.49039717388933e-13	IQCE	c30
7.44095038627695e-18	0.26740498052756	0.212	0.073	2.50715382315216e-13	CTB-31O20.2	c30
7.44997232545931e-18	0.470388531822921	0.215	0.075	2.51019367534026e-13	MED14	c30
7.46270755741936e-18	0.311845917366497	0.227	0.081	2.51448468439688e-13	DDX26B	c30
7.69629514586428e-18	0.688054483581919	0.121	0.032	2.59318968644751e-13	AC002310.12	c30
7.74375672315715e-18	-0.338820796146923	1	0.998	2.60918139030057e-13	MT-CO1	c30
7.9475245970988e-18	0.738024264519474	0.128	0.035	2.67783893774647e-13	ZNF700	c30
7.9913033712813e-18	0.303310483324339	0.464	0.204	2.69258975791952e-13	SNHG15	c30
8.06171545998235e-18	0.499473922579326	0.146	0.042	2.71631440708645e-13	ZNF562	c30
8.14960801301438e-18	0.150227363574388	0.28	0.106	2.74592892390507e-13	RNF6	c30
8.60117011932073e-18	0.143703186546281	0.271	0.102	2.89807826000393e-13	KIAA1429	c30
8.66039919857896e-18	0.620479848811031	0.19	0.063	2.91803490596919e-13	STAG3	c30
8.77582383225042e-18	0.543681107104814	0.14	0.04	2.95692608203846e-13	FAM221A	c30
8.81658698262567e-18	0.758319042465863	0.424	0.206	2.97066081792589e-13	CAPG	c30
8.93992697551659e-18	0.341069356952559	0.433	0.188	3.01221899513056e-13	ACBD6	c30
8.99832903906426e-18	1.16827930860963	0.1	0.024	3.03189698642231e-13	STOML1	c30
9.01907161151018e-18	0.301484080104534	0.601	0.281	3.03888598878224e-13	CTDSP1	c30
9.34017793955431e-18	2.26948541184949	0.031	0.003	3.14707955495343e-13	IL1RN	c30
9.5235268431573e-18	0.6627172027042	0.106	0.026	3.20885713453342e-13	TOMM40L	c30
9.59327868745666e-18	0.673069764932451	0.118	0.031	3.23235932095165e-13	STX2	c30
9.65929031003408e-18	3.79434785396514	0.016	0.001	3.25460127706288e-13	CTD-2288O8.1	c30
9.79683552197073e-18	0.421825404161151	0.153	0.046	3.30094576077282e-13	UTP20	c30
9.94088173909027e-18	0.218748510448688	0.268	0.1	3.34948069316908e-13	MNAT1	c30
9.98867439102378e-18	0.922612767287297	0.081	0.017	3.36558394931155e-13	ZNF530	c30
1.00412340726616e-17	0.18686933323851	0.287	0.109	3.38329340844261e-13	TMEM69	c30
1.0498006026007e-17	0.305162586568918	0.598	0.28	3.5371981504028e-13	RALA	c30
1.06208178960296e-17	0.421323154547156	0.184	0.06	3.5785783818882e-13	ZNF836	c30
1.07279030753589e-17	0.315173533923236	0.682	0.32	3.61465966221142e-13	POLR2F	c30
1.07331445374961e-17	0.597408190327788	0.125	0.033	3.61642572046394e-13	LETM2	c30
1.10499288405197e-17	0.632696674911355	0.14	0.04	3.72316302352471e-13	FAM173B	c30
1.11112140693172e-17	0.359362802193701	0.199	0.067	3.74381246851575e-13	UBE2Q1	c30
1.1194754418584e-17	0.173595202971573	0.305	0.119	3.7719605537977e-13	TMEM156	c30
1.1207235623121e-17	0.265375960009917	0.178	0.057	3.77616597085437e-13	AGPAT3	c30
1.1245710900125e-17	0.404179533176509	0.137	0.039	3.78912983068812e-13	ROCK2	c30
1.13627616473811e-17	0.523729765265223	0.916	0.622	3.82856890946858e-13	PDIA3	c30
1.15480352087793e-17	0.207568109548126	0.38	0.157	3.8909949832461e-13	PEX11B	c30
1.16144325487834e-17	0.191116556501055	0.536	0.239	3.91336690298709e-13	POLR2A	c30
1.16704642814135e-17	0.239757168151141	0.231	0.082	3.93224623497948e-13	NDUFAF7	c30
1.1926044052501e-17	0.277167304491317	0.72	0.349	4.01836128304969e-13	TANK	c30
1.19271499638015e-17	0.420871595250976	0.779	0.405	4.01873390880327e-13	C17orf62	c30
1.21196302143303e-17	0.217501172359894	0.246	0.09	4.08358820441644e-13	WDR36	c30
1.22324529009495e-17	2.40337149054127	0.025	0.002	4.12160268044593e-13	BEND4	c30
1.23523946046531e-17	0.235208137156298	0.368	0.153	4.16201583809182e-13	TXNDC11	c30
1.24161839280802e-17	0.20963693318813	0.271	0.102	4.18350901272733e-13	CPSF2	c30
1.26554588823911e-17	0.457344276928447	0.947	0.685	4.26413031583284e-13	PLP2	c30
1.26892488459534e-17	0.939814997626341	0.097	0.023	4.27551550615554e-13	DNAJA4	c30
1.26924503329704e-17	0.358374398323066	0.171	0.054	4.27659421519106e-13	ATPAF2	c30
1.26966049254832e-17	0.357863803255394	0.685	0.329	4.2779940635923e-13	FKBP2	c30
1.27293820844285e-17	0.381894994211565	0.67	0.339	4.28903799952733e-13	IRF7	c30
1.28104295659169e-17	1.51391186826617	0.05	0.007	4.31634613794004e-13	IPO9-AS1	c30
1.28927597095485e-17	0.470209341070616	0.193	0.064	4.34408645653528e-13	C2CD3	c30
1.29391392654568e-17	0.206768983282768	0.29	0.114	4.35971358410301e-13	TSHZ2	c30
1.31381411527023e-17	0.281928312368944	0.315	0.125	4.42676527999151e-13	MOAP1	c30
1.31492451448008e-17	0.350764246380085	0.174	0.056	4.43050665908917e-13	SNAPC1	c30
1.31567311526556e-17	0.777977471329635	0.121	0.032	4.43302899457578e-13	FAM189B	c30
1.32742929546745e-17	0.450205695292771	0.944	0.631	4.47264026814801e-13	KHDRBS1	c30
1.33311044760524e-17	0.92337787232885	0.106	0.026	4.49178234216109e-13	QSER1	c30
1.36863917915601e-17	0.173679606319304	0.561	0.254	4.61149285024828e-13	FAM133B	c30
1.38008798438296e-17	0.156197249801471	0.29	0.111	4.65006845457995e-13	TPRA1	c30
1.38132612110081e-17	0.329640287430466	0.988	0.889	4.65424023243709e-13	YWHAB	c30
1.39487598812747e-17	0.392009100056073	0.146	0.043	4.6998951543967e-13	DBR1	c30
1.40699774383241e-17	0.858199144750082	0.106	0.026	4.74073819806892e-13	ARRB1	c30
1.4392092578457e-17	0.121614969484375	0.567	0.252	4.84927167338529e-13	ERLEC1	c30
1.45293672799597e-17	0.295502431925553	0.206	0.07	4.89552501130962e-13	STAU2	c30
1.4670795201056e-17	0.254710297194385	0.255	0.098	4.94317773504379e-13	ATF3	c30
1.46744834679761e-17	1.24733395606831	0.065	0.012	4.94442045969987e-13	SERP2	c30
1.47962945813634e-17	2.76780053416492	0.028	0.003	4.98546349624459e-13	TP53I3	c30
1.48895554774017e-17	0.420453671830177	0.841	0.443	5.01688682255572e-13	DGUOK	c30
1.56807291460848e-17	0.463232750507346	0.813	0.424	5.28346487848183e-13	SEPT2	c30
1.56821297171781e-17	0.684342643585493	0.352	0.158	5.28393678690599e-13	CLIC3	c30
1.60183582251583e-17	0.600774955733477	0.09	0.02	5.39722562038483e-13	BRMS1L	c30
1.60745005390416e-17	0.136373820677718	0.343	0.138	5.41614221162467e-13	CWC27	c30
1.62108927753062e-17	0.441954560822546	0.143	0.042	5.46209821171167e-13	NDOR1	c30
1.6389659709821e-17	0.234053932648337	0.561	0.253	5.52233194262709e-13	BTF3L4	c30
1.65418129187237e-17	0.9318707973742	0.143	0.042	5.57359844483476e-13	C9orf172	c30
1.65747015522456e-17	0.280136668808078	0.639	0.295	5.58467994101362e-13	ESD	c30
1.6685378988205e-17	0.349648824585698	0.171	0.054	5.62197159628578e-13	POMT1	c30
1.6916098491871e-17	0.422129603765107	0.184	0.06	5.69971022585103e-13	GEMIN8	c30
1.699402965114e-17	0.101743463321216	0.246	0.09	5.72596835065511e-13	POM121	c30
1.72248583889977e-17	0.582768316569781	0.109	0.027	5.80374378558888e-13	CTD-2260A17.2	c30
1.72364144737962e-17	0.177579957768175	0.305	0.119	5.80763749280089e-13	ZNF414	c30
1.73766276935681e-17	0.202972491258736	0.265	0.1	5.85488093507085e-13	IGF2R	c30
1.74711752963873e-17	0.404455955585872	0.984	0.878	5.88673780436474e-13	YWHAZ	c30
1.76433539727687e-17	0.145428198783762	0.265	0.099	5.94475168758467e-13	OSBPL3	c30
1.76621227897158e-17	0.341560438177341	0.692	0.33	5.95107565276684e-13	NRBP1	c30
1.80152012677015e-17	0.222121981651901	0.492	0.218	6.07004191513933e-13	AZIN1	c30
1.84507860417011e-17	0.423895082879275	0.227	0.082	6.21680784889076e-13	MYO5A	c30
1.85034962380801e-17	0.621798835436453	0.115	0.03	6.23456802245873e-13	TRMT10A	c30
1.87713640766017e-17	0.148796368438469	0.486	0.213	6.32482341197016e-13	RIOK3	c30
1.88826422972723e-17	1.17888421795075	0.075	0.015	6.36231749564293e-13	ZIK1	c30
1.90303850498704e-17	0.15687692098933	0.352	0.143	6.41209793870335e-13	DPP8	c30
1.90443886815532e-17	0.30394726955664	0.604	0.286	6.41681632236255e-13	AKIRIN2	c30
1.936162813743e-17	0.493137192540257	0.159	0.049	6.52370698462566e-13	ZCCHC2	c30
1.97200924834855e-17	4.1339514001939	0.012	0	6.64448796138561e-13	TRAJ33	c30
1.97757197661822e-17	0.943806994618531	0.087	0.019	6.66323101801744e-13	CARM1	c30
2.0068648627686e-17	3.70596724386738	0.012	0	6.76193046861251e-13	RP11-794P6.6	c30
2.02657651895299e-17	0.396102340119187	0.215	0.075	6.82834692296019e-13	PYGB	c30
2.02938905568852e-17	0.347709996246644	0.19	0.063	6.83782348423688e-13	ZNF43	c30
2.03925464803044e-17	0.223310077712079	0.449	0.197	6.87106461107375e-13	RAB3GAP1	c30
2.06962655860999e-17	0.251336806393918	0.299	0.117	6.9733997265805e-13	MAPKAPK5	c30
2.07337601496513e-17	0.467918797813248	0.112	0.029	6.9860331448235e-13	LINC00342	c30
2.10949309299654e-17	0.304794317526063	0.159	0.049	7.10772602754255e-13	PUS1	c30
2.1118895138841e-17	0.397663163364114	0.196	0.066	7.11580052808108e-13	ZC3H4	c30
2.1373171123836e-17	0.309642187374826	0.159	0.049	7.2014762784653e-13	C16orf70	c30
2.14949231661103e-17	0.20414963442691	0.274	0.105	7.2424994115892e-13	NXF1	c30
2.17726026684223e-17	0.8559534590386	0.125	0.034	7.3360607430982e-13	MED22	c30
2.18360132431323e-17	0.250326592881901	0.202	0.069	7.35742630214098e-13	SNRNP48	c30
2.22507258234429e-17	0.361823890794246	0.321	0.13	7.49715955895084e-13	CYB5R4	c30
2.23824050140474e-17	0.896451351863482	0.081	0.017	7.54152754543313e-13	CCNI2	c30
2.24552942825296e-17	0.634996155192726	0.134	0.038	7.56608685555553e-13	PHF7	c30
2.30324896211621e-17	0.233756499391728	0.374	0.156	7.76056705295434e-13	EIF2B5	c30
2.32089857376309e-17	0.184443780405334	0.321	0.128	7.82003565443735e-13	NELFA	c30
2.39078238244879e-17	2.39724775632023	0.025	0.002	8.05550215942297e-13	FAM57A	c30
2.40197399297449e-17	0.389736912572354	0.187	0.062	8.09321117192825e-13	RPP14	c30
2.41272131541125e-17	2.51014471380572	0.025	0.002	8.12942320014667e-13	RNASEH2B-AS1	c30
2.43177848667285e-17	0.827832436208641	0.09	0.02	8.19363443299549e-13	TAF5L	c30
2.43572010172137e-17	0.270662814528951	0.137	0.039	8.20691531073997e-13	MECR	c30
2.44501828387569e-17	0.196395578136883	0.579	0.26	8.23824460569075e-13	CHCHD7	c30
2.45637773499719e-17	0.905008249039119	0.084	0.018	8.27651914029952e-13	TSHR	c30
2.46803338116811e-17	0.176550436017317	0.467	0.204	8.31579167450783e-13	WIPI2	c30
2.5250090061541e-17	0.149018932094163	0.464	0.202	8.50776534533561e-13	ZNF524	c30
2.5515473009391e-17	0.116511906140255	0.34	0.137	8.59718347578419e-13	EMC2	c30
2.65440831533087e-17	0.134598561449828	0.293	0.114	8.94376337767582e-13	NXPE3	c30
2.65837329280777e-17	0.37765781850566	0.187	0.062	8.9571229727865e-13	C2CD5	c30
2.75016118287742e-17	0.327018973913206	0.57	0.262	9.26639308958719e-13	ZBTB8OS	c30
2.90803929609068e-17	0.678284811697329	0.106	0.026	9.79834760424794e-13	CLP1	c30
2.95790682240005e-17	2.95968028231335	0.019	0.001	9.96637124739471e-13	DGAT2	c30
3.03926877311937e-17	0.381670862530164	0.601	0.306	1.02405122041484e-12	CHST12	c30
3.11883829039318e-17	0.559034512952278	0.106	0.026	1.05086137356508e-12	PPP1R16A	c30
3.13749707819707e-17	0.164279580885371	0.212	0.074	1.05714826552772e-12	PITRM1	c30
3.15891289296172e-17	0.168012265834931	0.255	0.095	1.06436411015452e-12	CEP164	c30
3.19930783327561e-17	0.736259307032386	0.09	0.02	1.07797478134388e-12	PHLPP2	c30
3.20368697606334e-17	0.163442309786468	0.467	0.206	1.07945028971478e-12	TTC19	c30
3.23733915381696e-17	0.489521288191741	0.159	0.049	1.09078905448709e-12	UBE2F	c30
3.26150034175305e-17	2.12845166930147	0.044	0.006	1.09892992515027e-12	GPSM1	c30
3.30880299039228e-17	0.241578346015611	0.614	0.282	1.11486807958277e-12	SCAMP3	c30
3.35667053829564e-17	0.298790187611834	0.364	0.153	1.13099657117333e-12	NHLRC3	c30
3.37943339065545e-17	0.188599192486871	0.305	0.121	1.13866628664745e-12	NOP2	c30
3.39389467737711e-17	0.473092507333926	0.165	0.052	1.14353887259544e-12	SPATA5	c30
3.40910636857864e-17	0.248082242195962	0.601	0.282	1.14866429982889e-12	PTBP3	c30
3.45453734448694e-17	1.00435272836581	0.072	0.014	1.16397181285143e-12	APOM	c30
3.48138687880418e-17	0.119477387918677	0.271	0.103	1.17301849494428e-12	AVL9	c30
3.53626052979104e-17	0.146053426359916	0.293	0.114	1.19150762290779e-12	COIL	c30
3.56716915889643e-17	0.233300782761449	0.576	0.27	1.20192197639856e-12	SIAH2	c30
3.60714781751157e-17	0.255741661082104	0.171	0.055	1.21539238563235e-12	BICD2	c30
3.61348249541549e-17	0.268051352983328	0.19	0.064	1.2175267920053e-12	UHRF1BP1L	c30
3.64293548074924e-17	0.16955370301532	0.333	0.134	1.22745068088365e-12	ECD	c30
3.66940024287828e-17	0.308400194411877	0.598	0.291	1.23636771783541e-12	GYG1	c30
3.70947890181117e-17	0.770598014965886	0.097	0.023	1.24987182117625e-12	RP11-410L14.2	c30
3.74680488739671e-17	1.60546582372873	0.04	0.005	1.26244843875945e-12	CTD-2270L9.4	c30
3.75423304820502e-17	0.326760207079075	0.729	0.356	1.2649512832622e-12	UQCRC2	c30
3.88612623794154e-17	0.205769065294888	0.505	0.226	1.30939137461202e-12	ETNK1	c30
3.89139771221392e-17	0.106825475828248	0.296	0.116	1.31116754515336e-12	AHCTF1	c30
3.89608552823206e-17	0.353880006268702	0.193	0.065	1.31274705788251e-12	ZNF490	c30
3.93829872234076e-17	1.84293743882144	0.031	0.003	1.3269703715055e-12	NREP	c30
4.04096183192681e-17	0.729108644482874	0.115	0.03	1.36156167964942e-12	CXorf21	c30
4.06177072204329e-17	0.120517701804542	0.227	0.081	1.36857302708527e-12	GTF2A1	c30
4.06816797777297e-17	0.108720162277896	0.399	0.17	1.37072851843083e-12	GGA2	c30
4.14744026435102e-17	0.116882851211956	0.386	0.161	1.39743852267043e-12	UTP23	c30
4.15415999205028e-17	-0.427327172527599	0.984	0.95	1.39970266772142e-12	RPS11	c30
4.26166556360563e-17	0.187394064246132	0.607	0.274	1.43592559500128e-12	COMMD1	c30
4.28475372396474e-17	0.392572388869095	0.813	0.43	1.44370491975268e-12	C1orf43	c30
4.33290776046173e-17	0.142123468717883	0.28	0.108	1.45992994080998e-12	ATE1	c30
4.40657394551398e-17	3.15802308318992	0.016	0.001	1.48475102520148e-12	PTPRR	c30
4.4459425938875e-17	0.717916137880415	0.206	0.073	1.49801589758446e-12	GSTM1	c30
4.44760305269724e-17	0.213047144154988	0.517	0.229	1.49857537257581e-12	TUSC2	c30
4.57099949080684e-17	0.152415950869522	0.508	0.227	1.54015256843246e-12	USP4	c30
4.59901509147132e-17	2.31248567596899	0.028	0.003	1.54959214492035e-12	ST6GALNAC5	c30
4.59989727355027e-17	0.57343618848174	0.822	0.468	1.54988938735003e-12	SYNGR2	c30
4.62174594008777e-17	0.128993035963182	0.439	0.189	1.55725107705317e-12	TP53TG1	c30
4.64853961756708e-17	0.963430451638557	0.084	0.018	1.56627893874305e-12	PRELID2	c30
4.6796004748279e-17	0.644883514390343	0.274	0.109	1.57674458398851e-12	HIST1H2AC	c30
4.74944355088493e-17	0.198204787103261	0.558	0.257	1.60027751003517e-12	RBM4	c30
4.75203766837212e-17	0.183336024882254	0.218	0.077	1.6011515719813e-12	PDK2	c30
4.78637563171618e-17	0.233665865156502	0.495	0.226	1.61272140535045e-12	RASGRP1	c30
4.79342649882434e-17	0.194364834240269	0.402	0.172	1.61509712451387e-12	NADSYN1	c30
4.7967906689662e-17	0.465550740778781	0.944	0.728	1.61623064800147e-12	RBM3	c30
4.82506106278914e-17	1.02985794103975	0.1	0.024	1.62575607449617e-12	RXRA	c30
4.94705897269219e-17	0.174855086341338	0.305	0.122	1.66686205025891e-12	INTS6	c30
5.00082188395949e-17	1.01777071258343	0.078	0.016	1.68497692558131e-12	LINC00526	c30
5.07641355831969e-17	0.17395916803011	0.33	0.134	1.71044678434024e-12	NUMB	c30
5.10051258391989e-17	0.198461603490809	0.642	0.299	1.71856671002597e-12	NRDC	c30
5.14231972519615e-17	0.703087549557385	0.093	0.022	1.73265320820759e-12	NMNAT1	c30
5.55826364487173e-17	0.12699257711236	0.206	0.071	1.87280135250308e-12	SIN3B	c30
5.5868914883577e-17	0.14524350166366	0.262	0.099	1.88244721808724e-12	C2orf74	c30
5.79196374517755e-17	0.284413533536284	0.24	0.089	1.95154426430012e-12	TMEM218	c30
5.99841277094695e-17	0.2977032782262	0.312	0.127	2.02110519904286e-12	PFKFB3	c30
6.07355512931321e-17	0.165374166769938	0.371	0.155	2.04642366527079e-12	TMEM60	c30
6.11427350137418e-17	0.842226040125488	0.072	0.014	2.06014331355302e-12	HARBI1	c30
6.14284128272217e-17	0.193719022731141	0.29	0.114	2.06976894180041e-12	ATP13A1	c30
6.17207480151275e-17	0.124840096238216	0.371	0.155	2.0796188836217e-12	CLASRP	c30
6.29823712021046e-17	0.494202192424756	0.131	0.037	2.12212801528371e-12	ERMARD	c30
6.34139809933032e-17	1.38101598230819	0.065	0.012	2.13667067558836e-12	SYCP2	c30
6.37718834373375e-17	2.46463856998491	0.034	0.004	2.14872984053765e-12	C9orf139	c30
6.45162325893673e-17	0.160364173454146	0.224	0.08	2.17380994086614e-12	PPM1D	c30
6.47490333644138e-17	0.177565008356287	0.271	0.104	2.18165393018056e-12	TRIM8	c30
6.53335481074499e-17	0.267992861080818	0.66	0.314	2.20134856993242e-12	PSMB4	c30
6.53536481499262e-17	0.491616250995836	0.097	0.023	2.20202582076361e-12	AGBL5	c30
6.54512431193051e-17	-0.913458293677956	0.769	0.708	2.20531418566187e-12	ANKRD12	c30
6.55010013825584e-17	0.108355201712659	0.315	0.126	2.20699074058392e-12	TRMT2A	c30
6.60169832586692e-17	0.10031986335379	0.461	0.203	2.2243762339176e-12	TRIM56	c30
6.68756056404299e-17	0.174917977613659	0.274	0.106	2.25330665644864e-12	PDPK1	c30
6.69229026821853e-17	0.245839779685741	0.639	0.302	2.25490028297355e-12	TMOD3	c30
6.70614447432195e-17	0.34055034539404	0.184	0.061	2.25956831917804e-12	CXorf40A	c30
6.79064444544376e-17	0.114439321254592	0.449	0.196	2.28803973944782e-12	TRAF5	c30
6.87956245115546e-17	0.365269513166911	0.146	0.044	2.31799977229232e-12	IQCG	c30
6.89519768780779e-17	0.291517537417497	0.255	0.096	2.32326790892996e-12	EPS8L2	c30
7.00396304357806e-17	0.115869919538085	0.402	0.171	2.35991530790319e-12	SBNO1	c30
7.02140162614464e-17	0.137296571452326	0.439	0.191	2.36579106391318e-12	VHL	c30
7.06521790052451e-17	0.28453638237596	0.184	0.061	2.38055451940273e-12	PPP2R2D	c30
7.176914934891e-17	0.183128212861378	0.312	0.126	2.41818971816217e-12	DICER1	c30
7.20566341439827e-17	0.362349999202255	0.209	0.073	2.42787623084735e-12	CREG1	c30
7.29745710978295e-17	0.337350375710073	0.262	0.1	2.45880519857027e-12	HERC6	c30
7.36585493021593e-17	0.458845220687416	0.153	0.047	2.48185116018695e-12	CSPP1	c30
7.39770794948346e-17	0.331981112918944	0.629	0.307	2.49258371649896e-12	SLAMF1	c30
7.41067946210158e-17	0.637833756890153	0.125	0.035	2.49695433796051e-12	SEMA4A	c30
7.65079423381693e-17	0.351930164546256	0.237	0.087	2.57785860914228e-12	NOL9	c30
7.83566807166968e-17	1.95242641478928	0.028	0.003	2.64015000006838e-12	ENOX1	c30
7.91326375328674e-17	0.418775402418748	0.131	0.037	2.66629508903243e-12	DHX37	c30
8.01638374824189e-17	0.227800567192832	0.268	0.103	2.70104034013262e-12	CUL2	c30
8.07158890368924e-17	0.299217505324015	0.221	0.079	2.71964116520905e-12	GAMT	c30
8.13799218841575e-17	0.188213410632038	0.268	0.103	2.7420150879648e-12	LYPLAL1	c30
8.15070969456942e-17	0.324453031523706	0.125	0.034	2.74630012448822e-12	FASTKD3	c30
8.24875794732502e-17	1.5847950328175	0.044	0.006	2.77933650277169e-12	ZC3H12C	c30
8.26156660435853e-17	0.307438161968169	0.19	0.064	2.78365225167256e-12	RAD51B	c30
8.28588227773882e-17	0.433209827241533	0.209	0.074	2.79184517466132e-12	PXK	c30
8.40530278087099e-17	0.48034108477586	0.748	0.479	2.83208271898667e-12	EEF1G	c30
8.46403318637443e-17	0.108815612059051	0.227	0.082	2.851871341817e-12	CBWD5	c30
8.46538207965778e-17	0.191939187368886	0.24	0.089	2.85232583791989e-12	ANKRD27	c30
8.48557534811444e-17	0.452413608523381	0.156	0.048	2.85912975779368e-12	RP1-39G22.7	c30
8.50238521013198e-17	0.159886408147849	0.408	0.175	2.86479367270187e-12	ARL8B	c30
8.52889191456744e-17	0.314418003519623	0.137	0.04	2.87372484169435e-12	UTP15	c30
8.5438152681011e-17	0.166240325938476	0.227	0.082	2.87875311643398e-12	CNPY2	c30
8.84932820386806e-17	0.255399427504209	0.72	0.344	2.9816926450113e-12	HNRNPH1	c30
8.94762973602031e-17	0.265281651540724	0.237	0.087	3.01481436325468e-12	BORCS7	c30
9.04693339293251e-17	0.321469572431069	0.134	0.038	3.04827373741468e-12	CPOX	c30
9.17982723123441e-17	1.14475648038666	0.059	0.01	3.09305098729212e-12	ST20	c30
9.22947753488086e-17	1.43509438678696	0.05	0.008	3.10978016060276e-12	AC099850.1	c30
9.23755893936349e-17	0.449788323622001	0.174	0.057	3.11250310902913e-12	C22orf46	c30
9.31207939292198e-17	0.152310978440372	0.212	0.074	3.13761203065113e-12	LDAH	c30
9.55055099269703e-17	0.275581495232155	0.171	0.055	3.21796265147934e-12	AP001258.4	c30
9.71504523137555e-17	0.250639723944473	0.271	0.105	3.27338734025968e-12	IMPA1	c30
9.71992281644927e-17	1.64906850881441	0.037	0.005	3.27503079377442e-12	RP11-499E18.1	c30
9.74594335982453e-17	0.159115581632344	0.255	0.096	3.28379815565928e-12	BCL10	c30
9.86745811641386e-17	0.136956764823196	0.486	0.215	3.32474133774449e-12	DDX27	c30
9.99090868474965e-17	0.421773786597803	0.956	0.667	3.36633677223955e-12	PSMB10	c30
1.00356605732279e-16	0.952835094735778	0.072	0.014	3.38141547354342e-12	RP11-98D18.3	c30
1.02289051880268e-16	0.411498186724825	0.199	0.069	3.44652731405374e-12	GXYLT1	c30
1.02634600366087e-16	0.219013399193457	0.458	0.204	3.45817022473495e-12	CNDP2	c30
1.03441734235326e-16	1.65682372709579	0.034	0.004	3.48536579332506e-12	C6orf52	c30
1.03543082355802e-16	0.410709139276091	0.171	0.056	3.48878061689639e-12	VPRBP	c30
1.05467708178658e-16	0.376049951404027	0.196	0.068	3.55362895937169e-12	ADCK4	c30
1.06990364366028e-16	0.326901400936958	0.218	0.079	3.60493333694895e-12	VPS45	c30
1.0780173530912e-16	0.303226407389093	0.255	0.097	3.63227166950548e-12	PAFAH1B2	c30
1.09299366413661e-16	0.741016463764784	0.087	0.02	3.68273285194188e-12	ZFP1	c30
1.09339663786963e-16	0.269638223357501	0.118	0.032	3.68409063163794e-12	DTD2	c30
1.09348339910398e-16	0.419438977640374	0.15	0.046	3.68438296494095e-12	C14orf93	c30
1.13726101187895e-16	0.176249621400749	0.645	0.297	3.83188725342494e-12	PRPF6	c30
1.16635091076076e-16	-0.450978125920827	0.966	0.952	3.92990275871732e-12	RPL7	c30
1.16989081445089e-16	1.05690881229997	0.093	0.022	3.94183011021084e-12	SLC25A15	c30
1.21981172167031e-16	0.188271025981069	0.221	0.08	4.11003361499595e-12	COX10	c30
1.23412150445839e-16	0.458785674108028	0.907	0.55	4.15824899712209e-12	TCEA1	c30
1.24377256718237e-16	0.13104470325966	0.324	0.132	4.19076728786427e-12	PYROXD1	c30
1.24551432586792e-16	1.21755121531375	0.062	0.011	4.19663596957938e-12	IGFBP6	c30
1.28395490961171e-16	0.282680442494389	0.231	0.085	4.32615767244571e-12	TDRD3	c30
1.29170156546394e-16	0.387548127147026	0.975	0.777	4.3522592546742e-12	COX5B	c30
1.29416335061937e-16	0.154650419447899	0.196	0.067	4.36055399357691e-12	MFN2	c30
1.33064382895925e-16	0.352579055286512	0.193	0.066	4.48347131729529e-12	PPFIA1	c30
1.33840721300233e-16	2.02928548176581	0.028	0.003	4.50962926349004e-12	BLOC1S5.1	c30
1.34281343249659e-16	0.165299026816618	0.259	0.098	4.52447557945403e-12	FAM122A	c30
1.35627074972667e-16	0.25203836293537	0.218	0.078	4.56981866412904e-12	NUP43	c30
1.35667161201643e-16	0.234695124311762	0.209	0.074	4.57116932952817e-12	CHPF2	c30
1.36416991277398e-16	0.202040926844913	0.218	0.078	4.59643410410065e-12	ARNT	c30
1.36985462368449e-16	0.471491960583897	0.137	0.04	4.61558816904253e-12	IMPAD1	c30
1.40774837345571e-16	2.2434951056233	0.031	0.003	4.74326736952168e-12	CH17-437K3.1	c30
1.40937536242777e-16	0.414254213220528	0.137	0.04	4.74874934616411e-12	MAPK7	c30
1.41858879223997e-16	0.239311575982357	0.178	0.059	4.77979307657335e-12	PRR5	c30
1.43622342043752e-16	0.13680636467799	0.417	0.182	4.83921119282218e-12	EXOC4	c30
1.45024870768819e-16	0.210872018808426	0.34	0.142	4.88646799568459e-12	UBE4A	c30
1.46357294930706e-16	1.78800782368826	0.047	0.007	4.93136269539522e-12	EIF3CL	c30
1.46441927590055e-16	0.207850488062012	0.299	0.12	4.93421430821931e-12	CDIP1	c30
1.46573408863137e-16	0.378004422630764	0.788	0.415	4.93864443823454e-12	CAPN2	c30
1.47315820147309e-16	0.919684159161195	0.112	0.03	4.96365924404342e-12	CCDC146	c30
1.54726077536016e-16	0.300852912574968	0.748	0.368	5.21334045649853e-12	RNH1	c30
1.55064358612711e-16	0.625212548957327	0.19	0.066	5.22473849909669e-12	CRADD	c30
1.55066183712531e-16	2.84286822963718	0.022	0.002	5.22479999401001e-12	C1orf53	c30
1.55197344683741e-16	-0.314932326109935	0.994	0.986	5.22921933177398e-12	CD3E	c30
1.55620411844079e-16	1.30424287216761	0.15	0.048	5.24347415667439e-12	IGFL2	c30
1.55739597080975e-16	0.190409169594789	0.287	0.113	5.24748998404637e-12	ZFAND2A	c30
1.57670071066112e-16	2.22628794977629	0.022	0.002	5.31253537450157e-12	HIST1H4L	c30
1.59173912281248e-16	0.319140637133558	0.249	0.095	5.36320580040438e-12	PHRF1	c30
1.6026364558108e-16	0.207034070777165	0.464	0.208	5.39992327420891e-12	RAB8B	c30
1.61226868408318e-16	0.213307606421482	0.28	0.11	5.43237810414988e-12	BRD3	c30
1.61420429615094e-16	0.499423338368676	0.159	0.05	5.43889995545099e-12	SMAD5	c30
1.62204627710155e-16	0.203420202313332	0.255	0.097	5.46532272606596e-12	LUZP1	c30
1.65245948810234e-16	0.102885380792454	0.274	0.106	5.56779699921201e-12	MOCS2	c30
1.65284286237389e-16	0.135638168392934	0.474	0.209	5.56908874048257e-12	DPF2	c30
1.67540123760359e-16	0.44187032997297	0.897	0.539	5.64509692998154e-12	SSBP1	c30
1.67719122087446e-16	3.91128242847828	0.012	0.001	5.65112809961441e-12	PACSIN3	c30
1.68149958946898e-16	0.110599646575507	0.305	0.123	5.66564471675678e-12	PHACTR4	c30
1.68361378576355e-16	3.16101775444188	0.012	0.001	5.6727682897517e-12	TRIM9	c30
1.69133191593304e-16	0.20022041478883	0.324	0.133	5.6987737575448e-12	ZNF267	c30
1.69802670659374e-16	0.22268065247365	0.262	0.101	5.72133118519696e-12	TRRAP	c30
1.72884933128611e-16	0.439445512955192	0.953	0.701	5.82518493683542e-12	BRK1	c30
1.77045707587472e-16	3.52026614249195	0.016	0.001	5.96537807145227e-12	UCHL1	c30
1.78253246597725e-16	0.269137856237073	0.227	0.083	6.00606489086375e-12	INSIG2	c30
1.80136574774294e-16	0.19770410637533	0.296	0.118	6.06952175044507e-12	RNF14	c30
1.81153067549086e-16	0.426395443708096	0.121	0.034	6.10377145799890e-12	ADNP2	c30
1.81928708234691e-16	0.144027521473875	0.29	0.115	6.12990589525968e-12	AP1G1	c30
1.85393274238395e-16	0.152363167121287	0.193	0.066	6.24664098218848e-12	SDE2	c30
1.85578494362185e-16	1.66307508680945	0.037	0.005	6.25288178903944e-12	DPCD	c30
1.86784336602422e-16	0.19830190057343	0.237	0.088	6.29351143748201e-12	LRCH1	c30
1.89323929261892e-16	1.64543901288296	0.047	0.007	6.37908047255017e-12	RP11-195F19.5	c30
1.90139885793797e-16	0.566744217029767	0.103	0.026	6.4065733119362e-12	TRMT5	c30
1.92956373098998e-16	0.344354319187074	0.15	0.046	6.50147203519764e-12	DHX40	c30
1.93836652239772e-16	0.631110916119457	0.134	0.039	6.53113216056688e-12	DENND1A	c30
1.94698754374835e-16	0.332609493278707	0.729	0.358	6.56017982990569e-12	MRPL34	c30
1.94853275158514e-16	0.396640781359171	0.19	0.065	6.56538625319098e-12	HSD17B4	c30
1.9602130607355e-16	0.335101818023102	0.162	0.052	6.60474188684219e-12	ARL8A	c30
1.96371968606483e-16	0.159811331624018	0.411	0.178	6.61655711022683e-12	CCNK	c30
1.96627501337489e-16	0.411873874661471	0.813	0.437	6.62516703006536e-12	LAMTOR1	c30
1.97334487890067e-16	0.467850069171647	0.15	0.046	6.64898823496791e-12	ZNF71	c30
2.03370491583224e-16	0.514417869364688	0.125	0.035	6.85236534340515e-12	HIGD1A	c30
2.05363284649453e-16	0.407743250095919	0.178	0.059	6.91951051297867e-12	GPATCH11	c30
2.09631708318706e-16	0.182414028613529	0.274	0.107	7.06333078009047e-12	SMG5	c30
2.17858850603925e-16	0.942506118768342	0.103	0.026	7.34053611224864e-12	MLLT11	c30
2.19518057883153e-16	0.200538621050206	0.564	0.258	7.39644144231494e-12	GTF2F1	c30
2.2021709640952e-16	0.287890756328671	0.458	0.208	7.41999484642237e-12	MYD88	c30
2.24478303536544e-16	0.305972007052801	0.766	0.376	7.56357195936031e-12	FAAP20	c30
2.26695605369935e-16	0.401691988344536	0.255	0.098	7.6382817273346e-12	P4HA1	c30
2.28380149623218e-16	0.26080442326554	0.595	0.283	7.6950407614047e-12	AMZ2	c30
2.33435835130875e-16	0.243574800181005	0.255	0.098	7.86538702889969e-12	MTOR	c30
2.35782560635839e-16	0.23156492086355	0.249	0.094	7.94445759806395e-12	HIF1AN	c30
2.37373912981575e-16	0.10760735138868	0.259	0.099	7.99807662400118e-12	GPKOW	c30
2.42587395512517e-16	0.203548687536348	0.259	0.099	8.17373970439875e-12	MMS19	c30
2.53611056208089e-16	0.440337552992318	0.134	0.039	8.54517092787535e-12	ATN1	c30
2.58504791204363e-16	0.155579143957572	0.202	0.071	8.71006043483979e-12	TGIF2	c30
2.596308016204e-16	0.987697828933	0.078	0.017	8.74800022979776e-12	NAIF1	c30
2.70759251716103e-16	0.946482435585092	0.078	0.017	9.12296222732236e-12	PSMG3-AS1	c30
2.71100445553228e-16	0.665678532348113	0.134	0.039	9.13445841247045e-12	TNPO2	c30
2.73809046907802e-16	0.210676509401342	0.48	0.216	9.22572202651147e-12	FBXL5	c30
2.75268486635297e-16	0.253196912063962	0.212	0.076	9.27489638868969e-12	OGFOD2	c30
2.80607982719457e-16	0.175033922272301	0.393	0.17	9.45480536974937e-12	NARS	c30
2.86249415805896e-16	0.423225640231767	0.95	0.692	9.64488781616385e-12	ARL6IP4	c30
2.91124779404096e-16	0.877045700564724	0.118	0.033	9.80915831724161e-12	FGFR1	c30
3.01002124960696e-16	0.150205457962419	0.296	0.119	1.01419655984257e-11	GLMP	c30
3.08743245776091e-16	-0.455650110838496	0.972	0.922	1.04027949231796e-11	COMMD6	c30
3.1051980620863e-16	1.38718626216242	0.047	0.007	1.04626543503936e-11	C10orf2	c30
3.11463500557977e-16	1.02642869302916	0.069	0.014	1.04944511878005e-11	ETV2	c30
3.12065962808219e-16	0.333953763586092	0.181	0.061	1.05147505508601e-11	MOSPD2	c30
3.16319542853611e-16	0.131483470100355	0.464	0.207	1.06580706769096e-11	STAT5A	c30
3.16958636238074e-16	1.05110695383788	0.059	0.011	1.06796042894057e-11	RPGRIP1L	c30
3.18007813488162e-16	0.171029373045818	0.57	0.263	1.07149552676701e-11	SAP30BP	c30
3.23840328161014e-16	0.13546415573164	0.595	0.275	1.09114760170572e-11	GDI1	c30
3.2536343541114e-16	0.182055041922368	0.458	0.206	1.09627955927429e-11	PREX1	c30
3.3023436535525e-16	0.111336009127201	0.218	0.079	1.11269167062798e-11	PRKCD	c30
3.31862321084711e-16	0.520267649304064	0.118	0.033	1.11817690466283e-11	KIF1C	c30
3.33784682010842e-16	0.446732773494305	0.735	0.438	1.12465410756733e-11	ID2	c30
3.36565386325431e-16	0.455509654265148	0.159	0.051	1.13402341268491e-11	B3GNTL1	c30
3.38542544453405e-16	0.408501296733265	0.125	0.035	1.1406852492813e-11	PUS10	c30
3.41632300495241e-16	0.485485037520009	0.09	0.021	1.15109587328866e-11	ZNF584	c30
3.64159004870438e-16	0.562809378183272	0.118	0.033	1.22699735101045e-11	PXN-AS1	c30
3.80420630677972e-16	0.181102463032252	0.561	0.26	1.28178927300636e-11	FBXW5	c30
3.83370054261098e-16	0.4736286861259	0.664	0.34	1.29172706082734e-11	KRAS	c30
3.87812389477521e-16	0.166398636490598	0.346	0.146	1.30669506510556e-11	ZNF131	c30
3.90450978006164e-16	0.451082428000931	0.143	0.044	1.31558552529397e-11	SLC11A2	c30
3.91028655093465e-16	0.104896957605016	0.302	0.122	1.31753195047192e-11	TOMM70A	c30
3.96442846345492e-16	0.421711767125972	1	0.933	1.3357745264765e-11	NPM1	c30
3.97323805192571e-16	0.163045460554531	0.573	0.264	1.33874282921585e-11	HPS1	c30
3.98154881419878e-16	0.514769423248091	0.131	0.038	1.34154305745614e-11	FASTKD5	c30
3.9974254323673e-16	1.96032482488815	0.034	0.004	1.34689252518184e-11	ARG2	c30
4.00014637967441e-16	0.779516549985814	0.078	0.017	1.3478093211675e-11	ARHGAP21	c30
4.01628687019224e-16	-0.6512682857	0.907	0.848	1.35324769804257e-11	C12orf57	c30
4.07694548333111e-16	0.860246853146115	0.081	0.018	1.37368601115358e-11	RP11-152N13.5	c30
4.12070123251261e-16	0.895612197908459	0.097	0.024	1.3884290732828e-11	UAP1L1	c30
4.14189202776113e-16	0.54280532673441	0.165	0.054	1.39556909983384e-11	SAP130	c30
4.14856558263258e-16	0.20074594917407	0.315	0.13	1.39781768741222e-11	CYP2R1	c30
4.15251514403567e-16	0.243406883449735	0.421	0.189	1.39914845263138e-11	TRIM14	c30
4.17379612557292e-16	0.449371872502559	0.128	0.037	1.40631886655054e-11	AC009403.2	c30
4.21512195463677e-16	0.149003926219011	0.243	0.092	1.42024319139531e-11	GALK2	c30
4.25629235821629e-16	0.879105832046758	0.053	0.009	1.4341151471774e-11	SUSD1	c30
4.26276298591678e-16	1.63327503614138	0.05	0.008	1.4362953604748e-11	LIF	c30
4.30318371127668e-16	0.303950892492546	0.623	0.31	1.44991471967757e-11	XIST	c30
4.423957810183e-16	0.933771111802252	0.072	0.015	1.49060834456306e-11	CCDC134	c30
4.46626050847645e-16	0.258601877789437	0.224	0.083	1.50486181572606e-11	LACTB2	c30
4.48414585299752e-16	0.169337198459306	0.252	0.096	1.51088810370898e-11	PRRC1	c30
4.53194874959557e-16	0.209044877317055	0.495	0.226	1.52699481168873e-11	CCNG1	c30
4.53460741606333e-16	0.236700352295225	0.19	0.065	1.52789062276838e-11	GTPBP3	c30
4.54216650121492e-16	0.216876484091253	0.511	0.234	1.53043758091935e-11	CFDP1	c30
4.54347119174666e-16	0.405042596873233	0.15	0.046	1.53087718334712e-11	MIER2	c30
4.6367431557933e-16	0.454063511630266	0.14	0.042	1.56230423891299e-11	PIGN	c30
4.64580422397269e-16	0.313275381443901	0.174	0.058	1.56535727522536e-11	UBP1	c30
4.67546214669813e-16	0.572295366694032	0.174	0.059	1.57535021570847e-11	NOTCH1	c30
4.69121639946685e-16	0.111654390010073	0.159	0.051	1.58065845363636e-11	DCAF17	c30
4.69358122012951e-16	1.63360546374281	0.037	0.005	1.58145525631044e-11	EHHADH	c30
4.74570438486205e-16	0.302077080271929	0.632	0.315	1.59901763543542e-11	PHIP	c30
4.80493995884213e-16	0.313807101597503	0.187	0.064	1.61897646973227e-11	ITPRIPL1	c30
4.82267827582077e-16	0.144198289019984	0.601	0.275	1.62495321825505e-11	CCDC90B	c30
4.8240013972036e-16	0.469727643753257	0.153	0.048	1.62539903077378e-11	NDUFAF5	c30
4.84292810051314e-16	0.551585190504311	0.231	0.087	1.6317761941869e-11	HSDL2	c30
4.85925842749584e-16	0.101838334581303	0.196	0.068	1.63727853456045e-11	MKNK1	c30
4.8956167310795e-16	0.381677218684803	0.153	0.048	1.64952910136993e-11	ALKBH1	c30
5.0105077834028e-16	0.106618023733567	0.318	0.131	1.68824049253974e-11	CPT1A	c30
5.11065132981083e-16	0.28355267704382	0.237	0.089	1.72198285906646e-11	CHPT1	c30
5.31692183958749e-16	0.396511464283035	0.95	0.733	1.79148364463061e-11	TAGLN2	c30
5.42198536752138e-16	0.10875595292519	0.433	0.191	1.82688374973265e-11	COPA	c30
5.60204402542186e-16	0.281874095369711	0.212	0.077	1.88755271392564e-11	BIN3	c30
5.61400092250497e-16	0.304818421999436	0.193	0.068	1.89158147082883e-11	PITPNM1	c30
5.6202564207249e-16	0.252220403906682	0.28	0.112	1.89368919839905e-11	ANKHD1	c30
5.62766330187752e-16	0.192574133810009	0.259	0.1	1.89618487293461e-11	PHF23	c30
5.65801610959809e-16	0.182162386308533	0.293	0.118	1.90641194796798e-11	NUP214	c30
5.66576545706608e-16	1.70618557077588	0.047	0.007	1.90902301310384e-11	RP11-141B14.1	c30
5.75324568274673e-16	0.919204765440949	0.078	0.017	1.93849860034468e-11	NAT1	c30
5.76248808364176e-16	0.164461990764796	0.237	0.089	1.94161273490226e-11	USP7	c30
5.76756272491031e-16	0.272587559622585	0.246	0.094	1.94332258453128e-11	ZNF84	c30
5.78623534612563e-16	0.513542062387278	0.181	0.062	1.94961413752357e-11	MIR3142HG	c30
5.82856788337949e-16	0.232410081009454	0.153	0.048	1.96387766262589e-11	IDH1	c30
6.10561943934528e-16	0.39151963661743	0.178	0.06	2.057227413893e-11	ZNF680	c30
6.13654152537426e-16	2.03257085448435	0.037	0.005	2.0676463015596e-11	AC129492.1	c30
6.17415854762858e-16	0.33186904729778	0.863	0.466	2.08032098103798e-11	BRD2	c30
6.25964547861839e-16	0.95453750140602	0.053	0.009	2.10912494756568e-11	CAV1	c30
6.29074375798088e-16	0.401139436107721	0.816	0.435	2.11960320181408e-11	SCP2	c30
6.35131323957454e-16	0.392838718976768	0.822	0.45	2.14001148294225e-11	SASH3	c30
6.48306980516728e-16	0.892577823815519	0.072	0.015	2.18440554015306e-11	FBXW9	c30
6.53901612083639e-16	0.416943496840579	0.106	0.028	2.20325609175461e-11	RECQL5	c30
6.59041602257464e-16	0.148994179932074	0.495	0.223	2.2205747746463e-11	COPS2	c30
6.60852796401001e-16	0.388196415501006	0.125	0.036	2.22667741219353e-11	EFCAB7	c30
6.65342055367184e-16	0.210353610047904	0.262	0.102	2.24180352135419e-11	CREB3L2	c30
6.67617123558782e-16	0.283401134293893	0.206	0.074	2.24946913611896e-11	STX11	c30
6.69543250584427e-16	2.71646794240152	0.016	0.001	2.25595902851917e-11	CTB-114C7.4	c30
6.74608095726673e-16	0.363684980611678	0.162	0.053	2.27302451774145e-11	CHP1	c30
6.79719407943172e-16	0.74363961412031	0.112	0.03	2.29024657312372e-11	ZNF232	c30
6.80006688672126e-16	0.502254719683113	0.826	0.505	2.29121453681186e-11	SIT1	c30
6.80729315932737e-16	0.232323410115685	0.15	0.047	2.29364935710377e-11	ELAC1	c30
6.84273972954909e-16	0.148880143643537	0.346	0.146	2.30559272447427e-11	ZCCHC6	c30
6.84440655018319e-16	0.376076207363687	0.199	0.071	2.30615434301872e-11	ATF7	c30
6.89260495210217e-16	0.580027377442324	0.106	0.028	2.32239431256130e-11	CSNK2A2	c30
6.95170539509236e-16	0.277453485191433	0.231	0.086	2.34230761582242e-11	NFKBIL1	c30
7.03858334559662e-16	0.134002766435706	0.255	0.099	2.37158027246532e-11	NR2C2	c30
7.1269288347465e-16	0.425376662966763	0.928	0.633	2.40134740157948e-11	C14orf2	c30
7.17261621357932e-16	0.46158992895431	0.143	0.044	2.41674130700342e-11	RP11-297D21.4	c30
7.19857205438604e-16	0.369647247597469	0.156	0.05	2.42548686800483e-11	EMC1	c30
7.23417020632637e-16	0.394444798031473	0.199	0.071	2.43748130931961e-11	USPL1	c30
7.29976576874175e-16	2.3234296828581	0.037	0.005	2.45958307811984e-11	DOK5	c30
7.38191934491455e-16	0.659518536287366	0.097	0.024	2.48726390407551e-11	NUDT19	c30
7.4555909048e-16	0.90440245236943	0.097	0.024	2.51208679946331e-11	XXYLT1-AS2	c30
7.46273718786854e-16	1.10358925583939	0.065	0.013	2.51449466808042e-11	NR1H3	c30
7.53512017933779e-16	0.178546297341286	0.212	0.077	2.53888339322608e-11	RPF2	c30
7.5372806698013e-16	1.60796522927316	0.044	0.006	2.53961134888285e-11	CHRNA1	c30
7.5735332531021e-16	0.354585307399689	0.826	0.437	2.55182629430022e-11	RSRC2	c30
7.6897902074362e-16	0.311528147484979	0.187	0.065	2.59099791249355e-11	NCALD	c30
7.90092127744872e-16	0.111691868923838	0.255	0.098	2.66213641522357e-11	HARS2	c30
7.90798528099756e-16	0.711642329809705	0.097	0.024	2.66451656057932e-11	NETO2	c30
7.93900356974979e-16	0.101531074317756	0.433	0.191	2.6749678627915e-11	MAP2K1	c30
8.08006637391338e-16	0.4998356175676	0.202	0.074	2.72249756402637e-11	ATP1B1	c30
8.12132290602003e-16	0.282865328492753	0.19	0.066	2.73639853995439e-11	FEM1B	c30
8.17012595134582e-16	1.18780297107394	0.065	0.013	2.75284223804646e-11	RP11-134G8.7	c30
8.28633986050307e-16	-0.514744720399315	0.969	0.906	2.79199935259790e-11	RPS20	c30
8.42305570973291e-16	1.74385783760668	0.034	0.004	2.83806439083741e-11	KDM4A-AS1	c30
8.55092989853581e-16	0.383549023958602	0.991	0.861	2.88115032001266e-11	PCBP1	c30
8.7505629029489e-16	0.371597645611058	0.165	0.054	2.9484146645196e-11	TET2	c30
8.82063683203492e-16	0.211661341831844	0.277	0.111	2.97202537418585e-11	RNF168	c30
8.87310900471087e-16	0.3437277087445	0.196	0.07	2.98970534804728e-11	SPIN1	c30
8.87989289783603e-16	0.679768860579333	0.121	0.035	2.99199111299687e-11	CCRL2	c30
9.07706276016802e-16	2.34494424008247	0.025	0.002	3.05842552641101e-11	MFI2	c30
9.10030364979395e-16	2.3940422534984	0.025	0.002	3.06625631176157e-11	RP11-315I20.1	c30
9.10158751045824e-16	0.164613961280119	0.564	0.261	3.0666888957738e-11	GIT2	c30
9.26629456997334e-16	0.350218092240499	0.103	0.027	3.12218529240682e-11	CLUH	c30
9.39510770254692e-16	0.435625280944685	0.162	0.053	3.16558758929616e-11	ABCB1	c30
9.43164725699246e-16	0.403836105314931	0.916	0.638	3.17789922677104e-11	UCP2	c30
9.44302131162799e-16	0.164139613476985	0.52	0.238	3.18173160073993e-11	PTOV1	c30
9.45614866591778e-16	0.387294898516194	0.819	0.458	3.18615473149434e-11	POLR2K	c30
9.61580973540563e-16	0.395709170577431	0.798	0.435	3.23995093224757e-11	NDUFV1	c30
9.6575999464538e-16	1.4536821480827	0.062	0.012	3.25403172595814e-11	CD80	c30
9.7316961588815e-16	0.253515224460126	0.24	0.091	3.27899770377353e-11	PEX19	c30
1.03244446342906e-15	0.799609884499466	0.103	0.027	3.47871837507789e-11	DUS2	c30
1.0564019941809e-15	0.21756328365936	0.355	0.155	3.55944087919311e-11	SLC9A9	c30
1.07074089884875e-15	0.127478054575624	0.262	0.103	3.60775438458097e-11	YIPF1	c30
1.08253839870966e-15	0.589799474490215	0.109	0.029	3.64750488061234e-11	ZNF28	c30
1.08396258228995e-15	1.10837355945712	0.059	0.011	3.65230352476777e-11	RCAN1	c30
1.08950170110993e-15	0.149833788606113	0.218	0.08	3.6709670317198e-11	MSL1	c30
1.09134970289966e-15	0.547815357849157	0.115	0.032	3.67719368895013e-11	CCZ1	c30
1.11027515726788e-15	4.7718515768055	0.012	0.001	3.74096111489841e-11	AKAP12	c30
1.11594937379781e-15	0.242522804286601	0.19	0.066	3.76007982007436e-11	SLC22A18	c30
1.13742682544926e-15	3.41708567663958	0.012	0.001	3.83244594566873e-11	NMU	c30
1.15205592333012e-15	0.144781285893051	0.411	0.182	3.88173722806852e-11	PUM2	c30
1.16338740669556e-15	0.268004507198927	0.227	0.085	3.91991752812003e-11	ING3	c30
1.17395137432227e-15	0.205353961072605	0.196	0.07	3.95551176064144e-11	PRR14L	c30
1.19212043445282e-15	0.446712881517094	0.115	0.032	4.01673059184532e-11	BORCS8	c30
1.20926733893389e-15	0.428784388170652	0.981	0.844	4.07450537180384e-11	UBB	c30
1.21471641773384e-15	-0.80590365900216	0.844	0.743	4.09286549791242e-11	PPP1R2	c30
1.22624124772949e-15	0.578763649735494	0.128	0.038	4.13169726009975e-11	RAB11FIP2	c30
1.23535650101498e-15	0.379876046694779	0.76	0.395	4.16241019451989e-11	TOMM22	c30
1.24294118888046e-15	0.118880538508179	0.43	0.191	4.18796604181381e-11	ARMC8	c30
1.24858559172601e-15	0.62826193926979	0.121	0.035	4.20698429276162e-11	IPPK	c30
1.25812687441922e-15	-1.238962427641	0.654	0.641	4.23913269066811e-11	TAGAP	c30
1.27022412732275e-15	0.146519289963448	0.243	0.093	4.27989317460128e-11	ZBTB24	c30
1.36023251053356e-15	0.455964478394959	0.146	0.046	4.58316742099177e-11	CD99L2	c30
1.36384632458315e-15	-0.458393140130862	0.963	0.905	4.59534380605045e-11	CNBP	c30
1.3909950292681e-15	0.112749749166305	0.255	0.099	4.68681865161595e-11	OAT	c30
1.43386895674346e-15	0.125291680291328	0.533	0.259	4.83127806285143e-11	CREM	c30
1.44568823167173e-15	2.44493036781339	0.019	0.001	4.87110192779473e-11	RDH5	c30
1.46154735770631e-15	0.952407163561381	0.072	0.015	4.92453766705564e-11	URB2	c30
1.46371894168393e-15	0.117868133700811	0.178	0.06	4.93185460210984e-11	MYBBP1A	c30
1.49645019157064e-15	0.200829692961354	0.698	0.329	5.04213927547812e-11	MTPN	c30
1.50469875393156e-15	0.114107132447037	0.545	0.253	5.069931981497e-11	RNF145	c30
1.53813837039178e-15	0.141831610678738	0.558	0.258	5.18260342519807e-11	MAP7D1	c30
1.54307750408345e-15	0.159084230885638	0.526	0.246	5.19924534225878e-11	DNM2	c30
1.56467079887714e-15	0.25455981964925	0.62	0.303	5.27200178973663e-11	PRKCSH	c30
1.6062681499194e-15	1.10178535037345	0.081	0.019	5.41215990433842e-11	ULK2	c30
1.61839933748033e-15	0.977125828305906	0.075	0.016	5.45303472770622e-11	ARID3A	c30
1.6564681410733e-15	0.100071836851441	0.299	0.122	5.58130375453239e-11	C11orf49	c30
1.65924146377209e-15	0.275768490137932	0.196	0.07	5.59064818803369e-11	CSNK1G1	c30
1.66902535446098e-15	0.142490485940976	0.246	0.095	5.62361402932083e-11	IRF9	c30
1.69089501434698e-15	0.11349418828688	0.53	0.244	5.69730166134072e-11	ZFAND2B	c30
1.81254462412823e-15	0.126727853257461	0.202	0.073	6.10718785653766e-11	C12orf43	c30
1.81646694714981e-15	1.37563428614427	0.05	0.008	6.12040373172658e-11	CLHC1	c30
1.81652315605341e-15	0.206816056070642	0.598	0.284	6.12059312200637e-11	RPL7L1	c30
1.84260559325927e-15	0.559616207197459	0.078	0.017	6.20847528592779e-11	ZNF674-AS1	c30
1.85001911539981e-15	0.358726115616385	0.844	0.499	6.23345440742811e-11	TPR	c30
1.87747349453093e-15	0.106427870003731	0.358	0.154	6.32595919247252e-11	AFTPH	c30
1.88060885550428e-15	0.61270989408829	0.115	0.032	6.33652347773612e-11	NBPF9	c30
1.88651474295997e-15	0.16921792638769	0.153	0.049	6.35642277492933e-11	GOLPH3L	c30
1.92832187840158e-15	2.22121771370699	0.04	0.006	6.49728773708627e-11	HSD11B1	c30
1.92964295337144e-15	0.174967987783361	0.187	0.065	6.50173896708973e-11	NAF1	c30
1.94730449095972e-15	0.105807329042069	0.53	0.241	6.56124775183967e-11	UBE2G1	c30
1.96147399070449e-15	0.11994218730281	0.396	0.174	6.60899046427972e-11	PSMG4	c30
1.98377992984612e-15	-1.98619749810797	0.227	0.395	6.68414809562351e-11	TCF7	c30
1.98945173221214e-15	0.302950300750397	0.352	0.156	6.70325866651559e-11	DDX60	c30
2.07471393209975e-15	0.479579787731951	0.299	0.127	6.99054112281691e-11	TNFSF14	c30
2.08307158976709e-15	0.19907418871034	0.19	0.067	7.01870141456122e-11	MIEF1	c30
2.09134890828883e-15	0.382965026198343	0.91	0.557	7.04659101158838e-11	SRSF11	c30
2.10957833599837e-15	0.231741221133853	0.24	0.092	7.10801324531292e-11	MEF2A	c30
2.14260621508134e-15	0.750832214557973	0.093	0.023	7.21929738109506e-11	STK3	c30
2.2843493369088e-15	0.301613169279451	0.181	0.063	7.6968866557805e-11	MIOS	c30
2.33165607315015e-15	0.262231297406677	0.218	0.081	7.85628197287212e-11	BTBD10	c30
2.35381202379997e-15	0.734754604700691	0.081	0.019	7.93093423299161e-11	B4GAT1	c30
2.36194131356228e-15	0.525558006263636	0.084	0.02	7.95832506191675e-11	FDX1L	c30
2.36209027331261e-15	0.193672158918896	0.168	0.056	7.95882696689952e-11	MED9	c30
2.378622796629e-15	0.14879078823232	0.277	0.112	8.01453165096175e-11	AP5Z1	c30
2.38715788020326e-15	0.317949485759677	0.19	0.067	8.04328976155688e-11	KCTD18	c30
2.45052259924323e-15	1.39952207894359	0.044	0.007	8.25679084589015e-11	LINC01004	c30
2.4512192082743e-15	0.688681318103663	0.097	0.025	8.25913800035942e-11	POP1	c30
2.52775551695388e-15	0.194258090349195	0.243	0.094	8.5170194388244e-11	PSMD5	c30
2.53477837638351e-15	-1.71419051955306	0.396	0.519	8.54068226138661e-11	SELL	c30
2.53764739555047e-15	0.387968456022412	0.81	0.428	8.55034913456775e-11	RNF181	c30
2.56458471426393e-15	0.347227331343275	0.769	0.393	8.64111173624088e-11	WTAP	c30
2.57456507519466e-15	0.39296272586474	0.143	0.045	8.6747395643609e-11	FAAP100	c30
2.58779253517093e-15	0.443621647842967	0.15	0.048	8.71930816800495e-11	RBM15B	c30
2.58954478456163e-15	2.89365141487186	0.022	0.002	8.72521219710195e-11	RP11-443B7.1	c30
2.59038359511092e-15	0.302466737095676	0.162	0.054	8.72803848536673e-11	TYW5	c30
2.62058483072324e-15	2.65322435302529	0.022	0.002	8.82979852863889e-11	SPAG6	c30
2.62084737672688e-15	0.161976840869158	0.187	0.065	8.83068315114356e-11	NAA35	c30
2.64855180392734e-15	-1.75248176949656	0.53	0.563	8.92403044815279e-11	BTG2	c30
2.68188855162637e-15	2.52229508746872	0.022	0.002	9.03635528584989e-11	RP11-252E2.1	c30
2.68698172988132e-15	0.134965238148453	0.498	0.23	9.05351624066212e-11	PCGF5	c30
2.71652820381592e-15	2.40569218939193	0.025	0.002	9.15307012993736e-11	PRR19	c30
2.75384973902404e-15	2.0544039064248	0.025	0.002	9.27882131066759e-11	MANEAL	c30
2.78850936658826e-15	0.235814698756762	0.408	0.186	9.39560345978248e-11	OARD1	c30
2.7888663029683e-15	0.292350752004867	0.165	0.055	9.3968061212214e-11	XKR8	c30
2.79245143646803e-15	0.140374605533326	0.24	0.092	9.40888587003539e-11	BOD1	c30
2.80239067593679e-15	0.224746514479871	0.592	0.284	9.44237514350142e-11	GLOD4	c30
2.81882543736289e-15	0.740766691703215	0.112	0.031	9.49775042865054e-11	ZNF142	c30
2.82298281683419e-15	0.262603767805334	0.732	0.365	9.51175830304114e-11	IK	c30
2.87144467101937e-15	0.175710704667034	0.265	0.106	9.67504567453268e-11	DCAF16	c30
3.09279952311882e-15	0.232992477586279	0.293	0.121	1.04208787131965e-10	MAGT1	c30
3.12122402665838e-15	0.398729734681337	0.162	0.054	1.05166522354227e-10	EIF5A2	c30
3.14006407284409e-15	0.559530203361211	0.121	0.035	1.05801318870409e-10	RP1-267D11.6	c30
3.18995025570447e-15	0.211952354829702	0.221	0.083	1.07482183915706e-10	SYVN1	c30
3.26891523373332e-15	0.100724243169064	0.411	0.182	1.10142829885411e-10	MKKS	c30
3.33443650445857e-15	2.47830310118726	0.028	0.003	1.12350503581227e-10	MANSC1	c30
3.33795151988865e-15	0.563009153473413	0.103	0.027	1.12468938511128e-10	CEP162	c30
3.35159855567805e-15	0.102143241096729	0.405	0.18	1.12928761735016e-10	CWC25	c30
3.37919987853639e-15	2.97973994822378	0.019	0.001	1.13858760707405e-10	B4GALT2	c30
3.39412918425087e-15	0.23933430303562	0.121	0.035	1.14361788734149e-10	PCNXL3	c30
3.40007841210696e-15	1.72908209517795	0.037	0.005	1.14562242017532e-10	ASMT	c30
3.47057880347186e-15	1.89624472287761	0.044	0.007	1.16937682204181e-10	CKLF-CMTM1	c30
3.52134018427472e-15	0.670478489494751	0.121	0.035	1.18648036168952e-10	RGS9	c30
3.53747308136106e-15	0.600368971483141	0.097	0.025	1.19191618003379e-10	CPEB2	c30
3.57889702333072e-15	0.243801696752396	0.704	0.34	1.20587356304105e-10	TXNL1	c30
3.64019419492224e-15	0.133187650024549	0.305	0.127	1.2265270320371e-10	TBC1D9B	c30
3.65239188923755e-15	0.604067465281484	0.131	0.04	1.2306369231597e-10	ZNF273	c30
3.72293821613136e-15	1.00618108722864	0.084	0.02	1.2544068025433e-10	ZNF257	c30
3.7372813268544e-15	0.135810415119658	0.421	0.187	1.25923957027032e-10	RAB1A	c30
3.74186604535319e-15	0.166677270843675	0.296	0.123	1.2607843453213e-10	KIF21B	c30
3.84312001607685e-15	0.199540675577181	0.224	0.085	1.29490085821694e-10	ZC3H3	c30
3.84746508264555e-15	0.739963936385621	0.075	0.016	1.29636488494659e-10	C9orf9	c30
3.85607025396895e-15	0.165707876937159	0.193	0.069	1.2992643113723e-10	DNAJC11	c30
3.95111264542495e-15	0.473049714772121	0.159	0.053	1.33128789474948e-10	RP11-352M15.2	c30
3.96984341024763e-15	0.138284116508745	0.287	0.117	1.33759903864884e-10	ANKRD36	c30
4.00758753880538e-15	0.517365659091068	0.103	0.027	1.35031654532508e-10	PACS2	c30
4.02088792144627e-15	0.145140383600613	0.246	0.096	1.35479797625211e-10	SPTY2D1	c30
4.03897404696482e-15	0.486780596772089	0.171	0.059	1.36089191538433e-10	KIAA1324	c30
4.10389469949283e-15	0.283444627911529	0.196	0.071	1.38276628004711e-10	KLC2	c30
4.18337192465867e-15	0.555469248474321	0.134	0.041	1.40954533629449e-10	CLOCK	c30
4.27664988959609e-15	0.332243702387005	0.168	0.057	1.44097441380051e-10	C1orf216	c30
4.29030483426206e-15	0.284690110143756	0.171	0.059	1.44557531085626e-10	RP11-326I11.3	c30
4.29633695926002e-15	0.380260339724688	0.854	0.477	1.44760777505307e-10	GHITM	c30
4.31247931472779e-15	0.310836708509115	0.128	0.038	1.45304678030438e-10	RP11-162A12.2	c30
4.36440298141827e-15	0.184027251112064	0.237	0.092	1.47054194055907e-10	SREBF2	c30
4.36815444976732e-15	0.539251242952095	0.15	0.049	1.4718059603046e-10	F5	c30
4.37096627500654e-15	1.68905629273121	0.034	0.004	1.4727533767007e-10	AQP11	c30
4.37913871087591e-15	0.36412967952457	0.972	0.742	1.47550699724253e-10	UBE2D2	c30
4.38131413037679e-15	0.218179572552922	0.598	0.288	1.47623998308915e-10	ATF4	c30
4.43876238424763e-15	0.211338004540667	0.218	0.082	1.4955965977484e-10	C9orf85	c30
4.44259104127452e-15	2.78894424108569	0.025	0.002	1.49688662544704e-10	RP11-739L10.1	c30
4.54499185575869e-15	0.144935436262216	0.234	0.09	1.53138955587933e-10	TMEM159	c30
4.54620990243747e-15	0.341677433836924	0.246	0.097	1.53179996452728e-10	TRIB2	c30
4.66582581406587e-15	0.130678276174882	0.424	0.192	1.57210334979135e-10	MOB3A	c30
4.74924816710035e-15	0.116960111369919	0.283	0.116	1.60021167742279e-10	ZNF107	c30
4.80468327183136e-15	0.598663550279731	0.084	0.02	1.61888998161086e-10	HYLS1	c30
4.81406657382417e-15	1.02139787834493	0.062	0.012	1.62205159138431e-10	RP1-178F15.4	c30
4.90459159584356e-15	0.165831386614198	0.218	0.082	1.65255309230353e-10	PCYT1A	c30
4.91031918801232e-15	0.284205325656139	0.153	0.05	1.65448294720887e-10	SLC35B4	c30
4.91661637544777e-15	0.248347477800721	0.181	0.063	1.65660472154337e-10	SIL1	c30
4.96177397274235e-15	0.34542056046015	0.766	0.403	1.67182012237581e-10	CNPY3	c30
5.0732983280445e-15	0.368068519964805	0.09	0.022	1.70939713865131e-10	LDOC1L	c30
5.08030931437166e-15	0.416409579581459	0.153	0.05	1.71175942038439e-10	C9orf69	c30
5.15191786069681e-15	0.156365750628813	0.632	0.296	1.73588720398318e-10	ABT1	c30
5.22025702504114e-15	0.49540400501057	0.146	0.047	1.75891340201736e-10	WDR3	c30
5.2358530182076e-15	0.385839266525221	0.86	0.473	1.76416831595487e-10	PDCD6	c30
5.3413744616441e-15	0.244211717220967	0.212	0.079	1.79972271110636e-10	TOR1AIP2	c30
5.346552535338e-15	0.258774664812252	0.227	0.088	1.80146741125679e-10	MEF2D	c30
5.38798884516066e-15	-2.19323177767883	0.262	0.408	1.81542896148843e-10	CCR7	c30
5.41296961555498e-15	0.349704778754091	0.184	0.065	1.82384598226509e-10	ZNF718	c30
5.42568968904635e-15	0.202381174256165	0.19	0.068	1.82813188382728e-10	GPR89A	c30
5.52912150833191e-15	1.82578767081157	0.04	0.006	1.86298220101736e-10	TGFB1I1	c30
5.58703902309024e-15	1.1983606082059	0.05	0.008	1.88249692844003e-10	PSMA8	c30
5.61786873745802e-15	0.330013940750197	0.14	0.044	1.89288469239911e-10	MTHFD2L	c30
5.64808562305598e-15	0.167299689036413	0.202	0.074	1.90306596983248e-10	LINC01481	c30
5.65620988503711e-15	0.135272532844369	0.212	0.079	1.9058033586644e-10	FAHD2B	c30
5.8261703282345e-15	0.294152046128966	0.202	0.074	1.96306983039533e-10	TMEM127	c30
5.96726619350772e-15	0.105348251047758	0.274	0.111	2.01061067124049e-10	DHX16	c30
5.99511278446202e-15	0.400296779190917	0.14	0.044	2.01999330159663e-10	SNHG10	c30
6.03678785568941e-15	0.260787868782993	0.682	0.341	2.03403530009599e-10	LINC00116	c30
6.1033725431467e-15	1.02267670404071	0.044	0.007	2.05647034468785e-10	RP11-367N14.2	c30
6.35902615914235e-15	0.130046073452073	0.255	0.101	2.14261027406142e-10	EGLN1	c30
6.50111756620889e-15	0.1148721563787	0.224	0.085	2.19048655275842e-10	YTHDF3	c30
6.52968194262572e-15	0.519715674674353	0.103	0.028	2.20011103374831e-10	TIGD1	c30
6.57052982716392e-15	0.623872037507089	0.087	0.021	2.21387431996461e-10	CCL20	c30
6.63220401920923e-15	0.191587216276898	0.209	0.078	2.23465482223236e-10	PIP5K1A	c30
7.08799720644501e-15	0.226830030282509	0.483	0.227	2.38822977873958e-10	WBP1	c30
7.11443060236772e-15	2.83466355543548	0.016	0.001	2.39713624716178e-10	WDR31	c30
7.15417861330157e-15	2.68984989293728	0.016	0.001	2.41052894196583e-10	CASKIN2	c30
7.38696082733198e-15	0.10858285295764	0.193	0.069	2.48896258116124e-10	NRF1	c30
7.46183081070617e-15	1.61053688841513	0.04	0.006	2.51418927335934e-10	SPAG4	c30
7.5194521840904e-15	0.144764762885252	0.445	0.202	2.53360421890742e-10	SMU1	c30
7.5590090530261e-15	0.623914320925009	0.125	0.037	2.54693251032661e-10	PURB	c30
7.56495170918402e-15	1.91436662695588	0.053	0.009	2.54893482889246e-10	IRF8	c30
7.62524990226872e-15	0.765070361809399	0.118	0.035	2.56925170207042e-10	IL21	c30
7.86505088990776e-15	0.212706532579957	0.221	0.084	2.65005024684552e-10	TYSND1	c30
7.98879494147961e-15	1.40490598658955	0.034	0.004	2.69174456758214e-10	MYO5C	c30
7.98925043811957e-15	0.194828500846287	0.71	0.349	2.69189804262001e-10	ORMDL1	c30
7.99754245307107e-15	2.0335392388555	0.019	0.001	2.69469195413777e-10	KRT7	c30
8.00966806540751e-15	0.257716640990207	0.146	0.047	2.69877755795841e-10	IGHMBP2	c30
8.02320218560384e-15	0.698927664590137	0.134	0.042	2.70333774441736e-10	DEPDC5	c30
8.20889118272038e-15	1.44799946493592	0.065	0.014	2.7659037951058e-10	TRIP10	c30
8.24838499589428e-15	0.205168458318835	0.265	0.107	2.77921084051662e-10	KAT5	c30
8.33807706802355e-15	0.183395591767694	0.293	0.123	2.80943168729986e-10	ZNF720	c30
8.43726845783129e-15	0.254522367367994	0.165	0.056	2.84285323418168e-10	MANBAL	c30
8.8486488126703e-15	0.112371882317237	0.486	0.227	2.98146373094113e-10	ZNFX1	c30
8.93990680461453e-15	0.835650860350722	0.065	0.013	3.01221219874682e-10	ALDH1B1	c30
9.00766804894681e-15	0.447915896993712	0.86	0.528	3.03504367241214e-10	HSPB1	c30
9.08071454624125e-15	0.728331290982524	0.072	0.016	3.05965595921053e-10	AC011043.1	c30
9.10696862816333e-15	0.282780957104142	0.168	0.058	3.06850200957335e-10	MEN1	c30
9.18267016698204e-15	0.694278355859907	0.087	0.021	3.09400888606293e-10	CARD6	c30
9.28344520473116e-15	0.142241082267279	0.19	0.068	3.12796402728212e-10	DNAL4	c30
9.29204605244177e-15	0.3996073624757	0.798	0.468	3.13086199690973e-10	SH2D2A	c30
9.50208327366209e-15	0.778895022121902	0.069	0.015	3.2016319382277e-10	RP11-196G18.23	c30
9.53996161952371e-15	0.254150321998998	0.271	0.111	3.21439466808232e-10	USF1	c30
9.5420282986357e-15	0.863444345739313	0.072	0.016	3.21509101494231e-10	CHST2	c30
9.54912858078698e-15	0.286825754765332	0.76	0.378	3.21748338401037e-10	IMP3	c30
9.93994809653952e-15	0.934745140732232	0.069	0.015	3.34916611164802e-10	OSBPL11	c30
9.98327124783648e-15	0.109922820067409	0.498	0.233	3.36376341424602e-10	BRD4	c30
1.01504516705903e-14	1.73457569735075	0.031	0.004	3.42009318588868e-10	CFAP57	c30
1.05422905775557e-14	0.191632359917411	0.193	0.07	3.55211938720161e-10	KANSL3	c30
1.05676010500212e-14	0.164057037654707	0.421	0.192	3.56064749779415e-10	FAM120AOS	c30
1.05715968224596e-14	0.243594011176512	0.539	0.262	3.56199383335952e-10	HDDC2	c30
1.06695333469838e-14	0.161423962485043	0.283	0.117	3.59499256593272e-10	FAM219B	c30
1.06846420245722e-14	0.118791839789221	0.218	0.083	3.60008328375936e-10	KIAA0368	c30
1.07396283421653e-14	0.418223701333943	0.153	0.051	3.61861037360917e-10	WIPI1	c30
1.08453382092519e-14	0.38028597665758	0.804	0.427	3.65422825622532e-10	TMCO1	c30
1.09306407213617e-14	0.421505986309922	0.15	0.049	3.68297008465561e-10	PRKAG2-AS1	c30
1.11118963034196e-14	0.208230309867747	0.43	0.197	3.7440423404742e-10	QRICH1	c30
1.11263108118675e-14	0.607649532821585	0.097	0.025	3.74889916495064e-10	B3GALNT2	c30
1.12591091314733e-14	0.162721143721071	0.517	0.247	3.79364423075862e-10	STAG2	c30
1.13253878883957e-14	0.163641304612974	0.495	0.232	3.81597619511603e-10	NFATC3	c30
1.16486955812771e-14	0.297957416790512	0.193	0.071	3.9249114891555e-10	DGKH	c30
1.17464106895618e-14	0.13578002056995	0.209	0.078	3.95783561774095e-10	EAF1	c30
1.17947984757397e-14	1.77280864587039	0.04	0.006	3.97413939841573e-10	CTA-445C9.14	c30
1.20110365552547e-14	0.122768815076733	0.252	0.1	4.04699865692752e-10	ZDHHC4	c30
1.21066665776521e-14	0.316619330400327	0.118	0.035	4.07922023667409e-10	MKS1	c30
1.21844944934922e-14	0.916380751750986	0.069	0.015	4.10544357463725e-10	STPG1	c30
1.22122063965099e-14	1.0543225203259	0.087	0.022	4.11478082324005e-10	STARD9	c30
1.23023355356272e-14	0.123466598568376	0.184	0.065	4.14514893537422e-10	TMEM62	c30
1.25285102157499e-14	0.216492978494475	0.137	0.043	4.22135623209478e-10	ZNF526	c30
1.27338079755246e-14	0.377001838065141	0.91	0.55	4.29052925927327e-10	UBXN4	c30
1.28204997189462e-14	0.100255535030713	0.252	0.101	4.31973917530175e-10	FRA10AC1	c30
1.29329678486661e-14	1.6208760709809	0.044	0.007	4.35763418692956e-10	PROB1	c30
1.30485541827476e-14	0.143574194344285	0.252	0.101	4.39657984633497e-10	PTPRJ	c30
1.33762294589212e-14	0.448788901649738	0.919	0.608	4.50698675388890e-10	MSN	c30
1.33994274156521e-14	0.163863497881413	0.249	0.1	4.51480307342981e-10	CTD-2020K17.1	c30
1.34015833079941e-14	0.424864800887393	0.829	0.49	4.51552947979552e-10	ARGLU1	c30
1.34655408867331e-14	0.32558477141409	0.246	0.098	4.53707934637585e-10	CLASP1	c30
1.34848496023349e-14	0.49910456989143	0.137	0.043	4.54358522501072e-10	ZNF518A	c30
1.36594570311119e-14	0.153457551725995	0.181	0.064	4.60241745206284e-10	LIN7C	c30
1.36603442129599e-14	0.114452435572256	0.452	0.208	4.6027163791147e-10	ADAM10	c30
1.39035920271434e-14	0.675754113675529	0.09	0.023	4.68467629762569e-10	ZNF280C	c30
1.4116420857446e-14	0.507227364852203	0.159	0.054	4.75638684370784e-10	TBXAS1	c30
1.42281538807987e-14	0.400427554451072	0.137	0.043	4.79403416859631e-10	ANKMY2	c30
1.43293451294405e-14	0.175272742855691	0.187	0.067	4.82812954791367e-10	KCNK6	c30
1.43716770068582e-14	0.342780123363179	0.118	0.035	4.84239285069082e-10	SEPSECS	c30
1.46287979907034e-14	0.255261295376721	0.745	0.388	4.92902719498761e-10	WNK1	c30
1.46747928583846e-14	0.192993644590404	0.146	0.047	4.9445247057041e-10	RABL3	c30
1.47270955556396e-14	1.13679259519322	0.047	0.008	4.96214757651722e-10	FAM109B	c30
1.48806725640495e-14	1.21010026701938	0.065	0.014	5.01389381373084e-10	SLC39A14	c30
1.51524761682157e-14	0.323776196144746	0.688	0.387	5.10547532011860e-10	RNASEK	c30
1.5422748933372e-14	0.566246029608191	0.15	0.049	5.19654102561036e-10	GALNS	c30
1.6511591016318e-14	0.332964351936444	0.791	0.42	5.56341547703817e-10	KDELR1	c30
1.6513498027023e-14	0.312975866238854	0.215	0.082	5.56405802522512e-10	STXBP3	c30
1.67842756719966e-14	2.88115997624589	0.022	0.002	5.65529384492255e-10	PON3	c30
1.69060590066717e-14	0.103781571184877	0.153	0.05	5.69632752170796e-10	MBOAT1	c30
1.7151641694519e-14	0.132046010051143	0.632	0.3	5.77907415255124e-10	RNF10	c30
1.72247246680926e-14	0.129120703493213	0.324	0.139	5.80369872966713e-10	NUFIP2	c30
1.73597699099457e-14	0.247078400677153	0.199	0.074	5.84920087345711e-10	ZNF236	c30
1.78272197620916e-14	0.245228032747047	0.171	0.06	6.00670342663916e-10	ACTR8	c30
1.78287998080915e-14	2.37336236155817	0.022	0.002	6.00723580733836e-10	AKR1E2	c30
1.78490155875414e-14	0.568631489672694	0.106	0.029	6.01404731206618e-10	TRIM34	c30
1.79904250734332e-14	0.629444262578589	0.106	0.03	6.06169382424259e-10	WDR4	c30
1.85110505978316e-14	0.249348853401302	0.224	0.087	6.23711338843338e-10	ANKFY1	c30
1.85266594742941e-14	0.365866858937177	0.193	0.071	6.24237264326865e-10	VPS52	c30
1.90620823590437e-14	0.960093106927486	0.05	0.009	6.42277803005617e-10	SDR42E1	c30
1.94438848290783e-14	0.449952371648986	0.137	0.044	6.55142255430965e-10	CLCC1	c30
1.95089028403441e-14	0.513572633001017	0.09	0.023	6.57332972302554e-10	RP11-65I12.1	c30
2.00123538636065e-14	0.768269164673254	0.093	0.024	6.74296251080357e-10	ZNF282	c30
2.00350719877786e-14	0.367050450426651	0.897	0.546	6.75061715556213e-10	PHB2	c30
2.00656701362714e-14	0.117104118939908	0.184	0.066	6.76092689571528e-10	SYNE3	c30
2.05602280108985e-14	0.386321893184741	0.143	0.046	6.92756322599213e-10	TBL2	c30
2.0743773873019e-14	2.98386881593423	0.016	0.001	6.98940716877501e-10	C4orf50	c30
2.07696160927407e-14	1.82512092263802	0.037	0.005	6.99811444628805e-10	USP49	c30
2.1083121453836e-14	0.151729529938894	0.517	0.244	7.10374694265551e-10	DCP2	c30
2.14687648216568e-14	0.226624604407506	0.156	0.052	7.23368561900903e-10	SGPP1	c30
2.16464353626601e-14	0.230849318649266	0.558	0.27	7.29354993109471e-10	C17orf89	c30
2.20758245332121e-14	0.122522274603336	0.231	0.09	7.43822831822049e-10	RARS2	c30
2.22206517750009e-14	-0.129317873481605	0.19	0.069	7.48702640906881e-10	SLC38A9	c30
2.2955044682389e-14	0.134745946331058	0.287	0.12	7.73447275528413e-10	DTX2	c30
2.34993681737931e-14	0.132308183678263	0.555	0.261	7.91787711247785e-10	PITHD1	c30
2.48810173777425e-14	0.569650832834514	0.093	0.024	8.38340999525656e-10	C19orf68	c30
2.51647651996619e-14	0.345532862238382	0.143	0.047	8.47901598637409e-10	MYO1C	c30
2.52603961126196e-14	0.955211279810458	0.109	0.032	8.51123786618605e-10	AC069363.1	c30
2.56811199648173e-14	0.472209132528775	0.078	0.018	8.65299656094553e-10	SAP30L	c30
2.61196050805983e-14	0.228818222320792	0.268	0.111	8.80073973585679e-10	CHMP6	c30
2.61430801673801e-14	0.322782765759091	0.143	0.047	8.80864943159705e-10	CCDC152	c30
2.63102115324945e-14	0.397323836768083	0.925	0.588	8.86496267375869e-10	TMEM50A	c30
2.70761968385646e-14	0.258470955284397	0.664	0.33	9.12305376278595e-10	MFSD10	c30
2.7630584203607e-14	0.131104945231701	0.218	0.084	9.30984904156333e-10	RRS1	c30
2.78415691949284e-14	0.486760590210398	0.115	0.034	9.38093832453918e-10	LIMD1	c30
2.82929963738504e-14	1.19640991932155	0.056	0.011	9.53304219820517e-10	VASH1	c30
2.87331273683607e-14	0.21283172522503	0.632	0.308	9.68133993549544e-10	DR1	c30
2.95715154306449e-14	0.42108068972408	0.118	0.035	9.96382640920151e-10	AKAP1	c30
2.96169051749597e-14	0.312640920987906	0.159	0.054	9.97912002965093e-10	BAP1	c30
3.09461766644236e-14	0.19340756143376	0.555	0.267	1.04270047653109e-09	FXR1	c30
3.0996242909141e-14	0.383384049841665	0.835	0.5	1.0443874085806e-09	MRPL57	c30
3.14052556663584e-14	0.134645784714014	0.181	0.065	1.05816868442228e-09	FAM179B	c30
3.1627727227232e-14	3.22881963605999	0.012	0.001	1.06566464119435e-09	CTA-126B4.7	c30
3.1627727227232e-14	2.95267553217577	0.012	0.001	1.06566464119435e-09	TTC36	c30
3.19919696344139e-14	0.293915618942048	0.667	0.339	1.07793742486194e-09	ARF4	c30
3.20477704520691e-14	0.403496545162696	0.087	0.022	1.07981757761202e-09	FAM13A	c30
3.20754220875801e-14	0.228100710668314	0.15	0.05	1.08074927181893e-09	CNBD2	c30
3.25823481832474e-14	0.816530954574808	0.078	0.018	1.09782963968634e-09	SLC16A6	c30
3.26322703265594e-14	0.356900136843826	0.698	0.374	1.09951171638309e-09	GRSF1	c30
3.28745920531686e-14	0.362772590267433	0.115	0.034	1.10767650463946e-09	TGFBRAP1	c30
3.37634092096699e-14	1.74313717959052	0.034	0.005	1.13762430991062e-09	SCUBE1	c30
3.40495874544158e-14	0.313623576606861	0.165	0.057	1.14726679968909e-09	LRRC40	c30
3.44953911032457e-14	0.15473234588187	0.212	0.081	1.16228770783276e-09	C2orf69	c30
3.57130249954455e-14	0.896438331153221	0.081	0.02	1.20331466419654e-09	LRP5L	c30
3.69633601270749e-14	2.59551261605822	0.019	0.001	1.24544345612166e-09	SCML2	c30
3.73515396437997e-14	2.30357051049326	0.019	0.001	1.25852277675819e-09	ANKRD13B	c30
3.75052717668782e-14	0.254690581496296	0.187	0.068	1.26370262691319e-09	ALAD	c30
3.75817458699261e-14	0.11638357390656	0.259	0.105	1.26627934534129e-09	OXR1	c30
3.79163196467719e-14	1.96935107166893	0.031	0.004	1.27755247417833e-09	IL10RB-AS1	c30
3.79288439406486e-14	0.480061321832677	0.121	0.037	1.27797446773621e-09	NHEJ1	c30
3.80895010453436e-14	0.355146557684652	0.875	0.519	1.28338764822181e-09	VCP	c30
3.8260793952789e-14	0.42361290335706	0.283	0.122	1.28915919144527e-09	NUDT14	c30
3.87202479899423e-14	0.179660862141819	0.181	0.065	1.30464003577312e-09	FAM188A	c30
3.89194134047252e-14	0.450995322030823	0.137	0.044	1.31135071525881e-09	FIG4	c30
3.96196255783407e-14	0.66889705912844	0.093	0.025	1.33494366423661e-09	RAP2A	c30
3.97749230694126e-14	0.159548105220596	0.277	0.116	1.34017625790079e-09	MED17	c30
4.08313301237154e-14	0.108309148057195	0.24	0.095	1.37577083718847e-09	PEX3	c30
4.08467310362197e-14	0.972936893192259	0.087	0.022	1.37628975553439e-09	ADCK2	c30
4.12634651688648e-14	0.270888440517749	0.146	0.048	1.39033119539973e-09	DDX20	c30
4.18145235294339e-14	0.119453854518187	0.408	0.188	1.40889855580075e-09	MDFIC	c30
4.45126506008925e-14	0.342929891500185	0.745	0.393	1.49980924934647e-09	SDF4	c30
4.46376920231399e-14	0.619754584812884	0.087	0.022	1.50402239502768e-09	PTCD2	c30
4.54769050875822e-14	0.34707741651308	0.14	0.046	1.53229884002099e-09	ACOX3	c30
4.557749817577e-14	-0.693905122444258	0.854	0.756	1.53568822353439e-09	EIF4A2	c30
4.67649173039016e-14	0.122758150119142	0.386	0.176	1.57569712363766e-09	EHMT1	c30
4.7104535740557e-14	0.197496530188487	0.259	0.107	1.58714022724233e-09	LRMP	c30
4.71786043764078e-14	0.197864396677717	0.308	0.134	1.58963589585869e-09	WAC-AS1	c30
4.97390152956622e-14	0.328895441675889	0.773	0.407	1.67590638137204e-09	ZNHIT1	c30
5.00826238084153e-14	-0.376473566061007	0.984	0.948	1.68748392660075e-09	LAPTM5	c30
5.08948074680458e-14	0.352272856357003	0.791	0.438	1.71484964282834e-09	ELOVL5	c30
5.17824855838038e-14	0.203578933089381	0.673	0.33	1.74475906926068e-09	ARL5A	c30
5.19056599233312e-14	0.306633310022141	0.199	0.076	1.74890930545672e-09	RBM19	c30
5.2093589968458e-14	0.549085860819136	0.1	0.027	1.75524142039722e-09	ATAT1	c30
5.27430632271113e-14	0.217947487903552	0.159	0.055	1.77712477237429e-09	TIMM44	c30
5.33063205398381e-14	0.176685904095968	0.704	0.357	1.7961031642693e-09	BCLAF1	c30
5.35049963779591e-14	0.308356702155218	0.866	0.488	1.80279734795895e-09	GNG2	c30
5.38491422787962e-14	2.90365476329319	0.022	0.002	1.81439299994176e-09	HES1	c30
5.41375760337812e-14	0.136949266766507	0.24	0.096	1.82411148688222e-09	HMGCL	c30
5.46973921507809e-14	0.10459646316796	0.458	0.219	1.84297393112841e-09	MT1F	c30
5.49404910632598e-14	1.44024526074353	0.053	0.01	1.85116490588548e-09	MAMLD1	c30
5.57838205517263e-14	0.429155871682804	0.131	0.041	1.87958004966987e-09	GSE1	c30
5.61730551353755e-14	-0.11677061464809	0.246	0.098	1.89269491973134e-09	RNFT1	c30
5.63957388732845e-14	0.339978547434855	0.128	0.04	1.90019802559645e-09	MKL2	c30
5.67275423887104e-14	0.151991724079597	0.514	0.251	1.91137781324521e-09	FAS	c30
5.7577574651558e-14	0.116958918285613	0.48	0.223	1.9400188003096e-09	PARL	c30
5.76186047029572e-14	1.31542445241128	0.04	0.006	1.94140126686144e-09	MAGIX	c30
5.76549104137083e-14	2.80176013580031	0.016	0.001	1.94262455147949e-09	ZNF788	c30
5.79064567848534e-14	2.55346238371216	0.016	0.001	1.95110015490885e-09	INCA1	c30
5.80915090406887e-14	0.174126475401063	0.215	0.083	1.95733530561697e-09	GPAT4	c30
6.05883496388848e-14	0.38885687331096	0.212	0.082	2.04146385273258e-09	FZR1	c30
6.19667990374977e-14	-0.249498058765342	1	0.993	2.08790932676945e-09	RPL15	c30
6.21780089729972e-14	0.165883691989207	0.645	0.314	2.09502583433617e-09	PAFAH1B1	c30
6.58236711281267e-14	0.217600459375167	0.71	0.364	2.2178627749911e-09	KIF2A	c30
6.58846890292103e-14	0.247046952902128	0.274	0.116	2.21991871215021e-09	TRIM13	c30
6.8690397074868e-14	0.326552533204596	0.981	0.775	2.3144542390406e-09	NDUFS5	c30
6.95386088047791e-14	0.134951875914296	0.558	0.268	2.34303388506823e-09	C6orf1	c30
7.00528148613702e-14	0.20438863300357	0.255	0.105	2.36035954393901e-09	CCDC93	c30
7.07720493075507e-14	0.177983388721006	0.259	0.107	2.38459342936861e-09	ZNF281	c30
7.13252370224776e-14	0.185936063549621	0.237	0.095	2.40323253623536e-09	ZBTB11	c30
7.18847937319816e-14	-0.49582714390412	0.938	0.894	2.42208624000539e-09	EVL	c30
7.19298216298681e-14	-0.109666127817953	0.386	0.172	2.42360340999678e-09	VPS13A	c30
7.21523055758902e-14	0.478760468728455	0.131	0.042	2.43109978407404e-09	SAMD10	c30
7.25971527315469e-14	0.441007275449339	0.159	0.055	2.44608846413674e-09	ABCD3	c30
7.40240853213239e-14	0.920006587865553	0.069	0.015	2.49416753081669e-09	SMAD1	c30
7.49896246185038e-14	0.715637899129213	0.09	0.024	2.52670041189587e-09	ARMC5	c30
7.54831468943859e-14	0.404528119639987	0.118	0.036	2.54332915145944e-09	TFCP2	c30
7.60749777717466e-14	1.51554917804786	0.047	0.008	2.56327030104123e-09	IGHM	c30
7.6313319014006e-14	0.264281688754557	0.187	0.069	2.57130097085792e-09	ZFYVE21	c30
7.73556961133315e-14	0.26512287458486	0.171	0.061	2.60642282484259e-09	DNAJC13	c30
7.76311851297699e-14	-0.108616989744173	0.215	0.083	2.61570515176247e-09	PEX13	c30
7.81321703961568e-14	0.50035328996864	0.115	0.034	2.63258534932811e-09	SIAH1	c30
7.90415254581581e-14	0.366450399522801	0.109	0.032	2.66322515878718e-09	SEC14L2	c30
8.08932741372449e-14	2.25111935917225	0.028	0.003	2.72561797878033e-09	PGBD1	c30
8.2107739812725e-14	0.424225415754615	0.128	0.04	2.76653818524996e-09	PNPLA4	c30
8.44602118401631e-14	0.969529407533811	0.081	0.02	2.84580237774246e-09	RP11-635N19.1	c30
8.52567935813887e-14	0.240548883781875	0.206	0.079	2.87264240293131e-09	PRKAB1	c30
8.57634083415733e-14	0.146354964303074	0.315	0.137	2.88971228066097e-09	MGAT2	c30
8.65353734812158e-14	0.161747011775772	0.542	0.274	2.91572287407608e-09	LYST	c30
8.75853358394249e-14	0.16342929471233	0.231	0.092	2.95110030577358e-09	BRAP	c30
8.89285040892728e-14	0.101355868693433	0.162	0.056	2.99635701678396e-09	CPT2	c30
8.96173470155542e-14	0.536847104859808	0.087	0.023	3.01956689034208e-09	ZEB1-AS1	c30
9.46202467266437e-14	0.269346800645207	0.202	0.078	3.18813459320753e-09	PIAS3	c30
9.52563087199691e-14	0.146970115443227	0.252	0.103	3.20956606601064e-09	YIPF2	c30
9.79669376801781e-14	0.400017940773348	0.128	0.04	3.30089799819592e-09	ITGAV	c30
9.87102112235597e-14	1.08214073618653	0.065	0.014	3.32594185696662e-09	POMK	c30
9.99798954134855e-14	0.465774156939119	0.199	0.077	3.36872259606198e-09	IL18R1	c30
1.01189134167988e-13	-0.497988412956669	0.953	0.873	3.4094666866562e-09	CIRBP	c30
1.0214910373817e-13	1.50433068466567	0.034	0.005	3.44181190135391e-09	RP11-277P12.20	c30
1.02155863995955e-13	0.114135576338992	0.171	0.061	3.44203968147971e-09	BCDIN3D	c30
1.02768630202019e-13	0.376038495976035	0.745	0.399	3.46268622602683e-09	GADD45GIP1	c30
1.03155071946879e-13	0.229692069529873	0.788	0.406	3.47570699417815e-09	CMTM3	c30
1.03683600304166e-13	0.657505407640145	0.143	0.048	3.49351522864856e-09	TATDN2	c30
1.05319754482343e-13	0.101921714126177	0.193	0.072	3.54864380752805e-09	KIAA0586	c30
1.08076411831643e-13	0.135512212320458	0.24	0.097	3.64152662025539e-09	JARID2	c30
1.09299911701098e-13	0.701493388909231	0.062	0.013	3.68275122485681e-09	FBXL18	c30
1.0998398916886e-13	1.04285822169107	0.062	0.013	3.70580053105557e-09	BFSP2	c30
1.11705051465633e-13	0.258177721332252	0.121	0.037	3.76379000408303e-09	ZNF627	c30
1.12875495357677e-13	0.53634450668754	0.33	0.159	3.80322694058157e-09	RP11-291B21.2	c30
1.13263564925516e-13	0.602824212703791	0.1	0.028	3.81630255660034e-09	LYSMD4	c30
1.15178620200477e-13	0.215501960798	0.171	0.062	3.88082842903487e-09	SLC25A16	c30
1.17096971869719e-13	0.346985416112911	0.542	0.275	3.9454653701783e-09	PRNP	c30
1.19745194982561e-13	1.84754170916568	0.028	0.003	4.03469459974241e-09	ACOT11	c30
1.20151178323735e-13	0.141970209262847	0.312	0.136	4.04837380243994e-09	CASC3	c30
1.22066086708803e-13	0.196091405504796	0.184	0.068	4.11289472556641e-09	RABL2B	c30
1.22321691079401e-13	0.132752382013554	0.115	0.035	4.12150705922935e-09	RP11-493L12.4	c30
1.23496576303579e-13	0.950782449168043	0.062	0.013	4.16109364197278e-09	CLEC11A	c30
1.23906700095433e-13	0.755861733200982	0.084	0.021	4.17491235301553e-09	SLAIN1	c30
1.24838561693668e-13	0.167270918635314	0.196	0.074	4.20631049770645e-09	TAB1	c30
1.24852202630888e-13	0.510489667218513	0.112	0.033	4.20677011544514e-09	SERPINB8	c30
1.29783942650014e-13	4.32853217237166	0.012	0.001	4.37294016364958e-09	RP11-803D5.4	c30
1.29874241849878e-13	0.981859986731007	0.1	0.028	4.3759827048898e-09	NXPH4	c30
1.30776469537378e-13	0.374083166486583	0.95	0.654	4.40638236459243e-09	HNRNPA0	c30
1.31530418542201e-13	0.148497869242888	0.212	0.083	4.43178592236091e-09	BACH1	c30
1.33319970244898e-13	0.110516911182817	0.436	0.206	4.4920830774316e-09	CTBS	c30
1.3544784000257e-13	1.73100488791317	0.031	0.004	4.56377952104658e-09	AC009005.2	c30
1.36032863900193e-13	0.561127499680343	0.109	0.032	4.5834913162531e-09	POLR1B	c30
1.37563258617098e-13	0.290315034241478	0.193	0.073	4.63505643584451e-09	DYRK1A	c30
1.39251278039131e-13	0.285009206962738	0.168	0.06	4.69193256225047e-09	CCDC61	c30
1.39637533534369e-13	0.598514632284219	0.125	0.039	4.70494705490703e-09	TMEM200A	c30
1.41929576527511e-13	0.502225184394767	0.115	0.035	4.78217515151796e-09	SETD1A	c30
1.4198034183383e-13	0.285785501940934	0.14	0.046	4.78388563774907e-09	MANEA-AS1	c30
1.42276834402859e-13	0.319992161371437	0.607	0.325	4.79387565836992e-09	GLRX	c30
1.42322341312261e-13	0.125645537088722	0.402	0.187	4.79540896817533e-09	CD226	c30
1.4726655227552e-13	0.106214445531476	0.168	0.06	4.96199921237139e-09	INTS4	c30
1.47307992318227e-13	0.399744851070602	0.913	0.624	4.96339549317034e-09	EIF4G2	c30
1.48806481735605e-13	0.81785711949391	0.072	0.017	5.01388559559946e-09	UST	c30
1.49211921860428e-13	3.0567393969777	0.019	0.002	5.02754649516527e-09	NIPAL4	c30
1.52949723558753e-13	0.304139874224804	0.109	0.032	5.15348798558862e-09	DNLZ	c30
1.52988267561184e-13	0.419828229717769	0.128	0.041	5.15478668720653e-09	TAB3	c30
1.53113112080855e-13	0.60653416977489	0.078	0.019	5.15899319845232e-09	PAPD7	c30
1.5597439231542e-13	0.174714781747947	0.268	0.113	5.25540117467576e-09	APOBEC3D	c30
1.59488116453974e-13	-0.10402529044483	0.349	0.153	5.3737925958002e-09	COMMD10	c30
1.59575717433111e-13	0.185224455608097	0.231	0.093	5.37674422319123e-09	TTC32	c30
1.61150539790732e-13	0.254486416097447	0.156	0.054	5.42980628770892e-09	PROSER3	c30
1.61405816623927e-13	0.254606597799061	0.626	0.313	5.43840758532661e-09	FUNDC2	c30
1.63955945834926e-13	0.422877517827859	0.081	0.02	5.524331638962e-09	ALG10	c30
1.6791051220415e-13	0.249664286209559	0.729	0.382	5.65757679820663e-09	U2SURP	c30
1.70349930140708e-13	-0.120520178531756	0.364	0.161	5.73977054616101e-09	ACTR6	c30
1.7216147573977e-13	0.3366234534005	0.137	0.045	5.80080876357579e-09	RRM2B	c30
1.72833233463946e-13	0.140584694644549	0.327	0.146	5.82344296833419e-09	VAV1	c30
1.76693633897641e-13	0.148436297686162	0.193	0.073	5.9535153005471e-09	DDX10	c30
1.78315062542276e-13	0.295972106511036	0.178	0.065	6.00814771729946e-09	RECK	c30
1.80219301102474e-13	0.120270673217595	0.424	0.198	6.07230913134678e-09	COA5	c30
1.85829323823348e-13	1.44521817878691	0.031	0.004	6.2613332369039e-09	FGF14-AS2	c30
1.86249665295383e-13	0.679904586271397	0.078	0.019	6.27549622246264e-09	SLC12A2	c30
1.87840851802326e-13	0.757931406022351	0.097	0.027	6.32910966062757e-09	CTB-58E17.1	c30
1.88282718335265e-13	0.376721805170568	0.128	0.041	6.34399791158841e-09	AC093818.1	c30
1.91740576010292e-13	0.16947960827531	0.555	0.274	6.46050696809078e-09	ZFAND5	c30
1.93691501465605e-13	0.248536982196967	0.231	0.093	6.52624145038208e-09	FBXO31	c30
1.94624415297955e-13	0.483925908941727	0.891	0.632	6.55767504904929e-09	ZYX	c30
1.96624940524031e-13	0.109794003717707	0.209	0.081	6.62508074601671e-09	SUGP1	c30
1.97534271128602e-13	0.737265741155704	0.093	0.026	6.65571973140713e-09	ADO	c30
1.98517389583316e-13	0.336887294917469	0.199	0.078	6.68884492462026e-09	ICA1	c30
2.01322657724918e-13	0.242779595983099	0.137	0.045	6.78336562938339e-09	INTS5	c30
2.02691585578144e-13	0.757304088313205	0.087	0.023	6.82949028446997e-09	GPD2	c30
2.08622896651367e-13	-0.100771838715089	0.287	0.121	7.02933987977115e-09	EEFSEC	c30
2.1228478067802e-13	0.134882491382389	0.539	0.259	7.1527234001652e-09	BECN1	c30
2.14572223627845e-13	0.232911959853678	0.654	0.339	7.22979650291661e-09	PAG1	c30
2.20567365222277e-13	0.44354123648854	0.093	0.026	7.4317968037994e-09	MSANTD2	c30
2.28869014521661e-13	0.629329833604842	0.153	0.053	7.71151257529283e-09	ICAM1	c30
2.31418761925946e-13	0.130017647634312	0.153	0.053	7.79742376433282e-09	PGRMC2	c30
2.33241644020626e-13	0.247774789444851	0.262	0.11	7.85884395363098e-09	ZNF585A	c30
2.36913914421302e-13	0.492533255793637	0.075	0.018	7.98257743251134e-09	ZNF747	c30
2.39901002135388e-13	0.201542989092704	0.15	0.051	8.08322436594976e-09	LIAS	c30
2.42101993186137e-13	0.180780097675718	0.601	0.306	8.15738455841371e-09	CHST11	c30
2.56181555751586e-13	0.106296016733434	0.617	0.301	8.63178133949394e-09	G3BP2	c30
2.60568569981943e-13	0.770621552586003	0.097	0.027	8.77959739697158e-09	AC009961.3	c30
2.64493331917232e-13	0.371771529216252	0.109	0.032	8.9118383256192e-09	ZNF771	c30
2.69794756824242e-13	1.85283608017284	0.875	0.646	9.09046453643602e-09	HIST1H4C	c30
2.75456943950456e-13	0.145847861671261	0.19	0.072	9.28124626946666e-09	FBXO25	c30
2.77323243599303e-13	0.176326554804582	0.237	0.097	9.34412936983491e-09	CEP95	c30
2.78502943313338e-13	0.223692554269025	0.657	0.337	9.3838781719996e-09	TEX264	c30
2.78972922877967e-13	2.29706536357322	0.022	0.002	9.39971366345022e-09	AC093627.9	c30
2.82904144877771e-13	2.6106428791367	0.031	0.004	9.53217225751162e-09	TP63	c30
2.8506312633868e-13	0.647450441587673	0.09	0.024	9.60491697885549e-09	NBPF10	c30
2.86090238687016e-13	0.148093269103251	0.629	0.316	9.63952450232032e-09	DGKZ	c30
2.92604863854442e-13	1.53095541512319	0.037	0.006	9.85902828271158e-09	ADSSL1	c30
2.92878723871996e-13	0.199160014424576	0.137	0.045	9.86825572214302e-09	CTC-459F4.3	c30
2.94818426220893e-13	0.383730650920562	0.928	0.654	9.93361205308678e-09	DAD1	c30
2.99752275874013e-13	0.172536216688428	0.131	0.042	1.0099853183299e-08	PDE6B	c30
3.03593601476492e-13	0.239264086034883	0.159	0.056	1.02292828081489e-08	BTN2A2	c30
3.04142575563295e-13	0.892843343654852	0.087	0.023	1.02477799410296e-08	GSTM4	c30
3.05865458947802e-13	1.02398266644725	0.059	0.012	1.03058307737872e-08	RGS5.1	c30
3.08765521244265e-13	-0.156112418544122	0.308	0.133	1.04035454728043e-08	TRIM11	c30
3.12552552650425e-13	0.586744223821166	0.947	0.803	1.05311457090034e-08	HSP90AB1	c30
3.16641963284649e-13	3.42217576451407	0.034	0.005	1.0668934310913e-08	TRBV11-1	c30
3.18812918550934e-13	0.181914951275645	0.368	0.171	1.07420824776552e-08	TP53I13	c30
3.21798929976064e-13	1.33276902755615	0.047	0.008	1.08426931466135e-08	HIST1H2BE	c30
3.25277256016048e-13	0.297465882981674	0.134	0.044	1.09598918642047e-08	MSRB2	c30
3.26058860862889e-13	0.645072931703234	0.097	0.027	1.09862272579142e-08	B4GALT5	c30
3.35232849633175e-13	0.694968388444822	0.081	0.021	1.12953356355402e-08	SH3PXD2A	c30
3.43249184187268e-13	0.163260186331996	0.19	0.072	1.15654380120058e-08	P2RX4	c30
3.452864675889e-13	0.214719910662206	0.19	0.073	1.16340822389404e-08	AKAP8	c30
3.48049450954729e-13	0.123808713850507	0.221	0.088	1.17271782004687e-08	GOLGA5	c30
3.56018989788013e-13	0.303167422744465	0.146	0.05	1.19957038419173e-08	STK38L	c30
3.59146816227815e-13	0.36192873522831	0.128	0.041	1.210109282598e-08	RABGEF1	c30
3.61200109498598e-13	0.538599679801202	0.103	0.03	1.21702764894458e-08	PMF1	c30
3.62250641177716e-13	0.847918321964939	0.103	0.03	1.2205673103842e-08	APOBR	c30
3.62796173971413e-13	3.17082602333891	0.016	0.001	1.22240542857928e-08	KCTD15	c30
3.66381608944811e-13	2.80979852172766	0.016	0.001	1.23448619317865e-08	ZC2HC1C	c30
3.68187352098517e-13	2.90108578403168	0.016	0.001	1.24057046416074e-08	NANOS3	c30
3.76047156575737e-13	0.124091073746977	0.526	0.254	1.26705328936629e-08	OGFR	c30
3.87705569305836e-13	0.248399901050316	0.168	0.061	1.30633514521908e-08	USP21	c30
3.97009136264e-13	1.17215255678293	0.05	0.009	1.33768258372792e-08	SYNC	c30
3.97459366115555e-13	0.190347666001938	0.589	0.29	1.33919958818975e-08	LYPLA2	c30
4.02000315685478e-13	0.162029497440542	0.735	0.371	1.35449986367065e-08	NUCB1	c30
4.04924801246983e-13	0.13630221195855	0.218	0.087	1.36435362532158e-08	CMIP	c30
4.15486772842583e-13	0.356251308560874	0.894	0.58	1.3999411324158e-08	NR3C1	c30
4.15863702867262e-13	0.501570667070256	0.106	0.031	1.40121116044095e-08	CDKL1	c30
4.16550484848372e-13	0.470501712524876	0.097	0.027	1.4035252036481e-08	STK11IP	c30
4.18511914123571e-13	0.383335045547418	0.866	0.506	1.41013404344796e-08	ATP6V1F	c30
4.31807967800708e-13	0.599959977409608	0.069	0.016	1.45493376670771e-08	IBA57	c30
4.32913865625881e-13	0.317920257068109	0.981	0.775	1.45865997883984e-08	UBE2D3	c30
4.32986889360957e-13	0.262987496326353	0.252	0.107	1.45890602501281e-08	UIMC1	c30
4.33728726801526e-13	1.31858385620821	0.05	0.009	1.46140557208506e-08	AC017002.2	c30
4.40745749233516e-13	0.14022432384333	0.193	0.074	1.48504872746741e-08	DTX3	c30
4.41785498057034e-13	0.781912912838476	0.065	0.015	1.48855205715337e-08	DARS-AS1	c30
4.55190888549131e-13	0.401841920097979	0.897	0.594	1.53372017987744e-08	PPP1R18	c30
4.59275232818713e-13	0.286442071410074	0.502	0.262	1.54748196945937e-08	ICOS	c30
4.62577002461403e-13	1.9666066959765	0.022	0.002	1.55860695209345e-08	TREML2	c30
4.65311449885031e-13	0.103829002224297	0.174	0.064	1.56782039924263e-08	WDR73	c30
4.82401795659004e-13	0.613729093524854	0.109	0.033	1.62540461029345e-08	MAPKBP1	c30
4.94090301881371e-13	3.76996983750789	0.012	0.001	1.66478786315909e-08	LHX4	c30
4.95571793778819e-13	4.27146567236667	0.012	0.001	1.66977960195835e-08	PPFIA4	c30
5.03044925349391e-13	2.78759561207001	0.012	0.001	1.69495957147224e-08	C1QTNF9B-AS1	c30
5.03543842122173e-13	0.141518118913167	0.579	0.281	1.69664062164645e-08	LSM10	c30
5.05304395236743e-13	0.260606285122487	0.604	0.319	1.70257262931068e-08	GLUD1	c30
5.22606191115837e-13	0.18728172742622	0.33	0.15	1.7608693003457e-08	GNL3	c30
5.3085621030354e-13	0.76814700839278	0.084	0.022	1.78866691499675e-08	SEMA4B	c30
5.34485141788254e-13	1.61212708290292	0.047	0.008	1.80089423674134e-08	RTKN	c30
5.34489865269195e-13	0.513780523322857	0.121	0.039	1.80091015203802e-08	PAK4	c30
5.51877734916331e-13	1.15703456927482	0.062	0.014	1.85949684002709e-08	HNRNPUL2-BSCL2	c30
5.5240940750105e-13	0.18340736786158	0.168	0.061	1.86128825763404e-08	CDPF1	c30
5.55639135128210e-13	0.812984320743326	0.059	0.013	1.87217050190099e-08	ZNF473	c30
5.58299053269027e-13	1.34085462755857	0.044	0.008	1.88113283008466e-08	PAX8	c30
5.70702233592858e-13	0.15431189941485	0.221	0.089	1.92292410586778e-08	TRMT13	c30
5.7752136861797e-13	0.60527541726739	0.072	0.017	1.94590049942139e-08	PIK3R3	c30
5.77729806688694e-13	-0.117042595034206	0.33	0.145	1.94660281065689e-08	TMEM138	c30
5.9259834522188e-13	0.444213957870565	0.1	0.029	1.9967008643906e-08	DHX57	c30
5.96859151532086e-13	0.102679919537775	0.551	0.272	2.01105722517221e-08	LPIN2	c30
6.03669998584106e-13	0.720291124738098	0.097	0.027	2.03400569322929e-08	C1orf159	c30
6.06185598920253e-13	0.395059036604322	0.14	0.048	2.0424817570019e-08	EEF2KMT	c30
6.10109297390866e-13	2.55395037004117	0.025	0.003	2.05570226662878e-08	CH507-154B10.1	c30
6.17498592536243e-13	0.445363920795383	0.134	0.045	2.08059975769162e-08	PAPD5	c30
6.21869473219245e-13	0.768934656439335	0.087	0.023	2.09532700306493e-08	NUP50-AS1	c30
6.22735816793056e-13	0.157560742084428	0.128	0.042	2.09824606110252e-08	HRSP12	c30
6.23773321286952e-13	0.317503076167502	0.131	0.043	2.10174182874426e-08	GFOD2	c30
6.72904603190953e-13	0.476284098247626	0.078	0.02	2.2672847699916e-08	HLA-DOA	c30
6.76612700652497e-13	0.922392534688634	0.069	0.016	2.27977883357852e-08	PIP5K1B	c30
6.83473405596011e-13	0.198189544017784	0.118	0.037	2.3028952928152e-08	NECAB3	c30
6.84717632691701e-13	0.179315146882846	0.137	0.046	2.30708759159142e-08	ARL5B	c30
6.88003012835685e-13	0.366976387810618	0.85	0.531	2.31815735144856e-08	CXCR3	c30
6.90688409280669e-13	1.15703895252618	0.075	0.019	2.32720552623029e-08	OSM	c30
6.95401048540585e-13	-4.61314034173003	0.022	0.17	2.34308429295265e-08	PLAC8	c30
7.05212323649906e-13	0.317465320079681	0.757	0.398	2.37614240330599e-08	MLF2	c30
7.13931792328051e-13	0.214643016630229	0.583	0.306	2.40552178107014e-08	RILPL2	c30
7.15792583876346e-13	0.417345814413926	0.103	0.03	2.41179153211296e-08	NCKIPSD	c30
7.21897972336196e-13	1.63198366844938	0.053	0.011	2.43236302798958e-08	NEBL	c30
7.22420088691772e-13	0.215294884767395	0.199	0.078	2.43412224683806e-08	SCYL2	c30
7.34994787065305e-13	0.109105536313553	0.187	0.071	2.47649143553784e-08	HPS5	c30
7.49509864085808e-13	0.470644818640392	0.097	0.028	2.52539853605072e-08	ZFP30	c30
7.79966233243951e-13	0.505325812619879	0.109	0.033	2.62801822629217e-08	ACAP3	c30
7.80187505880814e-13	0.780841540163283	0.118	0.038	2.62876378231481e-08	ZNF689	c30
7.84988420611944e-13	0.334144318409442	0.972	0.729	2.64493998440989e-08	ATP5D	c30
7.90905221134514e-13	0.746366667678332	0.081	0.021	2.66487605209063e-08	SWSAP1	c30
7.91287392946288e-13	0.125491075578691	0.181	0.068	2.66616374179322e-08	C8orf82	c30
7.92248986468346e-13	0.499860023408848	0.087	0.024	2.66940373500645e-08	FAM234A	c30
8.04020272294802e-13	1.87073106128147	0.037	0.006	2.70906590547011e-08	CRMP1	c30
8.30895267970109e-13	0.71446475660494	0.075	0.019	2.79961851589849e-08	UNC119B	c30
8.32623650451047e-13	0.757345184635676	0.087	0.024	2.80544212782976e-08	HPGD	c30
8.32683691339336e-13	0.658314892214716	0.081	0.021	2.80564442959876e-08	MXRA7	c30
8.50685660684358e-13	3.35252558881502	0.016	0.001	2.86630026510988e-08	RP11-403A3.3	c30
8.53150223858085e-13	0.36535302452995	0.15	0.053	2.87460436426743e-08	OTUD4	c30
8.57483657834426e-13	2.93822695822693	0.016	0.001	2.88920543670731e-08	CFAP73	c30
8.64390677398172e-13	0.351618067238042	0.1	0.029	2.9124779484254e-08	STRN4	c30
8.73322041041375e-13	2.36634718015682	0.016	0.001	2.94257128508481e-08	RP11-314A20.2	c30
8.73322041041375e-13	2.23912486285415	0.016	0.001	2.94257128508481e-08	STARD13	c30
8.78063914747421e-13	0.160164963727129	0.57	0.28	2.95854855434996e-08	PEF1	c30
9.09698050603426e-13	1.65317110737714	0.028	0.003	3.06513661170318e-08	ARHGEF28	c30
9.22115811398928e-13	0.483428594721051	0.09	0.025	3.10697701492755e-08	EGR2	c30
9.26478813909235e-13	0.418349824691448	0.109	0.033	3.12167771558578e-08	FAM184A	c30
9.27546126459725e-13	0.146477682259121	0.28	0.123	3.1252739184934e-08	STAT2	c30
9.34705142378471e-13	0.113203617470202	0.199	0.078	3.14939550673002e-08	SLC25A13	c30
9.37580560427185e-13	0.355450432951457	0.118	0.038	3.15908394030336e-08	TNFAIP1	c30
9.72397750649057e-13	0.305573561163445	0.826	0.466	3.27639698103693e-08	C16orf13	c30
9.79026946462362e-13	1.17226392228232	0.034	0.005	3.29873339341028e-08	ST8SIA6	c30
9.82905350697907e-13	0.261529426133324	0.146	0.051	3.31180128864153e-08	PPP1R12C	c30
1.00318746073236e-12	0.393067742874673	0.442	0.238	3.38013983019163e-08	CXCR6	c30
1.01461837675275e-12	0.11789021930569	0.368	0.172	3.41865515863071e-08	IKBKE	c30
1.01623971088178e-12	0.294176573299601	0.872	0.5	3.42411808184508e-08	RBMX	c30
1.01966672361783e-12	0.105137086813635	0.237	0.098	3.43566505855793e-08	KIAA0100	c30
1.0335800102667e-12	0.313182164898917	0.835	0.465	3.4825444865926e-08	RAB11B	c30
1.05341739892416e-12	0.211678554734488	0.184	0.07	3.54938458393505e-08	KLRK1	c30
1.08044481720659e-12	0.176647551414448	0.153	0.054	3.64045076709589e-08	GMEB2	c30
1.08880514490442e-12	0.218916715582542	0.131	0.044	3.66862005524094e-08	AKT1S1	c30
1.11008891961347e-12	0.13487174187176	0.623	0.309	3.74033360574563e-08	CALCOCO2	c30
1.1154079209192e-12	0.101603838403072	0.489	0.238	3.75825544874515e-08	CNOT8	c30
1.14710446365429e-12	1.37265197861179	0.065	0.015	3.86505377983678e-08	IL1R2	c30
1.16229140198317e-12	-4.05465515644261	0.031	0.18	3.91622464984208e-08	TXK	c30
1.1862945492661e-12	0.409981858367244	0.922	0.742	3.99710085429718e-08	CNN2	c30
1.18672039490923e-12	0.289931557063377	0.548	0.282	3.99853569860717e-08	PIM3	c30
1.19038564407591e-12	0.283553803692165	0.24	0.104	4.01088538914936e-08	ITGA1	c30
1.19328909729735e-12	0.229621418405326	0.174	0.066	4.02066828443369e-08	POMGNT1	c30
1.205924983024e-12	0.685436259401061	0.072	0.017	4.06324363780105e-08	FLVCR1	c30
1.20664562042533e-12	2.06517701070113	0.028	0.004	4.06567175346112e-08	SLC17A9	c30
1.21804913626642e-12	1.38705901205925	0.034	0.005	4.10409475973607e-08	RP11-10L12.4	c30
1.21870369735044e-12	0.106164273757226	0.19	0.073	4.10630023785256e-08	CAMTA2	c30
1.23356739395609e-12	1.6953408251669	0.05	0.01	4.15638197719565e-08	MDK	c30
1.27992006072104e-12	0.464392337119717	0.084	0.022	4.31256265259349e-08	ZNF16	c30
1.32087921914793e-12	1.37597912943419	0.053	0.011	4.45057044099704e-08	HLF	c30
1.33395309516534e-12	0.704306503311983	0.072	0.018	4.4946215588501e-08	USP51	c30
1.34721347148332e-12	0.368682028352136	0.131	0.044	4.5393010708159e-08	ERLIN2	c30
1.3596782583767e-12	0.345916280020618	0.872	0.512	4.58129992377447e-08	AIP	c30
1.45631561338674e-12	0.556236854863299	0.093	0.027	4.90690982774527e-08	FAM120C	c30
1.4883173052214e-12	1.39939988324035	0.044	0.008	5.01473632821298e-08	RP11-178C3.2	c30
1.4954540013345e-12	0.265905201623245	0.1	0.029	5.03878271209646e-08	ZNF408	c30
1.49680619568059e-12	0.124666735176827	0.607	0.303	5.04333879572619e-08	SP110	c30
1.50447171257669e-12	0.364112878658602	0.907	0.578	5.06916698835589e-08	CLEC2D	c30
1.5300915335513e-12	1.67030739661943	0.037	0.006	5.15549041314777e-08	CTD-2547G23.4	c30
1.53744311816813e-12	0.408619883256049	0.125	0.041	5.18026084235569e-08	KIF9	c30
1.56385668451324e-12	-0.140871442873392	0.283	0.123	5.2692587127989e-08	ZNF766	c30
1.59380169968247e-12	0.649209143811219	0.078	0.02	5.3701554469101e-08	ZNF182	c30
1.59802266962922e-12	0.827378508451892	0.072	0.018	5.38437758304868e-08	ICA1L	c30
1.60981435718541e-12	0.120367970313174	0.243	0.102	5.42410849510051e-08	ARHGAP27	c30
1.63900581720404e-12	0.477512087170378	0.097	0.028	5.52246620048728e-08	CTD-2095E4.5	c30
1.65009288082168e-12	0.256863758826078	0.121	0.039	5.55982295264058e-08	ZNF287	c30
1.66573559637709e-12	0.122944531654958	0.673	0.339	5.61252951843297e-08	IRF2	c30
1.67019344131948e-12	3.79101475874651	0.012	0.001	5.62754978118187e-08	PIR	c30
1.69535465606166e-12	0.172321434673381	0.614	0.309	5.71232797813417e-08	SDHA	c30
1.70726966683948e-12	0.97568480276034	0.078	0.02	5.75247441544893e-08	RP1-244F24.1	c30
1.7320388213406e-12	0.362055491308618	0.19	0.075	5.83593160462501e-08	PRAF2	c30
1.73493845087918e-12	0.815677714610639	0.069	0.016	5.84570161639229e-08	CD72	c30
1.79031381099774e-12	0.106911586507329	0.433	0.208	6.03228335477578e-08	TM2D1	c30
1.79343849785363e-12	-0.415827471493656	0.988	0.961	6.04281167466801e-08	RPL4	c30
1.81106453997813e-12	0.353241394811118	0.1	0.029	6.10220086100231e-08	AC253572.1	c30
1.82940657932091e-12	2.76342056294357	0.022	0.002	6.16400252836388e-08	TTBK1	c30
1.83944531705207e-12	0.532165744331274	0.268	0.121	6.19782705127523e-08	CDKN2D	c30
1.85127254401512e-12	1.04191731093421	0.056	0.012	6.23767770980456e-08	ZNF35	c30
1.85733670951554e-12	0.113416631363652	0.315	0.142	6.25811030904167e-08	ZKSCAN1	c30
1.86876974794525e-12	2.68174487111793	0.019	0.002	6.29663278872673e-08	HAAO	c30
1.87467154940975e-12	0.372602488128342	0.115	0.037	6.31651831858121e-08	ZNF438	c30
1.8768814211412e-12	-0.169484893501896	0.231	0.095	6.32396426039317e-08	UTP3	c30
1.9072109330083e-12	-2.46337222296537	0.156	0.301	6.42615651767816e-08	SORL1	c30
1.91067794118705e-12	0.279436376125553	0.187	0.073	6.43783825503565e-08	SP1	c30
1.93427446584114e-12	3.14759866124739	0.016	0.001	6.51734438520513e-08	SOX30	c30
1.97497932035606e-12	0.478701813385058	0.1	0.03	6.65449532200769e-08	FURIN	c30
2.01051291914018e-12	0.308729516933476	0.838	0.474	6.77422222975093e-08	MRPL20	c30
2.01661672218438e-12	-0.104141306847875	0.361	0.166	6.79478838372804e-08	KAT7	c30
2.02898922175722e-12	0.32429825316653	0.134	0.046	6.83647628378876e-08	FAM206A	c30
2.03173852082085e-12	1.98005985174027	0.044	0.008	6.84573977205377e-08	SLC30A3	c30
2.04486937048481e-12	-0.111049819291073	0.33	0.148	6.88998285691152e-08	PI4KB	c30
2.06826561325345e-12	0.252670273810102	0.19	0.075	6.96881415729617e-08	CTDP1	c30
2.07390276541909e-12	0.172630407167881	0.162	0.06	6.98780797780307e-08	HINT3	c30
2.07509721676642e-12	-0.991148462153634	0.682	0.631	6.99183256217277e-08	SNHG8	c30
2.09130373511142e-12	0.16907046599108	0.131	0.044	7.04643880508442e-08	NOD1	c30
2.10281965990343e-12	2.04397278389583	0.031	0.004	7.08524056207863e-08	CCDC189	c30
2.1235843541154e-12	0.226479394414899	0.168	0.063	7.15520512275642e-08	ATP13A2	c30
2.15018084939443e-12	0.892432778416536	0.078	0.02	7.2448193539496e-08	DHX32	c30
2.15193636114939e-12	0.249934156379426	0.773	0.407	7.25073437525674e-08	PSMF1	c30
2.1806752038809e-12	0.434600970056373	0.084	0.023	7.34756703195632e-08	ZNF496	c30
2.18472813242701e-12	0.250511217904282	0.688	0.37	7.36122296939958e-08	TMEM173	c30
2.22238722095008e-12	0.164744081700405	0.187	0.073	7.4881115022692e-08	ZNF675	c30
2.22526684834991e-12	0.149047608766228	0.685	0.347	7.49781411883019e-08	RAB14	c30
2.26105030245517e-12	1.40066893255449	0.04	0.007	7.61838288909246e-08	RP11-84G21.1	c30
2.33597525007171e-12	-0.80443993206316	0.832	0.782	7.87083500759164e-08	NFKBIA	c30
2.35070274147139e-12	0.189509549279927	0.146	0.052	7.92045781711371e-08	SMPD2	c30
2.36566908515788e-12	0.191228383552438	0.218	0.09	7.97088541553096e-08	CHST7	c30
2.38925239695977e-12	0.10449346582161	0.15	0.053	8.05034702631625e-08	PIK3R4	c30
2.47964762538825e-12	1.09968496356483	0.065	0.015	8.35492470898316e-08	MORC4	c30
2.47965302357602e-12	0.196531300600555	0.212	0.087	8.35494289763706e-08	NAALADL1	c30
2.56209399472515e-12	0.970156615910553	0.044	0.008	8.6327195058269e-08	AC024592.12	c30
2.57781160205849e-12	0.112082050473213	0.651	0.331	8.68567841197587e-08	RGS19	c30
2.59797777661344e-12	0.816628701173546	0.081	0.022	8.75362632052132e-08	ZSCAN9	c30
2.60300325967123e-12	-1.98557753465788	0.234	0.357	8.77055918313624e-08	PHF1	c30
2.63509833468223e-12	-0.486123883200347	0.907	0.789	8.8787003288783e-08	ATP6V1G1	c30
2.64508080061953e-12	-0.176802860232587	0.315	0.14	8.91233524960743e-08	ENOSF1	c30
2.66399000357064e-12	-0.178055781998318	0.234	0.097	8.97604791803092e-08	TRIM33	c30
2.67141648729737e-12	0.461424609370363	0.097	0.028	9.00107071229976e-08	APOOL	c30
2.68328646895841e-12	2.78411739998034	0.025	0.003	9.04106542850846e-08	WBP5	c30
2.68904555859908e-12	1.07695275174741	0.062	0.014	9.06047010514374e-08	LCMT2	c30
2.72013647274162e-12	0.840635660692558	0.059	0.013	9.16522783125562e-08	C1orf198	c30
2.86035471940704e-12	0.282675792969214	0.268	0.119	9.63767919157007e-08	HDAC10	c30
2.9047768206197e-12	0.169639710650208	0.271	0.119	9.78735501939601e-08	COL4A3BP	c30
2.9504655194487e-12	0.198306302197298	0.143	0.051	9.94129852123045e-08	SPAST	c30
2.95208482109381e-12	0.215739173985139	0.206	0.084	9.9467545961935e-08	AEN	c30
2.9621943135415e-12	0.190808231331634	0.212	0.087	9.98081752004671e-08	GGA3	c30
3.05076766135116e-12	0.438880544694785	0.1	0.03	1.02792565581566e-07	CCDC71L	c30
3.08902715351876e-12	0.288038942779942	0.134	0.046	1.04081680910661e-07	USP32	c30
3.10534160417334e-12	0.165679133831964	0.171	0.065	1.04631380011016e-07	PANK4	c30
3.11619834331744e-12	0.368997130218258	0.894	0.589	1.04997186979738e-07	JTB	c30
3.19042127484457e-12	-0.105214480048711	0.221	0.091	1.07498054434613e-07	FBXL12	c30
3.28910874050455e-12	0.41724557770972	0.109	0.034	1.1082322990256e-07	DUS4L	c30
3.30263563826269e-12	0.10784265547984	0.355	0.167	1.11279005195623e-07	CLN3	c30
3.36207635144906e-12	0.163847116103702	0.751	0.388	1.13281800585725e-07	DNAJB6	c30
3.36911714838614e-12	2.26132285225841	0.019	0.002	1.13519033197723e-07	RP11-162J8.3	c30
3.3821215840205e-12	2.33155936788828	0.019	0.002	1.13957204651987e-07	RP11-544I20.2	c30
3.51927783669683e-12	1.445822692491	0.053	0.011	1.18578547429663e-07	PHEX	c30
3.53921344475812e-12	0.165078710449946	0.673	0.346	1.1925025780768e-07	DNAJC1	c30
3.54272504937979e-12	0.313955844607346	0.801	0.455	1.19368577813803e-07	PPP2R1A	c30
3.60603786966761e-12	0.312184313784947	0.738	0.395	1.2150183998058e-07	SS18L2	c30
3.64479898146413e-12	0.15977019562219	0.701	0.364	1.22807856881452e-07	FBL	c30
3.64796939898059e-12	0.326949168351339	0.115	0.037	1.22914680929252e-07	IPO13	c30
3.71977401098467e-12	0.272358098525205	0.748	0.415	1.25334065526117e-07	PRKAR1A	c30
3.74620452426364e-12	0.22727979057588	0.174	0.067	1.26224615240539e-07	JAK2	c30
3.78368547041369e-12	0.305341717055974	0.184	0.072	1.27487498240119e-07	SEC24D	c30
3.80963766441951e-12	1.21332470924155	0.047	0.009	1.28361931464951e-07	NFIL3	c30
4.00441365945452e-12	2.21378786837646	0.025	0.003	1.3492471384166e-07	STK33	c30
4.09652920346815e-12	0.455340304499916	0.072	0.018	1.38028454981656e-07	CAMSAP1	c30
4.11344561487063e-12	0.308243639243414	0.894	0.544	1.38598436547451e-07	LSM8	c30
4.12056294252588e-12	0.365676566095212	0.1	0.03	1.38838247785467e-07	MPP1	c30
4.13892610223048e-12	1.8053363917835	0.025	0.003	1.39456976088554e-07	RP13-270P17.3	c30
4.13986708157767e-12	0.191847353542199	0.14	0.049	1.39488681446678e-07	NUFIP1	c30
4.14577739625354e-12	1.02711858696383	0.05	0.01	1.39687823589367e-07	PMF1-BGLAP	c30
4.16946324150785e-12	0.198405874227062	0.174	0.067	1.40485894459366e-07	UPF1	c30
4.17425574379749e-12	0.750211972804722	0.05	0.01	1.40647373031513e-07	ZFP69	c30
4.20609904180546e-12	0.120518201729721	0.178	0.068	1.41720301114593e-07	SRBD1	c30
4.21134298338573e-12	-0.160345564600089	0.312	0.139	1.41896990482199e-07	SMYD2	c30
4.29984946364414e-12	0.29597495992626	0.09	0.026	1.44879127828026e-07	DHODH	c30
4.34398360382196e-12	0.739807039401794	0.069	0.017	1.46366183547177e-07	ATXN7L2	c30
4.54435723236067e-12	0.479006632249999	0.059	0.013	1.5311757258716e-07	RBM26-AS1	c30
4.55361862086699e-12	0.637922339057654	0.087	0.025	1.53429625811493e-07	MBTD1	c30
4.55695468909758e-12	2.17115200826616	0.022	0.002	1.53542031294454e-07	KIF7	c30
4.5960546123423e-12	0.678323795083933	0.093	0.027	1.54859464108261e-07	RP11-242D8.1	c30
4.67630142404366e-12	0.411023072196963	0.112	0.036	1.57563300181727e-07	HNRNPU-AS1	c30
4.79968267189811e-12	0.280471242165078	0.626	0.331	1.61720507946935e-07	APEX1	c30
4.83999860906831e-12	0.103948987333498	0.159	0.059	1.63078913133948e-07	RCOR1	c30
4.85059052725496e-12	0.226806987203419	0.131	0.045	1.63435797225329e-07	HHLA3	c30
4.86276882252651e-12	0.138113958141214	0.604	0.298	1.63846132706208e-07	METTL5	c30
4.89651636982808e-12	-0.145757524964074	0.346	0.158	1.64983222564987e-07	USE1	c30
4.98256621476627e-12	-0.148195204007673	0.293	0.13	1.67882586040335e-07	GOLGA2	c30
5.02054549126322e-12	0.289009841529386	0.875	0.511	1.69162259782623e-07	SCAND1	c30
5.17187752802699e-12	3.37970115820101	0.012	0.001	1.74261241429341e-07	VGF	c30
5.22295203355989e-12	0.262311080441713	0.632	0.341	1.75982145818767e-07	TGFB1	c30
5.26619901742894e-12	0.162644516264725	0.156	0.057	1.77439309693251e-07	DROSHA	c30
5.26676128179886e-12	0.502150869723953	0.081	0.022	1.77458254628931e-07	RP11-849H4.2	c30
5.28505487437949e-12	-0.110422607773432	0.255	0.109	1.78074638937343e-07	CSTF2T	c30
5.29049160922416e-12	0.360336742795744	0.972	0.821	1.78257824281199e-07	TMBIM6	c30
5.35490370673775e-12	0.606479913530515	0.084	0.023	1.80428125494822e-07	FAM20B	c30
5.3630797315962e-12	0.331162366792163	0.146	0.053	1.80703608476402e-07	PIP5K1C	c30
5.42833675430731e-12	0.590067068832829	0.103	0.032	1.82902378599631e-07	LHFP	c30
5.50583108342133e-12	0.103469872505568	0.162	0.061	1.85513472524798e-07	SMYD4	c30
5.77173921349585e-12	2.60156939915004	0.019	0.002	1.94472981059529e-07	ABTB2	c30
5.79518513635297e-12	0.167903913593138	0.688	0.366	1.95262967984277e-07	TMX4	c30
5.79596972993085e-12	0.283479600911812	0.115	0.037	1.9528940408029e-07	TRIT1	c30
5.86998153835038e-12	0.390047782012317	0.072	0.018	1.97783157953178e-07	CRAMP1	c30
5.98118292025695e-12	0.402624982830317	0.991	0.903	2.01529977315138e-07	S100A6	c30
5.99771188185555e-12	0.181996896984632	0.174	0.068	2.02086904147241e-07	ZC3H7B	c30
6.1925487815752e-12	0.128838340355302	0.355	0.167	2.08651738646395e-07	ING4	c30
6.20147362856517e-12	0.617678908123348	0.1	0.03	2.08952452440875e-07	ZNF681	c30
6.48876682752549e-12	0.800357358587637	0.065	0.016	2.18632509486644e-07	ST20-MTHFS	c30
6.50395312228088e-12	0.487794183034606	0.09	0.026	2.19144196502132e-07	DAG1	c30
6.5638390610576e-12	0.275960077851558	0.875	0.486	2.21161993323275e-07	CSK	c30
6.6079480168867e-12	0.335454684571118	0.106	0.033	2.2264820048098e-07	RBM27	c30
6.74586792247442e-12	-0.10786705903655	0.364	0.17	2.27295273779853e-07	ADPGK	c30
6.82323913463774e-12	0.126922511882037	0.146	0.053	2.29902219402484e-07	ZNF623	c30
6.82732082996299e-12	0.381158948897182	0.128	0.044	2.30039748044773e-07	YPEL1	c30
6.83186678402339e-12	0.357130450082341	0.9	0.559	2.30192919420884e-07	SAP18	c30
7.06681642734813e-12	0.302306923966132	0.121	0.041	2.38109312703068e-07	FLNB	c30
7.16111394827236e-12	0.383631671271672	0.112	0.036	2.41286573373089e-07	ZNF184	c30
7.32050697784486e-12	0.315941474816001	0.835	0.477	2.46657162111505e-07	TMEM14B	c30
7.47719857915997e-12	0.780801245591332	0.118	0.04	2.51936728926216e-07	CCR8	c30
7.54151225683513e-12	0.265568839145723	0.131	0.045	2.54103713981803e-07	AMFR	c30
7.67286833741577e-12	-1.56460879790741	0.408	0.47	2.58529625760887e-07	PBXIP1	c30
7.72103915157746e-12	0.125812669914358	0.346	0.164	2.60152693173251e-07	IL4R	c30
7.74568638242102e-12	0.305617198537715	0.623	0.333	2.60983156969294e-07	DCK	c30
8.04482181560066e-12	0.137735153560297	0.202	0.083	2.71062226254849e-07	ST3GAL5	c30
8.06054770637947e-12	0.326783327856025	0.763	0.423	2.7159209441875e-07	CLTB	c30
8.32288823781725e-12	0.126111965684232	0.196	0.08	2.80431396285015e-07	B4GALT7	c30
8.36098675156017e-12	1.25185762036487	0.087	0.025	2.81715087607068e-07	MS4A6A	c30
8.38164328763793e-12	-0.183409485720411	0.224	0.093	2.82411088933673e-07	MKRN2	c30
8.55162861714512e-12	0.204898552678006	0.159	0.06	2.88138574626088e-07	RYBP	c30
8.57870038456013e-12	0.262300619705401	0.19	0.077	2.89050730757369e-07	RNF141	c30
8.61657297108262e-12	-0.144020283290162	0.321	0.146	2.90326809687658e-07	ANKRD17	c30
8.69651996130145e-12	1.37846361908157	0.034	0.005	2.93020543576091e-07	STOX1	c30
8.71443282582035e-12	0.266064728027067	0.156	0.058	2.93624099633191e-07	POLR3A	c30
8.80591151391717e-12	0.20692768770845	0.165	0.063	2.96706382549925e-07	NHLRC2	c30
8.82432484051966e-12	2.21731489021693	0.016	0.001	2.97326801176469e-07	GOLM1	c30
9.02240060211993e-12	-0.121390918077307	0.502	0.242	3.04000765887829e-07	PPP1R10	c30
9.18182117150000e-12	0.231881555747965	0.134	0.047	3.09372282552521e-07	MIR222HG	c30
9.20377342040746e-12	0.922341522902597	0.047	0.009	3.10111941627209e-07	NEURL1	c30
9.21671399916012e-12	1.09568920032174	0.047	0.009	3.10547961487701e-07	TCTN2	c30
9.22517355134734e-12	-0.108485996077629	0.386	0.182	3.10832997639097e-07	UFL1	c30
9.27059885149086e-12	0.532948463693981	0.09	0.026	3.12363557702133e-07	MIR762HG	c30
9.30316556023527e-12	0.100323294997476	0.137	0.048	3.13460860386567e-07	ASB7	c30
9.60912282312028e-12	0.123900400813738	0.629	0.327	3.23769784402215e-07	GOLGA4	c30
9.64748453071485e-12	1.1159715290214	0.044	0.008	3.25062343777906e-07	AC114271.2	c30
9.66614845366677e-12	-1.90407752232175	0.212	0.345	3.25691205997848e-07	TNFSF8	c30
9.88824164507852e-12	0.290750546195838	0.128	0.044	3.33174413989276e-07	NR2C1	c30
9.8935645562937e-12	2.42069660571833	0.019	0.002	3.3335376415976e-07	PTGFRN	c30
9.9861187066743e-12	0.10679669057129	0.287	0.134	3.36472283702684e-07	CISH	c30
1.00287983617681e-11	2.06049167163241	0.019	0.002	3.37910332001415e-07	RP11-444D3.1	c30
1.0085641743768e-11	0.653361386420431	0.106	0.034	3.39825612914519e-07	SLX4IP	c30
1.01644797240904e-11	0.171649892235282	0.252	0.111	3.42481979823501e-07	CCDC88B	c30
1.03256248814098e-11	1.2907904188127	0.05	0.01	3.47911604754222e-07	ELOVL6	c30
1.03622676054051e-11	0.17182496605716	0.508	0.26	3.49146244696519e-07	MYO1F	c30
1.05267986775368e-11	0.421594507125408	0.15	0.055	3.54689954640926e-07	MEX3C	c30
1.06150879289404e-11	0.140029793059689	0.227	0.097	3.57664772677718e-07	POLB	c30
1.07216969526768e-11	0.305928387764397	0.86	0.503	3.61256857123492e-07	PPIG	c30
1.08863017885734e-11	2.29969542744877	0.025	0.003	3.66803052464192e-07	GPR34	c30
1.08959005327714e-11	1.38245545435521	0.044	0.008	3.671264725512e-07	LCMT1-AS1	c30
1.08996776478504e-11	1.00181556928133	0.034	0.005	3.67253738666672e-07	HSPA2	c30
1.10099657760973e-11	0.37646004105883	0.112	0.037	3.70969786859823e-07	ALDH5A1	c30
1.11584050186597e-11	0.577848254281348	0.069	0.017	3.7597129869872e-07	PALB2	c30
1.1205575077219e-11	0.380868404604079	0.632	0.357	3.77560646651816e-07	LIME1	c30
1.19946818300361e-11	0.433727279447649	0.125	0.043	4.04148809581237e-07	HIST1H2AK	c30
1.20583800998533e-11	0.363101331942468	0.891	0.566	4.06295059084458e-07	DYNLRB1	c30
1.23019324691032e-11	-0.151716342698547	0.377	0.175	4.14501312613963e-07	ZNF146	c30
1.26632056527126e-11	0.49014873724255	0.072	0.018	4.26674051262497e-07	DNAL1	c30
1.27706227794639e-11	0.150680013976977	0.137	0.049	4.30293363931255e-07	MINCR	c30
1.27720601983735e-11	0.137667280402403	0.231	0.101	4.30341796323998e-07	NR4A1	c30
1.28479455166312e-11	0.398134762857834	0.112	0.037	4.32898676237373e-07	PI4K2A	c30
1.28699691026104e-11	1.60510901448791	0.028	0.004	4.33640738943356e-07	RP5-884G6.2	c30
1.31468955329929e-11	0.35841528273052	0.162	0.062	4.42971498088663e-07	IDNK	c30
1.34089684067171e-11	0.43971673460528	0.109	0.035	4.51801781495926e-07	ARHGEF19	c30
1.36489713983244e-11	-1.51241164442784	0.315	0.421	4.59888442295143e-07	SCML4	c30
1.36988367578648e-11	0.180689119540848	0.692	0.359	4.61568605719496e-07	MED10	c30
1.39048727786364e-11	0.197096571002865	0.128	0.044	4.68510783403374e-07	NUDT7	c30
1.45293685048962e-11	-0.186137845709372	0.265	0.116	4.89552542403973e-07	DNAJC10	c30
1.45780545617386e-11	0.710149507398481	0.081	0.023	4.91192970403219e-07	CHKB-AS1	c30
1.4594603211915e-11	0.552552154252271	0.081	0.023	4.91750560622262e-07	ZNF551	c30
1.46656294131525e-11	-0.192084634659754	0.184	0.073	4.94143717446759e-07	GPATCH3	c30
1.46796799179344e-11	-0.112860189604091	0.358	0.169	4.9461713515488e-07	CSRNP1	c30
1.4854835908308e-11	0.199632054894462	0.221	0.094	5.00518841094529e-07	KDM4A	c30
1.49802986805798e-11	0.43585887488618	0.109	0.035	5.04746183743457e-07	ZNRF2	c30
1.51438903782934e-11	1.73068756476091	0.031	0.005	5.10258242406216e-07	RP5-1074L1.4	c30
1.52168542728499e-11	0.703306158955725	0.059	0.014	5.12716687869406e-07	ANKRD33B	c30
1.5280815668214e-11	-0.137929507743712	0.414	0.197	5.14871803124803e-07	PPP6R3	c30
1.54046145007497e-11	0.176296205749837	0.143	0.052	5.19043080988261e-07	ZNHIT2	c30
1.55119286254092e-11	-0.257299549803114	1	0.999	5.22658923104538e-07	MT-CO2	c30
1.55767991394126e-11	1.09382869820406	0.069	0.017	5.2484467020337e-07	ARRDC3-AS1	c30
1.56857256971593e-11	0.177041093391749	0.109	0.035	5.28514841640084e-07	IPO11	c30
1.56960556258583e-11	0.521410347248453	0.087	0.025	5.28862898257668e-07	PRKACA	c30
1.59213722693233e-11	-0.111678037012222	0.315	0.144	5.3645471724258e-07	CASP6	c30
1.60589011806558e-11	1.42616412453734	0.034	0.005	5.41088616381015e-07	FAM215A	c30
1.62780149627727e-11	1.0068486487757	0.034	0.005	5.48471436155663e-07	MORC2-AS1	c30
1.65100663117945e-11	1.09468315585844	0.05	0.01	5.56290174309605e-07	RP3-467N11.1	c30
1.65818966052119e-11	0.150016287453266	0.134	0.047	5.58710424216011e-07	BTBD7	c30
1.67823351092737e-11	0.103003341418115	0.125	0.043	5.65463999171868e-07	DIEXF	c30
1.71406883481085e-11	3.27303104066286	0.016	0.001	5.77538353201169e-07	MIR503HG	c30
1.75677206349798e-11	0.154097033715066	0.558	0.285	5.91926779075009e-07	VPS4B	c30
1.75737179895656e-11	2.65937646959156	0.016	0.001	5.92128853940422e-07	CIART	c30
1.75987834992201e-11	2.42409035994593	0.016	0.001	5.92973411222722e-07	CTD-2231E14.8	c30
1.76364474165449e-11	2.27682148621455	0.016	0.001	5.94242459253064e-07	CBX2	c30
1.78955014048645e-11	0.239818525193375	0.09	0.027	6.02971024335504e-07	NOP9	c30
1.80299645413103e-11	1.4539175250194	0.037	0.006	6.07501625254911e-07	RP11-356I2.1	c30
1.88783591856596e-11	0.577916128797412	0.05	0.01	6.36087434401614e-07	FADS2	c30
1.92285756730084e-11	0.220732467687803	0.143	0.052	6.47887628726346e-07	FAM24B	c30
1.9408427106109e-11	0.110107787923864	0.72	0.367	6.53947542913237e-07	CCDC12	c30
2.01642428243387e-11	0.371459045974599	0.171	0.068	6.7941399772327e-07	PRKD3	c30
2.01865314579264e-11	0.200324997755594	0.153	0.057	6.80164990943373e-07	STAM2	c30
2.02714599337889e-11	-0.115586986175879	0.33	0.152	6.83026571009082e-07	LYRM1	c30
2.05769415692789e-11	0.753013417399204	0.053	0.011	6.93319469235282e-07	ZNF219	c30
2.06193999584269e-11	0.297020696453719	0.09	0.027	6.94750062199235e-07	HYPK	c30
2.11665706960527e-11	0.321575091922548	0.125	0.043	7.131864330328e-07	EEF2K	c30
2.12232642236341e-11	0.152763142216488	0.181	0.072	7.15096664751126e-07	HECTD3	c30
2.14046810040827e-11	0.4497942972547	0.078	0.021	7.21209321751564e-07	PRDM15	c30
2.14726588099783e-11	0.232646981254663	0.844	0.461	7.2349976594341e-07	AUP1	c30
2.15391352544814e-11	0.146794635695836	0.181	0.072	7.25739623264497e-07	FUT11	c30
2.19227225275515e-11	1.74439594474548	0.025	0.003	7.38664212843321e-07	TICAM2	c30
2.20309690336826e-11	0.307460402609617	0.115	0.039	7.42311470620902e-07	GTF2E1	c30
2.20961946103107e-11	1.4551571677946	0.028	0.004	7.44509181199809e-07	CDKN2B-AS1	c30
2.26746822658805e-11	0.402924216259843	0.103	0.033	7.64000744266579e-07	TERF2	c30
2.28272680836355e-11	0.951107165511116	0.062	0.015	7.69141970810014e-07	PPP1R13L	c30
2.33183394730852e-11	0.188814861410907	0.156	0.059	7.85688130206133e-07	MTMR4	c30
2.34911324851976e-11	0.278799054733379	0.143	0.053	7.91510217956248e-07	UBQLN4	c30
2.35574810989953e-11	0.190563115505021	0.137	0.049	7.93745768149549e-07	ZBTB14	c30
2.41903404456505e-11	0.126590314813922	0.168	0.066	8.15069330975748e-07	AEBP2	c30
2.47123671405095e-11	0.255502169671673	0.866	0.495	8.32658498432328e-07	RWDD1	c30
2.48574017211599e-11	-0.155589081500619	0.209	0.087	8.3754529359276e-07	TBC1D23	c30
2.5396909682144e-11	0.13041794387309	0.109	0.036	8.5572347483016e-07	GSPT2	c30
2.54171431397149e-11	-0.102986247060122	0.237	0.102	8.56405220949554e-07	CHKB	c30
2.67895116884347e-11	-0.157205191896089	0.312	0.143	9.02645806830119e-07	SLAIN2	c30
2.76070026512583e-11	-0.116518903392938	0.268	0.119	9.30190347331497e-07	BROX	c30
2.81547891929088e-11	0.124624813662974	0.293	0.137	9.48647467065868e-07	HELZ2	c30
2.82806928225753e-11	0.39121200604632	0.097	0.03	9.52889663963851e-07	NAPA-AS1	c30
3.00920953319442e-11	-0.11296645743089	0.209	0.087	1.01392306011453e-06	PTRH1	c30
3.03395973164456e-11	-1.07832997956156	0.595	0.576	1.02226239198032e-06	DENND2D	c30
3.03624394170493e-11	-0.123909666726524	0.274	0.123	1.02303203371806e-06	AKAP8L	c30
3.04961927540146e-11	0.483359696550572	0.09	0.027	1.02753871865377e-06	PTDSS2	c30
3.07100938674337e-11	-0.125038412362112	0.327	0.152	1.03474590276931e-06	MKL1	c30
3.11756912168687e-11	0.583705043059665	0.065	0.016	1.05043373986117e-06	SLC36A1	c30
3.13468539703660e-11	0.262754652803612	0.162	0.063	1.05620089767751e-06	FAM89B	c30
3.16081532069908e-11	0.259586411552749	0.125	0.043	1.06500511415635e-06	REXO1	c30
3.22915513013052e-11	0.193913627942797	0.153	0.058	1.08803152954618e-06	ALKBH2	c30
3.26319014376023e-11	0.550802601251054	0.093	0.029	1.09949928703857e-06	ZSCAN2	c30
3.33461243928044e-11	0.140420155601201	0.115	0.039	1.12356431529115e-06	GEMIN5	c30
3.36555681987507e-11	-0.111458253822253	0.452	0.218	1.13399071488871e-06	STX8	c30
3.67520279810494e-11	0.171249439813684	0.159	0.061	1.23832283079348e-06	LPAR5	c30
3.72363790131172e-11	1.46221594854342	0.031	0.005	1.25464255446797e-06	ATL1	c30
3.74689258711112e-11	-1.55744637289208	0.396	0.451	1.26247798830122e-06	C10orf54	c30
3.77634053786028e-11	0.221863505213227	0.078	0.022	1.27240018082664e-06	SLC19A2	c30
3.77799422679409e-11	-0.102533157361975	0.34	0.159	1.272957374776e-06	MRPS30	c30
3.779873040394e-11	-0.166757748500927	0.34	0.158	1.27359042223035e-06	TMUB2	c30
3.79258983410364e-11	-0.172585568396165	0.252	0.111	1.27787521870288e-06	TMEM115	c30
3.80830703207483e-11	0.362358303834665	0.86	0.537	1.28317097138729e-06	GNAS	c30
3.80839654862709e-11	0.415709592152378	0.084	0.024	1.28320113309441e-06	PRDM8	c30
3.82622361325019e-11	0.198252926807648	0.782	0.419	1.28920778424852e-06	ERGIC3	c30
3.84846033597578e-11	-0.186708904571227	0.231	0.099	1.29670022560368e-06	CBL	c30
3.89412393319072e-11	0.490641585566479	0.103	0.033	1.31208611804928e-06	MRM1	c30
3.91381836853679e-11	2.81018132328918	0.012	0.001	1.31872196109479e-06	TRIM54	c30
3.98832473958994e-11	1.97610328875595	0.025	0.003	1.34382613775743e-06	RP11-1018N14.5	c30
4.02753035779637e-11	1.59217244377228	0.037	0.007	1.35703607875591e-06	RP11-320M2.1	c30
4.06785603692391e-11	0.199644155627761	0.103	0.033	1.37062341308114e-06	ATXN7L3	c30
4.07994114004755e-11	0.223638828636441	0.143	0.053	1.37469536772762e-06	NCDN	c30
4.10135343361009e-11	0.390423329461195	0.09	0.027	1.38191002592058e-06	MSANTD3	c30
4.10661717790841e-11	-0.458886512881331	0.978	0.903	1.38368359192446e-06	DDX5	c30
4.19878740126639e-11	0.195726812660009	0.156	0.06	1.4147394269827e-06	ZNF507	c30
4.20317191637463e-11	0.253289472111249	0.134	0.048	1.41621674550327e-06	GORAB	c30
4.20898576623723e-11	0.236565761952648	0.15	0.057	1.41817566407597e-06	CHRNB1	c30
4.22729869512009e-11	0.508183359448896	0.115	0.039	1.42434602233376e-06	SERPINH1	c30
4.26724141658381e-11	1.031294944882	0.069	0.018	1.43780432290375e-06	TESK1	c30
4.27940135206918e-11	0.218830915631173	0.657	0.356	1.44190149156619e-06	SPTAN1	c30
4.30507718653885e-11	0.256031301374357	0.1	0.031	1.4505527072324e-06	MCU	c30
4.33081245916e-11	-1.52406281416495	0.421	0.468	1.45922394998937e-06	PARP8	c30
4.34562396312501e-11	0.232122368745696	0.137	0.05	1.46421453813534e-06	ING1	c30
4.35233457884506e-11	0.263806491596839	0.078	0.022	1.46647561299605e-06	KIAA0753	c30
4.43954631727616e-11	2.22650622832679	0.019	0.002	1.49586073614303e-06	RP11-532F6.4	c30
4.51235962841361e-11	0.833033507889151	0.05	0.011	1.52039445319768e-06	BORCS8-MEF2B	c30
4.54013228511936e-11	0.38884049374819	0.916	0.667	1.52975217214812e-06	C11orf31	c30
4.54714325364741e-11	0.124435627793398	0.156	0.06	1.53211444788396e-06	MARCH2	c30
4.55492383821781e-11	-0.166510103607258	0.224	0.096	1.53473603804911e-06	VAPB	c30
4.68256557529611e-11	1.06206297250497	0.031	0.005	1.57774364494027e-06	ARMC9	c30
4.80200754330186e-11	0.131335431840285	0.146	0.055	1.61798842164013e-06	PGPEP1	c30
4.91187884670896e-11	-0.125588417080074	0.467	0.232	1.65500845861012e-06	THUMPD3-AS1	c30
5.10162174627036e-11	0.804329902328484	0.053	0.012	1.71894043118834e-06	FUT4	c30
5.16445616724415e-11	0.312639176891809	0.894	0.544	1.74011186099124e-06	ATP5I	c30
5.17464348861179e-11	0.618304051547574	0.059	0.014	1.74354437705286e-06	SNX25	c30
5.18086399564272e-11	0.352720232115035	0.093	0.029	1.74564031469186e-06	AP006621.5	c30
5.292923976943e-11	-0.224412690830318	0.346	0.162	1.78339780479117e-06	PTGES2	c30
5.37178373891752e-11	0.15179794424926	0.106	0.035	1.80996881299087e-06	SLC25A14	c30
5.43088714579742e-11	-0.470932233652207	0.891	0.855	1.82988311490498e-06	RARRES3	c30
5.45623085469876e-11	1.24959325444149	0.04	0.008	1.8384224241822e-06	U47924.31	c30
5.49357934343326e-11	1.14311547793991	0.04	0.008	1.8510066239764e-06	AL592183.1	c30
5.6319382028129e-11	-0.615739221329039	0.879	0.762	1.89762525805578e-06	EIF3E	c30
5.71501723821648e-11	0.771906921213577	0.062	0.015	1.92561790824466e-06	CYP7B1	c30
5.7527287581395e-11	0.138383594992449	0.243	0.109	1.93832442776752e-06	G2E3	c30
5.78811656908259e-11	-0.254145834445835	0.28	0.126	1.95024799678669e-06	UGCG	c30
5.84147499277071e-11	1.31273737377909	0.031	0.005	1.96822658406416e-06	RP11-18H7.1	c30
5.94142278477972e-11	0.558264071181073	0.087	0.026	2.00190299310368e-06	ADAP1	c30
6.00568600711899e-11	1.05445782664775	0.05	0.011	2.02355584323867e-06	PDCD1LG2	c30
6.09982488637329e-11	0.289162920538605	0.171	0.069	2.05527499721462e-06	ATP10D	c30
6.23043395137885e-11	-0.136617898857328	0.343	0.162	2.09928241557759e-06	TRPV2	c30
6.272025134218e-11	0.335320761212066	0.131	0.047	2.11329614872341e-06	TMEM94	c30
6.36086006619746e-11	-0.199265638679126	0.305	0.141	2.14322819070457e-06	FNDC3A	c30
6.41125339097508e-11	2.52127475598314	0.016	0.001	2.16020771755514e-06	KIRREL2	c30
6.41777908753431e-11	0.309734108778732	0.115	0.039	2.16240648575381e-06	SLC26A2	c30
6.42351621842049e-11	-0.138390807110233	0.215	0.092	2.1643395546346e-06	PHKB	c30
6.61215833323005e-11	0.606089960155413	0.106	0.035	2.22790062879853e-06	GK5	c30
6.67230187302914e-11	0.787635939640174	0.062	0.015	2.24816539309844e-06	EVC2	c30
6.72892757687229e-11	-0.173609673734116	0.327	0.153	2.26724485775135e-06	PRPSAP2	c30
6.78907814934293e-11	0.799496539599209	0.059	0.014	2.28751199163961e-06	ARSD	c30
7.00658189231102e-11	0.608247855382251	0.093	0.029	2.36079770279528e-06	CDYL	c30
7.09176465715749e-11	2.19413254071453	0.019	0.002	2.38949918358265e-06	DHDH	c30
7.21918633023179e-11	-0.141602378706678	0.277	0.125	2.4324326421083e-06	ECSIT	c30
7.35182615244808e-11	0.103778436584872	0.526	0.268	2.47712430380586e-06	CCDC91	c30
7.40858727492155e-11	0.460686378255693	0.118	0.041	2.49624939641207e-06	SPPL2B	c30
7.43735535545904e-11	0.304394862060548	0.125	0.044	2.50594251346837e-06	TBC1D31	c30
7.46482065196377e-11	0.682873578717074	0.053	0.012	2.51519667047267e-06	DLGAP1-AS2	c30
7.48629777488485e-11	1.16545209201744	0.044	0.009	2.5224331722697e-06	RP1-101K10.6	c30
7.65436164570467e-11	0.38409050553502	0.084	0.025	2.57906061290373e-06	MACROD1	c30
7.73743756047307e-11	-0.19567001133562	0.296	0.136	2.6070522116258e-06	PIBF1	c30
8.03856109931305e-11	0.754843466325577	0.065	0.017	2.70851277680254e-06	FAM43A	c30
8.10482374960855e-11	0.231791634394558	0.097	0.031	2.73083931419311e-06	MTERF2	c30
8.29564938496413e-11	0.438301748323302	0.081	0.023	2.79513610376982e-06	RP11-73E17.2	c30
8.33372729784138e-11	0.195726683866905	0.137	0.051	2.80796607573467e-06	ZNF12	c30
8.35683567228658e-11	0.554396435334305	0.081	0.023	2.81575221142024e-06	ZNF486	c30
8.37517180836995e-11	0.141820035911483	0.156	0.061	2.82193038911217e-06	RLTPR	c30
8.6414740102942e-11	0.93650578347536	0.047	0.01	2.91165825302853e-06	CTTN	c30
8.7044452809645e-11	-0.190271221691715	0.199	0.083	2.93287579296818e-06	ZNF92	c30
8.80689591140676e-11	0.744406080985701	0.072	0.019	2.96739550838939e-06	ADGRG5	c30
8.8394203495741e-11	0.174773476862784	0.751	0.391	2.9783542925855e-06	EMC4	c30
8.89046725047578e-11	0.371148448356139	0.121	0.043	2.99555403537531e-06	OTUD7B	c30
8.97862812240197e-11	-0.101264923052053	0.255	0.115	3.02525895956212e-06	UBR1	c30
9.41080683899487e-11	-0.503847135217957	0.888	0.775	3.17087725633093e-06	EIF3G	c30
9.4119543693166e-11	1.84175538029269	0.028	0.004	3.17126390519754e-06	QPRT	c30
9.42524885866746e-11	-0.106589699860428	0.324	0.153	3.17574335043942e-06	DNAAF2	c30
9.50947192574703e-11	3.22482940042326	0.012	0.001	3.2041214706612e-06	CDC42EP1	c30
9.7801859179954e-11	0.52572735823158	0.118	0.042	3.29533584320937e-06	MCOLN1	c30
9.88915795085036e-11	2.07900848499589	0.022	0.003	3.33205287995952e-06	TSPYL5	c30
9.94690536192171e-11	0.223459953286606	0.118	0.041	3.3515102926459e-06	TLK2	c30
1.02512696617215e-10	0.469012707247638	0.065	0.017	3.45406279982044e-06	ACSF2	c30
1.02603103496425e-10	0.151509154978228	0.125	0.044	3.45710896920856e-06	C5orf28	c30
1.05823761634891e-10	0.474692846823248	0.093	0.029	3.56562582452602e-06	MAN2A2	c30
1.06202590403158e-10	0.237869342377692	0.841	0.467	3.57839008104401e-06	WHSC1L1	c30
1.0632273975846e-10	0.203697422057628	0.137	0.051	3.58243839342154e-06	RP11-452F19.3	c30
1.06786031902572e-10	0.147601976691507	0.156	0.061	3.59804855892525e-06	C6orf106	c30
1.06847771547034e-10	0.650230449500437	0.106	0.036	3.60012881450576e-06	SPRY1	c30
1.09732162509957e-10	0.253444921085011	0.788	0.445	3.69731548361051e-06	SCAMP2	c30
1.10713865412241e-10	0.300670193702565	0.916	0.66	3.73039298120004e-06	RGS1	c30
1.12156443642476e-10	-1.04052291406141	0.561	0.586	3.77899921208959e-06	GZMM	c30
1.12177826169662e-10	0.878021630059283	0.053	0.012	3.77971967496061e-06	SUMO4	c30
1.15421536533103e-10	2.47903880344326	0.016	0.001	3.88901325194637e-06	C15orf48	c30
1.16380544627512e-10	0.120797081286501	0.685	0.359	3.92132607067938e-06	MAF1	c30
1.16827299727494e-10	0.399460398193868	0.103	0.034	3.9363790370182e-06	ABHD15	c30
1.19597532027343e-10	0.455485496557216	0.075	0.021	4.0297192441293e-06	PTCH2	c30
1.20088169381916e-10	0.306789396238153	0.903	0.555	4.04625077915429e-06	RHOG	c30
1.20685872138055e-10	0.151351298318616	0.14	0.053	4.06638977581962e-06	WDR53	c30
1.20806427046613e-10	0.282762841019784	0.794	0.461	4.07045175290857e-06	PNRC2	c30
1.20966446579626e-10	0.294704630121715	0.963	0.75	4.07584345105392e-06	HCLS1	c30
1.21429170536147e-10	-0.191780227431354	0.336	0.159	4.09143447204495e-06	WDR45	c30
1.22727528856504e-10	0.563451123189265	0.143	0.056	4.13518135729104e-06	AIF1	c30
1.23994941581104e-10	0.113082148416807	0.511	0.264	4.17788556163372e-06	SVIP	c30
1.24402480467044e-10	0.137894849525616	0.648	0.341	4.19161717685658e-06	GSDMD	c30
1.28716674816574e-10	0.131700366252089	0.134	0.05	4.33697964126964e-06	ST3GAL3	c30
1.28920536414306e-10	-0.115748965896781	0.333	0.159	4.34384855394364e-06	ZNF431	c30
1.29854267974144e-10	0.371326036274751	0.1	0.032	4.3753097051208e-06	SIRT1	c30
1.31677441251724e-10	0.278062264987042	0.165	0.066	4.4367397055356e-06	EHBP1L1	c30
1.31936014435282e-10	-0.859451655760492	0.745	0.666	4.44545207038239e-06	KIAA1551	c30
1.34538486537221e-10	0.156570556836668	0.125	0.045	4.53313976538512e-06	CCDC9	c30
1.35494333648154e-10	0.170482338400499	0.121	0.043	4.5653460779409e-06	TIRAP	c30
1.38195256556785e-10	0.521670362494548	0.072	0.02	4.6563509744243e-06	OTUD3	c30
1.39011813951518e-10	0.156046612305027	0.143	0.054	4.68386405928246e-06	KDM1A	c30
1.40257589667125e-10	-0.796136662844399	0.875	0.764	4.72583922624413e-06	TNFAIP3	c30
1.42808127950581e-10	1.28048302593499	0.047	0.01	4.81177706316689e-06	RP11-474G23.3	c30
1.45112336079018e-10	0.442746385643232	0.508	0.294	4.88941505184644e-06	HIST1H1D	c30
1.45729100463866e-10	0.315236908439782	0.093	0.029	4.91019631102951e-06	CCDC125	c30
1.4615576161995e-10	0.110547490846595	0.15	0.058	4.92457223202258e-06	OTUD6B	c30
1.47839091390842e-10	1.71566865748889	0.031	0.005	4.98129034532304e-06	EVC	c30
1.47844879051222e-10	0.261700400850533	0.143	0.055	4.98148535475189e-06	LMO7	c30
1.50376867927398e-10	-0.144281684815178	0.206	0.088	5.06679818794576e-06	VAC14	c30
1.53647026482945e-10	0.389162879750832	0.1	0.033	5.17698291031635e-06	RFX7	c30
1.56312916722207e-10	1.46286251136963	0.031	0.005	5.26680741603805e-06	RP11-275I4.2	c30
1.57361477971379e-10	0.171889858300027	0.112	0.039	5.30213763876763e-06	LINC01137	c30
1.57394185132464e-10	1.19890704814515	0.047	0.01	5.30323967385324e-06	PPP2R3B	c30
1.58065447988151e-10	-0.113317654062581	0.355	0.172	5.32585720451278e-06	RNPEPL1	c30
1.6044147685899e-10	-0.259651641527779	0.287	0.132	5.40591512128682e-06	NFIC	c30
1.63411123792248e-10	0.765015268209269	0.044	0.009	5.50597440505601e-06	PEX12	c30
1.64960044277583e-10	0.512191529755391	0.075	0.021	5.55816373188889e-06	GCC2-AS1	c30
1.67257713800871e-10	0.270163794430981	0.841	0.487	5.63558140880654e-06	PET100	c30
1.68453419947022e-10	0.92184828981646	0.047	0.01	5.67586953169496e-06	MEST	c30
1.71759806095525e-10	0.146546188028897	0.555	0.294	5.78727490658261e-06	DDX21	c30
1.750491158089e-10	0.224510391474179	0.741	0.408	5.89810490806509e-06	CLNS1A	c30
1.75409340475068e-10	0.467746533955336	0.09	0.028	5.91024231796693e-06	THAP8	c30
1.76443173631076e-10	0.702971196666697	0.072	0.02	5.94507629232547e-06	PGAM5	c30
1.7847841123537e-10	0.296066154944175	0.137	0.052	6.01365158816457e-06	FEM1A	c30
1.80628174933547e-10	-0.114223447733019	0.396	0.194	6.08608572621094e-06	C6orf62	c30
1.81282536955774e-10	-0.115500421012895	0.324	0.155	6.10813380018784e-06	RNPC3	c30
1.81502613813933e-10	0.715718954225193	0.075	0.021	6.11554906984666e-06	RAB11B-AS1	c30
1.83834191880352e-10	0.186945424225452	0.564	0.307	6.19410926121658e-06	TRAF1	c30
1.83951821090268e-10	-0.105840062977777	0.327	0.155	6.19807265981548e-06	TRMT10C	c30
1.87504616290014e-10	0.312062269593847	0.156	0.062	6.31778054127572e-06	HOXB4	c30
1.87948764721063e-10	0.119318684332161	0.489	0.26	6.33274567851151e-06	GCHFR	c30
1.90451372486899e-10	1.4977930459736	0.031	0.005	6.41706854457359e-06	RP11-802E16.3	c30
1.92635479252183e-10	0.984557557446347	0.04	0.008	6.49065983792304e-06	MAFTRR	c30
1.9288431171948e-10	-0.198585348332909	0.252	0.114	6.49904399907615e-06	MKNK2	c30
1.97758378249745e-10	-0.798363770539124	0.745	0.645	6.66327079674692e-06	N4BP2L2	c30
1.9854149020712e-10	1.84606046930485	0.022	0.003	6.68965697103872e-06	SH3PXD2A-AS1	c30
1.98842501513032e-10	0.329699327257531	0.907	0.642	6.6997992459801e-06	CORO1B	c30
2.00587776936238e-10	0.396815777767888	0.097	0.031	6.7586045560896e-06	ATP1A3	c30
2.01739378319204e-10	-0.163497817851288	0.274	0.126	6.79740661308725e-06	ATXN3	c30
2.02284454291765e-10	-0.100839908530316	0.178	0.073	6.81577240290675e-06	HSCB	c30
2.04034532369054e-10	-0.566728253505656	0.872	0.771	6.8747395336429e-06	GPSM3	c30
2.04959376378946e-10	0.248145392770517	0.844	0.494	6.90590122771222e-06	PAK2	c30
2.05648899900557e-10	0.212473812631027	0.15	0.058	6.92913403324936e-06	USP19	c30
2.07953901244405e-10	-0.14186839491135	0.358	0.171	7.00679874852898e-06	FLYWCH2	c30
2.0937161370175e-10	0.179538992950603	0.121	0.044	7.05456715206678e-06	FBF1	c30
2.1122718377382e-10	0.672068219757055	0.059	0.015	7.11708873007509e-06	ZNF594	c30
2.12130061055959e-10	-0.116316949503652	0.231	0.102	7.14751027721948e-06	ACSL3	c30
2.13562370309716e-10	0.14472177824848	0.804	0.425	7.19577050521556e-06	RSBN1L	c30
2.1376218344451e-10	1.83551176092852	0.025	0.003	7.20250300897931e-06	ITGAX	c30
2.15563906385322e-10	-0.217096555096576	0.224	0.098	7.26321026174705e-06	DENND6A	c30
2.19779725386776e-10	-0.111551094830216	0.221	0.097	7.40525806718204e-06	APOL2	c30
2.19859659671075e-10	0.245651672360528	0.196	0.085	7.40795137295721e-06	THAP3	c30
2.20534240494747e-10	0.119901550550093	0.62	0.326	7.43068069923001e-06	HPCAL1	c30
2.24841580229731e-10	-0.143772140625259	0.277	0.127	7.57581220426056e-06	NDRG3	c30
2.2488067462644e-10	-0.103651918414529	0.218	0.095	7.57712945086327e-06	ZNF266	c30
2.25612105980907e-10	-0.226788459403045	0.293	0.136	7.60177429892069e-06	UFSP2	c30
2.26921743225785e-10	0.354617993983387	0.078	0.023	7.64590121624959e-06	HEATR5A	c30
2.27182697829272e-10	-0.128389961621554	0.38	0.185	7.65469382065948e-06	UNC119	c30
2.27294112275493e-10	-0.126748873323079	0.265	0.121	7.65844781901048e-06	RABGGTA	c30
2.27316848165102e-10	0.196886467207396	0.118	0.042	7.65921388207495e-06	RANBP10	c30
2.31242246886733e-10	0.289160335036507	0.103	0.034	7.7914762666016e-06	KLHL8	c30
2.33233510890122e-10	-0.122385606695658	0.321	0.153	7.85856991593175e-06	TMEM245	c30
2.35245422309725e-10	0.953052976713802	0.05	0.011	7.92635925930387e-06	CAPS2	c30
2.40272558717615e-10	0.465461810130789	0.056	0.014	8.09574359343133e-06	YOD1	c30
2.46412013962832e-10	1.09861955193998	0.034	0.006	8.30260639846367e-06	FRMD6-AS1	c30
2.52142012951574e-10	0.23436077230134	0.218	0.098	8.49567298439034e-06	ACTN1	c30
2.54167169759713e-10	0.188767818363464	0.15	0.059	8.56390861788378e-06	PDK1	c30
2.54334473426039e-10	-0.110088733375157	0.436	0.217	8.56954574761696e-06	SP140L	c30
2.55460622026917e-10	-0.220095583179507	0.243	0.109	8.60749019857493e-06	C11orf1	c30
2.56530030881241e-10	0.203161600466336	0.109	0.037	8.64352286051254e-06	MOB1B	c30
2.61386385583068e-10	-0.25297665539108	0.206	0.088	8.80715287583589e-06	MTMR9	c30
2.62408449324053e-10	0.594435780517297	0.093	0.03	8.84159029152465e-06	TMEM106A	c30
2.62959959434561e-10	-0.151604795989442	0.187	0.078	8.8601728731881e-06	SNX27	c30
2.63503386288942e-10	-0.195382051712283	0.396	0.195	8.87848309761962e-06	ATP8A1	c30
2.63524239666147e-10	0.132247978788509	0.103	0.034	8.87918573131114e-06	GRAMD4	c30
2.68097593386523e-10	-0.137620764266502	0.137	0.052	9.0332803115655e-06	SLC27A5	c30
2.68155196821299e-10	1.81225500095976	0.031	0.005	9.03522120169686e-06	CEND1	c30
2.69553516427764e-10	0.920131892969559	0.047	0.01	9.08233618251707e-06	RP5-1157M23.2	c30
2.72086709287724e-10	0.477804875610596	0.072	0.02	9.16768958274056e-06	DDX51	c30
2.74344227404721e-10	-0.240603180495459	0.33	0.157	9.24375439817466e-06	ESF1	c30
2.75798252151233e-10	-0.192718473288207	0.215	0.093	9.29274630798364e-06	MTG2	c30
2.75987270795483e-10	1.49131969733577	0.031	0.005	9.299115102183e-06	RP4-612B15.3	c30
2.8181635834717e-10	0.588946397155823	0.062	0.016	9.49552037814954e-06	ZNF320	c30
2.85781966332235e-10	-0.135248783642918	0.187	0.078	9.62913757359831e-06	NAA30	c30
2.86343775011766e-10	-0.162129109768548	0.224	0.099	9.64806715524646e-06	ADAT1	c30
2.93600045612763e-10	0.309321829660562	0.084	0.026	9.89255993687643e-06	ERMP1	c30
3.05222326986847e-10	-0.113181337746508	0.231	0.103	1.02841610854948e-05	BRI3	c30
3.07301498930891e-10	0.666210264786815	0.097	0.032	1.03542167049774e-05	TRBV28	c30
3.08356666721944e-10	0.290400940245272	0.084	0.026	1.03897695285292e-05	SMYD5	c30
3.10303074579622e-10	1.30828792791057	0.047	0.01	1.04553517948858e-05	TNK2-AS1	c30
3.12463802792335e-10	0.26195971213467	0.153	0.061	1.05281553712849e-05	THAP2	c30
3.13186752928008e-10	0.192397879752262	0.71	0.41	1.05525144531563e-05	GBP2	c30
3.13254217074569e-10	0.590906347343581	0.062	0.016	1.05547875901105e-05	LRP8	c30
3.13632036016176e-10	0.457846878879525	0.065	0.017	1.0567517821529e-05	MTFR1	c30
3.15134939006665e-10	0.132543960811525	0.131	0.049	1.06181566348906e-05	SLC35F5	c30
3.15641988554128e-10	0.286060620259304	0.994	0.895	1.06352411623428e-05	IL2RG	c30
3.16828354253008e-10	-0.236741059144387	0.321	0.151	1.06752145682008e-05	TMEM128	c30
3.17270148045882e-10	0.62134034445567	0.174	0.074	1.06901003682579e-05	KIAA1671	c30
3.30297286459552e-10	-0.226819111973737	0.212	0.092	1.11290367699681e-05	ORC2	c30
3.35663716341102e-10	0.734355613812276	0.069	0.019	1.13098532583971e-05	PAQR3	c30
3.46239784087074e-10	0.155958446488191	0.636	0.336	1.16662032850299e-05	ZMAT2	c30
3.46663177771186e-10	0.311241341302256	0.922	0.64	1.16804691118224e-05	SNU13	c30
3.46958821229211e-10	1.36047883967385	0.037	0.007	1.1690430522497e-05	CHML	c30
3.4780086232997e-10	0.102295303702344	0.103	0.035	1.1718802255346e-05	ANGEL1	c30
3.51706252447027e-10	0.362153833735835	0.118	0.043	1.18503904699501e-05	COX18	c30
3.54635679840583e-10	0.306171904197388	0.1	0.033	1.19490945965486e-05	H3F3C	c30
3.64745916976865e-10	-0.203218907091246	0.255	0.118	1.22897489266185e-05	SERTAD2	c30
3.65328362659119e-10	-0.177183711601083	0.15	0.058	1.23093738514364e-05	PAXBP1	c30
3.67939240569882e-10	-0.114649020554942	0.224	0.1	1.23973447717616e-05	LLNLR-245B6.1	c30
3.70883835761678e-10	0.146497108841883	0.1	0.033	1.2496559962154e-05	TRMT44	c30
3.71343385518456e-10	-0.110195431515994	0.402	0.2	1.25120440316589e-05	PUM1	c30
3.75744007752979e-10	0.269949396151855	0.14	0.054	1.26603185972289e-05	RCBTB1	c30
3.8158182343983e-10	2.21128080975132	0.019	0.002	1.28570179589816e-05	IRAK3	c30
3.87242619241683e-10	1.57666961271684	0.034	0.006	1.30477528127293e-05	PTPRK	c30
3.90401810879973e-10	0.150302311738814	0.125	0.046	1.31541986157898e-05	METTL22	c30
3.97547101108475e-10	1.31961662378605	0.04	0.008	1.33949520247489e-05	WWTR1	c30
3.98067551289319e-10	0.805637859512574	0.056	0.014	1.34124880731423e-05	C2CD4D	c30
3.99227045733249e-10	0.319858664692778	0.19	0.082	1.34515560789361e-05	ZBTB7B	c30
4.01289847142461e-10	1.53419080711265	0.031	0.005	1.35210601096181e-05	CLIC4	c30
4.02299474805262e-10	0.133429279870619	0.548	0.292	1.35550785040885e-05	PPHLN1	c30
4.11192878865188e-10	0.159447631640018	0.109	0.038	1.38547328604836e-05	NFYA	c30
4.19106845051328e-10	-0.13156584754828	0.302	0.144	1.41213860371594e-05	KMT2E-AS1	c30
4.24670030831384e-10	0.536890102536772	0.072	0.02	1.43088320188327e-05	GDF11	c30
4.27549537777177e-10	0.210031617250602	0.112	0.04	1.44058541258642e-05	SSBP3	c30
4.29961306273786e-10	-0.210548013974576	0.34	0.164	1.44871162535889e-05	URI1	c30
4.32237376565995e-10	1.13758868625756	0.047	0.01	1.45638061660146e-05	AC006129.1	c30
4.35278362760645e-10	0.616236810158817	0.069	0.019	1.46662691548572e-05	TBCEL	c30
4.45526154270762e-10	-0.239114566238277	0.265	0.122	1.5011558241999e-05	ZMYND11	c30
4.46120141742944e-10	0.16760072265794	0.673	0.371	1.50315720558868e-05	SUSD3	c30
4.46399833367948e-10	-0.154274693451345	0.293	0.138	1.50409959854996e-05	NUDCD3	c30
4.4704834093089e-10	-2.01728960523546	0.268	0.358	1.50628467993254e-05	FAM65B	c30
4.50293764165772e-10	0.112683229780002	0.174	0.073	1.51721980898015e-05	DHRS4-AS1	c30
4.52786294678961e-10	-0.14038924536951	0.221	0.098	1.52561814129129e-05	TEFM	c30
4.5350711952666e-10	-0.170664874110835	0.377	0.186	1.52804688853313e-05	SFSWAP	c30
4.55976344798054e-10	0.315537766789816	0.178	0.076	1.53636669616256e-05	TTN	c30
4.59991838967633e-10	-0.101803320837204	0.467	0.234	1.54989650221754e-05	MTIF3	c30
4.64078699551171e-10	0.682158950635978	0.069	0.019	1.56366677026771e-05	TPCN2	c30
4.71083045130224e-10	0.298239175890425	0.078	0.023	1.58726721226178e-05	SCRIB	c30
4.78171192027875e-10	0.441410695257196	0.075	0.022	1.61115001441872e-05	SPSB2	c30
4.82687542153534e-10	-0.324553946272394	0.262	0.12	1.62636740453212e-05	CDK5RAP1	c30
4.94885168827536e-10	0.249416109324383	0.81	0.485	1.6674660878475e-05	RBM25	c30
4.99093640148421e-10	-0.136159825321467	0.187	0.079	1.68164611111609e-05	NUP88	c30
4.99285290892481e-10	-0.176928013857905	0.38	0.187	1.68229185913313e-05	ABHD17A	c30
4.99919419221573e-10	0.206934282330071	0.103	0.035	1.68442849112517e-05	INTS2	c30
5.03078509544176e-10	0.113003312060445	0.184	0.078	1.69507273005815e-05	SPRTN	c30
5.20448218682453e-10	-0.165258854864466	0.48	0.238	1.75359822802866e-05	NUTM2A-AS1	c30
5.38512487483273e-10	0.158733703418132	0.137	0.053	1.81446397532614e-05	LCLAT1	c30
5.39161694794607e-10	-0.124689651663189	0.393	0.193	1.81665141444095e-05	C15orf40	c30
5.54435116317376e-10	-0.232212075514612	0.274	0.128	1.86811368091977e-05	DOCK11	c30
5.6096750298306e-10	0.276402836762146	0.844	0.516	1.89012390455112e-05	REEP5	c30
5.82693799354539e-10	0.273438307464414	0.072	0.02	1.96332848754518e-05	CTU1	c30
5.84044674238950e-10	0.101847804452595	0.143	0.056	1.96788012538072e-05	RP11-539L10.2	c30
5.91257587470134e-10	1.03992333706232	0.031	0.005	1.99218331522187e-05	RYR2	c30
5.91362512197437e-10	0.352204276531518	0.947	0.78	1.99253684859804e-05	RPS17	c30
5.91736603745216e-10	-0.125892105311006	0.449	0.224	1.99379731265913e-05	DNPEP	c30
5.94181473672003e-10	-0.149312747313609	0.146	0.058	2.00203505739045e-05	SGPP2	c30
5.97651750338155e-10	1.16022672404992	0.031	0.005	2.01372780758938e-05	RP11-351D16.3	c30
6.01811562818817e-10	0.237283820992103	0.598	0.339	2.02774387976172e-05	ITGB7	c30
6.12031245033221e-10	0.298474820932589	0.121	0.045	2.06217807701493e-05	RHBDD1	c30
6.15698698912779e-10	1.9040441710887	0.016	0.001	2.07453519611672e-05	TSACC	c30
6.17973193820209e-10	2.03161457914235	0.016	0.001	2.08219887925781e-05	CTD-3105H18.14	c30
6.33795210263809e-10	-0.226628060783863	0.274	0.128	2.13550958146288e-05	FBXO21	c30
6.34823373726312e-10	-0.149496198642872	0.411	0.203	2.13897387543344e-05	KAT8	c30
6.3527268860081e-10	1.17841523148068	0.044	0.009	2.14048779697157e-05	ST6GALNAC3	c30
6.40934619389157e-10	1.11373526944942	0.037	0.007	2.15956510656983e-05	RP11-762I7.5	c30
6.43538138537188e-10	0.488496021075648	0.062	0.017	2.1683374039872e-05	FAM174B	c30
6.55288021930439e-10	0.591624486241734	0.084	0.026	2.20792746109242e-05	TLDC1	c30
6.68913327984033e-10	0.227937616444751	0.196	0.087	2.2538365673094e-05	ZC3H12D	c30
6.76377846181696e-10	0.339299628403666	0.171	0.072	2.27898751492461e-05	RP11-182L21.6	c30
6.89092062386835e-10	1.83460164254672	0.022	0.003	2.3218267950062e-05	PC	c30
7.02437345227967e-10	0.322623782685915	0.1	0.034	2.36679239101111e-05	HNRNPA1L2	c30
7.10116150222782e-10	0.381973571536566	0.078	0.023	2.39266535656064e-05	TAF4	c30
7.15497443498405e-10	-0.269342978334616	0.215	0.095	2.41079708612352e-05	NUP133	c30
7.20764692138594e-10	0.636726638532912	0.075	0.022	2.42854455369178e-05	FICD	c30
7.35087479130672e-10	-0.164787882020305	0.308	0.148	2.47680375218288e-05	UMAD1	c30
7.41583492511452e-10	0.538861881879953	0.065	0.018	2.49869141966809e-05	UBAC2-AS1	c30
7.4720784164004e-10	0.94055795535074	0.056	0.014	2.51764210162195e-05	RP11-464F9.20	c30
7.49470608004387e-10	0.561631569548368	0.075	0.022	2.52526626660998e-05	CUL7	c30
7.53559951477175e-10	1.00370038867305	0.034	0.006	2.53904490050719e-05	RP11-475I24.3	c30
7.56386778320907e-10	-0.186354793290938	0.171	0.071	2.54856961087446e-05	USP28	c30
7.60295970274408e-10	0.100741352271812	0.421	0.227	2.56174124224259e-05	RHOB	c30
7.60670662396368e-10	-0.111184504111605	0.461	0.232	2.56300372987832e-05	NKAP	c30
7.65438539266779e-10	-0.111567086991493	0.293	0.142	2.57906861420549e-05	MAP3K8	c30
7.66282598322578e-10	0.155926228202974	0.097	0.032	2.5819125867881e-05	RP2	c30
7.774190739027e-10	0.133496591105496	0.103	0.035	2.61943582760776e-05	TCF3	c30
7.93291907146874e-10	0.100113909153373	0.115	0.042	2.67291775194068e-05	SNHG19	c30
7.96953698995287e-10	-0.194063324238769	0.246	0.113	2.68525579339472e-05	ARL4A	c30
8.11307355066685e-10	0.837746849516382	0.053	0.013	2.73361900216169e-05	F8A1	c30
8.35257221006707e-10	1.33573927522008	0.031	0.005	2.81431568046e-05	RP11-582J16.5	c30
8.40577562394324e-10	0.140274436938405	0.159	0.065	2.83224203873144e-05	TSPYL4	c30
8.51825002260712e-10	0.264322789572992	0.093	0.031	2.87013916261724e-05	ZMYM6	c30
8.58564500678592e-10	-0.118221443629384	0.249	0.116	2.89284722858645e-05	NIPAL3	c30
9.04921509680427e-10	0.274049867761787	0.807	0.466	3.04904253471723e-05	NOL7	c30
9.20973504706188e-10	0.166306149273862	0.199	0.088	3.10312812675703e-05	OSBPL2	c30
9.28645824207447e-10	0.496204420331902	0.087	0.028	3.12897924008457e-05	PRICKLE3	c30
9.41671254681066e-10	0.695080267781222	0.053	0.013	3.17286712552238e-05	RP11-146F11.1	c30
9.4596597145171e-10	0.558283838973153	0.059	0.015	3.18733774420939e-05	SNX16	c30
9.55387297595323e-10	-0.144035516093497	0.187	0.08	3.21908196051768e-05	GCFC2	c30
9.55612125554186e-10	0.757018755030709	0.062	0.017	3.21983949584228e-05	EID2	c30
9.84669126620761e-10	-0.145562361300382	0.224	0.101	3.31774415523599e-05	HUS1	c30
9.87335567654839e-10	-3.07516054392141	0.084	0.207	3.32672846165621e-05	RP11-18H21.1	c30
9.87898769219092e-10	1.26542097551099	0.031	0.005	3.32862611300681e-05	RP11-273G15.2	c30
9.98084865716706e-10	0.170157667012756	0.087	0.028	3.36294714654587e-05	HEATR3	c30
1.00038967351354e-09	0.141468872671542	0.162	0.067	3.37071296593651e-05	QKI	c30
1.00256469492777e-09	-0.132375282370767	0.224	0.101	3.37804148308962e-05	RPP38	c30
1.00669348049723e-09	0.172366137021483	0.788	0.426	3.39195301318736e-05	ZC3H15	c30
1.0092814403838e-09	-0.114922967388563	0.271	0.129	3.40067288522917e-05	DUSP16	c30
1.01759130289001e-09	2.26120905248825	0.016	0.002	3.42867213595759e-05	AL450992.2	c30
1.01962910620513e-09	2.97067456777936	0.012	0.001	3.43553831044757e-05	RORB	c30
1.02263296012602e-09	2.55089662710129	0.012	0.001	3.44565949584861e-05	NDP	c30
1.03018039526727e-09	2.19347599992129	0.012	0.001	3.47108982381354e-05	LNX1	c30
1.03093812096359e-09	1.92092978676759	0.012	0.001	3.47364290477472e-05	RP11-1379J22.5	c30
1.0313380131119e-09	0.61846208769689	0.05	0.012	3.47499030137924e-05	SOCS7	c30
1.03155330579549e-09	0.746121749857134	0.069	0.019	3.47571570854733e-05	C9orf3	c30
1.05493941311066e-09	-0.154554798933312	0.174	0.073	3.55451285853506e-05	PISD	c30
1.0791878111274e-09	0.349406555765349	0.047	0.011	3.63621541081268e-05	CTD-2366F13.1	c30
1.0882308138358e-09	0.129844567469716	0.168	0.071	3.66668490413833e-05	TMEM44-AS1	c30
1.09144029022981e-09	0.125201112360704	0.128	0.048	3.67749891390032e-05	AMPD2	c30
1.10841958059701e-09	1.00241798214828	0.044	0.009	3.73470893486355e-05	MEGF8	c30
1.10906058170664e-09	-0.140805043099655	0.333	0.163	3.73686872400234e-05	KIAA1191	c30
1.11023251886788e-09	-2.54459742262454	0.165	0.278	3.74081744907344e-05	LDLRAP1	c30
1.14993548520707e-09	0.831580290755233	0.047	0.011	3.87459262385671e-05	ZNF793-AS1	c30
1.1823601170019e-09	0.2842067567431	0.112	0.041	3.98384417822619e-05	HSDL1	c30
1.19351155871736e-09	-0.233737009406251	0.255	0.118	4.02141784594228e-05	MCPH1	c30
1.20078994758426e-09	2.31474345570919	0.022	0.003	4.04594164939041e-05	RP11-480A16.1	c30
1.20914261416903e-09	1.99832773924239	0.019	0.002	4.07408512418113e-05	RP5-1024G6.5	c30
1.21467069091174e-09	2.10098118606129	0.022	0.003	4.09271142595801e-05	PROCR	c30
1.24278067693975e-09	0.41741585369626	0.056	0.014	4.18742521288079e-05	TXNDC16	c30
1.24668871909219e-09	-0.24678060919352	0.34	0.165	4.20059297010922e-05	LTA4H	c30
1.24964553075401e-09	1.51112016792787	0.025	0.004	4.21055565132255e-05	MCAM	c30
1.26505453067385e-09	1.52808254787106	0.022	0.003	4.26247473565248e-05	CSTF3-AS1	c30
1.27238389433587e-09	0.263454885978798	0.125	0.047	4.28717029357528e-05	UBE2W	c30
1.27609078811069e-09	-0.100847747056833	0.24	0.111	4.29966030146016e-05	NBAS	c30
1.27645951794009e-09	0.157643511176186	0.14	0.055	4.30090269974733e-05	RP13-580F15.2	c30
1.2834831037693e-09	1.23208136989394	0.047	0.011	4.32456796984028e-05	NTRK1	c30
1.28594685544725e-09	0.538563925157649	0.081	0.025	4.33286933474396e-05	PPP2CB	c30
1.29609055478051e-09	0.733096382203944	0.069	0.02	4.36704751527746e-05	LINC00176	c30
1.29878842276511e-09	0.181987838885742	0.156	0.064	4.37613771166477e-05	SLC12A6	c30
1.33469057672446e-09	-0.187382474258853	0.396	0.199	4.49710642921539e-05	TAF3	c30
1.35707247983835e-09	-0.236098288936826	0.246	0.114	4.57252001356733e-05	SELO	c30
1.37512388341091e-09	0.237899933058418	0.125	0.047	4.63334241276471e-05	DOPEY2	c30
1.39355499635485e-09	0.846097747308888	0.047	0.011	4.69544420471803e-05	PLEKHG4	c30
1.41644424189401e-09	-0.257737035402759	0.234	0.107	4.77256722863767e-05	INTS8	c30
1.46177836870968e-09	0.795771922063319	0.04	0.008	4.92531603553039e-05	NR2F6	c30
1.47308636431029e-09	0.309987753481873	0.118	0.044	4.96341719590709e-05	HS1BP3	c30
1.48677951792415e-09	0.507939910143165	0.062	0.017	5.00955490769364e-05	DHRS11	c30
1.49121847363271e-09	-0.209746236562143	0.215	0.097	5.02451152505806e-05	ERCC6L2	c30
1.51416415871891e-09	-0.108816201622377	0.268	0.128	5.1018247163875e-05	HAPLN3	c30
1.530764138854e-09	0.766973836404468	0.065	0.018	5.15775668945467e-05	FUT8-AS1	c30
1.5586448017027e-09	1.02142896322877	0.053	0.013	5.25169779485709e-05	IL21-AS1	c30
1.5759883482865e-09	0.298070887018295	0.875	0.566	5.31013514071652e-05	GTF3A	c30
1.58962352068452e-09	0.138093751136109	0.561	0.302	5.35607749059441e-05	FLOT2	c30
1.60650948303892e-09	-0.148279594073279	0.215	0.097	5.41297305215133e-05	ZBTB44	c30
1.64393192213516e-09	2.22378194974913	0.016	0.002	5.5390642184422e-05	IGKV3OR2-268	c30
1.64566659301934e-09	0.376584632439917	0.14	0.056	5.54490901851937e-05	ABCA2	c30
1.6540836378735e-09	1.5774200764897	0.022	0.003	5.57326940945097e-05	CTHRC1	c30
1.66628850129244e-09	1.75089978097841	0.016	0.002	5.61439247625474e-05	TMCC1-AS1	c30
1.67482378907122e-09	-0.188164472814096	0.315	0.153	5.64315127489658e-05	VEZF1	c30
1.70496458003294e-09	-0.122178828831922	0.321	0.16	5.74470765596299e-05	POU2F2	c30
1.74577725853617e-09	0.147814018630307	0.766	0.416	5.88222189491177e-05	TMEM179B	c30
1.76405509101449e-09	1.2635052609814	0.037	0.007	5.94380722366422e-05	MYLPF	c30
1.76816383923066e-09	-0.13821783700562	0.112	0.041	5.95765123990377e-05	RNASEH1-AS1	c30
1.77610498490577e-09	-0.156795698816337	0.221	0.1	5.9844081361415e-05	MAP2K5	c30
1.78358961843292e-09	1.27464861840578	0.034	0.006	6.00962686034787e-05	SYP	c30
1.79324635885033e-09	-0.138362071880372	0.237	0.109	6.04216428151031e-05	DCAF10	c30
1.86043535778472e-09	-0.153515760350478	0.268	0.127	6.26855089451983e-05	NDUFAF2	c30
1.86698372462085e-09	0.411232648805122	0.072	0.021	6.29061496173748e-05	KRBA2	c30
1.88078816078521e-09	0.22685466630563	0.075	0.023	6.33712762894968e-05	FBXO48	c30
1.89034710205704e-09	0.157113047955237	0.118	0.044	6.36933552567101e-05	ZNF574	c30
1.91572904886558e-09	0.680906764307971	0.05	0.012	6.45485745724767e-05	KBTBD8	c30
1.91963726985152e-09	0.111039906366361	0.137	0.054	6.46802581703772e-05	GYS1	c30
1.92266168137679e-09	-0.16863831230029	0.486	0.248	6.47821626923095e-05	SENP6	c30
1.9299366223659e-09	0.974544040366824	0.05	0.012	6.50272845539968e-05	BMF	c30
1.93120944699659e-09	0.259143996242619	0.869	0.517	6.5070171107103e-05	MYEOV2	c30
1.93298984463941e-09	0.338207275771631	0.115	0.043	6.51301598252803e-05	ACTR3C	c30
1.95816846225729e-09	0.890261197508742	0.047	0.011	6.5978528167297e-05	RP11-304L19.13	c30
2.00000820823533e-09	1.49471985361443	0.025	0.004	6.73882765682812e-05	RP11-481J2.4	c30
2.00368095849862e-09	0.577303270201281	0.115	0.043	6.75120262156525e-05	ETS2	c30
2.00411684792362e-09	1.29080074936807	0.09	0.031	6.75267130739386e-05	TRAV5	c30
2.02085114700372e-09	3.28272660162533	0.012	0.001	6.80905585471434e-05	RP11-109E24.1	c30
2.02993924158506e-09	-0.214496650225499	0.302	0.146	6.83967728059671e-05	LRIF1	c30
2.03092998128595e-09	0.200474175385105	0.128	0.049	6.84301547894488e-05	LIG3	c30
2.03383747179975e-09	2.69144098845286	0.012	0.001	6.85281197748209e-05	RP11-520A21.1	c30
2.04117420285177e-09	0.101657672688613	0.19	0.084	6.87753235908877e-05	ACSS1	c30
2.05420017581743e-09	2.71559987123064	0.012	0.001	6.92142207239923e-05	RNF103-CHMP3	c30
2.06392444143375e-09	-0.127393426007889	0.421	0.211	6.95418701296689e-05	RELA	c30
2.07707365405657e-09	-0.187853499853358	0.424	0.213	6.99849196997821e-05	RNF13	c30
2.07987640200572e-09	0.395579832233992	0.078	0.024	7.00793554891809e-05	ZNF778	c30
2.14563855325334e-09	-0.370006538112146	0.221	0.1	7.2295145413318e-05	ORC4	c30
2.20932683977517e-09	0.158683437138516	0.097	0.033	7.44410585393844e-05	TMTC4	c30
2.21492267374e-09	1.17888009353626	0.04	0.009	7.46296045689955e-05	NRSN2	c30
2.25591694513428e-09	1.70461616102391	0.028	0.005	7.60108655493544e-05	MRC2	c30
2.26192463775497e-09	-0.204749998898409	0.178	0.076	7.62132887445159e-05	LYSMD3	c30
2.26610037341906e-09	1.65834115078958	0.028	0.005	7.63539859819816e-05	MROH8	c30
2.31364187533851e-09	-0.150694092394693	0.383	0.191	7.79558493476559e-05	WDR74	c30
2.31724862192012e-09	-0.115440783600874	0.271	0.13	7.80773750669764e-05	SCAPER	c30
2.32895401138546e-09	1.25222025050622	0.028	0.005	7.84717764596217e-05	MICALL2	c30
2.32960349495474e-09	-0.205732106177564	0.442	0.222	7.8493660159005e-05	SNAPC5	c30
2.33795709682784e-09	1.46448594762108	0.034	0.007	7.87751264205172e-05	ZKSCAN2	c30
2.36724798797129e-09	-0.141700548993887	0.474	0.24	7.97620537067046e-05	NGDN	c30
2.37586703970426e-09	0.243108127923903	0.832	0.492	8.00524640357954e-05	UFC1	c30
2.39408686123242e-09	0.206155290938219	0.15	0.062	8.0666362702365e-05	MED12	c30
2.40701628802147e-09	0.225286729173527	0.087	0.029	8.11020068085953e-05	ZBED4	c30
2.45037161683043e-09	0.806433996763365	0.05	0.012	8.25628212574844e-05	EXTL2	c30
2.45813048675521e-09	0.371342005471945	0.1	0.035	8.28242486207299e-05	EARS2	c30
2.47748090339692e-09	-0.109696076773977	0.187	0.082	8.3476241559056e-05	IFT43	c30
2.49302770394734e-09	-0.129169471650364	0.408	0.207	8.40000754568018e-05	USP8	c30
2.51024542625489e-09	-0.221842766426063	0.299	0.144	8.45802093922324e-05	SPNS1	c30
2.51258108326425e-09	-0.216006715395234	0.386	0.194	8.46589070195057e-05	SFI1	c30
2.54505217024715e-09	0.347532267082085	0.059	0.016	8.57529878243075e-05	ZRANB3	c30
2.55225373686129e-09	0.349080615067012	0.869	0.572	8.59956374098042e-05	RPL22L1	c30
2.5846442419526e-09	2.54136787260077	0.016	0.002	8.7087003088351e-05	AC068196.1	c30
2.58602638343277e-09	-0.224248419770122	0.153	0.063	8.71335729633837e-05	NAT6	c30
2.59476636017058e-09	0.657121125014794	0.087	0.029	8.74280577395877e-05	SLC35D1	c30
2.60094527121065e-09	0.678285922473647	0.053	0.013	8.76362499681717e-05	ZNF787	c30
2.61471726930803e-09	0.69254837355771	0.056	0.015	8.81002836720647e-05	RPP40	c30
2.61527160074413e-09	0.220632870297197	0.832	0.472	8.81189613154728e-05	SELK	c30
2.61562705276299e-09	-0.271602486142945	0.193	0.085	8.81309379157962e-05	ERGIC1	c30
2.62376433725286e-09	-0.1438337836322	0.368	0.185	8.84051155793979e-05	PPP1R16B	c30
2.63102233398882e-09	1.14210915646532	0.037	0.008	8.86496665214192e-05	TET1	c30
2.64716298460623e-09	1.42578879990779	0.034	0.007	8.91935096033222e-05	BARX2	c30
2.66076282516612e-09	-0.174743315734228	0.153	0.063	8.96517426311474e-05	C11orf71	c30
2.69150936537644e-09	-0.174379884397094	0.249	0.117	9.06877165569939e-05	YBEY	c30
2.73325556304054e-09	0.112031709304078	0.723	0.393	9.20943129410878e-05	PCNP	c30
2.7501311186684e-09	0.200470405127448	0.358	0.192	9.26629179124129e-05	ZBP1	c30
2.7612595175566e-09	-0.147956066228269	0.287	0.14	9.30378781845522e-05	DDX60L	c30
2.78566088973275e-09	0.27078058126136	0.988	0.916	9.38600580186553e-05	CYBA	c30
2.78806395715278e-09	-0.255024019132738	0.265	0.126	9.39410269723059e-05	TNRC6A	c30
2.79726714165911e-09	0.363884825812921	0.1	0.035	9.42511190710621e-05	DNASE1L1	c30
2.91142818745441e-09	1.50940208423277	0.022	0.003	9.80976613480888e-05	LINC01366	c30
2.92107395674773e-09	-0.164180946017533	0.302	0.147	9.8422665898658e-05	APBA3	c30
2.92189191941332e-09	-0.112671951263548	0.193	0.086	9.84502263327124e-05	TMEM41A	c30
2.95797412215101e-09	0.125809894493131	0.131	0.051	9.96659800717561e-05	FAM118B	c30
2.97007372254648e-09	0.416768588017111	0.084	0.027	0.000100073664007481	DENND3	c30
2.98084365973709e-09	-0.108206494188978	0.33	0.164	0.000100436546271182	TATDN1	c30
2.98255887524077e-09	0.109558828170208	0.118	0.045	0.000100494338742363	ZNF268	c30
2.98914514700577e-09	-0.881620168276477	0.863	0.827	0.000100716256583212	ZFP36	c30
2.99735045766257e-09	0.173099184844483	0.125	0.048	0.000100992726320483	SLC35A2	c30
3.11939939094200e-09	-0.211310609357084	0.355	0.176	0.0001051050430784	RFFL	c30
3.25392255450966e-09	0.29619680771274	0.146	0.06	0.000109637666551649	ALKBH5	c30
3.25542075030035e-09	-0.134663005620677	0.349	0.174	0.00010968814676062	APOL3	c30
3.26910338487079e-09	0.25615487420051	0.1	0.035	0.000110149169449837	ZNF197	c30
3.27970987352083e-09	0.441275410702525	0.106	0.038	0.000110506544478411	NOMO2	c30
3.28790844309437e-09	1.53764421307593	0.028	0.005	0.000110782787081622	TXNDC5	c30
3.33872169555701e-09	-0.137078975354585	0.187	0.082	0.000112494888810098	C2orf68	c30
3.38811682652841e-09	0.120542511296239	0.131	0.051	0.000114159208353048	GALC	c30
3.42385546774314e-09	1.07311630098191	0.028	0.005	0.000115363386130138	PEX11G	c30
3.47947719582956e-09	-0.143083220073996	0.202	0.091	0.000117237504636281	E4F1	c30
3.48710069084573e-09	0.210825917150136	0.106	0.038	0.000117494370677356	ZNF250	c30
3.49551042429176e-09	1.55043111946173	0.193	0.091	0.000117777728236087	XCL1	c30
3.51919136949486e-09	-0.107955148034371	0.134	0.053	0.00011857563400376	PHF10	c30
3.53870711388131e-09	-0.28819065439287	0.433	0.216	0.000119233197495117	C1orf52	c30
3.59573648387882e-09	-0.19884380155643	0.171	0.073	0.000121154745087813	RAD17	c30
3.64430900425114e-09	-0.111229103816497	0.53	0.27	0.000122791347589238	CCDC115	c30
3.65075746607943e-09	-0.253756723136623	0.299	0.145	0.00012300862206208	PRPF18	c30
3.69036045954531e-09	-0.101621055083474	0.156	0.065	0.00012434300532392	SENP2	c30
3.78398038531838e-09	-0.174860089927601	0.156	0.065	0.000127497435102917	FAM199X	c30
3.79249449053927e-09	-0.173231609640685	0.243	0.115	0.00012778430936423	MAN2B2	c30
3.80076195852499e-09	-0.113475090340991	0.405	0.207	0.000128062873430541	NUP98	c30
3.80194125644101e-09	-0.136366523108648	0.131	0.051	0.000128102608694523	EP400NL	c30
3.83562908925893e-09	0.603043900809119	0.062	0.017	0.00012923768653349	MED26	c30
3.84183260832691e-09	1.5102283700035	0.025	0.004	0.000129446707904967	HK2	c30
3.87953721387529e-09	0.37921448128272	0.097	0.034	0.000130717126884314	ABHD6	c30
3.89640582409796e-09	2.92715431554541	0.012	0.001	0.000131285497837157	LRRC75B	c30
3.90078954841694e-09	-0.202231628265544	0.249	0.117	0.00013143320304436	HAUS3	c30
3.93680179785627e-09	-0.11205675667483	0.442	0.229	0.000132646599776969	PRKCQ	c30
3.95497161699092e-09	0.179769567086852	0.075	0.023	0.000133258813662892	RP11-395B7.4	c30
3.97505630903771e-09	2.18942978086599	0.012	0.001	0.000133935547276717	SEPT3	c30
3.98689746004687e-09	-0.19270821737894	0.421	0.213	0.000134334523018819	ZC3H11A	c30
4.02675348362952e-09	1.22633343069018	0.028	0.005	0.000135677431877413	RP11-430H10.1	c30
4.05655815825655e-09	-0.207051730211016	0.165	0.07	0.000136681670584296	STRIP1	c30
4.07461278294246e-09	1.19383292211988	0.028	0.005	0.000137290003108463	MST1	c30
4.23033533295682e-09	0.46770422556322	0.072	0.022	0.000142536918708647	RP11-166P13.3	c30
4.23185622446475e-09	0.211470132865612	0.791	0.457	0.000142588163627115	TMED2	c30
4.25820903909838e-09	-0.113123557844307	0.436	0.227	0.000143476095363381	PARP10	c30
4.29254942133533e-09	-0.290718154590033	0.436	0.22	0.000144633160202473	TTC17	c30
4.39702598898533e-09	-0.138842881646149	0.237	0.111	0.000148153393672872	GALNT11	c30
4.40770157715245e-09	1.05584113791343	0.037	0.008	0.000148513096940575	ENTPD7	c30
4.4223269318419e-09	0.145598587082882	0.766	0.431	0.000149005883641481	CD47	c30
4.50518808293792e-09	-0.174749410307339	0.346	0.173	0.00015179780726651	CUL4A	c30
4.59797571011652e-09	0.236078604087465	0.081	0.026	0.000154924193576666	MIPEP	c30
4.60202296930985e-09	0.538893803475172	0.065	0.019	0.000155060561927926	MTPAP	c30
4.6263979475868e-09	0.114009458652445	0.103	0.037	0.00015588185244599	MTHFSD	c30
4.63940686064472e-09	-0.246832199524467	0.327	0.161	0.000156320174762563	TMEM55B	c30
4.67365865351013e-09	0.336329192927141	0.084	0.028	0.00015747425467137	URB1	c30
4.74177147894961e-09	-0.173446285913668	0.249	0.118	0.000159769248211728	ATG13	c30
4.797901578139e-09	-0.164069872192039	0.184	0.081	0.000161660495773815	AIM2	c30
4.84382673989054e-09	0.115878189783535	0.146	0.061	0.000163207898173872	RP5-1091N2.9	c30
4.86315628126604e-09	1.16187429266037	0.028	0.005	0.000163859187740978	PDIA5	c30
4.99975132790025e-09	-0.11406936868857	0.143	0.058	0.000168461621242271	TTC27	c30
5.04960559560397e-09	-0.822789817127845	0.449	0.556	0.00017014141093828	MTRNR2L12	c30
5.0886659551655e-09	-0.191025281891533	0.271	0.131	0.000171457510693346	LATS1	c30
5.11556736508207e-09	-0.145823617681434	0.268	0.13	0.000172363926799075	MCM3AP	c30
5.11946610919782e-09	-0.220536673476526	0.187	0.083	0.000172495291083311	FBXO28	c30
5.12478116015209e-09	0.176616807809874	0.09	0.031	0.000172674376410165	SVIL-AS1	c30
5.15491538717759e-09	-0.158152323081385	0.19	0.084	0.000173689719055562	PIP4K2C	c30
5.16719888114895e-09	0.305630421345815	0.121	0.047	0.000174103599101433	TUBB2A	c30
5.2712813946837e-09	0.276056426646515	0.822	0.506	0.000177610555312473	OSTF1	c30
5.28712009221336e-09	1.09614476984542	0.04	0.009	0.000178144224387037	FBXL19	c30
5.35509342313402e-09	0.284074033593398	0.146	0.061	0.000180434517799078	POMC	c30
5.41316033868778e-09	0.136432720557874	0.115	0.044	0.000182391024451746	RP13-1032I1.7	c30
5.4527397578918e-09	-0.137962120692131	0.315	0.157	0.000183724613402406	LINC00847	c30
5.46812434803674e-09	0.152068127561773	0.1	0.035	0.00018424298178275	KIAA2013	c30
5.46848350826712e-09	-0.107300779320094	0.137	0.055	0.000184255083327552	RINT1	c30
5.51027489151435e-09	0.747511905749655	0.047	0.011	0.000185663202194685	IFI30	c30
5.58119720372478e-09	0.119579085404713	0.128	0.05	0.000188052858582303	RP5-827C21.4	c30
5.72288063899818e-09	-0.11785165417762	0.274	0.134	0.000192826740250405	ZBTB7A	c30
5.75257102303247e-09	-0.353113086018879	0.38	0.19	0.000193827128050056	KRIT1	c30
5.82334314396064e-09	0.164065876154479	0.785	0.437	0.00019621172389261	ZNRD1	c30
5.84818424787013e-09	1.06746375018587	0.031	0.006	0.000197048720047736	SLC1A1	c30
5.85820205117872e-09	-0.255295223027504	0.283	0.139	0.000197386259912416	AGO3	c30
5.86381309223862e-09	-0.156261381048966	0.187	0.083	0.000197575318329888	R3HCC1L	c30
5.91399218099429e-09	-0.154292619553471	0.234	0.11	0.000199266052546422	ATXN2	c30
5.92769146532818e-09	-0.105223512599656	0.327	0.164	0.000199727636232768	LRCH4	c30
5.97566017695288e-09	-0.19394958020629	0.349	0.174	0.00020134389400225	CUTC	c30
6.02182565871262e-09	0.399620049445186	0.087	0.029	0.000202899393744663	SEPSECS-AS1	c30
6.1839074056518e-09	0.148720967606348	0.193	0.089	0.000208360576126032	FBXW7	c30
6.18777051964947e-09	-0.132346974295331	0.165	0.071	0.000208490739889069	ASB6	c30
6.1909985175919e-09	-0.184329885683233	0.336	0.168	0.000208599504051741	NIPSNAP1	c30
6.1931884600923e-09	0.407665314009159	0.078	0.025	0.00020867329197435	ZFAT	c30
6.29956972667214e-09	0.26245172212957	0.121	0.047	0.000212257702370491	DNAJC16	c30
6.36501286799773e-09	0.427664005447774	0.081	0.026	0.000214462743574315	ZSCAN30	c30
6.37184879877636e-09	-0.164895275338892	0.218	0.101	0.000214693073425971	CEACAM21	c30
6.3930679604582e-09	-0.211043994067235	0.312	0.154	0.000215408031859678	SACM1L	c30
6.41301884995981e-09	-0.21952838851277	0.218	0.101	0.000216080257130546	SGSM3	c30
6.494966554357e-09	-0.293022118371555	0.274	0.133	0.000218841403082505	PPIL2	c30
6.52054832572735e-09	-0.190451410878138	0.103	0.037	0.000219703355287057	NUBPL	c30
6.54597088824594e-09	0.639096348522494	0.059	0.016	0.000220559943108559	NPIPA1	c30
6.58023312922087e-09	-0.224934046299658	0.234	0.11	0.000221714375055968	OMA1	c30
6.61683101393534e-09	0.20551712450796	0.112	0.042	0.000222947504183537	SLC35F6	c30
6.71327974202301e-09	-0.33168469756966	0.963	0.885	0.000226197247627723	DAZAP2	c30
6.7223552542011e-09	0.238361600076554	0.15	0.063	0.000226503037935052	DNASE1	c30
6.85918558286793e-09	-0.239058167945643	0.302	0.15	0.000231113399029152	FAM160B1	c30
6.86101355365047e-09	-0.300888033369838	0.224	0.105	0.000231174990676699	CEP120	c30
6.90277345642431e-09	0.569469534326232	0.221	0.109	0.000232582048840761	LMNA	c30
6.91966522976022e-09	0.15351093662781	0.084	0.028	0.000233151200251541	MBTPS2	c30
6.97260574441904e-09	-0.212307078002924	0.199	0.09	0.000234934977952455	MMGT1	c30
7.16285054545798e-09	-0.194675224511015	0.243	0.115	0.000241345086278661	TM9SF4	c30
7.24727383014046e-09	2.86456206474528	0.012	0.001	0.000244189644432753	CTC-453G23.8	c30
7.24727383014046e-09	2.73946833811214	0.012	0.001	0.000244189644432753	RAMP1	c30
7.2790439802806e-09	-0.185535528710207	0.296	0.147	0.000245260107871574	PVT1	c30
7.28268172090242e-09	0.641270927387629	0.065	0.019	0.000245382677904086	SBK1	c30
7.29584822309184e-09	2.64137208741023	0.012	0.001	0.000245826310028857	BFSP1	c30
7.3203480978662e-09	-0.154686746656961	0.277	0.135	0.000246651808809504	ZNF76	c30
7.33003852104114e-09	2.74483440061706	0.012	0.001	0.00024697831792796	S100P	c30
7.35945760829521e-09	0.558557420796251	0.103	0.038	0.000247969564653899	MGAT4B	c30
7.38775192711246e-09	-0.151974087668881	0.283	0.139	0.000248922913432127	SEC23A	c30
7.50545773718322e-09	-1.28119222248271	0.639	0.621	0.000252888892996651	CST7	c30
7.50888398724322e-09	0.154338089154062	0.146	0.061	0.000253004337066173	CLK2	c30
7.64364759968116e-09	-0.188334191655521	0.34	0.17	0.000257545062223657	C12orf76	c30
7.86220691926499e-09	0.310171530036787	0.062	0.018	0.000264909199937715	POU3F1	c30
7.87506291412371e-09	0.306776246214416	0.112	0.043	0.000265342369828484	ERF	c30
7.90311726876234e-09	0.106585377082689	0.131	0.052	0.000266287633253678	CLCN7	c30
7.9529151564775e-09	1.88257594313491	0.022	0.003	0.000267965523282353	LNP1	c30
7.96661871393298e-09	0.303310466688827	0.062	0.018	0.000268427250947258	IFT122	c30
7.97856820058984e-09	-0.262783177203939	0.234	0.11	0.000268829876950674	ZNF708	c30
8.0404352334101e-09	-4.14969005573451	0.022	0.127	0.00027091442475452	IFNG-AS1	c30
8.15447904837987e-09	0.189835488925263	0.103	0.038	0.000274757017056111	GOSR2	c30
8.23057401018188e-09	0.950850116848335	0.034	0.007	0.000277320960699068	SCD	c30
8.30276684979863e-09	-0.156148954812407	0.24	0.115	0.000279753426237115	MAP4K4	c30
8.34946511699017e-09	0.135672945238071	0.103	0.038	0.000281326877651867	UQCC1	c30
8.40695780370541e-09	0.482691658937213	0.106	0.039	0.00028326403623805	EVA1C	c30
8.43549129327562e-09	1.8964344237514	0.025	0.004	0.000284225443635629	LINC00299	c30
8.54651909520766e-09	-0.301073118633275	0.287	0.139	0.000287966414393927	SH2B1	c30
8.87508333639565e-09	-0.324727151915891	0.246	0.117	0.000299037057936515	SKIV2L	c30
8.91474804490293e-09	0.168015253788835	0.128	0.051	0.000300373520624959	CROT	c30
8.96998038813794e-09	2.07506827191269	0.019	0.002	0.00030223451919792	RP11-455F5.3	c30
9.04874112586968e-09	1.83303388310443	0.019	0.002	0.000304888283495053	ZBED8	c30
9.09046375403929e-09	1.76917448219177	0.019	0.002	0.0003062940857286	CAGE1	c30
9.19441438894145e-09	0.681519379037893	0.037	0.008	0.000309796598420993	RP11-159D12.2	c30
9.35315734351193e-09	1.08343285584218	0.034	0.007	0.000315145283532291	HIST1H4E	c30
9.38519115801996e-09	0.70410281567181	0.065	0.019	0.000316224630878325	TOLLIP-AS1	c30
9.5296060733228e-09	0.670042741737745	0.034	0.007	0.000321090547034538	RP11-160H22.5	c30
9.57267585458142e-09	-1.61493634056189	0.308	0.384	0.000322541740244266	NCF1	c30
9.58481298135195e-09	1.84894950856523	0.016	0.002	0.000322950688593672	CH507-24F1.1	c30
9.59514837334868e-09	2.0203953081211	0.016	0.002	0.00032329892929161	KCNK15	c30
9.78762629776813e-09	0.246310638117929	0.903	0.568	0.000329784280476999	WAS	c30
9.83119969556737e-09	0.345886002084334	0.131	0.053	0.000331252442542447	SYNJ1	c30
9.85814775105339e-09	-0.181239571080454	0.265	0.128	0.000332160430323993	CYTH2	c30
9.90522342275737e-09	-0.405154734727989	0.274	0.132	0.000333746598006387	FAM3A	c30
9.94632980153069e-09	0.16141741069718	0.779	0.437	0.000335131636332775	MRPL33	c30
9.97818661967864e-09	0.264155516135676	0.087	0.03	0.000336205019963452	SH3BP5L	c30
9.99879343977269e-09	0.735262442838979	0.069	0.021	0.000336899346159701	ZNF395	c30
1.02198346382005e-08	0.282076627752402	0.112	0.043	0.000344347108299527	VPS33B	c30
1.03347581583175e-08	0.102847413468078	0.66	0.36	0.000348219341386351	COPS6	c30
1.04583479612533e-08	-0.199158918363674	0.495	0.255	0.000352383576206468	NR1H2	c30
1.05449181032366e-08	0.22300269582812	0.9	0.59	0.000355300470570453	TBCA	c30
1.05528857863098e-08	0.208149185458988	0.813	0.47	0.000355568933683924	VAPA	c30
1.05709073977028e-08	-0.155386176658405	0.486	0.254	0.000356176153858199	SMARCC2	c30
1.05729771174363e-08	-0.306218349708118	0.227	0.107	0.000356245890994897	VIM-AS1	c30
1.06793331416401e-08	-0.158233686451812	0.408	0.21	0.000359829450874423	CHMP3	c30
1.07125808502746e-08	0.11146243564282	0.097	0.035	0.000360949699169152	ZNF345	c30
1.08449271736201e-08	-0.17932636235746	0.33	0.167	0.000365408976187954	MED29	c30
1.09486593987023e-08	-0.215335555097043	0.508	0.262	0.000368904129779875	MECP2	c30
1.09638323380746e-08	0.248984726195776	0.084	0.028	0.000369415366799086	ALPK1	c30
1.09866303315183e-08	-0.276579441440601	0.349	0.177	0.000370183522390179	KAT6B	c30
1.10304068226711e-08	0.400177557440785	0.069	0.021	0.000371658527483079	SLC48A1	c30
1.1038896302743e-08	0.434491051169754	0.081	0.027	0.000371944572024621	ZNF461	c30
1.11429474574185e-08	-0.217983217127439	0.14	0.058	0.000375450471630258	FAM76A	c30
1.12328614760219e-08	-0.206748003931567	0.156	0.066	0.000378480034573083	TMEM99	c30
1.1239744010409e-08	-0.186057473301768	0.218	0.102	0.000378711934686721	PEX6	c30
1.12773592883737e-08	-0.232549011711651	0.221	0.104	0.000379979343862463	ABCD4	c30
1.13136997053903e-08	-0.238603851455602	0.227	0.107	0.000381203797873421	NMD3	c30
1.13624959723133e-08	0.491379736886274	0.072	0.022	0.000382847939291124	SLFN13	c30
1.13663946029746e-08	-0.132484486201247	0.29	0.146	0.000382979299752626	TIAM1	c30
1.13806449290974e-08	0.23618057098349	0.062	0.018	0.000383459450241008	YTHDF3-AS1	c30
1.17942204070981e-08	0.271922660967149	0.09	0.032	0.000397394462396764	IPMK	c30
1.18037790693559e-08	-0.142379897221341	0.234	0.111	0.000397716531962878	STYX	c30
1.18206326063954e-08	-0.210756842409838	0.364	0.185	0.000398284395039885	BBIP1	c30
1.18514813621386e-08	0.282507429452101	0.081	0.027	0.000399323813015897	PEX5	c30
1.1916557511213e-08	1.32781326087114	0.031	0.006	0.000401516488782812	RP11-95D17.1	c30
1.1995022178679e-08	0.189347905643093	0.143	0.06	0.00040416027728841	TNFAIP8L1	c30
1.20483501821392e-08	0.342835849298912	0.072	0.022	0.000405957111036999	TRAK1	c30
1.22539306721658e-08	2.01533721632676	0.019	0.002	0.000412883940067954	PLTP	c30
1.23112780589232e-08	1.15342556908774	0.031	0.006	0.000414816202917358	RP11-77K12.1	c30
1.23406159951556e-08	-0.27154265535651	0.252	0.122	0.000415804715340774	THADA	c30
1.25986184444498e-08	-0.145125668937913	0.427	0.221	0.00042449784986729	EBPL	c30
1.26529023650093e-08	-0.138210829827462	0.34	0.174	0.000426326892286623	NFAT5	c30
1.28590656750903e-08	0.105334205714142	0.738	0.407	0.000433273358856491	CSNK1A1	c30
1.30346048491185e-08	-0.13741010639789	0.336	0.172	0.0004391879757862	MKLN1	c30
1.31527499608586e-08	2.36882560334637	0.012	0.001	0.000443168757181171	ZMYND10	c30
1.32437751180649e-08	-0.248169841384427	0.259	0.126	0.000446235758828078	ARHGEF7	c30
1.3249480890783e-08	-0.11805564306761	0.287	0.143	0.000446428009134041	CDKN2AIP	c30
1.35387950700638e-08	-0.20003913096992	0.421	0.217	0.000456176161090729	PEX16	c30
1.3606589351061e-08	-0.183958275621587	0.47	0.244	0.00045846042159465	TM2D3	c30
1.36245923710049e-08	0.176711905727194	0.131	0.053	0.000459067015348639	RFX1	c30
1.37557320385903e-08	0.619429903155273	0.056	0.015	0.000463485635308261	SERAC1	c30
1.37595074828955e-08	-0.22252867548189	0.237	0.113	0.00046361284512868	VPS39	c30
1.37988753506177e-08	0.224855422748701	0.745	0.464	0.000464939306063713	IKZF3	c30
1.39451341127086e-08	-2.9607555370886	0.075	0.187	0.000469867348793602	KLF3	c30
1.4264115097793e-08	-0.105677176691471	0.327	0.167	0.000480615094105037	GNPTAB	c30
1.44094882326952e-08	1.60158769590364	0.016	0.002	0.000485513296512432	RP11-359B12.2	c30
1.44855407032465e-08	0.48640244978525	0.062	0.018	0.000488075808455188	TMEM244	c30
1.45887095608387e-08	0.139917766742868	0.087	0.03	0.000491551979942899	DDX28	c30
1.46168087949349e-08	0.266904121210986	0.081	0.027	0.000492498755536537	THAP9-AS1	c30
1.4645436087571e-08	0.111479511434493	0.112	0.043	0.000493463323534619	PANK3	c30
1.48334348783716e-08	0.15180686165134	0.131	0.053	0.000499797754791851	GATAD1	c30
1.48364576058413e-08	0.543520454329141	0.062	0.018	0.000499899602571217	GAREM2	c30
1.50698594655765e-08	-0.153900753792519	0.218	0.103	0.000507763844833133	PTAR1	c30
1.50981458785002e-08	0.620667820625209	0.069	0.021	0.000508716927230186	IL7	c30
1.5159821307174e-08	0.589842756425734	0.044	0.01	0.000510795019123922	AC002116.7	c30
1.51936703641426e-08	1.49167027323642	0.028	0.005	0.000511935529249419	ITPRIPL2	c30
1.52033854940275e-08	0.562582932294823	0.04	0.009	0.000512262870835763	LINC00519	c30
1.52390389132162e-08	0.233683168640891	0.065	0.02	0.000513464177141908	RP11-440L14.1	c30
1.5254721208514e-08	-0.157264403259572	0.414	0.219	0.000513992576399672	IVNS1ABP	c30
1.55203255094479e-08	0.25857947117842	0.059	0.017	0.000522941847715339	RGPD8	c30
1.5568045123459e-08	-0.323415459448826	0.312	0.156	0.000524549712389827	SPG11	c30
1.56051537674556e-08	0.842285839659114	0.037	0.008	0.000525800051040647	BRICD5	c30
1.56975343728366e-08	-0.312026166401874	0.206	0.095	0.000528912723158355	HMG20A	c30
1.57833186166539e-08	-2.65832834079708	0.062	0.175	0.000531803137469537	LSR	c30
1.60093733355562e-08	-0.217044693537436	0.19	0.086	0.000539419825168232	RCHY1	c30
1.60181631307639e-08	0.107146826926662	0.128	0.052	0.000539715988527959	TMEM251	c30
1.60505404523524e-08	0.254265084672679	0.885	0.587	0.000540806910001561	NDUFB9	c30
1.61839046253298e-08	0.124088693279488	0.196	0.092	0.000545300482445861	MCOLN2	c30
1.61846718659903e-08	1.86008928899494	0.022	0.003	0.000545326333852678	LPP-AS2	c30
1.6257283070434e-08	0.292124875328966	0.078	0.026	0.000547772895775204	PRDM10	c30
1.63818788544723e-08	1.63545758462397	0.022	0.003	0.000551971026122591	OSGEPL1-AS1	c30
1.65416659083645e-08	0.722177830703235	0.062	0.018	0.000557354891116434	BBS12	c30
1.66333431795383e-08	1.32351389860889	0.034	0.007	0.000560443865091362	AC116366.5	c30
1.68683618760018e-08	0.107584699207774	0.1	0.037	0.000568362585050006	ZNF318	c30
1.68791200719044e-08	-0.25038953649663	0.237	0.113	0.000568725071702748	NAA16	c30
1.6903608054057e-08	-0.250051408691663	0.187	0.085	0.000569550169773395	PPP1R3E	c30
1.70004781113157e-08	-0.122452099208025	0.321	0.164	0.000572814109482672	LEPROT	c30
1.70618373556188e-08	-0.2703264677494	0.28	0.138	0.000574881547860221	PRKAA1	c30
1.71027109055376e-08	0.148669399991068	0.726	0.424	0.000576258741251185	DOK2	c30
1.71038584068713e-08	0.969817777805842	0.044	0.01	0.000576297405161121	CBWD7	c30
1.7145436489858e-08	-0.153928648371789	0.377	0.197	0.000577698337089275	SUPT3H	c30
1.72407632934432e-08	-0.230375129614231	0.212	0.099	0.000580910278409276	TYW1	c30
1.7341066315498e-08	0.329881863696993	0.072	0.023	0.000584289888434389	JRK	c30
1.734418707502e-08	0.470708702708496	0.075	0.024	0.000584395039305722	PLCXD2	c30
1.74846468886555e-08	0.47984272861772	0.072	0.023	0.000589127692266357	PPAN	c30
1.75596157136286e-08	0.640798769196392	0.084	0.029	0.000591653691855002	QPCT	c30
1.7603516794994e-08	-0.141567218169926	0.106	0.04	0.000593132894890528	KAT2A	c30
1.7661568332927e-08	1.48824892532844	0.031	0.006	0.000595088883409643	NCKAP1	c30
1.78012946424291e-08	0.209478127715292	0.09	0.032	0.000599796821682006	RAB34	c30
1.78981071182587e-08	-0.15917392741353	0.343	0.175	0.000603058821242607	SLC25A36	c30
1.79901603981342e-08	-0.295276703015841	0.252	0.122	0.000606160464454734	BANP	c30
1.80434586014763e-08	0.528846301731957	0.062	0.018	0.000607956294118142	SS18L1	c30
1.814032551846e-08	1.50831938586331	0.034	0.007	0.00061122012801899	RHOBTB2	c30
1.83234184957281e-08	0.134698393964201	0.115	0.045	0.000617389262795063	ATMIN	c30
1.87403028572778e-08	1.00962582908149	0.028	0.005	0.000631435764473119	TMOD1	c30
1.88392195752233e-08	1.57850996321762	0.025	0.004	0.000634768664367573	FBXO15	c30
1.89047927230472e-08	0.113575910890611	0.769	0.425	0.000636978086010353	PAPOLA	c30
1.89569104398001e-08	1.69116356062704	0.025	0.004	0.000638734140358626	CH507-24F1.2	c30
1.90033628907014e-08	-0.34456343876303	0.212	0.098	0.000640299309239294	HIBADH	c30
1.91208837300742e-08	0.627481383952878	0.053	0.014	0.000644259056401121	RP11-319G6.1	c30
1.94997575883276e-08	0.775424670249715	0.037	0.008	0.00065702483218111	CHKA	c30
1.95553427414921e-08	0.259956048643772	0.925	0.665	0.000658897718331835	FUS	c30
1.97957656048982e-08	-0.182247930335202	0.377	0.195	0.000666998526291441	MICAL1	c30
1.99525853578382e-08	-0.271565368869589	0.433	0.223	0.000672282411046999	PKN1	c30
1.99864993255978e-08	0.45401038113833	0.056	0.016	0.000673425108276692	MFSD13A	c30
2.01260244243374e-08	1.94553928126976	0.022	0.003	0.000678126266953625	MFSD2A	c30
2.05138330876872e-08	0.38233973869014	0.084	0.029	0.000691193092056534	NPEPL1	c30
2.07238296063769e-08	2.45315601109114	0.016	0.002	0.000698268714757264	SHC4	c30
2.07828035969903e-08	1.66725717801363	0.028	0.005	0.00070025578439699	SHISA4	c30
2.07990308682244e-08	2.53095345896299	0.016	0.002	0.000700802546073951	SPATA13-AS1	c30
2.09936240571716e-08	1.97936491605083	0.016	0.002	0.000707359168982342	SH2D4A	c30
2.11528333912238e-08	1.09638554328777	0.04	0.009	0.000712723568283895	DBH-AS1	c30
2.11571341361309e-08	1.63724337687474	0.016	0.002	0.000712868477582794	KB-1732A1.1	c30
2.11626049356373e-08	2.56227167277914	0.019	0.002	0.000713052810701362	RP11-753H16.3	c30
2.12532634152542e-08	-0.178155654339616	0.315	0.16	0.000716107457513575	NGLY1	c30
2.15647128739478e-08	0.224335775735625	0.112	0.044	0.000726601435574797	RFNG	c30
2.1594163011356e-08	-0.379502199642884	0.14	0.058	0.000727593728504629	ERC1	c30
2.1595511388485e-08	-0.157432292451898	0.445	0.233	0.000727639160723615	THUMPD1	c30
2.16022561060114e-08	0.356175765833076	0.072	0.023	0.000727866417235948	TAF13	c30
2.17920848590654e-08	-0.101905495425517	0.548	0.291	0.000734262507241351	STARD3	c30
2.18155990304852e-08	0.500982059024667	0.059	0.017	0.000735054793733168	DPY19L3	c30
2.18492344068819e-08	0.321862674902705	0.065	0.02	0.000736188104105479	CHRNA6	c30
2.2079557189383e-08	0.672803293947524	0.037	0.008	0.00074394859993907	NPHP4	c30
2.21044493315435e-08	1.57018478148583	0.019	0.002	0.000744787315777026	ADGRF3	c30
2.21118759076789e-08	1.13988045184604	0.028	0.005	0.000745037546833331	CTD-2054N24.2	c30
2.2660373555991e-08	0.71861368240499	0.034	0.007	0.000763518626595561	ZNF670-ZNF695	c30
2.32963732866075e-08	1.26151319816691	0.047	0.012	0.000784948001518955	OTOF	c30
2.34595403636022e-08	-0.276558451239766	0.249	0.121	0.000790445753011212	TRAK2	c30
2.34671071606738e-08	0.254878536628516	0.084	0.029	0.000790700708671742	TRAF3IP2-AS1	c30
2.35669395315693e-08	-0.128822907312348	0.505	0.267	0.000794064460576697	ZFAND6	c30
2.37662665221236e-08	0.117893992905128	0.14	0.059	0.000800780584196431	TARBP1	c30
2.40661312518515e-08	-0.159763437488022	0.433	0.226	0.000810884226399884	ZNF148	c30
2.4811773385797e-08	-1.33566515687247	0.785	0.692	0.000836007892461043	DUSP2	c30
2.51485904315555e-08	-0.29713878376853	0.209	0.098	0.000847356606000832	ATP9B	c30
2.5345992184606e-08	-0.11266047800863	0.283	0.142	0.000854007860668116	TBC1D20	c30
2.54205914537564e-08	0.800175983940024	0.053	0.014	0.000856521408442867	TSIX	c30
2.57501533237826e-08	-0.124212629890353	0.315	0.161	0.00086762566609153	DRAM2	c30
2.58902901571334e-08	-0.169370344598073	0.187	0.086	0.000872347436554452	AHSA2	c30
2.62071776818628e-08	0.284875575605589	0.059	0.017	0.000883024644812686	CCDC122	c30
2.63793261836777e-08	0.649833877869823	0.05	0.013	0.000888825016432837	IQCH-AS1	c30
2.64191692391849e-08	1.20581113130676	0.252	0.129	0.000890167488345095	XCL2	c30
2.66353507096785e-08	0.235337679643767	0.1	0.037	0.000897451506811909	WDR25	c30
2.67191302468858e-08	-4.87761441404786	0.009	0.103	0.000900274374538569	LINC00402	c30
2.69038283919449e-08	-0.153666442683298	0.315	0.161	0.000906497593838192	ST6GALNAC6	c30
2.69233572777018e-08	-0.190770852987427	0.24	0.117	0.000907155600114884	KIAA1468	c30
2.72156278737747e-08	0.726496912566504	0.065	0.02	0.000917003365578966	IRS2	c30
2.72926194325779e-08	0.532401129162379	0.05	0.013	0.000919597519161281	ST7	c30
2.7309227845463e-08	-0.152222534084562	0.411	0.215	0.000920157123025029	HDAC7	c30
2.753560172059e-08	0.174294442638808	0.109	0.042	0.000927784564373558	SCFD2	c30
2.80011132867082e-08	-0.159808365253673	0.414	0.218	0.000943469511082346	SEC31A	c30
2.82399083210756e-08	0.152676003901682	0.093	0.034	0.000951515470970321	MTX3	c30
2.86634904915193e-08	0.640821941829552	0.062	0.019	0.000965787648621252	HIC2	c30
2.87339973900265e-08	0.663896267258834	0.062	0.019	0.000968163308059553	RP13-942N8.1	c30
2.89190511522809e-08	1.08636716802581	0.037	0.008	0.000974398509524954	RP11-74J13.8	c30
2.9037775071305e-08	1.62646104796544	0.019	0.003	0.000978398793252551	JAM2	c30
2.96335062768061e-08	2.69751451588617	0.016	0.002	0.000998471360490705	DMRT2	c30
2.97935191681894e-08	0.248296024006413	0.791	0.488	0.00100386283485297	LPXN	c30
3.00438351815217e-08	-0.147926586956475	0.202	0.095	0.00101229698260619	PSEN1	c30
3.00608444150233e-08	0.974404541648977	0.028	0.005	0.00101287009171979	RP11-390F4.3	c30
3.00892444890329e-08	0.991879543198678	0.237	0.129	0.00101382700381348	CTSL	c30
3.01950128119614e-08	2.42665475670091	0.016	0.002	0.00101739076168623	MEX3B	c30
3.0425579286866e-08	2.22098231742752	0.016	0.002	0.00102515946849166	UBXN10	c30
3.04407950753796e-08	0.284895986208769	0.09	0.032	0.00102567214926984	BMPR1A	c30
3.04638388802357e-08	0.288277586099091	0.053	0.015	0.00102644858723066	SSX2IP	c30
3.10927666022237e-08	1.1472753848233	0.031	0.006	0.00104763967789532	KLF4	c30
3.13646753724041e-08	0.676152043876827	0.065	0.02	0.00105680137199778	CASZ1	c30
3.15259324022808e-08	-0.336956607363432	0.221	0.105	0.00106223476636245	ARFIP2	c30
3.15723531222417e-08	-0.15306247956767	0.165	0.074	0.00106379886610081	CEP170	c30
3.15916420224138e-08	0.783587951208692	0.044	0.011	0.00106444878630321	RP11-2B6.2	c30
3.17261880211861e-08	0.968904276537343	0.031	0.006	0.00106898217918584	LRRC63	c30
3.17532331121934e-08	-0.216954734610053	0.209	0.099	0.00106989343648224	ELMSAN1	c30
3.20502536545238e-08	-0.169335429560297	0.146	0.063	0.00107990124663553	EDC3	c30
3.21065377634558e-08	0.356926688832191	0.125	0.051	0.00108179768340188	MTSS1	c30
3.24957883098265e-08	0.432822699185444	0.084	0.029	0.0010949130913113	ZBTB6	c30
3.25233601367474e-08	0.167208518565721	0.072	0.023	0.00109584209644757	MAFK	c30
3.25977599059968e-08	0.826146915946279	0.084	0.03	0.00109834892227266	ARHGEF12	c30
3.27004529635918e-08	0.382244678033676	0.087	0.031	0.00110180906215526	ALG9	c30
3.31156004744389e-08	0.699158568985327	0.04	0.01	0.00111579704238575	RP11-12G12.7	c30
3.32745079544744e-08	0.766638130645074	0.037	0.008	0.00112115127101806	ASPHD2	c30
3.35929585449245e-08	-0.322877794482548	0.265	0.13	0.00113188114521269	MBD1	c30
3.37724594753069e-08	-0.181576447797116	0.346	0.178	0.00113792924956099	EXOC7	c30
3.39018972693727e-08	0.488784218885479	0.047	0.012	0.00114229052659425	ATP9A	c30
3.42229434199546e-08	1.14580904909696	0.034	0.007	0.00115310785559195	LSM11	c30
3.58477835913944e-08	0.950135185108465	0.059	0.018	0.00120785522032844	EPAS1	c30
3.59625233383302e-08	0.249287596576909	0.065	0.02	0.0012117212613617	ENTPD5	c30
3.60489671743669e-08	-0.102996802917066	0.159	0.07	0.00121463389997312	SARM1	c30
3.66058233035335e-08	-0.213523878385654	0.262	0.13	0.00123339661038926	ZNF880	c30
3.7157601079869e-08	-0.315312824926188	0.243	0.118	0.00125198821078511	FAM69A	c30
3.7158950375284e-08	-0.248124262921558	0.146	0.063	0.00125203367394482	C5orf63	c30
3.73502367778055e-08	0.203189401733987	0.078	0.026	0.00125847887799138	FAM216A	c30
3.75096918174436e-08	0.106628005368773	0.103	0.039	0.00126385155609694	GBA2	c30
3.76294324106543e-08	-0.143557037884976	0.383	0.202	0.00126788609564458	PDE7A	c30
3.80562844863968e-08	-0.144922322839109	0.237	0.116	0.00128226844948465	PCNXL4	c30
3.81071863476579e-08	1.52123811313601	0.019	0.003	0.00128398353679798	PIGZ	c30
3.81073845425534e-08	0.263111580754527	0.907	0.638	0.00128399021477679	FKBP8	c30
3.81522401774953e-08	-0.249037877300963	0.408	0.211	0.00128550158054053	UBE2G2	c30
3.83989240158623e-08	2.22737209583717	0.012	0.001	0.00129381334579046	H2BFS	c30
3.84458813216576e-08	2.48801713974703	0.012	0.001	0.00129539552525193	MERTK	c30
3.84693808521953e-08	2.17693911956921	0.012	0.001	0.00129618731843387	SRRM2-AS1	c30
3.90951815574771e-08	0.203995734369156	0.075	0.025	0.00131727304739763	RP11-634H22.1	c30
3.94386199737548e-08	-0.251702592024284	0.196	0.091	0.0013288448613957	TBCK	c30
3.95995870222544e-08	1.27826512148003	0.031	0.006	0.00133426848512784	SMN1	c30
3.96281881308332e-08	-0.114396790916953	0.156	0.069	0.00133523217088029	NPIPB5	c30
3.98458595633031e-08	1.20467290639846	0.025	0.004	0.00134256639212593	ERBB2	c30
4.0705124696405e-08	0.123446206120506	0.093	0.034	0.00137151847152067	MICAL3	c30
4.09486321693829e-08	-0.340165229752796	0.227	0.109	0.00137972321231519	HPS4	c30
4.31165576087526e-08	2.1829778454489	0.016	0.002	0.00145276929206931	KCNQ3	c30
4.3365844349759e-08	0.149161575412282	0.125	0.051	0.00146116875952078	UBE2D4	c30
4.361938055195e-08	-0.16787299329649	0.215	0.103	0.0014697114083174	POLR2M	c30
4.39798156323172e-08	0.908006200334793	0.059	0.018	0.0014818559079153	GTPBP2	c30
4.40447810992098e-08	-0.216408620569014	0.159	0.07	0.00148404485435677	C16orf58	c30
4.43225504590569e-08	0.314943993790911	0.131	0.055	0.00149340401516746	LINC01003	c30
4.60346607838767e-08	0.129352845961388	0.788	0.456	0.00155109186045194	PSTPIP1	c30
4.62174257058576e-08	-0.408820442302979	0.187	0.086	0.00155724994173316	AGTPBP1	c30
4.63969404747996e-08	0.758819449996711	0.056	0.016	0.0015632985123579	SLC27A1	c30
4.65937323345104e-08	-0.227669159238505	0.162	0.072	0.00156992921727899	RUBCN	c30
4.75452748199207e-08	1.07673062559747	0.025	0.004	0.00160199048978241	BCAR3	c30
4.79707846766027e-08	0.796616776212914	0.025	0.004	0.00161632761889345	RP11-77P6.2	c30
4.82687894453084e-08	-0.235148129650905	0.199	0.094	0.00162636859157022	MRI1	c30
4.95403184777819e-08	1.69276966177364	0.019	0.003	0.00166921149079038	CDKL2	c30
4.98072249090684e-08	0.541837845921013	0.087	0.031	0.00167820463608615	AC007383.3	c30
5.01035816818103e-08	-0.253629161094019	0.393	0.205	0.00168819008118692	LONP2	c30
5.03544250733233e-08	-0.102860432088802	0.199	0.094	0.00169664199842056	DPH1	c30
5.04785354996927e-08	0.692899960493532	0.062	0.019	0.00170082377512665	KANK3	c30
5.1385054276397e-08	-0.1984909879371	0.545	0.286	0.00173136801878892	SERINC3	c30
5.1394420892256e-08	-0.120491198408441	0.474	0.258	0.00173168361754367	CHD3	c30
5.19681364324924e-08	-0.2866912769253	0.255	0.126	0.0017510143889564	SLC25A26	c30
5.20760143227522e-08	-0.946596746061066	0.692	0.62	0.00175464922659081	AHNAK	c30
5.23194472217912e-08	0.428298730872023	0.087	0.031	0.00176285145469103	RP11-245D16.4	c30
5.33930192075305e-08	-0.226696096389586	0.296	0.151	0.00179902438917853	ARCN1	c30
5.40566838267816e-08	0.292957662076681	0.474	0.29	0.00182138590485958	CD4	c30
5.45135314327858e-08	1.55383433246438	0.025	0.004	0.00183677892809628	LINC00672	c30
5.47165338210877e-08	-0.23207258176663	0.202	0.096	0.00184361889056773	ZNF600	c30
5.49558264033347e-08	0.209359369999937	0.1	0.038	0.00185168161483396	TECPR2	c30
5.55236666994239e-08	-0.174255787360866	0.502	0.265	0.00187081442577039	ERICH1	c30
5.55745071645932e-08	0.67561926419736	0.037	0.009	0.0018725274444038	RP11-393I2.4	c30
5.56765325183717e-08	1.2895369167121	0.025	0.004	0.00187596508667402	AC108488.4	c30
5.58550844765988e-08	0.306691813347434	0.075	0.025	0.00188198121635452	CCZ1B	c30
5.61951992419182e-08	0.25535691863085	0.065	0.021	0.00189344104325719	ABHD17B	c30
5.6388182676967e-08	-0.241761413251721	0.184	0.085	0.00189994342711773	AUH	c30
5.66756234224609e-08	-0.14530601608176	0.181	0.083	0.0019096284555964	FBXO38	c30
5.67869133997308e-08	0.189895846637469	0.1	0.038	0.00191337826009053	MYO6	c30
5.71021963511958e-08	-0.208135522397316	0.414	0.219	0.00192400140385719	CDK12	c30
5.72376331316572e-08	0.106240833292544	0.103	0.04	0.00192856481073806	ALKBH8	c30
5.73663453553217e-08	0.18519956078669	0.084	0.03	0.00193290164040221	ZNF316	c30
5.81585550450986e-08	0.421122139225353	0.062	0.019	0.00195959435368955	CDYL2	c30
5.85298722778348e-08	-0.175062610384207	0.433	0.229	0.00197210551652936	CPNE3	c30
6.02194045249362e-08	-0.161057939346739	0.199	0.095	0.0020290326160632	CORO2A	c30
6.03448408931651e-08	-0.322501836243626	0.424	0.224	0.00203325906905431	ATP2B1	c30
6.06697531631275e-08	2.35933912043795	0.016	0.002	0.00204420666307842	RP4-545L17.11	c30
6.07672527706095e-08	0.951648294733819	0.034	0.007	0.00204749181485292	NRSN2-AS1	c30
6.08681102107404e-08	-0.183557696628731	0.43	0.226	0.00205089010544069	ELF2	c30
6.09962137546714e-08	2.1454972489636	0.016	0.002	0.0020552064262499	HLA-DQA2	c30
6.09985418676142e-08	-0.1957774827918	0.421	0.222	0.00205528486968739	HERC1	c30
6.19858404340668e-08	1.6396306513324	0.016	0.002	0.00208855090758545	RAB23	c30
6.21670238066388e-08	-0.128699570398076	0.159	0.071	0.00209465570014089	MTF1	c30
6.27378821007409e-08	0.123699865551701	0.773	0.47	0.00211389019950236	ITGA4	c30
6.33480435025357e-08	2.00185782056383	0.019	0.003	0.00213444897777444	CELSR2	c30
6.37707083084492e-08	-0.16752214799032	0.517	0.274	0.00214869024574489	CENPC	c30
6.45953570978444e-08	-0.189923784513697	0.283	0.144	0.00217647596205477	MFSD1	c30
6.46088432232264e-08	0.239814706318754	0.118	0.049	0.00217693036356339	ABCD2	c30
6.46809982346825e-08	0.200307135040742	0.075	0.025	0.00217936155451939	ZSWIM3	c30
6.52824500442743e-08	-0.263618195691598	0.196	0.092	0.00219962687179178	C21orf2	c30
6.54004279753775e-08	0.300081821756645	0.075	0.025	0.00220360202020237	TIGD7	c30
6.56416660163174e-08	0.182604421899328	0.813	0.48	0.0022117302947538	MEAF6	c30
6.5907747952984e-08	-0.288233674405732	0.502	0.262	0.00222069565952784	SPG7	c30
6.59969512664271e-08	-0.305810211372099	0.265	0.132	0.00222370127597099	RBM48	c30
6.64697365208314e-08	1.23223488910758	0.025	0.004	0.00223963130233289	ARL11	c30
6.65338873839885e-08	0.469923223180086	0.056	0.016	0.00224179280151611	ZNF337-AS1	c30
6.68153329626482e-08	1.03965589644481	0.025	0.004	0.00225127582884347	RP11-192H23.4	c30
6.7190448856613e-08	-0.102292370802978	0.29	0.15	0.00226391498377472	FAM46C	c30
6.73741190638574e-08	-0.176425173167879	0.255	0.128	0.00227010356773761	CASC4	c30
6.81131882824552e-08	-0.165246576122658	0.262	0.132	0.00229500576598905	ZNF581	c30
6.88430273710926e-08	0.124881391211838	0.106	0.041	0.00231959696424159	TBC1D22B	c30
6.9977440791269e-08	-0.174956084408639	0.218	0.106	0.00235781989002102	MXD4	c30
7.12179715991467e-08	-0.148383108975675	0.168	0.077	0.00239961833506165	UBE3B	c30
7.17408792545632e-08	-0.158592756954609	0.131	0.055	0.00241723718560325	ARMC7	c30
7.19491880134654e-08	0.787194886390183	0.037	0.009	0.0024242559409257	MIR497HG	c30
7.2165629044139e-08	0.852608695023807	0.044	0.011	0.00243154870501322	DICER1-AS1	c30
7.24238971869471e-08	-0.164572848719277	0.333	0.175	0.00244025079181699	STX16	c30
7.3656950713325e-08	0.235284784513949	0.084	0.03	0.00248179729733477	VEGFB	c30
7.40180015403603e-08	-0.103677450296758	0.34	0.18	0.0024939625439009	CHD9	c30
7.41480947573045e-08	-0.263660639896222	0.15	0.066	0.00249834590475262	SLC35E3	c30
7.42958391268219e-08	1.25646721301952	0.022	0.003	0.00250332400353914	RP11-262H14.4	c30
7.46900153858287e-08	-0.261160102905352	0.511	0.272	0.00251660537841011	RANBP2	c30
7.50226788304337e-08	0.938146318557782	0.022	0.003	0.00252781414051263	FAAH	c30
7.50660138421281e-08	0.124213258134362	0.717	0.413	0.00252927427039666	ANXA7	c30
7.60514494347191e-08	-0.237858160955835	0.221	0.108	0.00256247753725343	SCAF8	c30
7.71820090280694e-08	-0.107874484129587	0.153	0.068	0.00260057061219177	ARL15	c30
7.74608303647354e-08	-0.229998114727956	0.28	0.142	0.0026099652183094	DYM	c30
7.80937308713817e-08	-0.372926665729916	0.33	0.168	0.00263129016798034	PEPD	c30
7.81795778778667e-08	0.230035271387683	0.96	0.662	0.00263418269701684	C11orf58	c30
7.83525851295368e-08	0.214660750343927	0.069	0.022	0.00264001200335461	ZNF341	c30
7.84006106656071e-08	-0.301371264550466	0.227	0.111	0.00264163017576697	CLASP2	c30
7.91651119117322e-08	0.485564127576257	0.05	0.014	0.0026673892807539	RP11-286N22.8	c30
7.95648861361646e-08	0.594192152034306	0.044	0.011	0.00268085927347193	G0S2	c30
8.01429963383053e-08	-0.112424676052429	0.165	0.075	0.00270033811862286	TNK2	c30
8.17304056034704e-08	0.234927005366338	0.081	0.028	0.00275382428640333	CACTIN	c30
8.20864582644792e-08	0.25515065034031	0.097	0.037	0.00276582112476336	CEP83	c30
8.21389434710204e-08	-0.181181678709007	0.134	0.057	0.00276758956131256	TMEM120B	c30
8.32273639098819e-08	-0.218781705763885	0.433	0.228	0.00280426279957956	SUPT5H	c30
8.44620869189048e-08	-0.306478734204694	0.386	0.201	0.00284586555664558	GMPR2	c30
8.48709910207436e-08	0.832193749162963	0.044	0.011	0.00285964317145293	HIRA	c30
8.51407308295048e-08	0.132828285328429	0.134	0.058	0.00286873178456934	PPP1R9B	c30
8.62680052854334e-08	1.65567119414095	0.016	0.002	0.00290671417008739	FOXN3-AS1	c30
8.65707767080436e-08	0.261609403083789	0.081	0.029	0.00291691575040082	UTP14C	c30
8.66652371756547e-08	-0.886380717025116	0.598	0.621	0.00292009850139651	ANXA1	c30
8.67143080179022e-08	0.195843922299459	0.069	0.022	0.0029217518943552	ZKSCAN5	c30
8.69964434803529e-08	1.39916831132305	0.04	0.01	0.00293125816662701	L1CAM	c30
8.70289525103911e-08	0.849459557504277	0.034	0.008	0.00293235352588512	RP11-867G23.8	c30
8.8630395394231e-08	-0.14152325929427	0.218	0.107	0.00298631254241322	MANBA	c30
8.87766763316898e-08	-0.206646266734814	0.165	0.075	0.00299124133231996	CHM	c30
8.95277406915648e-08	0.556217346815619	0.028	0.005	0.00301654769486158	CCL22	c30
8.97164266692488e-08	-0.287939633203156	0.308	0.159	0.00302290528019367	CTD-2336O2.1	c30
8.9722517263143e-08	-0.281092245060298	0.174	0.08	0.00302311049666434	RAB3IP	c30
9.01099944154748e-08	0.154782624386018	0.794	0.47	0.00303616615183501	GRB2	c30
9.03443222125363e-08	0.584185164613871	0.069	0.022	0.0030440615926292	ZNF628	c30
9.0437490244313e-08	1.52026062018038	0.028	0.005	0.00304720079629188	SEC24B-AS1	c30
9.17737530761914e-08	-0.350544846764892	0.215	0.103	0.00309222483614919	KIAA0391	c30
9.25337195032421e-08	-0.330821329204192	0.212	0.102	0.00311783114494224	CCDC71	c30
9.29887459158538e-08	-0.121764622438117	0.087	0.032	0.00313316280488878	AC159540.1	c30
9.35913826957286e-08	-0.212322979742727	0.283	0.144	0.00315346804854988	LIPA	c30
9.47499799922668e-08	0.561720368998086	0.069	0.023	0.00319250582585944	ZSCAN29	c30
9.48680991118317e-08	-0.312997260722839	0.293	0.149	0.00319648573147406	ZNF75A	c30
9.56082693005104e-08	0.752719580979775	0.075	0.026	0.0032214250258114	RP11-87F15.2	c30
9.69151757884432e-08	-0.197517054743567	0.302	0.155	0.0032654599330158	DALRD3	c30
9.80426729096851e-08	-0.215162161131417	0.14	0.061	0.00330344982101893	GNPDA2	c30
9.84301618002573e-08	-0.154114589485142	0.511	0.276	0.00331650587169787	KRCC1	c30
9.8730776100116e-08	-0.327987476923049	0.283	0.144	0.00332663476991731	KIAA0040	c30
9.90885775616476e-08	0.154994193865762	0.078	0.027	0.00333869053236215	ZNF614	c30
9.98045747412734e-08	0.204413912545753	0.134	0.058	0.00336281534133246	RNF185	c30
1.00721956530852e-07	2.54525300219343	0.012	0.001	0.00339372560335052	AC069277.2	c30
1.01071852032002e-07	2.36981806525193	0.012	0.001	0.00340551498236629	RP4-536B24.4	c30
1.02125890443528e-07	1.7524030482355	0.025	0.004	0.00344102975260423	TCF4	c30
1.04143239979623e-07	0.214505103569687	0.978	0.755	0.00350900232787341	GUK1	c30
1.04347524988246e-07	-0.363762473022337	0.274	0.139	0.00351588550695395	ARID2	c30
1.06418017153974e-07	0.252221155747939	0.153	0.07	0.00358564866998601	EPHB6	c30
1.06666392986443e-07	-0.326708700797283	0.131	0.055	0.00359401744528519	MFN1	c30
1.08379550336334e-07	-0.280052492354075	0.486	0.258	0.00365174056903244	STT3B	c30
1.09036106067705e-07	-0.145295702929746	0.371	0.197	0.00367386255784524	NCOA7	c30
1.09734362277837e-07	-0.190511112545343	0.128	0.054	0.00369738960258945	ZNF808	c30
1.11225311295054e-07	-0.235196809165938	0.212	0.103	0.00374762563877556	KRBOX4	c30
1.11368667871637e-07	0.644292685663185	0.05	0.014	0.00375245589526695	ACACB	c30
1.11617226618551e-07	-0.19785008011098	0.199	0.095	0.00376083083368546	ANKRD13C	c30
1.12358469898741e-07	-0.296128699648394	0.237	0.117	0.00378580628476819	POR	c30
1.12517330150951e-07	-0.302685722916107	0.193	0.091	0.00379115892210614	SNAPC3	c30
1.13191983246825e-07	0.334507314162102	0.093	0.035	0.00381389068351853	BZRAP1	c30
1.14197873852424e-07	-0.27677879089517	0.206	0.099	0.00384778316158357	C7orf26	c30
1.15748953036081e-07	-0.176809638205296	0.15	0.066	0.00390004522359773	EIF1AD	c30
1.16843860734718e-07	0.215373703055	0.947	0.672	0.00393693704359558	C19orf53	c30
1.17034775278281e-07	0.290543154821359	0.047	0.013	0.00394336971822639	CTTNBP2NL	c30
1.17345342506635e-07	-0.223878323380747	0.156	0.07	0.00395383397041856	TRIM41	c30
1.1786819044351e-07	0.111364705825425	0.791	0.451	0.00397145080880364	APH1A	c30
1.19029536766018e-07	2.04118417160245	0.016	0.002	0.0040105812117942	HHEX	c30
1.19933585457251e-07	0.35806237574101	0.078	0.027	0.0040410422283966	RP11-792A8.4	c30
1.20062856301937e-07	0.246023916438548	0.956	0.695	0.00404539788023746	GYPC	c30
1.2123028640728e-07	-0.134771310044008	0.601	0.322	0.00408473327020688	SNRNP200	c30
1.24083533444659e-07	0.147834029776103	0.044	0.011	0.00418087057588433	HIST2H3D	c30
1.24980977078651e-07	0.134120063031564	0.626	0.358	0.00421110904168808	ATP6AP2	c30
1.25068192771518e-07	-0.159582513091768	0.131	0.056	0.00421404768724353	RAB4B	c30
1.26375042213902e-07	0.51579572202269	0.047	0.013	0.00425808067235522	LTB4R	c30
1.26416253070214e-07	1.45535681169553	0.025	0.004	0.00425946923094778	LL0XNC01-116E7.2	c30
1.26965448989342e-07	-0.456114748594874	0.218	0.106	0.0042779738382469	METTL4	c30
1.27461538179143e-07	-0.116709240490463	1	1	0.00429468906740804	B2M	c30
1.31114589629442e-07	1.43578403119955	0.134	0.064	0.00441777498297441	TRBV9	c30
1.31193512871774e-07	2.18788684926372	0.019	0.003	0.00442043422270156	FAM167A	c30
1.32928232529062e-07	2.06330103095402	0.019	0.003	0.00447888386683421	KDM4D	c30
1.33605800818668e-07	0.608038988091859	0.034	0.008	0.0045017138527842	TREX1	c30
1.3504200926425e-07	-0.109917970667501	0.212	0.104	0.00455010546014965	SP4	c30
1.36424356381622e-07	0.406500797474852	0.081	0.029	0.00459668226392236	ZNF180	c30
1.36573050818769e-07	1.04069414220266	0.019	0.003	0.00460169237428762	CUZD1	c30
1.37014798883178e-07	0.240469775417322	0.053	0.015	0.00461657663356981	ZNF837	c30
1.40328951086856e-07	0.218741940727743	0.065	0.021	0.00472824367792054	CCBL1	c30
1.40704356721734e-07	-0.392427761497189	0.237	0.117	0.00474089259538212	PDK3	c30
1.40945068198746e-07	0.206452468418052	0.097	0.037	0.00474900312788853	HCFC2	c30
1.41336641333161e-07	-0.168222367460814	0.349	0.187	0.00476219679307953	F2R	c30
1.41768417414484e-07	-0.120082653206928	0.592	0.318	0.00477674505636361	DHPS	c30
1.42468566773835e-07	1.28961990556284	0.162	0.08	0.0048003358888776	IL2RA	c30
1.44066299069067e-07	-0.251064671202415	0.218	0.107	0.00485416988083314	ENTPD4	c30
1.45055120423211e-07	-0.219880561779774	0.181	0.085	0.00488748722753968	RNF2	c30
1.4552014035232e-07	-0.38587116179513	0.96	0.836	0.00490315560903107	GSTK1	c30
1.45699600709429e-07	-0.231378785226263	0.106	0.042	0.0049092023463035	STK11	c30
1.47359342802982e-07	0.23794578583131	0.059	0.018	0.00496512569640369	ZBTB5	c30
1.50299911543643e-07	1.01064144530408	0.037	0.009	0.00506420521955151	CD68	c30
1.50827886523449e-07	-0.307124420535943	0.349	0.182	0.00508199480852108	DCAF8	c30
1.52835957447854e-07	0.272277580646612	0.093	0.036	0.005149654750248	RRP12	c30
1.53645048306468e-07	-0.570945002536675	0.85	0.705	0.00517691625763813	DDX24	c30
1.54365932685465e-07	-0.115583690623088	0.171	0.08	0.00520120573590407	FAM222B	c30
1.54580436731563e-07	0.465422155608297	0.069	0.023	0.00520843323523327	RP11-488L18.10	c30
1.54825588792457e-07	0.998392704092559	0.034	0.008	0.00521669338877306	STXBP1	c30
1.55262882020164e-07	2.8812013444789	0.012	0.001	0.0052314275467874	RP11-290D2.3	c30
1.55521255886676e-07	-0.165355585222543	0.271	0.14	0.00524013319584565	WWP2	c30
1.56051151337149e-07	-0.153104943596214	0.212	0.104	0.0052579874931539	CRYL1	c30
1.57728977025941e-07	2.1535024566427	0.012	0.001	0.00531452015191207	EFNA5	c30
1.58205482851937e-07	-0.190051384899598	0.19	0.091	0.00533057553921315	ATR	c30
1.58704646185254e-07	-0.122804576388025	0.084	0.031	0.00534739434856594	ANO10	c30
1.59857792441176e-07	1.01457761642068	0.037	0.009	0.00538624845851297	KIF27	c30
1.61127002209015e-07	-0.223453196201871	0.321	0.168	0.00542901321243056	CCNL2	c30
1.61242798802383e-07	2.21117274628736	0.016	0.002	0.0054329148628475	LINC01521	c30
1.61689503467739e-07	1.75372016481996	0.016	0.002	0.00544796612984201	SCN8A	c30
1.62600140044828e-07	0.302029626326178	0.047	0.013	0.00547864911867043	GPAM	c30
1.64283538973623e-07	0.150010480855307	0.785	0.459	0.00553536956217724	M6PR	c30
1.64510115145305e-07	0.915219234723383	0.05	0.014	0.00554300381970592	FPGT	c30
1.65075645236622e-07	-0.214188190290669	0.371	0.197	0.00556205879060274	GPATCH8	c30
1.65392211240987e-07	-0.222716982540315	0.24	0.12	0.00557272516555381	TBC1D17	c30
1.6601120065895e-07	-0.307265679270105	0.255	0.136	0.00559358139500265	TNF	c30
1.67612401871844e-07	1.94619159110633	0.019	0.003	0.00564753226866991	P4HA2	c30
1.69355965306912e-07	0.854142838185425	0.04	0.01	0.00570627989505108	RP11-46C24.7	c30
1.70783170546006e-07	0.747303164236413	0.037	0.009	0.00575436814837713	LRRC27	c30
1.71538678635755e-07	1.23237502514267	0.019	0.003	0.00577982423795315	GTSE1-AS1	c30
1.72111557701092e-07	-0.171496650672319	0.097	0.037	0.00579912682518058	SPATA2	c30
1.72700434196151e-07	0.12389587666027	0.751	0.441	0.0058189684298051	ARHGAP9	c30
1.7444419888517e-07	-0.391820546140379	0.324	0.169	0.00587772283723692	CCDC66	c30
1.75863073497947e-07	-0.192595223461364	0.364	0.195	0.00592553039843984	RPS6KA3	c30
1.76286120858076e-07	0.309411173065608	0.963	0.701	0.00593978455619203	ITGB2	c30
1.7693108976752e-07	-0.272183424734466	0.224	0.111	0.00596151613862682	ARID1B	c30
1.80771788645862e-07	0.170736241201064	0.788	0.467	0.00609092464663369	BIN1	c30
1.81320152106002e-07	-0.355225982240267	0.224	0.111	0.00610940120505964	CASK	c30
1.8190408703286e-07	-0.178714203085014	0.181	0.086	0.0061290763084852	NUS1	c30
1.82210119328592e-07	-2.89383765149364	0.04	0.138	0.00613938776065757	PTGER2	c30
1.84961538625147e-07	-0.168816915863304	0.296	0.154	0.0062320940824357	ZNF91	c30
1.85373534895874e-07	-0.167418979200969	0.477	0.262	0.00624597588478159	UPP1	c30
1.85458086539175e-07	0.759041961751715	0.053	0.016	0.00624882476785097	CTD-2023M8.1	c30
1.86235712823619e-07	-0.212837641376158	0.215	0.105	0.00627502610787903	KLHL20	c30
1.88374724234142e-07	-0.154074905209099	0.452	0.243	0.00634709795834517	DPM3	c30
1.89358221754751e-07	-0.382396150842355	0.333	0.174	0.00638023592380458	DCP1A	c30
1.90100626017974e-07	-0.317116453408093	0.349	0.184	0.0064052504930496	UBR4	c30
1.91932617065757e-07	-0.169507509830107	0.156	0.071	0.00646697759941362	ZNF586	c30
1.92293182238219e-07	-0.437164982877471	0.34	0.178	0.00647912648233455	CHMP1B	c30
1.92338976348359e-07	0.247428326455001	0.072	0.025	0.00648066946908162	H1F0	c30
1.95125095696339e-07	0.611887878862881	0.05	0.014	0.00657454497439245	TTL	c30
1.96844454863618e-07	0.208128613473002	0.981	0.847	0.00663247706217475	EDF1	c30
1.97122175177215e-07	0.221746291884297	0.1	0.039	0.00664183457042109	RP11-977G19.11	c30
1.99704056932514e-07	0.670016724523758	0.056	0.017	0.00672882849428414	SLC25A28	c30
2.00341804208933e-07	0.180211004677699	0.09	0.034	0.0067503167510158	FOCAD	c30
2.02692537308632e-07	0.271359313174522	0.112	0.047	0.00682952235207704	DUSP5	c30
2.06373844843135e-07	0.583329441865822	0.037	0.009	0.0069535603281446	AP1S3	c30
2.09934637335073e-07	0.864543026206023	0.028	0.006	0.00707353767036793	RP11-656D10.3	c30
2.10424334644165e-07	-0.191014624629793	0.396	0.213	0.0070900375315005	ASCC2	c30
2.14061833143253e-07	-0.350357542198445	0.246	0.124	0.00721259940592878	TRMT10B	c30
2.14551472788351e-07	2.38259341119816	0.016	0.002	0.00722909732413069	RP11-680A11.5	c30
2.15783018514667e-07	-0.191837454324649	0.118	0.05	0.0072705930258332	INPP5B	c30
2.17765195469165e-07	-0.144220703858814	0.109	0.044	0.00733738049613804	EID3	c30
2.17809652199092e-07	0.630408736683461	0.034	0.008	0.00733887842119622	ERCC6-PGBD3	c30
2.19835650733645e-07	0.375761712460547	0.106	0.044	0.00740714241581945	PTPN13	c30
2.20660578898567e-07	1.64855601437367	0.016	0.002	0.00743493754540833	CTC-543D15.8	c30
2.23968560653177e-07	0.38180820848491	0.069	0.023	0.00754639668264816	ABCD1	c30
2.26052263232066e-07	1.52494295318134	0.025	0.005	0.00761660495734124	LRFN4	c30
2.27046541647112e-07	-0.221369033414962	0.153	0.069	0.00765010617425781	ZNF420	c30
2.27681223825812e-07	0.165624745891259	0.05	0.014	0.00767149115558692	HIST1H4A	c30
2.30422174414769e-07	-0.257910483613744	0.252	0.128	0.00776384474473122	TRAPPC2	c30
2.31233915886613e-07	0.41127230123619	0.05	0.014	0.00779119556188353	ZNF793	c30
2.32779040465658e-07	1.30742010627979	0.025	0.005	0.00784325698944987	DYRK3	c30
2.33122188488057e-07	-0.126853765171172	0.106	0.043	0.00785481901891658	SDHAF4	c30
2.34807938564964e-07	0.10711420918995	0.146	0.067	0.00791161868200789	RBSN	c30
2.35156965287251e-07	0.181486054071184	0.938	0.601	0.00792337878838862	TRAC	c30
2.35514729955351e-07	-0.244776455214653	0.324	0.17	0.00793543331111561	INPP5K	c30
2.36021289853836e-07	-0.225611980630817	0.545	0.292	0.00795250134033515	RNF115	c30
2.38167648321406e-07	-0.365825224112413	0.315	0.164	0.00802482074254145	P4HTM	c30
2.40095713569427e-07	2.33607582867856	0.012	0.001	0.00808978497300826	SH2D1B	c30
2.40848290734152e-07	-0.349127568167977	0.212	0.104	0.00811514230799654	VPS53	c30
2.40886654189042e-07	2.56062367054549	0.012	0.001	0.00811643492624558	COPZ2	c30
2.41415345763229e-07	2.05055290046805	0.012	0.001	0.00813424866014622	CRLF2	c30
2.41649627286025e-07	0.444098941268813	0.056	0.017	0.00814214254177532	ZNF213	c30
2.43046400365332e-07	0.141890809775471	0.788	0.477	0.00818920541390949	FMNL1	c30
2.45989451079953e-07	-2.13843950397034	0.118	0.221	0.00828836856468792	MAL	c30
2.46190907312283e-07	0.143337999452907	0.04	0.01	0.00829515643098007	ANK1	c30
2.53347712261074e-07	0.528583692501606	0.044	0.012	0.00853629781692464	NOS3	c30
2.53970947427251e-07	-0.222783785050372	0.349	0.187	0.00855729710261379	CCPG1	c30
2.56089333353781e-07	0.49174191632853	0.056	0.017	0.00862867399802228	USP30	c30
2.57802731294184e-07	-0.287105931525321	0.38	0.201	0.00868640522822623	CHMP2B	c30
2.61847413469072e-07	1.30837794479066	0.031	0.007	0.00882268674942691	ATP13A4	c30
2.65554897371036e-07	0.46893781031657	0.05	0.014	0.00894760671201969	ZNF799	c30
2.67791413868352e-07	1.14857467771237	0.028	0.006	0.00902296389888026	C12orf60	c30
2.6780373392919e-07	-0.251512342322003	0.15	0.068	0.00902337901101013	HEMK1	c30
2.69459850499594e-07	-0.348574051693655	0.249	0.127	0.00907918020273332	KIAA0319L	c30
2.72889821495174e-07	-0.237087258877343	0.349	0.185	0.0091947496454584	ZFC3H1	c30
2.78162196370103e-07	-1.04960542301757	0.645	0.552	0.00937239704449424	ITK	c30
2.78780624502582e-07	0.618711694115222	0.031	0.007	0.00939323436198999	SFTPB	c30
2.80009982378107e-07	-0.113187454411169	0.118	0.05	0.00943465634624792	TIMM23B	c30
2.80689965735746e-07	-0.351633769671217	0.953	0.91	0.00945756770550022	LIMD2	c30
2.81794771458555e-07	0.411248755162628	0.04	0.01	0.00949479302952454	GAS8	c30
2.83723980290964e-07	0.238969511286247	0.093	0.036	0.00955979579192375	SLC9A6	c30
2.91030246407791e-07	-0.211548067225952	0.178	0.085	0.0098059731224641	MAVS	c30
2.91851251620151e-07	-0.246270234314243	0.299	0.157	0.00983363607208938	KDM5C	c30
2.91927185055676e-07	-3.41846965608905	0.034	0.128	0.00983619457326594	IGLV2-14	c30
2.92289545611616e-07	-0.178424220467849	0.417	0.226	0.00984840394983779	B4GALT3	c30
2.94861125021504e-07	-0.267013771982504	0.227	0.114	0.00993505074647457	MGA	c30
3.02071158055428e-07	0.234171627684069	0.047	0.013	0.0101779855995196	CENPBD1	c30
3.02243284290472e-07	0.960720942076366	0.028	0.006	0.0101837852208832	UBTD2	c30
3.06025317041723e-07	-0.263064230017653	0.277	0.144	0.0103112170324038	SEL1L	c30
3.07338084058149e-07	-0.163104607366598	0.162	0.075	0.0103554494042553	KBTBD2	c30
3.10578004473672e-07	0.616352648385892	0.047	0.013	0.0104646152827359	RP11-244H3.4	c30
3.11089336182882e-07	1.45722787219882	0.025	0.005	0.010481844093346	CTD-2012K14.6	c30
3.13898839966166e-07	-0.19109299306066	0.109	0.045	0.01057650751382	ZNF641	c30
3.26636480983101e-07	-1.38490277176985	0.396	0.419	0.0110056895902446	FAM102A	c30
3.28803835460552e-07	-1.32103537257058	0.498	0.476	0.0110787164320078	TGFBR2	c30
3.3090879018419e-07	0.669164535350543	0.044	0.012	0.0111496407764661	POC1B-GALNT4	c30
3.32387207767714e-07	0.180082297347748	0.093	0.037	0.0111994545785254	LRRC2	c30
3.38881130858334e-07	-0.295350776537558	0.277	0.144	0.0114182608231407	ATF2	c30
3.3913822935547e-07	0.475819712443324	0.059	0.019	0.0114269234999032	PDP2	c30
3.39183653996735e-07	-0.236206384432214	0.296	0.156	0.011428454037766	CCDC186	c30
3.40337626711665e-07	0.608134033554471	0.053	0.016	0.0114673359944228	JHDM1D-AS1	c30
3.40674633700804e-07	-0.1657006805581	0.505	0.275	0.0114786911079149	IRAK4	c30
3.41995782885025e-07	0.275264789755195	0.047	0.013	0.011523205908528	FBXO41	c30
3.42973364825809e-07	-0.296549523577856	0.411	0.222	0.0115561445544408	FOXN2	c30
3.43850930067772e-07	-0.338182699581111	0.358	0.19	0.0115857132377035	SLC35C2	c30
3.44912442558969e-07	-0.235744202562467	0.206	0.101	0.0116214798395819	CCBL2	c30
3.46174128500242e-07	0.262062411230007	0.065	0.022	0.0116639910856872	EXOC3-AS1	c30
3.4804591941946e-07	-0.174940823679817	0.576	0.314	0.0117270592089193	TES	c30
3.49999032670808e-07	-0.418771750119769	0.199	0.097	0.0117928674068102	CES2	c30
3.52738489524818e-07	-0.336101800883898	0.218	0.109	0.0118851706660492	ZNF821	c30
3.5796052753907e-07	-0.107140620003556	0.159	0.074	0.0120611220149014	PDPR	c30
3.5960591079628e-07	2.47601739184762	0.012	0.001	0.0121165615583699	SAMD11	c30
3.60006787533145e-07	-0.163816309922811	0.134	0.059	0.0121300686991418	NPRL3	c30
3.61205278218892e-07	0.376177938583748	0.093	0.037	0.0121704506443074	ZNF606	c30
3.61911139068776e-07	-0.318695916078366	0.193	0.094	0.0121942339197833	RAB39B	c30
3.62708734393877e-07	1.22484382417279	0.025	0.005	0.0122211080966673	HECW2	c30
3.64051409898782e-07	2.27668365689097	0.012	0.001	0.0122663482051296	TMEM86A	c30
3.64643621015953e-07	-0.255057836751802	0.178	0.085	0.0122863021665115	EIF2B4	c30
3.65165651166562e-07	-0.162792435043725	0.442	0.24	0.0123038914504061	TMEM259	c30
3.69482860081166e-07	0.181830629111532	0.097	0.038	0.0124493554875748	BMPR2	c30
3.72959580210438e-07	-0.219492979608233	0.442	0.24	0.0125665000956105	FRYL	c30
3.73488314565297e-07	-0.32208714043239	0.146	0.066	0.0125843152709631	ZADH2	c30
3.75725583439276e-07	-0.270303761158051	0.162	0.076	0.012659697808403	PAQR8	c30
3.76614171481921e-07	0.312202147472141	0.078	0.028	0.0126896378939118	RALGPS1	c30
3.78147921741516e-07	0.100074877191893	0.221	0.114	0.0127413160751586	LGALS3BP	c30
3.78305280505652e-07	0.183398577677565	0.922	0.615	0.0127466181213574	MTDH	c30
3.81337227397932e-07	1.12787564369941	0.044	0.012	0.0128487765399459	TMCC2	c30
3.83652093471286e-07	0.300892421196423	0.919	0.678	0.0129267736374215	C9orf142	c30
3.85939428357568e-07	-1.73426851801988	0.252	0.328	0.0130038430990799	AIM1	c30
3.88826411012125e-07	0.216109272312337	0.187	0.093	0.0131011170926426	UBASH3B	c30
3.89114412864837e-07	0.397810620534474	0.078	0.028	0.0131108210270678	PIGA	c30
3.92691811291966e-07	-0.24810557808949	0.174	0.083	0.0132313578896715	ZMIZ2	c30
3.95699820164058e-07	-0.268877612423077	0.165	0.077	0.0133327097406078	TMEM161A	c30
3.97986693908213e-07	-0.139091397985773	0.178	0.086	0.0134097636645433	TRMT2B	c30
3.99023624920845e-07	0.230536020035577	0.059	0.019	0.0134447020180829	ZNF77	c30
3.99664427318224e-07	-0.348981329738154	0.355	0.188	0.0134662932140602	ATXN7L3B	c30
4.05506001325183e-07	-0.260070188654217	0.128	0.056	0.0136631192086507	RPS6KC1	c30
4.06097239078284e-07	-0.149068337217982	0.15	0.069	0.0136830403735037	GPR89B	c30
4.07165888653353e-07	1.04605328287623	0.031	0.007	0.0137190474522861	RP11-420N3.2	c30
4.11594409626251e-07	-0.237102630840881	0.464	0.251	0.0138682620379469	MRPL10	c30
4.14105603994646e-07	-0.29777442644449	0.271	0.14	0.0139528742209956	SCRN2	c30
4.17672203688688e-07	0.580483565344585	0.047	0.013	0.0140730472310867	NCEH1	c30
4.31548469976696e-07	0.274326574931124	0.062	0.021	0.0145405941473948	KBTBD6	c30
4.32264753592802e-07	-0.196722991990159	0.321	0.174	0.0145647286075559	TRG-AS1	c30
4.38431887664345e-07	1.92414809995593	0.022	0.004	0.0147725240229624	THBS1	c30
4.41841074427931e-07	0.684414933014954	0.056	0.018	0.0148873931617747	MTMR8	c30
4.45103327768616e-07	-0.316452505175878	0.209	0.104	0.0149973115258358	TMEM57	c30
4.4918235574721e-07	-0.157054533731228	0.128	0.056	0.0151347502945465	IKBKAP	c30
4.55199018894155e-07	0.484847123723649	0.09	0.036	0.0153374757426196	LFNG	c30
4.55542410538325e-07	0.175880605694756	0.072	0.025	0.0153490459806783	C2CD2L	c30
4.56387035713649e-07	-0.294915192210906	0.361	0.194	0.0153775047813357	RBM33	c30
4.58121278331451e-07	0.297838703768343	0.072	0.025	0.0154359383520999	LIG4	c30
4.65742812161027e-07	0.625473390469248	0.031	0.007	0.0156927383129536	NRAV	c30
4.6586183519239e-07	1.16459333065089	0.022	0.004	0.0156967486749724	CTC-490E21.14	c30
4.69287181431263e-07	0.219075131066256	0.059	0.019	0.015812162291145	RP11-66N11.8	c30
4.70045063679491e-07	0.575803133857518	0.031	0.007	0.0158376983756168	CTD-2256P15.2	c30
4.71709828441916e-07	-0.185804530769482	0.436	0.24	0.0158937909595219	INPP5D	c30
4.81561610948027e-07	0.554311117130405	0.053	0.016	0.0162257369192828	DKFZP434I0714	c30
4.86117981603948e-07	-2.76860701130491	0.062	0.157	0.0163792592721634	SPINT2	c30
4.895059518063e-07	-1.29840703580806	0.508	0.478	0.0164934135401615	CCNH	c30
4.92215163191608e-07	2.7243972685586	0.016	0.002	0.016584697708578	SYCE1	c30
4.95826125922863e-07	0.442782651797887	0.056	0.018	0.016706365486845	DMTN	c30
4.99746261085427e-07	-0.133878475430193	0.206	0.103	0.0168384505210124	WDR26	c30
5.02248456039237e-07	0.737467108033502	0.034	0.008	0.016922759477786	RP11-431M7.3	c30
5.11435644739512e-07	-0.334450860840802	0.38	0.203	0.0172323126138531	EFCAB14	c30
5.13242342128895e-07	1.30212433637442	0.019	0.003	0.017293187475691	RP11-114F3.4	c30
5.13797560886454e-07	0.164698357235091	0.097	0.039	0.0173118950165082	TCEB3-AS1	c30
5.16255419750602e-07	1.47735746899937	0.016	0.002	0.0173947101130768	CNIH2	c30
5.19261158402791e-07	0.688051807368804	0.044	0.012	0.0174959854712237	ARHGEF5	c30
5.31427065912205e-07	0.186494090358219	0.988	0.906	0.0179059035588458	MYL12B	c30
5.32232176986412e-07	-1.30736709173761	0.38	0.411	0.0179330309713802	LINC-PINT	c30
5.34703474188161e-07	-0.295703467321147	0.237	0.121	0.0180162988592959	SP2	c30
5.35803097196378e-07	2.23953519479326	0.012	0.001	0.0180533495569348	SPESP1	c30
5.37479972414525e-07	1.67700906803765	0.012	0.001	0.018109850190535	CD24	c30
5.38661202626426e-07	1.31280084127023	0.028	0.006	0.0181496505612948	CTD-2165H16.4	c30
5.39908382038881e-07	1.4764129537864	0.025	0.005	0.0181916730244181	CTA-384D8.35	c30
5.44086503872139e-07	-0.124018125264002	0.165	0.079	0.0183324506614678	CEPT1	c30
5.44522702388463e-07	0.302329033200156	0.072	0.026	0.0183471479342769	LDLR	c30
5.51604276945497e-07	0.41789625341275	0.069	0.024	0.0185857545074016	LINC00265	c30
5.53128730823276e-07	0.509887547581088	0.056	0.018	0.0186371194563595	IER5L	c30
5.5869469685997e-07	-0.2681878525037	0.103	0.042	0.0188246591159998	ZNF445	c30
5.61906892009841e-07	-0.218529240846758	0.374	0.206	0.0189328908193796	SERTAD1	c30
5.62119801804788e-07	-2.3571550895712	0.143	0.237	0.0189400646020105	SESN1	c30
5.65646190321562e-07	-0.151108077204405	0.118	0.051	0.0190588827366947	SCPEP1	c30
5.68949167775818e-07	-0.207159123533435	0.383	0.21	0.0191701732590384	DIDO1	c30
5.70454266065018e-07	-0.145618477862624	0.542	0.292	0.0192208860407947	EIF2A	c30
5.76849699530684e-07	-0.116755776521247	0.526	0.295	0.0194363737759869	CD46	c30
5.93014913532439e-07	-0.485046245523934	0.916	0.755	0.019981044496562	SERP1	c30
5.98838400824112e-07	-0.373580580135806	0.293	0.154	0.0201772610773676	ZNF33A	c30
6.03930597190634e-07	-2.89635932418116	0.053	0.144	0.0203488375417412	BEX2	c30
6.07751432520592e-07	0.473403303297793	0.062	0.021	0.0204775767673488	MLF1	c30
6.10122291547005e-07	-0.12123190559923	0.103	0.042	0.0205574604913848	ZNF557	c30
6.23732995161458e-07	-0.234389784950243	0.187	0.092	0.0210160595389702	SCAMP1	c30
6.29704131560588e-07	1.13188151088568	0.019	0.003	0.0212172510088025	CTD-2649C14.3	c30
6.35720336772352e-07	-0.493173761990575	0.184	0.089	0.0214199610272076	DXO	c30
6.39619034234302e-07	0.752033181111458	0.037	0.01	0.0215513237394906	LYN	c30
6.41777238340961e-07	1.18797136285585	0.022	0.004	0.0216240422686604	RP11-458F8.4	c30
6.46158434909623e-07	-0.221007591514533	0.461	0.254	0.0217716623058448	XRN1	c30
6.53632732487365e-07	-0.252024493324958	0.28	0.148	0.0220235012884293	CREBL2	c30
6.56616856903903e-07	-0.317047147885753	0.302	0.16	0.0221240483765201	MON2	c30
6.5775333198707e-07	0.300991669241347	0.081	0.031	0.0221623407679723	HIST1H4F	c30
6.58576386111298e-07	-1.85951806383905	0.218	0.294	0.0221900727536341	MGAT4A	c30
6.60365076024606e-07	2.00397629143766	0.016	0.002	0.0222503408715731	LINC00881	c30
6.67715276737337e-07	0.583914830416298	0.034	0.008	0.0224979985343878	RP11-466F5.8	c30
6.74048346269507e-07	-0.41974120346086	0.246	0.126	0.0227113849792048	REPS1	c30
6.76336583657407e-07	-0.204092643437445	0.523	0.283	0.0227884848497527	OXLD1	c30
6.80190281381505e-07	0.365132659236299	0.137	0.064	0.0229183313408684	IL12RB2	c30
6.81852513864923e-07	-0.349148740917589	0.271	0.142	0.0229743386021647	NFATC1	c30
6.82459134264087e-07	-2.09278856634734	0.1	0.197	0.0229947780698941	RASGRP2	c30
6.87944724240642e-07	-0.449336712123188	0.234	0.119	0.0231796095385642	STIM2	c30
7.01966410217678e-07	-0.155270431381693	0.103	0.042	0.0236520562258744	RETSAT	c30
7.07499049410193e-07	-0.409889825004797	0.224	0.114	0.023838472970827	APPBP2	c30
7.11742872039177e-07	0.506705588322753	0.028	0.006	0.023981464330488	SYNJ2BP-COX16	c30
7.17556631182596e-07	0.738522417467347	0.025	0.005	0.0241773531310664	RP4-549L20.3	c30
7.18122680480491e-07	-0.504711730382351	0.875	0.729	0.0241964255961097	ACAP1	c30
7.2443993306535e-07	-0.332072131326051	0.178	0.086	0.0244092791047039	FAM195A	c30
7.27524969570141e-07	-0.38239028866614	0.321	0.17	0.0245132263246963	UBQLN2	c30
7.33648495595552e-07	-0.170599768095019	0.187	0.093	0.0247195524105965	HTT	c30
7.40742107690105e-07	0.409320685922514	0.04	0.011	0.0249585645765104	ST20-AS1	c30
7.44015408217732e-07	0.926268372751456	0.053	0.017	0.0250688551644883	RP11-313P13.5	c30
7.49531834804773e-07	-0.112925753125539	0.67	0.395	0.025254725641912	MT1X	c30
7.56176540429059e-07	0.615390148035761	0.05	0.015	0.0254786123532167	ELMO3	c30
7.62822519456979e-07	0.203132761146032	0.056	0.018	0.0257025419705834	ATP11A	c30
7.65790963359928e-07	-0.124343880370377	0.564	0.308	0.0258025607194494	ARL2BP	c30
7.72881352664002e-07	2.46704626834354	0.012	0.001	0.0260414642966609	RP11-521B24.3	c30
7.77069843094794e-07	-0.139420228288604	0.657	0.362	0.026182591293236	CYFIP2	c30
7.81966601164885e-07	1.85077403372888	0.012	0.001	0.0263475826596496	RP11-686G8.2	c30
7.82377788723206e-07	0.136933103551121	0.087	0.034	0.0263614372132397	ESRRA	c30
7.83802464360698e-07	-0.453009459874662	0.153	0.071	0.0264094402341694	COQ10A	c30
7.85861033920208e-07	-0.279959945771389	0.215	0.109	0.0264788016769075	MYNN	c30
7.93082638128059e-07	-0.14748068865337	0.109	0.046	0.0267221264090868	SRP14-AS1	c30
8.10605692348561e-07	-0.190688876912734	0.573	0.309	0.0273125481979924	VPS51	c30
8.10786429839874e-07	-0.115038771063061	0.181	0.089	0.0273186379670247	HNRNPH2	c30
8.12279022259436e-07	-0.281257143894222	0.184	0.09	0.0273689293760094	MED23	c30
8.28593929593749e-07	0.88621750885864	0.025	0.005	0.0279186438637318	RP11-154J22.1	c30
8.33048700868153e-07	-0.253481867161903	0.109	0.046	0.0280687429270516	C2orf42	c30
8.43431889280344e-07	-0.289782284847556	0.199	0.099	0.0284185940774119	TMEM129	c30
8.44609621876491e-07	-0.316608225624389	0.427	0.233	0.0284582765995065	SETX	c30
8.45888119421214e-07	0.758744826448977	0.053	0.017	0.0285013542957784	NFYC-AS1	c30
8.46856714882008e-07	0.460210855319169	0.106	0.045	0.0285339901512344	HIPK2	c30
8.50001672639732e-07	-0.237350531290874	0.424	0.234	0.0286399563579231	RAB29	c30
8.5559914565143e-07	0.360003049701374	0.047	0.014	0.0288285576135793	ZBTB26	c30
8.6292432754013e-07	0.157609041694799	0.826	0.512	0.0290753722921371	OTUB1	c30
8.88141814714688e-07	0.600311508525957	0.05	0.015	0.0299250503049967	PVRL3	c30
9.11475406587988e-07	0.242810186872503	0.075	0.028	0.0307112523495757	MIER3	c30
9.20479086139254e-07	-0.38515067290259	0.137	0.062	0.031014622328376	SMAD4	c30
9.23756644725715e-07	0.402289477835686	0.04	0.011	0.0311250563873882	ZNF829	c30
9.27381109887729e-07	-0.406483534425185	0.29	0.153	0.0312471791165571	MBTPS1	c30
9.30660296109213e-07	1.13054594294834	0.019	0.003	0.0313576680171038	BRWD1-AS2	c30
9.32964615291025e-07	1.10050002819947	0.019	0.003	0.0314353097476158	SH3BGR	c30
9.33387428670663e-07	0.469797232772605	0.078	0.029	0.0314495560216293	RP11-110G21.1	c30
9.3940143019864e-07	-0.112201481785258	0.171	0.084	0.031652191789113	FRMD4B	c30
9.47619433550016e-07	0.10454730931569	0.072	0.026	0.0319290891940342	RP11-15H20.7	c30
9.59614499530691e-07	-0.384530615406133	0.374	0.2	0.0323332509471871	ARL14EP	c30
9.6284345210462e-07	-0.38205729055781	0.153	0.072	0.0324420472752131	ASH1L-AS1	c30
9.63751474714527e-07	-0.147535725866523	0.321	0.176	0.0324726421890313	MPRIP	c30
9.64454446648326e-07	-0.134896768324166	0.53	0.295	0.0324963281253687	DHX36	c30
9.75396218455548e-07	0.111173575096291	0.115	0.05	0.0328650001846412	ZNF26	c30
9.76979964549077e-07	0.124295797545588	0.801	0.488	0.0329183629255166	RAP1A	c30
9.82050683847788e-07	-0.338935844052506	0.368	0.198	0.0330892157415674	ATAD1	c30
9.86389230848314e-07	0.228066085171938	0.863	0.568	0.0332353987442031	SNX3	c30
9.93226497908191e-07	-0.294106510952813	0.215	0.109	0.0334657736205186	HSD17B8	c30
1.00151417561261e-06	0.354554884588695	0.062	0.021	0.0337450186330912	UTS2	c30
1.00300465597388e-06	1.49818262768138	0.028	0.006	0.0337952388783839	SLCO5A1	c30
1.00589106067314e-06	-0.203584441786436	0.255	0.134	0.0338924933983207	UBA7	c30
1.00612513366978e-06	-0.300533685463076	0.187	0.093	0.0339003802538695	GPR18	c30
1.01656891014649e-06	-0.349918688407374	0.224	0.114	0.0342522728584757	GTPBP10	c30
1.01898884308219e-06	0.150500402279778	0.078	0.029	0.0343338100788112	KDM1B	c30
1.03095138451964e-06	-0.174839799139486	0.159	0.076	0.0347368759500049	FAM160B2	c30
1.03853203158356e-06	-0.433330219431845	0.308	0.164	0.0349922982721764	LPGAT1	c30
1.03978616849434e-06	-0.170940164736523	0.118	0.052	0.0350345551612482	LINC00094	c30
1.04837318587134e-06	-0.26592886169622	0.293	0.157	0.035323886124749	STX4	c30
1.0518526957967e-06	-0.101835866874248	0.09	0.036	0.0354411247321741	MFAP3	c30
1.05451713951158e-06	-0.474839400636128	0.199	0.099	0.0355309004987031	PCGF1	c30
1.05699444569467e-06	-0.169415758821232	0.196	0.099	0.0356143708532361	ARAP1	c30
1.09176047380718e-06	-0.206095818521312	0.112	0.048	0.0367857774044592	AP1AR	c30
1.0972280372195e-06	-0.298679972941467	0.271	0.144	0.0369700014860737	SDCCAG8	c30
1.11241821571916e-06	1.73350625368591	0.016	0.002	0.0374818193604414	KLHL23	c30
1.11492848811744e-06	1.90769118609533	0.012	0.001	0.0375664004786291	RP11-257K9.8	c30
1.12107457247872e-06	-1.37175538951369	0.436	0.431	0.037773486645098	ATM	c30
1.1229605973123e-06	-0.841251228241012	0.679	0.579	0.0378370343658408	PDCD4	c30
1.13893056776655e-06	-0.253502478369561	0.171	0.083	0.0383751265503261	GNL3L	c30
1.13935565363913e-06	-0.153315280750725	0.131	0.059	0.0383894493937167	ZNF260	c30
1.15183839800486e-06	-0.201394683779359	0.492	0.276	0.0388100429823758	RELB	c30
1.16955457852794e-06	1.74320092542277	0.022	0.004	0.0394069719689204	PROC	c30
1.18006394384568e-06	-0.430301102716955	0.212	0.107	0.0397610745239364	ULK3	c30
1.18689667683938e-06	0.23155543797063	0.087	0.035	0.039991296629426	KLF7	c30
1.20886094642366e-06	1.03387926616289	0.025	0.005	0.0407313607287989	PIK3CD-AS2	c30
1.22344615024946e-06	0.661139304139741	0.028	0.006	0.0412227945865052	RP11-324I22.4	c30
1.22645974594701e-06	-0.120329977800483	0.548	0.308	0.0413243346799386	S1PR4	c30
1.2456559162761e-06	-0.269392198136572	0.137	0.063	0.0419711304430068	UBA6-AS1	c30
1.27122107817178e-06	0.116737977919607	0.819	0.496	0.0428325230079201	EMD	c30
1.27242177030655e-06	-2.88001887431839	0.087	0.177	0.0428729791287089	CTB-133G6.1	c30
1.27864812510877e-06	-0.316784220478415	0.358	0.194	0.0430827699274149	ALG13	c30
1.28645598897654e-06	-0.283083994727842	0.433	0.238	0.0433458480925754	RBM6	c30
1.29208950484473e-06	-0.338428073308703	0.371	0.203	0.0435356637762382	CRTC3	c30
1.30473170984607e-06	0.647650773965647	0.047	0.014	0.0439616302315533	FAM66B	c30
1.30497241681204e-06	-0.127678166653209	0.417	0.234	0.043969740612065	FAM60A	c30
1.30727082743519e-06	0.118714004085463	0.078	0.03	0.0440471832596013	ZNF446	c30
1.30762086065902e-06	1.16906747451869	0.031	0.007	0.0440589772790449	FSD1L	c30
1.32012089576643e-06	-0.449864896515082	0.184	0.091	0.044480153461954	TAMM41	c30
1.32713553833899e-06	-0.30592701441944	0.165	0.08	0.044716504828794	WDR59	c30
1.32809929279694e-06	0.2706247549144	0.997	0.888	0.0447489775715002	CD2	c30
1.33729749597739e-06	0.245502025760582	0.081	0.031	0.0450589018294622	ZCCHC4	c30
1.35885786678309e-06	-0.237503328965922	0.243	0.128	0.0457853569633896	MBD6	c30
1.36134433200297e-06	0.729129237159239	0.028	0.006	0.045869135922508	RP11-191G24.1	c30
1.37762387670181e-06	-0.324440168752253	0.371	0.201	0.0464176589015908	CCDC130	c30
1.3814900265249e-06	-1.15961021690136	0.539	0.491	0.0465479249537298	IL10RA	c30
1.40128109190017e-06	-0.219007377401287	0.09	0.036	0.0472147651104843	CENPV	c30
1.40948112345664e-06	-0.159365307644381	0.106	0.045	0.0474910569737481	AREL1	c30
1.43351245380953e-06	1.46876300612211	0.016	0.002	0.0483007686186582	RP3-441A12.1	c30
1.43701972125198e-06	-0.407027316455672	0.293	0.157	0.0484189424878643	DDX58	c30
1.45813113312416e-06	0.363311094725196	0.075	0.028	0.0491302703994854	PIK3AP1	c30
1.45836490980324e-06	-0.350736863782145	0.268	0.142	0.0491381472709103	VAMP4	c30
1.4739420106575e-06	-0.150776010567319	0.193	0.098	0.0496630021070938	COQ6	c30
1.49790566252993e-06	0.206391665997792	0.056	0.018	0.0504704333932836	RAB3D	c30
1.49863628076281e-06	-0.130161931848382	0.299	0.164	0.0504950508440222	KDM5B	c30
1.50016172123649e-06	-0.366258038441452	0.274	0.145	0.0505464490353424	RINL	c30
1.5166961871903e-06	-0.212599047456931	0.57	0.316	0.0511035613311899	MED15	c30
1.53249786602112e-06	-1.61004051169565	0.287	0.354	0.0516359830977156	FOSB	c30
1.53702112598039e-06	0.31129208703493	0.037	0.01	0.0517883898187832	HIST1H4J	c30
1.53892091560761e-06	2.62481906960853	0.012	0.002	0.0518524013304828	RP11-485G7.5	c30
1.53989894219454e-06	-0.239106066233408	0.302	0.163	0.051885354958303	ZFYVE27	c30
1.55304907885041e-06	-0.195057512613436	0.097	0.04	0.0523284356627859	SLC10A7	c30
1.55993779976556e-06	2.03428571698809	0.012	0.002	0.0525605442253007	KIR3DX1	c30
1.60324842916489e-06	-0.22181464775597	0.134	0.062	0.0540198525722819	NBPF12	c30
1.62114023011221e-06	0.620336352714213	0.044	0.013	0.0546226989134008	SBF2-AS1	c30
1.62409937916942e-06	0.818685154529581	0.031	0.007	0.0547224044817343	ZNF772	c30
1.63555360365537e-06	1.04147290518711	0.019	0.003	0.0551083431215642	CALML4	c30
1.65104127871922e-06	-0.255842911176935	0.246	0.13	0.0556301848451655	ZBED5	c30
1.65196656407111e-06	0.758187680791085	0.044	0.013	0.0556613614098119	PWP2	c30
1.67442523857783e-06	-0.122902000810832	0.112	0.049	0.0564180839886413	ZNF174	c30
1.74034716143443e-06	0.110737793830816	0.065	0.023	0.0586392572573717	AC145110.1	c30
1.76424687785763e-06	-0.121120397112945	0.461	0.257	0.059444534302535	TMEM147	c30
1.76784123877358e-06	-0.150609506530361	0.548	0.31	0.0595656426992369	SMG1	c30
1.77162585110705e-06	-0.241500356573977	0.464	0.256	0.059693161427201	ATP6AP1	c30
1.78821088982897e-06	-0.110396502190791	0.065	0.023	0.0602519777218973	ASTN2	c30
1.79378609809403e-06	0.713377380280347	0.056	0.019	0.0604398287891801	METRNL	c30
1.81923358366161e-06	-0.210546863305418	0.112	0.049	0.0612972563678942	ZNF253	c30
1.82180892415033e-06	-0.101523473235938	0.109	0.047	0.0613840298903214	NCOA6	c30
1.83237451142129e-06	0.235549646596675	0.05	0.016	0.0617400267878289	FLJ21408	c30
1.85857302386636e-06	-0.125786765261399	0.165	0.081	0.0626227594661533	ANKMY1	c30
1.86223415482828e-06	-0.348580152612147	0.118	0.053	0.062746117612784	SCARB2	c30
1.86788834050979e-06	-0.270870729918285	0.265	0.142	0.0629366297451369	C14orf159	c30
1.95618215735783e-06	-0.280424303884413	0.321	0.175	0.0659116016100147	IFNAR1	c30
1.96278307764696e-06	-0.226505573279507	0.162	0.079	0.0661340130182366	ZNF460	c30
1.96385284083309e-06	-0.318566709711903	0.29	0.156	0.06617005761903	NFX1	c30
1.96536746601404e-06	-1.70757350581589	0.243	0.309	0.0662210913998772	GIMAP1	c30
2.00220963975983e-06	-0.438210168586202	0.178	0.088	0.0674624516020677	TPK1	c30
2.00336703278725e-06	0.589207178580174	0.037	0.01	0.0675014488027336	HOMER2	c30
2.01219004620372e-06	-0.318848542557407	0.171	0.085	0.0677987314167881	DEF8	c30
2.02000596144158e-06	0.967218145686068	0.028	0.006	0.0680620808648126	SNX15	c30
2.02097708688492e-06	1.05564093846062	0.028	0.006	0.0680948019655005	RNF32	c30
2.03891469630826e-06	0.105927287719935	0.065	0.023	0.0686991917774107	FBXW8	c30
2.03954540810336e-06	0.171710283319345	0.081	0.032	0.0687204429806348	P2RX7	c30
2.04065896475767e-06	0.547946068726186	0.044	0.013	0.0687579631585451	NAGLU	c30
2.06370554974656e-06	0.231493674932732	0.059	0.02	0.0695344947931604	ALCAM	c30
2.07110481194454e-06	-0.240276417542699	0.243	0.128	0.0697838055336593	BID	c30
2.0745053114334e-06	-0.321977315049893	0.966	0.855	0.069898381963437	RPL23	c30
2.10613713576893e-06	-2.65571569534999	0.09	0.179	0.0709641846525982	C1orf162	c30
2.1187405989749e-06	-0.155581364766554	0.087	0.035	0.0713888457418603	DBT	c30
2.12812293206132e-06	-0.110684251367189	0.072	0.027	0.0717049740728739	AACS	c30
2.14270413962689e-06	-0.415382485241897	0.324	0.174	0.0721962732805885	PPIL4	c30
2.1543702475195e-06	1.09998725704191	0.022	0.004	0.072589351119922	AP001412.1	c30
2.15551224365715e-06	2.08187584292017	0.012	0.002	0.072627829537784	KCNMB3	c30
2.15653252667531e-06	2.4158445699236	0.012	0.002	0.0726622069537978	VLDLR	c30
2.16676089892989e-06	1.85384021227862	0.012	0.002	0.0730068417285436	OAF	c30
2.16778629480245e-06	2.00055708646101	0.012	0.002	0.0730413914170739	MAOB	c30
2.17109362379474e-06	0.512992841346845	0.04	0.011	0.0731528285601401	SLC4A8	c30
2.18658732841276e-06	-0.102565114523351	0.112	0.049	0.0736748734435396	TXNL4B	c30
2.18831069702411e-06	1.06795572560894	0.025	0.005	0.0737329406255305	RAB15	c30
2.21958275926092e-06	1.09924518249609	0.025	0.005	0.0747866214905374	RP11-37C7.3	c30
2.22023682872456e-06	-0.22676105747032	0.502	0.282	0.0748086597070452	CCDC69	c30
2.24774004669794e-06	0.736877148992503	0.025	0.005	0.0757353531334405	LGALS9C	c30
2.25701280578644e-06	0.237673748042506	0.059	0.02	0.0760477894781685	FAM83G	c30
2.26145125867508e-06	-0.310176720372492	0.315	0.172	0.0761973387097982	GSK3B	c30
2.26371526235384e-06	0.360405318054771	0.056	0.019	0.0762736220497504	RP4-563E14.1	c30
2.30180469083552e-06	0.426720474807166	0.053	0.017	0.0775570072530121	LBHD1	c30
2.30427327663646e-06	-0.200075271187292	0.1	0.042	0.0776401837829888	OXSM	c30
2.31190920309331e-06	-2.37785476273821	0.1	0.189	0.0778974686890261	S1PR1	c30
2.33709906953543e-06	0.876288534687429	0.019	0.003	0.0787462160489269	FAM53A	c30
2.3370990702225e-06	1.30503463056121	0.019	0.003	0.0787462160720768	RP11-809O17.1	c30
2.33780642688936e-06	-0.321228780053161	0.489	0.269	0.0787700497476101	ZNF800	c30
2.3385343135007e-06	0.508663829625876	0.065	0.024	0.0787945751590927	DMPK	c30
2.34279328456352e-06	-0.177377965616596	0.1	0.042	0.0789380769300831	CASD1	c30
2.35297537689278e-06	0.153403721667076	0.829	0.494	0.0792811523490254	RNF7	c30
2.37573507693721e-06	0.554554768071157	0.044	0.013	0.0800480176823225	HYAL2	c30
2.38471116742176e-06	-0.349003456734189	0.95	0.899	0.0803504580751087	HCST	c30
2.3869127692807e-06	-0.159981450990813	0.146	0.07	0.0804246388481439	NCK1-AS1	c30
2.39255704668621e-06	0.101676522214283	0.087	0.035	0.0806148171310451	ZNF790	c30
2.39300864622263e-06	0.231013946056047	0.062	0.022	0.0806300333258254	ZNF665	c30
2.4022290103821e-06	-0.508232195417052	0.255	0.135	0.0809407042758146	ZZZ3	c30
2.4143553475965e-06	1.48825577343347	0.022	0.004	0.0813492890819165	RAPH1	c30
2.42886559551157e-06	-0.31799818168264	0.324	0.176	0.0818381973751669	CFAP97	c30
2.43031644435972e-06	0.191124651124573	0.044	0.013	0.0818870822762564	AGAP6	c30
2.44923467449092e-06	1.03868680875447	0.078	0.031	0.0825245131222971	TRBV21-1	c30
2.51712790499041e-06	0.792643068324819	0.028	0.006	0.0848121076307469	MMACHC	c30
2.536908305322e-06	-2.28677524029617	0.171	0.252	0.0854785884395196	KLRG1	c30
2.54558875510285e-06	-0.388430992487416	0.321	0.175	0.0857710675144356	ZNF791	c30
2.56250342110073e-06	0.294915327725069	0.047	0.014	0.0863409902705682	MEOX1	c30
2.56551791858101e-06	0.340527791328791	0.059	0.02	0.0864425607486686	ZNF441	c30
2.57145383116693e-06	-0.409734657824451	0.33	0.18	0.0866425653873385	PRKAR2A	c30
2.58071850507749e-06	-0.325572270539437	0.174	0.087	0.086954729310081	DEXI	c30
2.58231635610093e-06	0.238642928424205	0.072	0.027	0.0870085673024648	TEX261	c30
2.59714879347323e-06	-0.157136297880187	0.62	0.341	0.0875083314472869	MRFAP1L1	c30
2.60573044209168e-06	-0.323697354601239	0.255	0.136	0.0877974815158372	RPRD2	c30
2.61325220622885e-06	-0.327531362978656	0.227	0.119	0.0880509198366749	PIKFYVE	c30
2.61428301738626e-06	0.183489206085539	0.059	0.02	0.0880856519878126	ZCCHC3	c30
2.64063744596535e-06	0.459802531299324	0.037	0.01	0.0889736381043566	SNX24	c30
2.64422184380168e-06	-0.177191100189124	0.153	0.074	0.0890944108050537	B4GALT4	c30
2.66112130243236e-06	0.335592357237251	0.059	0.02	0.089663821164156	ARL10	c30
2.67673391476073e-06	1.46631800502408	0.025	0.005	0.0901898725239479	CD248	c30
2.68975082510692e-06	-0.320576455245796	0.586	0.314	0.0906284643011527	RAB6A	c30
2.70346206924331e-06	0.139939663252741	0.826	0.523	0.0910904509610839	EIF3D	c30
2.73772575674812e-06	1.08114930961357	0.025	0.005	0.0922449316478712	RP11-214O1.2	c30
2.75594698823994e-06	-0.291496189081891	0.212	0.11	0.0928588778217565	ARHGAP17	c30
2.80411168027592e-06	-0.155005894213287	0.125	0.057	0.0944817389552167	LRIG2	c30
2.81184022926116e-06	-0.234802653890782	0.411	0.228	0.0947421446847256	CDC40	c30
2.82997764236277e-06	0.123090286100696	0.072	0.027	0.0953532666817713	C16orf52	c30
2.84287354245104e-06	-0.222622375865662	0.106	0.046	0.0957877811393452	ZFYVE16	c30
2.8443454708751e-06	-0.390047797855119	0.265	0.141	0.0958373762956655	DGCR2	c30
2.86125909373318e-06	1.2141403175209	0.016	0.002	0.0964072639042457	SGK494	c30
2.86213189465303e-06	0.20397012042613	0.078	0.03	0.0964366720584393	LSS	c30
2.89662075712451e-06	0.244513350596715	0.037	0.01	0.0975987397905532	RP11-297N6.4	c30
2.90440161278123e-06	1.31591771328503	0.028	0.006	0.0978609079410507	AP006222.2	c30
2.90583332412766e-06	0.390617750501912	0.056	0.019	0.0979091480231572	RWDD2A	c30
2.91950721358038e-06	0.350901335801804	0.097	0.041	0.0983698760543773	SLC39A11	c30
2.94113603368716e-06	0.720168072096665	0.044	0.013	0.0990986375190552	SCD5	c30
2.95823691034256e-06	-0.323935246351187	0.106	0.046	0.0996748344570821	BTRC	c30
2.97506055118095e-06	-0.271870743419068	0.171	0.086	0.100241690211491	AMMECR1	c30
2.99441581250574e-06	-0.138194055941857	0.128	0.059	0.100893846386568	STRADB	c30
3.01440402185529e-06	-0.152734358539038	0.109	0.048	0.101567329112392	TRIM32	c30
3.021902704843e-06	-3.19067843529559	0.025	0.102	0.10181998973698	ANK3	c30
3.04774255541605e-06	-0.202042108009473	0.134	0.063	0.102690637662188	PUS3	c30
3.06374384471143e-06	-0.137710907477921	0.084	0.034	0.103229785103707	C7orf31	c30
3.08494499773707e-06	0.359388444807565	0.075	0.029	0.103944136753753	GSDMB	c30
3.08593571984814e-06	-0.320970341027609	0.243	0.129	0.103977518144563	FMNL3	c30
3.08913077097476e-06	-0.266370371878725	0.231	0.122	0.104085172197223	INO80D	c30
3.10666155679511e-06	0.311442140815879	0.047	0.014	0.104675854494654	ANKS1A	c30
3.11671969658928e-06	-0.38091940354813	0.318	0.173	0.105014753456879	ZNF302	c30
3.15338281176543e-06	-0.184385068304253	0.523	0.294	0.106250080459624	UGP2	c30
3.16892515770693e-06	-0.376673325975352	0.324	0.177	0.106773764263777	KDM6A	c30
3.19579542045701e-06	-0.265980388638515	0.265	0.144	0.107679130896879	GBP3	c30
3.19911327218384e-06	0.124458104338095	0.075	0.029	0.107790922592962	VWA5A	c30
3.23648923222197e-06	-0.297725178859767	0.106	0.046	0.109050268190487	LINC00959	c30
3.25454217675374e-06	-0.360094432539754	0.234	0.123	0.109658544103541	MAPK8IP3	c30
3.26573682050824e-06	-0.181579786555479	0.121	0.056	0.110035736430205	ALG11	c30
3.31342389590681e-06	0.401234306897826	0.037	0.01	0.111642504748684	GSTM3	c30
3.32099433022614e-06	-0.229591251636022	0.455	0.255	0.111897582962639	FAM200B	c30
3.33261855467867e-06	1.28775482245029	0.025	0.005	0.112289249581343	FILIP1L	c30
3.33597435449298e-06	-0.284411028578633	0.33	0.183	0.112402319900286	KAT6A	c30
3.36329608793569e-06	1.529410085623	0.028	0.007	0.113322898386905	MRC1	c30
3.36678240608901e-06	-0.276769036269605	0.109	0.048	0.113440366390763	NPLOC4	c30
3.36928944223673e-06	0.364735646459037	0.034	0.009	0.113524838466724	RP11-301O19.1	c30
3.37383078903877e-06	1.17732027956627	0.031	0.008	0.113677854605872	CSF2RB	c30
3.41036909677356e-06	-0.255968214789264	0.121	0.056	0.114908976346688	CDK8	c30
3.43904121461767e-06	-2.90629261588956	0.044	0.125	0.115875054685328	DHRS3	c30
3.44794019508247e-06	-0.479730452298235	0.252	0.134	0.116174896933109	SEC24C	c30
3.46506958851151e-06	-0.238829737319749	0.386	0.218	0.116752054715307	LINC00657	c30
3.5157222226754e-06	-0.152429877744214	0.24	0.13	0.118458744570825	RP11-553L6.2	c30
3.54075811151108e-06	-0.451342691445753	0.162	0.079	0.119302303809254	PLA2G12A	c30
3.54937266878952e-06	-0.173715733183035	0.209	0.11	0.119592562702194	TMEM175	c30
3.54951495822037e-06	1.2883948395128	0.016	0.002	0.119597357002277	MFSD7	c30
3.55130494516085e-06	-0.34273685486205	0.24	0.127	0.11965766882225	KCTD13	c30
3.57306280373953e-06	-0.251254252711157	0.209	0.109	0.1203907781092	VPS13B	c30
3.6202082269354e-06	0.500753847860948	0.04	0.012	0.121979295998362	TRIM61	c30
3.65442629484012e-06	0.250701673687564	0.146	0.073	0.123132239578343	LAIR2	c30
3.68783217642079e-06	-0.161846857388678	0.184	0.094	0.124257817352322	DTNB	c30
3.68947662311276e-06	-0.285539308866704	0.299	0.165	0.124313225339161	UBR2	c30
3.70359592090384e-06	-0.265604621071621	0.187	0.095	0.124788960958934	POGLUT1	c30
3.73022174192489e-06	0.875833895975767	0.022	0.004	0.125686091372417	CELSR3	c30
3.75974791891953e-06	-0.279816652828912	0.349	0.194	0.126680946380075	LINC00667	c30
3.7907141753452e-06	-0.272677502219113	0.399	0.224	0.127724323424081	SLC4A7	c30
3.79098854504873e-06	0.426296683558944	0.04	0.012	0.127733568036872	EVA1B	c30
3.8155058459825e-06	-0.485290895265401	0.835	0.713	0.128559653974534	ISCU	c30
3.82596085907904e-06	-0.121062626442693	0.202	0.106	0.128911925185809	TSC2	c30
3.84130113762624e-06	-0.181178209281836	0.567	0.321	0.129428800531179	NIPBL	c30
3.86688573413112e-06	-0.101653231152728	0.112	0.051	0.130290847925814	ARHGAP35	c30
3.93106029814823e-06	-0.321702547745723	0.156	0.076	0.132453145685807	ZBTB48	c30
3.95646497170415e-06	-0.171480886812395	0.165	0.083	0.1333091307566	C16orf72	c30
3.96628850950752e-06	-0.133149737595178	0.324	0.182	0.133640125039346	ABCG1	c30
3.99092051831571e-06	-0.382414458319937	0.436	0.24	0.134470075944129	KLHDC2	c30
3.99145459320198e-06	-0.135496569896855	0.495	0.282	0.134488071063348	LENG8	c30
4.00094859032611e-06	-0.1495916134172	0.47	0.268	0.134807961802448	SRPK2	c30
4.00321980745388e-06	1.90676771832852	0.012	0.002	0.134884488192351	SCAMP5	c30
4.01046677844448e-06	1.9724414385614	0.012	0.002	0.135128667632908	DIRAS2	c30
4.01228048483076e-06	1.86924601072805	0.012	0.002	0.135189778655888	C20orf197	c30
4.01954317466707e-06	1.50231734770804	0.012	0.002	0.135434487727232	RP11-734I18.1	c30
4.02136081482333e-06	1.47194038223292	0.012	0.002	0.135495731294657	AP001432.14	c30
4.02499845645978e-06	1.62406350586889	0.012	0.002	0.135618297991956	RP11-65N13.8	c30
4.03139832338756e-06	0.61897764096758	0.031	0.008	0.135833935108221	RP11-338I21.1	c30
4.03839830019623e-06	0.198999010175643	0.935	0.664	0.136069792326812	MORF4L1	c30
4.05293476026803e-06	-0.306122335382605	0.153	0.075	0.136559583812471	STRBP	c30
4.09779218881632e-06	-0.130090053393295	0.707	0.401	0.138071010009977	FAM177A1	c30
4.13872327364121e-06	0.598859073401455	0.034	0.009	0.139450141982067	INO80B	c30
4.14340180652576e-06	-0.289432670003447	0.227	0.121	0.139607780469079	PRCP	c30
4.1438146584808e-06	0.155229041984978	0.069	0.026	0.139621691102852	KLHL26	c30
4.15042534456034e-06	0.800527575721452	0.031	0.008	0.139844431559616	LINC00884	c30
4.15190569747147e-06	0.299895598234804	0.05	0.016	0.139894310570604	KCTD11	c30
4.17048123251729e-06	1.43695472689975	0.022	0.004	0.140520194648437	LEAP2	c30
4.17516043312067e-06	1.50858700726891	0.022	0.004	0.140677855633568	AC009065.4	c30
4.20021639512798e-06	0.363184404904461	0.056	0.019	0.141522091217442	CTB-55O6.12	c30
4.20880480718078e-06	0.353521467746622	0.053	0.018	0.141811469173149	KIF5C	c30
4.21032782960516e-06	-0.122958359836495	0.131	0.062	0.141862785890716	MLYCD	c30
4.30881920755595e-06	0.539395970964825	0.05	0.016	0.14518135437939	RP11-644F5.11	c30
4.31174146468449e-06	1.70314944471283	0.016	0.002	0.145279816911079	LLPH-AS1	c30
4.32754861011931e-06	-0.458379659920485	0.202	0.105	0.14581242286936	SMIM8	c30
4.33390879175801e-06	-0.384690454905918	0.312	0.17	0.146026722829494	SPRYD3	c30
4.34810114291993e-06	0.259854300211427	0.065	0.024	0.146504919909544	SRRD	c30
4.35510428957117e-06	1.97164665352633	0.016	0.002	0.146740883932811	LTF	c30
4.3970607693198e-06	0.614618630272122	0.025	0.005	0.148154565561461	ZNF587B	c30
4.40668873404362e-06	-0.145539050987801	0.327	0.188	0.148478970204866	CPNE7	c30
4.43786373817172e-06	1.045648343946	0.028	0.007	0.149529380793958	LIPC	c30
4.44613803602328e-06	-0.359416848496535	0.414	0.23	0.149808174985768	BAZ2A	c30
4.45657143396882e-06	-0.353129489652152	0.212	0.112	0.150159717896146	RP11-356I2.4	c30
4.55158219516225e-06	-0.192583906392664	0.106	0.047	0.153361010483797	JAKMIP2	c30
4.55535454669615e-06	0.810534563105652	0.031	0.008	0.15348811609638	MAP10	c30
4.59511672835657e-06	0.602966854133966	0.031	0.008	0.154827863045246	CCT6B	c30
4.61198338788193e-06	0.659419526622333	0.031	0.008	0.155396168271294	RP11-517P14.2	c30
4.63209931191617e-06	-0.161510070818179	0.187	0.097	0.156073954215703	PHF21A	c30
4.68529081063788e-06	1.18923910531443	0.031	0.008	0.157866188573633	EPS8L1	c30
4.77894060407794e-06	0.112771849557274	0.075	0.029	0.161021624713802	SPOPL	c30
4.82248500196027e-06	0.188630189300535	0.093	0.04	0.162488809656049	TTPAL	c30
4.91164380161969e-06	-0.294407739294692	0.389	0.219	0.165492926251774	DIP2A	c30
4.97515837069231e-06	-0.18368044497739	0.439	0.251	0.167632986142107	USP3	c30
5.0044730956106e-06	0.150526178944743	0.841	0.509	0.168620716483504	PYURF	c30
5.00518543289463e-06	0.156362055324418	0.062	0.023	0.168644717975952	AC145124.2	c30
5.09079079386684e-06	0.426842222231444	0.05	0.016	0.171529105008549	ERICH6-AS1	c30
5.11234129259212e-06	-0.406124186780531	0.24	0.128	0.172255227512599	ZSWIM7	c30
5.22012244823263e-06	0.657643231363513	0.053	0.018	0.17588680577075	TGFBI	c30
5.23159351156846e-06	0.187088665645711	0.159	0.081	0.176273311778788	CLIC5	c30
5.26914676379938e-06	-0.118578176176992	0.115	0.053	0.177538631059456	ZNF691	c30
5.29146273091135e-06	-0.406043798686956	0.115	0.052	0.178290545255327	CEP44	c30
5.30567321925024e-06	2.18936368234175	0.012	0.002	0.178769353449418	OPLAH	c30
5.30567321925024e-06	1.9304933153554	0.012	0.002	0.178769353449418	AC087294.2	c30
5.32236438831189e-06	0.519564008844289	0.04	0.012	0.179331745699781	CTB-41I6.1	c30
5.33204373324688e-06	1.69128913933221	0.016	0.002	0.17965788154802	RP11-1149O23.4	c30
5.36230149691539e-06	1.89118784406682	0.012	0.002	0.180677386637067	RAD9B	c30
5.36989561593206e-06	0.158333628578445	0.062	0.023	0.180933262883215	PTPDC1	c30
5.37190967376707e-06	-0.169148678887235	0.15	0.074	0.181001124547908	PGAP3	c30
5.39657765466844e-06	-0.142876270473964	0.069	0.026	0.181832287496398	SNAPC4	c30
5.40258275598163e-06	0.272157781143219	0.069	0.026	0.182034623380045	SLC9A1	c30
5.43101949206106e-06	-0.198810524367398	0.561	0.314	0.182992770765505	TAOK3	c30
5.45550700550161e-06	-0.202549945205458	0.299	0.167	0.183817853043371	ZFYVE28	c30
5.59693068894874e-06	0.5258389442171	0.04	0.012	0.188582982633439	NOMO1	c30
5.60000280828093e-06	-0.443643565866507	0.215	0.113	0.188686494622218	AKAP10	c30
5.63052256023387e-06	0.116031178304758	0.084	0.035	0.18971482714452	C3AR1	c30
5.64378089928268e-06	-0.134381115045261	0.131	0.062	0.190161553620431	ARFGAP1	c30
5.64938777411153e-06	-0.16260785906791	0.165	0.084	0.190350471660914	MADD	c30
5.65331254558177e-06	-0.266455923347463	0.112	0.051	0.190482712910832	XPR1	c30
5.70516954926968e-06	0.19654675355918	0.062	0.023	0.192229982793093	KLHL11	c30
5.71929107703474e-06	-0.277704600095873	0.202	0.106	0.192705793549608	ZNF770	c30
5.79317821972922e-06	-0.249561670465031	0.09	0.038	0.195195346935556	RP11-421L21.3	c30
5.81027589986783e-06	-0.327891702126387	0.212	0.113	0.195771436170147	CCR4	c30
5.8173618962704e-06	-0.22149824979747	0.162	0.081	0.196010191732935	ZNF136	c30
5.9422717586445e-06	0.164430827220593	0.944	0.727	0.200218904635768	SPCS1	c30
6.05307923620389e-06	0.222505519419515	0.059	0.021	0.203952451784654	AP5B1	c30
6.13011614475594e-06	0.51883857036527	0.053	0.018	0.206548133381407	RP11-452L6.5	c30
6.18803166231042e-06	0.802220634246757	0.034	0.009	0.208499538829887	PTGR2	c30
6.18908026487494e-06	-0.388268780581723	0.187	0.097	0.208534870444696	ANAPC1	c30
6.31171854020556e-06	0.746341097980702	0.034	0.009	0.212667044493686	AGAP4	c30
6.36961567675765e-06	0.273405030091153	0.072	0.028	0.214617830612672	MYL5	c30
6.45111967972812e-06	-0.316525636370616	0.1	0.044	0.217364026488759	SLC43A1	c30
6.47687195023431e-06	-0.373698876327767	0.411	0.229	0.218231723491195	PLD3	c30
6.49957422185687e-06	-0.387738131968848	0.196	0.103	0.218996653831245	TSC22D2	c30
6.56712530374704e-06	-0.354915655122662	0.439	0.244	0.221272719984453	LETMD1	c30
6.5731823048489e-06	-0.363384464146924	0.178	0.091	0.221476804579579	MLXIP	c30
6.58987364601823e-06	1.157191568734	0.016	0.003	0.222039202628938	FAM124B	c30
6.64369664421366e-06	-0.431434686673042	0.919	0.8	0.223852714730135	STK17A	c30
6.6654672151621e-06	0.190908149865724	0.047	0.015	0.224586252347672	RASGRP3	c30
6.72228096936508e-06	-1.28733388596867	0.586	0.496	0.226500534981787	PIK3R1	c30
6.73687882703008e-06	0.232128960144014	0.059	0.021	0.226992395197952	RP1-40E16.12	c30
6.84222359289073e-06	-0.208646152732202	0.221	0.119	0.23054188173886	MAN1B1	c30
6.88610171071915e-06	0.512814811319553	0.031	0.008	0.232020311040971	C17orf97	c30
6.92874534783031e-06	-0.216877473410865	0.125	0.059	0.233457145749794	ZNF484	c30
6.95292559330044e-06	0.171737623653479	0.069	0.026	0.234271874940665	MIEF2	c30
6.98360939946593e-06	1.07781452494913	0.022	0.004	0.235305735105605	CDKN2B	c30
7.0446411522185e-06	2.01539323401629	0.012	0.002	0.23736213898285	LINC01058	c30
7.05379518818066e-06	2.00235080870182	0.012	0.002	0.237670575070559	DISP2	c30
7.05379518818066e-06	1.67729035529653	0.012	0.002	0.237670575070559	AC092159.2	c30
7.0652110335067e-06	0.553835995355742	0.028	0.007	0.238055220562975	RP11-505K9.1	c30
7.06596389956622e-06	-0.173492142913081	0.093	0.04	0.238080587631984	C12orf66	c30
7.0803143204464e-06	0.1991179096139	0.96	0.73	0.238564110713121	KRTCAP2	c30
7.11645915818675e-06	-0.279532537041021	0.109	0.049	0.239781974875944	RNF123	c30
7.12253852718448e-06	1.4117430759319	0.019	0.003	0.239986813134954	CTBP1-AS	c30
7.13804095676951e-06	-0.209568507813926	0.408	0.233	0.240509151997392	PRKD2	c30
7.20824119303491e-06	0.254279346346934	0.037	0.011	0.242874478758118	C10orf12	c30
7.21872908912073e-06	-0.282793141992828	0.271	0.15	0.243227857928834	PIK3R5	c30
7.31985311836661e-06	-0.435617200964061	0.349	0.193	0.246635130970245	MARCH6	c30
7.44513086602053e-06	0.233942177812501	0.069	0.026	0.250856239399696	NICN1	c30
7.44865755700347e-06	0.127427035613925	0.065	0.025	0.250975067725675	RP11-138A9.1	c30
7.55955248455843e-06	-0.179846244648427	0.645	0.373	0.254711561414712	DDX3X	c30
7.64495317453978e-06	2.64135381693971	0.016	0.003	0.257589052262943	CCL23	c30
7.65834155166526e-06	-0.163801805655038	0.14	0.069	0.258040160241809	HEXIM1	c30
7.8352173654272e-06	-0.385506618827665	0.302	0.166	0.263999813910704	KLHL28	c30
7.83789929885951e-06	0.383392021872492	0.14	0.072	0.264090178975772	TRAV8-6	c30
7.84779735122536e-06	-0.343662090362551	0.146	0.072	0.264423683952187	ZNF780A	c30
7.87524744743407e-06	-0.25537199906867	0.305	0.172	0.265348587493843	TBX21	c30
7.93754369304408e-06	1.62605401432391	0.016	0.003	0.267447597193427	GLUD2	c30
7.95620082838173e-06	-0.381845441833356	0.181	0.093	0.268076230711494	ITPRIP	c30
7.9628734009177e-06	1.0779808619523	0.016	0.003	0.268301056370521	TM4SF19-AS1	c30
7.97133379418165e-06	1.40869133694662	0.016	0.003	0.268586120861157	DSCR9	c30
8.02175672630519e-06	0.27761830056223	0.084	0.035	0.270285071136127	KCTD6	c30
8.04019748079663e-06	-0.190126100709844	0.153	0.076	0.270906413917962	LIN37	c30
8.04916552109863e-06	-0.348864239856624	0.33	0.185	0.271208583067897	BTN3A3	c30
8.05318359792501e-06	-0.337993779732106	0.349	0.195	0.271343968148485	SIPA1	c30
8.12675974445411e-06	-0.419147512191171	0.9	0.787	0.273823042829637	HLA-F	c30
8.21718646169965e-06	-0.364302170160805	0.181	0.093	0.276869880640508	TTC5	c30
8.24195557431588e-06	0.712012404967575	0.04	0.012	0.277704451120999	RP11-110I1.13	c30
8.27532136742725e-06	0.127063802518696	0.816	0.527	0.278828678154094	SH3KBP1	c30
8.38536129754247e-06	0.676004729249889	0.031	0.008	0.282536363559396	IGFBP2	c30
8.44411642641021e-06	-0.292515120634149	0.43	0.244	0.284516058871466	MARCH7	c30
8.49126616033593e-06	-0.133212362394619	0.087	0.037	0.286104722006359	RLN2	c30
8.56211474921958e-06	-0.425202264707049	0.206	0.109	0.288491894360205	ACSF3	c30
8.59512003096057e-06	-0.291548541218117	0.128	0.061	0.289603974323185	POLG2	c30
8.60090927769039e-06	0.696768128496062	0.04	0.012	0.2897990372025	BLK	c30
8.67610451894679e-06	-0.497184999412228	0.115	0.053	0.292332665661393	YAE1D1	c30
8.757337108483e-06	0.150511933221551	0.056	0.02	0.295069716533226	DUSP3	c30
8.76311860192825e-06	-0.390138349500307	0.265	0.145	0.295264518173371	FAM98C	c30
8.94671558724253e-06	0.676693468944596	0.037	0.011	0.30145063499655	DNAJC25	c30
9.00563485718065e-06	-0.154151298688432	0.607	0.347	0.303435860877845	USP16	c30
9.01250057051642e-06	0.906311948459473	0.022	0.005	0.30366719422298	MAP3K9	c30
9.04477778358104e-06	-0.361915703765079	0.333	0.186	0.30475474263998	ZMYM5	c30
9.0514499762061e-06	0.442688856250453	0.037	0.011	0.304979555498288	NOCT	c30
9.06005905331972e-06	0.757837471439927	0.025	0.006	0.305269629742555	RP11-1114A5.4	c30
9.13658729906911e-06	-0.187720539425209	0.184	0.097	0.307848172454834	MOGS	c30
9.17878151346907e-06	-0.143699244176081	0.131	0.063	0.309269864314827	MVB12B	c30
9.30679350572917e-06	-0.297034951739347	0.318	0.178	0.313583100382039	PURA	c30
9.34791980874135e-06	-0.225899497283416	0.178	0.093	0.314968810035731	TRERF1	c30
9.34874508381482e-06	-0.439064287469503	0.386	0.216	0.314996616854057	XPC	c30
9.37239793751762e-06	-0.379258697046335	0.287	0.159	0.315793576106719	NEK9	c30
9.4039202045819e-06	-0.16556004131891	0.125	0.059	0.316855687373182	TBC1D25	c30
9.48466414403534e-06	-0.393073449686564	0.221	0.119	0.319576273669127	TM9SF3	c30
9.50202365228638e-06	1.43482674539583	0.019	0.004	0.320161184940137	PLGLB1	c30
9.51994335731103e-06	0.750710446589285	0.034	0.01	0.320764971481238	PGBD4	c30
9.53278014484634e-06	-0.26614299056011	0.087	0.037	0.321197494200453	PSKH1	c30
9.57213202402699e-06	1.50230289829653	0.016	0.003	0.322523416417565	WNT6	c30
9.69163043103514e-06	1.00879322578614	0.019	0.004	0.326549795743298	C10orf67	c30
9.69607906001331e-06	-0.250204622300868	0.15	0.074	0.326699687848089	UNK	c30
9.70613297022956e-06	0.523157035870464	0.037	0.011	0.327038444298915	STYK1	c30
9.73934926478213e-06	-0.112618374262218	0.174	0.091	0.328157634127569	MFSD8	c30
9.77828305163208e-06	0.996605332716379	0.028	0.007	0.329469469141691	MYO1B	c30
9.81521902090203e-06	-0.401220776999342	0.361	0.203	0.330713989690273	SETD2	c30
9.81522521350689e-06	0.621896127181738	0.04	0.012	0.330714198343901	IRGQ	c30
9.87248179442583e-06	-0.160095269389195	0.121	0.058	0.332643401581384	MAML1	c30
9.93969143781898e-06	-0.436427060799477	0.24	0.13	0.334907963305873	MLLT10	c30
9.94224017216653e-06	-0.436547482609081	0.277	0.153	0.334993840360979	CRYZL1	c30
9.97032190345718e-06	0.417757393814603	0.065	0.025	0.335940026215086	PHC2	c30
9.99995883630456e-06	0.132577537688749	0.084	0.036	0.336938613030446	ABAT	c30
1.01833015551632e-05	0.561495928511105	0.034	0.01	0.343116162599667	CACFD1	c30
1.01864048303681e-05	-0.256397773717829	0.14	0.069	0.343220724354423	RIPK3	c30
1.02397242956877e-05	-0.31488426617195	0.389	0.221	0.345017270418903	KDM2A	c30
1.02954843884912e-05	0.412502113454592	0.069	0.027	0.346896050985822	PRRT3	c30
1.05028597728937e-05	0.159831842382478	0.065	0.025	0.353883357187881	ANKRD40	c30
1.08677858914826e-05	-0.172190264741185	0.109	0.05	0.366179177827615	ARIH2OS	c30
1.0959473456043e-05	-0.30941021650816	0.143	0.071	0.369268498627912	IKZF5	c30
1.09677499008454e-05	0.473390144721436	0.044	0.014	0.369547365159084	HIST1H2BG	c30
1.10195949977294e-05	-0.314921482228341	0.414	0.233	0.371294233853496	SNAP23	c30
1.11902926022369e-05	1.22296633663719	0.022	0.005	0.37704571893977	CMC4	c30
1.12843395855053e-05	-0.39074519492299	0.277	0.153	0.380214537994015	RPAP2	c30
1.14125538848692e-05	-0.475952148098339	0.218	0.117	0.384534590596783	SUPV3L1	c30
1.14272236035101e-05	0.185744324162784	0.966	0.813	0.38502887209667	HNRNPDL	c30
1.14745740078529e-05	0.181578542103344	0.062	0.023	0.386624296620597	NIPAL2	c30
1.14804362944605e-05	0.194029364352873	0.053	0.019	0.386821820505553	PLEKHN1	c30
1.15055554050303e-05	-1.39042091205935	0.283	0.34	0.387668183817092	RP11-796E2.4	c30
1.15483181750784e-05	0.257307816500923	0.05	0.017	0.389109032591091	EXTL3	c30
1.19357520943662e-05	1.51659770145731	0.012	0.002	0.402163231067575	FAM171B	c30
1.19489308194347e-05	-1.59719018355596	0.277	0.321	0.402607275030034	ICAM2	c30
1.19804045819049e-05	1.79825045299757	0.012	0.002	0.403667751982705	AC000068.5	c30
1.20003012690157e-05	1.10105659174715	0.012	0.002	0.404338150958216	LCN10	c30
1.21284120940079e-05	-0.317302409479581	0.417	0.236	0.408654717095503	GMIP	c30
1.22212322396774e-05	-0.236607231638945	0.065	0.025	0.411782199083691	RP11-666O2.2	c30
1.22734255916344e-05	-1.00298616984211	0.265	0.35	0.41354080188453	ITM2C	c30
1.24940302571212e-05	-0.489460141589215	0.171	0.088	0.420973855483442	TRIM5	c30
1.25691457310985e-05	0.20583274435933	0.059	0.022	0.423504796263634	LINC01012	c30
1.26184518461372e-05	-0.414484734015117	0.199	0.106	0.425166116503747	PCMTD2	c30
1.26443508140202e-05	0.793539799255458	0.028	0.007	0.426038756327596	RP13-270P17.1	c30
1.26666522765878e-05	1.43037988306429	0.019	0.004	0.42679018180735	TFAP2E	c30
1.26988675895422e-05	-0.252750358220359	0.193	0.103	0.427875644562033	AGL	c30
1.29664104106877e-05	-0.577380164190769	0.168	0.086	0.436890232377713	HEATR5B	c30
1.30072600248106e-05	0.106523486416476	0.072	0.029	0.438266619275967	GNE	c30
1.30873955712232e-05	-0.39226078883788	0.346	0.201	0.440966706376796	ZNF331	c30
1.30994986886952e-05	-0.271427283928223	0.639	0.349	0.441374508816896	METTL23	c30
1.3178300376257e-05	-0.220653888155286	0.087	0.037	0.444029652877602	A1BG-AS1	c30
1.32128495822656e-05	-0.358573166675153	0.137	0.067	0.445193753824858	KMT2B	c30
1.32383865337689e-05	0.638556882671755	0.034	0.01	0.44605419586881	FAM156A	c30
1.32587112192259e-05	0.494093789273946	0.034	0.01	0.446739015820597	DCUN1D2	c30
1.33119704733369e-05	-0.391914267568079	0.14	0.069	0.448533533128614	CTD-3138B18.5	c30
1.34552117824821e-05	0.56857690479776	0.062	0.024	0.453359905798951	SRF	c30
1.34860192904876e-05	-0.337093239095766	0.427	0.242	0.454397933973688	ZFAND3	c30
1.35691954360884e-05	-0.138584386693565	0.178	0.094	0.457200471023562	PRR5L	c30
1.36688953080415e-05	0.111774366954307	0.069	0.027	0.46055975850915	TP73-AS1	c30
1.39838819889215e-05	0.190350161742512	0.047	0.016	0.47117291973472	RP11-88E10.5	c30
1.40076506027594e-05	0.778833199019957	0.037	0.011	0.471973779409377	STAP1	c30
1.41874038654034e-05	0.119684719793441	0.084	0.036	0.478030385840901	PKD1	c30
1.41960278724339e-05	-0.273211529362358	0.393	0.224	0.478320963133787	PJA2	c30
1.4205101686542e-05	-0.241883997288574	0.131	0.064	0.478626696226347	PMEPA1	c30
1.42357450787905e-05	0.837826016347282	0.022	0.005	0.479659194684769	ADAM9	c30
1.42523958339806e-05	0.516890232891832	0.053	0.019	0.480220225230141	WIZ	c30
1.42712963234063e-05	-0.279776575932107	0.502	0.283	0.480857058320851	ZNF24	c30
1.45193700349353e-05	-0.365769682275754	0.218	0.118	0.489215653957111	CRELD1	c30
1.45370957898876e-05	-0.516645332284146	0.199	0.106	0.489812905544474	TNKS	c30
1.46148956811447e-05	1.16460966550073	0.034	0.01	0.492434295080488	KIAA1217	c30
1.47039406110956e-05	1.50193657016493	0.019	0.004	0.495434574950257	TRPC3	c30
1.47585922533576e-05	-0.333705557067166	0.43	0.243	0.497276007384629	GNPTG	c30
1.48252391088871e-05	-0.550919377935685	0.287	0.158	0.499521606534842	PKN2	c30
1.48708773699851e-05	0.675951165170313	0.019	0.004	0.501059342104279	CTD-2012K14.7	c30
1.49495444554685e-05	-0.275267761496516	0.981	0.897	0.503709950882557	UQCRB	c30
1.50433655074374e-05	-0.280220506028573	0.131	0.064	0.506871157407595	FBXO11	c30
1.50809905033584e-05	-0.312018117999128	0.218	0.119	0.508138894020158	THAP6	c30
1.50954262866563e-05	-1.12569360054866	0.567	0.487	0.508625293302597	FLT3LG	c30
1.52905215446436e-05	0.807966976056234	0.012	0.002	0.515198832925222	C1QC	c30
1.53216285325493e-05	1.68646322763188	0.012	0.002	0.516246951775715	ZMYND12	c30
1.5334088213607e-05	1.64924519383002	0.012	0.002	0.516666768269274	TNFRSF11A	c30
1.5334088213607e-05	1.42374164294391	0.012	0.002	0.516666768269274	AC007038.7	c30
1.53939346635991e-05	0.367337051484184	0.034	0.01	0.51868323455531	CTB-43P18.1	c30
1.54738278873407e-05	0.411841959617581	0.037	0.011	0.521375156836057	ZNF225	c30
1.55336934396374e-05	-0.320048271396812	0.349	0.197	0.523392266755141	BLCAP	c30
1.56752205906553e-05	-0.509323065345515	0.196	0.106	0.528160882581541	SGK1	c30
1.59631510907727e-05	-1.9167469141334	0.212	0.274	0.537862412852497	ERN1	c30
1.59948607481982e-05	-0.209605395011484	0.143	0.072	0.538930838049791	RP4-728D4.2	c30
1.59966312265497e-05	-0.553830490280395	0.265	0.146	0.538990492547366	KLF13	c30
1.62654912899628e-05	0.196471183441776	0.922	0.632	0.548049463524007	VAMP8	c30
1.63144845259623e-05	0.165005338962738	0.062	0.024	0.549700241617774	LAPTM4B	c30
1.63650231789926e-05	0.626999762085106	0.028	0.007	0.551403090992978	APOA1	c30
1.64114409123475e-05	-0.186938956096634	0.097	0.043	0.552967090100638	SMCR8	c30
1.64172782903265e-05	-0.412665708156058	0.268	0.149	0.553163774714263	CTDSP2	c30
1.64420322919188e-05	-0.227492782776511	0.595	0.341	0.553997836043911	HIF1A	c30
1.65123310324901e-05	0.133823074446416	0.056	0.02	0.556366481808721	RP13-188A5.1	c30
1.65419240266978e-05	1.10786973261335	0.016	0.003	0.557363588155557	PLS3	c30
1.66554636696498e-05	0.127976951041278	0.062	0.024	0.561189192885179	RAB40B	c30
1.66694174121035e-05	1.16123465248789	0.016	0.003	0.561659350283417	IQCH	c30
1.66915058097698e-05	0.175058852750738	0.056	0.021	0.562403596754382	ZNF761	c30
1.67456331410503e-05	-0.129613622037411	0.103	0.047	0.564227363054549	TPM1	c30
1.67613909497743e-05	-0.372454348257031	0.134	0.066	0.564758306661697	WASL	c30
1.68012366815652e-05	-1.90419890684042	0.146	0.224	0.566100868748658	FBXO32	c30
1.69298106609097e-05	-0.344041398274407	0.237	0.13	0.570433040408691	FAM21C	c30
1.69657680831384e-05	0.101340175110696	0.832	0.53	0.571644589793266	EIF5	c30
1.70368037659799e-05	-0.181877904374324	0.212	0.116	0.574038066090927	GPR155	c30
1.72139785056994e-05	-0.422849274515472	0.106	0.049	0.580007791771035	ZYG11B	c30
1.72723887011744e-05	0.141360991594041	0.922	0.646	0.58197586489737	CDC37	c30
1.74366055122012e-05	-0.121239402001416	0.128	0.063	0.587508986128108	CLU	c30
1.75147102343872e-05	-0.7188963773398	0.723	0.592	0.590140646637442	CDC42SE2	c30
1.75712485886228e-05	-0.359699417434872	0.336	0.191	0.592045649945057	KANSL1	c30
1.76188343182307e-05	0.840678724323845	0.022	0.005	0.593649003518464	RP11-318A15.2	c30
1.76299236312272e-05	1.03127442771783	0.022	0.005	0.594022646830571	RAB4B-EGLN2	c30
1.76969513541195e-05	-0.330143468311818	0.15	0.076	0.596281078925702	METTL18	c30
1.77322577610455e-05	1.00644909718013	0.022	0.005	0.597470693000669	PPARGC1B	c30
1.78626669071668e-05	-0.261919348848273	0.109	0.051	0.601864698770079	TNFRSF10B	c30
1.79123966041554e-05	0.417786760274183	0.04	0.013	0.603540291180412	RP11-206L10.9	c30
1.79779414581604e-05	-0.405011038146864	0.174	0.091	0.605748759491257	PIGG	c30
1.8010939025161e-05	0.157993619013324	0.919	0.624	0.606860579513776	MRPS21	c30
1.83696125224399e-05	-0.275981100801649	0.14	0.07	0.618945724331089	VPS11	c30
1.84213509642138e-05	0.201206792843633	0.037	0.011	0.620688999388219	RASSF4	c30
1.85647468840434e-05	0.530481482084237	0.044	0.014	0.625520581510959	ZNF440	c30
1.86409000198508e-05	-0.460738171990444	0.109	0.051	0.628086485268854	RPAP1	c30
1.90230400760606e-05	1.55231593837738	0.022	0.005	0.640962312322787	CACNA2D2	c30
1.91305962085042e-05	-0.237928018054819	0.146	0.074	0.64458630864934	MTM1	c30
1.91477725682406e-05	-0.323138859951958	0.14	0.07	0.6451650489143	PHF8	c30
1.91584030268562e-05	-0.244136041587536	0.168	0.088	0.645523231586894	APC	c30
1.92391123088978e-05	0.679461825087798	0.044	0.014	0.648242650136003	CBWD3	c30
1.92424505050563e-05	-0.384515729930266	0.218	0.119	0.648355127317369	CDK13	c30
1.92624879773766e-05	1.9387305800914	0.012	0.002	0.649030269909727	LRRC16B	c30
1.93429823771068e-05	0.374928604516012	0.031	0.009	0.651742448214238	SENP3	c30
1.93702876352199e-05	0.458718306353151	0.047	0.016	0.6526624715811	AC113404.1	c30
1.94630494052884e-05	1.74489263210611	0.012	0.002	0.655787986661788	RP11-109G23.3	c30
1.94677406253868e-05	-0.300783607819799	0.259	0.145	0.655946052631784	MIB2	c30
1.9479429293935e-05	-0.398375956927201	0.352	0.2	0.656339890629845	MSL3	c30
1.96808025226452e-05	1.36530645570793	0.016	0.003	0.663124960198007	SNX22	c30
1.97443447665645e-05	0.803078294375992	0.04	0.013	0.665265952564626	TOR4A	c30
1.97456781369588e-05	0.980401732419677	0.016	0.003	0.665310879146691	RP11-277B15.3	c30
1.98270817718649e-05	-0.564380901623291	0.125	0.06	0.668053693221215	TRIM73	c30
1.98303907219645e-05	-0.254678984343065	0.374	0.215	0.668165184985872	INPP4A	c30
1.98782528977054e-05	-0.399686102808055	0.165	0.086	0.669777853135284	COG1	c30
2.0010832100581e-05	-0.485510106136654	0.143	0.072	0.674244976796974	ADCK3	c30
2.00323638255008e-05	-0.36954960321374	0.274	0.154	0.674970466736425	EXOC2	c30
2.01975359260641e-05	-0.134949276956078	0.586	0.342	0.680535775492804	YTHDC1	c30
2.02141569355557e-05	0.322524602663631	0.056	0.021	0.681095803786613	RP11-950C14.7	c30
2.02156665264701e-05	-0.360367215783589	0.168	0.088	0.681146667942885	PIK3CG	c30
2.04051614517964e-05	-0.193887320778549	0.327	0.189	0.687531509956828	TAPBPL	c30
2.05778349688849e-05	-0.188260338056412	0.047	0.016	0.693349571441607	TMEM67	c30
2.06375566207284e-05	-0.374163755770625	0.081	0.034	0.695361832778822	KIF16B	c30
2.07804495098988e-05	-0.383433080651161	0.358	0.205	0.700176465786531	MALT1	c30
2.08139470061647e-05	0.887506501149817	0.128	0.066	0.701305130425714	TRAV13-2	c30
2.08475041242598e-05	-0.126853407047439	0.131	0.065	0.702435803962811	APOL1	c30
2.09653224133534e-05	0.502436950518205	0.04	0.013	0.706405573395531	MIR9-3HG	c30
2.10039096091707e-05	0.82815281493088	0.044	0.014	0.707705730371397	RP11-214O1.3	c30
2.11267961162712e-05	0.951457346128546	0.031	0.009	0.711846268341642	HIF1A-AS2	c30
2.11938440567654e-05	0.847009091593195	0.025	0.006	0.714105381648653	RP11-254F7.2	c30
2.12468154611287e-05	0.138657541758368	0.984	0.839	0.715890200147269	C19orf43	c30
2.13290141249518e-05	-0.429006973379302	0.343	0.193	0.718659801926126	XPO4	c30
2.14704695607309e-05	0.204755430956423	0.941	0.764	0.723426001379268	PTPRCAP	c30
2.15841786109185e-05	0.15165130320412	0.04	0.013	0.727257314116288	CTC-559E9.1	c30
2.1697385019189e-05	-0.378477891711624	0.143	0.072	0.731071690836555	DBNDD2	c30
2.17841990703944e-05	-0.363616990698991	0.224	0.123	0.73399680347787	PHF12	c30
2.18424833819168e-05	1.36129862987136	0.019	0.004	0.735960635070306	POPDC2	c30
2.20220998548711e-05	0.401122446076698	0.034	0.01	0.742012632510027	AGBL2	c30
2.20688063742268e-05	-0.418548862367559	0.255	0.141	0.743586361973198	RSAD1	c30
2.21164825747595e-05	0.174014634732586	0.053	0.019	0.745192763873946	RP11-93H24.3	c30
2.22232811107886e-05	-0.402639620173878	0.405	0.229	0.748791233746912	ZNF721	c30
2.22402362519978e-05	0.364316552796254	0.022	0.005	0.749362520274814	HCG27	c30
2.24250217330644e-05	-0.247685029364046	0.1	0.046	0.755588682273871	CXorf56	c30
2.24432268940109e-05	0.135189878286882	0.86	0.556	0.756202086966804	EIF3M	c30
2.2511841099473e-05	0.228290706024961	0.053	0.019	0.758513974005643	SESTD1	c30
2.25611853228895e-05	0.233842974111707	0.072	0.03	0.76017657826944	RNF103	c30
2.25857294339312e-05	-0.287165323483768	0.128	0.063	0.761003567546879	ZNF576	c30
2.25928723700915e-05	-0.413421047311293	0.171	0.09	0.761244241637862	UBE4B	c30
2.29289966151476e-05	0.268494169097939	0.044	0.014	0.772569611950782	RP11-137H2.4	c30
2.3247764780633e-05	0.299256184104979	0.037	0.011	0.78331018651865	RP5-864K19.4	c30
2.32943019735235e-05	1.17126276421631	0.016	0.003	0.7848782106959	STON1	c30
2.3352424721469e-05	-0.139560959428128	0.056	0.021	0.786836598565177	ZNF765	c30
2.3394373735948e-05	0.454525346786159	0.04	0.013	0.788250028659031	KLRC4	c30
2.36800999818103e-05	-0.445677965943644	0.227	0.125	0.797877288787116	TMEM116	c30
2.37254839899528e-05	0.235189156228174	0.04	0.013	0.79940645755747	FLJ31104	c30
2.38943793476527e-05	-0.26556498438062	0.178	0.095	0.805097217739811	FOSL2	c30
2.40941675584401e-05	1.14349465705444	0.022	0.005	0.811828881714081	AMDHD1	c30
2.42476242565935e-05	-0.367192290727272	0.193	0.104	0.816999451701661	AP5M1	c30
2.42526436863831e-05	-0.428153852260186	0.181	0.095	0.817168576368993	TASP1	c30
2.4410882050397e-05	-0.403194735917586	0.193	0.104	0.822500259806077	ZNF480	c30
2.45010165535311e-05	-0.128768251061529	0.062	0.024	0.825537251754678	C8orf44	c30
2.4504173078237e-05	-0.360612774927195	0.262	0.147	0.825643607698116	PITPNA-AS1	c30
2.45325727277214e-05	1.75533592961295	0.012	0.002	0.826600505487844	RP11-888D10.3	c30
2.45853051264784e-05	1.27474698773133	0.012	0.002	0.828377270931562	RP11-405M12.4	c30
2.45941451213411e-05	0.84398768567157	0.031	0.009	0.828675125718468	RP11-96H19.1	c30
2.49060672522057e-05	0.766542599577742	0.044	0.015	0.839185029995819	SLC27A4	c30
2.49861836865939e-05	-0.141279844688746	0.109	0.052	0.841884473136093	FAM73B	c30
2.51444644671974e-05	0.137966396934965	0.875	0.634	0.847217585757748	SP100	c30
2.51632495377025e-05	-0.475701844729191	0.202	0.109	0.847850529923347	PDLIM5	c30
2.53559764881167e-05	0.604475995280567	0.025	0.006	0.854344271790602	LRG1	c30
2.54282102324722e-05	-0.275683080600616	0.358	0.208	0.856778115572918	ZRSR2	c30
2.54602248983533e-05	0.518444998890423	0.053	0.019	0.857856817725117	ASAH2B	c30
2.55349340179318e-05	0.525961985007606	0.025	0.006	0.860374066800193	LINC01311	c30
2.55355175835358e-05	0.188701005586711	0.031	0.009	0.860393729459656	MYOM2	c30
2.55804078304973e-05	-2.92172596815613	0.065	0.138	0.861906261440775	TMEM63A	c30
2.56905155606984e-05	-0.121443243814275	0.097	0.044	0.865616231302173	RP11-486I11.2	c30
2.57202454973506e-05	-0.262694412801902	0.542	0.309	0.86661795178773	LYSMD2	c30
2.60641424647187e-05	1.38173874134532	0.028	0.007	0.878205216206233	TRBV10-1	c30
2.61467431810364e-05	-0.379712728253045	0.277	0.157	0.88098836474184	SLC16A7	c30
2.61829744769003e-05	-0.292288748091972	0.093	0.042	0.88220914202468	RP11-400F19.6	c30
2.62209119837471e-05	0.159780069067708	0.069	0.028	0.883487408380374	GLCE	c30
2.63680461827025e-05	-0.11950689710958	0.078	0.033	0.888444948079979	DCAF4	c30
2.64831931408076e-05	-0.514314093406685	0.38	0.214	0.892324709686372	PPWD1	c30
2.67740349609773e-05	-0.176858079039306	0.268	0.152	0.902124333975171	ZFP90	c30
2.67987689081236e-05	-0.383983521505125	0.202	0.11	0.902957719590316	NMT2	c30
2.69139724757369e-05	-0.536623581468261	0.265	0.148	0.906839388597481	NCOA2	c30
2.70900789780102e-05	0.77627983878839	0.022	0.005	0.912773121085074	NT5M	c30
2.71283728683607e-05	1.58738639345383	0.016	0.003	0.914063395426544	AC069513.4	c30
2.72019328414413e-05	-0.358531225591732	0.452	0.256	0.916541925159524	SDR39U1	c30
2.77253024151725e-05	0.870686365391467	0.028	0.007	0.934176339576822	LUCAT1	c30
2.77279823466702e-05	-0.227634779293333	0.143	0.073	0.934266637188707	KDM3B	c30
2.78263815869738e-05	-0.304826412277595	0.121	0.06	0.937582101191495	NBPF11	c30
2.79737388605583e-05	-0.222570891324616	0.165	0.087	0.942547157167651	MXD1	c30
2.81681746877388e-05	-0.186042127104602	0.081	0.035	0.949098477928671	RP11-758H9.2	c30
2.81837352922655e-05	-0.290563004690422	0.137	0.069	0.949622776937592	HIPK3	c30
2.82012840750885e-05	-0.441043985465636	0.199	0.108	0.950214065626031	SERPINB6	c30
2.87036918796167e-05	-0.500584527392368	0.227	0.126	0.967142194191804	ATXN7L1	c30
2.89342422997993e-05	-0.525348822426743	0.265	0.147	0.974910360049437	ZNF506	c30
2.91137148741094e-05	-0.131093090750765	0.131	0.066	0.980957508968242	PARG	c30
2.91475968349071e-05	-0.248936716857635	0.336	0.195	0.982099127755361	USP34	c30
2.92141252487466e-05	1.21551725344878	0.022	0.005	0.984340736131267	ZNF850	c30
2.92515721047944e-05	-0.406583938029121	0.131	0.065	0.985602470498943	THTPA	c30
2.92832903413121e-05	-0.100729421581073	0.115	0.056	0.986671184760168	ZMYM1	c30
2.9397816154405e-05	0.130514808914762	0.081	0.035	0.990530017506521	CAPN10	c30
5.12846799625089e-05	-4.92553434731872	0.003	0.054	1	SLC40A1	c30
0.00182316350702597	-4.24924890442057	0.003	0.035	1	SVIL	c30
0.0287571184426708	-4.1525205217578	0	0.015	1	TRBV23-1	c30
4.62490495000867e-05	-4.115655643671	0.009	0.065	1	MS4A1	c30
0.000294953238067847	-4.07254942288405	0.006	0.05	1	RP11-108M9.4	c30
0.00347329226582123	-3.720267759241	0.009	0.042	1	DKK3	c30
7.88901097225325e-05	-3.53426155059832	0.028	0.088	1	PTGDR	c30
0.0331744092404051	-3.5333044774306	0	0.014	1	LGR6	c30
0.0201034465576119	-3.51027992164696	0	0.017	1	RP11-44F14.2	c30
0.0501101238278445	-3.46756547328362	0	0.012	1	GTSCR1	c30
6.71847209136891e-05	-3.46576940380943	0.016	0.072	1	CTD-2562J15.6	c30
0.0220900045642325	-3.44431863653224	0	0.016	1	FMN1	c30
0.000146019273649376	-3.40003194616632	0.028	0.085	1	ZBTB10	c30
0.00012367041223154	-3.34992714664933	0.031	0.09	1	FXYD7	c30
0.0303635574734605	-3.29933987703581	0	0.014	1	PLAG1	c30
0.00143924839332474	-3.29307132888399	0.016	0.056	1	RNF144A	c30
0.0380354891389867	-3.24551263586584	0	0.013	1	RP11-348F1.3	c30
0.0297337580294562	-3.21997734909305	0.003	0.02	1	TJP3	c30
0.00835341267219674	-3.19366607178161	0.006	0.032	1	RP11-701H24.9	c30
0.0305283126719652	-3.18717576667704	0.012	0.034	1	PLCB1	c30
0.000883448972310996	-3.17359076680891	0.009	0.049	1	TCP11L2	c30
0.0362552215050663	-3.16080115193401	0	0.013	1	RP11-730K11.1	c30
0.04018166416088	-3.11621428745774	0	0.013	1	RP11-117D22.2	c30
0.00317194717639173	-3.11101037358896	0.012	0.047	1	LINC00243	c30
0.0105614695829411	-3.09525547238934	0.003	0.026	1	NR3C2	c30
4.29262247204777e-05	-3.04302316628432	0.028	0.092	1	CYB561D2.1	c30
0.0643211218550648	-3.00223204519333	0.003	0.016	1	CFH	c30
0.0644194015611347	-2.99238532612036	0	0.011	1	RGMB	c30
0.00496761356369811	-2.98839710403564	0.009	0.04	1	LACTB2-AS1	c30
0.0785132453021809	-2.96612505026969	0	0.01	1	FCGR3A	c30
0.0579948734892963	-2.95239891982517	0	0.011	1	AK5	c30
0.0596391545827154	-2.95022100703549	0	0.011	1	RP11-7F17.8	c30
0.053714244746284	-2.94892777476723	0	0.011	1	F2RL1	c30
0.056135157448914	-2.92257789148277	0.003	0.017	1	SEMA4C	c30
0.0567930048682343	-2.90446492184001	0	0.011	1	ABO	c30
0.0277038880868594	-2.89983703103186	0.003	0.02	1	C16orf74	c30
0.0531686988944677	-2.89060219567885	0.009	0.026	1	DSEL	c30
0.079005110463105	-2.88313830706757	0.003	0.015	1	FAM153B	c30
0.0592235348533362	-2.87716759005455	0	0.011	1	NCKAP5L	c30
0.0900824820543886	-2.87011951164302	0.003	0.014	1	GCNT4	c30
0.00815782154287183	-2.86562494542844	0.019	0.05	1	SPG20	c30
0.000306728265975434	-2.86268795759981	0.031	0.085	1	APBA2	c30
0.00711698558668874	-2.86050454791172	0.006	0.033	1	VSIG1	c30
0.0626359598874415	-2.84684816827522	0	0.011	1	GNG7	c30
0.145255935149301	-2.8448756831833	0.003	0.012	1	FGFBP2	c30
0.0635210703721344	-2.83564859773421	0	0.011	1	ZNF577	c30
0.071600823779303	-2.75457463289955	0	0.01	1	SYDE2	c30
0.0747070504959923	-2.74896091886596	0	0.01	1	TRPC1	c30
0.140775512741888	-2.71913072399812	0.003	0.012	1	S100B	c30
0.000108707439430771	-2.71299044095906	0.056	0.12	1	EPHA1	c30
0.149903862400785	-2.68809127309789	0.012	0.025	1	FAM84B	c30
0.08534378921809	-2.6359182249099	0.003	0.015	1	A2M-AS1	c30
0.00190260972744618	-2.61544378916426	0.04	0.086	1	BACH2	c30
0.00876357814548112	-2.61504832851489	0.022	0.054	1	GCSAM	c30
0.0384792114526995	-2.61438237052752	0.022	0.045	1	SMAGP	c30
0.0686313969477779	-2.58829358146428	0	0.01	1	GPR146	c30
0.0635663831184397	-2.58505746575889	0.006	0.021	1	RP4-539M6.22	c30
0.00651104111718019	-2.58470896688062	0.037	0.075	1	EPHA1-AS1	c30
0.00027588742109507	-2.55936293137645	0.037	0.095	1	MYBL1	c30
0.00303690988366052	-2.54186067431063	0.053	0.097	1	PLEKHB1	c30
0.125551905828946	-2.51155019028695	0.012	0.026	1	VIPR1	c30
0.131334023884091	-2.49745014335002	0.006	0.017	1	PFN2	c30
0.00596124782236968	-2.47561763206899	0.016	0.048	1	RP11-23P13.6	c30
0.123280426898962	-2.46781992435965	0.003	0.013	1	ZNF449	c30
0.0447141342160683	-2.45605385446244	0.009	0.027	1	ACVR2A	c30
0.0187160883422622	-2.45370199565682	0.003	0.023	1	GPRASP1	c30
0.066154578944884	-2.45087890171424	0.006	0.021	1	ZBTB16	c30
0.35823290773531	-2.4316217142243	0.016	0.023	1	PDGFB	c30
0.0205517456143931	-2.42974757680359	0.006	0.027	1	TMEM150A	c30
0.000765378633137955	-2.41947689403091	0.053	0.106	1	ITGA6	c30
0.192807785381143	-2.41695762054913	0.003	0.011	1	DBNDD1	c30
0.226088568460819	-2.41407344400072	0.003	0.01	1	KTN1-AS1	c30
0.16236630335976	-2.40255693996474	0.003	0.011	1	CRYBG3	c30
0.282643242502874	-2.4021956582136	0.006	0.013	1	PACSIN1	c30
5.21893857623852e-05	-2.40214952832334	0.059	0.129	1	SORBS3	c30
0.0711569714745878	-2.40197772033148	0.016	0.033	1	SETD7	c30
0.00078975575987966	-2.390916946567	0.072	0.126	1	LAIR1	c30
0.0263824767118152	-2.38092167830418	0.037	0.066	1	FXYD1	c30
0.188664756939075	-2.37887045728425	0.003	0.011	1	KDF1	c30
0.302083092204406	-2.37043920469223	0.019	0.028	1	RAB27B	c30
0.0612972114694637	-2.36632145462312	0.022	0.042	1	CDK5R1	c30
0.0384830913825222	-2.36192753172764	0.044	0.071	1	RP11-290D2.6	c30
0.104814449996694	-2.35229866144133	0.025	0.042	1	RP11-936I5.1	c30
0.114909427347998	-2.35192138250692	0.003	0.013	1	GPR150	c30
0.00251488544793203	-2.34693877075971	0.056	0.102	1	SCML1	c30
0.120458709653993	-2.32163041304458	0.009	0.022	1	SNHG22	c30
0.0298106029573364	-2.32053972398719	0.031	0.058	1	ACSL6	c30
0.0159219060765931	-2.27160330365138	0.056	0.09	1	LINC00239	c30
0.0106976079370337	-2.26756389965999	0.04	0.076	1	RP11-1000B6.3	c30
0.197007538332617	-2.26143605328504	0.003	0.01	1	HKDC1	c30
0.00943468357794725	-2.26022771084753	0.106	0.143	1	CMTM8	c30
0.134879545065622	-2.25940798325519	0.016	0.029	1	WDR86	c30
0.268273558133479	-2.25511344157454	0.022	0.032	1	C12orf42	c30
0.114568427776486	-2.24957737249238	0.009	0.022	1	AC009133.17	c30
0.14421020749537	-2.2313665403133	0.016	0.029	1	FAM169A	c30
0.0749683326193188	-2.23078583010951	0.025	0.045	1	MDS2	c30
3.26224857831775e-05	-2.21659298821366	0.103	0.177	1	SATB1	c30
0.0829542544574054	-2.19375446804552	0.009	0.024	1	CITED4	c30
0.0228752406394897	-2.19260304572569	0.044	0.074	1	CD300A	c30
0.119242199405484	-2.18884478735813	0.006	0.018	1	TLR1	c30
0.114984744614459	-2.14779705132028	0.006	0.018	1	S1PR5	c30
8.31268480702111e-05	2.14396268421092	0.012	0.002	1	ZHX1-C8orf76	c30
0.239774079195847	-2.12236224852455	0.012	0.022	1	TYROBP	c30
0.208009698403107	-2.11971311815324	0.009	0.019	1	CATSPERG	c30
0.197409304022669	-2.1182476183355	0.009	0.019	1	SLC25A23	c30
0.353265253878424	-2.11654985388744	0.012	0.02	1	TRBV10-3	c30
0.369812104880969	-2.10956137751131	0.009	0.015	1	CAPS	c30
0.0774293248124732	-2.10925592862831	0.006	0.02	1	RIMKLB	c30
0.426144155866684	-2.10316127049252	0.016	0.022	1	RP11-347I19.7	c30
0.431964315006546	-2.0998626147796	0.016	0.022	1	RP11-89K10.1	c30
0.248050795683912	-2.09928716698893	0.012	0.022	1	PLEKHG3	c30
0.263438604262469	-2.09517859223926	0.022	0.032	1	EIF4EBP3	c30
0.121169244837317	-2.08517058261737	0.016	0.03	1	MARCH9	c30
0.312347367153741	-2.08135145456415	0.009	0.016	1	AMIGO1	c30
4.94451824822682e-05	2.08066183818918	0.016	0.003	1	KCNH3	c30
0.0423443001173025	-2.07635367848116	0.022	0.044	1	PLXDC1	c30
0.109263103171456	-2.07549139163804	0.028	0.046	1	ZNF540	c30
0.325629922202384	-2.07363804234253	0.012	0.02	1	FGR	c30
0.0364793387383502	-2.07134311038103	0.016	0.037	1	SLC26A11	c30
0.00749454073525218	-2.06378436671573	0.065	0.106	1	EPHA4	c30
0.0108898927337201	-2.054519522686	0.053	0.09	1	DPP4	c30
0.401617761953714	-2.05451188331386	0.025	0.033	1	TRAV27	c30
3.13570849988171e-05	2.04729566324023	0.016	0.003	1	PFKFB4	c30
0.287002026680815	-2.04721811302525	0.009	0.017	1	ZFYVE9	c30
0.000310940558652944	-2.03788502167464	0.037	0.095	1	CYB561	c30
0.126036341053761	-2.03362079855878	0.062	0.081	1	INADL	c30
0.210276995389489	-2.027124701071	0.003	0.01	1	HEMGN	c30
0.205958565135838	-2.01961443019099	0.006	0.015	1	IGSF22	c30
0.0755201724816839	-2.01915621632464	0.053	0.076	1	BBS2	c30
5.51348315645098e-05	-2.01627305085728	0.268	0.305	1	PASK	c30
8.35918614977919e-05	2.01471621858511	0.012	0.002	1	THSD1	c30
0.342524527664301	-2.01449686718792	0.009	0.016	1	TRBV15	c30
0.212462768200855	-2.00644491145075	0.025	0.037	1	NUAK2	c30
0.149663288807202	-2.00615673030075	0.006	0.016	1	FRAT1	c30
0.184806590784074	-1.99436026440218	0.003	0.011	1	PWAR6	c30
0.127782405056227	-1.99419901202491	0.009	0.022	1	RP11-553L6.5	c30
0.13461899360911	-1.98499225055081	0.037	0.055	1	THRA	c30
0.00974138678322018	-1.98185804004638	0.065	0.104	1	C5orf45	c30
0.00446128510671659	-1.98000593780911	0.025	0.063	1	DPEP2	c30
0.347366206304446	-1.97606856439285	0.006	0.012	1	SPON1	c30
0.0231369933194622	-1.97422150049581	0.087	0.12	1	FCRL3	c30
0.0287718324102246	-1.97291773473118	0.072	0.102	1	ITGA5	c30
0.404887729743775	-1.97131661463981	0.009	0.015	1	PDGFD	c30
0.16343606610113	-1.97076373837157	0.009	0.02	1	HHAT	c30
0.000167942998561626	1.96707079600514	0.012	0.002	1	DSCAML1	c30
0.366352094697537	-1.96295471042197	0.006	0.012	1	TRAM2	c30
0.0277775390486098	-1.96090502663035	0.019	0.043	1	IGFBP3	c30
0.37487465775924	-1.95860496620389	0.012	0.019	1	CAMK2N1	c30
0.149513490297124	-1.95384152399567	0.047	0.064	1	BTBD9	c30
0.0176148558585723	-1.94572030099491	0.05	0.083	1	COL18A1	c30
0.252224430121675	-1.94129908401179	0.012	0.022	1	SPINK2	c30
0.363459562583518	-1.92812293180432	0.009	0.015	1	FADS3	c30
0.0679490442899159	-1.92781670057717	0.044	0.066	1	FHL1	c30
3.80381997408872e-05	1.92736690502122	0.012	0.002	1	SLC44A3	c30
0.0571169431780394	-1.9224574902922	0.078	0.103	1	RP11-455F5.5	c30
0.225970972112339	-1.91496396562976	0.006	0.014	1	NT5E	c30
0.00111955597222538	1.91286594534928	0.012	0.003	1	AHSP	c30
0.00196806099435917	-1.91242600412774	0.15	0.193	1	RASA3	c30
0.315559500072944	-1.90861503716406	0.006	0.012	1	TRBV6-4	c30
0.301943634209668	-1.90216636584134	0.012	0.021	1	TRBV29-1	c30
0.2058583920187	-1.89930810613041	0.003	0.01	1	GYLTL1B	c30
0.144258866434178	-1.89124929023029	0.044	0.061	1	CXorf57	c30
0.320910272456481	-1.88448313537499	0.006	0.012	1	ENPP5	c30
0.0333463844154145	-1.88419630637651	0.053	0.082	1	ZMAT1	c30
0.412837564659284	-1.87707657712703	0.006	0.011	1	MAPRE3	c30
0.651679404037767	-1.862949004965	0.012	0.015	1	ARL4D	c30
0.0128282498021536	-1.86130637807415	0.134	0.167	1	CD55	c30
0.195590097245745	-1.85405795648776	0.006	0.015	1	EDA	c30
0.000970218423214248	1.84502411665305	0.053	0.024	1	TRAV39	c30
0.466610892656366	-1.84477638343583	0.009	0.014	1	LINC01336	c30
0.0288544153566955	-1.84366898382736	0.028	0.055	1	CRIP2	c30
0.0230866525836702	-1.83783292555383	0.09	0.123	1	NDUFV2-AS1	c30
0.104194694519101	-1.83202435054815	0.009	0.023	1	TEC	c30
0.447737162830356	-1.83159291170932	0.009	0.014	1	MID2	c30
0.213787329000049	-1.83076640514532	0.031	0.044	1	LINC01215	c30
0.141138192451267	-1.82884929030537	0.012	0.025	1	TCEA3	c30
0.423989127159627	-1.82557026322905	0.006	0.011	1	OSBPL1A	c30
0.323268464651547	-1.82322567734835	0.047	0.057	1	DOCK9	c30
0.167899306558448	-1.81843159181195	0.012	0.024	1	CDC14B	c30
0.565504389620148	-1.81533905586391	0.016	0.02	1	FBXL16	c30
0.188532492287674	-1.81058604473345	0.037	0.052	1	RREB1	c30
0.446035106925379	-1.80880377976212	0.016	0.021	1	AC002117.1	c30
0.658966626133134	-1.80872856879788	0.009	0.012	1	VIPR2	c30
0.00398636853956922	-1.80455582042471	0.15	0.191	1	LPAR6	c30
0.0997707991008561	-1.79662251538202	0.025	0.043	1	CTD-2341M24.1	c30
0.000231465078633762	1.79188376913984	0.012	0.002	1	CHURC1-FNTB	c30
0.391735059024187	-1.78995600921373	0.028	0.036	1	GLTSCR1	c30
0.250532409464567	-1.78976424812335	0.053	0.066	1	USP53	c30
0.000262367527629229	1.78576328232777	0.016	0.003	1	PSD3	c30
0.446823847195591	-1.77812764054241	0.025	0.032	1	NHSL2	c30
0.000235077087088435	1.77510645138562	0.016	0.003	1	LINC00271	c30
0.0613484782235537	-1.77463386692907	0.069	0.094	1	GGT7	c30
0.190939918917815	-1.77428293164434	0.022	0.035	1	IL15	c30
0.478204958077283	-1.77164577786519	0.022	0.028	1	TTC9	c30
0.00139795000956361	1.76940194671784	0.012	0.003	1	RP11-722G7.1	c30
0.354797585985957	-1.76555801304486	0.05	0.059	1	ADRB2	c30
0.494501434417214	-1.76505394145898	0.025	0.031	1	LYPD3	c30
0.320735963671994	-1.76267259832971	0.006	0.012	1	CUBN	c30
0.306083184986276	-1.75990130443425	0.012	0.02	1	KLF5	c30
0.00822371326619737	-1.75510020645395	0.199	0.224	1	SERINC5	c30
0.25809353819964	-1.75424958952845	0.031	0.043	1	TSGA10	c30
0.459121160189315	-1.75122417984801	0.006	0.01	1	PARK2	c30
0.356856259960803	-1.73572412957368	0.006	0.012	1	ZNF879	c30
8.30978660547156e-05	1.72895423054691	0.012	0.002	1	PAWR	c30
0.284349531352599	-1.7286346549023	0.009	0.017	1	KRT18	c30
0.510269154688779	-1.72799109264779	0.009	0.013	1	TMEM171	c30
0.443126331506932	-1.72475984104878	0.009	0.014	1	DTWD2	c30
0.470211160036078	-1.72195780230954	0.009	0.014	1	RP11-262H14.3	c30
0.526753264508601	-1.72036604286784	0.031	0.037	1	LOXL1-AS1	c30
0.507338504587868	-1.71996419020519	0.006	0.01	1	SLC4A4	c30
0.249908853997	-1.71923246379096	0.072	0.084	1	ATP8B2	c30
0.18241093257025	-1.71819371308603	0.003	0.011	1	TEPP	c30
0.749881423524487	-1.71668297153608	0.019	0.021	1	NBPF20	c30
0.284914643897029	-1.71276464495931	0.022	0.032	1	AC131056.3	c30
0.148295595587248	-1.7107415808183	0.006	0.017	1	TRDV2	c30
0.357921512874356	-1.70630084480775	0.019	0.027	1	MEGF6	c30
0.000617366116256679	1.70617576579014	0.012	0.003	1	FBXO27	c30
0.00219585330008949	-1.70563409915961	0.106	0.156	1	PLEKHA1	c30
0.0835851260531656	-1.70297373776638	0.069	0.091	1	SMIM14	c30
0.168807151006797	-1.6987072030624	0.075	0.091	1	TPRG1	c30
0.000166256995465183	1.69790085432119	0.016	0.003	1	PTCHD1	c30
0.0267782045039517	-1.69377515071992	0.028	0.056	1	RNF130	c30
0.386872278682138	-1.68975253619601	0.006	0.011	1	ZSWIM4	c30
0.421933476129343	-1.68902450387794	0.009	0.015	1	RP11-161M6.3	c30
0.00133516092615246	-1.68694230471276	0.181	0.223	1	KCNA3	c30
0.328347474814701	-1.68654715812553	0.009	0.016	1	ACSS2	c30
0.544572144236327	-1.68479099317489	0.019	0.023	1	OBSCN	c30
0.145354445294075	-1.68291707956241	0.047	0.064	1	IL18BP	c30
0.709901799938837	-1.68280703344092	0.022	0.025	1	RP4-575N6.4	c30
0.0516791943408471	-1.68084897550109	0.047	0.072	1	KIAA0355	c30
0.391683640630753	-1.6800579855843	0.022	0.029	1	ENC1	c30
0.218487151031563	-1.67677322356031	0.009	0.018	1	NDRG2	c30
0.000120729150905092	1.67397255409944	0.012	0.002	1	AC145343.2	c30
0.198272636998482	-1.67379541606307	0.016	0.027	1	NR1D1	c30
0.410595521872392	-1.67309200828579	0.006	0.011	1	ERCC6	c30
0.538516226724005	-1.66464596000718	0.006	0.01	1	HPCAL4	c30
0.844211949363286	-1.66425677776627	0.009	0.01	1	ZNF365	c30
0.0117725379747072	-1.66409158354693	0.221	0.235	1	ATXN7	c30
3.18613338249302e-05	1.66252994817825	0.016	0.003	1	KMO	c30
0.242237110537939	-1.66083005194901	0.028	0.019	1	TRAV30	c30
0.438218650981806	-1.65818710533457	0.034	0.042	1	TRBV4-1	c30
0.656221781116593	-1.65739531731835	0.016	0.019	1	C3orf33	c30
0.299466431243624	-1.65461295495231	0.022	0.031	1	CFP	c30
0.641961409804837	-1.65262902119535	0.012	0.015	1	RALGPS2	c30
0.288929322716188	-1.65249208317304	0.028	0.039	1	TRBV27	c30
0.472699800586571	-1.64775475187326	0.034	0.041	1	BCL6	c30
0.389565647458069	-1.63924325427464	0.016	0.022	1	PLEKHA8	c30
0.535008838123336	-1.63367835834793	0.04	0.046	1	RP1-313I6.12	c30
0.000168161364287074	1.63272231349121	0.012	0.002	1	CEP170B	c30
0.362644771638529	-1.63119679313153	0.034	0.043	1	MORN3	c30
0.0435756315362633	-1.6246395893324	0.084	0.112	1	FBLN5	c30
0.425729346433747	-1.62405040256566	0.031	0.039	1	MPP7	c30
0.14015271241565	-1.62371935881762	0.003	0.012	1	SAMD12	c30
0.752832711722467	-1.62332486064105	0.009	0.011	1	TRBV25-1	c30
0.421530212960165	-1.61739581119759	0.006	0.011	1	DVL1	c30
0.000158111796444434	1.61640281480863	0.019	0.004	1	PTHLH	c30
0.0925639363509437	-1.61355407267191	0.031	0.051	1	TRBV19	c30
0.718860475672452	-1.61091497055095	0.028	0.024	1	IL4I1	c30
0.435361198395516	-1.6068844503262	0.012	0.018	1	CACNA1C-AS1	c30
0.0102579227444612	-1.60061523691882	0.178	0.204	1	LINC00869	c30
0.419802576018944	-1.59730137283861	0.012	0.018	1	ACVR1B	c30
0.834208550031968	-1.59418760027596	0.016	0.017	1	CFD	c30
0.00156057795184975	1.59265861949368	0.012	0.003	1	FOXB1	c30
0.198504922147394	-1.58852058576911	0.006	0.015	1	GAS6	c30
0.396899413040377	-1.58770793957573	0.006	0.011	1	PELI2	c30
0.00100965170196031	1.58507364339134	0.012	0.003	1	ZACN	c30
0.0567472358231099	-1.58305312370622	0.093	0.119	1	OLFM2	c30
0.0325700204243598	-1.58108013840799	0.181	0.198	1	TLE4	c30
0.0184578225484874	-1.5783244864833	0.131	0.163	1	BCL2A1	c30
0.172612906475064	-1.57717630994188	0.003	0.011	1	C10orf91	c30
0.000800046187518271	1.57371821949924	0.012	0.003	1	SDCBP2	c30
0.12356731229554	1.57320351029737	0.012	0.006	1	TRBV12-5	c30
0.120187221462049	-1.57316154455076	0.053	0.073	1	TRAV29DV5	c30
0.517638530290725	-1.56796307801017	0.006	0.01	1	DZANK1	c30
0.768046951316598	-1.56672871463715	0.009	0.011	1	RTCA-AS1	c30
0.856328534168287	-1.56372157623646	0.016	0.017	1	ZNF615	c30
0.998458443682158	-1.55844406113039	0.016	0.015	1	CCDC65	c30
0.116745584206475	-1.55372205946761	0.153	0.163	1	FAM159A	c30
0.730934289560547	-1.55278534009405	0.097	0.094	1	FAM175A	c30
0.357527009595634	-1.55236229159869	0.009	0.016	1	RP11-758M4.4	c30
0.754790971889286	-1.5517022937352	0.053	0.054	1	MXI1	c30
0.721465212873669	-1.55109417112365	0.034	0.037	1	IER3	c30
0.3632970053758	-1.54815271055772	0.025	0.034	1	TRAV20	c30
0.000168927749479455	1.54697018489672	0.012	0.002	1	TEX22	c30
0.573107267758297	-1.54521485199261	0.053	0.058	1	CXCR5	c30
0.396899601015681	-1.54476640660665	0.031	0.04	1	IL2	c30
3.01772625683545e-05	1.53315945090005	0.028	0.007	1	NCF2	c30
0.00302487556404608	1.53014621697805	0.016	0.004	1	TNFSF11	c30
0.697886945644902	-1.52933114214589	0.053	0.055	1	ARHGAP12	c30
0.967566902267414	-1.52489429721967	0.012	0.013	1	ZNF582-AS1	c30
0.71065335620014	-1.52324580193931	0.025	0.028	1	AC058791.1	c30
0.661475346826732	-1.52039856063608	0.019	0.022	1	LINC00921	c30
0.367691890738394	-1.519877434871	0.012	0.019	1	SYNM	c30
0.603988911636354	-1.51962163269139	0.012	0.016	1	TRBV5-5	c30
0.540003719449442	-1.51853461123971	0.012	0.017	1	RP1-167O22.1	c30
0.650001735330903	-1.51771029056114	0.022	0.025	1	RP4-605O3.4	c30
0.000653137832958275	-1.51649630296089	0.215	0.266	1	CD40LG	c30
0.0754055797862389	-1.51328194376066	0.047	0.07	1	NSG1	c30
0.0973181941633953	-1.51252309313526	0.025	0.043	1	SBF2	c30
0.469142129690162	-1.50509444593666	0.04	0.048	1	HIST4H4	c30
0.000119879590350507	1.49986838307206	0.012	0.002	1	CTD-2083E4.6	c30
0.00021160289582072	1.4994007716664	0.016	0.003	1	RP11-498C9.3	c30
0.485503100717876	-1.49906204885751	0.009	0.014	1	RP11-326C3.2	c30
4.05017931912594e-05	1.49736681504432	0.019	0.004	1	TCN2	c30
0.00122777375608606	1.49620590914699	0.016	0.004	1	SLC12A5	c30
0.14093161494831	-1.49502016900091	0.04	0.058	1	LINC00944	c30
0.000408766724955885	1.4941532126665	0.016	0.004	1	NPIPB11	c30
0.450723438318409	-1.49280280494235	0.006	0.01	1	TCF7L2	c30
0.000396949943526068	-1.49225137938938	0.368	0.401	1	HSPA1B	c30
0.000997782596568568	1.49157791526691	0.025	0.008	1	TRBV10-2	c30
0.00306166201409472	1.49123998450114	0.012	0.003	1	BSPRY	c30
0.686376949362248	-1.48771684423619	0.069	0.06	1	TNFSF9	c30
0.00502994449693325	1.48735366792119	0.016	0.005	1	SECTM1	c30
0.463502211253586	-1.4862960920263	0.093	0.098	1	SSBP2	c30
0.00659818512045649	-1.48550552116618	0.193	0.226	1	AOAH	c30
0.847019154159368	-1.4779430380795	0.037	0.034	1	METAP1D	c30
0.114641295927414	-1.47079337020606	0.209	0.208	1	IFNGR1	c30
0.000130584473189735	1.46959197585681	0.047	0.018	1	TRAV1-1	c30
0.687496907293085	-1.4664762741472	0.031	0.034	1	FAM117B	c30
0.77823339434154	-1.46573243936626	0.081	0.08	1	ANO9	c30
0.859546139483572	-1.46417926520398	0.037	0.038	1	CH17-373J23.1	c30
0.000143337257244219	1.46253224979002	0.012	0.002	1	HSD17B6	c30
0.704397984101833	-1.45639768913284	0.028	0.031	1	CTD-2035E11.3	c30
6.61240118394785e-05	1.45564821475664	0.143	0.085	1	TRAV13-1	c30
0.865579355665516	-1.45261361426236	0.019	0.02	1	FBXL14	c30
0.796396378087115	-1.45178158633724	0.04	0.042	1	TTC12	c30
0.592973379212746	-1.44463801818873	0.097	0.097	1	CEP68	c30
0.000408666330148579	1.43882048694831	0.016	0.004	1	TMEM217	c30
0.462161138464656	-1.43770560554715	0.106	0.109	1	EPHX2	c30
0.509021746907488	-1.43654012368389	0.034	0.027	1	ZBTB11-AS1	c30
0.370107435669989	-1.43605350089527	0.059	0.069	1	AC013264.2	c30
0.281937818968026	-1.43507598047053	0.097	0.107	1	KDM7A	c30
0.963426994163172	-1.43334926920227	0.034	0.034	1	RP11-37B2.1	c30
0.0332833976289475	-1.43293436290167	0.15	0.175	1	RP11-51J9.5	c30
4.0555706523565e-05	1.43275614649146	0.019	0.004	1	AGRN	c30
6.98404577340977e-05	1.4315168547061	0.012	0.002	1	P2RX5-TAX1BP3	c30
0.798861477969975	-1.42979135128099	0.009	0.011	1	ZNF546	c30
0.000169807641013476	1.42959048371403	0.012	0.002	1	RBPMS	c30
0.000610230056312554	1.4281860199995	0.016	0.004	1	KIAA1161	c30
0.507772758248033	-1.42787481211064	0.006	0.01	1	ADAMTSL5	c30
0.166274728205961	-1.42520385255684	0.193	0.192	1	GIMAP5	c30
0.200689963956933	-1.42514747627023	0.125	0.135	1	KLF9	c30
0.636188699977661	-1.42421757829687	0.044	0.048	1	PDE8A	c30
0.982988750961732	-1.42368526400416	0.028	0.028	1	C21orf62-AS1	c30
0.000272725078161522	1.42337076075263	0.012	0.002	1	CTC-548K16.2	c30
0.534942269802995	-1.42000673142353	0.1	0.101	1	HECA	c30
0.000271465452785752	1.41978274605363	0.012	0.002	1	RP11-259K5.2	c30
0.000117903982857046	1.41950831822452	0.025	0.007	1	CSF2	c30
0.904737649343024	-1.41938489583707	0.047	0.043	1	KIAA1147	c30
0.695893537793884	-1.41803760734162	0.106	0.103	1	RP11-596C23.2	c30
0.751500381948301	-1.41068044422942	0.016	0.018	1	MTL5	c30
0.841202192749296	-1.41041665595905	0.04	0.042	1	TRGV4	c30
0.316619346180478	-1.40933872987312	0.044	0.032	1	ENGASE	c30
0.382869723931958	-1.40749998500874	0.065	0.074	1	RP13-977J11.2	c30
0.76391341304381	-1.40666254612251	0.044	0.045	1	LDOC1	c30
0.843430377048471	-1.40045139603369	0.168	0.15	1	RERE	c30
0.679145616798818	-1.39606291598991	0.196	0.174	1	TRMO	c30
0.95944968597611	-1.39077767442281	0.065	0.061	1	ZSCAN18	c30
0.0302848052153807	-1.39020499717004	0.227	0.236	1	ZBTB20	c30
0.306521643189131	-1.39000241980264	0.062	0.073	1	SGSH	c30
0.00295347705712546	-1.38473713704232	0.283	0.3	1	TSPYL2	c30
0.930510742683958	-1.38296273267139	0.019	0.018	1	HOOK1	c30
0.33390205471772	-1.38146655234622	0.025	0.034	1	CHN2	c30
0.662729977138778	-1.38134728300099	0.034	0.029	1	TTC39C-AS1	c30
0.799532964830383	-1.38031428326303	0.034	0.036	1	CTD-2245F17.3	c30
0.466366421869774	-1.38021559097778	0.006	0.01	1	TMEM86B	c30
0.594444912518119	-1.37939882014394	0.084	0.071	1	CROCC	c30
0.470695264526617	-1.37864032938083	0.196	0.181	1	FBXO34	c30
0.936840840346464	-1.37587735312377	0.053	0.05	1	PCSK1N	c30
0.490955509651523	-1.37414919788941	0.019	0.014	1	FITM2	c30
0.0002382222832549	1.37404508585659	0.016	0.003	1	LL22NC03-86G7.1	c30
0.242034101898567	-1.3734135783927	0.022	0.033	1	NLRP6	c30
0.48132110940464	-1.37334666542838	0.006	0.01	1	WNT7A	c30
3.76412828805e-05	1.37261944865499	0.016	0.003	1	ITGB4	c30
0.655407136150686	-1.36897221137858	0.056	0.048	1	FHIT	c30
0.610749314644375	-1.36799517631277	0.034	0.039	1	RP11-326C3.11	c30
0.699831450257832	-1.36626591061946	0.037	0.032	1	DISC1	c30
0.340837722387144	-1.36603703581991	0.062	0.073	1	ZHX2	c30
0.0124264315394326	1.3650125918195	0.012	0.004	1	NTNG2	c30
0.456509924249099	-1.36462387734699	0.022	0.028	1	GSAP	c30
0.450530570474952	-1.36362890834625	0.012	0.018	1	STX3	c30
0.609515221012456	-1.36336665077209	0.168	0.155	1	BEX4	c30
0.157049125320053	-1.36164255284814	0.019	0.032	1	MATN1-AS1	c30
0.483285232075108	-1.36048382595647	0.044	0.051	1	DUSP6	c30
0.00101205364103479	1.35932280231014	0.012	0.003	1	AC007773.2	c30
0.943560160273951	-1.35630460820496	0.04	0.04	1	DCBLD1	c30
0.528741127708049	-1.35624842631628	0.031	0.037	1	PLCL1	c30
0.882213501574775	-1.35559546474598	0.031	0.032	1	TMOD2	c30
0.00335688421124121	1.35213817991881	0.012	0.003	1	REG4	c30
0.448378971150732	-1.35149115677097	0.012	0.018	1	KCNQ1	c30
0.801179432742144	-1.35118237538363	0.012	0.011	1	CTD-2357A8.3	c30
0.840254097111369	-1.35014209995692	0.028	0.029	1	TRGC1	c30
0.00197958437602067	1.34990579315372	0.016	0.004	1	PPT2	c30
0.37644108129499	-1.34699521475626	0.178	0.17	1	RIC3	c30
0.633615797640938	-1.34595186694863	0.019	0.022	1	AC097713.4	c30
0.656031108223028	-1.3455964807121	0.012	0.015	1	RP11-330A16.1	c30
0.000272220572088526	1.3452092028002	0.012	0.002	1	HCRT	c30
0.813529608974074	-1.34497984149074	0.065	0.059	1	C1orf21	c30
0.539265834029347	-1.34419507089644	0.006	0.01	1	ADAMTS4	c30
0.692068555026624	-1.34409863553085	0.075	0.077	1	CEBPD	c30
0.920167235490528	-1.34303577503479	0.09	0.086	1	DTHD1	c30
0.000115713035605262	1.34248446985884	0.016	0.003	1	ALG1L2	c30
0.648479147478588	-1.33904557961433	0.009	0.012	1	PI16	c30
0.209104623105346	-1.33772533420566	0.034	0.048	1	ADHFE1	c30
0.79694752538925	-1.33365013866355	0.128	0.11	1	KPNA5	c30
0.55755125488389	-1.3327213080348	0.012	0.009	1	SPRY2	c30
0.930492568097628	-1.33180454225025	0.128	0.116	1	CYHR1	c30
0.0289889322940339	1.33053767453935	0.012	0.004	1	RP11-624C23.1	c30
0.053318407881936	1.32884925647081	0.012	0.005	1	ERBB3	c30
0.355399940524178	-1.32835084858203	0.084	0.094	1	FCRL6	c30
0.890598023391286	-1.32670631002313	0.069	0.067	1	SMARCD3	c30
0.000799710651234815	1.32667866136	0.016	0.004	1	RP11-404F10.2	c30
0.751378519160543	-1.32644666512009	0.009	0.011	1	LINC00544	c30
0.00102280569932082	-1.3244406573555	0.193	0.244	1	MATK	c30
0.00198921177745476	1.32401555779336	0.016	0.004	1	GLB1L	c30
0.745724225322121	-1.32399898147272	0.019	0.021	1	SWT1	c30
0.00070554522739689	1.32221842041127	0.012	0.003	1	DAB2IP	c30
0.2371386481496	-1.32185348895177	0.003	0.01	1	FBP1	c30
0.439926877679442	-1.32123543288772	0.059	0.067	1	RP11-284N8.3	c30
0.714293533345338	-1.32089492938731	0.009	0.011	1	GSN	c30
0.902424635402473	-1.31982233672768	0.012	0.013	1	NEIL1	c30
0.847827623741977	-1.3163406380934	0.078	0.076	1	SH2D3A	c30
0.00179352269410646	1.31486147422427	0.034	0.014	1	TRBV7-7	c30
0.000333334460290103	1.31440762469661	0.016	0.003	1	TUFT1	c30
0.0225796628179411	-1.3137581711715	0.134	0.17	1	AREG	c30
0.99237995439189	-1.3134236497866	0.028	0.027	1	RASGRF2	c30
0.000167565021539704	1.31216865004228	0.016	0.003	1	ARHGEF35	c30
0.868330537424769	-1.31054990477683	0.009	0.01	1	ARAP3	c30
5.5419137478762e-05	1.30641706045338	0.025	0.006	1	RP11-17A1.3	c30
0.656978488984121	-1.30470924634508	0.012	0.015	1	SYNGR1	c30
0.180265463585844	-1.30221870058083	0.003	0.011	1	ACVR1C	c30
0.857787290012043	-1.29971954505125	0.031	0.029	1	TADA2B	c30
0.784157467235569	-1.29793358666208	0.047	0.048	1	CMB9-22P13.1	c30
0.571825240651305	-1.29731979493031	0.034	0.039	1	AUTS2	c30
0.770621437591227	-1.29673493939287	0.028	0.025	1	N4BP3	c30
0.820623540339781	-1.29586512497576	0.075	0.073	1	HSBP1L1	c30
0.859268639068616	-1.29498223233883	0.009	0.01	1	ATP8A2	c30
0.878603583779098	-1.28974255784541	0.025	0.023	1	ZNF554	c30
0.0905898137523955	-1.28783430970537	0.075	0.1	1	TRGV10	c30
0.488917771047761	-1.28765950242171	0.044	0.035	1	ZNF552	c30
0.00124158932067879	1.28724829776054	0.016	0.004	1	HOXB3	c30
0.719450615420654	-1.28365357172066	0.037	0.04	1	AC021188.4	c30
0.616802474407486	-1.28313597288441	0.053	0.045	1	RAB43	c30
0.330697229088455	-1.28296080313905	0.146	0.148	1	TNRC6C	c30
0.961479646184933	-1.28290883773699	0.022	0.021	1	FER	c30
0.279239717591484	-1.28222797307405	0.162	0.163	1	CAMK1D	c30
0.93257000417199	-1.28055499735309	0.022	0.021	1	KRTCAP3	c30
0.462428215020857	-1.27983116296706	0.05	0.058	1	TRAV12-1	c30
0.548762653676191	-1.279729454443	0.009	0.013	1	MCC	c30
0.513367265295333	-1.27902296531432	0.012	0.017	1	ZNF565	c30
0.000184140438468856	1.27449024845004	0.031	0.01	1	ZNF436	c30
0.000143764041496378	1.27253278036325	0.012	0.002	1	RP11-689B22.2	c30
0.924251370374731	-1.27087004175369	0.012	0.013	1	ROBO3	c30
0.668448594333285	-1.26962858114981	0.009	0.012	1	TRIM66	c30
0.821387444971235	-1.26836510106824	0.034	0.031	1	NFIA	c30
0.0139967050801424	1.26834623805486	0.012	0.004	1	COL6A1	c30
0.566193628430808	-1.26688916643358	0.034	0.028	1	C20orf194	c30
0.00031636815822436	1.26685151822405	0.012	0.002	1	DFNB59	c30
0.94199385822028	-1.26671361859326	0.128	0.114	1	RP11-660L16.2	c30
0.657252622639122	-1.26605634194889	0.121	0.118	1	TRABD2A	c30
0.460464176520937	-1.26353407089405	0.075	0.061	1	AP001055.6	c30
0.311995001396502	-1.26292737928589	0.125	0.132	1	PLEK	c30
0.957252023064747	-1.26092568238515	0.009	0.01	1	RASL11A	c30
0.00157918482915763	1.26050728329139	0.016	0.004	1	CRTC3-AS1	c30
0.876303285726314	-1.25956831534854	0.022	0.02	1	FN3K	c30
0.132703326434316	-1.2592504121191	0.159	0.17	1	KLHL24	c30
0.729430185573028	-1.25817829036331	0.019	0.021	1	PLEKHG1	c30
0.549558312189319	-1.25813601014917	0.081	0.068	1	AFAP1	c30
0.771101995626499	-1.25495140931388	0.022	0.024	1	CCND1	c30
0.443200347529809	-1.25055829488732	0.221	0.201	1	SNRK	c30
0.000120227487555899	1.24913742458462	0.019	0.004	1	RNF215	c30
0.00101446086825507	1.24837112853028	0.012	0.003	1	KCTD1	c30
0.771045646987291	-1.24782847524908	0.028	0.025	1	GTF2IRD2	c30
0.195486631578185	-1.24639382599365	0.065	0.047	1	GPD1L	c30
0.803593132556408	-1.24565562728333	0.012	0.014	1	RP11-333E1.1	c30
0.998446743486058	-1.2444318106088	0.084	0.078	1	DYRK2	c30
0.964064599720671	-1.24326205818441	0.109	0.101	1	CBX7	c30
0.21196242518278	-1.24313154022643	0.003	0.01	1	C17orf51	c30
0.913190517771369	-1.24168265897815	0.022	0.021	1	TRAV38-1	c30
0.914540731684908	-1.24152946310546	0.012	0.012	1	ADAM22	c30
0.407452414108513	-1.24101812613335	0.115	0.12	1	SYTL2	c30
0.00309299753610277	1.24048970710611	0.012	0.003	1	PKIB	c30
0.107320023805552	-1.23783794538505	0.003	0.014	1	IL5RA	c30
0.803247676064116	-1.23596567853657	0.153	0.131	1	PILRB	c30
5.87042792522088e-05	1.23516146106743	0.016	0.003	1	LRRC3	c30
0.314819256931027	-1.23425930432945	0.19	0.184	1	KLF12	c30
0.704883386451028	-1.23414896527234	0.04	0.035	1	TNFRSF10D	c30
0.000149852388503547	1.23347843914025	0.016	0.003	1	KCNH4	c30
0.93740729790952	-1.23113249150269	0.028	0.028	1	RP11-473M20.9	c30
0.439480212289032	-1.23087241867554	0.09	0.097	1	GIMAP8	c30
0.436494852782235	-1.22925558396771	0.255	0.223	1	DYNLT3	c30
0.570645815858922	-1.22883665010846	0.044	0.049	1	GDPD5	c30
0.524634982069747	-1.22721604978853	0.037	0.03	1	NUGGC	c30
0.459564141114394	-1.22687862109293	0.237	0.212	1	SNHG9	c30
0.00187864722330137	-1.22595711127351	0.262	0.291	1	MYLIP	c30
0.415976113488568	-1.22587703771666	0.134	0.107	1	LY96	c30
0.927425983309555	-1.22579123293136	0.019	0.019	1	DRAM1	c30
0.00114919951006435	1.22537042795572	0.016	0.004	1	RP11-467D6.1	c30
0.909123143699018	-1.22504906833959	0.078	0.075	1	NR1D2	c30
0.200221811472266	-1.22322211462882	0.255	0.238	1	CDC14A	c30
0.507977922688672	-1.22229625985797	0.078	0.064	1	CTA-292E10.6	c30
0.633178070080601	-1.21669590432655	0.196	0.159	1	COG5	c30
0.00184979416695888	1.21584772379175	0.016	0.004	1	TPRN	c30
0.0906689759567975	-1.21531439367216	0.234	0.235	1	AP000769.1	c30
0.876899844745877	-1.21473804321345	0.012	0.013	1	PYROXD2	c30
8.44703952200435e-05	1.21420780846777	0.012	0.002	1	RP11-15B17.1	c30
0.496783330676483	-1.21399743766642	0.075	0.061	1	RFX3	c30
0.954317201097652	-1.21297526851003	0.025	0.025	1	C6orf99	c30
0.641505316274805	-1.21056261191966	0.028	0.023	1	RP11-367G6.3	c30
0.00740616963866679	1.2103325015325	0.012	0.003	1	ABHD14A-ACY1	c30
0.712007736523074	-1.20740400298512	0.181	0.163	1	KDM4C	c30
0.847106428961414	-1.2069487761892	0.012	0.014	1	JMJD7-PLA2G4B	c30
0.00109009199987309	-1.20494487235681	0.302	0.322	1	LY9	c30
3.75944369708061e-05	1.20352802863624	0.016	0.003	1	RP11-602N24.3	c30
0.924870966179656	-1.20242592481153	0.056	0.055	1	ABCA5	c30
0.648252330529051	-1.20174498332718	0.034	0.029	1	EXOC6B	c30
0.48040471254336	-1.2007357285612	0.209	0.163	1	SGTB	c30
0.644219580451889	-1.20034348862669	0.012	0.015	1	SMIM1	c30
0.799573693230405	-1.19835476661589	0.103	0.091	1	MGAT5	c30
0.5867905489049	-1.19765504659204	0.053	0.045	1	MAP9	c30
0.000369492566587672	1.19676364106363	0.016	0.004	1	FRMD6	c30
0.995305462026277	-1.19586892410252	0.012	0.012	1	FAM229B	c30
0.432271484525942	-1.19571467199116	0.19	0.18	1	RP11-325F22.2	c30
0.548147832444189	-1.19563460041159	0.059	0.049	1	TSHZ1	c30
0.403820471580827	-1.19550619383256	0.006	0.011	1	MAP3K10	c30
0.13625547748046	-1.19480221431027	0.302	0.272	1	AC245100.1	c30
7.08817138002653e-05	1.19375300508272	0.028	0.008	1	GALNT4	c30
0.703064799035242	-1.1906229362299	0.025	0.028	1	RP11-489E7.4	c30
0.668852381760193	-1.19050527440187	0.131	0.111	1	SLC39A10	c30
0.926045456258588	-1.18971744180917	0.034	0.032	1	FAM46A	c30
0.0192266159701844	-1.18930839635431	0.283	0.289	1	SAMD3	c30
0.000178887486557425	1.18754786049759	0.019	0.004	1	ANGPTL6	c30
0.114453700582419	-1.18691786827206	0.019	0.035	1	TRAV1-2	c30
0.622847547715104	-1.18613795039208	0.053	0.045	1	LINC00920	c30
0.973148379702969	-1.18264804363403	0.037	0.036	1	RP11-223C24.1	c30
0.400277855450836	-1.18192449400454	0.022	0.029	1	RP11-589C21.5	c30
0.0979043971578856	-1.18155184196493	0.277	0.264	1	ABLIM1	c30
0.86216916140722	-1.18083542995818	0.081	0.073	1	AIG1	c30
0.000298052150938409	1.17981989008765	0.016	0.003	1	SOWAHD	c30
0.543128822114573	-1.17975508727026	0.031	0.037	1	RP11-1399P15.1	c30
0.936648478914541	-1.17671017433812	0.028	0.027	1	ATG9B	c30
0.00122286342601045	1.1747276948917	0.025	0.008	1	RHOD	c30
0.573404408140586	-1.1740974083319	0.072	0.06	1	RRAGB	c30
0.81946369262262	-1.17182831528183	0.034	0.031	1	AF213884.2	c30
0.376416334414888	-1.17145562122114	0.137	0.108	1	BCL9L	c30
0.00368453544382433	1.16734206654204	0.012	0.003	1	HLA-DQB2	c30
0.727343830032211	-1.16656797025555	0.012	0.015	1	RP11-61J19.5	c30
0.101028332083857	1.16556436032545	0.012	0.006	1	ANKHD1-EIF4EBP3	c30
0.908150098929437	-1.16310846963893	0.084	0.077	1	APP	c30
0.435846257224825	-1.16168338283992	0.305	0.26	1	MLLT3	c30
0.334528506902228	-1.16024314101194	0.143	0.112	1	SH3YL1	c30
3.7770395007656e-05	1.15943083718133	0.016	0.003	1	PINLYP	c30
0.0912398019840732	1.15830650263679	0.016	0.007	1	JAG2	c30
0.00339603895000261	1.15404327148141	0.031	0.013	1	CLEC7A	c30
0.474586885219248	-1.15267641543569	0.012	0.009	1	RP11-439L18.2	c30
4.78838656840229e-05	1.15222051129212	0.031	0.009	1	RP11-498P14.5	c30
0.663079881138954	-1.15218748013552	0.022	0.018	1	SNX30	c30
0.372039262570182	-1.1518545981352	0.019	0.013	1	SLC22A17	c30
5.8037077968129e-05	1.15174842866187	0.019	0.004	1	RP11-425D10.10	c30
0.597051942091729	-1.15142046193087	0.125	0.104	1	ZNF10	c30
0.498220204600573	-1.1501178714037	0.037	0.03	1	BEX5	c30
0.00408302288627537	-1.14923980919504	0.408	0.37	1	EPB41	c30
5.25371110696193e-05	1.14905251433531	0.022	0.005	1	ETNK2	c30
0.00207750640328984	-1.14848326021351	0.411	0.379	1	GIMAP2	c30
0.000200102686291759	1.14740552252781	0.012	0.002	1	CEP83-AS1	c30
0.00331170279525476	1.14693140535088	0.019	0.006	1	LINC01146	c30
0.84010550511478	-1.14638312901359	0.146	0.128	1	RIPK2	c30
0.619317945950702	-1.14499617945967	0.019	0.015	1	CKAP4	c30
0.000373645157166167	1.14462004722535	0.016	0.004	1	FAM218A	c30
0.891889472098187	-1.14357334863662	0.156	0.136	1	ZMAT3	c30
0.0167008094985147	1.14288578627902	0.012	0.004	1	USP46-AS1	c30
0.133862328655147	-1.14277555811368	0.075	0.052	1	YES1	c30
0.342235771641093	-1.14267595386821	0.047	0.035	1	IFNGR2	c30
0.545252422520812	-1.14221317662139	0.05	0.041	1	PSTPIP2	c30
0.00249143465102221	1.14220282429169	0.016	0.004	1	LCAT	c30
0.928240925587376	-1.14167853177323	0.112	0.104	1	RP11-222K16.2	c30
0.476050106155878	-1.14153834956865	0.084	0.069	1	PAXIP1-AS2	c30
0.00080244311509994	1.14098804538661	0.012	0.003	1	OGN	c30
0.636440539324547	-1.14039422976107	0.087	0.075	1	RP3-395M20.12	c30
0.424180795353894	-1.1376055091655	0.109	0.114	1	SLAMF7	c30
0.362891739319423	-1.13472375511512	0.103	0.082	1	CHD7	c30
0.869938290696491	-1.13447746681209	0.24	0.196	1	LINC01550	c30
0.00383526321589711	-1.1343888284799	0.452	0.395	1	SAMHD1	c30
0.848238981314227	-1.13376806552059	0.153	0.133	1	FAAH2	c30
0.888355211531869	-1.12926869221219	0.056	0.052	1	CAPN12	c30
0.586467224101331	-1.129222876121	0.202	0.184	1	CREBRF	c30
8.02506048226108e-05	1.12659734340155	0.025	0.007	1	TMEM155	c30
0.877074474916806	-1.12565287304027	0.227	0.195	1	CBFA2T2	c30
0.959705327159004	-1.12540583766891	0.028	0.028	1	PPP1R3B	c30
0.891332225916295	-1.12516770659573	0.134	0.118	1	AC006369.2	c30
0.749093744483332	-1.12319995811462	0.028	0.025	1	DNAH1	c30
0.516632932894526	-1.12283068904543	0.084	0.07	1	ELL2	c30
0.11635883191175	1.12256298473916	0.044	0.029	1	TRBV30	c30
6.46857713553903e-05	1.12238905017564	0.019	0.004	1	PANO1	c30
0.00134565273694914	1.11918639709968	0.016	0.004	1	ASMTL-AS1	c30
0.146996309872743	-1.11787639862981	0.259	0.245	1	AC241585.2	c30
0.847163419632902	-1.11785522293935	0.103	0.092	1	CPQ	c30
0.746022188478042	-1.11542791382967	0.14	0.132	1	PPP2R2B	c30
0.515083971147958	-1.11506637041454	0.162	0.131	1	MBD5	c30
0.768767751765282	-1.11470625476941	0.009	0.011	1	WNT1	c30
0.194455968547136	1.11461103258722	0.016	0.009	1	IL10	c30
0.60579088887279	-1.11445563097034	0.016	0.012	1	SNED1	c30
0.00552001713406303	-1.11390512157874	0.439	0.38	1	SBDS	c30
0.728349377735419	-1.11265187586497	0.025	0.028	1	TRAV8-1	c30
0.672019820013302	-1.1113996014359	0.165	0.155	1	RP11-707G18.1	c30
0.955588075369463	-1.11114876992429	0.019	0.018	1	TMEM182	c30
0.0111085852954036	1.10942490609688	0.012	0.004	1	CBLN3	c30
0.588525890873659	-1.10907668218382	0.009	0.013	1	SLC25A30	c30
0.390398414532743	-1.10795516461777	0.019	0.013	1	RPH3AL	c30
0.912227342003648	-1.10775766757692	0.025	0.023	1	CTD-2026K11.4	c30
0.421195063459601	-1.10767662776087	0.143	0.144	1	MMP25-AS1	c30
0.210856611231328	-1.10711981481136	0.028	0.018	1	RP11-734K2.4	c30
0.365295780042215	-1.10612873301788	0.047	0.058	1	TRGV2	c30
0.422016544639788	-1.10554197294292	0.106	0.085	1	EZH1	c30
0.965605082279458	-1.10504073170656	0.012	0.012	1	ZCCHC14	c30
0.552008500676658	-1.10501093528714	0.044	0.036	1	ZCCHC18	c30
0.909464981216274	-1.10440705218339	0.059	0.058	1	SLC2A11	c30
0.109022048376933	1.10235421157532	0.059	0.041	1	TRAV12-3	c30
0.86710013486038	-1.10201369316974	0.05	0.046	1	SLC35D2	c30
0.877030475199383	-1.10025687169172	0.087	0.084	1	ZBTB4	c30
0.403298854384083	-1.0985739873506	0.087	0.07	1	TMEM191C	c30
0.267312602938913	-1.09814196112319	0.022	0.033	1	TRAV25	c30
0.00105574464884221	1.0978863787447	0.016	0.004	1	NINL	c30
0.00200616319921133	1.09752369860059	0.016	0.004	1	RP11-305L7.1	c30
0.902039647042682	-1.09745585656222	0.009	0.01	1	CCNJ	c30
0.473439329804102	-1.09745256375301	0.181	0.144	1	RARA	c30
0.41525796548642	-1.0974420855273	0.062	0.05	1	RP11-554J4.1	c30
0.894722194964726	-1.09683078390489	0.09	0.082	1	ATHL1	c30
0.560206202338621	-1.09393166447658	0.24	0.189	1	MAML2	c30
0.340962957817218	-1.09374026866639	0.059	0.045	1	PLA2G6	c30
0.263294822852428	-1.09295515952701	0.199	0.149	1	LYRM5	c30
0.721788965203592	-1.09005378248515	0.209	0.171	1	TMEM204	c30
0.00115696469132452	1.08956705016152	0.016	0.004	1	C7orf25	c30
0.787306229282229	-1.08904131100683	0.019	0.016	1	ZNF2	c30
0.482938639045195	-1.08879078028713	0.006	0.01	1	ZNF154	c30
0.716598409867858	-1.0883903474735	0.271	0.23	1	PLK3	c30
0.777050676599351	-1.0882069270905	0.034	0.031	1	RP11-1398P2.1	c30
0.274917031894685	-1.08671263325284	0.268	0.245	1	BTN3A1	c30
0.278589894795777	-1.0857396510428	0.19	0.144	1	SPON2	c30
0.668547531858388	-1.08522256053773	0.078	0.068	1	LRIG1	c30
0.889511210943024	-1.08416021114561	0.034	0.032	1	EFNA4	c30
0.536992705682661	-1.08369046537391	0.028	0.022	1	AC009133.12	c30
0.610311116476506	-1.08316700436566	0.019	0.023	1	TRBV5-6	c30
0.977666633356928	-1.07846130253408	0.271	0.222	1	P2RY8	c30
0.646171685394697	-1.07767129384194	0.022	0.018	1	SDR42E2	c30
0.273140567259264	-1.07744093332856	0.009	0.017	1	TRBV6-6	c30
0.249522933794814	-1.07741712721753	0.106	0.081	1	WDR89	c30
0.000551621006633257	1.07730100086669	0.012	0.003	1	UXT-AS1	c30
0.526304183740246	-1.07703224297115	0.24	0.187	1	CA5B	c30
0.870335490474938	-1.07597224872759	0.016	0.017	1	RAP1GAP2	c30
0.293239190326521	-1.07451918470193	0.43	0.341	1	LYAR	c30
0.339264347704749	-1.07366105805929	0.072	0.056	1	SYNGAP1	c30
0.191564506130687	-1.07253021808922	0.193	0.143	1	PATL2	c30
0.897922216644532	-1.07210307357413	0.022	0.02	1	RP11-334C17.5	c30
0.830652468858307	-1.06849595371188	0.012	0.011	1	TAPT1-AS1	c30
0.484283483051594	-1.06831222859731	0.037	0.03	1	FUK	c30
0.871366848430104	-1.06789981483419	0.29	0.235	1	BET1L	c30
0.91882811499364	-1.0677190351439	0.037	0.037	1	BEST1	c30
0.627191987020927	-1.06605105747929	0.302	0.23	1	EBLN3	c30
0.722462500769569	-1.06322856215927	0.146	0.125	1	DENND4A	c30
0.412841739849686	-1.06308369891989	0.293	0.219	1	RAB9A	c30
0.00209496963070121	-1.0625469762581	0.368	0.37	1	LEF1	c30
0.732268083389587	-1.06217451911505	0.028	0.024	1	MYO1D	c30
0.622810424005826	-1.06208866142742	0.022	0.018	1	RRAS	c30
0.750402807386355	-1.06186172613723	0.143	0.123	1	HELQ	c30
0.881888977805332	-1.06171244124734	0.24	0.203	1	MLLT6	c30
0.0766579655332507	-1.06117375768914	0.078	0.052	1	GNAQ	c30
0.213586186620539	-1.06085863247952	0.14	0.105	1	CTC1	c30
0.00933571654883552	1.05976915718647	0.016	0.005	1	PBLD	c30
0.0236699488322963	1.0591954073181	0.016	0.006	1	HS3ST1	c30
0.975507051141501	-1.05720150172321	0.022	0.022	1	NKD1	c30
0.300668939513734	-1.05488544435444	0.056	0.042	1	CHI3L2	c30
0.937113954160733	-1.05425713464137	0.016	0.016	1	SEC31B	c30
0.829502215660609	-1.0540409127802	0.016	0.017	1	LINC00540	c30
0.35216430924495	-1.05240050725014	0.022	0.015	1	ITGA3	c30
0.767566065537973	-1.05215134540612	0.019	0.016	1	RP11-81H14.2	c30
0.0059560590915657	1.05180740715415	0.012	0.003	1	PEG10	c30
0.223007785135617	-1.05110417588736	0.047	0.033	1	SNURF	c30
0.931494227439628	-1.04937980820802	0.037	0.035	1	EFHC1	c30
0.458121175170828	-1.04879914984485	0.206	0.192	1	NBPF15	c30
0.180919979331204	-1.04853628681682	0.065	0.047	1	BBS9	c30
0.971501374284557	-1.04833251307288	0.081	0.076	1	RNU12	c30
0.799775160691506	-1.04811821221913	0.012	0.011	1	CFAP44	c30
0.790275799958979	-1.04774417112743	0.187	0.158	1	NCK2	c30
0.696135730509625	-1.04591097600837	0.031	0.027	1	ZNF583	c30
0.277375601723757	-1.04575519435907	0.184	0.14	1	AKAP7	c30
0.989292173449598	-1.0457468508064	0.022	0.021	1	FLJ20021	c30
0.00285437584216144	1.04555372665438	0.016	0.004	1	HCN2	c30
0.0826212696554836	-1.04495400877799	0.115	0.08	1	ZNF264	c30
0.61407510153407	-1.04481743105963	0.025	0.02	1	SYNJ2BP	c30
3.63551988245947e-05	1.04372445980871	0.019	0.004	1	PAGE5	c30
0.609775414356173	-1.04347411849198	0.118	0.101	1	MTRNR2L8	c30
0.827292011482966	-1.04029207469549	0.009	0.011	1	SLC35G2	c30
0.000888747780891069	1.03943052325507	0.016	0.004	1	RP11-479G22.8	c30
0.535761072598677	-1.03881141111819	0.031	0.037	1	CH25H	c30
0.0158716080383571	1.0384917928869	0.012	0.004	1	CLIP3	c30
0.224771751996265	-1.03845292688035	0.022	0.034	1	TRBV11-2	c30
0.288790008721074	-1.03794827166525	0.028	0.039	1	TRBV3-1	c30
0.568046919754175	-1.03767842529595	0.031	0.037	1	TRBV2	c30
0.332367556721806	-1.03750159519054	0.025	0.017	1	TGFBR3L	c30
0.00284081527025769	1.03561114325366	0.012	0.003	1	RP11-72M17.1	c30
0.0015813177188686	1.03449348752891	0.012	0.003	1	C9orf66	c30
0.698617785420283	-1.03402024268383	0.081	0.071	1	ABCA7	c30
0.505425110003581	-1.0317102291458	0.006	0.01	1	ZNF208	c30
0.000483380752132421	1.02930969321885	0.012	0.002	1	RP11-84C10.4	c30
0.486993945941708	-1.02887729594205	0.28	0.246	1	TGIF1	c30
0.00759601705254133	1.02855560481275	0.016	0.005	1	SH3D21	c30
0.744701922969174	-1.02843577803109	0.009	0.011	1	RP11-147L13.13	c30
0.787722130334716	-1.02768626795134	0.19	0.16	1	YPEL2	c30
0.608938520500571	-1.02715881740406	0.056	0.048	1	LIN7B	c30
0.466685975452062	-1.02659173882368	0.009	0.014	1	PLAUR	c30
0.920422963558416	-1.02579613802724	0.243	0.199	1	TBC1D10A	c30
0.612113422518409	-1.02296702408533	0.037	0.042	1	HSPA6	c30
0.388927728481974	-1.02237269886639	0.028	0.037	1	TRAV23DV6	c30
0.186168408584435	-1.02044641402556	0.125	0.093	1	TPD52	c30
0.353776469508552	-1.01955167457391	0.312	0.269	1	EPB41L4A-AS1	c30
0.325865942383678	-1.01906344563278	0.034	0.025	1	TMTC2	c30
0.226133915876585	-1.0184373890076	0.081	0.06	1	PLCD1	c30
0.000210643006747666	1.01800239756162	0.028	0.009	1	ULBP2	c30
0.975677495091194	-1.01755946649168	0.09	0.084	1	TP53INP1	c30
0.460872802814559	-1.01654246389546	0.028	0.035	1	TRBV4-2	c30
0.134978474566629	-1.01640436289801	0.078	0.055	1	ACBD4	c30
0.299825871129923	-1.01255853777064	0.137	0.107	1	PDCD4-AS1	c30
0.0444689567065566	-1.01182971174514	0.128	0.086	1	VWA8	c30
0.536896941974705	-1.01058249082926	0.302	0.258	1	BCL2	c30
0.843533377842713	-1.00900382968624	0.016	0.014	1	RP11-486G15.2	c30
0.896621507695068	-1.00874486107944	0.103	0.093	1	DIP2B	c30
0.000503305579149682	1.00771695325295	0.022	0.006	1	XXbac-BPGBPG55C20.2	c30
0.555011954406473	-1.00633255232278	0.031	0.025	1	PLA2G4C	c30
0.316117852974525	-1.00437230746352	0.044	0.032	1	ZNF573	c30
8.04694798285061e-05	1.00347489592981	0.019	0.004	1	HDAC11-AS1	c30
0.000467891064922037	1.00150842038828	0.019	0.005	1	RP11-480D4.2	c30
0.636461099761394	-1.00080675091234	0.019	0.015	1	CTC-338M12.5	c30
0.596862643629436	-1.00048987406703	0.028	0.023	1	C1orf61	c30
0.994928078740276	-1.00043547079392	0.016	0.015	1	RP11-545I5.3	c30
0.000682226046350254	-1.00001338803549	0.449	0.418	1	FOXP1	c30
0.105615036223047	-0.999902106930286	0.212	0.151	1	RNF214	c30
0.0461978717109275	0.998052081895139	0.012	0.005	1	TRBJ2-7	c30
0.421868650730192	-0.99664851110147	0.019	0.026	1	TMEM238	c30
0.634836430020069	-0.996305789489407	0.022	0.026	1	TRBV14	c30
0.696748530874618	-0.993643383461797	0.012	0.015	1	P3H4	c30
0.802372263138957	-0.993609392141199	0.016	0.014	1	CST3	c30
0.948964325987488	-0.993521857519082	0.05	0.049	1	FXYD2	c30
0.000189959280717332	0.993232197370386	0.025	0.007	1	BFSP2-AS1	c30
0.269202288571748	-0.993191288973537	0.243	0.182	1	KIAA0922	c30
0.868736700759515	-0.992870681202606	0.181	0.156	1	METTL12	c30
0.0686702172077007	-0.992694140967883	0.053	0.033	1	LZTFL1	c30
0.84885070145986	-0.992693583588425	0.022	0.02	1	PRKCE	c30
0.661940649368188	-0.990554583290439	0.115	0.099	1	TGFBR3	c30
8.30751558914205e-05	-0.990175181792292	0.533	0.506	1	BIRC3	c30
0.0479903003445326	-0.989895245358523	0.115	0.077	1	VILL	c30
0.30987961114512	-0.989203270650398	0.022	0.015	1	PPM1N	c30
0.524406581649745	-0.988084400391903	0.408	0.319	1	SRSF8	c30
0.674298283655683	-0.987971340921077	0.05	0.043	1	METTL25	c30
0.0177439762520622	0.985083878270363	0.012	0.004	1	BHLHB9	c30
0.359657031735786	-0.984851628564907	0.034	0.025	1	LINC00528	c30
0.0594962898565191	-0.982548706233028	0.131	0.09	1	CCR6	c30
0.969194053491301	-0.982183754492642	0.025	0.025	1	RP11-162G10.5	c30
0.408048603111362	-0.981830222322818	0.146	0.117	1	TSPAN31	c30
0.330820181574766	-0.981635178541506	0.112	0.091	1	EGR1	c30
5.34618758820145e-05	0.981047692072057	0.022	0.005	1	RIMS3	c30
0.725972438233585	-0.980152827464724	0.093	0.082	1	SNAI3	c30
0.471710792683432	-0.979257936716455	0.069	0.077	1	TRAV19	c30
0.637764222792479	-0.979193572451338	0.016	0.012	1	BTBD8	c30
0.0491849108436384	-0.978679931968556	0.162	0.111	1	SC5D	c30
0.860401872921062	-0.977601074047217	0.009	0.01	1	ZNF630	c30
0.126649112888383	-0.976115949420113	0.1	0.071	1	PRR7	c30
0.00195336416982699	-0.976032087614802	0.508	0.448	1	TMEM2	c30
0.586130465018848	-0.975420738371668	0.019	0.015	1	L3MBTL1	c30
0.149238869232821	-0.975305464230849	0.293	0.273	1	ANXA2R	c30
0.636435534230739	-0.975005906921808	0.355	0.283	1	LIX1L	c30
0.64376433875014	-0.973545361801554	0.056	0.048	1	PIK3CA	c30
0.00609778412727812	0.973422753807992	0.069	0.039	1	TRAV6	c30
0.398538657620639	-0.973391456241525	0.112	0.09	1	ATG14	c30
0.00881542278704169	-0.972271923044075	0.477	0.412	1	TRAT1	c30
0.58847143379932	-0.971886984118004	0.04	0.034	1	ABL2	c30
0.781504879259084	-0.971794602239061	0.262	0.225	1	ITGB2-AS1	c30
0.546552845358306	-0.97122208178976	0.065	0.055	1	RYK	c30
0.00402196695548897	0.970333883181913	0.012	0.003	1	DYNLRB2	c30
0.600579639295546	-0.970274244601885	0.118	0.1	1	PER1	c30
0.66141717247121	-0.970263775099083	0.262	0.209	1	UBL3	c30
0.415956889864951	-0.968971106917898	0.1	0.081	1	RP11-350N15.5	c30
0.448704331539486	-0.968858110610274	0.025	0.019	1	LINC01534	c30
4.10549146878259e-05	0.968272665593219	0.019	0.004	1	TRBJ2-5	c30
0.622076561213154	-0.96706086871684	0.022	0.018	1	ANKRD34A	c30
0.424076785850985	-0.966548364413286	0.053	0.042	1	AC025171.1	c30
0.965547962565199	-0.965492413450766	0.012	0.013	1	RSG1	c30
0.515375031480019	-0.965217921353423	0.165	0.135	1	ITPKB	c30
0.00114578086688639	0.964575452207333	0.012	0.003	1	RP1-153P14.8	c30
0.173080666938057	-0.963563669089178	0.43	0.349	1	TNRC6B	c30
0.559654332538725	-0.963472692833755	0.078	0.066	1	AF131217.1	c30
0.782827650932496	-0.960756346986201	0.009	0.011	1	AZIN2	c30
0.934870121490926	-0.959730599671798	0.016	0.015	1	RP11-307C12.13	c30
0.262844183141231	-0.959622858314918	0.062	0.047	1	HDAC4	c30
0.0574050370423813	-0.959235367120456	0.044	0.026	1	F11R	c30
0.303418245787707	-0.958300017261433	0.449	0.364	1	PTGER4	c30
0.295243866988779	-0.958245156430706	0.031	0.022	1	POMGNT2	c30
0.782507288649034	-0.958019284456456	0.009	0.011	1	LINC00092	c30
0.00102171438560202	0.957721982194073	0.012	0.003	1	LKAAEAR1	c30
0.372738704022073	-0.957653307600823	0.044	0.033	1	SGSM2	c30
0.00703607744384001	-0.957514375619292	0.555	0.484	1	CITED2	c30
0.00106431688522305	0.957470044628018	0.022	0.007	1	LRRC75A	c30
9.9751745178186e-05	-0.957125076311192	0.617	0.505	1	TMEM243	c30
0.705087025558154	-0.957023221278437	0.028	0.024	1	RP5-1180E21.5	c30
0.000610513100684027	0.95570172790989	0.022	0.006	1	MAPK8IP1	c30
0.594381625290112	-0.954488667261119	0.103	0.087	1	TUBD1	c30
0.000127844597865787	0.95406771404609	0.022	0.006	1	RP3-486I3.7	c30
0.400958381529119	-0.95333250740891	0.125	0.1	1	L3MBTL3	c30
0.0256365971106877	-0.95256930625081	0.231	0.158	1	RBKS	c30
0.235083446712008	-0.950648576299309	0.558	0.414	1	HSPA1A	c30
0.186914229223053	-0.950097722231286	0.411	0.341	1	BBX	c30
0.14660412204927	-0.950060350146823	0.075	0.053	1	RRAS2	c30
0.00265703939549201	0.948464807310081	0.019	0.006	1	AC016831.7	c30
0.152404830997417	-0.948219934614605	0.15	0.111	1	TULP4	c30
0.669590976380575	-0.948202479976151	0.29	0.227	1	SENP7	c30
0.0117688702676554	0.947190841459696	0.012	0.004	1	KIF9-AS1	c30
0.44486461926213	-0.947045904284008	0.034	0.027	1	TBC1D8	c30
0.0305230357554846	-0.946756986236127	0.109	0.071	1	IMMP2L	c30
0.119019601664004	0.946300064618667	0.012	0.006	1	RP11-290C10.1	c30
0.247545986670672	-0.946187273366224	0.231	0.172	1	DCAF5	c30
0.528395074217743	-0.945373768999437	0.025	0.031	1	ZNF483	c30
0.491236001711494	-0.945137843418741	0.025	0.031	1	TRBV7-3	c30
0.416025491994858	-0.944091092804702	0.103	0.083	1	PIK3CB	c30
0.115923036525869	-0.94281908928532	0.187	0.204	1	EOMES	c30
0.322202820351792	-0.942448456520306	0.287	0.262	1	AQP3	c30
0.960387270113775	-0.942319917765186	0.016	0.015	1	ZNF616	c30
0.139121823130698	-0.941616095135025	0.103	0.074	1	NME4	c30
0.000366026552442997	0.939563036200167	0.019	0.005	1	GRAPL	c30
0.655815783526125	-0.936978544538344	0.065	0.057	1	SGK3	c30
3.07954271537007e-05	0.936942326542551	0.012	0.002	1	RBM5-AS1	c30
0.70482138492208	-0.936632855177642	0.016	0.013	1	ZNF117	c30
0.468876396592385	-0.936150697600753	0.277	0.213	1	NABP1	c30
0.0801616310870393	-0.935096920912822	0.377	0.342	1	NELL2	c30
0.472107554019974	-0.934556854026475	0.159	0.128	1	ADPRM	c30
0.10430110754641	-0.934257320149587	0.075	0.051	1	UBR3	c30
0.00452375777399597	-0.933098473421087	0.555	0.454	1	CAMK4	c30
0.458834362605402	-0.933038632686134	0.125	0.102	1	HEXDC	c30
0.28744490250579	-0.932356426636204	0.1	0.077	1	CRY2	c30
0.562621420849056	-0.932315951871916	0.053	0.044	1	PPP2R5B	c30
0.412496698464963	-0.932023314713409	0.019	0.013	1	ARMCX4	c30
0.000628371131321608	0.931629748827147	0.012	0.003	1	RNF219-AS1	c30
0.432828650097892	-0.931271960837443	0.312	0.231	1	TMEM106B	c30
0.236960565939406	-0.930780244708681	0.118	0.092	1	RTKN2	c30
0.803783659070922	-0.930636401585189	0.037	0.034	1	TRGV8	c30
0.177261848332952	-0.930478450213838	0.134	0.1	1	FOXO3	c30
0.00735836036927292	-0.930041885304338	0.526	0.442	1	GCC2	c30
0.311337918732384	-0.930001536172902	0.016	0.01	1	PMCH	c30
0.134592552508196	-0.929499910967109	0.034	0.021	1	ACO1	c30
0.141888201486871	-0.929464084540854	0.15	0.11	1	IRF2BPL	c30
0.7926096759513	-0.928278718841055	0.025	0.022	1	PAIP2B	c30
0.17652964469501	-0.927506385615612	0.056	0.039	1	PHOSPHO2	c30
0.931831305036652	-0.927034135199726	0.031	0.03	1	RP11-763B22.4	c30
0.631131151872498	-0.926742614101961	0.025	0.021	1	RP11-430B1.2	c30
0.00146580597902999	0.926597779426102	0.022	0.007	1	ZBED6CL	c30
0.474897592172414	-0.926468947289938	0.016	0.011	1	AC108004.3	c30
0.831936829058625	-0.925978536500127	0.393	0.302	1	NPC2	c30
0.000891134497006869	-0.925754663210169	0.629	0.495	1	RBL2	c30
0.171529617855277	-0.925399461828009	0.106	0.078	1	RP11-902B17.1	c30
0.129130633360252	-0.925124120900733	0.103	0.074	1	RBM43	c30
0.0794875519426703	-0.924885050338247	0.081	0.055	1	ADARB1	c30
0.0863198914130499	-0.924662393162623	0.047	0.029	1	ZNF41	c30
0.00555466694348789	0.923538977576453	0.012	0.003	1	FSTL3	c30
0.651772710455235	-0.922283179285859	0.287	0.248	1	LINC00936	c30
0.000399134935087452	0.922222719020225	0.019	0.005	1	TRIM16L	c30
0.90208442463589	-0.921955473139831	0.296	0.24	1	GOLGA8B	c30
0.328692560678661	-0.921870601146577	0.034	0.025	1	LIPE-AS1	c30
0.0175623036182904	-0.920540413653313	0.467	0.403	1	INPP4B	c30
0.000164454917760353	0.919978425944982	0.031	0.01	1	PDGFA	c30
0.0599699024782903	-0.91978670561072	0.159	0.11	1	TRDMT1	c30
0.316564667270433	-0.918008434731379	0.212	0.163	1	WHAMM	c30
0.135633418007306	-0.917648938571712	0.171	0.126	1	DNAJB4	c30
0.022775684048931	-0.917375296629695	0.075	0.045	1	DBP	c30
0.736677559801323	-0.917314391800764	0.009	0.011	1	NPM2	c30
0.0015868383584629	0.916913921647854	0.012	0.003	1	RNU11	c30
0.145937501146897	-0.916111132937487	0.065	0.046	1	MARCH8	c30
0.00113164831262069	0.916037523850927	0.019	0.005	1	HMHB1	c30
0.902928114464348	-0.915153021456748	0.012	0.012	1	RP11-495P10.1	c30
0.908193745443601	-0.914137822099694	0.187	0.162	1	CALCOCO1	c30
0.480148710131908	-0.913754628162353	0.293	0.229	1	SOCS3	c30
0.00259217961366496	0.913595333318638	0.012	0.003	1	CRYGS	c30
0.68779474976148	-0.912278297945155	0.065	0.057	1	TBC1D19	c30
0.00035422733189335	0.910567100095252	0.025	0.007	1	DECR2	c30
0.85448511310231	-0.906629361604287	0.012	0.014	1	NATD1	c30
0.198445682529921	-0.906588056422028	0.227	0.168	1	TARSL2	c30
0.000198399470956343	0.906352167595875	0.019	0.004	1	CTC-246B18.10	c30
0.8984858488641	-0.905816295688303	0.246	0.211	1	STMN3	c30
0.655184854560281	-0.904051806911458	0.358	0.29	1	THEM4	c30
0.474049916445317	-0.903606148371692	0.262	0.203	1	PXN	c30
0.0710310269333654	-0.903436649831546	0.093	0.064	1	STK40	c30
0.0792894699521864	-0.903205015734031	0.156	0.11	1	HIVEP2	c30
0.445088052945214	-0.901966726651918	0.302	0.244	1	KLRB1	c30
0.000245326228057959	0.900140157281716	0.034	0.012	1	RNF122	c30
0.468711172960117	-0.89954326524497	0.1	0.082	1	AC241377.2	c30
0.330874022394124	-0.898667565940748	0.044	0.033	1	PLCG2	c30
0.917776647753239	-0.897937916569564	0.016	0.015	1	RPS6KA2	c30
0.0703355382939575	-0.897794190400557	0.171	0.121	1	ZNF274	c30
0.011174015851197	-0.896189522940449	0.121	0.075	1	EFCAB2	c30
0.17272109819838	-0.896090722758289	0.29	0.207	1	TNFRSF10A	c30
0.0510137085138971	-0.895765010283944	0.056	0.034	1	RARG	c30
0.242640356324611	-0.895650460889643	0.062	0.046	1	HABP4	c30
0.429891279272202	-0.895074029915242	0.106	0.086	1	GAB3	c30
0.899743438086546	-0.8943985821087	0.389	0.295	1	OTUD6B-AS1	c30
0.00039638774870167	0.893940134670516	0.031	0.01	1	LRRC16A	c30
0.152821067121788	-0.89239321903805	0.181	0.133	1	PCNX	c30
0.385148681093841	-0.892184948279406	0.009	0.015	1	GDPD1	c30
0.158109395241554	-0.890944549293777	0.037	0.024	1	DET1	c30
0.221248224567435	-0.889071942332652	0.212	0.158	1	HDHD3	c30
0.00694871293091907	0.888854498240351	0.012	0.003	1	BAIAP2L1	c30
0.000686844263381213	0.888280263540515	0.019	0.005	1	ESR1	c30
0.000135437709707444	0.887785693771932	0.019	0.004	1	RP11-631N16.2	c30
0.00048226366254725	0.887438875545633	0.012	0.002	1	CTA-204B4.2	c30
0.348236292117196	-0.886300940619111	0.022	0.015	1	DNHD1	c30
0.00201184306742992	0.884844319973353	0.016	0.004	1	TRPV1	c30
0.0529031831060271	-0.883567436560681	0.065	0.041	1	MEPCE	c30
0.0278471456984131	-0.883325897616391	0.069	0.041	1	ICK	c30
0.671991243391855	-0.881028954206311	0.016	0.013	1	TMEM147-AS1	c30
0.0363644561080834	-0.880832205690838	0.072	0.044	1	CLUAP1	c30
4.88401467904057e-05	0.880711224420262	0.028	0.008	1	EXT1	c30
2.98677986802408e-05	0.879749949341613	0.028	0.007	1	RP11-973N13.4	c30
0.572970598988062	-0.879142156275699	0.016	0.012	1	PEX11A	c30
0.687626384010276	-0.878944503671228	0.121	0.105	1	ZFP14	c30
0.853727496772002	-0.878173166237421	0.012	0.014	1	ZBTB3	c30
0.291906440777424	-0.877625370729218	0.037	0.027	1	ZCWPW1	c30
0.184567357550484	-0.876673559483626	0.037	0.025	1	CCDC112	c30
0.37826734963141	-0.876508869480169	0.206	0.161	1	CDC37L1	c30
9.6406936707946e-05	0.874786506077317	0.025	0.007	1	RP11-112J3.16	c30
0.802568085816588	-0.87474030079239	0.012	0.014	1	ID1	c30
0.178266852664633	-0.87390828044363	0.268	0.195	1	HELB	c30
0.188578353004494	-0.873534972025374	0.199	0.211	1	HOPX	c30
0.000857207269422655	0.87347850985038	0.019	0.005	1	SOCS6	c30
0.135169560847007	-0.873101257039063	0.202	0.147	1	WWP1	c30
0.652226521827096	-0.872917369036024	0.109	0.094	1	HOOK2	c30
0.773363765412954	-0.872241353104607	0.016	0.018	1	GAB2	c30
0.313835367704288	-0.872078924541264	0.016	0.01	1	RP11-66N24.3	c30
0.597415454240921	-0.872077911353819	0.031	0.026	1	COL6A2	c30
0.00017030447263198	0.871738817795895	0.012	0.002	1	UMODL1	c30
0.0769497631408803	-0.871669655344535	0.252	0.177	1	MAN2A1	c30
0.202585359750358	-0.871369447856836	0.034	0.023	1	AGER	c30
0.185318748744028	-0.87135448384332	0.15	0.112	1	OCEL1	c30
0.922798744785851	-0.871197322192675	0.28	0.235	1	PRMT9	c30
0.794267851909457	-0.87086386164608	0.012	0.011	1	CACNB3	c30
0.264246062136003	-0.870840966896724	0.075	0.057	1	ZNF383	c30
0.0141492385880791	-0.870666857122776	0.09	0.054	1	RP11-712B9.2	c30
0.541245323332394	-0.870085806764605	0.246	0.194	1	ST6GAL1	c30
0.10055353146094	-0.869844149685922	0.128	0.091	1	HOTAIRM1	c30
0.608134054593329	-0.868023661403961	0.044	0.037	1	C11orf63	c30
0.383043486748856	-0.867925707206745	0.047	0.036	1	SPEF2	c30
0.673784719866439	-0.867810420144167	0.022	0.018	1	CLCF1	c30
0.0471836657346574	-0.867757305412951	0.072	0.045	1	IL23A	c30
0.930813119094012	-0.8675384759675	0.028	0.028	1	DFFB	c30
0.0539367411315259	-0.867260712746405	0.093	0.062	1	XXbac-BPG299F13.17	c30
0.0609949652857377	-0.867025612150557	0.411	0.27	1	RALGAPA1	c30
0.455498372950269	-0.866135600278574	0.034	0.027	1	ZNF571	c30
0.0783825091813455	-0.864523010296215	0.072	0.048	1	FTX	c30
0.000336785678324158	0.864277074098968	0.016	0.003	1	MSS51	c30
0.483053621077627	-0.863728221751687	0.118	0.098	1	RP3-492J12.2	c30
0.000102380914900152	0.863237678098431	0.016	0.003	1	ZNF185	c30
0.376318232470506	-0.863062697455197	0.059	0.046	1	ZNF550	c30
0.0710549877948593	-0.86299347048616	0.065	0.042	1	CCNY	c30
0.146223374611583	-0.861985927143649	0.237	0.173	1	SESN3	c30
0.362645084852544	-0.861955094412354	0.031	0.023	1	ZNF256	c30
3.6697127989529e-05	0.860942236651984	0.022	0.005	1	CTD-2377D24.6	c30
0.296933816423092	-0.859439264702461	0.146	0.115	1	BBC3	c30
0.226531051862639	-0.85847135159033	0.336	0.241	1	IPCEF1	c30
0.673404946029237	-0.85795867059334	0.056	0.049	1	PORCN	c30
0.18839488452531	-0.857795105858757	0.075	0.054	1	SLC12A7	c30
0.588014603219021	-0.857426830231946	0.04	0.034	1	C1orf132	c30
0.809228961883582	-0.857334219553686	0.016	0.014	1	RAB11FIP5	c30
0.967372747614642	-0.857164193584694	0.012	0.013	1	RP11-108M9.6	c30
0.830196785086242	-0.856851450853399	0.022	0.02	1	PDE9A	c30
0.000748201653304511	0.856374067025295	0.028	0.009	1	KIFC3	c30
0.132011382429968	-0.855819844740856	0.221	0.159	1	LINC00623	c30
8.07518930322611e-05	0.854541655404774	0.019	0.004	1	RP11-124N2.1	c30
0.105395823841887	-0.85381413417973	0.044	0.028	1	PSTK	c30
0.287080232639411	-0.853132656656022	0.04	0.029	1	FOXK1	c30
0.185728018358525	-0.852823843318224	0.059	0.042	1	CTD-2020K17.4	c30
0.0215233514270126	-0.849910577693388	0.084	0.051	1	ZSCAN26	c30
0.025201292414052	-0.849682590876448	0.084	0.053	1	IFIT2	c30
0.0626860847530862	-0.849300112683709	0.224	0.157	1	KANSL1-AS1	c30
0.038098854387165	-0.849270639529782	0.14	0.095	1	FYCO1	c30
0.0121806497508776	-0.849164691491053	0.056	0.03	1	SNN	c30
0.0696214616830633	-0.849044759616957	0.072	0.047	1	ZNF181	c30
0.387757947624425	-0.848692152476421	0.093	0.075	1	SLC8B1	c30
0.614547664697561	-0.847566270701437	0.012	0.01	1	HFE	c30
0.0532591450280051	-0.846482593714993	0.143	0.099	1	R3HDM2	c30
0.000102788532924172	0.846364234002281	0.016	0.003	1	SLC46A1	c30
0.0112593888712253	-0.845853323224848	0.308	0.197	1	ZFAND1	c30
0.218815606897395	-0.845785951393595	0.065	0.048	1	CRTC1	c30
0.0261682742827505	-0.845617620497614	0.159	0.106	1	TECPR1	c30
0.262568504814024	-0.845096356143039	0.059	0.044	1	ZNF773	c30
0.995648051293104	-0.844728920303305	0.249	0.209	1	HBP1	c30
0.307319557730986	-0.844007694274972	0.012	0.007	1	TRIM2	c30
9.27970198004007e-05	0.843288177658207	0.028	0.008	1	FRS3	c30
7.46540705640318e-05	-0.843135290807725	0.66	0.599	1	SLC2A3	c30
0.234181348282322	-0.842045665306549	0.115	0.088	1	FAM73A	c30
0.00726214471171453	0.84183870969567	0.016	0.005	1	C1orf204	c30
0.852944706802196	-0.841759275956869	0.115	0.103	1	KDM6B	c30
0.0841529787541255	-0.839929788256272	0.277	0.194	1	TRIM44	c30
4.40392819442399e-05	0.839040951090401	0.016	0.003	1	POLR3G	c30
0.279653310209919	-0.83782965756301	0.016	0.025	1	TRAV41	c30
0.000242099030499088	0.837133168542105	0.016	0.003	1	TG	c30
0.397118127444272	-0.835923918517322	0.159	0.128	1	ZNF862	c30
0.132786199822062	-0.835080373114559	0.346	0.24	1	STK38	c30
0.32991246586597	-0.834981521643211	0.028	0.02	1	BTBD11	c30
0.25611880115919	-0.834961599315982	0.087	0.067	1	LINC00662	c30
0.0987405603409342	-0.834824181469198	0.121	0.086	1	FBXL4	c30
0.00696889258011396	-0.834273156326421	0.19	0.12	1	ZNF493	c30
0.479790666140751	-0.834258136114566	0.1	0.082	1	ZNF652	c30
0.0103400336902576	-0.834200275401742	0.231	0.149	1	ELP2	c30
0.00142541827314819	0.833562246310207	0.012	0.003	1	RP11-486O12.2	c30
0.0399030427040639	-0.833132786525996	0.162	0.111	1	OTUD5	c30
0.1301934995054	-0.832382599160508	0.065	0.045	1	SIDT2	c30
0.227855594671957	-0.831845195323466	0.025	0.016	1	CA11	c30
0.0891438916577359	-0.83147080005366	0.28	0.197	1	NCOA3	c30
0.0622874463906487	-0.830004638224316	0.059	0.037	1	ZNF18	c30
0.478504830170358	-0.829490982131991	0.016	0.011	1	WBSCR27	c30
0.0430477561289249	-0.82890149660774	0.153	0.104	1	CCDC159	c30
0.0817767927487717	-0.828704470700576	0.165	0.117	1	WDR37	c30
0.139153376137206	-0.828202292850786	0.109	0.079	1	RCBTB2	c30
0.496092295845227	-0.82803331406502	0.343	0.256	1	DPYD	c30
0.782667981880411	-0.827122185667695	0.287	0.237	1	MX2	c30
0.0461469886546372	-0.826600693958897	0.246	0.169	1	STAT6	c30
0.000133601403482212	-0.825263531598291	0.611	0.516	1	SIGIRR	c30
0.134295956113202	-0.824936934126539	0.044	0.028	1	GNAO1	c30
3.66015440577564e-05	0.82433221162988	0.022	0.005	1	SENP8	c30
0.589847996881303	-0.824229900054898	0.012	0.016	1	DYNC2H1	c30
0.00400791082553692	0.823888364064948	0.016	0.005	1	LMNTD2	c30
0.388720372347822	-0.822547874292447	0.019	0.013	1	KB-173C10.1	c30
0.554627162921948	-0.821863040077421	0.386	0.29	1	GPR171	c30
0.561570485306781	-0.821809602490161	0.019	0.015	1	RP11-440L14.4	c30
0.776725844450705	-0.820928148223588	0.028	0.03	1	TRBV12-4	c30
0.541553694390719	-0.820367152575798	0.405	0.293	1	MTERF4	c30
0.000618892033079059	-0.819759920399537	0.601	0.509	1	TMC8	c30
0.65906280071611	-0.819631312500523	0.283	0.225	1	NLRP1	c30
0.184628934737213	-0.818785617761344	0.231	0.17	1	LINS1	c30
0.640705540479766	-0.818480082002889	0.059	0.051	1	ANKS3	c30
0.0454013958984855	-0.818167364007535	0.087	0.057	1	ZSCAN16	c30
0.0653047361495186	-0.818167283062542	0.259	0.179	1	ITFG2	c30
0.0934546594717547	-0.817461086700469	0.174	0.127	1	RP5-1028K7.2	c30
0.0120966507833618	-0.817235706368522	0.265	0.172	1	JADE2	c30
0.0436995292687246	-0.816750392573085	0.106	0.07	1	TRAF6	c30
0.0149689787696319	-0.816720912257809	0.14	0.09	1	SNX29	c30
0.0589544959324989	-0.815584420080398	0.031	0.017	1	FAM161B	c30
0.0631004649553345	-0.815212222716361	0.215	0.15	1	GNB5	c30
0.135617001857661	-0.814478043462138	0.047	0.031	1	SMURF1	c30
0.783659082364742	-0.814315959996538	0.009	0.011	1	EGR3	c30
0.540990087900403	-0.8127736042102	0.358	0.269	1	NMRK1	c30
0.0187326050006647	0.811379615372247	0.012	0.004	1	B9D1	c30
0.000100007956535269	0.8112918143022	0.019	0.004	1	KCNAB3	c30
0.96578657825348	-0.810917140630425	0.012	0.013	1	GPAT3	c30
0.543280909084717	-0.810840298096554	0.405	0.328	1	UTRN	c30
0.802003001976797	-0.809303008046119	0.019	0.017	1	HDAC11	c30
0.105907631765909	-0.809073027924309	0.047	0.03	1	PPIP5K1	c30
0.0462586401650043	-0.807985239091281	0.128	0.087	1	TRAPPC10	c30
0.000374945945712455	0.807879936254797	0.016	0.004	1	NAPSA	c30
0.664484556969837	-0.806655679477644	0.022	0.018	1	ZNF74	c30
0.0211981797900069	0.806604172449701	0.016	0.006	1	IL1R1	c30
0.000421684153941496	0.806536650499692	0.012	0.002	1	FOXD2-AS1	c30
0.144617358262227	-0.806416110853708	0.044	0.029	1	ZNF354B	c30
0.563526670410541	-0.804368195668729	0.016	0.012	1	IFT140	c30
0.117301239071189	-0.804353583025406	0.081	0.057	1	C10orf35	c30
0.0604223890298085	-0.80432774882062	0.037	0.021	1	ZNF582	c30
0.870270627984551	-0.802932367619448	0.009	0.01	1	RP11-24F11.2	c30
0.0488827164612638	-0.802798219303215	0.274	0.187	1	TRIM4	c30
0.160570406303166	-0.802529741136177	0.112	0.083	1	RGL2	c30
0.00065754080941637	0.802247065461817	0.022	0.006	1	RP4-545C24.1	c30
3.63199289494185e-05	0.80216225879982	0.028	0.008	1	RP11-305L7.3	c30
0.21054726056806	-0.800526102190096	0.025	0.016	1	SH3BP5-AS1	c30
0.379904864668677	-0.799978208388658	0.078	0.062	1	OSER1-AS1	c30
0.0699086977592514	-0.799774311554649	0.053	0.033	1	STARD10	c30
0.0213604387059657	-0.799577865368458	0.115	0.074	1	FAM117A	c30
0.00326096569967764	0.799345246900186	0.022	0.007	1	RMDN2	c30
0.153357637660334	-0.798991230713864	0.09	0.066	1	SGK223	c30
0.0173421026160068	-0.798105891405936	0.037	0.019	1	ZNF814	c30
0.299337279313852	-0.797525470833539	0.505	0.388	1	SERINC1	c30
0.418555252926867	-0.797494414052708	0.025	0.018	1	NOXA1	c30
0.128478391351649	-0.797249434245349	0.255	0.184	1	DLGAP1-AS1	c30
0.535782133585544	-0.796852075535055	0.43	0.311	1	CDC42EP3	c30
0.0208704111753621	-0.795885639370273	0.206	0.137	1	PTPRE	c30
0.852553911241565	-0.795871484546522	0.464	0.347	1	ODF2L	c30
0.349049198147424	-0.795262397391374	0.025	0.018	1	ZNF792	c30
0.397402409697747	-0.793945878657086	0.065	0.052	1	LIPT1	c30
0.55125924279815	-0.792466321019372	0.012	0.009	1	TNKS1BP1	c30
0.0140472137286736	-0.791989046792495	0.106	0.065	1	RAB30	c30
0.120417805009567	-0.791841526425715	0.417	0.281	1	SLAMF6	c30
0.00444733644469958	-0.791609101116455	0.087	0.049	1	TBC1D13	c30
0.055399159550117	-0.791471356136582	0.277	0.191	1	ZC3H6	c30
0.00576018162058891	0.790881479973341	0.016	0.005	1	RP11-617F23.1	c30
0.0364892423537256	-0.790653502094719	0.05	0.082	1	TRAV9-2	c30
0.128803463976596	-0.79049166315667	0.072	0.05	1	SNTB1	c30
0.0174018035493753	-0.790354098215029	0.084	0.051	1	ZNF564	c30
0.0433481547365734	-0.789826838899848	0.062	0.038	1	PAFAH2	c30
0.000283432382429886	0.789031997731776	0.019	0.005	1	CTB-193M12.5	c30
0.0508026297191597	-0.788857029850313	0.125	0.085	1	GPHN	c30
0.116995325265324	-0.787701260274512	0.193	0.141	1	TIPARP	c30
0.316556839344103	-0.78761026653935	0.012	0.008	1	RGL1	c30
0.0189047511634571	-0.786838778888181	0.103	0.065	1	AC003075.4	c30
0.053845009508889	-0.78622410965681	0.093	0.062	1	TRIM23	c30
0.983375365447457	-0.785824358068105	0.433	0.328	1	RSBN1	c30
0.00011163704035132	0.785398601943061	0.025	0.007	1	SLC30A4	c30
0.149335234461356	-0.784394266675314	0.19	0.141	1	ARRDC3	c30
0.0297115576863817	-0.784324646421608	0.065	0.039	1	CBY1	c30
5.73660957018608e-05	-0.783575439134661	0.695	0.57	1	PPP2R5C	c30
0.061792413351217	-0.783124876370416	0.025	0.013	1	ZNF223	c30
0.00298520915204311	0.78306645327183	0.019	0.006	1	HMGA1P4	c30
0.0241899097428759	-0.782423553334262	0.134	0.087	1	VAT1	c30
0.0121201990276272	0.781210017091535	0.016	0.005	1	BRSK1	c30
0.343473966047793	-0.780452957984582	0.034	0.025	1	TBC1D2	c30
0.13356313948044	-0.780131838239011	0.312	0.221	1	TRANK1	c30
0.0180203026282443	-0.778338523533085	0.299	0.197	1	ANKRD49	c30
0.00468243277491809	-0.777805102707665	0.218	0.137	1	TRAPPC6B	c30
0.010465413694924	0.777444351716251	0.081	0.049	1	TRAV14DV4	c30
0.152075815171269	0.776869933574162	0.012	0.006	1	TKTL1	c30
0.2853732674634	-0.77678781336487	0.034	0.024	1	RP11-539L10.3	c30
0.00513202072122543	0.776668834264227	0.012	0.003	1	RP11-219A15.1	c30
0.873502005695983	-0.776638957367136	0.016	0.014	1	FRMD4A	c30
0.800188539016787	-0.776411083373563	0.405	0.319	1	PDE3B	c30
0.00313977013937179	-0.774862139226122	0.081	0.044	1	USP45	c30
0.167131056866085	-0.774833686499327	0.04	0.027	1	ZNF783	c30
0.0159395453627818	0.774459863717047	0.012	0.004	1	CTD-2370N5.3	c30
0.154932453161768	-0.774034443114857	0.492	0.395	1	NME3	c30
0.310381022437029	-0.773345450174264	0.486	0.386	1	ZBTB38	c30
0.0591961933085392	-0.773287381339309	0.143	0.099	1	TCEAL4	c30
0.0233169116722657	-0.7731879183885	0.087	0.054	1	GCC1	c30
0.477874743859424	-0.772564743039514	0.028	0.022	1	RCAN2	c30
0.288002278216668	-0.772069910585513	0.031	0.022	1	DIRC2	c30
0.0669232459612	-0.771587722221942	0.268	0.186	1	C15orf61	c30
0.00512210141907933	0.770782882394181	0.016	0.005	1	LINC00880	c30
0.0736735676130718	-0.769460572129523	0.044	0.026	1	CSRNP2	c30
0.00137078675569034	0.768554236336188	0.016	0.004	1	RP11-1079K10.3	c30
0.0366552882389811	-0.768403558135489	0.084	0.054	1	MINA	c30
0.028831119479951	0.768386187518917	0.022	0.01	1	CCDC24	c30
0.0720140380021202	-0.768041366765163	0.159	0.112	1	SMAD3	c30
0.0101512781220214	-0.7675404430215	0.121	0.075	1	IQSEC1	c30
0.00259699976611646	0.767416673702153	0.012	0.003	1	DLG5	c30
0.0729507150772696	-0.766448564449691	0.097	0.066	1	PIGM	c30
0.141884140402186	-0.766370663926915	0.184	0.135	1	ZNF224	c30
0.00284798364393693	0.765688698008613	0.012	0.003	1	IRS1	c30
0.589196366467414	-0.765169611491782	0.034	0.039	1	NLRP3	c30
0.0661390191074106	-0.764960503987761	0.103	0.07	1	DYRK1B	c30
0.424110731177722	-0.763720314299048	0.143	0.117	1	HS3ST3B1	c30
0.67743259474633	-0.763258637625984	0.355	0.272	1	PRRC2B	c30
0.0525588336732896	-0.763143132757034	0.065	0.041	1	RLN1	c30
0.163413911624704	0.76237100553846	0.016	0.008	1	CATSPER2	c30
0.0157236356405862	-0.761168249110219	0.103	0.064	1	USF3	c30
0.0986691150094043	-0.760652206725795	0.121	0.087	1	BRAF	c30
0.000139757384286673	0.759986686045272	0.022	0.006	1	RASSF1-AS1	c30
0.107032815645706	-0.759980374012859	0.084	0.059	1	LINC00957	c30
0.446808701330364	-0.759932867830752	0.019	0.014	1	CCDC102B	c30
0.0939447620481595	-0.75980803125901	0.04	0.025	1	SERPINI1	c30
0.121521232343338	-0.759769734875379	0.193	0.141	1	PIP4K2A	c30
0.0540780688289552	-0.759353193895883	0.078	0.051	1	TMEM38B	c30
0.938599493272844	-0.758090233624463	0.009	0.01	1	SLC29A2	c30
0.029348093738799	-0.757385192559004	0.193	0.131	1	MINK1	c30
0.0141272788841729	-0.757087938187433	0.156	0.1	1	TMEM42	c30
0.0486719471168874	-0.757056902682047	0.274	0.189	1	ZNF101	c30
0.530487865371544	-0.75688797352583	0.025	0.02	1	FAM215B	c30
0.916997121282767	-0.756669875195533	0.012	0.012	1	IFNL1	c30
0.211509433155336	-0.756263557310826	0.012	0.007	1	PDE1B	c30
0.0664191132254246	0.755069564191412	0.012	0.005	1	ENKD1	c30
0.0319001888634773	-0.754233702616457	0.137	0.092	1	AKT3	c30
0.0500719868166841	-0.754106166452525	0.143	0.099	1	CTD-3184A7.4	c30
0.312891098088198	-0.754032665097515	0.044	0.056	1	TRBV7-2	c30
0.266867857807067	-0.75330304621394	0.019	0.012	1	PSMD6-AS2	c30
0.102461234207666	-0.753265390891726	0.04	0.025	1	STXBP4	c30
0.280943275411899	-0.753235466350929	0.047	0.061	1	TRBV6-5	c30
0.108149241415536	-0.752576780725345	0.037	0.023	1	SAV1	c30
0.82554247561736	-0.752018032038273	0.452	0.332	1	VAMP2	c30
0.0006882918686127	0.751947895279384	0.019	0.005	1	NUMBL	c30
0.684589423681004	-0.751044019412387	0.445	0.324	1	OFD1	c30
0.0476664198831843	-0.75055682506381	0.072	0.046	1	TOP1MT	c30
0.0630128889604662	0.750268433803632	0.056	0.037	1	TRBV7-6	c30
0.929351915773775	-0.749977289961206	0.009	0.01	1	ZNF19	c30
0.0313206345050053	-0.749550607356591	0.059	0.035	1	TMEM25	c30
0.0237362261956411	-0.749292352977341	0.121	0.079	1	BCAS3	c30
0.0793078044089946	-0.748861149020982	0.072	0.048	1	RUFY2	c30
0.00192114849219438	-0.748178539047348	0.212	0.129	1	LINC01138	c30
0.0567249728358815	-0.748105431923126	0.402	0.269	1	B4GALT1	c30
0.251675168616397	-0.74793470560966	0.037	0.026	1	SEMA4F	c30
0.0528725220407802	-0.747786107373222	0.034	0.019	1	MAP3K7CL	c30
0.0682970691395211	-0.74650268984485	0.056	0.035	1	ZNF566	c30
0.225326619312771	-0.74626368957898	0.302	0.222	1	FLOT1	c30
0.000158463504830105	0.746193292373431	0.025	0.007	1	SDSL	c30
0.000125527993014042	0.746056660304022	0.028	0.008	1	ADRBK2	c30
0.0329499713743966	-0.74547059499265	0.069	0.042	1	LRSAM1	c30
0.0013869205979754	0.744819536520366	0.019	0.005	1	KCNC4	c30
0.0622982510935193	0.744599664376227	0.012	0.005	1	RP11-407N17.5	c30
0.00148055795926023	0.744421957348325	0.016	0.004	1	MGLL	c30
0.00153897919814169	0.744235147810507	0.025	0.008	1	CTA-293F17.1	c30
0.164830476919476	-0.74395242515351	0.044	0.029	1	RP11-124N14.3	c30
0.108312750609429	-0.743023385456601	0.069	0.047	1	N6AMT1	c30
0.00435180744129365	-0.74295194758525	0.078	0.042	1	STRN3	c30
5.40538621645379e-05	0.741977424336566	0.022	0.005	1	PTPRF	c30
0.644272243580156	-0.741808853517686	0.393	0.294	1	SLC44A2	c30
0.0686331620808239	-0.741692229272145	0.019	0.009	1	RNF212	c30
0.00881468586077818	-0.741338256924994	0.078	0.044	1	ZNF846	c30
0.00146793239622955	-0.741210348930906	0.106	0.058	1	CCDC126	c30
9.03242249839214e-05	0.740563150338747	0.019	0.004	1	RP11-15E18.1	c30
0.739097803890763	-0.74055139321954	0.019	0.016	1	DENND5A	c30
0.290879523585818	-0.74000249291649	0.016	0.01	1	LMLN	c30
0.0730642044544274	-0.739521156046513	0.062	0.04	1	CLYBL	c30
0.0825177416804364	-0.739166233679325	0.059	0.038	1	ZNF677	c30
0.0159206185455549	-0.738689353967196	0.125	0.079	1	CAMKMT	c30
0.0827243086695951	-0.736772639241389	0.349	0.24	1	RNF125	c30
0.183202389206181	-0.736737268361184	0.034	0.022	1	CYP2U1	c30
0.00334720126544413	-0.735857699433312	0.143	0.086	1	RGP1	c30
0.9722726751223	-0.73551395767297	0.489	0.356	1	PSMD5-AS1	c30
0.0635408397063563	-0.734531285040263	0.449	0.293	1	CHMP7	c30
0.0500517007707046	-0.733330507052723	0.237	0.163	1	ZNF32	c30
9.01454195337427e-05	0.733276199484019	0.019	0.004	1	RP11-195C7.1	c30
0.948109088920582	-0.732844007485271	0.028	0.028	1	TRBV6-1	c30
0.00995489616063915	-0.732690001114603	0.047	0.024	1	RP11-379K17.12	c30
0.0900110930302698	-0.732221773035245	0.106	0.074	1	CTSO	c30
0.37409043745511	-0.731941643633076	0.025	0.018	1	SNTA1	c30
0.0157508020555847	-0.731890183176933	0.075	0.044	1	RAB33B	c30
0.103072073044063	-0.730283149900309	0.174	0.127	1	LMBR1L	c30
0.032070657592063	0.73026478391994	0.012	0.004	1	TRPM2	c30
0.024581320829969	-0.72880965448055	0.227	0.153	1	ZNF276	c30
0.0126664967725806	-0.727496579145694	0.165	0.107	1	ERO1B	c30
0.000553950182219343	0.727483006701916	0.019	0.005	1	ECHDC3	c30
0.000169843000327082	0.726301045245884	0.016	0.003	1	DMXL2	c30
0.260709997883973	-0.726093917390367	0.019	0.012	1	MTUS1	c30
0.00707827597756027	0.725799026643634	0.028	0.012	1	CARNS1	c30
0.151266639349399	-0.724863727693278	0.044	0.029	1	MORC2	c30
0.191232771255794	-0.724305567430786	0.156	0.118	1	SIDT1	c30
0.284870216854144	-0.724250934938732	0.193	0.15	1	USP20	c30
0.316887594673672	-0.724243208569682	0.103	0.081	1	ANTXR2	c30
0.27350970549779	-0.724045935370418	0.037	0.027	1	HOXB-AS1	c30
0.000170394033264759	0.723955375102156	0.016	0.003	1	RP4-794H19.1	c30
0.0235433289814407	-0.723330945360483	0.109	0.07	1	C6orf120	c30
0.389235492488151	-0.722893627311977	0.474	0.329	1	SNRPN	c30
0.477694271788216	-0.722845417019172	0.025	0.019	1	EPB41L5	c30
0.000150409872263167	0.722813253361187	0.022	0.006	1	RP11-353N4.6	c30
0.275657955923638	-0.722084531698461	0.037	0.027	1	RP11-15A1.3	c30
0.00170177247740006	-0.720535869902812	0.645	0.518	1	TNFRSF14	c30
0.49482223484177	-0.720298761917542	0.399	0.293	1	PDLIM2	c30
0.135483873313557	-0.720237286267846	0.361	0.252	1	TMEM43	c30
0.000153770857096898	0.719669785381353	0.028	0.008	1	RP1-111C20.4	c30
0.014069591233049	-0.719620524689597	0.287	0.186	1	ASAH1	c30
0.0469961874689281	-0.719571695564206	0.268	0.186	1	ZBTB25	c30
0.0004327051413567	0.719189212022778	0.031	0.011	1	FLVCR2	c30
0.591800144357097	-0.718733482721802	0.022	0.018	1	NAP1L2	c30
0.256231318693336	-0.718479267133619	0.019	0.012	1	TRBV13	c30
0.0310272714440842	-0.718099908701574	0.165	0.112	1	LMBR1	c30
0.00385342649082337	0.717984282543033	0.031	0.013	1	RP4-761J14.8	c30
0.933528427304561	-0.717974658379996	0.031	0.03	1	FGFBP3	c30
0.0660773089823412	-0.717961754354572	0.044	0.026	1	CTD-2506J14.1	c30
0.260067832260258	-0.717726358511039	0.05	0.037	1	SEPN1	c30
0.0968219807439576	-0.717582824648182	0.062	0.041	1	C9orf72	c30
0.0174459894937167	-0.717538459391602	0.146	0.095	1	TP53BP2	c30
0.00262207518890192	-0.717373431402244	0.252	0.159	1	ANKRD37	c30
0.102185015440654	0.717365512387063	0.016	0.008	1	RP11-390P24.1	c30
0.000958265025721913	0.717236448537625	0.025	0.008	1	ZNF343	c30
0.411321938876832	-0.716807051859457	0.044	0.053	1	ANKRD55	c30
9.54883383424007e-05	-0.715955623988569	0.651	0.564	1	CDKN1B	c30
0.00214632779264412	0.714147946390164	0.019	0.006	1	CTD-3001H11.2	c30
0.377010741958638	-0.712767415880921	0.047	0.036	1	FLJ27354	c30
0.00799206037604498	0.71256387134691	0.012	0.004	1	RP11-983P16.4	c30
0.0121444332136764	-0.712367952201089	0.093	0.056	1	RP11-140K17.3	c30
0.133387763944507	-0.711350218566698	0.34	0.243	1	KDSR	c30
0.282027709418255	-0.710798765913295	0.034	0.024	1	KIFC2	c30
0.0407778738863962	-0.709826179230185	0.287	0.195	1	ZNF394	c30
0.460135168331737	-0.708692004974493	0.383	0.287	1	EVI2A	c30
0.00200537400357116	-0.708591111077925	0.171	0.103	1	STK26	c30
0.0666601328635757	-0.70838402476829	0.078	0.052	1	ZNF324	c30
0.00374395021155882	0.70795836610868	0.022	0.008	1	RFX3-AS1	c30
0.00340299123958998	-0.707955083584679	0.268	0.168	1	HCG18	c30
0.0252434708463762	-0.707255874559058	0.053	0.03	1	ZNF439	c30
0.295187807095136	-0.706344173385427	0.037	0.027	1	CDHR3	c30
0.0521924561562345	-0.705990617555349	0.078	0.05	1	SMAD7	c30
0.0333674697513966	-0.705366333274888	0.24	0.163	1	APBB1	c30
0.138815255728836	0.705102097524958	0.016	0.008	1	ITGAM	c30
0.112298766459268	-0.705073338189766	0.121	0.088	1	CTC-523E23.11	c30
0.00993738476964673	0.705068394932184	0.016	0.005	1	DNAH6	c30
0.00247477460501191	-0.704929609603991	0.184	0.112	1	KIZ	c30
0.0857776528800802	0.704560473295216	0.012	0.005	1	RP11-1060J15.4	c30
0.00599505796035533	0.704543611773414	0.012	0.003	1	SOX12	c30
0.00199021852395567	-0.7041783517988	0.255	0.157	1	ANKZF1	c30
0.0104199525387712	0.70409740557974	0.012	0.004	1	LOXL2	c30
0.658563428938438	-0.703721410427239	0.016	0.013	1	BAIAP2	c30
0.00456463110061201	0.702797727805923	0.016	0.005	1	MAMDC4	c30
0.0109952526604142	-0.7019973089749	0.056	0.03	1	KIAA1919	c30
0.0328527805740871	-0.701901743630824	0.044	0.024	1	GALNT3	c30
0.02381384020327	-0.701230314035271	0.106	0.068	1	C7orf60	c30
0.0208043952997427	-0.701180275021325	0.215	0.144	1	TCAF2	c30
0.00186913043133693	-0.70101874049017	0.153	0.09	1	PARP11	c30
6.85642950814441e-05	0.700984648841102	0.028	0.008	1	SLC25A29	c30
0.367513567604228	-0.700640019598757	0.031	0.023	1	GS1-124K5.3	c30
0.00100892696936919	0.699429959409943	0.022	0.007	1	RP5-1136G13.2	c30
0.000180427366943255	0.699301681793673	0.019	0.004	1	SCARB1	c30
0.969002605228591	-0.698698770622886	0.545	0.388	1	HERPUD2	c30
0.188874661829535	-0.69820393563307	0.053	0.037	1	SAP25	c30
0.0108481954619137	-0.697950183225338	0.389	0.256	1	TOB1	c30
0.143157341921505	-0.69754053808279	0.037	0.024	1	RGPD2	c30
0.220017396585176	-0.69572378054395	0.234	0.182	1	CRTAM	c30
0.472342204888789	-0.695087371553052	0.452	0.326	1	ARAP2	c30
0.0361517663268579	-0.69497102097356	0.212	0.145	1	CYP4V2	c30
0.00914458695923655	0.694312618113598	0.012	0.004	1	ZBTB46	c30
0.548307886620629	-0.694243787198885	0.209	0.171	1	TMEM140	c30
5.572719540145e-05	0.693903026784636	0.031	0.009	1	ZNF20	c30
0.0249811473423828	-0.693893353231349	0.075	0.045	1	MAP3K14-AS1	c30
0.0791284151925245	-0.693672554657844	0.025	0.013	1	LEKR1	c30
0.00698830449368481	-0.693629374201828	0.097	0.057	1	LZTR1	c30
0.585005639490877	-0.693537390079703	0.511	0.393	1	STOM	c30
0.0891920635282316	-0.693531062296153	0.237	0.17	1	LPP	c30
0.128590527042627	-0.693116354619877	0.174	0.129	1	VPS13D	c30
0.207984889718107	-0.69285394615567	0.016	0.009	1	RP11-442N24--B.1	c30
0.0294767166852042	-0.692850713124091	0.265	0.179	1	USP36	c30
0.189268028105998	-0.691942986325234	0.255	0.19	1	DNAJB9	c30
0.116968676072333	-0.69170877297902	0.069	0.047	1	ZNF337	c30
0.0965214550832861	-0.690241508741864	0.427	0.287	1	FGD3	c30
0.0169076395950153	-0.690240716855008	0.34	0.221	1	PCMTD1	c30
0.0668182481419574	-0.690017464843666	0.037	0.022	1	RNF207	c30
0.00313492133680194	-0.689885729091391	0.106	0.061	1	SLC25A53	c30
0.353940028032493	-0.689362822432529	0.025	0.018	1	NPIPB4	c30
0.152695691894199	-0.689294774085352	0.084	0.061	1	DSTYK	c30
0.00856846627300674	0.688877163518684	0.012	0.004	1	RP11-573D15.9	c30
0.334205196985891	-0.688654166284932	0.016	0.01	1	RP11-542M13.3	c30
0.0364121857747706	-0.688492602736849	0.156	0.106	1	MPZL3	c30
0.000258448162418334	0.68831135368969	0.028	0.009	1	RP11-577H5.5	c30
0.183203950751857	-0.687647055060855	0.259	0.191	1	SH3BP5	c30
0.0138744047326115	-0.6876261250613	0.053	0.028	1	ZNF585B	c30
0.0769659176369414	-0.687240207959806	0.109	0.076	1	TCEAL3	c30
0.255496354560356	-0.687131990143331	0.218	0.181	1	CCL4L2	c30
0.00956592839736814	0.686654625127302	0.019	0.007	1	CFAP54	c30
0.00593227457212076	-0.686488126388705	0.09	0.052	1	ACADSB	c30
0.0286293938600163	-0.686446185569439	0.103	0.066	1	NT5C3B	c30
7.81977148140814e-05	0.686295362031509	0.016	0.003	1	RAB31	c30
0.0216301337234453	-0.686054750310665	0.178	0.119	1	RP11-47L3.1	c30
0.0412646961607741	-0.68605042934518	0.047	0.027	1	PIK3C2B	c30
0.0213935454682168	-0.684751210733083	0.168	0.112	1	RASSF3	c30
0.924628137852091	-0.684685301298113	0.012	0.013	1	LINC00910	c30
0.19247020610138	-0.684491822430034	0.025	0.015	1	CD40	c30
0.00288693511875126	-0.683971096904311	0.097	0.054	1	LYRM9	c30
0.380542025074458	-0.683644358637342	0.445	0.316	1	IRF3	c30
0.0287933947332071	-0.682937145325719	0.037	0.02	1	ATP6V0E2-AS1	c30
0.00505342493033402	-0.682817591853096	0.121	0.073	1	BTD	c30
5.38940200556531e-05	0.68177163151045	0.047	0.017	1	ABL1	c30
0.00237184522795617	0.681498158739121	0.025	0.009	1	FBXO36	c30
0.252187802018421	-0.681273637829589	0.062	0.046	1	CBX4	c30
6.03558894038367e-05	-0.68063610273192	0.573	0.332	1	CMC1	c30
0.00657703957285226	-0.680390560169382	0.165	0.104	1	CLIP4	c30
0.286812382636317	-0.679300720946512	0.386	0.279	1	PITPNC1	c30
0.124118110795666	-0.678988566931017	0.103	0.074	1	TMEM161B-AS1	c30
0.018040831936818	-0.678904705151647	0.072	0.042	1	GATSL3	c30
0.433319864776341	-0.678605239552661	0.012	0.008	1	CYP3A5	c30
0.0626918511684505	-0.678376582712099	0.053	0.033	1	MPP6	c30
0.266486919379388	-0.67824994831675	0.19	0.149	1	IL6R	c30
0.866238392772799	-0.678051909337067	0.486	0.357	1	SMAP2	c30
0.0700711912511811	-0.678023065205194	0.165	0.117	1	NDRG1	c30
0.0182564714809994	-0.677949162149345	0.174	0.115	1	CUX1	c30
0.294110864141373	-0.676868571360989	0.022	0.014	1	AC142528.1	c30
0.0057484953470747	0.676859444036912	0.031	0.013	1	PHLDA3	c30
0.000339256030659942	0.676244348382924	0.019	0.005	1	EMP1	c30
0.0945568356018147	-0.675826081867822	0.611	0.464	1	AAK1	c30
0.204892997106331	-0.675801449567476	0.053	0.038	1	ZNF80	c30
0.0387799136550393	-0.675403306599522	0.336	0.227	1	PHC3	c30
0.494291075583019	-0.674936032219763	0.044	0.035	1	AC020571.3	c30
0.0762308204365739	0.674169033758586	0.012	0.005	1	TCFL5	c30
0.58591498295014	-0.674012032929475	0.034	0.028	1	NAPB	c30
0.0359660854552448	-0.673255489140891	0.283	0.194	1	CECR1	c30
0.00138973389929615	0.673186547101169	0.019	0.005	1	RP11-72I8.1	c30
0.0150466676238501	0.672734573257442	0.012	0.004	1	RP11-266L9.5	c30
0.00051058300163228	0.67226161483656	0.019	0.005	1	KIAA1958	c30
0.0304746762217507	-0.672117915052014	0.047	0.026	1	TYW1B	c30
0.25368157376564	-0.67195642951224	0.595	0.439	1	R3HDM4	c30
0.00432268513627527	-0.671354293584544	0.171	0.106	1	RALGAPB	c30
0.116329554407685	-0.670721392036948	0.327	0.234	1	TNKS2	c30
0.00289281446660811	-0.670477623608677	0.103	0.058	1	SLC17A5	c30
0.192266014299574	-0.670352240625295	0.069	0.05	1	VAV3	c30
0.754641380574676	-0.670326475711247	0.022	0.019	1	OTUD7A	c30
0.105323093292328	-0.669682078637485	0.034	0.021	1	CCDC85C	c30
0.0733420257539178	-0.669585793801947	0.097	0.066	1	PLCL2	c30
0.025325812241599	-0.668703104426187	0.361	0.242	1	GABPB1-AS1	c30
0.432510231963743	-0.66819325193533	0.492	0.377	1	NR4A2	c30
0.00416613987804777	-0.667789772414097	0.047	0.022	1	ZNF696	c30
0.556173037623009	-0.666568982111749	0.012	0.009	1	FCHO2	c30
0.012420965869192	-0.666541389352701	0.072	0.041	1	ZKSCAN8	c30
0.000131676139635091	0.666538823963521	0.028	0.008	1	LONRF3	c30
0.000481227549278596	0.665831138961616	0.025	0.008	1	ZBTB34	c30
0.0149973746105173	-0.665691927320349	0.174	0.114	1	LINC00324	c30
0.00730198262939639	-0.665354474685925	0.112	0.068	1	HIP1R	c30
0.126433341245774	-0.665312908106711	0.377	0.261	1	CRBN	c30
0.150538138739504	-0.665298612697575	0.34	0.242	1	RNF44	c30
0.187789733777905	-0.665274972738024	0.031	0.02	1	WDR5B	c30
0.895218819414377	-0.664148543197358	0.009	0.01	1	MCTP1	c30
0.000189682178600248	-0.664091393882427	0.71	0.593	1	LITAF	c30
0.033831566028093	-0.663387614668601	0.184	0.126	1	KIAA0430	c30
0.000433064531979571	-0.66331609698754	0.249	0.147	1	JADE1	c30
0.143267141135283	-0.663197727830096	0.268	0.198	1	ERAP2	c30
0.000273622543485251	0.661548527902579	0.028	0.009	1	ZNF284	c30
0.000844399599624549	-0.660121646341576	0.255	0.154	1	XIAP	c30
0.000207001161603097	0.659563423115695	0.025	0.007	1	PANK1	c30
0.000480320747598914	0.659482012847457	0.022	0.006	1	WDR78	c30
0.000344950312445034	-0.659324844061407	0.159	0.089	1	NAT9	c30
0.841908853477689	-0.658817350961463	0.012	0.011	1	KLHL3	c30
0.00100583784466341	0.658370872095336	0.022	0.007	1	SLC16A10	c30
0.19214840561101	-0.65788039320817	0.031	0.02	1	KLHDC1	c30
0.011921153536028	-0.656854900692884	0.402	0.256	1	CCS	c30
0.0010021055406726	0.656259237561969	0.025	0.008	1	RP11-298I3.1	c30
0.000574381752344469	-0.655364547317537	0.128	0.07	1	DIAPH2	c30
0.0262062636761822	-0.655356784923537	0.065	0.039	1	LTB4R2	c30
0.219063512785176	-0.654900375328449	0.237	0.181	1	HOXB2	c30
0.0351809818397764	-0.654781060434357	0.115	0.076	1	TUBE1	c30
0.379187926251439	-0.654753850622248	0.452	0.323	1	ST3GAL1	c30
0.00300289692778598	0.654436535888821	0.028	0.011	1	NEURL4	c30
0.00697481710311143	-0.653789914498686	0.302	0.195	1	TSPYL1	c30
0.000581156282153076	-0.653271015422338	0.218	0.129	1	FOXJ3	c30
0.0889431231264146	-0.65320580284623	0.386	0.368	1	PIM2	c30
0.00036925699987536	-0.653191461196297	0.283	0.169	1	UBXN11	c30
0.00645390528800912	0.652572701090708	0.012	0.003	1	PRRG2	c30
0.163899788601905	-0.652503960955038	0.604	0.464	1	SLC38A1	c30
0.296616796116495	-0.652491232970283	0.019	0.012	1	ZNF763	c30
0.0298597208096794	-0.65226562655503	0.037	0.02	1	ZNF529-AS1	c30
0.11937329419595	-0.652126327463984	0.33	0.235	1	PTPN4	c30
0.000394926077598625	-0.651680986608484	0.165	0.093	1	TMEM181	c30
0.00185934537388174	-0.650882796049346	0.131	0.076	1	TMEM168	c30
0.00324326548149281	-0.650208625033786	0.617	0.529	1	IL16	c30
0.331768299914463	-0.649951865541163	0.405	0.292	1	GIMAP6	c30
0.142053936017347	-0.649750288454794	0.38	0.266	1	ZMYM2	c30
0.00587432211704596	-0.649563074678761	0.103	0.06	1	ZNF14	c30
0.259916977667992	-0.648373750390764	0.025	0.016	1	TBKBP1	c30
0.000345223353731992	-0.648290044122366	0.287	0.169	1	CFAP36	c30
0.370322760749075	-0.646634606985923	0.022	0.015	1	C8orf58	c30
0.0984000941417964	-0.646066638707401	0.019	0.009	1	HSD11B1L	c30
0.0583308182614415	-0.645935615523211	0.059	0.037	1	TRMT12	c30
7.29706731473362e-05	0.645058800786742	0.025	0.007	1	NLRP2	c30
0.0303083173063936	-0.64400759091532	0.109	0.071	1	TRGC2	c30
0.00423935729461295	-0.643676017632191	0.271	0.172	1	SLC25A45	c30
0.000212465545785827	-0.643488126723919	0.271	0.158	1	ZNF217	c30
0.0024284818735903	-0.641978256961177	0.28	0.173	1	DEDD2	c30
0.161334924565088	-0.64187727896479	0.455	0.313	1	VPS13C	c30
0.102364887078185	-0.641709664826638	0.031	0.018	1	RP11-572M11.4	c30
9.42240608339355e-05	0.641404045114052	0.028	0.008	1	SH3BGRL2	c30
0.0128806995250903	-0.64073799840772	0.333	0.217	1	PRKX	c30
0.671338213138469	0.640546169733671	0.022	0.019	1	TRAV24	c30
0.00395875445189432	-0.640541611804377	0.109	0.063	1	PAN3	c30
0.0446467813508687	0.639836600188521	0.012	0.005	1	RP1-207H1.3	c30
0.011805058716862	-0.639136513297495	0.402	0.258	1	ILF3-AS1	c30
0.00130085629246507	-0.638965470642964	0.069	0.034	1	PGM3	c30
0.220077498649955	-0.638326221241935	0.022	0.014	1	RP11-326K13.4	c30
0.0992240922547493	-0.638311412960663	0.034	0.02	1	ARL17A	c30
0.0182453232618874	-0.638072355572383	0.059	0.034	1	TPRG1L	c30
0.334057034652826	-0.63800686352903	0.019	0.012	1	PAQR6	c30
0.107218864931488	-0.637117712651537	0.131	0.095	1	CH17-189H20.1	c30
0.104839701826764	-0.63703143755703	0.037	0.023	1	FMO4	c30
0.000400498563341251	0.63694603663821	0.019	0.005	1	DLGAP4-AS1	c30
0.152719028302071	-0.636856594298734	0.025	0.015	1	ACRC	c30
0.0244429585603049	-0.636852257931196	0.682	0.536	1	MBP	c30
0.0961545516119974	-0.635876981794651	0.04	0.025	1	GKAP1	c30
0.000363396108064235	0.635109670144042	0.025	0.007	1	KIF3C	c30
0.00195477175062152	-0.634439390230458	0.181	0.109	1	KLHL9	c30
0.0913540047718159	-0.633996502084713	0.106	0.075	1	GALNT6	c30
0.0569016212228056	-0.63397222441404	0.037	0.021	1	ZBTB9	c30
0.000915116514123027	-0.633702062653068	0.115	0.063	1	ZNF529	c30
0.80379190760494	-0.633375803402733	0.514	0.404	1	ARID5B	c30
0.002338225956009	-0.633107074079889	0.109	0.062	1	ISYNA1	c30
0.240168044945606	-0.632773267645802	0.031	0.021	1	TBC1D32	c30
0.00463570381074847	-0.63252305884398	0.131	0.079	1	FBXL20	c30
0.807011508136578	-0.632337005386223	0.595	0.409	1	C6orf48	c30
0.00592039456393212	-0.632312058455002	0.103	0.06	1	CFL2	c30
0.82020890919127	-0.63223598988195	0.517	0.374	1	DGKA	c30
0.19799066059222	-0.632162775766388	0.034	0.023	1	TTLL3	c30
0.218905476137968	-0.631887504500733	0.087	0.066	1	KIAA0513	c30
0.0661094020614336	-0.631798949576461	0.24	0.169	1	ABHD13	c30
0.0236170239527233	-0.631752028169688	0.072	0.043	1	UBXN6	c30
0.00110023511562478	-0.631679690783294	0.209	0.125	1	FBXO3	c30
0.779343081000398	-0.63150934219127	0.467	0.351	1	IL6ST	c30
0.00106594714195785	-0.630898582364955	0.134	0.076	1	ZNF567	c30
0.294878405609981	-0.630771377334151	0.679	0.48	1	IER2	c30
0.00371513452979647	0.63028060173108	0.025	0.009	1	RP4-784A16.5	c30
0.00606284113926245	-0.630266532627874	0.246	0.159	1	PARP15	c30
0.0032378622988685	-0.630158637493775	0.162	0.098	1	NAGPA	c30
0.00440900064130602	-0.629870272681625	0.103	0.06	1	RP11-83A24.2	c30
0.00132219244727084	-0.629342824704252	0.159	0.093	1	ZNF397	c30
0.0343684702253868	-0.629284143839131	0.09	0.058	1	TRGV5	c30
0.174299273589702	-0.628943512965452	0.05	0.035	1	WDR91	c30
0.00606698335086581	-0.62891842468303	0.109	0.065	1	MCTP2	c30
0.180761470911856	-0.628714675381358	0.05	0.035	1	CTSF	c30
0.00258601287267628	0.628571842701702	0.025	0.009	1	EPM2A	c30
0.00370348995948391	-0.628485523979479	0.087	0.048	1	ZNF740	c30
0.149987535068308	-0.628476344932632	0.389	0.276	1	PDE4DIP	c30
0.0173631330817276	-0.628296258694224	0.059	0.033	1	NFXL1	c30
0.105926029971063	-0.628292774101814	0.084	0.059	1	ARHGAP5	c30
0.0880403437982303	-0.627643800075574	0.623	0.502	1	PPP1R15A	c30
0.00259461444444255	0.627507810824659	0.028	0.01	1	SLC43A2	c30
0.00387092727238988	-0.627407751323932	0.106	0.061	1	ZNF611	c30
0.0118375333001369	-0.627397538749777	0.084	0.05	1	POFUT2	c30
0.0266732820889997	-0.627301720730859	0.084	0.053	1	FLYWCH1	c30
0.181073456501258	0.62727433072122	0.012	0.006	1	CTC-479C5.12	c30
0.0437978818039664	-0.626851783163597	0.081	0.052	1	RALGAPA2	c30
0.0178063488676922	0.626656125330654	0.012	0.004	1	MAP1A	c30
0.182095182324224	-0.626313054803095	0.031	0.02	1	TNK1	c30
0.850274963574667	-0.626211652531735	0.539	0.39	1	C5orf56	c30
8.50607859349628e-05	0.62589241604864	0.022	0.005	1	RP5-1074L1.1	c30
0.00981846521407858	-0.625673565678119	0.315	0.203	1	IL17RA	c30
0.00931119869469819	-0.625480210451959	0.106	0.064	1	ZNF664	c30
0.00166797466951851	0.625149404230497	0.022	0.007	1	ZNF443	c30
0.137391144887812	-0.62483139809221	0.059	0.041	1	LLGL2	c30
0.684096220330019	-0.624759987249951	0.523	0.378	1	CHD2	c30
0.141220706750899	-0.62464884026586	0.411	0.285	1	ASH1L	c30
0.12666584721023	-0.624545473309257	0.022	0.012	1	CLDN15	c30
0.011520146557295	-0.624182281455064	0.062	0.034	1	TCEAL1	c30
0.0022982982614828	-0.623967029541315	0.109	0.062	1	RAB2B	c30
7.68906034048306e-05	-0.623941420106077	0.751	0.614	1	IKZF1	c30
0.000200789977103034	-0.623613164916012	0.785	0.638	1	FYN	c30
0.0119531485010727	-0.623612904561669	0.184	0.12	1	ELMOD3	c30
0.00447657452303635	-0.62317162486474	0.103	0.059	1	ZER1	c30
0.0277111099112864	-0.622690640707596	0.156	0.105	1	MAP4K5	c30
0.144194326906355	-0.622425050849074	0.056	0.038	1	CACNA2D4	c30
0.000169591539245371	-0.622340509693802	0.224	0.128	1	POLM	c30
0.0126743573649902	-0.621803732133924	0.346	0.225	1	BSDC1	c30
0.0339963567545775	-0.620684752408713	0.726	0.542	1	BTN3A2	c30
0.11093108237842	-0.619870222516864	0.651	0.509	1	TRIM22	c30
0.00245206070720954	-0.619812044301404	0.287	0.178	1	TOM1	c30
0.0322713729100798	-0.619770678801948	0.078	0.049	1	ZNF621	c30
0.0369937175957211	-0.61921885073115	0.748	0.545	1	MPHOSPH8	c30
0.000330044720169027	0.618930608075533	0.031	0.01	1	RP11-296O14.3	c30
0.00233995736953978	0.6186778294782	0.016	0.004	1	RP11-258F1.1	c30
0.052603136017492	-0.618494632590679	0.056	0.034	1	HEG1	c30
0.00106646068422675	0.618427794774848	0.016	0.004	1	ZHX3	c30
0.00273145829703267	-0.618205383666101	0.075	0.039	1	ACP6	c30
0.13758429697234	-0.618185299020302	0.034	0.021	1	ZNF382	c30
0.00384739005320959	-0.618184582832815	0.38	0.235	1	STX17	c30
0.0811721713862086	0.618009070478833	0.019	0.009	1	CTD-2302E22.4	c30
0.130607778959145	-0.617778189042085	0.028	0.017	1	PSEN2	c30
0.315951045799783	-0.617199786692025	0.04	0.03	1	DAGLB	c30
0.00123061908529735	0.616617970928679	0.025	0.008	1	TEN1	c30
0.235997250050673	-0.616296957740771	0.234	0.178	1	LPAR2	c30
0.0198316222569036	-0.61565808450368	0.062	0.036	1	C11orf68	c30
0.0419858377041769	-0.615474898307364	0.028	0.014	1	ZNF517	c30
0.0337271844920104	0.615352815204431	0.012	0.004	1	RP11-79O8.1	c30
0.00043857421671372	0.615323280021977	0.031	0.011	1	ZNF813	c30
0.000480796493009025	0.615218938106513	0.05	0.021	1	AC195454.1	c30
0.826335017627343	-0.615180703981679	0.464	0.351	1	TTC3	c30
0.0118736398663934	0.615007942682726	0.012	0.004	1	RP11-1348G14.8	c30
0.00646821614370638	0.614768768231382	0.012	0.003	1	LINC01063	c30
9.53775534032667e-05	0.614266840593885	0.034	0.011	1	LRRIQ3	c30
0.00440086624345051	-0.614093982982753	0.09	0.051	1	AMPD3	c30
0.0395565642768069	-0.613978731779114	0.028	0.014	1	RP11-156E8.1	c30
0.0100354260126706	-0.613565835730289	0.065	0.036	1	ZBTB37	c30
0.945203859600189	-0.613356574955557	0.016	0.015	1	TMEM30B	c30
0.0431049817018681	-0.613180919170744	0.296	0.203	1	CAPN7	c30
0.0598542880520676	-0.612756891922984	0.243	0.172	1	U2AF1L4	c30
0.0747091808861338	-0.612295845489117	0.053	0.033	1	PGAP1	c30
0.001558769597334	-0.611730817025141	0.293	0.181	1	ELK3	c30
0.000879993545813401	-0.6114250163405	0.196	0.117	1	SEC24B	c30
0.0347238047928372	-0.610739344393769	0.106	0.07	1	TPT1-AS1	c30
0.0918276661816765	-0.609997127812631	0.031	0.018	1	AP001372.2	c30
0.0260325052649898	-0.609758500173883	0.209	0.141	1	ARIH1	c30
0.10030015386939	-0.609475692307433	0.075	0.051	1	LY6G5C	c30
0.0088626347356269	-0.60886508345753	0.153	0.097	1	DLGAP4	c30
0.00696393052687474	0.608477297678809	0.012	0.003	1	MC1R	c30
0.136822032190373	-0.607431760594009	0.047	0.031	1	ZNF559	c30
0.519765477412069	-0.606817003772037	0.012	0.009	1	ARRDC5	c30
0.00449346029405896	-0.606186302972813	0.206	0.13	1	ABCC1	c30
0.0598951238413115	-0.605777241436466	0.062	0.04	1	RP11-299J3.8	c30
0.179739445602983	-0.605316778965912	0.402	0.281	1	RGS14	c30
0.00080271740875937	0.604908845965781	0.019	0.005	1	EIF5AL1	c30
0.0422399397556365	-0.604845405673332	0.467	0.307	1	SYNE1	c30
0.378545723727801	-0.604780089569337	0.012	0.008	1	RP11-166B2.1	c30
0.000209020191250807	0.604324577774454	0.028	0.008	1	RP11-89K11.1	c30
7.59865559302427e-05	0.604084577241127	0.031	0.009	1	DUSP19	c30
0.00220556951667526	-0.604075671937274	0.221	0.137	1	NBPF19	c30
0.251884385917496	-0.603717647856071	0.044	0.031	1	RP11-342D11.3	c30
0.0485674796892032	-0.603669945752385	0.028	0.014	1	RTP5	c30
0.0130732704903027	-0.603583639761275	0.047	0.024	1	BLOC1S3	c30
0.00678156159116163	-0.603410265158327	0.735	0.546	1	TBRG1	c30
0.0335132449202946	-0.603070776620377	0.361	0.242	1	SAT2	c30
0.000156646591350407	-0.602290816372742	0.897	0.822	1	JUN	c30
0.0785232539227645	0.601698711241622	0.012	0.005	1	SH2B2	c30
0.133066660138808	-0.601692186161649	0.025	0.014	1	PFKM	c30
0.000323789865154421	0.601373324872483	0.022	0.006	1	C2orf81	c30
0.00059891307789554	-0.601127276438	0.118	0.064	1	ANKRD46	c30
0.110350118265711	-0.600968991875206	0.056	0.037	1	PXYLP1	c30
0.0740584630997231	-0.600598991601166	0.044	0.026	1	ZBTB21	c30
0.117151621516482	-0.600447817462084	0.031	0.019	1	NACC2	c30
0.016670233444432	0.599624332034896	0.016	0.005	1	RP11-130F10.1	c30
0.313113871362482	-0.599589316799423	0.614	0.458	1	SYNRG	c30
0.0977787639285791	-0.597682608420691	0.034	0.02	1	ZNF23	c30
0.45698896281351	-0.597516923096509	0.019	0.014	1	ZNF597	c30
0.156117957194394	-0.597243918140127	0.037	0.024	1	ZNF549	c30
0.459618952107368	-0.596862265191832	0.031	0.024	1	RP11-664D1.1	c30
3.68095831992387e-05	0.596854632224621	0.031	0.009	1	PARS2	c30
0.502058323558018	-0.596644961728714	0.019	0.014	1	MBNL1-AS1	c30
0.00331638755989749	0.596225167879415	0.016	0.004	1	LBX2-AS1	c30
0.0363451232547242	-0.595500562218202	0.128	0.086	1	GNS	c30
0.000912616562812597	-0.595274793807033	0.159	0.092	1	USP25	c30
0.0347632043336895	-0.595216076916145	0.05	0.029	1	ZNF816	c30
0.00532798972832325	0.593824302340667	0.019	0.006	1	CTNND1	c30
0.00128764841197303	0.593597510233142	0.04	0.017	1	DLGAP1	c30
0.021149968401508	-0.593572112497129	0.143	0.095	1	SKI	c30
0.668600979929244	-0.593285806868772	0.657	0.468	1	NOSIP	c30
0.0273490976363887	-0.593251348375766	0.084	0.053	1	EXOC8	c30
0.00189195317296588	-0.591957610976509	0.168	0.101	1	MDN1	c30
0.0942187771713726	-0.591129142663473	0.037	0.023	1	PTPN12	c30
0.00150184115515693	-0.589806427327776	0.162	0.096	1	ZNF33B	c30
0.000363235076756575	-0.589411418520405	0.128	0.069	1	CUL9	c30
0.0216514119499943	-0.588898302323922	0.383	0.252	1	TMEM50B	c30
0.0168331241316609	-0.588674871741085	0.555	0.357	1	CLDND1	c30
0.413141960583253	-0.588530517398235	0.012	0.008	1	DCUN1D3	c30
0.00165087044415402	-0.588310512869329	0.14	0.082	1	PREPL	c30
0.205228311135517	-0.587918194623562	0.019	0.011	1	DNAJC27-AS1	c30
6.48420922796095e-05	0.586859548498851	0.04	0.014	1	ZDHHC8	c30
0.0592540942752877	-0.58655700510296	0.377	0.258	1	PBX4	c30
0.0134513986383787	-0.586324099730504	0.044	0.022	1	PLEKHM3	c30
0.278826680006641	-0.585857378981082	0.467	0.326	1	SECISBP2	c30
0.00803663973827292	-0.585716300964024	0.368	0.237	1	RICTOR	c30
0.452337747583114	-0.585667043650599	0.05	0.04	1	LTC4S	c30
8.19421714727816e-05	-0.584196664430191	0.206	0.114	1	CSNK1G2	c30
0.00083929041007425	-0.583403216844486	0.243	0.146	1	TRAPPC2P1	c30
0.118464159857029	-0.583044709615109	0.698	0.513	1	RNF149	c30
0.00414998794002757	-0.582609402678116	0.452	0.276	1	RCAN3	c30
0.260944630146604	-0.582497896420317	0.296	0.221	1	ADAM8	c30
0.000190835447877899	0.581270204344315	0.034	0.011	1	ZNF304	c30
0.000205120076716955	0.581227129830389	0.025	0.007	1	PRSS23	c30
0.0250394726913136	-0.581216242937829	0.072	0.043	1	AC079922.3	c30
0.149862374064891	-0.580934906712476	0.539	0.364	1	PDE4B	c30
0.0222639114658274	-0.580673324108078	0.688	0.536	1	RNASET2	c30
0.0142559988671484	0.580314783239342	0.012	0.004	1	FLJ13224	c30
0.00295101593603734	0.580216615877953	0.025	0.009	1	RP11-611O2.5	c30
0.00129990613633913	-0.580188201188052	0.218	0.133	1	TSEN34	c30
0.0205258903163776	-0.579199069980592	0.125	0.081	1	ULK4	c30
0.000310474228662422	-0.578558679463092	0.206	0.119	1	PLCB2	c30
0.00419750851970228	-0.578497669561296	0.115	0.068	1	KHNYN	c30
0.0120667539909821	0.578186223289913	0.016	0.005	1	FAM229A	c30
0.0192288330800367	-0.577941520264925	0.069	0.04	1	DCUN1D4	c30
0.537977077818795	-0.577849242291244	0.526	0.38	1	XBP1	c30
8.39633221993995e-05	-0.576711139814345	0.159	0.085	1	TMEM39A	c30
0.00206556210987917	-0.576027909950966	0.15	0.089	1	FAM120B	c30
0.0268661465747533	-0.575629230545275	0.072	0.044	1	OGFRL1	c30
0.0163702451429774	-0.575055789894273	0.118	0.075	1	ZNF350	c30
0.000142566352094631	-0.574954218166163	0.24	0.138	1	ANKRA2	c30
0.00064694761724049	-0.574421386662531	0.19	0.112	1	CGRRF1	c30
0.00731068400199121	-0.574279816986743	0.156	0.098	1	VCPIP1	c30
0.00134075647591236	-0.5741647067791	0.128	0.073	1	GCN1	c30
0.000859846866495174	-0.573798558342812	0.181	0.107	1	TTC37	c30
0.000995454350955828	-0.573643983175091	0.128	0.072	1	XPNPEP3	c30
0.0209188535760046	-0.573132042973193	0.097	0.061	1	VMAC	c30
0.0130228674809229	-0.57269688581347	0.062	0.035	1	FBXL8	c30
0.00141533587368625	0.572675119578237	0.025	0.008	1	HSD17B1	c30
0.0690555701782359	-0.572170265901019	0.04	0.024	1	ZNF891	c30
0.000177650576109569	0.572101431152583	0.031	0.01	1	ANKRD16	c30
5.69576938888806e-05	-0.571907138704571	0.184	0.099	1	MPI	c30
0.736428410016865	-0.571459421188337	0.592	0.45	1	IFITM3	c30
0.00031747639319885	-0.571440884793272	0.218	0.126	1	B3GALT4	c30
0.0506955603159006	0.571042416766362	0.016	0.007	1	KISS1R	c30
0.0808911884337908	-0.570643931248507	0.04	0.024	1	ZNF589	c30
0.0487797579548792	-0.569789365761157	0.019	0.008	1	PPM1L	c30
0.0423139168873626	-0.569734236878848	0.037	0.02	1	FKTN	c30
0.0861391066686723	0.569379776511989	0.012	0.005	1	ZNF775	c30
0.00237986200751045	-0.569187220426638	0.109	0.062	1	ZNF699	c30
0.0440960329024244	-0.568595833266984	0.676	0.529	1	CCDC109B	c30
0.652366917044074	-0.568286205898994	0.019	0.015	1	TRBV7-4	c30
0.00102193486984079	-0.567613601420999	0.081	0.041	1	APBB3	c30
0.36473545886398	-0.566852440060987	0.028	0.02	1	TRAV18	c30
0.0281448171037115	0.566709818862019	0.012	0.004	1	GAL3ST2	c30
0.00210462493337454	0.56589560072057	0.165	0.111	1	TRBV20-1	c30
0.00109416062289612	-0.565767636914643	0.265	0.162	1	CHD6	c30
4.24421954473122e-05	-0.565345991797427	0.14	0.071	1	SCAMP1-AS1	c30
0.085934371033274	-0.565197123488144	0.103	0.072	1	KDM4B	c30
0.491730292840935	-0.565162168202323	0.025	0.019	1	AIM1L	c30
0.0302218139158613	-0.564886900001242	0.072	0.044	1	ZNF671	c30
0.00875861055279116	0.564848998384486	0.022	0.008	1	PCAT6	c30
0.0104857281788797	0.563320644856904	0.012	0.004	1	ANKRD18A	c30
0.000980877112198594	-0.56307715499691	0.09	0.048	1	TRGV9	c30
0.00237544341051658	-0.563074403428906	0.243	0.152	1	RAPGEF6	c30
0.215188195827204	-0.562817425478555	0.561	0.366	1	CHIC2	c30
0.00037200957603903	-0.562777511656046	0.283	0.169	1	GPCPD1	c30
0.00466012911127339	-0.562493300420748	0.103	0.06	1	ENOX2	c30
0.000511113018156679	0.562343580226547	0.019	0.005	1	AGAP5	c30
0.228693246707556	-0.561643598237747	0.019	0.011	1	OLMALINC	c30
0.000866654512984611	-0.560409826896467	0.383	0.231	1	ABTB1	c30
0.738705983609474	-0.560209512083667	0.636	0.502	1	SOCS1	c30
0.00562425804686469	0.559458820073499	0.025	0.01	1	TSPAN18	c30
0.000748363045494808	-0.55895705042172	0.296	0.179	1	ISCA1	c30
0.00461884539924505	0.558872851740432	0.019	0.006	1	AC092835.2	c30
0.139198962085529	-0.558422027095862	0.022	0.012	1	ZNF81	c30
0.00202790562777923	-0.558236279721315	0.14	0.083	1	HERC3	c30
0.00474540232322715	-0.558120903328915	0.29	0.186	1	RNF216	c30
0.00435141145723128	-0.557837653229371	0.146	0.09	1	TRIM35	c30
0.00326937900313227	-0.557708062757665	0.081	0.044	1	ZNF609	c30
0.152730191158879	-0.557282860547669	0.433	0.3	1	FOXN3	c30
0.247972545843991	-0.556457500099649	0.498	0.34	1	SYPL1	c30
0.00105819004910034	-0.556225610682923	0.093	0.049	1	RELL2	c30
0.00808214872653756	-0.555992246118279	0.072	0.04	1	TSEN2	c30
0.00160889840724416	-0.555969971808336	0.237	0.146	1	CWF19L2	c30
0.0233437229868733	-0.555516736456392	0.202	0.138	1	CARD11	c30
0.00196161529450778	-0.555390482155361	0.075	0.038	1	C4orf32	c30
0.000374930300673296	-0.555247540937775	0.181	0.103	1	FCHSD1	c30
0.000277788971055028	-0.554861429130693	0.106	0.054	1	TGFBR1	c30
0.000290958373338445	0.554780084790628	0.037	0.013	1	SV2A	c30
0.00246937071479588	-0.554545568240273	0.34	0.211	1	MORC3	c30
0.00344541106438998	-0.554035047731819	0.156	0.096	1	ASTE1	c30
0.00118411645385761	-0.553707610467364	0.199	0.12	1	PARP6	c30
0.00447458788673904	-0.553488766738038	0.143	0.088	1	SNX19	c30
0.0188761817324479	-0.553201247877994	0.137	0.089	1	MIATNB	c30
0.00109363813478587	-0.552429793537446	0.243	0.148	1	ADARB2	c30
0.0546200008917599	-0.551429669664803	0.059	0.037	1	GIN1	c30
0.297637300245489	-0.551214840455914	0.012	0.007	1	ITPKC	c30
0.00010544327952711	-0.551132039443626	0.156	0.084	1	ZNF426	c30
8.11200897149618e-05	-0.550813420729488	0.199	0.11	1	ABCF3	c30
0.0005746736821453	-0.550322453426949	0.206	0.121	1	GNPDA1	c30
0.0784232838755491	-0.549886939519391	0.47	0.341	1	CTD-3252C9.4	c30
0.00120995940441239	-0.549516727792899	0.227	0.139	1	DENND4C	c30
0.000225304703947317	-0.549451201816672	0.128	0.068	1	TUBGCP6	c30
7.26464330718702e-05	0.549377446198112	0.047	0.017	1	KIAA0930	c30
0.00016075018418481	-0.548963287950271	0.209	0.119	1	CACUL1	c30
0.853940881626896	-0.548791318984946	0.009	0.01	1	WDR63	c30
5.61792380946115e-05	-0.548431195883862	0.121	0.06	1	PRUNE	c30
0.0320565071349258	0.548373879085911	0.012	0.004	1	RP11-526I2.5	c30
0.0964823985755449	0.54805699823068	0.012	0.005	1	RARA-AS1	c30
0.00313200913616594	-0.547985058922996	0.081	0.044	1	ENTPD1-AS1	c30
0.0490892845101534	-0.547728195787081	0.165	0.115	1	NPC1	c30
0.00194336927585395	0.547491154178468	0.012	0.003	1	VPS9D1-AS1	c30
0.0575357609676386	-0.54744513087406	0.498	0.327	1	APMAP	c30
0.0122113833662597	-0.546955723322046	0.43	0.276	1	PTK2B	c30
0.000318631739043427	-0.546450427445974	0.093	0.047	1	ZNF569	c30
0.352835800702709	-0.546383766400222	0.016	0.01	1	AC005037.3	c30
0.0820099683688445	-0.546274328036313	0.053	0.034	1	NAIP	c30
0.000344023207199747	-0.546131319955703	0.458	0.265	1	NCK1	c30
5.22429320719963e-05	0.545519950569442	0.034	0.011	1	RORA-AS1	c30
0.0784407891356512	0.544838383504414	0.012	0.005	1	TRBJ2-1	c30
0.249976461887091	-0.544806115121616	0.019	0.012	1	ZNF607	c30
0.00209926387139049	-0.544413297300318	0.28	0.174	1	LENG1	c30
0.00254449296082083	-0.543837567836975	0.209	0.13	1	TTC39B	c30
0.0134035193830483	0.543797493145385	0.012	0.004	1	AC105760.2	c30
0.0283092111935951	-0.543371183044009	0.025	0.011	1	GAS7	c30
0.000311598791270382	-0.542988815156792	0.146	0.081	1	PRKCI	c30
0.166897847973516	-0.542834715869615	0.411	0.29	1	TRAPPC6A	c30
0.00851572776582512	-0.542536316397164	0.1	0.06	1	UNKL	c30
0.203498310065609	-0.542482151854731	0.012	0.007	1	F2RL2	c30
0.0123411990998168	-0.542345993692606	0.103	0.063	1	ARHGAP26	c30
0.00261860442022828	-0.541856057608574	0.393	0.246	1	CDK17	c30
0.0168624725305559	0.541456335592233	0.012	0.004	1	AC074117.10	c30
0.000899410217432371	-0.541449494644781	0.174	0.103	1	PCNXL2	c30
0.405082856973486	-0.541032876784448	0.548	0.375	1	UBAC2	c30
0.00194633501157395	0.540903445005065	0.022	0.007	1	PCBP3	c30
0.000542335275551264	-0.540610056960366	0.296	0.179	1	PRDM2	c30
0.254787658064383	-0.540515997298486	0.05	0.037	1	RHPN1	c30
0.000563916020266749	-0.540372832736682	0.165	0.095	1	SEC16A	c30
0.0223211305771591	-0.540167764678484	0.078	0.047	1	GRAP	c30
5.25671260901267e-05	-0.540053870824848	0.159	0.084	1	DNAJC24	c30
0.0738273039969456	-0.539783584738425	0.034	0.02	1	EXD2	c30
0.0159981326889384	-0.539734523596033	0.106	0.066	1	SLC44A1	c30
0.38735434036804	-0.538628132262567	0.059	0.047	1	CCR2	c30
0.176332476034134	-0.538483902457255	0.012	0.006	1	SETBP1	c30
0.0124984068700744	-0.538262714736867	0.053	0.028	1	SH2B3	c30
0.673157645613142	-0.538240615624632	0.614	0.442	1	ABHD14B	c30
0.117102621290135	0.538215229472725	0.012	0.006	1	AP001462.6	c30
0.00790484305012675	-0.538133967550995	0.078	0.044	1	PBX2	c30
0.453202958564108	-0.538058999536342	0.579	0.443	1	CLK1	c30
0.00178505952521879	-0.537648355797803	0.056	0.026	1	USP35	c30
0.108390374683226	-0.53756303969502	0.044	0.028	1	MTMR1	c30
0.369673976174545	-0.537209699882665	0.019	0.013	1	NEURL2	c30
0.0983429210296469	0.537139321426432	0.072	0.051	1	TRBV18	c30
4.87561594837855e-05	0.536742464554252	0.109	0.055	1	TRAV16	c30
0.0569272071493135	-0.536344810181805	0.028	0.015	1	RP11-574F21.2	c30
0.103032615302074	-0.535958122369539	0.062	0.042	1	MAFF	c30
0.706772548106685	-0.535558954638187	0.586	0.408	1	SPSB3	c30
0.0131824574024338	-0.535372099330062	0.062	0.035	1	ZFYVE26	c30
8.26806103473221e-05	0.535334554291007	0.037	0.012	1	LINC00630	c30
0.361650530646119	-0.535319913081694	0.016	0.01	1	LINC00309	c30
0.0552866195308825	-0.534935849450894	0.047	0.028	1	USP46	c30
0.00160091318754292	-0.534617035700633	0.121	0.069	1	HDAC5	c30
0.424746132085043	-0.53408214369588	0.019	0.026	1	TRBV5-4	c30
0.747123586979997	-0.533972121498203	0.455	0.339	1	FAM162A	c30
0.000334104727531256	-0.533861531035505	0.212	0.123	1	GPATCH2L	c30
0.0733687774956949	-0.53375093541841	0.025	0.013	1	GPR174	c30
0.495646938694743	-0.53363854446479	0.037	0.03	1	PDLIM1	c30
0.00640762216478237	-0.533560652247953	0.106	0.063	1	LINC00954	c30
0.000658164077775116	-0.533335772433007	0.162	0.093	1	NISCH	c30
0.000113681582462532	-0.533150983035698	0.168	0.092	1	TBC1D14	c30
0.00441257216250694	-0.533108892712309	0.093	0.053	1	OSBPL7	c30
0.850322236299844	-0.532325649686443	0.056	0.058	1	TRBV5-1	c30
0.879333977690169	-0.531867854378588	0.019	0.017	1	FAM26F	c30
0.00153226975372819	-0.530536045889987	0.33	0.204	1	MTR	c30
0.000250544905714205	-0.530337314824141	0.115	0.06	1	URGCP	c30
0.907817986745116	-0.530169426781431	0.012	0.012	1	P2RY14	c30
0.000553608524814055	0.530165107156768	0.019	0.005	1	SLC11A1	c30
0.00033836553323857	-0.529041081290153	0.134	0.073	1	EIF4E3	c30
0.00246194528436149	-0.528980520150256	0.274	0.172	1	CAMK2G	c30
0.00063716594470299	-0.528958086794351	0.09	0.046	1	CLN8	c30
0.0299987824654652	-0.528888550757266	0.037	0.02	1	THAP7-AS1	c30
0.00728262693305979	0.528795511166233	0.031	0.013	1	EME2	c30
0.0116453546110799	-0.528706812477199	0.069	0.039	1	ZNF407	c30
0.00394118915052992	-0.528601126729223	0.143	0.087	1	HGSNAT	c30
0.0133502877061871	-0.528427582187016	0.087	0.052	1	TMEM229B	c30
0.0179485967867626	-0.528245518243262	0.125	0.08	1	HLA-G	c30
0.000185624473741275	-0.528118151454213	0.14	0.075	1	ZNF140	c30
0.0245277490377182	-0.527977027407421	0.393	0.266	1	SYTL3	c30
0.01899609214146	0.527913580404235	0.016	0.006	1	RP11-138I1.2	c30
0.00830938322008771	-0.527832881602708	0.24	0.157	1	LAX1	c30
0.000133393512556422	0.527569191522742	0.031	0.01	1	SLX1A	c30
0.024693858368033	-0.527496178557382	0.044	0.023	1	RP11-637A17.2	c30
0.0256383281229779	-0.527398491255443	0.461	0.301	1	NLRC5	c30
3.94519810728188e-05	-0.52732463361853	0.24	0.134	1	TTC13	c30
0.00305756990761876	-0.526855401810989	0.773	0.599	1	ARHGAP15	c30
0.484944704900064	-0.526336885046933	0.545	0.375	1	FLI1	c30
0.136737162716729	-0.526140890853927	0.022	0.012	1	ZNF286B	c30
0.282250227952378	-0.525893115062921	0.04	0.03	1	TRAV38-2DV8	c30
0.0219420111173576	-0.525673871648861	0.028	0.013	1	RP11-390E23.6	c30
7.40599437518535e-05	-0.525493168905312	0.268	0.152	1	GGPS1	c30
0.530581933843687	-0.525460017592398	0.607	0.406	1	WBP2	c30
0.0670073641532459	-0.525408348575203	0.474	0.314	1	TRADD	c30
5.32647642516855e-05	-0.525001158038654	0.224	0.125	1	LTBP4	c30
0.00176640091846881	0.523316248568203	0.022	0.007	1	RNFT2	c30
0.0350250125938234	-0.523257747847714	0.075	0.047	1	PLEKHA5	c30
0.0783690429151434	-0.522876601812994	0.022	0.011	1	NKILA	c30
0.721353968959162	-0.522847357469271	0.595	0.426	1	AKNA	c30
0.254200147417036	-0.522101411031862	0.034	0.024	1	WDR81	c30
0.000161194645395091	-0.521978391204753	0.377	0.219	1	MAPKAPK5-AS1	c30
0.00183582273461555	0.521611224730219	0.022	0.007	1	NOMO3	c30
0.00131202119957417	-0.521535807262572	0.109	0.06	1	RP11-35G9.3	c30
0.31837662628096	-0.52133781920779	0.025	0.017	1	RP11-539I5.1	c30
0.00125210369434294	-0.520869097923411	0.103	0.056	1	GHDC	c30
0.00821148400240834	-0.520331548116426	0.078	0.044	1	RP11-80H18.3	c30
0.000282220074965278	-0.519892586227905	0.103	0.052	1	TRAF3IP2	c30
9.45461851706918e-05	-0.519196845017083	0.215	0.121	1	CRTC2	c30
0.00918627499825784	0.519190756573522	0.012	0.004	1	RP11-522I20.3	c30
0.125603194674386	-0.51887868643997	0.053	0.036	1	PPP1R3F	c30
0.00248437877186463	-0.51864499140381	0.059	0.029	1	CTC-444N24.11	c30
0.0151987140480872	-0.518566510862447	0.174	0.115	1	PPP3CA	c30
0.32284632684598	-0.518468981234066	0.667	0.496	1	BIN2	c30
0.000540762753691922	-0.516414541227206	0.19	0.111	1	DIS3L2	c30
0.00320826334001125	-0.516408813337167	0.078	0.042	1	ZNF212	c30
0.000398349225842141	-0.516028077043363	0.246	0.145	1	FBXL15	c30
0.0414116028555463	-0.515953299243546	0.227	0.161	1	MIAT	c30
0.00148017542463404	-0.515727900256919	0.265	0.165	1	FOXO1	c30
0.00646561204854596	0.515726407126637	0.012	0.003	1	CCR3	c30
0.15579499788421	-0.515699766390419	0.028	0.017	1	CTD-2017D11.1	c30
0.205980933716522	-0.514950288194086	0.025	0.016	1	PARD6B	c30
0.00386922165134464	0.514888627642105	0.025	0.009	1	MLLT4	c30
0.00095942307698303	-0.514461770519142	0.053	0.023	1	RP5-1021I20.1	c30
0.0118207468409005	-0.514451755141809	0.053	0.028	1	TTC22	c30
0.0215308478994752	0.514416255204322	0.016	0.006	1	AGAP9	c30
0.0508431163170718	0.514055695955101	0.093	0.065	1	TRAV8-4	c30
0.0993761919769791	-0.513729966465118	0.343	0.246	1	FKBP11	c30
0.0287534813255334	-0.513474263690656	0.452	0.292	1	DENND1C	c30
3.4116008063553e-05	-0.513156421968562	0.312	0.176	1	AKTIP	c30
0.0771831354585406	-0.512997577321888	0.514	0.339	1	CYTH1	c30
0.0138423267410105	-0.512980870285548	0.143	0.093	1	MAN2C1	c30
0.982450327511084	-0.512935887288293	0.012	0.012	1	PWWP2B	c30
0.0888275963975846	-0.512297601235261	0.779	0.583	1	SMCHD1	c30
0.590797103451721	-0.512239971082915	0.57	0.4	1	CMTM7	c30
0.000212185307072994	-0.511927764763417	0.321	0.189	1	RAB5B	c30
0.000736949986331076	-0.511753171538256	0.408	0.247	1	KMT2C	c30
0.402124330176245	-0.511220484523666	0.012	0.008	1	NEK10	c30
0.0264351652394747	-0.510881891655723	0.511	0.33	1	PHF3	c30
3.16909817267908e-05	-0.510328360679851	0.854	0.699	1	STK17B	c30
8.27045738428641e-05	-0.510283014092929	0.358	0.206	1	NAAA	c30
0.00169352252136974	-0.510210933505136	0.206	0.127	1	ITPR2	c30
0.354298193510635	-0.510183826679669	0.573	0.39	1	PPP3CC	c30
0.357437492907963	-0.509668893732888	0.016	0.01	1	ZNF175	c30
0.0112701086635484	-0.509520777553315	0.072	0.041	1	ZMYM4	c30
0.737119844279021	-0.509397398523797	0.012	0.01	1	RAB19	c30
0.000312438690048788	-0.508880426846884	0.312	0.186	1	RAP2B	c30
0.00257764516641235	-0.508839268585028	0.312	0.196	1	C16orf54	c30
0.0142535095498936	0.508292437969698	0.012	0.004	1	RP11-109N23.4	c30
0.0707562610367107	-0.507871794225384	0.065	0.043	1	ZNF831	c30
0.0118958151700266	-0.507529987416003	0.199	0.132	1	KLHL36	c30
0.0549954496044018	-0.507289774390791	0.47	0.32	1	PPM1K	c30
0.93842655683838	-0.50724880456027	0.592	0.435	1	YPEL5	c30
0.00430073292321839	0.506799710336456	0.016	0.005	1	RAB12	c30
0.000254987271452282	-0.506099279462242	0.174	0.099	1	IFFO1	c30
0.00499251838673998	-0.50582583091136	0.047	0.022	1	FAM86C1	c30
0.0137885551130904	-0.50565616989478	0.268	0.179	1	CLSTN1	c30
0.00129041683872504	-0.505638724744536	0.24	0.147	1	ARRDC2	c30
0.00143342400494115	-0.504875332707286	0.084	0.044	1	RNF139-AS1	c30
0.315919405211189	-0.504814020277268	0.025	0.017	1	TCEANC	c30
0.0108352795004198	-0.504775773983132	0.047	0.024	1	PTK2	c30
0.000133909175722157	-0.504515778861931	0.134	0.071	1	PDZD8	c30
0.00144517389864721	-0.504313900068934	0.252	0.155	1	ZNF277	c30
0.00207315554477166	-0.504111418543373	0.287	0.18	1	CLK4	c30
0.0173304603949833	-0.503851653589323	0.383	0.253	1	ORAI1	c30
0.128116917023967	-0.503458397628719	0.028	0.017	1	RBAK	c30
0.00300777369052685	-0.50344932185719	0.405	0.254	1	MAD1L1	c30
0.0104490540978206	0.503448583437478	0.019	0.007	1	RP11-819C21.1	c30
0.000756361509642453	0.503279984041322	0.022	0.006	1	RP5-1068E13.7	c30
0.00559695355434903	-0.503227364423872	0.193	0.123	1	ATAD2B	c30
0.000592774905871228	-0.502720067584227	0.187	0.109	1	PLEKHF2	c30
0.0499034863183997	-0.502481542265369	0.04	0.023	1	GPA33	c30
0.00408544999163309	0.502428846337105	0.028	0.011	1	MCF2L2	c30
0.0207170771792353	-0.502336048574148	0.433	0.283	1	TTC14	c30
0.417981361192778	-0.502096080587486	0.012	0.008	1	RP11-727A23.10	c30
3.1082801377905e-05	-0.501785800519193	0.174	0.092	1	GPR132	c30
0.0019330469317365	-0.501574502060737	0.386	0.241	1	NSMCE3	c30
9.26837075257363e-05	-0.501201941685757	0.181	0.099	1	TMEM55A	c30
0.158604315883385	-0.500155585515058	0.028	0.017	1	KANTR	c30
0.000629476543614013	-0.500131096308787	0.374	0.225	1	MDM4	c30
0.00457464234665127	-0.500083720673504	0.424	0.265	1	ARHGAP25	c30
0.0142584885700701	0.499779349242782	0.012	0.004	1	LATS2	c30
0.494127837267606	-0.498804504404168	0.773	0.539	1	IDS	c30
0.00553162188281909	-0.497554366659013	0.037	0.017	1	AK1	c30
0.0037520992361051	-0.497546570836652	0.047	0.022	1	ZC4H2	c30
0.0093855143644096	-0.497061594101946	0.389	0.253	1	PCF11	c30
0.0896500295120532	-0.496742654354019	0.533	0.352	1	CCSER2	c30
0.000146639375289905	0.496063358645909	0.04	0.014	1	RP11-850A17.1	c30
0.000209279205288067	-0.495206247519116	0.33	0.195	1	MIA3	c30
0.00126918282839219	-0.494746529670348	0.785	0.615	1	NSA2	c30
0.000100621547036602	-0.494177297944484	0.109	0.054	1	FBXL17	c30
0.000513074088417378	-0.494052716696705	0.162	0.093	1	TAF1	c30
0.00670235450977028	0.493997390422185	0.022	0.008	1	METTL20	c30
0.000178791360341638	-0.493140540995616	0.128	0.067	1	PATZ1	c30
0.0138565307289566	-0.493133585043005	0.078	0.046	1	SOS2	c30
7.27956086487127e-05	-0.492870199799769	0.103	0.05	1	TMEM65	c30
0.00155029002685032	-0.49279526049475	0.427	0.257	1	BLOC1S4	c30
0.000112182863792048	0.492375579997365	0.034	0.011	1	LINC01229	c30
0.000231561499862275	-0.492253365983952	0.14	0.076	1	ZNF737	c30
0.031923813090519	-0.492190988775704	0.517	0.335	1	SSH2	c30
0.00220936946224424	-0.491805658163496	0.112	0.064	1	IDE	c30
0.000153758739240976	-0.491672775671578	0.209	0.119	1	AGAP2	c30
0.00138016517872465	-0.491625895892313	0.131	0.075	1	PEX1	c30
0.0169805952185787	-0.491420281556549	0.093	0.058	1	ZNF211	c30
0.00203717476524789	-0.491319970514391	0.137	0.081	1	PIK3C2A	c30
0.0174363332891132	-0.491294675281398	0.031	0.015	1	ZFPM1	c30
0.0104653347583399	-0.491184513358235	0.072	0.041	1	SAMD4B	c30
0.0336296855598762	0.490883425608728	0.022	0.01	1	LRFN3	c30
0.000583848851558812	-0.490773031789285	0.315	0.191	1	RNF11	c30
0.0219821141615195	-0.490454281617487	0.477	0.312	1	BCL11B	c30
0.00067774204552427	0.49022164996017	0.025	0.008	1	WDR92	c30
0.00104005524826329	-0.490171208928297	0.128	0.072	1	ZBTB40	c30
0.0135675318183685	-0.490106141593635	0.103	0.064	1	WDR44	c30
0.00580253562447324	-0.490011711553687	0.417	0.266	1	ZCCHC11	c30
0.0269323890288635	-0.489930516813689	0.093	0.059	1	FAM228B	c30
6.14127407156132e-05	-0.489918567959808	0.237	0.133	1	ZNF83	c30
0.0159722460052023	0.489440900807344	0.012	0.004	1	RP11-649E7.5	c30
0.158160417571633	-0.488771582616788	0.04	0.027	1	ANKRD42	c30
0.0112767409790878	-0.487223194085545	0.075	0.043	1	RP11-327P2.5	c30
0.00011837572618537	0.487192417626067	0.037	0.013	1	FAM66C	c30
0.0270003535422297	-0.487130384680513	0.09	0.057	1	TAF4B	c30
0.0354556297398666	-0.48710830959116	0.056	0.033	1	GSTM2	c30
0.869492810464666	-0.486834465644644	0.065	0.065	1	GOLGA8A	c30
0.0332440531495268	-0.486678223931866	0.062	0.038	1	SIPA1L3	c30
0.0554354394693707	-0.486537834165186	0.022	0.011	1	ZFP41	c30
0.0247345487518978	-0.484417760645067	0.078	0.048	1	FAM8A1	c30
0.0018962767404757	-0.484371271958817	0.053	0.025	1	UBE3D	c30
0.00214660331111551	-0.484232159491976	0.252	0.158	1	NECAP1	c30
0.00564558222965864	-0.483837277838606	0.112	0.067	1	SAMD8	c30
0.00304479659787629	0.483666529481658	0.019	0.006	1	CIB2	c30
0.0188443685850764	0.483261743745978	0.012	0.004	1	AC061992.2	c30
0.00162045991598816	-0.483032498354278	0.103	0.057	1	HSPBAP1	c30
0.00234740612496139	-0.482925208183573	0.131	0.077	1	FAM160A2	c30
0.0826107130141806	-0.482834540096849	0.025	0.013	1	C3orf62	c30
6.59760891843113e-05	-0.482360418235754	0.411	0.236	1	CARD8	c30
0.19146571010414	-0.481882409548811	0.564	0.377	1	ALKBH7	c30
0.680350082663871	-0.481805197461786	0.24	0.219	1	TIMP1	c30
0.0152648988341395	0.481716713227912	0.028	0.013	1	RNASE6	c30
0.00010780296118932	-0.481642990286677	0.427	0.248	1	TESPA1	c30
0.000254390799036072	0.48099881766903	0.037	0.013	1	RP11-532F6.3	c30
0.00358668996428913	-0.480523106296043	0.121	0.072	1	MED13L	c30
0.108261896551795	-0.48035593568396	0.025	0.014	1	ZNF133	c30
0.0728293111898632	-0.48030580086189	0.773	0.591	1	OXNAD1	c30
0.306521490316137	-0.479506538437987	0.012	0.007	1	GPC2	c30
6.85690056396336e-05	-0.479049153399691	0.234	0.132	1	RPS6KA5	c30
0.010720866204313	-0.478870402684436	0.093	0.056	1	PARP3	c30
5.76342706072276e-05	-0.478633188895623	0.34	0.194	1	ZCCHC7	c30
0.0972149604897325	0.478494231290405	0.012	0.005	1	CTD-2017C7.2	c30
0.000122868411277432	-0.478243517710925	0.165	0.09	1	DGKE	c30
0.000820328930186438	-0.477952178109285	0.315	0.193	1	ECHDC2	c30
0.00011404836035753	0.47769606830579	0.037	0.013	1	LACC1	c30
0.130121664893758	-0.477498846453698	0.452	0.317	1	IQGAP2	c30
0.026376845540211	-0.477484253459476	0.701	0.541	1	TNFAIP8	c30
6.07206948624292e-05	-0.476331349821801	0.402	0.24	1	MYADM	c30
5.56210570922911e-05	0.475919078086203	0.056	0.022	1	ULK1	c30
0.170348249625204	-0.475541689941401	0.022	0.013	1	RP11-147L13.2	c30
0.0607069913233105	-0.475421377065738	0.745	0.572	1	ETS1	c30
4.39287135308054e-05	-0.475341753072197	0.249	0.14	1	FAM134C	c30
0.130633793552319	-0.475160250506742	0.034	0.021	1	FOXP4	c30
0.42718956628792	-0.474896778747971	0.012	0.008	1	ZSCAN22	c30
0.111142871228789	-0.474864334607261	0.019	0.01	1	CTC-490G23.2	c30
0.000420468180622587	-0.474806727253355	0.156	0.088	1	RP3-477O4.14	c30
0.010397052143831	-0.473998709611156	0.078	0.045	1	TRAV8-3	c30
0.0637142013898205	-0.473925627192339	0.031	0.017	1	CADM1	c30
0.00123577375230406	-0.473681764268192	0.069	0.034	1	ZBTB41	c30
0.144322951273419	-0.473527924895203	0.012	0.006	1	OSBPL5	c30
0.0371628650664362	-0.473305549071667	0.234	0.163	1	MARCKSL1	c30
0.000473905314224935	0.473238638981951	0.019	0.005	1	LINC01125	c30
0.000181444143173282	-0.473102318732027	0.371	0.217	1	TBPL1	c30
0.00351472306144056	-0.473060110005731	0.829	0.657	1	NDFIP1	c30
0.00680344978201948	-0.47293746757106	0.807	0.64	1	RHOH	c30
0.00158819776708899	-0.472448261031306	0.231	0.142	1	OSTM1	c30
0.0304148378350517	-0.472290090434336	0.065	0.04	1	WDR35	c30
0.22233056407959	-0.472241454114616	0.548	0.379	1	OGT	c30
0.00724760009047122	-0.471368061543708	0.159	0.101	1	BAZ2B	c30
0.00618256265379307	0.471367635507738	0.09	0.054	1	TMIGD2	c30
4.84253950833373e-05	-0.471283102234382	0.196	0.107	1	FAM21A	c30
0.0703512535603262	-0.470916582648826	0.04	0.024	1	STX18-AS1	c30
0.00395426910258486	-0.470392948938686	0.794	0.626	1	TOMM20	c30
0.00136921430638727	-0.469605929808729	0.352	0.217	1	CCDC174	c30
0.000602126153381751	-0.469469599311484	0.377	0.234	1	SKIL	c30
0.00846454934543292	-0.469377700671531	0.069	0.038	1	PLPP6	c30
0.0062520793028696	0.469341161050914	0.022	0.008	1	ABCA3	c30
0.0269421839146685	-0.469328502159289	0.031	0.015	1	ZNF816-ZNF321P	c30
7.48687913630778e-05	-0.469040764603625	0.875	0.711	1	TAPBP	c30
0.0243574447806266	-0.468928931435695	0.05	0.028	1	TESK2	c30
0.000100886126165289	-0.468794556301813	0.224	0.127	1	RNF146	c30
0.447792743913242	-0.468565895364243	0.012	0.008	1	MAML3	c30
0.000114569591356423	0.468395909927666	0.037	0.013	1	ERMAP	c30
0.00919738701678507	-0.468191221728944	0.044	0.021	1	RP11-147L13.11	c30
0.00738184542310485	0.468151709903918	0.019	0.006	1	LINC00294	c30
0.0300375249995582	-0.468017878368244	0.034	0.018	1	CAB39L	c30
0.026792041918141	-0.468008526851333	0.405	0.272	1	SERPINB9	c30
0.00322926916557188	-0.466872356695541	0.05	0.024	1	CTNS	c30
4.27896234914492e-05	-0.466695154187716	0.374	0.213	1	CNOT4	c30
0.000134927194161273	-0.466657446899934	0.894	0.704	1	SF1	c30
9.8701033136172e-05	-0.466504195884601	0.125	0.064	1	AMN1	c30
0.115291060842876	-0.466434994520509	0.012	0.006	1	C8orf37	c30
6.50270437113458e-05	0.466361732151398	0.022	0.005	1	PELI3	c30
0.000644203850123649	-0.465625765520046	0.168	0.098	1	KLHL6	c30
0.0365510709643851	-0.465621061531782	0.539	0.342	1	AKIRIN1	c30
0.446450934190752	-0.465142227083576	0.028	0.021	1	KCNQ1OT1	c30
0.00877593627839031	0.465007932516494	0.019	0.007	1	CTD-2353F22.1	c30
0.0771064589058075	-0.464808287417565	0.031	0.018	1	AKR1C3	c30
3.96366652522357e-05	0.464664103292885	0.614	0.522	1	CTSW	c30
0.0196319267224152	-0.464404598788372	0.776	0.603	1	ELF1	c30
0.00390142581323108	-0.464385804918434	0.249	0.159	1	TBC1D22A	c30
0.00595344025218857	-0.463496383516476	0.1	0.059	1	ZNF568	c30
0.0951148372305861	-0.462862388653791	0.495	0.333	1	PIAS1	c30
0.000363285545792356	-0.462679512487854	0.14	0.077	1	PAXIP1-AS1	c30
0.427782663178079	-0.462518413417368	0.019	0.013	1	MTURN	c30
0.0219742965619883	-0.461762236477213	0.165	0.111	1	KMT5B	c30
0.000267940262074459	-0.461647152177393	0.112	0.058	1	MAP3K3	c30
0.509182102920707	-0.461533368893288	0.012	0.009	1	SNAI3-AS1	c30
0.0179301956998309	-0.461118631952814	0.112	0.072	1	ADTRP	c30
0.000371143232544856	-0.460927858337721	0.097	0.049	1	OSBP	c30
0.0376397130331432	-0.460829200245733	0.034	0.018	1	RP5-832C2.5	c30
0.310670032249417	-0.460778231298221	0.474	0.339	1	HSD17B11	c30
0.0277415305797378	-0.45979421354968	0.053	0.03	1	ZNF528	c30
0.039817190211939	-0.459460014821382	0.04	0.023	1	CEACAM1	c30
5.71846977285156e-05	-0.459266371531333	0.118	0.059	1	ZNF518B	c30
0.000676321844748947	-0.459259114926555	0.134	0.075	1	JMY	c30
0.000847969730781758	-0.459004404385769	0.065	0.031	1	KIF1B	c30
0.00188926046687291	-0.458782602532913	0.118	0.068	1	ABCC10	c30
0.0165667524023414	-0.458672077632308	0.47	0.304	1	DOCK10	c30
0.0106898531599887	-0.458290083554198	0.52	0.328	1	CASP8	c30
0.478888460069858	-0.457595014852526	0.692	0.502	1	ARID4B	c30
3.76116963611899e-05	0.457472473125845	0.044	0.015	1	ADCK1	c30
0.0131380175549749	-0.456915005098572	0.131	0.084	1	RNASEL	c30
0.00369805869477224	-0.456396437259654	0.069	0.036	1	ACTR3B	c30
0.0475695701186817	-0.456307766162732	0.028	0.014	1	RP13-516M14.4	c30
4.02285541096e-05	-0.456224760882854	0.115	0.056	1	NSUN4	c30
0.0367357019958773	0.456208083373046	0.012	0.004	1	SRXN1	c30
9.01047464136671e-05	0.455947951083778	0.028	0.008	1	ZDHHC14	c30
0.000324040447898545	0.455634136069068	0.022	0.006	1	ZNF653	c30
0.000951781516337276	-0.455521655587816	0.097	0.051	1	YBX3	c30
0.0164750006322157	-0.455048465628741	0.193	0.134	1	KLRD1	c30
0.000199086068591244	-0.454663814186767	0.274	0.162	1	GATAD2B	c30
0.000910098319716973	0.45452458399215	0.022	0.007	1	ENO1-AS1	c30
0.000844929864307671	-0.453634219668882	0.062	0.029	1	SDCBP2-AS1	c30
0.0021042691861987	0.453493866373556	0.025	0.009	1	ANO8	c30
0.000412485605448035	-0.453114574919645	0.181	0.104	1	TRAPPC9	c30
0.000486317240824136	-0.452742876647138	0.165	0.095	1	COQ7	c30
0.000343004816418905	-0.452571396104805	0.224	0.132	1	EP300	c30
0.000296384344287528	-0.452032337393899	0.305	0.182	1	PAPD4	c30
0.000437333399588746	0.451916364133536	0.034	0.012	1	CDAN1	c30
0.000691368422898206	-0.451585554042315	0.106	0.057	1	ENTPD6	c30
0.0181334280634364	0.451462161472058	0.022	0.009	1	FADS1	c30
0.0164067172223739	-0.451390932787329	0.04	0.021	1	ZBTB39	c30
3.36005539259883e-05	-0.451298982029329	0.324	0.185	1	USP11	c30
0.00197382369686653	-0.451136236841757	0.056	0.027	1	ZNF570	c30
0.00191101294559593	-0.450997587235134	0.103	0.057	1	UVSSA	c30
0.0188900400552628	0.450875623627245	0.016	0.006	1	RP11-5C23.1	c30
0.153130860580871	-0.450394749983809	0.04	0.027	1	RSPH3	c30
5.22318675878955e-05	-0.449241148143331	0.302	0.173	1	SMPD1	c30
0.0465812761642339	-0.448854211111454	0.153	0.108	1	MYC	c30
0.00042565363146024	-0.44856141216396	0.321	0.194	1	SLC7A6	c30
0.000107856958790079	-0.448340726234255	0.181	0.1	1	METTL16	c30
0.00470716784372779	-0.448235075253394	0.093	0.053	1	CRHR1	c30
0.00595864315918315	-0.448071676736218	0.093	0.054	1	GIGYF1	c30
0.000220557390660594	0.447799040838174	0.031	0.01	1	RP11-658F2.8	c30
8.01617102723435e-05	-0.4474149608269	0.15	0.079	1	PRKCZ	c30
0.0388692336367525	-0.446746022732353	0.056	0.034	1	ZNF17	c30
0.0178659298802955	0.446644060000744	0.012	0.004	1	RGPD5	c30
0.021580843736701	0.446642297622883	0.016	0.006	1	CTD-3222D19.12	c30
0.0145510345701048	-0.446008604346011	0.411	0.268	1	GON4L	c30
0.000232676090365286	-0.445541849682686	0.09	0.044	1	ZNF234	c30
0.00151530320789424	-0.445284272017664	0.14	0.082	1	RP11-511P7.5	c30
0.00443755329902704	-0.44475463557184	0.056	0.028	1	ZNF543	c30
0.0011786737128559	-0.444176821676568	0.065	0.032	1	ZKSCAN4	c30
0.23796353801765	-0.444014124939172	0.022	0.014	1	KCTD21-AS1	c30
0.223802410304259	-0.443546002731653	0.022	0.014	1	RP5-1092A3.4	c30
0.00025009457744492	0.443337949398872	0.034	0.012	1	CDC37L1-AS1	c30
0.00511858575476947	-0.443115995867478	0.062	0.033	1	TMEM117	c30
0.00189051686463128	-0.442961345504759	0.106	0.059	1	CARF	c30
4.105335512284e-05	0.44287783680768	0.037	0.012	1	ZSWIM1	c30
0.203810971055837	-0.442850616006205	0.022	0.013	1	NEO1	c30
0.00152875892642048	-0.442206085940081	0.134	0.078	1	CSNK1E	c30
0.059525155799706	-0.442150800880495	0.536	0.357	1	JUND	c30
0.104831750383141	-0.4421344483916	0.069	0.047	1	FUCA1	c30
0.259584184840151	-0.441960527509179	0.019	0.012	1	HSPA1L	c30
0.0160968102797746	-0.441875563362055	0.065	0.038	1	FAM227B	c30
0.0109077710992193	-0.441362483626116	0.053	0.028	1	SMG8	c30
0.669828432072658	-0.440902740856028	0.664	0.473	1	RNF19A	c30
0.00137031090125283	-0.440411874555148	0.062	0.03	1	ZNF510	c30
5.28428036755952e-05	-0.440381217971905	0.293	0.168	1	ACYP2	c30
0.000678467783778622	0.440103014841376	0.028	0.009	1	LINC01569	c30
0.618533863594202	-0.439931760921577	0.012	0.01	1	CALCB	c30
0.00306194135395771	-0.439634087077109	0.243	0.155	1	PACS1	c30
0.587871844289379	-0.439408458929297	0.016	0.012	1	RP11-134G8.5	c30
0.025612361732263	0.43920103409559	0.012	0.004	1	RP1-28O10.1	c30
0.00197014803598715	-0.438642208024287	0.221	0.139	1	PERP	c30
0.000588016646898416	0.43823425054448	0.037	0.014	1	CRIM1	c30
0.00340821608591827	0.438166353468484	0.012	0.003	1	EPHX1	c30
0.000263856009197039	-0.43781490544257	0.118	0.062	1	SPIN2B	c30
0.0135878165580704	0.437033766087064	0.022	0.009	1	THBS3	c30
0.00114324835597558	0.436946116755776	0.019	0.005	1	KLHL35	c30
0.000644070650094394	-0.436864951674742	0.112	0.06	1	EPOR	c30
0.227831340058514	-0.436687104401306	0.589	0.395	1	MAX	c30
0.000175825048400087	-0.436663273504712	0.224	0.13	1	CTA-29F11.1	c30
0.228564575568018	-0.436595479525477	0.019	0.011	1	CDK20	c30
0.00718789871642955	-0.436095581682945	0.05	0.025	1	BTBD2	c30
0.0467597155244947	0.435967031810137	0.016	0.006	1	LOH12CR2	c30
0.582108985138111	-0.435959938124182	0.069	0.06	1	TRBV7-9	c30
4.39096816626044e-05	-0.435694396133605	0.34	0.193	1	XPA	c30
0.00525125335672774	-0.435292118101749	0.047	0.022	1	ZNF558	c30
0.00167444032535665	-0.435186466848203	0.056	0.026	1	ASPH	c30
0.000128495451725551	-0.435034346496466	0.888	0.721	1	PNISR	c30
0.996148379641704	-0.434668202304739	0.016	0.015	1	TRIM62	c30
0.0313963262736564	0.434287613586324	0.022	0.01	1	AC138969.4	c30
0.00771860192468551	0.434195865191522	0.016	0.005	1	CH507-9B2.9	c30
0.0245169135422762	-0.434106240535669	0.04	0.021	1	RP11-284M14.1	c30
0.000897253758704102	-0.434016345965182	0.358	0.222	1	PLCG1	c30
5.69219643443169e-05	-0.433985681363155	0.125	0.063	1	TP53I11	c30
0.00420001739463264	-0.433800831743933	0.34	0.219	1	NBR1	c30
0.00152091429388468	-0.433756259621747	0.053	0.024	1	NBPF3	c30
0.000320636445681378	-0.433458030955974	0.193	0.112	1	CREBBP	c30
7.03369757584336e-05	-0.432163999968823	0.131	0.067	1	GLTSCR1L	c30
0.000154932960045858	-0.431989012865591	0.212	0.121	1	ZSCAN16-AS1	c30
0.232892259306216	-0.431499893793439	0.022	0.014	1	AVPI1	c30
0.37503551506778	-0.431003515901647	0.006	0.012	1	FCGBP	c30
0.36344672266875	-0.430794740860959	0.012	0.008	1	DIP2C	c30
0.118919922670426	-0.430642529835776	0.019	0.01	1	LRRC37A2	c30
0.000605931650669459	-0.43035917456198	0.134	0.075	1	SERTAD3	c30
0.0233434251564656	0.430252326460938	0.016	0.006	1	AMER1	c30
0.0431359557026458	-0.429659013310493	0.028	0.014	1	SMPD3	c30
0.000363874885669389	-0.429020674919767	0.455	0.269	1	CIR1	c30
0.00353865118950081	-0.428978446470709	0.408	0.257	1	MKRN1	c30
0.235643962729079	-0.428911376794487	0.022	0.014	1	C19orf73	c30
0.0859985279795584	-0.428858680461629	0.037	0.022	1	BBS1	c30
0.230862670392317	-0.42836031383543	0.738	0.559	1	SELPLG	c30
0.027257974810053	-0.427460347327365	0.53	0.342	1	EAPP	c30
0.000860071509542267	0.427320517961563	0.022	0.006	1	RP1-122O8.7	c30
0.00980910904459213	-0.426653699919585	0.047	0.024	1	XYLT2	c30
0.000210137437807709	-0.426381531734621	0.218	0.127	1	SLC30A7	c30
0.00271094011616075	0.426268033959429	0.019	0.006	1	B3GNT5	c30
4.5473906748505e-05	0.42575204605693	0.031	0.009	1	METTL21B	c30
0.343991269042229	0.425336323071563	0.012	0.008	1	CCDC157	c30
0.340517278926009	-0.425000459608373	0.019	0.013	1	ZNF555	c30
0.177676498847481	-0.424385040437827	0.592	0.407	1	REL	c30
0.348884020615173	-0.424026371690343	0.012	0.008	1	CCDC180	c30
0.000733505230281682	-0.423640236972243	0.128	0.071	1	TMEM135	c30
0.077275738116102	-0.423225905005362	0.031	0.018	1	KSR1	c30
0.0396713644051369	-0.423090744544864	0.034	0.018	1	ZNF613	c30
6.78354861683613e-05	-0.422882203503421	0.084	0.038	1	RAD54L2	c30
0.2225264031069	-0.422479063905433	0.044	0.031	1	TRAV2	c30
3.98273265330647e-05	-0.422477147340866	0.184	0.1	1	TRGV3	c30
0.000980289223156224	-0.422055754348375	0.364	0.225	1	CNST	c30
0.0102938713237172	-0.421937180525995	0.464	0.298	1	AFF4	c30
0.051461711733206	-0.421774266997808	0.05	0.03	1	ZNRD1-AS1	c30
0.0012843149110158	0.421670308269079	0.034	0.013	1	PLCB3	c30
0.038568353059841	-0.421466903433257	0.056	0.034	1	ZNF329	c30
0.000247321199732033	-0.420702917382439	0.271	0.162	1	IRF2BP2	c30
0.724698778343584	-0.420690695053336	0.025	0.028	1	TRBV12-3	c30
0.00153066186279593	-0.420608073110498	0.265	0.166	1	MAP4K2	c30
0.00815675198206365	-0.420569496159387	0.09	0.053	1	FRS2	c30
0.000515967050568644	0.420346922648679	0.025	0.008	1	DPY19L2	c30
0.00108513140592188	-0.419585289725712	0.125	0.07	1	APH1B	c30
7.23305142808548e-05	0.419329113851913	0.04	0.014	1	LONRF1	c30
0.000164482606190985	0.418856327263716	0.04	0.015	1	FLCN	c30
0.0243038957152568	-0.418547030349321	0.489	0.319	1	JMJD1C	c30
8.51864591842135e-05	0.418456819181731	0.028	0.008	1	FLJ37035	c30
0.147742451699567	-0.417764908625731	0.037	0.024	1	ACVR1	c30
0.00148762794035666	0.417609210532015	0.028	0.01	1	RP11-412D9.4	c30
0.00922544477307626	0.417327832691369	0.025	0.01	1	CAPN10-AS1	c30
0.0149751165683425	-0.41682906328217	0.09	0.055	1	ZSCAN25	c30
8.07070990656658e-05	-0.4163522913073	0.156	0.083	1	FTO	c30
0.000972257924424077	-0.416335380685747	0.087	0.045	1	AC109826.1	c30
0.0367881085435539	0.416144666425703	0.012	0.004	1	RP11-930P14.2	c30
0.0257892641469182	-0.416013439077976	0.059	0.035	1	AC022182.3	c30
0.668870643056328	-0.415291875698519	0.748	0.531	1	PRMT2	c30
0.0536517383473538	-0.414917056539934	0.028	0.015	1	DOCK7	c30
0.0151501575519447	0.414475308491755	0.025	0.011	1	ZNF784	c30
0.0095052662365512	0.414423236139788	0.016	0.005	1	PLXNB2	c30
0.00908496419216888	-0.414389589391731	0.533	0.332	1	GLG1	c30
0.119867360565377	0.414236063930749	0.016	0.008	1	NEXN	c30
0.000528362598814311	-0.413908819649547	0.162	0.094	1	ESYT2	c30
0.00252137937612631	0.413878396958482	0.022	0.007	1	RP11-580I16.2	c30
0.367535605369459	-0.413660999832628	0.012	0.008	1	CNNM4	c30
0.00994178645025137	-0.413426926921463	0.097	0.058	1	ZNF827	c30
0.00083441462437549	-0.412376977977917	0.125	0.07	1	ARMCX5	c30
0.00195867825258647	0.411590978308332	0.025	0.009	1	RP11-649A18.12	c30
0.000111786201867709	-0.411225024884115	0.374	0.219	1	TBC1D1	c30
8.89975062394633e-05	-0.411195848288223	0.168	0.091	1	WASH1	c30
0.000100118229824208	-0.410969183917206	0.249	0.144	1	FBXO44	c30
0.0572141268411252	-0.410647747688348	0.047	0.028	1	MAP3K12	c30
3.53298613581645e-05	-0.410532501250106	0.202	0.111	1	EIF3J-AS1	c30
0.118316382214391	-0.410509304147356	0.43	0.308	1	CD28	c30
0.00158792880280884	-0.40993335744981	0.128	0.074	1	DGKD	c30
0.00117032541727755	-0.409387591476707	0.05	0.022	1	ABHD14A	c30
0.266520000959892	-0.409133764888348	0.044	0.032	1	NBPF1	c30
0.00492927553892719	-0.408774413039565	0.15	0.093	1	FCGRT	c30
9.33958126210895e-05	-0.408501257276117	0.153	0.082	1	SLC25A37	c30
0.0241546138016305	-0.407995780257069	0.072	0.043	1	SLC41A1	c30
4.46704879254098e-05	0.407919563722461	0.053	0.02	1	DYNC2LI1	c30
0.000347574443867973	-0.40778674930399	0.118	0.063	1	ZFP62	c30
0.0970872399482923	0.407721727883368	0.012	0.005	1	PPP5D1	c30
0.00907624323460104	0.407420049105444	0.016	0.005	1	C14orf37	c30
0.00252141251514238	0.40739630522593	0.031	0.012	1	FOXO4	c30
0.0127648271104954	0.407076084160092	0.016	0.005	1	PM20D1	c30
0.00232860643309126	-0.406967726103399	0.065	0.033	1	SLC18B1	c30
0.0105334945926052	0.406796235358694	0.016	0.005	1	AC093673.5	c30
0.427652005833009	-0.406490800081367	0.016	0.022	1	TRBV6-2	c30
0.0367933527029207	0.405543543879106	0.012	0.004	1	ZNF415	c30
0.000274408573205988	-0.405047833516734	0.162	0.091	1	LEMD3	c30
0.00118226808706852	-0.40503631367878	0.072	0.036	1	ZNF354A	c30
0.0153879978546796	0.404932817622052	0.016	0.005	1	RP11-475E11.9	c30
0.0736643365437961	-0.404910915065403	0.022	0.011	1	LINC01431	c30
0.0275687259523093	-0.404749957538353	0.044	0.024	1	C10orf128	c30
4.47215421271373e-05	-0.404531049484689	0.218	0.121	1	VAMP3	c30
0.000461973576592507	-0.404198735333813	0.121	0.066	1	GLI4	c30
3.48171820916476e-05	-0.404121581930155	0.224	0.124	1	GALT	c30
0.00189006921035947	-0.403947795786556	0.078	0.041	1	TTLL1	c30
0.0166086005055327	-0.403470356662524	0.059	0.033	1	SESN2	c30
0.554844816499718	-0.402568378927673	0.022	0.017	1	SYNPO2	c30
0.00117271416124611	-0.402275599524542	0.081	0.042	1	HOMEZ	c30
0.00060830113233085	-0.401905675758871	0.405	0.245	1	TBCC	c30
0.000868159044211846	0.401572691406556	0.019	0.005	1	CCDC163P	c30
0.135668343148507	-0.401414094983499	0.044	0.029	1	RP3-323P24.3	c30
0.00733546119796602	-0.401221696882419	0.498	0.317	1	CNOT6L	c30
0.00479175196710953	0.401179255218304	0.04	0.019	1	MAP4K3	c30
0.000559307023601677	-0.401117698963456	0.143	0.081	1	C1RL	c30
0.00156003787119524	-0.401032926640227	0.134	0.078	1	THEMIS2	c30
0.000336235633761523	-0.400973154643804	0.206	0.12	1	MTO1	c30
0.000262451591033706	-0.400817466389044	0.1	0.05	1	CUL4B	c30
6.77128889570976e-05	-0.400695371955973	0.234	0.133	1	FAM172A	c30
0.0152565081627539	-0.400542068886855	0.034	0.016	1	ZNF514	c30
0.00366388786638186	0.39972734147347	0.022	0.007	1	AC073254.1	c30
0.312925210797783	-0.398886879503735	0.682	0.449	1	CDC42SE1	c30
0.000529925938231133	-0.398824910207278	0.134	0.074	1	POC1B	c30
0.000198819865348288	0.397270510632674	0.028	0.008	1	ZNF324B	c30
4.45969549236163e-05	-0.396718959286211	0.069	0.028	1	GS1-124K5.4	c30
0.0137397626879112	0.396625042769386	0.022	0.009	1	CTD-2020K17.3	c30
0.0627809519781095	0.39616875717579	0.012	0.005	1	ARHGEF40	c30
0.0508332702017709	-0.396133849636083	0.056	0.034	1	FAM193B	c30
0.00544050434534311	-0.395562743119119	0.072	0.039	1	CH507-9B2.5	c30
0.000168938956115887	-0.395308627142419	0.181	0.102	1	CDR2	c30
0.011924661024298	-0.395237302942922	0.028	0.012	1	TRBV11-3	c30
0.0243824806776416	-0.394581293945355	0.05	0.028	1	RP11-875O11.1	c30
0.00404482656859448	-0.394147493288137	0.103	0.06	1	PRR12	c30
0.00517372123480244	-0.39351857200499	0.062	0.033	1	FAM168A	c30
0.127695575595169	0.39344688777348	0.022	0.012	1	SPINT1	c30
0.591429102682082	-0.393336900143093	0.614	0.479	1	ARL4C	c30
0.0393565882845998	-0.392805227582418	0.069	0.043	1	POLI	c30
0.013547737800096	-0.392683495741777	0.128	0.082	1	HMBOX1	c30
8.53798815436049e-05	0.392618337280196	0.022	0.005	1	RP13-20L14.6	c30
0.00116909416539389	-0.391734906591367	0.062	0.03	1	TMEM91	c30
0.000413304119419824	-0.391626739978161	0.065	0.03	1	TRAV36DV7	c30
0.00383688549011075	-0.391305999470998	0.078	0.042	1	PCBP4	c30
0.0412615562604706	-0.390701920534029	0.025	0.012	1	GRAMD1B	c30
0.000162929623668779	-0.390647326842536	0.121	0.063	1	SLC37A3	c30
0.0605253168264269	0.390643634555093	0.012	0.005	1	LINC01501	c30
0.183315364650931	-0.389305322927433	0.037	0.025	1	ZNF419	c30
6.11708191368751e-05	-0.389275941957341	0.199	0.111	1	SLC35E2B	c30
0.0119101812721621	0.389227649558141	0.012	0.004	1	C22orf15	c30
0.0774413404524833	-0.389189942483132	0.034	0.02	1	FAM101B	c30
0.000244284402811459	-0.388993217032009	0.081	0.038	1	ZNF649	c30
9.81977736531922e-05	-0.388857248914412	0.178	0.098	1	FAM208B	c30
0.240500709432646	-0.388678620564229	0.031	0.021	1	FKBP14	c30
0.0480171497775352	-0.388385644061466	0.069	0.044	1	XRRA1	c30
0.178292272211002	-0.388171662860934	0.022	0.013	1	ZNF319	c30
6.22599298682481e-05	-0.38779531198029	0.24	0.136	1	AFF1	c30
7.19113711105121e-05	0.386985153047169	0.047	0.017	1	ZNF487	c30
0.000432742253881666	-0.386684286141562	0.087	0.043	1	PAN2	c30
9.49007277757737e-05	-0.386189169733422	0.097	0.046	1	ZNF398	c30
6.3312781486859e-05	-0.38598515026597	0.087	0.04	1	SDCCAG3	c30
0.0425276252519231	-0.385950446998123	0.04	0.023	1	NOD2	c30
0.0170277780514261	-0.385818219717022	0.081	0.049	1	SLC25A43	c30
0.00542066710352137	-0.385664253190139	0.037	0.017	1	LINC00665	c30
0.00106880447661981	0.385140977758192	0.019	0.005	1	FLJ35934	c30
0.0127303709807379	-0.384971407226396	0.059	0.033	1	HRH2	c30
3.41010131381969e-05	-0.384843127857232	0.193	0.105	1	ELL	c30
0.000729043747438293	-0.383928938768569	0.112	0.061	1	PHC1	c30
0.000173209809382315	-0.383905563920066	0.15	0.081	1	SUMF1	c30
0.00051302532720273	0.383554591984641	0.019	0.005	1	LINC00167	c30
0.0962672241081828	-0.382829248127005	0.019	0.009	1	DUSP8	c30
0.00365643922837744	-0.382740379604054	0.062	0.032	1	STXBP5	c30
0.00148190897047688	0.382700477927022	0.028	0.01	1	TIMP2	c30
5.96409671462413e-05	-0.381882217830067	0.128	0.065	1	COG7	c30
0.0220255050154187	0.381870143573797	0.012	0.004	1	HCG11	c30
0.000164641549777508	-0.381819359006401	0.888	0.756	1	RPL36A	c30
0.0269319123567765	-0.381715410352046	0.056	0.033	1	KLHDC10	c30
5.6521153660639e-05	-0.381369231292648	0.187	0.102	1	TTN-AS1	c30
0.0741849835935446	-0.381143449668472	0.031	0.018	1	AGAP3	c30
0.00091070196330993	-0.380909549759439	0.125	0.07	1	KMT2D	c30
0.00716180934447078	-0.380361470541469	0.109	0.066	1	GRK5	c30
0.00780942818996315	-0.379967485348499	0.056	0.029	1	ZNF45	c30
0.0572623510729725	-0.37974464582222	0.069	0.044	1	LINC00680	c30
3.24974738854048e-05	-0.379536005919525	0.234	0.131	1	ZC3H12A	c30
0.000146936074892371	-0.379450997842237	0.134	0.071	1	ZNF561	c30
0.0033908249613417	-0.379126310677427	0.882	0.698	1	SRSF5	c30
0.000620712969763084	-0.378926800826682	0.539	0.32	1	EMC10	c30
0.0341407198367573	-0.378807582008106	0.019	0.008	1	RP5-1159O4.1	c30
0.000147560960292332	-0.378063028091702	0.511	0.297	1	SYTL1	c30
7.46049489201056e-05	-0.377718482142	0.913	0.733	1	UBXN1	c30
0.00216159185844598	-0.377662764581608	0.199	0.124	1	PIK3C3	c30
0.00015301029729308	-0.377492646714059	0.112	0.057	1	SLC23A2	c30
0.00561986124802763	-0.377266896189501	0.022	0.008	1	NAV2	c30
0.0337763758340226	0.377109021688521	0.016	0.006	1	AP000692.10	c30
0.0680191152671876	0.376932075969005	0.016	0.007	1	PLPPR2	c30
8.5570459730745e-05	-0.376879785035595	0.206	0.116	1	NEU1	c30
0.321198835003314	-0.376856198095715	0.025	0.017	1	PTPRM	c30
0.000160264672878884	-0.376465286547481	0.072	0.032	1	HVCN1	c30
0.000116235620447311	-0.376079948589023	0.075	0.033	1	PGBD2	c30
0.0011248538872514	-0.375911174646318	0.097	0.052	1	SMIM3	c30
6.27891204537409e-05	-0.375456583328429	0.143	0.075	1	DENND4B	c30
4.36784972536951e-05	-0.375260162837979	0.171	0.092	1	POLL	c30
0.000943923335506119	-0.374574453571241	0.093	0.049	1	ZNF780B	c30
0.0102340506139058	-0.374416853724985	0.869	0.697	1	TRAF3IP3	c30
3.16629375435375e-05	0.373966103047764	0.047	0.016	1	RP4-800J21.3	c30
0.100034390792166	0.373770081280279	0.012	0.006	1	CECR7	c30
0.0203949969767778	0.37373139669414	0.025	0.011	1	KLHL15	c30
0.0014853667085265	0.373578451785753	0.031	0.012	1	HDAC9	c30
0.345312655388361	-0.373488866359853	0.651	0.444	1	JAK3	c30
7.16052934591589e-05	-0.37345851725887	0.34	0.197	1	HELZ	c30
0.000476070100065726	-0.373380707136387	0.072	0.034	1	RP4-816N1.6	c30
0.00134959493906528	-0.373243832434032	0.118	0.067	1	RELL1	c30
0.010173519829838	-0.373121781883885	0.464	0.303	1	YPEL3	c30
0.0193192676575861	0.372988546616086	0.028	0.013	1	FAM213A	c30
0.223726399176273	-0.372954596454833	0.012	0.007	1	CYSLTR2	c30
0.000257077464425274	-0.372930496060879	0.271	0.163	1	KIAA1109	c30
0.37319449479897	-0.372637673322632	0.012	0.008	1	RP1-221C16.8	c30
0.267526920606651	-0.372355181551389	0.019	0.012	1	ZNF501	c30
0.000182094877885153	0.372241507328765	0.031	0.01	1	TAF1A-AS1	c30
0.000586049509630238	-0.371937933518896	0.486	0.29	1	ARRDC1	c30
0.000741565829289355	-0.371673791457833	0.168	0.099	1	KIAA2026	c30
0.00135623139102063	-0.371628454281953	0.402	0.252	1	TPP1	c30
0.00145307057123547	-0.371424646547691	0.495	0.304	1	GRAMD1A	c30
0.0308001076254303	-0.371379242719154	0.514	0.339	1	PCSK7	c30
0.000309960107951403	0.371055869242413	0.031	0.01	1	SULT1A3	c30
0.00793573385779812	0.370861365080551	0.031	0.014	1	PITPNM2	c30
0.308337978238539	-0.370605269678553	0.857	0.661	1	SAT1	c30
0.0716247176658761	-0.370412904481674	0.019	0.009	1	AC062029.1	c30
0.0370035103150381	-0.369840516318219	0.025	0.012	1	SMN2	c30
0.555209275396123	-0.369423726546141	0.012	0.009	1	ADGRL1	c30
0.000133898594756564	-0.369285589784465	0.206	0.117	1	CSNK1G3	c30
0.205018582709196	-0.369200031426227	0.04	0.028	1	KIAA0825	c30
0.0132724532117371	0.369108897662343	0.019	0.007	1	PIK3R6	c30
0.00168001014751084	0.368080201559691	0.028	0.01	1	SLC16A11	c30
0.0120843256013257	-0.367939883564904	0.461	0.304	1	AC006129.2	c30
0.000781154588710281	-0.367693142532084	0.084	0.043	1	NDST2	c30
0.00242018247968857	-0.367184538564969	0.069	0.035	1	AK9	c30
0.000190301320819761	0.36713675986651	0.047	0.018	1	KCTD21	c30
0.0110562756344249	0.36683208604118	0.016	0.005	1	CTD-2325P2.3	c30
0.000680835216724491	-0.366351796660304	0.087	0.044	1	ZNF563	c30
0.00456194152003189	-0.366166322523159	0.044	0.02	1	MPP5	c30
0.107709618667005	-0.366088738650181	0.028	0.016	1	LNX2	c30
3.74601161331703e-05	-0.365707987831082	0.374	0.216	1	EDEM3	c30
4.35032732837456e-05	-0.365645614690777	0.178	0.096	1	ORAI3	c30
0.00104851794710688	-0.365476163147618	0.081	0.041	1	TUBG2	c30
0.236233443233928	-0.365230401062301	0.012	0.007	1	NUDT12	c30
0.552012392230391	-0.365100503275488	0.673	0.52	1	SLFN5	c30
2.98981006195315e-05	0.365069042027044	0.034	0.01	1	SGMS1-AS1	c30
0.00376426530846622	-0.364691488569307	0.053	0.026	1	PPARA	c30
6.53061704158623e-05	-0.36460602131969	0.087	0.04	1	ARMC2	c30
0.117368616068756	0.364542176836805	0.012	0.006	1	IL23R	c30
0.000106868569439885	-0.364428416337522	0.174	0.097	1	RASA1	c30
0.00047325460055274	-0.364209497775556	0.134	0.074	1	COG3	c30
0.0426822460676187	-0.363812982655756	0.52	0.344	1	STK10	c30
0.193525459609632	-0.3637290041985	0.022	0.013	1	CTD-2007H13.3	c30
0.00043561493653658	0.363204976058578	0.025	0.008	1	HOXB7	c30
0.00015399444259487	-0.363062660612078	0.162	0.09	1	LHPP	c30
0.00731876214007229	0.362889452845775	0.034	0.015	1	RP11-212P7.2	c30
9.68251346624757e-05	0.362630716297861	0.078	0.036	1	TSC22D1	c30
0.000825211526016634	-0.362487132088002	0.498	0.296	1	NGRN	c30
0.00194004680669396	-0.362480303946432	0.48	0.302	1	TNIK	c30
0.000213811370728044	-0.362126017211925	0.109	0.056	1	WWC3	c30
0.00135523699224631	-0.362098224658717	0.097	0.052	1	MOB3C	c30
0.0319682425619286	-0.36203652662829	0.037	0.02	1	ZNF852	c30
0.000300905647343956	-0.361777066059541	0.143	0.079	1	LINC00339	c30
0.00102664557025896	0.360626810545968	0.025	0.008	1	WEE2-AS1	c30
0.00411245458200682	-0.360516844244866	0.047	0.022	1	GAN	c30
0.623829924106508	-0.360509990098756	0.617	0.449	1	ARID5A	c30
0.0314762365708733	0.360504307493429	0.016	0.006	1	RP11-93B14.9	c30
0.00539775421354289	-0.360475288624228	0.047	0.023	1	BRPF3	c30
0.00395913904753487	-0.360114835702997	0.075	0.04	1	NOL4L	c30
0.00124389292610942	-0.359994003707897	0.374	0.239	1	GADD45B	c30
0.000563276393685892	0.359749891200319	0.04	0.016	1	PLAT	c30
0.112164410968645	-0.359582911109785	0.019	0.01	1	ZFP3	c30
0.00288415659194259	-0.358540202152599	0.125	0.074	1	TMEM187	c30
0.00669467970289887	-0.358181384224209	0.072	0.039	1	TMEM63B	c30
0.0406354704541448	-0.358056028707921	0.04	0.023	1	CTD-3222D19.8	c30
0.0198080193320184	0.357890525712836	0.019	0.007	1	RP11-307C12.12	c30
0.00383391146551024	-0.357446759614434	0.449	0.287	1	RASA2	c30
8.93853620997564e-05	-0.357264935533432	0.377	0.223	1	PIK3CD	c30
0.00489540171470603	-0.357081269126781	0.072	0.039	1	ZNF500	c30
0.594628812462892	-0.357020203676098	0.707	0.537	1	SYNE2	c30
0.00550855151042706	-0.356111195965937	0.04	0.019	1	IRAK1BP1	c30
0.0938095040382466	0.355368217951538	0.016	0.007	1	CCDC106	c30
0.0357851219851073	-0.355113637021652	0.645	0.407	1	ATP1A1	c30
3.6695541245589e-05	-0.354832583987503	0.24	0.135	1	CTAGE5	c30
0.000164321123413772	-0.35456910545846	0.118	0.061	1	GABPB2	c30
0.0558580547711141	-0.354514718664185	0.514	0.348	1	NECAP2	c30
0.194359039311846	-0.354125445738638	0.037	0.025	1	LINC01011	c30
0.000114218883316819	0.354007309573452	0.05	0.019	1	LACE1	c30
5.98868586842109e-05	-0.353935637091249	0.343	0.198	1	TOPORS-AS1	c30
0.00377771033146435	-0.353805103339872	0.542	0.334	1	CCDC88C	c30
0.000563162783025737	-0.353552443400997	0.065	0.03	1	ATP6V1E2	c30
0.430874862755411	-0.353550127081545	0.016	0.011	1	NAGS	c30
0.00893377284429397	-0.353505148526414	0.065	0.036	1	RP11-479O9.4	c30
0.00648914230463316	-0.353334226320798	0.044	0.021	1	RP11-381K20.2	c30
0.00165175122000606	-0.352948406290848	0.106	0.059	1	CYB561D1	c30
0.000672882979111921	0.351084707135369	0.022	0.006	1	HIST1H2BD	c30
0.344587196674169	-0.350988985383382	0.022	0.015	1	ZNF416	c30
0.00195820098461555	-0.350988134119784	0.199	0.124	1	CYB5R1	c30
0.914881507588337	-0.350424138212351	0.713	0.508	1	DHRS7	c30
0.0292242693739928	-0.350102633556745	0.04	0.022	1	MAN1C1	c30
0.000941226686187215	0.349024631849491	0.044	0.018	1	AGPAT4	c30
0.00099295944669744	-0.348953399918341	0.47	0.291	1	MAGED2	c30
0.00277838319978198	0.34894638340021	0.025	0.009	1	FTCDNL1	c30
0.00037117004322461	-0.348814848769855	0.542	0.32	1	MMP24-AS1	c30
0.000678269609746216	-0.348809723274905	0.131	0.073	1	WDR7	c30
0.00011100789818015	-0.348387802894336	0.218	0.125	1	JAZF1	c30
0.293465453992391	-0.347711314179959	0.016	0.01	1	RP11-474G23.2	c30
0.0171107479266005	-0.347339786658979	0.037	0.019	1	ZNF658	c30
0.0337271844920104	0.346219245326467	0.012	0.004	1	DNMBP	c30
0.00159101340662061	0.34589025677584	0.019	0.005	1	AC083949.1	c30
0.0773027086171043	-0.345802709258214	0.822	0.636	1	KMT2E	c30
0.0066783665954587	-0.344992185811169	0.05	0.025	1	ZNF785	c30
0.100339280739448	-0.344970226823732	0.022	0.012	1	STARD5	c30
6.72152746797295e-05	0.344900246189883	0.056	0.022	1	PLXND1	c30
0.024109780035619	0.344705678115004	0.016	0.006	1	CDH1	c30
0.000115486100035035	-0.344050160809779	0.436	0.256	1	NUB1	c30
0.00672314088061883	-0.343865934271283	0.075	0.042	1	FBXW4	c30
0.00254177023101689	-0.343699095829443	0.059	0.029	1	ZNF587	c30
0.00696042926600032	-0.342481218590008	0.053	0.027	1	CTC-343N3.1	c30
0.0195842325373066	-0.342442122951367	0.04	0.021	1	REEP6	c30
0.0252434852849594	-0.342127196679766	0.047	0.026	1	LINC00891	c30
0.0292729922495647	-0.341287402867609	0.062	0.037	1	ENPP4	c30
0.0768161801800844	0.341211085495181	0.012	0.005	1	AASS	c30
0.0022420893732125	-0.341166193767862	0.545	0.332	1	PNPLA2	c30
0.0176252001237828	-0.340946783223054	0.308	0.217	1	GLUL	c30
0.0117704670714881	-0.340945102307908	0.025	0.01	1	ZNF579	c30
0.0205847474946209	0.340899539776532	0.016	0.006	1	CTD-2616J11.11	c30
0.000316090104802832	0.340252729012962	0.031	0.01	1	DISP1	c30
0.00177735510194439	-0.339734781075489	0.044	0.019	1	FAM19A2	c30
0.225677066943812	0.339405284545	0.012	0.007	1	RTN4R	c30
0.000915866566741201	0.339348827035152	0.034	0.013	1	RNF19B	c30
0.0206600722529218	-0.339240884857676	0.065	0.039	1	NR4A3	c30
0.207175174589412	-0.338923719197409	0.012	0.007	1	AC010642.1	c30
0.00500771265116663	-0.3386402118213	0.121	0.073	1	RP11-799D4.4	c30
0.0645299700074007	-0.338627064573923	0.025	0.013	1	SLC9B1	c30
0.0378631190774535	-0.338437408688626	0.464	0.319	1	STAT4	c30
0.0441303243933853	-0.337676626041111	0.676	0.432	1	USP15	c30
0.000615764180809139	-0.336898035610262	0.112	0.061	1	SZT2	c30
0.0837511189558638	-0.336687575563429	0.056	0.036	1	TPCN1	c30
0.031583382447456	0.336217336201967	0.016	0.006	1	RP1-159A19.4	c30
0.1581311121155	-0.335207176288344	0.012	0.006	1	CTD-2528L19.6	c30
0.00527775780045015	-0.334322193676785	0.05	0.024	1	SLC31A2	c30
0.0941423678866894	-0.334283906632986	0.1	0.073	1	CCL3L3	c30
0.243795682784455	-0.334165786844632	0.458	0.381	1	CCL4	c30
0.0349638327910873	-0.333690856295648	0.04	0.022	1	PLCH2	c30
0.0169747727333649	-0.333638647826639	0.592	0.376	1	CYLD	c30
0.119105074579466	-0.333569465649666	0.804	0.621	1	SMDT1	c30
0.509492772855447	-0.333197434698215	0.782	0.591	1	STAT3	c30
7.04745559359792e-05	0.332875519983671	0.028	0.008	1	RP5-1071N3.1	c30
5.58062332338137e-05	0.332479348756311	0.044	0.015	1	FKRP	c30
6.0553521036255e-05	-0.332121696604298	0.153	0.081	1	MICA	c30
0.0025537774700707	0.33194344094078	0.025	0.009	1	RP11-567M16.6	c30
0.755539330033486	-0.331801894037232	0.012	0.011	1	ZNF283	c30
0.000276230856826933	-0.330779993796173	0.196	0.114	1	LRRC8D	c30
0.0433393805793597	0.330594216968644	0.012	0.005	1	INPP5A	c30
0.000848997286923827	-0.330562245048733	0.19	0.115	1	TSPAN32	c30
0.000427847349007525	-0.330501063082677	0.069	0.032	1	PPP1R3D	c30
0.00702865512049142	-0.329478276220517	0.523	0.335	1	PRKACB	c30
0.807644976495532	-0.329401816310494	0.735	0.528	1	CFLAR	c30
6.43484409749626e-05	0.329319892451215	0.04	0.014	1	KCTD2	c30
0.0538052600577364	-0.328742667812108	0.022	0.011	1	TRAF3IP1	c30
0.0128785468171375	-0.328326962595597	0.125	0.079	1	PCED1A	c30
0.000698023648332844	-0.327385912022181	0.134	0.075	1	MTMR3	c30
3.00662797582747e-05	0.327030900050941	0.037	0.012	1	PADI4	c30
0.000662886669346343	-0.326893918097371	0.533	0.323	1	MGEA5	c30
0.00171978337718024	-0.326370199164036	0.034	0.013	1	RP11-111M22.2	c30
0.799805805913735	-0.326177637353891	0.779	0.538	1	SEC62	c30
0.00758166325057225	-0.326101810858288	0.299	0.203	1	FBLN7	c30
0.458285838656855	-0.325756345478473	0.829	0.634	1	LBH	c30
0.00471697501534368	-0.32551056316209	0.04	0.018	1	ANKEF1	c30
0.00460348104056629	-0.325316274438738	0.053	0.026	1	TIPARP-AS1	c30
0.000642758697488938	-0.32498907794671	0.044	0.018	1	PER2	c30
0.00135633665915404	-0.324544115713406	0.069	0.034	1	RP11-169D4.2	c30
0.292510332003958	-0.323884469619253	0.016	0.01	1	KLHL17	c30
0.0275174564668982	-0.323538583079401	0.156	0.107	1	TMEM71	c30
0.00474761201275367	-0.323305116689541	0.028	0.011	1	RP11-700H6.1	c30
0.000947714047697384	-0.323150216605855	0.517	0.31	1	MFNG	c30
5.03160566497395e-05	-0.323099079228511	0.483	0.278	1	LMBRD1	c30
0.000191418070659936	-0.322895408831589	0.14	0.076	1	RHBDF2	c30
3.13865494441344e-05	-0.321952542498556	0.131	0.066	1	ZNF639	c30
0.0148163204260544	0.321894857365965	0.019	0.007	1	AC007228.11	c30
0.0563059676199147	-0.321108511800901	0.031	0.017	1	RP11-158I9.8	c30
0.00667144755756093	0.320762628117744	0.025	0.01	1	TLE2	c30
0.000854145857777863	-0.319574530029435	0.106	0.057	1	BRWD3	c30
0.000553267063638294	0.31952523900229	0.019	0.005	1	AC005944.2	c30
0.578645194294421	-0.319440145192503	0.648	0.493	1	CBLB	c30
3.99578625013546e-05	-0.319117650036694	0.109	0.052	1	AHCYL2	c30
0.0025177595427416	-0.318772662157306	0.09	0.05	1	ZNF75D	c30
5.57716815295854e-05	-0.318463681968221	0.184	0.102	1	PECAM1	c30
0.00104931713680019	0.317843325175507	0.053	0.024	1	PLEKHO2	c30
0.0014362246422859	0.317121746937253	0.025	0.008	1	RP11-631N16.4	c30
0.00154001643141817	-0.316885631859412	0.069	0.034	1	RP11-160E2.6	c30
0.0271742665780738	0.316723320134837	0.019	0.008	1	RP11-382A20.3	c30
7.90983365028376e-05	0.316551726823808	0.075	0.033	1	OSGIN2	c30
0.387513231193942	-0.316328542578137	0.016	0.011	1	FAM89A	c30
5.39399817043867e-05	-0.315494255331755	0.24	0.137	1	RIC1	c30
0.000149761724500122	-0.314502080298974	0.963	0.873	1	FYB	c30
0.00928100140381041	-0.31440501028449	0.072	0.04	1	LMF1	c30
0.462810608178773	0.313608201559254	0.012	0.009	1	IGIP	c30
0.0058676681726253	-0.313524540298753	0.056	0.029	1	AC062017.1	c30
0.00916715916128228	0.313366418894357	0.028	0.012	1	NUDT17	c30
0.592780371290869	-0.313165848607939	0.037	0.043	1	TRAV22	c30
9.96571459982859e-05	-0.312599541350024	0.103	0.05	1	ZSCAN32	c30
0.012017471355719	-0.311673701546414	0.607	0.385	1	SNHG12	c30
0.182311392968533	-0.311601682571433	0.688	0.464	1	CD5	c30
3.64446363078468e-05	0.310901230063644	0.044	0.015	1	FAM63A	c30
0.049552006338899	-0.310799915940018	0.698	0.448	1	SEMA4D	c30
0.00241696044446275	-0.309895207627638	0.09	0.05	1	SLC35C1	c30
0.00892005667413963	-0.309536517759684	0.598	0.377	1	SNHG7	c30
0.150417650669946	0.309506311791078	0.012	0.006	1	RP3-395M20.9	c30
0.715472571910154	0.30890462440169	0.012	0.01	1	XXbac-BPG294E21.9	c30
3.03325434287641e-05	-0.308622501216178	0.255	0.144	1	IP6K1	c30
0.000762941278767462	-0.308502750330032	0.097	0.051	1	PCYOX1	c30
0.00086144164423329	-0.308163217362263	0.09	0.047	1	TRUB1	c30
0.0307334782689138	-0.308124758363922	0.022	0.01	1	RP11-422P24.11	c30
0.000170687845457751	-0.307960422919288	0.227	0.132	1	KIAA1033	c30
0.000138319655635883	-0.307959116087962	0.159	0.087	1	PHLDB3	c30
0.0035172491723625	0.306943183957065	0.025	0.009	1	RP11-426C22.5	c30
0.0262277853849103	0.306639548447327	0.016	0.006	1	HDX	c30
0.00779682963256661	0.306299775436385	0.019	0.006	1	LINC00441	c30
3.10357284996103e-05	-0.306236768992005	0.118	0.058	1	PJA1	c30
0.00758128464987761	-0.305993033701075	0.05	0.025	1	FAN1	c30
0.66926877235531	-0.305693504242345	0.785	0.539	1	EIF2S3	c30
6.44712277977988e-05	-0.305589439903234	0.106	0.051	1	TRIM65	c30
0.0196821095530673	0.305526611986349	0.028	0.013	1	MIR4458HG	c30
0.00101269738087828	-0.304904117234909	0.097	0.051	1	EXD3	c30
0.000485695386685608	-0.30466344509275	0.09	0.046	1	CPEB4	c30
0.106711766229281	-0.30424815938787	0.847	0.63	1	CSDE1	c30
0.643058044510854	-0.3039716451782	0.016	0.013	1	CH507-42P11.8	c30
0.0147555890457246	-0.303895943302397	0.047	0.024	1	CH17-340M24.3	c30
0.00599120891202056	0.303525823416225	0.034	0.015	1	PLK2	c30
0.00228741758955991	-0.30286543482616	0.558	0.347	1	ITSN2	c30
0.267644393770134	-0.302819580058005	0.841	0.629	1	EPC1	c30
0.0588018241736877	-0.302710061315191	0.012	0.005	1	REM2	c30
0.00141833157433641	-0.302677825565149	0.629	0.385	1	AKAP9	c30
0.224419180378494	-0.302380248842383	0.016	0.009	1	ANKRD31	c30
0.000264224009697894	0.302338521722504	0.034	0.012	1	TIGD6	c30
0.000104209257879136	0.302180225091724	0.05	0.019	1	XYLT1	c30
0.0294968414778925	-0.301883914480719	0.037	0.02	1	JRKL	c30
0.0652467734325217	-0.300865977704605	0.642	0.421	1	HMHA1	c30
0.00498633563770983	-0.300861718674788	0.037	0.017	1	KRBA1	c30
0.000218781284998776	-0.300311461911974	0.374	0.225	1	LPIN1	c30
0.134575834951188	-0.300137362910161	0.019	0.01	1	AC025335.1	c30
0.196686816141704	-0.299128044680779	0.854	0.656	1	CELF2	c30
0.000185911167890751	-0.298937694254659	0.056	0.023	1	MLLT1	c30
0.155683287851429	-0.298700210118244	0.022	0.013	1	RP11-119D9.1	c30
0.000155602291521136	0.298388463159228	0.028	0.008	1	AFF3	c30
0.000556321429371038	-0.298316663158954	0.044	0.017	1	ZNF790-AS1	c30
5.77816167493881e-05	-0.298041839088409	0.174	0.095	1	DHRS1	c30
0.00353907867796082	0.297433323951463	0.025	0.009	1	RP5-903G2.2	c30
0.00654917548022691	-0.297388715063363	0.05	0.025	1	PHLDA2	c30
0.000375318376344778	0.296522914551189	0.016	0.004	1	TMC3-AS1	c30
0.00202609509183886	0.296111615426773	0.037	0.015	1	ZNF512B	c30
0.0122406594112292	0.296068399269159	0.031	0.014	1	IGHV1-3	c30
0.0924968600769956	0.295950365678622	0.019	0.009	1	LEPR	c30
0.00197532328523365	-0.295244143804879	0.09	0.049	1	GORASP1	c30
0.0338517913259898	0.295212687607171	0.016	0.006	1	ABCB9	c30
0.000117376057032086	-0.295029781946646	0.969	0.821	1	SSR2	c30
0.00701807567357682	-0.295019511408111	0.065	0.035	1	TTC16	c30
0.000381000697989731	-0.294715740568529	0.103	0.053	1	TTBK2	c30
0.0303972428208242	-0.294561470661561	0.025	0.012	1	AGBL3	c30
0.0170821930455505	-0.294143244392408	0.673	0.424	1	RSF1	c30
0.000445772326668751	0.293710575506126	0.028	0.009	1	RBAK-RBAKDN	c30
0.00110118109617115	-0.293267260771255	0.034	0.013	1	LINC00987	c30
0.0259312213930359	-0.293015602483615	0.019	0.008	1	NPTXR	c30
0.00330282028367859	-0.292417584356746	0.059	0.03	1	PPM1F	c30
6.85795172607752e-05	-0.292175029202901	0.349	0.205	1	RGL4	c30
0.0232179578661074	-0.29194493804033	0.891	0.711	1	ERP29	c30
0.000159097306253979	-0.291267646643593	0.09	0.043	1	EPG5	c30
0.00115408711193451	-0.290385781342101	0.274	0.173	1	CAMK2D	c30
4.31213167501779e-05	0.290203510597912	0.044	0.015	1	FAM149B1	c30
0.00205495987860026	0.289292989584562	0.047	0.021	1	ZNF839	c30
0.00462086358050657	-0.288300888457114	0.604	0.379	1	GPRIN3	c30
0.0601008678454616	-0.288078197511778	0.022	0.011	1	CXorf65	c30
0.027975067930354	-0.287802974699686	0.056	0.033	1	MARK4	c30
0.0147379305322173	-0.286815835574184	0.679	0.423	1	PSMB8-AS1	c30
0.000798645668743839	-0.286518010399579	0.072	0.035	1	ATL2	c30
0.0993390479456298	-0.286150767617831	0.62	0.418	1	RABGAP1L	c30
0.000482434410713796	-0.286054227676805	0.062	0.028	1	WDPCP	c30
0.0549231685930155	-0.28571403081988	0.016	0.007	1	TMEM256-PLSCR3.1	c30
0.000252778541705383	-0.285618404558686	0.187	0.107	1	USP30-AS1	c30
0.000195974469413271	-0.285468150710478	0.47	0.279	1	CRLF3	c30
0.00191718601199408	-0.285395769771022	0.533	0.337	1	LNPEP	c30
0.00293556254913612	-0.285315459393131	0.047	0.022	1	GZF1	c30
7.96945434662606e-05	-0.285168059289775	0.162	0.088	1	CYSTM1	c30
0.0574868496702513	0.285002373438035	0.016	0.007	1	HOMER1	c30
0.00518012994225474	0.284414469478076	0.016	0.005	1	CORO6	c30
0.00143354238784918	-0.284378633134683	0.081	0.042	1	RP11-418J17.1	c30
4.42291931133373e-05	-0.283928332593419	0.991	0.944	1	PTPRC	c30
0.00159447467895175	0.282949855059051	0.019	0.005	1	VSIG8	c30
0.000116230752152369	-0.282669855638643	0.162	0.089	1	HIPK1	c30
0.000154238668214132	-0.282625566916514	0.09	0.043	1	INPP5E	c30
0.00725712458668765	0.282554970222057	0.025	0.01	1	ASB13	c30
3.55037701191897e-05	0.282390213189734	0.034	0.01	1	TMEM241	c30
0.105979346420124	-0.28236644891469	0.019	0.01	1	FIZ1	c30
0.0425065117546714	0.282212680207667	0.025	0.012	1	RP11-1000B6.8	c30
0.000131924208826111	-0.282203934952026	0.143	0.077	1	ZNF429	c30
0.0754277550437325	-0.282186016985063	0.028	0.015	1	RP1-234P15.4	c30
0.836118793819596	-0.282147802497924	0.763	0.537	1	AKAP13	c30
0.768104383012155	-0.28121855630038	0.807	0.569	1	ZAP70	c30
0.00893131856324437	-0.281087539645572	0.031	0.014	1	C1orf54	c30
7.03441953180309e-05	-0.280770546466749	0.034	0.011	1	ACSM3	c30
0.00637768544391643	-0.28056199447193	0.047	0.023	1	CTC-534A2.2	c30
0.000199656625683538	-0.279954593051596	0.084	0.04	1	NPHP3	c30
0.00176025592583235	-0.27950746332887	0.059	0.028	1	TMTC3	c30
0.00651669081759463	-0.279492367354507	0.919	0.789	1	ZFAS1	c30
0.000283873065273938	-0.279304519775208	0.14	0.077	1	TMEM64	c30
0.225804678677112	0.278889902113791	0.012	0.007	1	CES1	c30
0.15860458368644	-0.278634056059556	0.019	0.01	1	ZNF674	c30
0.121056741380094	-0.278483735584806	0.016	0.008	1	SLC24A1	c30
0.00322061773885091	-0.27773086995533	0.115	0.068	1	RP11-138A9.2	c30
4.70690680166063e-05	0.277295302636439	0.044	0.015	1	HIST2H2BE	c30
0.031282215185361	-0.276983330431691	0.04	0.022	1	TMEM191B	c30
0.00490168606071206	0.27650463773526	0.022	0.008	1	C19orf44	c30
0.0413965053167374	0.276475018177988	0.016	0.006	1	RP11-327F22.1	c30
0.105500170213257	0.276405850195604	0.016	0.008	1	FGD2	c30
0.00935841253851874	-0.276010667870794	0.573	0.365	1	ARHGEF3	c30
0.000963846259693915	-0.275891802089721	0.386	0.241	1	CYTH4	c30
8.45144669665989e-05	0.275621471813992	0.034	0.011	1	PROCA1	c30
0.26298621091595	-0.274994839472764	0.016	0.009	1	UFSP1	c30
0.224830506742231	-0.274343869099515	0.016	0.009	1	SCOC-AS1	c30
0.647749818788093	-0.274335761710533	0.031	0.027	1	TRDC	c30
6.93386785292841e-05	-0.273996653873144	0.087	0.04	1	AC007246.3	c30
0.206554054520773	-0.273956923410114	0.707	0.469	1	C9orf78	c30
0.000664496962691968	-0.273233324256885	0.09	0.046	1	EHBP1	c30
0.0720487432521421	-0.273153981080246	0.022	0.011	1	EFNB1	c30
0.00454020552276944	0.27249052713516	0.022	0.008	1	TEF	c30
0.00264100907884276	0.272400112153724	0.022	0.007	1	MBLAC1	c30
0.103905770556859	-0.271767898778006	0.76	0.618	1	NEAT1	c30
0.00365983881103926	-0.271187583051643	0.084	0.047	1	LMTK2	c30
0.0928013447070529	-0.270400099400748	0.022	0.011	1	SPATA6L	c30
0.0124304128388405	-0.270205546437567	0.081	0.048	1	CTBP1-AS2	c30
0.000105719380982954	-0.269961795570549	0.601	0.353	1	PYHIN1	c30
0.0503690452231581	-0.26995855627814	0.034	0.019	1	RP11-849H4.4	c30
0.00180394227160338	-0.26940713680355	0.087	0.047	1	SLC25A4	c30
0.493519439317155	-0.269191624129356	0.785	0.547	1	PRKCH	c30
0.000160309180953388	-0.269111856273921	0.941	0.843	1	EIF3F	c30
0.142722838817358	-0.269098524947012	0.022	0.012	1	TRIM46	c30
0.0367881085470887	0.268363133765793	0.012	0.004	1	CTB-129O4.1	c30
0.0302563440611822	-0.268284610053054	0.05	0.028	1	RP3-402G11.26	c30
0.00109263632314083	0.267800683998979	0.05	0.022	1	ZNF513	c30
0.00599809643700458	0.267800129932081	0.022	0.008	1	CLDND2	c30
0.61780419448411	-0.267786383411291	0.729	0.509	1	CCNL1	c30
4.82282320328697e-05	-0.267724936311308	0.424	0.248	1	C12orf65	c30
0.000622511336770987	-0.266782187813606	0.019	0.005	1	CXCL10	c30
0.00997895013293064	-0.265816408560394	0.04	0.02	1	CACNB1	c30
0.000431788340895679	-0.264986753904121	0.47	0.293	1	APOL6	c30
3.2374308837228e-05	-0.264800285975492	0.511	0.295	1	CCDC59	c30
0.00556225080642677	0.264587932118519	0.022	0.008	1	RP11-156K23.3	c30
0.000246391088606113	-0.264447866489469	0.047	0.018	1	BIK	c30
0.0122809250934944	-0.264343285627048	0.103	0.065	1	TRAV17	c30
0.319369447380153	-0.26383009699807	0.844	0.639	1	TBC1D10C	c30
0.000126235797675338	-0.263216948339677	0.162	0.089	1	SH3TC1	c30
0.0701170891843998	0.262665412443132	0.016	0.007	1	SENCR	c30
0.0868679107928419	-0.262282437101825	0.031	0.018	1	ENDOG	c30
0.000142469764489984	-0.261985757266569	0.146	0.079	1	KBTBD3	c30
0.00501740109523336	-0.26185569828721	0.558	0.35	1	CTSS	c30
3.09794639058873e-05	-0.261807009801958	0.106	0.05	1	CAPRIN2	c30
0.00207406157765532	-0.260616074133974	0.05	0.023	1	RPPH1	c30
0.000194570610613257	-0.260373076104909	0.137	0.074	1	ANKAR	c30
0.14117786674217	0.259780100277522	0.019	0.01	1	ROM1	c30
0.00999190690163689	0.259768458334863	0.019	0.007	1	POMT2	c30
0.0429652445578576	-0.259663790477441	0.034	0.018	1	TNS4	c30
0.000726403038536092	-0.259603411199205	0.093	0.049	1	CHCHD6	c30
0.00306801829565134	-0.259327697911913	0.078	0.042	1	TBL1X	c30
4.81982208778334e-05	-0.258207887397754	0.19	0.105	1	ST8SIA1	c30
0.157936196322575	0.258178761521188	0.022	0.013	1	RP11-405M12.3	c30
0.00657643893797168	-0.258060065693725	0.056	0.029	1	FBXO30	c30
0.00872795222380275	-0.257980344661133	0.04	0.019	1	SOCS2	c30
0.00461369191508848	-0.257661012520086	0.579	0.367	1	NKTR	c30
3.99447274462641e-05	-0.257571391793378	0.097	0.045	1	EPC2	c30
0.217250914387378	-0.25711156597194	0.022	0.014	1	XKR6	c30
0.000289717217576295	-0.256776854641657	0.536	0.324	1	GRK6	c30
4.83401311952465e-05	-0.255876254722082	0.343	0.199	1	A1BG	c30
0.00394736462513152	-0.255797590518983	0.031	0.013	1	MZF1-AS1	c30
0.124660070736186	-0.255589531885346	0.012	0.006	1	ZNF132	c30
0.366000635245344	-0.25552104561459	0.016	0.01	1	PNMA5	c30
0.00237211820332689	-0.254982711919663	0.044	0.019	1	PRSS21	c30
0.00215981666858428	-0.254906927370674	0.04	0.017	1	SUCLG2-AS1	c30
0.00241649477412117	-0.254592430239251	0.047	0.021	1	FBXO46	c30
0.00109649079902368	-0.254544136827302	0.093	0.05	1	RP11-798M19.6	c30
0.136792423446172	0.25447934964119	0.012	0.006	1	RP11-91G21.1	c30
3.00402447308568e-05	0.253911442969688	0.047	0.016	1	AC113189.5	c30
9.17039732612438e-05	-0.253854700656299	0.153	0.082	1	TRIM52	c30
0.312351202417848	-0.253839878263801	0.016	0.01	1	NMNAT3	c30
0.00198712973614383	-0.253785548509549	0.651	0.39	1	TMED4	c30
0.0136121454850013	-0.252882214395046	0.053	0.029	1	ZNF646	c30
0.193056688533128	0.252746891357611	0.019	0.011	1	ADAM28	c30
0.0145422235211706	0.252479654264264	0.022	0.009	1	PLEKHG5	c30
0.607750928408011	-0.251969150036928	0.854	0.634	1	SKAP1	c30
0.00219641943986568	-0.251626324821131	0.034	0.014	1	APLF	c30
0.00112660593996015	-0.250828865118093	0.081	0.042	1	RUNDC1	c30
5.88623182752146e-05	-0.250637310279833	0.458	0.27	1	DNAJC4	c30
0.0595219743147629	-0.25056696064659	0.028	0.015	1	GCNT2	c30
0.581126308706867	-0.250082262644597	0.85	0.63	1	ARHGEF1	c30
0.00386099737657925	-0.250047600939971	0.078	0.042	1	SPATA2L	c30
0.00300553174725976	-0.250014791452785	0.047	0.022	1	NKRF	c30
0.000251683605966649	0.249580970458055	0.807	0.676	1	CD7	c30
0.00184575499468489	0.249552217628975	0.028	0.01	1	RP1-151F17.2	c30
0.00167899880030952	-0.249375148758539	0.455	0.291	1	THEMIS	c30
0.0012965748946931	-0.248980988685076	0.047	0.02	1	MAMSTR	c30
0.000917663932065417	-0.248678731953044	0.296	0.188	1	DDIT3	c30
0.0471854366187235	-0.248262818898065	0.016	0.006	1	TTC30B	c30
0.000541906539594978	-0.246743027252681	0.044	0.017	1	C1orf56	c30
3.55676475218468e-05	-0.246358553323675	0.52	0.301	1	DNAJB14	c30
0.0487436901851107	0.246256760906985	0.012	0.005	1	B3GALT2	c30
0.374374438247462	-0.246186902427017	0.763	0.598	1	EML4	c30
2.9972989111685e-05	-0.246088177801361	0.1	0.046	1	MOSPD1	c30
0.123804854782363	0.245713439696972	0.012	0.006	1	CCDC7.1	c30
7.49858083796815e-05	0.245638126350252	0.053	0.02	1	GPR82	c30
0.00713106270116863	-0.245430074657037	0.062	0.033	1	C2CD2	c30
5.58067080461747e-05	-0.245170249459923	0.09	0.042	1	ZNF701	c30
0.0109346582970899	-0.243945339969478	0.044	0.022	1	ALS2	c30
0.118078191364668	-0.243658358703677	0.9	0.721	1	SEPT9	c30
0.000108104363431628	-0.243123400764793	0.14	0.075	1	ASAP1	c30
4.77427277095162e-05	-0.242889306956163	0.399	0.238	1	GPR65	c30
8.01177375171504e-05	-0.24245129108521	0.168	0.092	1	MED13	c30
0.0232224796312833	-0.241858394711553	0.928	0.757	1	ANAPC16	c30
0.465878567680725	-0.241838212364077	0.748	0.527	1	TSTD1	c30
0.000582585001912679	-0.241675815563103	0.044	0.017	1	GTF3C4	c30
0.0131635808331616	-0.241554818074267	0.069	0.039	1	RP11-127B20.3	c30
0.000347612030901114	-0.241251327645749	0.093	0.047	1	AMIGO2	c30
0.327228824726089	-0.241084032315145	0.016	0.01	1	AC004951.6	c30
0.0876424383152358	-0.241021888718596	0.04	0.025	1	PPP1R13B	c30
0.48723763984894	-0.240967838353642	0.857	0.638	1	NDUFA3	c30
4.86421879239832e-05	0.240676605509006	0.047	0.017	1	ZKSCAN3	c30
0.617732986865802	-0.240525337782449	0.835	0.608	1	TERF2IP	c30
0.0439762734612859	-0.240134230610951	0.05	0.03	1	AGO4	c30
0.0033000218767381	-0.239820868742535	0.04	0.018	1	RP11-817O13.8	c30
0.000561802478844158	0.239651508571492	0.062	0.029	1	FAM65A	c30
0.284203585629834	-0.239576832635075	0.863	0.67	1	OCIAD2	c30
0.000306114613473164	0.23926302511285	0.025	0.007	1	OGFRP1	c30
6.74752600338378e-05	0.238705088589031	0.966	0.827	1	S100A10	c30
0.000493800471113123	-0.238263007791689	0.056	0.024	1	KDM8	c30
0.331717226031303	-0.238154132334329	0.897	0.713	1	MBNL1	c30
0.00288264458119354	0.238147962005394	0.022	0.007	1	RGS12	c30
0.000105264427671304	-0.237986733912597	0.231	0.134	1	FEZ2	c30
0.000890298947153814	0.237808027534339	0.031	0.011	1	RP11-967K21.1	c30
0.131030210774918	-0.237684360802408	0.012	0.006	1	JSRP1	c30
0.561810353839063	-0.237575642310633	0.835	0.627	1	MCL1	c30
0.0134178410187735	-0.237390794839973	0.629	0.392	1	IGBP1	c30
0.00380395132365003	-0.23722795641765	0.056	0.028	1	CCDC142	c30
0.0379509834921473	-0.23710247637384	0.037	0.02	1	NKIRAS1	c30
0.00732249145152868	-0.236886226865052	0.293	0.2	1	C1orf228	c30
0.0746429483978016	-0.236684913414892	0.037	0.022	1	EPN2	c30
0.71827831227845	-0.236682439582733	0.012	0.01	1	MMP23B	c30
0.0157847638486518	-0.236005991818827	0.654	0.424	1	RBMS1	c30
0.193596997384784	-0.235939197868738	0.028	0.018	1	ADAMTS10	c30
0.112177404716352	-0.235511082182984	0.012	0.006	1	IPO4	c30
0.000156236545946004	-0.235093051389913	0.389	0.237	1	BIRC2	c30
0.00778290779050026	-0.234138774655799	0.075	0.042	1	ZNF786	c30
4.27242866157679e-05	-0.233779403084843	0.121	0.061	1	GANC	c30
0.000284928777311146	-0.233366315044109	0.299	0.182	1	RAB24	c30
0.0126461590514195	0.233006329446013	0.012	0.004	1	FRMPD3	c30
0.0499117232513868	-0.232771086049301	0.019	0.008	1	LRRC29	c30
0.448390133040799	-0.232432972465517	0.857	0.636	1	C19orf60	c30
0.0126763484463784	-0.232013481838397	0.907	0.773	1	APRT	c30
0.000139293275775144	-0.231983582249549	0.991	0.928	1	CCNI	c30
0.00135160273552399	-0.231615922128789	0.034	0.013	1	SND1-IT1	c30
0.00136601355573946	-0.231532575800628	0.642	0.389	1	DDX6	c30
0.000311515650147043	0.2315237030683	0.028	0.009	1	ZNF425	c30
0.0131106948235376	-0.231414406665482	0.04	0.02	1	POLR3B	c30
0.0218734610329747	0.231323952663881	0.019	0.007	1	UBTD1	c30
8.1494118699355e-05	-0.231167072241887	0.103	0.05	1	ENTPD3-AS1	c30
0.0646587156074677	-0.23112910726572	0.031	0.017	1	PRPF40B	c30
0.010581887405866	-0.230944491528543	0.732	0.461	1	CAST	c30
3.19470124116538e-05	-0.230427126302881	0.165	0.088	1	PLEKHM1	c30
0.000117805890164712	-0.230042602166059	0.112	0.057	1	WDR60	c30
0.000345562144237493	0.22994522971734	0.072	0.034	1	METTL7A	c30
0.0254349695386509	-0.229614711031491	0.081	0.051	1	GTSF1	c30
0.0126720641695012	-0.229078255285459	0.626	0.403	1	ADD3	c30
0.0234423000515422	-0.228495317575613	0.016	0.006	1	CTB-55O6.8	c30
0.0128275269847797	0.228098312332635	0.019	0.007	1	BDNF-AS	c30
0.017880852396287	0.227943334325746	0.012	0.004	1	AC007161.5	c30
0.117563822727881	-0.22777212577428	0.028	0.016	1	TRIM3	c30
0.000341549207539883	-0.227750329341458	0.047	0.019	1	TUT1	c30
5.07909232602567e-05	0.226359762740358	0.05	0.018	1	PTCD1	c30
0.0669903102995535	-0.225979857327051	0.741	0.472	1	OXA1L	c30
0.000328691296015097	-0.2259056694551	0.081	0.039	1	SLC25A42	c30
0.00719466003931062	-0.22567937756212	0.037	0.017	1	ZSCAN5A	c30
0.00269864007746814	-0.225607656784207	0.078	0.042	1	ZBTB49	c30
0.0127463731020643	0.225299832359672	0.019	0.007	1	SPDYA	c30
0.00273061287273326	-0.224730689541404	0.04	0.018	1	RP11-54C4.3	c30
0.100012499929459	-0.224447091714237	0.019	0.01	1	FGFRL1	c30
0.23851555163426	-0.224319226752521	0.857	0.651	1	LAMTOR4	c30
0.00916342169552394	-0.224300317808753	0.717	0.44	1	TRAM1	c30
0.000587735292229912	-0.224205704980023	0.614	0.372	1	FNBP4	c30
0.0185532582206573	0.224133797899674	0.019	0.007	1	RP11-484K9.4	c30
0.00079647119654697	-0.224029720129157	0.075	0.037	1	TSTD3	c30
0.000477987346282117	-0.223997029238241	0.636	0.377	1	MRFAP1	c30
0.339513752610918	-0.223431011635965	0.016	0.01	1	RP11-11N9.4	c30
0.0011717660654428	-0.222928683848655	0.062	0.03	1	RP11-437B10.1	c30
0.428423803145531	-0.222780500007728	0.9	0.646	1	DDX17	c30
0.00557091313481568	-0.221467080963499	0.056	0.029	1	MARS2	c30
0.0186851617971736	-0.221085982097142	0.71	0.448	1	DDX18	c30
0.355979429775198	-0.221043953779533	0.779	0.541	1	TMEM123	c30
3.31326560850203e-05	-0.220859705084118	0.212	0.118	1	KIDINS220	c30
0.0310164692752818	-0.220714853077828	0.025	0.012	1	H2AFY2	c30
0.00564825631904131	-0.220488525157736	0.062	0.033	1	MFSD9	c30
0.0041793100644434	-0.220140307831437	0.037	0.016	1	SLC38A7	c30
0.000254862179525582	-0.220116303896911	0.458	0.282	1	CRTAP	c30
0.21143913731815	-0.220027555134127	0.012	0.007	1	ZFP37	c30
0.001225615129492	-0.219917937585168	0.047	0.02	1	C8orf88	c30
0.000200888771671009	-0.219717914726315	0.081	0.038	1	PICK1	c30
0.000457739105099198	-0.219050474153991	0.604	0.379	1	PIM1	c30
0.970880413740696	-0.218985614397225	0.832	0.628	1	SUN2	c30
0.255640791090865	-0.218684595109969	0.022	0.014	1	TRBV24-1	c30
0.0014622551827995	-0.218573218038569	0.607	0.37	1	DAP3	c30
0.329325825151167	-0.218282940781943	0.012	0.008	1	B3GAT2	c30
0.00311420342945476	-0.218200103133945	0.062	0.032	1	PRKAB2	c30
0.00434313732738193	-0.21777360314704	0.598	0.381	1	OSBPL8	c30
0.00238651774602079	-0.217496215406963	0.526	0.329	1	ZMYM6NB	c30
0.0130106470521121	-0.217422657163656	0.053	0.028	1	ZNF525	c30
0.00250271096351698	-0.217326463016012	0.738	0.46	1	NFATC2	c30
0.0528053953232924	-0.217132961609059	0.751	0.473	1	SYF2	c30
0.498470676067435	-0.216641755611837	0.872	0.63	1	GABARAPL2	c30
0.00217354133344622	0.216211953053374	0.022	0.007	1	RP11-696N14.1	c30
0.0659929587841541	-0.215290882278205	0.037	0.022	1	CEP70	c30
0.00131451415949707	-0.214986912794955	0.081	0.042	1	MFSD3	c30
0.0112082137268892	-0.214473384597173	0.028	0.012	1	JMJD7	c30
0.00998199028645178	-0.214316840750828	0.084	0.05	1	ZNF121	c30
0.000289700802119658	0.214041986071708	0.034	0.012	1	CCDC120	c30
0.00176764284731952	-0.21381128954163	0.103	0.057	1	SLC35E1	c30
0.00457734024229707	-0.213808789039494	0.075	0.041	1	DSE	c30
0.182216068997934	-0.213686594551202	0.785	0.519	1	UBE2B	c30
0.0481382872605557	-0.213124456677874	0.72	0.478	1	FAM107B	c30
0.000197389784626182	0.212386145571635	0.056	0.023	1	TCTE3	c30
0.000194083485752472	-0.212282470368724	0.072	0.032	1	ZNF251	c30
0.219997557556941	-0.212085906464143	0.016	0.009	1	RP11-9M16.2	c30
0.000869274413585268	0.211842743194123	0.034	0.013	1	SPIN3	c30
0.00195144357195268	-0.211306725314089	0.081	0.043	1	CTD-3074O7.5	c30
0.00419318140087952	-0.211261581452359	0.047	0.022	1	SWAP70	c30
0.000170477512399842	-0.210579048625186	0.084	0.04	1	TK2	c30
0.00149608338734461	0.210511212662617	0.019	0.005	1	FAM167B	c30
0.0218950803842854	-0.210420453856938	0.925	0.75	1	C4orf3	c30
0.000121501584785664	-0.210410856186065	0.626	0.377	1	GATA3	c30
0.519310725552332	-0.209930065881653	0.022	0.017	1	KIR3DL2	c30
0.667708990158289	-0.209893408447613	0.012	0.01	1	RP11-326C3.7	c30
0.000294576272839116	0.209535874366278	0.04	0.015	1	RP1-197B17.3	c30
0.00205258267971094	-0.209269634635244	0.034	0.014	1	RP11-191L17.1	c30
0.000135934237629688	-0.209218257806792	0.636	0.366	1	PPCS	c30
0.000375546597974303	-0.209212907556613	0.651	0.391	1	ZC3HAV1	c30
0.570671548671874	-0.209124824360862	0.012	0.009	1	NAP1L3	c30
7.60549701288311e-05	-0.208865202471008	0.614	0.357	1	PRPF8	c30
0.239390415327408	0.208639328252974	0.012	0.007	1	WDR19	c30
0.00906717483632351	-0.208632692267885	0.047	0.024	1	FRAT2	c30
0.00364175923318165	-0.20849196728567	0.037	0.016	1	CD160	c30
0.000443306031097246	-0.207639100156488	0.044	0.017	1	OR2A1-AS1	c30
0.0400695786265915	0.207549984932505	0.012	0.005	1	BTBD19	c30
0.21828479692738	0.207315625454979	0.012	0.007	1	AC093609.1	c30
0.00016160831411495	0.206580072904747	0.025	0.007	1	CDKL3	c30
0.00245265956247243	0.205623815002581	0.025	0.009	1	ARMCX2	c30
0.000276804184788365	-0.205176233709697	0.097	0.049	1	PPARD	c30
0.000191185073842256	-0.204945251781579	0.081	0.038	1	MAST3	c30
0.000457105106368506	0.204927332969805	0.037	0.014	1	THNSL1	c30
7.71317704445482e-05	-0.20492304073914	0.09	0.042	1	UBOX5	c30
3.69551390774594e-05	0.204743848100606	0.059	0.023	1	RNLS	c30
0.000154283947212543	-0.204715903544016	0.558	0.327	1	LAPTM4A	c30
0.0130117405629741	-0.204391307124359	0.688	0.451	1	MYCBP2	c30
0.00290654378592652	-0.204217506399985	0.037	0.016	1	AC145212.2	c30
0.00930675873173432	-0.203888581763182	0.084	0.049	1	PIP4K2B	c30
0.00651712697219147	-0.203139777149532	0.047	0.023	1	UBN2	c30
0.000112147436459872	0.202488537947563	0.04	0.014	1	MYLK-AS1	c30
8.73827727753241e-05	0.201764472584141	0.04	0.014	1	CCSAP	c30
9.12821007886488e-05	0.201347701572808	0.956	0.736	1	MYH9	c30
0.0158048167271307	-0.200969585770183	0.04	0.021	1	IRF2BP1	c30
0.300319131446512	-0.200384399139965	0.813	0.558	1	SF3B1	c30
0.00596545591106139	-0.200284037294739	0.05	0.025	1	RP11-448A19.1	c30
0.00566068179504245	0.20022798386916	0.019	0.006	1	RP11-677M14.7	c30
5.37360184114297e-05	-0.200076787284011	0.118	0.059	1	PP7080	c30
0.566752392312681	-0.200047909038844	0.034	0.029	1	TRAV35	c30
0.0499088514313396	-0.19966352476922	0.037	0.021	1	ZNF8	c30
0.00429489023938709	-0.199356190134048	0.028	0.011	1	RP11-582E3.6	c30
0.000294486469223276	0.199191613096578	0.044	0.017	1	ZNF485	c30
0.000121235532175107	0.199108515128725	0.031	0.01	1	ZNF57	c30
0.00408656314935044	-0.198964144948633	0.673	0.425	1	TMC6	c30
0.000985912822183701	-0.198949330415699	0.097	0.052	1	ZNF235	c30
0.00048165962553221	-0.198836107859934	0.059	0.026	1	GCLC	c30
0.00398898209868142	0.198668576864842	0.028	0.011	1	EIF2S3L	c30
0.00602791588662343	0.19853397539456	0.022	0.008	1	CA13	c30
0.00447777936668701	-0.197606268097345	0.673	0.437	1	GLIPR1	c30
0.569422494452393	-0.197252202989895	0.81	0.582	1	EMB	c30
7.15372809842751e-05	0.196691945693413	0.975	0.877	1	CD99	c30
3.18834521354971e-05	-0.196541401182854	0.1	0.046	1	L3HYPDH	c30
0.00435305373823629	0.196458342794982	0.037	0.016	1	CEP126	c30
3.61335540332835e-05	0.19634813498702	0.072	0.03	1	PACRGL	c30
0.107593697447295	-0.195897398343957	0.897	0.732	1	JAK1	c30
0.00107151170041709	-0.19563367314622	0.097	0.052	1	TRIM39	c30
0.000219615268978408	-0.195097690530119	0.093	0.046	1	TAF1C	c30
0.000565729817729576	0.194012322146554	0.04	0.016	1	HEXIM2	c30
0.0753121720041009	-0.193882803968535	0.025	0.013	1	AP003774.1	c30
0.0104736883622635	0.193550991290627	0.022	0.008	1	ZNF470	c30
0.000298886909725965	-0.192538399341024	0.629	0.37	1	SF3A1	c30
0.074238725693714	0.192454926033898	0.601	0.528	1	GZMA	c30
0.0505407587846251	-0.191470891781933	0.713	0.474	1	PSAP	c30
0.00936949800866769	0.191158590166435	0.034	0.016	1	C21orf33	c30
0.0162976934034404	-0.19096430286689	0.04	0.021	1	NRL	c30
0.0262658356050749	-0.189802210538975	0.028	0.013	1	GRAMD1C	c30
0.000385147813479044	-0.18901101939358	0.059	0.026	1	WDR27	c30
0.0562013211894921	0.188918726297482	0.019	0.009	1	RP11-452L6.7	c30
0.0232651976199539	0.188914562676154	0.019	0.008	1	BBOF1	c30
0.00237403142454634	-0.188867585321659	0.05	0.023	1	ZNF432	c30
0.0122533105269612	-0.188800041313913	0.966	0.881	1	EIF3K	c30
0.107762975375746	-0.188503085318714	0.022	0.012	1	NSMF	c30
0.000843146083783653	-0.187686920014859	0.044	0.018	1	RP11-337C18.8	c30
0.00199757858502573	-0.187628030976051	0.125	0.073	1	CASS4	c30
0.0025319798063146	-0.187094317099886	0.047	0.021	1	ZNF595	c30
0.00313173618808325	-0.187036150185365	0.972	0.97	1	IL32	c30
0.000397556670562877	0.187016897974875	0.031	0.01	1	SLC45A4	c30
0.000158233848656442	0.185567268111319	0.502	0.383	1	CD8B	c30
0.0346250113592097	-0.185026698184253	0.053	0.031	1	RP11-533E19.7	c30
0.629129494410926	-0.184347511852643	0.047	0.053	1	TRAV21	c30
3.55521747206629e-05	0.183618675611989	0.09	0.041	1	CAPN15	c30
0.00195600893983954	-0.18331979462793	0.062	0.031	1	C17orf67	c30
0.000747016346322747	0.182957083572534	0.044	0.018	1	ARF4-AS1	c30
0.109328039194164	-0.182815469942216	0.012	0.006	1	SAMD4A	c30
0.00254525010997128	-0.182752470054897	0.673	0.415	1	ARHGAP4	c30
0.042254412312876	-0.181985954501597	0.031	0.016	1	PER3	c30
0.315440615197337	-0.18166618634143	0.012	0.008	1	SIAE	c30
0.00095743220834264	-0.181493528106045	0.623	0.383	1	TGOLN2	c30
0.00756563852469788	-0.181254950937887	0.037	0.017	1	CXorf23	c30
0.00011545585995879	0.180108793827149	0.997	0.958	1	MYL12A	c30
0.00154438395837773	-0.179921531382295	0.065	0.032	1	ZNF865	c30
0.0531958346306692	0.179320193613759	0.019	0.009	1	VWDE	c30
0.00184263958927537	-0.179243195386736	0.059	0.029	1	CSAD	c30
7.34863475358638e-05	-0.178930243155471	0.078	0.035	1	IDUA	c30
0.106756671638377	-0.178697918027286	0.016	0.008	1	CTD-2342J14.6	c30
0.000423934528707289	-0.178435516328741	0.056	0.024	1	IL1RAP	c30
0.00217211241721994	-0.178396727224918	0.199	0.125	1	BNIP3	c30
0.000393626289815078	-0.178143086534808	0.673	0.392	1	MRPL43	c30
0.00311242272949335	-0.177844292072007	0.614	0.403	1	FKBP5	c30
0.734407161016683	-0.17775989470881	0.872	0.671	1	CUTA	c30
0.584936929354315	-0.177174227726007	0.056	0.049	1	TRAV3	c30
0.092515467508174	0.175934786873796	0.016	0.007	1	HCG25	c30
0.00023084416272204	-0.175907460278095	0.069	0.031	1	PDE4A	c30
0.351897794362626	-0.175204357489591	0.754	0.657	1	CD27	c30
0.00145142076107556	-0.174981785261275	0.05	0.022	1	ZNF619	c30
0.00612774834924407	0.174863565174046	0.505	0.419	1	CD8A	c30
0.299838264120862	-0.174733240502549	0.869	0.615	1	RSRP1	c30
0.281205628589099	-0.174463645516571	0.028	0.019	1	IL11RA	c30
0.000127829968789555	0.174299378524703	0.031	0.01	1	MORN1	c30
0.648502449388269	-0.174124969976944	0.66	0.551	1	CLEC2B	c30
0.00511003814198033	-0.173934887857165	0.075	0.041	1	RP11-218M22.1	c30
3.69105021145335e-05	0.173818888509183	0.084	0.038	1	IFI27	c30
0.00497929562203445	0.173339546299641	0.028	0.011	1	ZNF610	c30
0.0124144190818959	-0.173281994417992	0.069	0.039	1	RENBP	c30
0.862684496319336	-0.172681411571437	0.997	0.985	1	AC090498.1	c30
0.00489186836923537	-0.172591259524666	0.978	0.913	1	OST4	c30
0.000371642082841567	0.171915054616667	0.044	0.017	1	NEDD4	c30
0.000207790290463478	-0.171847198979114	0.059	0.025	1	MNT	c30
3.29751027442173e-05	-0.171391465239157	0.209	0.116	1	NBEAL2	c30
0.000354020989578286	0.171076564635956	0.037	0.014	1	ZNF354C	c30
0.000431859648440206	-0.171069848066344	0.069	0.032	1	SGPL1	c30
4.60387649477105e-05	-0.171029976014613	0.156	0.083	1	ZNF3	c30
3.86370425874209e-05	0.170324947485459	0.897	0.65	1	ANXA11	c30
5.76810586398867e-05	0.169876127264003	0.047	0.017	1	SLC2A6	c30
0.713746215519664	-0.168720978082177	0.903	0.684	1	AES	c30
0.187150313283535	-0.167848640674855	0.012	0.006	1	MOK	c30
0.810367709372721	-0.167149334896829	0.037	0.04	1	TRDV1	c30
6.69902694236589e-05	-0.166643158719839	0.137	0.072	1	MZF1	c30
3.26266035184908e-05	-0.165243857955678	0.193	0.106	1	FAM210B	c30
7.70872179897738e-05	-0.164658637011911	0.604	0.359	1	GABPB1	c30
0.885910120529879	-0.164514842658277	0.907	0.697	1	WIPF1	c30
4.82181759567557e-05	0.164425414436273	0.053	0.02	1	CHSY1	c30
0.191452825661983	0.164062623070736	0.025	0.016	1	FBXO2	c30
0.00695926544426292	-0.163947677816447	0.069	0.038	1	ZDHHC2	c30
0.0551641329635008	-0.163933151411483	0.053	0.033	1	LENG8-AS1	c30
0.000166551432123239	-0.163817372909588	0.14	0.076	1	MFHAS1	c30
0.0651986170231321	0.163545877170764	0.012	0.005	1	RP11-314N13.10	c30
0.853604034770199	-0.163466370984895	0.751	0.648	1	CCL5	c30
7.91467749406321e-05	-0.163350290172773	0.075	0.033	1	CHIC1	c30
0.00553006569012562	-0.163308097848752	0.04	0.019	1	CLCN6	c30
4.28044578367006e-05	-0.1631234535122	0.062	0.025	1	RP11-553K8.5	c30
0.000332711318530928	-0.162806920922433	0.053	0.022	1	FZD3	c30
0.204377308581637	-0.162514579217743	0.838	0.555	1	DEF6	c30
0.055881750364309	0.162490963139205	0.016	0.007	1	CTB-131K11.1	c30
0.0601039268460364	-0.162432287614775	0.202	0.15	1	IGFBP4	c30
0.000261890128521036	-0.161905672106446	0.131	0.071	1	SCYL3	c30
0.000319905225341786	0.161546971219013	0.065	0.03	1	TAF1A	c30
5.52005896266054e-05	0.161502356250192	0.047	0.017	1	LINC00893	c30
0.00471334050555977	-0.161457808454635	0.044	0.02	1	EMILIN2	c30
0.000148446141307218	0.160442315387758	0.953	0.734	1	CD3G	c30
0.0820174463456575	-0.160350631631148	0.016	0.007	1	LRFN1	c30
0.0231941878785819	-0.159042425066936	0.028	0.013	1	BOLA3-AS1	c30
0.0400304193471235	0.159007692093918	0.012	0.005	1	RP11-499P20.2	c30
0.000134026073796614	-0.158050664752283	0.679	0.405	1	LRP10	c30
0.107183511332304	-0.157991722709252	0.738	0.497	1	LAMP1	c30
0.83003065635725	-0.157978861727289	0.009	0.011	1	NRBP2	c30
0.072050270338269	0.157889952332728	0.012	0.005	1	CDH23	c30
0.0272187205192094	0.15775468268451	0.016	0.006	1	SNX21	c30
0.128989916812766	-0.157591109102832	0.028	0.017	1	NEU3	c30
0.00355799701554584	0.157581150512616	0.016	0.004	1	NEDD8-MDP1	c30
0.0046841101373301	-0.157494598869849	0.056	0.028	1	ZNF169	c30
0.00034967841991545	-0.15718215620168	0.636	0.378	1	TMEM248	c30
0.000209741417284042	-0.157068005898175	0.072	0.033	1	SLC15A4	c30
9.25324748941989e-05	-0.156978345917307	0.411	0.251	1	GRINA	c30
0.00103673009145382	-0.156908214135918	0.053	0.024	1	CD274	c30
0.191541398424051	-0.156405984508201	0.025	0.016	1	MIR22HG	c30
0.000711371424746739	-0.156167952154278	0.514	0.337	1	NFKBIZ	c30
0.00847313990394587	0.155810239446322	0.031	0.014	1	ATP5EP2	c30
6.68204219741085e-05	-0.154638067408564	0.667	0.39	1	YME1L1	c30
0.000412103901541068	0.154566471441421	0.928	0.765	1	EMP3	c30
0.00621128207627453	0.154155032011197	0.019	0.006	1	MORN4	c30
0.269457543217048	-0.154080385849136	0.05	0.037	1	TRAV26-2	c30
0.0209857096551359	0.153988986964271	0.012	0.004	1	CTD-2015H6.3	c30
4.20936047475772e-05	0.153751699435336	0.885	0.608	1	RAP1B	c30
0.00217743078218532	-0.153637982716469	0.05	0.023	1	SOCS5	c30
0.0131934765123945	-0.153308311267434	0.028	0.012	1	XXbac-BPG246D15.9	c30
0.000745148228111966	-0.153214458043028	0.607	0.369	1	ZNF428	c30
0.00497546933418162	0.15295286280735	0.037	0.017	1	LL22NC03-2H8.5	c30
0.0564637661910323	-0.152514090751787	0.044	0.026	1	RUFY3	c30
5.51332227871423e-05	-0.152503152633948	0.28	0.165	1	ASXL2	c30
0.0407088349801824	-0.151781836690706	0.05	0.029	1	ZNF79	c30
3.07328392156355e-05	-0.151003162585209	0.121	0.06	1	ARID3B	c30
5.10818310182401e-05	0.150812208868324	0.062	0.025	1	CKMT2-AS1	c30
0.0173183327492358	-0.150490673099657	0.019	0.007	1	LINC01136	c30
0.00777218058458256	0.150172590688268	0.019	0.006	1	SH3D19	c30
0.0363374084699673	0.149664298421508	0.016	0.006	1	CTC-241N9.1	c30
0.00448177256748305	-0.149635251010703	0.025	0.009	1	RP5-1065J22.8	c30
0.000165904237183701	-0.149607523234295	0.04	0.014	1	SLAMF8	c30
0.0129020345117516	-0.149358630110888	0.047	0.024	1	bP-21264C1.2	c30
0.000144914457530265	0.149088442827108	0.05	0.019	1	RP11-708J19.1	c30
0.00468874004627127	-0.149082788881198	0.081	0.045	1	CCNG2	c30
0.000174839445693092	-0.148042896525932	0.065	0.029	1	AMMECR1L	c30
0.00130313408986988	-0.147565787848446	0.71	0.425	1	HAX1	c30
0.516891519022745	0.147554777752993	0.016	0.012	1	ZSCAN12	c30
0.000124426136550935	-0.147391155863765	0.156	0.086	1	SFMBT2	c30
0.00148337496360365	-0.147382517487245	0.044	0.019	1	NEK8	c30
0.000721010848513342	0.147147008257321	0.022	0.006	1	RP11-798G7.8	c30
0.235904529504542	0.146306372067099	0.019	0.011	1	ZKSCAN7	c30
0.000898183545192985	0.145697623307744	0.05	0.022	1	CCDC136	c30
0.0143234003058708	-0.14492177448269	0.745	0.464	1	TMEM219	c30
5.76736407613486e-05	0.144794122191508	0.047	0.017	1	BBS10	c30
0.0486427898166648	-0.14453407163907	0.019	0.008	1	DOK4	c30
4.66362322386212e-05	-0.144199724859813	0.075	0.032	1	LIPE	c30
0.00028448150450324	-0.143643850027873	0.087	0.043	1	GALNT7	c30
0.014312469374103	0.143526718857242	0.941	0.865	1	IFITM2	c30
0.000324904926540002	-0.143087935847853	0.679	0.406	1	ZRANB2	c30
0.00237983673901394	-0.142985357655194	0.044	0.019	1	ARL6	c30
0.000872318024380508	0.142401026076024	0.047	0.02	1	RP11-1017G21.5	c30
0.00034283997000801	-0.142114856900421	0.075	0.035	1	C17orf80	c30
6.16003831269424e-05	-0.142069466007999	0.153	0.082	1	AMDHD2	c30
0.00119761098310537	-0.141491385520288	0.751	0.448	1	TMED10	c30
0.0026891359806808	-0.141430513296262	0.056	0.027	1	FAM135A	c30
0.0228839641663605	0.14122362414477	0.025	0.011	1	CNIH3	c30
0.00170669045074298	-0.140911266068311	0.044	0.019	1	ZNF596	c30
0.0128304944021652	0.140869877806791	0.016	0.005	1	CTC-471J1.11	c30
0.0030952471305547	0.140204527622235	0.044	0.02	1	ZNF845	c30
0.0172936501871306	-0.139650397615657	0.741	0.477	1	TSC22D4	c30
0.103152094307339	0.139582357325992	0.012	0.006	1	PTK7	c30
0.02395640769937	-0.138963932321217	0.022	0.009	1	MUC12	c30
0.0144433399884994	-0.13879278754778	0.022	0.009	1	RP5-1158E12.3	c30
0.00684392072076011	-0.138742276571899	0.078	0.044	1	ETV3	c30
0.00338073438169347	0.138438850904074	0.044	0.02	1	ZNF717	c30
8.86450693849254e-05	0.138435371024829	0.947	0.739	1	TRMT112	c30
0.338829740459381	-0.138274481104427	0.844	0.593	1	SSU72	c30
9.71136737782267e-05	0.135781904822832	0.907	0.654	1	CSTB	c30
0.00264566034756467	0.13572509289678	0.938	0.707	1	GPX4	c30
0.000649837801999639	-0.135619809594721	0.075	0.036	1	MAP1LC3B2	c30
0.444402192537162	-0.135600357615828	0.019	0.014	1	FAM131A	c30
0.000414340840572233	-0.135597335501724	0.056	0.024	1	VPS54	c30
0.000275317762247958	0.135522280615086	0.972	0.842	1	GABARAP	c30
0.00225507018979568	0.135380178629045	0.037	0.016	1	RP11-98D18.9	c30
0.508790232964962	-0.135135750230259	0.822	0.62	1	SQSTM1	c30
0.0665800857389605	-0.135093474368192	0.019	0.009	1	SLC30A1	c30
7.46178825999833e-05	-0.13508283652209	0.087	0.04	1	ZNF248	c30
0.310872482542032	-0.134514746824415	0.922	0.785	1	SON	c30
0.0517870596147732	-0.13422957430846	0.732	0.485	1	TCF25	c30
0.00360894070199775	-0.134203807338262	0.047	0.022	1	KLHL25	c30
0.00258490356139847	-0.134075139339079	0.031	0.012	1	DUSP7	c30
0.0109656915969681	0.13393599061344	0.025	0.01	1	RHOQ	c30
0.000987650040097209	0.13331423862107	0.894	0.652	1	SEPW1	c30
0.000342794276678454	-0.133139971894018	0.536	0.339	1	RORA	c30
0.105454512914276	-0.13312025711849	0.963	0.865	1	PCBP2	c30
0.0125593764271809	0.133043946024034	0.022	0.009	1	SNPH	c30
0.00096835524937942	0.132364370953069	0.044	0.018	1	ADAMTS6	c30
0.297743584262365	-0.132211983279265	0.947	0.858	1	SLC25A6	c30
0.000114872158366318	-0.131498352554984	0.069	0.03	1	TMEM8A	c30
0.14233826643066	-0.131402770787498	0.022	0.012	1	RP11-216B9.6	c30
0.000216380857329316	-0.13082736066087	0.072	0.033	1	DDX31	c30
0.00468833022509538	-0.13063102537136	0.053	0.026	1	ABHD4	c30
0.0445951232708288	-0.130568992502858	0.028	0.014	1	ZNF69	c30
0.000368646657576982	0.130445712512672	0.966	0.804	1	LCK	c30
0.000808091901011537	0.130031620535767	0.037	0.014	1	ZNF844	c30
0.257936077646664	-0.129853204380239	1	0.98	1	RPL26	c30
0.000101361576544714	0.129818156451898	0.09	0.043	1	RBM41	c30
0.00123292357397405	0.129482457545794	0.053	0.024	1	DGKQ	c30
0.00689259130956979	-0.129423237546369	0.028	0.011	1	C17orf100	c30
4.44299418066e-05	-0.128435910256451	0.645	0.374	1	ACAP2	c30
0.20277769443766	-0.128291099238639	0.012	0.007	1	ZFP28	c30
3.25363710454809e-05	-0.127885906169085	0.199	0.112	1	IKZF2	c30
0.00827365679738756	-0.127686969074331	0.717	0.461	1	C19orf66	c30
0.0379620051507397	-0.127313033151992	0.019	0.008	1	MAP7	c30
0.0760425897951012	-0.126754001557248	0.019	0.009	1	AC004893.11	c30
0.0357100920248269	-0.126291170173645	0.04	0.022	1	ZSCAN21	c30
0.00517898155789824	-0.125864051695422	0.034	0.015	1	FNIP2	c30
0.00622648331478988	-0.123734233813214	0.078	0.044	1	KLRC3	c30
0.0450985428362541	-0.122716776260539	0.801	0.526	1	RCSD1	c30
7.34229903568112e-05	-0.122505120014911	0.62	0.366	1	DGCR6L	c30
0.000813379210840189	0.122294729297334	0.969	0.771	1	ARL6IP5	c30
5.74525531359639e-05	0.122135998423253	0.981	0.886	1	SNRPD2	c30
8.96066745985441e-05	-0.121349860944954	0.589	0.356	1	GLIPR2	c30
4.63671920892807e-05	0.121331229160145	0.075	0.032	1	ZMYM3	c30
0.031341743692198	-0.121270892763613	0.031	0.016	1	SPATA24	c30
0.823709674438033	-0.121267669015403	0.819	0.641	1	CCND3	c30
0.794245319130857	-0.121203746513794	0.907	0.744	1	EIF3H	c30
0.00010311877916977	0.121192992166278	0.084	0.039	1	CYTH3	c30
0.00752276376954329	-0.121169242474841	0.028	0.012	1	MROH6	c30
8.05328085568699e-05	-0.121105874922186	0.162	0.089	1	CYSLTR1	c30
0.0130006610750378	-0.120606823836469	0.04	0.02	1	RP11-98I9.4	c30
0.00166680909170396	0.120581457201617	0.978	0.855	1	GMFG	c30
0.0429099316870855	-0.120396341003857	0.025	0.012	1	GPR35	c30
0.0135278951398661	-0.120296409806505	0.04	0.02	1	LRRC37B	c30
3.37416574087651e-05	-0.120014753238057	0.489	0.288	1	HAGH	c30
0.000706320590736117	-0.119953613221593	0.648	0.404	1	GPBP1	c30
0.0225451032164856	-0.119703286492658	0.025	0.011	1	RP11-706O15.1	c30
0.000305367961193436	0.118944105339968	0.065	0.03	1	KIAA0556	c30
0.000216263106471395	0.118172975252015	0.05	0.02	1	LINC00115	c30
0.048457775699276	-0.117958230969907	0.76	0.498	1	RSL24D1	c30
0.940045881361616	-0.1161989163382	0.009	0.01	1	RP11-134N1.2	c30
0.00134278204185363	0.114974647475362	0.028	0.01	1	TTLL11	c30
0.0456235181098568	0.114967649211406	0.016	0.006	1	TMPPE	c30
0.00495823522749178	0.114788914039637	0.044	0.02	1	STX1A	c30
0.000480445523175177	0.11470715157756	0.04	0.016	1	ZNF624	c30
0.0232334549873872	0.114584312777812	0.028	0.013	1	FAM49A	c30
0.000425577861382297	0.114579208137793	0.059	0.026	1	ZNF805	c30
0.303519145683948	-0.114335280415511	0.025	0.017	1	VPS9D1	c30
0.000460561235273372	-0.113813232678745	0.053	0.023	1	PLD6	c30
0.463722196695704	-0.113420585344969	0.016	0.011	1	TMEM169	c30
0.0792501432486582	0.113331666634457	0.012	0.005	1	AC009495.2	c30
0.000586193365130884	0.113245141798617	0.91	0.658	1	SHISA5	c30
0.0315334845369833	-0.112663179751871	0.981	0.953	1	COX7C	c30
0.041324372524859	0.112378985695548	0.019	0.008	1	SLC9A3R2	c30
0.338938378466853	-0.112212909352491	0.956	0.781	1	ATP6V0E1	c30
0.03098163213425	-0.11196514516397	0.034	0.018	1	C1QTNF6	c30
9.77880278953601e-05	0.111822031212789	0.037	0.012	1	NADK2	c30
0.00310597364509801	0.111085257690048	0.044	0.02	1	ZNF527	c30
3.02824214666357e-05	-0.110610901445559	0.062	0.024	1	IFFO2	c30
0.187656988811421	-0.110385085689616	0.012	0.006	1	NIPSNAP3B	c30
0.00510358952115034	-0.110318800341847	0.997	0.986	1	RPL35	c30
0.612692015116495	-0.110301916876354	0.885	0.651	1	TMEM59	c30
5.45460669314545e-05	0.110272130071118	0.056	0.022	1	QSOX2	c30
0.000993658841833455	-0.109932828206076	0.679	0.43	1	RASAL3	c30
0.0145786199147005	0.10983578831217	0.028	0.012	1	RP11-575L7.8	c30
4.73919605029074e-05	0.109818501647809	0.804	0.525	1	C8orf59	c30
0.00946090959169106	-0.109729301306762	0.025	0.01	1	RP1-198K11.5	c30
0.105207896686622	-0.109090164411628	0.019	0.01	1	ZDHHC9	c30
0.000962447433359885	-0.108751476980152	0.053	0.024	1	C4orf47	c30
4.2083025083593e-05	0.108355381746519	0.819	0.53	1	MAT2B	c30
0.000961083624371357	-0.108336744234926	0.075	0.037	1	EEPD1	c30
0.704488659469601	-0.107925016106417	0.875	0.669	1	EIF3L	c30
0.000133988813828374	0.107454628932124	0.065	0.028	1	ZNF286A	c30
0.000171606248432896	-0.106981300255185	0.062	0.027	1	KLC4	c30
0.0111655372588313	0.106304876498306	0.941	0.74	1	TRBC2	c30
0.000400620619475346	0.106146587063717	0.031	0.01	1	RP1-43E13.2	c30
0.00144960564977942	-0.105741028042167	0.047	0.02	1	ZNF782	c30
0.0348091390043392	-0.105396394198173	0.028	0.014	1	S1PR2	c30
0.227027330784045	-0.10527424944497	0.869	0.598	1	VPS28	c30
0.00188032362437867	-0.104828551302035	0.059	0.029	1	SLCO3A1	c30
0.0291629332637814	-0.104653644106593	0.034	0.018	1	C3orf18	c30
0.00319652255403609	0.104362906014939	0.991	0.935	1	CD3D	c30
0.15678411350307	-0.104336896120919	0.844	0.626	1	NBEAL1	c30
7.97714841761175e-05	0.104299245422869	0.819	0.531	1	COX7A2L	c30
0.0750810104814908	0.104177734405396	0.022	0.011	1	RP5-882C2.2	c30
5.92513127351552e-05	0.103772732620136	0.069	0.029	1	RAB40C	c30
0.00357318719189272	0.103734763203019	0.931	0.677	1	LCP2	c30
0.000471097034097684	0.103281282032671	0.984	0.907	1	PSME1	c30
0.00036724544905502	0.103250739344342	0.034	0.012	1	QPCTL	c30
0.000136377825941031	-0.103218902189357	0.084	0.039	1	TMCC1	c30
0.00142851871740904	-0.103136473420175	0.031	0.012	1	EVI5L	c30
0.000134750242747785	0.102646978584232	0.072	0.032	1	ZNF25	c30
0.639226714464549	-0.102640059802239	0.894	0.752	1	ZFP36L1	c30
0.109300985904136	-0.10263341652328	0.816	0.576	1	CD6	c30
0.139727999224185	-0.102190153134854	0.022	0.012	1	ATP6V0A1	c30
0.00014659182035394	0.102144986207644	0.056	0.023	1	ZNF654	c30
0.629516229924902	-0.10210963041653	0.944	0.763	1	PRR13	c30
0.000390185443854949	-0.101900104392024	0.059	0.026	1	C14orf28	c30
0.0530105013618536	-0.10164025308608	0.798	0.564	1	NCOR1	c30
5.74342548405123e-05	0.101595993511188	0.059	0.023	1	APTR	c30
0.00495762250473382	-0.101479065292006	0.065	0.035	1	LARS2	c30
0.000627512777714442	-0.10126010123922	0.065	0.031	1	RP3-395M20.8	c30
0.00193615425037984	-0.101135780082807	0.034	0.014	1	SMKR1	c30
0.000900591844072799	0.101114024602369	0.047	0.02	1	ZSWIM6	c30
0.0030363946571625	0.100650668180648	0.031	0.012	1	RASA4	c30
0.00261970559920942	0.10006204661875	0.972	0.786	1	UQCR11	c30
