p_val	avg_log2FC	pct.1	pct.2	p_val_adj	gene	seurat_clusters
0	4.50427815150161	0.653	0.062	0	GNLY	c14
0	4.23907708809539	0.558	0.042	0	GPR25	c14
0	3.75754762097354	0.872	0.106	0	GZMB	c14
0	3.67874652511776	0.283	0.026	0	CD9	c14
0	3.64991899720257	0.471	0.042	0	KLRC1	c14
0	3.50663611014303	0.263	0.027	0	CCR1	c14
0	3.41815839790679	0.943	0.161	0	ZNF683	c14
0	3.27563475716885	0.741	0.139	0	CLIC3	c14
0	2.96619763167004	0.873	0.188	0	HOPX	c14
0	2.81883014513467	0.74	0.141	0	RP11-291B21.2	c14
0	2.76258348320845	0.529	0.09	0	ITGA1	c14
0	2.68250323700538	0.557	0.099	0	FASLG	c14
0	2.67551469298966	0.485	0.078	0	XCL1	c14
0	2.66833109807613	0.509	0.111	0	GALNT2	c14
0	2.53152499203161	0.704	0.191	0	CAPG	c14
0	2.35847496681123	0.883	0.314	0	PRF1	c14
0	2.30788434203575	0.882	0.289	0	LGALS3	c14
0	2.25854832885228	0.881	0.397	0	CKLF	c14
0	2.18941380399018	0.744	0.223	0	CXCR6	c14
0	2.13076761468263	0.828	0.31	0	LGALS1	c14
0	1.61523810083778	1	0.637	0	CCL5	c14
0	1.4650793363887	0.972	0.401	0	CD8A	c14
8.53000526112325e-307	2.14193744340923	0.686	0.204	2.87409997268287e-302	IFI44L	c14
4.31168423865042e-305	1.65689642613724	0.578	0.132	1.45277888737087e-300	GZMH	c14
1.00718458942521e-302	2.05114627777904	0.793	0.311	3.39360775560931e-298	CD63	c14
1.15305653514714e-298	1.21687631659568	0.997	0.901	3.88510868952478e-294	S100A6	c14
4.30613728210003e-297	1.29931585621562	0.993	0.862	1.45090989583078e-292	IFITM2	c14
1.72442402425262e-296	2.54484195791022	0.276	0.034	5.81027430731676e-292	TRBV4-1	c14
9.04940998584846e-296	1.82779287607126	0.839	0.337	3.04910820063178e-291	C12orf75	c14
1.88694231974404e-292	1.48252140119675	0.978	0.759	6.35786345214556e-288	PTPRCAP	c14
8.42566726624028e-289	3.84066497362395	0.27	0.035	2.838944328687e-284	TRAV22	c14
1.63273020159704e-287	0.608344494746111	1	0.998	5.50132114126106e-283	TMSB4X	c14
1.2358723669478e-279	1.30838595231508	0.979	0.429	4.16414835319391e-275	NKG7	c14
6.53070110252408e-276	1.73887489652677	0.53	0.121	2.20045442948446e-271	KLRD1	c14
1.65045157978889e-264	2.16088246781428	0.735	0.294	5.56103155294068e-260	ITGAE	c14
1.83700251932967e-264	-0.734274371574296	1	0.999	6.18959628862938e-260	EEF1A1	c14
1.38393544622716e-263	1.55240642643837	0.957	0.647	4.66303209251778e-259	CRIP1	c14
5.29296692607758e-260	1.65378137124258	0.876	0.432	1.78341227607258e-255	ANXA2	c14
4.1704281814023e-256	0.8457287843644	1	0.982	1.40518407144169e-251	SH3BGRL3	c14
1.06055148156273e-254	2.61652357038316	0.338	0.059	3.57342216197748e-250	NBL1	c14
4.95592731611748e-254	1.34557348367172	0.97	0.507	1.66985014989262e-249	CTSW	c14
5.85351800459692e-254	1.02156111399706	1	0.933	1.97228435646889e-249	VIM	c14
2.45863083838168e-251	0.898277876668924	1	0.971	8.28411074684323e-247	CD52	c14
2.23666419576594e-250	1.26868417862698	0.917	0.366	7.53621634121375e-246	CD8B	c14
1.91263063476924e-249	4.65237913539304	0.097	0.004	6.44441766079147e-245	NMUR1	c14
4.15507501226574e-249	1.74695611709435	0.744	0.268	1.40001097463282e-244	OASL	c14
2.60274294817674e-243	1.43488052249615	0.933	0.539	8.76968208958669e-239	CLEC2B	c14
1.3036626557105e-241	1.44498709440991	0.731	0.25	4.39256095215096e-237	LAG3	c14
2.72806782465326e-240	2.08819894619632	0.49	0.123	9.19195172838668e-236	CISH	c14
1.03298033821819e-232	1.75357090187774	0.829	0.415	3.48052395159236e-228	CTSA	c14
1.73246890786602e-227	1.03392476580296	0.998	0.868	5.83738073816376e-223	S100A4	c14
3.25898544527951e-226	-0.673147119230783	1	0.995	1.09808255593248e-221	RPS28	c14
1.48754568228157e-221	1.89001709963814	0.605	0.199	5.01213642187953e-217	ABI3	c14
1.69966765188186e-219	1.00961001352175	0.992	0.886	5.72686018625075e-215	CD2	c14
2.0076367667956e-213	1.77894901189538	0.467	0.119	6.76453132204108e-209	XCL2	c14
1.93486217649036e-212	1.38169811593972	0.915	0.6	6.51932461746662e-208	ALOX5AP	c14
1.56686610172387e-211	-0.758778116633066	1	0.996	5.27939864314842e-207	RPS8	c14
2.48005906486174e-210	-0.960383071630913	0.993	0.99	8.35631101314516e-206	RPL9	c14
1.37639517838585e-209	1.22516103204352	0.951	0.667	4.63762591405327e-205	CD7	c14
2.18491278085791e-205	-0.909857402848418	0.999	0.993	7.36184512382264e-201	RPL3	c14
2.33967046579141e-204	2.21576076866111	0.405	0.099	7.88328566743756e-200	ARL2	c14
9.30627629053923e-203	-0.895305513699413	0.993	0.989	3.13565673333429e-198	RPL5	c14
2.19684100691828e-199	0.945733657637371	0.999	0.963	7.40203608871045e-195	IFITM1	c14
5.71940358322725e-195	2.04181423495417	0.464	0.129	1.92709584333259e-190	PERP	c14
7.91290067918749e-195	-0.660052896089841	1	0.996	2.66617275484543e-190	RPL11	c14
1.27860664380446e-191	0.980228613311763	0.99	0.78	4.30813722563474e-187	S100A11	c14
4.68172869599602e-190	-0.748547718280224	1	0.995	1.5774616668289e-185	RPS3A	c14
4.71073601913553e-190	3.30218721724935	0.215	0.032	1.58723539428752e-185	IFI27	c14
1.09022891479576e-189	1.47096789903169	0.736	0.309	3.67341730551284e-185	TYMP	c14
4.88537555871951e-188	1.58367538950018	0.717	0.295	1.64607844075495e-183	CHST12	c14
6.98830727953793e-188	1.26470151131514	0.913	0.583	2.35464025476751e-183	CTSD	c14
7.56380381039599e-188	0.745480091091628	0.997	0.957	2.54854805587483e-183	MYL12A	c14
8.49632347011406e-186	0.843812575084919	0.994	0.862	2.86275123002023e-181	CLIC1	c14
1.46330198087733e-185	-0.611209698366815	1	0.994	4.93044969436808e-181	RPS23	c14
4.13647507000053e-185	2.78803195812455	0.208	0.03	1.39374391008598e-180	SPRY1	c14
1.0019006845652e-183	1.21013507706482	0.904	0.515	3.37580416657399e-179	GZMA	c14
2.1630758341008e-183	1.80440480021878	0.538	0.177	7.28826771541925e-179	PPP1R14B	c14
2.90189898294651e-182	-0.694751109348894	1	0.993	9.77765843313996e-178	RPS13	c14
5.89008574982246e-181	-0.561069732983075	1	0.996	1.98460549254518e-176	RPL19	c14
6.64956011194552e-181	1.62111314792559	0.787	0.397	2.24050278411892e-176	ISG15	c14
1.27882433390883e-179	1.47125308913845	0.743	0.329	4.30887071067241e-175	CTD-3252C9.4	c14
2.84972652315975e-178	0.509499056308232	1	0.999	9.60186854713445e-174	HLA-B	c14
4.80223547330426e-178	1.65657298980905	0.664	0.276	1.61806522037514e-173	LDLRAD4	c14
9.45149140983827e-178	-0.651948958193152	1	0.995	3.18458551563091e-173	RPL34	c14
9.68933908164342e-177	2.64871266186104	0.214	0.033	3.26472591016893e-172	RP11-357H14.17	c14
1.34705108703702e-176	-0.536406379501063	1	0.996	4.53875393266254e-172	RPL30	c14
9.82464066007442e-175	-0.754621217396219	1	0.995	3.31031442400548e-170	RPS2	c14
4.72216577337025e-173	-0.584973877820235	0.999	0.995	1.59108653567937e-168	RPL18	c14
1.1334183953139e-172	-0.628350825471941	1	0.994	3.81893994117064e-168	RPL39	c14
3.00845987476985e-171	1.04954971788721	0.977	0.762	1.01367047020495e-166	LY6E	c14
4.79340166705787e-171	1.63993079197339	0.534	0.182	1.61508875769848e-166	ODF3B	c14
8.11100186042204e-171	1.62416870232806	0.538	0.177	2.7329209668506e-166	CPNE7	c14
3.57676759863939e-167	0.835642921573919	0.999	0.984	1.20515607468556e-162	AC090498.1	c14
1.17661224476836e-165	0.976237291824236	0.957	0.609	3.96447729752252e-161	ANXA1	c14
2.6448141771664e-165	2.15336132417383	0.358	0.09	8.91143688854447e-161	RSAD2	c14
2.7284156663563e-165	3.25702302029984	0.125	0.012	9.19312374622093e-161	KLRC2	c14
4.57379404408991e-165	-0.934890972955354	0.996	0.987	1.54109416521565e-160	RPL21	c14
2.3594172990871e-163	1.13745995011438	0.976	0.817	7.94982064754407e-159	JUN	c14
8.46378500021061e-162	-0.950077361909771	0.989	0.993	2.85178771797096e-157	MT-ATP6	c14
9.16087658839577e-162	1.56862272592385	0.601	0.234	3.08666575769407e-157	TBCD	c14
1.24583839562557e-161	4.84125860722105	0.059	0.002	4.1977278902208e-157	TRBJ2-5	c14
1.24945755050272e-161	-0.572986764686776	1	0.996	4.20992227066386e-157	RPS27A	c14
1.34101895576789e-161	-0.550150984630462	1	0.996	4.51842926956433e-157	RPS3	c14
1.23956800457864e-160	-0.753681469667247	0.999	0.994	4.17660043462726e-156	RPL41	c14
1.239483205677e-159	-0.54878042123376	1	0.994	4.1763147132081e-155	RPL35A	c14
4.60644345640923e-159	1.68650424870233	0.568	0.217	1.55209505820253e-154	PLEKHF1	c14
4.012212717202e-158	-0.931019994557324	0.995	0.996	1.35187495293404e-153	MT-CYB	c14
8.02318506465717e-157	1.88372784204188	0.409	0.119	2.70333197568559e-152	TNFSF14	c14
1.06597034832647e-155	1.51832863288494	0.627	0.261	3.5916804916512e-151	PTPN22	c14
1.48487117867588e-154	-0.495613702247444	1	0.998	5.00312494943052e-150	RPL10	c14
1.98034033489639e-153	0.705840235124169	0.989	0.904	6.67255872439991e-149	MYL12B	c14
2.00389808121148e-153	-0.594576975377526	0.999	0.994	6.75193419483397e-149	RPL37	c14
4.04516573683782e-153	1.43463203398606	0.755	0.378	1.36297814337013e-148	IFI6	c14
6.55594273186689e-153	1.9320239631494	0.393	0.114	2.20895934407523e-148	NUDT14	c14
1.04766298451715e-151	3.81127659138258	0.09	0.007	3.52999566003207e-147	CD101	c14
1.21806816321054e-151	-0.535640587931884	1	0.997	4.1041588691216e-147	RPL13	c14
3.52047082217222e-148	1.00966324772734	0.929	0.659	1.18618743882271e-143	DRAP1	c14
5.80685620423743e-145	-0.826706976819421	0.996	0.996	1.95656212945576e-140	MT-CO3	c14
1.90320134145884e-143	1.84523877767618	0.296	0.071	6.4126465999114e-139	RGS16	c14
1.9347736820924e-142	-0.577328058073029	0.998	0.991	6.51902644444214e-138	GNB2L1	c14
8.90470663755617e-142	1.24092650601143	0.814	0.498	3.00035185445818e-137	OSTF1	c14
1.3951082602742e-141	1.44431346562364	0.587	0.236	4.70067777216788e-137	FKBP11	c14
4.80311388657828e-141	-0.518792674496935	1	0.995	1.61836119294369e-136	RPS14	c14
1.10723146211927e-140	-0.527205486295988	1	0.994	3.73070568846468e-136	RPL6	c14
1.44865040540089e-140	2.50701849285435	0.186	0.031	4.88108267595774e-136	RGS9	c14
1.17156749057843e-139	2.04179195531071	0.29	0.07	3.94747950275497e-135	CEBPD	c14
1.7409047820401e-139	1.04911944718727	0.891	0.626	5.8658045726059e-135	ZYX	c14
4.77489597406517e-139	-0.670591272379909	0.999	0.994	1.60885344950152e-134	RPS6	c14
2.49843222221704e-138	2.40158996301743	0.208	0.039	8.41821752953809e-134	IL18RAP	c14
1.07214768935751e-137	-0.474499319242677	1	0.997	3.61249442452118e-133	RPS27	c14
1.56941373305474e-136	-0.883444037454082	0.946	0.962	5.28798263215464e-132	RPL4	c14
2.79507294494199e-136	-0.638304313463274	1	0.999	9.41771878068755e-132	MT-CO2	c14
4.51181810404862e-135	1.89175550706194	0.318	0.084	1.52021199197814e-130	IFIT1	c14
4.91102612724641e-135	-0.616938702575051	0.998	0.991	1.65472114331441e-130	RPSA	c14
8.41838489733391e-135	1.32121505419429	0.562	0.213	2.83649060730769e-130	AOAH	c14
1.94375613504679e-134	2.88206149170002	0.143	0.02	6.54929192142666e-130	C10orf128	c14
5.01820625164659e-134	1.67961152704289	0.367	0.107	1.6908344144298e-129	ANKRD28	c14
1.05260800384259e-133	0.879316536523554	0.924	0.652	3.54665740814722e-129	ARPC1B	c14
5.07282347883708e-133	0.89871034851645	0.957	0.784	1.70923714295937e-128	RPS10	c14
4.75087290970912e-132	1.06500100757329	0.91	0.707	1.60075911819739e-127	LDHA	c14
1.94507512935356e-131	1.2641901186741	0.689	0.335	6.55373614084388e-127	XAF1	c14
2.88814274410028e-131	-0.535246626657173	0.999	0.994	9.7313081619715e-127	RPS21	c14
5.63508122336185e-131	1.3734042626111	0.596	0.253	1.89868426739954e-126	SLA2	c14
1.40931991189351e-130	3.23623645983939	0.103	0.011	4.74856251113399e-126	CYP4F22	c14
3.13549764684957e-130	-0.523353955473691	1	0.993	1.05647457712949e-125	RPL36	c14
7.9557560803672e-130	2.12379798756134	0.275	0.068	2.68061245371892e-125	IFIT3	c14
1.69563303167486e-129	-0.450406192581565	1	0.995	5.71326593692527e-125	RPS25	c14
3.53373868437723e-129	0.575384498544794	0.998	0.98	1.19065791231406e-124	RPL26	c14
3.16375509851716e-128	3.56533079584396	0.096	0.009	1.06599564289437e-123	OTOF	c14
1.96809396033445e-126	-1.363942993355	0.892	0.937	6.63129578995088e-122	TXNIP	c14
2.82420605689553e-126	1.31041794148845	0.675	0.331	9.5158798881038e-122	IRF7	c14
2.98219594389361e-126	-0.47140098768339	1	0.994	1.00482110133551e-121	RPL18A	c14
3.34441574183677e-125	0.986389976388943	0.845	0.488	1.12686744005448e-120	APOBEC3G	c14
5.82352561984339e-125	1.04876178760762	0.75	0.377	1.96217872235003e-120	RNASEK	c14
3.60477619181573e-123	1.88145401487127	0.328	0.095	1.21459329007039e-118	USP18	c14
5.22852894338433e-123	2.52764249855039	0.14	0.02	1.76170054218392e-118	GALNT3	c14
2.01210872404421e-122	-0.538922440034066	1	0.995	6.77959913479455e-118	RPL32	c14
9.91955623969012e-122	-3.01270970702923	0.163	0.53	3.34229527940119e-117	SELL	c14
1.24591154138436e-121	-0.486137305181424	0.998	0.993	4.19797434754045e-117	RPL15	c14
1.39259285174296e-121	-0.657053846477035	1	0.998	4.69220235466273e-117	MT-ND4L	c14
4.24606990776801e-121	-2.01957175624971	0.164	0.568	1.43067079472335e-116	MTRNR2L12	c14
1.6020880143596e-120	-0.409020351684796	1	0.996	5.39807535558323e-116	RPS15	c14
5.76570961691586e-120	-0.838967707651079	0.923	0.944	1.94269819832363e-115	EEF2	c14
1.01641195608073e-119	0.425849820801946	1	0.995	3.42469844481841e-115	HLA-C	c14
2.21736388884242e-119	-0.4886720878141	1	0.993	7.47118588706566e-115	RPL29	c14
7.41878208833398e-118	1.26460659880767	0.7	0.359	2.49968443684325e-113	TPM4	c14
3.83342799061736e-117	1.34507089421212	0.542	0.223	1.29163522715861e-112	JAML	c14
6.70975267319241e-117	1.54285356062755	0.495	0.199	2.26078406570545e-112	AGTRAP	c14
1.08371843500937e-116	1.69673108024653	0.354	0.111	3.65148089492058e-112	CCR5	c14
1.31959729749966e-116	2.61432166787322	0.305	0.092	4.44625113419536e-112	TRGV10	c14
2.49931078810376e-116	3.44943326160997	0.08	0.007	8.4211777694368e-112	RP11-277P12.6	c14
4.2123299536582e-115	1.01715367420234	0.82	0.51	1.4193024545856e-110	REEP5	c14
9.43209454864864e-115	1.21393356769412	0.68	0.337	3.17804993722167e-110	MX1	c14
1.07044756139661e-114	1.86951103608094	0.312	0.091	3.60676601336975e-110	CMPK2	c14
1.84433472952216e-114	-1.00655289495953	0.749	0.87	6.21430143765196e-110	PCBP2	c14
7.78948912421557e-114	1.11233495455157	0.792	0.471	2.62459046551319e-109	IER2	c14
8.96379715286045e-114	-0.629544651606617	0.995	0.985	3.0202618126848e-109	RPL22	c14
1.29403687987175e-113	1.92744749585034	0.31	0.092	4.36012786303989e-109	ATF3	c14
1.24842288039487e-112	-0.80474004046977	0.978	0.987	4.20643605320247e-108	MT-ND1	c14
3.25574105096618e-112	0.494531845749774	1	0.999	1.09698938971254e-107	ACTB	c14
3.39907532323512e-111	1.0424661416558	0.75	0.414	1.14528443941084e-106	ANXA5	c14
5.9159034955107e-111	-0.671234682070131	0.997	0.993	1.99330452377737e-106	MT-ND3	c14
1.12964663933173e-110	-0.416046156201497	1	0.995	3.80623138656432e-106	RPL7A	c14
1.52282616279676e-110	0.600378325264876	0.991	0.897	5.13101047292739e-106	HCST	c14
4.80886575197196e-109	-0.579107070213015	0.995	0.987	1.62029922646943e-104	RPS5	c14
3.38259358573466e-108	-1.55514527058779	0.566	0.772	1.13973108277744e-103	LTB	c14
1.27649948932266e-107	0.901367804724667	0.917	0.692	4.30103737932376e-103	PGK1	c14
2.64883459826056e-107	1.22224441030818	0.54	0.232	8.92498329537914e-103	MYADM	c14
7.05014354389223e-107	1.24018238854202	0.58	0.264	2.37547536567905e-102	RUNX3	c14
6.05402959733969e-106	0.473207861834608	0.999	0.972	2.03984473252764e-101	CFL1	c14
1.50832190906639e-105	0.637219372837151	0.985	0.868	5.0821398404083e-101	LSP1	c14
1.10144099306963e-104	-0.488866947401381	1	0.996	3.7111952820488e-100	RPS12	c14
1.50295391860261e-104	-0.425209052922671	0.999	0.995	5.06405293333965e-100	RPLP2	c14
1.76346723010031e-104	1.08363650973507	0.757	0.43	5.94182648509998e-100	ID2	c14
6.76553618251054e-104	-0.752285465649674	0.964	0.966	2.2795797613351e-99	EEF1B2	c14
3.55489242332286e-102	1.29317280796955	0.491	0.202	1.19778545311441e-97	OAS1	c14
3.95447377060566e-102	2.07672934971815	0.263	0.075	1.33242039226787e-97	CSF1	c14
6.95802642337947e-102	0.902639238421778	0.836	0.524	2.34443742309348e-97	CXCR3	c14
2.00422971454951e-101	0.823362338199881	0.984	0.856	6.7530516002031e-97	CD69	c14
2.63530360647448e-101	1.81766555805541	0.248	0.066	8.87939197165511e-97	TRGC2	c14
3.71045664225419e-101	-0.459509514154981	1	0.995	1.25020126104113e-96	RPS4X	c14
8.07677188681858e-101	-2.04194133679107	0.283	0.598	2.72138751954465e-96	KLF2	c14
1.19979783453255e-100	1.8891419744264	0.301	0.094	4.04259882367397e-96	TRGV3	c14
6.31973692428431e-100	1.00643887204403	0.716	0.383	2.12937215926835e-95	STOM	c14
7.69818571788257e-100	3.93748323513339	0.05	0.003	2.59382669578335e-95	RGMA	c14
4.53749258257654e-99	1.11410365667549	0.55	0.233	1.52886275077334e-94	MATK	c14
4.57741242314787e-98	0.546283290459321	0.988	0.914	1.54231334185544e-93	CYBA	c14
4.23542938215352e-96	0.901364215141756	0.835	0.57	1.42708557602281e-91	BST2	c14
7.08931787525153e-96	1.44657450864904	0.428	0.169	2.38867476488725e-91	IFI44	c14
1.11458527500126e-95	1.12511453965599	0.639	0.331	3.75548362558925e-91	ITGB7	c14
1.43129427224529e-95	1.97180212711693	0.251	0.071	4.82260292090329e-91	KLF10	c14
6.31116051363256e-95	1.36754578301958	0.473	0.201	2.12648242346335e-90	TNFRSF1A	c14
2.22960291572503e-94	1.38774804009241	0.407	0.154	7.5124240642439e-90	GABARAPL1	c14
8.49453657065041e-94	0.860588022912146	0.904	0.655	2.86214915211495e-89	MT2A	c14
1.20401877346529e-93	-1.90128016850836	0.253	0.557	4.05682085531395e-89	FCMR	c14
1.54223192816164e-93	1.07078229123585	0.691	0.382	5.19639625874782e-89	CCDC107	c14
1.58999380301846e-93	1.0235501987499	0.659	0.332	5.3573251198904e-89	EPSTI1	c14
1.82143438394664e-93	-0.635249798583076	0.993	0.99	6.13714101326982e-89	MT-ATP8	c14
4.28235287617964e-93	1.26837361356156	0.58	0.284	1.44289597809997e-88	IFI35	c14
1.28253563975075e-92	0.532708353980266	0.992	0.931	4.32137558457618e-88	CALM1	c14
1.73881274787419e-92	1.95679021336451	0.199	0.049	5.85875567268729e-88	GCNT1	c14
5.12818432874111e-92	-0.418923094404187	1	0.994	1.72789042772603e-87	RPL8	c14
1.10640133901907e-91	3.43316009992595	0.145	0.029	3.72790867169084e-87	TRBV28	c14
1.23302196637358e-91	-0.421876794199068	0.998	0.991	4.15454421349914e-87	RPL24	c14
1.66826244409371e-91	0.609003439053095	0.954	0.862	5.62104347912933e-87	RPL17	c14
3.09335780886362e-91	1.00305630271594	0.665	0.35	1.04227598011851e-86	NDUFA13	c14
7.26435740280892e-91	0.526205506961436	0.995	0.933	2.44765258330244e-86	CD3D	c14
8.03265702065352e-91	0.997903157164217	0.763	0.473	2.706523456539e-86	IRF1	c14
1.06468896178761e-90	0.832065083176442	0.842	0.583	3.58736298784718e-86	TMEM50A	c14
2.65836995848278e-90	0.497094331909738	1	0.976	8.95711173811188e-86	GAPDH	c14
4.05274174287815e-90	-0.320094765862346	1	0.997	1.36553080284536e-85	RPL28	c14
6.73845501824769e-90	1.07023339749721	0.585	0.284	2.27045503384838e-85	GYG1	c14
1.32413191058774e-89	0.606932876430514	0.978	0.852	4.46153005953433e-85	PSMB9	c14
6.95826844426701e-89	1.89959932550986	0.182	0.042	2.34451896961133e-84	CCR2	c14
2.22804653594703e-88	3.93682466059519	0.06	0.005	7.50717999821993e-84	SFTPB	c14
2.56182529016755e-88	1.0762105664033	0.605	0.302	8.63181413269054e-84	YWHAH	c14
2.77356576209881e-88	-0.358182336483305	0.998	0.995	9.34525247881573e-84	RPS7	c14
4.34328643905486e-88	-0.476568452004773	1	0.995	1.46342693277514e-83	RPS18	c14
5.79646574434904e-88	-1.43925475902839	0.396	0.668	1.95306116790096e-83	CD27	c14
2.22243128310619e-87	1.33419763677778	0.413	0.166	7.48825996529799e-83	C11orf98	c14
2.67439295463454e-87	1.09317606299539	0.598	0.302	9.01109962134563e-83	CDC42EP3	c14
8.32586057174804e-87	0.887322354746516	0.846	0.571	2.80531546104479e-82	UBE2L6	c14
1.78111852632537e-86	1.18707955625691	0.569	0.286	6.00130076260071e-82	EIF2AK2	c14
4.22734256158842e-86	0.81368092213085	0.804	0.503	1.4243608027016e-81	CTSC	c14
4.7753136625575e-86	0.468918156339537	0.994	0.947	1.60899418546213e-81	RAC2	c14
1.03386007289586e-85	0.998044882187213	0.653	0.348	3.48348812961531e-81	GLIPR2	c14
1.09874123455544e-85	2.10483276028414	0.164	0.037	3.70209871571111e-81	DSE	c14
1.41583588159533e-85	0.723585207053012	0.905	0.68	4.77051741944732e-81	PLP2	c14
4.86740522995307e-84	0.632312598338561	0.968	0.823	1.64002351818039e-79	S100A10	c14
5.62260058190289e-84	-0.499459305677874	0.999	0.992	1.89447904006636e-79	RPLP0	c14
9.39128014158333e-84	-0.684201756744365	0.963	0.964	3.16429793090509e-79	PABPC1	c14
1.58611765739241e-82	1.09762902269623	0.548	0.269	5.344264834818e-78	PRNP	c14
2.08250698072908e-82	1.3927181515296	0.457	0.204	7.01679902086855e-78	PLSCR1	c14
2.54754321648038e-82	0.912418260267027	0.718	0.415	8.58369211360901e-78	SAMSN1	c14
6.672614565419e-82	-0.454372362748892	0.998	0.989	2.24827075167228e-77	RPL13A	c14
8.07446811724159e-82	2.08903538635285	0.202	0.056	2.72061128742338e-77	TRBV6-5	c14
1.77645320728597e-81	0.219402999666445	1	1	5.98558143662936e-77	B2M	c14
4.71405671100139e-81	-0.807248575266109	0.853	0.942	1.58835426820481e-76	TSC22D3	c14
5.05869903118978e-81	1.88644290459063	0.203	0.056	1.70447805156909e-76	DAPK2	c14
5.14645971155275e-81	0.579992002691267	0.809	0.47	1.73404813521058e-76	EEF1G	c14
6.51039141994037e-81	0.423385909236263	0.997	0.958	2.19361128503471e-76	MYL6	c14
1.36906084819037e-80	1.79948435391312	0.191	0.05	4.61291362189265e-76	ABCB1	c14
2.38377299212991e-80	1.66896185501607	0.251	0.079	8.03188471968253e-76	FBXO6	c14
2.44373669693724e-80	-0.454289063498392	1	0.987	8.23392642666035e-76	RPS9	c14
3.42346273038433e-80	-2.31727007543045	0.123	0.423	1.15350153237569e-75	TRAT1	c14
5.63993380989132e-80	1.33354884568583	0.387	0.158	1.90031929790478e-75	PSENEN	c14
7.03517984094315e-80	1.16954861785544	0.407	0.166	2.37043349560738e-75	AC092580.4	c14
8.2816637139719e-80	0.9500574981964	0.682	0.392	2.79042377178569e-75	HN1	c14
1.14862375891721e-79	0.779100868337919	0.828	0.56	3.87017289329566e-75	SLC9A3R1	c14
2.34221667078687e-79	1.02046298500144	0.645	0.367	7.89186485054926e-75	SURF4	c14
4.15491888505367e-79	1.83297643988677	0.201	0.055	1.39995836912998e-74	PRR5	c14
4.39989841508007e-79	-0.605331575866165	0.956	0.952	1.48250177197708e-74	RPL7	c14
4.44263047282226e-79	1.23859923084268	0.404	0.167	1.49689991151273e-74	CLSTN3	c14
5.70163211851473e-79	1.18864085525367	0.516	0.251	1.92110792601235e-74	SAMD9L	c14
5.7893854728148e-79	0.514710490982429	0.979	0.874	1.95067554121022e-74	CD99	c14
1.91551814512871e-78	1.65534592783105	0.248	0.078	6.45414683819669e-74	DDAH2	c14
3.09952829236232e-78	-0.378319997407621	1	0.994	1.04435506282856e-73	RPL14	c14
4.05792943375805e-78	1.20008783375851	0.445	0.195	1.36727874341044e-73	CALHM2	c14
4.95305152633925e-78	0.87332795738724	0.768	0.502	1.66888118128475e-73	DHRS7	c14
2.1043528089961e-77	1.29643593471097	0.414	0.178	7.09040635463145e-73	DENND1B	c14
3.37814019619216e-77	0.840820104600508	0.768	0.5	1.13823055770499e-72	RHOF	c14
3.94906024323673e-77	1.16054281019858	0.438	0.191	1.33059635835618e-72	SLF1	c14
9.28348105115833e-77	1.60235057839057	0.23	0.07	3.12797610537729e-72	ATP1B1	c14
1.82358148390948e-76	1.11289578414213	0.477	0.218	6.14437545188461e-72	PNP	c14
2.9706584203261e-76	0.65123119389691	0.934	0.761	1.00093364814467e-71	EMP3	c14
5.18405790581406e-76	0.89507075922552	0.743	0.473	1.74671647078499e-71	CCDC85B	c14
1.31943899251508e-75	0.454376332590332	0.999	0.946	4.4457177413803e-71	CORO1A	c14
2.65674526853443e-75	0.868456598131563	0.726	0.427	8.95163750779989e-71	IL2RB	c14
2.9549021077467e-75	1.31712598784833	0.354	0.139	9.95624716184174e-71	RHOC	c14
4.10719068690516e-75	1.12218136211635	0.484	0.227	1.38387683004582e-70	UBE2V1	c14
4.90693035960264e-75	-4.12481142628799	0.028	0.301	1.65334111536451e-70	CD4	c14
6.34771198335702e-75	-0.38920143475117	0.999	0.993	2.13879807567232e-70	RPS16	c14
1.00243905941405e-74	1.10729758183914	0.538	0.272	3.37761816678969e-70	CD58	c14
1.05164847945337e-74	1.07301214003048	0.643	0.372	3.54342438667017e-70	PIM1	c14
1.12222196350946e-74	0.93903194349172	0.542	0.262	3.78121468384879e-70	CSNK2B	c14
2.93651320787004e-74	2.4579202442705	0.101	0.017	9.89428760259731e-70	ADGRG5	c14
3.58080200449463e-74	0.764332489707953	0.853	0.591	1.20651542739442e-69	SLC2A3	c14
1.00660264815952e-73	-0.382116782707082	1	0.996	3.39164696270869e-69	RPS19	c14
1.02385805240666e-73	0.493625599959596	0.98	0.885	3.44978732177901e-69	ARPC2	c14
6.20602149764011e-73	-2.92383463198582	0.079	0.353	2.09105688341486e-68	TNFSF8	c14
9.33302903779023e-73	1.96097899007954	0.149	0.035	3.14467080399304e-68	PGLYRP2	c14
1.75195837234221e-72	0.693023548654646	0.884	0.674	5.90304853976983e-68	C9orf142	c14
1.79571527188756e-72	1.56916880956414	0.22	0.066	6.05048303709794e-68	KLRK1	c14
2.28472063844122e-72	0.331237923812886	1	0.969	7.69813771916385e-68	IL32	c14
2.50513025044821e-72	0.920255242039506	0.613	0.326	8.4407858658602e-68	ECH1	c14
3.23474618719137e-72	0.847229303232594	0.739	0.452	1.08991538031226e-67	TUBA1A	c14
6.00129278191804e-72	0.733536869429499	0.847	0.589	2.02207558993946e-67	PPP1R18	c14
9.17448017878884e-72	1.07177974157594	0.518	0.258	3.09124935144111e-67	TNFSF10	c14
1.161154597057e-71	0.78360894469695	0.825	0.588	3.91239429932385e-67	RABAC1	c14
2.22862166848332e-71	1.34306929191497	0.327	0.127	7.50911784978771e-67	SLC16A3	c14
3.28948954622052e-71	3.28408648361964	0.046	0.004	1.10836060770354e-66	AC009495.2	c14
7.9918536302643e-71	0.545089945632451	0.956	0.796	2.69277516218125e-66	STK17A	c14
2.72446188353857e-70	1.03998569970072	0.535	0.273	9.17980187039484e-66	DEGS1	c14
6.89138637720595e-70	0.958585419902308	0.541	0.275	2.32198372593577e-65	ARL6IP1	c14
7.66277150885742e-70	0.829405577153962	0.567	0.292	2.58189423219442e-65	HLA-DRA	c14
1.02627911223241e-69	1.25216193949789	0.373	0.158	3.4579448407559e-65	ACAA2	c14
1.47344271798699e-69	0.317695778695971	0.734	0.37	4.96461789398537e-65	CCL4	c14
1.62077279689129e-69	0.598958247868299	0.935	0.786	5.4610318618455e-65	LCP1	c14
1.81079194297205e-69	-0.44156925744945	0.993	0.987	6.10128237265002e-65	RPL10A	c14
4.49310426120873e-69	1.24100228009862	0.378	0.162	1.51390654977167e-64	SARNP	c14
7.12183938526302e-69	-0.665769299472209	0.942	0.962	2.39963256247052e-64	MT-ND4	c14
3.56909388731909e-68	-2.2848305988298	0.139	0.402	1.2025704943933e-63	TCF7	c14
3.57001139905572e-68	-2.2954390802572	0.15	0.416	1.20287964079783e-63	CCR7	c14
9.84732449055193e-68	-0.623213994399396	0.946	0.94	3.31795751384657e-63	FXYD5	c14
2.36278091283908e-67	0.744754043189383	0.954	0.823	7.96115400771999e-63	ZFP36	c14
3.46229980282343e-67	0.316113016345896	1	0.997	1.16658729556333e-62	PTMA	c14
3.61707054678812e-67	0.674137174071072	0.904	0.73	1.21873575003479e-62	CD3G	c14
4.67983187301455e-67	1.04173476941491	0.501	0.249	1.57682255129352e-62	SDHD	c14
8.118294258116e-67	-0.498841616458243	0.988	0.988	2.73537806732961e-62	SARAF	c14
8.70392196545585e-67	-0.852811741167429	0.623	0.777	2.93269946704069e-62	GPSM3	c14
1.49148181414321e-66	2.84944169051267	0.065	0.008	5.02539882457413e-62	RP11-24F11.2	c14
1.64240429992667e-66	4.68879349804821	0.024	0.001	5.53391704817291e-62	RAPGEF5	c14
2.23345025805313e-66	-0.434286992447282	0.993	0.985	7.5253872994842e-62	EEF1D	c14
2.95379446744957e-66	0.8267337387825	0.742	0.478	9.95251507862458e-62	TXN	c14
3.7263472339051e-66	0.747693038326288	0.768	0.486	1.25555543699199e-61	GSTP1	c14
4.84618440743035e-66	-3.45688576045521	0.061	0.313	1.63287337423958e-61	PASK	c14
6.03195953406466e-66	-0.444983790487973	0.978	0.976	2.03240844540774e-61	PFDN5	c14
9.99487815181972e-66	1.07839899368765	0.453	0.217	3.36767424447414e-61	PARP9	c14
1.36865009115594e-65	0.590463960546592	0.922	0.738	4.61152961714083e-61	PSME2	c14
2.12570328231654e-65	-4.38102452417684	0.029	0.274	7.16234463943734e-61	CD40LG	c14
6.7065070670071e-65	0.666853262944531	0.818	0.574	2.25969049115737e-60	TUBB	c14
1.20640241378067e-64	-0.375247161963528	0.999	0.99	4.0648522929926e-60	RPS29	c14
3.47403355244725e-64	0.963993040019852	0.567	0.313	1.17054086516158e-59	DSTN	c14
3.5228689062933e-64	4.57065022224093	0.027	0.001	1.18699544928647e-59	TRBJ1-2	c14
5.70883851218064e-64	1.0676836107143	0.444	0.213	1.92353604829415e-59	OAS2	c14
6.08692337635222e-64	-0.412272155466659	1	0.998	2.05092796242812e-59	MT-CO1	c14
6.64632911433585e-64	1.18783752569266	0.298	0.114	2.23941413178432e-59	SYTL2	c14
2.23824298957206e-63	-0.684648849433053	0.769	0.847	7.54153592906409e-59	EIF3F	c14
2.81136813161094e-63	1.10802909494548	0.446	0.217	9.47262378264991e-59	LAP3	c14
6.30401198045675e-63	1.21470655782264	0.329	0.136	2.1240737966951e-58	NDUFC2	c14
7.73159374592427e-63	0.984804529514143	0.548	0.304	2.60508319675172e-58	CALCOCO2	c14
1.09879985535868e-62	-0.68502921592235	0.91	0.953	3.70229623264553e-58	MT-ND2	c14
1.21390234033414e-62	0.545029072961603	0.986	0.904	4.09012254552185e-58	KLF6	c14
1.26127359300273e-62	0.78406156186225	0.724	0.479	4.24973524426339e-58	NME2	c14
1.36071706162991e-62	-2.23159942032664	0.126	0.379	4.58480006745583e-58	LEF1	c14
1.44410461313404e-62	0.903895803635111	0.565	0.307	4.86576608349385e-58	GRAP2	c14
1.58596392255594e-62	-0.27784872147874	0.999	0.995	5.34374684065998e-58	FAU	c14
2.43974059872624e-62	0.829095181747155	0.687	0.417	8.22046197334818e-58	ARRB2	c14
3.94933807346013e-62	1.07337756428736	0.468	0.235	1.33068997047166e-57	COMMD8	c14
6.42442763656621e-62	-2.15254497310637	0.339	0.524	2.16464664786462e-57	GZMK	c14
6.85840599998807e-62	1.10593950510111	0.47	0.233	2.31087131763598e-57	GADD45B	c14
8.16491546226212e-62	0.63079006150761	0.885	0.654	2.7510866158546e-57	PPP1CA	c14
9.42470088671146e-62	0.888134046200078	0.411	0.185	3.17555871676856e-57	PTMS	c14
1.4503440901567e-61	0.66749149920701	0.905	0.718	4.88678937737399e-57	TPI1	c14
2.53264905998863e-61	0.919955857505372	0.616	0.366	8.5335077427257e-57	SUSD3	c14
6.35530690679088e-61	0.73481178667804	0.769	0.522	2.14135710917412e-56	ARF6	c14
8.17130658743165e-61	1.41854013895853	0.25	0.091	2.75324004156922e-56	EEF1E1	c14
9.62517581670677e-61	1.94482377116423	0.07	0.01	3.24310673968118e-56	TRBV11-3	c14
1.19910226531641e-60	0.428617933940782	0.993	0.947	4.04025517275712e-56	PPDPF	c14
1.37984028062165e-60	1.00343047496445	0.437	0.209	4.64923384152659e-56	NAA10	c14
1.59191309097941e-60	0.724267965408087	0.829	0.604	5.36379196874601e-56	MSN	c14
1.73523830521658e-60	0.934317583778506	0.546	0.296	5.84671194559675e-56	RAB5C	c14
2.57335840612892e-60	1.52781786510464	0.321	0.136	8.67067381361077e-56	IFNG	c14
2.59586367425081e-60	1.02900833777762	0.464	0.232	8.74650306402067e-56	CISD3	c14
9.5004091275305e-60	0.382105861159599	1	0.988	3.20106785143013e-55	ACTG1	c14
9.72849808304417e-60	1.05341756259428	0.408	0.194	3.2779201441009e-55	BHLHE40	c14
2.08881266877694e-59	1.2940572348047	0.307	0.126	7.03804540617704e-55	IFIT5	c14
4.80893031218863e-59	-5.13167580602312	0.02	0.245	1.62032097938884e-54	TNFRSF4	c14
7.36350137097019e-59	0.886766054288983	0.598	0.342	2.4810581519347e-54	PHF11	c14
1.73032995487392e-58	0.417457838454137	0.987	0.905	5.8301737499522e-54	PSME1	c14
2.08347979697551e-58	-1.99352277077686	0.178	0.413	7.02007682792928e-54	FKBP5	c14
2.99718949109841e-58	0.561875745937137	0.628	0.339	1.0098730271307e-53	ITM2C	c14
8.96352283196435e-58	0.704489210224116	0.801	0.577	3.02016938300207e-53	EMB	c14
1.6834883328799e-57	0.954194136229798	0.56	0.317	5.67234558880553e-53	GBP1	c14
1.75090658159363e-57	0.603907121612801	0.86	0.68	5.89950463602159e-53	CD53	c14
1.3348500027227e-56	0.966307082213518	0.46	0.232	4.49764359917385e-52	GPR65	c14
3.78606993410801e-56	0.782871037671462	0.681	0.419	1.27567840359835e-51	IDH2	c14
6.5702084199387e-56	1.47482127936315	0.198	0.066	2.21376602501414e-51	ATP10D	c14
9.87500778673673e-56	0.706182728318316	0.705	0.446	3.32728512366307e-51	CHURC1	c14
1.07433234356239e-55	1.16325225868143	0.356	0.162	3.61985539839913e-51	GNPTAB	c14
1.63189568635495e-55	1.38624934484962	0.208	0.07	5.49850932560436e-51	GALNT6	c14
1.78334589699642e-55	2.27238708973667	0.082	0.015	6.00880566533974e-51	FAM26F	c14
3.27460902713138e-55	1.75027324386743	0.158	0.047	1.10334676560165e-50	LIMK1	c14
3.5604578534955e-55	-0.666929052707482	0.803	0.86	1.19966066915677e-50	GLTSCR2	c14
3.90141745790081e-55	0.968461773775476	0.434	0.215	1.3145435982651e-50	ADAM8	c14
6.19027494295355e-55	-0.900924569167441	0.548	0.7	2.08575123927877e-50	EIF4B	c14
6.41207854829818e-55	0.413741966237709	0.793	0.5	2.16048574606359e-50	HLA-DRB1	c14
1.32669654952337e-54	0.890406161210593	0.523	0.285	4.47017135396403e-50	MAGED2	c14
1.50483436697323e-54	2.23959088594674	0.085	0.016	5.07038891607961e-50	IFITM10	c14
1.68336668216508e-54	1.48146624149773	0.177	0.055	5.67193569888703e-50	ADRB2	c14
1.93764145801391e-54	0.613389696995677	0.864	0.654	6.52868912863205e-50	SHISA5	c14
2.20355231083078e-54	0.977993483717729	0.475	0.25	7.42464915611324e-50	ARL6IP6	c14
3.66336644427642e-54	2.09080537742107	0.118	0.029	1.2343346897345e-49	LINC01358	c14
3.92538901511825e-54	0.784001675325957	0.666	0.416	1.32262057475394e-49	MRPS6	c14
4.46030946853508e-54	-4.42618826988156	0.017	0.227	1.50285667232821e-49	MAL	c14
5.93125222798936e-54	0.861103656605665	0.566	0.326	1.99847612569874e-49	RGS19	c14
9.88017625928302e-54	1.91381323286318	0.111	0.026	3.32902658880282e-49	NXPH4	c14
1.01227341829868e-53	0.631171947504527	0.836	0.629	3.41075405561556e-49	SP100	c14
1.50430330339738e-53	1.31695783587794	0.288	0.12	5.06859955046712e-49	JAZF1	c14
1.54374990751198e-53	0.494691829744039	0.999	0.984	5.20151093837086e-49	H3F3B	c14
3.40207132440422e-53	1.03410764376591	0.403	0.2	1.14629391204476e-48	RGL4	c14
4.05290722636333e-53	0.420427966823384	0.976	0.885	1.36558656085086e-48	ARPC3	c14
4.89901465847375e-53	0.732936334130065	0.614	0.36	1.65067399902614e-48	APOBEC3C	c14
4.93987826237894e-53	0.909320887405327	0.475	0.25	1.66444258172596e-48	TOB1	c14
5.34772883419057e-53	0.608852610932005	0.825	0.634	1.80186375339217e-48	TBC1D10C	c14
1.06736550536601e-52	0.700049782743525	0.624	0.363	3.59638133378023e-48	RBPJ	c14
1.32372093424707e-52	1.19764959376341	0.318	0.141	4.46014531585209e-48	NDUFA9	c14
1.60013478247707e-52	0.771001423355178	0.63	0.386	5.39149413607823e-48	GBP5	c14
1.83941742174261e-52	0.739546340695926	0.708	0.484	6.19773306081953e-48	LPXN	c14
1.86872087175383e-52	-1.44482993283921	0.305	0.514	6.29646810528735e-48	BIRC3	c14
1.97562614834854e-52	0.612160007401258	0.826	0.629	6.65667474424557e-48	VAMP8	c14
2.27065894886861e-52	1.01437587246786	0.407	0.201	7.65075826231789e-48	SLC7A5	c14
3.49414732179473e-52	1.22720692966258	0.316	0.14	1.17731799860552e-47	HSH2D	c14
4.64091755198623e-52	0.811974482212398	0.522	0.285	1.56371075996624e-47	THEMIS	c14
6.77503605722374e-52	0.948453294079025	0.446	0.238	2.28278064912097e-47	KLRB1	c14
8.65247640737191e-52	-1.0667340498984	0.748	0.801	2.91536540069989e-47	IL7R	c14
1.23285367558889e-51	-5.20290513002176	0.012	0.211	4.1539771745292e-47	FBLN7	c14
1.49455796498692e-51	-0.335728920807678	1	0.989	5.03576360722693e-47	NACA	c14
2.25038768002461e-51	-0.300449326271839	0.998	0.993	7.58245624907492e-47	RPL23A	c14
3.88116282367928e-51	1.20074865762757	0.29	0.123	1.3077190018105e-46	COMTD1	c14
5.30693975726387e-51	0.56928348165514	0.856	0.636	1.78812028181249e-46	CD96	c14
7.17437425527281e-51	0.57241058043518	0.863	0.659	2.41733366157162e-46	SEPT7	c14
1.05768847169937e-50	0.930365920869631	0.453	0.238	3.56377553654387e-46	GNAI3	c14
1.69948897261963e-50	0.680012645767163	0.769	0.554	5.7262581443446e-46	PRELID1	c14
1.77199731427463e-50	1.3488644413628	0.213	0.077	5.97056775071694e-46	CLIC5	c14
3.56428388466382e-50	0.553901505794686	0.723	0.484	1.20094981209863e-45	TUBA1B	c14
3.93649039148394e-50	1.8030329760217	0.135	0.038	1.3263610725066e-45	GNGT2	c14
4.82463016021174e-50	2.52921060826759	0.067	0.011	1.62561088618174e-45	KLRC4	c14
5.21528084906929e-50	0.627957099700009	0.741	0.494	1.75723672928541e-45	DYNLL1	c14
7.61725298072652e-50	0.947946290275105	0.474	0.262	2.56655721932599e-45	MPC1	c14
1.09955240049294e-49	0.801287114552111	0.637	0.411	3.70483185822092e-45	CAPN2	c14
2.75224009314897e-49	-1.55743109672143	0.245	0.456	9.27339776985615e-45	TMEM2	c14
4.44078605918238e-49	1.17456994253966	0.298	0.13	1.49627845478091e-44	FAM105A	c14
5.65433610334938e-49	-0.287057681321132	0.999	0.994	1.90517200666254e-44	RPL12	c14
1.11633800292173e-48	3.23002547505447	0.034	0.003	3.76138926704446e-44	MGLL	c14
1.78523722534691e-48	-2.05582336469389	0.102	0.317	6.01517830708387e-44	CD28	c14
3.58363168095056e-48	1.14773259494706	0.282	0.12	1.20746885857948e-43	LAIR1	c14
3.63222594184003e-48	1.13668014496203	0.311	0.141	1.22384220884358e-43	SYS1	c14
4.28208463701679e-48	0.999226541671024	0.427	0.226	1.44280559759644e-43	NMI	c14
5.27455583003881e-48	-0.91766072815447	0.558	0.686	1.77720884137328e-43	PIK3IP1	c14
5.48401542545241e-48	1.62165706454022	0.14	0.041	1.84778415745194e-43	KLRC3	c14
1.10906555079479e-47	1.28002393276201	0.197	0.07	3.73688546684795e-43	KIAA1671	c14
1.30039639977162e-47	1.94569097538559	0.176	0.062	4.38155562939051e-43	TRAV8-4	c14
1.89942698892373e-47	0.560139746252829	0.841	0.622	6.39992929647962e-43	MCL1	c14
2.27610386583294e-47	-0.39558969386457	1	0.994	7.66910436553752e-43	TPT1	c14
2.47008360442143e-47	0.444588004423103	0.948	0.831	8.32269969673757e-43	PPIB	c14
3.18387463918487e-47	0.829976539680386	0.54	0.316	1.07277472092695e-42	RNF166	c14
3.73585159196311e-47	0.780912168561439	0.612	0.386	1.25875783539605e-42	SLC3A2	c14
4.53532827836839e-47	1.07526663586631	0.277	0.119	1.52813351011344e-42	CTD-2192J16.22	c14
8.13648881798786e-47	0.971160939899998	0.368	0.181	2.74150854233283e-42	CHMP4A	c14
8.60726226817245e-47	0.652414532797362	0.743	0.524	2.90013094863803e-42	NEDD8	c14
1.26716871596046e-46	1.69707142196114	0.119	0.032	4.26959827155717e-42	C3AR1	c14
1.41537133823411e-46	2.30859688134859	0.072	0.014	4.768952187046e-42	FBXO2	c14
1.75218131666975e-46	0.539613831192937	0.852	0.65	5.90379972838706e-42	CSTB	c14
1.79753440086016e-46	-0.688609227040271	0.659	0.787	6.05661241025824e-42	NFKBIA	c14
6.18951580714951e-46	0.857950452505734	0.536	0.314	2.08549545606096e-41	PPM1K	c14
6.84710105461494e-46	0.449971908502373	0.937	0.788	2.30706222934196e-41	COX6A1	c14
7.40373116425052e-46	0.708442494323981	0.709	0.495	2.49461317848257e-41	CAPZA1	c14
1.14232759814395e-45	1.10204259685375	0.317	0.148	3.84895860918623e-41	CARD19	c14
2.23561944007802e-45	0.757004190421379	0.594	0.37	7.53269614139889e-41	MINOS1	c14
2.59630965859374e-45	0.761346022833028	0.552	0.322	8.74800576366575e-41	SH3BP1	c14
3.13855043561862e-45	1.2766784442766	0.236	0.097	1.05750318377734e-40	SLC1A5	c14
3.19161562798345e-45	0.8212904426192	0.659	0.447	1.07538296969274e-40	HSPA5	c14
3.365416354053e-45	0.401188434194201	0.966	0.892	1.13394338633462e-40	EVL	c14
4.64557903235999e-45	0.780989509538951	0.527	0.309	1.56528139916337e-40	RAB8A	c14
5.08191933035117e-45	1.61529916324088	0.125	0.036	1.71230189916852e-40	HIST2H2AA4	c14
7.50358332424296e-45	0.885261040017544	0.449	0.246	2.52825736527042e-40	RASSF1	c14
1.29254906288719e-44	0.488712605019386	0.908	0.761	4.35511481249211e-40	TNFAIP3	c14
2.36071856454723e-44	-0.329764962993671	0.999	0.988	7.95420513138543e-40	RPL37A	c14
2.56640960126943e-44	0.625079654894159	0.776	0.559	8.64726051051722e-40	TAP1	c14
2.98293051479296e-44	0.81631837961328	0.475	0.264	1.00506860765434e-39	C6orf1	c14
4.01135211310126e-44	0.657368326147943	0.653	0.424	1.35158498098834e-39	ADGRE5	c14
5.12293336574165e-44	-0.814102257637507	0.559	0.675	1.72612116825299e-39	EIF3L	c14
6.74325339032353e-44	0.646467862736994	0.705	0.492	2.27207179733561e-39	MAP1LC3B	c14
9.6751735569744e-44	1.10160409283116	0.298	0.139	3.25995297828695e-39	ARHGAP18	c14
9.71047781001979e-44	1.12628541993645	0.317	0.152	3.27184839330807e-39	DDX60	c14
1.09430730364078e-43	1.24044508589595	0.229	0.094	3.68715902888725e-39	EPS8L2	c14
1.12501035095596e-43	0.415900301549477	0.936	0.804	3.79060987651103e-39	CALM2	c14
1.27543220968888e-43	0.757392505063505	0.487	0.27	4.29744128732571e-39	PTK2B	c14
1.54008628919959e-43	0.558039821041976	0.848	0.674	5.18916674282909e-39	LCP2	c14
1.87633319061591e-43	1.64583557141603	0.126	0.037	6.32211705246124e-39	TMEM200A	c14
2.36132559502649e-43	0.668538205339051	0.755	0.555	7.95625045988227e-39	BTG2	c14
3.0652564278501e-43	0.739814336012623	0.491	0.279	1.03280750079981e-38	PARVG	c14
3.94229151474627e-43	0.459907185570481	0.937	0.794	1.32831570297861e-38	TPM3	c14
6.20155750154712e-43	1.76782645991644	0.195	0.077	2.08955278457129e-38	TRAV9-2	c14
8.67701226424423e-43	1.05976568233741	0.331	0.163	2.92363251231445e-38	STXBP2	c14
8.96889804658904e-43	0.658099414983164	0.668	0.446	3.02198050781771e-38	SASH3	c14
1.41428736430252e-42	0.98878832693704	0.37	0.192	4.76529984528092e-38	MAD2L2	c14
1.5848851328588e-42	0.848109010040569	0.403	0.21	5.34011196665444e-38	TMBIM4	c14
1.68799760589307e-42	-0.621748565845911	0.895	0.871	5.6875391332961e-38	LDHB	c14
1.71416585283841e-42	1.46608287201482	0.124	0.036	5.77571042455374e-38	AUTS2	c14
1.86627851133054e-42	0.899634492432937	0.37	0.186	6.28823881607714e-38	PLA2G16	c14
2.45557146254565e-42	0.659698833048639	0.643	0.42	8.27380248590131e-38	DOK2	c14
2.69291140895639e-42	0.682587399423502	0.658	0.437	9.07349570133764e-38	UBE2L3	c14
2.89044381055607e-42	-0.711313020351624	0.649	0.747	9.73906137528763e-38	PPP1R2	c14
5.1900644083792e-42	-1.84996850144261	0.133	0.327	1.74874030175929e-37	ICAM2	c14
1.27173411777369e-41	1.02624498153692	0.281	0.127	4.28498093642667e-37	FAM134B	c14
1.89118763683371e-41	2.44507673540977	0.044	0.006	6.37216762354752e-37	JAG2	c14
1.91889803305477e-41	-0.591813072665781	0.798	0.851	6.46553503257473e-37	C12orf57	c14
2.21955672674815e-41	-0.38783444005082	0.968	0.958	7.47857443510522e-37	TOMM7	c14
2.30581489441124e-41	0.569643694052771	0.862	0.718	7.76921270522923e-37	CIB1	c14
2.72907389161805e-41	0.733215715538158	0.597	0.375	9.19534157041787e-37	NCF1	c14
2.79683181928952e-41	0.92031086505438	0.374	0.194	9.42364513191411e-37	IER3IP1	c14
4.78840649528539e-41	0.683950473251955	0.616	0.4	1.61340568452146e-36	CHCHD10	c14
5.35677286362439e-41	1.42077233203762	0.156	0.054	1.8049110486696e-36	TRGV2	c14
6.19423506187331e-41	-0.270699328288527	0.997	0.986	2.08708556174759e-36	UBA52	c14
6.42155962091561e-41	1.11088392955774	0.209	0.082	2.16368029867131e-36	GAB3	c14
9.3563864651325e-41	0.715311371035815	0.614	0.403	3.15254085556174e-36	CMTM3	c14
1.06002042867792e-40	1.83904136781943	0.096	0.025	3.57163283238739e-36	SEMA7A	c14
1.23414235185219e-40	0.675872438561519	0.634	0.419	4.15831924033076e-36	RBMS1	c14
1.76970165184464e-40	0.904264176475866	0.366	0.188	5.96283274572534e-36	SMIM7	c14
2.1115298748487e-40	0.949340939322645	0.364	0.188	7.11458876031521e-36	ZBP1	c14
2.6110453578368e-40	0.901250948984388	0.34	0.17	8.79765622869531e-36	TRG-AS1	c14
2.98715391447847e-40	0.918915765781754	0.447	0.252	1.00649163994438e-35	RGS2	c14
3.34828949868142e-40	2.22433068933159	0.067	0.014	1.12817266368572e-35	RASGRP3	c14
4.45931067466706e-40	0.783564970401004	0.45	0.25	1.50252013872232e-35	UBE2A	c14
4.62858301832417e-40	0.723751888024652	0.459	0.253	1.55955476219414e-35	MATR3.1	c14
4.99802722080261e-40	0.313443682705236	0.984	0.925	1.68403529177723e-35	UBC	c14
5.62037557514345e-40	0.732020334013153	0.512	0.301	1.89372934628884e-35	GIMAP1	c14
5.64107593081324e-40	1.77948260705963	0.092	0.024	1.90070412412821e-35	RP11-644F5.10	c14
5.86677273542608e-40	2.06473376573211	0.08	0.019	1.97675040547446e-35	STX1A	c14
6.29500974765694e-40	0.762744161442087	0.593	0.385	2.12104058437553e-35	PTPN6	c14
7.3105392230956e-40	0.555280194905013	0.726	0.498	2.46321308582983e-35	POMP	c14
7.40890634228469e-40	1.4341698565993	0.146	0.049	2.4963569029694e-35	SMIM3	c14
8.95860086582443e-40	0.812490130468264	0.447	0.253	3.01851097573088e-35	TPST2	c14
9.60229681998063e-40	0.430663999691258	0.923	0.783	3.23539789052427e-35	UQCR11	c14
1.15452499239792e-39	0.48560075310852	0.856	0.685	3.89005650938557e-35	CAP1	c14
1.6044870887366e-39	0.414367138871363	0.922	0.774	5.40615879678909e-35	PSMA7	c14
1.76262289936503e-39	0.43845459499221	0.945	0.853	5.93898159712053e-35	RARRES3	c14
1.99493349521209e-39	2.13767952606214	0.063	0.012	6.72172891876761e-35	FKBP1B	c14
2.99700306772777e-39	1.09551692496696	0.248	0.109	1.00981021364019e-34	RUNX2	c14
5.97398722688513e-39	-1.54856188098532	0.235	0.411	2.01287525622668e-34	ARID5B	c14
7.03629524958313e-39	-0.199327696444762	1	0.996	2.37080932139454e-34	RPS15A	c14
8.19350756828328e-39	0.989890437862094	0.273	0.127	2.76072044005737e-34	APOBEC3H	c14
8.57072411626344e-39	2.06141569517907	0.073	0.016	2.8878197837338e-34	KIF5C	c14
9.68049526503647e-39	0.739399935239212	0.546	0.336	3.26174607460139e-34	IRF2	c14
1.05648496407993e-38	2.24756204134336	0.058	0.011	3.55972043797092e-34	GPR35	c14
1.23966502655359e-38	0.322614558888924	0.994	0.946	4.17692734046965e-34	HSPA8	c14
1.28034854223415e-38	3.55781481588554	0.027	0.002	4.31400637820374e-34	GPR34	c14
1.71255097024219e-38	-1.07226546226489	0.553	0.664	5.77026923913405e-34	ITM2A	c14
1.77762383154628e-38	0.712668073313322	0.519	0.317	5.98952573801205e-34	ATP2B4	c14
1.97572074918752e-38	0.786343035130816	0.398	0.211	6.65699349231242e-34	SLFN12L	c14
2.27547743610892e-38	0.739331955777639	0.585	0.383	7.66699367322539e-34	VASP	c14
3.28959905354424e-38	1.07012218716617	0.266	0.123	1.1083975051012e-33	RTP4	c14
3.37705510182275e-38	0.848959467982659	0.411	0.229	1.13786494600816e-33	SKIL	c14
4.00766117221814e-38	0.623026398527691	0.708	0.509	1.35034135536718e-33	PRDX5	c14
5.14175567362459e-38	0.51770340231773	0.811	0.613	1.73246315667107e-33	NDUFB2	c14
6.49513283293234e-38	0.734336510366583	0.545	0.338	2.18847005672822e-33	CHMP5	c14
9.36982321804308e-38	0.677391700737878	0.568	0.367	3.15706823508744e-33	C4orf48	c14
9.68239837259501e-38	-0.365073867033864	0.977	0.966	3.26238730766216e-33	RPL31	c14
9.86920923523385e-38	1.14905778501177	0.266	0.125	3.32533135971969e-33	OAS3	c14
1.07284294677409e-37	0.465783808136249	0.864	0.728	3.61483702486062e-33	KRTCAP2	c14
1.18151367802129e-37	1.44585929166624	0.124	0.039	3.98099218672493e-33	MAFF	c14
1.50458878447379e-37	0.731827158914914	0.397	0.212	5.06956145040598e-33	GLUL	c14
1.65494223329021e-37	1.41064110542311	0.151	0.054	5.57616236084802e-33	RP11-539L10.2	c14
1.69892411197471e-37	1.28638996470673	0.179	0.069	5.72435490288757e-33	PRICKLE4	c14
1.80250005956577e-37	0.778712693627517	0.439	0.247	6.07334370070092e-33	EVI2B	c14
1.80750674120502e-37	0.768514425893617	0.451	0.259	6.09021321381621e-33	ADSS	c14
1.84026349203569e-37	0.845963559845567	0.445	0.26	6.20058381006506e-33	SAMD9	c14
2.18285099966828e-37	0.934950181215938	0.321	0.16	7.3548981582823e-33	LPGAT1	c14
3.11736702471899e-37	0.384860339032662	0.934	0.801	1.05036564530882e-32	LCK	c14
3.35225994004699e-37	0.771056851047208	0.448	0.258	1.12951046419943e-32	UPP1	c14
3.68140377899881e-37	0.840630667758761	0.435	0.251	1.24041218929586e-32	OGFR	c14
4.25412402173518e-37	3.66584521839078	0.024	0.002	1.43338454788345e-32	RP11-84D1.1	c14
6.38071640701783e-37	0.961702167905778	0.303	0.151	2.14991858618059e-32	LGALS9	c14
9.21400254857665e-37	0.65569192104891	0.544	0.331	3.10456601871742e-32	POLR2J	c14
9.47031930182865e-37	-0.417635661017121	0.934	0.928	3.19092938555815e-32	CCNI	c14
1.10815980038137e-36	0.767499768552749	0.497	0.3	3.733833631405e-32	SP110	c14
1.20174128380069e-36	0.852964068447973	0.346	0.181	4.04914708163804e-32	JMJD6	c14
1.47747888898533e-36	0.918391406545016	0.345	0.181	4.97821736854719e-32	C21orf91	c14
1.66864084671554e-36	0.521669560603065	0.783	0.57	5.62231846892333e-32	COX5A	c14
1.70219668151721e-36	-1.44707335227683	0.184	0.365	5.7353814987041e-32	SMAP2	c14
1.82757868890386e-36	0.773384428152721	0.429	0.243	6.15784363439267e-32	EIF4A1	c14
2.00502632426146e-36	0.526096655434415	0.773	0.573	6.75573569696657e-32	PDCD4	c14
2.41292944086755e-36	0.481999003514088	0.845	0.667	8.13012445805911e-32	ACTR3	c14
5.05701188535352e-36	0.411860241176084	0.956	0.859	1.70390958465102e-31	CYTIP	c14
6.34016206516921e-36	1.06030406117445	0.24	0.109	2.13625420623811e-31	PLEKHO1	c14
6.81447117559983e-36	0.535424517844541	0.717	0.503	2.29606791790661e-31	PSMA5	c14
7.40843262701625e-36	0.761841804929461	0.312	0.156	2.49619728934686e-31	MT1E	c14
7.66014161568002e-36	0.703288525668099	0.59	0.398	2.58100811598722e-31	TSPAN14	c14
1.08135145179667e-35	0.536477461820915	0.793	0.619	3.64350558168369e-31	PDIA3	c14
1.08647317970311e-35	0.556721408477656	0.712	0.497	3.66076273169166e-31	NOP10	c14
1.45052549621378e-35	0.418532234818211	0.913	0.773	4.88740060694272e-31	NDUFS5	c14
1.85663924738382e-35	0.50506331585039	0.85	0.7	6.25576028013504e-31	CALR	c14
2.29739151469087e-35	0.593065066642576	0.697	0.502	7.74083096959943e-31	SIT1	c14
2.96880437982257e-35	0.828957075669342	0.375	0.204	1.00030894773742e-30	SQRDL	c14
3.47920518035073e-35	1.61143213525883	0.099	0.029	1.17228339346738e-30	APOBR	c14
3.66853014116125e-35	1.17839056234057	0.22	0.098	1.23607454576287e-30	SPSB1	c14
3.77547160388627e-35	0.823773919630299	0.335	0.172	1.27210740221344e-30	AKTIP	c14
4.84822021220065e-35	-4.24863232710466	0.01	0.154	1.63355931829889e-30	IL6R	c14
6.15442174566295e-35	-0.625252131639804	0.662	0.729	2.07367086298367e-30	ANP32B	c14
6.19311348008004e-35	1.02213098036483	0.249	0.114	2.08670765597817e-30	AC006369.2	c14
6.46724632921035e-35	1.77051306113129	0.14	0.05	2.17907397816413e-30	IFIT2	c14
8.16330388697399e-35	0.70188779796955	0.508	0.315	2.75054361167702e-30	SPN	c14
8.60415984030944e-35	0.985661939290281	0.286	0.14	2.89908561659386e-30	GBP3	c14
9.77628396943475e-35	0.965978165207304	0.257	0.121	3.29402112066135e-30	KIF21A	c14
1.24300385735085e-34	1.0842371716801	0.223	0.1	4.18817719695796e-30	ADAM19	c14
1.50043908353261e-34	0.912662676644989	0.335	0.18	5.05557944805477e-30	DUSP23	c14
1.55131663462004e-34	0.488012994474671	0.802	0.614	5.22700626868878e-30	GNB2	c14
1.66903848067866e-34	0.902040409837885	0.371	0.205	5.62365825679869e-30	MYD88	c14
1.80970914796723e-34	-0.962726024018627	0.455	0.578	6.09763400316078e-30	ETS1	c14
1.83561833211906e-34	0.595116627908882	0.657	0.448	6.18493240824196e-30	MRPL41	c14
2.11698539576877e-34	0.505600958248388	0.79	0.612	7.1329705925033e-30	CDC42	c14
2.1370721765801e-34	-2.25549697466816	0.068	0.231	7.20065099176899e-30	ITGB2-AS1	c14
2.21498421397051e-34	0.88176827929198	0.338	0.178	7.46316781055224e-30	ABCG1	c14
2.55997154604932e-34	-1.12748326561002	0.307	0.467	8.62556812725857e-30	DNPH1	c14
2.67408012513596e-34	1.16733265498858	0.16	0.061	9.01004557363309e-30	MVB12B	c14
2.92219057771133e-34	0.793681561343963	0.276	0.132	9.84602893254055e-30	PTGER2	c14
3.11138804112697e-34	1.30675232802692	0.139	0.049	1.04835108657732e-29	CAPN12	c14
3.98333498539771e-34	0.619501264495382	0.583	0.379	1.34214488997991e-29	FERMT3	c14
4.79670666768824e-34	2.97412352554782	0.034	0.005	1.61620234461088e-29	DOCK5	c14
4.91167904665641e-34	0.797564173682259	0.403	0.23	1.65494113798041e-29	PRMT9	c14
5.35554523991156e-34	0.630255900240157	0.693	0.497	1.8044974131358e-29	SOCS1	c14
5.9931086503926e-34	0.731191689094359	0.491	0.302	2.01931802866328e-29	TMEM14C	c14
6.14584043889517e-34	0.778915902929415	0.471	0.289	2.07077947748134e-29	PLEC	c14
6.65154994403216e-34	0.331227289545994	0.964	0.876	2.2411732381422e-29	YWHAZ	c14
6.82571663691738e-34	-0.323910633639825	0.991	0.974	2.29985696364294e-29	RPL38	c14
9.1375109437702e-34	0.831554505508257	0.347	0.19	3.07879293739393e-29	BCL3	c14
9.64663415756921e-34	-3.97487356826074	0.012	0.153	3.25033691305137e-29	TIAM1	c14
9.98516077670872e-34	1.06858875599385	0.24	0.112	3.36440007210424e-29	RP5-1171I10.5	c14
1.14912771116944e-33	0.788666607996068	0.367	0.198	3.87187091001432e-29	ARPC4	c14
1.22265986019769e-33	0.527886935906277	0.698	0.497	4.11963013295011e-29	PPP1R15A	c14
1.2247259625686e-33	-3.62788312138737	0.036	0.185	4.12659165827863e-29	TNFRSF18	c14
1.3046126305246e-33	0.88916057566818	0.378	0.214	4.39576179728959e-29	MANF	c14
1.40692759723905e-33	0.676114259918042	0.441	0.254	4.74050184613725e-29	RBM4	c14
1.55915085795089e-33	3.01561992007252	0.029	0.003	5.25340290077972e-29	C9orf139	c14
1.76683130469321e-33	0.611345337424407	0.608	0.402	5.95316139803331e-29	BZW1	c14
2.109257124151e-33	0.663794434072581	0.571	0.376	7.10693095411437e-29	HM13	c14
2.19557103366536e-33	0.473415585909141	0.771	0.553	7.39775704083207e-29	SELPLG	c14
3.18382403116501e-33	1.05294832828897	0.209	0.092	1.07275766906074e-28	FOSL2	c14
3.31109285458626e-33	0.382155113714327	0.817	0.598	1.11563962642429e-28	HLA-DPA1	c14
3.31917451525639e-33	0.882941508416085	0.331	0.176	1.11836266117049e-28	LPCAT4	c14
3.4095686478556e-33	0.457608891251063	0.686	0.46	1.14882006020847e-28	PARP8	c14
3.90437113720495e-33	1.07072339693156	0.236	0.11	1.31553881096984e-28	MYCBP	c14
4.51667504480764e-33	0.987616709387255	0.24	0.112	1.52184848959749e-28	PPP3CA	c14
4.57686714973666e-33	-2.55457295877691	0.043	0.195	1.54212961743227e-28	LPAR6	c14
7.14903706004316e-33	1.21008319300407	0.165	0.066	2.40879654701094e-28	PRKD3	c14
7.30679052869152e-33	0.526435875647303	0.745	0.552	2.46195000073732e-28	DEF6	c14
8.41412896254377e-33	0.557933296945426	0.703	0.489	2.8350566126395e-28	PSMA6	c14
8.55006285998155e-33	0.579087739272021	0.63	0.424	2.88085818004218e-28	HMOX2	c14
8.76177317081212e-33	-4.51500343358855	0.01	0.146	2.95219185217343e-28	TOX2	c14
1.16548576960012e-32	1.24535695550427	0.162	0.065	3.92698775209064e-28	SRGAP3	c14
1.1664795214416e-32	0.652331884172911	0.535	0.341	3.93033609954531e-28	CASP1	c14
1.22232534450176e-32	0.622195990782636	0.581	0.385	4.11850301576423e-28	C5orf56	c14
1.92417210318028e-32	1.50505224716016	0.142	0.053	6.48330548445564e-28	AKAP2	c14
2.30553496199133e-32	1.03343345144123	0.217	0.099	7.76826950093357e-28	KPNA2	c14
2.46453425003636e-32	0.971704278268788	0.275	0.138	8.3040017020725e-28	ADA	c14
5.15571511248901e-32	0.625362597775262	0.528	0.334	1.73716665000205e-27	RORA	c14
5.31872636002802e-32	-2.98341897674851	0.039	0.184	1.79209165974784e-27	TXK	c14
5.51379676275078e-32	0.550151662178844	0.675	0.473	1.85781868124125e-27	ARL4C	c14
5.91981760456671e-32	1.98586502515025	0.06	0.013	1.99462334368271e-27	SLAMF8	c14
6.66167787681255e-32	1.02310388264248	0.225	0.104	2.24458574381322e-27	SLC6A6	c14
6.68433277581669e-32	0.615446597028878	0.533	0.337	2.25221908548368e-27	RAB27A	c14
7.1281235018036e-32	0.922442906191576	0.266	0.131	2.40174993269771e-27	GFI1	c14
7.28136664650196e-32	-4.79045670549092	0.007	0.137	2.45338367787237e-27	FAAH2	c14
8.40387326413541e-32	0.971011549738331	0.238	0.112	2.83160105761778e-27	CDCA4	c14
9.36012024691419e-32	-1.55245706146504	0.196	0.358	3.15379891599527e-27	IL6ST	c14
1.06229469237736e-31	1.04004339433658	0.196	0.085	3.57929573649628e-27	CMIP	c14
1.13379832753492e-31	0.439492879871519	0.839	0.656	3.82022008479614e-27	HNRNPF	c14
1.13797652363031e-31	0.783242733812208	0.406	0.236	3.83429809871996e-27	CYTH4	c14
1.22435036152769e-31	-0.346058017306599	0.956	0.95	4.12532610813139e-27	RPS11	c14
1.30636224877529e-31	0.658923654740686	0.427	0.247	4.40165696102345e-27	TMEM43	c14
1.36657265779584e-31	-0.455238086303517	0.86	0.875	4.60452991317731e-27	CIRBP	c14
1.49564263807141e-31	0.477513116269326	0.794	0.599	5.0394183047178e-27	ATP5B	c14
1.61421276447259e-31	1.02199633203154	0.276	0.14	5.43892848861395e-27	ENO2	c14
1.88092303986999e-31	0.554533315854975	0.655	0.456	6.33758209053795e-27	RAB1B	c14
2.45913857194639e-31	1.72816203569494	0.165	0.07	8.28582150431616e-27	TRAV8-6	c14
3.37451254156862e-31	0.730600757212133	0.443	0.269	1.13700825575613e-26	CCT5	c14
3.93749563010803e-31	0.483618610692018	0.754	0.572	1.3266997776086e-26	PSMB3	c14
4.00515265743237e-31	0.873159349159095	0.245	0.117	1.34949613639526e-26	LMO4	c14
4.7220842745146e-31	-1.24708401367424	0.293	0.438	1.59105907545495e-26	SH2D1A	c14
4.72649311186646e-31	0.627504528529111	0.544	0.352	1.59254458911228e-26	COMMD7	c14
4.87779459721456e-31	0.640608872215367	0.526	0.34	1.64352411158547e-26	ACTN4	c14
4.88042504307528e-31	-0.360121176777908	0.936	0.923	1.64441041401378e-26	HINT1	c14
5.04155546057255e-31	-0.783277928747237	0.548	0.643	1.69870169688531e-26	FYN	c14
5.27290351003143e-31	1.35291303891559	0.128	0.046	1.77665210866999e-26	CD244	c14
5.91053576135092e-31	0.727104844662121	0.429	0.254	1.99149591942958e-26	TMEM147	c14
6.41910618096284e-31	0.495413676465108	0.763	0.58	2.16285363661362e-26	APBB1IP	c14
7.57963230587668e-31	0.532754432599029	0.676	0.482	2.55388130914209e-26	FLT3LG	c14
9.84407581264989e-31	0.853611296168457	0.303	0.159	3.31686290431425e-26	TRPV2	c14
9.96791594756092e-31	0.355403769747146	0.896	0.73	3.35858959937118e-26	TAGLN2	c14
1.08375720754658e-30	0.457799489902544	0.834	0.665	3.65161153510744e-26	PSMB10	c14
1.2436263243909e-30	1.03461933087004	0.206	0.092	4.19027453740269e-26	IL15RA	c14
1.29533922636547e-30	1.29925082727292	0.142	0.054	4.36451598931581e-26	ABCA2	c14
1.80975661595944e-30	0.80223851511833	0.371	0.214	6.09779394181374e-26	TIMP1	c14
2.01739258692574e-30	-1.16437992259998	0.251	0.409	6.79740258238757e-26	INPP4B	c14
2.58642454615749e-30	1.01999643775689	0.219	0.102	8.71469886582304e-26	PPIF	c14
2.70044620807883e-30	0.635858487746558	0.436	0.257	9.09888345350082e-26	MYO1F	c14
3.03642150181982e-30	0.509367599675213	0.693	0.486	1.02309186082317e-25	GNG2	c14
3.30715292843196e-30	-0.363974477613568	0.956	0.933	1.11431210770587e-25	NPM1	c14
3.75710450008068e-30	0.742627382438333	0.398	0.232	1.26591879025718e-25	ELOVL1	c14
4.0364301668489e-30	0.743013368254672	0.236	0.11	1.36003478041807e-25	SLAMF7	c14
4.54410460558007e-30	-3.4465666946336	0.027	0.16	1.53109060580415e-25	TBC1D4	c14
4.872715369266e-30	2.86429189788824	0.03	0.004	1.64181271652048e-25	SCUBE1	c14
6.3467560226387e-30	-0.947231638836524	0.381	0.511	2.13847597426788e-25	TMEM243	c14
7.32416080675299e-30	0.918793667227334	0.225	0.106	2.46780274222735e-25	SLC25A20	c14
8.4276827252017e-30	0.728541170980327	0.386	0.225	2.83962341742946e-25	TUBB4B	c14
8.73893882115098e-30	0.526088197824785	0.682	0.49	2.94449804639861e-25	SRI	c14
8.88729566539886e-30	1.02352148738195	0.219	0.103	2.99448540149949e-25	LLPH	c14
1.00446803457994e-29	1.24944440499625	0.181	0.079	3.38445459571365e-25	PSMA2	c14
1.30267991453728e-29	-0.434734263884059	0.971	0.968	4.38924970404192e-25	MT-ND5	c14
1.82152018266829e-29	0.757630749765367	0.36	0.204	6.13743010348254e-25	TMEM14A	c14
1.97237583364383e-29	0.680495455634156	0.629	0.445	6.64572313387951e-25	IFITM3	c14
2.11891715547372e-29	0.798080942201853	0.305	0.163	7.13947946365315e-25	TOR1A	c14
2.47721019840146e-29	1.68681736215796	0.135	0.052	8.34671204249387e-25	TMIGD2	c14
2.62126242472069e-29	0.177723700364754	1	0.991	8.83208161385389e-25	PFN1	c14
2.62741126399257e-29	1.175845426351	0.127	0.047	8.85279951289655e-25	SLC25A43	c14
2.7251120430623e-29	0.643053857484938	0.427	0.253	9.1819925178941e-25	EIF6	c14
4.58297067764542e-29	0.853129399514585	0.27	0.139	1.54418614012585e-24	SEL1L3	c14
4.85427997822633e-29	0.649116242129975	0.424	0.255	1.63560109586358e-24	ORMDL3	c14
5.41549136190195e-29	0.265290180710989	0.978	0.894	1.82469565947924e-24	IL2RG	c14
5.72801705706571e-29	0.384199284246967	0.884	0.733	1.92999806720772e-24	SRSF7	c14
6.0147193332396e-29	0.881748589251432	0.249	0.123	2.02659953214175e-24	ARHGEF7	c14
7.15974853733546e-29	0.787352466662959	0.395	0.237	2.41240567216981e-24	NARF	c14
7.44754176855633e-29	0.839145147870757	0.3	0.162	2.50937472349737e-24	TUBA1C	c14
8.2884023253868e-29	1.24093892759485	0.158	0.066	2.79269427951583e-24	SCCPDH	c14
9.72843322262615e-29	3.07518816001098	0.024	0.003	3.27789829003166e-24	LZTS1	c14
1.11708639636131e-28	0.339734765495046	0.935	0.821	3.7639109038998e-24	SUB1	c14
1.2907771182689e-28	0.74031454820847	0.417	0.257	4.34914442229524e-24	GCHFR	c14
1.73291557410164e-28	-5.70863285017623	0.004	0.12	5.83888573537806e-24	TSHZ2	c14
1.98150055059632e-28	2.028474104635	0.054	0.012	6.67646795517923e-24	SMKR1	c14
2.12010905539724e-28	1.00780999847111	0.225	0.11	7.14349545125545e-24	CKAP2	c14
2.135334359526e-28	0.533273178501214	0.655	0.464	7.1947955909869e-24	PA2G4	c14
2.14015375862929e-28	0.972092473854793	0.233	0.115	7.21103407432554e-24	ACAT1	c14
2.15644664682552e-28	0.611934319427145	0.401	0.23	7.2659313318139e-24	NLRC3	c14
2.38101162535719e-28	0.586970656889835	0.559	0.371	8.02258057047851e-24	C20orf24	c14
2.5824616536784e-28	0.672389846701285	0.414	0.249	8.70134629590399e-24	ORMDL2	c14
2.85834488548783e-28	1.15188323193794	0.171	0.074	9.63090725716268e-24	EMG1	c14
2.98161904955182e-28	1.40292699249932	0.107	0.037	1.00462672255599e-23	MZB1	c14
2.98485231981343e-28	0.439822833731361	0.585	0.374	1.00571614063794e-23	LINC00152	c14
3.1281540997195e-28	0.809017261601883	0.318	0.177	1.05400024235949e-23	CHD9	c14
3.30865369873437e-28	0.449850642701741	0.798	0.615	1.11481777725156e-23	ARHGDIA	c14
5.13810816226032e-28	0.635179563002122	0.453	0.279	1.73123416419199e-23	EMC7	c14
5.38186141767917e-28	1.08452299902197	0.195	0.091	1.81336438607282e-23	MPST	c14
6.72531008495474e-28	0.830320019612352	0.303	0.164	2.26602598002465e-23	CLN3	c14
7.06990886053785e-28	2.14435120395119	0.049	0.011	2.38213509146962e-23	IGFBP6	c14
7.46227088514295e-28	1.09331146134687	0.195	0.09	2.51433755204007e-23	MB21D1	c14
8.50629063720332e-28	0.359995168896081	0.834	0.665	2.86610956729929e-23	CD247	c14
8.80996216495018e-28	0.736027246769849	0.305	0.163	2.96842865185831e-23	ZFYVE28	c14
8.84215079643467e-28	1.56464272174576	0.083	0.025	2.9792742893507e-23	LINC01260	c14
1.18266707568896e-27	-4.10161950246115	0.012	0.13	3.9848784448264e-23	IFNG-AS1	c14
1.22568779898094e-27	0.56997769376938	0.481	0.298	4.12983246988638e-23	IFI27L2	c14
1.40225074803206e-27	0.506143465214626	0.572	0.385	4.72474367041923e-23	HMGA1	c14
1.42072731731006e-27	0.700532467409762	0.434	0.27	4.78699862294453e-23	LPIN2	c14
1.42082048964844e-27	0.960928069407427	0.281	0.152	4.78731255782147e-23	TRIM21	c14
1.47366009848295e-27	0.486590904327004	0.666	0.471	4.96535033582846e-23	DNAJA1	c14
1.5173560303233e-27	-2.7881182359394	0.027	0.153	5.11257940857132e-23	PHACTR2	c14
1.65669028456646e-27	0.580273001365809	0.573	0.398	5.58205224481823e-23	TWF2	c14
1.72681185685496e-27	0.55829261929895	0.565	0.379	5.81831987048709e-23	ARHGAP30	c14
1.8946494828292e-27	0.291124977487386	0.803	0.596	6.3838319674447e-23	HLA-DPB1	c14
1.90003364851532e-27	-2.2992589467862	0.047	0.18	6.40197337530753e-23	CTB-133G6.1	c14
2.06415847973581e-27	0.631370584676388	0.528	0.351	6.95497558162183e-23	RAB11A	c14
2.11266556787551e-27	0.492246650678391	0.71	0.536	7.11841536439975e-23	IDS	c14
2.39174927409661e-27	0.482039177004475	0.751	0.574	8.05876000414113e-23	SNRPB	c14
2.48447481851132e-27	-0.536376817557148	0.732	0.765	8.37118945349204e-23	EIF3E	c14
2.58088102306881e-27	0.33284768246686	0.94	0.819	8.69602051912806e-23	TMBIM6	c14
2.66856512730884e-27	0.497232008938503	0.642	0.456	8.99146333995441e-23	PDIA6	c14
2.9125906045219e-27	0.946630731238902	0.192	0.087	9.8136827828761e-23	TPRG1	c14
3.98156669777057e-27	0.612666639343606	0.459	0.286	1.34154908314681e-22	FDX1	c14
4.40124457256356e-27	0.727986238401765	0.367	0.217	1.48295534627957e-22	MAP4	c14
4.95318007771847e-27	0.480713803142354	0.738	0.549	1.66892449538646e-22	RBX1	c14
5.72484719378162e-27	1.75731576437751	0.061	0.015	1.92893001347278e-22	CFD	c14
7.18727697068739e-27	0.403792697605328	0.825	0.666	2.42168110250341e-22	OCIAD2	c14
7.51961297450668e-27	0.684767625384276	0.428	0.264	2.53365839563028e-22	NMRK1	c14
8.20793772082621e-27	-3.76241824108205	0.036	0.161	2.76558253565518e-22	CXCL13	c14
9.11360660982572e-27	0.552750565352849	0.64	0.457	3.07073861111468e-22	C19orf66	c14
9.3670984674296e-27	-3.99146652926803	0.01	0.124	3.15615015761573e-22	FCRL3	c14
1.06508285190787e-26	-0.370726049911096	0.895	0.911	3.58869016121837e-22	LIMD2	c14
1.18321372843057e-26	1.41931611529867	0.113	0.041	3.98672033657395e-22	C15orf39	c14
1.24870156031615e-26	1.33964140487009	0.116	0.043	4.20737503732922e-22	ACOT4	c14
1.2669270778189e-26	1.34416421825526	0.1	0.034	4.26878409600299e-22	SPEF2	c14
1.3679205753094e-26	0.729338847573733	0.385	0.233	4.6090715864475e-22	YIPF5	c14
1.37962797849074e-26	0.794457744521535	0.289	0.156	4.6485185107267e-22	ACADM	c14
1.40710964653493e-26	0.472366665921677	0.694	0.503	4.74111524303479e-22	SRSF3	c14
1.4314304075264e-26	0.63527126802228	0.39	0.23	4.82306161511945e-22	PTPN4	c14
1.43451131403369e-26	0.774670394600782	0.299	0.164	4.83344242150511e-22	NDUFA11	c14
1.53336806577154e-26	-1.94091735003029	0.068	0.206	5.16653036081061e-22	C1orf228	c14
1.56189759212632e-26	0.546777238080604	0.55	0.366	5.26265774691044e-22	RNH1	c14
1.56411111250386e-26	0.51971783810619	0.584	0.39	5.2701159824705e-22	VDAC1	c14
1.87613984396393e-26	0.450166634122152	0.751	0.575	6.32146559025207e-22	EIF5A	c14
2.36804193770158e-26	0.454858174862489	0.769	0.606	7.97888050489169e-22	RAP1B	c14
2.52743697286762e-26	0.212934999018046	0.999	0.976	8.51594613638014e-22	ATP5E	c14
2.60890813500485e-26	0.796013299575139	0.324	0.184	8.79045507008534e-22	DDIT3	c14
2.73700994731692e-26	0.583007316883027	0.465	0.294	9.22208131648965e-22	DDX39A	c14
3.28050661992354e-26	-0.753679860392983	0.47	0.58	1.10533390051704e-21	DENND2D	c14
3.29618623098853e-26	0.22815267622239	0.952	0.855	1.11061698866928e-21	COTL1	c14
3.59004143265146e-26	1.96288163726612	0.051	0.012	1.20962856031758e-21	HYAL2	c14
3.83040793334781e-26	-6.76394177904657	0.001	0.106	1.29061764906221e-21	LINC00402	c14
3.88028442729564e-26	0.541079535234467	0.398	0.235	1.30742303493299e-21	MTHFD2	c14
3.98548338449292e-26	1.56680167828469	0.077	0.023	1.34286877157104e-21	N4BP3	c14
4.18220065569794e-26	0.38693901737614	0.812	0.623	1.40915068893086e-21	LRRFIP1	c14
4.45784319441179e-26	0.475796259312649	0.683	0.498	1.50202568592511e-21	TBCB	c14
6.86642792416359e-26	0.518306199523141	0.582	0.401	2.31357422476768e-21	CDK2AP2	c14
7.41188304290733e-26	0.866241673590207	0.256	0.135	2.4973598724772e-21	HELZ2	c14
8.66786997521467e-26	-0.295082492388801	0.968	0.948	2.92055210944883e-21	COX4I1	c14
8.9624529234416e-26	0.660083111151768	0.39	0.234	3.01980888802441e-21	HNRNPAB	c14
8.98458038071691e-26	-1.18991370682145	0.218	0.362	3.02726451347876e-21	FAM65B	c14
9.43304886709028e-26	0.704077370094785	0.336	0.194	3.1783714852774e-21	TXNDC9	c14
9.61615596890548e-26	1.08286184794638	0.158	0.069	3.24006759216301e-21	GALNT10	c14
9.71853555775113e-26	0.573391937392735	0.625	0.445	3.27456337082866e-21	PRDX6	c14
1.00248132269157e-25	-0.421560300850554	0.839	0.859	3.37776056867696e-21	SLC25A6	c14
1.02581501943222e-25	-4.07846475519762	0.009	0.118	3.45638112647493e-21	NGFRAP1	c14
1.09740147900559e-25	-0.782953508751914	0.425	0.535	3.69758454336143e-21	CCDC109B	c14
1.61355917669209e-25	0.702939275940478	0.387	0.235	5.43672628994631e-21	ETFB	c14
1.76109009943069e-25	1.02654981370329	0.18	0.083	5.93381698102177e-21	TMEM189	c14
2.26821042376101e-25	-0.962579815939315	0.618	0.696	7.64250820182036e-21	DUSP2	c14
2.47865199650195e-25	1.62984049137721	0.076	0.023	8.35157003701368e-21	MED20	c14
2.53979211092079e-25	2.39962093693356	0.034	0.006	8.55757553853651e-21	CES1	c14
2.94393309353781e-25	0.156419522970906	0.971	0.893	9.91928816536631e-21	HSP90AA1	c14
3.00403826810161e-25	0.791012635451297	0.335	0.199	1.01218065405416e-20	BLOC1S1	c14
3.06499496202794e-25	0.824628393370259	0.316	0.181	1.03271940250569e-20	PCID2	c14
3.37410857093133e-25	0.485437726708966	0.616	0.433	1.1368721418896e-20	GLIPR1	c14
3.37988046686334e-25	0.693637405436051	0.354	0.208	1.13881692450494e-20	UBASH3A	c14
3.41713043136411e-25	1.06591472240277	0.154	0.067	1.15136792754382e-20	SMURF2	c14
3.59008933836999e-25	0.807200023362015	0.283	0.154	1.20964470167038e-20	DDX58	c14
3.65700246204569e-25	2.01008306598615	0.066	0.018	1.23219040956168e-20	TNFRSF12A	c14
3.91175579152026e-25	0.910273277939113	0.228	0.116	1.31802699639484e-20	RP11-47L3.1	c14
3.95163131604413e-25	2.97753321055644	0.025	0.003	1.33146265562791e-20	THBS1	c14
4.01470462064652e-25	0.502478105781302	0.523	0.347	1.35271457488064e-20	FOSB	c14
4.05262405878877e-25	1.5230846721795	0.09	0.03	1.36549115036829e-20	HVCN1	c14
4.86157223102844e-25	0.661831655425654	0.44	0.284	1.63805814752272e-20	PSMA4	c14
5.22751331056582e-25	0.336339729714967	0.971	0.912	1.76135833486205e-20	MIF	c14
5.23300720668075e-25	0.964416053170196	0.217	0.11	1.76320944821901e-20	ANXA4	c14
6.05632834277168e-25	-3.03606926640393	0.02	0.132	2.04061927181349e-20	RIPK2	c14
6.71789326365662e-25	0.294075967207998	0.949	0.841	2.26352695625646e-20	UBB	c14
7.76285422165343e-25	0.769818260625703	0.329	0.192	2.61561610144391e-20	OBFC1	c14
8.13343515691123e-25	0.590885344077994	0.434	0.271	2.74047964176967e-20	C18orf32	c14
1.096368736155e-24	0.790264925060955	0.276	0.15	3.69410481960067e-20	SLC10A3	c14
1.22901052232469e-24	1.21970034702422	0.143	0.061	4.14102805392082e-20	SLC38A5	c14
1.29754973527519e-24	1.20173496499609	0.121	0.048	4.37196407803622e-20	SNTB1	c14
1.33509546626507e-24	0.712954806574892	0.302	0.169	4.49847066403353e-20	TBX21	c14
1.52193046400041e-24	0.625716220216874	0.364	0.216	5.12799250540298e-20	MT1F	c14
1.69178376455558e-24	-1.29532192457287	0.183	0.324	5.70029621629359e-20	PDE3B	c14
1.69315892023658e-24	-4.83194640188944	0.013	0.119	5.70492966584514e-20	FOXP3	c14
1.73635919182749e-24	-2.21592205228047	0.06	0.185	5.85048866094355e-20	SNX9	c14
1.79317419822353e-24	0.468485101280502	0.805	0.662	6.04192114349437e-20	ENO1	c14
1.85512943189361e-24	-3.78417145223999	0.012	0.118	6.25067310782234e-20	CCR4	c14
1.94503195207829e-24	1.31524255748906	0.137	0.058	6.55359065933258e-20	ACOT7	c14
2.22875042150206e-24	0.519222560391444	0.578	0.403	7.50955167020905e-20	ATP1A1	c14
2.69956296795305e-24	0.347858311684885	0.864	0.694	9.09590746422102e-20	ATP5G3	c14
3.08566587067031e-24	0.84460739785924	0.279	0.155	1.03968425846365e-19	HERC5	c14
4.07116348178093e-24	0.717819438941873	0.318	0.185	1.37173782355127e-19	CD226	c14
4.18124573561259e-24	0.341617546326593	0.793	0.617	1.4088289381573e-19	PGAM1	c14
5.67731064894439e-24	1.43488001710164	0.089	0.031	1.91291305005532e-19	TRIM47	c14
7.16043091728187e-24	-1.81120387235101	0.082	0.21	2.41263559326895e-19	RP11-18H21.1	c14
7.59465704271215e-24	0.695486146108296	0.343	0.204	2.55894374397143e-19	LGALS8	c14
7.65446677904454e-24	0.732943361352562	0.284	0.158	2.57909603653127e-19	MIAT	c14
7.98976201264407e-24	1.11295707674969	0.129	0.053	2.69207041254029e-19	SLC2A1	c14
8.62094447796081e-24	0.627028429705143	0.405	0.253	2.90474103240411e-19	COMT	c14
9.1537109926834e-24	0.679773723644231	0.305	0.172	3.08425138187475e-19	ZNF791	c14
9.27692453057066e-24	-1.12461103217059	0.25	0.38	3.12576695133048e-19	DGKA	c14
9.44550612585844e-24	1.07375946592259	0.144	0.062	3.18256883404674e-19	RP11-488L18.8	c14
9.75977495420158e-24	0.693799030677764	0.308	0.179	3.28845857306868e-19	DTX3L	c14
1.10969553893936e-23	0.825796352686133	0.249	0.133	3.73900814890227e-19	SNX10	c14
1.1462140790172e-23	-0.117001971441109	0.917	0.611	3.86205371784057e-19	CST7	c14
1.14899455448511e-23	2.07232508264193	0.043	0.01	3.87142225188213e-19	ELOVL6	c14
1.35167514619418e-23	0.878423844496932	0.212	0.107	4.55433423758667e-19	SLC25A24	c14
1.36114805456276e-23	-1.30529564678574	0.133	0.271	4.58625225504377e-19	UQCRHL	c14
1.60493687415702e-23	0.686357707965534	0.322	0.188	5.40767430378468e-19	PARP14	c14
1.7745652763591e-23	-0.253490364737996	0.977	0.97	5.97922024216436e-19	HNRNPA1	c14
1.98553189289549e-23	0.845152550963528	0.215	0.109	6.69005115992205e-19	ISY1	c14
2.33606314548764e-23	0.510098043457565	0.554	0.375	7.87113116240604e-19	XBP1	c14
2.45578740298169e-23	-0.890091227416385	0.349	0.47	8.27453007560652e-19	CD5	c14
2.532617232562e-23	0.629170124880882	0.391	0.243	8.5334005033944e-19	TMX1	c14
2.84296583071693e-23	0.86857717631521	0.227	0.119	9.57908907001761e-19	TARS	c14
3.09213065498197e-23	0.540302401852057	0.45	0.286	1.04186250288962e-18	FBXO7	c14
3.28381936124147e-23	0.563055259244638	0.399	0.247	1.1064500955767e-18	BDP1	c14
3.37179749057595e-23	0.382665159769812	0.828	0.692	1.13609344647466e-18	PSMB8	c14
3.52850890420829e-23	-0.373455984759128	0.847	0.857	1.18889579018394e-18	RPL23	c14
3.67058596519504e-23	-4.85976893637138	0.006	0.103	1.23676723511282e-18	CD200	c14
3.81282284621262e-23	0.673239631673929	0.359	0.217	1.28469252980288e-18	PPP2CA	c14
3.90940126216955e-23	0.579606687202652	0.474	0.315	1.31723366127541e-18	HSPA9	c14
3.96877802875433e-23	-4.76816319310304	0.006	0.103	1.33724006900848e-18	ACTN1	c14
3.97374451243973e-23	-0.883967120503958	0.733	0.775	1.33891347602144e-18	DNAJB1	c14
4.65903845888586e-23	-0.242123618920846	0.994	0.978	1.569816418337e-18	RPL27	c14
5.01113879585183e-23	0.510041549674652	0.554	0.375	1.68845310587432e-18	LSM2	c14
5.01453805943083e-23	0.546920600122249	0.482	0.32	1.68959845374462e-18	HSPB11	c14
5.90023758562189e-23	0.180317416854265	0.998	0.986	1.98802605209944e-18	CD3E	c14
6.25176316384099e-23	-1.37865647882998	0.12	0.255	2.10646908042458e-18	TESPA1	c14
6.35690449739841e-23	-1.65339233285531	0.085	0.212	2.14189540135342e-18	ADI1	c14
7.02044175898297e-23	0.370452122460474	0.831	0.696	2.36546764627172e-18	STK17B	c14
7.74138650720375e-23	0.74535308396566	0.226	0.116	2.60838276973723e-18	EPHA1	c14
7.7510834855545e-23	-1.13253586984746	0.138	0.278	2.61165006962273e-18	ERN1	c14
8.01513468397e-23	0.605865002157487	0.43	0.277	2.70061948041685e-18	RHEB	c14
8.12434972498823e-23	0.588214287728237	0.434	0.28	2.73741839633754e-18	SSBP4	c14
8.41391529929456e-23	-1.34986639240831	0.203	0.332	2.83498462094431e-18	AIM1	c14
8.44797051731847e-23	0.447125296396055	0.674	0.492	2.84645918610529e-18	ATP5C1	c14
9.07404182083233e-23	0.771073305065944	0.274	0.153	3.05740765111125e-18	RAB35	c14
9.07497344511455e-23	0.542918253015471	0.438	0.281	3.0577215525969e-18	MYO1G	c14
9.3137282271314e-23	1.12782134291867	0.148	0.066	3.13816758884965e-18	ENDOD1	c14
1.00322801075546e-22	0.513721503305684	0.497	0.337	3.38027645943943e-18	PAG1	c14
1.0383813893607e-22	1.6830816385246	0.06	0.017	3.49872225331195e-18	IER5L	c14
1.053212931748e-22	2.16064524466236	0.036	0.007	3.5486956522317e-18	VWA7	c14
1.06855940883001e-22	0.801464063878182	0.246	0.134	3.60040407211183e-18	CKS2	c14
1.25251464640011e-22	-0.541688576990238	0.704	0.738	4.22022284958052e-18	SEPT6	c14
1.280075383282e-22	0.568273207732193	0.444	0.289	4.31308599643037e-18	APOL6	c14
1.32063731238744e-22	-1.21605744733267	0.153	0.289	4.44975536035826e-18	CRTAP	c14
1.37116945516736e-22	0.57153231089826	0.478	0.324	4.6200183622409e-18	PCMT1	c14
1.42241164354456e-22	0.537922318915461	0.492	0.328	4.79267379175904e-18	MFSD10	c14
1.65158761442477e-22	0.670931771380539	0.298	0.171	5.56485930804282e-18	C1GALT1	c14
1.67438671191329e-22	-1.02024790922456	0.264	0.392	5.64167858712062e-18	ZBTB38	c14
1.68411130609868e-22	0.48829399152719	0.605	0.434	5.67444463476891e-18	SCP2	c14
1.68555594698061e-22	-2.40841921238499	0.046	0.159	5.67931220775647e-18	BTLA	c14
1.69741994154965e-22	0.793855444517558	0.259	0.143	5.7192867510574e-18	GCH1	c14
1.72983868618797e-22	1.39432898067003	0.083	0.028	5.82851846924174e-18	TRIM34	c14
1.79866847166692e-22	0.703127214390681	0.258	0.141	6.06043354843453e-18	RARA	c14
1.8212444620777e-22	0.293912332280831	0.932	0.823	6.13650109052461e-18	COX6C	c14
2.0477116934129e-22	0.745112322039136	0.281	0.158	6.89955977978542e-18	RABIF	c14
2.08945768937121e-22	0.615820308934097	0.417	0.268	7.04021873856735e-18	MAPRE1	c14
2.10495426001029e-22	0.717691436506721	0.316	0.186	7.09243288367869e-18	TAPBPL	c14
2.19248416007786e-22	-2.0669021560809	0.061	0.178	7.38735612896633e-18	SESN3	c14
2.28315492751932e-22	0.509426970712712	0.476	0.313	7.69286221278361e-18	MGAT1	c14
2.40743816897645e-22	0.804320991297735	0.228	0.12	8.11162216654926e-18	IMPDH1	c14
2.48789664701048e-22	0.813508300742003	0.205	0.103	8.38271896243711e-18	VPS37B	c14
2.55750686975566e-22	0.479620998281642	0.635	0.458	8.61726364695471e-18	SPCS2	c14
2.87181306301682e-22	0.299621245940278	0.886	0.753	9.67628693452888e-18	GUK1	c14
2.87525471009046e-22	1.42065280542739	0.092	0.034	9.68788322017881e-18	SLC27A2	c14
3.23082753340048e-22	-0.476280693817927	0.691	0.737	1.08859502910396e-17	UBXN1	c14
3.66623085070076e-22	0.700117759261593	0.246	0.132	1.23529982283511e-17	ZBTB7A	c14
3.82715893796427e-22	0.368563598187443	0.813	0.64	1.28952293255768e-17	ARPC5	c14
4.18485759363154e-22	-1.00466288964664	0.255	0.383	1.41004591759821e-17	ALKBH7	c14
5.36339063354352e-22	-1.68317736812933	0.105	0.227	1.80714084006615e-17	FBXO32	c14
5.88759566049556e-22	0.473649750300592	0.559	0.386	1.98376648184737e-17	PSMA1	c14
6.08672489533588e-22	0.514754873710549	0.442	0.284	2.05086108623447e-17	CCT2	c14
6.49620104079385e-22	0.640097070693876	0.37	0.229	2.18882997868508e-17	PQLC3	c14
7.38593586298858e-22	0.496255442970418	0.579	0.422	2.48861722967537e-17	C19orf70	c14
7.87290951450383e-22	0.921154523364535	0.135	0.058	2.65269813181692e-17	MSC	c14
7.88364988452325e-22	0.823690714107213	0.249	0.138	2.65631699209126e-17	DDX60L	c14
8.01983421470456e-22	0.781470732709227	0.225	0.119	2.70220294030255e-17	MIDN	c14
8.44197826584704e-22	0.803040629348342	0.244	0.134	2.8444401568945e-17	PLEKHA2	c14
8.76975721387798e-22	1.1716704720578	0.116	0.047	2.95488199564405e-17	U2AF1L5	c14
9.1460274430609e-22	-0.268715213303067	0.978	0.968	3.08166248666494e-17	RPL36AL	c14
9.16632749348272e-22	0.870199916440511	0.202	0.104	3.08850238565407e-17	TARDBP	c14
9.29861487182838e-22	0.683001870730256	0.264	0.148	3.13307529491386e-17	FAM46C	c14
1.02367156318459e-21	-0.514887838269451	0.649	0.712	3.44915896499416e-17	GPX4	c14
1.03197400936529e-21	0.602939174438378	0.388	0.245	3.47713322715542e-17	COPB1	c14
1.07415150830509e-21	-1.38232906465286	0.127	0.256	3.61924609208317e-17	KLRG1	c14
1.25439601667524e-21	0.601146780662096	0.372	0.231	4.22656193858557e-17	PRKD2	c14
1.47335398881695e-21	-0.916449853635584	0.362	0.473	4.96431892991983e-17	PBXIP1	c14
1.95468452866947e-21	0.397807279292289	0.663	0.474	6.5861140508989e-17	FMNL1	c14
2.32880022481138e-21	-0.436543951783372	0.719	0.76	7.84665947747947e-17	ANAPC16	c14
2.50863073831972e-21	0.535183928802423	0.481	0.326	8.45258040969445e-17	ZMYM6NB	c14
2.57705611751777e-21	-0.258337751240393	0.969	0.953	8.68313288236436e-17	COX7C	c14
2.65447132788532e-21	0.387243430260575	0.819	0.651	8.94397569217678e-17	DAD1	c14
2.81640173786375e-21	0.301729590461708	0.865	0.713	9.48958401555812e-17	GNG5	c14
3.41558161572995e-21	0.558224549119822	0.406	0.255	1.15084606960405e-16	TXNDC17	c14
3.76799663051305e-21	0.560404852775832	0.424	0.274	1.26958878468507e-16	SDF2L1	c14
3.92793071778306e-21	3.5272610526999	0.013	0.001	1.32347697604983e-16	SULT2B1	c14
4.20164863389389e-21	1.06651195740063	0.1	0.038	1.41570349070421e-16	LTC4S	c14
4.35238725462426e-21	-0.913720960149718	0.314	0.435	1.4664933615731e-16	ATM	c14
4.51782108165593e-21	-0.899633162101027	0.372	0.479	1.52223463525315e-16	RNF19A	c14
4.54530467353289e-21	0.884789146434911	0.102	0.039	1.53149495670017e-16	TRGV4	c14
4.91457496669227e-21	0.533883408913472	0.519	0.362	1.65591688927729e-16	ARHGEF3	c14
4.95251060853186e-21	-7.65864044103655	0	0.084	1.66869892443872e-16	LINC01281	c14
5.49541558303415e-21	0.507411236954498	0.482	0.32	1.85162532654753e-16	PDCD10	c14
5.8571182397101e-21	0.647487395322815	0.335	0.204	1.97349741968792e-16	RTCA	c14
6.05076416187852e-21	0.790175148210386	0.238	0.131	2.03874447670335e-16	PPP5C	c14
6.2339675988312e-21	1.29425319184212	0.066	0.021	2.10047304275019e-16	CCL20	c14
6.31005180967183e-21	0.68335647150312	0.28	0.16	2.12610885675083e-16	ERVK3-1	c14
7.32726595121121e-21	1.25806990555096	0.105	0.042	2.46884898960111e-16	ETS2	c14
7.33028175711943e-21	0.465093114438249	0.637	0.471	2.46986513524382e-16	SNX6	c14
8.19204393741621e-21	0.466142397344489	0.525	0.357	2.76022728427302e-16	PPA1	c14
9.78539791050934e-21	0.652588160235329	0.298	0.174	3.29709197196702e-16	VPS26A	c14
1.01589103214873e-20	0.552317984646972	0.441	0.289	3.42294324372193e-16	PDLIM2	c14
1.02536201560108e-20	0.684918294354716	0.34	0.212	3.45485477536629e-16	UQCC2	c14
1.06926027476081e-20	0.385618396863615	0.753	0.587	3.60276556977908e-16	DBI	c14
1.10641022754848e-20	0.522278842515017	0.394	0.248	3.72793862070186e-16	VIMP	c14
1.27488607329789e-20	0.471408661217259	0.585	0.418	4.29560113536989e-16	NAPA	c14
1.2842988136176e-20	0.778880043511793	0.216	0.115	4.32731642260313e-16	SH2D3C	c14
1.30180634153381e-20	1.14411098445238	0.119	0.051	4.386306287164e-16	GTF2H2C	c14
1.30984227883818e-20	0.572218174988832	0.411	0.267	4.41338257431737e-16	DAXX	c14
1.32346778112776e-20	0.325536422867335	0.522	0.353	4.45929234173186e-16	CLDND1	c14
1.45454790746516e-20	-0.499429254341961	0.617	0.688	4.90095371941312e-16	AES	c14
1.507425473331e-20	0.687101629528647	0.317	0.192	5.07911938984148e-16	PSMD9	c14
1.5362161758787e-20	0.748427467333614	0.223	0.119	5.17612678300569e-16	TP53RK	c14
1.62907947991286e-20	0.600050089335791	0.4	0.259	5.48902039961838e-16	NT5C3A	c14
1.63864034232965e-20	0.632834937661122	0.391	0.253	5.52123476944553e-16	NUB1	c14
1.7695179131139e-20	0.67270650096358	0.317	0.192	5.96221365644599e-16	STIP1	c14
1.79624737924024e-20	0.709106434597583	0.285	0.166	6.05227591961205e-16	UBXN11	c14
1.9378520340425e-20	-5.15733815739664	0.009	0.097	6.52939864350281e-16	NMB	c14
2.12770043808101e-20	-3.21670995995761	0.011	0.101	7.16907385607015e-16	RP3-492J12.2	c14
2.88308827817209e-20	-1.92804551081861	0.051	0.159	9.71427764447306e-16	SPINT2	c14
3.07352628575337e-20	0.349242374502214	0.819	0.673	1.03559394672174e-15	ABRACL	c14
3.1629154609452e-20	0.305070668660901	0.934	0.834	1.06571273541088e-15	GSTK1	c14
3.55187321274704e-20	0.517428548050065	0.482	0.328	1.19676816030299e-15	CMC2	c14
3.87901829712737e-20	0.829526484917366	0.22	0.12	1.3069964250341e-15	BISPR	c14
4.41898386261864e-20	-3.97478779446692	0.007	0.093	1.48893242267073e-15	CYSLTR1	c14
4.42404732544755e-20	0.669805385312263	0.252	0.141	1.4906385058363e-15	JAKMIP1	c14
4.70980640120171e-20	0.419252092757244	0.57	0.399	1.5869221688209e-15	RPN1	c14
5.15160453624534e-20	0.449093478931017	0.625	0.465	1.73578163244251e-15	BIN1	c14
6.03534053638614e-20	0.469386466822002	0.545	0.385	2.03354764032994e-15	LAMTOR5	c14
6.83595661110734e-20	0.730452669502659	0.253	0.144	2.30330722054651e-15	STARD3NL	c14
7.25402400890523e-20	0.90835756077199	0.174	0.088	2.44417084956053e-15	NOL12	c14
7.38724354262186e-20	0.299255285122101	0.883	0.749	2.48905783925101e-15	ZFP36L1	c14
7.50727506252573e-20	0.703021698924462	0.257	0.146	2.52950125956742e-15	MED11	c14
8.62513100465764e-20	-1.83676365095095	0.064	0.172	2.90615164070934e-15	PLAC8	c14
9.44454922749303e-20	0.454660410574451	0.588	0.426	3.1822464167115e-15	TMCO1	c14
1.00240947442875e-19	0.514817965487879	0.456	0.306	3.37751848314023e-15	LYSMD2	c14
1.04038059291186e-19	-0.42688277949271	0.703	0.747	3.50545836975723e-15	EIF3H	c14
1.05260175436143e-19	2.69785783968226	0.026	0.004	3.54663635114539e-15	DRAXIN	c14
1.10638942743474e-19	3.21139033526169	0.016	0.002	3.72786853679862e-15	LRP12	c14
1.13863059108797e-19	0.831203673826136	0.185	0.095	3.83650191361182e-15	APOL2	c14
1.26228616325181e-19	0.181461285919765	0.998	0.977	4.25314699846066e-15	ARHGDIB	c14
1.2694835724026e-19	-0.474734581558531	0.689	0.715	4.27739794885333e-15	ISCU	c14
1.28620632711341e-19	1.86202031167222	0.04	0.01	4.33374359857593e-15	HIST2H2AA3	c14
1.30327212239828e-19	-1.29941702955166	0.132	0.25	4.39124508920875e-15	TGIF1	c14
1.35912639183313e-19	1.32472829329447	0.079	0.028	4.57944046464255e-15	DBN1	c14
1.60457539243466e-19	0.402545975244873	0.726	0.551	5.40645632726934e-15	COPE	c14
1.63523055119574e-19	0.820134933533827	0.222	0.123	5.50974581919892e-15	TRAPPC5	c14
1.71493397596834e-19	0.859255393501581	0.134	0.061	5.77829853862772e-15	TNIP3	c14
1.74408692268544e-19	-1.25524173959521	0.163	0.281	5.87652647729633e-15	LDLRAP1	c14
1.75327753575736e-19	2.53821948163269	0.026	0.004	5.90749332898084e-15	CTD-2377D24.6	c14
1.83646801437003e-19	1.28060340823443	0.088	0.034	6.1877953276184e-15	RP11-449H3.3	c14
1.85795318087225e-19	1.55190581862553	0.082	0.031	6.26018744763096e-15	UCK2	c14
1.99936595193698e-19	0.504067855732022	0.532	0.38	6.73666363845646e-15	GPI	c14
2.0308003418932e-19	0.423675019627201	0.591	0.426	6.84257867197495e-15	PPP1R12A	c14
2.25972954699637e-19	-1.71123082176776	0.08	0.189	7.61393273564957e-15	KLF3	c14
2.3054825024558e-19	0.761802604744998	0.217	0.119	7.76809274377457e-15	PYCR2	c14
2.34048942623629e-19	1.15798983379029	0.107	0.045	7.88604507276056e-15	NME1	c14
2.80495865651907e-19	-2.65505718027136	0.036	0.133	9.45102769727534e-15	CTSL	c14
2.9808191879417e-19	0.494562180664523	0.482	0.329	1.00435721718508e-14	NRBP1	c14
3.10410988802503e-19	0.381887415281653	0.711	0.54	1.04589878567115e-14	CD82	c14
3.15669018449305e-19	0.471604465029239	0.505	0.345	1.06361519076309e-14	RAB14	c14
3.22181047830321e-19	1.56006221979698	0.058	0.018	1.08555682255948e-14	PLEKHN1	c14
3.26843666588454e-19	0.634357956878736	0.293	0.176	1.10126705020314e-14	MYO9B	c14
3.39441090989292e-19	0.642800968407909	0.316	0.195	1.14371281197932e-14	SUPT3H	c14
3.57027661249611e-19	0.653508389579816	0.308	0.189	1.20296900181444e-14	TBC1D5	c14
3.60018244795091e-19	0.542576446185367	0.476	0.331	1.21304547401258e-14	CYB5R3	c14
3.70066898602721e-19	1.27720368884158	0.086	0.033	1.24690340815201e-14	ABHD15	c14
4.12046494829333e-19	-2.65731303522319	0.029	0.121	1.38834945967795e-14	TRABD2A	c14
4.59349161221348e-19	0.730610379519582	0.218	0.119	1.54773106381921e-14	NFYB	c14
4.91183111584438e-19	0.600319811616991	0.359	0.225	1.65499237617261e-14	ZNFX1	c14
5.06648017332278e-19	0.376796697229716	0.621	0.443	1.70709982959938e-14	SCAMP2	c14
5.23138355621945e-19	0.779296555582175	0.222	0.123	1.76266237543258e-14	N4BP1	c14
5.24594214567703e-19	0.505202205948005	0.502	0.352	1.76756774656442e-14	TOP1	c14
5.32951201027821e-19	-4.03513442808325	0.011	0.095	1.79572577674314e-14	RTKN2	c14
5.35213231252224e-19	0.722183666295741	0.233	0.131	1.80334746138124e-14	GPN1	c14
5.81907174645995e-19	1.37953483955103	0.069	0.023	1.96067803425221e-14	NETO2	c14
5.82405920261807e-19	0.401517540220789	0.693	0.529	1.96235850773013e-14	COX7A2L	c14
5.83201728286131e-19	1.47692958673048	0.063	0.02	1.96503990328729e-14	MXRA7	c14
6.05292402787603e-19	2.77927919715214	0.017	0.002	2.03947222195255e-14	GFPT2	c14
6.16910003792824e-19	2.45713799624852	0.034	0.007	2.07861656677954e-14	CAMSAP2	c14
6.34295142292589e-19	0.484553452116262	0.366	0.229	2.13719405244065e-14	RPP21	c14
6.68727322100753e-19	0.740209000400017	0.205	0.109	2.25320983908628e-14	MED6	c14
6.68795995212269e-19	-7.62734932179968	0	0.075	2.25344122626822e-14	ADTRP	c14
6.90264143347347e-19	-2.2521440111831	0.036	0.132	2.32577600459455e-14	MYL6B	c14
6.92056240160963e-19	0.289150968824871	0.876	0.748	2.33181429559835e-14	HCLS1	c14
7.10981000428311e-19	0.372712360100297	0.725	0.554	2.39557938284315e-14	BSG	c14
7.45845754719323e-19	1.38172869084652	0.077	0.028	2.51305268595129e-14	QPCT	c14
7.62662612110462e-19	0.416720906448945	0.552	0.387	2.56971540524499e-14	DNAJB6	c14
8.02270404477951e-19	0.990044577899855	0.108	0.045	2.70316990084801e-14	RP11-23P13.6	c14
8.36432276547116e-19	0.484782243580926	0.446	0.301	2.81827491259785e-14	TMOD3	c14
8.96200843234255e-19	-0.288314019964419	0.978	0.972	3.0196591211935e-14	FTL	c14
9.2101969353331e-19	0.774064830521783	0.206	0.111	3.10328375539113e-14	POLG	c14
9.43570442130195e-19	0.225261682581143	0.82	0.639	3.17926624771348e-14	CORO1B	c14
9.61050422936898e-19	0.161799548632628	0.419	0.262	3.23816329504358e-14	PDCD1	c14
1.00340057308419e-18	-2.63377624140005	0.023	0.112	3.38085789094986e-14	EPHX2	c14
1.02407295192822e-18	1.54218663746495	0.058	0.018	3.45051140422695e-14	OSM	c14
1.07428388901618e-18	0.996313558697212	0.123	0.055	3.61969213565112e-14	SLC27A3	c14
1.0886802587349e-18	-1.02010654767753	0.263	0.378	3.66819926378139e-14	SIRPG	c14
1.12877490421218e-18	-2.78791734009645	0.025	0.115	3.80329416225252e-14	TRBV20-1	c14
1.16972257287893e-18	0.442928097833925	0.659	0.509	3.94126323705827e-14	RNF167	c14
1.22432842464346e-18	0.655695746970833	0.301	0.184	4.12525219399368e-14	PBDC1	c14
1.28668796674285e-18	0.69821938564451	0.251	0.144	4.33536643514335e-14	VAV1	c14
1.3685430627254e-18	-2.94479946039598	0.017	0.103	4.61116899554697e-14	TMEM55A	c14
1.37577372808498e-18	-0.742108239150949	0.49	0.556	4.63553199940952e-14	ITK	c14
1.48345894891735e-18	0.328476139339058	0.737	0.548	4.99836658248212e-14	FKBP1A	c14
1.59155940238238e-18	0.322813127809771	0.76	0.596	5.36260025038718e-14	EZR	c14
1.72420616536569e-18	0.64260215984582	0.295	0.18	5.80954025358316e-14	MTCH2	c14
1.9036621068764e-18	3.36093542942115	0.022	0.003	6.41419910290934e-14	PAGE5	c14
1.92886859186298e-18	-3.8040809226378	0.01	0.091	6.49912983342314e-14	IKZF4	c14
2.02473139362555e-18	0.575668978889116	0.406	0.271	6.82212995768193e-14	RANBP2	c14
2.35755144047896e-18	0.562005230876299	0.45	0.314	7.94353382354982e-14	SP140	c14
2.36422100833172e-18	0.609794783081015	0.297	0.179	7.96600626547289e-14	RAB24	c14
2.3943286285445e-18	0.54663802378378	0.365	0.234	8.06745088101783e-14	BIRC2	c14
2.48742082528299e-18	0.500751486920757	0.412	0.271	8.38111572870851e-14	ITGB1BP1	c14
2.53366581900834e-18	0.690411849107448	0.233	0.132	8.53693361056672e-14	EGLN2	c14
3.27430116368478e-18	0.680582384229265	0.229	0.128	1.10324303409195e-13	FUOM	c14
3.34167056982243e-18	0.503327594193985	0.393	0.255	1.12594248179597e-13	AATF	c14
3.422958690199e-18	0.464318364052237	0.518	0.366	1.15333170107565e-13	CCDC12	c14
3.4884124356702e-18	0.564070888584585	0.374	0.242	1.17538568607472e-13	TMBIM1	c14
4.02421117344253e-18	-3.71119630097885	0.011	0.091	1.35591771277973e-13	PTP4A3	c14
4.14056394354655e-18	0.53163265419194	0.349	0.22	1.39512161513858e-13	PIK3CD	c14
4.2736622155944e-18	0.533685731948575	0.329	0.203	1.43996774692238e-13	SERTAD1	c14
4.49414148937515e-18	-2.56590231876533	0.018	0.104	1.51425603343006e-13	MTRNR2L8	c14
4.61951110107015e-18	1.12238037029719	0.09	0.036	1.55649807039458e-13	DLG3	c14
4.68236110856768e-18	0.503606537801274	0.442	0.298	1.57767475192079e-13	PYCARD	c14
4.68976791439691e-18	0.42213672101421	0.618	0.461	1.58017040107689e-13	NDUFA6	c14
4.8385696869548e-18	0.307837824829667	0.865	0.717	1.63030767032255e-13	USMG5	c14
4.89034277833668e-18	0.360271726502629	0.64	0.469	1.64775209573276e-13	PTPN7	c14
5.19483078949221e-18	0.621839390976161	0.298	0.184	1.75034628621151e-13	PSD4	c14
5.39360323816924e-18	-0.322281427557852	0.854	0.856	1.81732067506874e-13	GMFG	c14
5.56538605218822e-18	0.52601167018411	0.381	0.248	1.8752011764243e-13	SDF2	c14
5.61144514396018e-18	0.647362226929167	0.329	0.212	1.89072032680594e-13	RASSF7	c14
5.63014387336605e-18	0.37284152464592	0.755	0.586	1.89702067669196e-13	COX7B	c14
6.06251144338381e-18	1.00396210967071	0.107	0.046	2.04270260573374e-13	TPM1	c14
6.06883670982483e-18	0.749260413217726	0.192	0.103	2.04483384100838e-13	ELL	c14
6.23279545341557e-18	2.4080468398216	0.026	0.005	2.10007810007384e-13	PLPP2	c14
6.39800284840766e-18	1.02665702094888	0.128	0.06	2.15574307974248e-13	LPAR5	c14
6.59110780300167e-18	0.634973458733309	0.272	0.162	2.22080786314338e-13	DLST	c14
7.72158214986647e-18	0.770163919073351	0.208	0.115	2.60170988957601e-13	CRYZ	c14
7.76225313653308e-18	0.719455120715799	0.195	0.104	2.61541357182345e-13	TMEM71	c14
8.2389087274937e-18	0.536580565912742	0.346	0.22	2.77601790664173e-13	CSRP1	c14
9.16626395011956e-18	-1.71645497086222	0.134	0.24	3.08848097535328e-13	SESN1	c14
9.69921455958667e-18	2.24727868648936	0.106	0.048	3.26805335370713e-13	TRAV14DV4	c14
9.88691438504636e-18	0.892636241002492	0.154	0.077	3.33129693289752e-13	BLVRB	c14
1.0001948352049e-17	0.638973890322957	0.251	0.146	3.37005647773938e-13	ANKRD13D	c14
1.18812662555735e-17	0.782487860960047	0.211	0.118	4.00327385215293e-13	ARNTL	c14
1.23310946281063e-17	-1.00424106262868	0.179	0.3	4.15483902399413e-13	HIST1H1D	c14
1.32510969664235e-17	0.334523736180734	0.689	0.528	4.46482461186675e-13	PRMT2	c14
1.3692754839887e-17	0.713388295331514	0.253	0.15	4.61363681575151e-13	PARP12	c14
1.50694127592966e-17	1.02286384517427	0.125	0.058	5.0774879351174e-13	ARID3B	c14
1.51580878197448e-17	0.454278669710963	0.439	0.295	5.1073661099848e-13	VDAC3	c14
1.59623107068516e-17	0.46848978038233	0.488	0.335	5.37834096956656e-13	PSMA3	c14
1.74434517855233e-17	0.668464590304015	0.246	0.142	5.87739664461424e-13	LIPA	c14
1.92051723701354e-17	0.768698102636504	0.203	0.113	6.47099077839343e-13	ZNF593	c14
2.10226818896636e-17	1.75568616721709	0.06	0.02	7.08338243590324e-13	GOLIM4	c14
2.18166973602697e-17	2.67147358347464	0.024	0.004	7.35091800856926e-13	ZC3HAV1L	c14
2.19316603250372e-17	0.452963000174969	0.478	0.332	7.38965362991802e-13	PRKACB	c14
2.31431300659809e-17	0.833304451761893	0.184	0.099	7.79784624443162e-13	HERC6	c14
2.40219545483815e-17	0.928175826917577	0.145	0.072	8.09395736553165e-13	FAM104B	c14
2.4478379463998e-17	1.17958817854607	0.106	0.046	8.24774517659949e-13	TRGV9	c14
2.4656976242577e-17	-1.48919912291703	0.121	0.227	8.30792157517389e-13	SERINC5	c14
2.58097953795776e-17	0.633460388604559	0.317	0.201	8.69635245519487e-13	TSEN15	c14
2.59403833317357e-17	0.474669703526683	0.65	0.506	8.74035275979503e-13	TRIM22	c14
2.83711263479179e-17	0.527711609166952	0.344	0.22	9.55936731166745e-13	ST8SIA4	c14
3.01127193326621e-17	0.443571517847326	0.489	0.339	1.01461796519472e-12	PDCD5	c14
3.03112148860031e-17	0.201066479266161	0.982	0.91	1.02130607436899e-12	RHOA	c14
3.26151987731414e-17	0.407208183769622	0.605	0.453	1.09893650746223e-12	ENSA	c14
3.26191598673502e-17	0.825775708984883	0.192	0.106	1.0990699725705e-12	CNP	c14
3.33589123349444e-17	0.339883615783621	0.683	0.522	1.12399519221362e-12	RGCC	c14
3.35977318167381e-17	0.4049556316354	0.479	0.325	1.13204197583317e-12	SNRPN	c14
4.09175976805785e-17	0.428369020112862	0.539	0.384	1.37867753624941e-12	HERPUD2	c14
4.57758422915983e-17	0.654296159017246	0.251	0.148	1.54237123017311e-12	RAB22A	c14
4.58414826392006e-17	0.730431678958241	0.259	0.157	1.54458291604523e-12	BAK1	c14
4.71230616341265e-17	0.888850901849541	0.159	0.082	1.58776443870026e-12	CTNNBIP1	c14
4.79601906663133e-17	0.670127007170159	0.289	0.18	1.61597066431076e-12	CBFB	c14
5.07887950510708e-17	0.337227417370405	0.773	0.629	1.71127766045078e-12	ATP5J	c14
5.18594828440266e-17	0.692000800591608	0.225	0.13	1.74735341494663e-12	SPATS2L	c14
5.38702128189403e-17	0.380773777241246	0.645	0.483	1.81510295072138e-12	ACTR2	c14
5.44607718370273e-17	0.436457282907653	0.331	0.207	1.8350012462768e-12	NCF4	c14
6.06185534062101e-17	0.505981937657851	0.349	0.224	2.04248153846884e-12	SPPL2A	c14
6.41902567167908e-17	-0.470196586949979	0.646	0.705	2.16282650981555e-12	ITGB2	c14
6.55356470274032e-17	0.299338645620459	0.908	0.795	2.20815809094132e-12	CD48	c14
6.6821183035768e-17	0.963613128764471	0.121	0.056	2.25147294120717e-12	GPR68	c14
6.92540115820675e-17	-0.497226679296245	0.986	0.952	2.33344466624618e-12	SRGN	c14
7.30637232006146e-17	0.503356456891772	0.444	0.306	2.46180908952151e-12	SARS	c14
8.73048807919582e-17	1.22420719482651	0.086	0.035	2.94165065340424e-12	DUSP14	c14
8.99143666455474e-17	0.712070300475151	0.242	0.143	3.02957466975507e-12	KMT2E-AS1	c14
9.81351554741465e-17	0.441191999915878	0.489	0.348	3.30656592854589e-12	PSMB2	c14
9.91276183145805e-17	-1.40970739701454	0.094	0.196	3.34000597149148e-12	NBPF15	c14
1.05569034697965e-16	0.510375748844741	0.381	0.254	3.55704305511323e-12	CDC123	c14
1.06832565329016e-16	0.54068394555982	0.339	0.218	3.59961645619588e-12	ATG3	c14
1.08357913822772e-16	0.990901624085477	0.082	0.032	3.65101154834449e-12	CHN2	c14
1.08395799230991e-16	0.756760728900342	0.172	0.091	3.652288059289e-12	OTULIN	c14
1.08727854924271e-16	0.414795614371028	0.492	0.341	3.66347634381838e-12	TMEM109	c14
1.08905017986041e-16	0.448226132357953	0.473	0.329	3.66944567602166e-12	BUD31	c14
1.14830202084807e-16	-2.21421678693617	0.042	0.13	3.86908882904548e-12	RP5-1028K7.2	c14
1.15949187812991e-16	-1.53433947580831	0.091	0.191	3.90679193417092e-12	S1PR1	c14
1.18833996938821e-16	1.04487667735701	0.104	0.046	4.00399269285664e-12	JAKMIP2	c14
1.27706482668161e-16	0.47654629871014	0.443	0.304	4.30294222702101e-12	SF3B4	c14
1.32702494938996e-16	0.577939571938018	0.289	0.178	4.47127786447453e-12	ACSL5	c14
1.34588720933412e-16	0.458786768312034	0.405	0.268	4.53483236313039e-12	EIF4E	c14
1.38042221036269e-16	0.316159229787666	0.835	0.709	4.65119459559605e-12	TAPBP	c14
1.38100694557801e-16	2.30054851850886	0.031	0.007	4.65316480243054e-12	AC011893.3	c14
1.44322348688471e-16	0.39877756591172	0.56	0.406	4.86279721670934e-12	ZNHIT1	c14
1.49101633502096e-16	0.372330060062798	0.637	0.461	5.02383043921961e-12	PSMB6	c14
1.50482793397765e-16	0.988772064631446	0.11	0.05	5.07036724074430e-12	WIPI1	c14
1.55381435943648e-16	0.56723160087576	0.254	0.15	5.23542210268526e-12	ZNF276	c14
1.60012570438579e-16	0.422847496073753	0.569	0.414	5.39146354835749e-12	MGST3	c14
1.60244594087336e-16	0.477328954662277	0.481	0.34	5.39928135317869e-12	NAA38	c14
1.7085999021517e-16	0.600745440088875	0.29	0.18	5.75695651030993e-12	PML	c14
1.78393022904584e-16	-0.992920995147709	0.261	0.36	6.01077451374705e-12	CTSB	c14
1.81961826090998e-16	-3.44253096410599	0.009	0.082	6.13102176831007e-12	ICA1	c14
1.85977408307235e-16	1.00553748303754	0.106	0.047	6.26632279550399e-12	TATDN2	c14
1.91042982870667e-16	-0.811937057895428	0.325	0.422	6.43700226484426e-12	FOXP1	c14
2.01489121071589e-16	1.00032958572504	0.115	0.053	6.78897444538611e-12	EIF5A2	c14
2.06189613724316e-16	-1.74981583574111	0.054	0.147	6.9473528448271e-12	BEX2	c14
2.10953947534048e-16	0.488934511767914	0.395	0.264	7.10788230821222e-12	ERICH1	c14
2.20266199223591e-16	0.74947876543021	0.193	0.107	7.42164931663968e-12	SDHAF2	c14
2.20509774373696e-16	-2.64127684851431	0.025	0.105	7.4298563377473e-12	SCML1	c14
2.27920741354449e-16	0.300313334859417	0.793	0.648	7.67956145919679e-12	TMEM59	c14
2.28807112546706e-16	0.988369849028762	0.099	0.043	7.7094268501487e-12	HIP1	c14
2.45273488531803e-16	0.499249686814566	0.368	0.242	8.26424492259056e-12	ESYT1	c14
2.46640969244496e-16	0.739321685501692	0.198	0.111	8.31032081772405e-12	ANKHD1	c14
2.47829652279691e-16	1.60177296366766	0.051	0.016	8.3503723039119e-12	TGFBR3L	c14
2.48828121034136e-16	-3.89515460201295	0.006	0.076	8.38401471012417e-12	LAIR2	c14
2.56839623222984e-16	1.18650233706147	0.087	0.036	8.65395426487521e-12	NHEJ1	c14
2.70795970715647e-16	0.916454583086021	0.128	0.062	9.12419943729303e-12	C11orf21	c14
2.76676668342842e-16	0.210991541909984	0.96	0.902	9.32234366314372e-12	DDX5	c14
2.82861312568214e-16	0.733746218291883	0.213	0.122	9.5307290656734e-12	GMEB1	c14
2.84697477575158e-16	0.614390183684485	0.254	0.152	9.59259680941737e-12	TLE3	c14
2.86215629472941e-16	0.629234793461233	0.206	0.115	9.64374941946129e-12	SPNS3	c14
2.86936628188382e-16	0.741528410348391	0.178	0.096	9.66804275017934e-12	ABR	c14
2.94187985184207e-16	1.03885898276358	0.104	0.046	9.91236997279667e-12	TUBB2A	c14
3.03713942787511e-16	0.207297972222604	0.344	0.215	1.02333375882824e-11	MIR4435-2HG	c14
3.11428109752371e-16	0.490942362393557	0.374	0.248	1.04932587299964e-11	COA3	c14
3.1290632617243e-16	0.292813884701454	0.824	0.689	1.05430657540539e-11	RNF213	c14
3.43103638165624e-16	-0.279627390365571	0.901	0.881	1.15605339843525e-11	EIF3K	c14
3.56819719456024e-16	1.28267730573933	0.083	0.034	1.20226836273513e-11	CCRL2	c14
3.58962802777651e-16	0.32808945747128	0.721	0.565	1.20948926767902e-11	BUB3	c14
3.71927112392765e-16	0.432315626720587	0.471	0.329	1.25317121249618e-11	FKBP2	c14
3.75444882588954e-16	0.417817010532366	0.522	0.379	1.26502398739522e-11	RER1	c14
3.98272232586674e-16	0.431025914718601	0.534	0.388	1.34193846047754e-11	SSR3	c14
4.13131979240571e-16	-1.5031261338566	0.065	0.159	1.39200689085318e-11	BEX4	c14
4.80754826915926e-16	0.588711634627912	0.261	0.157	1.61985531381052e-11	ECI2	c14
4.91501787640868e-16	0.396536159703185	0.579	0.423	1.65606612327714e-11	RPN2	c14
5.00144391024644e-16	0.383512776150741	0.556	0.404	1.68518651111843e-11	C17orf62	c14
5.04926279121438e-16	2.24067184490908	0.026	0.005	1.70129860487177e-11	TBC1D16	c14
5.20752611235664e-16	0.485656740315585	0.36	0.236	1.75462384829745e-11	SRRT	c14
5.69332267544728e-16	0.541099147750555	0.287	0.178	1.91830814226521e-11	ZDHHC24	c14
5.98597620525976e-16	0.761881641412835	0.175	0.094	2.01691482260022e-11	MICB	c14
6.21025986313926e-16	0.668898452291004	0.269	0.168	2.09248495828614e-11	NUDT4	c14
6.4174244993152e-16	2.39288388555613	0.053	0.018	2.16228701079926e-11	TRAV30	c14
6.50220483264461e-16	0.569283932249536	0.332	0.216	2.19085289631127e-11	LSM1	c14
6.85426484197806e-16	0.340877997234249	0.717	0.566	2.30947599585609e-11	SNX3	c14
6.94209480028717e-16	-1.89281120886097	0.05	0.138	2.33906942200876e-11	KLF9	c14
6.98344424291595e-16	-0.609106354558139	0.476	0.544	2.3530017032081e-11	EIF2S3	c14
6.9956118132265e-16	0.709656021188102	0.198	0.112	2.35710144434854e-11	ARL4A	c14
7.25461041378094e-16	2.09895778057323	0.03	0.007	2.44436843281935e-11	FGD2	c14
7.26760287172882e-16	0.400319301420108	0.449	0.312	2.44874611160031e-11	TES	c14
7.64010163297341e-16	1.04318527972923	0.102	0.045	2.57425584421406e-11	SLC25A4	c14
7.69888219747042e-16	-1.02920434938787	0.187	0.292	2.59406136761568e-11	ELMO1	c14
7.71882157985663e-16	0.428470061672175	0.505	0.365	2.60077974311689e-11	MOB1A	c14
7.83520401351662e-16	0.50565058798463	0.306	0.193	2.63999364031429e-11	C16orf54	c14
8.27183278172918e-16	0.647513637232503	0.293	0.186	2.78711133747583e-11	TVP23B	c14
8.52353537112003e-16	-0.6930738216797	0.485	0.552	2.87192000794518e-11	SLA	c14
8.7363318846169e-16	0.296232397575746	0.752	0.609	2.94361966520282e-11	ANXA6	c14
8.739868430527e-16	0.735646042343634	0.187	0.104	2.94481126898177e-11	HEXA	c14
9.76183253391097e-16	0.44450403799388	0.415	0.284	3.28915185397596e-11	EVI2A	c14
9.87176179154243e-16	0.484742200268863	0.407	0.28	3.32619141804231e-11	CTDSP1	c14
9.87873092712901e-16	-3.87238069984054	0.012	0.083	3.32853959858685e-11	IL2RA	c14
1.0067877146933e-15	0.506988636305959	0.375	0.254	3.3922705258876e-11	DERL1	c14
1.04392724601533e-15	0.270216371026837	0.815	0.657	3.51740846272406e-11	SHFM1	c14
1.08299619763103e-15	0.571483862060852	0.312	0.202	3.649047388298e-11	EIF2S1	c14
1.12896770639787e-15	0.577152217296805	0.337	0.226	3.80394378993697e-11	PARP10	c14
1.13056964530617e-15	0.433718352445915	0.376	0.248	3.80934136289462e-11	FAM173A	c14
1.13072176149788e-15	0.31545748006047	0.753	0.609	3.80985390319097e-11	TSPO	c14
1.30893523401151e-15	0.722717630707369	0.213	0.124	4.41032637747838e-11	ATG101	c14
1.34094283943706e-15	0.553657301628231	0.317	0.205	4.51817280319924e-11	YARS	c14
1.36017675955998e-15	2.95645722885393	0.014	0.002	4.58297957366138e-11	CERCAM	c14
1.37757662161805e-15	0.153218070106317	0.129	0.062	4.64160666887984e-11	TRBV9	c14
1.41322951184223e-15	-2.37588283835783	0.022	0.098	4.7617355172012e-11	SMCO4	c14
1.46970763151799e-15	0.370876427576902	0.565	0.403	4.95203289363673e-11	SSNA1	c14
1.5747776479925e-15	0.419277535106724	0.546	0.399	5.30605580714594e-11	MAGOH	c14
1.73947962028857e-15	-0.129387043241926	1	0.994	5.86100263260032e-11	RPS24	c14
1.76663780849898e-15	0.437045759460983	0.393	0.267	5.95250943195647e-11	RALGAPA1	c14
1.87569963029168e-15	0.356336954038509	0.641	0.494	6.31998233430479e-11	LAMP1	c14
1.90727476131825e-15	0.650086871011266	0.181	0.099	6.42637158078573e-11	HEXDC	c14
1.96225971635499e-15	0.68082333376271	0.208	0.12	6.61163788828651e-11	PPP1R21	c14
1.96681887649284e-15	0.426573453410987	0.478	0.339	6.62699952245497e-11	KRAS	c14
2.09596566693857e-15	0.393401872442824	0.57	0.417	7.0621467181828e-11	MDH1	c14
2.1276159651811e-15	0.677468608875124	0.169	0.091	7.16878923308118e-11	MCOLN2	c14
2.19247117214315e-15	0.72909163593595	0.249	0.156	7.38731236741915e-11	RBKS	c14
2.19794868835988e-15	0.782560685634827	0.178	0.098	7.40576831055979e-11	C2orf74	c14
2.23553789629144e-15	-2.45222047580884	0.059	0.145	7.53242138776438e-11	AC133644.2	c14
2.29945319217915e-15	0.49358572624303	0.344	0.226	7.74777758572842e-11	TSTA3	c14
2.45864175746138e-15	0.7954681334472	0.143	0.073	8.28414753759037e-11	POC1B	c14
2.4725163202755e-15	0.329361832256917	0.729	0.582	8.33089648953627e-11	WDR1	c14
2.56272387455502e-15	1.02134014279049	0.108	0.05	8.63484182292568e-11	TMEM102	c14
2.56438323240333e-15	0.719917012777422	0.209	0.121	8.64043286325978e-11	DCTPP1	c14
2.56860301109226e-15	0.580693379602148	0.319	0.208	8.65465098557425e-11	RPS6KA1	c14
2.57975328056233e-15	0.507642825350754	0.344	0.225	8.69222070352673e-11	RAB18	c14
2.6444012745425e-15	0.247255671180405	0.86	0.74	8.91004565444352e-11	CNN2	c14
2.65440539816293e-15	1.44611004309922	0.055	0.019	8.94375354857019e-11	CHSY1	c14
2.65759694311424e-15	0.737903104963024	0.194	0.111	8.95450714012911e-11	BLMH	c14
2.68042345683983e-15	0.361523397515788	0.519	0.371	9.03141879547611e-11	TLN1	c14
2.68722119652608e-15	1.1023726662923	0.085	0.036	9.05432309957498e-11	RLN2	c14
2.69486906969676e-15	0.480509164524611	0.441	0.312	9.08009184343626e-11	SH3GLB1	c14
2.75403339622973e-15	0.560284628153125	0.319	0.209	9.27944012525645e-11	CNIH4	c14
2.87995019359569e-15	0.359785050691174	0.758	0.621	9.70370418230130e-11	POLR2L	c14
2.93379955189746e-15	0.67756481431045	0.179	0.098	9.8851442101633e-11	OAT	c14
3.06270173123757e-15	0.345220624536476	0.67	0.515	1.03194672132319e-10	MYEOV2	c14
3.07084908650878e-15	0.621987177942008	0.239	0.144	1.03469189120827e-10	NRBF2	c14
3.10013870914708e-15	-0.614653883594306	0.496	0.586	1.04456073666002e-10	DDIT4	c14
3.22977808831714e-15	-1.00997166159295	0.218	0.319	1.08824142907758e-10	CD84	c14
3.30321536469719e-15	0.330893045863466	0.612	0.454	1.11298538498107e-10	PSTPIP1	c14
3.32322695882039e-15	0.56061723119587	0.305	0.197	1.11972809150494e-10	NDUFA8	c14
3.40865205459369e-15	0.527712034925991	0.292	0.185	1.1485112232748e-10	TXNDC15	c14
3.44467515870679e-15	0.850759856102317	0.142	0.073	1.16064884797467e-10	NDUFB8	c14
3.49901686957637e-15	0.386967735547669	0.531	0.39	1.17895874403506e-10	KIF5B	c14
3.60078970401667e-15	-0.961681866455104	0.211	0.313	1.21325008287138e-10	RILPL2	c14
3.82959725341631e-15	0.40325250327293	0.422	0.288	1.29034449856609e-10	MGAT4A	c14
3.94340484807368e-15	0.395772698572496	0.492	0.347	1.32869082950995e-10	MMADHC	c14
3.96385549675371e-15	0.999973444351257	0.106	0.049	1.3355814710762e-10	SMAD7	c14
4.11852095626377e-15	-0.222289294744132	0.999	0.991	1.38769445100351e-10	FTH1	c14
4.16848025094513e-15	0.394362882170493	0.516	0.371	1.40452773575345e-10	MIEN1	c14
4.23894312463337e-15	0.734221460031683	0.215	0.128	1.42826949641397e-10	FMNL3	c14
4.29098485512783e-15	0.458406513616529	0.274	0.169	1.44580443708677e-10	AP1G2	c14
4.3820747926214e-15	0.488782066899412	0.413	0.289	1.47649628062585e-10	NUDT5	c14
4.96799101446788e-15	0.526298670088698	0.368	0.253	1.67391489241481e-10	XRN1	c14
5.03515688526512e-15	0.291070703850403	0.665	0.487	1.69654576092123e-10	SEC11A	c14
5.0374761679868e-15	-2.2710250048303	0.029	0.106	1.69732722004147e-10	RP11-455F5.5	c14
5.14130261078071e-15	0.622190226159951	0.247	0.151	1.73231050167645e-10	PDHA1	c14
5.52705245274174e-15	3.3213502719645	0.013	0.002	1.8622850534268e-10	SOBP	c14
5.6988236252333e-15	0.415491604878808	0.462	0.324	1.92016163228611e-10	NT5C	c14
5.72325006050883e-15	1.70285151947768	0.038	0.011	1.92839187538785e-10	IFI30	c14
6.10669954155983e-15	2.09130879605251	0.027	0.006	2.05759134353317e-10	FAM131B	c14
6.16402421854344e-15	-3.17333226621247	0.018	0.09	2.07690632019603e-10	AC017002.1	c14
6.45542392580942e-15	0.361169106946704	0.51	0.364	2.17509053756222e-10	TMX4	c14
6.55845840854323e-15	0.847506482700802	0.138	0.071	2.20980697617456e-10	VPS33A	c14
6.77585040048315e-15	0.622658042923376	0.239	0.146	2.28305503393879e-10	ADARB2	c14
7.33825693158074e-15	-1.90767088603332	0.042	0.124	2.47255229052682e-10	GK	c14
7.4440158764359e-15	-0.293493395715394	0.924	0.907	2.50818670940631e-10	RPS20	c14
7.78716583536774e-15	-0.481217623008154	0.677	0.699	2.62380765656881e-10	SPOCK2	c14
8.06404720291969e-15	0.174214002607792	0.963	0.888	2.71710006455176e-10	YWHAB	c14
8.4816259168448e-15	0.364414024836875	0.484	0.339	2.85779903642169e-10	TGFB1	c14
8.94154757819254e-15	1.02133001830154	0.099	0.045	3.01276504099619e-10	SEC22A	c14
9.09767723984066e-15	1.33999840655649	0.064	0.024	3.06537136919191e-10	SYNGR3	c14
9.24836438607554e-15	0.544460831014287	0.314	0.207	3.11614389624429e-10	HK1	c14
9.9341062446231e-15	-0.520209803213019	0.635	0.66	3.34719775806331e-10	NDFIP1	c14
1.0096596878246e-14	-5.98663833508487	0.001	0.06	3.40194735215621e-10	CPM	c14
1.01653644026195e-14	0.594369320246804	0.266	0.166	3.42511788181863e-10	ABHD13	c14
1.03088248863181e-14	0.523181143007778	0.284	0.18	3.47345545719601e-10	SKA2	c14
1.04976770587645e-14	0.476869166852805	0.363	0.245	3.53708730818012e-10	DNM2	c14
1.05275844483321e-14	0.57446986413617	0.279	0.177	3.54716430402102e-10	PRKAG1	c14
1.12508459269069e-14	1.24259454609169	0.064	0.024	3.79086002661202e-10	RP11-553K8.5	c14
1.16677152328703e-14	0.46690218502423	0.347	0.232	3.93131997056331e-10	COPB2	c14
1.18781511877221e-14	1.17718903227363	0.066	0.025	4.00222426119109e-10	FAM179A	c14
1.28430450928868e-14	-1.92912546713062	0.033	0.11	4.32733561359728e-10	LY96	c14
1.30181884317678e-14	-3.6536007462662	0.008	0.072	4.38634841019983e-10	CHN1	c14
1.37023148528892e-14	0.499635512253084	0.319	0.208	4.61685796653248e-10	EFHD2	c14
1.43695307099533e-14	0.319279425341408	0.715	0.565	4.84166967741168e-10	DYNLRB1	c14
1.47178322065478e-14	0.543640741383643	0.3	0.195	4.95902638367423e-10	MRPS24	c14
1.4981823226344e-14	0.456467267863292	0.333	0.219	5.04797551788435e-10	MAPK1	c14
1.51893876657607e-14	0.446282242446839	0.382	0.26	5.1179122801014e-10	GIT2	c14
1.5322720598072e-14	-4.65803127815133	0.003	0.063	5.16283747831437e-10	ADGRE1	c14
1.5452425357553e-14	0.557498040323823	0.31	0.205	5.2065401999739e-10	JOSD2	c14
1.59913988041037e-14	0.47117347753876	0.34	0.223	5.38814191305471e-10	DNPEP	c14
1.73742364870299e-14	-0.592284237782778	0.397	0.478	5.85407524193985e-10	OXA1L	c14
1.82767053681697e-14	2.23875623004339	0.018	0.003	6.1581531067511e-10	TRAV8-5	c14
1.83113586300119e-14	3.26654292840643	0.01	0.001	6.1698291767962e-10	RP11-1038A11.3	c14
1.91288467609658e-14	0.614903279425919	0.276	0.177	6.4452736276398e-10	TRAFD1	c14
2.01402555676393e-14	0.196773156577714	0.43	0.284	6.7860577109604e-10	SAMD3	c14
2.02207498500055e-14	0.597881868872383	0.29	0.186	6.81317945446085e-10	NXT1	c14
2.13890236637243e-14	0.457343537130774	0.368	0.252	7.20681763325526e-10	RNF5	c14
2.23430004947906e-14	2.02731840702358	0.026	0.006	7.52825058671475e-10	LRRC63	c14
2.25981572841943e-14	2.90950526174471	0.013	0.002	7.61422311533643e-10	CLEC12A	c14
2.31140939696931e-14	0.527739060897705	0.348	0.236	7.78806282214838e-10	SNF8	c14
2.35210550637347e-14	0.535853051097336	0.322	0.214	7.92518429317477e-10	FKBP3	c14
2.37257393783274e-14	0.609307744308927	0.21	0.123	7.99415062613364e-10	C19orf12	c14
2.38764478576548e-14	0.509053246336744	0.318	0.207	8.04493034115821e-10	COPS3	c14
2.41948781994847e-14	-0.772957461759779	0.274	0.368	8.15222226053437e-10	SELM	c14
2.45884777163307e-14	0.37677861730531	0.488	0.346	8.28484168174045e-10	CEBPB	c14
2.59128826600256e-14	0.370647791379624	0.572	0.428	8.73108668346904e-10	RNF181	c14
2.61408240633628e-14	0.638198861691315	0.242	0.15	8.80788925990946e-10	ME2	c14
2.63543903488712e-14	0.531745771600744	0.205	0.119	8.87984828414866e-10	CCDC50	c14
2.86728426214585e-14	0.443340231284198	0.42	0.298	9.66102759287422e-10	TINF2	c14
2.88384485708796e-14	0.2937984853891	0.765	0.626	9.71682686147219e-10	SUN2	c14
2.94592692159395e-14	0.616471011224608	0.205	0.119	9.92600616961866e-10	CDC27	c14
2.96570725353435e-14	0.467333353866107	0.407	0.286	9.99265402005864e-10	CPNE1	c14
3.00880236769524e-14	0.728082166561617	0.145	0.076	1.01378586977123e-09	HLTF	c14
3.04929060148937e-14	1.00589332550891	0.083	0.036	1.02742797526583e-09	PM20D2	c14
3.0779360587894e-14	1.20391810945303	0.074	0.03	1.0370797756485e-09	ATP10A	c14
3.30273709236746e-14	0.391743355786195	0.445	0.314	1.11282423590229e-09	MED15	c14
3.37114810977782e-14	0.912159314001966	0.121	0.061	1.13587464410854e-09	HOXB4	c14
3.55522057449588e-14	0.621521607232728	0.199	0.117	1.19789602037064e-09	ZNRF1	c14
3.7849031236058e-14	-4.97029294868956	0.002	0.06	1.27528525846774e-09	CXCR5	c14
4.01600451837247e-14	-0.353889423900528	0.893	0.873	1.35315256242042e-09	FYB	c14
4.07720414100408e-14	0.35718725543142	0.503	0.361	1.37377316326991e-09	PHYKPL	c14
4.14765820093157e-14	0.335869892808664	0.654	0.503	1.39751195422188e-09	PSMD8	c14
4.17477159640631e-14	-0.884959127094418	0.203	0.302	1.40664754169314e-09	SORL1	c14
4.21260800197935e-14	0.609659073556464	0.254	0.159	1.41939614018692e-09	TOR3A	c14
4.2833675544863e-14	0.569984166866805	0.248	0.154	1.44323786380861e-09	KEAP1	c14
4.55228825025676e-14	-0.388677108707882	0.711	0.723	1.53384800304151e-09	SEPT9	c14
4.55709059402576e-14	-1.81815945801186	0.047	0.126	1.53546610475104e-09	DHRS3	c14
4.59810314188872e-14	-1.00146843031831	0.189	0.288	1.54928487262799e-09	LIMS1	c14
4.61254799808087e-14	0.661498857382641	0.202	0.119	1.55415192247337e-09	CDIP1	c14
4.79204850340283e-14	-1.28795057861042	0.119	0.212	1.61463282273655e-09	PHTF2	c14
5.01682924864311e-14	2.70811477174674	0.016	0.003	1.69037044703781e-09	LRRC34	c14
5.09463889707332e-14	0.396613776889048	0.298	0.192	1.71658762997988e-09	PDE4D	c14
5.20487186112409e-14	0.524438397619886	0.318	0.212	1.75372952488715e-09	PTP4A1	c14
5.231987660661e-14	0.7114281768022	0.148	0.079	1.76286592238312e-09	HAGHL	c14
5.34333590326693e-14	-5.23641846700499	0.003	0.061	1.80038359924676e-09	ZBED2	c14
5.45960366454161e-14	0.379161921099465	0.427	0.297	1.83955885873065e-09	GALM	c14
5.53510028519793e-14	0.576133760172049	0.222	0.133	1.86499669009459e-09	CTAGE5	c14
5.57417821706786e-14	0.731271916586906	0.152	0.082	1.87816360845885e-09	ST3GAL5	c14
5.57991522197244e-14	0.398093668185551	0.336	0.222	1.88009663489140e-09	SLC4A7	c14
5.64518443036554e-14	-0.815295739177761	0.282	0.373	1.90208844196737e-09	EPB41	c14
5.73105293877997e-14	2.10078748396774	0.027	0.006	1.93102097719252e-09	CKLF-CMTM1	c14
6.05864192285258e-14	0.763667275837704	0.141	0.074	2.04139880948595e-09	NDUFA7	c14
6.22276827985739e-14	0.489293565781035	0.342	0.232	2.09669954421515e-09	TXNL4A	c14
6.30505883027259e-14	0.82522966383655	0.118	0.059	2.12442652227205e-09	TTC38	c14
6.37996792486909e-14	-1.43783635461398	0.1	0.19	2.14966639260539e-09	PELI1	c14
6.60795252075382e-14	0.608001094236446	0.161	0.089	2.22648352234279e-09	EGR1	c14
6.93273180101053e-14	1.0879187718447	0.085	0.038	2.33591465303249e-09	C4orf33	c14
7.0520954538227e-14	0.415565447143277	0.409	0.281	2.37613304221102e-09	C1D	c14
7.36684541278045e-14	0.58832603493937	0.206	0.122	2.48218489338225e-09	RAB33A	c14
7.60129330594821e-14	0.529472594990726	0.311	0.206	2.56117976650619e-09	ZRSR2	c14
7.99807712570143e-14	0.353226883772839	0.533	0.396	2.69487210673384e-09	PIN1	c14
8.06166013914157e-14	0.910861474336712	0.102	0.048	2.71629576728236e-09	MRGBP	c14
8.1095995361981e-14	0.513564276510198	0.295	0.192	2.73244846772659e-09	PPP6R1	c14
8.31926965358616e-14	-7.20617365285554	0	0.054	2.80309471707932e-09	ANKRD55	c14
8.83468538497892e-14	1.67343761626104	0.038	0.011	2.9767588936148e-09	GRAMD1B	c14
9.01670305230379e-14	0.55048709797883	0.237	0.146	3.03808792644324e-09	G6PD	c14
1.06084856260487e-13	0.619098460042186	0.254	0.16	3.57442314684084e-09	GMPS	c14
1.07245483095639e-13	0.42560788035764	0.335	0.224	3.61352930742445e-09	NINJ1	c14
1.10646641064337e-13	0.70627175774856	0.173	0.098	3.72812792402176e-09	CASP7	c14
1.10672682680572e-13	0.407362613722302	0.387	0.264	3.72900537023921e-09	UBE2V2	c14
1.11608560231328e-13	1.76627121236557	0.034	0.009	3.76053882843438e-09	L1CAM	c14
1.13072979206308e-13	0.384054067208515	0.51	0.372	3.80988096137736e-09	PUF60	c14
1.13759574302204e-13	0.772436205799002	0.156	0.086	3.83301509653846e-09	PTRH1	c14
1.14244684196842e-13	1.61824184948386	0.038	0.011	3.84936038932841e-09	PWWP2B	c14
1.20609824340924e-13	0.435638828428057	0.434	0.308	4.06382742134309e-09	PSMC4	c14
1.29618509897929e-13	0.85240695006442	0.118	0.06	4.36736607250083e-09	ERV3-1	c14
1.30203579379062e-13	0.318702792324735	0.64	0.493	4.38707940359811e-09	BIN2	c14
1.30981969749787e-13	-1.78707525660834	0.055	0.134	4.41330648874932e-09	PLEK	c14
1.36302596101429e-13	0.837747804567718	0.109	0.053	4.59257967304154e-09	TIMM10B	c14
1.37806181909697e-13	-0.425067479582038	0.579	0.629	4.64324149326534e-09	TOMM20	c14
1.42373134554171e-13	0.693545114880797	0.19	0.112	4.79712039566823e-09	MCMBP	c14
1.43772587949266e-13	0.380721387308458	0.448	0.315	4.84427357836256e-09	GTF3C6	c14
1.48728661813706e-13	0.613027305366732	0.248	0.156	5.01126353115099e-09	VMA21	c14
1.50064285006347e-13	-1.71524003499484	0.024	0.092	5.05626601900386e-09	TNFRSF9	c14
1.58591542871898e-13	0.209629770717557	0.643	0.485	5.34358344552573e-09	CARD16	c14
1.59683488726743e-13	0.441157003687513	0.341	0.229	5.38037546915889e-09	MOB4	c14
1.6073221362377e-13	0.184852947122995	0.291	0.185	5.41571120583929e-09	FABP5	c14
1.64523860433373e-13	0.453565852661578	0.466	0.34	5.54346695344206e-09	CAPZA2	c14
1.69503238592292e-13	0.712316413743175	0.184	0.107	5.71124212112870e-09	MRPL15	c14
1.71450605465996e-13	1.05204852229629	0.09	0.041	5.77685670057127e-09	IGFBP3	c14
1.72194558665914e-13	-4.18673788608405	0.004	0.06	5.80192345968929e-09	SGPP2	c14
1.76133588415554e-13	0.621552399062962	0.223	0.136	5.93464512807366e-09	NDUFAF4	c14
1.89859136150577e-13	-4.42060497757223	0.004	0.06	6.39711373345755e-09	PCAT29	c14
2.00456024171357e-13	0.506985575152486	0.285	0.186	6.7541652784297e-09	PANK2	c14
2.04789808679671e-13	2.43743827429549	0.017	0.003	6.90018781365283e-09	B3GNT8	c14
2.04861410369922e-13	0.349957234294512	0.481	0.345	6.90260036100417e-09	DNAJC1	c14
2.09160768887377e-13	1.47471255213912	0.046	0.016	7.04746294689127e-09	RP11-644F5.11	c14
2.12922483941062e-13	0.600249091502518	0.224	0.137	7.17421017391013e-09	TMX2	c14
2.20381572955177e-13	0.337602322049738	0.586	0.446	7.42553671915173e-09	TOMM5	c14
2.20961346503719e-13	-1.5891472212159	0.052	0.131	7.4450716090963e-09	ADPRM	c14
2.32977054133971e-13	0.39878228078936	0.403	0.282	7.84992886199e-09	ILK	c14
2.3581209549106e-13	0.579231804293414	0.228	0.14	7.94545274547577e-09	UCHL3	c14
2.36787542700476e-13	0.994757078734663	0.105	0.051	7.97831946374984e-09	TMEM229B	c14
2.41640392273159e-13	0.392554003395923	0.54	0.406	8.14183137725183e-09	ATP6V0B	c14
2.42729905713065e-13	0.945419909677001	0.108	0.053	8.178541443096e-09	DHX58	c14
2.46078328122429e-13	0.385939432060757	0.497	0.364	8.29136318775712e-09	DCTN3	c14
2.48857868203921e-13	0.438422284217497	0.382	0.265	8.38501701126293e-09	SUCLG1	c14
2.60788753318971e-13	0.573827807417026	0.233	0.144	8.78701625432942e-09	ZNF511	c14
2.68232586064874e-13	1.97766543410728	0.034	0.01	9.03782875486987e-09	RP11-561B11.2	c14
2.70789973574708e-13	0.520416074005176	0.28	0.182	9.12399736962621e-09	RAB5A	c14
2.8768179424146e-13	0.222286197909142	0.921	0.822	9.69315037517174e-09	SKP1	c14
3.04211207523526e-13	0.44395534454779	0.32	0.21	1.02500924262977e-08	CAPN1	c14
3.08802158383377e-13	0.511843240345455	0.254	0.161	1.04047799245695e-08	MRPL38	c14
3.09646939480711e-13	0.567175114204389	0.198	0.118	1.04332439788631e-08	CRY1	c14
3.13131854488961e-13	0.475271181785174	0.342	0.233	1.0550664705151e-08	PPT1	c14
3.24022505540477e-13	0.442351394374096	0.291	0.188	1.09176143016808e-08	APPL1	c14
3.44165371477277e-13	0.39349845616992	0.432	0.308	1.15963080265554e-08	DR1	c14
3.44227272676119e-13	1.02101566104866	0.095	0.044	1.15983937255492e-08	FAM126A	c14
3.53882349700754e-13	-4.42708825379623	0.003	0.057	1.19237118908172e-08	COL9A2	c14
3.56289344903812e-13	-1.78270745627909	0.073	0.154	1.2004813187189e-08	IGFBP4	c14
3.61057019143004e-13	0.968519383429214	0.099	0.047	1.21654552030044e-08	FXYD2	c14
3.64856106555253e-13	0.524046489722932	0.343	0.234	1.22934616542727e-08	MX2	c14
3.70658025270284e-13	-2.15444190103544	0.025	0.092	1.2488951503457e-08	LINC00239	c14
3.81531506580932e-13	1.70394590795148	0.029	0.007	1.28553225827379e-08	EPS8L1	c14
3.85285067573058e-13	0.373469042205073	0.488	0.355	1.29817950668066e-08	PFDN2	c14
4.04098593620986e-13	0.706857762380585	0.147	0.08	1.36156980134655e-08	SNAI3	c14
4.16576444084208e-13	0.851006443652386	0.12	0.062	1.40361267069733e-08	SLK	c14
4.1745032365547e-13	0.604500643310936	0.224	0.138	1.40655712052474e-08	BCKDHA	c14
4.34221579187681e-13	0.436856313928966	0.33	0.22	1.46306618891497e-08	DYNLT3	c14
4.37424990503631e-13	0.527502358768705	0.251	0.159	1.47385976300293e-08	MARS	c14
4.4869054671201e-13	-0.596482822000754	0.383	0.469	1.51181792809145e-08	SLC38A1	c14
4.51689867816816e-13	0.373908936801669	0.52	0.386	1.52192384062198e-08	SNRPB2	c14
4.65454002657173e-13	0.459158253736893	0.286	0.186	1.56830071655308e-08	TIA1	c14
4.89557561078393e-13	-1.76507481900974	0.041	0.114	1.64951524629754e-08	FBLN5	c14
4.92606882588642e-13	1.09917772649499	0.066	0.027	1.65978963019417e-08	DENND3	c14
5.42909933327731e-13	0.348448704490893	0.508	0.376	1.82928072935446e-08	SRSF9	c14
5.68374661533984e-13	0.428747552274078	0.327	0.22	1.91508158457261e-08	EHD1	c14
5.97412504006843e-13	0.705567429781407	0.123	0.063	2.01292169100066e-08	MCTP2	c14
6.18576922403488e-13	0.413616003182289	0.264	0.168	2.08423308234631e-08	CSRNP1	c14
6.83537447970742e-13	0.680331430945568	0.161	0.091	2.30311107719262e-08	TPD52	c14
6.84039961822198e-13	0.60197659339477	0.16	0.09	2.30480424736371e-08	ZBTB43	c14
6.86152684649241e-13	0.314398332724639	0.643	0.499	2.31192285565715e-08	ANAPC11	c14
7.05287953143155e-13	0.355498269669773	0.564	0.426	2.37639722932055e-08	NDUFB3	c14
7.18314648999926e-13	0.987763927581352	0.08	0.035	2.42028937834035e-08	C11orf63	c14
7.43092537288725e-13	0.379593627959534	0.434	0.306	2.50377599514063e-08	LASP1	c14
7.75054535800841e-13	0.576487992798602	0.249	0.159	2.61146875292735e-08	AGPAT2	c14
7.86214194235013e-13	0.463849908532812	0.343	0.237	2.64907010605545e-08	SRM	c14
8.15516687037973e-13	0.526427220399059	0.252	0.16	2.74780192530574e-08	ST6GALNAC6	c14
8.42023299972303e-13	0.813795821089704	0.146	0.081	2.83711330692668e-08	PCYT1A	c14
8.46940060364093e-13	0.797426008607596	0.132	0.07	2.85367983939078e-08	KLC2	c14
9.11930497508651e-13	0.314059623606286	0.571	0.434	3.07265861830565e-08	SERPINB1	c14
9.24236745039897e-13	0.466438369340001	0.31	0.209	3.11412328873743e-08	SMIM12	c14
9.52946807631748e-13	0.475643796066162	0.256	0.163	3.21085897363441e-08	KDM5B	c14
9.53821094696254e-13	0.487648088944214	0.291	0.191	3.21380479646956e-08	FAM103A1	c14
9.7493916867583e-13	-1.49101140224445	0.069	0.148	3.28496003493634e-08	RBM38	c14
1.00429791535701e-12	0.616721261548451	0.191	0.114	3.3838813960039e-08	CD151	c14
1.0046180323071e-12	0.991319498465467	0.066	0.027	3.38495999805554e-08	GSAP	c14
1.01156251790003e-12	0.203563603441745	0.914	0.809	3.40835874781236e-08	TCEB2	c14
1.01212984167645e-12	-0.500895533771152	0.453	0.532	3.41027028854463e-08	TSTD1	c14
1.0256199600067e-12	-5.4593226141752	0.001	0.052	3.45572389324659e-08	F5	c14
1.03879579345716e-12	0.377754862504929	0.41	0.293	3.50011854647456e-08	DDX21	c14
1.03914487462237e-12	0.279445151720093	0.364	0.243	3.5012947405526e-08	PTTG1	c14
1.04325291121868e-12	0.478614005515097	0.137	0.073	3.51513635906024e-08	CD70	c14
1.0463020447511e-12	0.459952806068464	0.333	0.226	3.52541010958436e-08	NIFK	c14
1.04754490456137e-12	0.532562580044371	0.341	0.24	3.52959780142907e-08	TIPRL	c14
1.0563831557642e-12	-0.540072247855942	0.466	0.521	3.5593774050319e-08	TNFRSF14	c14
1.09363730077537e-12	0.36400221867859	0.494	0.358	3.68490152123253e-08	MED10	c14
1.10071821846309e-12	0.360190650781943	0.453	0.325	3.70875996528954e-08	LAPTM4A	c14
1.15459960774019e-12	0.625928539387125	0.207	0.127	3.8903079183198e-08	LMNB1	c14
1.30594858321872e-12	0.213733005134631	0.906	0.8	4.40026315629714e-08	COX7A2	c14
1.31248933681483e-12	-0.848408393071151	0.207	0.298	4.42230157146389e-08	SLC44A2	c14
1.31566144782231e-12	0.469341208020479	0.297	0.197	4.4329896822925e-08	RIC8A	c14
1.31787214886317e-12	0.71211532042128	0.177	0.104	4.44043841837955e-08	CH507-9B2.3	c14
1.32471609370114e-12	0.356953303944736	0.45	0.328	4.46349840611663e-08	CGGBP1	c14
1.33431095532489e-12	-0.842330688671215	0.209	0.303	4.49582733287169e-08	TSPYL2	c14
1.39498960357271e-12	0.794486327826067	0.128	0.069	4.70027797027789e-08	DUSP10	c14
1.51325025777289e-12	0.406751814305209	0.329	0.223	5.09874541853998e-08	LPIN1	c14
1.5176432863231e-12	0.344423549590441	0.577	0.439	5.11354728893704e-08	TRAM1	c14
1.57085545471964e-12	0.256207388857999	0.543	0.405	5.29284036913234e-08	REL	c14
1.57435433501374e-12	0.562642830317549	0.225	0.141	5.30462949639529e-08	TBC1D20	c14
1.57657705744075e-12	-1.4374191853398	0.067	0.145	5.31211873734086e-08	CMTM8	c14
1.597179851794e-12	-6.95059317258002	0.001	0.051	5.38153779263471e-08	IGFL2	c14
1.62369811791745e-12	1.19076897532986	0.059	0.023	5.47088843851107e-08	PLEKHO2	c14
1.62528679608405e-12	-3.73733015065729	0.006	0.06	5.47624133072559e-08	LAYN	c14
1.63803936226025e-12	0.279674868678217	0.734	0.582	5.51920982719967e-08	SNRPG	c14
1.76043245581809e-12	0.796163525414662	0.133	0.072	5.93160111663346e-08	REC8	c14
1.80554971725311e-12	0.449603584072731	0.33	0.224	6.08361921731261e-08	TMEM87A	c14
1.81466030840625e-12	0.65917117976095	0.194	0.118	6.11431644314402e-08	IFIH1	c14
1.92835847005492e-12	0.671750519272942	0.187	0.112	6.49741102900303e-08	KIFAP3	c14
1.95033730593527e-12	0.555057439519103	0.212	0.13	6.5714665186183e-08	CASP3	c14
2.04224174054236e-12	0.566573191842731	0.24	0.153	6.88112932058342e-08	SAR1A	c14
2.0576614168657e-12	0.504800776916942	0.27	0.176	6.93308437798729e-08	VTA1	c14
2.07283154517863e-12	0.784118389986731	0.131	0.07	6.98419860832488e-08	FHOD1	c14
2.15444552421529e-12	-1.25343920427299	0.079	0.161	7.25918874929101e-08	NCK2	c14
2.22001043491664e-12	0.167422884578491	0.989	0.938	7.48010315940812e-08	ITM2B	c14
2.22518099693478e-12	0.435498167345815	0.354	0.246	7.49752485107204e-08	BLOC1S2	c14
2.2533231434721e-12	0.569826126818719	0.213	0.131	7.59234699961491e-08	DUSP22	c14
2.31177956593114e-12	0.337459101401587	0.572	0.44	7.78931006944838e-08	ARHGAP9	c14
2.50308872620685e-12	0.239694348054331	0.838	0.735	8.43390715408135e-08	MYH9	c14
2.61317090881036e-12	0.651782455278359	0.176	0.104	8.80481806014563e-08	LEO1	c14
2.62284486789708e-12	0.707063356682024	0.145	0.081	8.83741349789244e-08	NRAS	c14
2.66475018881331e-12	0.482120614474698	0.288	0.191	8.97860928618758e-08	PFKP	c14
2.76233452264228e-12	0.279840885645781	0.445	0.318	9.30740994059091e-08	GLUD1	c14
2.90412495558645e-12	0.408114843198842	0.381	0.266	9.78515862535299e-08	ZFAND6	c14
2.96213815215756e-12	0.402096490735638	0.471	0.349	9.98062828987968e-08	RNF187	c14
3.02530639137182e-12	0.925084683693214	0.087	0.041	1.01934673550882e-07	GSE1	c14
3.08040134462817e-12	0.343898561189585	0.599	0.466	1.03791042905901e-07	C16orf13	c14
3.15216661010294e-12	0.449041627021513	0.316	0.214	1.06209101760808e-07	AP2B1	c14
3.15727630125986e-12	0.682271994099553	0.191	0.117	1.0638126769465e-07	TESC	c14
3.24416213218776e-12	0.463130016467511	0.366	0.258	1.09308798881934e-07	ARPP19	c14
3.26718209332778e-12	0.422218936892028	0.367	0.257	1.10084433452586e-07	FDPS	c14
3.40890768666379e-12	0.720640197653251	0.148	0.083	1.1485973559445e-07	RAD9A	c14
3.41710416951739e-12	0.917339027158857	0.109	0.056	1.15135907887719e-07	CHRNB1	c14
3.60136133455056e-12	-1.86705949480223	0.051	0.123	1.21344268806347e-07	MAP1LC3A	c14
3.73759126236749e-12	0.507363024040359	0.323	0.226	1.2593439999421e-07	RHOB	c14
3.78850508737164e-12	-2.06215071272103	0.014	0.072	1.276498904139e-07	GEM	c14
4.10493008755123e-12	0.318591301590854	0.569	0.425	1.38311514369951e-07	NDUFAB1	c14
4.11971394595921e-12	-2.79992712270034	0.01	0.065	1.3880964169515e-07	LMCD1	c14
4.12136470314412e-12	0.399724975601804	0.396	0.283	1.38865262307738e-07	SPCS3	c14
4.382104931017e-12	0.528942199903865	0.189	0.113	1.47650643545687e-07	TSPAN32	c14
4.64565305441065e-12	1.47130047298354	0.054	0.021	1.56530634015312e-07	CHAC2	c14
4.66192566043419e-12	0.881469224497626	0.117	0.062	1.5707892320267e-07	CDCA7	c14
4.69164281558151e-12	0.463611588872979	0.358	0.253	1.58080213028203e-07	ERP44	c14
4.83214838105057e-12	-0.826849646474654	0.268	0.348	1.62814407551118e-07	SFXN1	c14
5.1578601717049e-12	0.478157759290603	0.263	0.172	1.73788940625425e-07	SMPD1	c14
5.74377210668753e-12	-0.880896715932117	0.186	0.275	1.9353065736273e-07	AC245100.1	c14
5.76078268569145e-12	-2.28892745171063	0.02	0.079	1.94103811811688e-07	APP	c14
5.77689895041042e-12	-4.2649101692627	0.003	0.052	1.94646833235129e-07	HACD1	c14
5.8357708759112e-12	0.383721187036861	0.814	0.724	1.96630463892952e-07	ISG20	c14
5.93008016041501e-12	-1.13965999852686	0.096	0.177	1.99808120925023e-07	ZNF302	c14
6.17006117379407e-12	0.465133434021199	0.212	0.129	2.07894041189817e-07	PPP2R2B	c14
6.43481957314383e-12	-0.439238299105225	0.583	0.619	2.16814810697508e-07	NSA2	c14
6.7523362783068e-12	0.342004539338628	0.556	0.423	2.27513218561269e-07	CLTB	c14
6.75683052328552e-12	0.382927450432262	0.453	0.339	2.27664647651582e-07	TMEM9B	c14
6.78439415863008e-12	0.445989584694291	0.305	0.206	2.28593376780882e-07	PWP1	c14
6.7872048229774e-12	0.422061908568213	0.322	0.216	2.286880793054e-07	GTF2E2	c14
6.97273689860192e-12	0.267989046191477	0.616	0.48	2.34939397061493e-07	IQGAP1	c14
7.1163654767283e-12	0.541717246407089	0.232	0.148	2.39778818372883e-07	JKAMP	c14
7.5624518162943e-12	0.44140293235944	0.323	0.221	2.5480925149822e-07	MRPL16	c14
7.81898789095072e-12	0.715546801982436	0.156	0.09	2.63452977997694e-07	SNAPC2	c14
7.8689596248691e-12	0.771924681201619	0.15	0.086	2.65136725600339e-07	PGM2	c14
7.92853440652464e-12	-2.58820879393587	0.015	0.072	2.67144038293441e-07	ZC2HC1A	c14
7.95859766737038e-12	0.571179015307486	0.223	0.141	2.68156989804378e-07	EXOSC9	c14
8.46997485694575e-12	-3.55704863093755	0.005	0.055	2.8538733282993e-07	SLC40A1	c14
8.53150939961905e-12	0.323290847051723	0.637	0.505	2.87460677710764e-07	ATP6V1F	c14
8.63266824728901e-12	0.229464178999662	0.695	0.545	2.90869123924156e-07	YWHAQ	c14
8.79102498180903e-12	0.220032806093788	0.876	0.774	2.96204795737073e-07	UBE2D3	c14
8.79407185516164e-12	0.639734931606285	0.183	0.111	2.96307457087816e-07	CSGALNACT2	c14
9.12603275722121e-12	0.204431889490343	0.898	0.782	3.07492547721811e-07	RAN	c14
9.15064970566601e-12	0.476151114822328	0.276	0.184	3.08321991182711e-07	TMEM256-PLSCR3	c14
9.50330864673127e-12	-0.714485769078601	0.32	0.392	3.20204481542963e-07	CCDC167	c14
9.53785356452707e-12	0.705199078378464	0.146	0.082	3.21368438003175e-07	TRIP4	c14
9.54941514805083e-12	0.316363011220122	0.598	0.455	3.21757993998425e-07	UBE2N	c14
9.62806583476345e-12	-0.146155490937892	0.997	0.986	3.2440805023652e-07	RPL35	c14
9.63912422392677e-12	0.402646182215487	0.344	0.239	3.24780651600989e-07	SDAD1	c14
9.85202570635741e-12	0.513490711637222	0.222	0.139	3.31954154150006e-07	DTNBP1	c14
9.95929228444514e-12	-1.51084223826917	0.047	0.117	3.35568394232095e-07	LGALS3BP	c14
9.97298513476095e-12	-1.62052251881438	0.041	0.109	3.36029761130636e-07	ID3	c14
1.00768094323545e-11	-2.94019266273224	0.012	0.067	3.39528017013751e-07	CAMK1	c14
1.022011669995e-11	0.289598984025504	0.495	0.374	3.44356612088117e-07	NR4A2	c14
1.02524977444785e-11	0.548257343753207	0.247	0.161	3.45447659002459e-07	MIS18BP1	c14
1.02931152423436e-11	0.249803971413967	0.609	0.459	3.46816224975525e-07	CAST	c14
1.08334553333818e-11	0.607000085243224	0.152	0.087	3.65022444002967e-07	PIK3CG	c14
1.08533250781401e-11	0.559215705976541	0.196	0.12	3.65691935182853e-07	GCLM	c14
1.12882813389822e-11	-0.88693355864338	0.266	0.346	3.80347351435666e-07	PRDM1	c14
1.21131677740609e-11	0.593446718649765	0.201	0.125	4.08141074979208e-07	MRPS22	c14
1.21419356548935e-11	0.57987248228918	0.192	0.117	4.09110379955983e-07	AGAP2	c14
1.22059605015365e-11	0.260986191802376	0.755	0.622	4.1126763313877e-07	EIF4G2	c14
1.23607590672565e-11	0.697960186744102	0.138	0.077	4.16483416012142e-07	UBE2S	c14
1.26286492191964e-11	0.422674024057029	0.279	0.184	4.25509706791603e-07	B3GNT2	c14
1.26871690957407e-11	0.299374322267823	0.451	0.326	4.27481475511886e-07	DIAPH1	c14
1.28862026662896e-11	0.62428070230842	0.18	0.108	4.34187712637961e-07	MFSD5	c14
1.30411009883171e-11	0.498915636253818	0.263	0.175	4.39406856700358e-07	C21orf59	c14
1.30477788526359e-11	0.650572327902917	0.162	0.095	4.39631860660712e-07	ERO1A	c14
1.3262883940726e-11	1.26592614761691	0.054	0.022	4.46879611498822e-07	TMEM110	c14
1.34448374850929e-11	3.03684375747128	0.01	0.001	4.53010354222722e-07	TVP23C-CDRT4	c14
1.35795646686808e-11	0.414706344009259	0.366	0.26	4.57549851946532e-07	CHCHD7	c14
1.36484327922765e-11	0.901698732018266	0.099	0.05	4.59870294502965e-07	MRPS17	c14
1.38595870949236e-11	0.63835147674295	0.153	0.088	4.66984927576356e-07	ANKRD27	c14
1.38887190046521e-11	-0.510039161658276	0.493	0.543	4.67966498142747e-07	NAP1L1	c14
1.44141989682401e-11	0.918645356723968	0.077	0.035	4.85672020035883e-07	SAC3D1	c14
1.44799798904888e-11	0.654742740772682	0.164	0.097	4.87888442430129e-07	MAP1S	c14
1.45800727835772e-11	0.280059490828877	0.711	0.572	4.91260972369849e-07	RALY	c14
1.52673480869504e-11	0.5718970580833	0.22	0.14	5.14418026441705e-07	C14orf159	c14
1.55266509637514e-11	0.718193750314575	0.122	0.066	5.2315497757264e-07	AFAP1	c14
1.55930809379102e-11	0.33977286546581	0.536	0.408	5.25393269121948e-07	CCT7	c14
1.57776305725062e-11	0.439817255575448	0.28	0.185	5.31611484510022e-07	CCPG1	c14
1.58031909583547e-11	0.323207692351394	0.484	0.361	5.32472716150804e-07	PTGER4	c14
1.59539060767052e-11	1.01304167537543	0.089	0.044	5.37550911348507e-07	BLOC1S5	c14
1.61793573087653e-11	0.550880369838228	0.275	0.187	5.45147265161537e-07	EIF4A3	c14
1.62048766234187e-11	0.723283308058717	0.139	0.078	5.4600711294947e-07	PRKCD	c14
1.64339756099146e-11	0.874034456639091	0.11	0.058	5.53726374200463e-07	POU2F1	c14
1.66645515588596e-11	1.4045585427466	0.032	0.01	5.61495400224216e-07	WDR63	c14
1.69085974653484e-11	0.647973449579404	0.153	0.089	5.69718282997449e-07	MGAT5	c14
1.76293218268212e-11	0.270281537456702	0.774	0.662	5.94002369632915e-07	TRAPPC1	c14
1.76435832173282e-11	0.353328281350317	0.577	0.457	5.94482892924655e-07	NDUFB7	c14
1.78251838740384e-11	0.556867002902113	0.231	0.148	6.00601745451848e-07	NDEL1	c14
1.793194946825e-11	2.38184202857862	0.015	0.003	6.04199105383215e-07	VSIG10L	c14
1.79546208862628e-11	0.995005605721214	0.086	0.042	6.04962996141739e-07	POMZP3	c14
1.79931401607927e-11	-1.82383272806947	0.032	0.095	6.06260864577749e-07	RMND5B	c14
1.8361444563339e-11	1.16764513475748	0.075	0.034	6.18670513117145e-07	ARPC4-TTLL3	c14
1.85423923135211e-11	0.532632043260806	0.235	0.153	6.24767366611781e-07	PCBD1	c14
1.88850964452181e-11	0.739808326795868	0.155	0.091	6.36314439625179e-07	ZMPSTE24	c14
1.88943573381289e-11	0.328172772093563	0.546	0.419	6.36626476150914e-07	UQCRFS1	c14
1.89499799640982e-11	0.632078716797481	0.117	0.062	6.38500624910325e-07	TP53I11	c14
1.89588807970775e-11	1.02959882476994	0.076	0.035	6.38800529576731e-07	PINX1	c14
1.89641128718437e-11	0.931433394183553	0.088	0.043	6.38976819103902e-07	ANKMY2	c14
1.93456296838579e-11	0.207917602677078	0.754	0.616	6.51831646567909e-07	AHNAK	c14
1.94222509257497e-11	0.456557182100055	0.358	0.256	6.54413322692209e-07	ASF1A	c14
1.96170006252822e-11	0.383882721696891	0.348	0.243	6.60975219068258e-07	MCTS1	c14
1.97803338890103e-11	0.402847837530222	0.369	0.264	6.66478570056312e-07	MRPS36	c14
1.98078207634939e-11	-2.33231878091513	0.017	0.074	6.67404712805162e-07	CTD-2562J15.6	c14
2.02269152470081e-11	1.43568401275886	0.039	0.013	6.81525682332692e-07	RP11-286N22.8	c14
2.05408221881961e-11	0.505127141229819	0.294	0.199	6.92102462809079e-07	RBM22	c14
2.08495248160567e-11	1.44069908640535	0.061	0.026	7.02503889152214e-07	MRPL12	c14
2.09631713964701e-11	0.531324976253844	0.18	0.108	7.06333097032662e-07	G2E3	c14
2.10615281098749e-11	0.511532755607428	0.216	0.137	7.09647128134125e-07	SLC52A2	c14
2.11736439259598e-11	0.464322524308357	0.322	0.224	7.1342475844129e-07	PSMC2	c14
2.11847331271431e-11	-0.399922684084411	0.594	0.633	7.13798397985959e-07	CSDE1	c14
2.14262252825066e-11	0.724123714009981	0.153	0.089	7.21935234668777e-07	SCO2	c14
2.15962760472235e-11	0.889020726539397	0.104	0.054	7.27664925135149e-07	TEX30	c14
2.18400227440948e-11	-4.59697891389405	0.002	0.048	7.35877726339531e-07	LINC00243	c14
2.26419098031327e-11	-1.95382731848781	0.027	0.087	7.62896508906753e-07	CENPM	c14
2.28129973869951e-11	0.849354907505013	0.088	0.043	7.68661133957412e-07	RASGEF1B	c14
2.29937502851548e-11	-1.09885326807115	0.1	0.18	7.74751422108007e-07	C1orf162	c14
2.30089084017712e-11	0.444796983253378	0.237	0.151	7.7526215968928e-07	EIF4EBP1	c14
2.35134284173259e-11	0.26817657733825	0.752	0.632	7.92261457093377e-07	SKAP1	c14
2.44436358533509e-11	0.589767985161306	0.206	0.13	8.23603866442807e-07	ZC3H12A	c14
2.45337655876138e-11	0.568793580086195	0.199	0.124	8.26640697709061e-07	BCAP29	c14
2.53037580485275e-11	0.390226965726239	0.412	0.296	8.52584823687084e-07	TIMM17B	c14
2.62684003731916e-11	0.791841107898312	0.111	0.058	8.85087482174319e-07	TBC1D25	c14
2.66343280536403e-11	0.358752027208655	0.438	0.322	8.97417049439356e-07	VPS36	c14
2.66681628534662e-11	0.366240569607896	0.43	0.309	8.9855707918469e-07	GTF2B	c14
2.73093767562463e-11	0.858105753901446	0.083	0.039	9.20162140424964e-07	LLGL2	c14
2.73802160424214e-11	0.471935488017553	0.18	0.106	9.22548999333347e-07	BCAS4	c14
2.76702163051325e-11	0.985918198069322	0.065	0.028	9.32320268185136e-07	AFAP1L2	c14
2.77742207480499e-11	0.460630712741009	0.303	0.209	9.35824593884793e-07	MRPL22	c14
2.8431494328551e-11	1.43035147554304	0.036	0.012	9.57970769906196e-07	F8A3	c14
2.99971431072318e-11	0.583290567152945	0.176	0.106	1.01072373985507e-06	SLC5A3	c14
3.13897575391561e-11	0.712311278255159	0.166	0.1	1.05764649052432e-06	MNAT1	c14
3.14099018850767e-11	0.899569942768215	0.106	0.055	1.05832523411577e-06	HGH1	c14
3.1442413024065e-11	0.380396725554435	0.39	0.28	1.05942066443285e-06	RALA	c14
3.17640515859624e-11	0.351274123211167	0.432	0.313	1.07025795413742e-06	MVP	c14
3.19600491839459e-11	0.663791987334191	0.169	0.101	1.07686189720387e-06	GEMIN7	c14
3.3321763386089e-11	0.725684394276961	0.173	0.105	1.12274349553088e-06	PNPT1	c14
3.4180743799839e-11	0.425750856765759	0.368	0.26	1.15168598159177e-06	COPS5	c14
3.41942991357755e-11	-1.00750804290499	0.164	0.246	1.15214271508082e-06	GABPB1-AS1	c14
3.46811937210367e-11	0.739646524960258	0.131	0.073	1.16854814123661e-06	TSFM	c14
3.52979109603523e-11	-0.890789264354618	0.177	0.261	1.18932781189811e-06	BCL2	c14
3.53363993217431e-11	0.369818594268176	0.351	0.245	1.19062463874681e-06	NASP	c14
3.6512269929846e-11	0.35064549586221	0.469	0.349	1.23024442301623e-06	ORMDL1	c14
3.68815052604416e-11	0.448068586903597	0.242	0.157	1.24268543824532e-06	CARS	c14
3.72923848749567e-11	0.667457408956175	0.134	0.075	1.25652961597679e-06	BLZF1	c14
3.74923003145044e-11	0.395595523385209	0.356	0.251	1.26326556679691e-06	PSMC1	c14
3.7547043780192e-11	0.351059172322183	0.382	0.27	1.26511009312979e-06	SDHB	c14
3.79084504524667e-11	0.817284751397152	0.101	0.051	1.27728732954541e-06	RRAS2	c14
3.7917823875141e-11	0.881329478194211	0.1	0.051	1.277603157649e-06	MOB3C	c14
3.82968583409061e-11	0.624759031281981	0.163	0.097	1.29037434493849e-06	UBL4A	c14
3.93378537765169e-11	0.476868194593239	0.289	0.198	1.32544964514596e-06	HDLBP	c14
3.95748620068877e-11	0.500887486949832	0.239	0.156	1.33343540046007e-06	PDZD11	c14
4.02308025251873e-11	0.542350857298534	0.216	0.138	1.35553666028366e-06	SRPRB	c14
4.03971842660684e-11	0.407945070132397	0.34	0.241	1.36114272666091e-06	COX20	c14
4.07910322319427e-11	-0.874285214869667	0.21	0.294	1.37441304002308e-06	THEM4	c14
4.2418452919118e-11	0.738931590999291	0.168	0.102	1.42924735265676e-06	STYXL1	c14
4.31448629063534e-11	1.01859735552531	0.063	0.027	1.45372301076667e-06	RP11-875O11.1	c14
4.32081356676897e-11	0.650704500063046	0.159	0.094	1.45585492318714e-06	IRF9	c14
4.33972689021869e-11	0.344829373828912	0.302	0.209	1.46222757839029e-06	ACP5	c14
4.50514640871448e-11	0.278145002409191	0.693	0.549	1.51796403095226e-06	UBXN4	c14
4.64714272039564e-11	0.691542854481399	0.146	0.084	1.56580826821011e-06	TGDS	c14
4.73075583821029e-11	-0.500317061883967	0.538	0.58	1.59398087212657e-06	CD6	c14
4.73382037415692e-11	2.1204915396203	0.018	0.004	1.59501343686843e-06	AC108488.4	c14
4.90734057653884e-11	0.432335602776231	0.265	0.176	1.653479333859e-06	PTPN18	c14
4.97357473410541e-11	-0.592860197655323	0.488	0.533	1.67579627090948e-06	HSPB1	c14
5.36651087520465e-11	-3.04112831630695	0.008	0.057	1.80819217429145e-06	BHLHE40-AS1	c14
5.36998155892988e-11	0.443180330902181	0.276	0.186	1.80936158646583e-06	TPGS2	c14
5.53301533363199e-11	-0.26324963271532	0.846	0.822	1.86429418651396e-06	SSR2	c14
5.53921473663252e-11	1.11935608538657	0.064	0.028	1.86638301336096e-06	THAP8	c14
5.60173010419214e-11	0.565492359121603	0.208	0.132	1.8874469413065e-06	FEZ2	c14
5.64644362781796e-11	0.69914982605615	0.118	0.064	1.90251271595698e-06	ITPRIPL1	c14
5.68378531117723e-11	0.521408978957287	0.233	0.153	1.91509462274806e-06	CSNK2A1	c14
5.80543772832719e-11	1.3807628772113	0.045	0.017	1.95608418818256e-06	PLOD1	c14
5.83903751324948e-11	0.204461672905124	0.901	0.809	1.96740529971428e-06	SSR4	c14
5.93066963398945e-11	0.50649039369435	0.261	0.175	1.99827982647641e-06	PITPNB	c14
6.03200403108105e-11	-0.733006185762892	0.338	0.406	2.03242343823245e-06	GPX1	c14
6.03481674337514e-11	0.764287768294161	0.109	0.058	2.03337115351282e-06	AARSD1	c14
6.03735057543928e-11	0.377858222561293	0.347	0.241	2.03422490288851e-06	UBE2G1	c14
6.37638051358987e-11	1.9063007054541	0.021	0.005	2.14845765024897e-06	EFHD1	c14
6.52749391554855e-11	0.651696770959587	0.148	0.086	2.19937379990493e-06	SUCLA2	c14
6.86995363784972e-11	1.74519279675652	0.02	0.004	2.31476217873709e-06	SPTBN5	c14
6.95784718206845e-11	1.44037486280599	0.033	0.01	2.34437702952614e-06	STYK1	c14
7.02767752515894e-11	0.342417849884962	0.447	0.329	2.36790566532705e-06	CCT6A	c14
7.05517861044332e-11	-0.309297599154947	0.769	0.756	2.37717188100277e-06	SERP1	c14
7.06308618183637e-11	0.304271052562018	0.523	0.388	2.37983625810795e-06	RPS19BP1	c14
7.20456312492497e-11	-2.08600297431455	0.032	0.091	2.42750549931222e-06	FXYD7	c14
7.32922939175907e-11	0.51769217131718	0.184	0.113	2.4695105512593e-06	APOBEC3D	c14
7.42300044379765e-11	0.356700309468651	0.515	0.401	2.50110576953318e-06	VPS29	c14
7.86428690774813e-11	0.558381370623039	0.198	0.125	2.64979283069666e-06	RCC1	c14
7.8831420993733e-11	0.641524526556608	0.147	0.086	2.65614589896284e-06	PAM16	c14
8.00941616769502e-11	-1.17190519224907	0.078	0.152	2.69869268354316e-06	RAB37	c14
8.07541142138629e-11	0.595913401189208	0.129	0.072	2.7209291243219e-06	CD300A	c14
8.10574984738492e-11	0.673283347877298	0.112	0.06	2.73115135357787e-06	TNFSF12	c14
8.16930997739352e-11	0.415826633475023	0.32	0.223	2.75256730378297e-06	UBLCP1	c14
8.39390595411481e-11	0.44362709834223	0.304	0.211	2.82824267217944e-06	MIF4GD	c14
8.40619386176056e-11	0.55409250453106	0.219	0.142	2.8323829597816e-06	LINC00426	c14
8.46920845791977e-11	0.709739605448037	0.111	0.059	2.85361509781149e-06	PAOX	c14
8.83412080734035e-11	1.50314233098633	0.037	0.013	2.97656866482526e-06	PIF1	c14
9.03826329042399e-11	0.256670974297445	0.687	0.549	3.04535243307546e-06	SFPQ	c14
9.18480640109204e-11	0.306956995544483	0.551	0.421	3.09472866878395e-06	ROCK1	c14
9.31501413097091e-11	0.405667942947688	0.306	0.211	3.13860086128934e-06	CHMP1A	c14
9.37794887611966e-11	0.393107503969757	0.346	0.245	3.15980609431976e-06	SUGT1	c14
9.51365340104213e-11	0.590022331970411	0.181	0.111	3.20553037694714e-06	ASB1	c14
9.87751754500547e-11	0.1747554632109	0.882	0.769	3.32813076161414e-06	ARL6IP5	c14
1.00380193005895e-10	0.853656498369527	0.094	0.048	3.38221022314061e-06	CCDC102A	c14
1.00590069655536e-10	0.495824436127702	0.273	0.189	3.38928180697364e-06	GLO1	c14
1.01983923231243e-10	0.682543220897446	0.134	0.076	3.43624630935349e-06	KLHL7	c14
1.0444888088915e-10	0.318993609898216	0.536	0.408	3.51930059267901e-06	PSMG2	c14
1.05832373784324e-10	0.327006310637345	0.444	0.324	3.56591600228901e-06	MAPK1IP1L	c14
1.07102763762946e-10	-1.02211107207147	0.17	0.245	3.6087205222287e-06	IPCEF1	c14
1.07414753821046e-10	0.851386157301368	0.073	0.034	3.61923271524633e-06	CENPF	c14
1.07777534611041e-10	0.489089876491351	0.257	0.173	3.63145625118443e-06	APOL3	c14
1.0950072047212e-10	0.101382746074923	0.893	0.776	3.6895172755876e-06	FOS	c14
1.128436667922e-10	0.437654091931319	0.33	0.236	3.80215450889638e-06	ZCRB1	c14
1.13554954051237e-10	0.310865522691414	0.548	0.414	3.82612062180239e-06	LSM6	c14
1.14063486426088e-10	1.0320414212979	0.061	0.026	3.84325511164061e-06	CEP85	c14
1.16316764840768e-10	0.524615582251607	0.217	0.139	3.91917707454485e-06	DPH3	c14
1.16706851728652e-10	0.413157038451779	0.344	0.243	3.93232066214521e-06	SRA1	c14
1.1856520985836e-10	0.328209900613659	0.418	0.301	3.99493618096757e-06	GOLPH3	c14
1.19054035761839e-10	1.03873975825801	0.135	0.078	4.01140668095941e-06	CD38	c14
1.19465789908846e-10	1.92030967493182	0.025	0.007	4.02528032518866e-06	EIF3CL	c14
1.20762552769691e-10	-1.57220231845385	0.033	0.093	4.06897345302199e-06	CCR6	c14
1.21264237621533e-10	0.265043424586165	0.638	0.502	4.08587722241995e-06	HSP90B1	c14
1.22831803402233e-10	0.646543817489106	0.15	0.088	4.13869478383485e-06	ARV1	c14
1.28848079445017e-10	0.641186409446506	0.143	0.083	4.34140718882042e-06	PI4K2B	c14
1.29378613616338e-10	0.483370006896921	0.216	0.137	4.3592830071889e-06	SIKE1	c14
1.29540275775007e-10	0.287944876516451	0.462	0.336	4.36473005196308e-06	SMAP1	c14
1.29877519236425e-10	0.25383590313056	0.586	0.442	4.37609313315211e-06	COX17	c14
1.30882437570883e-10	1.53536559234644	0.035	0.012	4.40995285151334e-06	XXbac-BPG246D15.9	c14
1.33220099975073e-10	0.447073529544661	0.258	0.172	4.4887180485601e-06	NAA60	c14
1.34022082132676e-10	0.599305940820819	0.215	0.14	4.5157400353784e-06	LAMP2	c14
1.3440594408146e-10	0.42385184122879	0.308	0.213	4.5286738798807e-06	SLC25A11	c14
1.35374569673409e-10	0.724458127311919	0.109	0.058	4.56131075057584e-06	NOTCH1	c14
1.37390908797529e-10	0.373791826933336	0.329	0.229	4.62924928102395e-06	MRPS12	c14
1.38929825884622e-10	0.493799957821564	0.242	0.16	4.68110155335644e-06	GOLT1B	c14
1.39020558367381e-10	0.705606004669154	0.125	0.07	4.68415869363054e-06	ITPK1	c14
1.40456251337747e-10	0.303690393574441	0.567	0.456	4.73253293257405e-06	SYNRG	c14
1.41155149908147e-10	0.550481237859394	0.207	0.132	4.7560816210051e-06	TRIM11	c14
1.4599515905905e-10	0.385992818499736	0.336	0.237	4.91916088933562e-06	CNOT8	c14
1.46469408345346e-10	-3.87358019829081	0.003	0.046	4.9351402447881e-06	RP11-486I11.2	c14
1.46726588260954e-10	0.246923970695079	0.645	0.517	4.94380566486458e-06	SLFN5	c14
1.46774721492941e-10	0.941007868702423	0.087	0.044	4.94542746598315e-06	TBC1D31	c14
1.48575251315952e-10	0.630104549748425	0.159	0.096	5.00609451783969e-06	RGS3	c14
1.52129273506894e-10	1.0531243678972	0.062	0.027	5.1258437415413e-06	KIAA0825	c14
1.52940660041198e-10	0.352965600279262	0.384	0.276	5.15318259942812e-06	C11orf73	c14
1.54737257659436e-10	0.683794211173973	0.117	0.064	5.21371715957705e-06	APOL1	c14
1.55500165207335e-10	0.576055147897195	0.191	0.121	5.23942256649593e-06	MRPL19	c14
1.55861316126333e-10	0.39276109257666	0.371	0.265	5.25159118556065e-06	HSD17B10	c14
1.59558837494773e-10	0.908406182698259	0.086	0.043	5.37617547054888e-06	ZNF668	c14
1.59785952025121e-10	-0.168257106588932	0.987	0.963	5.38382786753441e-06	BTF3	c14
1.60412296531617e-10	0.411276744665072	0.392	0.286	5.40493191933632e-06	ODC1	c14
1.61020312571621e-10	0.434660850853027	0.221	0.143	5.42541841178821e-06	BCL2L1	c14
1.61901906011471e-10	0.473010990629339	0.321	0.231	5.45512282115052e-06	ATP6V0D1	c14
1.62979703151012e-10	0.768134659998059	0.113	0.062	5.49143811797021e-06	TRIM25	c14
1.65853595398108e-10	0.405458397260681	0.273	0.183	5.58827104334386e-06	UVRAG	c14
1.66361027074151e-10	0.249328489135955	0.752	0.612	5.60536844623646e-06	PSMB1	c14
1.67716674893089e-10	0.613422102200718	0.16	0.096	5.65104564384773e-06	HENMT1	c14
1.68536548590966e-10	0.459847271350603	0.222	0.143	5.678670468224e-06	FBXO44	c14
1.712362993775e-10	0.262601629098572	0.665	0.538	5.76963587122549e-06	EWSR1	c14
1.72964238343443e-10	0.655455679971136	0.133	0.076	5.82785704674396e-06	PLPP1	c14
1.74467363725553e-10	-2.23418299433909	0.022	0.075	5.87850335336878e-06	AIG1	c14
1.80901171651279e-10	0.379147225834873	0.348	0.248	6.09528407761821e-06	NUDT22	c14
1.81078080456061e-10	0.533885176293046	0.165	0.1	6.10124484288652e-06	PRR4	c14
1.82116232997262e-10	0.732399997083327	0.117	0.064	6.13622435460974e-06	TICAM1	c14
1.83763598339867e-10	0.248211305987134	0.741	0.614	6.19173068246346e-06	SRP9	c14
1.84920293420593e-10	0.313428557391414	0.468	0.345	6.23070436651346e-06	NDUFB6	c14
1.8794700312259e-10	0.394521728839861	0.302	0.208	6.33268632321254e-06	RAB8B	c14
1.90102852250501e-10	0.436130907859408	0.32	0.225	6.40532550372837e-06	YIF1A	c14
1.92833332688853e-10	0.645741802059711	0.159	0.096	6.49732631161821e-06	TFIP11	c14
1.94006012604314e-10	0.637293598037398	0.16	0.097	6.53683858868976e-06	ZNF410	c14
1.94125080984154e-10	-4.07729257458583	0.003	0.046	6.54085047868008e-06	PTPN13	c14
1.94515655566034e-10	-4.38943178965649	0.003	0.046	6.55401049864197e-06	MDS2	c14
1.98820237847233e-10	0.338508654899005	0.445	0.329	6.69904909402468e-06	PHB	c14
2.0047601300962e-10	-3.35726372535648	0.008	0.055	6.75483878234615e-06	ENTPD1	c14
2.03858803759055e-10	0.465387057008005	0.227	0.148	6.86881853385758e-06	RDH14	c14
2.12044619242269e-10	0.632368659316617	0.138	0.079	7.14463140074901e-06	ACBD5	c14
2.15961295394409e-10	1.03239066605545	0.079	0.039	7.2765998870192e-06	TDRD7	c14
2.16483083503521e-10	0.320691830732474	0.397	0.287	7.29418101556764e-06	PSMD6	c14
2.22246866272031e-10	0.27048563453847	0.626	0.506	7.4883859121698e-06	KTN1	c14
2.27235645364054e-10	0.591741119751837	0.193	0.123	7.65647783489643e-06	CISD1	c14
2.27442019829671e-10	0.509409748451905	0.197	0.125	7.66343141614094e-06	ABHD16A	c14
2.44164725084442e-10	0.302384388376388	0.618	0.491	8.22688624699519e-06	POLD4	c14
2.49795841305049e-10	0.624542975411833	0.161	0.098	8.41662107693231e-06	KIF20B	c14
2.51671804418446e-10	0.237447353687882	0.824	0.699	8.47982977807511e-06	BRK1	c14
2.56322831230576e-10	-1.64922050650795	0.116	0.185	8.63654147548302e-06	CRTAM	c14
2.65902631434077e-10	0.316997755070666	0.423	0.311	8.95932326353979e-06	ATXN10	c14
2.71163490167411e-10	-1.82462626420082	0.028	0.084	9.13658263770076e-06	TAF9B	c14
2.82934775822717e-10	0.361638774077755	0.397	0.287	9.53320433657061e-06	DCAF7	c14
2.88852378109506e-10	0.86988825646925	0.086	0.043	9.73259202802169e-06	ARHGAP11B	c14
2.9540248884e-10	0.389371223651356	0.194	0.122	9.95329145897496e-06	NAMPT	c14
2.98754644950418e-10	-7.00104078630425	0	0.039	1.00662390069594e-05	GNG4	c14
3.09349386829479e-10	0.29381600383111	0.518	0.401	1.04232182398325e-05	OSTC	c14
3.14713871064235e-10	0.585537634520257	0.127	0.072	1.06039691716383e-05	EIF4E3	c14
3.19252391834682e-10	0.28031356998108	0.662	0.536	1.07568900904778e-05	GNAS	c14
3.25755062907211e-10	-0.233450733472301	0.893	0.887	1.09759910895956e-05	SNRPD2	c14
3.33138646894499e-10	0.602560320131722	0.197	0.128	1.12247735684632e-05	MRPL39	c14
3.46575574688551e-10	0.710766652918857	0.118	0.066	1.1677517413556e-05	MSRB1	c14
3.47349835065038e-10	-1.69086626414614	0.034	0.092	1.17036053426814e-05	SH3TC1	c14
3.50740416755015e-10	0.90216572382284	0.086	0.044	1.18178476021435e-05	CHST14	c14
3.52565965750888e-10	-2.7906734883337	0.021	0.072	1.18793576500104e-05	RP11-290D2.6	c14
3.53616682956302e-10	0.489279050156772	0.239	0.16	1.19147605155296e-05	ARL1	c14
3.5471667627253e-10	-0.261120988782424	0.964	0.944	1.19518236903266e-05	PTPRC	c14
3.55940001747751e-10	-6.81097721603438	0	0.039	1.19930424188887e-05	EBI3	c14
3.59241687286217e-10	2.09171682685881	0.02	0.005	1.21042894114218e-05	AC093673.5	c14
3.60539492811652e-10	0.653275840973231	0.123	0.069	1.21480176707958e-05	HIRIP3	c14
3.6059093154168e-10	0.611587308496562	0.159	0.097	1.21497508473654e-05	C1GALT1C1	c14
3.62069255416925e-10	0.421141560966572	0.237	0.157	1.21995614920179e-05	PARP15	c14
3.64075368049243e-10	0.414657627041314	0.302	0.211	1.22671554510512e-05	TMEM126B	c14
3.64582081633029e-10	0.840350490374916	0.073	0.034	1.22842286585433e-05	TTC16	c14
3.65644018262335e-10	0.546960162584517	0.181	0.113	1.23200095513311e-05	GTF2IRD2B	c14
3.67582176390134e-10	0.507770082100689	0.208	0.134	1.23853138512892e-05	TBK1	c14
3.68214467712914e-10	0.451624024063574	0.261	0.177	1.24066182751189e-05	IFRD1	c14
3.8671831901627e-10	0.33757355936957	0.511	0.393	1.30300870409342e-05	EIF2S2	c14
3.89145406171454e-10	0.428308395856799	0.311	0.219	1.3111865315541e-05	FLOT1	c14
3.97069324005362e-10	0.385578070478693	0.295	0.203	1.33788538030367e-05	TPGS1	c14
3.97209041630580e-10	0.425893173023743	0.271	0.186	1.33835614487007e-05	PPID	c14
4.01097698006351e-10	0.743511182897062	0.121	0.068	1.3514585836626e-05	C11orf24	c14
4.03779347118774e-10	0.346898010529647	0.431	0.32	1.360494132182e-05	RTF1	c14
4.05000229584768e-10	0.274254339743154	0.511	0.382	1.36460777356292e-05	ADRM1	c14
4.32620659620652e-10	0.33985255304341	0.305	0.209	1.45767205052582e-05	GOPC	c14
4.36717258803229e-10	0.951230243330181	0.05	0.02	1.4714751318116e-05	PTCH2	c14
4.47361987077496e-10	0.367768908984804	0.297	0.206	1.50734147925892e-05	PREX1	c14
4.49170256174712e-10	0.29425186906751	0.213	0.135	1.51343426115508e-05	ZEB2	c14
4.5622671641535e-10	1.1970388353279	0.046	0.018	1.53721029828988e-05	FNTB	c14
4.62580389410991e-10	1.3189114925214	0.042	0.016	1.55861836408139e-05	PSEN2	c14
4.63240777564687e-10	1.13926829653049	0.059	0.026	1.56084347592646e-05	NICN1	c14
4.69739834549132e-10	0.848244552163355	0.09	0.047	1.58274139852985e-05	UBE2W	c14
4.71432085914983e-10	0.382399002864562	0.347	0.247	1.58844327028194e-05	STAU1	c14
4.76600757158549e-10	-0.332524811092557	0.71	0.721	1.60585859117001e-05	GIMAP4	c14
4.80104051943472e-10	0.214956877566617	0.872	0.78	1.61766259261834e-05	ATP6V0E1	c14
4.8641590492165e-10	0.36617584147182	0.385	0.282	1.63892975004301e-05	PTBP3	c14
4.86872306079852e-10	0.452967650895106	0.217	0.141	1.64046754810545e-05	BRD9	c14
4.87107815944847e-10	0.454858234394053	0.292	0.204	1.64126107504457e-05	GARS	c14
4.87953788148613e-10	0.611249956226677	0.137	0.079	1.64411149378794e-05	FAR1	c14
5.0106678951766e-10	0.38367404896307	0.319	0.224	1.6882944406008e-05	SS18	c14
5.05246732861151e-10	0.405024251178021	0.343	0.25	1.70237834170236e-05	TRIM69	c14
5.15533470601248e-10	1.09081980474328	0.072	0.034	1.73703847584384e-05	IRAK2	c14
5.27773864973289e-10	0.436448934613202	0.322	0.227	1.778281260641e-05	BOLA3	c14
5.33511515298109e-10	0.116639847275853	0.946	0.851	1.79761369964545e-05	JUNB	c14
5.36603607368971e-10	0.330045215585172	0.358	0.253	1.80803219466901e-05	FIP1L1	c14
5.50601570594215e-10	1.60054758154656	0.025	0.007	1.85519693196015e-05	FSD1L	c14
5.57346778266455e-10	0.676775869672277	0.139	0.082	1.87792423469099e-05	TIGAR	c14
5.58352346772068e-10	0.915132784504837	0.067	0.031	1.88131239721381e-05	RP11-398K22.12	c14
5.59618432722375e-10	0.327658834829288	0.459	0.349	1.88557834721477e-05	METTL23	c14
5.62444798636938e-10	0.275472020870565	0.496	0.368	1.8951015045273e-05	TMEM160	c14
5.63559331836642e-10	1.16667409585248	0.052	0.022	1.89885681269038e-05	SLC25A15	c14
5.81438890788842e-10	0.598902006191277	0.143	0.084	1.95910019862392e-05	HLA-DMB	c14
5.89424364568122e-10	0.303751036181644	0.493	0.377	1.98600645397583e-05	COPZ1	c14
5.90956729653951e-10	0.286595295670987	0.667	0.54	1.99116960489602e-05	ATP5F1	c14
6.15123581351977e-10	0.198254568022525	0.863	0.748	2.07259739500735e-05	CAPZB	c14
6.21261537380063e-10	0.239524407383404	0.678	0.552	2.09327862404838e-05	STAT1	c14
6.28412871038038e-10	0.339430076484656	0.328	0.232	2.11737432767556e-05	TOR1AIP1	c14
6.33563374561869e-10	0.301394669704801	0.581	0.463	2.13472843424876e-05	PPP4C	c14
6.38460905523492e-10	0.480694245541757	0.203	0.131	2.15123017507086e-05	ADCY7	c14
6.46377032586606e-10	0.494959214460073	0.221	0.146	2.17790277359731e-05	FADD	c14
6.51302347326576e-10	2.12564127188167	0.017	0.004	2.19449812908216e-05	TRPM2	c14
6.53407139229005e-10	-0.188262044317828	0.97	0.945	2.20159001491821e-05	ATP5G2	c14
6.55125518428598e-10	0.509432117084575	0.188	0.119	2.20737992179332e-05	PSMG3	c14
6.58166706057931e-10	0.175906777024893	0.829	0.702	2.21762689939159e-05	DDX24	c14
6.663962452791e-10	0.461768369575149	0.214	0.139	2.2453555088434e-05	TMEM170A	c14
6.69635690095599e-10	0.460737614435807	0.251	0.169	2.25627049420811e-05	SPRYD3	c14
6.91050930087196e-10	0.26385334710151	0.555	0.427	2.3284270038358e-05	TRABD	c14
7.13210451146706e-10	0.254475638271663	0.609	0.483	2.40309129409371e-05	ADAR	c14
7.15133468806466e-10	0.545880263652115	0.169	0.104	2.40957070979651e-05	TRIM8	c14
7.16902654914094e-10	1.23656492150926	0.048	0.02	2.41553180546755e-05	AC002331.1	c14
7.1902823281682e-10	-2.50559168901682	0.013	0.061	2.42269372765299e-05	LIMS2	c14
7.29559252325799e-10	0.479381029910013	0.214	0.14	2.45817694478655e-05	ABHD3	c14
7.35132804077568e-10	0.617680692006924	0.158	0.097	2.47695647005896e-05	DCLRE1C	c14
7.3671502572349e-10	0.336016195175309	0.377	0.275	2.48228760767273e-05	CCDC90B	c14
7.37523472154731e-10	0.51195689760674	0.183	0.115	2.48501158707815e-05	IKBIP	c14
7.43373349942496e-10	1.31541888955638	0.035	0.012	2.50472216529624e-05	CHST10	c14
7.46441701660353e-10	0.470075338718411	0.25	0.169	2.51506066957439e-05	MRPL24	c14
7.49758623197635e-10	0.536487271987296	0.177	0.11	2.52623670500211e-05	RP11-356I2.4	c14
7.56207452098277e-10	-1.84549489224821	0.024	0.076	2.54796538909993e-05	GSTM1	c14
7.68115972443603e-10	0.273785293539657	0.64	0.511	2.58808995755148e-05	RNF149	c14
8.05529817529566e-10	0.326639765241817	0.399	0.293	2.71415216718412e-05	PDCD6IP	c14
8.31561782107796e-10	0.353731695467272	0.367	0.267	2.80186426863401e-05	ASNA1	c14
8.35323780621114e-10	0.762451664988352	0.117	0.066	2.81453994642478e-05	FANCA	c14
8.35545534153794e-10	0.147556757400116	0.825	0.713	2.81528712277779e-05	LAT	c14
8.38357681951228e-10	0.599060916161978	0.157	0.096	2.82476237356647e-05	BDH2	c14
8.52288676437251e-10	0.643203868762748	0.128	0.074	2.87170146638767e-05	CTDP1	c14
8.78447786053098e-10	0.282768780529495	0.588	0.463	2.95984197032731e-05	NDUFA12	c14
8.84042909335754e-10	0.317220457687562	0.301	0.211	2.97869417871589e-05	IL21R	c14
8.90228977841058e-10	0.330998417593922	0.323	0.227	2.99953751793766e-05	CABIN1	c14
8.90290380609954e-10	0.3749272415137	0.294	0.204	2.99974440842718e-05	UBA3	c14
9.25414386285235e-10	0.409138603807441	0.303	0.214	3.11809123314947e-05	MRPL28	c14
9.40486065736013e-10	-7.44024368202841	0	0.037	3.16887374989092e-05	IL21	c14
9.40647536726774e-10	-1.06285971328985	0.179	0.249	3.16941781024719e-05	TOX	c14
9.42474899985281e-10	0.313888819024998	0.341	0.243	3.17557492801041e-05	RALGDS	c14
9.60573890735944e-10	0.551264295257196	0.177	0.112	3.23655766744569e-05	RIOK1	c14
9.71941594310117e-10	0.433205217562318	0.237	0.159	3.27486000786851e-05	NGLY1	c14
9.85147125876374e-10	0.463295014805446	0.253	0.173	3.31935472592786e-05	E2F4	c14
1.02533676112374e-09	0.138893277757337	0.971	0.907	3.45476968293032e-05	HNRNPA2B1	c14
1.03505505860298e-09	-4.76634040781507	0.003	0.043	3.48751451445689e-05	DKK3	c14
1.03588233434667e-09	1.21013011513984	0.042	0.016	3.49030193734768e-05	SLC2A6	c14
1.05169315128646e-09	0.228712335188178	0.831	0.749	3.54357490394458e-05	C4orf3	c14
1.06438997279585e-09	0.244369093932969	0.784	0.669	3.58635557433835e-05	ATP5J2	c14
1.08771076442614e-09	0.326410223134306	0.35	0.25	3.66493264965745e-05	COQ10B	c14
1.11295163173946e-09	0.343246604530365	0.349	0.252	3.74997922798295e-05	ATP2A3	c14
1.16325222983703e-09	0.701261300116486	0.115	0.065	3.91946206321288e-05	ELMOD2	c14
1.20103564085116e-09	1.64611399261646	0.03	0.01	4.04676948828391e-05	PMF1-BGLAP	c14
1.20446020396924e-09	-0.325983498755098	0.691	0.724	4.05830821125396e-05	PNISR	c14
1.21471409792112e-09	0.518541094867255	0.178	0.113	4.09285768153541e-05	FAM3C	c14
1.22200217822055e-09	0.767328800833703	0.082	0.041	4.11741413929632e-05	SPATA2L	c14
1.22370762340549e-09	-1.55989334272101	0.048	0.108	4.12316046630246e-05	ITGA6	c14
1.22465268135956e-09	-0.218419500592632	0.931	0.927	4.12634474457289e-05	PNRC1	c14
1.23116192526483e-09	0.962624793589648	0.088	0.046	4.14827699098732e-05	TCTEX1D2	c14
1.27269495808371e-09	0.322091265904186	0.453	0.348	4.28821839176725e-05	CTSS	c14
1.27923742753877e-09	0.698401313136781	0.142	0.085	4.31026258834912e-05	ALAS1	c14
1.31221462756305e-09	0.251327525669898	0.654	0.511	4.42137596611095e-05	OTUB1	c14
1.34597770317342e-09	1.82121742709017	0.023	0.006	4.53513727307252e-05	RTN4R	c14
1.36445041929169e-09	0.222476990954461	0.552	0.415	4.59737924276143e-05	SCML4	c14
1.36863970421086e-09	-3.61737023918809	0.009	0.053	4.61149461936809e-05	TRBV19	c14
1.3818629175578e-09	0.251834204791504	0.55	0.419	4.65604891441924e-05	HMHA1	c14
1.38634669687721e-09	0.497963686490511	0.196	0.126	4.67115656045808e-05	LPCAT3	c14
1.40539206554475e-09	0.979626974957764	0.048	0.02	4.73532802564647e-05	RP4-539M6.22	c14
1.4443374297399e-09	0.456173379533786	0.231	0.156	4.86655053576563e-05	FAM63B	c14
1.45742312210847e-09	-0.603886988516078	0.349	0.413	4.91064146763228e-05	C6orf48	c14
1.50134424200602e-09	0.339456354501097	0.351	0.254	5.05862928901509e-05	BCL7B	c14
1.52691982868877e-09	0.411488443698206	0.289	0.203	5.14480367078393e-05	COPS8	c14
1.53401305033513e-09	0.885016200957097	0.101	0.055	5.1687035717992e-05	RRAGC	c14
1.53821210120239e-09	-1.85344650937301	0.028	0.08	5.18285185379133e-05	PKIA	c14
1.54804850130485e-09	0.263190919591101	0.419	0.305	5.21599462029658e-05	CHST11	c14
1.54961287978642e-09	0.458481911002498	0.223	0.148	5.22126563715237e-05	USP20	c14
1.56008246414129e-09	0.73824509950951	0.09	0.047	5.25654185467766e-05	SLC35A1	c14
1.59757211821591e-09	0.524493787687224	0.174	0.109	5.38285949511668e-05	ARHGAP17	c14
1.61060879836665e-09	-4.59512318187477	0.001	0.038	5.42678528521657e-05	PLCL1	c14
1.65917793772021e-09	0.578879585084715	0.137	0.081	5.59043414335449e-05	FCHSD2	c14
1.67187540132805e-09	-0.6345617536495	0.27	0.344	5.63321697723472e-05	SYPL1	c14
1.68441566466251e-09	-2.10440129907384	0.025	0.075	5.67547014051386e-05	HSBP1L1	c14
1.6999094934015e-09	0.405262897014221	0.279	0.194	5.72767504706702e-05	SHOC2	c14
1.70872001179532e-09	0.403991603820209	0.262	0.181	5.75736120774314e-05	NMRAL1	c14
1.74906136546134e-09	0.675880200833849	0.125	0.073	5.89328736478542e-05	FANCF	c14
1.78774152277118e-09	1.08402159804642	0.05	0.021	6.02361628682521e-05	ATRIP.1	c14
1.8216880150267e-09	1.09438316291402	0.037	0.014	6.13799559783097e-05	IGHV1-3	c14
1.83397559497171e-09	0.378491118912886	0.322	0.23	6.17939736969767e-05	CHCHD3	c14
1.91503588925631e-09	0.355580680103667	0.305	0.213	6.45252192526023e-05	INPP4A	c14
1.91593794582725e-09	0.385081333285419	0.285	0.198	6.45556131467035e-05	A1BG	c14
1.91667149491766e-09	0.39890068502457	0.274	0.191	6.45803293497555e-05	MOB3A	c14
1.93448683621506e-09	0.646117897052391	0.154	0.096	6.51805994594301e-05	ANAPC7	c14
1.97758680075603e-09	0.530059031397781	0.15	0.091	6.66328096646736e-05	SCAMP1	c14
1.98565477896033e-09	0.842535725595333	0.082	0.042	6.69046521222895e-05	MMD	c14
2.01400571172342e-09	1.15542717462316	0.057	0.025	6.78599084508089e-05	ERMP1	c14
2.03497447871067e-09	0.928628103496474	0.067	0.032	6.85664300856773e-05	ARHGEF18	c14
2.03704377985613e-09	-0.731163433450747	0.272	0.345	6.86361531184725e-05	NELL2	c14
2.05721761376293e-09	0.281384968681795	0.51	0.386	6.93158902781283e-05	SNRPD1	c14
2.15169195916995e-09	0.341630329678149	0.309	0.218	7.24991088722724e-05	DIP2A	c14
2.17427750569518e-09	0.24801398106321	0.698	0.565	7.32601062768932e-05	GTF3A	c14
2.18336249957488e-09	0.507558296181397	0.201	0.132	7.3566216060676e-05	PRR14	c14
2.1835904980608e-09	0.31863076237376	0.477	0.359	7.35738982416604e-05	COPS6	c14
2.18683595478796e-09	0.903935323800809	0.075	0.037	7.36832506606256e-05	KATNAL1	c14
2.23397014868821e-09	0.310100149596797	0.363	0.261	7.52713901899005e-05	APOA1BP	c14
2.23482675648168e-09	-0.647896141837742	0.254	0.329	7.53002527328939e-05	GRK6	c14
2.25442185227018e-09	0.284319706365687	0.557	0.437	7.59604898903913e-05	R3HDM4	c14
2.32875816568027e-09	0.320157938408165	0.521	0.407	7.84651776344311e-05	SSB	c14
2.35791659324129e-09	0.314668867344512	0.442	0.336	7.94476416926721e-05	XRN2	c14
2.37757309274998e-09	0.691781597195644	0.118	0.068	8.01099477871178e-05	GPR89B	c14
2.39030858365972e-09	0.42879197824064	0.148	0.09	8.05390574178305e-05	HAVCR2	c14
2.39154615099446e-09	0.531813023593594	0.176	0.112	8.05807560116075e-05	ISOC2	c14
2.40200454828154e-09	-0.785458745262846	0.3	0.371	8.09331412497981e-05	PIM2	c14
2.43045890645775e-09	0.528983608500641	0.17	0.107	8.18918823941873e-05	BCL9L	c14
2.45850218228267e-09	0.330893928220682	0.319	0.227	8.28367725298323e-05	FAM104A	c14
2.46665652736173e-09	0.301021500108284	0.424	0.314	8.31115250329263e-05	PPP1R7	c14
2.47420641141154e-09	0.528979987292594	0.164	0.102	8.33659108261004e-05	C6orf47	c14
2.50568070893337e-09	0.709991861258033	0.124	0.073	8.44264058068008e-05	FAM117A	c14
2.51016733415585e-09	0.236343640930459	0.762	0.644	8.45775781570471e-05	SEC61B	c14
2.51756957941446e-09	0.508625234138894	0.195	0.127	8.48269894087907e-05	BID	c14
2.52255928892664e-09	0.563645139322521	0.182	0.117	8.49951126810941e-05	HAUS3	c14
2.52944254132316e-09	0.403419315885209	0.316	0.228	8.52270369873425e-05	CPNE3	c14
2.60888724782791e-09	0.817089184006814	0.077	0.039	8.79038469283137e-05	PAK1	c14
2.61242955501931e-09	0.291137072202552	0.553	0.438	8.80232014268206e-05	RSRC2	c14
2.67649471596423e-09	0.656283129589289	0.119	0.069	9.01818129596986e-05	HRAS	c14
2.68583422009575e-09	0.452865075765674	0.188	0.12	9.04964982119063e-05	MPHOSPH6	c14
2.83338394508594e-09	0.999902225727879	0.048	0.02	9.54680386457257e-05	PLEKHG1	c14
2.8488713582349e-09	0.185247642272722	0.856	0.764	9.59898715443668e-05	HNRNPK	c14
2.84999392117403e-09	-1.23888165370268	0.14	0.206	9.60276951800376e-05	EOMES	c14
2.87346525887992e-09	1.05173564212751	0.073	0.036	9.68185384327001e-05	KCTD9	c14
2.91244796155382e-09	0.679141424884216	0.156	0.098	9.81320216165943e-05	APEX2	c14
2.93263726881008e-09	0.77085209227723	0.103	0.057	9.88122801352868e-05	C1orf216	c14
2.96735218986703e-09	0.335344484463605	0.386	0.286	9.99819646853797e-05	PLEKHJ1	c14
3.09506634079501e-09	0.356841924638533	0.403	0.305	0.000104285165286747	IAH1	c14
3.10222761357385e-09	-1.08332518945148	0.131	0.198	0.000104526457211757	RASGRP2	c14
3.10304574288977e-09	-1.78126928753246	0.025	0.075	0.000104554023260928	TRAV29DV5	c14
3.16200349740604e-09	-2.38296781258619	0.015	0.061	0.000106540545841599	C1orf21	c14
3.20475348666331e-09	1.94112270571874	0.018	0.005	0.000107980963979634	C14orf37	c14
3.23736009752612e-09	0.529597544676639	0.183	0.118	0.000109079611126045	MED19	c14
3.2445287481367e-09	0.498882945969563	0.205	0.135	0.000109321151639718	TFDP1	c14
3.29477917677475e-09	0.800365891964678	0.111	0.063	0.000111014289582248	NIPSNAP3A	c14
3.29494122462704e-09	0.458597026148311	0.264	0.185	0.000111019749622583	ARF3	c14
3.3407671349449e-09	-0.578955030851443	0.642	0.641	0.000112563807844834	UCP2	c14
3.34706440620001e-09	-3.03221798640246	0.008	0.049	0.000112775988102503	GNA15	c14
3.3492420554848e-09	-5.10254851945108	0.001	0.037	0.000112849361817505	UNQ6494	c14
3.36419686873793e-09	0.358838953275444	0.213	0.141	0.000113353249295256	MAP3K8	c14
3.39722761439614e-09	0.305514674889583	0.383	0.282	0.000114466187239464	ZNF24	c14
3.39924792507625e-09	0.453362964116103	0.221	0.148	0.000114534259587519	UBE2D1	c14
3.43087790373686e-09	-4.05608604293457	0.004	0.042	0.00011560000008851	CCR8	c14
3.47254736338906e-09	-3.38057358330428	0.007	0.048	0.000117004010862031	LINC01480	c14
3.51740248103594e-09	0.33272121050174	0.3	0.209	0.000118515359196025	PFDN6	c14
3.55729254222904e-09	0.346125100101693	0.313	0.223	0.000119859414917865	TAF12	c14
3.62225324833215e-09	0.321054956244825	0.382	0.279	0.000122048200949304	RGS14	c14
3.66928993463812e-09	0.664144908110885	0.134	0.08	0.000123633055057697	MSH3	c14
3.73831776202788e-09	0.377606064340549	0.306	0.217	0.000125958878673768	AASDHPPT	c14
3.79561600729489e-09	0.300855670868253	0.664	0.553	0.000127889485749794	IFI16	c14
3.83835154312505e-09	-2.25118712885273	0.016	0.062	0.000129329416894055	KIAA1324	c14
3.84218527282105e-09	0.277409725561985	0.596	0.473	0.000129458590582432	SELT	c14
3.8668544952187e-09	1.0334560208792	0.063	0.03	0.000130289795361899	RP6-91H8.3	c14
3.87800490040368e-09	0.280930371812044	0.512	0.393	0.000130665497114202	RAB2A	c14
3.90790786552595e-09	0.647771043900389	0.111	0.063	0.000131673047621031	FAM122C	c14
3.94804819840678e-09	0.934088539589066	0.064	0.03	0.000133025535997118	PDE4A	c14
3.97528636604191e-09	1.69515613462406	0.023	0.007	0.000133943298817416	PIK3R6	c14
4.00253032773709e-09	-0.649816029840549	0.273	0.344	0.000134861256862774	CYTH1	c14
4.07379583971725e-09	0.359734354090435	0.163	0.1	0.000137262477023433	PECAM1	c14
4.10272530442679e-09	0.343896880695507	0.316	0.227	0.000138237226407356	SRP72	c14
4.23401520978293e-09	-1.30782221062834	0.082	0.146	0.000142660908478426	NFATC1	c14
4.27772796391991e-09	0.244633576639452	0.58	0.443	0.000144133766016317	NDUFS6	c14
4.35602634318269e-09	0.31777968021471	0.339	0.242	0.000146771951607198	BTN3A1	c14
4.36052739020923e-09	0.935161623343844	0.074	0.037	0.00014692360988571	LAMP3	c14
4.36409458346024e-09	0.342016527075915	0.42	0.314	0.000147043802895109	PSMD13	c14
4.36505403554287e-09	0.581331209184931	0.158	0.099	0.000147076130673582	ST6GALNAC4	c14
4.40606447769356e-09	-3.68906569484479	0.002	0.038	0.000148457936511407	CH25H	c14
4.42922543601779e-09	0.315623282995474	0.362	0.262	0.000149238321841183	RBM42	c14
4.56856360580584e-09	0.916178044020769	0.059	0.027	0.000153933182134022	PPP1R3B	c14
4.63380259577022e-09	0.465359940114146	0.197	0.129	0.000156131344661882	KPNA3	c14
4.72656866258922e-09	0.427893933538696	0.238	0.163	0.000159257004517281	USB1	c14
4.84391720428411e-09	0.891558322275879	0.059	0.027	0.000163210946281149	B4GALT5	c14
4.85381966010576e-09	0.513759655094173	0.187	0.12	0.000163544599627603	VGLL4	c14
5.11855209311185e-09	0.385816904661947	0.291	0.206	0.000172464494225311	ACTR1A	c14
5.12073345206853e-09	0.338164851227146	0.358	0.262	0.000172537992933997	ZBTB8OS	c14
5.13119344907374e-09	0.536611486877688	0.183	0.119	0.000172890432073091	NUBP1	c14
5.2592691836192e-09	1.17897841978167	0.041	0.016	0.000177205815872865	ABL1	c14
5.45393031917456e-09	0.252770903416682	0.735	0.611	0.000183764728174268	RBM8A	c14
5.55184895496052e-09	0.319728177790907	0.321	0.23	0.00018706399868844	SYNCRIP	c14
5.55531107759785e-09	0.293208610360528	0.424	0.316	0.000187180651448582	PRDX3	c14
5.60796645850451e-09	0.369063928296776	0.37	0.273	0.000188954821852851	PSMC3	c14
5.60953832173194e-09	0.630147595408217	0.094	0.05	0.000189007784212436	YBX3	c14
5.6272615228965e-09	0.271242554023625	0.46	0.349	0.000189604949752475	TANK	c14
5.72756892001944e-09	0.390320084333774	0.259	0.18	0.000192984707191135	PSMD14	c14
5.76707862973272e-09	1.80218897933725	0.02	0.005	0.000194315947350214	DPF3	c14
5.83940341040909e-09	0.38660144055945	0.269	0.188	0.000196752858510324	SAR1B	c14
5.87118253077083e-09	0.787086476979512	0.101	0.056	0.000197823624191792	MRPL30	c14
5.90532115741218e-09	0.554615538264907	0.156	0.098	0.000198973891077846	TOR2A	c14
5.90787947351087e-09	-0.489956124361502	0.474	0.511	0.000199060090980475	TMC8	c14
6.01381869843679e-09	0.44049856251527	0.26	0.181	0.000202629607225129	NTMT1	c14
6.03317851560872e-09	0.373323510843373	0.281	0.196	0.00020328191690492	SNRNP27	c14
6.061805669048e-09	0.95432584253187	0.053	0.024	0.000204246480212903	UAP1L1	c14
6.07684382229443e-09	0.691734890095474	0.083	0.043	0.000204753175748388	MAP9	c14
6.26855717592305e-09	0.29688702088535	0.457	0.345	0.000211212765485551	RPA2	c14
6.3100432065865e-09	0.175390637405603	0.593	0.458	0.000212610595802726	NFATC2	c14
6.40839094540982e-09	-0.981746876967868	0.117	0.186	0.000215924324514639	KLF12	c14
6.53010301236239e-09	0.822926318326978	0.112	0.065	0.000220025290898538	PDLIM7	c14
6.5335752324285e-09	1.18708010529362	0.045	0.019	0.000220142283881446	KIAA1841	c14
6.5808359964507e-09	0.703609937818052	0.132	0.08	0.00022173468806441	APOBEC3F	c14
6.63873930441943e-09	0.393421799576497	0.267	0.187	0.000223685682123108	GLTP	c14
6.76902288567416e-09	0.627169556630078	0.131	0.078	0.000228075457109905	CTNNA1	c14
6.81485796528931e-09	0.580213608686242	0.127	0.075	0.000229619824282458	RHBDF2	c14
6.86183426263349e-09	0.320117911625208	0.347	0.254	0.000231202643645173	VTI1B	c14
6.89159578759716e-09	0.291872273712792	0.421	0.32	0.000232205428467299	MAPRE2	c14
6.92912305562988e-09	-1.13419087287763	0.101	0.166	0.000233469872236393	MARCKSL1	c14
6.96890830435269e-09	1.84716895281221	0.015	0.004	0.000234810396406859	LANCL3	c14
6.98072348500592e-09	0.409709883400784	0.252	0.174	0.000235208497103789	ARFGAP3	c14
7.01182797862503e-09	0.367538442179392	0.347	0.255	0.000236256531911792	ECHS1	c14
7.03364154170319e-09	0.302516995234754	0.593	0.487	0.000236991518106147	RBCK1	c14
7.1791684220984e-09	0.519746520080373	0.143	0.087	0.000241894900814183	BORCS7	c14
7.18250952345823e-09	0.486976186883729	0.182	0.117	0.000242007475883402	RMDN3	c14
7.24762101493084e-09	0.395615868281495	0.215	0.143	0.00024420134247708	MFSD1	c14
7.64680829349543e-09	-0.368167832611443	0.608	0.624	0.000257651558641035	SMDT1	c14
7.75243648506473e-09	0.230798066198348	0.601	0.471	0.000261210594927771	GDI2	c14
7.75745031131151e-09	0.760627919006302	0.121	0.072	0.00026137953078933	IER5	c14
7.81424713589617e-09	0.94313294355408	0.062	0.029	0.000263293242996885	NUGGC	c14
7.94863558708398e-09	0.339094209313204	0.25	0.17	0.000267821327471208	DCAF5	c14
7.96066446435481e-09	0.359575516633311	0.34	0.25	0.000268226628461971	TMEM50B	c14
8.03878688281604e-09	-1.43036040988489	0.061	0.119	0.000270858885229604	METTL8	c14
8.04597236009593e-09	0.457448968996206	0.173	0.11	0.000271100992701072	ZNF585A	c14
8.1190885138626e-09	-1.04860333494743	0.11	0.176	0.000273564568386086	IKBKE	c14
8.21197318888849e-09	0.28405255447683	0.417	0.309	0.000276694224626409	ADIPOR1	c14
8.26090462146023e-09	0.558845774165429	0.126	0.075	0.000278342920315481	KBTBD2	c14
8.35205126613092e-09	-0.909915948266212	0.127	0.198	0.000281414015361015	SLC7A6	c14
8.36495294639845e-09	0.119638169935202	0.992	0.952	0.000281848724575949	H3F3A	c14
8.41943846076694e-09	0.665723120435825	0.082	0.043	0.000283684559497081	PLXDC1	c14
8.4641871487814e-09	0.556556364884736	0.181	0.118	0.000285192321791041	ISOC1	c14
8.55790157120471e-09	-1.24429353598704	0.083	0.146	0.000288349935540172	STAM	c14
8.60850750590306e-09	1.29966918033383	0.026	0.008	0.000290055051903898	ULBP2	c14
8.61160569355459e-09	1.23474892932356	0.067	0.033	0.000290159442238628	TRGV8	c14
8.63796585703508e-09	0.557236700018257	0.166	0.107	0.00029104762158694	C8orf76	c14
8.70020122462217e-09	1.60793647221246	0.024	0.007	0.000293144580062419	NRSN2-AS1	c14
8.74173577300199e-09	1.16657471539728	0.036	0.014	0.000294544045135529	SMPD3	c14
8.87857436094219e-09	0.5372299665706	0.145	0.089	0.000299154684517586	KCTD5	c14
9.01191437460366e-09	0.594282542351441	0.163	0.104	0.000303647442937896	CRCP	c14
9.22459203815084e-09	0.20206344302645	0.582	0.451	0.000310813404133454	CAMK4	c14
1.00276812256748e-08	-2.79724800658574	0.01	0.05	0.000337872691217886	CCDC141	c14
1.01552252704063e-08	-2.20045943043986	0.021	0.066	0.000342170160261069	MS4A1	c14
1.08036156044651e-08	0.58270311352789	0.152	0.095	0.000364017024176848	FARSB	c14
1.08101822539613e-08	0.370712275553541	0.311	0.225	0.000364238280864973	SNX2	c14
1.08888058856929e-08	1.05637461375962	0.05	0.022	0.000366887425512535	P2RY11	c14
1.09110955649182e-08	-0.190982806440786	0.954	0.922	0.000367638453964355	COMMD6	c14
1.10121670200456e-08	0.529777475993199	0.169	0.108	0.000371043955573417	SLC35B2	c14
1.10359184627245e-08	0.353495331078225	0.399	0.304	0.000371844236683041	MRPS18C	c14
1.12470588671569e-08	1.9137195680291	0.017	0.004	0.000378958401469985	LINC00996	c14
1.13922134653084e-08	0.307527671608756	0.329	0.235	0.000383849240500102	HPRT1	c14
1.16959595327725e-08	-0.734102258009854	0.189	0.262	0.000394083660497238	ILF3-AS1	c14
1.17124219565515e-08	0.36303605822924	0.288	0.204	0.000394638345404047	CNDP2	c14
1.17341723106956e-08	0.217422702904853	0.684	0.551	0.000395371201836579	FAM96B	c14
1.17511261541026e-08	0.768919595492605	0.106	0.06	0.000395942444636333	PELO	c14
1.19173671312222e-08	0.371212361615231	0.281	0.199	0.000401543768119401	ACO2	c14
1.22339377044028e-08	0.487723368034203	0.201	0.135	0.00041221029701215	CHFR	c14
1.22940182209217e-08	0.349488061987019	0.231	0.157	0.000414234649935735	HERC4	c14
1.24944000437438e-08	-0.302127030932603	0.778	0.771	0.000420986315073903	LEPROTL1	c14
1.25425183344899e-08	0.275211105984462	0.382	0.28	0.000422607612762301	PEF1	c14
1.25750888743119e-08	1.45871188672423	0.026	0.008	0.000423705044531067	HIF1A-AS2	c14
1.26460846386091e-08	0.587476477670825	0.166	0.107	0.000426097175813296	SEPT11	c14
1.30081910966884e-08	0.633712362856663	0.121	0.072	0.000438297990811819	EPT1	c14
1.30147702547034e-08	0.387541135928368	0.227	0.154	0.000438519668961976	TMEM223	c14
1.30490758821003e-08	0.38411633762517	0.252	0.174	0.000439675562771488	UBAP1	c14
1.31035190842285e-08	0.566587898754585	0.16	0.103	0.000441509972023994	GNL2	c14
1.33127901415967e-08	-0.243166460096025	0.792	0.782	0.000448561151030959	RPS17	c14
1.35417990194979e-08	0.181001410699507	0.851	0.749	0.000456277376162962	PTGES3	c14
1.35658510457657e-08	-3.8322571448813	0.003	0.038	0.000457087785136028	RP11-1399P15.1	c14
1.36166210853628e-08	0.654601471424853	0.116	0.068	0.000458798430850215	RIPK3	c14
1.41333532554933e-08	0.382352287342939	0.276	0.196	0.000476209204590592	HELZ	c14
1.41509022896715e-08	0.433740070280292	0.208	0.139	0.000476800501748193	ARRDC3	c14
1.41556265757103e-08	0.389289788823947	0.252	0.175	0.000476959681841981	ACTR10	c14
1.43517443375009e-08	0.39359515289772	0.232	0.16	0.000483567673707757	MAPKAPK3	c14
1.44273080165769e-08	0.41974323111508	0.253	0.175	0.000486113716310543	SURF2	c14
1.46388377768592e-08	0.327975321824311	0.267	0.185	0.000493241000053494	CXorf38	c14
1.4983948188693e-08	0.376055430275317	0.28	0.198	0.000504869150269823	MTHFS	c14
1.50363004470158e-08	0.467913290935324	0.154	0.096	0.000506633107261749	SKAP2	c14
1.52961397583964e-08	0.557948476735864	0.185	0.123	0.000515388133019408	STAT2	c14
1.55697106016942e-08	-2.59973753397119	0.013	0.055	0.000524605829013483	PDE7B	c14
1.56387812663025e-08	0.996540640384675	0.044	0.019	0.000526933095986795	ZNF296	c14
1.57606967538434e-08	0.211244140051296	0.734	0.603	0.000531040916423998	ARF5	c14
1.57780328976841e-08	-3.55207927410894	0.015	0.057	0.000531625040454567	TRBV7-2	c14
1.5882406920606e-08	-5.16491637317493	0.001	0.034	0.000535141818782897	LHFP	c14
1.60002080978131e-08	-1.17660725406624	0.06	0.117	0.000539111011647716	BBC3	c14
1.61945426244944e-08	0.473665684826438	0.196	0.131	0.000545658919189715	CPT1A	c14
1.63267939592007e-08	2.04899501857629	0.017	0.005	0.000550114995661308	PPARGC1B	c14
1.63452793484167e-08	0.302439637085529	0.408	0.308	0.000550737842365553	ARL2BP	c14
1.6529860289689e-08	0.347540205659331	0.335	0.246	0.000556957112600781	RSU1	c14
1.68339396886557e-08	0.347952959773523	0.353	0.262	0.000567202763869566	PSMD11	c14
1.72405558011324e-08	0.879073002641297	0.061	0.029	0.000580903287163356	ARHGEF12	c14
1.73217345744506e-08	0.288733220839783	0.477	0.372	0.000583638524751537	DDX3X	c14
1.74305002405834e-08	0.507817432790673	0.197	0.132	0.000587303275106218	ACOT8	c14
1.74930838228741e-08	0.615427186393899	0.128	0.078	0.000589411966327919	RPS6KA4	c14
1.76257271469186e-08	0.456858686385892	0.3	0.219	0.000593881250488276	PHLDA1	c14
1.76431800931196e-08	-1.1196416640192	0.108	0.172	0.000594469310057571	MAF	c14
1.78669561316847e-08	0.582826928477294	0.111	0.064	0.000602009219900983	CC2D1B	c14
1.81474791481094e-08	0.703997853931015	0.108	0.062	0.000611461162416399	BCOR	c14
1.83362804785795e-08	0.56144070572432	0.09	0.049	0.000617822634445258	DUSP6	c14
1.83672780483266e-08	0.261570367845488	0.505	0.395	0.000618867066560316	MRPS34	c14
1.84371585401659e-08	0.674154764942973	0.112	0.065	0.000621221619852351	C17orf75	c14
1.8627120426641e-08	0.564726670972787	0.173	0.113	0.000627622195655242	MAGOHB	c14
1.87014653975067e-08	-0.733392521778662	0.177	0.248	0.000630127175103591	AC241585.2	c14
1.87198155086189e-08	0.475657389635813	0.138	0.084	0.000630745463747405	PIP4K2C	c14
1.87928871077088e-08	-5.25200323179509	0.001	0.033	0.000633207538207141	HMOX1	c14
1.94380925277513e-08	0.252058377984434	0.676	0.558	0.000654947089630052	SAP18	c14
1.96319981869813e-08	1.27568556481728	0.034	0.013	0.000661480546912148	RP11-244H3.4	c14
2.03067974121775e-08	1.35576277178958	0.031	0.011	0.000684217232005909	SLC4A8	c14
2.04543054209871e-08	0.205567566577495	0.588	0.463	0.000689187366854738	IKZF3	c14
2.07356408395691e-08	-0.328673035016535	0.676	0.673	0.000698666682448441	CUTA	c14
2.08299475370266e-08	0.365360050125022	0.287	0.206	0.000701844252312574	ZDHHC12	c14
2.14264048293135e-08	0.920720337582003	0.066	0.033	0.000721941284318888	ATXN7L3	c14
2.14415388395175e-08	0.315465647512906	0.344	0.253	0.000722451209658703	PSMC6	c14
2.15268678560613e-08	-1.27541222708414	0.061	0.118	0.000725326285542128	ETV7	c14
2.17696838121435e-08	0.274686070958527	0.456	0.351	0.000733507726366362	YWHAE	c14
2.1795243553712e-08	0.537038877367836	0.164	0.106	0.000734368936298773	U2AF1	c14
2.21371672529911e-08	0.300200962007147	0.307	0.22	0.000745889713422284	PLCG1	c14
2.28787532717686e-08	0.23115461986314	0.562	0.438	0.000770876712738972	HNRNPM	c14
2.31695375151832e-08	0.326489610174904	0.335	0.247	0.000780674397036582	STOML2	c14
2.33989269213283e-08	0.322620723900238	0.378	0.282	0.000788403443687235	DCTN2	c14
2.34547022475155e-08	0.246783517472853	0.621	0.493	0.000790282737527786	RNF7	c14
2.37574044821097e-08	0.669574045881268	0.103	0.059	0.000800481986620205	SOS1	c14
2.45228788032863e-08	0.424818763744329	0.177	0.115	0.000826273878397929	GALK1	c14
2.4725508479442e-08	0.811993906749952	0.063	0.03	0.000833101282706317	ALG9	c14
2.4828092854124e-08	0.495411468532774	0.199	0.135	0.000836557760626855	MRPL48	c14
2.50522297178168e-08	0.316911030286671	0.314	0.227	0.000844109828112118	MICU2	c14
2.50875256125356e-08	0.374239753829684	0.247	0.172	0.000845299087988775	DNAJC3	c14
2.55332830576956e-08	0.56868527713557	0.129	0.078	0.000860318439345996	REEP4	c14
2.60361629682104e-08	-0.946848678429366	0.115	0.18	0.000877262475050882	MPRIP	c14
2.60681890858771e-08	0.490988368117468	0.166	0.107	0.000878341563059542	TCHP	c14
2.62617444543107e-08	0.320789598715982	0.375	0.282	0.000884863217643546	CNPPD1	c14
2.63129983539557e-08	-3.86872973092228	0.003	0.037	0.000886590166538183	IFNGR2	c14
2.63835303588074e-08	3.06427788746825	0.011	0.002	0.000888966671909657	SERPINE1	c14
2.67607499738892e-08	0.506519664034368	0.094	0.052	0.000901676709620221	GSR	c14
2.71905593125677e-08	0.379660790624388	0.231	0.159	0.000916158705477657	NIP7	c14
2.72873946110978e-08	-0.580309624123552	0.359	0.407	0.000919421474026329	ADD3	c14
2.74232660147597e-08	0.528633825427397	0.198	0.135	0.000923999525101315	WDFY1	c14
2.74560831200755e-08	0.351178268035917	0.33	0.244	0.000925105264647825	CEBPZ	c14
2.75585909841328e-08	0.790780287602696	0.086	0.047	0.000928559164619372	CTPS1	c14
2.79722769352349e-08	0.315388374241122	0.272	0.193	0.000942497899055804	SLC38A2	c14
2.80398452627367e-08	0.233596269560058	0.682	0.551	0.000944774546282649	UQCRQ	c14
2.8220176862573e-08	0.368757413465873	0.245	0.17	0.000950850639207534	NARS	c14
2.86754940548874e-08	-4.13171652172016	0.003	0.036	0.000966192096685377	KLF7	c14
2.87677266097348e-08	0.326915510025844	0.269	0.188	0.000969299780388404	N4BP2L1	c14
2.97128439515937e-08	0.285998702146976	0.379	0.279	0.001001144564105	HSBP1	c14
2.97416254397748e-08	0.58984368357154	0.109	0.063	0.00100211432756777	PMEPA1	c14
3.02691866037634e-08	0.260153065821415	0.533	0.412	0.0010198899734272	TALDO1	c14
3.03217904755584e-08	0.361604368019959	0.3	0.217	0.00102166240828346	SEC31A	c14
3.04917115678075e-08	0.293306323283771	0.57	0.468	0.00102738772956571	C9orf78	c14
3.0849282931934e-08	0.734566200671492	0.095	0.053	0.00103943573910858	DDX19B	c14
3.08511070679095e-08	0.666916880640782	0.1	0.057	0.00103949720154614	UBXN2B	c14
3.18947561674888e-08	0.518994114312587	0.184	0.123	0.00107466191430737	GLRX5	c14
3.21690998987558e-08	0.425107450849765	0.228	0.157	0.00108390565198868	BRIX1	c14
3.22337728795183e-08	0.31741036106353	0.36	0.267	0.00108608474340249	IDH3G	c14
3.25751370531047e-08	0.207013326845293	0.771	0.667	0.00109758666786731	SRSF2	c14
3.30454598891861e-08	0.445660409692167	0.173	0.114	0.00111343372550624	TNFSF13B	c14
3.30858847868062e-08	0.643471724228974	0.096	0.054	0.00111479580200665	TGFBR1	c14
3.34466452158827e-08	-2.40190503191538	0.013	0.053	0.00112695126390395	AGMAT	c14
3.38866291328438e-08	-1.07009660820066	0.086	0.147	0.00114177608200204	TIFA	c14
3.47726609000305e-08	0.606227319803158	0.12	0.072	0.00117163003636563	TOR1B	c14
3.53219586331665e-08	-1.27388165303187	0.068	0.124	0.00119013807418591	NDUFV2-AS1	c14
3.57330144582466e-08	0.491599780516276	0.163	0.106	0.00120398818915616	SMC6	c14
3.58955793061101e-08	0.485813778390632	0.141	0.087	0.00120946564914007	CYSTM1	c14
3.61431159129057e-08	0.326424739195378	0.294	0.214	0.00121780614756944	RIOK3	c14
3.69764258404858e-08	0.201644019037968	0.782	0.663	0.00124588369226933	MORF4L1	c14
3.73335073976913e-08	0.447990769983857	0.165	0.107	0.00125791519825781	SLC25A12	c14
3.80353247088466e-08	-1.69401806240334	0.028	0.074	0.00128156223073988	KIAA0355	c14
3.81949964422324e-08	0.429098993857155	0.212	0.144	0.00128694221012458	ACLY	c14
3.84173024473627e-08	0.497618416001977	0.153	0.097	0.00129443258866144	FCHO1	c14
3.88169872666352e-08	0.318135859202046	0.312	0.226	0.00130789956896201	ATG5	c14
3.88801814923366e-08	0.440491993906476	0.209	0.142	0.00131002883520279	MTFP1	c14
3.95801463791859e-08	-3.85582606671119	0.002	0.034	0.00133361345210029	HRH2	c14
3.96090880127823e-08	0.470025942865579	0.209	0.144	0.00133458861150269	SAMM50	c14
3.96124101052906e-08	0.28775251999315	0.348	0.258	0.00133470054608766	TAF9	c14
4.07775573099417e-08	0.409787890384731	0.251	0.179	0.00137395901600117	IL10RB	c14
4.10306339790461e-08	0.539592775856744	0.148	0.094	0.00138248618128998	RUFY1	c14
4.12650853001613e-08	0.233111532803733	0.487	0.376	0.00139038578410363	MRFAP1	c14
4.13488202558358e-08	0.262644212574333	0.491	0.382	0.00139320714970013	NUDC	c14
4.20737087915297e-08	0.603884393040775	0.103	0.059	0.0014176315440218	FAM210A	c14
4.22679034401642e-08	0.357685379308275	0.296	0.216	0.00142417473851289	SREK1IP1	c14
4.23618176254211e-08	0.383773950641747	0.226	0.156	0.00142733908307094	IGSF8	c14
4.36322928720215e-08	0.509309897100359	0.181	0.121	0.00147014647602989	RAP2C	c14
4.41584702365384e-08	0.265480332991178	0.387	0.291	0.00148787549614993	RNASEH2B	c14
4.52085284352242e-08	0.396889588694403	0.289	0.209	0.00152325615709644	LARP7	c14
4.59798000816829e-08	-1.02959744924759	0.086	0.147	0.00154924338395223	SPON2	c14
4.59956266945593e-08	0.599330973340306	0.133	0.082	0.00154977664584648	KIAA1715	c14
4.66034114309856e-08	0.501095252552241	0.152	0.097	0.00157025534475563	TRIB2	c14
4.68309883294387e-08	0.293418274072335	0.377	0.28	0.00157792332077211	LIX1L	c14
4.7191237449684e-08	0.206754724334476	0.736	0.611	0.00159006155462965	ATP6V0C	c14
4.77464609687541e-08	1.15916882117959	0.054	0.026	0.0016087692558812	VKORC1L1	c14
4.8183901183789e-08	0.491577048475621	0.187	0.125	0.00162350836648659	EBNA1BP2	c14
4.88548606043373e-08	0.92242380633428	0.051	0.024	0.00164611567320254	NBPF3	c14
4.91474896087801e-08	2.15781441795056	0.012	0.003	0.00165597551487824	KMO	c14
4.93946564220078e-08	0.878870017370396	0.061	0.03	0.00166430355348313	MPP1	c14
4.94130614603008e-08	0.336954357842712	0.32	0.237	0.00166492369284338	TMEM167A	c14
4.98257931104383e-08	-2.31662286931354	0.013	0.052	0.00167883027306311	TRBV18	c14
5.00803057573156e-08	0.34093711782495	0.318	0.234	0.00168740582218699	RAB29	c14
5.01145607132073e-08	0.436118590170017	0.172	0.112	0.00168856000867081	AD000671.6	c14
5.06461269351335e-08	-0.182728486980516	0.974	0.952	0.00170647060095239	RPL27A	c14
5.07895176070803e-08	1.30833742057252	0.026	0.009	0.00171130200625296	CD68	c14
5.09173291002973e-08	0.320828490541129	0.376	0.281	0.00171560848670542	LSM10	c14
5.14634832866577e-08	2.14066390895174	0.014	0.003	0.00173401060586065	TSHZ3	c14
5.15660548789949e-08	-0.661829518465832	0.233	0.297	0.00173746665309285	MTERF4	c14
5.31413350798036e-08	0.444344832574559	0.206	0.139	0.0017905441441789	SMYD2	c14
5.40478983312061e-08	0.345184043085212	0.269	0.192	0.00182108988637166	MRPL36	c14
5.46158119347173e-08	0.351301669688499	0.221	0.151	0.00184022516732837	BRE	c14
5.51540528212719e-08	0.582745037161025	0.106	0.062	0.00185836065575994	TMEM192	c14
5.567516194934e-08	-1.10589493105985	0.284	0.336	0.00187591890672106	CMC1	c14
5.60023652262815e-08	-1.17558493156605	0.086	0.144	0.00188694369393433	ENOSF1	c14
5.62626969964313e-08	0.495283547616892	0.169	0.11	0.00189571531259776	TMEM242	c14
5.83493981311667e-08	0.25117634367178	0.275	0.194	0.00196602462063153	ATP8A1	c14
5.84759342985491e-08	0.483344517489898	0.183	0.123	0.00197028813025531	TM7SF3	c14
5.87601204133379e-08	0.261261816902736	0.506	0.389	0.00197986349720701	TMED9	c14
5.93564931450457e-08	0.285193749625523	0.356	0.263	0.00199995768002917	SAP30BP	c14
6.00002253662593e-08	0.519819352072448	0.164	0.107	0.00202164759349074	QDPR	c14
6.05454995900067e-08	0.310473892160382	0.261	0.184	0.00204002006318569	USP33	c14
6.06523420768218e-08	0.287496308390834	0.437	0.333	0.00204362001393644	UQCRC1	c14
6.08190310709353e-08	0.720816359171652	0.096	0.054	0.00204923643290409	CARS2	c14
6.0959580173271e-08	0.379951010496642	0.268	0.193	0.00205397209435819	NAA20	c14
6.23712119485182e-08	0.260998731200517	0.526	0.411	0.00210153561539337	TCEB1	c14
6.36602412604016e-08	1.4911138373322	0.052	0.025	0.00214496816902797	TRBV14	c14
6.4095378039001e-08	0.726422795748424	0.085	0.047	0.0021596296676461	TCP11L1	c14
6.59114990924041e-08	0.226176301577016	0.655	0.53	0.00222082205041946	MDH2	c14
6.69593123000327e-08	-1.48022819277364	0.03	0.076	0.0022561270686373	MAGEF1	c14
6.77032904481255e-08	0.21370899352495	0.6	0.493	0.00228119466835914	FLNA	c14
6.79954190157297e-08	1.07220100600661	0.029	0.01	0.002291037648316	WNT1	c14
6.8145395475043e-08	1.05977463695111	0.038	0.016	0.0022960909551361	RP11-81H14.2	c14
6.84166160057281e-08	-1.56976190527387	0.033	0.08	0.002305229459697	TMEM64	c14
6.85355477495581e-08	0.343421242141541	0.249	0.174	0.00230923674587361	POLR3K	c14
6.9775085228647e-08	-0.633788084944504	0.203	0.272	0.00235100172169403	EPB41L4A-AS1	c14
7.06596619076916e-08	0.221306630075198	0.54	0.432	0.00238080664831776	CD47	c14
7.08814783101796e-08	0.297108412688528	0.377	0.284	0.00238828053018319	ETFA	c14
7.10501387358596e-08	-0.464375254495266	0.395	0.445	0.00239396337456605	ABHD14B	c14
7.15959854359986e-08	0.427714072624869	0.191	0.128	0.00241235513328054	TANGO2	c14
7.16594638151607e-08	0.220016669814745	0.593	0.474	0.00241449397378803	RAD23A	c14
7.21002143952233e-08	0.288499028413943	0.381	0.285	0.00242934462383266	UFD1L	c14
7.21512900371182e-08	0.375730143743403	0.261	0.187	0.00243106556651066	RAB1A	c14
7.21806555958844e-08	-3.64465332103985	0.003	0.035	0.00243205500964773	RP11-37B2.1	c14
7.24288408771326e-08	0.237104816902708	0.772	0.666	0.00244041736451411	C11orf31	c14
7.28827845241367e-08	0.358186657217256	0.176	0.115	0.00245571254175626	NBEAL2	c14
7.3923436207526e-08	0.380031435005603	0.198	0.133	0.00249077625957638	SLC4A1AP	c14
7.42676573470342e-08	0.400853614159103	0.178	0.117	0.00250237444665097	NTAN1	c14
7.44973578898008e-08	-1.83130496814551	0.025	0.068	0.00251011397673895	FHL1	c14
7.56579952873935e-08	0.588558424430408	0.153	0.099	0.00254922049321344	KLHDC7B	c14
7.74437142042523e-08	0.630760104467798	0.137	0.086	0.00260938850639808	PSMG1	c14
7.88421209298487e-08	0.348250434679913	0.294	0.214	0.00265650642261032	NCOA4	c14
7.95054017832459e-08	0.464658354719744	0.164	0.107	0.00267885500768469	METTL10	c14
8.03927380132687e-08	0.48516201783558	0.15	0.096	0.00270875291461907	SPTY2D1	c14
8.04077629766244e-08	0.617649467975705	0.136	0.085	0.00270925916573438	AAED1	c14
8.05314677375704e-08	-0.177424312992919	0.789	0.79	0.0027134272739497	ZFAS1	c14
8.17426373354496e-08	0.318323121262631	0.335	0.249	0.00275423642238064	INO80E	c14
8.19061454976633e-08	0.658050302823681	0.117	0.071	0.00275974566639827	MFSD14B	c14
8.2316638694038e-08	-1.07910919569752	0.079	0.137	0.00277357682415692	ITPKB	c14
8.28528011099884e-08	0.549426802387487	0.127	0.079	0.00279164228059995	ACOT2	c14
8.29687112712403e-08	0.653858629327801	0.12	0.073	0.00279554775757317	BCAT2	c14
8.30351670430044e-08	0.237173894491711	0.514	0.402	0.00279778691834699	ENY2	c14
8.43556612094224e-08	0.305226366314817	0.348	0.258	0.00284227964879028	MAP7D1	c14
8.46197517225874e-08	0.356748372999074	0.266	0.19	0.00285117791454086	DTD1	c14
8.62782042953277e-08	0.276704515861298	0.417	0.32	0.00290705781552677	NENF	c14
8.66909229907184e-08	0.329225321203101	0.246	0.172	0.00292096395924927	DEDD2	c14
8.69506310574248e-08	0.80412317402055	0.052	0.025	0.00292971456284887	CIITA	c14
8.70265208767758e-08	0.648329577376471	0.12	0.074	0.00293227159442208	PXK	c14
8.70801689015828e-08	-1.09681467875698	0.054	0.108	0.00293407921096993	ST8SIA1	c14
8.80218784193864e-08	1.70505765139258	0.016	0.004	0.00296580917146281	TRBJ2-7	c14
8.83311087522471e-08	0.245196841494086	0.484	0.374	0.00297622837829821	FGFR1OP2	c14
8.83917861445844e-08	0.297889050360181	0.37	0.278	0.00297827284235563	FAM50A	c14
8.92697423770858e-08	0.324955133702212	0.258	0.184	0.00300785469965353	CLTC	c14
8.98869338739155e-08	0.642297443439368	0.135	0.085	0.00302865034994771	ALG8	c14
9.05442867901339e-08	1.24334383529194	0.036	0.015	0.00305079919910677	DDTL	c14
9.06652482084217e-08	1.03325140087394	0.057	0.028	0.00305487487313456	RP11-386I14.4	c14
9.08795595125935e-08	0.371591460872708	0.239	0.169	0.00306209587821732	TMEM204	c14
9.21081516798429e-08	0.157839320344777	0.452	0.338	0.00310349206270063	LYAR	c14
9.21343012329412e-08	-1.230218656757	0.047	0.098	0.00310437314574272	FHL3	c14
9.23463224885512e-08	0.219320603776563	0.693	0.571	0.00311151698992924	RAC1	c14
9.32466215269722e-08	0.402784241649575	0.199	0.136	0.0031418516657298	HACD3	c14
9.32851001399909e-08	0.411010645080184	0.221	0.154	0.00314314816411685	YY1AP1	c14
9.43889798511055e-08	0.308725486073178	0.289	0.211	0.00318034228710315	PHF20L1	c14
9.44796580972839e-08	0.361776159567965	0.212	0.145	0.00318339759992988	TRAPPC2P1	c14
9.50940124347379e-08	0.262991011163669	0.443	0.34	0.00320409765497606	MRFAP1L1	c14
9.5343881017181e-08	0.377693646627563	0.232	0.164	0.0032125167269929	UBR2	c14
9.58874177102002e-08	0.215833652176002	0.396	0.295	0.00323083065232749	DHX36	c14
9.6627504146792e-08	0.417562433141173	0.195	0.132	0.00325576712472201	EBP	c14
9.70290648680279e-08	2.29264687326941	0.01	0.002	0.00326929731166333	ULBP3	c14
9.91114446785776e-08	-1.55747880342907	0.03	0.075	0.00333946101699999	DBNDD2	c14
9.9193629410004e-08	0.283101146614081	0.351	0.261	0.00334223014934068	AHSA1	c14
9.98626007232305e-08	0.40404174600375	0.235	0.167	0.00336477046876853	CTR9	c14
9.99653619968805e-08	0.361771611002465	0.252	0.179	0.00336823290712289	BORCS5	c14
1.00117892465886e-07	0.175661374750235	0.436	0.333	0.00337337226874558	CCND2	c14
1.00967916483136e-07	-2.36485926883263	0.01	0.046	0.00340201297798278	ZNF563	c14
1.01099534501991e-07	0.218596744132993	0.583	0.465	0.00340644771551009	CBX3	c14
1.01168077627088e-07	0.32868266894817	0.331	0.244	0.00340875720756712	TBCC	c14
1.01210064269899e-07	0.183139811134178	0.865	0.777	0.00341017190550997	COX5B	c14
1.02003282575406e-07	0.390631916118575	0.196	0.133	0.00343689860309574	SEC23B	c14
1.02150763520199e-07	0.248486536850782	0.552	0.436	0.00344186782604958	AP2M1	c14
1.0268650597061e-07	0.451197621585997	0.211	0.147	0.00345991913217374	IKBKG	c14
1.05214081274105e-07	0.802354706339888	0.065	0.033	0.00354508325444969	ACAP3	c14
1.0679672287246e-07	0.146091663289871	0.923	0.818	0.00359840878046466	NDUFA4	c14
1.0705267672926e-07	0.252211392037498	0.482	0.377	0.00360703288971569	SBDS	c14
1.10108120863615e-07	0.641523080358443	0.135	0.086	0.00370998302437865	MUL1	c14
1.10164744805868e-07	0.539013767185559	0.14	0.088	0.00371189091148892	RRP15	c14
1.10438080512494e-07	1.07439040385366	0.061	0.03	0.00372110068478799	MTHFD1L	c14
1.11078313176444e-07	0.224123214087215	0.63	0.513	0.00374267268416711	CYCS	c14
1.11161920747248e-07	0.294926133365437	0.257	0.182	0.00374548975765777	PPP2R5E	c14
1.11992166523036e-07	0.222511282254169	0.48	0.372	0.00377346405882719	NUCB1	c14
1.13099336589934e-07	0.443697561703095	0.181	0.121	0.00381076904706125	CEBPG	c14
1.13996468723275e-07	0.322316324697988	0.258	0.183	0.00384099701716201	RTN3	c14
1.14324930951725e-07	-1.36904340557439	0.044	0.093	0.00385206422348741	CHST7	c14
1.15075813558017e-07	0.201876280773133	0.744	0.625	0.00387736446202384	NBEAL1	c14
1.15656435449488e-07	0.326004216504687	0.274	0.197	0.00389692793603505	RAB3GAP1	c14
1.16127283343812e-07	0.958215089538095	0.066	0.034	0.00391279268498639	SLC2A8	c14
1.16337546206527e-07	0.136656206441876	0.629	0.491	0.00391987728188272	ARPC5L	c14
1.16376229200672e-07	0.292354984595329	0.336	0.25	0.00392118066668743	TIMM8B	c14
1.17646053897238e-07	0.210979133971529	0.535	0.426	0.00396396614001353	CASP4	c14
1.19457028173714e-07	1.32902097349304	0.029	0.011	0.00402498510728513	TSPAN4	c14
1.20039679199383e-07	0.219236020974397	0.527	0.415	0.00404461695094403	PRKAR1A	c14
1.20597088641696e-07	0.415986606155105	0.188	0.128	0.00406339830469329	SYT11	c14
1.21936241939299e-07	1.30970430481055	0.036	0.015	0.00410851973590275	FADS3	c14
1.22766916136082e-07	0.313860798135878	0.336	0.25	0.00413650847228914	CCDC53	c14
1.22790204768661e-07	0.919779725788174	0.055	0.027	0.00413729315947526	MSANTD3	c14
1.23178302582591e-07	-3.76283753713494	0.001	0.03	0.00415036972721781	POU2AF1	c14
1.23441355664614e-07	0.509891832096812	0.177	0.119	0.00415923303776349	CINP	c14
1.24650313673645e-07	-3.79652568102913	0.003	0.034	0.00419996766891979	SOX4	c14
1.26133819637026e-07	0.34310078289418	0.339	0.256	0.00424995291884994	VPS35	c14
1.26791579775265e-07	0.393100931757286	0.262	0.19	0.00427211548894777	RNF11	c14
1.26878592012757e-07	-2.56148289279321	0.011	0.047	0.00427504727927782	CD79A	c14
1.27473187583769e-07	0.550645100751486	0.107	0.064	0.00429508158244751	DFNB31	c14
1.27804955848723e-07	0.256448541638568	0.333	0.245	0.00430626018236689	CDK17	c14
1.30332067003983e-07	0.290725421901623	0.296	0.216	0.00439140866563221	RRAGA	c14
1.30749347885919e-07	0.349542261638557	0.21	0.144	0.00440546852766816	CCDC47	c14
1.32294955503871e-07	0.342891783193405	0.246	0.173	0.00445754623074743	TMEM222	c14
1.3314124318548e-07	0.279609138975752	0.285	0.207	0.00448606104789158	USP8	c14
1.33510229755205e-07	0.449279939391754	0.162	0.106	0.00449849368137188	USP30-AS1	c14
1.39419040106755e-07	1.30205969485421	0.029	0.011	0.004697585137357	NPM2	c14
1.39761603741758e-07	0.852747405634141	0.064	0.032	0.00470912747647479	TTLL12	c14
1.40078046912765e-07	0.343149106502669	0.217	0.151	0.00471978971267871	EXOSC10	c14
1.41765550878586e-07	0.430359497759274	0.178	0.119	0.00477664847130309	CDK5RAP1	c14
1.43384073305997e-07	0.864005509744811	0.05	0.024	0.00483118296597225	MYO1D	c14
1.43733982771801e-07	0.40598554040182	0.211	0.146	0.00484297281551308	SGF29	c14
1.45104079633569e-07	-6.08260802749244	0	0.028	0.00488913685917348	TBC1D8	c14
1.45264711359166e-07	0.905824077658689	0.065	0.033	0.00489454918453575	LETM2	c14
1.45274951812699e-07	0.65109880810806	0.079	0.043	0.00489489422637709	SLC43A1	c14
1.46561084243135e-07	0.245262084520679	0.473	0.365	0.0049382291724882	PSMD7	c14
1.46587088486745e-07	-1.59525121070881	0.027	0.07	0.00493910535947239	HYI	c14
1.46863364236925e-07	0.464471555731924	0.144	0.092	0.00494841419459894	RPL39L	c14
1.51703664571118e-07	0.246238794180134	0.392	0.296	0.00511150327405923	B3GAT3	c14
1.51979340943128e-07	2.06403672700522	0.012	0.003	0.00512079191373775	GSTA4	c14
1.54111996233414e-07	0.497704879420078	0.165	0.109	0.00519264960108864	TM2D2	c14
1.5534889784264e-07	0.256773618651139	0.405	0.309	0.00523432576390991	MIER1	c14
1.57052826658537e-07	0.281879710219014	0.304	0.223	0.00529173794143273	TRIM38	c14
1.58222660909019e-07	0.411180801783943	0.178	0.119	0.0053311543366685	HDAC10	c14
1.59391636938954e-07	0.487255689029727	0.152	0.098	0.00537054181502113	C7orf26	c14
1.60624108151661e-07	0.581242943509409	0.113	0.068	0.00541206870006205	MKNK1	c14
1.62168310201163e-07	-0.972223438979396	0.1	0.159	0.00546409904391798	SLC9A9	c14
1.63228249774042e-07	0.536188879885537	0.154	0.101	0.00549981264788658	DCTN6	c14
1.63991535115326e-07	1.32015409703961	0.034	0.014	0.00552553078417578	TVP23C	c14
1.65624977866392e-07	0.635413406710033	0.112	0.068	0.00558056800423022	SMARCAL1	c14
1.66529332653562e-07	0.212451951496191	0.345	0.258	0.00561103933442912	BTG3	c14
1.71752995974646e-07	-1.75629144757204	0.023	0.063	0.00578704544636973	CDKN2C	c14
1.74298028893459e-07	0.254324040842475	0.309	0.224	0.0058727977855362	DNTTIP2	c14
1.77319490051415e-07	0.745480364186535	0.086	0.049	0.00597460289779239	UBE2F	c14
1.77587959278213e-07	-0.476855857138627	0.615	0.62	0.00598364869992012	NEAT1	c14
1.78099635976978e-07	0.713609664639553	0.09	0.052	0.0060008891346083	LACTB	c14
1.79518363118353e-07	0.579846073537085	0.105	0.062	0.00604869172690977	STK40	c14
1.80155929294232e-07	0.496308115906696	0.134	0.084	0.00607017388163985	THAP3	c14
1.80175971564805e-07	0.382667127121316	0.216	0.15	0.00607084918590455	NOLC1	c14
1.80526884115293e-07	0.541296364248802	0.107	0.064	0.00608267283338067	ENG	c14
1.81526718805541e-07	0.27583172868632	0.396	0.299	0.00611636126343391	C14orf119	c14
1.81965250320273e-07	0.427555618623245	0.187	0.127	0.00613113714429127	KCTD13	c14
1.8290111762807e-07	1.1656569733884	0.037	0.015	0.00616267025736018	AC113404.1	c14
1.86991366228863e-07	0.45059725518541	0.132	0.082	0.0063004870937153	MUM1	c14
1.88225115439626e-07	0.36965108006601	0.263	0.189	0.00634205703962274	TSG101	c14
1.91227275089214e-07	1.49215849552946	0.021	0.006	0.00644321180685596	LINC01004	c14
1.91434177445998e-07	0.495495461827689	0.16	0.106	0.00645018317486545	MSMO1	c14
1.91820346832853e-07	0.506643029948278	0.123	0.076	0.00646319476618614	TMEM185A	c14
1.93729830878564e-07	0.619516663861987	0.12	0.075	0.00652753292162233	RUSC1	c14
1.93999731832142e-07	1.11460849136326	0.032	0.012	0.00653662696435218	ANKDD1A	c14
1.94369828808396e-07	0.24636634374023	0.408	0.312	0.00654909701187011	SHKBP1	c14
1.94992345298503e-07	0.286274568173288	0.43	0.342	0.00657007208248777	DYNC1H1	c14
1.96232232353756e-07	0.397616583601476	0.213	0.147	0.00661184883692747	SIRT2	c14
2.01827800649836e-07	0.606126150241275	0.118	0.073	0.00680038591509557	CDK7	c14
2.0772979407059e-07	0.358683922708778	0.21	0.145	0.00699924768141444	PREP	c14
2.07763570844826e-07	-0.545917108297631	0.358	0.404	0.00700038575604556	CMTM7	c14
2.07864056905738e-07	0.525283089528441	0.107	0.064	0.00700377153338192	GOLGA8A	c14
2.2028901114004e-07	0.968564146616818	0.044	0.02	0.0074224179413525	FAM83G	c14
2.20898050188581e-07	0.791543967548347	0.077	0.042	0.00744293890305406	OPN3	c14
2.21011826212933e-07	0.610919905757118	0.1	0.059	0.00744677247241857	PAK1IP1	c14
2.21958031318968e-07	0.44225844246035	0.151	0.098	0.00747865390726131	CLASP1	c14
2.22773598724076e-07	0.359199851919729	0.251	0.181	0.00750613363540903	YIF1B	c14
2.27668589982475e-07	0.368926912750013	0.225	0.158	0.00767106547086953	LINC00623	c14
2.28011509229556e-07	0.38668777037093	0.265	0.194	0.00768261979198068	PDCL3	c14
2.28523375378786e-07	0.249903776806163	0.376	0.286	0.0076998666100128	SZRD1	c14
2.31112318387401e-07	0.629120014662925	0.108	0.065	0.00778709845574508	CDK5	c14
2.38594681899246e-07	0.258880854831505	0.593	0.482	0.00803920921191319	LMAN2	c14
2.39031151773271e-07	0.325377430527095	0.218	0.151	0.0080539156278486	KPNA4	c14
2.39641551885374e-07	0.295996229856038	0.333	0.247	0.0080744824492258	C12orf65	c14
2.42236421891321e-07	0.321047576762324	0.377	0.29	0.00816191399920615	PSMB7	c14
2.44627447971605e-07	0.251143024123453	0.402	0.305	0.00824247723195527	SLBP	c14
2.49372633769289e-07	-0.249458487894609	0.818	0.787	0.00840236152222243	HLA-F	c14
2.54839728151214e-07	0.14551007184388	0.616	0.491	0.00858656980032701	CBLB	c14
2.61289330955386e-07	0.605279906350379	0.119	0.074	0.00880388271721079	SERTAD3	c14
2.68220912643739e-07	0.264966262899114	0.357	0.269	0.00903743543061813	ZNF800	c14
2.69243526621546e-07	0.220963357265312	0.394	0.296	0.00907189138598638	FAM129A	c14
2.70392943761275e-07	0.297227279005173	0.331	0.248	0.00911061984709239	COA4	c14
2.708626475142e-07	0.297350084411387	0.376	0.286	0.00912644604534347	NDUFS3	c14
2.74328003158935e-07	-0.17578371968296	0.966	0.926	0.00924320773843717	CD37	c14
2.75120363044426e-07	0.521218229562919	0.138	0.089	0.00926990551241888	SLC39A6	c14
2.75676336215729e-07	0.598696497506167	0.095	0.055	0.00928863847245278	XKR8	c14
2.79593341015308e-07	0.33610142309683	0.215	0.149	0.0094206180321698	COPS7A	c14
2.81497776107042e-07	1.33063568438409	0.029	0.011	0.00948478606815067	KIF18A	c14
2.84780119238129e-07	0.439793197576427	0.143	0.092	0.00959538133760951	KIF3A	c14
2.88585614165463e-07	-0.653199558805799	0.284	0.341	0.0097236036836911	RP11-796E2.4	c14
2.89540025243254e-07	0.311812689022261	0.33	0.247	0.00975576161054619	AP1M1	c14
2.91971963884631e-07	0.43344891515484	0.197	0.137	0.00983770335112877	MPDU1	c14
2.9607548223905e-07	0.606205177228958	0.096	0.056	0.00997596729856253	PPP4R1	c14
2.96739331807332e-07	0.23554195483763	0.581	0.478	0.00999833504591624	GHITM	c14
2.98776156881997e-07	0.333595035228386	0.257	0.184	0.010066963829982	BTN3A3	c14
3.00512904907243e-07	0.450594999186363	0.185	0.127	0.0101254818179446	MED31	c14
3.03314180641842e-07	0.249023504726727	0.499	0.395	0.0102198680025462	POLR2G	c14
3.05686841460439e-07	0.286028250138236	0.313	0.234	0.010299812436168	BAZ1B	c14
3.08554307091884e-07	0.715608990254675	0.088	0.051	0.0103964288231539	NTHL1	c14
3.11209377324357e-07	0.242190523630137	0.421	0.325	0.0104858887595669	TMUB1	c14
3.19991433241397e-07	-1.33793468447571	0.041	0.087	0.0107817913516356	GPHN	c14
3.21094102777653e-07	0.492937214264911	0.141	0.091	0.0108189446989902	TXNRD1	c14
3.22588012277429e-07	0.524465647870151	0.129	0.082	0.0108692804856757	CBWD5	c14
3.26498544502122e-07	0.615402431394619	0.082	0.046	0.0110010419584545	GPD1L	c14
3.27863380317363e-07	0.389164085415885	0.188	0.128	0.0110470287364132	RWDD3	c14
3.31058574527254e-07	0.545590760416756	0.101	0.06	0.0111546876101213	MYPOP	c14
3.39086772092578e-07	-0.588255847370751	0.261	0.322	0.0114251896988873	SRSF8	c14
3.39710729518323e-07	-0.854057844229274	0.122	0.183	0.0114462133203904	RUNX1	c14
3.58329971396022e-07	0.313423824654174	0.271	0.198	0.0120735700562176	SPATA13	c14
3.67621409067651e-07	0.546191052039431	0.161	0.109	0.0123866357571254	HIST1H2AC	c14
3.6979544084254e-07	0.423302550566847	0.221	0.157	0.0124598875837485	PAIP1	c14
3.70127330717354e-07	0.312775646357919	0.279	0.202	0.0124710702811905	SMU1	c14
3.70416607602647e-07	-1.49697050095263	0.031	0.073	0.0124808171765636	PRR7	c14
3.71832460716746e-07	-5.64277580431559	0	0.026	0.01252852293139	XXYLT1-AS2	c14
3.78103291540416e-07	1.32994967754377	0.03	0.012	0.0127398123051628	CEP112	c14
3.83603809430813e-07	0.369201485388972	0.324	0.249	0.0129251467549618	RAD23B	c14
3.92366480299449e-07	0.453772031939514	0.141	0.09	0.0132203961872096	CPQ	c14
3.96543244364835e-07	0.233771723309326	0.557	0.446	0.0133611280756287	NDUFS8	c14
4.0129961360309e-07	0.297399317485979	0.303	0.225	0.0135213891807425	PHC3	c14
4.02206054775193e-07	-0.339794326243496	0.571	0.594	0.0135519308095953	CDC42SE2	c14
4.07219484399481e-07	-0.30527261279347	0.695	0.709	0.0137208533073561	ANKRD12	c14
4.10768006629869e-07	0.378017905853859	0.208	0.145	0.0138404172153868	TIMM23	c14
4.25484873201228e-07	0.306383945315509	0.332	0.25	0.0143362873176422	FIBP	c14
4.26737640052865e-07	1.65976855822864	0.02	0.006	0.0143784980439412	LRRC1	c14
4.27333370047523e-07	-1.22010187183899	0.07	0.121	0.0143985705703812	SERTAD2	c14
4.27469723299021e-07	0.504804232768798	0.147	0.097	0.0144031648568372	LTV1	c14
4.3473687374142e-07	1.16993701832398	0.037	0.016	0.0146480242238434	SLC27A1	c14
4.37720731730622e-07	0.240135337922804	0.436	0.34	0.0147485623349316	ARF4	c14
4.49193000430568e-07	-1.99511154587826	0.014	0.05	0.0151351089565076	FHIT	c14
4.53716442860071e-07	0.992766500952337	0.04	0.018	0.0152875218257272	BIK	c14
4.60429452755712e-07	0.27096621716683	0.293	0.216	0.015513709981151	TACC1	c14
4.62441612697455e-07	-1.18624500788182	0.058	0.106	0.0155815076982281	KIAA0391	c14
4.70204026067269e-07	0.387578643819251	0.185	0.127	0.0158430544543106	RIN3	c14
4.712206819133e-07	-0.436092846142393	0.436	0.47	0.0158773096563867	PSIP1	c14
4.74307005059714e-07	0.459974999191742	0.154	0.102	0.015981300228482	TSC22D2	c14
4.7676967165274e-07	0.976566893715503	0.068	0.036	0.0160642773166674	TRGV7	c14
4.81504046784631e-07	0.634958667415184	0.09	0.053	0.0162237973523613	NAA40	c14
4.82709594308635e-07	0.29111148043356	0.236	0.167	0.0162644170706351	HEXB	c14
4.85005935945227e-07	0.221177789493104	0.461	0.357	0.0163417900057385	GNAI2	c14
4.87124022130943e-07	0.224090884909887	0.494	0.389	0.01641315680168	PRPF40A	c14
4.89115749879706e-07	0.225277839228988	0.584	0.477	0.0164802660764468	TMEM14B	c14
4.98083791826204e-07	1.04112482240317	0.035	0.015	0.0167824352817921	CCDC65	c14
4.9948061471347e-07	0.347470318386787	0.159	0.105	0.0168294998321557	IVD	c14
5.00022078480537e-07	0.338171237516283	0.209	0.146	0.0168477439123232	LRIF1	c14
5.01515389173608e-07	0.274605579073808	0.327	0.244	0.0168980595228156	ZFAND2B	c14
5.02858314336972e-07	0.266609764392528	0.307	0.226	0.0169433080432699	CYB561D2	c14
5.06668022288294e-07	0.976296788546957	0.043	0.02	0.0170716723429818	EMILIN2	c14
5.06974893337857e-07	0.266634603442531	0.35	0.268	0.0170820120561258	TMED5	c14
5.10849286062332e-07	0.998886303279354	0.034	0.014	0.0172125558445842	PPM1N	c14
5.1306171854412e-07	0.684151322832652	0.087	0.051	0.0172871015446256	TSPAN2	c14
5.13612113474895e-07	0.371030703897159	0.188	0.129	0.0173056465514231	FAM21C	c14
5.2158433336936e-07	-0.437647879670576	0.417	0.457	0.0175742625285472	CLPP	c14
5.23830647117703e-07	0.305037052501097	0.355	0.275	0.0176499498239839	DNAJC7	c14
5.23930586135544e-07	1.65932919400552	0.015	0.004	0.017653317169251	RGS18	c14
5.24800950826047e-07	-2.60632667563597	0.006	0.036	0.0176826432371328	TNFRSF10D	c14
5.25243146882783e-07	0.366593725630321	0.214	0.151	0.0176975425910685	PAFAH1B3	c14
5.29811442400731e-07	0.255196574733856	0.354	0.266	0.0178514667402502	MRPL4	c14
5.30882265632549e-07	0.617384030978012	0.097	0.057	0.0178875470582231	LRWD1	c14
5.3683126552486e-07	0.530416029720725	0.117	0.073	0.0180879926605946	DDX10	c14
5.41156940439826e-07	0.22640714129003	0.34	0.251	0.0182337419511795	TSEN54	c14
5.4268461175091e-07	0.320718639300874	0.335	0.255	0.0182852153083352	DDRGK1	c14
5.44997604063048e-07	0.213478346100473	0.451	0.348	0.0183631492713003	PSMD4	c14
5.45146802385175e-07	-0.998039312268709	0.121	0.176	0.0183681763595661	LSR	c14
5.452668060036e-07	0.271441319115027	0.279	0.203	0.0183722197614853	CLK3	c14
5.46304293338948e-07	0.503325945330802	0.135	0.087	0.0184071768597625	TRUB2	c14
5.4639922066605e-07	0.221079216223523	0.661	0.55	0.0184103753411219	SEP15	c14
5.47980809262842e-07	1.71590982231152	0.021	0.007	0.0184636653873022	MIR210HG	c14
5.48193857537833e-07	0.643902273426353	0.095	0.056	0.0184708438358798	GATC	c14
5.50917271268463e-07	0.344919975776019	0.266	0.195	0.0185626065381196	PSMD3	c14
5.58124413084611e-07	-0.866111627136573	0.14	0.197	0.0188054439744729	TRIM44	c14
5.5869664170403e-07	0.159663403406054	0.835	0.727	0.0188247246455756	RBM3	c14
5.63805194261477e-07	0.278831855199169	0.404	0.315	0.0189968522154462	PAFAH1B1	c14
5.68231753095921e-07	0.526614792097422	0.105	0.064	0.019146000688814	RRP9	c14
5.6850265592568e-07	-1.04788636728696	0.078	0.131	0.0191551284887599	CD79B	c14
5.70015558267443e-07	0.38778578499506	0.186	0.128	0.0192061042202632	FAM58A	c14
5.7436154641874e-07	0.59287056621528	0.078	0.044	0.019352537945033	MYO7A	c14
5.78507901266838e-07	0.43237969098882	0.118	0.073	0.0194922452252848	EPHA1-AS1	c14
5.78913484476752e-07	0.888550293126363	0.05	0.025	0.0195059109459597	KHK	c14
5.81524631853857e-07	0.238755671623199	0.303	0.225	0.0195938909456838	CHORDC1	c14
5.82352461423819e-07	0.550529633292294	0.144	0.095	0.0196217838352142	AARS	c14
5.85545764942134e-07	0.175897551845574	0.652	0.541	0.0197293790039603	BTN3A2	c14
5.89662653751002e-07	0.610313460002726	0.096	0.057	0.0198680934554863	TMEM120B	c14
5.92861209742789e-07	0.229328196290272	0.396	0.302	0.0199758656010735	ERGIC2	c14
5.93358650983467e-07	-0.923895763305719	0.272	0.318	0.0199926263862369	HLA-DQB1	c14
5.98894367318019e-07	0.340783996112965	0.283	0.21	0.0201791468124133	BAG1	c14
6.00589872027091e-07	0.356808083888376	0.236	0.169	0.0202362751480808	HACD4	c14
6.09841481684084e-07	0.24297880558117	0.515	0.416	0.0205479988838635	TMEM179B	c14
6.18566122459081e-07	-2.65430753498238	0.009	0.041	0.0208419669301363	CYTH3	c14
6.22320532909007e-07	0.594588188327528	0.121	0.077	0.0209684680358361	TAF1B	c14
6.23059901485154e-07	-0.183838279701369	0.455	0.335	0.0209933803206408	DUSP4	c14
6.23524254196829e-07	1.01226798770302	0.043	0.02	0.0210090262209079	ENTPD5	c14
6.27043743316264e-07	0.201429206742648	0.571	0.444	0.0211276118872982	CLTA	c14
6.36295117074662e-07	-5.66992990406208	0	0.025	0.0214393276747136	PTK2	c14
6.38436290077826e-07	0.235112688517302	0.461	0.364	0.0215114723578823	RTN4	c14
6.40304236204173e-07	0.670076183443325	0.069	0.037	0.0215744109346634	BAG2	c14
6.40515217292048e-07	0.605467242635224	0.115	0.072	0.0215815197314383	HECTD3	c14
6.4133267940017e-07	0.448659010097147	0.208	0.149	0.0216090632997093	AGA	c14
6.42856102791489e-07	1.24971180884974	0.025	0.009	0.0216603935274564	MDGA1	c14
6.54886698574013e-07	0.438307109353154	0.179	0.122	0.0220657524217528	CCDC82	c14
6.56184682352406e-07	0.485856690421121	0.126	0.08	0.022109486687182	KIAA0232	c14
6.58542793560086e-07	0.297279891837105	0.265	0.192	0.0221889408862135	MRPS10	c14
6.59984806674161e-07	-1.90460242684828	0.015	0.05	0.0222375280760792	IZUMO4	c14
6.70846327126998e-07	-0.702045235453603	0.242	0.297	0.0226034961462171	CHMP7	c14
6.73140112400105e-07	0.248088152499831	0.385	0.292	0.0226807829472091	PRMT1	c14
6.77820443652889e-07	0.569917146008713	0.106	0.065	0.0228384820284404	PANK4	c14
6.77835493999233e-07	-1.40081935200106	0.038	0.081	0.0228389891348102	RCBTB2	c14
6.87033493483313e-07	-6.46026396421889	0	0.025	0.0231489065294268	AC145110.1	c14
6.91567255821018e-07	0.336666008566356	0.211	0.148	0.0233016671176334	COPG1	c14
6.973031542385e-07	0.348975979109498	0.267	0.199	0.023494932478912	PDIA4	c14
7.04573211603181e-07	0.491736089951002	0.122	0.077	0.0237398897917576	PRIM1	c14
7.07886644061505e-07	0.242623916102285	0.346	0.259	0.0238515325850083	DPY30	c14
7.08804291102541e-07	0.61906848097924	0.096	0.057	0.023882451784409	ILVBL	c14
7.1685229332305e-07	0.53011013557386	0.102	0.061	0.0241536211712268	BNIP1	c14
7.18921716640483e-07	0.303536418125255	0.263	0.191	0.0242233483204844	GLRX3	c14
7.19805378794708e-07	0.213215370598591	0.473	0.369	0.0242531224331089	ILF2	c14
7.26267026552493e-07	0.205894908384906	0.589	0.469	0.0244708411926597	AURKAIP1	c14
7.27047077295631e-07	0.449101945144438	0.112	0.069	0.024497124222399	GTF2H2	c14
7.3411919910386e-07	0.10786368144156	0.881	0.797	0.0247354122946055	HMGN2	c14
7.41208196982944e-07	0.331597830249231	0.324	0.247	0.0249742689891433	MRPS5	c14
7.42911133382188e-07	0.433061189230772	0.188	0.131	0.0250316477281795	RP11-345J4.5	c14
7.47489350463018e-07	-0.922396338425355	0.094	0.147	0.0251859061745009	GPX7	c14
7.50062678058729e-07	0.878728949519272	0.074	0.042	0.0252726118745108	CPPED1	c14
7.68797524428503e-07	0.520297477415764	0.11	0.068	0.025903863788094	THEM6	c14
7.73573421349692e-07	-1.21634259778119	0.052	0.099	0.0260647828589565	CEP68	c14
7.74297459723236e-07	0.235179899457353	0.416	0.317	0.0260891786079147	FAM96A	c14
7.79339737296386e-07	0.37468023083935	0.151	0.1	0.0262590731084644	CD2AP	c14
7.85552457346683e-07	0.249271070816759	0.421	0.329	0.0264684044978391	REST	c14
7.8895491684543e-07	1.09754452965153	0.055	0.028	0.0265830469681899	CLNK	c14
7.93240747255255e-07	0.180370850742041	0.394	0.303	0.0267274537380185	PHPT1	c14
8.1429039505813e-07	0.23440295053707	0.502	0.396	0.0274367005710886	SRSF4	c14
8.17845055803156e-07	-1.21921481292228	0.055	0.102	0.0275564713102315	L3MBTL3	c14
8.32272277306037e-07	-5.57068953994638	0	0.024	0.0280425821115496	FAIM2	c14
8.32688073126993e-07	0.30565864236263	0.33	0.252	0.0280565919359409	CCDC124	c14
8.35203902359792e-07	0.256875633152363	0.379	0.291	0.0281413602861108	TADA3	c14
8.35906969785515e-07	0.514662347017263	0.148	0.098	0.0281650494399531	P4HA1	c14
8.38900797716981e-07	0.153470061137055	0.934	0.851	0.028265923478276	UBL5	c14
8.572933680179e-07	0.411609050036392	0.16	0.108	0.0288856427419951	UBA6	c14
8.64567510592191e-07	0.332493602411238	0.245	0.177	0.0291307377018933	PDCD7	c14
8.72513783782217e-07	0.328695253136062	0.26	0.19	0.029398479430758	MRPL27	c14
8.95956440026336e-07	1.8647446677391	0.013	0.003	0.0301883562902474	KIAA1161	c14
9.0341280620046e-07	0.315668871651681	0.302	0.228	0.0304395910921183	EPRS	c14
9.07892498350659e-07	-1.29516839036455	0.048	0.094	0.0305905298394271	AHI1	c14
9.17700077935138e-07	0.475303150047965	0.187	0.131	0.0309209864259465	SLC50A1	c14
9.23646262298359e-07	0.440002128861626	0.154	0.104	0.0311213371618809	SPTLC2	c14
9.34789626370775e-07	0.310830826252481	0.297	0.222	0.0314968016709369	KRR1	c14
9.37794275221157e-07	-2.37739282521685	0.009	0.04	0.0315980403093017	TRAV6	c14
9.38715419888627e-07	0.172021525721736	0.838	0.743	0.0316290773577274	ARF1	c14
9.49192646208583e-07	-1.02766044186963	0.36	0.402	0.031982097021352	HSPA1B	c14
9.50474066539868e-07	0.947691962508378	0.045	0.022	0.0320252731979943	SPSB2	c14
9.57687660962235e-07	0.304173051758311	0.279	0.207	0.0322683280484615	ATP1B3	c14
9.5927197945904e-07	-0.603728658643195	0.233	0.292	0.0323217100758929	TLK1	c14
9.6242424089301e-07	0.738786918707437	0.064	0.034	0.0324279223726491	FAIM	c14
9.62892222210908e-07	0.476188952686083	0.142	0.093	0.0324436905351743	FBXO31	c14
9.69692397028634e-07	0.266646793531711	0.293	0.216	0.0326728156254828	FBXL5	c14
9.71535619602889e-07	0.321881021089527	0.253	0.185	0.0327349211668997	TRNAU1AP	c14
9.78173316435575e-07	1.34594821570542	0.021	0.007	0.0329585717239803	AC116366.5	c14
9.83515556919802e-07	0.542860644613577	0.106	0.065	0.0331385731748558	CARNMT1	c14
9.94294017330186e-07	0.208359000256283	0.525	0.433	0.0335017426199233	YPEL5	c14
1.00199632669984e-06	0.915908010565023	0.055	0.028	0.0337612642318244	BTBD6	c14
1.0140057161564e-06	0.138358402941233	0.415	0.318	0.0341659086001737	STAT4	c14
1.01704740529979e-06	0.301834117713774	0.398	0.314	0.034268395274171	KXD1	c14
1.0210572085005e-06	-4.59544070437308	0.001	0.026	0.0344035015832158	H1F0	c14
1.02274761865743e-06	0.345758242999244	0.182	0.125	0.0344604582630434	DYNC1LI1	c14
1.02611337496109e-06	0.342355184172527	0.207	0.145	0.0345738640559391	TMEM138	c14
1.03162500836786e-06	0.603342237475054	0.097	0.058	0.0347595730319468	SLC43A3	c14
1.03728986537717e-06	0.198701296409929	0.695	0.577	0.0349504447240184	ERH	c14
1.04487203944239e-06	0.381346420123927	0.187	0.13	0.0352059184969718	EMC8	c14
1.05056348150771e-06	-2.26033651266121	0.011	0.043	0.0353976859459209	HSPA6	c14
1.07017745511835e-06	-1.11881440566532	0.054	0.101	0.0360585591727576	R3HDM2	c14
1.07466958062225e-06	0.867127833319417	0.045	0.022	0.036209916849486	LINC01012	c14
1.07472987435423e-06	-0.340577321156802	0.529	0.554	0.0362119483864914	PRDX2	c14
1.07477165062357e-06	0.500600243474945	0.145	0.096	0.0362133559961105	PIGX	c14
1.08526725010193e-06	0.335375903704128	0.236	0.172	0.0365669947249344	CUL4A	c14
1.09701266964614e-06	0.734732780647084	0.061	0.032	0.036962744891057	DTD2	c14
1.11409582567508e-06	0.571563614314833	0.124	0.08	0.0375383447502962	GLRX2	c14
1.114951142494e-06	0.195365415303307	0.653	0.543	0.0375671637951929	CD164	c14
1.12238086178468e-06	0.856571130258572	0.039	0.018	0.0378175007569731	KCTD21	c14
1.1254076647625e-06	0.234509602695743	0.395	0.303	0.0379194858565075	RNF114	c14
1.13068985319219e-06	0.340842636735617	0.27	0.201	0.0380974639134576	TSSC4	c14
1.13254145412183e-06	0.298301817853509	0.331	0.252	0.038159851755181	CHCHD5	c14
1.13310621117209e-06	0.594150574193484	0.109	0.068	0.0381788806792323	NFKBIE	c14
1.14179696087069e-06	-4.13254682452051	0.001	0.026	0.038471706799577	TCEA3	c14
1.14588263742642e-06	0.357660177030558	0.174	0.118	0.0386093695854458	PMS1	c14
1.15030339939843e-06	0.570254351657195	0.112	0.07	0.0387583227393309	METTL2B	c14
1.15828089188729e-06	0.393943921300821	0.231	0.168	0.0390271163712505	USP39	c14
1.16255273359617e-06	0.343349865035837	0.189	0.131	0.0391710518057892	PIGS	c14
1.1633018105337e-06	0.244588779969688	0.284	0.208	0.0391962912041226	TM2D1	c14
1.16814742817144e-06	0.281586242554463	0.284	0.21	0.0393595594448084	UBE2G2	c14
1.18477386033309e-06	0.254450400081986	0.287	0.213	0.039919770450063	NFE2L2	c14
1.19730067681601e-06	0.293635963156768	0.274	0.204	0.0403418490046387	PPP2R2A	c14
1.19849143037428e-06	0.463331330874172	0.164	0.113	0.0403819702550309	SH3BP2	c14
1.2113081447965e-06	0.587216882238037	0.088	0.052	0.0408138166307732	SCARB2	c14
1.212633159981e-06	1.19692137812282	0.027	0.01	0.0408584616923999	AZIN2	c14
1.22959277922888e-06	-0.86903370734196	0.12	0.175	0.0414298991033378	SLC25A45	c14
1.22993345346266e-06	0.280567034450655	0.382	0.3	0.0414413777809709	UFM1	c14
1.23560117907779e-06	0.380943148264294	0.174	0.119	0.0416323461278471	RP9	c14
1.24317910916782e-06	-0.469640356336604	0.381	0.434	0.0418876769043006	LINC00861	c14
1.24630960181827e-06	0.314462661001011	0.356	0.274	0.0419931557236648	RABGGTB	c14
1.25309160596991e-06	0.319893244555802	0.235	0.17	0.04222166857155	GRPEL1	c14
1.26279411232052e-06	0.501026749894101	0.156	0.106	0.0425485848205277	BRAT1	c14
1.27093926314704e-06	-0.396220379316711	0.528	0.538	0.0428230275324763	RNASET2	c14
1.27785304512837e-06	0.240201144186605	0.394	0.305	0.0430559805025554	ATG12	c14
1.28492889447703e-06	0.465849821599494	0.12	0.076	0.0432943941705091	MAP3K13	c14
1.3103015127456e-06	0.344191439560779	0.218	0.156	0.0441492991704502	PLRG1	c14
1.32046567623555e-06	0.294105047839628	0.284	0.211	0.0444917704950808	CISD2	c14
1.34519798612149e-06	0.287449254511793	0.319	0.243	0.0453251009443774	MLX	c14
1.34734963323028e-06	0.384499378903597	0.207	0.147	0.0453975985420612	AAGAB	c14
1.35190642431617e-06	0.27343151749387	0.431	0.337	0.045551135060909	TEX264	c14
1.35214811582238e-06	0.576706202006182	0.113	0.071	0.0455592786145193	SAAL1	c14
1.35353412828348e-06	0.35984345269607	0.192	0.134	0.0456059789183835	KIN	c14
1.3572882251584e-06	-1.41435134723916	0.037	0.079	0.0457324694584871	TTN	c14
1.36272944909605e-06	0.713804809573547	0.057	0.029	0.0459158060578424	TMEM8A	c14
1.37137178457546e-06	-1.78189503167294	0.022	0.058	0.0462070009094854	AIF1	c14
1.37821218151178e-06	0.251958989200574	0.294	0.218	0.0464374812438578	SMNDC1	c14
1.3935287171152e-06	0.211265293161862	0.579	0.47	0.0469535565944794	VAPA	c14
1.39927285972226e-06	0.525796566284702	0.113	0.071	0.047147099735482	ATF7	c14
1.40185109539988e-06	-0.807983034274853	0.159	0.214	0.0472339708084036	NEK7	c14
1.4203217386181e-06	-1.46624536000683	0.029	0.068	0.0478563206609984	HIVEP1	c14
1.42363207107081e-06	-1.4844826281133	0.027	0.065	0.0479678590026598	MIR3142HG	c14
1.44391421426093e-06	0.718788978107614	0.082	0.048	0.0486512455353076	IDH1	c14
1.47691571873726e-06	0.263821007638662	0.366	0.282	0.0497631982271333	CCDC69	c14
1.47868820855571e-06	0.496279060885792	0.125	0.081	0.0498229204990762	SH3GL1	c14
1.49794884621912e-06	0.35059346414527	0.274	0.205	0.0504718884245069	DIABLO	c14
1.49892705809009e-06	0.911278343190983	0.038	0.017	0.0505048482952874	STX3	c14
1.50126258253149e-06	0.490069368688284	0.15	0.1	0.0505835414558161	SGSM3	c14
1.55875875521228e-06	0.494902722215041	0.122	0.078	0.0525208174981225	ZNF512	c14
1.57305238168847e-06	0.26571862125457	0.293	0.22	0.0530024269486113	TRANK1	c14
1.60497992626208e-06	0.497852371786926	0.109	0.068	0.0540781936354746	CTSH	c14
1.60748158797877e-06	-1.11101677639287	0.043	0.086	0.0541624846253567	ZBTB10	c14
1.61063172219789e-06	0.342215220723486	0.219	0.157	0.0542686252477358	NECAP1	c14
1.61069519359015e-06	0.174221624223197	0.742	0.611	0.0542707638528264	UBE2I	c14
1.61685683619212e-06	1.79280959075755	0.013	0.004	0.0544783742386572	TIMD4	c14
1.61836871214086e-06	0.826103324847325	0.048	0.024	0.0545293153868741	SRRD	c14
1.62784439426487e-06	0.24667536734514	0.412	0.321	0.0548485890203605	POLR2F	c14
1.6358599644785e-06	-4.51326935138812	0.001	0.025	0.0551186656431385	RP11-664D1.1	c14
1.645088775255e-06	1.76348736285874	0.013	0.004	0.055429621193442	LATS2	c14
1.64644101771662e-06	0.297798002263984	0.247	0.179	0.0554751836509437	PRKAR2A	c14
1.64796208960633e-06	0.403071338320265	0.16	0.109	0.0555264346471957	VRK2	c14
1.66356684256866e-06	0.827343741208125	0.051	0.026	0.0560522211935084	ADAP1	c14
1.66905156725354e-06	0.232295397213688	0.379	0.294	0.0562370235070409	YTHDF2	c14
1.66923649113918e-06	0.242234550122997	0.227	0.161	0.0562432543324436	KDM4C	c14
1.67382462371888e-06	0.34562791946753	0.274	0.206	0.0563978468715841	FPGS	c14
1.67931612651654e-06	0.311174870022542	0.229	0.165	0.0565828775668484	KLHL28	c14
1.684080967063e-06	0.475975312884902	0.148	0.1	0.0567434241042206	MOV10	c14
1.69648142711552e-06	0.571154077114445	0.111	0.07	0.0571612452052303	SPIN1	c14
1.70186515150952e-06	-1.45660751639728	0.031	0.07	0.0573426444149618	AC013264.2	c14
1.70594448072981e-06	0.429547813321332	0.179	0.125	0.0574800933337102	ODF2	c14
1.71252444957439e-06	1.5679227026712	0.018	0.006	0.0577017988039595	TBC1D24	c14
1.7243956040086e-06	-5.5536750357982	0	0.023	0.0581017854814657	AC097713.4	c14
1.72489649074325e-06	-1.08381343409563	0.046	0.09	0.0581186623591031	TPK1	c14
1.72654531247193e-06	-0.855784925320933	0.413	0.434	0.0581742177584293	BATF	c14
1.72994547348645e-06	-0.869616248770277	0.099	0.152	0.0582887827836525	RERE	c14
1.74858076863473e-06	0.346593435710824	0.171	0.117	0.0589166804183785	IQCB1	c14
1.7579072105419e-06	1.19998644920184	0.02	0.007	0.0592309255519989	SLC30A4	c14
1.76874864049439e-06	0.352443416887367	0.215	0.154	0.0595962166928179	C4orf27	c14
1.77322609334825e-06	0.308405366975249	0.329	0.251	0.0597470799892758	LYPLA1	c14
1.7837449826218e-06	0.317870499896737	0.237	0.173	0.0601015034444589	EIF2B1	c14
1.79142455339263e-06	0.384439352257993	0.2	0.142	0.0603602589020114	COMMD5	c14
1.79591153232007e-06	0.241748731322768	0.378	0.294	0.0605114431699924	SMARCE1	c14
1.82284268310063e-06	0.284605137891967	0.297	0.223	0.0614188613643925	SLC25A38	c14
1.84408472503639e-06	0.543313022007816	0.123	0.08	0.0621345907253761	SNRNP25	c14
1.85209201512257e-06	0.147472554512481	0.843	0.735	0.0624043883575397	UQCR10	c14
1.87120064273416e-06	-2.75642623484495	0.005	0.032	0.0630482344562847	CFP	c14
1.88993646912577e-06	0.183939289996531	0.383	0.294	0.0636795193907236	MAP4K1	c14
1.91043830298022e-06	0.268820547241403	0.329	0.251	0.0643703081806154	SNX1	c14
1.92242329123267e-06	0.266761069427576	0.342	0.261	0.0647741303747936	VBP1	c14
1.92279812148677e-06	-0.58556433390536	0.333	0.375	0.0647867599053753	TMEM173	c14
1.92352533317454e-06	0.239745825598389	0.427	0.334	0.064811262575983	KDELR2	c14
1.9267711384853e-06	0.374429812105339	0.172	0.118	0.0649206267401238	RUVBL2	c14
1.94564059834078e-06	0.331781162354887	0.276	0.208	0.0655564143204942	HCFC1R1	c14
1.94951481490305e-06	0.591344447242462	0.083	0.049	0.0656869521733434	ZCCHC2	c14
1.95743263555866e-06	-3.31008038505472	0.003	0.029	0.0659537352225134	RP11-121P12.1	c14
1.95807179512788e-06	0.463764077167915	0.132	0.086	0.0659752710650387	CKAP5	c14
1.96681402083857e-06	0.383403350850757	0.169	0.116	0.0662698316181348	WDR45B	c14
1.97612814278846e-06	-1.84937580716081	0.013	0.045	0.0665836616431145	MGST2	c14
1.97869543581185e-06	0.98012531160216	0.042	0.02	0.0666701640142445	HYLS1	c14
1.98974757846938e-06	0.403296848703308	0.131	0.085	0.0670425549089472	NBPF26	c14
1.99407769251615e-06	0.224432774473429	0.364	0.277	0.0671884537716392	GSTO1	c14
2.00537185442783e-06	-0.334443958571584	0.625	0.632	0.0675689992630913	SNHG8	c14
2.01293567427845e-06	0.432720932003532	0.154	0.104	0.067823854609138	ELAC2	c14
2.03339826082853e-06	-1.11496199112758	0.05	0.095	0.0685133210003567	SREBF2	c14
2.03577463594962e-06	-3.32003357657235	0.004	0.03	0.0685933905836864	ENC1	c14
2.03881411670518e-06	0.304930966493952	0.205	0.145	0.0686958028482644	KLF13	c14
2.05685343256057e-06	0.296630510234131	0.351	0.27	0.0693036195566958	ANXA2R	c14
2.08026949259325e-06	0.282213734498019	0.234	0.17	0.0700926002834368	EML2	c14
2.10001984483983e-06	0.344975264918612	0.171	0.117	0.0707580686520333	NKIRAS2	c14
2.10590871681735e-06	0.31817255737036	0.267	0.199	0.0709564883044437	SP3	c14
2.11369460969447e-06	-0.785744917852315	0.14	0.195	0.0712188261790456	RASA3	c14
2.14200345540526e-06	0.321028389819186	0.214	0.153	0.0721726644264249	SSSCA1	c14
2.14734422076453e-06	-1.3005240443723	0.052	0.096	0.0723526161744402	PRR5L	c14
2.15383848118139e-06	-4.42971861937824	0.001	0.025	0.0725714337849257	AC074289.1	c14
2.15413994572372e-06	0.343960898370519	0.162	0.11	0.0725815913312149	RLIM	c14
2.16212162074828e-06	0.414414032216668	0.181	0.127	0.0728505258894925	RAE1	c14
2.18334014250107e-06	0.372174852025863	0.176	0.122	0.073565462761431	COG4	c14
2.21479184840728e-06	-1.8879396131541	0.017	0.051	0.0746251965402347	RP11-108M9.4	c14
2.22088083560927e-06	0.329652714528862	0.212	0.152	0.0748303588750189	MKL1	c14
2.22779564753202e-06	-0.322881394827575	0.584	0.59	0.0750633465479438	ST13	c14
2.23155102406988e-06	0.408388825885593	0.149	0.101	0.0751898802050105	TOB2	c14
2.26774691225122e-06	0.205163578336937	0.708	0.595	0.0764094644613926	SEC61G	c14
2.27515933024575e-06	0.469074848609766	0.126	0.082	0.0766592184733005	PPIL1	c14
2.29218069397402e-06	0.252000577762732	0.29	0.216	0.0772327363027605	TBPL1	c14
2.31764413040297e-06	-3.34901124469666	0.002	0.026	0.0780907013297975	SUOX	c14
2.33912020507918e-06	0.191640611722361	0.529	0.424	0.078814316189938	TMC6	c14
2.38373286885987e-06	0.450446046933327	0.111	0.07	0.0803174952833643	CSNK1G1	c14
2.38679354971746e-06	-0.680024181233154	0.171	0.229	0.0804206218641802	CNST	c14
2.39377502845277e-06	0.592703696911555	0.07	0.039	0.0806558558086877	AC021188.4	c14
2.41623769812526e-06	0.199094835674929	0.564	0.468	0.0814127130006325	BRD2	c14
2.42717358296782e-06	0.617909687325017	0.091	0.055	0.0817811867045177	RAB4B	c14
2.42958076679113e-06	0.641609793069715	0.08	0.047	0.0818622943562603	ROGDI	c14
2.44727854505056e-06	1.20043077255384	0.033	0.014	0.0824586032969336	RP11-98D18.3	c14
2.46659404356112e-06	-1.76905859672251	0.014	0.046	0.0831094197037482	LINC00920	c14
2.47393146427225e-06	-2.4837562742682	0.009	0.038	0.0833566467571893	NUAK2	c14
2.48285793401056e-06	0.410202397345661	0.159	0.109	0.0836574152285519	PDLIM5	c14
2.49930090512121e-06	0.436853757289916	0.147	0.099	0.084211444697154	SBNO2	c14
2.50604453070421e-06	0.237102922893403	0.482	0.387	0.0844386644175477	MRPL51	c14
2.51296282484788e-06	0.41802876684046	0.183	0.129	0.0846717694204244	NUP62	c14
2.53624546004464e-06	0.35211136330738	0.158	0.107	0.0854562545307441	SERPINB6	c14
2.53828109824403e-06	1.09415686703915	0.032	0.014	0.0855248433242345	HNRNPUL2-BSCL2	c14
2.57261246122121e-06	0.71911261884132	0.077	0.045	0.0866816042683875	PSAT1	c14
2.62973492038694e-06	0.501365624050537	0.119	0.077	0.0886062884075176	ATG7	c14
2.65178193305493e-06	0.359000233062094	0.245	0.182	0.0893491404523526	SNAPIN	c14
2.65620177751227e-06	-2.82332322584069	0.002	0.026	0.0894980626914984	PLA2G4C	c14
2.68016844175406e-06	0.435035026604134	0.114	0.073	0.0903055954764613	ZDHHC5	c14
2.70186889614566e-06	-1.03522719400524	0.068	0.114	0.0910367705867317	SMAD3	c14
2.72835042791561e-06	0.212196306528171	0.597	0.48	0.0919290393181884	MEAF6	c14
2.74286020271097e-06	0.195800359582413	0.429	0.336	0.0924179316701435	LNPEP	c14
2.75932596134913e-06	0.286803518999785	0.316	0.239	0.0929727289416976	UBE2J1	c14
2.83703074676654e-06	0.426554815330346	0.153	0.104	0.0955909139815517	HIST3H2A	c14
2.8469879850117e-06	0.410049487806626	0.148	0.1	0.0959264131669844	BTBD1	c14
2.8487555042406e-06	0.333194296027566	0.232	0.171	0.0959859679598828	DNAJB11	c14
2.85699073366721e-06	0.140730884814882	0.725	0.614	0.096263445780183	RSRP1	c14
2.86116000257564e-06	0.459952325777362	0.135	0.089	0.0964039251267836	DTYMK	c14
2.86268889640797e-06	0.200279449190874	0.589	0.474	0.0964554396755703	SF3B6	c14
2.91149542272282e-06	0.244929371994126	0.3	0.226	0.0980999267732227	SMARCB1	c14
2.92237610367418e-06	-1.01866880329363	0.084	0.133	0.0984665404371978	ABCC1	c14
2.92343973629948e-06	0.119441343007078	0.547	0.431	0.0985023784748747	USP15	c14
2.94142941826191e-06	0.34441593852445	0.243	0.18	0.0991085228189167	EFR3A	c14
2.95676876145132e-06	0.311232430188509	0.22	0.16	0.0996253666483407	PRCC	c14
2.95683027139968e-06	0.422851072049232	0.144	0.097	0.0996274391645407	ACOT13	c14
2.99835865884199e-06	0.350811965324501	0.15	0.1	0.101026696651022	ITGA5	c14
3.00507768424433e-06	-1.22073238337231	0.043	0.085	0.101253087492929	TRAV4	c14
3.02994904759829e-06	0.319945540524958	0.186	0.13	0.102091103209777	GTPBP4	c14
3.03413815019232e-06	0.212407384111567	0.432	0.337	0.10223225083258	FAM162A	c14
3.04435623107839e-06	0.351041993033249	0.218	0.158	0.102576538849955	MRPS18A	c14
3.06083557292219e-06	0.516555860099206	0.134	0.089	0.10313179379404	PARVB	c14
3.07793076179349e-06	-2.72306332790195	0.009	0.038	0.10370779908787	TRAV23DV6	c14
3.09949259223357e-06	0.325515805381981	0.207	0.148	0.104434303402718	ARHGAP1	c14
3.11476447439058e-06	0.243949459061749	0.264	0.194	0.104948874200116	DCTD	c14
3.13171571495512e-06	1.70430916721242	0.018	0.006	0.105520029299698	FSD1	c14
3.15145919721347e-06	-0.36317364384161	0.665	0.667	0.106185266190911	KIAA1551	c14
3.15701563719031e-06	0.242399525451644	0.311	0.235	0.10637248487949	STX10	c14
3.18073575962828e-06	0.357209818987836	0.153	0.104	0.107171710684915	MAP4K5	c14
3.23722006646975e-06	0.538866981808281	0.101	0.063	0.109074892919632	FAM89B	c14
3.24771343146831e-06	0.291538112421027	0.267	0.199	0.109428456359893	MRPL13	c14
3.24991197983518e-06	0.253243700351533	0.351	0.271	0.109502534248567	AIMP1	c14
3.26804662681074e-06	0.340292154154388	0.226	0.166	0.110113563043761	CRELD2	c14
3.29124682342847e-06	0.175817925947696	0.672	0.551	0.110895270468599	PAIP2	c14
3.29789012773954e-06	0.179510966833555	0.547	0.449	0.111119109964056	FAM49B	c14
3.42483577487874e-06	0.184721846331205	0.322	0.245	0.115396416598764	LRBA	c14
3.46709360079579e-06	0.21377659515798	0.403	0.317	0.116820251785213	TMEM165	c14
3.64356783178844e-06	2.43820841947818	0.012	0.003	0.12276637452428	AK4	c14
3.64700557854759e-06	0.38310774571951	0.175	0.122	0.122882205963583	PGM1	c14
3.67979625447839e-06	0.443517673457279	0.157	0.108	0.123987054998395	MYNN	c14
3.69411811761333e-06	0.302151162458992	0.261	0.195	0.124469615854863	PSMD1	c14
3.69474594578356e-06	-2.69357492745624	0.005	0.031	0.124490769897231	ANKS1B	c14
3.71170558950576e-06	0.214291189272918	0.306	0.23	0.125062208132807	CUEDC2	c14
3.76716664466224e-06	0.229699413223355	0.416	0.325	0.12693091292525	ADH5	c14
3.81749797099662e-06	0.772194767228642	0.062	0.034	0.12862677663476	FBXL6	c14
3.83936706122995e-06	0.127654354215478	0.901	0.836	0.129363633761082	CD44	c14
3.84108606132608e-06	-0.398184895085749	0.644	0.648	0.129421553750321	HIST1H4C	c14
3.84578667182311e-06	0.191209159032466	0.338	0.257	0.129579936120408	MAT2A	c14
3.85616617497104e-06	-5.6248305415907	0	0.021	0.129929663099474	FANK1	c14
3.91233272771181e-06	-1.07919551998129	0.044	0.086	0.131822138927522	TP53INP1	c14
3.92688225243049e-06	0.726168198109762	0.044	0.022	0.132312370613393	PLCH2	c14
3.94208220806545e-06	0.873338192769586	0.043	0.021	0.132824517918557	GZF1	c14
3.95993417101194e-06	0.353646615861427	0.23	0.17	0.133426021958076	MOSPD3	c14
3.99701819337254e-06	0.190520096704318	0.366	0.28	0.134675531007494	PPM1M	c14
4.00395326343821e-06	0.450597545679086	0.138	0.093	0.134909201258287	FAM214A	c14
4.04839335229468e-06	0.282648806849645	0.326	0.25	0.136406565612217	SPAG7	c14
4.05323766498508e-06	0.399725750325575	0.138	0.091	0.136569789884007	USP25	c14
4.05430648401929e-06	0.530291034131228	0.094	0.057	0.136605802672546	ZNF575	c14
4.0569895436877e-06	-0.997288657176361	0.017	0.05	0.136696205685013	TRAV3	c14
4.06532120619997e-06	1.11635871228063	0.026	0.01	0.136976932721702	HYAL3	c14
4.09740248311598e-06	0.634399338782622	0.075	0.044	0.13805787926611	ETV3	c14
4.11771140260697e-06	0.407188677781114	0.178	0.126	0.138742167999439	TRIM26	c14
4.15135127396772e-06	0.197304121969131	0.368	0.285	0.139875629825068	PRPF4B	c14
4.20332962908106e-06	0.325491253034889	0.259	0.195	0.141626988522257	RIF1	c14
4.20706428064844e-06	0.126453273038249	0.709	0.596	0.141752823872168	EML4	c14
4.2211645216073e-06	0.420335316741184	0.16	0.111	0.142227917391036	DDX49	c14
4.23842764742512e-06	-0.925969734087714	0.101	0.151	0.142809581152342	CD59	c14
4.25465760928967e-06	0.370982877889225	0.154	0.106	0.143356433487406	USP42	c14
4.26646939469499e-06	0.279231042470349	0.276	0.209	0.143754419784853	USP14	c14
4.30412157682957e-06	0.29919281785273	0.139	0.092	0.145023072409695	GPR18	c14
4.36738232005283e-06	0.369045833785809	0.208	0.15	0.14715457989186	ZNF330	c14
4.37336760228259e-06	0.544142831937037	0.085	0.051	0.14735624799131	GALC	c14
4.39535737113928e-06	-2.70881038619695	0.007	0.034	0.148097171263167	RP11-467L13.7	c14
4.39552463540344e-06	0.800040812765646	0.039	0.018	0.148102807065284	SLC16A6	c14
4.42412948213948e-06	1.67056097260135	0.015	0.005	0.149066618771208	EHHADH	c14
4.42896013358188e-06	0.765360445684891	0.043	0.021	0.149229382740908	RCAN2	c14
4.55871720978978e-06	-2.14462407350177	0.029	0.064	0.153601417666657	TRAV26-1	c14
4.56165803397625e-06	-3.25784107165177	0.002	0.025	0.153700505796796	LAPTM4B	c14
4.56604320940865e-06	-2.07603960328316	0.025	0.059	0.153848259897815	TRBV5-1	c14
4.58185907023e-06	-5.4222313803507	0	0.021	0.154381159512329	CHRNA6	c14
4.58795968112444e-06	0.310755419859323	0.218	0.158	0.154586713495807	TMUB2	c14
4.61660159812934e-06	0.765852578182443	0.04	0.019	0.15555177424737	SBK1	c14
4.61669075109341e-06	1.39480793467397	0.015	0.005	0.155554778167341	RP11-401F2.3	c14
4.65086393136406e-06	0.360177489263163	0.175	0.122	0.156706209303381	C7orf55	c14
4.70382960539945e-06	0.688667679847139	0.075	0.044	0.158490834724329	ELF4	c14
4.72861032518301e-06	0.401279685139173	0.168	0.117	0.159325796296716	CRLS1	c14
4.7333849932905e-06	0.274665248843426	0.338	0.262	0.15948667396393	PSMD2	c14
4.78152040367448e-06	-3.42608746441632	0.003	0.027	0.161108548481408	MS4A6A	c14
4.78509785022338e-06	0.292872202690164	0.21	0.151	0.161229086965427	SFT2D2	c14
4.83126039695929e-06	0.410579079802024	0.153	0.105	0.162784487815146	MPZL3	c14
4.84405346430501e-06	0.529321512872338	0.086	0.052	0.163215537426293	ZNHIT2	c14
4.88492739370814e-06	1.75572706039692	0.017	0.006	0.164592743603602	RP11-77K12.1	c14
4.8853079391939e-06	0.346005091572105	0.223	0.165	0.164605565703199	UNC50	c14
4.899434525984e-06	0.593834669931649	0.122	0.081	0.165081546918505	RP11-511P7.5	c14
5.03388534933408e-06	0.229965778820687	0.446	0.349	0.169611732960463	RTFDC1	c14
5.05696864697154e-06	0.403101796314056	0.146	0.099	0.170389501591059	NIF3L1	c14
5.08307447674484e-06	0.217403525919543	0.296	0.223	0.171269111419441	FRG1	c14
5.1202013740342e-06	-0.862028243130781	0.108	0.157	0.172520065096708	PLEKHA1	c14
5.16561688188146e-06	0.30735179544544	0.27	0.203	0.174050295218114	ENOPH1	c14
5.23024905941947e-06	0.242447217354082	0.363	0.281	0.17622801180808	LAMTOR2	c14
5.25500815034411e-06	-4.06893355747937	0.001	0.023	0.177062244617694	ZG16B	c14
5.31593382730505e-06	0.268795329597298	0.338	0.26	0.179115074377216	ALDH9A1	c14
5.34376593575546e-06	-1.11362243784147	0.069	0.114	0.180052849439345	IKZF2	c14
5.40179160256674e-06	0.291408576881636	0.221	0.161	0.182007966256884	RING1	c14
5.40529607534622e-06	0.298028215022652	0.229	0.169	0.182126045962715	DCPS	c14
5.46813684360335e-06	0.462296493490688	0.11	0.071	0.184243402808371	CDKN2A	c14
5.51278388836878e-06	0.209413519958225	0.509	0.405	0.185747740334698	SDHC	c14
5.52029980582239e-06	0.207647411675114	0.562	0.456	0.186000981657379	STUB1	c14
5.54340001313113e-06	0.66685638481295	0.058	0.031	0.18677932004244	ATP1A3	c14
5.54413898014695e-06	0.139714294803257	0.7	0.577	0.186804218797071	CLEC2D	c14
5.57503299390369e-06	-4.4866167814568	0.003	0.026	0.187845161696591	TRBV5-4	c14
5.64707272842588e-06	0.223253627195224	0.388	0.308	0.190272468511582	S1PR4	c14
5.6985785035869e-06	0.216698768801662	0.428	0.342	0.192007904099857	LINC00116	c14
5.74553404413832e-06	0.295998412033119	0.251	0.188	0.193590024083197	ADD1	c14
5.762073769109e-06	0.267391152108332	0.291	0.221	0.194147313576359	EBPL	c14
5.82355242614484e-06	-0.732550714736102	0.136	0.189	0.196218775446524	ZC3H7A	c14
5.84704154731731e-06	0.292157186079369	0.226	0.165	0.197010217895309	LZIC	c14
5.87120874921556e-06	0.293780999151966	0.238	0.177	0.197824507596069	MRPS31	c14
5.90272160410819e-06	1.26858619490094	0.028	0.012	0.198886301728821	POC1B-GALNT4	c14
5.92788348541653e-06	0.252804906728753	0.224	0.161	0.199734106157625	UTP23	c14
6.05017912712226e-06	0.478081985949286	0.122	0.081	0.203854735509257	FH	c14
6.05162964044758e-06	-1.36864110960821	0.023	0.056	0.203903609105241	TBXAS1	c14
6.13787596036232e-06	0.466111559012945	0.14	0.095	0.206809592608448	ACSL4	c14
6.14781349854893e-06	1.44930461121053	0.018	0.006	0.207144428020108	CFAP54	c14
6.20113584291538e-06	-1.13551760263163	0.047	0.088	0.208941071091191	LINC01184	c14
6.23699385130128e-06	0.67769966296781	0.066	0.037	0.210149270825745	GOSR2	c14
6.24816494189677e-06	0.421388651759944	0.125	0.083	0.21052566955227	KIAA0368	c14
6.25327795872862e-06	0.831029485146857	0.049	0.026	0.210697947541402	FAM214B	c14
6.27416075506975e-06	0.268666266774121	0.192	0.137	0.21140157248132	SLC20A1	c14
6.28029889327738e-06	0.333356132508228	0.221	0.162	0.211608390910088	SRP68	c14
6.3262991568543e-06	0.395436728693922	0.143	0.097	0.213158323791049	PIGB	c14
6.37131622233494e-06	0.487518545227393	0.115	0.075	0.214675128795354	BARD1	c14
6.38673508578728e-06	0.444774475928269	0.161	0.114	0.215194651980517	PHTF1	c14
6.38907926045368e-06	0.527997294383854	0.109	0.07	0.215273636601726	SLC25A22	c14
6.42105945915562e-06	0.269667010505591	0.266	0.201	0.21635117741679	SRPK1	c14
6.4406091972208e-06	0.512168946708011	0.11	0.071	0.217009886291158	FMR1	c14
6.47872161775189e-06	0.363656338973329	0.113	0.073	0.218294046188532	GABPA	c14
6.48945441990363e-06	0.325571880662936	0.162	0.112	0.218655677224233	GSKIP	c14
6.5789867843802e-06	0.388741976701841	0.171	0.121	0.221672380712907	ETF1	c14
6.67814060539106e-06	-0.67469243639757	0.101	0.152	0.225013269558046	CTDSP2	c14
6.70387529870105e-06	0.326041623108842	0.182	0.129	0.225880374314433	MRPL44	c14
6.7349808147009e-06	0.39984196798894	0.165	0.116	0.226928443570532	CANT1	c14
6.73921401190371e-06	0.756116023076879	0.052	0.028	0.227071076917084	HEATR3	c14
6.89513218711608e-06	0.416792938221814	0.158	0.11	0.232324583912689	NSUN2	c14
6.91642085423605e-06	1.05168100690221	0.035	0.016	0.23304188426263	ERICH6-AS1	c14
6.95192700668575e-06	0.202641819896343	0.554	0.457	0.23423822856327	TMED2	c14
6.96326144807338e-06	1.26586142201625	0.02	0.007	0.234620131231384	RHOBTB2	c14
6.98474365317512e-06	0.41082074130251	0.169	0.119	0.235343952650082	CBWD2	c14
7.03254739035157e-06	-1.38973830913336	0.032	0.068	0.236954651770506	BCL2L11	c14
7.04192955896413e-06	0.547395533015827	0.099	0.062	0.237270774559738	IDNK	c14
7.06481080066639e-06	0.615935030562324	0.071	0.041	0.238041735117654	UBE2T	c14
7.1743972361342e-06	0.541241961198035	0.085	0.052	0.241734140474306	TMEM19	c14
7.20072456294793e-06	0.231517743732324	0.34	0.261	0.242621213423967	SURF1	c14
7.23171973775843e-06	0.359203958722661	0.164	0.115	0.243665564844033	TWISTNB	c14
7.24802539546531e-06	0.224985259355152	0.754	0.66	0.244214967674808	SAT1	c14
7.32922447170554e-06	-0.437144255487851	0.409	0.444	0.246950889349647	GCC2	c14
7.40520226361735e-06	-0.763406501033585	0.117	0.169	0.249510885070323	NINJ2	c14
7.43935871519296e-06	1.02255961237186	0.04	0.02	0.250661752549711	LINC00176	c14
7.51803797874716e-06	0.195047609900238	0.427	0.332	0.253312771655907	FNTA	c14
7.6213460693882e-06	0.443593954197947	0.147	0.102	0.256793634461966	UTP6	c14
7.681720173554e-06	0.144555182248441	0.213	0.152	0.258827879527728	H2AFX	c14
7.77315722711031e-06	0.294030191639712	0.237	0.177	0.261908759610255	MRPL17	c14
7.78292944454741e-06	0.372066423276782	0.178	0.126	0.26223802470458	B3GALT4	c14
7.86261499872376e-06	-0.501537840016221	0.337	0.374	0.264922949766998	ATP6V0E2	c14
7.87913289231786e-06	0.864685499367337	0.039	0.019	0.265479503673758	MSH5	c14
8.00095593481688e-06	0.332763722406189	0.219	0.161	0.26958420926772	UCHL5	c14
8.11252190803523e-06	0.478856196236586	0.095	0.059	0.273343313169339	PHYH	c14
8.21485342641919e-06	0.247562739380556	0.428	0.342	0.276791271349768	GSDMD	c14
8.22025420967627e-06	0.278048517740695	0.192	0.137	0.276973245340832	CARD11	c14
8.25238297652572e-06	0.564813556796309	0.081	0.049	0.278055792011058	PCGF6	c14
8.26974645332127e-06	0.20301018180597	0.553	0.459	0.278640836998207	BANF1	c14
8.28945798723392e-06	0.17066794712702	0.627	0.515	0.27930499742186	SUMO1	c14
8.35652363362852e-06	0.64609179941693	0.082	0.05	0.281564707311479	NADK	c14
8.37399812129646e-06	-1.81390649569351	0.015	0.045	0.282153492698963	LINC01215	c14
8.38142025109158e-06	0.319597827906194	0.197	0.141	0.28240357394028	VAMP4	c14
8.41039353755742e-06	0.25108142119021	0.339	0.262	0.28337979985446	ISCA2	c14
8.47435887931335e-06	0.233495750494185	0.303	0.232	0.285535048079584	NFATC3	c14
8.50403521062708e-06	0.138226806729204	0.766	0.648	0.286534962386869	HNRNPA3	c14
8.51361718651727e-06	-1.39220736087875	0.047	0.087	0.286857817482513	INPP5F	c14
8.5243793228071e-06	0.263274424934872	0.296	0.225	0.287220436902662	BCCIP	c14
8.56453271797722e-06	-1.79083415253675	0.01	0.038	0.288573365399524	SEPN1	c14
8.59478830819517e-06	0.488138346937188	0.122	0.081	0.289592797256328	NAA25	c14
8.63192358117208e-06	0.166836962327416	0.375	0.29	0.290844033144012	SMARCA5	c14
8.63272091837738e-06	0.516943675400276	0.067	0.038	0.290870898623807	ZNF678	c14
8.78861109308905e-06	2.10770823909832	0.01	0.003	0.296123462170543	DUBR	c14
8.86201701226251e-06	0.694314616533518	0.061	0.034	0.298596801211173	ESRRA	c14
8.86639444107362e-06	0.163164764325709	0.645	0.544	0.298744294297535	LSM8	c14
8.87313603857525e-06	0.194318087588404	0.456	0.366	0.298971445683754	NOP58	c14
8.96314808344197e-06	0.243596193163165	0.366	0.286	0.302004311523494	VPS4B	c14
8.97583319956665e-06	0.483629685345891	0.127	0.085	0.302431723826199	TBL3	c14
9.13369764807863e-06	0.272936791099197	0.215	0.157	0.307750808554361	OXCT1	c14
9.13514273920131e-06	0.488679051784424	0.094	0.058	0.307799499454649	RPE	c14
9.22489699703278e-06	0.405908819955113	0.125	0.083	0.310823679418023	GOT1	c14
9.2282304449773e-06	0.47154336727736	0.131	0.088	0.310935996613065	PTS	c14
9.22860634894649e-06	0.340899264782725	0.22	0.162	0.310948662321403	MPPE1	c14
9.25728462907344e-06	0.205005618724354	0.433	0.348	0.311914948292001	SNRPE	c14
9.28012775676879e-06	0.34437419783945	0.193	0.14	0.312684624636568	FBXL3	c14
9.29235682264979e-06	0.347294534435345	0.248	0.187	0.313096670782362	TFG	c14
9.30438075747765e-06	0.477261726389032	0.121	0.08	0.313501805242452	RFC2	c14
9.40850158973852e-06	0.221761814568894	0.264	0.197	0.31701005256465	TRAF5	c14
9.46273257732712e-06	0.177022682906955	0.762	0.662	0.31883731146046	C11orf58	c14
9.4776489804691e-06	0.665112210068127	0.094	0.059	0.319339904747926	ZC3HC1	c14
9.53255931808581e-06	-0.206637384087049	0.79	0.776	0.321190053663583	EIF3G	c14
9.54115438534746e-06	-2.10027093765839	0.008	0.034	0.321479655859897	NBPF9	c14
9.75521766807321e-06	0.494312058452616	0.122	0.082	0.328692304108059	ATP5O	c14
9.8512835510247e-06	0.183528982399423	0.382	0.296	0.331929147968226	ESD	c14
9.85647237075588e-06	0.211347761350027	0.533	0.441	0.332103980060249	VDAC2	c14
9.90900582088557e-06	0.445812944457101	0.098	0.062	0.333874042128918	BBS7	c14
9.97504214225608e-06	-2.44795132160325	0.007	0.032	0.336099069941176	RP11-342D11.3	c14
1.0177044654334e-05	0.21897499716133	0.351	0.274	0.342905342583128	SNRNP40	c14
1.02081258713998e-05	-0.797117499301879	0.114	0.162	0.343952593110946	CTD-2336O2.1	c14
1.02781072411805e-05	0.639559552884102	0.075	0.045	0.346310545384337	TMEM184B	c14
1.03796007036287e-05	0.285105647988048	0.246	0.183	0.349730266108067	MRPL47	c14
1.03953039077959e-05	0.243996875392247	0.275	0.209	0.350259369869273	MRPL21	c14
1.03975605106065e-05	-0.519985544608734	0.206	0.261	0.350335403844375	MKRN1	c14
1.04891996140361e-05	0.79736356890791	0.05	0.027	0.353423091795332	DDX47	c14
1.04984998800473e-05	0.979102899911442	0.028	0.012	0.353736454958314	SPINT1	c14
1.05237912116123e-05	0.210032354483009	0.493	0.399	0.354588621084065	GADD45GIP1	c14
1.05464672997239e-05	0.587532535537979	0.083	0.051	0.355352669196898	TRIM65	c14
1.06101905162477e-05	-0.157929537041653	0.885	0.847	0.357499759254451	EDF1	c14
1.06452388335083e-05	1.18544256686443	0.025	0.01	0.358680677256229	KLF16	c14
1.0654073173554e-05	0.239837346410656	0.266	0.2	0.358978341509727	SMIM15	c14
1.07028580029804e-05	1.28917536893802	0.02	0.007	0.36062209755242	RP11-762I7.5	c14
1.07081118080613e-05	0.292635282518637	0.197	0.143	0.360799119260817	NFKBIB	c14
1.072587139615e-05	0.277956091018134	0.257	0.194	0.361397510821879	DNAJC2	c14
1.07856195221215e-05	0.266452582267334	0.232	0.172	0.363410664178361	GGA1	c14
1.08246587374971e-05	1.15265700486706	0.027	0.011	0.364726051501228	CARNS1	c14
1.08421304519081e-05	1.08181179437172	0.033	0.015	0.365314743446592	MIR22HG	c14
1.09059941457069e-05	0.471506004036899	0.118	0.079	0.36746656674545	PTPN9	c14
1.09906235559013e-05	0.460991780997901	0.127	0.086	0.370318070092537	RCHY1	c14
1.10479610589916e-05	0.630654194730726	0.094	0.059	0.372249999921664	METTL2A	c14
1.10924155432127e-05	-0.77277886624157	0.133	0.183	0.373747849313008	FBXO34	c14
1.11316873024969e-05	1.18646835503481	0.031	0.014	0.375071071970332	BUB1	c14
1.11515880205988e-05	-0.78930202389147	0.102	0.15	0.375741606766057	PVT1	c14
1.11582978940122e-05	-1.57864914851262	0.03	0.064	0.375967689240845	GADD45G	c14
1.11940385598783e-05	0.206957500185725	0.383	0.304	0.377171935236538	DOCK10	c14
1.12453088583597e-05	-0.165379807134578	0.928	0.897	0.378899436673573	UQCRB	c14
1.12775360934035e-05	0.668569539076243	0.07	0.041	0.379985301131139	TRIB3	c14
1.13042646887154e-05	0.429140711202877	0.132	0.089	0.380885894421575	ARMT1	c14
1.14029052596259e-05	0.279593485190174	0.263	0.198	0.384209489817835	TBC1D10A	c14
1.14997050444413e-05	0.248514444217438	0.313	0.24	0.387471061767405	EMC3	c14
1.15309701977655e-05	0.573379203059561	0.067	0.038	0.388524509843512	LINC01137	c14
1.15541213329019e-05	-0.714587512978188	0.147	0.197	0.389304564190796	SFI1	c14
1.17178715525521e-05	0.343805568113196	0.191	0.139	0.39482196409169	NPTN	c14
1.18048057906264e-05	0.664934367227411	0.085	0.053	0.397751126309366	HMGCS1	c14
1.206488309336e-05	0.339544814668677	0.125	0.083	0.406514170947671	SYVN1	c14
1.20656206768634e-05	0.366909791989478	0.181	0.13	0.406539023086234	PRPSAP1	c14
1.21091768585019e-05	0.497434471404207	0.102	0.065	0.408006605070362	ZNF490	c14
1.21263863067614e-05	0.821658127705311	0.069	0.04	0.408586460220018	LAT2	c14
1.21292291936625e-05	0.22688808472302	0.294	0.224	0.408682248451264	ARHGEF6	c14
1.21940653465375e-05	0.57639224119242	0.069	0.04	0.410866837786235	TTLL1	c14
1.23306576070224e-05	-2.93787546512069	0.004	0.027	0.415469177411012	LINC00891	c14
1.23544648686398e-05	-1.28064450602003	0.037	0.073	0.416271339283949	DGKH	c14
1.24610590945122e-05	0.565302437432738	0.101	0.065	0.419862925130496	POLH	c14
1.26937685061422e-05	0.464432308067211	0.118	0.079	0.427703836045956	TRIM37	c14
1.30617861557984e-05	0.338173037053085	0.164	0.116	0.44010382273347	GPR155	c14
1.3128591973498e-05	0.40046122087264	0.151	0.106	0.44235477795504	RDX	c14
1.33540282108031e-05	0.323074092690243	0.191	0.139	0.4499506265348	COPS4	c14
1.33876938629322e-05	-2.0513002526992	0.009	0.035	0.451084957017638	FAM184A	c14
1.35758956879456e-05	1.0037451349436	0.031	0.014	0.457426229309638	FUT7	c14
1.36643881473829e-05	0.822939102868273	0.038	0.018	0.460407894237919	METRNL	c14
1.36954544155607e-05	1.65255069804069	0.015	0.005	0.461454641077901	CEND1	c14
1.37360369878615e-05	0.38546689158543	0.148	0.103	0.462822030269005	YIPF1	c14
1.37488094657673e-05	0.302939839208555	0.229	0.171	0.463252386139562	TP53I13	c14
1.37520522800348e-05	0.313427785309599	0.215	0.159	0.463361649523492	ALG5	c14
1.37617890238581e-05	0.190199095246875	0.468	0.379	0.463689719369874	HMGN4	c14
1.37701268419089e-05	-1.91099160744018	0.084	0.128	0.463970653811277	IGLV2-14	c14
1.38265651719537e-05	0.482013643270791	0.11	0.072	0.465872286903808	CASS4	c14
1.38717545150864e-05	0.451775162981341	0.113	0.074	0.467394896631323	DAPK3	c14
1.38984100484605e-05	0.65642831941571	0.057	0.031	0.468293028172826	CDKL1	c14
1.39103265971684e-05	0.226731072211656	0.257	0.192	0.468694544364992	PEX2	c14
1.39593996823506e-05	1.55863457135131	0.014	0.005	0.47034801289712	LRFN4	c14
1.39979463140289e-05	0.165288574128792	0.571	0.466	0.47164680310489	NOL7	c14
1.40862832400089e-05	0.201075521814981	0.405	0.318	0.474623227488861	LY9	c14
1.41401184600115e-05	0.249839947785025	0.491	0.405	0.476437151391628	VMP1	c14
1.44650606452825e-05	-5.08704085795539	0	0.019	0.487385753382148	CDK14	c14
1.45156571982704e-05	0.256125199411572	0.292	0.223	0.489090553638524	CAPRIN1	c14
1.46398876396747e-05	0.326036555354006	0.226	0.168	0.4932763741312	DCUN1D5	c14
1.46551350989737e-05	-1.73153353229108	0.017	0.047	0.49379012202482	IL23A	c14
1.47583159907196e-05	0.346746066568191	0.199	0.147	0.497266698991307	APBA3	c14
1.47823271364485e-05	0.255182660097095	0.249	0.185	0.498075730535496	C15orf61	c14
1.50367266748274e-05	-3.36498911941085	0.001	0.021	0.506647468581633	TNS3	c14
1.51129131959747e-05	0.224064326788103	0.341	0.265	0.509214497225172	HPS1	c14
1.51139536832477e-05	0.349248214729355	0.157	0.11	0.509249555403347	KATNA1	c14
1.51146291155629e-05	0.906454700666682	0.043	0.022	0.509272313419776	LINC01006	c14
1.51895129352567e-05	-3.04734595019156	0.004	0.026	0.51179544884054	VIPR1	c14
1.5230565512242e-05	0.418627433138505	0.103	0.066	0.51317867436948	RELL1	c14
1.52804451596618e-05	0.292306061590395	0.177	0.126	0.514859319209644	ATXN3	c14
1.53005027916877e-05	-0.34990432244434	0.519	0.531	0.515535141063125	SH3KBP1	c14
1.56012736407343e-05	0.81539545815356	0.041	0.021	0.525669314050903	FLJ20021	c14
1.56497759060713e-05	-0.960304787402996	0.07	0.112	0.527303549379168	TULP4	c14
1.5668513137737e-05	0.621118426145512	0.065	0.037	0.52793488166291	TMEM79	c14
1.56787248966994e-05	0.359553254898429	0.183	0.132	0.52827895666939	C18orf8	c14
1.57302775679688e-05	0.286458048652081	0.193	0.14	0.530015972375141	NUFIP2	c14
1.57626932588309e-05	0.187003204317082	0.242	0.178	0.531108186663047	RBM5	c14
1.59875416977527e-05	-0.486571909910514	0.323	0.363	0.538684229964081	GABPB1	c14
1.61148419009416e-05	0.13846587945522	0.419	0.336	0.542973483010327	NFKBIZ	c14
1.64064833611828e-05	0.375805146386911	0.17	0.121	0.552800050371694	THAP4	c14
1.65266992841361e-05	-0.839017070451396	0.091	0.137	0.55685060567968	MAP3K1	c14
1.65544580236133e-05	0.146587901003395	0.314	0.24	0.557785908647628	INPP5D	c14
1.66284282760678e-05	0.361273994994737	0.188	0.136	0.56027826233383	ZMAT5	c14
1.66944383149924e-05	-0.835130091252144	0.074	0.118	0.562502404585355	CYHR1	c14
1.67700040529697e-05	0.358872541612065	0.201	0.148	0.565048516560762	LRRC59	c14
1.68200811983341e-05	-0.980669815112337	0.067	0.108	0.56673581589667	PDCD4-AS1	c14
1.68848473143777e-05	0.204346595128984	0.064	0.036	0.568918045410641	TRAV26-2	c14
1.68945397467855e-05	0.287432548747735	0.244	0.184	0.569244622228191	GLS	c14
1.69393394033391e-05	0.484503960231063	0.12	0.081	0.570754101856109	ABCB8	c14
1.70342860386534e-05	0.306549774106217	0.309	0.241	0.573953233786387	KDSR	c14
1.70696270029457e-05	0.25221926379907	0.294	0.226	0.575144012237253	ZNF148	c14
1.70750780731922e-05	-2.13076344819489	0.011	0.037	0.575327680598139	C16orf45	c14
1.75136757260038e-05	-1.67938466788056	0.021	0.051	0.590105789911972	PCSK1N	c14
1.75765372089295e-05	0.310616181105219	0.205	0.15	0.59222384471767	ATP6V1H	c14
1.75824077933706e-05	0.342553690146946	0.142	0.098	0.592421648189828	PAFAH1B2	c14
1.76266818239003e-05	0.176057370788261	0.437	0.342	0.593913417374497	SSR1	c14
1.76747014940576e-05	0.262899255063197	0.271	0.206	0.595531392140777	VPS72	c14
1.78071848010496e-05	0.172584261155864	0.476	0.379	0.599995284686564	IMP3	c14
1.7889131287167e-05	0.189486607331237	0.402	0.322	0.602756389589805	PCM1	c14
1.79188393885089e-05	-0.99748594901303	0.07	0.112	0.60375737435642	IRF2BPL	c14
1.79934389132306e-05	-1.19077568266129	0.036	0.071	0.606270930742393	TRAV12-2	c14
1.81282489526869e-05	0.404423852368171	0.117	0.078	0.610813220211833	ADIPOR2	c14
1.81469527106553e-05	0.444139682546728	0.097	0.061	0.611443424632821	CDPF1	c14
1.81904992994721e-05	0.275627659302032	0.235	0.176	0.612910683396412	PREB	c14
1.82967444207291e-05	0.194494826527059	0.394	0.314	0.616490506512045	TAOK3	c14
1.8620501764423e-05	1.1628867182162	0.021	0.008	0.627399186450468	SLC9A3R2	c14
1.86628209032514e-05	0.196211562518425	0.319	0.247	0.628825087514152	WBSCR22	c14
1.86805883054242e-05	0.833180901448138	0.065	0.038	0.629423742362964	MYO6	c14
1.87904153274966e-05	0.213868151986233	0.437	0.352	0.633124254044669	DBNL	c14
1.87935774955564e-05	0.215069484041581	0.309	0.239	0.633230800135278	NUTM2A-AS1	c14
1.88360427781199e-05	0.492786379562209	0.154	0.11	0.634661625365972	WARS	c14
1.90135823847633e-05	0.281920775991089	0.244	0.183	0.640643644872213	ZGPAT	c14
1.92243052804568e-05	0.358285066974243	0.138	0.094	0.647743742119712	MAD2L1BP	c14
1.94176200305975e-05	1.03901231906144	0.036	0.017	0.654257289310953	ENDOG	c14
1.9619653549179e-05	-0.619298139820715	0.171	0.221	0.661064606686038	PABPC4	c14
1.96311041098627e-05	-1.26063824023721	0.025	0.056	0.661450421877712	CRIP2	c14
1.97166448787468e-05	0.568410332515398	0.074	0.045	0.664332632544495	AC109826.1	c14
1.97362820921228e-05	-1.04668566738639	0.055	0.095	0.664994288811985	GGT7	c14
1.97623675331426e-05	0.439036227058977	0.153	0.109	0.665873211661707	MEMO1	c14
1.97767887792367e-05	0.511544869750402	0.098	0.063	0.666359121127601	DNASE1	c14
1.97891303291966e-05	0.309555570946406	0.234	0.176	0.666774957311951	HDAC2	c14
1.98854683862569e-05	0.396572957403429	0.146	0.102	0.67002097180654	CMTR1	c14
1.9922449229134e-05	0.429423956747237	0.147	0.103	0.671267004326441	FKBP4	c14
2.00220520080809e-05	0.223034816744353	0.347	0.273	0.674623020360278	GORASP2	c14
2.00820117627031e-05	0.150893230721805	0.581	0.475	0.676643304332518	SRSF10	c14
2.03494929498996e-05	0.459597164081365	0.102	0.066	0.685655815453918	NAT10	c14
2.0406320407945e-05	0.135253604897449	0.674	0.563	0.6875705598253	NCOR1	c14
2.04597798646922e-05	-0.620583222234557	0.227	0.274	0.689371822760939	NIN	c14
2.09009022630297e-05	-1.85328305343316	0.011	0.037	0.704235000850521	FLJ27354	c14
2.09739181353624e-05	-1.32119452892814	0.03	0.063	0.706695197652899	PRR34-AS1	c14
2.09870258307576e-05	0.210682517186738	0.359	0.281	0.707136848341548	SNW1	c14
2.11911416612051e-05	0.244817549483242	0.277	0.213	0.714014327132643	MFSD14A	c14
2.14239822444026e-05	-0.245797832475598	0.673	0.659	0.721859657742903	UXT	c14
2.14535106867419e-05	0.188632676815696	0.398	0.312	0.722854589079083	SUPT4H1	c14
2.15529662303261e-05	0.434927834433024	0.105	0.068	0.726205644164607	SRBD1	c14
2.16570251015641e-05	0.308200988720084	0.166	0.118	0.729711803772101	MAPK14	c14
2.17260388569321e-05	0.820765820653975	0.039	0.019	0.732037153245469	SLC35E4	c14
2.18204003472249e-05	-2.71257131552591	0.017	0.046	0.735216569299396	KRT86	c14
2.18303779004545e-05	-0.674477809255972	0.14	0.189	0.735552752977915	UNC119	c14
2.18446313903288e-05	0.346547707798937	0.191	0.14	0.736033010065739	EXOSC7	c14
2.1882299370057e-05	0.504808572492013	0.112	0.075	0.737302194974699	TMEM127	c14
2.18970865731645e-05	0.596673160522553	0.086	0.054	0.737800434996204	SPATA33	c14
2.19396250693463e-05	0.323878556521786	0.192	0.14	0.739233727086553	CDK9	c14
2.20074772373344e-05	-0.753713177818564	0.448	0.448	0.741519938034746	TIGIT	c14
2.21435671413124e-05	0.575017118611646	0.083	0.052	0.746105351259381	SRGAP2	c14
2.2412175625789e-05	0.190056199612487	0.367	0.289	0.755155845535335	ARIH2	c14
2.24828717456869e-05	-0.468335972462768	0.457	0.477	0.757537880599175	TGFBR2	c14
2.24859920909941e-05	0.211562916689093	0.254	0.192	0.757643017513954	VHL	c14
2.27875193173917e-05	0.385097103798039	0.129	0.088	0.767802675880197	PUDP	c14
2.2900036562142e-05	0.435767016654285	0.104	0.068	0.771593831924812	GGACT	c14
2.29354838481269e-05	0.42818245772002	0.141	0.099	0.772788192778788	CRNKL1	c14
2.2996413896621e-05	-0.445744026178696	0.347	0.381	0.774841169832747	GIMAP2	c14
2.31849163685929e-05	0.276486194008007	0.212	0.156	0.781192572123369	FOPNL	c14
2.32138720894102e-05	0.116060145784454	0.828	0.727	0.782168206180588	ACAP1	c14
2.32234766179323e-05	0.170665344371226	0.429	0.342	0.782491821164611	EIF5B	c14
2.32410087595775e-05	0.941987983496987	0.026	0.011	0.783082549145204	TTC21A	c14
2.3317617134664e-05	0.613418926962092	0.074	0.045	0.785663791735369	UEVLD	c14
2.33853940089307e-05	0.930730545659865	0.035	0.017	0.787947465736911	DOLK	c14
2.34590087635024e-05	0.168114022846992	0.567	0.474	0.790427841277449	MRPL20	c14
2.37913112628316e-05	-1.00965682544527	0.067	0.109	0.801624441689847	SGK1	c14
2.41289797820156e-05	0.944935387835592	0.029	0.013	0.813001844775235	PLCB3	c14
2.4167039759828e-05	1.2783602582958	0.021	0.008	0.814284237667645	TEN1	c14
2.41782735236118e-05	0.359373983169814	0.231	0.176	0.814662748104576	MED8	c14
2.42368013703327e-05	0.547735034020207	0.092	0.059	0.816634785371991	UBAP2	c14
2.42524823841647e-05	0.31547193107725	0.242	0.182	0.817163141452045	PLEKHB2	c14
2.42715276380287e-05	-5.19131207682736	0	0.018	0.817804852235739	RP11-539I5.1	c14
2.43669212536234e-05	0.265202127690833	0.255	0.194	0.821019044719589	C6orf62	c14
2.43804642999997e-05	0.163502274776097	0.535	0.437	0.82147536412419	PSMC5	c14
2.44188682855407e-05	-3.06480727598893	0.004	0.025	0.822769348013009	TRAV39	c14
2.44727524508595e-05	-0.83179230878465	0.095	0.139	0.824584921079261	TMEM63A	c14
2.45656035831385e-05	0.372673992609744	0.066	0.039	0.82771344713027	IL2	c14
2.4573409243775e-05	0.325140153975592	0.193	0.142	0.827976451059756	PMM1	c14
2.46588577489754e-05	0.364125862290951	0.197	0.146	0.830855552993976	DESI1	c14
2.4745943574572e-05	0.155981376935235	0.563	0.473	0.833789822801628	TAX1BP1	c14
2.49038091489139e-05	0.391732502000947	0.11	0.073	0.839108945463506	GNB1L	c14
2.51409558996764e-05	0.191542328522343	0.466	0.38	0.847099368083698	OSBPL8	c14
2.53872748942104e-05	-0.946746127799444	0.072	0.114	0.855398840285524	SH3YL1	c14
2.55547103660171e-05	0.391966483090088	0.102	0.066	0.86104041107258	CRADD	c14
2.55758873982266e-05	0.479170114041569	0.111	0.074	0.861753949995848	B4GALT4	c14
2.55875936741889e-05	-1.94369546462806	0.011	0.037	0.862148381258121	RP11-223C24.1	c14
2.56318905527284e-05	0.201526012413997	0.455	0.373	0.863640920283632	RBM17	c14
2.56709731465067e-05	0.321122140848284	0.173	0.124	0.864957769198395	BNIP3	c14
2.56978406710649e-05	0.438197959365408	0.068	0.04	0.865863043570861	IL9R	c14
2.5965702827067e-05	0.970753942229141	0.025	0.01	0.874888391055195	FAM83D	c14
2.6447753049886e-05	-2.73545072967513	0.005	0.027	0.891130591262858	DSEL	c14
2.64577756201479e-05	0.558829384006604	0.072	0.043	0.891468291745264	PEX7	c14
2.65154377207624e-05	1.30697846118095	0.025	0.01	0.893411158563368	SHPK	c14
2.65247652785609e-05	0.112614315519461	0.826	0.733	0.89372544129583	SEPT1	c14
2.66286655986316e-05	0.348955915696856	0.174	0.125	0.897226258680292	ELP6	c14
2.66286835338974e-05	0.498107931099184	0.104	0.068	0.897226862991138	RABL2B	c14
2.66425815852628e-05	0.34439884064673	0.218	0.164	0.897695143933843	KIAA1191	c14
2.72020293175979e-05	0.352900760758466	0.134	0.092	0.916545175827143	OXSR1	c14
2.72081029914977e-05	0.191912159145458	0.346	0.27	0.916749822195522	CCDC115	c14
2.72472043138927e-05	0.145539176634331	0.416	0.329	0.918067302152301	CMTM6	c14
2.72772481087063e-05	0.270857931732231	0.255	0.194	0.919079597774752	HELB	c14
2.74025765146354e-05	1.65158464585669	0.011	0.003	0.923302413084124	CCR3	c14
2.74394385292298e-05	-2.95708590999256	0.004	0.025	0.924544441803867	RP4-575N6.4	c14
2.7726209499619e-05	0.433600036668576	0.088	0.056	0.934206902880164	SGK3	c14
2.77676049325705e-05	0.269438419760906	0.247	0.187	0.93560168059803	UBE2K	c14
2.77687910440771e-05	0.279832941518249	0.265	0.204	0.935641645439133	RNF113A	c14
2.84745082254444e-05	0.32251033649713	0.191	0.14	0.959420080148123	GPS2	c14
2.87487058665351e-05	-0.306444860742329	0.639	0.641	0.968658895467035	TAGAP	c14
2.87521323956074e-05	0.303835277456825	0.217	0.162	0.968774348937594	CHRAC1	c14
2.87579767300904e-05	-0.721258814229561	0.135	0.181	0.968971267943666	TOM1	c14
2.87897297124198e-05	0.284688810571424	0.196	0.145	0.970041152930274	MAP3K2	c14
2.88996066347377e-05	0.194962596899047	0.256	0.192	0.973743345950853	FAM120AOS	c14
2.89642136248116e-05	0.226558493003874	0.291	0.224	0.975920213874401	RECQL	c14
2.91278188775516e-05	0.180038683195863	0.54	0.442	0.981432729260223	POLR2E	c14
2.91570696123747e-05	-0.564137171616699	0.213	0.262	0.982418303519354	CHD3	c14
2.95309706995286e-05	0.417304081567964	0.137	0.095	0.995016526749915	VPS16	c14
2.96642496426057e-05	0.320953731989553	0.168	0.12	0.999507227457957	BZW2	c14
0.000604054496533738	-5.44897388779214	0	0.012	1	G0S2	c14
4.31525360849783e-05	-5.42019983530104	0	0.017	1	LGMN	c14
3.70120846290664e-05	-5.07862361810581	0	0.017	1	RP1-167O22.1	c14
0.00201858819829278	-5.02533272573914	0	0.01	1	CAV1	c14
0.00156580984009914	-4.99045199141836	0	0.01	1	CTC-490G23.2	c14
0.000678540717035072	-4.98327490434909	0	0.012	1	LINC01229	c14
5.22828658881208e-05	-4.97011623031334	0	0.017	1	CYP7B1	c14
7.53038586427604e-05	-4.9596724363648	0	0.016	1	RP11-330A16.1	c14
0.000159415326503614	-4.9410166021708	0	0.014	1	LINC01336	c14
0.00037968415950534	-4.83665362840394	0	0.013	1	ATP9A	c14
0.000307016918497233	-4.75238825144185	0	0.013	1	CLEC7A	c14
0.000144787535753581	-4.72590716674685	0	0.015	1	TNFRSF8	c14
0.000289745363388355	-4.69247580962493	0	0.013	1	SLC22A17	c14
0.000273449558867622	-4.68893629929407	0	0.013	1	SPIN3	c14
0.00435488948822901	-4.65983020294636	0.001	0.01	1	PMCH	c14
0.000839961900212537	-4.58593569242938	0	0.011	1	AK5	c14
0.000762278956479709	-4.58174698338916	0	0.012	1	NTRK1	c14
0.000372418479485266	-4.55928033159077	0	0.013	1	CD80	c14
0.00112428546508705	-4.55079983509947	0	0.011	1	DBNDD1	c14
0.000943784769033032	-4.54232384039608	0	0.011	1	OSBPL1A	c14
0.000733269390306017	-4.54085002935482	0	0.012	1	KLHL3	c14
0.000792444351662534	-4.53800169444422	0	0.011	1	ABO	c14
0.00190356298973957	-4.40233281943634	0	0.01	1	HPCAL4	c14
0.00179515457073593	-4.36405619231177	0	0.01	1	LINC00519	c14
0.000627921361398938	-4.36133750984257	0	0.012	1	PHEX	c14
0.00150588644667278	-4.34964773378638	0	0.01	1	IRF8	c14
0.00205847047179868	-4.26575084758769	0	0.01	1	TMEM45B	c14
0.000170999726255435	-4.2633312137066	0.001	0.016	1	IL1R2	c14
0.000111434309360747	-4.10092161451406	0.001	0.017	1	RAP1GAP2	c14
0.000280207162603487	-4.07445669936329	0.001	0.015	1	FAM153B	c14
0.000540292952176384	-4.07038569726764	0.001	0.014	1	LINC00158	c14
0.00209914910493355	-4.04686455491502	0	0.01	1	ITGB8	c14
0.00128844045743191	-4.04321853507844	0	0.011	1	CTTN	c14
0.0142092136231482	-3.99358045459882	0.005	0.015	1	TRBV24-1	c14
5.12430432214721e-05	-3.89842167628735	0.001	0.019	1	MYB	c14
0.000321477955152111	-3.89792514219982	0.001	0.015	1	ZNF844	c14
7.53126477064793e-05	-3.81819608818062	0.001	0.018	1	CADM1	c14
6.08341876148602e-05	-3.75411721966165	0.001	0.018	1	STAC	c14
0.0032884569310639	-3.66407134191759	0.001	0.011	1	RGMB	c14
0.000753279269511224	-3.53526175932959	0.001	0.014	1	RP11-348F1.3	c14
0.00399967412590376	-3.49437329929211	0.001	0.01	1	WNT7A	c14
0.000247267394136357	-3.487503485164	0.001	0.016	1	FAM63A	c14
7.24456128674741e-05	-3.47151771862663	0.002	0.02	1	TSPAN13	c14
0.00091545763278129	-3.4497041409991	0.001	0.013	1	RNASE6	c14
0.00389452413557679	-3.4356242461399	0.002	0.012	1	VIPR2	c14
0.00164568606886194	-3.41108085538699	0.001	0.012	1	GTSCR1	c14
0.00055803477282895	-3.38489983080631	0.001	0.014	1	IL21-AS1	c14
0.00294000477666977	-3.3655703269542	0.001	0.011	1	FLT1	c14
0.065184521994144	-3.34210105408621	0.007	0.014	1	TRBV7-7	c14
0.00109739992723858	-3.29678972646195	0.002	0.015	1	GCNT4	c14
8.47607917452768e-05	-3.27063198401129	0.002	0.02	1	TSHR	c14
0.00233147318989969	-3.26782017486933	0.001	0.011	1	NEBL	c14
0.000773224764544786	-3.25986188619027	0.001	0.013	1	KB-173C10.1	c14
0.000350820328878682	-3.22412073770262	0.002	0.017	1	CHST2	c14
4.97865715977883e-05	-3.20394930071304	0.008	0.031	1	TRAV38-2DV8	c14
0.00402174969457949	-3.17933677203057	0.001	0.01	1	KIAA1217	c14
0.00284276398934827	-3.1765205750294	0.001	0.011	1	UCP3	c14
0.000388775040405516	-3.13826788594189	0.001	0.015	1	C5orf34	c14
0.000152677712007816	-3.09068483793138	0.002	0.018	1	KCNQ1	c14
0.000442235933337599	-3.05343884028512	0.002	0.016	1	FMN1	c14
0.000452032511858656	-3.03448585420808	0.002	0.016	1	SMAD1	c14
0.0011867900920427	-3.01967352170042	0.001	0.013	1	TMCC2	c14
0.00369464334303329	-3.01707882867897	0.002	0.012	1	PI16	c14
0.000131675907095256	-3.01428160364307	0.002	0.019	1	USP51	c14
0.00372903559888005	-2.97319151338528	0.002	0.012	1	COCH	c14
0.00452555140527248	-2.9481256285807	0.001	0.01	1	TLE2	c14
0.00272912051470694	-2.94791453298187	0.001	0.011	1	FLVCR2	c14
0.00158924943835229	-2.92460655669633	0.001	0.012	1	MTUS1	c14
0.00234793558704065	-2.92209969862983	0.001	0.011	1	ADAM28	c14
0.000831629166456647	-2.9177363319645	0.002	0.015	1	MEOX1	c14
0.00643650873429351	-2.90336217692812	0.001	0.01	1	RP5-903G2.2	c14
0.00028855459503895	-2.89963215788856	0.002	0.017	1	PIP5K1B	c14
0.00017577038731633	-2.8939810516333	0.002	0.018	1	NAP1L2	c14
0.00342395045667436	-2.88754661830419	0.002	0.012	1	RP11-134G8.5	c14
0.00877764413974386	-2.88397355298156	0.002	0.011	1	TCF7L2	c14
0.00139001080213457	-2.88168648984484	0.002	0.014	1	LGR6	c14
0.00268432169265141	-2.87705421493758	0.001	0.011	1	FADS2	c14
0.00216819421983117	-2.86237703942477	0.001	0.012	1	HLF	c14
0.00420075297908756	-2.85735841412477	0.001	0.01	1	HEMGN	c14
0.00284008651172757	-2.85210346941058	0.001	0.011	1	LRRC16A	c14
0.0109444745685236	-2.84122223093182	0.002	0.01	1	MCTP1	c14
0.000163532758435806	-2.82534432272399	0.002	0.018	1	AKR1C3	c14
3.90536861872453e-05	-2.80712880959725	0.002	0.021	1	SLC9A7	c14
0.00435835759840141	-2.77695706391408	0.001	0.01	1	ASB13	c14
0.00769123080351844	-2.75192636297548	0.002	0.011	1	ANK1	c14
0.000735634368173524	-2.71116524191118	0.003	0.017	1	HSF5	c14
0.00340655601967184	-2.69896334769861	0.001	0.011	1	PNMA5	c14
0.000124391513911489	-2.69204891897167	0.004	0.022	1	UTS2	c14
0.00238686059764966	-2.69012063386137	0.002	0.013	1	RP11-117D22.2	c14
0.00968684942128361	-2.68448560206001	0.002	0.011	1	ATP8A2	c14
0.00404598485475351	-2.66238425590758	0.001	0.01	1	PDGFA	c14
0.00226212201358598	-2.62673781717233	0.002	0.013	1	ZNF223	c14
0.0016708527196833	-2.61186440231164	0.004	0.017	1	ZFYVE9	c14
8.84027549571995e-05	-2.60385572130894	0.007	0.028	1	CDHR3	c14
0.000401200626553791	-2.60052085723717	0.006	0.023	1	TRBV5-6	c14
5.38964233591439e-05	-2.55214162797203	0.007	0.029	1	RP11-473M20.9	c14
0.00406270497683491	-2.53877056449742	0.001	0.01	1	NTRK2	c14
0.00222711322365938	-2.50678577757564	0.002	0.013	1	CTTNBP2NL	c14
0.000239358396906895	-2.50124313895179	0.002	0.018	1	DLGAP1	c14
0.000928300884309239	-2.47283713497849	0.003	0.017	1	AC011043.1	c14
0.00936048233957319	-2.44310390716304	0.002	0.011	1	PARK2	c14
7.86599747088418e-05	-2.44066978309385	0.011	0.034	1	TRAV20	c14
0.000668901418878791	-2.43337526315851	0.008	0.025	1	TRAV41	c14
0.00616324693575269	-2.42160938796097	0.002	0.011	1	PELI2	c14
0.00147118021467501	-2.40760989003248	0.002	0.014	1	BFSP2	c14
0.0105165419280599	-2.39452428958185	0.002	0.01	1	GPR146	c14
0.00039861798747974	-2.3867343431699	0.012	0.032	1	TRBV21-1	c14
0.000201061026611617	-2.34792280480363	0.009	0.029	1	TRAV35	c14
0.00212640694345519	-2.34424485920883	0.003	0.015	1	NHLRC4	c14
0.00210382052304281	-2.3359859263659	0.003	0.015	1	RP11-214O1.3	c14
0.000216113266140069	-2.28038810201595	0.006	0.025	1	NIPAL2	c14
0.0104187212299662	-2.26763989397362	0.002	0.01	1	MDK	c14
0.000657524519139367	-2.26018004471416	0.003	0.017	1	PFN2	c14
0.00761595526092768	-2.25171673198222	0.002	0.011	1	AC006129.1	c14
0.000465194808028437	-2.23650769171006	0.006	0.023	1	FZD3	c14
7.98359771848592e-05	-2.21122777068788	0.006	0.027	1	COL6A2	c14
0.0115837309278549	-2.20479809452798	0.003	0.012	1	RASSF4	c14
0.00436834249047339	-2.20259596086688	0.004	0.015	1	GCNT2	c14
0.0125655657413069	-2.1911113991286	0.002	0.01	1	RP11-146I2.1	c14
0.0150458607956088	-2.16659886836206	0.003	0.011	1	TAPT1-AS1	c14
7.73663315176253e-05	-2.16210038348389	0.009	0.031	1	RP1-167A14.2	c14
0.00242929250372801	-2.16136304422473	0.004	0.017	1	DENND5A	c14
0.000121337702651341	-2.14496146213262	0.007	0.027	1	ATG9B	c14
8.15703747863309e-05	-2.14274007679603	0.01	0.033	1	C12orf42	c14
0.000929583087369025	-2.14145511718419	0.005	0.02	1	SESTD1	c14
0.00349095691134341	-2.12779265511692	0.002	0.012	1	ZNF763	c14
0.00172443862538927	-2.12609240974246	0.003	0.016	1	RP11-196G18.23	c14
0.0249119508040746	-2.12423034507636	0.003	0.01	1	RP11-11N9.4	c14
0.0112155291115617	-2.11895022085391	0.002	0.01	1	C17orf51	c14
0.000688574657640269	-2.11334884684357	0.006	0.022	1	IL7	c14
0.0070986227381898	-2.11029348565533	0.002	0.011	1	NCKAP5L	c14
0.00281211543047462	-2.10727619608186	0.005	0.018	1	PTPRM	c14
0.00990993111006451	-2.10636630450191	0.004	0.014	1	TMEM171	c14
0.00522098929073055	-2.10435249571375	0.003	0.013	1	NEIL1	c14
0.0112037513781518	-2.10372520758168	0.003	0.012	1	HIST1H2AL	c14
0.00652336673236731	-2.10121699191271	0.003	0.013	1	CEP55	c14
0.000602411291793791	-2.1011434011114	0.004	0.019	1	MAP4K3	c14
0.0284390476422705	-2.09658841462615	0.003	0.01	1	NMNAT3	c14
5.49893508207126e-05	-2.09578463203818	0.009	0.032	1	HIST1H4F	c14
0.00203592613783218	-2.08439445394471	0.005	0.019	1	ADAMTS10	c14
0.00149846669888987	-2.07763068235232	0.004	0.018	1	FAM174B	c14
0.000471750480156857	-2.07292502438131	0.012	0.032	1	TRAV5	c14
0.00165002860702871	-2.05985706285928	0.005	0.019	1	COL6A3	c14
9.3879720502686e-05	-2.0471982541111	0.009	0.031	1	ZNF439	c14
0.0105845818828326	-2.04649204154458	0.005	0.015	1	EDA	c14
0.00170616421087547	-2.03970888399233	0.006	0.02	1	CPNE8	c14
0.00107861974163265	2.02228064034617	0.01	0.004	1	S100A2	c14
0.00011686173487206	-2.02028715453071	0.01	0.032	1	MYEF2	c14
3.66494572129527e-05	2.01663088004043	0.022	0.009	1	BAMBI	c14
0.0102274201116127	-2.01497826619061	0.003	0.012	1	HDAC9	c14
0.000175463287941494	-2.0133852233777	0.005	0.023	1	CEACAM1	c14
0.00306185146248301	-2.00468311866069	0.006	0.019	1	ZNF658	c14
0.00598354739001439	-1.99604170611732	0.005	0.016	1	FLJ21408	c14
0.0354126747301988	-1.9883530602719	0.005	0.013	1	TYMS	c14
0.00131662690744706	-1.98510355482841	0.007	0.023	1	TRBV6-2	c14
9.06041508188563e-05	-1.97866408170979	0.012	0.036	1	MIR181A1HG	c14
0.0154826896431799	-1.97203043438681	0.004	0.013	1	RP11-108M9.6	c14
0.0464945373547778	-1.96080248739605	0.005	0.012	1	PADI4	c14
0.00149824542940553	-1.96015718451806	0.012	0.03	1	TRBV30	c14
0.00668941211183349	-1.94539912369035	0.006	0.018	1	TRBV6-6	c14
0.000140743610247107	-1.93925976019362	0.006	0.026	1	C6orf99	c14
0.0363996647571349	-1.93303527860693	0.003	0.01	1	RP5-1065J22.8	c14
0.0203590105769807	-1.92276585777669	0.004	0.012	1	ZCCHC14	c14
0.012664404842203	-1.91740112777636	0.002	0.01	1	RP11-422P24.11	c14
0.0071796578955047	-1.91581299254348	0.003	0.013	1	ATP6V0A1	c14
4.54344655511383e-05	-1.91070165453898	0.012	0.037	1	RP5-821D11.7	c14
0.0135592228522048	-1.90913744294676	0.003	0.012	1	ZNF610	c14
0.00260026509694679	-1.90627529446579	0.004	0.016	1	ACSS2	c14
0.0433455433055383	-1.90566308530371	0.005	0.012	1	SAMD12	c14
0.000109233730979806	-1.90277284471448	0.005	0.024	1	CERS6	c14
0.000198981429516591	-1.89112007644157	0.008	0.028	1	ACVR2A	c14
0.000250742406733365	-1.88829025770038	0.006	0.024	1	ASTN2	c14
0.0136684336938105	-1.88332093787236	0.004	0.013	1	RP11-405M12.3	c14
0.0048519539456236	-1.87658353731451	0.005	0.017	1	RP11-44F14.2	c14
0.013931503647159	-1.87008411174357	0.004	0.013	1	RP11-572O17.1	c14
0.011028395316437	-1.86735385679672	0.005	0.015	1	GAS6	c14
0.0175981744817341	-1.86464927036144	0.003	0.011	1	ACVR1C	c14
0.00675569750116901	-1.86200883982245	0.004	0.015	1	ANKRD33B	c14
0.00683403680160187	-1.85771295581336	0.003	0.013	1	GPAT3	c14
0.0181956139571308	-1.85062241897666	0.005	0.014	1	CST3	c14
0.0125532998085742	-1.84394086334657	0.005	0.015	1	TRBV23-1	c14
0.0180692542073593	-1.84224522259296	0.006	0.016	1	PLK2	c14
0.00934049298641848	-1.83997199045152	0.003	0.012	1	NOS3	c14
0.0189169601362982	-1.83866871130473	0.004	0.012	1	ENPP5	c14
0.871665513157377	-1.83662278759929	0.011	0.012	1	TRBV13	c14
0.0449961485993323	-1.83053803641265	0.004	0.011	1	KDF1	c14
0.00488393753376053	-1.82195780268064	0.003	0.014	1	FLJ31104	c14
0.000594677633009	-1.81225111416116	0.006	0.023	1	CPA5	c14
0.0133457815922089	-1.80543627888856	0.003	0.012	1	F2RL1	c14
0.00227556980343925	-1.79854064454094	0.006	0.02	1	TRBV10-3	c14
0.136035146192899	-1.79633374675397	0.007	0.013	1	TRBV6-4	c14
0.000709782647960915	-1.79617340736181	0.009	0.027	1	TNFSF4	c14
0.0310063625914551	-1.79155987364485	0.004	0.012	1	WBSCR27	c14
0.000330158658825958	1.78774058742757	0.011	0.004	1	AGRN	c14
0.00588365634738741	-1.78727538675259	0.003	0.013	1	ERMAP	c14
0.00424162396324318	-1.78490832082252	0.006	0.019	1	ZWINT	c14
6.92985163729048e-05	-1.78055393198999	0.01	0.033	1	SEC14L2	c14
0.0201430253067689	-1.77850821659457	0.003	0.011	1	GNG7	c14
8.42826828462285e-05	-1.77492015117204	0.016	0.042	1	AC007246.3	c14
0.408047401594513	-1.77278003859653	0.045	0.039	1	TRBV3-1	c14
0.000591312263355203	-1.77168287945319	0.015	0.036	1	TRBV4-2	c14
0.000413024006922083	-1.76468857355193	0.011	0.031	1	PDLIM1	c14
0.0302780967774853	-1.76292410488814	0.003	0.01	1	SLC4A4	c14
0.00559697864925835	-1.74803540420491	0.003	0.013	1	GPR150	c14
0.00011336011622486	1.74558161303569	0.011	0.004	1	KIR3DL1	c14
0.011673795518657	-1.74423989384397	0.004	0.013	1	TOR4A	c14
4.51909995733699e-05	1.74254613087448	0.01	0.003	1	LRRC3	c14
4.67660974703229e-05	-1.73987009197227	0.017	0.044	1	MORN3	c14
7.66229313827015e-05	-1.73513840421237	0.013	0.037	1	TPCN1	c14
0.0198362082616376	-1.73265448217076	0.004	0.012	1	DHCR24	c14
0.0327933257793102	-1.73156666629784	0.004	0.011	1	LINC01431	c14
0.00316353009096386	-1.7275386849732	0.005	0.018	1	UST	c14
0.000171006408347497	1.72574820101451	0.01	0.003	1	ARHGEF35	c14
0.0142969276801356	-1.72274240832616	0.004	0.013	1	LRRN3	c14
0.0504357924654069	-1.719724686274	0.004	0.011	1	LINC00309	c14
0.000113411660747163	1.71915961105427	0.011	0.004	1	KDELC1	c14
0.069424297575749	-1.69554231121498	0.005	0.011	1	TRBV25-1	c14
0.00531998053683438	-1.69299970593429	0.005	0.017	1	NR5A2	c14
0.000527023875531526	1.68998962924779	0.01	0.003	1	ZNF469	c14
0.00654370179025994	-1.6878519837503	0.008	0.021	1	HIST1H4D	c14
0.00241967427846323	-1.68436689691332	0.006	0.02	1	NCAPH	c14
0.00230387615541921	1.68384845491836	0.01	0.004	1	BATF3	c14
0.0145357614442015	-1.67951804001374	0.004	0.013	1	RP11-119D9.1	c14
0.000168281945342258	-1.67333174479553	0.016	0.04	1	NLRP3	c14
0.00529073758448954	-1.67299638015278	0.006	0.018	1	RDH10	c14
0.0164477642354528	-1.65793908928883	0.003	0.011	1	PHLPP1	c14
0.00686224162527321	-1.65032768482842	0.008	0.021	1	ZNF717	c14
0.00147801169594622	-1.64821667241329	0.009	0.025	1	RP11-162G10.5	c14
0.000581301413057453	1.64046266959121	0.012	0.005	1	B3GALT2	c14
0.00213177833750754	-1.63555391073328	0.01	0.026	1	TMEM238	c14
0.0153482481721207	-1.63328676111707	0.006	0.016	1	CD40	c14
0.0023120622994592	-1.6279385589144	0.014	0.031	1	LYPD3	c14
0.000649252601431882	-1.62608459382349	0.011	0.03	1	VWA5A	c14
4.16156712134223e-05	-1.62023515789536	0.008	0.031	1	TRBV12-4	c14
3.78443881217931e-05	-1.61678064223144	0.01	0.035	1	FGFR1	c14
0.000779660141350817	-1.60743386098711	0.005	0.02	1	THAP7-AS1	c14
0.00235611569420399	-1.60703847758377	0.009	0.024	1	CCND1	c14
0.000582434123729908	-1.60265831349763	0.008	0.026	1	PHLDA2	c14
0.000360522274814593	1.60227575010733	0.014	0.006	1	TM6SF1	c14
0.0184436315268019	-1.60176111827848	0.006	0.016	1	CTC-338M12.5	c14
0.00263056356063628	-1.60038367276888	0.01	0.026	1	SERPINE2	c14
0.0209539249591012	-1.59936214052338	0.004	0.012	1	SMN2	c14
3.13382286452086e-05	1.5910301417365	0.012	0.004	1	NINL	c14
0.00200173694048908	-1.58421864527552	0.015	0.033	1	FAM46A	c14
0.000726686662052184	-1.58396846353455	0.012	0.031	1	SNN	c14
0.000301371166984944	1.58065766137819	0.012	0.004	1	AQP11	c14
8.55464950442632e-05	1.58003611869955	0.011	0.003	1	HEATR9	c14
0.0285044696944003	-1.57164193036463	0.004	0.012	1	STAP1	c14
0.00959998224212837	-1.55631642268999	0.003	0.012	1	ZNF219	c14
0.000358950943386316	-1.55546561235347	0.012	0.033	1	EIF4EBP3	c14
0.0403114616153498	-1.5541433884185	0.007	0.015	1	TMEM30B	c14
0.00154116002474417	1.54780419383473	0.01	0.004	1	RP11-266N13.2	c14
0.00426181901051544	-1.54278392008985	0.004	0.015	1	CKAP4	c14
7.41947792566187e-05	1.53490263903928	0.011	0.003	1	FAM129B	c14
0.764557137468777	-1.53468801169056	0.014	0.016	1	TRBV7-4	c14
0.0294707250025302	-1.53324425405791	0.006	0.015	1	C2CD4D	c14
0.000549685554706561	-1.52869276072233	0.013	0.033	1	VSIG1	c14
0.0378375414243186	-1.52818262808032	0.006	0.014	1	RBM26-AS1	c14
0.0261814820474241	-1.52495164669526	0.005	0.013	1	MIR4458HG	c14
0.00820385106618148	-1.51968247539645	0.007	0.019	1	POU3F1	c14
0.000403332147892514	-1.51842498417178	0.01	0.03	1	RMI2	c14
7.75096406697606e-05	1.51760993936946	0.01	0.003	1	RP11-459F6.3	c14
0.0662074927148393	-1.51668157750085	0.004	0.01	1	ADAMTSL5	c14
0.00143873732965021	-1.51522165954225	0.011	0.028	1	TRAV8-1	c14
0.0400475650905014	-1.51509441027532	0.011	0.021	1	C16orf74	c14
0.00364536728275196	-1.51359994140893	0.003	0.014	1	AC010226.4	c14
0.00192165948289109	-1.50984725321858	0.008	0.023	1	GNA12	c14
0.0807126477244768	-1.50739205056454	0.004	0.01	1	MYO15B	c14
0.000111470949177168	-1.49766733816767	0.018	0.044	1	ZNF831	c14
0.0336150745024189	-1.49513048317191	0.004	0.011	1	MCF2L2	c14
0.00315128506391296	-1.48862893053663	0.008	0.022	1	RNF207	c14
0.0138378252939031	-1.48787378316935	0.016	0.03	1	RP11-589C21.5	c14
3.19542149220438e-05	-1.48763866532314	0.026	0.056	1	RNF144A	c14
0.000148806991226314	1.48130958946186	0.012	0.004	1	TIGD5	c14
0.00677647337826909	-1.47933598181946	0.013	0.028	1	KCNK5	c14
0.0462772423630492	-1.47913338216487	0.006	0.014	1	RP11-730K11.1	c14
0.00779550714207399	-1.471242323104	0.012	0.026	1	NR3C2	c14
0.00167166099962633	-1.46797112733372	0.016	0.035	1	FAM117B	c14
0.0043989748207777	-1.46482115018082	0.008	0.022	1	RP11-381K20.2	c14
0.000376538539726628	-1.45962313584545	0.021	0.044	1	ADGRG1	c14
0.00843912483953538	-1.45735068348637	0.008	0.02	1	FBXL16	c14
0.00141123510778099	-1.45270027419087	0.022	0.042	1	TRAV12-3	c14
0.000170756696957673	-1.44749154284804	0.014	0.037	1	TRBV2	c14
0.0753336136785686	-1.4462541015864	0.004	0.01	1	RASL11A	c14
0.0441242988911245	-1.44214857688676	0.004	0.011	1	GSTM3	c14
0.00363371910152587	-1.44065556736865	0.007	0.02	1	BTBD11	c14
0.00354672085282626	-1.42995017893399	0.008	0.022	1	PPARG	c14
0.000788454131327489	1.4173186573635	0.01	0.004	1	RP11-823E8.3	c14
0.0481798020311389	-1.41600161834613	0.004	0.011	1	SGMS1-AS1	c14
0.0192312910453808	-1.41543238207801	0.005	0.014	1	FZD6	c14
0.000367723343052364	-1.4097367585675	0.02	0.043	1	CDK5R1	c14
0.000106511253636812	1.40916451445505	0.016	0.006	1	RNF32	c14
0.000196111094851745	-1.40488151632083	0.028	0.055	1	GCSAM	c14
0.0302587158912275	-1.39887156430574	0.006	0.015	1	CCSAP	c14
6.99649015727926e-05	-1.39848167823646	0.009	0.032	1	TRAV2	c14
0.0158177838564079	-1.39785056937339	0.009	0.02	1	RIMKLB	c14
0.0347432445168982	-1.39556940465511	0.045	0.061	1	TRBV7-9	c14
0.0320935693738744	-1.39544363462587	0.007	0.016	1	RP1-234P15.4	c14
0.00402252302430534	1.39436575666954	0.016	0.008	1	BCL2L14	c14
0.0242082675428185	-1.39205599380586	0.006	0.015	1	RPS6KA2	c14
4.08478404144671e-05	1.39148015225565	0.022	0.009	1	FBXL19	c14
0.0259623560646452	-1.38095803237872	0.006	0.015	1	RP11-464F9.20	c14
0.00265140238873859	-1.37955188714401	0.013	0.03	1	TTC39C-AS1	c14
5.09989903085211e-05	-1.3777989826856	0.021	0.049	1	PDE8A	c14
0.00453413876270456	-1.37325909289753	0.012	0.027	1	ZNF90	c14
0.0121458915440854	-1.37324583808433	0.01	0.022	1	RP1-40E16.12	c14
0.0265912716795443	-1.37320917212109	0.007	0.016	1	RP11-88E10.5	c14
0.00324490531006602	-1.36895516489723	0.017	0.035	1	METTL7A	c14
0.0625825816809261	-1.36751882923641	0.005	0.012	1	RP11-967K21.1	c14
0.00604965294698012	-1.36484604491391	0.011	0.025	1	DNAH1	c14
0.0135914229850653	-1.36209546708834	0.011	0.023	1	PDGFB	c14
0.0134643568209078	-1.36113129366356	0.008	0.019	1	GAREM2	c14
0.063163161141782	-1.36108961199913	0.004	0.01	1	RP11-66N24.3	c14
0.0988232435148973	-1.35749102742597	0.008	0.015	1	FRMD4A	c14
0.00931650279297069	-1.35589416454774	0.016	0.031	1	TRAV36DV7	c14
0.0215431385631064	-1.35383456909263	0.008	0.018	1	HOOK1	c14
0.0386464039770106	-1.35370870788639	0.005	0.013	1	RP11-1143G9.5	c14
0.04590301620802	-1.35032363054893	0.004	0.011	1	RP11-46C24.7	c14
0.000883889719910944	-1.34793796948947	0.012	0.031	1	FKBP1C	c14
0.0017578286398556	1.34343227016705	0.016	0.007	1	TEF	c14
0.000235891108170102	-1.34340294685003	0.015	0.038	1	ALDH5A1	c14
0.0392401621263276	-1.34300273352204	0.005	0.013	1	FAM229B	c14
0.0229745105499728	-1.33896557478331	0.005	0.014	1	NR1H3	c14
0.00242805793025126	-1.33851167451999	0.012	0.029	1	TRBV12-3	c14
0.124766270419118	-1.33828641754459	0.005	0.01	1	SYDE2	c14
0.00452150224775919	1.33682590212774	0.013	0.006	1	CTC-241N9.1	c14
0.101148699911638	-1.33294755639353	0.006	0.012	1	P2RY14	c14
0.0238403658734042	-1.33081656173064	0.009	0.019	1	FUT8-AS1	c14
0.000244287094382814	1.32992149736756	0.012	0.004	1	LBX2-AS1	c14
0.0105818863719241	-1.32889788347853	0.015	0.029	1	FAM169A	c14
0.000210322343639514	-1.32845793463885	0.025	0.051	1	RP11-554J4.1	c14
0.000107553442059617	1.32382995348595	0.016	0.006	1	CRACR2B	c14
0.00673639761195715	-1.32376248352178	0.017	0.033	1	AC069363.1	c14
0.00324589955462785	-1.32236994784658	0.012	0.028	1	LANCL2	c14
0.00672890648685769	-1.32164462303984	0.01	0.024	1	GS1-124K5.3	c14
4.38399607978173e-05	1.32133071675043	0.015	0.005	1	STBD1	c14
0.000124890266834415	-1.31959258306109	0.024	0.051	1	SPG20	c14
0.121261994369251	-1.31835116337373	0.007	0.013	1	BLK	c14
0.123295557319292	-1.31643910865748	0.007	0.013	1	KIAA0101	c14
0.000368106745750029	1.31538974101088	0.013	0.005	1	ITPRIPL2	c14
0.000161888312459937	1.31394973330065	0.02	0.008	1	PSMC3IP	c14
0.0024855093761423	-1.30621112003514	0.017	0.035	1	SVIL	c14
0.0493255630125319	-1.30167450550875	0.004	0.011	1	XXbac-BPG294E21.9	c14
0.013388037281909	-1.29903291677089	0.01	0.022	1	CD109	c14
0.0234497553403643	-1.29518350814083	0.015	0.027	1	NR1D1	c14
3.6280873328859e-05	-1.29405513608109	0.022	0.051	1	MINCR	c14
0.0414594045088983	-1.29373210769395	0.009	0.018	1	S1PR5	c14
0.0195520087643284	-1.29348979728458	0.007	0.017	1	BCAT1	c14
0.00098723889892567	1.28885792803688	0.012	0.005	1	C1orf204	c14
6.56478390161192e-05	-1.28826649611696	0.052	0.087	1	DTHD1	c14
0.00794926356925534	-1.28809010504205	0.013	0.027	1	HOXB-AS1	c14
0.0179512421724755	-1.28690041066023	0.006	0.016	1	SYNGR1	c14
0.0207691410760018	-1.28525932230889	0.009	0.02	1	HIST1H4B	c14
0.185413861991558	-1.28507038587369	0.006	0.011	1	MMP23B	c14
0.0270306478831858	-1.28453242879289	0.005	0.013	1	RP11-206L10.9	c14
0.0123146912086533	-1.2842296460445	0.016	0.03	1	CTD-2371O3.3	c14
7.4442622885984e-05	1.28020485971248	0.017	0.007	1	CCDC78	c14
0.0160552191537859	-1.27820776572288	0.013	0.026	1	RP11-138A9.1	c14
0.00736634932046022	-1.27087356326463	0.011	0.025	1	RP5-1180E21.5	c14
0.0369682891947727	-1.26780527571377	0.005	0.013	1	SERP2	c14
0.0299669064807057	-1.26768601989431	0.01	0.02	1	FAM215B	c14
0.0056575639165514	-1.26725443796899	0.008	0.021	1	ZBTB16	c14
0.0249354922116407	-1.26706826075618	0.007	0.016	1	AC112721.2	c14
0.0211915635181386	-1.25661995178776	0.009	0.02	1	RP13-942N8.1	c14
0.168448165825671	-1.25576880860231	0.009	0.015	1	CRIM1	c14
0.00141557623168327	1.25290145697892	0.01	0.004	1	SLC52A1	c14
9.20062494913439e-05	-1.24925063584301	0.036	0.067	1	FXYD1	c14
0.00173556079861134	1.24700943815655	0.02	0.009	1	GPSM2	c14
0.0354147482171011	-1.24392309982213	0.006	0.014	1	RP11-262H14.3	c14
0.000306512489765461	-1.24143990954643	0.026	0.051	1	RP11-798M19.6	c14
3.10606534230089e-05	-1.23744918760321	0.034	0.067	1	NCALD	c14
0.000819091443523684	1.23579476546013	0.012	0.005	1	ERBB3	c14
0.0210218582257223	-1.23542783584125	0.011	0.022	1	LINC00921	c14
0.00270833341646471	-1.23408595537339	0.111	0.139	1	MAGEH1	c14
0.158307263279632	-1.2340818555505	0.006	0.011	1	ZNF546	c14
0.00346749187568958	1.23396063214673	0.013	0.006	1	RP11-93B14.9	c14
0.050334176062127	-1.23134657468681	0.004	0.011	1	ZNF365	c14
0.0661528300336058	-1.23094182040033	0.005	0.011	1	AC108004.3	c14
0.0727417988900187	1.22779662198891	0.011	0.007	1	RP11-356I2.1	c14
0.000205265412055228	-1.22100962101791	0.054	0.087	1	TRAV13-1	c14
0.000122587944428257	-1.21859315192129	0.038	0.069	1	LRIG1	c14
0.00691602736927928	1.21755862066599	0.01	0.004	1	PRH1	c14
0.0036406248016918	-1.21622658439454	0.014	0.03	1	BEX5	c14
0.00115548587896182	-1.21597198150404	0.013	0.032	1	TRBV7-3	c14
0.00512867950501111	-1.21484842519479	0.011	0.026	1	PRDM8	c14
0.000719587493985582	-1.21387721897761	0.027	0.05	1	RP1-39G22.7	c14
0.000721674865008369	-1.21004665267574	0.029	0.053	1	MTSS1	c14
0.00646589921847445	-1.20798528517557	0.01	0.024	1	SAV1	c14
0.0049662702044795	-1.20419340769475	0.011	0.026	1	NBPF10	c14
0.0499159835661083	-1.20347382321855	0.011	0.02	1	FGR	c14
0.0280252383701391	-1.20316698225074	0.006	0.015	1	ZNF69	c14
0.123550074707034	-1.20122694655683	0.006	0.011	1	CRYBG3	c14
0.00285965241435026	1.19888086805518	0.015	0.007	1	GIPR	c14
0.00753492870793214	-1.19754241572854	0.014	0.029	1	PKD2	c14
0.0327280587877312	-1.19605758203015	0.011	0.021	1	NBPF20	c14
0.107339663188527	-1.19558733179041	0.008	0.014	1	RP11-156E8.1	c14
0.011533977757728	-1.19502795421901	0.014	0.028	1	RASGRF2	c14
0.0840490869421041	-1.19449680777159	0.004	0.01	1	NAP1L3	c14
0.0494520121502182	-1.1930708354977	0.007	0.015	1	PFKM	c14
0.00882243430370322	-1.19011771201352	0.017	0.032	1	NBPF1	c14
5.29097755394204e-05	1.1867011285792	0.025	0.011	1	ZSWIM4	c14
0.0151370991826972	1.1850971149145	0.013	0.007	1	DEPDC1B	c14
0.000439759841938202	-1.1822266414712	0.02	0.042	1	FLNB	c14
0.00034047566547362	1.18105749214285	0.015	0.006	1	SETBP1	c14
9.97755883689491e-05	1.18077408530474	0.017	0.007	1	SDSL	c14
0.000129390684587224	-1.1777780227219	0.053	0.087	1	BACH2	c14
0.000358398563309155	-1.17508456063912	0.03	0.056	1	ACBD4	c14
0.00165910549053121	-1.17499612546161	0.018	0.038	1	SLC26A11	c14
0.00031222846502843	-1.17441120430055	0.027	0.053	1	TNFRSF10B	c14
0.00301320278010442	-1.17234585786407	0.026	0.045	1	SMAGP	c14
0.00047237840609129	-1.17147072617555	0.025	0.049	1	ADHFE1	c14
0.0106573204195863	-1.17076070030062	0.017	0.032	1	KIF1B	c14
0.0541269337700167	-1.16676358373665	0.005	0.012	1	ZNF879	c14
0.00111763341191783	-1.1651106583392	0.011	0.029	1	TRBV6-1	c14
0.0126240658716051	-1.16222484880112	0.016	0.03	1	RP11-763B22.4	c14
3.29571214164652e-05	-1.16155188968178	0.03	0.062	1	AP001055.6	c14
0.0153174343432344	-1.16109333793246	0.02	0.033	1	NLRP6	c14
0.00122082983948169	1.16087285718307	0.016	0.007	1	DECR2	c14
0.00670751881596852	-1.16043644545146	0.022	0.038	1	AP000476.1	c14
0.0173935622217831	-1.1574598516587	0.013	0.025	1	TMTC2	c14
0.0109742183856225	-1.15690368868393	0.012	0.025	1	SLC31A2	c14
0.000536963128458147	-1.1542994048283	0.017	0.039	1	TRIM16	c14
0.0425068762507305	-1.15230886383501	0.006	0.014	1	ZNF30	c14
0.0407699813907959	-1.15190039630579	0.01	0.019	1	AC091729.9	c14
0.000533198776720914	1.14942337437076	0.015	0.006	1	PNPLA7	c14
0.0272025419523352	-1.14897807738368	0.012	0.023	1	TEC	c14
0.0321125575625697	-1.14736436376028	0.007	0.016	1	RP11-758M4.4	c14
0.0618326959311447	-1.13624522724933	0.009	0.017	1	OTUD1	c14
0.00128744862931201	-1.1350748133764	0.023	0.044	1	DNAJC18	c14
0.0675050517219634	-1.13243241875072	0.007	0.014	1	APLF	c14
0.0404874690461587	-1.13243189892884	0.008	0.017	1	TRDV2	c14
0.0268359562708203	1.13191401976643	0.011	0.006	1	CIB2	c14
0.00137895052216699	1.12954601544683	0.013	0.005	1	IPO4	c14
0.00420297240544232	1.12778629645302	0.01	0.004	1	CH507-24F1.2	c14
0.0016616239335807	-1.12771846390549	0.082	0.111	1	LMNA	c14
0.0371909306907397	-1.12738475468278	0.005	0.013	1	DLGAP1-AS2	c14
0.0489835483484075	-1.12676999002603	0.013	0.023	1	PLEKHM3	c14
0.00567673077215467	-1.1253836620267	0.02	0.036	1	AC009299.3	c14
0.0036700716481439	1.12491656882466	0.011	0.005	1	TMC4	c14
0.000884937083437239	1.11995596263888	0.017	0.008	1	SLC25A29	c14
0.00153055800376476	-1.11180659730006	0.018	0.038	1	NEMP1	c14
0.139842957225849	-1.11173320366331	0.009	0.015	1	PDGFD	c14
0.156088857802954	-1.10683473130392	0.005	0.01	1	FBP1	c14
0.000585502009982325	1.10563346546925	0.016	0.007	1	ZSWIM5	c14
0.0267068542699462	-1.10215951420665	0.022	0.034	1	C1orf132	c14
3.16467941455258e-05	1.09752498938616	0.094	0.061	1	CCL3	c14
0.121768388671554	-1.09668400687588	0.005	0.01	1	DCUN1D2	c14
0.217369319076359	-1.09575765791454	0.012	0.017	1	SYNPO2	c14
0.000935457594324869	-1.09373278594477	0.029	0.053	1	SDC4	c14
0.0706142049428976	-1.09186363718863	0.013	0.022	1	FOXP4	c14
0.018320064489467	-1.0915869568508	0.011	0.023	1	RP11-166P13.3	c14
0.111526486117105	-1.08738198522514	0.008	0.014	1	MBNL1-AS1	c14
0.0274385490193616	-1.0856209359758	0.015	0.027	1	MEGF6	c14
0.00363021102393477	1.08520772019515	0.011	0.005	1	ANKRD23	c14
0.000222133239097753	-1.08484445748569	0.043	0.074	1	LRRC28	c14
0.0155991590867734	1.07619877538214	0.01	0.005	1	LINC01135	c14
0.188498210023892	-1.07567806941045	0.009	0.014	1	NT5E	c14
3.50417958351582e-05	1.07407343071209	0.032	0.015	1	KHDC1	c14
0.0153105752907348	-1.07404332880709	0.01	0.022	1	SH3PXD2A	c14
0.00288775347086146	1.07062829295049	0.021	0.011	1	CBWD7	c14
0.067828322703953	-1.07009062739418	0.005	0.011	1	SLC35F3	c14
0.0846254571717359	-1.06898670135245	0.014	0.023	1	ETV1	c14
0.000791465482536	1.06774991398553	0.02	0.009	1	AP1S3	c14
0.00130959594495481	1.06672049796172	0.025	0.013	1	ST3GAL4-AS1	c14
0.0297498654732094	-1.06021836637136	0.022	0.034	1	C1orf112	c14
0.00120614059240933	-1.05999937801686	0.025	0.047	1	HIPK2	c14
0.000498582456012176	1.05943901651234	0.02	0.009	1	RP11-611O2.5	c14
0.0544343820990461	-1.05921739607375	0.01	0.019	1	CLCF1	c14
0.0219335794065654	-1.05914309165218	0.017	0.03	1	MYO1E	c14
0.0110899094285335	1.05689509196826	0.011	0.005	1	C8orf44-SGK3	c14
0.00102107927165605	1.05687709802605	0.014	0.006	1	SYNJ2BP-COX16	c14
0.132755478995535	-1.05601741286842	0.008	0.014	1	TK1	c14
0.000736610693084229	1.05593442708311	0.02	0.009	1	RP5-940J5.9	c14
0.0357330698523504	1.04924180617722	0.01	0.005	1	ZNF775	c14
0.00407243235037938	1.04644255568868	0.013	0.006	1	ZNF502	c14
0.066280369032465	-1.04615138347259	0.009	0.017	1	RP4-800J21.3	c14
0.0458681106594316	-1.0461047813783	0.011	0.02	1	RP11-1017G21.5	c14
0.0414098463229937	-1.04592916668826	0.05	0.066	1	TRAV17	c14
0.197467440872761	-1.04591379389944	0.011	0.017	1	CD160	c14
0.000437574533947908	-1.0446601121946	0.042	0.071	1	CUL9	c14
0.000308358056114656	-1.04423963310487	0.034	0.061	1	CXorf57	c14
0.0779138582251816	-1.04399389598109	0.018	0.028	1	PRRT3	c14
0.12527134143581	-1.04239513485032	0.008	0.014	1	C1orf54	c14
0.0833550502604999	-1.04103872493455	0.005	0.011	1	C17orf96	c14
0.0321502746413819	1.03678967351685	0.01	0.005	1	RIMS3	c14
0.0251210437456494	-1.03673951119052	0.01	0.021	1	LINC00115	c14
0.0913373820449389	-1.0358481340269	0.009	0.016	1	C21orf33	c14
0.739764441294737	-1.03526526509978	0.017	0.019	1	TRAV24	c14
4.36295760229534e-05	-1.03294890598749	0.055	0.092	1	CYB561D2.1	c14
0.0262799590181702	-1.03165848735159	0.02	0.032	1	AC131056.3	c14
0.00959684387015985	-1.03158905450597	0.02	0.035	1	METAP1D	c14
0.105535608801498	-1.0305179758278	0.007	0.013	1	LINC00910	c14
0.0300360372711585	-1.03030919603893	0.012	0.023	1	GPRASP1	c14
0.141663315081474	-1.02874377895636	0.005	0.01	1	CALCB	c14
0.128287521002712	-1.02839826215714	0.006	0.011	1	ST20-AS1	c14
0.104831546632124	-1.02773506047947	0.008	0.014	1	HIST1H2BG	c14
0.000177978224370034	-1.02754465306662	0.051	0.084	1	COL18A1	c14
0.240911973504512	-1.02712506900149	0.012	0.017	1	KIR3DL2	c14
0.112096408109683	-1.02655679234589	0.007	0.013	1	RP1-178F15.4	c14
0.203805647221787	-1.02441464179137	0.007	0.012	1	CDK20	c14
0.157224400891338	-1.02352267816649	0.006	0.011	1	GAS8	c14
0.0688081636240459	-1.02253155801416	0.013	0.022	1	RP11-89K10.1	c14
0.00061090570896838	1.02186541002618	0.012	0.005	1	EMP1	c14
0.00103004090927858	1.02054849876582	0.017	0.008	1	ERCC6-PGBD3	c14
0.0401116772058223	-1.02001396115595	0.013	0.023	1	AGER	c14
0.000115478050405589	-1.01822061373484	0.066	0.102	1	PER1	c14
0.0688183626365761	-1.01694672280477	0.005	0.011	1	C16orf95	c14
0.00701411111259457	-1.01661016084966	0.028	0.046	1	PLEKHG2	c14
0.0433659897443447	-1.01621382322892	0.01	0.019	1	CYFIP1	c14
0.0173099682169233	-1.01512048321776	0.029	0.044	1	CEP97	c14
0.0079012318273745	-1.01261040812258	0.032	0.05	1	ZYG11B	c14
0.0661821928248414	-1.01239735700018	0.013	0.022	1	RP11-347I19.7	c14
0.00755802621780541	1.01144831005011	0.01	0.004	1	RP11-496I9.1	c14
0.00320247189037751	-1.01037049910188	0.036	0.058	1	C10orf35	c14
0.0112111249121295	-1.00912727520031	0.051	0.072	1	EPHB6	c14
0.0054824170822126	-1.00776873876649	0.023	0.04	1	TCEB3-AS1	c14
0.0565634495799805	-1.0029875178797	0.014	0.024	1	OBSCN	c14
0.00248664293280474	-1.00199020771517	0.043	0.067	1	SGK223	c14
0.134441339463382	-1.00108345723996	0.006	0.011	1	RP11-2B6.2	c14
6.63849916887045e-05	1.00056280382823	0.03	0.014	1	CBWD3	c14
0.00159348939067428	0.999395849164516	0.024	0.012	1	CH507-42P11.8	c14
0.000147224333703359	-0.998496515536302	0.053	0.087	1	PPP1R3E	c14
0.0953976228246017	-0.997968955074199	0.008	0.015	1	A2M-AS1	c14
0.208309726409003	-0.994648516926762	0.009	0.014	1	ZNF354C	c14
0.000618596396810905	0.993150765316836	0.017	0.008	1	TET1	c14
0.0446027196238015	-0.992336477799199	0.017	0.028	1	TTC9	c14
0.00275512801249197	0.991885547345009	0.014	0.006	1	PKD2L2	c14
0.000419383245613472	0.991792194512359	0.022	0.01	1	ROM1	c14
0.308328264538161	-0.991191014581217	0.008	0.012	1	GAS7	c14
0.00395486383830392	0.991078317137855	0.02	0.01	1	MAMLD1	c14
0.0691211522799212	-0.990249160710834	0.007	0.014	1	KCTD21-AS1	c14
0.00280401790380575	0.989401951053844	0.017	0.008	1	HAUS7	c14
0.0749627374985371	-0.988799474527906	0.01	0.018	1	NET1	c14
3.19222405569485e-05	-0.987805263743884	0.057	0.095	1	UBASH3B	c14
0.151605678046455	-0.987630960056183	0.007	0.012	1	ZSWIM1	c14
0.000214393293562004	0.987189270795152	0.03	0.015	1	ARL4D	c14
0.0659842961787007	-0.986006047245957	0.004	0.01	1	ZNF208	c14
0.00139036762464102	-0.98473372843246	0.036	0.06	1	ARHGAP5	c14
0.00790813501665961	0.982795229409564	0.011	0.005	1	PSRC1	c14
4.90784393755424e-05	-0.980756592350261	0.04	0.074	1	CCL3L3	c14
0.0105337591773864	0.98033979955868	0.013	0.007	1	TMEM256-PLSCR3.1	c14
0.000227112844890426	-0.980314380794822	0.052	0.085	1	PRKCA	c14
0.00477605271638437	-0.979765007656192	0.033	0.053	1	GNAQ	c14
0.0532799761046032	-0.979617405816903	0.011	0.02	1	CDCA7L	c14
0.00201360370062434	-0.979378477299868	0.062	0.089	1	GADD45A	c14
0.0116461291623396	-0.977785157216395	0.01	0.022	1	RP11-756G20.1	c14
0.022606483097458	-0.97765335890999	0.012	0.024	1	PAXIP1	c14
0.00403629148980318	-0.977539517164061	0.039	0.061	1	LST1	c14
0.000109396940434118	-0.976005349759078	0.068	0.104	1	KDM6B	c14
8.89859272035607e-05	-0.975065168879193	0.066	0.102	1	ANK3	c14
0.0127809060112964	-0.974842973919562	0.021	0.035	1	AC022182.3	c14
0.111322960386338	-0.972833529241058	0.012	0.019	1	SYNM	c14
0.0764546705859787	-0.972657107235207	0.007	0.014	1	BRCA1	c14
0.0490490008435222	-0.971837445073467	0.015	0.025	1	LIPE-AS1	c14
0.0186908548753242	-0.969849694007115	0.024	0.038	1	SAP25	c14
0.000376231832506526	0.969469854294342	0.029	0.015	1	RPP40	c14
0.00256857009966373	-0.969119955313337	0.016	0.034	1	GSTM2	c14
4.85536614651422e-05	-0.969079402395963	0.064	0.102	1	CBX7	c14
4.80977424963825e-05	-0.968702966468038	0.046	0.082	1	HLA-G	c14
0.00797903073188487	-0.967208895813068	0.051	0.073	1	CD83	c14
0.0417191787967433	-0.967076679004298	0.018	0.03	1	MORC2	c14
0.13099066260096	-0.966950790877521	0.008	0.014	1	RP11-326C3.2	c14
0.0768415365331092	-0.965829447598205	0.021	0.03	1	POLE	c14
0.0138607684627938	-0.964959007680462	0.022	0.036	1	CTD-2245F17.3	c14
0.0178115336666125	-0.963477319369552	0.028	0.043	1	CTD-2341M24.1	c14
0.0055739241887306	-0.961731630557095	0.041	0.062	1	ZSCAN18	c14
0.079051518833265	-0.961598526912534	0.005	0.011	1	MAPRE3	c14
0.0392117594840641	-0.960920879179691	0.009	0.018	1	RP11-54C4.3	c14
0.00365723307147752	-0.958469597467018	0.04	0.062	1	PHC1	c14
0.0283317251249594	-0.958377841469746	0.027	0.04	1	DCBLD1	c14
0.0736376244857151	-0.958181915453602	0.012	0.02	1	KLF5	c14
0.00529637072932631	-0.957298837754918	0.026	0.044	1	ERF	c14
0.00120934667430782	0.955798882484833	0.014	0.006	1	BMP1	c14
0.00117549443034301	0.954608694836368	0.026	0.013	1	SLC19A1	c14
8.05324261765008e-05	-0.951505541313713	0.044	0.078	1	MFHAS1	c14
0.00154279361579453	-0.950334823838538	0.038	0.062	1	RFX3	c14
0.166549877131331	-0.949625222159903	0.007	0.012	1	CDC37L1-AS1	c14
0.000302937600733787	0.94960912404906	0.021	0.009	1	ADAMTS4	c14
0.053554563547681	-0.948519635250689	0.005	0.012	1	RP11-440D17.3	c14
0.157179910950289	-0.947284845467281	0.01	0.016	1	ZNF837	c14
0.048624887423153	0.94675956207568	0.01	0.005	1	RP11-273G15.2	c14
0.0465515968447182	-0.946152420695132	0.023	0.034	1	TRBV11-2	c14
0.0656288556810985	-0.945678918405388	0.012	0.021	1	MPP5	c14
0.184720763797697	-0.944726544424343	0.006	0.011	1	MEST	c14
0.000688701698193193	-0.9445902928434	0.045	0.073	1	DHRS4L2	c14
0.149380596059964	-0.943608445566778	0.005	0.01	1	TCTN2	c14
0.0012236791538893	-0.94284431567768	0.038	0.063	1	DPEP2	c14
0.000403276468538786	0.942662639821394	0.022	0.01	1	CCNT2-AS1	c14
7.54995323592338e-05	-0.942293354765065	0.059	0.095	1	FAM175A	c14
0.0220466669963184	-0.941877555372991	0.029	0.043	1	SBF2	c14
0.0020986058243614	0.939503321517233	0.017	0.008	1	AP001610.5	c14
0.00122963662293741	-0.936656141940183	0.26	0.281	1	CTLA4	c14
0.000505445708381495	-0.936235320784846	0.017	0.04	1	TRBV27	c14
0.0615535032326229	-0.935728272770155	0.118	0.135	1	STMN1	c14
0.0563226721583235	-0.935485446008262	0.008	0.016	1	ZNF347	c14
0.0027231688773713	-0.935447642689433	0.03	0.051	1	PRKAG2-AS1	c14
0.00695420159958913	0.935098582060882	0.013	0.006	1	RP4-545C24.1	c14
0.15523100646495	-0.934024411759419	0.008	0.014	1	AP003774.1	c14
0.0966459098933904	-0.933128126525474	0.007	0.013	1	MIR9-3HG	c14
0.0968814954154899	-0.932167293321081	0.023	0.032	1	RP11-533E19.7	c14
0.0584522848624903	-0.931330723659372	0.02	0.03	1	RP11-61K9.3	c14
0.0316259782886506	-0.930944533157025	0.021	0.033	1	AC159540.1	c14
0.135072064730162	-0.930718790184701	0.006	0.011	1	LINC00544	c14
0.000229026225101252	0.930585625484063	0.029	0.014	1	HARBI1	c14
0.218132562348451	-0.930575256401304	0.008	0.013	1	BTBD8	c14
0.0775332579977852	-0.928603758471248	0.007	0.014	1	XKR6	c14
0.00771613230680507	-0.928283606382715	0.048	0.069	1	RP11-138A9.2	c14
0.00333328595463259	-0.928034736803662	0.047	0.071	1	ELL2	c14
0.00136092229208888	-0.927669465664523	0.031	0.054	1	LYL1	c14
0.112576231355295	-0.926874587401656	0.007	0.013	1	MTBP	c14
0.000146528636636504	0.926760238097612	0.022	0.009	1	CCDC24	c14
0.137279708041937	-0.926744969823485	0.007	0.013	1	ZNF35	c14
0.0518220451339676	-0.925489775039622	0.012	0.021	1	UBXN10-AS1	c14
0.117801706148114	-0.925386209531124	0.009	0.015	1	ZNF594	c14
0.000878925042205565	-0.925228174659169	0.054	0.083	1	ZMAT1	c14
0.0702904233557407	0.924464764413583	0.013	0.008	1	AC024592.12	c14
0.000302968167307055	-0.923633716232783	0.043	0.073	1	ZBED5-AS1	c14
0.154551698143862	-0.923504389894953	0.012	0.018	1	RP11-734K2.4	c14
0.136793480153347	-0.923278484331115	0.006	0.011	1	EIF2S3L	c14
0.127994086094785	-0.922688237196003	0.015	0.023	1	AC009133.12	c14
0.045920116753331	-0.922666826234915	0.023	0.034	1	PLCB1	c14
0.0729853236408243	0.921937550057467	0.014	0.009	1	RAD51AP1	c14
0.072816158668752	-0.921802270649343	0.007	0.014	1	ATP5EP2	c14
0.0935036211822385	-0.920211572197923	0.011	0.019	1	ATP11A	c14
0.108954916069257	-0.919669531483187	0.013	0.021	1	RP11-334C17.5	c14
0.00329633140734093	0.919496654022513	0.016	0.008	1	RP11-178C3.2	c14
0.0824949605439774	-0.91873290158603	0.012	0.02	1	TJP3	c14
0.00485921891627797	-0.918635763906	0.053	0.077	1	SARDH	c14
0.108191232326442	-0.918202156793248	0.013	0.021	1	PGAM5	c14
0.143145875719298	-0.91735303990809	0.009	0.015	1	FLCN	c14
0.0153828057066314	0.913914885982321	0.015	0.008	1	RHOD	c14
0.153362689649463	-0.913424409421421	0.006	0.011	1	ZNF784	c14
0.000123895657935194	0.911250201975279	0.04	0.022	1	TWSG1	c14
4.50833639868885e-05	-0.91088324000357	0.076	0.117	1	LRRC8D	c14
0.101409741211231	-0.910572061805268	0.013	0.021	1	IRS2	c14
0.104406143341287	-0.910166315244883	0.011	0.018	1	SDR42E2	c14
0.00423878333115913	-0.910004280855463	0.008	0.022	1	AC195454.1	c14
0.0476938298432385	-0.909723954227393	0.009	0.018	1	PSMG3-AS1	c14
0.00140519322999546	0.908349620772626	0.013	0.005	1	HRASLS2	c14
0.0524172301596154	0.908335050445803	0.018	0.012	1	CBX8	c14
0.000106486311670079	0.908249788913685	0.035	0.018	1	DMGDH	c14
0.229071358761333	-0.907568457167733	0.007	0.011	1	NOCT	c14
0.0527036737928624	-0.907518872792589	0.008	0.016	1	SPATA24	c14
0.0017927402090457	0.906322825201267	0.033	0.019	1	ARHGAP11A	c14
0.00899749022890872	-0.905842480044117	0.029	0.046	1	CCNG2	c14
0.0215396134461019	0.904549482056897	0.01	0.005	1	RP11-314N13.10	c14
0.00661351846996885	-0.904480140784103	0.039	0.059	1	NEMP2	c14
0.00353698986130402	0.90344679092849	0.015	0.007	1	ATP8B4	c14
0.0175252244633306	-0.902942000033843	0.025	0.039	1	PHF7	c14
0.000112767046346592	0.9012859126491	0.039	0.021	1	BIVM	c14
0.134419503341062	-0.901277377882726	0.011	0.018	1	OR2A1-AS1	c14
0.153576463848946	-0.901250431939991	0.01	0.016	1	CES4A	c14
0.251809453798517	-0.901007323187677	0.012	0.017	1	NPIPA1	c14
0.163122710301598	-0.900111959770228	0.011	0.017	1	AK1	c14
0.00733460218663699	0.898527927614407	0.017	0.009	1	NFIL3	c14
0.000634051561150254	0.897255381470146	0.025	0.012	1	LINC00630	c14
0.0291967127825896	-0.897059628715795	0.033	0.048	1	VDR	c14
0.0341361319510138	0.896307766168973	0.01	0.005	1	USP31	c14
0.0586000117073073	-0.894053368528131	0.017	0.027	1	QSER1	c14
0.0121053086794195	-0.893582672936775	0.034	0.052	1	HIST1H2BN	c14
0.0541999675756607	0.890321183408622	0.012	0.007	1	PROB1	c14
0.00259451687978394	-0.890317588433414	0.035	0.058	1	RP11-140K17.3	c14
0.00538997873796256	-0.890004229854603	0.026	0.044	1	PDE6B	c14
0.0585826826242116	0.888046563322919	0.013	0.008	1	RORC	c14
0.15725699923378	-0.887721852956093	0.009	0.015	1	RTP5	c14
0.0575983366648669	-0.886956935880512	0.012	0.021	1	ZNF93	c14
0.260574391738627	-0.886920037261855	0.014	0.019	1	FAM19A2	c14
0.107705973262428	-0.886602842609117	0.008	0.014	1	MID2	c14
0.150211689328559	-0.885225282919737	0.013	0.02	1	KANK3	c14
0.000823068529731528	-0.884789736887354	0.034	0.059	1	NAPEPLD	c14
0.000300131281346502	0.884748211590234	0.022	0.01	1	GYLTL1B	c14
0.00209758885490604	0.882064460191805	0.02	0.01	1	SLX1A	c14
0.0349529287024621	-0.881436954432589	0.022	0.034	1	STARD10	c14
0.0779273854721642	-0.880487537701667	0.007	0.014	1	NUF2	c14
6.7564439584908e-05	-0.880404631224909	0.068	0.107	1	EPHA4	c14
5.86602354802179e-05	-0.880382051535214	0.066	0.104	1	RP11-596C23.2	c14
0.151091304352271	-0.880169515461044	0.009	0.015	1	HIST1H4A	c14
0.000987415531663127	-0.879113292121726	0.039	0.065	1	IL18BP	c14
0.0534013677761867	-0.876810772222061	0.017	0.028	1	CTC-343N3.1	c14
0.000386657613394219	0.876499263534575	0.033	0.017	1	SNTA1	c14
0.000365610211608447	-0.876385163927953	0.076	0.11	1	ZNF281	c14
0.000544656027580634	-0.875596667375394	0.058	0.089	1	ZC3H12D	c14
0.000546395357302377	-0.875551616184191	0.051	0.081	1	ANKRD26	c14
0.00361707360582403	-0.875269290852519	0.038	0.06	1	INF2	c14
0.000509820021034129	-0.875138390456946	0.059	0.09	1	CSGALNACT1	c14
6.55409566338064e-05	-0.874655941147459	0.077	0.117	1	IFT57	c14
0.00596542075527666	-0.87385132434024	0.047	0.069	1	PATZ1	c14
0.0106854113829461	0.872442106461152	0.016	0.009	1	ZNF547	c14
0.0108347528426553	-0.871625168846689	0.034	0.052	1	RP5-827C21.4	c14
0.032456973513614	0.870023892279178	0.01	0.005	1	BRSK1	c14
0.000767684939649156	-0.868803729086429	0.064	0.094	1	DIP2B	c14
0.0173265361035811	-0.868518469595645	0.02	0.033	1	LENG8-AS1	c14
0.0330447262604432	-0.86758907220899	0.032	0.046	1	ZNF540	c14
0.289897762700061	-0.866662407390942	0.008	0.012	1	SPON1	c14
0.0168391708351933	0.866571047973647	0.015	0.008	1	PPM1L	c14
0.0635710758439953	-0.865966426549203	0.008	0.016	1	FBXW9	c14
0.00120439465180828	-0.865673924207753	0.06	0.089	1	MARCH3	c14
0.0060420644317032	-0.864300261581002	0.04	0.061	1	NPRL3	c14
0.00169793057827074	-0.86369637906141	0.058	0.085	1	CDKAL1	c14
0.0776496949951432	-0.863604856781456	0.013	0.022	1	ZNF839	c14
0.0186273087427742	-0.863345759669401	0.038	0.055	1	NCDN	c14
0.0368988217039034	-0.86303912282755	0.024	0.036	1	CARD17	c14
0.00430593692034511	0.862854304767027	0.02	0.01	1	RHOQ	c14
0.000933428281548981	-0.862612129392767	0.046	0.074	1	ADCK3	c14
0.289696428846281	-0.862367401427393	0.009	0.013	1	ZNF724P	c14
0.00262322746661108	-0.862310776694506	0.045	0.069	1	TUBGCP6	c14
0.0432461981076743	-0.862174931708065	0.014	0.024	1	STK3	c14
0.00128465635394848	-0.862026034007465	0.045	0.071	1	DYRK1B	c14
0.0976026184175352	-0.861074441633728	0.01	0.017	1	RP11-158I9.8	c14
0.000114981914540237	0.860436875167653	0.046	0.026	1	TOMM40L	c14
0.00602474597201683	-0.860027630462358	0.042	0.063	1	OSER1-AS1	c14
0.0473102881044898	-0.856931914333649	0.013	0.023	1	SPECC1	c14
0.0178074681003341	-0.856435623442303	0.012	0.024	1	TCTE3	c14
0.0918686033321608	-0.855985447553784	0.018	0.027	1	ARRB1	c14
0.00015964184014383	0.855869823005457	0.032	0.016	1	TBKBP1	c14
0.00027910489159643	-0.855104037857958	0.078	0.113	1	SLC35E2B	c14
0.000104305193767386	0.854679567427395	0.032	0.016	1	ST20-MTHFS	c14
0.000764319186374873	0.854647853966357	0.042	0.025	1	COPRS	c14
0.017267590110419	0.852980549948353	0.022	0.013	1	ZNF319	c14
0.208334756365714	-0.852977950473189	0.01	0.015	1	ZNF616	c14
0.014523640435504	-0.85246584070146	0.035	0.052	1	MBOAT1	c14
0.0260922907510924	-0.852323073562885	0.048	0.065	1	IL12RB2	c14
0.00063256249245233	0.851090409105624	0.025	0.012	1	SLC25A30	c14
0.115440605646987	-0.850678163600138	0.016	0.024	1	APTR	c14
0.0997996795475528	-0.850192491598159	0.016	0.025	1	HIST1H2BJ	c14
0.0648582677935555	-0.849611949077789	0.023	0.033	1	BCR	c14
0.011452528164555	-0.849603046609466	0.027	0.043	1	BDH1	c14
0.00684942400342142	0.848945158530957	0.015	0.008	1	NEXN	c14
0.0545345053730559	-0.848721653156114	0.021	0.031	1	CTD-2035E11.3	c14
0.0529020016743741	-0.84817124931224	0.02	0.03	1	FGFBP3	c14
0.115130098827352	-0.847778446661048	0.005	0.01	1	TAF1A-AS1	c14
0.0605490048622882	-0.847445072806057	0.009	0.017	1	LL22NC03-2H8.5	c14
0.000645376376303715	0.846694030272388	0.025	0.012	1	RP11-575L7.8	c14
0.00239067857849948	-0.844681104836396	0.197	0.225	1	HLA-DQA1	c14
0.115870884632499	-0.841937408202775	0.015	0.023	1	ZNF558	c14
0.000342648805102782	-0.84100881508173	0.075	0.109	1	LRMP	c14
0.0311068292802383	-0.84068357544228	0.02	0.032	1	CXorf21	c14
0.254811699888838	-0.839688180391289	0.006	0.01	1	KTN1-AS1	c14
0.000273463300320981	-0.838743946744713	0.088	0.125	1	THADA	c14
0.0610848754104774	0.838466517264867	0.012	0.007	1	TMPRSS3	c14
0.125290005871362	-0.83792137571938	0.011	0.018	1	USP30	c14
0.237989311109333	-0.837790702450637	0.011	0.016	1	MICU3	c14
0.0021458990760092	-0.837140723629261	0.066	0.093	1	SLC39A8	c14
0.00190120810069086	0.835521752333375	0.027	0.014	1	SLC27A4	c14
0.0688542253981684	-0.835184326459027	0.02	0.029	1	FAM65A	c14
0.00984109838165742	0.834717646271135	0.011	0.005	1	RP11-10L12.4	c14
0.0131777850822696	-0.834566187234309	0.024	0.039	1	MPP7	c14
0.160767646773155	-0.832680941098379	0.008	0.013	1	ARMCX4	c14
0.127333902833152	0.832153291625911	0.01	0.006	1	MORN4	c14
0.119503232229318	-0.83178646143781	0.016	0.024	1	AGBL5	c14
0.26801908733137	-0.830336563739775	0.007	0.011	1	DVL1	c14
0.00673430464200518	0.82857878888969	0.017	0.009	1	SUSD1	c14
0.167337830459419	-0.82720265689592	0.011	0.017	1	KRT18	c14
0.000279521686476458	0.826844090683571	0.04	0.022	1	VKORC1	c14
0.00343694588982566	0.82647395509935	0.014	0.007	1	LRRC75A	c14
0.0382826529056275	-0.82607540733835	0.016	0.027	1	ZCWPW1	c14
0.288671153282043	-0.824622186867717	0.008	0.012	1	FGFBP2	c14
0.122723780870648	0.824437403277555	0.01	0.006	1	RP11-324I22.4	c14
0.00283678117526573	-0.823181948722457	0.058	0.083	1	AC241377.2	c14
0.0627992866372663	-0.821949983174673	0.012	0.021	1	TRAV38-1	c14
0.00401142301342793	0.819915180339205	0.018	0.009	1	FGFRL1	c14
0.0177014847887809	-0.818921718562727	0.028	0.043	1	FDXR	c14
0.0328354719038421	-0.818795320187957	0.512	0.413	1	HSPA1A	c14
0.000405935359272108	0.818219438441777	0.039	0.022	1	BBS1	c14
0.00471701864532927	-0.816963646679573	0.032	0.052	1	AMPD3	c14
0.000496754792383267	-0.816761474622308	0.065	0.097	1	E2F3	c14
0.0107675744755371	0.815754744706929	0.014	0.007	1	RP11-307C12.12	c14
0.110806959004801	-0.81461720223003	0.013	0.021	1	TRBV29-1	c14
0.00462242819244376	0.814083679870654	0.021	0.011	1	DNAJC25	c14
0.127568216486667	-0.811584175508258	0.008	0.014	1	VSIG10	c14
0.00543318713905604	0.811424058395835	0.028	0.016	1	CENPE	c14
0.00138127687649212	0.810913545022702	0.029	0.016	1	GRK4	c14
0.0435451388424622	-0.81018886407431	0.012	0.022	1	NEK3	c14
0.0360992687650649	-0.810118530928773	0.03	0.043	1	ADAT2	c14
0.0222376080998397	-0.810079893213516	0.039	0.055	1	ADARB1	c14
0.0437420178065166	-0.809467453002036	0.023	0.034	1	H3F3C	c14
0.0966074646214424	-0.809198084061858	0.034	0.044	1	USP45	c14
4.00980443783383e-05	0.808612960463118	0.043	0.023	1	SLX1B	c14
0.158256747159672	-0.808586352403021	0.014	0.021	1	ARL17A	c14
0.12790391564019	-0.808394203351052	0.007	0.013	1	RASA4	c14
0.00520064170106481	0.806126715224036	0.025	0.014	1	SLC39A14	c14
4.08312407304769e-05	0.806027901395574	0.044	0.024	1	NUP50-AS1	c14
0.00472993142640301	0.805210473698429	0.017	0.009	1	RP11-9M16.2	c14
0.285368110005745	-0.805082736946586	0.014	0.019	1	TOP2A	c14
0.176093012574537	-0.804017905434191	0.009	0.014	1	ZNF517	c14
0.00628340303123004	0.802268859399025	0.037	0.024	1	WDR81	c14
0.229596149346305	-0.802083879200775	0.009	0.014	1	C1orf198	c14
0.16392072575507	-0.801900252759592	0.006	0.011	1	SLC43A2	c14
4.29908581332701e-05	0.800139862742979	0.046	0.025	1	LIG4	c14
0.11629753362722	-0.799710699122295	0.009	0.016	1	C16orf86	c14
0.24184461994985	0.799161462861336	0.026	0.033	1	TRAV27	c14
0.0866211738964795	-0.798192679877533	0.012	0.02	1	PDE9A	c14
0.0028545569057016	-0.798179868803571	0.041	0.065	1	GRAMD3	c14
0.0346418063739469	0.797954852033951	0.015	0.009	1	SDR42E1	c14
0.063406948996495	-0.797168223980776	0.018	0.028	1	TESK2	c14
0.00234936964623303	0.796525247720073	0.018	0.009	1	SPATA7	c14
0.0392460735807172	-0.795823019549593	0.012	0.022	1	RAB11B-AS1	c14
0.067162172391739	-0.795578875047587	0.012	0.021	1	NCAPG2	c14
0.0513135130295797	0.795124371968551	0.011	0.006	1	LRP2BP	c14
0.10342625917257	-0.794268293801359	0.025	0.034	1	C2CD2	c14
0.338190184088764	-0.794059594128551	0.01	0.014	1	CLEC11A	c14
5.6355823233665e-05	-0.793923128057876	0.119	0.163	1	MSI2	c14
0.304605268319416	-0.793403598827264	0.007	0.011	1	ZNF579	c14
0.0500213080190438	-0.793390643030179	0.02	0.03	1	TMEM91	c14
0.144267536852337	-0.793373662052109	0.006	0.011	1	ACSM3	c14
0.000284598004093024	-0.792966849556927	0.046	0.078	1	NAB1	c14
0.00256311553702966	0.792416779061462	0.035	0.021	1	PLA2G15	c14
0.000113267629459137	0.791749818589584	0.044	0.024	1	RXRA	c14
0.112007822465181	0.790673692635889	0.012	0.008	1	PKN3	c14
0.955394032505159	-0.790089594914753	0.069	0.067	1	TRAV13-2	c14
0.0746389486341921	-0.789409053757578	0.016	0.025	1	GKAP1	c14
0.000777143257450613	-0.788316295045456	0.059	0.089	1	DNAJC30	c14
0.034020595245004	-0.788121461537822	0.054	0.071	1	CPNE2	c14
0.152425456391366	-0.787293423768183	0.005	0.01	1	LEPR	c14
0.216846965342958	-0.787194308530269	0.006	0.01	1	AC004951.6	c14
0.000369951399765761	0.786902959892962	0.034	0.018	1	PTCD1	c14
0.0237425304492497	-0.786500767410597	0.028	0.042	1	TTC12	c14
0.0470419583320185	-0.786493153387589	0.023	0.034	1	LINC00467	c14
0.000765876188595296	0.786108818078226	0.036	0.02	1	RP1-244F24.1	c14
0.474858299240178	-0.786102388358395	0.009	0.012	1	SPATA6L	c14
0.041262066962931	-0.78448798879286	0.259	0.265	1	ICOS	c14
0.0971486016242251	-0.784437528295109	0.005	0.011	1	NHS	c14
0.0463912352322539	0.784092396663938	0.015	0.009	1	INO80B	c14
0.335895636148741	-0.78322222517495	0.007	0.01	1	HIST1H4J	c14
0.12489194092351	-0.783130510216252	0.021	0.029	1	TIGD1	c14
0.00172312856103481	0.782294184728449	0.027	0.014	1	RP11-137H2.4	c14
0.0209148847764064	-0.78226581894784	0.025	0.039	1	TECPR2	c14
0.0157954177309852	-0.782258286389766	0.038	0.056	1	RYK	c14
0.0345393769884514	-0.781905613376223	0.018	0.03	1	FUK	c14
0.000181840366308411	0.781242204456731	0.065	0.041	1	GMNN	c14
0.00268789993046909	-0.78102015925966	0.042	0.066	1	NBPF14	c14
0.0485902076009154	-0.780805485245688	0.01	0.019	1	DOT1L	c14
8.22116410670434e-05	-0.780246957014721	0.129	0.172	1	RIC3	c14
0.00209086058880365	0.778955686627278	0.027	0.015	1	IFNLR1	c14
0.0940239786703353	-0.778721600656615	0.009	0.016	1	TRBV15	c14
0.00606232665393546	-0.778680847937296	0.067	0.091	1	MIATNB	c14
0.145838595348842	0.777821537495807	0.01	0.006	1	MAGIX	c14
0.000113263367917175	0.775908068213317	0.041	0.022	1	ST3GAL4	c14
0.0779424697130281	-0.775877168259567	0.004	0.01	1	ERI2	c14
0.00124995656668044	0.775556981128407	0.024	0.012	1	DUSP7	c14
0.0880092953898324	-0.775110663490271	0.024	0.033	1	SYCE1L	c14
0.000219409440811314	-0.774455603348221	0.1	0.138	1	ZMAT3	c14
0.000130143182453897	0.774412292739064	0.043	0.024	1	STOML1	c14
0.00219527319670389	0.774365942251157	0.031	0.018	1	MED26	c14
0.00575200771239275	0.774206006222396	0.023	0.012	1	MZF1-AS1	c14
0.0616375443557525	0.773601298435904	0.02	0.013	1	COA7	c14
3.07319337127489e-05	0.772591596044783	0.046	0.025	1	RAP2A	c14
0.00876239996713775	-0.77244203353449	0.053	0.075	1	RP13-977J11.2	c14
0.315498962879903	-0.771666024682269	0.014	0.019	1	CAMSAP1	c14
0.00120285883682324	0.770912508369192	0.039	0.023	1	ABCD1	c14
0.0243161238181823	-0.769811025337211	0.03	0.045	1	PLAGL2	c14
0.00411765825678487	0.768274490920045	0.023	0.012	1	TRIM46	c14
0.00450154336469371	-0.768124162316467	0.033	0.054	1	TRAF3IP2	c14
0.215610904995697	-0.768051399866777	0.015	0.021	1	DHX32	c14
0.00925011596707661	-0.767597853470753	0.032	0.05	1	TSHZ1	c14
0.000382128915752119	-0.767078464939575	0.052	0.084	1	ZBTB7B	c14
0.012412261263989	-0.766963875764962	0.017	0.032	1	NFIA	c14
0.113687007738335	-0.766577482094061	0.02	0.028	1	C16orf52	c14
0.0471649041373465	-0.765255222685887	0.033	0.046	1	TRAV8-3	c14
0.0186493148776823	0.764394260717125	0.012	0.006	1	DNAJC6	c14
0.00281278484504245	-0.763885126431898	0.057	0.083	1	CHD7	c14
0.237714196906591	-0.763335901426236	0.006	0.01	1	AC017002.2	c14
0.0504472886258548	-0.762041836962967	0.016	0.027	1	SMYD5	c14
0.0269211052025778	0.76151706635978	0.014	0.008	1	GALNT4	c14
0.135985934201865	-0.761498209717112	0.016	0.024	1	CTD-2026K11.4	c14
0.00112653999437979	0.761433963493817	0.031	0.017	1	KIAA0930	c14
0.00795861562398057	0.761194070779037	0.02	0.011	1	ST20	c14
0.0454876197828609	0.761034106531969	0.014	0.008	1	LCMT1-AS1	c14
0.00315082793611688	-0.76093927115437	0.065	0.091	1	ATG14	c14
0.0266845288103006	0.76086952781005	0.012	0.006	1	MMACHC	c14
0.0445549238074372	-0.760429830777657	0.028	0.04	1	EOGT	c14
0.0589303304911005	-0.760387704822841	0.02	0.03	1	FOXK1	c14
0.000428461254744018	0.760275967674716	0.026	0.013	1	SBF2-AS1	c14
0.123753744663304	-0.759622504852911	0.024	0.032	1	ZKSCAN4	c14
0.0444365582310098	-0.758946149941783	0.02	0.031	1	RTTN	c14
0.195611225272441	-0.758077620280757	0.017	0.024	1	RP11-367G6.3	c14
0.000172193061961976	-0.75618195082366	0.245	0.278	1	LYST	c14
0.0382160708426125	-0.754733470005223	0.018	0.03	1	HIST1H3H	c14
0.00210905949774596	0.754072942348496	0.037	0.022	1	FICD	c14
0.0922122494885444	-0.753710481509453	0.013	0.021	1	SWT1	c14
0.0852583030827364	-0.752738542540683	0.046	0.058	1	SLC2A11	c14
0.0307019001136496	-0.751851407093959	0.03	0.044	1	MIS18A	c14
0.112263048658987	-0.75115227562355	0.022	0.03	1	RP11-110G21.1	c14
0.0210723021895617	0.750251778723805	0.027	0.017	1	NEDD4	c14
0.0061354049290958	-0.749685567615486	0.038	0.059	1	LRRC8B	c14
0.019051767725639	0.749596016180947	0.017	0.01	1	RP11-542M13.3	c14
0.00895214281070737	0.748642297107416	0.01	0.004	1	RP11-293A21.1	c14
0.00109076876917644	0.748608510545615	0.031	0.017	1	ATXN7L2	c14
0.00209051327735477	0.748431134657626	0.032	0.018	1	TMEM244	c14
0.015897838566285	0.748294064029331	0.028	0.017	1	CCNI2	c14
0.00653467635275566	-0.747801678844184	0.082	0.107	1	CEP120	c14
9.38778235406793e-05	-0.74704921188607	0.087	0.127	1	TMEM116	c14
0.126916247544479	-0.74648733045281	0.028	0.037	1	SFXN2	c14
0.0986562062958694	0.746135294359627	0.01	0.006	1	BCL7A	c14
0.0112028137595316	-0.744674146006568	0.051	0.072	1	PHF8	c14
0.134123434189294	-0.744420856282614	0.021	0.028	1	CTD-2260A17.2	c14
0.09693881270593	-0.744369770177886	0.015	0.024	1	AC018816.3	c14
0.0298059874229689	-0.744039446561403	0.035	0.05	1	SLC36A4	c14
0.0220508217907652	0.743622516305591	0.02	0.011	1	RHEBL1	c14
0.0466334882135814	0.743572424510594	0.015	0.009	1	ZNF20	c14
0.00812722402840229	-0.743457698064915	0.059	0.081	1	FLJ37453	c14
0.000550238486697153	0.743391360581297	0.044	0.026	1	GCLC	c14
8.56514975097909e-05	-0.743205283124783	0.148	0.191	1	MAML2	c14
0.114550450631217	-0.7430304102153	0.015	0.023	1	CTD-3222D19.8	c14
0.00818353079257443	-0.741821674049718	0.05	0.072	1	SARM1	c14
0.0385192687595183	0.741676403025095	0.022	0.014	1	S1PR2	c14
0.00406597266085594	-0.741393485805407	0.058	0.082	1	PIK3C2A	c14
0.00105558113879037	0.740975131368828	0.057	0.036	1	IER3	c14
0.0097255264740923	-0.74044327971055	0.059	0.08	1	FBXL20	c14
0.000237239386534094	0.740002158894971	0.054	0.033	1	CCDC51	c14
0.157318314841925	0.739860350445877	0.04	0.032	1	TRAV25	c14
0.00698533901059493	0.7397232647205	0.026	0.015	1	STPG1	c14
0.00327950157881813	0.739348447417946	0.031	0.018	1	PUS7	c14
0.000915423166102764	0.738281005246	0.026	0.013	1	JMJD7-PLA2G4B	c14
0.00569671894753877	-0.738264163769306	0.03	0.049	1	CTBP1-AS2	c14
0.0894963350271108	0.738198229567448	0.013	0.008	1	WWTR1	c14
0.00114758077361003	0.737870783235181	0.042	0.025	1	PPP2CB	c14
0.00882522505195165	0.737083881849466	0.02	0.011	1	NAGS	c14
0.00255026837809354	0.73704191268205	0.021	0.01	1	TEPP	c14
0.000131481741469385	0.735556686062178	0.05	0.029	1	RACGAP1	c14
0.0266507337893977	-0.735412895229799	0.031	0.046	1	RP11-111M22.3	c14
0.207431748853479	-0.735235434708254	0.016	0.022	1	CARD6	c14
3.6880379069187e-05	0.734478652576393	0.05	0.028	1	WEE1	c14
0.127121116402132	-0.734194545522622	0.017	0.025	1	GTF2IRD2	c14
0.00323159547958825	0.733993412143036	0.028	0.016	1	AC145212.2	c14
0.00247137813954218	0.732992410952268	0.024	0.012	1	RP4-761J14.8	c14
0.017031350968711	-0.732599053581074	0.022	0.036	1	AC020571.3	c14
0.0367436522894604	0.730432188845191	0.013	0.007	1	BBOF1	c14
0.000679391821073718	-0.730360176135924	0.083	0.117	1	MAP4K4	c14
0.0658352054319471	-0.730228361842377	0.023	0.033	1	ZNF251	c14
0.00103087927975421	-0.728989171561617	0.076	0.108	1	TECPR1	c14
0.25280486318225	-0.728705166291954	0.006	0.01	1	TSPAN18	c14
0.000112105641964884	0.728677214625649	0.047	0.027	1	C11orf80	c14
0.0472305853617159	-0.728328196478959	0.008	0.016	1	CA11	c14
0.0154246566398405	-0.727264146073568	0.048	0.067	1	RECK	c14
0.0791904765647791	-0.726982442562847	0.031	0.042	1	RP11-218M22.1	c14
0.455447152007338	-0.726936674086382	0.018	0.022	1	TYROBP	c14
0.000205274846442632	0.726514984781872	0.044	0.025	1	CCZ1B	c14
0.215652890136382	-0.725922620150471	0.011	0.016	1	TMEM67	c14
7.58446194187738e-05	0.725256350615023	0.054	0.031	1	WDR47	c14
0.00273528556201679	0.724516589082215	0.033	0.019	1	ASAH2B	c14
0.00041970984655829	0.723198390466333	0.05	0.03	1	GTF2H4	c14
0.110367833844411	-0.72316506048169	0.044	0.055	1	ABCA5	c14
0.164161389669351	-0.722122257280121	0.013	0.02	1	CTD-2017F17.2	c14
0.0158761456151986	-0.721902367677159	0.036	0.053	1	CTSZ	c14
9.90452294256496e-05	0.721873161546061	0.061	0.037	1	CCDC86	c14
0.00148928602045756	0.721527010231858	0.025	0.013	1	LINC00987	c14
0.000311197234154054	-0.721154890257815	0.098	0.135	1	NFIC	c14
5.76300890618438e-05	0.720689008146907	0.037	0.019	1	AIM1L	c14
6.95485042698513e-05	0.719055255787262	0.061	0.036	1	CENPL	c14
0.211693788418544	-0.718053893139263	0.009	0.014	1	SETMAR	c14
0.0804442787077809	0.717548928533063	0.024	0.016	1	KMT5A	c14
0.384321930901409	0.715914315188946	0.01	0.008	1	HIST1H2AH	c14
0.221198467145777	-0.71510894863306	0.009	0.014	1	RP5-1092A3.4	c14
0.0707859685027771	-0.71486497369527	0.053	0.067	1	SMARCD3	c14
0.00051089119987122	0.713861566965102	0.034	0.018	1	TUT1	c14
0.035369879484058	-0.713479927890551	0.034	0.048	1	GRAP	c14
0.160923313264996	0.713143041200924	0.01	0.007	1	IMPA2	c14
0.0170146975802403	0.712055132884589	0.022	0.013	1	RFX2	c14
0.212962228373932	-0.71157854057388	0.009	0.014	1	PFAS	c14
0.0448080179799557	0.71112397494235	0.01	0.005	1	AC083949.1	c14
0.00306705300866971	0.710556697286442	0.03	0.017	1	SLC25A28	c14
0.000759372516550618	0.710546843118853	0.046	0.028	1	C19orf47	c14
0.171040737775699	-0.71035974053319	0.012	0.018	1	CACNA1C-AS1	c14
0.00298613484560224	-0.710278595753886	0.063	0.09	1	DAPP1	c14
0.158741622904618	-0.710038427899456	0.012	0.018	1	SNX30	c14
7.06681649807866e-05	-0.709866259002112	0.121	0.165	1	SGTB	c14
0.0346733452810464	-0.708705986280811	0.009	0.018	1	RP11-817O13.8	c14
0.000153306513499791	0.708452000844865	0.041	0.022	1	C1orf61	c14
0.223970425338685	-0.708342465271483	0.006	0.01	1	FAM156A	c14
0.00722888313499018	0.708287135346539	0.022	0.012	1	CLDN15	c14
0.0375855508790182	0.706638500044057	0.012	0.007	1	RP11-320M2.1	c14
0.0476827698998135	-0.706401232798569	0.023	0.034	1	NEK6	c14
0.00236339237129233	-0.706098477018425	0.066	0.094	1	TBC1D14	c14
0.00749457396485853	0.705269198764673	0.015	0.008	1	TLR3	c14
7.60264966312514e-05	0.705042151125448	0.06	0.035	1	KIAA2013	c14
0.000897839205729743	0.704820962319028	0.042	0.025	1	CPEB2	c14
0.00145757305645468	-0.704316181550363	0.144	0.176	1	TRMO	c14
0.00880928059219	0.704252631998087	0.017	0.009	1	UFSP1	c14
0.0943746393831157	-0.703415240801343	0.025	0.034	1	KLHL5	c14
0.0421685735233479	-0.70336450826982	0.043	0.058	1	TAF4B	c14
0.0116743723510313	0.703012730353108	0.033	0.021	1	SLC48A1	c14
0.22626584273147	-0.702931192042399	0.015	0.021	1	SLC35G1	c14
0.0081171772244389	-0.701427606203714	0.06	0.083	1	BAG3	c14
0.423177557890175	-0.701235676753783	0.012	0.015	1	RP4-591C20.9	c14
0.000167348439333003	-0.700465913571807	0.098	0.139	1	LIMA1	c14
6.01759329666878e-05	0.700373923860923	0.06	0.035	1	HIGD1A	c14
0.0123189160222296	-0.700150284871368	0.055	0.076	1	BBS2	c14
0.000455693533607408	0.699741360795881	0.042	0.024	1	NUDT19	c14
0.000165423103637467	-0.699323476951562	0.143	0.184	1	KIAA0922	c14
0.265549548481259	0.69916322960732	0.011	0.008	1	ITGAM	c14
0.0217406546269466	-0.698909922796132	0.058	0.076	1	LINC01481	c14
0.0123023256116032	-0.698805775163208	0.037	0.055	1	RP11-712B9.2	c14
0.000164954957017337	-0.69834453601551	0.115	0.157	1	PAM	c14
0.115826617906825	0.697877907639182	0.011	0.007	1	SCD	c14
0.257544801851416	-0.697858452719962	0.016	0.022	1	PLEKHG3	c14
0.202971472133702	-0.697566044464769	0.016	0.022	1	ULK1	c14
0.00029249306147044	0.697260644519058	0.045	0.026	1	SRD5A3	c14
0.065158727730148	-0.696971938416013	0.033	0.045	1	PBX2	c14
0.0150347015990002	-0.696811739746114	0.043	0.062	1	TRIM73	c14
0.00341252382839141	0.696240088763039	0.034	0.02	1	FLVCR1-AS1	c14
0.266668436061008	-0.694780848256226	0.016	0.022	1	TMPO-AS1	c14
0.017045376852585	0.694697245736058	0.022	0.013	1	MCC	c14
0.741642020680401	0.694046103405254	0.01	0.009	1	RP11-498P14.5	c14
0.333305575469537	-0.693355756562379	0.007	0.01	1	SLC16A11	c14
0.0117249133715587	0.69330207741841	0.015	0.008	1	ZDHHC14	c14
0.232559127104682	-0.693160527631989	0.015	0.021	1	FKTN	c14
0.174088502187607	-0.692885372999591	0.012	0.018	1	SFXN5	c14
0.0145215766558191	0.692259747794422	0.02	0.011	1	CNIH3	c14
0.231460253199292	-0.690519930924379	0.022	0.028	1	FAM135A	c14
0.00115092178154376	-0.690082023389773	0.08	0.112	1	HIVEP2	c14
0.290628634702126	-0.690016791907206	0.02	0.025	1	FAM84B	c14
0.00292341550717489	-0.689130561975648	0.059	0.085	1	ZMIZ2	c14
0.441826314360946	-0.68814575587912	0.034	0.038	1	ZNF80	c14
0.0228998765715938	0.687486058176561	0.016	0.009	1	MUC12	c14
0.0413346393296495	-0.68733992092217	0.01	0.019	1	PRELID2	c14
0.00270119027483749	-0.686712936008355	0.065	0.092	1	SMIM14	c14
0.0208392933199856	0.686275873017951	0.012	0.006	1	CTC-479C5.12	c14
0.067611444528382	-0.684666532762035	0.043	0.056	1	LMO7	c14
0.000549261862951875	-0.683830884155147	0.115	0.151	1	TRNT1	c14
0.0401710178102883	-0.683346870922438	0.051	0.067	1	PIGM	c14
0.295278914136064	-0.683241004498561	0.009	0.013	1	RP11-147L13.2	c14
6.35647400969179e-05	0.683240064551517	0.057	0.033	1	F8	c14
0.19664336427502	-0.681870132996528	0.015	0.021	1	INTS6-AS1	c14
0.0956133159181494	-0.68171426285709	0.029	0.039	1	ZNF677	c14
0.0153171874575365	0.681452040069731	0.018	0.01	1	TRAF3IP1	c14
0.00110728513824422	0.680192437016483	0.063	0.041	1	ING2	c14
0.0316811641862373	0.679931978567827	0.022	0.013	1	BMP2K	c14
0.211972755308526	-0.679775190295486	0.016	0.022	1	QSOX2	c14
0.000681518613751274	0.679772036969693	0.033	0.018	1	ADAMTS6	c14
8.73795403117442e-05	-0.679728727188382	0.164	0.208	1	MALT1	c14
0.0222152736812329	0.679280682398088	0.021	0.012	1	EXTL2	c14
0.235366787618804	-0.678852783971296	0.01	0.015	1	ZNF799	c14
0.101964212726954	0.678311054660044	0.012	0.008	1	RP11-382A20.3	c14
0.0239323946953817	-0.677933694391641	0.033	0.048	1	APOLD1	c14
0.0918884839840436	-0.67791760178306	0.049	0.062	1	SZT2	c14
0.0373406078858072	-0.677316460414248	0.032	0.046	1	LDOC1	c14
0.00120280614720609	-0.677286127050382	0.119	0.153	1	RP11-25K19.1	c14
0.000211139376076055	0.677264733407453	0.068	0.043	1	APOPT1	c14
0.0515845300987663	-0.676981087594632	0.028	0.04	1	RENBP	c14
0.523271185859747	-0.676695547261516	0.008	0.01	1	CAPN10-AS1	c14
0.00239536404671093	0.675519806463275	0.05	0.033	1	ANKRD35	c14
0.0720290433204931	-0.675094066768049	0.025	0.035	1	DUS4L	c14
3.91614457387506e-05	-0.67461959009045	0.118	0.165	1	FAM159A	c14
0.038615181123404	0.674467444382713	0.013	0.007	1	ZNF853	c14
0.000864782909553124	0.674408919878614	0.033	0.018	1	TNS4	c14
0.220183947427334	-0.673631332977378	0.012	0.018	1	PRPF40B	c14
0.00207073981811583	-0.673631041470085	0.088	0.119	1	WDR37	c14
0.183525838698929	-0.673376012594781	0.007	0.012	1	ADAM22	c14
4.27831338028248e-05	0.673019226768891	0.05	0.028	1	PIK3AP1	c14
0.0261111253606352	0.672669570727351	0.014	0.008	1	LILRB1	c14
0.0409284096492149	0.672631673972655	0.021	0.013	1	TTYH3	c14
0.155341929272949	-0.672170543400902	0.014	0.021	1	KRTCAP3	c14
0.0371543198836344	-0.672111592496152	0.027	0.04	1	LACTB2-AS1	c14
0.00665078979179576	-0.671954975899123	0.059	0.082	1	TOMM34	c14
0.165774753862413	0.671572007456225	0.014	0.01	1	CTB-43P18.1	c14
0.00332982666879591	0.671533616718544	0.039	0.024	1	MAPK11	c14
0.206414452786115	-0.67097138698952	0.035	0.043	1	ALMS1	c14
0.00017519872200058	0.670952034340574	0.046	0.026	1	MLLT11	c14
0.107152073339611	-0.670386797886144	0.024	0.033	1	ZNF573	c14
0.0597338099921636	-0.669948183753367	0.015	0.025	1	ALG14	c14
4.49030985765181e-05	0.669032059815243	0.054	0.031	1	SLC29A3	c14
0.297501482318723	-0.668836953530938	0.007	0.011	1	RP11-297N6.4	c14
0.00110369602468942	-0.668324456453291	0.146	0.18	1	KAT6B	c14
0.000425764716070774	0.668299159958849	0.033	0.017	1	TMEM182	c14
0.108268487318633	-0.668025466999018	0.008	0.014	1	B3GNT9	c14
0.0422735531102951	-0.667952628766406	0.021	0.032	1	SLC37A4	c14
0.0851063882130347	0.667805055577765	0.02	0.013	1	METTL1	c14
0.110451876302126	-0.667619476398597	0.022	0.03	1	SEPSECS-AS1	c14
0.337293112094181	-0.667389569063344	0.008	0.012	1	JAM3	c14
0.0341825294933809	0.667339413854721	0.012	0.007	1	CTC-301O7.4	c14
0.00372973487049461	-0.667295848577057	0.115	0.145	1	AP3M2	c14
0.065606032113772	0.666348877440333	0.015	0.01	1	CHRNA5	c14
0.00731606666408139	-0.665993317759857	0.069	0.093	1	AKT3	c14
0.000980018204333082	-0.665140383392959	0.098	0.132	1	DUSP16	c14
0.128966742144125	0.665049921218621	0.014	0.01	1	DZANK1	c14
0.148566142691259	-0.662914023552341	0.033	0.042	1	MEPCE	c14
0.337356362480293	-0.662344398523732	0.027	0.032	1	RP11-701H24.9	c14
0.0414271034192293	-0.661925379310674	0.049	0.065	1	ZNF43	c14
0.0233230633153942	-0.661850663761993	0.077	0.097	1	TP53BP2	c14
0.0164638560049943	0.659773176650775	0.015	0.008	1	COLGALT2	c14
0.041369326503552	-0.659000577535948	0.055	0.072	1	IMMP2L	c14
0.00454834758086465	0.658798941201536	0.041	0.026	1	CCDC88A	c14
0.00359084308843871	-0.658717497300122	0.101	0.13	1	APLP2	c14
0.0085212026739476	0.658268025235451	0.02	0.011	1	CTD-2357A8.3	c14
0.0200277524437485	-0.655969786792943	0.024	0.038	1	EEPD1	c14
0.128558504148792	0.65500679866179	0.015	0.01	1	TP53INP2	c14
0.143637467963758	-0.654387378234042	0.005	0.01	1	DNAJB5	c14
0.106146388274168	-0.653256305227059	0.017	0.026	1	MNT	c14
0.0334902515146049	-0.652917731111636	0.043	0.059	1	PCYOX1L	c14
0.0310700731192904	0.652312592371491	0.017	0.01	1	C15orf53	c14
0.0245439665731983	-0.651192386310399	0.07	0.09	1	MAST4	c14
0.50256181680918	-0.650841992804476	0.008	0.01	1	HKDC1	c14
0.00458416490660073	0.650800806485511	0.024	0.013	1	F8A1	c14
0.438076234194555	-0.650799051742235	0.007	0.01	1	NEURL1	c14
0.000101751164309216	-0.650759362674276	0.143	0.187	1	DLGAP1-AS1	c14
0.0806477894437544	0.650066206200714	0.015	0.01	1	CCNJ	c14
0.0214924611061664	0.649990806684531	0.015	0.008	1	ASPHD2	c14
0.00346830176904583	-0.649283391959148	0.1	0.129	1	KIAA0319L	c14
0.0907195299621251	-0.648999969821359	0.025	0.035	1	RP4-816N1.6	c14
0.393698208235975	0.648185134843222	0.011	0.009	1	NR2F6	c14
0.000297735254331425	-0.646929421264056	0.123	0.162	1	YPEL2	c14
0.0632413727311919	0.646436316608503	0.023	0.015	1	KIAA1524	c14
0.000943581812776108	-0.646014291991622	0.124	0.159	1	KANSL1-AS1	c14
0.3233867042697	-0.645915253234346	0.031	0.036	1	ACTR3B	c14
0.246849712817111	-0.645344922919889	0.009	0.014	1	CENPBD1	c14
0.0980107524530723	-0.645007374954202	0.017	0.026	1	FUT10	c14
0.0291485355554344	-0.644979163255191	0.054	0.072	1	MCM7	c14
0.320687983326105	-0.644893366653631	0.017	0.022	1	RP11-110I1.12	c14
0.259828050813778	-0.644202744352413	0.022	0.027	1	PIK3C2B	c14
0.0616117248771277	-0.644085991573324	0.059	0.073	1	ASH1L-AS1	c14
0.0123258934786392	-0.643863681811879	0.063	0.084	1	RGL2	c14
0.000321668242043734	0.643840894764924	0.039	0.022	1	EPN2	c14
0.221312517992947	-0.643765440282269	0.016	0.022	1	AC009133.17	c14
0.00137501411458568	-0.643660044697939	0.099	0.132	1	GLCCI1	c14
0.020233132215256	-0.64242817006458	0.055	0.075	1	KCNN4	c14
0.069474498016112	-0.642368607575484	0.033	0.045	1	RFNG	c14
0.182016984849532	0.641775628904887	0.014	0.01	1	ATP2A1-AS1	c14
0.00177100361070059	0.641167064149217	0.023	0.011	1	ZNF501	c14
0.227721892038378	-0.640846074865796	0.006	0.01	1	LRRC37A2	c14
0.196681237193355	-0.64061320995684	0.016	0.023	1	ZNF665	c14
0.308671788173783	-0.640015020410741	0.015	0.02	1	ATP6V0E2-AS1	c14
0.000246754084257874	-0.639260219476419	0.128	0.168	1	MAP4K2	c14
0.412284430682644	-0.638683786376394	0.012	0.016	1	RALGPS2	c14
0.0135774154488225	0.638296384808435	0.026	0.016	1	SERAC1	c14
0.283592214643158	-0.637725799892412	0.012	0.017	1	SEMA4C	c14
0.0438050247106467	-0.63725889247345	0.074	0.092	1	NUDT16	c14
0.0227150484000265	-0.636937546281897	0.053	0.072	1	CROCC	c14
0.0366748033285883	-0.636059252893986	0.076	0.094	1	NF1	c14
0.0828786781645732	0.635746920200544	0.021	0.014	1	GPAT2	c14
0.00255819112290869	0.635430929921641	0.025	0.013	1	IQCH-AS1	c14
0.411857490721831	-0.634917091868538	0.012	0.016	1	FKRP	c14
0.000217735914639528	-0.634317585368906	0.067	0.104	1	CEACAM21	c14
0.134183014247396	0.633179373005723	0.016	0.011	1	DICER1-AS1	c14
0.0431100124267978	0.632717261597358	0.017	0.011	1	LINC00092	c14
0.156369878509567	0.632717116930188	0.01	0.007	1	RP1-122O8.7	c14
0.225721236146652	-0.631994439981731	0.008	0.013	1	BMF	c14
0.0779431072257143	-0.631714059415045	0.048	0.061	1	RYBP	c14
0.140989895949675	-0.631439910833046	0.024	0.032	1	NHSL2	c14
0.000980912838061263	-0.630629987914242	0.113	0.147	1	CASP6	c14
0.112681195991953	-0.630624518945466	0.021	0.029	1	CSAD	c14
0.000270436375863883	0.630361138006033	0.048	0.028	1	SLCO3A1	c14
0.00419368808852877	0.629951450170305	0.025	0.014	1	ID1	c14
0.0113370883898316	-0.629301217327833	0.08	0.104	1	CDR2	c14
4.40697602871364e-05	-0.62922179359812	0.178	0.224	1	P2RY8	c14
0.0677675241040633	-0.629154976405065	0.043	0.056	1	SYNGAP1	c14
0.028747919314541	-0.628813330578202	0.06	0.078	1	BPGM	c14
0.536982487228622	-0.628639929896551	0.008	0.01	1	CTPS2	c14
0.00015154166901582	0.628170230816583	0.039	0.021	1	ZNF595	c14
0.0838540252572861	-0.62751755079755	0.025	0.035	1	HNRNPA1L2	c14
0.21115460306967	-0.627463157730324	0.012	0.018	1	TMEM97	c14
0.00226510219964506	0.626849283602061	0.027	0.015	1	P3H4	c14
0.00107621827769571	0.626846502660206	0.039	0.023	1	TAF13	c14
0.0175498353378089	-0.626562773365904	0.057	0.076	1	SLC8B1	c14
0.199722260232544	-0.626493205043571	0.01	0.015	1	ZNF417	c14
0.0044006958517943	0.626487190272957	0.045	0.029	1	KDM1B	c14
0.171692005144703	0.625696657739816	0.01	0.007	1	SYP	c14
0.212495560806726	-0.625358256542756	0.008	0.013	1	ZNF670	c14
0.0105546052212283	0.625274393318245	0.012	0.006	1	CHRNE	c14
0.0991742240473218	-0.624982278266698	0.07	0.083	1	HMBOX1	c14
0.169300631018471	-0.624568931361711	0.009	0.015	1	C21orf58	c14
0.135852605964811	0.624224276770783	0.012	0.008	1	FAM72A	c14
0.383368809591938	-0.62364711139445	0.007	0.01	1	TMEM201	c14
0.28804121730376	-0.62257830669206	0.015	0.02	1	HHAT	c14
0.0520992214128262	-0.621003290313415	0.026	0.038	1	CCDC34	c14
3.77621907188188e-05	0.620921239845917	0.065	0.038	1	C14orf80	c14
0.233490062246482	-0.620535011977618	0.01	0.015	1	ARSD	c14
0.040933906433114	-0.619787642393337	0.037	0.051	1	CUL4B	c14
0.0931730872404658	-0.619432442179427	0.015	0.024	1	ZXDA	c14
0.004279029288209	-0.618541935298534	0.085	0.114	1	BZRAP1-AS1	c14
0.199168653564757	-0.618421232218934	0.006	0.01	1	RP11-658F2.8	c14
0.185059549216548	-0.618288123664967	0.038	0.047	1	CEP128	c14
0.191477567994069	-0.618199035850497	0.011	0.017	1	VPS37C	c14
0.0882148500716066	-0.618150855160095	0.009	0.016	1	PLAT	c14
0.000558432357077795	0.618004044335301	0.068	0.045	1	LRRC42	c14
0.000284267164750831	-0.617698969355234	0.142	0.184	1	ELK3	c14
0.000293958937890553	0.617536423243088	0.075	0.049	1	DENND6B	c14
0.00902857033627323	-0.617262672633387	0.06	0.082	1	RAB3IP	c14
0.000182802734250501	0.616169370914377	0.067	0.042	1	INTS7	c14
0.00456061078902651	0.615231266131107	0.028	0.016	1	LNX2	c14
0.00706218496323141	0.614558361425029	0.027	0.016	1	CTD-2023M8.1	c14
0.0461038396404233	-0.613678138996471	0.008	0.016	1	CHEK2	c14
0.0442770930843059	0.613622478799242	0.029	0.02	1	FAM101B	c14
0.0291715608775295	0.612088272181211	0.02	0.012	1	PEX11A	c14
0.361356807011585	-0.612077724075106	0.01	0.014	1	CCDC102B	c14
0.00193642389077789	0.611982300988384	0.024	0.012	1	ZNF449	c14
0.00227763649391718	0.611738700529741	0.035	0.021	1	FER	c14
0.0109492513790575	-0.611556943046941	0.047	0.068	1	SYNE3	c14
0.151244357666781	0.611019204378284	0.011	0.007	1	ITPKC	c14
3.72004093791784e-05	0.611008516800267	0.045	0.024	1	PLCXD2	c14
0.0164238294090546	0.610960224654531	0.032	0.021	1	CTU1	c14
0.0218747067236043	-0.610392382039918	0.069	0.089	1	CTC-523E23.11	c14
0.00992190249871322	-0.610322513080825	0.071	0.095	1	MAN2C1	c14
0.0383437954472797	-0.610062263668793	0.058	0.074	1	RP11-799D4.4	c14
0.0393897677979543	-0.609786518986604	0.086	0.104	1	C5orf45	c14
0.0261367687692428	-0.609114839864787	0.057	0.075	1	RBM43	c14
6.96212453152649e-05	0.60808981316056	0.079	0.05	1	MANEA	c14
0.53176783736545	-0.607124385679427	0.009	0.011	1	ZNF829	c14
0.0290576067820883	0.606249668259269	0.018	0.011	1	RP11-304L19.13	c14
0.0308476668351798	0.605798607811914	0.02	0.012	1	HIST2H2AB	c14
0.00353972448513111	-0.605718562456902	0.101	0.13	1	HAPLN3	c14
0.17393558738803	-0.605559967497429	0.01	0.016	1	HIST1H2BH	c14
0.00318482455936273	0.605465587641634	0.035	0.021	1	ZBTB9	c14
0.281784548582959	-0.604937733797443	0.017	0.023	1	EXOC3-AS1	c14
0.00203572828612733	0.604713132863729	0.051	0.033	1	E2F6	c14
0.103963145237312	-0.604710893404547	0.032	0.042	1	KLHL2	c14
3.8231836383544e-05	0.60459947193737	0.089	0.057	1	DUSP18	c14
0.165293776153747	0.604564353395273	0.016	0.012	1	EVI5L	c14
0.0576690780219077	-0.604403203353083	0.05	0.065	1	CTA-292E10.6	c14
0.0145438990703201	-0.604292190347659	0.055	0.076	1	ASAP1	c14
0.0163530492920493	0.604001991246527	0.024	0.014	1	FPGT	c14
0.0227850541130444	0.603972398721371	0.023	0.014	1	DBF4B	c14
0.0562651481282881	-0.603816952417135	0.017	0.028	1	AHDC1	c14
0.00698384332867326	-0.603233062938599	0.061	0.085	1	CNPY2	c14
0.000817619275028568	-0.602648824677877	0.138	0.175	1	ETV6	c14
0.18470925756242	-0.602591582748101	0.016	0.023	1	FAM86C1	c14
0.017693603449824	-0.602069042635902	0.077	0.099	1	ERCC6L2	c14
0.0156133648196708	0.602056715893295	0.027	0.017	1	CENPW	c14
0.182185065524818	-0.601266331289819	0.007	0.012	1	AGBL3	c14
0.0916683440530683	0.600890836602066	0.01	0.006	1	CCDC30	c14
0.299384502364849	-0.600735498399888	0.015	0.02	1	JRKL	c14
0.000256720479043583	0.600311263600107	0.047	0.027	1	MIER3	c14
0.0272939767330658	0.600142354674587	0.026	0.016	1	DCLRE1A	c14
0.00360850436396817	-0.600087106769964	0.149	0.179	1	MAN2A1	c14
0.00552008138599327	0.599520695946529	0.018	0.01	1	LYN	c14
0.30050347446562	-0.599520543334702	0.009	0.013	1	RGS5.1	c14
0.0633642657292488	-0.599417493532069	0.038	0.051	1	ZNF333	c14
0.428587494963618	-0.599116962640441	0.015	0.019	1	CRAMP1	c14
0.137600456966694	0.598121741725269	0.01	0.006	1	NIPSNAP3B	c14
0.0219050644995902	0.5978910718071	0.017	0.01	1	AC025335.1	c14
0.117046344232619	-0.597498865684981	0.013	0.021	1	RP11-98I9.4	c14
0.0662766425143411	0.596929354649498	0.015	0.01	1	FIZ1	c14
0.0299353775804739	-0.596699512472042	0.051	0.069	1	ALDH3A2	c14
0.0970999463914507	0.595469392465736	0.022	0.015	1	OSBPL11	c14
0.0177246462682637	0.593253136652291	0.02	0.011	1	CTD-3131K8.2	c14
0.311925731436827	-0.592813144800577	0.007	0.011	1	FAM161A	c14
0.270346716405586	-0.592600231398208	0.007	0.011	1	ZNF813	c14
0.339897759671046	-0.592582096889894	0.031	0.036	1	PCNXL3	c14
0.00059675952516041	0.592435519324422	0.055	0.035	1	FASTKD3	c14
0.0284245241581837	0.59201619021797	0.018	0.011	1	ZNF280B	c14
0.214425117876474	-0.591461395258279	0.027	0.034	1	RASGEF1A	c14
0.253104834348082	-0.591366162569923	0.037	0.044	1	OGFRL1	c14
0.0166544600739567	0.591114487643405	0.028	0.017	1	GTF3C4	c14
0.0357638102839637	0.590991710366082	0.013	0.007	1	KIF3C	c14
0.00742333121547193	-0.590780679737397	0.102	0.128	1	ATXN7L1	c14
0.133254989011863	-0.590501851062592	0.027	0.036	1	VARS2	c14
0.00124288094721165	-0.589906031138119	0.113	0.148	1	FBXL15	c14
0.0364887934116826	-0.589866964288799	0.045	0.061	1	TELO2	c14
0.029318748534452	0.589511379108949	0.018	0.011	1	RP5-882C2.2	c14
0.359163030275615	-0.589174383531278	0.018	0.023	1	FAM13A	c14
0.00107164731058703	0.588530530434149	0.044	0.027	1	CLP1	c14
0.000239779013656853	-0.587994074707619	0.163	0.206	1	CRTC3	c14
0.000255471330954233	0.587974749993075	0.068	0.043	1	GFOD2	c14
0.060106904495814	0.587728810349678	0.013	0.008	1	CLDND2	c14
0.168872898404062	-0.587703422281399	0.035	0.044	1	RP11-327P2.5	c14
0.436050826970183	-0.587048183104006	0.015	0.019	1	CATSPERG	c14
0.000804291202310842	-0.586688084168288	0.217	0.252	1	NFKB2	c14
0.109734602358126	-0.586377334918651	0.053	0.065	1	PTER	c14
0.155418217711748	-0.58568410707095	0.044	0.054	1	SPATC1L	c14
0.625972924412412	-0.585392893697352	0.008	0.01	1	TRPC1	c14
0.00270804606257984	-0.58519098267142	0.091	0.121	1	PIKFYVE	c14
0.139988553712563	-0.584902686358479	0.031	0.04	1	ACP6	c14
0.0992554694577604	-0.584462537068938	0.04	0.051	1	GTSF1	c14
0.00694478972844455	-0.58428735519126	0.089	0.116	1	NCOA1	c14
0.00533420399662004	-0.584238726946361	0.091	0.119	1	MCCC2	c14
0.210786840199068	-0.583266332269939	0.007	0.012	1	NEK11	c14
0.816804589512906	-0.583184746774092	0.011	0.012	1	NUDT17	c14
0.382429206182431	-0.582742698842025	0.008	0.011	1	PROCA1	c14
0.190211437513916	-0.582697144925524	0.01	0.016	1	PKP4	c14
0.00337549341943778	-0.582310269032332	0.085	0.115	1	GRN	c14
0.181783422246881	-0.582295396897441	0.016	0.023	1	RP11-849H4.2	c14
0.000125613388793753	0.582102735229086	0.073	0.046	1	ARL5B	c14
0.541680024940613	-0.581723300462563	0.016	0.019	1	SAP30L	c14
0.0333597306858464	0.581270129668656	0.021	0.013	1	ATP8B3	c14
0.232564800916261	0.581173716881347	0.013	0.01	1	RP11-386G11.10	c14
0.019514576614948	-0.580813250286389	0.03	0.046	1	MTHFD2L	c14
0.52632035222736	-0.580644896086099	0.03	0.033	1	TRAF4	c14
0.357156659159441	-0.580589234247919	0.014	0.018	1	ICA1L	c14
0.0874414134902324	-0.580212080383526	0.061	0.074	1	CCDC64	c14
0.0425884312871647	-0.579907913517623	0.059	0.075	1	DYRK1A	c14
0.00063087063998219	-0.579796298362333	0.16	0.197	1	LINC01550	c14
0.00049166493518927	0.579676462951516	0.047	0.028	1	ZNF585B	c14
0.25420115500658	0.579552666241821	0.01	0.007	1	HIST1H2AJ	c14
0.844050147376998	0.579052336527755	0.026	0.027	1	TRDC	c14
0.00526301842517296	0.578898560559351	0.032	0.019	1	TPCN2	c14
0.0432868390068558	-0.578285067540164	0.058	0.074	1	BTD	c14
6.47401735102382e-05	0.578195494891537	0.069	0.042	1	RNASEK-C17orf49	c14
0.0977902024692006	-0.577439009527147	0.01	0.017	1	RP11-295G20.2	c14
0.00687526944272331	-0.577353690434514	0.067	0.092	1	CTDNEP1	c14
5.35452541032704e-05	-0.577332276064146	0.158	0.205	1	PXN	c14
0.199998182657092	-0.577088916013823	0.03	0.037	1	GIN1	c14
0.000221525470996746	0.576635919441921	0.058	0.035	1	MTAP	c14
0.0111746363271283	-0.576439100794652	0.089	0.114	1	RNF168	c14
0.199526063153102	-0.576377859428144	0.012	0.018	1	HIST1H1B	c14
0.826518524976479	-0.575552868398343	0.017	0.017	1	MKI67	c14
0.0055085091235752	-0.57551362723485	0.118	0.147	1	CYP4V2	c14
0.00132063704722256	-0.575480627202389	0.188	0.221	1	RAB9A	c14
0.0013583932486579	0.575267385478491	0.053	0.034	1	NSDHL	c14
0.450923949803169	-0.574839102798337	0.012	0.015	1	ZNF416	c14
0.0295782227992765	-0.574632800638303	0.05	0.068	1	ZADH2	c14
0.27568010471493	-0.573702044646227	0.024	0.029	1	ZBED4	c14
0.218294364834765	-0.573687073225175	0.045	0.054	1	PIAS2	c14
0.030198299983216	0.573588157098188	0.044	0.032	1	FANCG	c14
0.0639266178406029	-0.573575541125042	0.045	0.059	1	C22orf46	c14
0.520764727223813	-0.573506673963338	0.017	0.02	1	TNK1	c14
0.000251936994649182	0.573356429330913	0.049	0.029	1	SLC35D1	c14
0.000228483013486116	-0.572920985727384	0.122	0.165	1	CBX5	c14
0.00103082930589404	0.57265440549501	0.048	0.03	1	ZNF548	c14
0.243875964721566	-0.572519252838466	0.009	0.014	1	CASC5	c14
0.0105923811147116	-0.572487611204229	0.054	0.076	1	DTX3	c14
0.329339652137827	-0.572309378043704	0.01	0.014	1	RP11-191L17.1	c14
0.241724067611009	-0.572019466166741	0.038	0.045	1	RP11-297D21.4	c14
0.113605899349825	-0.571346398769037	0.06	0.072	1	CBX6	c14
0.166682644165867	-0.570632271734724	0.035	0.044	1	COX18	c14
0.165317498922108	-0.569703234754794	0.006	0.011	1	HMGN5	c14
0.531304146998499	-0.568852069917589	0.008	0.01	1	HES6	c14
0.000109923346384574	0.568779688197928	0.058	0.034	1	CORO7	c14
0.000999150321041196	-0.568713340989089	0.223	0.257	1	TNFRSF25	c14
0.258094303967946	0.568699343809347	0.011	0.008	1	PLK4	c14
6.59790577509092e-05	0.568123264950354	0.067	0.04	1	MTMR12	c14
0.317394422230857	0.56769012373486	0.01	0.007	1	LSM11	c14
0.0442829539310915	-0.566708479295921	0.078	0.096	1	LINC01089	c14
3.50859688276568e-05	0.566063817495254	0.044	0.023	1	CDC14B	c14
0.0158014204997969	-0.565997498338918	0.059	0.079	1	EDARADD	c14
0.87939758723803	-0.565686168220217	0.015	0.016	1	TRBV5-5	c14
0.207926309207838	0.565670476096859	0.017	0.013	1	PWP2	c14
9.8053343215571e-05	0.56542257130581	0.064	0.039	1	GTF2E1	c14
0.0286925703686191	0.565319121221087	0.022	0.013	1	ST7	c14
0.0102523260641505	0.564939232593945	0.022	0.012	1	RP11-216B9.6	c14
0.0109711805698118	-0.564810765328894	0.079	0.103	1	CCBL2	c14
0.0860004568704004	-0.56449876562033	0.026	0.036	1	FAM185A	c14
0.00147287268661039	0.5643959016853	0.054	0.035	1	IPPK	c14
0.00265059068380399	0.564221981077193	0.034	0.02	1	FDX1L	c14
0.0162330715584434	-0.563934561034777	0.082	0.105	1	FAM53B	c14
0.00642985652452937	0.563597002232343	0.042	0.027	1	STK11IP	c14
0.19669966934105	-0.563369454036207	0.008	0.013	1	EPB41L2	c14
0.0772116082941728	-0.563007839648788	0.029	0.04	1	DPYSL2	c14
0.220720107439402	-0.563000601241123	0.015	0.021	1	ZNF441	c14
0.00330809045228718	0.562701381180206	0.046	0.03	1	FURIN	c14
0.205597695355173	-0.562657841435759	0.014	0.02	1	CHTF18	c14
0.000227287995349602	0.561872937588158	0.062	0.038	1	C4orf32	c14
0.0370601000439585	-0.560900967724786	0.071	0.089	1	SNX19	c14
0.0121655490067813	-0.560810581102877	0.086	0.111	1	ZNF821	c14
3.7208845713744e-05	-0.5606670850211	0.175	0.222	1	MAPKAPK5-AS1	c14
8.68941072437511e-05	0.560588685561699	0.069	0.042	1	C9orf172	c14
0.263035013766762	0.560482651073566	0.015	0.012	1	ZSCAN12	c14
6.3378767759604e-05	0.56040862112225	0.053	0.03	1	ZNF559	c14
0.000609734258591624	0.559029959508583	0.052	0.032	1	POLR1B	c14
0.00808914630311303	-0.558607089062519	0.119	0.146	1	TCAF2	c14
0.163941772254411	-0.558565844094904	0.039	0.048	1	PCBD2	c14
0.00412063732953164	0.558538894559281	0.045	0.029	1	DOLPP1	c14
0.0429281652807869	-0.558081470696848	0.055	0.072	1	BMI1	c14
0.021246405823905	-0.557388397765791	0.217	0.233	1	HLA-DMA	c14
0.000946921965967164	0.557086227261536	0.057	0.036	1	LOXL1-AS1	c14
0.128115963692369	-0.556466045770158	0.036	0.046	1	PLA2G6	c14
0.000468358399957305	0.556449890415395	0.032	0.017	1	RGPD8	c14
0.229965014932799	0.555305230676996	0.015	0.011	1	RCAN1	c14
0.00134256086271743	-0.555076530894073	0.238	0.268	1	SYTL3	c14
0.0072602942392911	0.554948682637648	0.045	0.03	1	CCDC71L	c14
0.0271568332202001	0.554901208295304	0.028	0.018	1	TRAV1-1	c14
0.416682360776894	-0.554839979401518	0.018	0.022	1	MAFG	c14
0.123408541594562	-0.554508245357502	0.015	0.023	1	CYP2U1	c14
0.303246977646021	-0.554186308056071	0.025	0.03	1	RNF103	c14
3.77439956480389e-05	0.554084771751671	0.109	0.073	1	PLOD3	c14
0.24652287738141	-0.553578085286161	0.021	0.026	1	CTD-2506J14.1	c14
0.00150317152331618	-0.5534299435671	0.154	0.188	1	RAP2B	c14
0.0170627170821984	-0.553240953059065	0.12	0.143	1	SCRN2	c14
0.302428199566048	-0.553186245349552	0.009	0.013	1	FAM66C	c14
3.4164644399602e-05	0.553008521408626	0.089	0.057	1	FAM76A	c14
0.00958320853204718	-0.552632194896043	0.151	0.176	1	RP11-51J9.5	c14
0.0438881861954448	0.552539358394988	0.036	0.025	1	EGR2	c14
0.582572205445902	-0.552409927905342	0.013	0.016	1	RP11-545I5.3	c14
0.0114878437131771	-0.552316788748651	0.109	0.134	1	KLHL36	c14
0.00171527832168005	-0.552287760145983	0.162	0.196	1	ST6GAL1	c14
0.057277640504045	0.552257826864118	0.026	0.017	1	MORN2	c14
0.0136214100317884	0.552108365375716	0.027	0.016	1	SLX4	c14
0.353896551652398	-0.551115430001084	0.031	0.036	1	TSC22D1	c14
0.18625727681889	0.550689268533985	0.011	0.008	1	RP11-973N13.4	c14
0.0557190743960918	0.550634764035857	0.014	0.009	1	RP11-649A18.12	c14
0.440034793420781	-0.550516717029288	0.009	0.012	1	TMEM237	c14
3.62301808962059e-05	0.55049319017557	0.076	0.047	1	CRACR2A	c14
3.39427674137728e-05	0.550469183509359	0.083	0.052	1	FAM24B	c14
0.545376008094985	-0.549819531009102	0.012	0.015	1	AC142528.1	c14
0.121391526867999	-0.549778765309569	0.032	0.042	1	RNASEH1-AS1	c14
0.00703581147353855	-0.549560171559231	0.112	0.139	1	RIC1	c14
0.316451223087513	-0.54936510556999	0.007	0.011	1	ZFP69	c14
0.209348468069155	-0.549003308748796	0.047	0.056	1	ARFGEF2	c14
0.0887131076554045	0.54887702461458	0.01	0.006	1	ANKRD6	c14
0.150072572398443	-0.548821865459972	0.044	0.054	1	FGL2	c14
0.281773357623399	-0.548742409406701	0.014	0.019	1	CAMK2N1	c14
7.37375562043977e-05	0.548714317093861	0.082	0.053	1	PGRMC2	c14
0.000397849826631818	0.548509674328767	0.069	0.045	1	TUBG1	c14
0.0164384939900924	0.548256611056216	0.03	0.019	1	PDP2	c14
3.25005929648069e-05	0.547823451751932	0.099	0.064	1	MTERF3	c14
0.00252375295284555	0.547798792451873	0.069	0.048	1	DNAJC16	c14
0.0509804209554977	0.547791907979555	0.018	0.012	1	PIGW	c14
0.129635104770815	0.547669784667385	0.034	0.026	1	FAH	c14
0.000221016244601063	0.547313911569461	0.06	0.036	1	SSH3	c14
0.0173320730519974	-0.547232019513556	0.082	0.104	1	CHKB	c14
0.572256173710764	-0.547149469769112	0.008	0.01	1	LRFN3	c14
0.00659145385997946	-0.547027206698408	0.124	0.152	1	ZNF75A	c14
0.337586936996823	-0.546610879117308	0.022	0.026	1	TAPT1	c14
0.00122510209224613	0.546216009982578	0.052	0.033	1	GSK3A	c14
0.000438013968793386	-0.546021720785413	0.174	0.212	1	STMN3	c14
0.106226769078814	0.545487348743651	0.011	0.007	1	CPNE5	c14
0.00435426632191291	-0.545215927749579	0.132	0.161	1	POGZ	c14
0.272023519322885	-0.544341094467332	0.03	0.036	1	ZNF790	c14
0.000360222598420886	0.543726225480019	0.07	0.045	1	SLC35D2	c14
0.0407638256975021	-0.543183355635383	0.072	0.089	1	ATG9A	c14
0.0627325821377682	0.543074525986603	0.029	0.02	1	HILPDA	c14
0.0246639619886291	0.542643937527545	0.029	0.019	1	ACTL10	c14
0.0227243110614234	-0.542487282696373	0.086	0.107	1	IPO5	c14
0.00819791342603619	0.541814791314742	0.033	0.02	1	RP13-188A5.1	c14
0.00283492323078754	-0.541391301737593	0.178	0.208	1	MAN2B1	c14
0.338469732410237	0.541374437041418	0.018	0.015	1	CHAF1B	c14
4.33047446574742e-05	0.541311186311161	0.076	0.047	1	TOP3B	c14
0.0243166520161397	0.541193559686376	0.023	0.014	1	ETV2	c14
0.248099542249908	-0.540987165445209	0.034	0.041	1	ZNF248	c14
0.00761602053934609	0.540952418254301	0.036	0.023	1	PPAN	c14
0.145592464952106	-0.540911798972792	0.029	0.038	1	ZNF318	c14
0.0251432292657228	-0.540829369807396	0.144	0.164	1	BCL2A1	c14
0.00923625890815805	0.540785640286531	0.029	0.017	1	BYSL	c14
0.381623196327139	-0.540769924406127	0.01	0.014	1	MTURN	c14
0.000166854462727508	-0.540595614109695	0.195	0.237	1	BET1L	c14
0.379798750115624	-0.540064816445194	0.022	0.026	1	F11R	c14
0.801840042801739	-0.539774265132666	0.015	0.016	1	AMIGO1	c14
0.228057919358891	-0.53976446474802	0.017	0.023	1	PTPDC1	c14
0.00408279687714678	0.539470984034302	0.037	0.023	1	HEATR5A	c14
2.98008940269077e-05	0.538980487743306	0.067	0.04	1	SDCCAG3	c14
0.33932995650873	-0.53863141995905	0.015	0.02	1	RP11-66N11.8	c14
0.294612013721148	-0.538495887125227	0.025	0.03	1	PPIP5K1	c14
0.267761712118814	-0.538290845287797	0.015	0.02	1	HLA-DOA	c14
0.0192940496625445	0.538275680339996	0.034	0.022	1	SEMA4B	c14
0.00242394691515253	-0.538057431709186	0.174	0.205	1	CAPN7	c14
0.0788511357714137	-0.537814149370285	0.055	0.069	1	SEH1L	c14
0.0151622891573588	0.537706180283489	0.027	0.016	1	MAST2	c14
0.00335240414477116	0.537214140637518	0.043	0.027	1	AC009961.3	c14
0.0129045841516877	0.537177097790839	0.036	0.024	1	C4orf47	c14
0.0698699158667517	-0.536940573510929	0.039	0.052	1	RPAP1	c14
0.0420455007425061	-0.536657442051235	0.074	0.092	1	UBE4B	c14
0.0252755683016054	0.536585144815434	0.027	0.017	1	ACSF2	c14
0.00990420320226601	0.536450167688621	0.026	0.015	1	PVRL3	c14
0.316656540140539	-0.535359476047671	0.011	0.015	1	DNHD1	c14
8.42393433703738e-05	-0.535108466323396	0.229	0.274	1	P2RY10	c14
0.113302270901167	-0.533956526212658	0.044	0.056	1	VAMP1	c14
0.09281212793138	0.533691046070688	0.017	0.012	1	MROH6	c14
0.0264055404317087	-0.533429173195637	0.106	0.127	1	BLVRA	c14
0.00302551314736147	-0.533424025342251	0.162	0.193	1	GIMAP5	c14
0.12167093843808	-0.533279619889149	0.035	0.045	1	PBX3	c14
0.00409139479059456	0.533015629424791	0.035	0.021	1	CCBL1	c14
0.543429827254689	-0.532991166041686	0.026	0.029	1	GNAO1	c14
0.0907502521207374	0.532821481870397	0.025	0.017	1	NAT1	c14
0.0246900472412954	-0.531689712162524	0.129	0.15	1	UMAD1	c14
0.266743225270283	-0.531497036146865	0.025	0.031	1	ZNF483	c14
0.000607887308214362	-0.530311984802554	0.122	0.162	1	USF2	c14
0.00252496333494447	0.529855204618178	0.031	0.018	1	ZNF674-AS1	c14
0.304096780731946	-0.529210060190591	0.029	0.035	1	IL15	c14
0.00013266628132542	0.529194698824246	0.063	0.038	1	ZMIZ1	c14
0.863085454396135	-0.528666119669177	0.012	0.013	1	PACSIN1	c14
0.172201895638474	-0.528566572443928	0.029	0.037	1	RHPN1	c14
0.214642039414785	-0.528425828624106	0.051	0.06	1	CARF	c14
0.000562284114351952	0.528118789723664	0.05	0.03	1	ANO10	c14
0.147932937370792	-0.527775011831131	0.046	0.057	1	ZNF213-AS1	c14
0.400672378720961	-0.527286651377397	0.018	0.022	1	ASF1B	c14
0.00399719427433904	0.527082562496872	0.037	0.023	1	ZC3H10	c14
0.0126377837864898	0.526774834823547	0.042	0.029	1	PIGA	c14
6.40643274827773e-05	0.526601586858436	0.058	0.033	1	FGGY	c14
0.112516436533971	-0.526463535128682	0.037	0.048	1	ATP13A3	c14
0.299374910283715	-0.52645725145113	0.03	0.036	1	RP11-758H9.2	c14
0.315402701196575	-0.526237700634272	0.017	0.022	1	CCDC136	c14
0.034981480914397	0.525819588008889	0.031	0.021	1	PHLPP2	c14
0.172055683410205	-0.525360776486913	0.046	0.056	1	TET2	c14
0.395737788103825	-0.525358880887627	0.024	0.028	1	RP11-792A8.4	c14
0.446363777580694	-0.52520019236368	0.014	0.018	1	GAB2	c14
0.079298986873765	-0.524936742217088	0.055	0.069	1	PITPNM1	c14
0.0472588433522409	-0.524844887553088	0.066	0.083	1	CSTF3	c14
0.209433864950861	-0.524807127059783	0.049	0.058	1	ACSL6	c14
0.230107527756145	-0.524436130717088	0.013	0.019	1	DCLRE1B	c14
0.000166785423197506	0.5240200297905	0.077	0.05	1	NRROS	c14
0.0600144253920301	-0.524007712760045	0.046	0.06	1	RP11-326I11.3	c14
0.033344995499366	-0.523865830282758	0.083	0.102	1	ING5	c14
0.000740792580619639	0.523812539412688	0.062	0.04	1	ARMC2	c14
0.534113260335649	-0.52375837854551	0.065	0.068	1	GLTSCR1L	c14
0.00470160794561621	0.523727295147038	0.054	0.037	1	PI4K2A	c14
0.000474116019486023	0.523723301715191	0.071	0.046	1	WDR12	c14
0.223835019109402	-0.523579439611583	0.031	0.038	1	SPATA2	c14
0.0373666113934537	-0.523506088279971	0.092	0.112	1	MBOAT7	c14
0.72759282139933	-0.523456056048135	0.009	0.01	1	RP1-151F17.2	c14
0.00425795742590506	0.523140886701905	0.048	0.032	1	SLC39A3	c14
0.0171890312406999	-0.52285417476108	0.022	0.036	1	C3orf14	c14
0.220114389502297	-0.522775283788421	0.058	0.066	1	VNN2	c14
0.000588819248483275	0.522714629787025	0.091	0.064	1	STAG3	c14
0.123787605408355	-0.522711623948969	0.078	0.091	1	CLCN3	c14
0.000177313311947595	0.52221728304336	0.052	0.031	1	KDELC2	c14
0.00665223869711304	-0.522112763672035	0.117	0.145	1	ARSA	c14
0.00199111849369723	0.522094216018357	0.06	0.04	1	CCDC117	c14
0.173469304944837	-0.522061433365885	0.067	0.077	1	BICD1	c14
0.17222819216012	-0.522036258285332	0.013	0.019	1	B4GAT1	c14
0.155185256134738	-0.521877876693583	0.036	0.045	1	MSRB2	c14
0.0740984586200993	-0.521457217979095	0.072	0.087	1	SFMBT1	c14
0.0959064763078098	-0.521269895270135	0.009	0.016	1	HMGB3	c14
0.00271111961990247	0.520801640563703	0.042	0.026	1	USP35	c14
0.012917669216072	0.52060666227116	0.034	0.022	1	ZSCAN9	c14
0.012380074613668	0.520577141908953	0.027	0.016	1	TRIM3	c14
0.00240111171235189	0.520457579429523	0.051	0.033	1	PGBD2	c14
0.000256409992680921	-0.520033299730693	0.174	0.214	1	SNHG9	c14
0.191156881106121	-0.519969157809343	0.039	0.048	1	TMCO3	c14
0.00680230260272113	-0.519895976124358	0.144	0.171	1	CFAP36	c14
0.0317654874760525	0.519609295807643	0.034	0.023	1	RP11-395B7.4	c14
0.000161179116631112	0.519602358873653	0.072	0.046	1	CTC-459F4.3	c14
0.0140081332437094	-0.519485763529574	0.118	0.143	1	STAT5B	c14
0.0417182830353264	0.518569791252626	0.029	0.02	1	NQO1	c14
0.119651346059739	-0.518495466762007	0.034	0.044	1	HIST1H2AK	c14
0.0740839975731914	-0.51828209250652	0.157	0.171	1	LPP	c14
0.0770804417256799	-0.517933085179765	0.096	0.112	1	OTUD5	c14
0.285282071119819	-0.517920119227937	0.02	0.025	1	C8orf44	c14
0.17846717043429	-0.517272395642607	0.008	0.013	1	AC093388.3	c14
0.0913729005247773	0.517152750532365	0.021	0.014	1	RP11-398C13.6	c14
0.235459350067935	-0.517152742747811	0.024	0.03	1	PPM1F	c14
0.0587962680956363	0.516921848976793	0.026	0.018	1	CAB39L	c14
0.00570542663087679	0.516552132423123	0.038	0.024	1	ARMC5	c14
0.177051170387217	-0.516041969379226	0.047	0.057	1	MMAB	c14
0.018813722694901	0.514751082307618	0.044	0.031	1	MON1A	c14
0.14457504660306	-0.514613589826078	0.027	0.035	1	NAB2	c14
0.1002180912583	-0.514453543963654	0.024	0.033	1	CCDC28B	c14
0.113802030660167	-0.514273760616362	0.105	0.118	1	HS3ST3B1	c14
0.305515361145032	-0.514014360412405	0.013	0.018	1	LIPT2	c14
0.70666775518271	-0.513659553441092	0.044	0.046	1	GFOD1	c14
0.142285763935971	0.513466401102836	0.011	0.007	1	TBX19	c14
0.000130675400893916	-0.51327908289113	0.263	0.305	1	TNIK	c14
0.0162139430342996	-0.513085439283749	0.088	0.111	1	EIF2D	c14
0.331230204923651	-0.513013244072708	0.041	0.047	1	LMTK2	c14
0.347059474618709	-0.51298378830034	0.018	0.023	1	PLD6	c14
0.471435561316525	-0.512921762148053	0.126	0.132	1	LTA	c14
0.479094652188762	-0.512877613760288	0.009	0.012	1	RP11-495P10.1	c14
0.00670342769563516	-0.512663704076456	0.111	0.139	1	CASC3	c14
0.0903902252508926	0.512295003010294	0.012	0.007	1	KLRC4-KLRK1	c14
0.0955187589251595	-0.511265161424202	0.014	0.022	1	RYR1	c14
0.226598441408331	-0.510837683880939	0.017	0.023	1	ZNF16	c14
0.0627304295735415	-0.510804495989005	0.081	0.097	1	PLEKHB1	c14
0.0264577132200849	-0.510619271188888	0.055	0.074	1	RP11-182L21.6	c14
0.239871677483245	-0.510568093459144	0.021	0.027	1	ADPRH	c14
0.106843376434341	-0.510493890510435	0.023	0.032	1	FANCD2	c14
0.000515058998305024	0.509944163812829	0.066	0.042	1	NDST2	c14
0.0108664603789634	0.509790702544775	0.023	0.013	1	FAM49A	c14
0.211204780359537	-0.509738546476942	0.022	0.028	1	RFC3	c14
0.0787109838853283	-0.509450046045059	0.048	0.062	1	INTS4	c14
4.46750634618303e-05	0.509440267940997	0.061	0.035	1	ARHGEF19	c14
0.106717277275631	0.509044644754342	0.013	0.008	1	VWDE	c14
0.682738034115119	-0.508848642371722	0.009	0.011	1	ZNF674	c14
0.167609643426834	-0.508846194666367	0.039	0.048	1	CMB9-22P13.1	c14
0.180860622367087	0.508800622388362	0.014	0.01	1	TIMP2	c14
0.222913923411811	-0.508754055722912	0.033	0.04	1	TSEN2	c14
0.11015617825749	-0.50870176742192	0.013	0.021	1	GDAP1	c14
0.00698291113603554	0.508403168481636	0.054	0.038	1	NECAB3	c14
0.176706486972475	-0.507498083670855	0.052	0.062	1	C6orf106	c14
0.563325205286515	-0.5074633670536	0.012	0.015	1	MAGEE1	c14
0.539534207254772	-0.507379832552584	0.01	0.012	1	CDAN1	c14
9.05998521116263e-05	0.507267429620889	0.08	0.051	1	TRIM39	c14
0.00740878862883075	-0.506883385013703	0.213	0.236	1	ATXN7	c14
7.3659499906408e-05	0.506353853579213	0.077	0.049	1	MAN1A1	c14
0.0053800790997061	0.506117154206092	0.044	0.029	1	UBXN8	c14
0.00117223161804056	0.506088453953807	0.068	0.045	1	INTS5	c14
0.000763596462350002	0.505981779647892	0.06	0.038	1	FECH	c14
0.0006312343779829	0.505808725951665	0.047	0.028	1	RALGPS1	c14
0.231958930103073	-0.505753751844907	0.035	0.043	1	TBL1X	c14
0.0589844204853031	0.505723043863449	0.026	0.017	1	PIK3R3	c14
0.143845147446414	0.505513695510461	0.02	0.014	1	LONRF1	c14
0.00169271322705759	-0.505369148322765	0.308	0.329	1	NUCB2	c14
4.50791822911184e-05	0.504890723460948	0.082	0.052	1	ARL8A	c14
0.0147655551973828	-0.504855771805723	0.124	0.149	1	WWP1	c14
0.00205012386041617	0.504664745875475	0.045	0.028	1	CTD-2095E4.5	c14
0.214232942891623	-0.50460349997328	0.024	0.03	1	ZNF189	c14
0.447621773023028	-0.50458139930979	0.011	0.014	1	RP11-379H18.1	c14
0.176566182801088	-0.504505050229236	0.052	0.062	1	ZNF200	c14
3.58130392605688e-05	0.50441742648442	0.107	0.071	1	WDR83	c14
0.213668346689718	-0.503516135211302	0.033	0.04	1	SLC26A2	c14
0.217378054668717	-0.50321068504133	0.051	0.06	1	STRADB	c14
0.0026468942471002	0.503031203816209	0.04	0.025	1	SERPINI1	c14
0.0458023296948858	-0.502741063583901	0.057	0.073	1	ZHX2	c14
0.0453054701653506	-0.502471869618357	0.085	0.104	1	TRRAP	c14
0.0115709259577348	0.502441667203019	0.026	0.015	1	TPX2	c14
0.565383648813452	-0.502327140599655	0.009	0.011	1	RP11-582E3.6	c14
0.0139970888153365	0.502069315620319	0.043	0.029	1	TAF1A	c14
0.215427568677708	-0.501682521443403	0.059	0.068	1	INTS3	c14
0.374200574860775	0.501622118186038	0.011	0.009	1	GINS3	c14
0.0948439038822309	-0.501541115468612	0.067	0.081	1	ATG2A	c14
0.0102975027813718	-0.501360440465722	0.133	0.159	1	NPAT	c14
0.0225138916505046	-0.501321197530633	0.084	0.106	1	PHF19	c14
0.00604714772564949	-0.501285048240417	0.139	0.168	1	LTA4H	c14
9.13944955054193e-05	0.501275574039178	0.117	0.082	1	TM9SF1	c14
0.00195097243599372	0.501240427566901	0.05	0.032	1	KTI12	c14
4.77869167231725e-05	0.500906079109495	0.08	0.05	1	ANKS3	c14
0.00108613824525823	0.500521029587407	0.064	0.042	1	PCBP4	c14
0.147866252690405	0.500402954996109	0.014	0.01	1	MORN1	c14
0.395390406060264	-0.500329581725579	0.007	0.01	1	RP11-563N4.1	c14
0.00623542806283232	0.499927534205755	0.041	0.027	1	MIR762HG	c14
0.00590269091000424	0.499758621957528	0.033	0.02	1	NKIRAS1	c14
0.427566002262505	-0.499491794911636	0.022	0.025	1	LINC01011	c14
0.259048106479125	-0.499351647799505	0.031	0.038	1	ZNF606	c14
0.632738326123133	-0.499311037079613	0.03	0.032	1	STXBP5	c14
0.301134252899148	-0.499091049620162	0.025	0.03	1	ZNF446	c14
9.79844688894013e-05	0.499088256532283	0.084	0.054	1	CCDC92	c14
0.303017399964173	-0.498931838776591	0.054	0.062	1	LMBRD2	c14
0.00451476130574777	-0.498914654666357	0.254	0.278	1	PDE4DIP	c14
0.412352088348523	-0.49870408402006	0.007	0.01	1	GPR19	c14
0.340250323682557	-0.498680509936742	0.007	0.01	1	RP1-198K11.5	c14
0.070671252240855	-0.498556859773629	0.078	0.094	1	TRERF1	c14
0.00419409857022075	-0.498428112750831	0.262	0.283	1	SLAMF6	c14
0.0933356062853689	-0.498324246229719	0.115	0.129	1	MBD6	c14
0.531103093577505	-0.497557069055582	0.03	0.033	1	MPP6	c14
0.0387391027481591	-0.497509947819728	0.036	0.051	1	PSPH	c14
0.156011436498687	-0.497483124506452	0.051	0.062	1	DSTYK	c14
0.302917588806382	-0.49737925782678	0.01	0.014	1	CCNF	c14
0.019408806779174	0.497374055084967	0.018	0.011	1	NEURL4	c14
0.00245430985952435	0.497168987956816	0.057	0.037	1	A1BG-AS1	c14
0.0598183344783808	0.497055560466118	0.028	0.019	1	PRSS21	c14
0.016143267230904	0.4966766582308	0.046	0.032	1	IFT22	c14
0.00133777763716972	-0.496573399676858	0.229	0.261	1	MLLT3	c14
0.0496687161781786	-0.495999336517533	0.101	0.119	1	SKIV2L	c14
0.355877767264418	-0.495779048076372	0.01	0.014	1	PARPBP	c14
0.141601200622198	-0.495746723968466	0.031	0.04	1	TFAP4	c14
0.00954395002019506	0.495277327531018	0.028	0.017	1	FAM161B	c14
0.0003432869282192	0.495073630016907	0.055	0.034	1	TRIM59	c14
0.000471275576618546	-0.494550530380786	0.289	0.32	1	CNOT6L	c14
0.177485540808719	-0.494086340883532	0.045	0.055	1	LYRM9	c14
0.0487763055297469	-0.49391940309413	0.036	0.05	1	NRIP1	c14
0.256111981942889	0.493601660959588	0.01	0.007	1	CTD-2256P15.2	c14
0.621614712197497	-0.493450960566599	0.015	0.017	1	ZSCAN5A	c14
0.560240022723175	-0.493342226485446	0.016	0.019	1	RAB3D	c14
0.00238878188886818	0.492943418903016	0.068	0.047	1	ZNF764	c14
0.195178299436901	-0.492529776793747	0.007	0.012	1	DLGAP3	c14
0.00242053106728698	0.491715312025943	0.054	0.036	1	GID4	c14
0.0138038654448198	0.491142155452528	0.068	0.05	1	N6AMT2	c14
0.490847703659574	-0.491113835387155	0.009	0.012	1	METRN	c14
0.050843206355283	-0.490847371980899	0.139	0.157	1	METTL12	c14
0.0304856746728775	-0.490781723785096	0.09	0.111	1	KLHL9	c14
0.111488219434106	-0.490605843482038	0.066	0.079	1	CSNK1E	c14
0.192021434476004	-0.490484236791212	0.021	0.027	1	TFEB	c14
0.00399680978609177	0.490478175190759	0.061	0.042	1	LRSAM1	c14
0.000333354327351062	-0.490086118459605	0.309	0.338	1	SSH2	c14
0.251443830998297	-0.48979641383721	0.063	0.071	1	USP24	c14
0.0013888190621751	0.489768351669979	0.046	0.029	1	WDR86	c14
0.302339366562657	-0.48970166285941	0.042	0.049	1	TCP11L2	c14
0.368623316162173	-0.489493147063046	0.008	0.011	1	PDCD1LG2	c14
0.000125445669315643	0.489323018314648	0.07	0.044	1	CLECL1	c14
0.567963559599568	-0.488822651436205	0.013	0.016	1	ZIK1	c14
0.354956068615279	-0.488314675812327	0.029	0.034	1	TPRG1L	c14
0.000890029744960773	0.488191700930172	0.06	0.038	1	ZNF250	c14
0.484796121494847	-0.488052075199187	0.016	0.02	1	XYLT1	c14
0.000307847331126054	0.488030042698981	0.071	0.046	1	NDC80	c14
0.0675508072379556	-0.487248858129725	0.032	0.044	1	HS2ST1	c14
8.79578717172708e-05	0.487242093407212	0.112	0.077	1	ATP6V1C1	c14
0.370564207289183	0.48572535843464	0.01	0.008	1	CXCL16	c14
0.000196919959255989	0.48495050582565	0.053	0.032	1	P2RX7	c14
0.0375574973969804	0.484328359834629	0.024	0.015	1	PDXP	c14
0.526490416101425	-0.483816062680776	0.012	0.015	1	TIGD2	c14
0.0111576475639992	0.48350717425583	0.049	0.034	1	ADNP2	c14
0.547953673713222	-0.483169817847385	0.017	0.02	1	C9orf3	c14
0.0885867259163631	0.483027678897821	0.01	0.006	1	OSBPL5	c14
0.42426951690353	-0.482916540618	0.018	0.022	1	KLHL25	c14
0.0113191512948259	-0.482830195799637	0.141	0.167	1	FOXO1	c14
0.003823021646628	0.482764604810246	0.06	0.041	1	MMAA	c14
0.13396567691954	0.482394636934822	0.011	0.007	1	TFR2	c14
0.219707093620744	-0.482244177000736	0.021	0.027	1	AZIN1-AS1	c14
0.0721794070287572	-0.48171059407411	0.068	0.083	1	MVD	c14
0.0637263835594808	-0.481684440955108	0.098	0.114	1	RP11-660L16.2	c14
0.00120130232959389	-0.481471575453008	0.228	0.261	1	STT3B	c14
0.055946115139761	0.481467409469664	0.018	0.012	1	NSMF	c14
0.250639979383975	-0.481366125937954	0.01	0.015	1	TTL	c14
0.304928866176787	-0.481066638977884	0.007	0.011	1	SLC41A2	c14
0.186605454973161	0.480996114376667	0.017	0.013	1	ZMYND19	c14
0.000115935970067592	0.480953520916646	0.069	0.043	1	CYP51A1	c14
0.0968978661760664	-0.48050460130356	0.05	0.063	1	XXbac-BPG299F13.17	c14
0.385619835556957	-0.480450787480441	0.013	0.017	1	NEU3	c14
0.0571974619105157	0.480409091089733	0.035	0.025	1	ABCB10	c14
0.000364741172923963	0.480252500442188	0.071	0.046	1	C2orf42	c14
0.534372580375023	-0.480007426912763	0.022	0.025	1	DET1	c14
0.394818471273339	-0.479853637034386	0.046	0.052	1	PCYOX1	c14
0.662777920841579	-0.479559041090995	0.024	0.026	1	RP11-666O2.2	c14
0.250638702242118	-0.479497170225676	0.064	0.072	1	TMEM44-AS1	c14
0.08063554486677	-0.479468939662651	0.096	0.111	1	SEC23IP	c14
0.608840070034127	-0.479112543303013	0.058	0.06	1	UNKL	c14
0.0188373316949324	0.479110391890893	0.041	0.028	1	CSNK2A2	c14
8.39572032943215e-05	0.478872387443849	0.103	0.069	1	ZBTB45	c14
0.0100420185661101	0.478662026316168	0.039	0.026	1	LDLR	c14
0.0157634819399902	0.478208453745803	0.034	0.022	1	ZSCAN21	c14
0.00202136918077004	0.477747525996667	0.086	0.062	1	PPP2R2D	c14
0.277925150012939	0.47764572449028	0.011	0.008	1	RAD54B	c14
0.14526108255012	-0.477318399345784	0.083	0.096	1	N4BP2	c14
0.000287257333669992	-0.47727453718492	0.471	0.47	1	NOSIP	c14
0.24283735851226	-0.476895058531237	0.013	0.018	1	RP5-832C2.5	c14
0.539624525824624	-0.475885829089489	0.009	0.011	1	ZNF823	c14
0.0957978898826307	-0.475441281783693	0.034	0.045	1	SLC11A2	c14
0.000784956505983656	0.475258332971077	0.065	0.042	1	HLCS	c14
0.0769139103897442	-0.475065938995826	0.073	0.088	1	BRAF	c14
0.239513715044492	-0.474934777074665	0.043	0.051	1	CNBD2	c14
0.000477926748068245	0.474598964629481	0.078	0.052	1	TOE1	c14
0.0443888863030296	0.474578359558728	0.025	0.016	1	KCTD11	c14
0.00357325182202718	0.474555603078245	0.045	0.029	1	NPEPL1	c14
0.114139757652029	0.474477135878321	0.016	0.011	1	MPND	c14
0.104130413881278	-0.474459803430531	0.064	0.077	1	PAQR8	c14
0.0731622359540702	-0.474426468888256	0.114	0.13	1	VPS13D	c14
0.178093732053736	0.474056342833164	0.01	0.007	1	CTB-131K11.1	c14
0.00773013387711439	0.473534010327234	0.033	0.02	1	CCDC85C	c14
0.000123473001886303	0.473446141416913	0.103	0.07	1	STK19	c14
0.0293756321373002	0.47329523117878	0.042	0.03	1	PDCD2L	c14
0.000923610042239762	0.473293332406753	0.071	0.047	1	BRF2	c14
0.0802783621913136	-0.473207089023589	0.047	0.061	1	ZNF260	c14
0.124878179108813	-0.472765960624364	0.052	0.064	1	ZFP62	c14
0.00371614153427462	0.472690759944733	0.041	0.026	1	ADO	c14
0.000374162920515802	0.472680783262872	0.067	0.043	1	POLR1A	c14
4.09762627813251e-05	0.472520537167865	0.109	0.073	1	PISD	c14
0.292350905818183	-0.471859446917119	0.05	0.058	1	BTN2A2	c14
0.533755202295224	-0.471807638345187	0.018	0.021	1	TBC1D32	c14
0.0450349130562029	0.470994885339612	0.032	0.022	1	STARD9	c14
0.00828913571480867	0.470977367716182	0.043	0.029	1	APOOL	c14
0.358057448308439	-0.470901627361858	0.029	0.034	1	ZNF329	c14
0.0359799953098844	-0.470851187724462	0.118	0.139	1	NBPF19	c14
0.14029246190649	-0.47053739477998	0.082	0.094	1	FCGRT	c14
0.00671141224984088	-0.470528406233681	0.143	0.172	1	STK16	c14
0.099366689601678	0.470434071630177	0.02	0.013	1	GRAMD1C	c14
0.230866272936771	-0.470248445432321	0.029	0.036	1	SEPSECS	c14
0.329198113144152	-0.470184158481885	0.043	0.049	1	PPARD	c14
0.23030141546248	-0.470174675531016	0.017	0.023	1	FMO4	c14
0.465783143159081	-0.46985622853961	0.015	0.019	1	RP11-572M11.4	c14
0.659976339111588	-0.469704465841052	0.009	0.011	1	PWAR6	c14
0.20785282119208	-0.469444030830479	0.04	0.048	1	CRTC1	c14
0.00166731493239773	0.469317817480749	0.066	0.044	1	HS1BP3	c14
0.246450432763328	-0.469286773837463	0.033	0.04	1	POLD1	c14
0.400319431941225	-0.468857249681175	0.034	0.039	1	RP11-421L21.3	c14
0.0649121016379655	-0.468764539324032	0.026	0.037	1	TRBV7-6	c14
0.163702388989199	-0.468735076768099	0.1	0.111	1	HPS4	c14
0.00250468599135708	-0.468718798271813	0.298	0.32	1	DGKZ	c14
0.0172749075992949	0.468608834845765	0.038	0.026	1	NACC1	c14
0.0104742629393365	0.46857506516913	0.025	0.014	1	C19orf54	c14
0.000202048707016061	-0.468540935940758	0.275	0.313	1	VPS51	c14
0.226113500752937	0.468209553492224	0.018	0.014	1	ALDH1B1	c14
0.659744454374536	-0.467932934854215	0.008	0.01	1	DUSP19	c14
0.112017317935141	0.467377896005238	0.017	0.012	1	CCDC120	c14
0.0824068475719217	-0.466886725446481	0.123	0.14	1	ATF7IP2	c14
7.10976290281725e-05	0.466870356466428	0.089	0.058	1	RAD51D	c14
0.698981523251216	-0.466866473054923	0.023	0.024	1	RMRP	c14
0.411517401309919	0.466775730279611	0.01	0.008	1	HIST1H2AI	c14
0.0288634263304457	0.466648302953572	0.027	0.017	1	ZNF213	c14
0.000416113418400116	0.466600710776298	0.077	0.051	1	B3GNTL1	c14
0.077597406174826	-0.466595207303985	0.061	0.075	1	PGAP3	c14
0.243879044028075	-0.466484834058745	0.071	0.08	1	SLC25A13	c14
0.360251784277871	-0.466309394777084	0.018	0.023	1	NUSAP1	c14
0.0003231335677046	-0.4659693144965	0.299	0.333	1	PHF3	c14
0.0107484454610334	0.465813086928928	0.066	0.048	1	SEPHS1	c14
0.0160046751273011	0.465580964671386	0.045	0.031	1	CNNM2	c14
0.302700849969631	-0.464888066342377	0.053	0.061	1	NBPF11	c14
0.272741014160442	-0.46466995210322	0.017	0.023	1	ZDBF2	c14
0.00271917893855279	0.464068961223023	0.055	0.037	1	BEST1	c14
0.352769389369796	-0.463824728109479	0.024	0.029	1	ATRN	c14
0.123275348777527	0.463543708919374	0.02	0.014	1	RAB11FIP5	c14
0.633567887036787	-0.463474345716788	0.009	0.011	1	RORA-AS1	c14
0.0303210825989768	-0.463446721818138	0.085	0.106	1	MSRA	c14
0.238840401101767	-0.463385476626938	0.049	0.058	1	NARS2	c14
0.00354789104588928	-0.463164853623209	0.282	0.307	1	AC006129.2	c14
0.0175136313564508	-0.462981069900398	0.103	0.126	1	MRPL45	c14
0.403834446046618	-0.462798691925876	0.018	0.022	1	POLA1	c14
0.120119815403477	0.46240770968857	0.016	0.011	1	NKILA	c14
0.275347284119421	0.462010140887409	0.02	0.015	1	RP1-197B17.3	c14
0.149808171481491	-0.461818306598691	0.038	0.048	1	ZNF181	c14
0.000133680426979084	0.461337939009518	0.092	0.062	1	CLN6	c14
0.104335465346978	-0.461184918889842	0.075	0.089	1	NANS	c14
0.000592594428161368	0.461125703349621	0.059	0.037	1	ENPP4	c14
0.0210270644011623	0.461101863330118	0.045	0.032	1	PQLC2	c14
0.184936954560059	0.460786423551223	0.024	0.018	1	FLVCR1	c14
0.0002431019379663	0.460373273476829	0.117	0.084	1	MED25	c14
0.351679896779769	-0.460231074945436	0.072	0.079	1	SNX13	c14
0.67242513506013	-0.46021900107869	0.023	0.025	1	ZNF549	c14
0.0215860155085748	0.460022370031899	0.037	0.025	1	SEPT8	c14
0.00292130215140152	0.459737247578511	0.068	0.047	1	AMIGO2	c14
0.000100648076177526	0.459685372325291	0.179	0.136	1	TNF	c14
0.00715152614716567	0.459229167126038	0.052	0.036	1	APPL2	c14
0.00331603993192607	-0.458977325995371	0.274	0.296	1	OTUD6B-AS1	c14
0.476870486315175	-0.458896136625064	0.025	0.028	1	TMEM143	c14
0.317735245038023	-0.45881716259076	0.034	0.04	1	RP11-299J3.8	c14
0.0970340297156511	-0.458785643451862	0.069	0.083	1	SUMF1	c14
0.30476950873807	-0.458680893389021	0.083	0.091	1	SNX29	c14
0.00366707132573018	0.458662643473959	0.041	0.026	1	MSANTD2	c14
0.136404949601777	0.457960049422933	0.017	0.012	1	CTB-41I6.1	c14
0.000217031502879674	0.457955356598875	0.092	0.063	1	ZNF576	c14
0.0394465783411396	-0.457572716446599	0.145	0.165	1	APBB1	c14
0.366850873069432	-0.457486351846232	0.035	0.04	1	ATN1	c14
0.000127509521615664	0.45747673238992	0.099	0.067	1	SLC22A18	c14
0.0566080781177693	-0.457160899962121	0.039	0.053	1	TRAV21	c14
0.000231235454132659	0.45710891681231	0.059	0.036	1	RRP12	c14
0.0282636462565708	0.456179317736106	0.035	0.024	1	SRF	c14
3.83447045557369e-05	0.455990080677354	0.099	0.065	1	STRADA	c14
0.00433502942882704	0.455705151101858	0.043	0.028	1	C20orf194	c14
0.340721703910334	-0.455649884590129	0.007	0.01	1	RP11-14N7.2	c14
0.00046426644859403	0.455162180177314	0.074	0.049	1	SHMT1	c14
0.152384311331678	0.455150963768488	0.011	0.007	1	RP11-532F12.5	c14
0.411682809099478	-0.454884022945747	0.007	0.01	1	ZDHHC9	c14
0.0101827142734644	0.45456863672685	0.061	0.043	1	DBR1	c14
0.00178042399886342	0.454565268323757	0.057	0.037	1	ZFP82	c14
0.262007014920057	-0.454458461454951	0.094	0.102	1	LINC00909	c14
0.0989777411444429	0.454085603854511	0.02	0.013	1	C3orf62	c14
0.014881347678154	-0.453553997301189	0.219	0.24	1	NUP210	c14
5.52341032445271e-05	0.453403872586204	0.096	0.063	1	SLC37A3	c14
0.934470952265922	-0.45336448997102	0.01	0.011	1	DISP1	c14
0.137969461794624	-0.453177159307657	0.055	0.067	1	NT5C3B	c14
0.0217443732932398	0.452954284514825	0.046	0.033	1	CENPQ	c14
0.401858959025249	-0.452927137612265	0.028	0.032	1	MATN1-AS1	c14
0.587820178039029	-0.452439359035697	0.038	0.041	1	C12orf66	c14
0.102058747986723	-0.45214650120938	0.045	0.057	1	NSUN4	c14
0.105472763433747	0.45213466368853	0.02	0.013	1	FAM131A	c14
0.465812188723044	-0.45200731588331	0.037	0.041	1	ZMYM4	c14
0.000242213492253382	0.451644570166905	0.075	0.049	1	OPA3	c14
0.162873750612777	-0.45151295975642	0.022	0.029	1	AC062017.1	c14
0.0550900022390142	-0.451363535047878	0.073	0.09	1	DLG1	c14
0.00268408246606419	-0.451334185992236	0.2	0.233	1	IMPDH2	c14
0.0322551446532669	0.45113732118693	0.026	0.017	1	SLC36A1	c14
0.267238172964684	-0.450725794774905	0.054	0.062	1	CLK2	c14
0.13394005309684	0.450292387974651	0.026	0.019	1	WIZ	c14
0.13202509952886	-0.450018410425199	0.096	0.109	1	INTS8	c14
0.00071064938844695	0.449996662078068	0.072	0.048	1	RABL3	c14
0.545453246540559	-0.449798636643369	0.02	0.022	1	SLC19A2	c14
0.00120969728243691	0.449429733514746	0.07	0.047	1	CCDC152	c14
0.181764746397004	-0.449257950713799	0.03	0.038	1	MMS22L	c14
6.01189061849051e-05	0.449186697173125	0.125	0.088	1	RP3-477O4.14	c14
0.293973277811985	-0.449146194848296	0.013	0.018	1	ZNF792	c14
0.0110983169177266	0.449076917190467	0.067	0.049	1	THOP1	c14
0.68925398109827	-0.448914252297048	0.026	0.028	1	C21orf62-AS1	c14
0.773573782311713	-0.448837802570301	0.029	0.03	1	USP13	c14
0.197488200318586	-0.448837416572484	0.037	0.046	1	SNHG10	c14
9.27829132544827e-05	0.448547205210653	0.087	0.057	1	EFTUD1	c14
0.00193166825313877	-0.448324306774197	0.303	0.328	1	HNRNPLL	c14
0.0682760432416923	0.448302403292004	0.026	0.018	1	TSNARE1	c14
0.460905929588742	-0.448037650539542	0.054	0.059	1	ALKBH2	c14
0.0526431552975216	-0.447329375581776	0.084	0.102	1	MAP2K5	c14
0.491642023789251	-0.446441960821378	0.039	0.043	1	ZNF557	c14
0.00714701993284264	-0.446313533210873	0.178	0.206	1	ZNF524	c14
0.0161511204789952	0.446146673515868	0.054	0.039	1	PXMP2	c14
0.0002312997757237	0.445926698140734	0.076	0.049	1	TMEM65	c14
0.056639776206909	0.445867329355918	0.028	0.019	1	SLC31A1	c14
0.0770145696063986	-0.445833840550299	0.121	0.138	1	ZNF76	c14
0.137818021060912	-0.445537766387996	0.052	0.064	1	LINC00954	c14
0.44433076754753	-0.445332308067855	0.022	0.025	1	MBTD1	c14
0.000189046537536966	0.445138733248667	0.091	0.061	1	ASUN	c14
0.0326042671779939	-0.445035941796626	0.171	0.191	1	ZNF101	c14
0.353345109665958	-0.444922279124218	0.026	0.031	1	ZNF528	c14
0.0109168247060695	0.444872330489957	0.052	0.037	1	SLC25A19	c14
0.000688133845906679	0.444871737325819	0.061	0.039	1	C3orf58	c14
0.346310564053784	-0.444455583974746	0.023	0.028	1	FAM120C	c14
0.0925206182667059	-0.444292689561795	0.048	0.061	1	ZNF100	c14
0.962736684812649	-0.444177587973058	0.01	0.01	1	ZNF154	c14
0.00096483819105602	0.444090033994728	0.054	0.034	1	MSC-AS1	c14
0.338911176540588	0.443981332109845	0.011	0.008	1	NPHP4	c14
0.000549603669234059	0.443957199448813	0.057	0.035	1	GK5	c14
0.01578437991784	0.443762532326329	0.033	0.021	1	RP11-147L13.11	c14
0.0144843743054665	0.443675560876747	0.045	0.031	1	TMED7	c14
0.00252238867376434	0.443469246927189	0.073	0.051	1	DLAT	c14
0.239820606806733	-0.443282906949058	0.074	0.083	1	SLC25A37	c14
0.520209672173885	-0.443041844896187	0.023	0.026	1	ZSWIM3	c14
4.07115525142818e-05	0.442923674135374	0.119	0.081	1	KBTBD4	c14
0.323814404423982	-0.44258951957152	0.034	0.04	1	RP11-127B20.3	c14
0.0168852648751623	-0.442355297475052	0.172	0.195	1	TACC3	c14
0.741533111481602	-0.442023146829951	0.045	0.047	1	HDAC4	c14
0.0527948100233776	0.441825649605428	0.021	0.013	1	RP11-214N9.1	c14
0.0994116690495322	-0.441389793781235	0.094	0.109	1	ENTPD4	c14
0.00491516911030471	0.44134729067618	0.052	0.035	1	PANX1	c14
4.04811960451348e-05	0.441253139633404	0.091	0.059	1	FAM228B	c14
0.446740873841437	-0.441187297824258	0.007	0.01	1	LINC01569	c14
0.194569073523202	-0.441172600063247	0.111	0.121	1	ZNF493	c14
0.00161607466721407	0.441161245903071	0.086	0.061	1	MOSPD2	c14
0.00144483840648132	0.441108752375664	0.082	0.058	1	POLD3	c14
0.579089164584275	-0.441013131209591	0.013	0.016	1	SMIM1	c14
0.0598573005690793	0.440769394640823	0.029	0.02	1	LRP5L	c14
0.0026465069074595	0.440543868052944	0.081	0.058	1	CCDC126	c14
0.538595494291475	-0.440528646903195	0.048	0.052	1	RREB1	c14
0.109572737428697	-0.440513251318056	0.113	0.127	1	KIAA0430	c14
0.0319073685610964	-0.440422307016451	0.163	0.185	1	CREBRF	c14
0.0509994838705169	-0.440412723440915	0.088	0.106	1	SMIM8	c14
0.403776372379469	0.440382301724868	0.011	0.009	1	PSMA8	c14
0.116565095786039	-0.440329500512257	0.137	0.15	1	PLPP5	c14
0.0588322477539635	-0.439696028084135	0.05	0.065	1	AMN1	c14
0.0520677390469195	0.43963917756005	0.024	0.016	1	SNX16	c14
0.134792801323699	-0.439489040869636	0.073	0.085	1	AEN	c14
0.448107406071722	-0.439458165271375	0.008	0.011	1	RP1-43E13.2	c14
0.479569046399767	-0.43926078258944	0.025	0.028	1	CCDC142	c14
0.0285101349084538	0.438981034172874	0.022	0.013	1	RP11-532F6.3	c14
0.630767486717485	-0.438708355087511	0.008	0.01	1	TXLNB	c14
0.231210199531669	0.438358520329985	0.014	0.01	1	CD3EAP	c14
0.000441036202837113	0.438305749073016	0.06	0.037	1	ZDHHC2	c14
0.00446409878533715	0.438195312610143	0.057	0.038	1	BCS1L	c14
7.52820520088659e-05	0.437912580791155	0.1	0.066	1	NFE2L1	c14
0.0513540710344698	0.437848211045949	0.04	0.029	1	ZNF45	c14
0.068041480689858	-0.437648764346108	0.064	0.079	1	ZNF362	c14
0.0521132821930163	-0.437187234899584	0.17	0.188	1	PPP1R16B	c14
0.000572914646180814	0.436907622532147	0.099	0.069	1	ZFYVE21	c14
0.992198134115691	-0.436871039592048	0.011	0.011	1	RP11-700H6.1	c14
0.000160464886315682	0.436781093425236	0.068	0.042	1	RETSAT	c14
0.473286885370264	-0.43659401491634	0.022	0.025	1	PPP1R13B	c14
0.217157393543801	-0.43648393245729	0.039	0.047	1	SREBF1	c14
0.010338858998095	-0.435902463560137	0.135	0.163	1	SLC2A4RG	c14
0.23101859746536	0.435729286917701	0.014	0.01	1	TMEM241	c14
7.45090345656751e-05	-0.435712719723493	0.288	0.331	1	HPCAL1	c14
0.352955728169875	-0.435593045788367	0.01	0.014	1	SV2A	c14
0.0257252479937841	-0.435460319790661	0.2	0.22	1	LINC00657	c14
0.56951573293338	-0.435406461505401	0.013	0.016	1	RP11-212P7.2	c14
0.000705302042235164	-0.434984968600022	0.312	0.34	1	SRSF1	c14
0.0725136007800284	0.434977315171302	0.016	0.01	1	TNK2-AS1	c14
0.0860654223965838	0.434781495043053	0.02	0.013	1	CTD-2007H13.3	c14
0.0824694834913735	-0.434377089934277	0.072	0.087	1	AMMECR1	c14
0.496951387115045	-0.43434328521343	0.021	0.024	1	HIST1H3A	c14
0.0171097401675003	0.434158183270795	0.047	0.033	1	DCAF4	c14
0.519857635682079	-0.434077534948539	0.008	0.01	1	ZNF630	c14
0.234807571326377	-0.433935513350002	0.077	0.087	1	ERGIC1	c14
0.512056500447512	-0.433899213890341	0.027	0.03	1	MAN2A2	c14
0.238118978839469	-0.433363179829938	0.082	0.092	1	UBE2H	c14
0.257508378844568	-0.43329735263405	0.036	0.043	1	ZNF736	c14
5.6379349590157e-05	0.4332927226729	0.122	0.085	1	TYSND1	c14
0.0799707931966743	-0.433130861270865	0.134	0.149	1	PITPNA-AS1	c14
0.104379617612236	0.433042293229609	0.013	0.008	1	AC093495.4	c14
0.0885518511713497	-0.433018229684949	0.061	0.075	1	PRR3	c14
0.0334673346368647	-0.43294414254674	0.239	0.254	1	GRINA	c14
0.0990861235682052	0.432780707815726	0.018	0.012	1	AC002467.7	c14
0.0902725300705891	-0.432739135182062	0.07	0.085	1	BACH1	c14
0.00577733958238359	0.432727764702153	0.055	0.038	1	MGAT4B	c14
0.141705170888851	-0.432634444311891	0.1	0.113	1	ARID1B	c14
0.251724331943856	-0.432414731837163	0.029	0.036	1	DPY19L4	c14
0.544418963464877	-0.432139862922073	0.021	0.023	1	DNAJA4	c14
0.000509751196170936	0.432125356481992	0.092	0.064	1	CHD1L	c14
0.330284678142859	-0.432014779597191	0.025	0.03	1	ZNF275	c14
0.0186124101147905	0.431986543872338	0.029	0.018	1	RP11-670E13.6	c14
0.000108282778005601	0.431812232603606	0.122	0.086	1	EXOC6	c14
0.0165502287667271	0.431732880833369	0.037	0.025	1	CCDC112	c14
0.181102384188275	-0.431728290049377	0.051	0.061	1	CFL2	c14
0.0146082437949587	-0.431601815080795	0.069	0.092	1	DNMT3A	c14
0.610034957747534	-0.431588180731771	0.035	0.038	1	PSKH1	c14
0.000306039274970883	0.431460318635479	0.096	0.066	1	TTC4	c14
0.741458892410785	-0.431323219987258	0.015	0.017	1	HDAC11	c14
5.64344822852161e-05	0.430950696112117	0.098	0.064	1	MTFMT	c14
0.637437277188944	-0.430927269167086	0.018	0.021	1	SYNJ2BP	c14
0.148876435141513	-0.430902553902644	0.083	0.095	1	RAB39B	c14
0.0282082019202965	-0.430893301060001	0.15	0.173	1	UBQLN2	c14
0.000774076786371891	0.430802594799216	0.067	0.044	1	RP11-80H18.3	c14
0.317231821600678	0.430335947722811	0.012	0.009	1	RP4-784A16.5	c14
0.275143490189749	-0.429989407796384	0.022	0.027	1	ZNF783	c14
0.017216324672224	0.429817984979017	0.082	0.063	1	CLU	c14
0.066370351197685	-0.429723046229913	0.063	0.078	1	FUCA2	c14
0.228742963028255	-0.429686108618037	0.052	0.061	1	ZNF14	c14
0.0776494423708281	-0.429407426956481	0.081	0.097	1	PTPRN2	c14
0.286708033401963	-0.42914844329187	0.029	0.035	1	WDR91	c14
0.000774421606643238	0.429095348075152	0.084	0.058	1	C2orf76	c14
0.0982624607388746	-0.429031618480402	0.047	0.06	1	ZNF518B	c14
0.00618743510555462	0.428952577628348	0.048	0.032	1	KLHDC10	c14
0.281498867628293	-0.428943228973452	0.01	0.014	1	ACACB	c14
0.00021839063176742	0.42874576775101	0.117	0.083	1	C12orf73	c14
3.44036870290006e-05	0.42872300250736	0.118	0.08	1	HIST2H2AC	c14
0.248155741485559	-0.428449150292634	0.018	0.024	1	RP11-73E17.2	c14
0.0447536048979722	-0.428438033666854	0.031	0.044	1	SLC41A1	c14
0.262001573643405	-0.428319048656137	0.054	0.063	1	NBPF12	c14
4.16934204372991e-05	0.428078066636638	0.087	0.055	1	RPS6KC1	c14
0.022143456040173	0.428021248767819	0.037	0.025	1	PHC2	c14
0.141732332602671	-0.427842482207146	0.04	0.05	1	FAM213B	c14
0.486116027841786	-0.427606740390823	0.023	0.026	1	CTNNAL1	c14
0.0381510557177073	0.427326980561983	0.029	0.019	1	SOCS2	c14
0.00537411471902069	-0.427270991291451	0.232	0.259	1	SDR39U1	c14
0.0352598936441164	0.4271012659317	0.048	0.035	1	KCTD6	c14
0.00451993462869636	0.426991395369436	0.055	0.037	1	ZNF124	c14
0.390364193124327	-0.426978154961329	0.023	0.027	1	RSPH3	c14
0.0387669022862011	-0.426945030587287	0.111	0.132	1	HAUS4	c14
0.0122164278784248	-0.42679328984326	0.178	0.203	1	MSL3	c14
0.000440785653991273	0.42639053717371	0.085	0.058	1	SLC17A5	c14
0.264246433502554	-0.42605172814939	0.032	0.039	1	C22orf29	c14
0.188517501999827	0.425965831157913	0.016	0.012	1	IFT140	c14
0.160237423102314	0.425883171487322	0.021	0.015	1	CIPC	c14
0.00281726898338264	0.425763370470364	0.059	0.039	1	TEX10	c14
0.00272507745862014	-0.425753293237077	0.28	0.304	1	NPC2	c14
0.249976088733283	-0.425411772023951	0.035	0.042	1	HOMEZ	c14
0.00268690057102318	0.425115598522847	0.068	0.047	1	CCL28	c14
0.0953730619549959	-0.425068276067732	0.084	0.099	1	CES2	c14
0.319378660490358	0.425041792493566	0.011	0.008	1	BRICD5	c14
0.058926507758778	0.42500610880402	0.026	0.017	1	KSR1	c14
0.191254327548113	-0.424979808787068	0.065	0.075	1	UGGT1	c14
3.02543684001097e-05	0.424977858205508	0.16	0.115	1	NEU1	c14
0.197884951962714	-0.424896862812572	0.106	0.116	1	NPC1	c14
0.000205316021991388	0.424877400126506	0.104	0.072	1	HEATR1	c14
0.214603026591761	-0.424807782164619	0.06	0.069	1	TFE3	c14
0.00278308613588507	0.424701253963298	0.072	0.05	1	SSH1	c14
0.779047976608541	-0.424368971047334	0.023	0.024	1	FRAT2	c14
0.121683412471738	-0.42436285343877	0.038	0.049	1	PIK3CA	c14
9.26986347182649e-05	0.424184472766976	0.07	0.043	1	PXMP4	c14
0.00127813511603863	0.424001639749563	0.072	0.049	1	ATAD3B	c14
0.484543301804239	-0.423982909119804	0.011	0.014	1	C19orf73	c14
0.00864358111143192	-0.423726952579882	0.182	0.209	1	TNFRSF10A	c14
0.000152569998674791	0.423716074154297	0.118	0.084	1	FKBP15	c14
4.75133589227453e-05	0.423591823038572	0.094	0.061	1	SMYD4	c14
0.275909425513326	-0.423184502762758	0.043	0.05	1	ZNF749	c14
0.0442009460993511	0.423050301952887	0.03	0.02	1	ZNF182	c14
0.0866686085396682	-0.423031733206497	0.082	0.097	1	ZNF266	c14
0.000697437481975511	0.422854699176303	0.044	0.026	1	ZBTB21	c14
0.314325315620103	-0.422749950188005	0.011	0.015	1	SRR	c14
0.018243909331202	0.422315579119333	0.06	0.044	1	HAUS8	c14
0.000133948947934569	0.421731908766096	0.126	0.09	1	SCLT1	c14
0.497701620081635	-0.421714839051349	0.03	0.034	1	SGSM2	c14
0.225543765115694	-0.421641828645898	0.068	0.078	1	NNT-AS1	c14
0.24323465567295	-0.421229744102532	0.043	0.051	1	ZSCAN32	c14
0.000173126341790692	0.421206973590116	0.087	0.058	1	ASNS	c14
0.321919621600154	-0.421167160584803	0.058	0.065	1	IDE	c14
0.135200636271851	-0.421129451761699	0.052	0.064	1	DEAF1	c14
0.00599725527787857	0.420817262153251	0.06	0.041	1	CAPN15	c14
0.00212886413126678	0.420485852167529	0.087	0.063	1	RIT1	c14
0.0223513328376023	0.420473732289365	0.032	0.021	1	HIST2H2BF	c14
0.00021163124544758	-0.420237978066136	0.237	0.179	1	CCL4L2	c14
0.134210051605647	0.419967754076615	0.014	0.01	1	RP11-134N1.2	c14
0.564343909206663	-0.419805504997889	0.033	0.036	1	IPO11	c14
0.0437400921712068	0.41977316957649	0.055	0.042	1	SETD6	c14
0.00314990695988409	0.419763091035801	0.036	0.022	1	ALS2	c14
0.131500922836267	-0.41966099356332	0.087	0.1	1	DENND6A	c14
0.0180429451701588	0.419536468616983	0.078	0.06	1	TMEM234	c14
0.0496167935420911	-0.419259458262578	0.188	0.206	1	SETD2	c14
0.800671589922721	-0.419237731186805	0.016	0.017	1	KANTR	c14
0.11450585092536	0.419205695462355	0.028	0.02	1	C2orf44	c14
0.00128615299849174	0.419148114507482	0.102	0.074	1	PIAS4	c14
0.0061037479079057	0.419135619853736	0.067	0.048	1	NOTCH2NL	c14
0.0375314644239698	0.419046038908812	0.046	0.034	1	CAMKK2	c14
0.04911827382943	-0.418950560174446	0.098	0.117	1	CUX1	c14
6.02454893259965e-05	0.418907524418909	0.107	0.072	1	HIVEP3	c14
0.777354178990815	-0.418768580517201	0.009	0.01	1	ANKRD16	c14
0.365904665356847	-0.418705646626659	0.034	0.039	1	DSN1	c14
0.225647206052285	-0.41867519889544	0.037	0.045	1	HIST1H2AG	c14
0.00445404114061339	0.418663672210748	0.053	0.036	1	FAM102B	c14
0.070705881891781	-0.418519980145749	0.081	0.098	1	CARD8-AS1	c14
0.000714680739260414	0.418512257655202	0.079	0.054	1	PTPN23	c14
0.842286357620704	-0.418160888120625	0.022	0.022	1	PLEKHA8	c14
0.000600808878303046	0.418091493584675	0.086	0.059	1	NUDCD1	c14
0.239681587866454	-0.41791707709689	0.085	0.095	1	TTC32	c14
0.107023940958392	0.417723393658023	0.021	0.014	1	MYLK-AS1	c14
0.0560491044329996	-0.417161380077046	0.117	0.136	1	MOB2	c14
0.00148346114974693	0.416968447721049	0.047	0.029	1	ABCC5	c14
0.0189342637471184	0.416959500704818	0.027	0.017	1	SLC22A5	c14
0.000151122157001724	0.41671424495135	0.126	0.09	1	DYRK4	c14
0.00144836331270753	0.416392436390569	0.068	0.046	1	BOLA2B	c14
0.0346830055444087	-0.416389212868164	0.175	0.195	1	ECHDC2	c14
8.85100625337238e-05	0.416272312538578	0.091	0.06	1	XPO7	c14
0.00285917421095881	0.416257870467833	0.058	0.038	1	BLM	c14
0.0106003565573791	0.416215441220911	0.055	0.039	1	LONP1	c14
0.0276429889916933	0.416113748994431	0.05	0.037	1	MED18	c14
0.104294513639799	-0.415783605047559	0.085	0.1	1	IFFO1	c14
0.632461769735107	-0.415727692900171	0.022	0.024	1	RP11-637A17.2	c14
0.000174049172818236	0.41539495871065	0.112	0.078	1	ICMT	c14
6.38184324136963e-05	0.415380759502297	0.072	0.044	1	NOD1	c14
0.14237263062647	-0.415331306053565	0.106	0.119	1	PDK3	c14
0.289074589644352	-0.415237864575447	0.07	0.078	1	PAXIP1-AS1	c14
0.0517029854959211	0.415068183963416	0.031	0.022	1	CASP10	c14
0.0243690581590812	-0.414982114794117	0.197	0.218	1	HDAC7	c14
0.00122463712711269	0.414539855534963	0.098	0.07	1	ZDHHC21	c14
7.40124975505933e-05	0.413804111758971	0.12	0.083	1	C16orf91	c14
0.553588647275916	-0.413570128931873	0.01	0.012	1	RP11-1000B6.8	c14
6.80855700918747e-05	0.413440958991011	0.115	0.079	1	USP38	c14
0.722872485690808	-0.41308137199845	0.009	0.01	1	RP11-474G23.3	c14
0.300171370069804	-0.412773286978477	0.059	0.066	1	RAB30	c14
0.018719957911001	0.41273803567461	0.039	0.026	1	ZNF583	c14
0.0813021319498967	-0.412180424850462	0.073	0.088	1	LIG1	c14
0.019740765784227	0.412146498609975	0.072	0.054	1	RCBTB1	c14
0.0184791651305582	0.412085252694943	0.037	0.025	1	C19orf68	c14
0.000147920388292246	0.411386043176794	0.099	0.067	1	PPFIA1	c14
0.866510041681425	-0.411190947162326	0.018	0.019	1	OTUD7A	c14
0.225956955923587	-0.410984622495668	0.039	0.047	1	N6AMT1	c14
0.253276007528981	-0.410886963392965	0.063	0.071	1	C16orf58	c14
0.253641645480476	-0.41077469669314	0.049	0.057	1	DOCK9	c14
0.000306598484547543	-0.410537522593897	0.341	0.369	1	FBL	c14
0.000372380896995063	0.410490513431311	0.092	0.063	1	NHLRC2	c14
0.000345432656736911	-0.410440204105764	0.679	0.662	1	RGS1	c14
0.44996999019804	-0.410241119548576	0.025	0.029	1	MBTPS2	c14
0.342436836804294	-0.40996946971548	0.057	0.063	1	SPIN2B	c14
0.000253732836240824	0.409844280243363	0.078	0.051	1	DOPEY1	c14
0.563494398609513	-0.409688430720318	0.011	0.013	1	RP11-146F11.1	c14
0.219867828731477	0.409579087647208	0.01	0.007	1	CCDC171	c14
0.0068050725826909	0.409337587165611	0.054	0.037	1	HCFC2	c14
0.00355473779358509	0.409189440784212	0.053	0.035	1	TCF3	c14
0.00481492454281204	0.408971719981913	0.096	0.071	1	SCAMP1-AS1	c14
0.0262057395997328	0.408919341347602	0.05	0.037	1	SLC9A6	c14
0.0861109954438689	0.408731361076943	0.045	0.035	1	CORO1C	c14
3.89879093491899e-05	0.408706445466226	0.178	0.131	1	NPRL2	c14
0.0125262379835516	0.40863035339532	0.034	0.022	1	TMEM191B	c14
0.361947936181807	-0.408081736134884	0.039	0.045	1	YPEL1	c14
0.048284660377873	-0.40790511926784	0.187	0.204	1	LINC00869	c14
0.000606932863943423	0.40783266583681	0.089	0.062	1	MGME1	c14
0.0111726236894976	0.407828502706747	0.055	0.039	1	CCP110	c14
0.591755309998162	-0.407780336807267	0.03	0.033	1	HECTD2	c14
0.490160421831117	-0.407716000496101	0.298	0.284	1	PIM3	c14
0.349747221037148	-0.407614781252144	0.121	0.127	1	DNAJB4	c14
0.369336284664258	-0.407588097294899	0.041	0.047	1	C14orf93	c14
0.0857906839369254	0.407547019060566	0.041	0.031	1	SLC16A13	c14
0.0810026622664941	-0.407414631043502	0.145	0.162	1	POU2F2	c14
0.0996716012987954	-0.407406630901655	0.115	0.13	1	ZNF280D	c14
0.000546391525193837	0.407181841679098	0.089	0.061	1	SLC37A1	c14
0.0387281578355267	-0.407071313296413	0.139	0.16	1	COG5	c14
0.00560112717023488	0.406973512345194	0.063	0.044	1	RNF139-AS1	c14
0.127974838770688	-0.406954725992674	0.076	0.089	1	CCDC84	c14
0.000477640918525971	0.406886262354818	0.075	0.05	1	PPP2R1B	c14
0.0497198409459901	0.406826524933648	0.035	0.025	1	ZNF785	c14
0.251882743117965	-0.406560941613981	0.05	0.059	1	ATG2B	c14
0.000218098239224842	0.406306433290542	0.049	0.029	1	TRGC1	c14
0.842976657203985	-0.406163723099464	0.024	0.025	1	HPGD	c14
0.000137425727759374	0.405763254313754	0.076	0.048	1	ABCD2	c14
0.048229595632405	0.40562514556883	0.029	0.02	1	ZNF527	c14
0.299071778474355	-0.405531758287626	0.027	0.033	1	DISC1	c14
6.6412233951532e-05	0.405300705081207	0.099	0.065	1	GLI4	c14
0.52554966016426	-0.405171166491896	0.032	0.035	1	TMEM25	c14
0.0820234785195277	0.404854022914808	0.01	0.006	1	SNX21	c14
0.279350163298597	-0.404688713800672	0.063	0.071	1	JMJD4	c14
0.00130377685373486	0.404645829203601	0.065	0.043	1	ZNF562	c14
0.30677175561431	-0.404624654808864	0.063	0.07	1	HSF2	c14
0.864792698825324	-0.404502079176509	0.014	0.015	1	ACRC	c14
0.424237003284604	-0.404287667351887	0.025	0.029	1	ZNF525	c14
0.548327198689148	-0.404152553888295	0.024	0.027	1	TIPARP-AS1	c14
0.0846447751174322	0.403817728959913	0.022	0.015	1	SSX2IP	c14
0.157921080714255	0.40312922286738	0.016	0.011	1	CAPS2	c14
0.0541942159702329	0.40312473326502	0.021	0.013	1	FBXO41	c14
0.0377156764151089	0.40302966384033	0.023	0.014	1	SNX25	c14
0.0532598694763968	-0.402885233797046	0.136	0.154	1	IKBKB	c14
0.107815393486858	0.402866876697868	0.022	0.015	1	CCDC134	c14
0.107732205599169	0.402570626199063	0.033	0.025	1	AC009948.5	c14
0.0351519355198601	-0.402544797702498	0.158	0.179	1	UXS1	c14
0.0161387000300791	0.402416802033972	0.041	0.028	1	SRGAP2B	c14
0.234795057825874	-0.402131408185659	0.067	0.076	1	EFCAB2	c14
0.0430352913591435	0.401912866024804	0.036	0.025	1	C2CD2L	c14
0.00891370164582484	-0.401841578380055	0.265	0.292	1	MYLIP	c14
0.00198597897011579	0.401733359645319	0.096	0.069	1	OAZ2	c14
0.00206664678049653	0.401607128203271	0.063	0.042	1	ATG4C	c14
0.000888861905277982	0.401542838780398	0.069	0.045	1	CXorf56	c14
0.000441807775364208	0.401376401398609	0.098	0.068	1	GTPBP1	c14
0.858874613293894	-0.401361646696483	0.096	0.094	1	ITPRIP	c14
0.0247251245456707	0.401139502735622	0.059	0.043	1	CETN2	c14
0.629497663031095	-0.401005070807762	0.033	0.035	1	AK9	c14
0.393931250708428	-0.400930866712876	0.04	0.046	1	ZNF738	c14
0.352425148673198	-0.400593128294455	0.043	0.049	1	TANGO6	c14
0.000123265214191418	0.400512971947611	0.109	0.075	1	DZIP3	c14
0.000319654419200415	0.400446529480669	0.1	0.069	1	SLC38A9	c14
0.00200710560995377	0.400404217639517	0.085	0.061	1	CCDC61	c14
0.00621779219258411	-0.400372169016756	0.285	0.307	1	GRAMD1A	c14
0.465887237765118	-0.400119005344825	0.017	0.021	1	ALCAM	c14
0.439381495118108	-0.400068232195933	0.025	0.029	1	ZNF169	c14
0.272696711339292	-0.400048923607957	0.016	0.022	1	ZNF395	c14
0.448624394868551	-0.400046879357451	0.055	0.061	1	RRAGB	c14
0.387579064598077	-0.39995898829423	0.04	0.046	1	EPC2	c14
0.000709991067456696	0.399950229194517	0.052	0.032	1	DNLZ	c14
0.0137047581599427	0.399896315650945	0.057	0.04	1	LZTS2	c14
0.775016696366429	-0.399787664638875	0.014	0.015	1	TRIM62	c14
0.0592405341376	-0.399563145601066	0.089	0.107	1	FAM210B	c14
0.315841490545198	-0.399451009562506	0.098	0.105	1	MTA1	c14
0.0787277434551774	-0.399386284151227	0.145	0.161	1	NEK9	c14
0.290122302776915	-0.399126844927788	0.043	0.05	1	VAV3	c14
0.280850543978133	-0.398936979409215	0.015	0.02	1	HIST1H4H	c14
0.332716139895638	-0.398868456889376	0.024	0.029	1	ZNF286A	c14
4.50658326619953e-05	0.398775063853195	0.139	0.098	1	LUZP1	c14
0.0398237883771706	-0.398365775607518	0.107	0.127	1	LTBP4	c14
0.479658963789548	-0.39804393566109	0.038	0.042	1	AC025171.1	c14
0.0131641277670129	-0.397919515204177	0.229	0.254	1	FAS	c14
0.73939711209961	-0.397906786922343	0.009	0.01	1	ZNF175	c14
0.158190586240081	0.397891899931088	0.031	0.024	1	SEC61A2	c14
0.39596639383272	-0.397775209261088	0.1	0.105	1	TRAPPC9	c14
0.637877901957981	-0.397622523716682	0.008	0.01	1	FAM13A-AS1	c14
0.0271925971028923	0.397247804782846	0.057	0.042	1	MFSD3	c14
0.278992780231757	-0.397070614804776	0.081	0.09	1	NARFL	c14
0.366591478334269	-0.397061617611163	0.041	0.047	1	ZFYVE16	c14
0.272112033937237	-0.397059355939108	0.088	0.097	1	ZNF600	c14
0.138890058720571	-0.397017100069093	0.096	0.109	1	CLN5	c14
0.236876364941466	-0.397017067162215	0.031	0.038	1	HNRNPUL2	c14
0.000212431190943451	0.396880592749479	0.144	0.105	1	PES1	c14
0.00381661138776462	0.396640410162378	0.104	0.078	1	NT5C2	c14
0.00325923784209536	0.396461150543409	0.068	0.047	1	GPR180	c14
0.00039975631573989	0.396306766376479	0.097	0.067	1	FEM1B	c14
0.0272969136600584	0.396306717809717	0.053	0.039	1	RELT	c14
0.489172901307044	-0.396032123910032	0.05	0.055	1	FBXL17	c14
0.358247403421703	-0.395988410752766	0.151	0.155	1	RP11-707G18.1	c14
0.938825780886376	-0.395921829238022	0.011	0.012	1	PCOLCE	c14
0.165538013117241	-0.395257295014066	0.036	0.045	1	ZNF230	c14
0.695602072149053	-0.394947275062306	0.013	0.015	1	POMK	c14
0.000766145030605907	-0.394832983896926	0.356	0.38	1	SNHG7	c14
0.687862104159561	-0.394426239997232	0.049	0.052	1	STK38L	c14
0.0524453403377845	0.394331395508063	0.043	0.032	1	LMAN2L	c14
0.0612381326469599	-0.393904903928745	0.177	0.194	1	WDR74	c14
0.0431114080175576	0.393518689810713	0.05	0.038	1	CH17-373J23.1	c14
0.00273719442942592	0.393503636803702	0.078	0.055	1	RINT1	c14
0.000328561715612271	0.39333773579552	0.086	0.058	1	MEN1	c14
0.205902675476128	-0.393109777863063	0.067	0.077	1	GGT1	c14
0.244453487921276	-0.39286448178326	0.012	0.017	1	C9orf9	c14
0.815355628003951	-0.392717027398443	0.032	0.033	1	PLCG2	c14
0.885657964276635	-0.392544575921352	0.021	0.021	1	ZNF776	c14
0.0235608382724172	-0.392498062255775	0.074	0.096	1	GPR137	c14
0.311009702602009	-0.392359355515985	0.032	0.038	1	SIPA1L3	c14
0.596827570711677	-0.392152070459145	0.02	0.022	1	CEP70	c14
0.199380506219853	-0.392111504019083	0.099	0.11	1	SMG5	c14
0.454897779739402	-0.391809277948058	0.017	0.021	1	DNAJC3-AS1	c14
0.0557134980080405	-0.391534212563768	0.1	0.119	1	LYRM4	c14
0.0936450900386568	0.391437931175437	0.029	0.021	1	TAF5L	c14
0.000493089216480492	0.391201335225916	0.115	0.083	1	SCAMP4	c14
0.0129297944926924	-0.391146170943561	0.178	0.204	1	GMPR2	c14
0.837424473978651	-0.391097751773087	0.01	0.011	1	ERCC6	c14
0.000443633838142365	0.390959193879651	0.121	0.088	1	RBM28	c14
0.0177107633857157	-0.390681292757982	0.521	0.496	1	PIK3R1	c14
0.199731781907447	0.390571857709118	0.021	0.015	1	ZNF816-ZNF321P	c14
0.553324367098699	-0.39055624806138	0.027	0.03	1	KBTBD7	c14
0.157372875844583	-0.390464332880735	0.095	0.107	1	LRRC8C	c14
0.0214370934277489	0.390443843063437	0.038	0.026	1	KLHL26	c14
0.003681194860591	0.390264583910952	0.05	0.033	1	KIF1C	c14
0.0336855492257871	0.390205603023125	0.045	0.033	1	MFSD9	c14
4.18619126866681e-05	0.389809948235956	0.119	0.081	1	POLR3D	c14
0.164784731845999	-0.389631670631593	0.071	0.083	1	ARRDC1-AS1	c14
8.86324304909852e-05	0.389439088973446	0.126	0.088	1	RALB	c14
0.0581184181957389	-0.389083183794622	0.148	0.166	1	GPAA1	c14
0.554080802050416	-0.388980525342277	0.035	0.038	1	PURB	c14
0.0196199410021166	0.388933217952441	0.031	0.02	1	DUSP3	c14
0.485851674794491	-0.388892395337983	0.08	0.085	1	ZNF426	c14
0.416606154189062	-0.388654557924624	0.1	0.105	1	RP11-222K16.2	c14
0.0310339225377745	-0.388620849888786	0.221	0.239	1	CARHSP1	c14
0.000275798689424561	0.388541522141931	0.107	0.074	1	SLC39A4	c14
0.42095581978264	-0.38847886235751	0.01	0.013	1	NLK	c14
0.707121541012519	-0.388358764008277	0.039	0.041	1	MEGF9	c14
0.192796131132662	-0.388358630843256	0.077	0.088	1	ABHD2	c14
0.258054589369832	-0.387982958065847	0.04	0.048	1	PLEKHA5	c14
0.0005383540222026	0.387875022642334	0.104	0.074	1	BOP1	c14
0.0995776374548741	0.387838664785771	0.024	0.017	1	TTLL4	c14
0.0427154634816183	0.387650351138317	0.037	0.026	1	ABHD4	c14
0.0063697710026094	-0.387496747254609	0.208	0.236	1	SNAP23	c14
0.110345908058801	-0.387443474254921	0.126	0.142	1	YLPM1	c14
0.373214108080107	-0.387374183966228	0.017	0.022	1	ZNF582	c14
0.000602077770134015	-0.387276015049939	0.443	0.45	1	C10orf54	c14
0.0939192937351049	-0.387261065231923	0.141	0.157	1	PACS1	c14
0.0998423658445802	-0.386806708204351	0.101	0.117	1	NSUN6	c14
0.00327905832747717	0.386770393092833	0.059	0.039	1	UGDH	c14
0.0103882877429076	0.386060245820098	0.051	0.036	1	LFNG	c14
0.35492593198697	-0.386056145638376	0.041	0.047	1	LINC00959	c14
0.0991114755140968	0.38604532857175	0.027	0.019	1	RAB3A	c14
0.0012501402368744	0.386020961635574	0.074	0.05	1	ING1	c14
0.332693338388625	-0.385979597139647	0.073	0.08	1	CAMKMT	c14
0.0198317656243186	0.385499606740478	0.058	0.042	1	SAMD10	c14
0.16599608983049	-0.385464665371667	0.087	0.099	1	COQ6	c14
0.000297615953310736	0.385381576483583	0.115	0.082	1	GMPPA	c14
3.52255544660438e-05	0.385181330207299	0.141	0.099	1	LSG1	c14
0.000998577919719411	0.385039659525368	0.07	0.046	1	ZNF841	c14
0.00467807353153976	0.385020108941423	0.07	0.049	1	SLC35C1	c14
0.0382191780572709	-0.384857129197005	0.164	0.185	1	DCAF8	c14
0.0480187692229051	0.384844490411068	0.033	0.023	1	ZNF432	c14
0.208102747479113	0.384803593890261	0.045	0.038	1	NPM3	c14
0.000181460611117631	0.384705647837662	0.111	0.077	1	DOK1	c14
3.51156515373731e-05	0.384624499642649	0.165	0.12	1	COL4A3BP	c14
3.02854602233504e-05	0.384514731394944	0.132	0.091	1	ALDH16A1	c14
0.000151321409953201	0.384489186415807	0.115	0.08	1	PEX14	c14
0.150383528812157	-0.38440206950412	0.117	0.129	1	SORBS3	c14
0.00107844345601829	0.384393762778329	0.084	0.059	1	MAPK8	c14
0.0471051213844273	0.384271293063271	0.026	0.017	1	CXorf23	c14
0.572915335373737	-0.384097257352616	0.044	0.047	1	ZNF337	c14
0.082838978912648	-0.383945325338485	0.073	0.088	1	PHLDB3	c14
3.36487124485522e-05	0.383764788190994	0.094	0.06	1	SLC25A53	c14
0.225213505200781	-0.383656658585237	0.098	0.108	1	TSC2	c14
0.0401088674638481	0.383153761044569	0.041	0.03	1	ZBTB6	c14
0.00803849708718024	0.38284939860571	0.078	0.058	1	BRPF1	c14
0.000574626829199003	0.382761385958868	0.075	0.05	1	GALNS	c14
0.290382431810767	-0.382497277366646	0.098	0.106	1	ANO6	c14
0.000333778570694395	0.382347188316243	0.126	0.092	1	COQ5	c14
0.847174495523688	-0.382243692893788	0.066	0.066	1	AF131217.1	c14
0.245514940529558	-0.382091003118542	0.086	0.096	1	MICU1	c14
0.540155838334765	-0.381938773151632	0.063	0.067	1	IRF4	c14
0.00555126430101677	0.381909386893089	0.063	0.044	1	ABHD11	c14
0.00897395051294123	0.381893375792369	0.067	0.048	1	SMARCD2	c14
0.509942848344482	0.381721306320286	0.012	0.01	1	RP11-493L12.5	c14
0.511146676003075	-0.381638209457531	0.108	0.112	1	SC5D	c14
0.448761269760595	-0.381537746813164	0.045	0.05	1	FOXJ2	c14
0.150766117952097	-0.381456801053202	0.083	0.096	1	ASCC1	c14
0.217424269201192	-0.381420045581625	0.08	0.09	1	LRRC14	c14
0.612257865287095	-0.381285399510229	0.033	0.036	1	MKS1	c14
0.00012213242504103	0.38126947005965	0.162	0.12	1	TMEM156	c14
0.155280314075809	-0.381233660879491	0.024	0.032	1	ZNF682	c14
0.426437101336361	-0.381087521551033	0.015	0.019	1	BBS12	c14
0.00228436709497835	0.380817369952901	0.078	0.055	1	PPCDC	c14
0.00264931171135127	0.380816822039226	0.075	0.053	1	TBCE	c14
0.615085158987597	-0.380478534993033	0.011	0.013	1	ZNF473	c14
0.0103225548513559	0.380247155824506	0.058	0.041	1	FEM1C	c14
0.0056021703361041	0.380200320798908	0.064	0.045	1	C5orf28	c14
0.000792087181733586	0.379907322981133	0.14	0.106	1	IDH3A	c14
0.0953552144509311	-0.3797469384376	0.067	0.081	1	TOPORS	c14
0.00879757612721288	0.379592821168345	0.041	0.027	1	FAM219A	c14
0.728090648354514	-0.37935690253616	0.018	0.02	1	TOLLIP-AS1	c14
0.163575966496437	-0.379278761706625	0.174	0.184	1	PAPD4	c14
0.00307158990257756	-0.379267772193789	0.257	0.29	1	TMPO	c14
0.154382228150259	0.378526838202011	0.04	0.032	1	SGPL1	c14
0.538178551874231	-0.378481178589909	0.042	0.046	1	HHLA3	c14
9.15889679594136e-05	0.378468062688829	0.096	0.063	1	WDR44	c14
0.999679004536605	-0.3784497679511	0.038	0.037	1	PXYLP1	c14
6.11037490622313e-05	0.378410327727078	0.137	0.096	1	HMGCL	c14
0.408593310081695	0.378258865614357	0.022	0.018	1	VANGL1	c14
0.855542054139087	-0.378087576159296	0.012	0.013	1	PLCXD1	c14
0.37753767369452	-0.37775831046905	0.061	0.067	1	SQLE	c14
0.022430350479416	0.3776010131959	0.051	0.037	1	PCTP	c14
0.00212314352310504	0.377587584264556	0.075	0.052	1	HMGCR	c14
0.0149471628241171	0.377514011912936	0.041	0.028	1	PACS2	c14
0.56418220782524	-0.377433717217396	0.018	0.021	1	EXO5	c14
0.0111156583117282	0.377416575491687	0.043	0.029	1	AXIN1	c14
0.0129899097886979	0.377241816645893	0.05	0.035	1	ADCY3	c14
0.470272101878267	-0.377177948020837	0.011	0.014	1	ZGRF1	c14
0.105753424790074	0.377094663470062	0.015	0.01	1	TMEM86B	c14
0.0206543174267811	0.377030689056598	0.042	0.029	1	ZNF180	c14
0.725599662269656	-0.377002723288777	0.022	0.023	1	DARS2	c14
0.0102975206529218	-0.376963394145197	0.263	0.286	1	OXLD1	c14
0.495251981656672	-0.376946410676729	0.042	0.046	1	AMFR	c14
5.36691370992227e-05	0.376917441589254	0.131	0.091	1	MFSD8	c14
0.0250155681598108	0.376537529625433	0.057	0.042	1	WDR41	c14
0.000151525586914201	0.376418877466024	0.123	0.087	1	DCAF15	c14
0.00105928378172429	0.376339864820447	0.079	0.054	1	MTA3	c14
0.000217476112202851	0.376000815889131	0.113	0.079	1	KBTBD3	c14
9.54332427447279e-05	0.375793812360987	0.113	0.077	1	THEMIS2	c14
0.916054400895199	-0.375597694138745	0.028	0.028	1	RP11-242D8.1	c14
4.84639756478362e-05	0.375196122482549	0.126	0.087	1	VAT1	c14
0.178280039470955	0.375185627919904	0.046	0.038	1	MOB1B	c14
0.000914180739064252	0.375130400019814	0.096	0.067	1	FAM174A	c14
0.000114609663558039	0.375100954946424	0.104	0.07	1	PDZD8	c14
0.0192968595822097	-0.375063038841867	0.224	0.246	1	PFKL	c14
0.251552362084883	0.374962578378833	0.013	0.01	1	LOXL1	c14
0.00208917123841411	0.374917334435119	0.086	0.061	1	CXorf40A	c14
0.0627656371071272	-0.374860615999349	0.269	0.279	1	IFNAR2	c14
0.51985055590975	-0.374622419161751	0.096	0.099	1	FAM208B	c14
0.010590218450797	0.374554266933659	0.052	0.036	1	ZNF184	c14
0.020423718433328	0.374535853667426	0.047	0.033	1	TRMT44	c14
0.0109882058787707	0.374386231313415	0.059	0.042	1	RABGEF1	c14
0.647245680643786	-0.374282874727993	0.008	0.01	1	KIFC3	c14
0.0276461401557546	-0.373963173523683	0.199	0.22	1	CCDC174	c14
0.143500489516157	-0.373763740489989	0.136	0.148	1	TNRC6C	c14
0.0765586077853821	-0.37369372650264	0.122	0.139	1	ANKRA2	c14
0.000404246464969067	0.373691237743929	0.144	0.107	1	TACO1	c14
0.013690992018343	-0.373487879680786	0.17	0.197	1	RAP1GDS1	c14
0.000229804102922746	0.373148904523753	0.1	0.068	1	GPR89A	c14
0.00494630476761858	0.372905200555951	0.069	0.049	1	GPATCH1	c14
0.0227062347302219	-0.372887476566506	0.217	0.236	1	FAM60A	c14
0.56640157741323	-0.37283273805642	0.029	0.032	1	AARS2	c14
0.870933212336454	-0.372561976771516	0.021	0.021	1	RP11-950C14.7	c14
5.57920108107965e-05	0.372546474302991	0.123	0.085	1	PDE12	c14
0.00682339488890542	0.372484894710282	0.053	0.036	1	GNPNAT1	c14
0.428963061164153	-0.372429174348241	0.067	0.072	1	COQ10A	c14
0.000355706270227788	0.372416937531892	0.098	0.067	1	ABCC10	c14
0.031756033951255	0.372231564051424	0.062	0.047	1	HIST1H2BC	c14
0.000316256567467971	0.372086199855203	0.138	0.101	1	PHF23	c14
0.163261597358604	0.372062566758181	0.01	0.007	1	CTD-3214H19.6	c14
0.220570338679159	0.371203657890987	0.023	0.017	1	ARHGAP21	c14
0.475273979160093	-0.370890335165269	0.025	0.028	1	ATAT1	c14
0.000290745831798081	0.370860257339861	0.137	0.1	1	DCAF12	c14
0.168202440210379	-0.370851246442627	0.143	0.155	1	MBTPS1	c14
0.0599503448941116	0.370794591122048	0.026	0.017	1	C3orf18	c14
0.229713344247101	-0.370685085411824	0.103	0.112	1	EIF3J-AS1	c14
0.0749616370140247	0.370587449135663	0.035	0.026	1	SMIM13	c14
0.279051943877961	-0.370420790210703	0.057	0.065	1	DUS1L	c14
0.513116749414501	-0.370132113639895	0.052	0.057	1	PARP3	c14
0.225188156116829	-0.370129225531858	0.042	0.05	1	KIF1BP	c14
0.00452270737760298	0.369805751418938	0.054	0.037	1	TTC24	c14
0.315965013730846	-0.369450443939852	0.095	0.102	1	MDN1	c14
0.000153739319346445	0.369410747791738	0.135	0.097	1	DDX19A	c14
0.00130359870015112	0.369386813186644	0.066	0.044	1	SPECC1L	c14
0.0498119112033868	-0.369027335018435	0.221	0.238	1	NUMA1	c14
0.0160466575308216	0.368943877871986	0.07	0.052	1	TADA1	c14
0.533994678109697	-0.368735263341357	0.015	0.018	1	MTFR1	c14
0.436661473570853	-0.368724665305439	0.021	0.024	1	FAM234A	c14
0.339676017720076	0.36872418789047	0.011	0.008	1	PARD6G	c14
0.0940449756039322	-0.368678224848804	0.095	0.11	1	METTL21A	c14
0.190541681971814	-0.368270551056901	0.013	0.019	1	ITGA2	c14
0.003030157770678	0.368268483436338	0.088	0.064	1	TSPAN3	c14
0.409566712605467	-0.368212957217084	0.038	0.043	1	OXSM	c14
0.291598022719337	0.368083358785118	0.013	0.01	1	TTLL11	c14
0.177877167469056	-0.367903772509184	0.071	0.082	1	PNPLA6	c14
0.172969926257157	-0.367708036323614	0.063	0.074	1	SGSH	c14
0.153937397655955	-0.367566108568315	0.139	0.15	1	LYRM5	c14
4.17375256686615e-05	0.367536598697453	0.136	0.094	1	COQ7	c14
0.240091819740788	-0.367078398277771	0.074	0.084	1	C2orf68	c14
0.000366208763075093	0.367006433835742	0.121	0.087	1	GEMIN6	c14
0.144218319137046	0.367001565559952	0.023	0.016	1	AIFM2	c14
0.315430224971546	-0.366930700768993	0.018	0.023	1	ZEB1-AS1	c14
0.00331892644842388	0.366764657248523	0.115	0.087	1	ATP6V1A	c14
0.771437120334711	-0.366443495536832	0.042	0.044	1	KIAA1147	c14
0.201434900151477	-0.366427851344608	0.083	0.094	1	NISCH	c14
0.017393716752805	0.366130370217995	0.083	0.064	1	SIL1	c14
8.81393985791299e-05	0.365731510149057	0.143	0.103	1	FCHSD1	c14
0.00443711213411087	-0.365607027406035	0.211	0.242	1	MGMT	c14
0.0102520186778076	0.365580439514893	0.079	0.059	1	TTI2	c14
0.00321177814480396	0.365404567114445	0.083	0.06	1	KLHL18	c14
0.000509343841316288	0.365368617561936	0.122	0.089	1	C11orf54	c14
0.000107650524794571	0.3653127945679	0.142	0.102	1	TMEM33	c14
0.0625553539303801	-0.365058537873869	0.358	0.356	1	PYHIN1	c14
0.000363067724053959	0.365012363315183	0.159	0.12	1	EXOC5	c14
0.00298328107850281	-0.364992741949693	0.29	0.319	1	PSMB4	c14
0.0938312709874625	0.364915458440248	0.025	0.017	1	LBHD1	c14
0.000123318172676907	0.364580336268267	0.131	0.093	1	LARP4	c14
0.0177083793290822	0.364552354570027	0.052	0.037	1	IPO13	c14
0.245831501896566	-0.364457846970313	0.075	0.084	1	FTO	c14
0.00293785845964457	0.3643306667445	0.071	0.049	1	PRADC1	c14
5.04221940794583e-05	0.364132254197403	0.107	0.071	1	USPL1	c14
0.000726314530798563	0.363994558000728	0.11	0.079	1	PRKCZ	c14
0.362177990623203	-0.363946608049198	0.02	0.024	1	MCM2	c14
0.000395724261454194	0.363925298491914	0.126	0.092	1	LRRC61	c14
0.717890841559099	-0.363730099152494	0.024	0.025	1	RP4-605O3.4	c14
0.00842877405009226	0.363640424589264	0.045	0.03	1	RP11-1398P2.1	c14
0.706007179978192	-0.363365319177353	0.033	0.035	1	HEG1	c14
0.00365222338313212	0.363190300910017	0.063	0.043	1	DIEXF	c14
7.13602472845267e-05	0.363083978486954	0.095	0.062	1	AKT1	c14
0.0544729654750684	0.363081064051543	0.049	0.037	1	WDR25	c14
0.000145084031815725	0.363028351208807	0.138	0.099	1	OGFOD1	c14
0.0220893859021956	0.362987986703847	0.057	0.041	1	EIF4ENIF1	c14
0.961920422849699	-0.362909806560495	0.668	0.581	1	NR3C1	c14
0.38127458831682	-0.362018518237769	0.016	0.02	1	WDR5B	c14
0.0497889506899536	0.36192941480172	0.031	0.021	1	CTC-329D1.2	c14
0.000115528392941152	0.361863647712106	0.142	0.102	1	EGLN1	c14
0.2748634156328	0.361846673763962	0.012	0.009	1	FKBP7	c14
3.28404775546554e-05	-0.361559391023482	0.404	0.444	1	RSL1D1	c14
0.110978686260308	0.361443712615301	0.043	0.034	1	RBM27	c14
0.622500021234637	-0.361236564529258	0.022	0.024	1	FBXW8	c14
5.08523462709551e-05	0.361175538128976	0.175	0.128	1	CAPNS1	c14
0.314526729359794	0.361074234738209	0.011	0.008	1	ABLIM2	c14
0.000728049138028621	0.360895050648025	0.073	0.048	1	TBC1D13	c14
0.0237911914112843	0.360756746317915	0.069	0.052	1	LRR1	c14
0.00764354402925667	0.360721513317746	0.071	0.051	1	BPNT1	c14
0.00108006654225699	0.360677148820803	0.135	0.101	1	RPP38	c14
0.467413865252555	-0.360660067980812	0.017	0.021	1	RP11-430B1.2	c14
0.00518258427486916	0.360603258988903	0.073	0.052	1	TADA2A	c14
0.000510009642526932	0.360579269074201	0.102	0.071	1	TGIF2	c14
0.000148717016024164	-0.359967434671481	0.367	0.396	1	IGBP1	c14
0.264002892151796	-0.35981377909866	0.107	0.116	1	ATP13A1	c14
3.64404681550502e-05	0.359659696614686	0.114	0.077	1	AGPS	c14
0.342203449824458	0.359592789412339	0.014	0.011	1	BCL9	c14
0.00297649605351953	0.359570025142776	0.067	0.046	1	RBM14	c14
0.439517539295887	-0.359504489301323	0.08	0.086	1	RRS1	c14
0.358365554837844	-0.359405803280327	0.015	0.02	1	RWDD2A	c14
0.299091755942993	-0.359354870147866	0.045	0.052	1	EP400NL	c14
0.00350319276982438	0.359339767053219	0.062	0.042	1	ZNF445	c14
0.000959038651815039	0.359320519755979	0.106	0.076	1	POLR3E	c14
5.07694487926238e-05	0.359277951278786	0.145	0.102	1	PPM1A	c14
0.0452977160741436	0.359264201101695	0.049	0.037	1	ZBTB33	c14
0.0142125308383668	0.359135659938655	0.05	0.035	1	DONSON	c14
0.0399993708928936	-0.35908040049095	0.39	0.395	1	GPR183	c14
0.0204243440713721	0.358928448136602	0.064	0.047	1	RCN1	c14
0.000653585893648055	0.358745917993862	0.127	0.094	1	CEP290	c14
0.523647862087298	0.358546001139878	0.022	0.019	1	ARHGAP19	c14
0.533948021729575	-0.358153389481386	0.041	0.045	1	CLUAP1	c14
0.0296844560026954	0.358100524414442	0.045	0.032	1	RP2	c14
0.00112305630319525	0.358085111199792	0.108	0.078	1	AGPAT5	c14
0.220796897068695	-0.357867271305652	0.103	0.114	1	CCDC6	c14
0.000243597277416907	0.357545250688492	0.09	0.06	1	RP5-1091N2.9	c14
0.00561265582424295	0.35746965767244	0.076	0.055	1	CHCHD4	c14
0.00203807701261617	0.357413109528573	0.072	0.049	1	LIG3	c14
0.00185976610813292	-0.357314200303311	0.456	0.465	1	NAP1L4	c14
0.271336018675752	-0.357067535187261	0.053	0.062	1	ZNF680	c14
0.0111828794569375	0.356933112076771	0.066	0.048	1	IGHMBP2	c14
0.517951408521458	-0.356728302828608	0.077	0.081	1	ZNF7	c14
0.000767169181210076	0.356567176031708	0.091	0.064	1	ZFYVE19	c14
0.413182991034196	-0.356537942409198	0.009	0.012	1	EVA1B	c14
0.472876778140628	-0.356461640184814	0.045	0.05	1	ZNF253	c14
0.000357838994916119	0.356234902972936	0.123	0.089	1	GOLGA5	c14
4.83992429678934e-05	0.355985418741107	0.115	0.078	1	DMXL1	c14
0.965785845692353	-0.355977358112851	0.074	0.073	1	MZF1	c14
0.682841013221535	-0.355878307494533	0.023	0.025	1	GLIDR	c14
3.13791166888878e-05	0.355832538043628	0.113	0.075	1	EIF2B3	c14
0.0158811594288038	0.35532594783839	0.039	0.026	1	ASPH	c14
0.101536957285512	-0.355290906222738	0.018	0.027	1	CXXC5	c14
7.79687755718901e-05	0.355172645284294	0.154	0.111	1	AGPAT1	c14
0.000234781722996114	0.355129028166977	0.12	0.085	1	ASB3	c14
0.000493552291042682	0.354956010667369	0.094	0.064	1	LIN7C	c14
0.000259038139432541	0.35490480021211	0.122	0.088	1	STX7	c14
0.156337453407105	-0.354897328243814	0.027	0.035	1	KIF16B	c14
0.0435557640512643	0.354413593152228	0.035	0.025	1	SLC26A6	c14
0.038376746916258	0.354293664185103	0.035	0.024	1	ZNF778	c14
0.7339387720347	-0.354261864238262	0.012	0.014	1	NATD1	c14
0.559720962464928	-0.354234387070971	0.03	0.033	1	TMEM117	c14
0.000428098463322951	0.354200550454219	0.105	0.073	1	FAM35A	c14
0.0242860405692153	0.354154763574191	0.039	0.027	1	NOP9	c14
9.46416136055095e-05	0.353959562328522	0.123	0.086	1	FAM195A	c14
0.0494217326971709	0.353933865865478	0.037	0.027	1	PDSS1	c14
0.0385896954100744	0.353924699174074	0.064	0.049	1	APOO	c14
0.0155699804268466	0.353884612715983	0.049	0.035	1	IDUA	c14
0.0127296038849928	0.353815976253239	0.079	0.059	1	TARBP1	c14
0.35402011507486	-0.353773346605052	0.064	0.07	1	ARMCX5	c14
0.637058945823542	-0.353494682576756	0.009	0.011	1	RP11-442H21.2	c14
0.268667183970517	-0.353159141072694	0.1	0.109	1	SUGP2	c14
0.978551328990156	-0.353072378083259	0.013	0.013	1	RP11-134G8.7	c14
0.0915292812253948	-0.353056130239531	0.195	0.211	1	ADAM10	c14
0.093522731654583	-0.353040186757115	0.198	0.214	1	NABP1	c14
0.894214594143334	0.353018155606491	0.011	0.011	1	EGR3	c14
0.0437262230257929	-0.353017854702177	0.234	0.251	1	NSD1	c14
0.00118226461547523	0.352968321183802	0.103	0.074	1	DDX55	c14
0.0382873316792422	0.35288545589064	0.061	0.046	1	SRP14-AS1	c14
0.151006601692997	-0.352870855325219	0.053	0.065	1	MYO18A	c14
0.175776963753703	-0.352767981941799	0.035	0.044	1	ARHGAP31	c14
0.461641663951818	-0.352750832775862	0.023	0.026	1	FANCM	c14
0.00240518396677783	0.352668889438858	0.082	0.058	1	ACAD8	c14
0.239582935742199	0.352666493310108	0.012	0.009	1	RP11-577H5.5	c14
0.283261151803726	-0.352640299128899	0.109	0.118	1	REV1	c14
0.222445971485054	-0.352449306300514	0.127	0.137	1	LRCH3	c14
0.299913584431676	0.352194252751971	0.026	0.021	1	C17orf58	c14
0.182329394539445	0.35217398217253	0.011	0.007	1	RP11-390P24.1	c14
0.11080473496733	0.35207501805479	0.026	0.019	1	NACC2	c14
0.000552097883428746	0.35204707976024	0.114	0.082	1	BTBD10	c14
4.66111717213335e-05	0.35188819431275	0.141	0.099	1	PCGF1	c14
0.00142219674117727	0.351768504983479	0.067	0.045	1	SIDT2	c14
0.0268884897692405	0.351707910950775	0.032	0.021	1	PRC1	c14
0.000285493045374125	0.351662116858488	0.222	0.176	1	HIST1H1C	c14
0.0139339016813702	0.351513767478342	0.069	0.051	1	C9orf69	c14
7.59799590121293e-05	0.351452158666858	0.14	0.099	1	CDK16	c14
0.0485602731618303	-0.351320291080396	0.166	0.187	1	ZBTB25	c14
0.00146840822799275	0.351292248989441	0.076	0.052	1	UNC93B1	c14
0.0218631602009733	0.351044590944738	0.052	0.038	1	PLPP6	c14
0.239866893698363	-0.350812369315857	0.094	0.103	1	CCDC71	c14
0.571651292964615	-0.350748228026184	0.05	0.054	1	PHF10	c14
0.000595354733708028	0.350544318128061	0.099	0.069	1	SLC25A17	c14
0.429997507208837	-0.350275123725777	0.024	0.028	1	MTMR10	c14
0.0116723252441935	-0.350164532831409	0.308	0.328	1	SECISBP2	c14
0.533181154975245	-0.349982801770851	0.066	0.07	1	HDAC5	c14
0.558508929495786	-0.349782112093603	0.009	0.011	1	HTRA1	c14
0.13473643800357	0.349515471368784	0.016	0.011	1	GSN	c14
0.567436011925361	0.349490602123962	0.014	0.012	1	KBTBD8	c14
0.89775533675126	-0.349481807699861	0.023	0.023	1	AC145124.2	c14
7.61714153268501e-05	0.349444681428808	0.088	0.057	1	LINC00944	c14
0.562587007955152	-0.34935747563376	0.054	0.058	1	CYB5D2	c14
5.07190200436175e-05	0.349271486615027	0.147	0.104	1	MYSM1	c14
0.000579223587919078	0.349206198075037	0.116	0.084	1	C6orf203	c14
0.000551619206681329	0.349104914320725	0.088	0.06	1	FAM98A	c14
0.00604579234094473	0.349090871323519	0.047	0.031	1	STX2	c14
0.0990606928987376	0.348641631882984	0.042	0.033	1	ATAD3A	c14
0.0471943800683191	0.348519120072466	0.061	0.047	1	MRPL53	c14
7.6784031691601e-05	0.3485036321175	0.185	0.138	1	BTN2A1	c14
3.17366604078072e-05	0.348474091625307	0.156	0.111	1	TMEM115	c14
0.0851535762383567	0.348444644309231	0.033	0.024	1	COQ3	c14
0.000906851639942403	0.348391370727128	0.118	0.087	1	RPS6KB1	c14
0.00567766909742464	-0.348366110610585	0.335	0.35	1	NECAP2	c14
0.222709519943507	-0.34813359590579	0.169	0.18	1	CHMP1B	c14
0.0112879083797077	-0.348083278298136	0.335	0.353	1	TTC3	c14
0.00188852555160519	0.347781215547593	0.07	0.048	1	TMEM94	c14
0.0157789276384176	0.347736347466706	0.065	0.048	1	ZNF669	c14
0.392615534573614	-0.347731272354133	0.013	0.017	1	TET3	c14
0.3436874116904	-0.347172383643205	0.128	0.135	1	C6orf226	c14
0.00131372848324886	0.347153823917206	0.086	0.06	1	ALKBH5	c14
0.139540724307963	-0.347017482032218	0.131	0.145	1	TRMT1	c14
0.0273607541873043	-0.346961511735961	0.225	0.247	1	LETMD1	c14
0.344703346726818	-0.346778974416421	0.113	0.12	1	ATG13	c14
0.474889901742229	-0.346540884826853	0.031	0.035	1	CTSF	c14
0.0321697938808213	-0.346538336342896	0.295	0.309	1	SYNE1	c14
0.139901750685319	0.34647305848993	0.018	0.013	1	NAGLU	c14
0.597606706818901	-0.346112461419221	0.016	0.019	1	RP11-152N13.5	c14
0.0530821446620053	0.346020838047011	0.036	0.026	1	PPARA	c14
0.000688655172368056	0.345982363277149	0.14	0.104	1	NAPG	c14
0.00143493228435556	0.345938958251268	0.074	0.05	1	ZNF564	c14
0.217059653102414	-0.345870709550585	0.096	0.106	1	PRKAG2	c14
0.00123837180917281	0.34566263244275	0.083	0.058	1	MSH6	c14
0.0016249235472023	0.345430133548881	0.077	0.053	1	UBQLN4	c14
0.0276964217195337	-0.345289608819791	0.245	0.266	1	SPG7	c14
0.000838526680570288	-0.345267171208782	0.406	0.427	1	PSMB8-AS1	c14
0.00357368566425008	0.345155891783075	0.059	0.039	1	RP11-977G19.11	c14
0.288028206193162	-0.345072764734784	0.064	0.072	1	RPRD1B	c14
0.293767929958091	-0.344961832323855	0.009	0.013	1	ORC6	c14
0.730011936372499	0.344954843279323	0.01	0.009	1	METTL21B	c14
0.0497263924300521	0.34493628968856	0.051	0.039	1	TUBGCP4	c14
0.388014390438864	-0.344747372996242	0.128	0.134	1	TOP2B	c14
0.102392325237996	-0.344597896555927	0.147	0.163	1	CALCOCO1	c14
0.648762998987118	-0.344302209655539	0.039	0.042	1	APBB3	c14
0.489195752279676	-0.343674114838825	0.041	0.045	1	MTRF1	c14
4.07512455225201e-05	0.343486219670387	0.176	0.128	1	ADPRHL2	c14
8.21957406993892e-05	0.343412633507624	0.151	0.109	1	C14orf142	c14
0.000228303692674522	0.343399347314895	0.129	0.093	1	THUMPD3	c14
0.000700178562723037	0.343319499203175	0.132	0.098	1	MCUR1	c14
0.565879589879874	-0.343197413285408	0.094	0.097	1	GIMAP8	c14
0.982733821144694	-0.343186233773532	0.017	0.017	1	TLR1	c14
0.0443800182690249	-0.343048102009109	0.221	0.239	1	CARD8	c14
0.337794459609838	-0.34301357050302	0.081	0.089	1	AGFG1	c14
0.000333721706522834	0.342852502849287	0.102	0.07	1	STAU2	c14
0.000413101707371258	-0.342546795782327	0.346	0.378	1	WASF2	c14
0.60993080518114	-0.342231499171699	0.008	0.01	1	PGBD4	c14
0.547027728464605	-0.342052976501966	0.014	0.017	1	ZNF337-AS1	c14
0.000704786173398595	-0.342008258097854	0.53	0.53	1	CFLAR	c14
0.124883190037601	-0.341927999423077	0.078	0.092	1	WDR36	c14
0.625655792830199	-0.341889723023763	0.06	0.063	1	MED12	c14
0.35624625922455	0.341866158672422	0.016	0.013	1	GPAM	c14
0.525752457421204	-0.341844113106585	0.035	0.039	1	ECI1	c14
0.370410669290367	-0.341825286054534	0.043	0.049	1	MSTO1	c14
0.0850342553169143	0.341696441680548	0.027	0.019	1	RP4-563E14.1	c14
0.00922617020028402	0.341456246496176	0.052	0.036	1	INPPL1	c14
0.353682409412709	-0.341256310387296	0.045	0.052	1	UBR3	c14
0.564639320287838	-0.341191403747605	0.024	0.027	1	RP11-15H20.7	c14
0.000384942101386399	0.341063098201604	0.116	0.083	1	RNF25	c14
0.06995552296936	0.340725390591057	0.021	0.014	1	AVPI1	c14
0.171573005341302	-0.340610608998936	0.099	0.111	1	HSD17B8	c14
0.129639177923537	-0.340459253457331	0.142	0.157	1	UBR5	c14
0.0115928983958266	0.340187479490353	0.094	0.072	1	CHAMP1	c14
0.370051204247445	-0.340136687750587	0.104	0.11	1	ZNF226	c14
3.48354936578035e-05	0.339844850032695	0.165	0.119	1	RBM18	c14
0.692748240475064	-0.339695320173092	0.073	0.075	1	NME4	c14
5.01718809921545e-05	-0.339663409482879	0.542	0.55	1	PRKCH	c14
0.224273907999223	-0.339543934880048	0.12	0.131	1	TTC39B	c14
0.0977002732649706	-0.339506297418269	0.185	0.199	1	GPATCH8	c14
0.386550258897158	-0.339479181386239	0.079	0.086	1	EZH1	c14
0.530160884271075	0.339365169647237	0.01	0.008	1	HIST1H2BB	c14
0.000205343277285648	0.339184419983766	0.127	0.091	1	PPP1R15B	c14
0.712294634470385	-0.339044212412793	0.012	0.014	1	EME2	c14
0.00287643134807962	-0.338911195704663	0.383	0.396	1	NME3	c14
0.151287083730763	0.338875077649162	0.03	0.023	1	ZSCAN29	c14
0.285680204629627	-0.338838359571472	0.077	0.086	1	ACSS1	c14
0.00870387182064129	0.338507590425602	0.112	0.087	1	DCUN1D1	c14
0.153015836769202	0.338495205066212	0.031	0.024	1	GSTM4	c14
0.236793886863252	0.338475630167578	0.013	0.01	1	LMLN	c14
0.529617329764093	-0.338311745885595	0.124	0.128	1	SEC14L1	c14
0.0180923256824481	0.338178462667363	0.062	0.045	1	PAPD5	c14
0.854536713462068	0.338142443787462	0.011	0.011	1	TST	c14
0.0294789085454026	0.337945885246288	0.038	0.026	1	DAG1	c14
0.00321472315014957	0.337846491014283	0.107	0.08	1	PAPOLG	c14
0.172770678053426	-0.337564350785941	0.064	0.075	1	DNAJC5	c14
0.00436966068613359	0.337560009756114	0.068	0.047	1	RUFY2	c14
8.98464567214951e-05	0.337453733248784	0.123	0.085	1	NUP93	c14
7.78086716494327e-05	0.337251277407406	0.159	0.116	1	ABCF2	c14
7.9255506037407e-05	0.337060423008864	0.189	0.142	1	CDK10	c14
4.44175304900917e-05	0.33705356007714	0.143	0.1	1	VWA9	c14
0.000121465407003197	0.337041957658256	0.146	0.105	1	LINC00998	c14
0.311003445947667	-0.336979944739725	0.049	0.057	1	MEX3C	c14
0.00542953901065133	0.336873758057625	0.055	0.038	1	RWDD2B	c14
0.670935416131177	-0.336745828015136	0.02	0.021	1	AC002117.1	c14
0.386542001406628	-0.336740594710245	0.026	0.03	1	GSTZ1	c14
0.617746779707841	-0.336733415890706	0.041	0.044	1	XRRA1	c14
0.226074651524664	-0.336556365653134	0.083	0.094	1	ORC2	c14
0.790415541615115	-0.336524147908401	0.013	0.014	1	FAM66B	c14
0.816438453558012	-0.336518954911063	0.026	0.027	1	ZNF202	c14
0.960503509814551	-0.336374989689908	0.011	0.011	1	RASD1	c14
4.44961663541103e-05	0.336367556226803	0.226	0.172	1	FO538757.2	c14
0.0948424688401422	0.336337770667914	0.025	0.017	1	AGAP3	c14
0.0236647924043563	0.336188122563843	0.051	0.037	1	IFT74	c14
0.00662447419941216	0.335959077206853	0.096	0.072	1	PAAF1	c14
0.0036435004777851	0.335953351287122	0.104	0.077	1	FAM53C	c14
0.492910552097721	-0.335589204326606	0.029	0.033	1	RAB34	c14
0.3164102829352	-0.335492288268586	0.067	0.075	1	CTB-31O20.2	c14
0.488183216553235	-0.335435849608886	0.045	0.05	1	TRMT61A	c14
0.579077356332434	-0.335082875941104	0.042	0.046	1	ZNF268	c14
0.0459799554026463	0.335053208339846	0.035	0.025	1	SPAG1	c14
0.000360362115307925	0.334731710138656	0.122	0.088	1	DDX52	c14
0.0015026132384806	0.334652956186005	0.105	0.076	1	DUSP28	c14
0.00357953233745394	0.334640350552277	0.066	0.045	1	FAAP100	c14
0.910833438778797	-0.334570234758166	0.033	0.033	1	SNURF	c14
0.00243151430359168	0.334489884978284	0.074	0.051	1	GFM2	c14
0.448133828257154	-0.334459781744386	0.012	0.015	1	SUV39H2	c14
0.00587186413108971	-0.334293629409926	0.331	0.351	1	TNRC6B	c14
0.00726475505798329	0.334221591978067	0.068	0.048	1	ATG4A	c14
0.247330133815768	-0.334197259310153	0.046	0.055	1	MXI1	c14
0.373294805901183	-0.334190949002251	0.028	0.033	1	ABHD8	c14
0.00314859273631258	0.333894222026923	0.135	0.104	1	ZCCHC8	c14
0.244443618991362	-0.333746548999398	0.036	0.044	1	ACTR3C	c14
0.983703640424127	-0.333561656239987	0.037	0.036	1	RP11-479O9.4	c14
0.449559076717803	-0.333129989737248	0.065	0.07	1	THG1L	c14
6.93614321305727e-05	0.333086203958309	0.132	0.092	1	FBXO42	c14
0.391300054957112	-0.333019153604205	0.031	0.036	1	PPP1R3F	c14
0.0169004749341114	0.332999118230019	0.08	0.061	1	MYBBP1A	c14
0.287223007080819	0.332608797810192	0.035	0.029	1	RAB40C	c14
0.00728398276743917	0.332483392720923	0.074	0.054	1	ICAM1	c14
0.229474794302636	-0.332433296086861	0.03	0.037	1	MAP1LC3B2	c14
0.450589456620575	-0.332408170466232	0.09	0.096	1	C19orf48	c14
0.539754949729379	-0.332188622632758	0.018	0.021	1	FKBP14	c14
0.2963515400158	-0.332126327179933	0.072	0.08	1	NUP43	c14
0.249227449885037	-0.332044219015301	0.044	0.052	1	UBE2D4	c14
0.887924542839342	-0.332004510277897	0.067	0.064	1	ZFAND4	c14
0.0155931652090972	0.331985833648724	0.057	0.041	1	SPATS2	c14
0.149052665858858	-0.331959098207342	0.176	0.187	1	KLHDC3	c14
0.341569328525018	-0.331911206220727	0.022	0.027	1	SEMA4F	c14
3.32155319277198e-05	0.331303729580226	0.194	0.144	1	MAEA	c14
0.0149404662536128	0.331167668967106	0.046	0.032	1	RPGR	c14
0.698804793924978	-0.33111724283825	0.036	0.038	1	ERMARD	c14
0.89011259752469	-0.331084358876342	0.024	0.024	1	ZNF891	c14
0.00055809109703517	0.331036978482251	0.133	0.098	1	PGRMC1	c14
0.550691064375829	-0.330976695320192	0.034	0.037	1	ZNF519	c14
0.692283252837362	-0.33092602032763	0.024	0.025	1	MACROD1	c14
0.0415512427189752	0.330918219968962	0.035	0.024	1	KDM8	c14
0.0148298836261463	0.33091373134432	0.07	0.052	1	TMEM251	c14
0.168201077421484	-0.330826902003126	0.218	0.225	1	PRKCB	c14
0.0349792916967292	0.330602138252996	0.042	0.03	1	MPZL1	c14
0.221386474365469	-0.330593192954012	0.523	0.44	1	TNFRSF1B	c14
0.198717635712646	-0.330494064198207	0.111	0.123	1	GNPDA1	c14
0.000116167245571075	0.33042831272339	0.168	0.123	1	AKAP8L	c14
0.010444126615678	0.330349791625646	0.067	0.048	1	CTU2	c14
0.0117622803694203	0.330344449701716	0.038	0.025	1	BTBD2	c14
0.00236417837942648	0.330160594287436	0.082	0.058	1	TCAIM	c14
9.40723450709026e-05	0.330154084883147	0.142	0.101	1	AAR2	c14
0.00634028424315281	0.330069529415452	0.062	0.043	1	RRP36	c14
0.00386003486232777	0.330003304812346	0.07	0.049	1	GORASP1	c14
7.89847343866234e-05	0.329898719170065	0.181	0.134	1	MFAP1	c14
0.164685172803147	0.329893464029119	0.03	0.023	1	UBN2	c14
0.049515933970399	-0.329772699407319	0.328	0.335	1	PNPLA2	c14
0.0861978005115939	0.329656948867653	0.063	0.05	1	CHUK	c14
0.000145443946649633	0.329381050886909	0.127	0.09	1	POM121	c14
0.390767583654742	-0.329173547885526	0.043	0.049	1	GDPD5	c14
0.575239154416152	-0.3290742068276	0.009	0.011	1	PLEKHG4	c14
0.92013690290984	-0.329041354407623	0.044	0.044	1	ZNF609	c14
0.00309299689097656	0.328955825578773	0.086	0.062	1	HCCS	c14
0.765491203454799	-0.328904738477204	0.034	0.035	1	ANGEL1	c14
0.82704096480991	-0.328824872615009	0.018	0.019	1	ZNF155	c14
0.279883710280891	-0.328730729675987	0.04	0.047	1	POLA2	c14
0.000661439822877345	0.328641678914259	0.115	0.083	1	NDUFAF7	c14
0.749157325571138	-0.32861590738402	0.031	0.032	1	ENGASE	c14
0.142534253449834	0.328485737442676	0.025	0.018	1	ZNF613	c14
0.377739773456121	-0.328378162830075	0.041	0.047	1	GGCX	c14
8.28033813741352e-05	0.328224536604879	0.079	0.05	1	ENTPD3-AS1	c14
0.944312640829411	-0.328097379872198	0.013	0.013	1	FAM213A	c14
0.156955359593763	0.328006889609403	0.026	0.019	1	LACE1	c14
0.00450924712398393	0.327997365460313	0.095	0.07	1	NRF1	c14
0.276095002802341	-0.32794922395969	0.046	0.054	1	GRPEL2	c14
0.0275339366141335	0.327862542042621	0.069	0.052	1	SMPD2	c14
7.40644152176069e-05	0.327677482331942	0.135	0.095	1	PDXK	c14
6.22331831411439e-05	0.327526355763452	0.15	0.107	1	PIGF	c14
0.429789784201108	-0.327075428794365	0.041	0.046	1	CDK19	c14
0.983578187400013	-0.327034498365546	0.016	0.016	1	IBA57	c14
0.353109560502214	-0.326920187334485	0.075	0.083	1	DDX26B	c14
0.0687313204706767	-0.326873596097469	0.359	0.357	1	CNIH1	c14
0.850699886123135	-0.326801843904418	0.02	0.02	1	OTUD3	c14
0.000835365608045791	0.326742353880761	0.097	0.068	1	PPP1R37	c14
0.00683780646894221	0.326570930347321	0.094	0.07	1	KCTD17	c14
0.00518956883454429	0.32640132987587	0.15	0.12	1	POP7	c14
0.00638450112889547	0.326325174573951	0.044	0.029	1	SDCBP2-AS1	c14
0.00049778838684523	0.326323254876263	0.176	0.136	1	AFG3L2	c14
0.147416587142469	0.326290951137587	0.03	0.023	1	TTLL3	c14
0.102895171624973	0.326255828946032	0.064	0.052	1	TKFC	c14
0.320541263820099	-0.32623339078674	0.222	0.223	1	KDM2A	c14
0.564201403824069	-0.326194493769335	0.045	0.049	1	TRIM32	c14
0.00616823291601371	0.326137825303427	0.091	0.068	1	METTL13	c14
0.268750162990719	-0.32611769598147	0.038	0.045	1	NUDT7	c14
0.541703058257507	-0.325954974165692	0.051	0.055	1	RNF130	c14
0.0012698850833895	0.325534813449988	0.077	0.053	1	LCLAT1	c14
0.0607571266093309	0.324976874312146	0.045	0.034	1	ACER3	c14
0.0359223702710667	-0.324815900591298	0.339	0.348	1	RHBDD2	c14
0.442076006844889	-0.324640620256081	0.071	0.077	1	SCAI	c14
0.152736796671677	-0.324593609354008	0.247	0.253	1	TPP1	c14
5.84842675477989e-05	0.324580461055308	0.156	0.112	1	CCDC22	c14
0.0196568765650324	0.324485309489126	0.029	0.018	1	C3orf33	c14
0.252633882486139	0.324346715549902	0.012	0.009	1	FBXO36	c14
0.163831662990795	-0.324316877480182	0.083	0.096	1	NTPCR	c14
0.864898320699656	-0.324125791226709	0.016	0.017	1	LINC00893	c14
0.0104569983176565	0.324107447169531	0.09	0.069	1	DNAL4	c14
0.0114410182116486	0.324105807602223	0.041	0.027	1	PSTK	c14
0.856219200883329	-0.324104909890618	0.022	0.022	1	PAIP2B	c14
0.0505036021933604	0.323912864373093	0.035	0.025	1	CSRP2BP	c14
9.81067943115557e-05	0.323729792433227	0.122	0.085	1	RNF2	c14
0.00216799276030612	0.323697599803525	0.104	0.076	1	LIN37	c14
6.68722277096688e-05	0.323536041975443	0.158	0.115	1	CIAPIN1	c14
0.307874844706654	-0.323434793095929	0.138	0.146	1	EP400	c14
0.000120410984322751	0.323303088191642	0.105	0.071	1	MTF1	c14
0.784980809077317	-0.323228788717266	0.025	0.023	1	ZNF551	c14
0.63356018993537	-0.322844187204538	0.105	0.107	1	METTL4	c14
0.40990054743639	-0.322815351205956	0.067	0.073	1	NCAPD3	c14
0.0155215555489391	0.322586205059111	0.065	0.048	1	WDR3	c14
0.740127217768335	-0.322331511405195	0.029	0.03	1	ZNF316	c14
0.000303115991548849	0.32231142691814	0.14	0.102	1	MCM6	c14
0.308828998111065	-0.322211358377629	0.009	0.013	1	LACC1	c14
0.000839954911375812	0.322193957470054	0.079	0.054	1	DNAJC27	c14
0.159021607404498	0.322150312160142	0.036	0.028	1	PHF13	c14
0.000816075080378323	-0.322133135129791	0.469	0.481	1	FAM107B	c14
0.388404215489803	-0.322116675332679	0.087	0.094	1	ZNF44	c14
0.0023354550162659	0.322080756304123	0.074	0.051	1	ZNF66	c14
0.282061293881733	-0.322069258340437	0.108	0.116	1	SAYSD1	c14
0.103756834821431	-0.322051566224505	0.122	0.139	1	HSD17B12	c14
0.0890792797163927	0.322009210123639	0.029	0.021	1	ZNF684	c14
0.353605566812984	0.321994670388739	0.018	0.015	1	FNIP2	c14
0.621643836454026	-0.321842731146953	0.134	0.135	1	ZNF83	c14
0.346628108522796	-0.321826483401574	0.023	0.028	1	ZBTB11-AS1	c14
0.19545983877926	0.321659956167458	0.014	0.01	1	AC005037.3	c14
0.0789210790247982	-0.321591877402184	0.151	0.169	1	TARSL2	c14
0.00202219076232326	0.320871446705265	0.129	0.099	1	ERAL1	c14
3.95440448100756e-05	0.320794759137517	0.177	0.129	1	AP3M1	c14
0.540088304191473	-0.320670152206955	0.014	0.017	1	TCTN1	c14
0.000587508448119942	0.320640164501472	0.103	0.072	1	SEC24D	c14
0.461662707409733	-0.320637362049554	0.066	0.071	1	ABCA7	c14
0.10913075980422	0.320575007261739	0.017	0.012	1	RNF122	c14
0.0035842028192818	-0.32025829910584	0.438	0.442	1	ELOVL5	c14
0.0607409323080681	-0.320148033313125	0.219	0.233	1	CCDC28A	c14
0.0532166651274156	0.31999050218285	0.066	0.052	1	RRNAD1	c14
0.0268855810433475	0.319739480163779	0.045	0.032	1	ZNF865	c14
0.000830250867583403	-0.319701107196881	0.563	0.542	1	TNFAIP8	c14
0.231189522209201	0.319633794945767	0.015	0.011	1	SMOX	c14
0.246500250357401	-0.319542100966063	0.075	0.085	1	GPAT4	c14
0.572494661197301	-0.319432957135178	0.015	0.018	1	PALB2	c14
0.325186430103728	-0.319267377694057	0.035	0.041	1	BCL6	c14
0.000130488220304653	0.319256611503725	0.138	0.098	1	TEFM	c14
0.00564418625904804	-0.319148692600315	0.365	0.379	1	CYLD	c14
0.0896017918375336	0.319084987953546	0.043	0.033	1	ZW10	c14
0.00218953407414103	0.319047625258007	0.11	0.082	1	CCDC94	c14
0.00322807233421905	0.318965184025394	0.102	0.075	1	FAHD2A	c14
0.0478935084489429	0.318956196606752	0.05	0.038	1	UQCC1	c14
6.88338029223625e-05	0.318899777287494	0.172	0.125	1	COMMD9	c14
0.11650910224767	-0.318783042181166	0.324	0.326	1	SNRNP200	c14
7.6437560617556e-05	0.318635522562361	0.159	0.116	1	RHOT1	c14
0.30048808954217	-0.318620249084926	0.068	0.076	1	IQSEC1	c14
0.047259216775212	0.318545472719041	0.057	0.043	1	WRAP53	c14
3.05334234668606e-05	0.318538788394025	0.184	0.134	1	PPP2R4	c14
0.22260771803138	-0.318356567555472	0.086	0.097	1	TASP1	c14
0.0413359912230791	-0.318353400705098	0.392	0.387	1	VOPP1	c14
0.167248539064243	-0.318279115614179	0.222	0.229	1	CCNG1	c14
0.22316363733386	-0.318228675885975	0.224	0.23	1	HTATIP2	c14
0.000921206262113986	0.318215297153698	0.115	0.084	1	CSTF2	c14
0.00289285345779706	0.318181408754919	0.102	0.075	1	UCK1	c14
0.10115782743002	-0.318004503594088	0.248	0.257	1	DPYD	c14
9.23756662943357e-05	0.31785162602626	0.146	0.105	1	CCDC14	c14
0.052545501090262	-0.317794204747366	0.251	0.268	1	SVIP	c14
0.858574122794646	-0.31778083207119	0.037	0.038	1	MTHFSD	c14
0.175315581714075	-0.317668117236148	0.09	0.103	1	FRA10AC1	c14
3.50843117409784e-05	0.317339425824323	0.162	0.116	1	MED17	c14
0.015551832519589	0.31720910755664	0.068	0.05	1	C22orf34	c14
0.308942754225233	-0.317198617002369	0.084	0.092	1	WASH1	c14
0.317880912863421	0.317107126808041	0.018	0.015	1	RP11-850A17.1	c14
0.00271441312130214	-0.317079859850954	0.441	0.451	1	ARID5A	c14
0.0525383411397057	0.317042649844754	0.074	0.059	1	COG6	c14
0.0401025934680122	0.316847599551895	0.031	0.021	1	MLF1	c14
0.000274110471123009	0.316833498186442	0.124	0.089	1	NCBP1	c14
0.0048590867476133	0.316824879581912	0.123	0.096	1	DFFA	c14
0.921435284144714	-0.316691800689292	0.032	0.032	1	EFNA4	c14
0.276263255745041	0.316587042426844	0.03	0.024	1	SORD	c14
0.39548615262452	-0.316558228207859	0.026	0.03	1	ZNF510	c14
0.33807542271009	-0.316406230463199	0.148	0.155	1	TMEM245	c14
0.0133786301618249	0.316294215851251	0.059	0.042	1	HRSP12	c14
0.000317568126321454	0.316082032864456	0.15	0.111	1	HDGF	c14
0.97044314776025	-0.315955672974055	0.045	0.045	1	NR2C1	c14
0.173852180192395	0.315915562498418	0.012	0.008	1	MCF2L	c14
0.836184655418168	-0.315773836710412	0.039	0.04	1	AKAP5	c14
0.604402830015981	-0.315539793508678	0.041	0.044	1	ENTPD1-AS1	c14
0.00215753189798502	0.315424786994891	0.118	0.088	1	DPP4	c14
0.0111851763125328	-0.315328175233303	0.391	0.396	1	SAMHD1	c14
0.000612663210450482	0.31531464993037	0.097	0.067	1	QKI	c14
0.414072729993989	-0.315228252526112	0.177	0.18	1	PURA	c14
0.443980976978647	-0.315214351989479	0.107	0.112	1	SCO1	c14
0.0123858860130583	0.315131397749763	0.069	0.05	1	SNX18	c14
0.468973313784902	-0.315059969240169	0.082	0.087	1	TUBD1	c14
9.60657127527392e-05	0.314882975195903	0.116	0.08	1	WDR59	c14
0.0933243845757671	0.31487027053037	0.04	0.03	1	TMEM106A	c14
0.991653303450892	-0.314793457898419	0.036	0.036	1	TRIB1	c14
0.31969264086047	-0.314682618655727	0.08	0.088	1	NFKBIL1	c14
9.81376784734683e-05	0.314462467987253	0.162	0.118	1	GTPBP6	c14
6.38263474932543e-05	0.314441243603312	0.2	0.151	1	MAP2K2	c14
0.356662664990939	-0.314440871676821	0.078	0.085	1	MUTYH	c14
0.000142256512604368	0.314182490886668	0.164	0.122	1	MAGT1	c14
0.324497541052905	-0.314039576160899	0.007	0.01	1	HOMER2	c14
0.250585180328499	-0.314035959659577	0.187	0.195	1	SOD2	c14
0.028181237886638	0.313883521353999	0.034	0.023	1	GPA33	c14
0.47314914710299	-0.313753626386198	0.008	0.011	1	RP5-1157M23.2	c14
0.317165467927702	-0.313698532341318	0.159	0.166	1	URI1	c14
0.645786061440772	-0.313540359781949	0.158	0.158	1	SPTBN1	c14
6.64759011122698e-05	0.313479028189219	0.176	0.128	1	CYTH2	c14
0.00622671721099569	0.313434610101322	0.068	0.048	1	SLC35E2	c14
3.23962048650258e-05	0.313249284083674	0.179	0.129	1	SUCO	c14
0.000694213137093161	0.31295818593568	0.108	0.077	1	BIN3	c14
0.000512446106579121	0.312880660999415	0.109	0.077	1	SACS	c14
0.655534027176344	-0.312772338737584	0.012	0.014	1	FITM2	c14
0.00033163542433179	0.312705140036192	0.165	0.124	1	R3HDM1	c14
4.61315809999469e-05	0.312582810344203	0.174	0.126	1	SHC1	c14
0.680410802147734	-0.312401768584267	0.063	0.065	1	AC003075.4	c14
0.858836947487988	-0.312031623581585	0.028	0.029	1	MYL5	c14
0.0370094435963196	0.31198703351546	0.026	0.017	1	MASTL	c14
0.0046081226431295	0.311958739109044	0.099	0.074	1	RNF31	c14
0.915263775385378	-0.311902627561772	0.012	0.013	1	BAIAP2	c14
0.115424433386449	0.311768937485574	0.028	0.02	1	CPEB3	c14
0.1747870625524	-0.31171870016978	0.268	0.271	1	SMS	c14
0.25501328302119	-0.311399330019308	0.096	0.106	1	SLC35B3	c14
0.000668317973718971	0.311319125367834	0.116	0.084	1	ATP6V0A2	c14
0.000170646110475899	0.311188908487457	0.158	0.116	1	TRIM13	c14
0.640132889248816	-0.311155426117349	0.02	0.022	1	USP40	c14
0.0886417461123343	-0.311143842211992	0.14	0.157	1	QTRT1	c14
0.00160780120326672	0.311128736620264	0.098	0.07	1	ANKIB1	c14
0.0262263096018547	0.311069113319935	0.043	0.03	1	C1RL-AS1	c14
0.400928714094521	-0.310966729540402	0.045	0.051	1	ARIH2OS	c14
0.00105570755493974	0.310856970182573	0.129	0.096	1	NEDD1	c14
0.180763279910007	0.310758457302023	0.025	0.019	1	IRAK1BP1	c14
0.0100336855716672	-0.310600757547036	0.332	0.351	1	ITGAL	c14
0.0412733157879158	0.31033793270882	0.04	0.029	1	RABL2A	c14
0.519742824098043	-0.31022480948005	0.069	0.073	1	FBXO25	c14
0.443655260491243	-0.31007313508687	0.012	0.015	1	DARS-AS1	c14
0.00450768462465176	0.309996993093511	0.055	0.037	1	ATXN1L	c14
0.315607539987465	0.309952395425145	0.032	0.027	1	FANCI	c14
0.801761660466212	-0.309820770419216	0.015	0.016	1	KCNQ5	c14
0.00242662159391664	0.309814776087375	0.103	0.076	1	MTHFD1	c14
0.562188886969236	-0.309774981674268	0.063	0.067	1	LRRC23	c14
0.0050547088070329	0.309708130443491	0.098	0.073	1	KIAA0586	c14
0.235200734620933	-0.30954482451281	0.086	0.097	1	HIF1AN	c14
0.00146230937528073	0.309517303308666	0.078	0.054	1	TMEM206	c14
0.373477629655676	-0.30940165454248	0.164	0.169	1	HBS1L	c14
0.893761579804912	-0.30936371847721	0.03	0.03	1	KIAA1919	c14
0.00139539185967502	0.309345707912431	0.108	0.079	1	GAR1	c14
0.140506210413999	-0.309313667841753	0.206	0.216	1	ACTR1B	c14
0.00035160256153942	0.309300653479058	0.149	0.11	1	NMT2	c14
0.945609633099533	-0.309088459728498	0.045	0.045	1	RAB43	c14
0.000246385825628455	-0.309076226122917	0.462	0.477	1	SYF2	c14
0.740622074549638	-0.309058582552602	0.04	0.042	1	BRD1	c14
4.40108664794043e-05	0.308970900962968	0.149	0.105	1	L3MBTL2	c14
0.284731537736568	-0.308932966100703	0.192	0.199	1	ERAP2	c14
0.0129677360915711	0.308907124074272	0.058	0.041	1	RLN1	c14
0.151260136980504	0.308675871366933	0.024	0.017	1	CCDC122	c14
0.0329364745865332	0.30848297021623	0.044	0.032	1	FUZ	c14
0.0111220597171853	0.308426260840238	0.082	0.062	1	MSH2	c14
0.071904256408151	0.308421594624497	0.036	0.026	1	PLXNA3	c14
0.00551502873828011	0.308311880195549	0.088	0.065	1	RCL1	c14
0.040359164007584	0.30824109216669	0.052	0.039	1	B3GLCT	c14
0.418190773114596	-0.308179811669552	0.051	0.057	1	RMND1	c14
0.00111399683087439	0.307914180610136	0.131	0.098	1	MESDC1	c14
0.18409565188819	-0.307781647428429	0.22	0.227	1	MDM4	c14
0.469951758383138	-0.307681589369881	0.02	0.023	1	NOD2	c14
0.0619451398230615	0.30767657518236	0.015	0.009	1	HFE	c14
0.000661242260409326	0.307675479417683	0.121	0.088	1	FAM175B	c14
0.0769338072507436	0.307642074651107	0.029	0.02	1	CASZ1	c14
0.114582781409746	0.307435067454947	0.036	0.027	1	PTDSS2	c14
0.473936167578952	-0.307289608004228	0.038	0.042	1	PHKA2	c14
0.412485574370519	-0.307248738460176	0.013	0.017	1	ACCS	c14
0.0226782979459021	0.307197723419627	0.054	0.04	1	PDF	c14
0.00473137689301655	0.307043665953981	0.097	0.072	1	CDC23	c14
0.694826746762211	-0.307009284205085	0.015	0.017	1	RP11-313P13.5	c14
0.000188343262872414	0.306887496998795	0.161	0.119	1	FAM45A	c14
0.000149444555918776	0.30671343508131	0.132	0.093	1	CNOT10	c14
0.713203108584473	-0.306682450694667	0.064	0.066	1	ZDHHC18	c14
0.589808203380351	-0.306618377056987	0.046	0.05	1	C7orf43	c14
0.42891791293096	0.306571805406856	0.011	0.009	1	SLC30A1	c14
0.400890172283505	-0.306522043608902	0.06	0.066	1	LIN52	c14
0.40630994854801	-0.306417707422278	0.014	0.018	1	RRAS	c14
0.160651295592987	-0.306322448433281	0.016	0.023	1	CBR3	c14
0.500370377104423	-0.306196419205383	0.031	0.035	1	RP11-160E2.6	c14
0.0508459280217375	-0.306167362237795	0.165	0.187	1	ARL16	c14
0.00312439912120853	0.305989617364383	0.1	0.074	1	RAD17	c14
0.380015590782276	-0.305945416498089	0.04	0.046	1	DHRS7B	c14
9.22808085036289e-05	0.305925934224355	0.126	0.088	1	RNASEH2A	c14
0.0042290604602039	0.305689168573914	0.076	0.054	1	TAP2	c14
0.397662715558591	0.305651858588361	0.02	0.016	1	ASCL2	c14
0.00439126567359705	0.30564009124133	0.075	0.053	1	ACBD3	c14
0.524732817147582	0.305411691773271	0.011	0.009	1	KIAA0895L	c14
0.00766681014902675	0.305358060774196	0.095	0.071	1	RRP1	c14
0.496315028864465	0.305223312780166	0.01	0.008	1	LRRC20	c14
0.882408225585159	-0.305022821623893	0.016	0.017	1	ZNF565	c14
0.711339033611667	-0.304826944798847	0.032	0.03	1	RP11-124N14.3	c14
0.0516962885732941	0.304621869686734	0.069	0.054	1	TIPIN	c14
0.000106762342976654	0.304434921168134	0.131	0.092	1	CERS4	c14
0.255678591593352	-0.304389737804226	0.191	0.198	1	ANKRD49	c14
0.497266542219001	-0.304249983777183	0.259	0.253	1	RFTN1	c14
0.65599165537661	-0.304218370069264	0.033	0.035	1	ZNF345	c14
0.494620147771715	-0.303989806378183	0.049	0.054	1	AAMDC	c14
0.00041648300199893	0.303910416578655	0.122	0.088	1	TRIM5	c14
4.43992693606485e-05	0.303749762026574	0.141	0.099	1	ELMSAN1	c14
0.58086317440101	-0.30371527008738	0.025	0.028	1	HYPK	c14
0.59199490802958	-0.303553698395688	0.02	0.022	1	DIRC2	c14
0.0283830666363859	0.30350546033342	0.052	0.038	1	NR4A3	c14
0.000200772884446936	0.303302742287038	0.163	0.121	1	RXRB	c14
0.0307280463420581	0.302996696625895	0.068	0.052	1	MUT	c14
0.500611178529206	-0.302984249089845	0.043	0.048	1	HIST4H4	c14
0.106542151641665	0.302881805224286	0.024	0.017	1	CD72	c14
0.109739835359296	0.30276638763554	0.027	0.019	1	FBXL14	c14
0.238175284779998	0.302627257734535	0.029	0.023	1	LDOC1L	c14
0.415200707007444	-0.302572378726541	0.116	0.122	1	CRTC2	c14
0.000383982801810862	0.302518641436748	0.097	0.066	1	EIF1AD	c14
0.162809844464571	0.302518397303075	0.023	0.017	1	LINC00665	c14
0.523218132076837	-0.302502573459445	0.082	0.087	1	AHSA2	c14
0.790577459280087	-0.302155002524263	0.059	0.06	1	PP7080	c14
0.427974444911908	-0.302026624871615	0.041	0.046	1	WSB2	c14
0.746510263896807	-0.301966875553672	0.072	0.073	1	NFRKB	c14
0.123344486142401	0.301798448876429	0.034	0.026	1	B3GALNT2	c14
0.333670459223923	-0.301681638051314	0.151	0.157	1	CLASRP	c14
0.106232089330579	0.301540927214517	0.044	0.034	1	TCEAL1	c14
0.493886196245092	-0.301506015789176	0.038	0.042	1	B3GALT6	c14
3.96711876333384e-05	0.30148893549557	0.285	0.225	1	CHD4	c14
0.650263543074333	-0.301450104611576	0.012	0.014	1	KCTD2	c14
0.945596530395957	-0.301447584072361	0.021	0.021	1	RP11-635N19.1	c14
0.332784218704703	0.301440342417324	0.014	0.011	1	RP11-147L13.13	c14
0.0100373885004055	-0.301381755142116	0.548	0.539	1	SYNE2	c14
0.542131796020234	-0.301358483209347	0.161	0.163	1	CAMK1D	c14
0.306105510685207	-0.301324347731359	0.084	0.093	1	RP11-1094M14.11	c14
0.0450972106321807	0.301323769637655	0.039	0.028	1	TTC22	c14
9.64410253991852e-05	0.301230341570474	0.255	0.199	1	GRHPR	c14
0.000597048052663689	0.301046100683666	0.111	0.079	1	FAHD2B	c14
0.00412931799896425	0.300931420707722	0.11	0.083	1	PNO1	c14
0.00125285624470228	0.300910294340636	0.128	0.095	1	ANKRD13C	c14
0.00150629682348812	0.300756351096279	0.11	0.081	1	ANTXR2	c14
0.284379618433613	0.30073973743242	0.023	0.018	1	CENPU	c14
0.632172768457914	-0.300679456775414	0.07	0.073	1	ZBTB40	c14
0.34505211389995	-0.300427145442269	0.067	0.074	1	KDM3B	c14
0.365723398497129	-0.300324901312686	0.078	0.085	1	PACSIN2	c14
0.523850404269194	-0.300315730248617	0.015	0.018	1	MTMR8	c14
0.00126263050811829	0.300237921528759	0.11	0.08	1	B4GALT7	c14
0.672334353609133	-0.300142852748035	0.075	0.077	1	CRY2	c14
0.211302399138388	-0.300060944393481	0.067	0.077	1	RBM19	c14
0.00017778846820153	0.299961799326056	0.156	0.114	1	RWDD4	c14
0.108142329757526	0.299737907233822	0.035	0.026	1	MIPEP	c14
0.00806334176775507	0.299651834442204	0.091	0.069	1	KCMF1	c14
0.53301596769678	-0.299560799674632	0.034	0.038	1	TRMT12	c14
0.780998403661744	-0.29945836985014	0.021	0.022	1	SNHG22	c14
0.000139274364322437	0.299420589583253	0.164	0.12	1	VAMP3	c14
0.871627160405046	-0.299352783263247	0.011	0.012	1	TRIM66	c14
3.81990632202221e-05	-0.299314522428258	0.542	0.55	1	PHB2	c14
0.287916499187811	-0.299112502864518	0.141	0.149	1	NCOA2	c14
4.76412552131962e-05	-0.298902696544494	0.586	0.589	1	TECR	c14
0.000487637262906249	-0.298684507266988	0.457	0.467	1	TMEM219	c14
0.83181903119992	-0.298350598566927	0.047	0.048	1	RANBP6	c14
0.00146343590690643	0.298302178660331	0.091	0.065	1	MAP3K6	c14
0.385710625692103	-0.298195893674116	0.224	0.226	1	NLRP1	c14
0.560489277651231	-0.298071291023891	0.048	0.052	1	RP11-452F19.3	c14
0.322767410826365	-0.298043080004475	0.163	0.17	1	STAT6	c14
0.829129396625906	-0.297952566309981	0.01	0.011	1	RTCA-AS1	c14
8.20683309712735e-05	0.297891653527759	0.182	0.135	1	PLEKHA3	c14
0.000299734018449049	0.297853908354276	0.162	0.122	1	KPNA1	c14
0.0755015306350315	0.297838221285958	0.015	0.01	1	ZFP3	c14
0.601860478072689	-0.297834553556257	0.067	0.07	1	HIPK3	c14
0.710636716788094	-0.297655218691766	0.018	0.02	1	ZNF852	c14
0.364565460407451	-0.297627567787993	0.023	0.027	1	MFSD12	c14
0.00536400129736268	0.297552634670473	0.09	0.067	1	UTP14A	c14
3.39972679770612e-05	0.297514078666829	0.175	0.126	1	MRPL46	c14
0.0524692039027782	0.297399062575601	0.06	0.046	1	ACOX3	c14
0.918132983938641	-0.297347190206394	0.025	0.024	1	TAF4	c14
0.016244693956838	0.297222240090301	0.063	0.046	1	SETD4	c14
0.723246305833836	-0.297092058612935	0.021	0.022	1	ZC4H2	c14
0.532787832044386	-0.297079774527222	0.105	0.108	1	MOCS2	c14
0.000108617389232025	0.296981247687607	0.203	0.154	1	SACM1L	c14
0.892235912247802	-0.296951119762908	0.066	0.066	1	RAD51B	c14
0.0518521633308553	-0.296818490453076	0.319	0.329	1	RSBN1	c14
0.0100908632296847	0.296742398974577	0.06	0.042	1	SCFD2	c14
0.636716671549964	-0.296675184860327	0.037	0.04	1	PAK4	c14
0.198669960917369	-0.296637355255392	0.975	0.938	1	RPS26	c14
0.67836965404451	-0.29645583853334	0.009	0.011	1	FAM89A	c14
0.735398628451577	-0.296398132394869	0.048	0.05	1	PIGU	c14
0.47645227177608	-0.296390561500671	0.094	0.099	1	JARID2	c14
0.383547481729631	0.296376147848215	0.011	0.009	1	HIST1H2BE	c14
0.400595447808583	-0.296209541681487	0.064	0.07	1	TMED1	c14
0.369402714860392	-0.296111990936118	0.061	0.068	1	INTS1	c14
3.04855100364432e-05	0.296052384334536	0.185	0.135	1	HTRA2	c14
3.53703173887004e-05	0.296020220103961	0.181	0.131	1	NME6	c14
0.000420726919362356	0.295840590057113	0.183	0.141	1	WDR46	c14
0.0305606024345559	0.295709208711509	0.062	0.047	1	ZNF71	c14
0.189354792072824	-0.29564178199043	0.134	0.146	1	QARS	c14
0.752570965389859	-0.29555509704984	0.01	0.011	1	RP11-706O15.1	c14
0.534428739833258	-0.295552544290485	0.044	0.048	1	SIK2	c14
0.000970958771866216	0.29518045012554	0.099	0.07	1	PRR14L	c14
0.989106350259667	-0.295099223462167	0.026	0.025	1	FAN1	c14
0.00145012794586979	0.295056189933297	0.116	0.086	1	NOC4L	c14
0.0109609177110713	0.294984443023627	0.069	0.05	1	CAPRIN2	c14
0.550191138499032	-0.294947551425973	0.133	0.136	1	UBA7	c14
0.0303755588436164	0.294857546243723	0.049	0.036	1	SAMD1	c14
0.705566372252561	-0.294721746178417	0.022	0.023	1	AMACR	c14
0.665922317706183	-0.294715996894769	0.076	0.079	1	RP11-902B17.1	c14
0.000453870401360575	0.294583993791272	0.169	0.128	1	PSMD10	c14
0.00442312769364029	0.294526366357659	0.047	0.031	1	MTERF2	c14
0.000140934331055467	0.294435893952446	0.168	0.124	1	R3HCC1	c14
0.128199353328934	0.293973128718855	0.047	0.038	1	DHX37	c14
3.3242974246264e-05	0.293955140031485	0.151	0.106	1	TTC37	c14
0.386737622519021	0.293849870919383	0.013	0.01	1	RP11-296O14.3	c14
0.801221778034776	-0.293735485753079	0.044	0.045	1	DBP	c14
0.904397367592257	-0.293730447585516	0.016	0.016	1	SH3BP5-AS1	c14
0.003720833528322	0.293707178458864	0.092	0.068	1	HAUS6	c14
0.00110573761320231	0.293636088424212	0.097	0.068	1	HEXIM1	c14
0.174524031290002	0.293545210451156	0.013	0.009	1	BCORL1	c14
0.00451738748994332	0.293471356969622	0.085	0.062	1	ZNHIT6	c14
9.263662158905e-05	-0.293422285030462	0.627	0.615	1	IKZF1	c14
0.0409042947000726	0.293207669778151	0.042	0.03	1	TRMT10A	c14
0.806307469331456	-0.293097820448529	0.032	0.033	1	SETD7	c14
0.365583111529218	-0.293094000891167	0.15	0.157	1	RNPC3	c14
0.000443709088537618	0.293084301400519	0.143	0.106	1	IMPA1	c14
0.626045761591208	-0.293052921829138	0.052	0.056	1	AP5S1	c14
0.677051097050836	-0.292931587595791	0.03	0.032	1	PRMT6	c14
0.534868082121942	0.292848024738145	0.012	0.01	1	EFCAB11	c14
0.104046872409586	0.292732584582745	0.044	0.034	1	WRN	c14
0.186064881687969	-0.292594703478882	0.185	0.197	1	USP34	c14
0.439818570696235	-0.292529963312171	0.033	0.038	1	CEP83	c14
0.000310994356670523	0.292521259349077	0.131	0.094	1	C19orf52	c14
0.660863787022848	-0.292261800262514	0.176	0.173	1	GSK3B	c14
0.767428041800326	-0.29222844096948	0.012	0.013	1	SCD5	c14
0.000558558148919171	0.2920194390451	0.051	0.031	1	TMOD2	c14
0.757123488206452	-0.292003984759127	0.017	0.016	1	DYNC2H1	c14
0.447956507555012	-0.291947587124358	0.081	0.087	1	RGP1	c14
0.352426865167496	0.291939494239199	0.025	0.02	1	MAN1B1-AS1	c14
0.123990737827735	0.291814294038386	0.05	0.04	1	TIMM8A	c14
0.000110341166972101	0.291703945264911	0.2	0.152	1	MRPL37	c14
0.000796572842945429	0.291675424105461	0.136	0.101	1	EIF2B2	c14
0.016664910619961	0.291185704509064	0.083	0.064	1	LRRC57	c14
0.581073480113876	-0.291163576439402	0.058	0.061	1	EPOR	c14
0.0361502870975781	-0.291124975174077	0.323	0.334	1	GLG1	c14
0.141562075163633	-0.291088397414794	0.153	0.167	1	TSN	c14
0.000154108435635863	0.290905776241434	0.184	0.138	1	S100PBP	c14
0.0146436959211204	0.290759400840074	0.061	0.044	1	SASS6	c14
5.26273702162265e-05	0.290690390118873	0.171	0.124	1	SLC35B1	c14
0.376758083695155	-0.290676594296851	0.099	0.106	1	CRYL1	c14
0.000269129841318571	0.290540016614871	0.143	0.104	1	YIPF2	c14
0.0245677697437908	0.290473510792087	0.073	0.056	1	MFN1	c14
0.00378307110942956	-0.290413780195633	0.384	0.406	1	HNRNPUL1	c14
0.0122871350584789	0.290134358839434	0.092	0.071	1	SPTSSA	c14
0.55061012149704	-0.289868497399996	0.039	0.043	1	GATSL3	c14
0.941030343401438	-0.28983438183669	0.021	0.02	1	GINS2	c14
0.00266552527544951	0.289817421576717	0.076	0.053	1	RP11-352M15.2	c14
0.00185419167313025	0.289815515543418	0.097	0.07	1	USP37	c14
0.410544909371316	0.289539877592357	0.018	0.015	1	HIST2H2BE	c14
0.000214156381014229	0.289508927212788	0.124	0.088	1	C18orf25	c14
0.533007315564541	-0.289419632973193	0.07	0.074	1	C12orf43	c14
0.0110524637509381	-0.289385029531203	0.298	0.323	1	DARS	c14
0.000130714914928962	0.289376660593833	0.219	0.17	1	ADPGK	c14
0.0318073592463843	0.289376263673441	0.048	0.035	1	MICALL1	c14
0.000607714348481236	0.289236861241663	0.162	0.124	1	C3orf38	c14
0.00201373735051814	0.288980270268234	0.076	0.053	1	SGPP1	c14
0.000109585139767358	0.28895626295845	0.192	0.145	1	SGMS1	c14
0.424666481924054	-0.288734945868695	0.045	0.051	1	ST3GAL3	c14
0.00409664283927022	0.288710549520292	0.069	0.048	1	ZNF740	c14
0.00012760905538098	0.288631670767046	0.188	0.141	1	C20orf27	c14
0.108958816593855	0.288609295790037	0.052	0.042	1	CEP89	c14
0.177214997119728	-0.288517108426189	0.081	0.093	1	ITGB3BP	c14
0.0370611715610183	0.28835261385087	0.071	0.055	1	ZSCAN25	c14
0.0400690183141969	0.288170939432725	0.054	0.041	1	ERCC8	c14
0.369876452950015	-0.288047642119506	0.245	0.244	1	ZFAND3	c14
0.822342237543117	-0.288002246256675	0.125	0.118	1	SIDT1	c14
0.0159488960636527	0.287940284133718	0.084	0.064	1	INTS9	c14
0.000318574382130254	0.287853406217443	0.14	0.102	1	PEX6	c14
0.439589084090182	-0.287812873641107	0.122	0.127	1	LMBR1L	c14
0.251531956916377	0.287638247705902	0.03	0.024	1	STX18-AS1	c14
0.725760726574765	-0.287625355442574	0.038	0.04	1	EID2B	c14
0.000470692911030659	0.28756744072416	0.131	0.095	1	INO80	c14
0.617511164093476	-0.287518356000377	0.073	0.076	1	MTMR3	c14
0.292442497205302	-0.287369667731936	0.143	0.151	1	ZNF580	c14
0.466808051240776	-0.287307295409877	0.026	0.03	1	AP006621.5	c14
0.001700308753117	0.287029238943111	0.095	0.068	1	CASP2	c14
0.000745610184742173	0.286849447455477	0.128	0.095	1	PSMD5	c14
0.709845080408437	-0.286831548184015	0.043	0.045	1	FEN1	c14
0.00528043206239095	0.286822673228131	0.113	0.087	1	MBIP	c14
0.386022540740384	-0.286755324381057	0.121	0.128	1	ZNF862	c14
0.021369746524708	0.286684232823975	0.049	0.035	1	NDC1	c14
0.00541091513491988	0.286497113620285	0.096	0.071	1	ZDHHC13	c14
0.591060756987586	-0.286390919064298	0.03	0.033	1	ACY1	c14
0.0473000940261599	0.286269496800464	0.066	0.051	1	DCAF17	c14
0.603955022409857	-0.286167103680652	0.03	0.033	1	LIPE	c14
0.000690943930658577	-0.286085956920704	0.618	0.593	1	LITAF	c14
0.46802870151719	-0.286006160423475	0.067	0.072	1	ZNF561	c14
0.42126896603894	-0.286005417577388	0.066	0.072	1	FAM168B	c14
0.427339878968023	-0.285723356772083	0.029	0.033	1	LZTFL1	c14
0.56049127140253	-0.285718174460515	0.097	0.101	1	ADAT1	c14
0.684870646084693	-0.285645804762812	0.073	0.075	1	RABGAP1	c14
0.0178598709510665	0.285598848833974	0.081	0.062	1	RFT1	c14
0.60501677979658	-0.28554601480022	0.114	0.117	1	ALG12	c14
0.00875863117423464	0.285473225059017	0.062	0.044	1	RBM12B	c14
0.63660242268278	-0.285447189951858	0.112	0.114	1	TCTA	c14
0.000147330329050855	0.285376478286255	0.184	0.137	1	EMC2	c14
0.920000646919899	-0.285180456232177	0.01	0.011	1	HIPK1-AS1	c14
0.158695283230062	-0.285129486317075	0.251	0.257	1	NDE1	c14
0.000135856661511839	0.284983314435255	0.199	0.151	1	GOT2	c14
0.000651587428148031	0.284977179923619	0.178	0.136	1	RPP30	c14
7.79742235082873e-05	0.284947396429737	0.216	0.164	1	PPP3R1	c14
0.436255384902757	0.284609094476186	0.022	0.018	1	ALG10B	c14
0.00375421003575798	0.284540134234069	0.068	0.047	1	MIER2	c14
0.00450833773325346	0.284530549856326	0.083	0.06	1	ACTR8	c14
0.00397831156075761	0.284418339610104	0.158	0.126	1	RSPRY1	c14
0.27909777666401	0.284282935316331	0.017	0.013	1	ZBTB3	c14
0.000556628896514966	0.284229665669476	0.218	0.173	1	RNF34	c14
0.274751902195587	-0.284219421429111	0.101	0.111	1	RNF41	c14
0.04682008438469	-0.284200367884172	0.262	0.279	1	COMMD1	c14
0.451606846405865	-0.284183081779124	0.012	0.015	1	FAM149B1	c14
0.121481385020221	-0.284036202911819	0.219	0.232	1	BAZ2A	c14
0.72830136318237	-0.284034708460502	0.032	0.034	1	NFXL1	c14
0.182938463817041	0.283871346863734	0.026	0.02	1	SLC12A2	c14
0.825671559444878	0.283832102814308	0.015	0.014	1	RP13-516M14.4	c14
0.00123128793215594	0.283737808720224	0.134	0.1	1	MMS19	c14
0.505241098426036	-0.283730595935046	0.155	0.158	1	LAX1	c14
0.605733745995146	-0.283687950786031	0.085	0.088	1	HACD2	c14
0.540059000146318	-0.283685524700405	0.014	0.017	1	ARID3A	c14
0.000510377057261115	0.283670379839954	0.154	0.116	1	MRPS28	c14
0.00013500323377105	0.28357152318968	0.165	0.123	1	C16orf87	c14
0.00404367967244625	0.283432298927274	0.064	0.044	1	PPP2R5B	c14
9.07922256567177e-05	0.283367934679992	0.188	0.14	1	PRDX4	c14
0.0616369227235569	0.283356988935054	0.071	0.057	1	ENTPD6	c14
0.214337019116829	-0.28332471456262	0.104	0.115	1	TFDP2	c14
0.149380009503788	0.283265937548578	0.038	0.03	1	CCDC125	c14
0.0113453935731307	0.283247229560347	0.068	0.049	1	PRDM4	c14
0.843340102318917	-0.283135053776601	0.035	0.036	1	ZNF197	c14
0.893798398950143	-0.282997094359206	0.062	0.062	1	THAP2	c14
0.00274974566576617	0.282876979308428	0.107	0.079	1	DPAGT1	c14
0.140897968425682	-0.282835835847534	0.23	0.242	1	POLR2A	c14
0.000217955514401781	0.282808486984645	0.15	0.11	1	TMX3	c14
9.15517412053989e-05	0.282703546007145	0.238	0.185	1	DHX29	c14
0.000441000987031036	0.282476184780378	0.131	0.095	1	SNX4	c14
0.77250021780518	-0.282433004174067	0.057	0.058	1	RAB30-AS1	c14
0.0524317469114765	-0.282379712198158	0.356	0.36	1	PRPF8	c14
0.359591371263124	-0.282352731441701	0.045	0.052	1	NFE2L3	c14
0.527231833057154	-0.282254732358727	0.091	0.096	1	CORO2A	c14
0.395598190727327	0.282140424457412	0.01	0.008	1	DIP2C	c14
0.370781828370198	-0.282117817466427	0.077	0.084	1	ZNF444	c14
3.96430395346797e-05	0.282110973474202	0.238	0.181	1	INTS10	c14
0.227638425417551	0.282018457336392	0.014	0.01	1	SULT1A3	c14
0.0164226579058255	0.281921103315214	0.073	0.055	1	ATPAF2	c14
0.328844943128582	-0.281809519101137	0.036	0.042	1	KLHL21	c14
0.112182591918588	0.28167442094973	0.031	0.023	1	CHKB-AS1	c14
0.225317885448793	-0.28166139076768	0.135	0.146	1	PTPN11	c14
0.154142076596784	-0.28165280437523	0.32	0.319	1	IQGAP2	c14
0.557968716345332	-0.281628908244708	0.118	0.121	1	RNGTT	c14
0.308941692118517	0.281444196212474	0.023	0.018	1	KNSTRN	c14
0.710223229994153	-0.281425207773657	0.055	0.058	1	CPT2	c14
0.969888471787913	0.281149720975743	0.013	0.013	1	AGAP6	c14
0.000106068636292598	0.281136171974853	0.16	0.116	1	DNAJC10	c14
3.29690030944353e-05	0.281131423885058	0.284	0.221	1	MZT1	c14
0.388159744793662	-0.28104718733026	0.136	0.142	1	OSER1	c14
0.000453981080679303	0.280898827750645	0.169	0.128	1	PTTG1IP	c14
0.148729178551995	0.280827591433588	0.046	0.037	1	ZNF438	c14
0.451772879468696	-0.280620541087535	0.127	0.133	1	TRAF3	c14
0.880644944493536	-0.280526770123676	0.022	0.022	1	FXR2	c14
0.0704878491883128	0.280494148854317	0.05	0.039	1	RP11-162A12.2	c14
0.0013405815595246	0.280490417319248	0.128	0.096	1	MR1	c14
0.00011270320981997	0.280471996216379	0.158	0.114	1	VRK1	c14
0.000749920665964404	0.280372069888847	0.137	0.101	1	HUS1	c14
0.470659607816149	-0.280302449602059	0.03	0.034	1	ZNF17	c14
0.00132118809560975	0.280189919205989	0.158	0.122	1	GLMN	c14
0.0122978380949421	0.280051121902751	0.107	0.084	1	COQ9	c14
0.931718551066817	-0.279939954145294	0.185	0.176	1	SATB1	c14
0.000194733230574835	0.279693322050187	0.169	0.125	1	TIMM50	c14
0.0105100771298686	-0.279684385179301	0.433	0.434	1	C1orf43	c14
5.71356420121541e-05	0.279649004835336	0.14	0.098	1	GFPT1	c14
0.0544637903907034	0.279575033934088	0.057	0.043	1	INPP5E	c14
0.0313756303953744	0.279238267638411	0.069	0.053	1	SPATA5	c14
0.167375847913562	0.279204159754701	0.028	0.021	1	RP11-553L6.5	c14
0.00334059022094328	0.278837677025308	0.095	0.069	1	TMEM191C	c14
0.7279051522579	-0.278786772767833	0.085	0.087	1	AGTPBP1	c14
3.10920366687376e-05	0.278768569946033	0.238	0.18	1	CWC25	c14
0.368656629644781	-0.278500866948752	0.066	0.073	1	KDM4B	c14
0.19832996893994	0.278493364809879	0.02	0.014	1	ZNF440	c14
0.00108691032501215	0.278398579324022	0.163	0.126	1	TRAF2	c14
0.0186463070525643	0.278306445462349	0.113	0.091	1	DPP3	c14
0.00439158877605659	0.278284915031883	0.134	0.104	1	PCK2	c14
0.139477375806534	-0.278109769449677	0.27	0.278	1	NFKB1	c14
0.462513317249729	-0.278020394732012	0.203	0.204	1	MLLT6	c14
0.000207735294017236	0.277952432726449	0.16	0.118	1	FAM69A	c14
0.724274366671579	-0.27795030341502	0.061	0.063	1	DNAJC13	c14
0.29242933166946	-0.277914590387363	0.135	0.144	1	CTBP1	c14
0.280708199451718	0.277903488920135	0.025	0.02	1	ZNF529-AS1	c14
0.115025747569085	0.27786516164339	0.035	0.026	1	MIEF2	c14
0.998220817941272	-0.277711762865711	0.016	0.016	1	ZRANB3	c14
0.00529330864726119	0.277576368726321	0.133	0.104	1	GPATCH4	c14
0.416310220217461	0.277422226409164	0.015	0.012	1	SUMO4	c14
0.474351756707744	-0.277390708919433	0.132	0.136	1	SEC24C	c14
0.581749615667248	-0.277318778062584	0.021	0.023	1	ZNF554	c14
0.319511373462249	-0.277299257331389	0.067	0.075	1	CEP170	c14
0.873115589140094	-0.277223065827392	0.059	0.059	1	RNF185	c14
0.585404993085896	-0.277206695855589	0.131	0.133	1	RPS6KA5	c14
0.00682377805475926	0.27719840617555	0.086	0.064	1	SIK3	c14
0.362122571144301	-0.277197952722751	0.11	0.117	1	NIPAL3	c14
0.00355821346475763	0.277099708689512	0.127	0.097	1	DDX41	c14
0.71165290937515	-0.27709803662102	0.015	0.017	1	LINC00526	c14
4.00145718696101e-05	0.277097356662188	0.139	0.096	1	DLGAP4	c14
0.0119003569286104	0.27706630558201	0.071	0.052	1	LINC00094	c14
0.241526754905883	-0.276914672234445	0.038	0.046	1	MAP3K14-AS1	c14
0.0200080813458596	0.276831827740206	0.059	0.043	1	METTL25	c14
0.0100294052843847	0.27683067056145	0.076	0.056	1	ZMYM1	c14
0.000165565733881322	0.276813122629746	0.097	0.065	1	C2CD3	c14
0.0177716254086416	0.276712538663863	0.117	0.094	1	STX6	c14
0.378897425054738	0.276705242918998	0.015	0.012	1	FOXO4	c14
0.695859936439344	-0.276687061844019	0.047	0.05	1	OSBP	c14
0.0125828962358866	0.276638685617339	0.07	0.051	1	CROT	c14
0.000138707000913443	0.276624137055373	0.166	0.123	1	SCFD1	c14
0.576421879883404	-0.276543650646216	0.037	0.04	1	DENND1A	c14
0.166781915996871	0.276538120364231	0.028	0.021	1	RAPGEF2	c14
5.80903434545065e-05	0.276437133654611	0.209	0.156	1	STX4	c14
0.622682506382141	-0.276347381861301	0.014	0.016	1	GGH	c14
0.780890260652401	-0.276319517470255	0.013	0.014	1	RP11-111F5.4	c14
0.134207265747193	-0.276318532688954	0.232	0.242	1	PTOV1	c14
0.395623200261478	-0.276197538473655	0.191	0.195	1	MARCH6	c14
0.000362305997542225	0.276193161261813	0.173	0.131	1	ACTL6A	c14
0.0069976886875828	0.276095802823122	0.062	0.043	1	PANK3	c14
0.329852534283999	0.275973848573137	0.023	0.018	1	TESK1	c14
0.00407737866988309	0.275917960288763	0.114	0.086	1	NOP16	c14
0.119008348754904	0.275891802153307	0.036	0.027	1	ZNF598	c14
0.000115719972149711	0.275712550982835	0.195	0.148	1	CDK11B	c14
0.00027484737653969	0.275694485937948	0.188	0.143	1	SNAP29	c14
0.994220144706675	-0.275675180666842	0.041	0.041	1	DCUN1D4	c14
0.00790884006682413	0.275423885578816	0.121	0.095	1	LTBP3	c14
0.0884882169827068	0.27541195628387	0.02	0.013	1	PYROXD2	c14
0.0207402440922513	0.275325114500935	0.085	0.066	1	PDDC1	c14
0.873072845889877	-0.275298441136903	0.042	0.043	1	STK11	c14
0.508061672171753	-0.275286853434631	0.084	0.089	1	TNFAIP8L2	c14
0.447426119433779	-0.275192322510485	0.184	0.187	1	SMIM10L1	c14
0.10749813914021	-0.275168137402069	0.336	0.34	1	ZNF292	c14
0.0320954779326775	0.275027767725723	0.035	0.024	1	KIFC2	c14
0.0948150135896877	-0.274972472096514	0.289	0.297	1	ZNHIT3	c14
0.25118663809681	-0.274946282582238	0.137	0.147	1	TCEAL8	c14
0.0037925011281814	0.27494364836421	0.073	0.051	1	HPS6	c14
0.660135107516739	-0.274840697495957	0.038	0.041	1	NPHP3	c14
0.000296723137641085	0.27469320246144	0.147	0.108	1	ZNF143	c14
0.000121254391500426	0.274617952145906	0.106	0.071	1	USP28	c14
0.387893813388413	-0.274551928490707	0.149	0.155	1	ATF1	c14
0.0322711123727764	0.27454662033986	0.064	0.048	1	IPP	c14
0.44769342831071	-0.274405402097071	0.062	0.067	1	TUG1	c14
0.00850965240817716	0.27431227302163	0.09	0.068	1	MFN2	c14
0.0270673385099019	0.274191783058984	0.059	0.043	1	EPG5	c14
8.02036077702631e-05	0.274166352972106	0.163	0.118	1	TM9SF3	c14
0.641381681048656	-0.274159025060109	0.075	0.078	1	IL18R1	c14
0.510360682987767	-0.274005890270162	0.037	0.041	1	KMT5C	c14
0.000654781929766586	0.273957567492299	0.132	0.096	1	AP4B1	c14
0.00194193818580121	0.273834652366293	0.197	0.158	1	AZI2	c14
0.315358385830387	-0.273751725196421	0.181	0.187	1	USP22	c14
0.982572152924413	-0.273669308931639	0.027	0.027	1	DMWD	c14
0.68856694227907	-0.273662334632374	0.097	0.099	1	SMPD4	c14
0.308770580489634	-0.273656510230906	0.271	0.273	1	PRRC2B	c14
0.0555462277581159	0.273549083734939	0.067	0.053	1	WDYHV1	c14
5.29819245395798e-05	0.273498501445392	0.168	0.12	1	DTX2	c14
0.000579388380527858	0.273478794637614	0.176	0.135	1	REEP3	c14
0.31078782793723	-0.273362488602307	0.264	0.264	1	ABLIM1	c14
0.0177278200999857	0.273359679923042	0.092	0.072	1	HPS5	c14
0.00972179872167784	0.273282423193729	0.06	0.042	1	ZNF786	c14
0.0289618103864141	0.273198587467986	0.034	0.023	1	RP11-488L18.10	c14
0.919525383264854	-0.273175950610349	0.146	0.139	1	CD81	c14
0.00299498441223593	0.273146417737568	0.121	0.092	1	PATL1	c14
0.00100571948361689	0.273145276429095	0.156	0.119	1	CNOT3	c14
0.749841654950549	-0.273125208835472	0.016	0.018	1	TRIP6	c14
0.00237673669407478	0.273123058741664	0.097	0.07	1	CKS1B	c14
0.953709343917821	-0.273122305329537	0.121	0.117	1	MCM5	c14
0.0022935768350589	0.272956643622337	0.11	0.081	1	PREPL	c14
0.817461645470913	-0.272912575810519	0.095	0.095	1	ZBTB24	c14
0.863264695114661	-0.272666282246957	0.009	0.01	1	ZNF19	c14
0.809601938361425	-0.272498204513499	0.035	0.033	1	SLC18B1	c14
0.00264493268671527	0.272469527172596	0.141	0.108	1	CXorf40B	c14
0.00678536522923694	0.272281038144794	0.089	0.067	1	SDE2	c14
0.000256268944451701	0.272214033677709	0.211	0.163	1	PARP4	c14
0.0200108695557708	0.272193471911278	0.088	0.069	1	C8orf82	c14
0.000482818959009975	0.272054802328072	0.132	0.096	1	EEA1	c14
0.831303394694719	-0.271957432966978	0.105	0.104	1	ZNF10	c14
0.850587228060356	-0.271795729812251	0.139	0.131	1	MLLT10	c14
0.0473526490209215	-0.271677282409499	0.312	0.327	1	ATF6B	c14
0.805189735079594	-0.271639710507153	0.039	0.04	1	SSBP3	c14
0.304362419135198	-0.27155567056928	0.148	0.156	1	TXNDC11	c14
0.0419982260490846	0.271485432399032	0.063	0.048	1	KCTD10	c14
9.67172701555535e-05	0.271457904194153	0.193	0.143	1	PIGH	c14
0.516387157687614	-0.271312020550154	0.049	0.054	1	NF2	c14
0.688258430672953	-0.271116733161475	0.017	0.019	1	UNC119B	c14
0.0227187470154961	0.271057271941047	0.07	0.053	1	CLCN7	c14
0.484857492446333	-0.271005296896084	0.116	0.121	1	ASPSCR1	c14
0.0547976531425612	0.270956384533809	0.037	0.027	1	ANKRD42	c14
0.00405390472425117	0.270945733059788	0.138	0.107	1	NMD3	c14
0.897906454112008	0.270893140079634	0.011	0.012	1	CDK2AP1	c14
0.00125594264138002	0.27087637197007	0.145	0.11	1	OMA1	c14
0.995995899907327	-0.270865826375968	0.046	0.046	1	SLC7A1	c14
0.481087320092384	-0.270840531265899	0.018	0.022	1	ARHGAP33	c14
0.434128216496024	0.270826228593773	0.014	0.012	1	IFNL1	c14
0.2929326809271	-0.270777181464275	0.086	0.095	1	MTG2	c14
0.022653256631934	-0.270739499245401	0.56	0.539	1	AKAP13	c14
0.300964125522853	0.270684383170529	0.022	0.017	1	TCEANC	c14
0.0573963731098625	0.270645428935145	0.026	0.017	1	ZNF790-AS1	c14
0.0135796423523536	0.270481471458107	0.105	0.082	1	RRBP1	c14
0.449835456030441	-0.270398848613379	0.086	0.092	1	MLXIP	c14
0.00777890099494613	0.270274089960106	0.088	0.066	1	HSD17B4	c14
0.229843808819895	-0.270267787701922	0.264	0.267	1	ZMYM2	c14
0.522018330276281	-0.27018266405782	0.055	0.06	1	PDK1	c14
0.677927466857878	-0.270081458602356	0.082	0.085	1	SLC46A3	c14
0.437452681176069	-0.270062149271702	0.103	0.109	1	LYRM7	c14
0.0114437417844129	0.269913145872062	0.097	0.074	1	FAM50B	c14
0.00830619692660008	0.269893660441971	0.141	0.112	1	BAG5	c14
0.250889827957822	-0.269854869642548	0.102	0.112	1	ZNF708	c14
0.444530731767143	-0.269807921079764	0.11	0.116	1	MKNK2	c14
6.08796374960283e-05	0.269774384703909	0.257	0.2	1	MRPL42	c14
0.00895675100959245	0.269761191932033	0.085	0.064	1	ATP13A2	c14
0.103827294534148	0.26975507687521	0.042	0.033	1	BORCS8	c14
6.36507960024006e-05	0.269644605743564	0.285	0.224	1	PKN1	c14
0.251622570570368	-0.269594340129737	0.068	0.077	1	FAM160B2	c14
0.645315250007798	0.269554636344013	0.015	0.014	1	ZNF726	c14
0.177711435514841	-0.269508358244863	0.205	0.215	1	TSPAN5	c14
0.283504276904441	0.269457417299338	0.027	0.022	1	NKRF	c14
0.219426235844928	-0.26943766684757	0.139	0.15	1	CREBL2	c14
0.00303471986374601	0.269345659478004	0.111	0.083	1	C2orf49	c14
0.101529463088038	0.269282230708574	0.018	0.012	1	IRGQ	c14
0.0140858160477509	0.269179565268862	0.11	0.087	1	CPTP	c14
0.039999245970048	0.269150904907855	0.088	0.071	1	SPAG16	c14
8.74057406320827e-05	0.269044583249562	0.12	0.082	1	STXBP3	c14
0.000336527782680548	0.269001436676032	0.135	0.097	1	MED7	c14
0.687313921990435	-0.268735439565616	0.048	0.051	1	LINC00539	c14
0.511277310718336	-0.268644702404419	0.017	0.02	1	ECE2	c14
0.174327237599037	0.268477703485657	0.013	0.009	1	RP11-426C22.5	c14
4.67932560675178e-05	0.268417097308813	0.211	0.157	1	ZNF217	c14
0.00138486378891757	0.268346675133357	0.129	0.097	1	FASTKD2	c14
0.0700646191049469	0.26831220628075	0.044	0.033	1	MAPKBP1	c14
0.0025142615283147	0.268205312676293	0.108	0.08	1	STX18	c14
0.468612288319874	0.268077977870468	0.016	0.014	1	NUDT6	c14
0.889759800339003	-0.267994197174355	0.038	0.039	1	RAB11FIP2	c14
0.000568132349316362	0.267927884935632	0.172	0.131	1	ATP6V1B2	c14
0.0078922348918147	-0.267804278958597	0.464	0.466	1	AAK1	c14
0.46590597777412	-0.267704376732187	0.085	0.091	1	USP7	c14
0.305011513139172	0.267663796038081	0.015	0.012	1	GBGT1	c14
0.185149329742847	-0.267604526115709	0.172	0.184	1	HMG20B	c14
0.000100981692466439	0.267594681976494	0.195	0.146	1	UBE2Q2	c14
0.00617354180380193	0.267500772128018	0.123	0.096	1	AP1B1	c14
0.000811787683552947	0.267483993110456	0.12	0.087	1	NQO2	c14
0.226455311796446	0.26739134706339	0.011	0.008	1	GPR157	c14
0.453249707032647	-0.267351744278121	0.219	0.218	1	PRKX	c14
0.949964493233533	-0.267282868816914	0.111	0.107	1	ERO1B	c14
0.169215648008718	0.267281002819971	0.035	0.028	1	MVK	c14
6.37090461578079e-05	0.267196668418222	0.239	0.184	1	CDC5L	c14
0.87066739863341	-0.267044352971327	0.028	0.028	1	ZNF543	c14
0.0207029493251088	0.267030311863258	0.069	0.052	1	FAM118B	c14
0.0148075094558927	0.26695311196145	0.075	0.056	1	AP001258.4	c14
0.702574229133264	-0.266943607344375	0.012	0.014	1	PITPNM2	c14
0.000328673065387784	0.26678058441298	0.153	0.113	1	EXOSC5	c14
0.429815305321368	0.266757030746772	0.012	0.01	1	RP11-12G12.7	c14
0.000161720950972959	0.266678482942022	0.25	0.195	1	IMMT	c14
0.0010234728360388	0.266671028238734	0.114	0.083	1	FZR1	c14
0.514347351052317	0.266642971278445	0.01	0.008	1	PCAT6	c14
0.0193202165125506	0.266624495398716	0.114	0.092	1	XPOT	c14
0.648432719115725	-0.266534045730146	0.031	0.033	1	SNX8	c14
0.184219980837119	0.266482160743704	0.046	0.038	1	TRIT1	c14
8.12147975534896e-05	0.266417186681622	0.154	0.11	1	MARK2	c14
0.194916860559301	0.266401458640641	0.02	0.014	1	RP11-440L14.4	c14
0.0144143365593549	0.266393530561658	0.11	0.087	1	GOLGA3	c14
0.00014512275155293	0.266230626524823	0.176	0.13	1	CYB5R4	c14
0.560942764406357	-0.266208816480213	0.07	0.074	1	WDR7	c14
0.0118592463561621	0.266000190788943	0.11	0.086	1	ING3	c14
0.216708528196018	0.265947114034742	0.034	0.027	1	TEX261	c14
0.000629769739439038	0.265942596220905	0.121	0.088	1	CEP250	c14
0.0441581237451178	0.265927018648555	0.076	0.06	1	MARCH2	c14
0.0569596561899735	0.265908158313149	0.047	0.036	1	ZNF354A	c14
0.441022287915717	-0.265847875581623	0.047	0.053	1	LIAS	c14
0.23414744155277	0.265817176609653	0.016	0.012	1	FUT4	c14
0.0934191145303225	0.265735606272688	0.066	0.053	1	CHP1	c14
0.0878848066834355	0.265715895163501	0.04	0.03	1	PMF1	c14
0.791265130311284	-0.265659693192819	0.069	0.07	1	NUP205	c14
0.101684765681459	-0.265468670005587	0.457	0.448	1	HSPD1	c14
0.296613122723644	-0.265223870771534	0.153	0.161	1	WDR45	c14
0.000148567088241178	0.265124783042402	0.186	0.139	1	MTA2	c14
3.80504828795423e-05	0.265121683009002	0.364	0.29	1	WDR82	c14
0.688798795465628	-0.265076028876866	0.068	0.07	1	STK39	c14
0.00255944353962331	-0.264868651889878	0.444	0.457	1	NDUFB1	c14
0.00120638074507116	0.264787119288448	0.148	0.113	1	AP5Z1	c14
0.111956432525287	0.264757294804956	0.038	0.029	1	CNOT6	c14
0.628269105787176	-0.264755574217121	0.027	0.029	1	NAP1L5	c14
0.972180448065154	-0.26465586718673	0.057	0.055	1	FAM200A	c14
0.0074588321924646	0.264581140929047	0.104	0.079	1	TMEM214	c14
0.000141103878452665	0.264561620256285	0.205	0.155	1	TMEM126A	c14
0.011450037932924	0.264266710144211	0.082	0.062	1	RAB2B	c14
0.488809269267278	0.264228184171952	0.012	0.01	1	ZNF436	c14
7.16826069505386e-05	0.264218382723073	0.236	0.181	1	POLR2H	c14
0.411413159048312	0.263883222505418	0.011	0.009	1	CTD-2020K17.3	c14
0.000520342058005932	0.263858428960754	0.15	0.111	1	LEMD2	c14
0.0163218457215643	0.263792075454914	0.077	0.058	1	CARKD	c14
0.0154516126163445	0.263713284806918	0.09	0.07	1	PET117	c14
0.0508520174856068	0.263625940234167	0.046	0.034	1	FAM193B	c14
0.973042576406661	-0.263336214398599	0.013	0.013	1	CDT1	c14
0.611026309895026	-0.2633093194306	0.196	0.196	1	NDFIP2	c14
3.00909302565526e-05	0.263268429900602	0.287	0.224	1	AMD1	c14
0.0267013745856182	0.263267737855762	0.034	0.023	1	JRK	c14
0.545388138211585	-0.263222544974076	0.199	0.197	1	TLE4	c14
0.00231889545713419	0.263207326221973	0.124	0.094	1	RPUSD1	c14
8.13899485714016e-05	0.263139949347911	0.226	0.173	1	CERS2	c14
0.783127514182191	-0.26306769806008	0.164	0.162	1	MON2	c14
0.892954439629556	-0.263019869890488	0.023	0.023	1	FBXO48	c14
0.264920522335586	-0.262973403503544	0.294	0.295	1	RNF115	c14
0.84757745558106	-0.262891557130306	0.068	0.069	1	KCNK6	c14
0.371331288423894	-0.262806120294379	0.259	0.257	1	FAM200B	c14
0.00704253547502751	0.262609878713583	0.094	0.07	1	STRIP1	c14
0.00100478946599646	0.262572213508367	0.108	0.078	1	CNOT11	c14
0.502213195912952	-0.262377589991901	0.19	0.191	1	TRIM14	c14
0.308332140386068	-0.262324781922851	0.087	0.077	1	TRAV19	c14
0.628617253955347	-0.262302203407115	0.15	0.151	1	USP9X	c14
0.244529727051037	-0.262117739193992	0.098	0.109	1	MANBA	c14
0.0937859591307931	0.262086089171684	0.032	0.023	1	SCRIB	c14
0.653383432333758	-0.261987428305012	0.028	0.03	1	ZNF408	c14
5.36931406963441e-05	0.261985226685896	0.246	0.188	1	DNAJB9	c14
0.00233549912556967	0.261971478125469	0.137	0.105	1	ANKRD36C	c14
0.624687088216368	-0.261941354165904	0.082	0.086	1	GCA	c14
0.000439811950010248	0.261925570388063	0.18	0.137	1	C1orf174	c14
0.000729276723853871	0.261822092432939	0.144	0.107	1	PNMA1	c14
0.733515539734614	-0.261639143152113	0.094	0.095	1	MRI1	c14
0.76090474588364	-0.261535425774783	0.048	0.05	1	RNF123	c14
0.594785975524687	-0.261459731907153	0.009	0.011	1	CTD-2366F13.1	c14
0.077604838854616	-0.261451131218212	0.294	0.305	1	YPEL3	c14
0.0932515046735953	-0.261320070480722	0.3	0.306	1	SUMF2	c14
0.934823223841333	-0.2612977343242	0.026	0.026	1	RP5-908M14.9	c14
0.314839222270854	-0.26116912171212	0.256	0.26	1	PBX4	c14
0.239950139146069	0.261164930506735	0.018	0.014	1	ZNF133	c14
0.451513857883674	-0.261093298351574	0.046	0.052	1	TMED8	c14
0.0259387994057596	0.261075401461712	0.055	0.041	1	MAPK7	c14
0.000158054487393061	0.261035285735445	0.133	0.094	1	SKI	c14
0.79261023949928	-0.26099522275941	0.018	0.02	1	KCNK12	c14
0.019710368986383	0.260857651204114	0.106	0.084	1	COG2	c14
0.45910420557975	-0.260553486670661	0.137	0.142	1	TIPARP	c14
0.198806801838021	0.260400050660556	0.026	0.02	1	PRKCE	c14
0.147439820625874	-0.260196902805225	0.023	0.031	1	NAPA-AS1	c14
0.347993454999706	-0.260150343789568	0.053	0.061	1	C1orf27	c14
0.00033066381385272	0.260148747309215	0.191	0.145	1	PRPF18	c14
0.00197932798706035	0.260075385181459	0.117	0.087	1	HDAC8	c14
0.346164037539664	-0.260004422419182	0.1	0.108	1	PDPK1	c14
0.000488086316111899	0.260000220280231	0.143	0.106	1	NEK1	c14
0.000582128140418396	0.259929034401708	0.143	0.105	1	KLHL20	c14
0.441110303595866	-0.259896644602348	0.218	0.218	1	EDEM3	c14
0.89020734018483	-0.259853633694651	0.041	0.042	1	TSC1	c14
0.850168288522326	-0.259788647346963	0.026	0.025	1	VPS54	c14
0.706045667750257	-0.259650358548378	0.062	0.064	1	ZNF529	c14
0.514035508329552	0.259530053057293	0.016	0.014	1	ZBTB26	c14
0.610517439961107	-0.259443820208591	0.051	0.055	1	GIGYF1	c14
0.734135192848113	-0.259442427035936	0.1	0.102	1	CTD-2020K17.1	c14
0.484875713263919	-0.258971429396432	0.057	0.062	1	MTIF2	c14
0.00337458611781446	0.258965101980436	0.106	0.079	1	SCYL2	c14
0.00251756190293896	0.258634615034556	0.105	0.077	1	DGCR14	c14
0.286504758100878	0.258632139089012	0.023	0.018	1	DMTN	c14
0.70615256419341	-0.258599593567931	0.079	0.081	1	THOC1	c14
0.625326728241534	-0.258233877149262	0.075	0.078	1	UBE3B	c14
0.0168605342450364	-0.258220153540002	0.314	0.26	1	CREM	c14
0.254995338622693	0.258213158367508	0.014	0.011	1	ZFP41	c14
0.803091461151149	-0.258127262323373	0.05	0.052	1	PLBD2	c14
0.00163074210949546	0.258047116463174	0.11	0.081	1	EXOSC4	c14
7.13582475957071e-05	0.257906053962172	0.292	0.231	1	PCGF5	c14
0.809605602110048	-0.25771335165145	0.057	0.058	1	UVSSA	c14
3.15109488598564e-05	0.257677957907019	0.205	0.151	1	TMEM106C	c14
0.0155389220443217	0.257624454135103	0.069	0.051	1	SPAST	c14
0.000300696925326633	0.257516761646263	0.207	0.159	1	NIPA2	c14
0.000429541789685813	0.257493725440815	0.146	0.107	1	FAM21A	c14
0.000558322661578136	0.256936895828495	0.157	0.118	1	DESI2	c14
0.00832617544850692	0.256870132411698	0.101	0.077	1	NOL10	c14
0.00972103630633671	0.256825025655501	0.065	0.046	1	DHX40	c14
4.42243145160578e-05	0.256592828652653	0.194	0.144	1	SEL1L	c14
0.927668064526994	-0.256271661167228	0.033	0.033	1	PINK1	c14
0.000279135681809611	0.256213633905325	0.125	0.089	1	TRIM35	c14
0.000112965620798565	0.256209681502136	0.223	0.17	1	INPP5K	c14
0.938264753502858	-0.25598680640802	0.01	0.011	1	SLC35G2	c14
0.00801056061009235	0.255905473380013	0.068	0.048	1	CHCHD6	c14
0.000707181526478598	0.255902574526003	0.132	0.097	1	GTF2H3	c14
0.082887248663532	0.255893115435389	0.03	0.021	1	TMEM164	c14
0.097213274810673	0.255863573020061	0.055	0.044	1	PUSL1	c14
0.329089315254496	-0.255817800418782	0.199	0.205	1	POLR2B	c14
0.835906009568116	-0.255797278684365	0.085	0.086	1	TBC1D7	c14
0.605998028642607	-0.255436422459271	0.048	0.052	1	LY6G5C	c14
0.0029732364240849	0.255431042204044	0.109	0.081	1	PPM1D	c14
0.481464325057268	-0.255388984760269	0.016	0.02	1	RP11-93H24.3	c14
0.356454882318004	0.255264666504926	0.011	0.009	1	C11orf84	c14
0.0575055682760121	0.255094534685966	0.037	0.027	1	VCL	c14
0.803944780357722	-0.255004197533064	0.083	0.084	1	SLC33A1	c14
0.000270466379832262	0.254950192358377	0.256	0.203	1	OVCA2	c14
0.349366945925872	0.254890545130368	0.016	0.013	1	RNF19B	c14
0.894490866512714	-0.2547613505438	0.013	0.013	1	L2HGDH	c14
7.70893552158021e-05	0.254696386078	0.248	0.192	1	ARMC8	c14
0.0111260848870982	0.254547727904267	0.069	0.05	1	TIMM23B	c14
0.243988136740554	-0.254503957901605	0.157	0.168	1	CEP85L	c14
0.00317478478784473	0.254448699738808	0.122	0.092	1	C21orf2	c14
0.02104392244651	0.254245443758527	0.073	0.055	1	BICD2	c14
0.166667511535588	0.254156670730081	0.043	0.035	1	FBXL8	c14
0.00165898312488268	0.254136960637298	0.183	0.145	1	FAM98C	c14
0.426286280930227	-0.25408690761688	0.069	0.075	1	PMS2	c14
0.0227052657907452	0.253986117634078	0.089	0.07	1	BRCC3	c14
0.000190032904812759	0.25397881947487	0.178	0.133	1	ARHGEF2	c14
0.82890131638546	-0.253910310204311	0.027	0.028	1	AC058791.1	c14
0.972312682604643	-0.253909377316567	0.025	0.025	1	ZNF589	c14
0.575575360380507	0.253714780681793	0.011	0.01	1	HSD11B1L	c14
0.00624440957109149	0.253702657162338	0.088	0.065	1	SLC25A51	c14
0.747819794858758	-0.253637551344125	0.039	0.041	1	MKL2	c14
0.0491355329465955	0.253410987723929	0.039	0.028	1	SH2B3	c14
0.0894733173870936	-0.25339419474979	0.266	0.279	1	RELB	c14
0.134783698501598	-0.253383466403777	0.348	0.341	1	LSM5	c14
0.000297794874585519	0.253368613120029	0.19	0.145	1	GAK	c14
0.00449114177774674	-0.253200813377868	0.484	0.487	1	DPP7	c14
0.217472642866367	-0.253150363760956	0.189	0.2	1	NCOA7	c14
0.0148619996077092	0.252706163485542	0.107	0.084	1	TCEB3	c14
0.0258681795733117	0.252660358413959	0.057	0.042	1	SPPL2B	c14
0.00345312771883273	0.252439852163587	0.127	0.097	1	MLH1	c14
0.45759433715776	-0.252379067113569	0.062	0.068	1	FANCL	c14
0.0020722989982951	0.252322875931626	0.094	0.067	1	HSPA13	c14
0.450561675756374	0.25224443169463	0.013	0.011	1	CFAP44	c14
0.500832472411438	-0.25223740393882	0.147	0.15	1	HDDC3	c14
0.00412394531824851	0.252204173867046	0.137	0.106	1	MRTO4	c14
0.577974818279653	-0.252081482126045	0.024	0.026	1	C14orf28	c14
0.761304461558697	-0.252023215493205	0.05	0.052	1	EXD3	c14
0.149375927582611	0.251999121171846	0.031	0.024	1	CTNS	c14
0.00215594397177826	0.251998353010399	0.143	0.11	1	DCAF10	c14
0.00590597949649586	0.251669683426427	0.105	0.08	1	PRKAB1	c14
0.00114340731936794	0.251546247199292	0.138	0.103	1	PDCL	c14
0.00676139435753526	0.251539978014903	0.079	0.058	1	STAM2	c14
0.00259196949779853	0.251529866109739	0.147	0.113	1	PIGBOS1	c14
0.00146834472370085	0.251505901743346	0.108	0.078	1	ADAM17	c14
0.0375686147406628	-0.251362071523945	0.562	0.536	1	MBP	c14
0.93668654753841	-0.25129185664623	0.055	0.055	1	POMT1	c14
0.0104913360323105	0.251126245041049	0.121	0.096	1	CENPK	c14
0.0193021297788677	0.251095868368844	0.089	0.069	1	MTMR2	c14
0.00270400379143557	0.251090011053291	0.166	0.132	1	CDC16	c14
0.419599192062047	0.251070689269572	0.026	0.022	1	PRDM15	c14
4.25614590743655e-05	-0.250990197570264	0.731	0.705	1	SF1	c14
0.000102773168834157	0.250887346777058	0.24	0.185	1	ZMYM5	c14
0.000807474746510407	0.250868714483151	0.169	0.129	1	C1orf122	c14
0.0386480651193498	0.250842224413626	0.057	0.043	1	ZNF687	c14
0.0504931184026225	0.250836825106668	0.052	0.04	1	MECR	c14
0.0339524536550469	0.250772786398956	0.088	0.07	1	FBXO4	c14
0.321627219915701	-0.250750814192766	0.261	0.263	1	AQP3	c14
0.00929199330380005	0.250656049698723	0.092	0.07	1	CDADC1	c14
0.467390154945644	-0.250631006512382	0.022	0.025	1	ZNF282	c14
0.121173965835565	0.250126557512251	0.03	0.022	1	PLXND1	c14
0.295007672376765	-0.250105121519211	0.569	0.542	1	MT-ND6	c14
0.0108970224196522	0.249979064385586	0.107	0.083	1	ZBTB17	c14
0.819688013229664	-0.249911743154364	0.016	0.017	1	ZNF487	c14
0.0916790420151136	-0.249836713072723	0.295	0.307	1	PRKCSH	c14
0.369942553781291	-0.249774757109805	0.01	0.014	1	RPP25	c14
0.0122904245592881	0.249736877181316	0.119	0.094	1	GLE1	c14
0.00372850395191611	0.249582484716544	0.094	0.069	1	RBM4B	c14
5.1804988985069e-05	0.249317609442704	0.271	0.211	1	CHTOP	c14
0.634363904425406	-0.249306868122653	0.028	0.025	1	ZNF419	c14
0.46565646148532	-0.249158926133296	0.115	0.12	1	PGD	c14
0.042563703953367	0.249142909385298	0.061	0.046	1	SGCB	c14
0.00442187400722853	-0.249092095374314	0.54	0.547	1	MPHOSPH8	c14
0.0801900511523055	0.24906463675714	0.046	0.035	1	C17orf80	c14
0.20472041500038	0.248922136869768	0.029	0.023	1	ZNF341	c14
0.420053420015387	-0.248845799775404	0.121	0.127	1	ECSIT	c14
0.514706612693229	-0.248773037553674	0.155	0.158	1	ANKZF1	c14
0.17070481990693	0.248766832355119	0.053	0.044	1	AKT1S1	c14
0.852694488768867	-0.248731475071641	0.108	0.107	1	RALGAPB	c14
0.154632694624177	0.248504387628393	0.022	0.016	1	SEC31B	c14
0.00520280261795173	0.248501758696108	0.159	0.127	1	DNTTIP1	c14
0.000600646719277324	0.248415540282378	0.108	0.076	1	LYSMD3	c14
0.282663418446603	0.248374796997574	0.012	0.009	1	SERPINB9P1	c14
0.000199232889926988	0.248140845640907	0.183	0.137	1	TMEM11	c14
0.898712573591597	-0.248103351007713	0.08	0.08	1	PIGL	c14
0.000127380038149047	-0.247990357341317	0.735	0.696	1	GYPC	c14
7.28276818164802e-05	0.247975897195174	0.263	0.205	1	SNHG15	c14
0.387475240917747	0.247917199013751	0.015	0.012	1	ARHGEF5	c14
0.0130094816335873	0.247864523391439	0.05	0.035	1	EFHC1	c14
0.00529024263851299	0.247681238667041	0.063	0.043	1	PAN2	c14
0.988712132363784	-0.247620499706119	0.027	0.026	1	DHODH	c14
0.348966056052925	0.247606863754115	0.012	0.009	1	FCGR3A	c14
0.000367783129110727	0.247477644828824	0.211	0.162	1	PTGES2	c14
0.00475198784400976	0.247379585680325	0.138	0.107	1	KAT5	c14
4.53139865781818e-05	0.247306878162552	0.24	0.182	1	CDC73	c14
0.530492920135385	-0.247250517874396	0.022	0.019	1	PHLDB2	c14
0.0120446043863854	0.247209843225171	0.082	0.062	1	BCDIN3D	c14
0.704453470155676	-0.24719256248848	0.032	0.034	1	ABL2	c14
0.000904171843170058	0.247165065611898	0.217	0.174	1	PSMD12	c14
0.675838328546303	-0.247026830072442	0.105	0.107	1	PCMTD2	c14
0.550505058081859	-0.246926428172419	0.153	0.156	1	NHLRC3	c14
0.64132559891798	-0.24690513678395	0.028	0.03	1	AC253572.1	c14
0.17048760236811	0.246886435909119	0.039	0.031	1	ZNF232	c14
0.60697013298457	-0.246258813453896	0.034	0.037	1	HNRNPU-AS1	c14
0.649655084214557	-0.246247012035564	0.254	0.234	1	AP000769.1	c14
0.225069219101511	0.246244099528346	0.014	0.01	1	RAB19	c14
0.00024913870156995	0.24622596544139	0.236	0.184	1	VPS26B	c14
0.0301723189104621	0.246198493030917	0.035	0.024	1	IL4I1	c14
0.00491261142483897	0.246026423438896	0.118	0.09	1	CRK	c14
0.00637358200601164	0.245983870333252	0.066	0.046	1	L3HYPDH	c14
0.00719177598596811	0.245962148050738	0.1	0.075	1	ZDHHC16	c14
0.742913058815151	-0.245815650995409	0.045	0.047	1	BBS9	c14
3.66908136462216e-05	0.245743906476026	0.17	0.122	1	KLC1	c14
0.270852148599038	-0.245667781528718	0.072	0.081	1	UBE2R2	c14
0.424324252585125	-0.245651286327326	0.036	0.041	1	LMF1	c14
0.563824913187357	-0.245645936237678	0.122	0.125	1	CYB5R1	c14
0.013991964044065	0.24546757053318	0.079	0.059	1	SRGAP2C	c14
0.00310006983916259	0.245346360701035	0.109	0.081	1	HAUS2	c14
0.842009445883547	-0.245321433099416	0.071	0.072	1	TRMT11	c14
4.94333099787268e-05	0.245245776223901	0.188	0.138	1	PRKAA1	c14
0.647947630322377	-0.245150774165225	0.02	0.022	1	RP11-284M14.1	c14
0.00121567760618103	0.244823880000868	0.087	0.061	1	RBM34	c14
0.909700433612046	-0.244750946315784	0.013	0.013	1	ROBO3	c14
0.0384953915593957	0.244635497377116	0.071	0.055	1	ACOX1	c14
0.0321743845613876	0.244571040429216	0.052	0.039	1	BMPR2	c14
0.546141713605026	0.244382422605095	0.021	0.018	1	GTPBP2	c14
0.895057008740292	-0.244349559566992	0.109	0.104	1	SMYD3	c14
0.197163512945304	0.244302301893093	0.029	0.022	1	FARP2	c14
0.994619273603355	-0.244098319694981	0.051	0.051	1	SLC35B4	c14
0.313952846381913	-0.244050948435874	0.113	0.122	1	ZSCAN16-AS1	c14
0.560537201307203	-0.243942333257404	0.066	0.07	1	NSG1	c14
0.00551620068718546	-0.243924295750976	0.608	0.592	1	OXNAD1	c14
0.19059724386449	0.243914309299054	0.025	0.019	1	TEX2	c14
0.364768058799465	0.243860959456696	0.015	0.012	1	JMJD7	c14
0.00152602730300779	0.243748540860039	0.123	0.091	1	RAD1	c14
0.426524665435443	-0.243670880996718	0.196	0.198	1	ZFAND1	c14
0.00318210179084138	0.243634606085039	0.127	0.097	1	RIPK1	c14
0.552401035916865	-0.243453563718489	0.152	0.155	1	CERK	c14
0.0708252029614806	0.243429831353196	0.072	0.058	1	FAM98B	c14
0.00902633488244585	0.243261196026311	0.077	0.056	1	TBC1D19	c14
0.775361650380488	-0.243016751142966	0.04	0.042	1	TAB3	c14
0.011240298957806	0.242986170315577	0.098	0.075	1	ALG6	c14
0.0170251354634373	0.242961017711923	0.081	0.062	1	USP21	c14
0.0265118029934777	0.242889358994485	0.046	0.033	1	RFX7	c14
0.000170299875688188	0.242830449938889	0.263	0.207	1	UBA1	c14
0.0286169993687249	0.24250521238229	0.06	0.044	1	IQCG	c14
0.00129360408256287	0.242485069728334	0.149	0.113	1	DHRSX	c14
0.0425316905863863	0.242478123880868	0.029	0.019	1	CTB-55O6.12	c14
0.0205529447273395	0.242453646375481	0.086	0.067	1	C5orf22	c14
0.000221585563766125	0.242398266785834	0.205	0.157	1	NSRP1	c14
0.00345186327343452	0.242361757340138	0.111	0.083	1	PEX13	c14
0.283438253743794	0.242295953798608	0.028	0.023	1	TIAM2	c14
0.707212700246172	-0.242280808423156	0.046	0.043	1	SLC38A6	c14
0.0810593351733533	0.242239054054895	0.036	0.027	1	TLDC1	c14
0.0317357402324493	0.242172021620433	0.034	0.023	1	CEP152	c14
0.287924938749994	0.241896253079235	0.011	0.008	1	DCUN1D3	c14
0.106212011568603	0.241860414569559	0.067	0.054	1	FAM220A	c14
0.0546428434976541	-0.241763900998831	0.419	0.422	1	TTC39C	c14
0.170268599732685	-0.241739006612625	0.282	0.285	1	PQBP1	c14
0.672446066628068	-0.241685277945574	0.089	0.092	1	FBXL12	c14
0.558134498986695	-0.241517858287439	0.14	0.143	1	DGCR2	c14
0.40036635102425	0.241270569842478	0.011	0.009	1	ANO8	c14
0.000451891917878565	0.241241066215019	0.18	0.137	1	UFSP2	c14
0.00134928718580707	0.241187625560361	0.181	0.141	1	LRRC47	c14
0.890410177338797	-0.241047893286164	0.025	0.024	1	CITED4	c14
0.558397361035384	-0.241005647277645	0.024	0.027	1	LARP1B	c14
6.47876862956787e-05	0.24094728553301	0.288	0.224	1	COPS2	c14
0.00424047837771007	0.240850100919086	0.134	0.103	1	CRKL	c14
0.000845921502440015	0.240816567641565	0.16	0.121	1	NOP2	c14
0.234654888371925	-0.240798572487094	0.234	0.242	1	KLHDC2	c14
0.937460163678261	-0.240772009985993	0.12	0.118	1	SEC24B	c14
0.000432472932032437	0.240710422659961	0.172	0.13	1	SOAT1	c14
0.0310421453066839	0.240696514112483	0.084	0.066	1	PLCL2	c14
0.225860307945202	0.240619542082022	0.012	0.009	1	SNPH	c14
0.0186408823697827	0.240554344664276	0.047	0.033	1	PGAP1	c14
0.859633824055975	-0.240439755284325	0.111	0.111	1	VPS13B	c14
0.00375311454387542	0.240343512877626	0.1	0.074	1	ANAPC10	c14
0.607924914005821	-0.240341794929719	0.085	0.089	1	FAM73A	c14
7.19278710875646e-05	0.240295416690259	0.249	0.191	1	MRPS14	c14
0.0660001426771645	0.240206296140939	0.039	0.029	1	EXOC6B	c14
0.0756337302968745	0.240166668885879	0.051	0.04	1	EVA1C	c14
0.325688683275185	-0.240086303744468	0.208	0.214	1	CNOT1	c14
0.00259792366197269	0.240009899219159	0.083	0.059	1	GPR107	c14
0.204720885467436	0.239980097141456	0.041	0.034	1	DVL3	c14
0.000170265806940104	0.239886949075927	0.197	0.149	1	SNRNP35	c14
0.0366913587695887	-0.239876841697019	0.455	0.456	1	SRRM2	c14
0.0184419404158563	0.239766678848973	0.104	0.082	1	RFC4	c14
0.0557822426381595	0.239744088920436	0.059	0.045	1	XPO5	c14
0.599663404930476	-0.239739806210633	0.011	0.013	1	RP11-390E23.6	c14
0.804334946467057	-0.239669751563077	0.075	0.076	1	DHRS12	c14
0.587666965026605	-0.239602160562228	0.108	0.111	1	ATP5S	c14
0.310026774248017	-0.23937821424526	0.146	0.155	1	COMMD10	c14
0.00842718736529663	0.239370520468099	0.154	0.125	1	HAT1	c14
0.0179977857239161	0.239328948450626	0.068	0.05	1	CRAT	c14
0.124561044776908	0.239190381984973	0.024	0.017	1	VPS9D1	c14
0.000182509671480705	0.239147998451326	0.21	0.159	1	MRPS30	c14
0.000654762312794333	0.238979318014848	0.106	0.075	1	SLC35A3	c14
0.443053186444364	-0.238913195508035	0.209	0.211	1	NPEPPS	c14
0.0525989140763586	0.238825119913917	0.073	0.058	1	ACAD9	c14
0.00141053253629535	0.238738860408592	0.128	0.096	1	CEP164	c14
0.0139383214820917	-0.238670366650686	0.33	0.355	1	LINC01420	c14
0.000277366633690444	0.238644506920249	0.203	0.156	1	FTSJ1	c14
0.305686150776752	-0.238615446801197	0.154	0.163	1	ZEB1	c14
0.875910718967588	-0.238460313934876	0.07	0.068	1	LIMK2	c14
0.0199392811084158	0.238423618411735	0.073	0.055	1	BAP1	c14
0.449726182979584	-0.238293246743906	0.061	0.066	1	FAM179B	c14
0.733399507250966	-0.23823366203694	0.104	0.098	1	ANAPC1	c14
0.137617451480357	0.237869682849738	0.021	0.015	1	RP11-307C12.13	c14
0.00014942350183146	0.237855498452786	0.197	0.149	1	GUSB	c14
0.0463175029763585	-0.237806207671739	0.159	0.182	1	HOXB2	c14
0.309234086376097	-0.237649462144714	0.113	0.122	1	TBC1D17	c14
0.254570516626664	-0.237613570064376	0.26	0.262	1	GTF2F1	c14
0.496319178796748	-0.237582382965048	0.052	0.057	1	SLC4A2	c14
6.99933993094394e-05	0.237576802497138	0.183	0.134	1	KLHDC4	c14
0.0673053057427068	0.237540629177361	0.067	0.053	1	FRS2	c14
0.869967939948607	-0.237426623649045	0.046	0.045	1	ZNF846	c14
0.747568137296338	-0.237339322515193	0.754	0.663	1	PKM	c14
0.000856334878833558	0.237287691824397	0.169	0.128	1	LINC01138	c14
0.000642265961372145	0.237282749365836	0.122	0.088	1	MTMR9	c14
0.374010536909655	-0.237247686216706	0.011	0.015	1	ZNF793	c14
0.00715491749723717	0.237239839821335	0.09	0.067	1	NUP85	c14
0.0488867828629807	0.237222168321949	0.09	0.073	1	TMEM254	c14
0.01182032400571	0.237163096956414	0.119	0.094	1	WBSCR16	c14
0.00359976674448442	0.237092997834587	0.108	0.08	1	POC5	c14
0.00158242840855343	0.236778185553218	0.149	0.114	1	BABAM1	c14
0.000118993522757724	0.236759336340088	0.21	0.158	1	NIT2	c14
0.0443867145924407	0.236690282748929	0.072	0.056	1	NRM	c14
0.425837950528151	-0.236682269005077	0.253	0.253	1	ANKRD10	c14
0.000278608312228145	0.236516582212298	0.216	0.167	1	TMEM205	c14
0.768589496457515	-0.236455933770837	0.017	0.019	1	PEAK1	c14
0.425064952580336	-0.236452331370949	0.088	0.095	1	C12orf45	c14
0.980114865361062	-0.236431821270921	0.035	0.035	1	MTX3	c14
0.00544270341464248	-0.236389128999634	0.656	0.63	1	EPC1	c14
0.0136235374654789	0.236342098041101	0.075	0.056	1	RP13-580F15.2	c14
0.0117311528449836	0.236208655500394	0.066	0.048	1	NCOA6	c14
0.150687810023448	0.236149256021424	0.059	0.048	1	MSANTD4	c14
0.0310239848217526	0.236117776498619	0.109	0.088	1	PLEKHM1	c14
0.901411194248048	-0.235742681940492	0.1	0.099	1	ATP9B	c14
0.0204980404252376	0.235722538310623	0.098	0.077	1	RMND5A	c14
0.253405915518906	0.235367459318379	0.036	0.03	1	STRN4	c14
0.000244907475466117	0.235246316508648	0.152	0.111	1	GALNT11	c14
0.111988360867208	0.23517751730301	0.026	0.019	1	ZNF814	c14
0.266714182809976	-0.235159357738939	0.128	0.139	1	C17orf49	c14
0.772107935502902	-0.234984652903448	0.043	0.045	1	ZNF234	c14
0.53017611664707	-0.234981448156431	0.193	0.195	1	SLC38A10	c14
0.00646266690382427	0.234905177534413	0.116	0.089	1	ALG1	c14
0.661522560860514	-0.234656853797179	0.025	0.027	1	RP11-15A1.3	c14
3.5916141265284e-05	0.234648017695771	0.3	0.233	1	TTC1	c14
0.00519869857617976	0.234590001377097	0.154	0.122	1	FAM127B	c14
0.203194635391806	-0.234512309159469	0.402	0.392	1	WNK1	c14
0.000381866095228813	0.234271992062479	0.148	0.109	1	MICAL2	c14
0.00510732147161498	0.234264064074916	0.127	0.098	1	VPS37A	c14
7.49328944528771e-05	0.234220294130151	0.208	0.156	1	KRI1	c14
0.972458398586033	-0.234168781976827	0.07	0.069	1	ARL15	c14
0.428975558663962	-0.234152662693662	0.151	0.157	1	ZNF277	c14
0.566646838651146	-0.23413623764151	0.187	0.188	1	SMC5	c14
0.314010213154785	-0.233987890130759	0.268	0.27	1	B4GALT1	c14
0.000513496062314464	0.233986757925685	0.208	0.163	1	PAF1	c14
0.984603422628943	-0.23394770064639	0.077	0.076	1	KHSRP	c14
0.458707900698658	0.233932308547541	0.021	0.017	1	ZNF530	c14
0.019922691280138	0.233920232880106	0.06	0.044	1	PPRC1	c14
0.00546299898604708	0.233822531360981	0.122	0.094	1	YARS2	c14
0.858037955311175	-0.233797198614829	0.041	0.04	1	SLC25A42	c14
0.00107656058148132	0.233689261508043	0.199	0.156	1	DRG1	c14
0.983436687408607	-0.23367480612081	0.053	0.053	1	FLYWCH1	c14
0.459586693055225	-0.233672109915637	0.189	0.193	1	RHOT2	c14
0.0302744311821905	0.23366786087762	0.061	0.045	1	XRCC6BP1	c14
0.00322554066820608	0.233587918534014	0.117	0.088	1	ELP3	c14
0.813636333110094	-0.233543309737632	0.06	0.061	1	PLCD1	c14
0.000123245704405988	0.233534353423922	0.24	0.186	1	IL12RB1	c14
0.169977931485529	0.233453223222075	0.039	0.031	1	SVIL-AS1	c14
0.0020453208271459	0.233392352275829	0.178	0.14	1	AK6	c14
0.924836040989892	-0.233381551445824	0.081	0.081	1	CNPY4	c14
0.0504785889384943	-0.233347857793659	0.266	0.225	1	PMAIP1	c14
0.00130697848649963	0.233168131502241	0.153	0.117	1	NDRG1	c14
0.712523041203064	-0.23313719943778	0.04	0.042	1	ADAM15	c14
0.186082722992119	-0.233111283114909	0.321	0.325	1	ST3GAL1	c14
0.608288136309259	-0.233103144628395	0.01	0.012	1	XRCC3	c14
0.718629929365129	-0.233053803007546	0.017	0.019	1	MAP3K7CL	c14
0.0759645736669256	0.23304135509364	0.044	0.033	1	MRM1	c14
0.124904958906766	0.233009992831733	0.044	0.035	1	GRAMD4	c14
0.00953407315887237	0.232926667254208	0.097	0.073	1	FUT11	c14
0.059809503882175	0.23283943900246	0.051	0.039	1	PHOSPHO2	c14
5.55168163302707e-05	0.23283380875534	0.268	0.208	1	SRP54	c14
0.00183721820438686	0.23281104059591	0.162	0.126	1	ATG4D	c14
0.0341708786820963	0.232696410701349	0.07	0.054	1	LIN54	c14
0.000565285813795865	0.232644071116015	0.128	0.093	1	CYB561	c14
0.879582293407381	-0.232625181556462	0.068	0.068	1	KMT2B	c14
0.101517359053952	0.232511810486757	0.034	0.025	1	NOL6	c14
0.000269418338135427	0.232507110520047	0.265	0.21	1	RANGRF	c14
0.522442780749824	-0.232453661734216	0.076	0.081	1	SUN1	c14
0.0182773080950376	0.232405316486771	0.096	0.074	1	MTM1	c14
0.273353984173686	-0.232359603463195	0.424	0.41	1	LINC-PINT	c14
0.946571464678404	-0.232215986563895	0.068	0.067	1	RBSN	c14
0.0502017374827654	0.232130103408756	0.054	0.041	1	EIF2AK3	c14
0.00582219913179957	0.232126837091149	0.105	0.079	1	NOC3L	c14
0.179462983985792	0.232023389651956	0.051	0.042	1	ADCK5	c14
0.952788639663653	-0.231852094075007	0.06	0.059	1	CYB561D1	c14
0.091546019302792	-0.231840031460613	0.53	0.515	1	TC2N	c14
0.00127254636454911	0.231792825848041	0.252	0.205	1	GNB1	c14
0.965869450249697	-0.231764179029412	0.033	0.033	1	FAM168A	c14
0.00845979490635602	0.231763801897958	0.082	0.061	1	GEMIN8	c14
0.77823693312974	-0.231590574636654	0.091	0.092	1	ZNF335	c14
0.940461898689973	-0.231522541459015	0.035	0.035	1	SULT1A1	c14
0.51953612057367	-0.231517713346865	0.062	0.066	1	TSPYL4	c14
0.000437550880642589	0.231515635951739	0.157	0.117	1	KIDINS220	c14
0.0163633743494568	0.231398577741388	0.058	0.041	1	ZNF605	c14
0.029896939111322	0.231392948678764	0.071	0.054	1	MDM1	c14
0.000129030488239206	0.231363349110543	0.232	0.177	1	HTATSF1	c14
0.0296019160851184	0.231295173102481	0.085	0.067	1	KLHL12	c14
0.94561523465866	-0.231245582911658	0.069	0.068	1	MIEF1	c14
0.588842799387395	-0.231221489596771	0.095	0.099	1	PDS5B	c14
0.0059666245836297	0.231170392143377	0.065	0.045	1	AREL1	c14
7.75640870293417e-05	0.231030915713128	0.261	0.201	1	CYP20A1	c14
0.499305867509328	0.230863191309357	0.013	0.011	1	FKBPL	c14
0.951721575442866	-0.230853908025049	0.015	0.016	1	PPP1R13L	c14
0.000325227014552974	0.230767192786319	0.236	0.186	1	AK3	c14
0.964735169686288	-0.230698884680972	0.126	0.122	1	TBC1D2B	c14
0.219650121536351	-0.230696573148965	0.182	0.192	1	SLC35C2	c14
0.00442345393267909	0.230683540354676	0.175	0.14	1	CRIPT	c14
0.88340632543032	-0.230663058234785	0.047	0.048	1	TCF20	c14
0.24450594329664	0.230648466385381	0.026	0.02	1	TRAV18	c14
0.631534370753791	-0.230592709227145	0.14	0.141	1	SH2B1	c14
0.00145281611325252	0.230547489861088	0.145	0.11	1	ATF6	c14
0.463089534956084	0.230544630958013	0.013	0.011	1	ENO3	c14
0.524756663339321	-0.230385080164517	0.017	0.02	1	MOCS3	c14
0.490504694444637	-0.230159279108738	0.182	0.185	1	RC3H1	c14
0.0617670910789613	0.230152349104293	0.013	0.008	1	RP11-338I21.1	c14
0.000342602205931745	0.230020098878611	0.194	0.149	1	ATP6V1D	c14
0.0891758221483829	0.230009812399222	0.06	0.048	1	PCCB	c14
9.44764952270729e-05	0.229962159515281	0.239	0.184	1	WDR61	c14
0.0291793477894575	0.229943478733418	0.08	0.062	1	FUBP3	c14
0.0021642992065228	0.229860383197618	0.246	0.201	1	PLGRKT	c14
0.726211091433339	-0.229659434603255	0.027	0.029	1	FIGNL1	c14
0.68841883004348	-0.229659370045801	0.014	0.016	1	MORC4	c14
0.89676347230059	-0.229560818141247	0.04	0.041	1	ATP11C	c14
0.295230478957297	-0.229516024493652	0.34	0.334	1	APEX1	c14
0.0052701216178846	0.229515140598308	0.065	0.045	1	PON2	c14
0.125290600206417	0.229497766831339	0.033	0.025	1	DHFRL1	c14
0.0812541447838931	-0.229486494265514	0.383	0.388	1	AKAP9	c14
0.00232655536262288	0.2294487602745	0.088	0.063	1	KAT2B	c14
0.00902700728272806	0.229447879050015	0.126	0.1	1	NUP37	c14
0.865608251116071	-0.229398596537502	0.012	0.012	1	ZNF304	c14
0.00132135010735727	0.229356404032473	0.159	0.123	1	INTS6	c14
0.0467765921231199	-0.229209387972656	0.532	0.524	1	HMGB2	c14
7.34207543772119e-05	0.229165002590823	0.272	0.213	1	COA6	c14
0.000300124116235942	0.22914364586874	0.252	0.2	1	FAM192A	c14
0.000188592734993392	0.22911389604558	0.175	0.129	1	PLAA	c14
0.620974371858881	-0.229080666292195	0.065	0.068	1	TMCO6	c14
0.000371515742469599	0.229030433764059	0.303	0.245	1	ATP6V1E1	c14
0.00156833101953336	0.22899034734722	0.188	0.148	1	UBAP2L	c14
0.308804652283848	-0.228832240675419	0.106	0.116	1	SRSF6	c14
0.999794278681151	-0.228768989810003	0.028	0.028	1	RAB27B	c14
0.00180856534013875	0.228747521119624	0.176	0.137	1	KIAA1143	c14
0.996072541309578	-0.228706200475595	0.077	0.076	1	ZNF350	c14
0.789718909982167	-0.228692110887089	0.015	0.016	1	PER3	c14
0.0141205559749257	0.228653160947307	0.116	0.092	1	E4F1	c14
0.01101874303778	0.228424113799278	0.068	0.049	1	TEP1	c14
0.00306406039341964	0.228319071890048	0.138	0.106	1	IMMP1L	c14
0.0895202391449514	0.228260933087992	0.073	0.06	1	YRDC	c14
0.0485296241797123	0.228219005180242	0.091	0.074	1	ARFIP1	c14
0.403661993375616	-0.228175635751229	0.122	0.129	1	IREB2	c14
0.172389962198954	0.228173088336264	0.016	0.012	1	HSPA1L	c14
0.740348786866554	-0.228010607093324	0.179	0.176	1	SLC25A36	c14
0.242335658883155	0.227959691618306	0.027	0.021	1	IFT46	c14
0.00531634611517555	0.227898930647707	0.126	0.098	1	RNF20	c14
0.0106577168986987	0.227808933698327	0.141	0.113	1	YWHAG	c14
0.00447347746293344	0.227743674065608	0.159	0.126	1	NOP14	c14
0.0557594537463336	0.227647003284088	0.05	0.038	1	TNFAIP1	c14
0.0218657937454281	0.227603602405604	0.083	0.064	1	TSR1	c14
0.473408350038224	-0.227573179785909	0.136	0.141	1	SLC39A1	c14
0.920286201413995	-0.227480718359335	0.021	0.02	1	CEP76	c14
5.13495839572319e-05	0.227428749951502	0.235	0.178	1	NSUN5	c14
0.570387626126715	-0.227342283595125	0.25	0.243	1	SAT2	c14
0.646345973082184	-0.227337116315669	0.059	0.062	1	SIMC1	c14
0.670654303522935	-0.227263892159264	0.096	0.098	1	CEP95	c14
0.0109198086924035	0.227206286159856	0.071	0.052	1	LIPT1	c14
0.107841379911002	0.227022114062627	0.047	0.037	1	DHX35	c14
0.0998676170961424	0.226992433145436	0.072	0.059	1	UBP1	c14
0.0360722031983783	0.226927027101068	0.068	0.052	1	RCC2	c14
0.708603515654421	-0.226925220627282	0.016	0.018	1	EPAS1	c14
0.0902490350170596	0.226912986149121	0.042	0.032	1	FASN	c14
0.00184833137166905	-0.226912978079833	0.484	0.5	1	EMD	c14
0.836355586054825	-0.226901375268299	0.041	0.042	1	TBC1D22B	c14
0.025568883908798	0.226800866163464	0.065	0.048	1	AP1AR	c14
0.0118611703565938	0.226731609452819	0.098	0.075	1	ZNF236	c14
0.00084034829646265	0.226709709152859	0.118	0.086	1	SFMBT2	c14
0.89231629617734	-0.226703319839272	0.073	0.073	1	RUBCN	c14
0.713950609043566	-0.226638706399612	0.037	0.039	1	ZNF407	c14
0.393646988710053	0.226493218868459	0.011	0.009	1	ZBTB42	c14
0.714019512132358	-0.22648791058392	0.202	0.188	1	F2R	c14
0.000596056444291253	0.226405007945686	0.154	0.115	1	TBRG4	c14
0.161467389928266	-0.226305975220669	0.359	0.355	1	PHF1	c14
0.000229989178841228	0.226084490530773	0.169	0.125	1	KDM2B	c14
6.14991392266965e-05	0.226017114744774	0.371	0.297	1	ABT1	c14
0.13414183245297	0.225966483241746	0.023	0.016	1	ZNF2	c14
0.0923632144094956	-0.225945142784274	0.258	0.273	1	MRPL3	c14
0.726507768718591	-0.225926813567694	0.112	0.105	1	CTC1	c14
0.220271460641525	0.225902914100853	0.028	0.022	1	POMGNT2	c14
4.23622802416642e-05	0.22586059058277	0.309	0.243	1	DDX50	c14
0.0513189906885727	0.225746235148832	0.082	0.066	1	ZNF639	c14
0.0127176454779559	0.225645110085368	0.12	0.095	1	HMGXB3	c14
0.703429513557752	0.225601765452699	0.014	0.013	1	LTB4R	c14
0.984985847883007	-0.225575465313744	0.701	0.625	1	HSPE1	c14
0.314502428192813	-0.225511451536289	0.028	0.034	1	IFI27L1	c14
8.10081322681948e-05	0.225492942137161	0.174	0.126	1	HPS3	c14
0.159683188496002	0.225449888899217	0.045	0.036	1	SLC5A6	c14
0.0560770559185091	0.225414362783595	0.045	0.034	1	PGM3	c14
0.00247523928021509	0.225360959453235	0.178	0.141	1	PRKRA	c14
0.000797165794874182	0.225360680092195	0.181	0.139	1	DBF4	c14
0.00328209766121827	0.225312052943929	0.076	0.053	1	RFX1	c14
0.938821795600119	-0.225154780881858	0.018	0.018	1	ARF4-AS1	c14
0.000917373063952816	0.225153834497166	0.156	0.119	1	DDX39B	c14
0.761871895663897	0.225153071833755	0.058	0.055	1	TRAV16	c14
0.816302106010398	-0.225082907079463	0.148	0.146	1	SPNS1	c14
0.298354449971953	-0.224940371312119	0.179	0.187	1	GNL1	c14
0.000964984137286499	0.224898650675196	0.163	0.125	1	SNX14	c14
0.000101035476755034	0.224749299922201	0.226	0.173	1	CHMP4B	c14
0.00054337675495703	0.224616915108413	0.185	0.142	1	DYNC1I2	c14
0.942682911916087	-0.224547130680367	0.137	0.131	1	MBD5	c14
0.14557479004503	0.224546994005473	0.043	0.034	1	LIMD1	c14
0.825184218440609	-0.224523775534071	0.173	0.17	1	HERC2	c14
0.185991573860809	0.224411093319282	0.01	0.007	1	POMT2	c14
0.00409294720130525	0.224378549911092	0.102	0.076	1	BRF1	c14
0.374363261949205	-0.224309218604809	0.064	0.07	1	TTC33	c14
0.0576954168569302	0.224291114319972	0.064	0.05	1	NUFIP1	c14
0.838540135647697	-0.224060916912864	0.153	0.152	1	FAM160B1	c14
0.117004094492245	0.22398462738671	0.065	0.053	1	ABHD5	c14
0.38374762522608	-0.223966468442642	0.169	0.174	1	TAF11	c14
0.716826110551186	-0.22394877664714	0.064	0.066	1	DIS3L	c14
0.00532862633411717	0.223906140782547	0.134	0.104	1	FAF2	c14
0.00973787706693215	0.223850618206772	0.153	0.124	1	ZNF720	c14
0.502730875791692	0.223807961475496	0.011	0.009	1	RP11-301O19.1	c14
0.326827412236455	-0.223638990213083	0.222	0.225	1	MED30	c14
0.00317357517263212	0.223612434719674	0.185	0.148	1	MCM3	c14
0.0010143684532385	0.223532233139216	0.155	0.118	1	RCE1	c14
3.08193236704285e-05	0.223456275346554	0.308	0.241	1	NSMCE3	c14
0.000104842551501565	0.22340574587027	0.197	0.147	1	MBNL2	c14
0.00521529552564528	0.223386096880212	0.121	0.093	1	CPSF1	c14
0.78150772681601	-0.223341434678648	0.034	0.035	1	P2RX5	c14
0.530874836721024	-0.223333113899139	0.062	0.066	1	CMSS1	c14
0.00833610058072822	0.223291899024792	0.1	0.076	1	ABHD10	c14
0.0144362385831863	0.223189478461091	0.133	0.106	1	UBA5	c14
0.018221345256279	0.22300702213754	0.086	0.066	1	TMEM62	c14
0.000274123450810479	0.222953211717929	0.306	0.247	1	KMT2C	c14
0.695768260328324	-0.222908625476325	0.051	0.048	1	CSPP1	c14
6.16896532249849e-05	0.222850136944786	0.199	0.149	1	MID1IP1	c14
0.378941599924801	-0.222834268345194	0.293	0.263	1	HSPH1	c14
0.0272246767510873	0.22283420336016	0.088	0.069	1	PGAP2	c14
0.0023777760558599	0.222647569009431	0.172	0.135	1	ECD	c14
0.823903238748997	-0.222492970337389	0.034	0.035	1	WDR24	c14
0.30658043674579	0.222448803472618	0.023	0.018	1	ZNF74	c14
0.00834416959726866	0.222282159562733	0.214	0.178	1	KDM6A	c14
0.578971982996953	-0.222258763253234	0.023	0.02	1	ZNF845	c14
0.0111665345871678	0.222258729205537	0.123	0.097	1	IFT52	c14
0.0556798701076552	0.22223397238214	0.073	0.058	1	PPP1R9B	c14
0.994946388342478	-0.222209492792945	0.106	0.103	1	TTN-AS1	c14
0.85116343030044	-0.222101097107147	0.189	0.184	1	EXOC4	c14
0.577951630842106	-0.222013952816034	0.071	0.075	1	PDPR	c14
0.919475263039474	-0.221980288592918	0.026	0.026	1	STARD4	c14
0.000721424781919462	0.221890303292702	0.104	0.073	1	RNF24	c14
0.529563606019415	-0.221866938306924	0.045	0.049	1	ZNF692	c14
0.021688386279626	0.221645087012168	0.092	0.072	1	COX15	c14
0.0018565002855855	0.221394986950383	0.126	0.094	1	SEC16A	c14
0.643695649765898	-0.221316946513274	0.081	0.084	1	RNASEL	c14
4.85499615368142e-05	0.221309377104488	0.18	0.129	1	CTA-29F11.1	c14
0.0645270421913613	0.221209189191182	0.064	0.05	1	TMCO4	c14
0.696003784965609	-0.221116462897781	0.099	0.101	1	METTL16	c14
0.421207597857224	-0.221098959124145	0.263	0.263	1	FBXW5	c14
0.563870414809004	-0.22102982273626	0.028	0.031	1	RP11-355B11.2	c14
0.921062002426806	-0.221011098480576	0.152	0.149	1	ZNF506	c14
0.597330052194486	-0.220945108903112	0.183	0.183	1	TAZ	c14
0.00279556718425769	0.220929544754877	0.133	0.101	1	ZDHHC4	c14
0.00042421730905188	0.220912987248306	0.295	0.239	1	ECHDC1	c14
0.000161617609540009	0.220898573184826	0.196	0.148	1	GNA13	c14
0.00101461444251389	0.22069203909232	0.156	0.119	1	PLCB2	c14
0.0261004139897642	-0.220679439197865	0.565	0.543	1	TMEM123	c14
0.523682066228722	-0.220546886681519	0.223	0.221	1	CDK12	c14
0.90703211982944	-0.220535744116779	0.029	0.029	1	ZSCAN2	c14
0.000243344810260437	0.220535695794375	0.176	0.131	1	EP300	c14
0.286677980825574	0.220309888910268	0.045	0.038	1	NFYA	c14
0.0222200806242278	0.220291230265119	0.118	0.095	1	HMG20A	c14
0.684478181517531	-0.220003211959112	0.169	0.169	1	ATXN1	c14
0.051537083780059	0.219921965861056	0.064	0.049	1	ZNF121	c14
0.189658678081755	-0.219888659061867	0.126	0.14	1	DENND4C	c14
0.0807914984490995	0.219865745380634	0.04	0.03	1	SLC2A13	c14
0.000825423600501392	0.219778899119326	0.324	0.264	1	AKR1B1	c14
0.0504450882204439	0.219762118326582	0.066	0.051	1	CHPF	c14
0.000631761806220155	0.219711969359381	0.185	0.142	1	OSTM1	c14
0.800599265907083	-0.219685988894251	0.02	0.021	1	ZNF23	c14
0.0038665622722471	0.219617671147037	0.081	0.058	1	ZNF827	c14
0.923524416624622	-0.219581975961738	0.182	0.177	1	NUP50	c14
0.00905775591463077	0.219431076469636	0.17	0.138	1	CCAR2	c14
0.0669726342459954	0.219415737286341	0.108	0.09	1	ZC3H14	c14
0.005859615122816	0.21939036055146	0.143	0.112	1	RUVBL1	c14
0.669847659065321	0.219315565366148	0.016	0.015	1	ANKS1A	c14
0.617646472602565	-0.219220397747702	0.092	0.096	1	CLPX	c14
0.000240130521454361	0.219159812562495	0.142	0.102	1	EXOG	c14
0.00109641896206923	0.21905894682174	0.209	0.165	1	KARS	c14
0.000825077354085319	0.218967967590748	0.106	0.075	1	TNK2	c14
0.080030011214325	0.218942117650911	0.038	0.028	1	LYSMD4	c14
0.0024184111922943	0.21894161363964	0.12	0.09	1	TMEM5	c14
0.00716698703788911	0.218907824989861	0.084	0.062	1	RBM12	c14
0.0427568918309578	0.218904862725465	0.069	0.053	1	YAE1D1	c14
3.39474477536461e-05	0.218661655227454	0.331	0.259	1	RRP7A	c14
0.00016761476836885	0.218482536320864	0.193	0.146	1	PPP2R5A	c14
0.00396995477586437	0.218461160200913	0.109	0.082	1	ZNF652	c14
0.000676085193696165	0.218418395476673	0.263	0.212	1	RELA	c14
0.30979579128457	0.218338835649978	0.018	0.014	1	APOM	c14
0.231543576118445	0.218311421655405	0.018	0.014	1	PLAUR	c14
0.0013050282457843	0.218196839754605	0.224	0.179	1	ISCA1	c14
0.670807458775217	-0.218172492323352	0.137	0.138	1	RPRD2	c14
0.510851253595463	0.218147983346821	0.028	0.024	1	BRCA2	c14
0.000149922418406505	0.21798032901463	0.388	0.319	1	JMJD1C	c14
0.0265117090995607	0.21786020773752	0.095	0.074	1	NME7	c14
0.00135912551728789	0.217851622955972	0.157	0.121	1	SART3	c14
0.845298353534528	-0.217787740096941	0.041	0.042	1	FBXW4	c14
0.000162108754691692	0.217747274123085	0.192	0.143	1	RDH11	c14
0.73387897666568	-0.217633813228724	0.195	0.192	1	KANSL1	c14
0.484835409417134	0.217622995026937	0.022	0.019	1	ZNF747	c14
0.482840513234861	-0.217585432787889	0.162	0.167	1	AKT2	c14
0.00223824583321875	0.217493842743055	0.194	0.154	1	DEDD	c14
9.28030798437466e-05	0.217443230682581	0.14	0.098	1	GTDC1	c14
0.81050328827181	-0.217291077747536	0.011	0.01	1	ZNF577	c14
0.00372593866241308	0.217223079329078	0.092	0.067	1	SLC12A9	c14
0.60681772166548	-0.217167625164464	0.013	0.015	1	CAPS	c14
0.0106107268118582	0.217137356794075	0.122	0.096	1	CEP104	c14
0.216897645575364	0.217031912318646	0.054	0.046	1	RRM2B	c14
0.0311707135513437	0.216960746986253	0.095	0.075	1	PRAF2	c14
0.110650412997811	0.216945627244281	0.024	0.017	1	NFYC-AS1	c14
0.00013027819729391	0.216928566042435	0.253	0.195	1	UNC13D	c14
0.324372100543606	-0.216779663265574	0.234	0.207	1	IFNGR1	c14
0.0354718801269688	-0.216731722376645	0.077	0.059	1	TNFSF9	c14
0.906233829365506	-0.216722569319156	0.016	0.016	1	CFH	c14
0.956997634086145	-0.216681185908435	0.106	0.104	1	METTL3	c14
0.0139779583744862	0.216678252383771	0.108	0.085	1	RFK	c14
0.0461436351631935	0.216591454405562	0.042	0.031	1	LSS	c14
0.805207618431585	-0.216452401814639	0.017	0.019	1	NOXA1	c14
0.00162927947344544	0.216394137320353	0.122	0.091	1	TAMM41	c14
0.000151052620894699	0.216376485545632	0.324	0.26	1	BECN1	c14
0.00549781691281794	0.21622604519925	0.117	0.09	1	PMM2	c14
0.400927574636832	-0.216172997004691	0.306	0.301	1	ATF7IP	c14
0.00339904198085766	0.216066942424918	0.176	0.14	1	LRRFIP2	c14
0.754217657182307	-0.215987404588262	0.187	0.184	1	WDR54	c14
0.151629643503899	0.215971923901595	0.027	0.02	1	DYNC2LI1	c14
0.000100324166225869	0.215953041975668	0.245	0.188	1	DCTN1	c14
0.128868096035891	0.21589677159228	0.033	0.025	1	TBC1D2	c14
6.6600957132601e-05	0.215833751201873	0.229	0.173	1	RB1	c14
0.0191608346775522	0.215751421534813	0.06	0.043	1	TIRAP	c14
0.881698547505266	-0.215695177832798	0.105	0.104	1	LPCAT1	c14
0.864816742724693	-0.215670979761513	0.035	0.036	1	ZNF700	c14
0.90706925980592	-0.215629950081209	0.113	0.109	1	SCAF8	c14
0.000958350339641832	0.215537946646043	0.176	0.135	1	MARCH5	c14
4.3914327159359e-05	0.215369294067901	0.282	0.216	1	SCNM1	c14
0.911541903033076	-0.215357722160026	0.036	0.036	1	ZNF85	c14
0.00154279631995341	0.215302301757473	0.096	0.068	1	MAP2K6	c14
0.991853314100945	-0.215260816939269	0.054	0.054	1	TTBK2	c14
0.839007744253282	-0.215246665345135	0.066	0.063	1	ATG10	c14
0.682304672726359	-0.215245568119781	0.039	0.042	1	GM2A	c14
0.80235067902346	-0.215197435610426	0.028	0.026	1	WDR27	c14
0.876091694244215	-0.215132895046112	0.065	0.062	1	ISYNA1	c14
0.182027929997276	0.215054069252814	0.048	0.04	1	MAPK9	c14
0.882139335154513	-0.214953539305537	0.015	0.016	1	HIST1H2BF	c14
0.381339296344882	-0.214888206683431	0.048	0.042	1	RP11-936I5.1	c14
0.00639252015188452	0.214558279663853	0.171	0.137	1	DAP	c14
0.694034614110783	-0.214547576675694	0.04	0.043	1	ARSK	c14
0.399785424868077	-0.21454645399882	0.286	0.28	1	THOC3	c14
0.000926798773652798	0.214526138694722	0.169	0.13	1	AHR	c14
0.0206719540048298	0.214462917228845	0.189	0.159	1	NABP2	c14
6.09953094943682e-05	0.214431829602469	0.229	0.172	1	NAE1	c14
0.000172363877946904	0.214343010203806	0.431	0.36	1	DNAJC15	c14
4.41458400972566e-05	0.214118684242813	0.287	0.225	1	GBP4	c14
0.0878058092542138	0.213993366627647	0.05	0.039	1	GEMIN5	c14
0.0448116635758615	0.213923631938188	0.052	0.039	1	GBA2	c14
0.439440712948837	0.213909329724437	0.011	0.009	1	RAB11FIP3	c14
0.000320951341340448	0.213877274974344	0.192	0.147	1	ZNF131	c14
0.696607128365385	-0.213742765469359	0.156	0.156	1	ZNF91	c14
0.686599888214807	-0.213740283969738	0.044	0.047	1	NUP188	c14
0.00266789778707737	0.213664388359088	0.196	0.158	1	ACD	c14
0.0023230521614322	0.213546822850671	0.181	0.143	1	PTCD3	c14
0.0776008931819578	0.21353049558541	0.061	0.048	1	NUP35	c14
0.985253635826271	-0.213520323344274	0.034	0.034	1	SUV39H1	c14
0.804743090945843	-0.213492015961351	0.101	0.096	1	NUP133	c14
0.0311569371964629	0.213386601244729	0.068	0.052	1	PPP1R12C	c14
0.763767289112223	-0.213334591945838	0.259	0.248	1	C19orf25	c14
0.562698153539465	-0.213248866918151	0.088	0.093	1	TBC1D15	c14
0.292740529527885	0.213181642452935	0.02	0.015	1	C8orf58	c14
7.83416379449162e-05	0.213101882144721	0.257	0.197	1	BLCAP	c14
0.00138862627603284	0.213082000830969	0.159	0.122	1	EEFSEC	c14
0.0610526680227511	0.213027588488115	0.039	0.029	1	ZNF646	c14
0.50570292515105	0.212950346705586	0.029	0.025	1	POP1	c14
0.0230667185564733	0.212944175686744	0.147	0.121	1	GDE1	c14
0.904123079549525	-0.212904662283345	0.095	0.094	1	AP2A2	c14
0.620989216602734	-0.212591019693964	0.057	0.06	1	ZER1	c14
0.836610607002718	-0.212572235023818	0.038	0.039	1	ZNF500	c14
0.956160283008155	-0.212545789713516	0.064	0.063	1	TMLHE	c14
0.919312376347986	-0.21251032222538	0.17	0.161	1	CDC37L1	c14
0.687347237584806	-0.212497800449348	0.045	0.042	1	TLK2	c14
0.0388272416426537	0.212458218032832	0.136	0.113	1	METTL14	c14
0.95061181256791	-0.212421736239394	0.024	0.023	1	ZXDB	c14
0.00272169434089255	0.212222343115395	0.125	0.095	1	MFSD6	c14
0.0269250321041478	0.212213504956052	0.079	0.061	1	VPS50	c14
0.00145627626147451	0.211942631705197	0.15	0.114	1	NXPE3	c14
0.000668378293679938	0.211880123611631	0.247	0.198	1	ATAD1	c14
0.129983030943983	0.211868664226077	0.066	0.054	1	TFB2M	c14
0.238028977536361	0.211801562516349	0.041	0.034	1	SERPINB8	c14
7.49750213580062e-05	0.211674549266	0.227	0.173	1	CAMK2D	c14
0.932998284393016	-0.211659919189629	0.119	0.117	1	SHPRH	c14
0.390092344318624	0.21165050083161	0.01	0.008	1	C19orf44	c14
0.510116133675699	-0.21158844200777	0.009	0.012	1	CCDC74A	c14
0.537778301622168	-0.211486124773728	0.107	0.112	1	FUT8	c14
0.446296957379641	0.211484208201031	0.016	0.014	1	CLSPN	c14
0.685390497954304	-0.211480764708286	0.01	0.009	1	WFS1	c14
0.00104602569400494	0.211459194963813	0.108	0.077	1	ZNF384	c14
0.0685724275070913	0.211396712807392	0.046	0.035	1	SIAH1	c14
0.000237481628553544	0.211301726307678	0.19	0.144	1	AGFG2	c14
0.88343136488959	-0.211284032647852	0.028	0.028	1	GLCE	c14
0.392713708132259	-0.211214262490947	0.113	0.121	1	GLMP	c14
0.0371023975672276	0.211209656353827	0.083	0.066	1	HN1L	c14
0.00163850012126116	0.211106553858424	0.153	0.117	1	SLC39A7	c14
0.00336305259309599	0.211071540719096	0.235	0.194	1	NSL1	c14
0.938700871126026	-0.211022949678457	0.045	0.044	1	MTHFR	c14
0.0496250385126843	0.210902578612783	0.091	0.074	1	ATP2C1	c14
0.0624428501620183	0.210899924737749	0.059	0.045	1	QTRTD1	c14
0.618151549915544	0.210662090078185	0.021	0.018	1	C5orf30	c14
0.0863768209705084	-0.210637907922311	0.561	0.529	1	IL16	c14
0.0704185773811154	0.210535438749473	0.065	0.051	1	GEMIN2	c14
0.781007056056488	-0.210435434507278	0.044	0.046	1	ATMIN	c14
4.10413566904792e-05	0.210422493631448	0.305	0.237	1	DERL2	c14
0.242980532521276	0.21028288420997	0.022	0.017	1	KRBA1	c14
0.625001964194965	-0.210134516725964	0.142	0.144	1	ZKSCAN1	c14
0.00139917535416513	0.210064565895481	0.136	0.102	1	GTF3C5	c14
0.00920620572616757	0.210059815743693	0.131	0.103	1	POLR2M	c14
7.95852256062269e-05	0.21002180737707	0.254	0.194	1	MCRS1	c14
0.00766330092828646	0.209940813326227	0.116	0.09	1	RAPGEF1	c14
0.331089556715253	0.209843875047413	0.04	0.034	1	SLX4IP	c14
0.480304110887345	-0.209760062603996	0.306	0.302	1	FOXN3	c14
0.0165050402150287	0.209734584806462	0.074	0.055	1	C12orf4	c14
0.0141336244814256	0.209616895149265	0.116	0.092	1	ATP5SL	c14
0.668789753761468	-0.209594921201696	0.035	0.037	1	ZNF746	c14
0.992788523819678	-0.209354263781436	0.052	0.052	1	ZNF324	c14
0.93854048752241	-0.209342097702785	0.012	0.013	1	ZNF582-AS1	c14
0.645742190060109	-0.209272151400117	0.073	0.076	1	RNU12	c14
0.648356673900614	-0.209255604534473	0.04	0.043	1	CASD1	c14
0.191912584191531	0.209212581804689	0.026	0.02	1	CACNB1	c14
0.665302236347421	-0.209092615047536	0.118	0.12	1	MAN1B1	c14
0.0100171150869334	0.209076961560417	0.106	0.081	1	AIM2	c14
0.683158520447622	-0.209073709083243	0.01	0.012	1	ZNF607	c14
0.144376795977236	0.20904946262596	0.05	0.041	1	RBM45	c14
0.0456555092893451	0.208812250315908	0.117	0.097	1	HSPBP1	c14
0.558134348591511	-0.208706511782045	0.4	0.379	1	GATA3	c14
0.583491716375905	-0.208632321224459	0.185	0.17	1	GPCPD1	c14
0.632706832463833	-0.208437367058028	0.015	0.017	1	FAM43A	c14
0.0249017420453793	0.208393091830803	0.079	0.061	1	SLC35A5	c14
0.0543527082490502	0.208385390786947	0.066	0.051	1	ZSCAN26	c14
0.00133908467257675	0.208309646011036	0.199	0.156	1	ATPAF1	c14
0.000773418889473903	0.208284788316728	0.217	0.17	1	MRPL49	c14
0.0246642782251091	0.208239104142132	0.109	0.087	1	BCKDK	c14
0.389572407812394	-0.20812967463621	0.33	0.321	1	DHPS	c14
0.566362286923786	-0.208093217082742	0.091	0.084	1	MSL2	c14
0.0285373084177826	0.208087189298925	0.117	0.095	1	FTSJ3	c14
0.552349109748325	-0.207935893714278	0.051	0.055	1	NEIL2	c14
0.231012100841037	0.207896414271904	0.036	0.029	1	LINC00342	c14
0.00176092466607666	0.207810508974371	0.148	0.113	1	RABEPK	c14
0.799623316850919	-0.207382223457402	0.067	0.068	1	SLC9A8	c14
0.000419968524808323	0.207377229961637	0.215	0.167	1	RABEP1	c14
0.00962827179631838	0.207303323356889	0.125	0.098	1	ZFPL1	c14
0.198477277433283	0.207228485431727	0.01	0.007	1	SCARF2	c14
0.00609194537978887	0.207008997394948	0.141	0.111	1	ATL3	c14
0.21545148971433	0.206873858558044	0.023	0.017	1	GDPGP1	c14
0.0614926190234783	-0.206808575477812	0.513	0.503	1	ARID4B	c14
0.000193361295465771	0.206782603963859	0.188	0.141	1	FNDC3A	c14
0.0146265486544275	0.206744232375387	0.081	0.061	1	CNEP1R1	c14
0.873747659039115	-0.206519308716826	0.01	0.011	1	AC002116.7	c14
0.000125412367929094	0.206372906726103	0.297	0.234	1	RBBP7	c14
0.00206667346768005	0.206351007433938	0.179	0.141	1	LUC7L	c14
0.27034397890363	-0.206322822837938	0.182	0.192	1	TP53TG1	c14
0.894905467685764	-0.206276372106621	0.059	0.059	1	HINFP	c14
0.419942119781753	-0.206249002246248	0.139	0.146	1	RNASEH1	c14
0.000116862370764921	0.205972094689515	0.36	0.29	1	NDUFS2	c14
0.67945795761712	-0.205798889983293	0.016	0.018	1	AP001372.2	c14
0.00730693493242238	0.2057553074722	0.085	0.063	1	ALKBH4	c14
0.795054754203278	-0.205687450217495	0.043	0.045	1	CLCC1	c14
0.166508438580691	0.205510742679257	0.015	0.011	1	CACNB3	c14
0.0473352423373895	0.20550020438184	0.043	0.031	1	DHX34	c14
0.0505645715683729	0.205388520898781	0.072	0.056	1	LZTR1	c14
0.583046732600531	-0.205363585792945	0.176	0.178	1	EHMT1	c14
0.00957330327773754	0.205334159932252	0.072	0.052	1	SFR1	c14
0.846382408667775	-0.205333964908921	0.026	0.025	1	IL1RAP	c14
0.597468779028496	-0.205230108342157	0.071	0.075	1	CTSO	c14
0.0188943285814625	0.205229619370275	0.092	0.072	1	MCEE	c14
0.59209267317291	-0.205224088814945	0.046	0.05	1	ZNF174	c14
0.00570828206250291	0.205027943986269	0.125	0.097	1	PPP2R5D	c14
0.855168420107668	-0.204933499658222	0.009	0.01	1	SYNC	c14
0.257527462264009	-0.204889849591898	0.626	0.583	1	SMCHD1	c14
0.131321361953745	0.204857701785376	0.026	0.019	1	AC013461.1	c14
0.143744364498855	0.20478513020237	0.105	0.091	1	THOC6	c14
0.481460052286097	-0.204670081533834	0.01	0.013	1	SYCP2	c14
0.00815856360541097	0.204621275148232	0.083	0.062	1	DHFR	c14
0.125678303516374	0.204619412723662	0.029	0.021	1	AP5B1	c14
0.808833027523618	-0.204507150435355	0.051	0.053	1	SH3GLB2	c14
9.8781683548106e-05	0.204480065833841	0.267	0.207	1	TTC19	c14
0.0132586306806221	0.204473635958857	0.142	0.115	1	CSNK1G2	c14
0.459114560530214	-0.204370626234424	0.32	0.313	1	BCL11B	c14
0.0278842731643797	0.204347299383213	0.111	0.09	1	EMC9	c14
0.0131978049658013	0.204293125118433	0.121	0.096	1	PHRF1	c14
0.000278659031544056	-0.204241085262189	0.699	0.683	1	PEBP1	c14
0.00234956340665885	0.203904904088939	0.164	0.128	1	NDRG3	c14
0.099179616255187	0.203876651973384	0.085	0.071	1	ATP2A2	c14
0.000399739997608187	0.203795862078638	0.337	0.275	1	PIN4	c14
0.12059620889904	0.203795220938092	0.066	0.054	1	CCDC58	c14
0.613872851993794	-0.20375286995555	0.042	0.038	1	RP11-326C3.11	c14
0.00587717862393472	0.203384261163724	0.101	0.075	1	MED14	c14
0.894191431826542	-0.203340498622285	0.232	0.224	1	FOXN2	c14
0.0021589803649	0.203303527304448	0.125	0.094	1	ETFDH	c14
0.241367870283868	0.203240127166051	0.025	0.019	1	TBCEL	c14
0.964340249007737	-0.203171944824299	0.132	0.129	1	EPM2AIP1	c14
0.152609547105204	0.203160593979633	0.045	0.036	1	PIDD1	c14
0.81002524080657	-0.203126573088511	0.089	0.09	1	TMEM218	c14
0.000617704279544411	0.203074093170651	0.223	0.175	1	ZPR1	c14
0.00164467026924399	0.203017618213027	0.159	0.123	1	TYW3	c14
0.00324555253316216	0.202973714148947	0.164	0.129	1	TSSC1	c14
0.548854233108633	-0.202932047763978	0.219	0.218	1	C1orf52	c14
0.64061190125463	-0.202851941446033	0.031	0.033	1	FAM189B	c14
0.651191067582202	-0.202764000798274	0.132	0.133	1	ZNF581	c14
0.812925836884183	-0.202753382569063	0.125	0.125	1	TRMT10B	c14
0.511306806659142	0.202748475948178	0.011	0.009	1	CTD-2302E22.4	c14
0.586733452714744	-0.202695315381862	0.342	0.328	1	UTRN	c14
0.00921420149372864	0.202654947574765	0.083	0.061	1	POMC	c14
0.141089614544739	0.202627840457301	0.058	0.047	1	TBL2	c14
0.000279170142825829	0.202580678763848	0.355	0.29	1	ATF4	c14
0.000309360473680356	0.202537803182512	0.207	0.158	1	GTF2F2	c14
0.690753949481574	-0.202443650739346	0.07	0.073	1	XPNPEP3	c14
0.578591609279389	-0.202394279428916	0.05	0.054	1	C1orf109	c14
0.00776300024026342	0.202316940136381	0.119	0.092	1	GALK2	c14
0.00353023104124815	0.202306240437937	0.169	0.133	1	PYROXD1	c14
0.972979135890317	-0.202267006642191	0.068	0.067	1	SLC35E3	c14
0.400240102889459	-0.202209762131472	0.058	0.064	1	PAN3	c14
0.349061204087817	-0.202184323708241	0.194	0.202	1	TAF3	c14
0.605494670184325	-0.202171484651391	0.282	0.272	1	TMEM134	c14
0.0297677861402344	0.201740752513083	0.152	0.127	1	SUZ12	c14
0.678217044033511	-0.201725523485493	0.046	0.043	1	POLI	c14
0.0274370224226189	-0.201671166815187	0.869	0.798	1	SOD1	c14
0.0111132055774788	0.201659667722696	0.124	0.098	1	SIPA1L1	c14
0.855974937110328	-0.201494390223617	0.106	0.106	1	CDKN1A	c14
0.0803670649957479	0.201489693103596	0.044	0.034	1	ZBTB41	c14
0.0239418838573892	-0.201465854958286	0.987	0.947	1	CD74	c14
0.0101048238545248	0.201454546707786	0.097	0.073	1	TMEM187	c14
0.115354160922387	0.201446502152667	0.036	0.027	1	DUS2	c14
0.826325261577734	-0.201443980680336	0.058	0.059	1	SUFU	c14
0.000784783533265347	0.201442794040343	0.309	0.253	1	ERLEC1	c14
0.641131166983932	-0.201219335416331	0.165	0.166	1	LRCH4	c14
0.0914830847402859	0.201175021681231	0.089	0.074	1	CREG1	c14
0.0400635478278015	0.200979067684578	0.042	0.03	1	CCDC146	c14
0.00911585587827149	0.200852589818553	0.104	0.079	1	ZBTB2	c14
0.00107957248423053	0.200843286463191	0.142	0.106	1	MPHOSPH9	c14
0.0463143297485767	0.200732808969557	0.046	0.034	1	TM7SF2	c14
0.644010355584598	-0.200675459627603	0.102	0.095	1	FYCO1	c14
0.0120527690477912	0.200579493471038	0.18	0.148	1	ARMCX6	c14
0.00529629092296653	0.200393302587203	0.162	0.13	1	ECE1	c14
0.0601418441531902	0.200240399564985	0.018	0.012	1	CDK1	c14
0.0206458192543899	0.200211249816353	0.073	0.055	1	ATP7A	c14
0.0607596249010962	0.200110489932908	0.058	0.044	1	VPS18	c14
0.194706725919247	0.200105102526311	0.047	0.039	1	PITPNA	c14
0.0877135820372044	0.200088556985941	0.052	0.041	1	TNRC18	c14
0.920638980092015	-0.200072353818451	0.014	0.015	1	RP11-319G6.1	c14
0.00291072645292099	0.200037120006196	0.144	0.111	1	DPM1	c14
0.00977818707975894	0.199919368609216	0.147	0.117	1	NAA15	c14
3.65258002433675e-05	0.199898741362368	0.359	0.285	1	RPL7L1	c14
0.000685342844918707	0.199892712970657	0.246	0.195	1	ABCF1	c14
0.00287868425462231	0.199770415198935	0.202	0.163	1	ICT1	c14
0.983930907976655	-0.19972310085035	0.029	0.029	1	WDPCP	c14
0.0204739533887215	0.199719091704348	0.095	0.073	1	HSCB	c14
0.902351407116652	-0.199707790204968	0.024	0.024	1	RGPD2	c14
0.00812005755987897	0.199657841772608	0.08	0.059	1	TTC27	c14
0.00384827808645598	0.199444978724511	0.15	0.117	1	PPIP5K2	c14
0.471913379086315	0.199351563290301	0.023	0.019	1	MTPAP	c14
0.00058931788671173	0.199086847034312	0.193	0.149	1	ANKRD39	c14
0.374939060384574	0.198836722053587	0.022	0.018	1	PER2	c14
0.000470766818654977	0.198753368526858	0.253	0.2	1	LAMTOR3	c14
0.00414581599649226	0.198727794000317	0.191	0.155	1	PSME3	c14
0.00141225742744268	0.198712585447412	0.143	0.108	1	NNT	c14
0.748385683157786	0.198710149433363	0.021	0.019	1	NPL	c14
0.999591420495592	-0.198564332357329	0.048	0.048	1	MIR222HG	c14
0.0175806415720492	0.198508146509715	0.086	0.066	1	WASL	c14
0.138759156548519	0.198419323503072	0.059	0.048	1	UBFD1	c14
0.496947392028707	-0.198416024539513	0.219	0.22	1	MRPL55	c14
0.985202431389354	-0.198408509092266	0.063	0.062	1	COPG2	c14
0.768826140577603	-0.198385298851853	0.304	0.279	1	PITPNC1	c14
0.0110924889928935	0.198241307288674	0.06	0.042	1	STRN3	c14
0.0497290772244179	0.198206658091687	0.059	0.045	1	OSGEPL1	c14
0.00549979947734988	0.198204571824697	0.115	0.088	1	RNF38	c14
0.96175155228587	-0.198184387285033	0.016	0.017	1	DKFZP434I0714	c14
0.225087514152122	0.198158826814575	0.027	0.021	1	ZNF8	c14
0.337776432292071	0.198152814832594	0.03	0.025	1	WDHD1	c14
0.889098441286602	-0.19814606849773	0.107	0.104	1	PCNXL2	c14
0.847477517106557	-0.198128968218512	0.026	0.027	1	RFESD	c14
0.623072177909756	-0.19790518922871	0.092	0.096	1	ZNF84	c14
0.000519284934600627	0.197895506527659	0.174	0.132	1	POLK	c14
0.843096573415561	-0.197836426674943	0.045	0.046	1	INVS	c14
0.000831564453468327	0.197692682315054	0.162	0.123	1	BTAF1	c14
0.0445829967505543	0.197689329361655	0.053	0.04	1	SLC10A7	c14
7.11557867515498e-05	0.197506722145639	0.39	0.314	1	FUNDC2	c14
0.0564130484281094	0.197482648313251	0.116	0.097	1	RABL6	c14
0.029225557036266	0.197310008248877	0.053	0.039	1	ZFYVE1	c14
4.20037688870931e-05	0.197275738288822	0.409	0.33	1	MTPN	c14
0.826679259007671	-0.19727346137684	0.021	0.022	1	ACO1	c14
0.799058568979891	-0.197230331376404	0.152	0.144	1	MMP25-AS1	c14
0.72480252150146	-0.197100077909313	0.012	0.014	1	HAR1A	c14
0.0190915310680627	0.197019210996498	0.119	0.095	1	DHRS1	c14
0.00407812795396346	0.197005420647477	0.175	0.139	1	SLC41A3	c14
0.0760296542923435	0.196903765334358	0.053	0.042	1	ZBTB49	c14
0.00861364501318077	0.196789384001301	0.101	0.076	1	ZBTB48	c14
0.115770228629038	0.196633980701669	0.038	0.029	1	GSDMB	c14
0.000326934469247787	0.196628646304166	0.263	0.208	1	SF3B3	c14
0.00478223744614642	0.19655465764096	0.124	0.095	1	UTP3	c14
0.838878064369955	-0.196525005953737	0.026	0.025	1	GINS4	c14
0.833124412504517	-0.196494255044887	0.018	0.017	1	SUCLG2-AS1	c14
0.0958291922433424	0.196478187617061	0.091	0.077	1	OGFOD2	c14
0.878826073659108	-0.196395744309525	0.028	0.027	1	C4orf46	c14
0.0369741898229042	0.196394115969365	0.072	0.056	1	TOM1L2	c14
0.0105410203076296	0.196294748884333	0.105	0.081	1	C1RL	c14
0.0783736741817525	0.196292440363115	0.09	0.075	1	POGK	c14
0.00971446832308829	0.196246625541461	0.126	0.099	1	TMEM80	c14
0.372451986116963	-0.196121650466853	0.184	0.191	1	ANAPC15	c14
0.433272163210654	0.19609749990681	0.018	0.015	1	ELMO3	c14
0.546515435144314	-0.19609478597992	0.122	0.127	1	TNRC6A	c14
0.00520454271450199	0.196065525558969	0.178	0.143	1	NUPL2	c14
0.0494702315956397	-0.195940473175863	0.58	0.558	1	RHOG	c14
0.498139423049147	-0.195883914473006	0.075	0.068	1	C7orf60	c14
0.384253824983488	0.195880860322367	0.042	0.037	1	CDK2	c14
3.35482647873753e-05	0.195761341787024	0.361	0.285	1	UHMK1	c14
9.15974493163534e-05	0.195572361102638	0.208	0.156	1	NCBP3	c14
0.000832937179977475	0.195568880922899	0.228	0.18	1	DSCR3	c14
0.00657919739325649	0.195420543399617	0.187	0.152	1	TMEM128	c14
0.0135316675956836	0.195398526245288	0.094	0.071	1	ASB6	c14
0.00345082010960949	0.195367046229197	0.185	0.147	1	ZCCHC6	c14
0.583557268165166	-0.195351625361776	0.246	0.243	1	UBE2E3	c14
0.145286095822587	0.195299076867209	0.042	0.033	1	OSGIN2	c14
0.00144151154447023	0.195094692420369	0.261	0.213	1	IDH3B	c14
0.0905117529119914	0.195087368775859	0.059	0.047	1	GCSH	c14
0.966493209881501	-0.194862468856107	0.033	0.033	1	MARK4	c14
0.229438778735837	0.194820565726066	0.047	0.039	1	ROCK2	c14
0.113234876734117	0.19481444439034	0.05	0.04	1	SRP19	c14
0.72565538284875	-0.194799088001425	0.057	0.053	1	POLR3H	c14
0.0600622118470378	0.194719285228586	0.067	0.053	1	AHCYL2	c14
0.180330128170292	0.194650018200154	0.037	0.029	1	AGO4	c14
0.00671461587607211	0.194642351757345	0.157	0.125	1	UBXN2A	c14
0.292868041391467	0.194495419106421	0.023	0.018	1	GSTCD	c14
0.0829731080699361	0.194494929003416	0.051	0.04	1	TK2	c14
0.0063438220364481	0.194483814765868	0.138	0.108	1	FAM126B	c14
0.589357285975157	-0.194414876089015	0.118	0.122	1	PRCP	c14
0.000322783743928883	0.194394156518824	0.19	0.144	1	ATF2	c14
7.8390653648305e-05	0.19437892800911	0.363	0.289	1	CYC1	c14
0.00630666125627665	0.194374157944006	0.168	0.134	1	ZNF267	c14
0.764820066833997	-0.194332821244153	0.032	0.03	1	RP11-437B10.1	c14
0.763484888186487	-0.194207860555581	0.172	0.169	1	ING4	c14
0.952222787244898	-0.194161666698591	0.05	0.05	1	SCLY	c14
0.353049094679694	0.194093892472066	0.01	0.008	1	HOXB7	c14
0.169062885031146	0.193974009641579	0.027	0.02	1	ZFP1	c14
4.04913084566002e-05	0.19373382186401	0.203	0.15	1	TMEM87B	c14
0.689660932429863	-0.193719907738566	0.023	0.025	1	SLC1A4	c14
0.0459687047475641	0.193678183863577	0.066	0.051	1	SMAD5	c14
0.00385522496557587	0.193653705450762	0.178	0.142	1	MED27	c14
0.442902472418826	-0.193625625187692	0.176	0.182	1	NT5DC1	c14
0.00378833302511262	0.19358366798875	0.081	0.058	1	LRRC40	c14
0.848061025543302	-0.193575349046091	0.124	0.124	1	C11orf49	c14
0.740643679558734	-0.193560864402385	0.079	0.075	1	ANKAR	c14
0.546513708926243	-0.193524214927453	0.126	0.132	1	RP11-553L6.2	c14
0.651942652245625	-0.192865622819053	0.173	0.173	1	UBE2E1	c14
0.564370344207431	-0.192760396791932	0.025	0.028	1	TP73-AS1	c14
0.544858874994143	-0.192636669695994	0.017	0.02	1	ZSWIM6	c14
0.0123052660356903	0.192612430965612	0.131	0.104	1	CUL2	c14
0.00303743003855253	0.192564336459218	0.222	0.18	1	MORF4L2	c14
0.0359131167620925	0.192541320310626	0.094	0.075	1	PTRH2	c14
0.842499983707595	-0.192505328172985	0.038	0.037	1	EFCAB7	c14
0.0646455033213767	0.192429756598785	0.066	0.052	1	DAAM1	c14
0.0572027537600373	0.192342184491889	0.035	0.025	1	RP11-634H22.1	c14
0.793879467262882	-0.192335687417766	0.063	0.06	1	RCOR1	c14
0.00174062410070029	0.192333808471535	0.182	0.143	1	NAGK	c14
0.0015132438272769	0.192265289878594	0.265	0.214	1	RNF13	c14
0.928751297654633	-0.19221784126225	0.02	0.019	1	DNAL1	c14
0.956655007882289	-0.19218884657825	0.033	0.033	1	DDX31	c14
0.0333311759504764	0.191856660042115	0.05	0.037	1	TSTD3	c14
0.581820184466836	-0.191817450970426	0.055	0.051	1	TMEM38B	c14
0.981442542676154	-0.191814790895583	0.024	0.024	1	ZNF280C	c14
0.00109624937513238	0.191583906155467	0.213	0.168	1	MED29	c14
0.842609767573427	-0.19158127574521	0.083	0.084	1	GMPPB	c14
0.205070875436441	0.191471829778062	0.052	0.044	1	ZNF526	c14
0.475668386698293	-0.191461389041251	0.059	0.052	1	RALGAPA2	c14
0.761981646863455	-0.191361216905813	0.012	0.013	1	IL5RA	c14
0.0152899526643958	0.1913306041762	0.135	0.108	1	TIMM22	c14
0.865373880494158	-0.19129149945833	0.166	0.158	1	AGO2	c14
0.00177182323812261	0.191272977041464	0.22	0.175	1	IFNAR1	c14
0.168237346560872	-0.191096981633684	0.423	0.411	1	CLNS1A	c14
0.00131563741216482	0.191088895588901	0.208	0.164	1	TMEM120A	c14
5.80892914375594e-05	0.191059744624246	0.512	0.426	1	RSBN1L	c14
0.319334322327702	0.191009962321691	0.013	0.01	1	ARAP3	c14
0.738472077195792	-0.191007678127649	0.105	0.099	1	SMARCAD1	c14
0.000616353415484168	0.19088883216886	0.289	0.234	1	ITPA	c14
0.00888949864529786	0.190814644562709	0.157	0.126	1	WDR18	c14
0.96961996788641	-0.190780101350279	0.011	0.011	1	OLMALINC	c14
0.000346876926679885	0.190644165276771	0.45	0.376	1	MRPL52	c14
0.582459938119938	-0.190496675822778	0.22	0.22	1	POLR2J3	c14
0.0170886814492988	0.190435484707653	0.104	0.081	1	MSL1	c14
0.627166104579597	-0.190342713856772	0.057	0.052	1	FAM73B	c14
0.000628909711129054	0.190299157128014	0.221	0.172	1	SBNO1	c14
0.00610107625233496	0.190027656652273	0.188	0.153	1	AP1S1	c14
0.00563672118316661	0.190020137350086	0.091	0.067	1	RNF169	c14
0.000394395204453351	0.189870159912761	0.32	0.259	1	TRAPPC3	c14
0.00206032331427795	0.189816938367293	0.155	0.119	1	PUS7L	c14
0.740670620603879	-0.189753580728255	0.011	0.012	1	ZNF81	c14
0.823633274620403	-0.189717080031398	0.012	0.012	1	STAM-AS1	c14
0.858494238875226	-0.189687996196586	0.079	0.08	1	CWF19L1	c14
0.000151587267213362	0.189612589040923	0.242	0.185	1	ZFC3H1	c14
0.00974796445825548	0.189534328676888	0.122	0.096	1	ZBTB11	c14
0.999281409840321	-0.189441672247484	0.151	0.147	1	CFAP20	c14
0.000169588322389088	0.18941501322011	0.266	0.207	1	TGS1	c14
0.00144561542386266	0.189391181628545	0.173	0.133	1	WDR77	c14
0.875693426519729	-0.189365098408084	0.015	0.015	1	FANCB	c14
0.000347267444208619	0.18934706585347	0.275	0.218	1	SIRT7	c14
0.000163608481039918	0.189296369693	0.276	0.219	1	IVNS1ABP	c14
0.0102779858925563	0.189276830299159	0.1	0.076	1	CD200R1	c14
0.00158964148918162	0.189199333044748	0.255	0.205	1	NSFL1C	c14
0.902285073751312	-0.189198644298073	0.059	0.059	1	FASTKD1	c14
0.000980265129270367	0.18918845098377	0.265	0.215	1	API5	c14
0.00570197918114686	0.189170223849474	0.122	0.094	1	CH17-189H20.1	c14
0.0209522519720056	0.189138259443081	0.12	0.097	1	ELMO2	c14
0.00468504317422517	0.189131100528472	0.16	0.126	1	REPS1	c14
0.767959499927799	-0.189111026871799	0.017	0.019	1	ZBTB5	c14
0.00196872473068501	0.189009846895905	0.175	0.137	1	FAM136A	c14
0.0309646649303831	0.188782847276905	0.054	0.04	1	TTPAL	c14
0.00833573256613078	0.188460645780021	0.175	0.141	1	COX11	c14
0.854674025886893	-0.188438453312754	0.227	0.219	1	SUCLG2	c14
0.512228781749305	-0.188404935798871	0.291	0.287	1	ASH1L	c14
0.115880116901381	0.188323758072223	0.044	0.035	1	MICAL3	c14
0.766920002428419	0.188310104253588	0.013	0.012	1	AC147651.4	c14
5.68182828119902e-05	0.1883052047262	0.327	0.256	1	SF3A3	c14
0.0101825376803122	0.188288184898109	0.062	0.044	1	RAB33B	c14
0.0900344400080284	0.188273029561195	0.063	0.05	1	ZNF254	c14
0.958234648712223	-0.188163473422776	0.085	0.085	1	CLEC16A	c14
0.0169956045280164	0.188139275923801	0.125	0.1	1	XXbac-BPG32J3.22	c14
0.0386242910252935	0.187977506699181	0.104	0.084	1	ELK1	c14
0.051053398726189	0.187942200587086	0.076	0.06	1	RP11-35G9.3	c14
3.69791859940748e-05	0.187922162112587	0.379	0.302	1	G3BP2	c14
4.7055354402337e-05	0.187782948342491	0.34	0.268	1	PPIH	c14
0.000560804237926569	0.187765550011385	0.197	0.152	1	NFU1	c14
0.0371440348678523	0.187732139199559	0.11	0.09	1	BAG4	c14
0.000360179526081911	0.187675009098111	0.238	0.186	1	LARS	c14
0.000579389390908267	0.187631678989979	0.313	0.256	1	FAM32A	c14
0.940092946884615	-0.187604153267561	0.161	0.156	1	LINC00969	c14
0.931642724558058	-0.187507953053937	0.078	0.078	1	RNF141	c14
3.26276427610126e-05	0.187486533597356	0.417	0.336	1	G3BP1	c14
0.126997520613402	0.187413251211771	0.041	0.032	1	ZNF25	c14
0.000228564693545733	-0.18718944286624	0.777	0.757	1	RPL36A	c14
0.65572753326865	-0.187065390945342	0.229	0.226	1	ATP2B1	c14
0.00261588852705787	0.187011892957248	0.2	0.16	1	GLYR1	c14
0.0792902996500506	0.186952881761361	0.06	0.047	1	TRUB1	c14
0.196899947198963	0.186939519940402	0.028	0.022	1	GCC2-AS1	c14
0.00452125574800494	0.186526000870176	0.269	0.224	1	HIST1H1E	c14
0.00342009794994513	0.186506638128692	0.148	0.115	1	RNF40	c14
0.273292490292602	-0.186466160035083	0.202	0.21	1	HBP1	c14
0.00353244986363265	0.186392965135066	0.103	0.076	1	PYGB	c14
0.0103586994179843	0.186348296138036	0.098	0.074	1	STX11	c14
0.000372826224607794	0.18631560987882	0.246	0.193	1	CECR1	c14
0.000514095394041885	0.186311250499797	0.195	0.15	1	ZBTB1	c14
0.000509810909895884	0.186277905631937	0.25	0.198	1	QRICH1	c14
0.00323982201319023	0.186148823300651	0.158	0.124	1	APIP	c14
0.921383972916707	-0.186106415945832	0.074	0.074	1	UBE3C	c14
0.914969542253276	-0.186094794706507	0.221	0.21	1	FASTK	c14
0.188002829406903	0.186088398160295	0.055	0.046	1	CLN8	c14
9.05225974934246e-05	0.186057464346491	0.335	0.265	1	NCK1	c14
0.000724380275333322	0.18598731773005	0.198	0.153	1	ZFX	c14
0.000153500232806544	0.185785779245381	0.439	0.358	1	ATP6AP2	c14
0.779402967063452	-0.185632114133091	0.239	0.233	1	ABTB1	c14
0.00924821485799827	0.185429865870358	0.11	0.085	1	EIF2B4	c14
0.0646059003513603	0.1853684217361	0.105	0.087	1	UTP11L	c14
0.966589250279363	-0.185291782142561	0.012	0.012	1	CCNYL1	c14
0.0571325007931152	0.18525018675448	0.073	0.058	1	PJA1	c14
0.876899604239533	-0.185082072740518	0.125	0.124	1	TCTN3	c14
0.000880188249259619	0.185009731528104	0.2	0.155	1	TRMT10C	c14
0.0468588908814616	0.185005511748677	0.084	0.067	1	ZC3H4	c14
0.00114767397544063	0.184981324325685	0.39	0.328	1	H1FX	c14
0.602694255951671	0.184842192835857	0.011	0.01	1	SLC29A2	c14
0.000181579716447931	0.184830908676281	0.319	0.255	1	CD2BP2	c14
0.000135156141716511	0.184803051142109	0.478	0.396	1	SS18L2	c14
0.638732457628796	-0.184792582679501	0.268	0.246	1	DCP2	c14
0.119957708617434	0.184762079272804	0.014	0.009	1	DUSP8	c14
6.19579723636705e-05	0.184736771265644	0.259	0.201	1	ZNF331	c14
0.707030311278906	0.184708278886962	0.014	0.013	1	RPH3AL	c14
0.0405451326434946	0.184707529619593	0.109	0.089	1	HIPK1	c14
0.0410286574832303	0.184484170159825	0.08	0.063	1	NAT6	c14
0.213361443112166	0.184465296491779	0.025	0.019	1	ULK2	c14
0.000371841093321473	0.184385619670226	0.253	0.2	1	TCERG1	c14
0.00801887837688448	0.184359498104987	0.112	0.087	1	TFRC	c14
0.000431152291718527	0.184285751140951	0.243	0.19	1	GNG10	c14
0.00334563434816799	0.184275637884145	0.144	0.111	1	LMBR1	c14
0.476640727173774	-0.184273598034597	0.113	0.119	1	FAM219B	c14
0.0006478591211997	0.18426423283262	0.203	0.157	1	TMEM216	c14
0.873879054568677	-0.184186407281258	0.051	0.05	1	RELL2	c14
0.0354419315519269	0.184160492054276	0.088	0.07	1	DNAJC11	c14
0.443750361511637	-0.183879321099419	0.177	0.182	1	TMEM18	c14
0.0238914806990368	0.183830920960794	0.045	0.032	1	IPMK	c14
0.26774129824536	-0.18381763272226	0.182	0.193	1	PABPN1	c14
3.93681912399208e-05	0.183767526156176	0.251	0.189	1	CD320	c14
0.0813479771880682	0.183497988596015	0.073	0.059	1	ZNF484	c14
0.579833629502986	-0.183462444846792	0.276	0.271	1	COA1	c14
0.0589464456958933	0.183452223542365	0.084	0.068	1	ARMC6	c14
0.5138088570886	-0.183377683307351	0.112	0.103	1	TRMU	c14
0.855413757529354	-0.183367106673844	0.186	0.183	1	USP48	c14
0.00183089090243891	0.183297745550042	0.224	0.18	1	IWS1	c14
0.0264012594260889	0.183293822316591	0.067	0.05	1	KCTD7	c14
0.000161946217506148	0.183066762779589	0.369	0.298	1	PRPF6	c14
0.00977424013682847	0.183056145110327	0.155	0.124	1	MTX2	c14
0.380300829667441	0.183035270958539	0.016	0.013	1	GPR174	c14
0.952281154334567	-0.183016225331371	0.059	0.057	1	CETN3	c14
0.836302311902752	-0.182990749049333	0.022	0.022	1	RNF157	c14
0.378331992577883	-0.182908546318987	0.061	0.053	1	CBR4	c14
0.127340126568318	0.182896975139888	0.054	0.044	1	SRD5A1	c14
0.00540551862145428	0.182887415829843	0.161	0.128	1	CTNNBL1	c14
0.0801471862321257	0.182866546437254	0.113	0.095	1	ZNF326	c14
0.387213014665997	-0.182862914770917	0.242	0.247	1	WAPL	c14
0.00103533900046621	0.182739487732367	0.262	0.211	1	APEH	c14
0.506905954890701	-0.182733698802635	0.024	0.02	1	C8orf88	c14
0.00230894719658339	0.182694133404463	0.172	0.134	1	SUPT7L	c14
0.00176193159010662	0.182658886335079	0.188	0.148	1	GBAS	c14
0.00805230990180865	-0.1826099876362	0.649	0.626	1	MRPS21	c14
6.37052176031324e-05	0.182273548538533	0.31	0.241	1	PPP4R2	c14
0.00494335655559881	0.182189497583796	0.166	0.132	1	C5orf15	c14
0.757899685707609	-0.182165004898085	0.058	0.059	1	DDX11	c14
0.00214694306476878	-0.182154968714337	0.659	0.654	1	SEPW1	c14
0.628508487707357	-0.182065484783958	0.076	0.071	1	KMT2D	c14
0.782360737445932	-0.181952980640223	0.11	0.111	1	TRDMT1	c14
0.00220660980773241	0.181936572842761	0.198	0.157	1	ALG3	c14
0.576600225420458	-0.181897097103175	0.01	0.012	1	CUBN	c14
0.4821458818053	0.18176867464167	0.012	0.01	1	DIXDC1	c14
0.880898077907164	-0.18161431568109	0.239	0.231	1	EBLN3	c14
0.0983963141410099	0.181573796402834	0.046	0.036	1	PUS10	c14
0.000412285837489206	0.181571205603467	0.191	0.145	1	MIB2	c14
0.0766051100798564	0.181553313203454	0.068	0.054	1	AP3S2	c14
0.787108374894341	-0.181545512127229	0.017	0.019	1	RAI1	c14
0.874804936762521	-0.181504835646918	0.097	0.093	1	HTT	c14
0.424797375305327	0.18147256389343	0.012	0.01	1	CACFD1	c14
0.821222621723216	-0.181429031996055	0.103	0.098	1	KLHL6	c14
0.00138467360490791	0.181356660915715	0.217	0.171	1	GGA2	c14
0.769067950976492	-0.181335321803385	0.062	0.063	1	SCMH1	c14
0.817884271773553	-0.181162697902057	0.01	0.011	1	ZNF793-AS1	c14
0.00752397685412063	0.180999584042994	0.117	0.09	1	TRMT13	c14
0.000237884304443795	0.18097425740314	0.407	0.332	1	THOC7	c14
0.00349749064466851	0.180963939652998	0.102	0.075	1	SH2D3A	c14
0.819760124905601	-0.180852840774308	0.372	0.347	1	HNRNPH1	c14
0.269627788571906	0.180747545759008	0.026	0.02	1	ZNF257	c14
0.000267617576601805	0.180743289452748	0.366	0.301	1	TRA2A	c14
0.0338511884157737	0.18064522835904	0.1	0.08	1	SURF6	c14
0.830567382033358	-0.180624936001907	0.081	0.078	1	MCCC1	c14
0.028036156055461	0.180578575067295	0.099	0.079	1	SPRTN	c14
0.507929409355525	-0.180578469698875	0.074	0.08	1	BCAS3	c14
0.993491486546964	-0.180554692701679	0.031	0.031	1	ATP6V1E2	c14
0.960507577280478	-0.180463244317883	0.062	0.061	1	ZBED1	c14
0.00145218024720648	0.180390273659774	0.233	0.187	1	MRPS35	c14
0.621653598881475	0.180277151595567	0.061	0.057	1	UBAC1	c14
0.510085814383869	0.18018549056726	0.035	0.031	1	SLC25A35	c14
0.0221371496361902	0.180180452653861	0.108	0.086	1	ZC3H3	c14
0.973720173699766	0.180159488189163	0.012	0.012	1	SLC29A1	c14
0.515763931223587	0.180124509042943	0.025	0.022	1	MBD3	c14
0.787850732812238	-0.179981919124781	0.129	0.13	1	VEZT	c14
0.395074319955097	0.179797619549435	0.014	0.011	1	HIRA	c14
0.0207969018660454	0.179797106587305	0.095	0.074	1	PPP1R8	c14
3.26007580523565e-05	0.179753450126122	0.565	0.472	1	SELK	c14
0.676376038163668	-0.179737878477668	0.087	0.09	1	WNT10A	c14
6.52713299590363e-05	0.179638780443263	0.552	0.462	1	PNRC2	c14
0.772979350891492	-0.179616828295692	0.009	0.01	1	RP11-412D9.4	c14
0.305598922617935	-0.179519489369591	0.151	0.162	1	C3orf17	c14
0.715429590150979	-0.179462556432699	0.094	0.096	1	BSCL2	c14
0.00119577161795791	0.179425847303409	0.196	0.153	1	SUDS3	c14
0.493642350553102	-0.179403976491481	0.028	0.032	1	RP11-500C11.3	c14
4.92691867018379e-05	0.179384578685003	0.454	0.37	1	SLTM	c14
0.0240713319694318	0.179370582767097	0.157	0.131	1	GOLGA2	c14
0.0129639844520339	0.179332041734549	0.092	0.07	1	TRIM41	c14
0.886798485908946	-0.179241836282385	0.112	0.111	1	AKIP1	c14
0.206359031901825	0.179228407502563	0.043	0.035	1	INTS2	c14
0.000179234683433089	0.179199899129203	0.343	0.274	1	PTPN2	c14
0.110828400541285	0.179132160770616	0.084	0.07	1	RNF8	c14
0.155261869910917	0.179001225020076	0.05	0.041	1	FAM173B	c14
0.876833144659342	-0.17890872106346	0.038	0.039	1	PICK1	c14
9.68685076890642e-05	0.178834427999051	0.194	0.144	1	KIAA0040	c14
0.80443765761114	-0.178827429662043	0.197	0.186	1	RNF216	c14
0.0480558489368167	0.17879397356684	0.041	0.03	1	ZNF28	c14
0.0916564149815346	0.178786031354972	0.061	0.048	1	EEF2KMT	c14
0.71649136640787	-0.17872256645713	0.072	0.074	1	KIAA1586	c14
0.00101621474783628	0.178686022115279	0.236	0.188	1	PDXDC1	c14
3.64146721655906e-05	0.178666134569459	0.363	0.287	1	SERINC3	c14
0.71187276024176	-0.178566020244995	0.122	0.124	1	CYB561A3	c14
0.000327738432000311	0.178557860985735	0.239	0.186	1	PPP2R3C	c14
0.894719438592507	-0.178494947692728	0.207	0.199	1	TOPORS-AS1	c14
0.796201306062413	-0.178448392897109	0.11	0.105	1	ZFP14	c14
0.451797291673188	0.178240641554062	0.013	0.011	1	CITF22-92A6.1	c14
0.11955693271556	0.178198670706479	0.113	0.098	1	POLB	c14
0.00443879923492964	0.178146327026925	0.166	0.132	1	DYNC1LI2	c14
0.000118491355756973	0.178132181520245	0.2	0.15	1	TERF1	c14
0.977099899907507	-0.177963154834286	0.021	0.02	1	POLR3B	c14
0.00240294861025473	0.177941537272	0.16	0.124	1	HIBCH	c14
0.00153241214903849	0.177916810190821	0.198	0.157	1	CDK6	c14
0.94781693850345	-0.17787805499455	0.033	0.033	1	ADAL	c14
0.189955576880211	0.17776274461484	0.054	0.045	1	CCDC9	c14
0.737067314509949	-0.177651316266364	0.098	0.1	1	TCEAL4	c14
0.989269175613752	-0.177590219701266	0.128	0.125	1	DENND4A	c14
0.0125972058886003	0.177579588164462	0.144	0.116	1	TM9SF4	c14
0.84690117291997	-0.177510891449916	0.077	0.074	1	SP1	c14
0.00261144749004278	0.177480205701119	0.176	0.137	1	NCSTN	c14
0.519192256076303	-0.17747017250667	0.059	0.063	1	ZNF346	c14
0.36964445348001	-0.177385338673541	0.24	0.245	1	STARD7	c14
0.965280802519942	-0.177343504117169	0.03	0.029	1	ZNF587	c14
0.68724433070919	-0.177317151610335	0.166	0.157	1	SNAP47	c14
0.0132341086955683	0.177249848302864	0.098	0.075	1	TAB1	c14
0.180541834307097	0.177088129830383	0.036	0.029	1	TMTC3	c14
0.488594763376427	-0.177000231347609	0.164	0.169	1	ACYP2	c14
0.717015234508371	-0.176998454044007	0.041	0.043	1	CTD-3074O7.5	c14
0.000294779789488484	0.176967535109881	0.286	0.226	1	COMMD2	c14
0.0563866726337892	0.17683940095129	0.102	0.084	1	R3HCC1L	c14
0.0455610287620177	0.176805103300776	0.168	0.143	1	MRPL2	c14
0.190107110068267	0.17680315250041	0.047	0.039	1	NOMO2	c14
0.970676397530773	-0.176670618724675	0.102	0.1	1	LANCL1	c14
0.000163257430709538	0.176551573220181	0.365	0.292	1	MRPL18	c14
0.088946866027769	0.176538455887425	0.078	0.064	1	RANBP9	c14
0.211028812456633	0.176504367107119	0.032	0.025	1	ANKRD40	c14
0.0253572332072685	-0.176463766311621	0.534	0.527	1	EIF3D	c14
5.20501349339431e-05	0.176423955856224	0.418	0.338	1	H2AFY	c14
0.0373433581609109	0.176404132477336	0.109	0.088	1	OSBPL2	c14
0.020465566409167	0.176384756570638	0.116	0.092	1	PECR	c14
0.715038903631673	-0.176254182937717	0.119	0.112	1	OCEL1	c14
0.00107002096991654	0.176134313677575	0.268	0.217	1	AP1S2	c14
0.0520087732863524	0.176126298487759	0.121	0.101	1	MAU2	c14
0.973123515038848	-0.176105419261042	0.086	0.085	1	EXOSC6	c14
0.00179383766587279	0.176073258925297	0.123	0.091	1	RNF219	c14
0.000998136204150521	0.176065365108334	0.155	0.117	1	CENPT	c14
0.0216907164261907	0.17605214261467	0.188	0.158	1	SLC16A7	c14
0.000785472577478922	0.176008966996436	0.435	0.365	1	CHIC2	c14
0.740473233040855	-0.175961153509899	0.161	0.162	1	LRPPRC	c14
0.676893640976621	-0.175955007756458	0.065	0.061	1	ZNF507	c14
0.735407725346019	-0.175879897688836	0.086	0.082	1	WDTC1	c14
2.96993401381182e-05	0.175848513571311	0.521	0.427	1	ZC3H15	c14
0.946627302527158	-0.175788758261297	0.032	0.032	1	RP11-245D16.4	c14
0.0831405286977083	0.175784576331693	0.054	0.043	1	RANBP10	c14
0.859399239940118	-0.175691217392336	0.044	0.043	1	CCNY	c14
0.0388963601081771	0.175681308524179	0.074	0.058	1	SOCS4	c14
0.00409213028670991	0.17565580292146	0.183	0.146	1	DRG2	c14
0.0161185632037153	0.175646405270211	0.149	0.121	1	ANKRD36B	c14
0.00760842184839166	0.175637755216945	0.166	0.134	1	ICE2	c14
0.0473522398053415	0.175568475182771	0.128	0.107	1	SETD3	c14
0.402107911505797	0.17552511266337	0.022	0.018	1	TMEM121	c14
0.0185343202950695	0.175489886456478	0.083	0.063	1	TARS2	c14
0.000354984598817541	0.175476065792613	0.471	0.392	1	EMC4	c14
0.000437240162902242	0.175451617578528	0.298	0.238	1	HADHB	c14
0.00132437836317431	0.175423208482478	0.161	0.124	1	KIF21B	c14
0.564530940697951	-0.175339110662852	0.065	0.069	1	SPATA20	c14
0.0188395299392094	0.175260037373153	0.091	0.071	1	TMEM68	c14
0.000491972957654745	0.175240951146599	0.336	0.276	1	IRAK4	c14
0.0600221261147235	0.17523051653062	0.063	0.049	1	NDUFAF5	c14
4.28800861318812e-05	0.17522426173157	0.356	0.28	1	TCP1	c14
0.000629982718921469	0.175184366563347	0.263	0.21	1	DDA1	c14
0.0114950597264886	0.175079527142225	0.165	0.135	1	HAUS1	c14
0.759707861866097	-0.175071785325627	0.113	0.115	1	NAA16	c14
0.00402318662727858	0.175067286562939	0.158	0.124	1	PIK3C3	c14
0.00811257647884161	0.175009791749139	0.149	0.118	1	MAPKAPK5	c14
0.014593884171211	0.174910180314	0.094	0.072	1	VPS52	c14
0.0335498541747966	0.174793140283773	0.121	0.099	1	RNFT1	c14
0.286567470504255	0.174770537364116	0.034	0.028	1	ZFP30	c14
0.0232849533505371	0.174705920101787	0.131	0.107	1	NUP153	c14
0.146824779055065	0.174698841920567	0.033	0.025	1	PLD2	c14
0.113924995759397	0.174546791174134	0.052	0.042	1	ZNF212	c14
0.76808290268869	-0.174452226259559	0.259	0.242	1	FRYL	c14
0.779502188041417	-0.174422750846339	0.24	0.234	1	THUMPD3-AS1	c14
0.831924215382444	-0.174355920888188	0.037	0.038	1	GAA	c14
0.000236860927868005	0.174307390925845	0.388	0.315	1	THYN1	c14
0.740284748083904	-0.174277015649826	0.126	0.127	1	SLC25A26	c14
0.813922489553881	-0.174245607043795	0.06	0.057	1	HSPBAP1	c14
0.909005498548795	-0.174174031373634	0.18	0.172	1	HECTD1	c14
0.933773807657486	-0.174163217167727	0.025	0.024	1	ZNF486	c14
0.794448130311235	-0.174099131250133	0.013	0.012	1	CTD-2555O16.2	c14
0.00242719004183494	0.17405192250845	0.205	0.163	1	DIMT1	c14
0.00606004432496214	0.173980577768752	0.19	0.153	1	NOL11	c14
0.00974252517731099	0.173947188030949	0.135	0.107	1	PWWP2A	c14
0.94833358113134	-0.173890084224624	0.063	0.061	1	DHDDS	c14
0.0159824862877186	0.173871129351499	0.115	0.091	1	CECR5	c14
0.000724781556793792	0.173683920520045	0.222	0.173	1	FARSA	c14
0.39443944024763	0.173648113695712	0.026	0.022	1	SWSAP1	c14
0.00191228525685883	0.173624072742678	0.215	0.171	1	MRPS11	c14
5.53034489032011e-05	0.1735581354456	0.325	0.254	1	ZFR	c14
0.535065196664672	-0.173531378845924	0.045	0.049	1	GORAB	c14
0.869210257278216	-0.17342059392	0.024	0.024	1	RP11-539L10.3	c14
0.03011033275862	0.173402321821778	0.109	0.088	1	RPAP3	c14
0.0490170662139082	-0.173373445848954	0.502	0.491	1	NDUFAF3	c14
0.620218792509134	-0.173367105315733	0.027	0.029	1	FBXO30	c14
0.735196058282344	-0.173328779454351	0.072	0.068	1	FAM76B	c14
0.00936578118941673	0.173288067499679	0.148	0.118	1	OLFM2	c14
0.00197800062821033	0.173223627797669	0.154	0.118	1	ANKRD36	c14
0.119802746351787	-0.173087489286066	0.386	0.392	1	DDX6	c14
0.50846820509203	0.17298893985281	0.023	0.02	1	PAPD7	c14
5.81505192126322e-05	0.172948351833548	0.515	0.425	1	PARP1	c14
0.126427989586367	0.172873061864923	0.077	0.065	1	UHRF1BP1L	c14
0.000366858753588545	0.172826856491842	0.239	0.186	1	RAF1	c14
0.171466555829093	-0.172772957801716	0.474	0.461	1	KPNB1	c14
0.000436749999746665	0.172725386249486	0.295	0.238	1	AK2	c14
0.0495119917860584	0.172548767300837	0.101	0.082	1	SUGP1	c14
0.952542134715379	-0.172545115443863	0.077	0.076	1	RP11-1000B6.3	c14
0.000345567274195855	0.172520887873279	0.239	0.187	1	IP6K2	c14
0.00454519241504434	0.172511035481629	0.122	0.093	1	TMEM181	c14
0.847550214387754	-0.172376316333267	0.009	0.01	1	ZNF57	c14
0.152733947094164	0.172284781121063	0.068	0.057	1	XXYLT1	c14
0.782235988739867	-0.172239785867784	0.017	0.016	1	FRAT1	c14
0.00304388653051468	0.172235361285534	0.197	0.157	1	GFER	c14
0.246602578657659	0.172162588241087	0.029	0.023	1	ADAT3	c14
0.93776265013188	-0.172027647106217	0.029	0.029	1	CACTIN	c14
0.00343512347386332	0.171945963735056	0.267	0.219	1	AZIN1	c14
0.837906912175587	-0.171840357235223	0.014	0.015	1	ADCK1	c14
0.0105921571210063	0.171598686248256	0.116	0.09	1	DGKE	c14
0.0124812566540039	0.17157589535601	0.104	0.08	1	INADL	c14
0.645803842150985	-0.171575095774154	0.085	0.089	1	NOL9	c14
0.0105425786752434	0.171419337640336	0.162	0.132	1	TMEM199	c14
0.414312517922363	0.171366259635236	0.028	0.024	1	PYCRL	c14
0.499327566964758	0.171316078675384	0.031	0.027	1	PLAGL1	c14
0.994560770585882	-0.171301467541618	0.112	0.11	1	ATE1	c14
0.271938086599395	0.171120945363757	0.022	0.017	1	ZNF485	c14
0.000118212446696029	0.171040768198347	0.579	0.493	1	RAB7A	c14
0.0183449219326082	0.171018431524404	0.12	0.096	1	PEX3	c14
0.0146868539264057	0.17095431289017	0.15	0.122	1	RBM10	c14
0.561674525006178	-0.170933382435436	0.182	0.185	1	SVBP	c14
0.924521429677454	-0.170835774921073	0.013	0.014	1	ZNF597	c14
0.000207090098693997	0.170708392111038	0.262	0.203	1	NUDT1	c14
0.00258251487387684	0.170597977968681	0.203	0.162	1	FAM134A	c14
0.00153858846170948	0.170540588589917	0.197	0.155	1	PYGO2	c14
0.000114279308890952	0.170498593244657	0.557	0.501	1	TRBC1	c14
0.995312949699984	-0.170481729007325	0.088	0.087	1	TRAPPC10	c14
0.000492388810141259	0.17044927358021	0.284	0.226	1	CREB1	c14
0.972159293405923	-0.170370529196714	0.179	0.173	1	MTF2	c14
0.187942009217695	0.170346008614648	0.042	0.034	1	PNPO	c14
5.20258831958389e-05	0.170327390917575	0.344	0.268	1	BNIP2	c14
0.0403024659480909	0.170291233725067	0.063	0.048	1	FAM8A1	c14
0.78023633225773	-0.170221773183845	0.081	0.078	1	SLC25A40	c14
0.00290207997183566	0.170111866279973	0.196	0.155	1	SIGMAR1	c14
0.503974364483176	-0.170070519032959	0.185	0.169	1	CCNL2	c14
0.797023350270702	-0.169765537045101	0.198	0.195	1	LINC00667	c14
0.961196971052327	-0.169711285957578	0.062	0.061	1	URGCP	c14
5.86051879597467e-05	0.169468503938852	0.671	0.575	1	NDUFB10	c14
0.706239692019035	-0.169338039614129	0.193	0.194	1	ASXL1	c14
0.00548103751411313	0.169327769240456	0.097	0.072	1	STRN	c14
0.624022608268398	-0.169306615487458	0.16	0.149	1	ELP2	c14
3.11444791045787e-05	0.169160922977764	0.29	0.223	1	MAP2K3	c14
0.925666379975111	-0.16911609254563	0.119	0.116	1	FAM122B	c14
0.00227412655734458	0.169033357770389	0.168	0.13	1	MBD1	c14
0.000162122728842724	-0.168888250121779	0.391	0.302	1	HLA-DRB5	c14
0.0111363474083387	0.168878216701102	0.189	0.156	1	ASCC3	c14
0.00191629622113871	0.168846177767981	0.265	0.216	1	ERCC1	c14
0.735269902195684	-0.168841440575563	0.103	0.097	1	SSBP2	c14
0.240188028690944	-0.168817425674864	0.455	0.442	1	TAF15	c14
0.000333025363589082	0.168811893522922	0.381	0.309	1	SEC13	c14
0.953172119618186	-0.168811880462846	0.041	0.041	1	SKP2	c14
0.0125556055713938	0.168692369491083	0.192	0.159	1	PEX11B	c14
0.767873685090589	-0.168683573454262	0.073	0.069	1	ZHX1	c14
0.268214647535179	-0.16863610731573	0.344	0.344	1	EAPP	c14
0.0142118153417971	0.168574643645816	0.087	0.066	1	POMGNT1	c14
0.732892077233436	-0.168487477397969	0.176	0.166	1	IL4R	c14
0.782646469893276	-0.168457550376055	0.164	0.163	1	PIGP	c14
0.00278165063844221	0.168380685987674	0.218	0.175	1	PSMG4	c14
0.20058529810418	0.168362372151952	0.022	0.016	1	JHDM1D-AS1	c14
0.204331692863424	-0.1683451413655	0.108	0.093	1	FCRL6	c14
0.862738740503218	-0.168309882086688	0.116	0.116	1	COIL	c14
0.272710485995805	-0.168252441554309	0.333	0.335	1	PIAS1	c14
0.516959969252861	-0.168192267330471	0.185	0.17	1	KLHL24	c14
0.0019153128489758	0.168022925720097	0.274	0.223	1	UBL7	c14
0.000180107326541839	0.168019525106221	0.37	0.301	1	NRDC	c14
0.0288497522070292	0.167881935893479	0.18	0.152	1	ABCE1	c14
0.051691687504498	0.167856762269011	0.11	0.091	1	USP5	c14
0.933617060511288	-0.16771354351117	0.05	0.049	1	PCGF3	c14
0.0295196717201886	0.167640945605672	0.119	0.097	1	TOPBP1	c14
0.0729991082190338	-0.167611479902822	0.569	0.547	1	TBRG1	c14
0.0183634550290588	0.167555383494873	0.205	0.171	1	MRPS23	c14
0.00591474487153956	0.167518976548766	0.297	0.25	1	GPS1	c14
0.145819121271917	-0.16742094428781	0.684	0.647	1	DDX17	c14
0.334286898354564	-0.167407014824949	0.491	0.47	1	ATRX	c14
0.741185066598865	-0.167387680041802	0.07	0.072	1	WHSC1	c14
0.641746334697024	-0.167230341842349	0.082	0.077	1	TUBE1	c14
0.00251711125037652	0.167130257627683	0.258	0.212	1	TIMM13	c14
0.855969161565533	-0.16699298860538	0.075	0.076	1	JMY	c14
0.84708845443979	-0.166963988678756	0.096	0.092	1	ORAOV1	c14
0.945690599253576	-0.166889889869092	0.018	0.018	1	RP11-337C18.8	c14
0.00409586338647095	-0.166789056599355	0.726	0.694	1	ARL6IP4	c14
0.000428603765312421	0.16676160483947	0.289	0.229	1	CPSF3L	c14
0.0232793382097211	0.16664835866182	0.047	0.033	1	TMTC4	c14
0.828002785365102	-0.16657446837049	0.042	0.04	1	TNPO2	c14
0.000224322891716041	0.166541448008922	0.224	0.172	1	SMAD2	c14
0.000203765995815287	0.166524262089003	0.37	0.299	1	URM1	c14
0.000388577131523553	0.166519142005789	0.453	0.374	1	ACAP2	c14
0.00394660754832407	0.166357808626594	0.24	0.197	1	ANAPC13	c14
0.479871333500115	0.166312986936212	0.037	0.033	1	AC002310.12	c14
5.54001429012026e-05	0.166270264146053	0.39	0.31	1	SDHA	c14
0.0896908983016877	-0.166122360857087	0.59	0.559	1	SF3B1	c14
0.0555611673644175	0.165948630686623	0.076	0.061	1	VMAC	c14
0.0499597764271742	0.165784789370273	0.09	0.073	1	P2RX4	c14
0.919827294257752	-0.165625042029765	0.071	0.071	1	CCDC127	c14
0.00261722355884539	0.165620206948574	0.284	0.233	1	NUDT16L1	c14
0.679981001545869	-0.165505739846842	0.016	0.015	1	L3MBTL1	c14
0.543277889905688	-0.165501916742493	0.195	0.181	1	ACTA2	c14
0.892013972742626	-0.165484807704834	0.175	0.167	1	TMEM154	c14
0.0045791430098977	0.165484531870301	0.231	0.192	1	SMARCC1	c14
0.451948413507912	-0.165435644338923	0.156	0.143	1	DDHD1	c14
0.0917737442003264	0.165350040464731	0.033	0.024	1	ZNF626	c14
0.000256530170105451	0.165349759632449	0.372	0.302	1	FLOT2	c14
0.119671619112581	0.165241641460973	0.116	0.1	1	C6orf136	c14
0.967875407731549	-0.165111072041127	0.171	0.165	1	LEPROT	c14
0.934416530955922	-0.16510148886625	0.085	0.085	1	ZNF141	c14
0.285471374530067	0.164944910219068	0.064	0.056	1	ARMC7	c14
0.0297564075370735	0.164919598713054	0.193	0.164	1	DDX23	c14
0.364822095392693	0.164885681846347	0.025	0.02	1	MAMSTR	c14
0.81194814617881	-0.164829146091658	0.075	0.076	1	GPN2	c14
0.43107038839865	-0.164794426621268	0.112	0.119	1	YBEY	c14
0.925087605073023	-0.16474175163186	0.145	0.143	1	WDR6	c14
0.0201409475321872	0.164739487905925	0.135	0.109	1	ACSF3	c14
0.00695585983353367	0.164580372971459	0.206	0.17	1	EIF3J	c14
0.0291969858924981	0.164503573732368	0.081	0.063	1	ARHGAP26	c14
0.00218147179791721	0.164341596554431	0.347	0.294	1	SLC25A39	c14
0.746477262544178	-0.16425568956733	0.135	0.128	1	DICER1	c14
0.937412685230933	-0.164229018484293	0.023	0.022	1	SLAIN1	c14
0.571542007718472	-0.164173495076792	0.017	0.02	1	CARM1	c14
0.00580361146010694	0.164154667803838	0.19	0.153	1	VEZF1	c14
0.873030059435126	-0.164082130543184	0.184	0.181	1	TMEM30A	c14
0.728485611059596	-0.164078608960931	0.14	0.141	1	CBX1	c14
0.00372577031975561	0.164073222974195	0.105	0.078	1	ZNF544	c14
0.00222949390915806	0.16398770114866	0.162	0.126	1	RNF139	c14
0.0233669308332431	0.163803909719797	0.097	0.075	1	TCEAL3	c14
0.31224964163549	0.163652394827368	0.052	0.045	1	RHBDD1	c14
0.000269004538950475	0.163626167451254	0.458	0.378	1	TMEM248	c14
0.034843609732451	0.163589260171725	0.109	0.088	1	VAC14	c14
0.00460446260845092	0.163571725657419	0.172	0.136	1	PTPRE	c14
0.799986107856923	-0.163528819802687	0.02	0.021	1	DDX51	c14
0.132625416530551	-0.16352150657727	0.17	0.146	1	RAB11FIP1	c14
0.0245076895771041	0.163486974890369	0.092	0.073	1	SMC2	c14
0.869446757487711	-0.163448758868056	0.021	0.021	1	URB1-AS1	c14
0.00756050358281899	0.163441535172475	0.169	0.136	1	YTHDC2	c14
0.0270008759172717	0.163388361912617	0.111	0.089	1	HNRNPH2	c14
0.787185835382735	-0.163361226444544	0.039	0.037	1	LRRC2	c14
0.0224193319467826	0.163360123932106	0.121	0.098	1	ZNF195	c14
0.847178334243593	-0.163353992161499	0.028	0.029	1	TADA2B	c14
0.00982007578593409	0.163264657942151	0.098	0.074	1	RP3-395M20.12	c14
0.405501234516881	-0.16317988887178	0.388	0.379	1	CHD2	c14
0.0862991938704818	0.163060604901519	0.049	0.038	1	PAFAH2	c14
0.719127346316362	-0.162935023857076	0.303	0.289	1	HAGH	c14
0.0997218039615043	0.162920534232031	0.077	0.063	1	UBA6-AS1	c14
0.534057015177896	-0.162865347363758	0.195	0.199	1	ARID1A	c14
0.000299238934463898	0.162857285371203	0.272	0.214	1	UBE2J2	c14
0.00102202425328765	0.162842423557359	0.302	0.248	1	NSMCE1	c14
0.920044439485116	-0.162698711373269	0.029	0.029	1	UTP14C	c14
0.0384677717092578	0.162696724994133	0.096	0.077	1	YEATS2	c14
0.807548250761727	-0.162692948924106	0.02	0.018	1	NDRG2	c14
0.810976739686095	-0.162678805856538	0.113	0.114	1	ZMYND8	c14
0.0467364121335061	0.162515768578874	0.05	0.037	1	FAM227B	c14
0.000946855019414929	0.162508579494356	0.186	0.143	1	ITCH	c14
0.779630057956061	-0.162502494010146	0.037	0.035	1	ZNF552	c14
0.757088279808457	-0.162492454568514	0.329	0.316	1	ABI1	c14
0.0119368585550391	0.162457521752429	0.116	0.091	1	RARS2	c14
3.93483126100754e-05	0.162410850846877	0.382	0.305	1	NEMF	c14
0.546931344158379	-0.162390914601079	0.087	0.08	1	PLA2G12A	c14
0.866224924535707	-0.162343417330647	0.288	0.275	1	CELF1	c14
0.0963612995379802	0.162313588512898	0.059	0.047	1	FUCA1	c14
0.00493763308256792	0.162289364569074	0.231	0.189	1	SLC25A1	c14
0.0171055665806313	0.162235473042672	0.136	0.11	1	MED16	c14
0.0683726596960312	0.162206809610261	0.048	0.037	1	PPP1R12B	c14
0.16937976434795	0.162206003717055	0.043	0.035	1	MED22	c14
0.794819222217934	-0.162126794748237	0.047	0.045	1	FIG4	c14
0.00109520978701374	0.162108297725125	0.306	0.25	1	MTG1	c14
0.000426705250805275	0.162006742230575	0.214	0.165	1	ASXL2	c14
0.0924513338010073	0.161980055763459	0.114	0.097	1	C9orf114	c14
0.903404755073321	-0.16195474341028	0.092	0.09	1	SIRT3	c14
0.460191453718707	0.161918875593204	0.027	0.023	1	RPPH1	c14
0.424683140813549	-0.161888531776237	0.081	0.088	1	NAALADL1	c14
0.00689682630607345	0.161887982416574	0.276	0.232	1	MAZ	c14
0.878712255397402	-0.161817375681	0.04	0.041	1	AP4S1	c14
0.780680024791464	-0.161815320820271	0.122	0.117	1	AP1G1	c14
0.914921600695964	-0.161811960177545	0.054	0.055	1	RP11-545E17.3	c14
0.906864669745449	-0.161695735171526	0.049	0.05	1	TCEANC2	c14
0.0717976727206288	0.161671191979866	0.066	0.052	1	SLC27A5	c14
0.000239695579786212	0.16165417256004	0.475	0.387	1	CHMP2A	c14
0.000212924612297035	0.161651858584528	0.522	0.432	1	ANP32A	c14
0.0878709302795411	0.161366457496352	0.059	0.046	1	CLPTM1L	c14
0.996390232690038	-0.161335071993631	0.186	0.18	1	PRDM2	c14
0.280261932070224	0.161295815678946	0.024	0.019	1	RP11-849H4.4	c14
0.390443308879273	0.16126548005668	0.053	0.048	1	MYO1C	c14
0.0222329809308414	0.161222441326778	0.118	0.095	1	DPH1	c14
0.0298626061969691	0.161220247686041	0.063	0.047	1	COLGALT1	c14
0.00946994841498931	0.161190342077883	0.15	0.12	1	MRPS9	c14
0.193660479952735	-0.161168579773892	0.28	0.29	1	EMC6	c14
0.75340010298034	-0.161105567763499	0.096	0.098	1	PHF21A	c14
0.589510894445221	-0.161072287251736	0.109	0.102	1	BAZ2B	c14
0.182549926114065	-0.161044561528768	0.525	0.501	1	DOCK8	c14
0.0106838957277218	0.161041828514384	0.158	0.128	1	DOCK11	c14
0.990106674294638	-0.160959446185818	0.145	0.141	1	WWP2	c14
0.738116284029929	-0.16095728116749	0.085	0.081	1	WDR89	c14
0.946423905119412	-0.160945993474997	0.096	0.093	1	OGG1	c14
0.00283196652024209	0.160913751890249	0.27	0.222	1	ATIC	c14
0.148260315822313	0.160911912517879	0.052	0.043	1	SLC35F6	c14
0.834537660240477	-0.160908883211128	0.015	0.015	1	RP11-161M6.3	c14
0.141215724159146	0.160861166938066	0.054	0.044	1	LRRC45	c14
0.876631177601986	-0.160740942497466	0.028	0.027	1	FAM216A	c14
0.74696530458848	-0.160734171501256	0.011	0.01	1	AGBL2	c14
0.75582162214086	-0.160694867271568	0.017	0.016	1	IFT172	c14
0.866789393347418	-0.160543756710452	0.039	0.04	1	PABPC1L	c14
0.969982981031451	-0.160481195759671	0.124	0.121	1	ZNF274	c14
0.00054590487116587	0.16046744919717	0.308	0.248	1	EIF4G1	c14
0.856922534397535	-0.160360174733601	0.221	0.216	1	PPWD1	c14
0.340429477234866	0.160333359642562	0.012	0.009	1	CCDC15	c14
0.616130232275158	-0.160290661145631	0.083	0.078	1	HKR1	c14
0.622726442838514	-0.160170663335856	0.035	0.032	1	ZCCHC4	c14
0.000133422847858561	0.160099843560846	0.234	0.177	1	PPP4R3A	c14
0.000153552282024537	0.160096355727722	0.424	0.344	1	COX16	c14
0.0826313159982029	0.160069214077871	0.071	0.057	1	MED9	c14
0.0393762944290824	0.160018443043296	0.114	0.093	1	AAAS	c14
0.683214547417169	-0.159976196856542	0.097	0.091	1	GMDS-AS1	c14
0.926623165931275	-0.15992310235583	0.02	0.019	1	DRAM1	c14
0.00447805538483199	0.159912394503352	0.228	0.188	1	CLIP1	c14
0.723803489908476	-0.159768007483468	0.024	0.025	1	EAF2	c14
0.00811264665726386	0.159765009733764	0.127	0.099	1	MRPL35	c14
0.000487101088183799	0.159737695842832	0.378	0.312	1	MTCH1	c14
0.590163961872822	-0.15972542862874	0.03	0.033	1	CCZ1	c14
0.00539206718202382	0.159702076133453	0.191	0.154	1	RPAP2	c14
0.000652950467332815	0.15967096212965	0.228	0.18	1	TBL1XR1	c14
0.0025728047333011	0.159378703582115	0.258	0.211	1	ELOF1	c14
0.00159665428399769	0.159365535373569	0.184	0.144	1	AP3D1	c14
0.785158019891579	-0.159336506458507	0.074	0.071	1	GXYLT1	c14
0.00352734275104398	0.159212953206377	0.24	0.197	1	PIGT	c14
0.033643572489957	0.159140095056957	0.127	0.104	1	DDX59	c14
0.114081842452912	0.159079764860869	0.133	0.115	1	SLC25A32	c14
0.00640063723964265	0.159078937771354	0.156	0.124	1	RNF220	c14
0.13757125368097	0.159064643789987	0.037	0.029	1	ZNF816	c14
0.328264290058347	0.158898024105711	0.072	0.064	1	METTL6	c14
0.302682284758617	0.158827619036798	0.048	0.041	1	ICK	c14
0.994149512942968	-0.158780091509576	0.024	0.023	1	RNLS	c14
0.000617219935890024	0.158739686570037	0.474	0.396	1	SNRPC	c14
0.694621157763901	-0.158653250076248	0.291	0.284	1	PRKDC	c14
0.704129310494843	-0.158620292474114	0.289	0.268	1	SMARCA2	c14
0.0311292786978069	0.158612449244743	0.145	0.12	1	MTX1	c14
0.872698847238973	-0.158582526508343	0.013	0.014	1	RP11-333E1.1	c14
0.975865581024646	-0.158381383629372	0.115	0.113	1	KIZ	c14
0.0075976896821484	0.158360175083122	0.15	0.119	1	CACUL1	c14
0.807556165865198	-0.158268599689829	0.012	0.011	1	ZNF225	c14
0.0152097725675995	0.158267697469022	0.106	0.082	1	FCF1	c14
3.27476549621772e-05	0.158215872369244	0.553	0.448	1	CDC42SE1	c14
0.0816856597591435	-0.158171595096543	0.514	0.504	1	MRPL57	c14
0.774592748038794	-0.158092147343827	0.029	0.027	1	AACS	c14
9.49555060674788e-05	0.157998112195399	0.375	0.296	1	NGRN	c14
0.615899681736716	-0.157822873865217	0.087	0.081	1	ULK4	c14
0.341808070381535	0.157715640823035	0.029	0.024	1	WDR34	c14
0.740654728580256	-0.157624469588389	0.139	0.131	1	ZBED5	c14
0.811030599390298	-0.157556506119069	0.207	0.196	1	MIA3	c14
0.881401912390382	-0.15752962590794	0.053	0.054	1	GATAD1	c14
0.0110419807462757	0.157491296301447	0.127	0.101	1	SNTB2	c14
0.0207646335821027	0.157448071007766	0.147	0.12	1	FAM207A	c14
0.000593574825479694	0.157408157870488	0.238	0.187	1	DAZAP1	c14
0.922798697660754	-0.157402749420041	0.16	0.154	1	CRYZL1	c14
0.00241448278527165	0.157400777406814	0.162	0.125	1	TMEM107	c14
0.592832725297925	-0.157355814984572	0.108	0.1	1	NR2C2	c14
0.938397062050047	-0.157286987622523	0.354	0.329	1	CASP8	c14
0.452942399094882	-0.157274982805456	0.092	0.084	1	ATP8B2	c14
0.906489304353754	-0.157136850740167	0.233	0.225	1	PARL	c14
0.552055288103839	-0.157136548246653	0.072	0.077	1	ASB2	c14
0.982771050756291	-0.15702048755605	0.14	0.136	1	NUMB	c14
0.232175777811496	0.15693464859662	0.02	0.015	1	TSIX	c14
0.764719948936913	-0.156880969537116	0.086	0.082	1	ANKMY1	c14
0.000436092443244424	0.156666637450498	0.354	0.285	1	GLOD4	c14
0.656084923606721	-0.156600861766862	0.382	0.366	1	DNAJC19	c14
0.043243682592235	0.156560161130016	0.203	0.176	1	TMED3	c14
0.00239354714129265	0.156491789192361	0.232	0.188	1	PMVK	c14
0.0149317725849034	-0.156411322413762	0.689	0.656	1	HNRNPA0	c14
0.939990029402155	-0.15632716067185	0.115	0.113	1	CREBBP	c14
0.693324419688904	-0.156286821068718	0.029	0.031	1	HPSE	c14
0.508523872443856	-0.156245883345948	0.321	0.312	1	KCNAB2	c14
0.003000621001217	0.156242829274872	0.25	0.204	1	SUPT16H	c14
0.00946958198266891	0.156109293112099	0.233	0.194	1	POP4	c14
0.492411224048757	0.1560809233503	0.018	0.016	1	RP11-932O9.7	c14
0.645618840215057	-0.156046520200393	0.024	0.026	1	PRKACA	c14
0.72306186812694	-0.155987103488386	0.17	0.17	1	AREG	c14
0.397820827847045	-0.155974543456617	0.499	0.479	1	PRPF38B	c14
0.0806282995139557	0.155935908072362	0.139	0.119	1	ASMTL	c14
0.0032383891918151	0.155915306329708	0.264	0.217	1	DDX27	c14
0.0260533855809461	0.155864075084335	0.123	0.1	1	STT3A	c14
5.36344459432196e-05	0.155819233121561	0.635	0.532	1	XRCC5	c14
0.00744554772644376	0.1557595612432	0.117	0.09	1	PARP11	c14
0.863303693284896	-0.155757531942703	0.403	0.377	1	GRSF1	c14
0.00053601912700933	0.15575442651815	0.259	0.203	1	EFCAB14	c14
0.508407303918631	-0.155750118350221	0.072	0.065	1	COG7	c14
0.00188673850988016	0.155661926594693	0.268	0.218	1	SP140L	c14
0.459652470128471	-0.155661713263154	0.062	0.055	1	KDM1A	c14
0.00179867053078337	0.15544966696045	0.232	0.187	1	EPN1	c14
0.00024325016891463	0.155414941181595	0.448	0.365	1	NDUFA5	c14
0.0364839468799465	0.155373125846694	0.084	0.066	1	GTPBP3	c14
0.971498405986077	-0.155300876389121	0.106	0.103	1	STK26	c14
0.0384135429969486	0.155210138614058	0.108	0.087	1	CTB-50L17.10	c14
0.0571285983045617	0.155172138232555	0.101	0.083	1	PCYT2	c14
0.0355688609574166	0.15508247422471	0.122	0.1	1	NUP160	c14
0.00985899200092833	0.155080622207344	0.173	0.139	1	MUS81	c14
0.0026846013797854	0.155064966970826	0.267	0.218	1	PRPF31	c14
0.02300451331365	0.154786801149248	0.083	0.064	1	FBXO11	c14
0.723930161939864	-0.154716971911235	0.098	0.093	1	PHF6	c14
0.000367553713072135	0.15471306784793	0.354	0.284	1	SCAMP3	c14
0.000148236754070675	0.154652957362721	0.457	0.383	1	CCT3	c14
0.00151437838175828	0.154629888182608	0.354	0.293	1	DDT	c14
0.612007994798739	0.154521887047467	0.022	0.019	1	ZNF77	c14
0.432229765179957	0.15447680068265	0.029	0.025	1	IFFO2	c14
0.139855791120362	0.154433896222896	0.051	0.042	1	SLC39A11	c14
0.933741796512519	-0.154360262382513	0.012	0.013	1	ZNF555	c14
0.333736372545668	0.154337270827086	0.023	0.018	1	RP11-452L6.5	c14
0.8728878029369	-0.154333293292503	0.012	0.012	1	STARD5	c14
0.739192347504548	-0.154321889843754	0.305	0.284	1	LENG8	c14
0.891880024202139	-0.154246678259859	0.211	0.201	1	SNRK	c14
0.982759547439199	-0.154101206369488	0.141	0.138	1	GIGYF2	c14
0.113148737458336	0.154098469818874	0.064	0.052	1	EXOSC2	c14
0.951885493964005	-0.153960667528794	0.124	0.123	1	IFT27	c14
0.753448053308927	-0.153931989801968	0.021	0.019	1	ZNF596	c14
0.00259372339192511	0.153913002087642	0.262	0.215	1	TFAM	c14
0.133841987206952	0.153845586902643	0.074	0.062	1	RBFA	c14
0.00642986795324916	0.153820103944205	0.186	0.15	1	GMDS	c14
0.921907752550916	-0.153792246292247	0.122	0.118	1	CDKN2AIPNL	c14
0.951995649616391	-0.153694277956678	0.069	0.068	1	IRF5	c14
0.0182431252162603	0.153555924689102	0.129	0.104	1	CCDC159	c14
0.00115783162073124	0.153507159977611	0.314	0.259	1	THOC2	c14
0.94909599856264	-0.153487125858403	0.072	0.072	1	IKZF5	c14
0.0542119218713072	0.153467605218097	0.066	0.052	1	LINC01588	c14
0.219742500391769	0.153406459983535	0.038	0.031	1	ZNF681	c14
0.735023557137219	-0.153361515834878	0.2	0.188	1	OGDH	c14
0.00491392516297324	0.153267898251855	0.171	0.135	1	WRAP73	c14
0.251534769173874	0.153226541230486	0.015	0.011	1	TRAM2	c14
0.000783389056101571	0.153193858742032	0.455	0.379	1	MEA1	c14
0.781239983988009	-0.153177369762247	0.14	0.133	1	ABCB7	c14
0.689306346386823	-0.153160853468556	0.079	0.074	1	KIF3B	c14
0.921977233095068	-0.153095561812208	0.028	0.027	1	ATAD5	c14
0.0316787391833623	0.153055619078923	0.122	0.1	1	LLNLR-245B6.1	c14
0.000807612839966178	0.15284656990813	0.297	0.24	1	STRA13	c14
0.966570005693732	-0.152634216888429	0.137	0.133	1	FARS2	c14
0.0802803791069917	0.152450481373295	0.083	0.068	1	HEMK1	c14
6.97602429830139e-05	0.152419346725661	0.527	0.426	1	CCT8	c14
0.010448158651036	0.1523596654268	0.126	0.1	1	CBL	c14
0.940351127063112	-0.152356386762985	0.099	0.096	1	ORAI3	c14
0.0801680042828411	0.152352313025298	0.086	0.071	1	KANSL3	c14
0.00724061001241762	0.152316312915325	0.262	0.219	1	TBC1D1	c14
0.792286502150472	-0.152266540404716	0.135	0.128	1	UBIAD1	c14
0.757921222161544	-0.152256395271674	0.128	0.13	1	HMCES	c14
0.640673899874852	-0.152055130970374	0.198	0.184	1	KAT6A	c14
0.420632148243239	-0.152048891549066	0.147	0.133	1	PCNX	c14
0.459954923943842	-0.151944522517265	0.197	0.202	1	PYM1	c14
0.000676289836959464	0.151931518875968	0.267	0.213	1	SEC61A1	c14
0.540188282787045	-0.151896537558899	0.471	0.438	1	TNIP1	c14
0.370273499785449	0.151869092632601	0.044	0.038	1	ZNF689	c14
0.0590108484788392	0.151794684212538	0.101	0.083	1	MAGED1	c14
0.722107832351634	-0.15175824937611	0.109	0.104	1	CREB3L2	c14
0.765917951632606	-0.151752393801461	0.022	0.02	1	RP11-440L14.1	c14
0.11378617844385	0.151703846871787	0.068	0.055	1	LINC01003	c14
0.795547137859392	-0.15168577188617	0.128	0.123	1	KIAA0907	c14
0.000674473154043058	0.151674618133366	0.277	0.22	1	PDHB	c14
0.0153336038286004	0.151628170350468	0.118	0.093	1	MEF2A	c14
0.000534103103357628	0.151599706176281	0.401	0.331	1	STRAP	c14
0.997644967723799	-0.151578414965303	0.401	0.38	1	OGT	c14
5.62347210748479e-05	0.151483651258916	0.673	0.576	1	LSM7	c14
0.00321723907150019	0.151444973012492	0.197	0.158	1	FLAD1	c14
0.0137780988350713	0.151336944697795	0.211	0.174	1	FAM127A	c14
0.459125330803603	-0.151308072582476	0.013	0.016	1	HIST1H2AE	c14
0.65542596653777	-0.151212849650875	0.261	0.256	1	SMARCC2	c14
0.663406571020085	-0.151197235076714	0.084	0.079	1	THOC5	c14
0.0524193960925575	0.151158451050479	0.061	0.047	1	ZNF569	c14
0.00396368844713634	0.151150545400795	0.206	0.166	1	CAT	c14
0.0248520969606339	0.151053829923288	0.069	0.052	1	PKNOX1	c14
6.5961039653981e-05	0.151045177261016	0.499	0.407	1	CSNK1A1	c14
0.80218222713343	-0.151040395937582	0.118	0.119	1	OPA1	c14
0.0605570995149908	0.151009861032712	0.104	0.086	1	TDRD3	c14
0.87969475162542	-0.150931806872616	0.196	0.187	1	BBIP1	c14
0.00809006653328406	-0.150899203659985	0.555	0.549	1	DYNLT1	c14
0.0589970325993803	-0.150608976746455	0.679	0.641	1	CCND3	c14
0.00107529561383131	-0.150584353666285	1	1	1	MALAT1	c14
0.781825264473281	-0.150542003692288	0.078	0.075	1	ZNF322	c14
0.535229933910119	-0.150507053412837	0.212	0.195	1	RBM33	c14
0.432085164748762	0.150490107366726	0.012	0.01	1	AC138969.4	c14
0.0101437422760536	0.150488796830498	0.165	0.134	1	ZCCHC10	c14
0.63475443593642	-0.1504608257277	0.068	0.071	1	MDC1	c14
0.0218642973535286	0.150425776818824	0.158	0.131	1	MDM2	c14
0.514824529816051	-0.150354221550403	0.127	0.117	1	AHCTF1	c14
0.300445613236925	-0.150316444705759	0.637	0.575	1	NDUFV2	c14
0.000514555415543744	0.150285734065635	0.377	0.308	1	SLAMF1	c14
0.000937666194586614	0.150218905494427	0.354	0.291	1	LYPLA2	c14
0.838834899486301	-0.150125003442462	0.282	0.272	1	DNAJC4	c14
0.0034811272792559	0.150123178726003	0.21	0.168	1	STK25	c14
0.838146989512003	-0.150083007650903	0.064	0.062	1	RLTPR	c14
0.876792373517516	-0.150044921143215	0.062	0.06	1	CIC	c14
0.904893294734091	-0.150023735449509	0.166	0.164	1	UPF3B	c14
0.00604222449603844	0.150003095245443	0.214	0.175	1	STX16	c14
0.100012014764482	0.14975499813344	0.11	0.094	1	ZNF672	c14
0.236035396655292	0.149679007404747	0.058	0.049	1	ASB7	c14
0.127925639298749	0.149605967908124	0.09	0.077	1	PGGT1B	c14
0.00363327174033851	0.149593824503995	0.194	0.156	1	YAF2	c14
0.00883866530468076	0.149575636089568	0.199	0.164	1	SART1	c14
0.942380766424956	-0.149419557266441	0.063	0.063	1	PTBP2	c14
0.00386066834354373	0.149324821658857	0.116	0.087	1	DEXI	c14
0.0318226801011361	0.149315799733387	0.077	0.059	1	RP11-83A24.2	c14
0.7765381763663	-0.149298863584088	0.041	0.043	1	UBOX5	c14
0.135004951660389	0.149288064073678	0.097	0.082	1	MED24	c14
0.840052026052782	-0.149271979508938	0.25	0.243	1	RNF44	c14
0.220432871958199	0.149241701346447	0.024	0.018	1	AGPAT4	c14
0.259105815706784	0.149221901523626	0.049	0.042	1	YTHDF1	c14
0.00151223270808782	0.149150565803344	0.517	0.441	1	GTF2A2	c14
0.171793194500352	0.149039906696376	0.053	0.044	1	ZNF773	c14
0.393589854936561	-0.1490119107336	0.041	0.047	1	MOSPD1	c14
0.0344702156180548	0.148971353566283	0.138	0.114	1	TRAP1	c14
0.0888185320443341	0.148965971936016	0.077	0.063	1	NSUN3	c14
0.893830762636823	-0.148957456290466	0.1	0.1	1	NOTCH2	c14
0.0692583749101306	0.148917541711761	0.078	0.063	1	NVL	c14
0.895232381549422	-0.148848473177023	0.104	0.1	1	THAP5	c14
0.830000349938279	-0.148791048635312	0.269	0.263	1	CDK5RAP3	c14
0.808295525799445	-0.14878187191586	0.303	0.289	1	SFT2D1	c14
0.00125334478768163	0.148532164211274	0.316	0.257	1	SMC3	c14
0.969520814565441	-0.148442021637527	0.203	0.197	1	PRRC2A	c14
0.734900960560453	-0.148419922321514	0.21	0.196	1	CCDC57	c14
9.64728102232907e-05	0.148318958264955	0.541	0.443	1	POLR3GL	c14
0.706029272260048	-0.148280682259932	0.02	0.018	1	ANKRD34A	c14
0.0103360663531042	0.148181521766636	0.188	0.154	1	RFX5	c14
0.080250925273538	0.148178106471877	0.073	0.059	1	POLR3A	c14
0.207993130805864	-0.148124184752029	0.432	0.428	1	HAX1	c14
0.889756028109666	-0.148123437162014	0.055	0.056	1	BCKDHB	c14
0.00227739934423571	0.148064032695011	0.288	0.235	1	ARPC1A	c14
9.8094647749347e-05	0.148024720798231	0.765	0.656	1	WDR83OS	c14
0.656969335274976	-0.147986237640163	0.12	0.123	1	HELQ	c14
0.97839303993369	-0.147886309124743	0.021	0.021	1	LIN9	c14
0.625213005308064	0.147885749344962	0.014	0.013	1	ZNF367	c14
0.00390036910855562	0.147756754026651	0.266	0.219	1	STX8	c14
0.00859783594062452	0.147750182183152	0.108	0.082	1	HERC3	c14
0.118202572388898	0.147747100400785	0.016	0.011	1	VASH1	c14
0.000116518926727997	0.147684385639936	0.651	0.545	1	ATP5I	c14
0.594578032408909	-0.147637295026432	0.028	0.025	1	FOXK2	c14
0.00026848338584371	0.147619869263142	0.293	0.231	1	GPR108	c14
0.211114823051965	0.147580734114674	0.025	0.019	1	EPB41L5	c14
0.00151430596382987	0.147537018360444	0.249	0.2	1	LCMT1	c14
0.0142668434100232	0.147492575800517	0.166	0.136	1	C1orf50	c14
0.703954014706284	-0.147396250756603	0.392	0.372	1	SF3A1	c14
0.0290985984043341	0.147392210233157	0.112	0.09	1	SFXN3	c14
0.0111424361627608	0.147382008689749	0.115	0.089	1	SENP5	c14
0.584178241469248	-0.147377127820799	0.297	0.291	1	TRAPPC6A	c14
0.387898416274983	0.14733762494188	0.017	0.014	1	PLAG1	c14
0.0231700372073933	0.147259992253319	0.152	0.125	1	GALT	c14
0.0015338100026662	0.147206066677023	0.519	0.438	1	EIF1AX	c14
0.00178987513193363	0.147175068748276	0.2	0.157	1	SUPT6H	c14
0.0992619026583256	0.147145694823096	0.055	0.044	1	ZNF518A	c14
0.560316836420307	-0.147017514246303	0.102	0.094	1	HOOK2	c14
0.730426627076593	-0.147015292187233	0.094	0.089	1	HSDL2	c14
0.491228789023195	-0.146965891760624	0.046	0.041	1	ZKSCAN8	c14
0.841315697151718	-0.146891980151737	0.2	0.192	1	FAM208A	c14
0.787217805035946	-0.146857613936263	0.104	0.1	1	GTF3C2	c14
0.673511841536273	-0.146840218528204	0.048	0.045	1	EID3	c14
0.86628058195991	-0.146777126800987	0.029	0.03	1	DHX57	c14
0.0029520616992186	0.146689783813846	0.203	0.163	1	PUM3	c14
0.684647486519038	-0.146583949591197	0.113	0.106	1	TNKS	c14
0.002730086337534	0.146475630131845	0.236	0.191	1	ASB8	c14
0.0294952500984226	0.146450993297497	0.105	0.084	1	FBXO38	c14
0.440491909368973	-0.146418217510003	0.111	0.101	1	HECA	c14
0.348407304550486	-0.146397281012869	0.111	0.099	1	CDK5RAP2	c14
0.940206035836017	-0.146385189693307	0.079	0.077	1	ZNF429	c14
0.843668168097786	0.146325267138053	0.022	0.021	1	IRF2BP1	c14
0.96879494499515	-0.146301914780355	0.026	0.026	1	ZNF707	c14
0.681615959295149	0.146277210892542	0.016	0.015	1	RP11-574F21.2	c14
0.728212547958845	0.146253234081589	0.017	0.016	1	MFSD13A	c14
0.000184231214402102	0.146159699796233	0.615	0.516	1	SNRPD3	c14
0.724443926248569	-0.146112438391538	0.07	0.066	1	KIAA0513	c14
0.00197656688623224	0.145986780595959	0.123	0.091	1	DDX1	c14
0.0010037872970157	0.145946009264109	0.371	0.306	1	MESDC2	c14
0.000112060674716165	0.145945902771975	0.388	0.31	1	POLR2I	c14
0.876170704401474	-0.1459281304184	0.015	0.015	1	DOCK7	c14
0.0316046306478606	0.145885588075425	0.205	0.174	1	NADSYN1	c14
0.00023517159707043	0.145809639882784	0.357	0.285	1	POLE4	c14
0.0179249608104229	0.145773109136432	0.117	0.093	1	TAF2	c14
0.906238402497142	-0.145699349776387	0.21	0.205	1	IL17RA	c14
0.869981884312681	-0.145637750958514	0.086	0.087	1	NUS1	c14
0.233493715351473	0.145463330850848	0.046	0.039	1	AP4M1	c14
0.91308947862278	-0.14546279616462	0.113	0.113	1	USF1	c14
0.952000235827726	-0.145398929121252	0.109	0.107	1	ZNF770	c14
0.317915921680844	-0.145324815624886	0.045	0.038	1	MAST3	c14
0.00612424196068383	0.145264095046222	0.226	0.185	1	ITFG1	c14
0.00200034402860439	0.145241060706525	0.327	0.27	1	U2AF2	c14
0.991872787811959	-0.145201969234328	0.293	0.277	1	RCAN3	c14
0.0730407301730368	0.145046809871043	0.068	0.054	1	GUF1	c14
0.771855369656657	-0.14494041767916	0.015	0.014	1	DTWD2	c14
0.00195056220324283	0.14490015306865	0.186	0.145	1	RINL	c14
0.0783796361241876	0.144851884132321	0.09	0.075	1	PDSS2	c14
0.000632560870182738	0.144782834493643	0.359	0.292	1	TROVE2	c14
0.00157522651078451	0.14475156372911	0.371	0.309	1	BCAS2	c14
0.917442658715342	-0.144685661364413	0.041	0.042	1	CEP41	c14
0.672117623760356	-0.144646897166928	0.062	0.058	1	SLC23A2	c14
0.0425394354311008	0.144601310792684	0.072	0.056	1	DHRS13	c14
0.640099468056442	-0.144500328681608	0.033	0.036	1	DGAT1	c14
0.251371547550675	0.144445889141802	0.071	0.062	1	BOLA1	c14
0.00723982761937316	0.144435900309708	0.224	0.184	1	TMEM141	c14
0.563607364874734	-0.144423894776497	0.184	0.17	1	LINS1	c14
0.83421428450284	-0.144324397649747	0.038	0.039	1	RP1-151F17.1	c14
0.683584151449421	-0.144321107833534	0.03	0.032	1	GATB	c14
0.000250892368873784	0.144200599261843	0.317	0.251	1	MRPL10	c14
0.102554228335753	0.144155285752535	0.114	0.098	1	PRRC1	c14
0.0239890884829494	0.144148508239798	0.128	0.104	1	LYPLAL1	c14
0.869609565555031	-0.144110457666748	0.058	0.056	1	PGPEP1	c14
0.0229122181195616	0.144086706262571	0.124	0.101	1	OSBPL3	c14
0.0319753382201105	0.144077341986005	0.176	0.148	1	RALBP1	c14
0.115423670654935	0.144060076339141	0.068	0.056	1	MYO19	c14
0.0798691385016827	0.144053561203306	0.104	0.087	1	DOHH	c14
0.0285853670533978	0.144012246780997	0.119	0.097	1	PGP	c14
0.142331506270417	0.144008085709319	0.05	0.041	1	UBE2O	c14
0.0549173398376846	0.14399461209313	0.069	0.054	1	ZXDC	c14
0.796710515825612	-0.14384988039434	0.01	0.011	1	EFNB1	c14
0.319825670368785	0.143762004939003	0.035	0.029	1	TRAF3IP2-AS1	c14
0.00154598589657688	0.143681780854538	0.224	0.176	1	ZNF146	c14
0.0270605430564682	-0.143676524910885	0.085	0.066	1	NFKBID	c14
0.539243843867984	-0.143668346350584	0.164	0.151	1	PIK3R5	c14
0.000111894778735126	0.143667495945874	0.351	0.279	1	CEP57	c14
0.722695654561178	-0.143621036759479	0.016	0.015	1	DPY19L1	c14
0.169179514792394	0.143619438901948	0.062	0.051	1	HIST1H2BK	c14
0.00620528716241404	0.143619357722756	0.269	0.224	1	PFDN4	c14
0.000513566367217053	0.143549773977295	0.224	0.174	1	NFAT5	c14
0.0732320492203018	0.143510593153465	0.098	0.081	1	TMEM260	c14
0.0310858352308298	0.143503287943771	0.104	0.083	1	ATG16L1	c14
0.921909486357951	-0.143501376401005	0.192	0.188	1	SFSWAP	c14
0.722509526348784	-0.143488312477437	0.703	0.634	1	C9orf16	c14
0.00840997082143261	0.143440348505486	0.26	0.218	1	CHCHD1	c14
0.905015300541165	-0.143438355437894	0.064	0.064	1	SIRT5	c14
0.0902182289499886	0.143346950411403	0.09	0.075	1	DLEU1	c14
0.000261823304851829	0.143313867438741	0.649	0.551	1	TCEA1	c14
0.0692800698181548	0.143294753673232	0.034	0.024	1	STK35	c14
0.297404757489992	0.143258930012188	0.026	0.021	1	ARL10	c14
0.000852512551509487	0.143224226883978	0.256	0.203	1	IMP4	c14
0.429383295107373	-0.143183376182098	0.015	0.019	1	LINC01534	c14
0.289555222575486	-0.143106704708655	0.675	0.635	1	LBH	c14
0.0538412214580549	0.143103354955989	0.091	0.074	1	ELP4	c14
0.891081030346297	-0.143073794833079	0.039	0.038	1	MRPL23	c14
0.000436856920683327	0.143024967297997	0.285	0.223	1	VPS4A	c14
0.0539584828403809	-0.142981259315114	0.73	0.697	1	TRAF3IP3	c14
0.337845114663018	-0.142974590466798	0.485	0.47	1	HMGN3	c14
8.72823029694025e-05	0.142964304245638	0.377	0.298	1	RPA3	c14
0.162142129321993	0.142838511828585	0.035	0.027	1	ZNF614	c14
4.74200434698645e-05	0.142772748956793	0.795	0.699	1	UQCRH	c14
0.0175975823241416	0.142734415532542	0.117	0.093	1	ALG2	c14
0.002006004952072	0.142692776766443	0.213	0.169	1	CTCF	c14
0.000285746984613822	0.142623953865757	0.645	0.54	1	SSBP1	c14
0.0737818009712557	0.142620769952042	0.083	0.068	1	APAF1	c14
0.00401066494889449	0.142584647333635	0.197	0.157	1	HDHD3	c14
0.601610105905615	-0.142415184883467	0.115	0.107	1	NSF	c14
0.0612864587060089	0.142390025431889	0.111	0.092	1	EDEM2	c14
0.00877907936208241	0.14235651772659	0.256	0.212	1	FYTTD1	c14
0.719071975711147	-0.142332512259165	0.045	0.042	1	MCOLN1	c14
0.326225247086737	0.142331729062716	0.032	0.027	1	TRMT5	c14
0.744398219771034	-0.142276210132862	0.094	0.089	1	GPALPP1	c14
0.00276877026871852	0.142221805363011	0.259	0.212	1	ZNF655	c14
0.0243300538956947	0.142153909429338	0.158	0.131	1	CMAS	c14
0.0128917600574236	-0.142060751921136	0.807	0.785	1	SON	c14
0.830035053350971	-0.142042443429571	0.123	0.119	1	CRELD1	c14
0.0116912275975287	0.142034021868122	0.212	0.175	1	CUTC	c14
0.0140468643888391	0.1420203196117	0.16	0.13	1	ZNF880	c14
0.0049763991482073	0.141995656534922	0.281	0.231	1	PPIE	c14
0.0783899179056863	0.141712557978481	0.087	0.072	1	CMTR2	c14
0.91240627914115	-0.141687777028036	0.013	0.014	1	RP4-594I10.3	c14
0.016726833706574	0.141607815319091	0.104	0.081	1	RAB21	c14
0.0750831044580963	0.141569505251975	0.071	0.057	1	MANBAL	c14
0.871217293527738	-0.141377260623368	0.086	0.087	1	HEATR5B	c14
0.16378961007754	0.141342553472352	0.058	0.047	1	LIN7B	c14
0.74112208259103	-0.141310916737853	0.201	0.191	1	TAF10	c14
0.90786747338657	-0.141288389467485	0.027	0.027	1	INCENP	c14
0.000913863683112381	0.141246465720353	0.473	0.403	1	METTL9	c14
0.301665625675061	0.141234896220301	0.02	0.015	1	ARSB	c14
0.0216396780781474	-0.141222137969536	0.731	0.687	1	SLC25A3	c14
0.894437761314744	-0.14121426454189	0.312	0.293	1	STARD3	c14
0.0254481867070595	0.141201323472478	0.121	0.098	1	SGTA	c14
0.239495804766862	0.141190454781349	0.057	0.048	1	BTBD7	c14
0.0177603691454168	0.141118246728797	0.121	0.097	1	HYOU1	c14
0.00516261080987566	0.141088556563866	0.249	0.204	1	UBN1	c14
0.00681789152507724	0.141072250288725	0.184	0.147	1	MFSD11	c14
0.181206566507378	0.140893549119154	0.043	0.035	1	KLHL8	c14
0.835953650455105	-0.1408923819395	0.186	0.185	1	CAB39	c14
0.0282872434534238	0.140851228719463	0.089	0.07	1	SNRNP48	c14
0.380687898827555	-0.140808446938956	0.124	0.112	1	RASSF3	c14
0.000216338242654715	0.14076959256418	0.411	0.333	1	SUMO3	c14
0.892782587292252	-0.140643115532336	0.037	0.038	1	SNHG21	c14
0.322156063272887	0.140625657151573	0.018	0.015	1	CCNB1	c14
0.00988377096465956	0.140534823511163	0.145	0.115	1	BORCS6	c14
0.458635791877412	-0.140524618635314	0.067	0.06	1	ZNF227	c14
0.373392015766616	-0.140488915129224	0.053	0.047	1	BTRC	c14
0.00161248184031276	0.140398184277473	0.213	0.168	1	ISG20L2	c14
0.0433838220529326	0.140393180095209	0.087	0.069	1	CPSF3	c14
0.00636902317890989	0.140339958698156	0.283	0.235	1	TMEM183A	c14
0.848383420860278	-0.140238359956322	0.202	0.192	1	ZC3H6	c14
0.0136171585958428	0.140229670159993	0.147	0.118	1	RRP8	c14
0.193653557965645	0.140208666208461	0.064	0.054	1	RBM15	c14
0.861588831046664	-0.140181395780629	0.065	0.066	1	WRB	c14
0.575858292331717	0.14014465676322	0.025	0.022	1	KLF11	c14
0.945026326942795	-0.140054427212196	0.047	0.046	1	ZNF550	c14
0.0175723990554691	0.140014637053882	0.174	0.144	1	GET4	c14
0.0880266645915887	-0.139993143945778	0.106	0.087	1	PTGDR	c14
0.822933650860907	-0.139932425164902	0.322	0.3	1	AFF4	c14
0.0019033987268704	0.139771920112123	0.279	0.227	1	PRELID3B	c14
0.988201470161888	-0.139736596655812	0.129	0.127	1	ITPR2	c14
0.00597688022850641	0.139716630233657	0.191	0.154	1	KATNBL1	c14
0.00135393292821197	0.139627818224958	0.301	0.244	1	MARCH7	c14
0.320115487341857	0.139545362851863	0.092	0.083	1	C9orf85	c14
0.497335433401301	-0.139540117023709	0.33	0.322	1	MMP24-AS1	c14
0.0252211692487043	0.139492250328162	0.16	0.133	1	PRKRIP1	c14
0.0242914596179367	0.139467590518219	0.14	0.114	1	NMT1	c14
0.934989188063701	-0.139379680274637	0.033	0.032	1	TRIM24	c14
0.00364730279660239	0.139366322965061	0.21	0.167	1	MRPL50	c14
0.726469690557025	-0.139293145644914	0.39	0.356	1	PSMD5-AS1	c14
0.0148911003370835	0.139290024665601	0.164	0.135	1	CHD8	c14
0.0999271833796549	0.139175728067399	0.058	0.046	1	CPEB4	c14
0.616024282382926	0.139124096385866	0.031	0.028	1	SMG8	c14
0.825024620317682	-0.139062452571667	0.385	0.368	1	NKTR	c14
0.862196787245748	-0.139053654211315	0.039	0.04	1	TMCC1	c14
0.0566150461667759	0.138976304382716	0.101	0.082	1	AC093323.3	c14
0.746843327762564	-0.138873058097795	0.153	0.144	1	CDKN2AIP	c14
0.132276645327672	0.138866719325611	0.06	0.048	1	PORCN	c14
0.0739307432474853	0.138860779168053	0.126	0.107	1	NUDT3	c14
0.0712223213593709	0.138760037103024	0.132	0.112	1	NBAS	c14
0.000457487198596957	0.138654349347617	0.301	0.24	1	CSNK1D	c14
0.935596752893038	-0.138611015599198	0.048	0.048	1	LDB1	c14
0.0452679318212336	-0.138578464972499	0.787	0.744	1	STK4	c14
0.244928329424451	0.13850375930989	0.049	0.042	1	WWOX	c14
0.000109127218994814	-0.138465129305044	0.943	0.904	1	CNBP	c14
0.324279706096519	0.138383395932923	0.01	0.007	1	RP11-386G11.5	c14
0.00177072311775622	0.138361293500975	0.271	0.221	1	ILKAP	c14
0.00451629969200069	0.138295289249371	0.203	0.164	1	P4HTM	c14
0.710561452794574	-0.138213022945982	0.103	0.097	1	MOGS	c14
0.741146204599898	-0.13819482774006	0.014	0.016	1	ZNF512B	c14
0.00409167901344236	0.137877342366824	0.182	0.144	1	MRPS2	c14
0.0211295866308269	0.137785071703871	0.293	0.255	1	BTF3L4	c14
0.00540414929235152	0.137776546037978	0.238	0.196	1	PDE6D	c14
0.126741525449938	0.137733337666381	0.069	0.057	1	ZSCAN16	c14
0.358238616592498	0.137609353108867	0.024	0.019	1	CDYL2	c14
0.0326049818519426	0.137503212822657	0.119	0.097	1	MBD2	c14
0.894768992531914	-0.137390996809472	0.553	0.501	1	TPR	c14
0.000773688545374074	0.137310777948186	0.29	0.234	1	TNIP2	c14
0.0178105573421793	0.137266366910856	0.148	0.12	1	SCAF1	c14
3.67472803161009e-05	0.137133004213786	0.583	0.487	1	CSK	c14
0.104584588837934	0.137122307099625	0.158	0.139	1	STK24	c14
0.786579952752631	-0.137095230531711	0.049	0.047	1	CD99L2	c14
0.00287473893147189	0.137036100946362	0.252	0.205	1	LONP2	c14
0.307669707268702	0.137002868373783	0.017	0.014	1	FBXL18	c14
0.0734316047615858	0.13694639836806	0.155	0.133	1	CCDC97	c14
0.00389717027052554	0.136883469099563	0.269	0.222	1	TDG	c14
0.80735746812856	-0.136762788377568	0.286	0.267	1	ZCCHC11	c14
0.321391193924407	0.136718425277519	0.035	0.029	1	ZNF79	c14
0.833597594638292	-0.136700543311488	0.225	0.215	1	ZC3H11A	c14
0.934446625168567	-0.136667213525601	0.025	0.024	1	RAD52	c14
0.00103431300565468	0.13665865681766	0.367	0.301	1	HDAC1	c14
0.0133575337486323	0.136638430143613	0.184	0.151	1	MED21	c14
0.000149587919315266	0.136558148444968	0.336	0.267	1	SRPK2	c14
0.114578003809795	-0.136535886668897	0.017	0.012	1	S100B	c14
0.000123960859842135	0.136469342786281	0.662	0.562	1	CDKN1B	c14
0.0625320571122415	0.136466556045443	0.064	0.05	1	ZBTB14	c14
0.645336422961297	-0.136459855592396	0.061	0.057	1	ST3GAL2	c14
0.979064295879547	-0.136457894679551	0.268	0.256	1	H2AFJ	c14
0.726423253412986	-0.136418752516085	0.159	0.151	1	SEC63	c14
0.129972287778249	0.136418603608228	0.111	0.095	1	FN3KRP	c14
0.962648955357949	-0.136405774144245	0.342	0.323	1	NIPBL	c14
0.0556921195500499	0.136302691468602	0.102	0.083	1	ZNF3	c14
0.000460836456568832	0.136279238574051	0.371	0.298	1	SNRPA1	c14
0.34529017953119	0.136176500855055	0.047	0.041	1	PNPLA4	c14
0.077854799068443	0.135952893109232	0.057	0.044	1	LINC00680	c14
0.997055597350107	-0.135862408899833	0.057	0.056	1	SYNJ2	c14
0.0209331960729761	-0.13580661507505	0.75	0.715	1	PRRC2C	c14
0.894631051700513	-0.135760140046707	0.058	0.058	1	SLC25A44	c14
0.136106158332984	0.135697844132108	0.079	0.066	1	NAA35	c14
0.0725921521402813	0.13561596787969	0.055	0.043	1	RBM41	c14
0.00495434665553289	0.135594684177869	0.215	0.174	1	GOSR1	c14
0.00681343898910314	0.135543597791331	0.111	0.084	1	PRMT7	c14
0.195779510182566	0.135540726029863	0.061	0.051	1	RPUSD2	c14
0.852754005979919	-0.135474760028793	0.034	0.033	1	ZMYM3	c14
0.000462029445395578	0.13544517280674	0.227	0.174	1	LENG1	c14
0.00211959099340092	0.135381842819986	0.16	0.123	1	PNPLA8	c14
0.0100858153989966	0.135368077936269	0.113	0.087	1	TCEA2	c14
0.479306657129446	-0.135294353892988	0.078	0.071	1	NCK1-AS1	c14
0.0250611177891498	0.135292325170041	0.102	0.081	1	COX10	c14
0.0212181382254465	0.135271088443365	0.16	0.132	1	METAP1	c14
0.0051275945657357	0.135245443020484	0.28	0.23	1	TUSC2	c14
0.0220247684103728	0.135023674601607	0.175	0.145	1	SLC35A4	c14
0.000216908536263361	0.135009421429857	0.423	0.341	1	LRPAP1	c14
0.0509943816969533	0.134938056120628	0.066	0.051	1	PDP1	c14
0.272585458562922	0.134931318226731	0.038	0.032	1	CBWD1	c14
0.000661452181094165	0.134891058723758	0.186	0.14	1	PIP4K2A	c14
0.74123236046188	-0.134832372446982	0.031	0.033	1	SETD9	c14
0.583722991244923	-0.134733962515277	0.147	0.152	1	AP2A1	c14
0.00401014448971464	0.134724373107432	0.192	0.154	1	FGD5-AS1	c14
0.280259424079821	0.13470908726855	0.027	0.021	1	NKD1	c14
0.781755687261996	-0.134654169899485	0.038	0.036	1	ZNRF2	c14
0.769674970307335	-0.134555973644634	0.086	0.088	1	EDC4	c14
0.877047071356643	-0.134486074138688	0.068	0.066	1	SENP2	c14
0.638301087994976	0.134482648238867	0.013	0.012	1	H2AFY2	c14
0.776825024810545	-0.134481370404945	0.046	0.048	1	TTI1	c14
0.582011512498204	-0.134368433977934	0.174	0.161	1	FAM110A	c14
0.00154639068433718	0.134331968390414	0.48	0.406	1	SET	c14
0.0154299124891284	0.1343036664672	0.191	0.159	1	NOP56	c14
0.957941459289749	-0.13425649672927	0.047	0.047	1	METTL22	c14
0.00488185783172223	0.134146905226913	0.21	0.17	1	TMEM140	c14
0.874461198156693	-0.134035810494091	0.158	0.152	1	UROD	c14
0.485550355265645	-0.134000507050543	0.02	0.023	1	BRPF3	c14
0.0956504948874076	0.133876293325591	0.028	0.02	1	FN3K	c14
0.823894370328529	-0.133804867727051	0.039	0.04	1	ZNF287	c14
0.891950825225255	-0.133732992388339	0.202	0.194	1	BAG6	c14
0.650893978284233	-0.133676931442285	0.071	0.067	1	HELLS	c14
0.421747107960585	-0.133636776308362	0.025	0.021	1	GDF11	c14
0.00361001746035241	0.133563593764433	0.29	0.24	1	RNF125	c14
0.0263968177311002	0.133545139946001	0.128	0.104	1	BMS1	c14
0.399205460896873	0.133470973114408	0.01	0.008	1	SPIN4	c14
0.0143118001853962	0.133453236010228	0.139	0.11	1	ABCF3	c14
0.0529119164598448	0.133130457653543	0.094	0.076	1	EXOC3	c14
0.863175701132489	-0.133123728651537	0.11	0.11	1	IFRD2	c14
0.0137339915069048	0.133104693673568	0.114	0.089	1	BCL2L12	c14
0.132314685401514	-0.133093670359276	0.508	0.497	1	RBL2	c14
0.0979941481256145	0.133084095039512	0.064	0.051	1	ZNF12	c14
0.854513220145742	-0.133045448307876	0.082	0.079	1	NAA30	c14
0.20812139347772	0.132917596348425	0.052	0.044	1	EEF2K	c14
0.932162648428645	-0.132887549644894	0.126	0.123	1	REV3L	c14
0.578006305406375	-0.132876457720862	0.138	0.128	1	UGCG	c14
0.671610940431105	-0.132861011736796	0.144	0.135	1	ZNF224	c14
0.537095311762961	-0.132858962738006	0.069	0.063	1	TRMT1L	c14
0.000265264040360396	0.13284338780541	0.7	0.595	1	NDUFB4	c14
0.000518995717702376	0.13281382915877	0.357	0.289	1	HSF1	c14
0.969752290054174	-0.132786522775873	0.054	0.054	1	CRHR1	c14
0.952437054370145	-0.132769165585875	0.041	0.04	1	KAT2A	c14
0.0168418004808305	0.13273313040909	0.221	0.187	1	VPS25	c14
0.980969084775387	-0.132585603195518	0.125	0.124	1	COASY	c14
0.0321724538988059	0.132583740011943	0.145	0.12	1	TMEM203	c14
0.00946522046157015	0.13257185629985	0.128	0.1	1	ACOT9	c14
0.103773939937702	0.13247248709919	0.079	0.065	1	EYA3	c14
0.00140039663006422	0.132398061769325	0.366	0.3	1	METTL5	c14
0.600658756958024	-0.132300156206238	0.128	0.12	1	DCTN5	c14
0.000431405894540318	0.132296257341887	0.651	0.568	1	KRT10	c14
0.00102322739321902	0.132293526557895	0.576	0.492	1	ROMO1	c14
0.212682428756776	0.132273356428128	0.061	0.051	1	RP11-159G9.5	c14
0.956169113994531	-0.132268546413558	0.113	0.111	1	WDR48	c14
0.0523957206580164	0.132237623530488	0.092	0.075	1	PEMT	c14
0.726954677725077	0.132224985738204	0.062	0.059	1	TRGV5	c14
0.629252222103774	-0.132222779988467	0.139	0.142	1	FBRS	c14
0.981416033989023	-0.132220190940417	0.163	0.159	1	TMEM101	c14
0.760979630662458	-0.132182302696062	0.07	0.066	1	RP11-284N8.3	c14
0.0224656584272349	0.132169479519009	0.3	0.261	1	NDUFA10	c14
0.61044396169239	-0.132159450023507	0.148	0.138	1	CCNB1IP1	c14
0.932430596651915	-0.132144187227681	0.501	0.478	1	CCNH	c14
0.404490328728895	-0.132136950059902	0.05	0.044	1	ZNF671	c14
0.0724944485463096	0.132131419224311	0.07	0.056	1	KLHL42	c14
0.498341323051408	-0.132007187672132	0.187	0.172	1	U2AF1L4	c14
0.00290823984834059	0.131968919694265	0.276	0.226	1	SENP7	c14
0.0223605159879876	0.131911619223382	0.129	0.104	1	REXO4	c14
0.267199718021169	0.13185815108352	0.03	0.024	1	RAB40B	c14
0.262730959016374	0.13183201086239	0.04	0.033	1	NLRX1	c14
0.984736022576686	-0.131728526421075	0.234	0.226	1	BSDC1	c14
0.681169221752896	-0.131724004622543	0.087	0.082	1	CEP192	c14
0.720743105787576	-0.131655519647111	0.029	0.031	1	DDX28	c14
0.291994630742922	-0.131621407298734	0.526	0.503	1	RBMX	c14
0.00223850841709635	0.131620160405593	0.222	0.177	1	LPAR2	c14
0.264493363629456	0.131589030969626	0.088	0.078	1	COMMD3	c14
0.0129324344210849	0.131531725289339	0.154	0.125	1	IPO7	c14
0.626189185987153	-0.131528132440246	0.573	0.528	1	RCSD1	c14
0.836606439659862	-0.131472209207737	0.271	0.257	1	SPOP	c14
0.000151103543386202	0.131367705497414	0.472	0.391	1	ZC3HAV1	c14
0.00172876832273839	0.131309808263658	0.271	0.221	1	PNKP	c14
0.131088073949696	0.131240093534073	0.181	0.16	1	SEC22C	c14
0.037047694819386	0.131233826854625	0.161	0.136	1	UNC45A	c14
0.944276429109147	-0.131069693383318	0.485	0.445	1	JAK3	c14
0.756044710776545	-0.131061899225844	0.082	0.084	1	EIF3B	c14
0.425728285076046	-0.130964517631975	0.126	0.114	1	APPBP2	c14
0.080607155361417	0.130943833715383	0.035	0.026	1	CCDC138	c14
0.114947911540859	0.130902806920918	0.042	0.033	1	SLC15A4	c14
0.777350321272182	-0.130741049025384	0.015	0.017	1	AC113189.5	c14
0.779682505151311	-0.130639080793478	0.212	0.209	1	SND1	c14
0.782518704483988	-0.130589641944242	0.156	0.149	1	ZNF688	c14
0.00127199040503049	0.130548951630493	0.266	0.213	1	RPIA	c14
0.975367585039681	-0.130502977190706	0.039	0.039	1	CACNA2D4	c14
0.00248661517173368	0.130464193406036	0.311	0.256	1	ATP6AP1	c14
0.560365895480362	-0.130402833849765	0.186	0.171	1	NUP107	c14
0.00964062376486951	0.130348856949867	0.194	0.159	1	TBC1D22A	c14
0.693959670115055	-0.130116949800561	0.117	0.111	1	SPTLC1	c14
0.021380207132625	0.130040174859761	0.073	0.055	1	HEATR6	c14
0.613448127566042	-0.129963648873014	0.17	0.159	1	PKN2	c14
0.707983521519409	-0.129804894146676	0.013	0.015	1	ZFPM1	c14
0.0323116534518411	0.129670033224717	0.123	0.1	1	TMEM42	c14
0.000268411044522157	0.129609493791984	0.664	0.561	1	C14orf166	c14
0.0150339551350319	0.129589616019408	0.182	0.149	1	GLT8D1	c14
0.00142896820703497	0.129524647064289	0.338	0.275	1	EIF4E2	c14
0.020244970731364	0.129484009834191	0.114	0.09	1	TRMT61B	c14
0.065201854284795	0.1294831720149	0.139	0.117	1	CBLL1	c14
0.992766863038696	-0.129469224256043	0.628	0.569	1	PPP2R5C	c14
0.002968439339734	0.129466215557119	0.186	0.146	1	BET1	c14
0.000216848901912277	0.129378368376992	0.242	0.185	1	USP11	c14
0.0636670336298094	0.129131015078014	0.116	0.097	1	ZNF37A	c14
0.719868134566733	-0.129123259604317	0.012	0.014	1	RP11-111M22.2	c14
0.585491331380268	-0.129112735708912	0.24	0.222	1	PCMTD1	c14
0.845130272770975	-0.129066168503965	0.117	0.113	1	SIRT6	c14
0.0134351233883948	0.128972332444667	0.135	0.107	1	DHX38	c14
0.150319324334756	0.128940810589196	0.047	0.038	1	FAR2	c14
0.00183584226895571	0.12892089488011	0.298	0.241	1	TRAPPC4	c14
0.555417863603385	-0.128837201351268	0.06	0.055	1	SLC12A7	c14
0.000303793871828442	0.128651535099477	0.318	0.252	1	ORAI1	c14
0.997674371162929	-0.128642297778202	0.247	0.238	1	GMIP	c14
0.00131180914334923	0.12862911715623	0.243	0.192	1	CDS2	c14
0.0426211122599273	0.128601311951538	0.144	0.119	1	TMEM167B	c14
0.194174181260333	0.12858790419783	0.042	0.034	1	RARG	c14
0.00252170859286011	0.128523843308502	0.172	0.133	1	TTC13	c14
0.0918390830594524	0.128383333240175	0.201	0.177	1	CFAP97	c14
0.585955776182321	-0.128334327412454	0.009	0.011	1	ECT2	c14
3.0326139501409e-05	0.128318613499137	0.736	0.635	1	KMT2E	c14
0.0285658465909007	0.128313711402774	0.068	0.051	1	FAM193A	c14
0.569157284532094	-0.128277986643484	0.187	0.173	1	RNPEPL1	c14
0.730249316639852	0.12811541973737	0.013	0.012	1	SOCS7	c14
0.00147527359285921	0.128115084122345	0.178	0.137	1	ZC3H18	c14
0.113831169952728	0.128101507787052	0.15	0.131	1	NUP54	c14
0.000299052987845826	0.127942812874087	0.609	0.514	1	NDUFC1	c14
0.00557256394622232	0.127876939204499	0.322	0.268	1	YIPF3	c14
0.449900902011574	-0.127835931024715	0.018	0.015	1	VCAM1	c14
0.000326318098412911	0.127795732010156	0.333	0.266	1	PTPRA	c14
0.000392947488947936	0.127759686087954	0.637	0.537	1	BCAP31	c14
0.663677797822953	-0.127742525256839	0.054	0.051	1	PVRIG	c14
0.000696424730028355	0.127738425396568	0.562	0.468	1	NDUFS7	c14
0.00923943091778265	0.127715079986728	0.169	0.136	1	SMARCD1	c14
0.040994852522296	0.127688358528212	0.12	0.098	1	EDRF1	c14
0.0854919713235172	0.127668284086105	0.139	0.119	1	CBR1	c14
0.919070165037555	-0.127658216124085	0.018	0.019	1	NEK8	c14
0.0152272989295905	0.127650718791291	0.154	0.125	1	HACL1	c14
0.704567552811819	-0.12758990098302	0.438	0.407	1	WBP2	c14
0.758817671305986	-0.127553646160848	0.034	0.032	1	AC007383.3	c14
0.225621521108774	0.127547803903571	0.054	0.046	1	POT1	c14
0.736317806678339	-0.127490449427043	0.232	0.218	1	SAFB2	c14
0.0399815619460687	0.127469065135084	0.113	0.092	1	AIDA	c14
0.017099938134403	0.127423953509408	0.175	0.144	1	SPAG9	c14
0.927340818468536	-0.127411199035987	0.132	0.128	1	TRAF7	c14
0.00397558859816195	0.127397549229805	0.232	0.188	1	TRPT1	c14
0.0175931915935263	0.127376731392442	0.186	0.154	1	EXOC2	c14
0.112013611026514	0.127248219697044	0.119	0.102	1	WDR55	c14
0.890072859689425	-0.127231774340581	0.176	0.169	1	NOB1	c14
0.0517975270071893	0.127228322871818	0.137	0.115	1	ABHD12	c14
0.362102702596585	0.127212636489467	0.061	0.054	1	MINA	c14
0.00599769227359941	0.12717401438596	0.195	0.158	1	ESF1	c14
0.000574510852196818	0.127171797200787	0.594	0.512	1	SCAND1	c14
0.00406249447356612	0.12714138643086	0.102	0.075	1	STRBP	c14
0.109741119046259	0.126982002284229	0.061	0.049	1	AMPD2	c14
0.0188028483607516	0.126964534457673	0.145	0.117	1	DKC1	c14
0.0146405524167237	0.126944709869448	0.159	0.13	1	SRFBP1	c14
0.861888469545503	-0.126942610204008	0.023	0.022	1	BAHD1	c14
0.728008635536234	-0.126915798233651	0.096	0.091	1	TMA16	c14
0.0111696315349921	0.126903760133203	0.198	0.163	1	SMARCA4	c14
0.433078398272169	0.126819054947187	0.021	0.017	1	EID2	c14
0.0150480092334529	0.12672940264743	0.15	0.121	1	HSPA14	c14
0.84465358753263	-0.1266725978906	0.079	0.076	1	METTL18	c14
0.0197995152515206	0.126668020145023	0.154	0.126	1	DCTN4	c14
0.907073169445839	-0.126648602218893	0.014	0.014	1	MATR3	c14
0.997269557190202	-0.126616682855031	0.267	0.255	1	MAD1L1	c14
6.20321506655153e-05	0.1265968220365	0.698	0.601	1	TRAC	c14
0.630184493728372	-0.126399595326474	0.034	0.031	1	C17orf67	c14
0.553702438577901	-0.12638766803523	0.068	0.073	1	AHCYL1	c14
0.678500072834665	-0.126364713039202	0.045	0.048	1	LXN	c14
0.595077275587262	-0.126337109169522	0.323	0.293	1	EIF2A	c14
0.00107482935552902	0.126288652621293	0.44	0.367	1	DGCR6L	c14
0.600085083174665	0.126076821111308	0.02	0.017	1	CTD-2017D11.1	c14
0.620650004707918	-0.126072179150289	0.243	0.226	1	EML3	c14
0.873669536826876	-0.125943933950002	0.013	0.013	1	TMEM147-AS1	c14
0.244599435684677	0.125924053823265	0.04	0.033	1	ZNF771	c14
0.873359809469449	-0.125884413546321	0.166	0.16	1	RRN3	c14
0.0597781529546303	0.125870680831094	0.048	0.036	1	MFAP3	c14
0.0242182886194063	0.125840033411944	0.127	0.103	1	GCDH	c14
0.854568306635946	-0.125785688949491	0.111	0.107	1	OXR1	c14
0.00472785857445626	0.12561333039691	0.239	0.196	1	DHX9	c14
0.977921377679291	-0.125560177020845	0.232	0.223	1	ZC3H13	c14
0.555178462572225	-0.12550660753522	0.022	0.025	1	NUDT8	c14
0.0051121944044807	0.125480343789678	0.146	0.113	1	VPS39	c14
0.0265563387942941	0.125469205316231	0.15	0.123	1	GPATCH2L	c14
0.013059728528602	0.125393901995631	0.162	0.132	1	DDX42	c14
0.068856976723588	0.125380764133765	0.177	0.152	1	SLC7A6OS	c14
0.73000985605576	-0.12533555638803	0.043	0.041	1	NOL4L	c14
0.0383655709793022	0.125240730941391	0.088	0.07	1	TRAF6	c14
0.101806421159737	0.12517867454352	0.073	0.06	1	MTMR4	c14
0.932222649359296	-0.125047140428723	0.022	0.021	1	REEP6	c14
0.0485799474801546	0.124924934149628	0.08	0.064	1	ZDHHC17	c14
0.602424801666371	0.124889870723509	0.028	0.025	1	CENPN	c14
0.885909949384999	-0.124755942496181	0.059	0.06	1	SLC35F2	c14
0.00960328442529355	0.124724978681923	0.123	0.096	1	NCOR2	c14
0.372880654244547	-0.12466545729799	0.118	0.106	1	PELP1	c14
0.00228016762111361	0.124621659257932	0.424	0.358	1	UQCRC2	c14
0.00938894179000025	0.124571230214761	0.198	0.162	1	WHAMM	c14
0.885617530567837	-0.124372587613119	0.1	0.1	1	FAM122A	c14
0.769461817235504	-0.124342317602901	0.1	0.095	1	UBXN7	c14
0.542240202774667	-0.124314014677914	0.016	0.014	1	RP11-486G15.2	c14
0.139932378555411	0.124260978618771	0.108	0.093	1	BRAP	c14
0.96935944258667	-0.124217275420216	0.028	0.027	1	PEX5	c14
0.980049619082992	-0.124197316788502	0.052	0.052	1	ZNF235	c14
0.035222420000725	0.124194893297712	0.151	0.126	1	GAPVD1	c14
0.00466281948916593	0.124165075346832	0.221	0.179	1	CLK4	c14
0.536613342507738	-0.124150133205178	0.029	0.032	1	MCU	c14
0.371767975171293	0.12410590853849	0.021	0.017	1	LINC00540	c14
0.00059716525640221	0.12408623490078	0.394	0.321	1	FDFT1	c14
0.308090371808863	0.124043508137984	0.032	0.026	1	INAFM1	c14
0.749804331995098	-0.12403511258213	0.013	0.015	1	IGSF22	c14
0.99107092115454	-0.123960083656319	0.099	0.097	1	WDR75	c14
0.005415819770555	0.123897752062177	0.293	0.243	1	NELFE	c14
0.00226870933116613	0.123863481506709	0.609	0.522	1	SF3B5	c14
0.736358701277069	-0.123782128772512	0.169	0.161	1	POLDIP3	c14
0.00174566753580486	0.123732892085558	0.346	0.286	1	YIPF4	c14
0.0142583367533456	0.123627462047484	0.552	0.475	1	PDCD6	c14
0.508422584974831	-0.123521088230897	0.229	0.211	1	DIDO1	c14
0.0375258141938092	0.123473654838052	0.071	0.055	1	TSTD2	c14
0.689432344655553	-0.123383069295483	0.041	0.038	1	ZNF627	c14
0.000263022770186973	0.123313041686946	0.525	0.438	1	CCT4	c14
0.00881711197684172	0.123260459405692	0.162	0.13	1	ABHD18	c14
0.1414498520452	0.123181051934827	0.098	0.084	1	RBBP5	c14
0.00195832357850902	0.123106479132519	0.296	0.244	1	PPP1R10	c14
0.58232187383186	-0.123015352132316	0.525	0.492	1	LUC7L3	c14
0.00314368391682836	0.122947286532913	0.284	0.235	1	MTIF3	c14
0.0511071538080002	0.12278454403489	0.119	0.099	1	VPS41	c14
0.191751446599085	0.122758323323775	0.07	0.06	1	VARS	c14
0.000286165752882722	0.122719659186231	0.656	0.558	1	HNRNPU	c14
0.00297008041231442	0.122711837206684	0.182	0.142	1	ELP5	c14
0.541986839445252	0.122583820424979	0.01	0.008	1	RP11-631N16.4	c14
0.183082283735626	0.122428804712897	0.078	0.067	1	ACP2	c14
0.000998626120168891	0.122425598485057	0.303	0.248	1	ACIN1	c14
0.0181569020236081	0.122348089171692	0.269	0.23	1	TIMM17A	c14
0.217774769560786	0.122178822360645	0.098	0.086	1	AUH	c14
0.941083678946526	-0.122134152969163	0.029	0.028	1	DFFB	c14
0.00456767080149864	0.122051384680487	0.462	0.398	1	C7orf73	c14
0.936625195076032	-0.12204209130021	0.027	0.026	1	RP11-87F15.2	c14
0.185810379234465	0.121999785498872	0.073	0.062	1	DNAJC25-GNG10	c14
0.25202505787627	0.121923698513025	0.064	0.055	1	SAP130	c14
0.872084387334628	0.121918727141061	0.015	0.015	1	LCMT2	c14
0.224475941704702	-0.12189209724568	0.087	0.075	1	TRIP11	c14
0.000374023138481743	0.121872978051314	0.308	0.246	1	PLIN2	c14
0.885570925628114	-0.121815144840908	0.029	0.028	1	RP11-489E7.4	c14
0.864226063041219	-0.121667567785917	0.379	0.36	1	SRPRA	c14
0.376262978058082	-0.121653548567337	0.251	0.229	1	SOCS3	c14
0.000782810091439572	0.121646701515874	0.359	0.294	1	LBR	c14
0.430684247047222	0.1216187455382	0.032	0.028	1	RMI1	c14
9.64411844015637e-05	0.121522099285052	0.446	0.357	1	LIME1	c14
0.855889988203195	-0.121502291590641	0.073	0.074	1	AKAP8	c14
0.696059134454803	-0.121480043553724	0.088	0.084	1	FBXO28	c14
0.781997344320901	-0.121412770978072	0.249	0.242	1	RCN2	c14
0.0131734848134785	0.121375195509549	0.154	0.124	1	UCKL1	c14
0.62979714688684	-0.121273663234287	0.106	0.099	1	NAGPA	c14
0.00298657799642091	0.121254078861738	0.232	0.186	1	TIMMDC1	c14
0.878290153466848	-0.120985600886981	0.027	0.027	1	CLUH	c14
0.00503535626732053	0.120970151049747	0.144	0.112	1	LTN1	c14
0.838626936450316	-0.120950173150445	0.068	0.066	1	WDR73	c14
0.185766044213876	0.120931925767009	0.035	0.028	1	BPHL	c14
0.79148758807626	-0.120722512801766	0.046	0.048	1	CENPH	c14
0.0096751952476255	0.12071581457609	0.191	0.156	1	TMEM60	c14
0.372916166388374	-0.120661798791971	0.016	0.013	1	CTC-559E9.1	c14
0.270666568778473	0.12065287469891	0.055	0.048	1	SLC16A1	c14
0.00759271900122429	0.120585726212323	0.259	0.214	1	FUBP1	c14
0.000720543453495859	0.120574779673769	0.275	0.219	1	NAA50	c14
0.298997614962087	0.120492453140273	0.052	0.045	1	ZNF641	c14
0.155068590739791	0.120487088379412	0.038	0.03	1	CNNM3	c14
0.845927223224508	-0.120484298610577	0.129	0.125	1	DUSP12	c14
0.712930590063832	-0.120401967844264	0.152	0.143	1	TOLLIP	c14
0.692426245048307	-0.120358832374177	0.118	0.112	1	CASK	c14
0.00521677806667931	0.12032957559919	0.128	0.098	1	TGFBR3	c14
0.616669120110844	-0.120296052581503	0.137	0.128	1	PPIL3	c14
0.0241184921611946	0.120199305583755	0.134	0.108	1	TTC9C	c14
0.503025024924126	-0.120171788689478	0.029	0.025	1	CTD-2287O16.5	c14
0.00154490801905472	0.120167740922657	0.17	0.13	1	BCL7C	c14
0.00749493547096074	0.120147001952535	0.184	0.148	1	IFT20	c14
0.0348391568516981	0.120089696685364	0.094	0.074	1	RNMTL1	c14
0.0284406844133344	0.120035675323743	0.077	0.059	1	RP11-147L13.15	c14
0.000544098868073838	0.120006408832793	0.174	0.13	1	PILRB	c14
0.0130862681713499	0.12000224694837	0.143	0.114	1	EPS15L1	c14
0.0101914054477672	0.119959595321292	0.177	0.145	1	SMC4	c14
0.376003581051244	-0.119948004178369	0.124	0.112	1	CLASP2	c14
0.752680341309173	-0.119930179859811	0.052	0.05	1	PIP4K2B	c14
0.115003803290132	0.119929731524601	0.116	0.1	1	PPP3CB	c14
0.501505017766177	-0.119885228710563	0.075	0.068	1	KHNYN	c14
0.00645073003667221	0.119802369373537	0.51	0.442	1	DNAJC8	c14
0.0801641977012101	0.119715076423284	0.09	0.074	1	TATDN3	c14
0.00045328094743119	0.119669871749449	0.407	0.329	1	SLIRP	c14
9.89129550199231e-05	0.119557017853738	0.608	0.5	1	FIS1	c14
0.413513925726015	0.119453621260776	0.034	0.029	1	MCAT	c14
0.358219567198111	0.119440395921728	0.034	0.029	1	MARS2	c14
0.460261720269906	0.119397613214413	0.066	0.06	1	C12orf49	c14
0.749455002955848	-0.119370070413991	0.041	0.039	1	ZNF649	c14
0.168559811900454	0.119255609908363	0.045	0.037	1	TFCP2	c14
0.0456402540068353	0.119252603829579	0.088	0.071	1	BBS4	c14
0.682907150353402	-0.119230729677755	0.153	0.145	1	SLAIN2	c14
0.71259739576169	-0.119230032571042	0.076	0.072	1	MED13L	c14
0.161866621966419	0.119228835570831	0.067	0.056	1	RNF26	c14
0.859764902943802	-0.119111442290573	0.41	0.383	1	PCED1B	c14
0.546806052797099	-0.118997147350376	0.02	0.017	1	ZKSCAN3	c14
0.770648757509247	-0.118952381068163	0.208	0.196	1	ZNF394	c14
0.901504120091036	-0.118891679329832	0.02	0.019	1	SLC25A23	c14
0.827144409398257	-0.118879510307087	0.044	0.042	1	PIGV	c14
0.0551559429182948	0.118789238547332	0.095	0.077	1	MLKL	c14
3.69426207056955e-05	0.118648819760168	0.92	0.829	1	COX6B1	c14
0.273402703479315	0.118648446781523	0.036	0.03	1	TTLL5	c14
0.849477291666196	-0.118493174362945	0.017	0.017	1	ZNF320	c14
0.207099921018763	0.118339867672794	0.043	0.035	1	SEMA4A	c14
0.923337486834817	-0.118294817063298	0.238	0.229	1	ETNK1	c14
0.946809625400125	-0.11813529041663	0.195	0.189	1	C12orf10	c14
0.87393442803234	-0.118096319608481	0.089	0.087	1	FUNDC1	c14
0.00630026938851197	0.11795211444361	0.217	0.176	1	ARL8B	c14
0.000558445349906823	0.117876998166979	0.49	0.405	1	LRP10	c14
0.42135072616364	-0.117815470648108	0.025	0.021	1	ZCCHC3	c14
0.409486957368904	-0.117786684613608	0.05	0.044	1	RP13-1032I1.7	c14
0.988934263951089	-0.117735884294587	0.059	0.058	1	ZNF211	c14
0.107357975740578	-0.117728670343605	0.053	0.042	1	CHI3L2	c14
0.679620887883369	-0.117722676430648	0.066	0.062	1	GABPB2	c14
0.000645171735015245	0.117607674106075	0.253	0.198	1	PHAX	c14
0.0103030202205341	0.117599164548642	0.283	0.238	1	ZNF22	c14
0.00309647906864905	0.117579861231197	0.177	0.139	1	AGO3	c14
0.834983941398903	0.117516913145219	0.023	0.022	1	KNTC1	c14
0.0395662114963557	0.117497240002125	0.073	0.056	1	VPRBP	c14
0.118256083053195	0.117474085093775	0.032	0.024	1	DMPK	c14
0.601731346010955	-0.117432283737346	0.026	0.023	1	CTC-534A2.2	c14
0.0289647397388079	0.117329745539817	0.191	0.161	1	ATG4B	c14
0.562304624429652	-0.117280156250803	0.189	0.176	1	TRIP12	c14
0.00386847537428985	0.117248442943451	0.461	0.383	1	AP2S1	c14
0.0128423002727816	0.117179442891096	0.183	0.15	1	TPP2	c14
0.389995021921095	-0.117157782241031	0.059	0.066	1	ASL	c14
0.0527201106905872	0.117117903945769	0.14	0.118	1	POR	c14
0.114525351599871	0.117053719947161	0.044	0.034	1	AP4E1	c14
0.535995323491668	-0.117036949855941	0.083	0.077	1	RPTOR	c14
0.00505190501865573	0.116984841968564	0.27	0.22	1	PPM1B	c14
0.0941799730281133	0.116899001329533	0.111	0.094	1	CEP63	c14
0.0145100004256062	0.1166905280297	0.273	0.234	1	SETX	c14
0.615520270128518	-0.116637897241584	0.064	0.059	1	ERC1	c14
0.00471224015968068	0.116604652641759	0.516	0.439	1	MRPL33	c14
0.00889674830971709	0.116584752518932	0.234	0.194	1	STIM1	c14
0.747841080052391	-0.116442865099473	0.425	0.391	1	PPP3CC	c14
0.687200908823929	-0.116441371466658	0.173	0.163	1	GATAD2B	c14
0.00233374277149545	0.116439986479751	0.368	0.31	1	PTPN1	c14
0.0361220675151174	0.116419990131356	0.118	0.097	1	DNAJC21	c14
0.66456954093252	-0.116412653077151	0.384	0.367	1	KIF2A	c14
0.627147134552392	-0.116399624760871	0.029	0.026	1	PRDM10	c14
0.486516713808169	0.116387826278427	0.021	0.018	1	C1orf56	c14
0.83041917460162	-0.116330779845606	0.104	0.1	1	HARS2	c14
0.7467275767654	-0.116272242642328	0.568	0.527	1	TAF1D	c14
0.371399918329457	-0.116228646663589	0.244	0.22	1	LMF2	c14
0.578943214699528	0.116176128600411	0.011	0.01	1	AGAP4	c14
0.0423767637150191	0.116047078316611	0.155	0.131	1	MCM3AP	c14
0.630790139614471	-0.115934322564865	0.073	0.068	1	JAK2	c14
0.00103091639080565	0.115888370445291	0.662	0.559	1	XRCC6	c14
0.593641315415196	-0.115885636467205	0.159	0.149	1	FBXO9	c14
0.00741112448393601	0.115764161844856	0.232	0.191	1	MPV17	c14
0.326815906548766	0.115667722537273	0.099	0.089	1	PRPF4	c14
0.281224003730851	0.115667281382644	0.033	0.04	1	TRDV1	c14
0.542078927728754	-0.115592341278143	0.112	0.104	1	AGL	c14
0.219745135715473	0.115468591217224	0.042	0.035	1	TGFBRAP1	c14
0.000932368721154542	0.115433444722036	0.474	0.395	1	ACP1	c14
0.359067552082248	-0.115380883423133	0.551	0.521	1	UBE2B	c14
0.170664118181335	0.115370860200087	0.059	0.049	1	NPLOC4	c14
0.0201026306531736	0.115327601650467	0.414	0.368	1	CANX	c14
0.000540630902147263	-0.115288868190322	0.894	0.862	1	PCBP1	c14
0.139998296136092	0.115275660779755	0.038	0.03	1	CDYL	c14
0.678421420553152	-0.115252169319933	0.028	0.025	1	SFT2D3	c14
0.503751993369814	0.115251298731154	0.013	0.011	1	RPGRIP1L	c14
0.440200363258058	-0.115107250378039	0.081	0.073	1	SLC30A6	c14
0.835279374611331	-0.115103556344488	0.415	0.379	1	FAAP20	c14
0.931144905615315	-0.11503646641505	0.013	0.013	1	SLC9B1	c14
0.0102044425563933	0.114934934118266	0.196	0.161	1	CDK11A	c14
0.981955953091422	-0.114923058992918	0.357	0.333	1	VAMP2	c14
0.00164034291649203	0.1148083041085	0.589	0.487	1	PET100	c14
0.212103415529837	0.11477446899963	0.049	0.041	1	IMPAD1	c14
0.710062645869666	-0.114670704750837	0.045	0.042	1	RP11-418J17.1	c14
0.134053360784304	0.114623588748401	0.051	0.041	1	TAOK2	c14
0.276497274204701	0.1146113147851	0.095	0.084	1	MADD	c14
0.057056434852949	0.114551399522921	0.11	0.091	1	UBALD1	c14
0.7618588263586	-0.114542579657106	0.021	0.019	1	HIC2	c14
0.877412102876563	-0.114541374233233	0.015	0.016	1	EVC2	c14
0.0626959617862586	0.114501615972061	0.124	0.104	1	CHERP	c14
0.827426693355765	-0.114481237297308	0.013	0.013	1	RP11-110I1.13	c14
0.46234999443315	-0.114469957322412	0.148	0.135	1	CASP8AP2	c14
0.0154320039665319	0.114438041674652	0.143	0.115	1	UBR1	c14
0.00839312080848977	0.114345653350553	0.192	0.156	1	CCDC186	c14
0.709201310101262	0.114335908807247	0.012	0.011	1	BORCS8-MEF2B	c14
0.00336393299256363	0.114186385136388	0.471	0.399	1	MLF2	c14
0.165194183377144	0.114113870702582	0.09	0.077	1	CSE1L	c14
0.822935074218504	-0.114080377857005	0.251	0.245	1	DPM3	c14
0.096959900700407	0.114073971787267	0.02	0.013	1	LEKR1	c14
0.0674982742643445	0.114073164602185	0.106	0.088	1	MXD1	c14
0.187261658662228	0.114011966615938	0.095	0.082	1	ZNF136	c14
0.0794522341272934	0.113998520458371	0.119	0.1	1	TAF8	c14
0.0128545793354307	0.113894247361657	0.216	0.18	1	CCNK	c14
0.0136327224634895	0.113870288785908	0.125	0.099	1	MRE11A	c14
0.837268198821834	-0.113825856591359	0.044	0.043	1	POFUT1	c14
0.372198710427879	-0.113818052753106	0.158	0.143	1	PATL2	c14
0.000639682034730278	0.113747277631878	0.346	0.28	1	BIRC6	c14
0.00100431006717121	0.113727926982295	0.495	0.409	1	PSMF1	c14
0.775588237537789	-0.113709672066509	0.163	0.156	1	RANBP3	c14
0.106653644524859	0.11367641257441	0.135	0.117	1	PEA15	c14
0.801329411490026	-0.113663534429015	0.053	0.051	1	ARHGAP35	c14
0.000840247314897697	-0.113651331197418	0.084	0.057	1	TRAV12-1	c14
0.873481024907459	-0.113593408333352	0.143	0.138	1	HSD17B7	c14
0.774263016231305	-0.113526379982439	0.553	0.516	1	HP1BP3	c14
0.358848045539652	0.113473695728034	0.024	0.019	1	ARL6	c14
0.0848271298990901	0.113415326370352	0.075	0.061	1	RABEP2	c14
0.399303764449932	-0.11334439899813	0.642	0.604	1	ELF1	c14
0.860154415745219	-0.113295949111674	0.045	0.046	1	TMEM186	c14
0.807267621617336	-0.113282349489767	0.041	0.039	1	CH507-9B2.5	c14
0.00418767357744746	0.113254620861609	0.249	0.202	1	CCDC25	c14
0.565735576267817	-0.113233649735629	0.126	0.118	1	MAP3K7	c14
0.867902319608748	-0.113216218690029	0.215	0.205	1	MTR	c14
0.864943129297226	-0.113167792756785	0.074	0.075	1	CAMTA2	c14
0.0784815896552874	0.113151856553821	0.133	0.113	1	PCNA	c14
0.971813077965294	-0.11313778473412	0.029	0.029	1	ZNF354B	c14
0.0241939191116526	0.112976571946625	0.139	0.113	1	ZDHHC20	c14
0.968048118203915	-0.11295935422351	0.024	0.024	1	RP11-65I12.1	c14
0.407593375176666	-0.112737680766887	0.083	0.075	1	MAP3K14	c14
0.458473644784117	0.112716707749997	0.049	0.044	1	MAK16	c14
0.00131019634948079	0.112359385117439	0.407	0.333	1	DCK	c14
0.493403305883519	-0.112341333827199	0.035	0.031	1	RP3-395M20.8	c14
0.609721396332946	-0.112207484831056	0.098	0.091	1	RAVER1	c14
0.232502724237158	0.111987968081489	0.068	0.058	1	OTUD6B	c14
0.000806730367270154	0.111930345207483	0.591	0.496	1	RWDD1	c14
0.642386145775415	-0.111909510112298	0.465	0.417	1	FAM102A	c14
0.0165197702089234	0.111889402337555	0.196	0.162	1	ACTR6	c14
0.0221488578100346	0.111710748549226	0.127	0.102	1	YEATS4	c14
0.000559118357818885	0.111618882211696	0.682	0.574	1	SF3B2	c14
0.0021069863590478	0.111601961080112	0.245	0.196	1	NCOA3	c14
0.537135744460266	-0.111566850471558	0.06	0.054	1	THRA	c14
0.140556023110414	0.111565879337961	0.013	0.009	1	MIR497HG	c14
0.612623443812259	-0.111541909556764	0.095	0.088	1	PSME4	c14
0.515187762133965	-0.111397242989147	0.153	0.141	1	SEC23A	c14
0.391557463379148	0.111354177719197	0.045	0.04	1	TMEM63B	c14
0.701718261322308	-0.111331369690474	0.078	0.074	1	DHRS4-AS1	c14
0.935259809628721	-0.111295658664239	0.309	0.291	1	TXN2	c14
0.00220425964421426	0.111220251721406	0.183	0.143	1	UBE4A	c14
0.853911377294313	-0.111211527032739	0.067	0.065	1	SLC20A2	c14
0.376290220420553	-0.111045276642647	0.091	0.082	1	C2orf69	c14
0.000833964947045271	0.110947773061756	0.564	0.477	1	TSC22D4	c14
0.320061978361163	0.110925453780277	0.048	0.042	1	KIF9	c14
0.712795567583559	-0.110817742668102	0.06	0.056	1	LINC00863	c14
0.00195979583619998	0.110814837466815	0.329	0.268	1	BFAR	c14
0.968339833524041	-0.11077357944447	0.016	0.017	1	ZNF514	c14
0.00799487750847234	0.110632288799409	0.212	0.173	1	VPS13A	c14
0.752559314238779	-0.110627655397781	0.064	0.061	1	HINT3	c14
0.0364168225834206	0.110593038527059	0.153	0.127	1	GSS	c14
0.0703233304473593	0.110571484635264	0.139	0.118	1	INSIG1	c14
0.064254138503814	0.110542362274203	0.106	0.087	1	FBXO8	c14
0.0829327204988111	0.110451703025769	0.151	0.13	1	RAB28	c14
0.00730344387833551	0.110405647648176	0.121	0.093	1	MYBL1	c14
0.00446518775229731	0.110366276835558	0.276	0.229	1	CDC40	c14
0.31107424861702	-0.110361889174496	0.677	0.64	1	RHOH	c14
0.000443356362737541	0.110254818799157	0.406	0.328	1	DCXR	c14
0.0509840950807179	0.110251896449968	0.109	0.089	1	PRIM2	c14
0.0151221001859973	0.110248391741598	0.163	0.132	1	DNAJC17	c14
0.00164915193325187	0.110232866294496	0.557	0.486	1	RBM25	c14
0.917189322152601	-0.110210884447371	0.021	0.021	1	KBTBD6	c14
0.846716658793557	-0.110167829939738	0.014	0.014	1	RP11-326K13.4	c14
0.350269150612899	-0.110160474626673	0.141	0.127	1	POM121C	c14
0.956548775619428	-0.11007351088092	0.023	0.022	1	GAN	c14
0.649293226684765	-0.110032420754352	0.367	0.336	1	TMEM256	c14
0.0725360534072721	0.110014811758562	0.149	0.127	1	SLC30A7	c14
0.301162257846435	0.109868635134398	0.017	0.014	1	NCEH1	c14
0.613037604920259	0.109818958304176	0.011	0.01	1	KLHL17	c14
0.00560922814981657	0.109703905068021	0.254	0.209	1	SUPT20H	c14
3.2278296049012e-05	0.109649094774483	0.969	0.921	1	ATP5L	c14
0.00171994516949319	0.109626612809083	0.47	0.387	1	CCNDBP1	c14
0.0445702093154162	0.109608498583947	0.194	0.166	1	COX19	c14
0.900002575309233	-0.10951336280174	0.041	0.042	1	TUBG2	c14
0.0633100846483022	0.109486641450102	0.134	0.112	1	TWF1	c14
0.00265621523269827	0.109461676284465	0.415	0.346	1	LSM3	c14
0.00300042306352591	0.109423299433115	0.32	0.262	1	PITHD1	c14
5.9739045870353e-05	0.109328364917865	0.71	0.589	1	TBCA	c14
0.0363976825299947	0.109281271040147	0.121	0.099	1	ZNF138	c14
0.0520560635792399	0.109269242603721	0.179	0.153	1	ACYP1	c14
0.615760993830751	0.109251543436339	0.014	0.013	1	RSG1	c14
0.248555450386157	0.109185548760625	0.059	0.05	1	ACACA	c14
0.741226740982669	-0.109168558748231	0.12	0.115	1	CEP135	c14
0.00272402738906395	0.10899680726534	0.293	0.239	1	SNX20	c14
0.207880634122309	0.108941968500418	0.051	0.043	1	TRIOBP	c14
0.398372604148592	-0.108916475054963	0.05	0.044	1	REXO1	c14
0.0985065842241171	0.10886920358529	0.05	0.039	1	SPATA5L1	c14
0.550577678477673	-0.108858798477147	0.123	0.114	1	WDR43	c14
0.0332635455073387	0.108837562467755	0.038	0.026	1	MBLAC2	c14
0.194729888295206	0.108829512816381	0.063	0.053	1	CCDC7	c14
0.0151817579992513	0.108771485955092	0.115	0.09	1	MED23	c14
0.255523937742903	-0.108625002073003	0.629	0.6	1	ARHGAP15	c14
0.760861141961875	-0.10859241002014	0.309	0.29	1	MED28	c14
0.980380136743122	-0.108578258394012	0.017	0.018	1	DPY19L3	c14
0.830242832013561	-0.10856064063164	0.088	0.086	1	MAVS	c14
0.00301535908484269	0.10843356419333	0.175	0.136	1	PIBF1	c14
0.874033492670972	-0.108352757415821	0.016	0.016	1	RP11-98D18.9	c14
0.912509990547677	-0.108302380507117	0.013	0.013	1	C9orf91	c14
0.679380287716384	-0.108295556873633	0.213	0.2	1	RPS6KB2	c14
0.0291885409943034	0.108259087994406	0.08	0.062	1	ZNF699	c14
0.957553900062608	-0.108208167729761	0.094	0.093	1	MTRR	c14
0.0891829910927611	-0.108166032041404	0.681	0.652	1	LAMTOR4	c14
0.0101361414963862	0.108163955081878	0.254	0.213	1	ASCC2	c14
0.0826473554581034	0.108091250086547	0.096	0.079	1	SNX27	c14
0.022470924292897	0.107803615751156	0.141	0.114	1	SELO	c14
0.0127663115315981	0.107780880188032	0.189	0.154	1	IBTK	c14
0.809028987050177	-0.107725285617202	0.535	0.498	1	DUT	c14
0.925172439932189	-0.107708101199485	0.327	0.306	1	POLR2C	c14
0.504731270345346	0.107669911352344	0.013	0.011	1	DNAJC27-AS1	c14
0.291944086047389	0.107659597331146	0.013	0.01	1	RP11-326C3.7	c14
0.00210173836515514	0.107556877301069	0.336	0.276	1	PHF5A	c14
0.0073670779994326	0.107534888891662	0.325	0.277	1	KRCC1	c14
0.557202922343676	-0.107506067540267	0.071	0.076	1	NCR3	c14
0.992674963351521	-0.107470804329728	0.036	0.036	1	TMEM177	c14
0.232830869535699	0.107454641666397	0.04	0.033	1	BMPR1A	c14
0.470263044886898	-0.107426582827745	0.009	0.012	1	RP5-864K19.4	c14
0.00508770405698837	0.107362918284495	0.652	0.566	1	ATP5H	c14
0.000505397681273245	0.107305338327836	0.458	0.375	1	PPP1R11	c14
0.20721008197354	0.107233459875236	0.047	0.039	1	LTB4R2	c14
0.00527417247236379	0.107232845121857	0.326	0.274	1	CAMLG	c14
0.956768718289553	-0.107148333156822	0.334	0.313	1	C19orf24	c14
0.493048799564839	-0.107034942527835	0.266	0.244	1	UPF2	c14
0.518582550585873	0.10701271728403	0.013	0.011	1	LRRIQ3	c14
0.343720204020098	0.106938293492436	0.015	0.012	1	ERP27	c14
0.00274571989398881	0.106921467713315	0.42	0.351	1	GGNBP2	c14
0.0622181126100752	0.10691122962252	0.092	0.075	1	ZNF140	c14
0.131208483014532	0.106828338300068	0.092	0.078	1	PIGK	c14
0.001518162835227	0.106787095718911	0.784	0.71	1	HIGD2A	c14
0.680434629842349	-0.106725056954773	0.292	0.272	1	JPX	c14
0.0866932177179391	0.106715932222153	0.083	0.068	1	KCTD18	c14
0.900236699916186	-0.106676504672703	0.337	0.322	1	EMC10	c14
0.541284784083929	-0.106581573524872	0.162	0.15	1	PI4KB	c14
0.168537443993591	-0.106562061993967	0.749	0.712	1	ERP29	c14
0.0417368304521155	0.106461406611588	0.119	0.098	1	TRIM33	c14
0.000171651358153388	0.106441804919412	0.694	0.589	1	JTB	c14
0.157820979574381	0.106427585347689	0.034	0.026	1	SLC9A1	c14
0.686292647681999	-0.106426035629974	0.224	0.209	1	STAT5A	c14
0.368250487026143	-0.106408049197829	0.142	0.129	1	PFKFB3	c14
0.392659931308609	0.106341810506184	0.033	0.028	1	RTN4IP1	c14
0.0134583340414685	0.106339842761529	0.184	0.151	1	SCYL1	c14
0.0685556305761379	0.106314200127983	0.186	0.161	1	ESCO1	c14
0.716000256190041	-0.106283510681287	0.231	0.218	1	NUBP2	c14
0.0569561708282271	0.106266107492586	0.104	0.085	1	AIMP2	c14
0.00311653860459093	0.106252096246964	0.152	0.117	1	GFM1	c14
0.345321966451197	-0.106251174474934	0.247	0.222	1	ZNF430	c14
0.640403258325252	-0.106236352240686	0.025	0.027	1	ZSCAN30	c14
0.00415307232559142	0.106201338325398	0.223	0.18	1	HARS	c14
0.0107812039379644	0.106186924638353	0.18	0.146	1	MPHOSPH10	c14
0.00557649955117774	0.106186705159558	0.155	0.121	1	CDKN2D	c14
0.468889407123288	-0.106185684600025	0.325	0.295	1	PHF20	c14
0.416903592259284	-0.106170272335746	0.147	0.135	1	TYK2	c14
0.00731836295601554	0.106117215908198	0.258	0.213	1	CNOT4	c14
0.64883426683607	-0.10604138965073	0.094	0.088	1	NOP14-AS1	c14
0.991525983106169	-0.106035636473229	0.132	0.13	1	MVB12A	c14
0.00323525263124376	0.105935572334697	0.261	0.21	1	DPF2	c14
0.184864854157508	0.105860023444948	0.074	0.063	1	C2CD5	c14
0.0317439411731961	0.105821462237767	0.2	0.17	1	EXOSC3	c14
0.289292170803786	0.105736518117812	0.043	0.036	1	XRCC4	c14
0.0206738893881567	0.105704916212504	0.18	0.148	1	TRPM7	c14
0.00113944382298663	0.105695240156891	0.541	0.451	1	APH1A	c14
0.0803188968302384	0.105672954460382	0.15	0.129	1	NAPRT	c14
0.0275515190363595	0.105667625237371	0.301	0.259	1	MRPL11	c14
0.719006680216321	-0.105647200428919	0.022	0.023	1	FBRSL1	c14
0.844248358935349	-0.105631390367525	0.04	0.039	1	RAD54L2	c14
0.908115629884417	-0.105595620182744	0.21	0.202	1	COQ4	c14
0.000406318658638338	0.105590041882395	0.384	0.31	1	SMG1	c14
0.022352527537954	0.105498686781922	0.231	0.194	1	XPO4	c14
0.696782386272337	-0.105445322508873	0.169	0.159	1	FBXW11	c14
0.969274828074435	-0.10543815055858	0.069	0.068	1	GLYCTK	c14
0.39588227712617	0.10542214650912	0.011	0.009	1	SENP3	c14
0.0357578832217256	0.105362771611721	0.17	0.143	1	RBM26	c14
0.359973205449307	0.10529653041816	0.023	0.018	1	ANKEF1	c14
0.90019251639938	-0.105271606764408	0.063	0.061	1	SPHK2	c14
0.877072227649847	-0.105220659755905	0.103	0.1	1	KLHL22	c14
0.131065290265227	0.105167531946869	0.033	0.025	1	HIST1H2AM	c14
0.00855419069655579	0.105088922376804	0.354	0.296	1	ETHE1	c14
0.600471385017165	0.105088830616601	0.031	0.028	1	USP46	c14
0.787813616374795	-0.105082351978402	0.043	0.041	1	ITGAV	c14
0.00591549067326303	0.105036707619278	0.302	0.251	1	UPF3A	c14
0.0258529215425418	0.10503425097351	0.168	0.139	1	NUDCD3	c14
0.990888487857602	-0.10500634180507	0.049	0.049	1	ZFP64	c14
0.007789383615802	0.104984125274163	0.422	0.368	1	PPCS	c14
0.0138116549981486	0.104918948310439	0.296	0.248	1	PRPS1	c14
4.43486388929044e-05	0.104873632177051	0.446	0.356	1	JUND	c14
0.693578864416383	-0.104836657597505	0.272	0.254	1	PCF11	c14
0.177056612852788	0.104823651044892	0.066	0.055	1	SEC24A	c14
0.760927565792732	-0.104763721581032	0.028	0.029	1	CTC-444N24.11	c14
0.295877344643202	0.104655100895416	0.032	0.026	1	SNAPC4	c14
0.319023309676459	-0.104569543500971	0.07	0.061	1	GANC	c14
0.583225666612205	-0.10446780471523	0.05	0.046	1	HABP4	c14
0.0288544201917343	0.104442428392486	0.087	0.068	1	C16orf62	c14
0.879219543630065	-0.104411441140551	0.124	0.121	1	BROX	c14
0.0973793324775265	0.104343188243133	0.077	0.063	1	EDC3	c14
0.92888382570546	0.104342848700402	0.031	0.03	1	SH3BP5L	c14
0.038482259612407	0.10430662700578	0.144	0.119	1	CDK13	c14
0.595642064838585	-0.104226490135846	0.076	0.071	1	APH1B	c14
0.227552374439473	0.104165739529742	0.039	0.032	1	PPP1R3D	c14
0.971877036892995	-0.103935353551703	0.028	0.028	1	PLEKHM2	c14
0.00138929032039854	0.103876045765435	0.207	0.161	1	IRF2BP2	c14
0.814552002332777	-0.103848303019309	0.111	0.112	1	BRD3	c14
0.000426473476089221	0.103685398209495	0.708	0.62	1	SQSTM1	c14
0.543526694540795	-0.103608949172091	0.024	0.021	1	GPR82	c14
0.760309597728931	-0.103600621003699	0.244	0.23	1	SUPT5H	c14
0.687547797395053	-0.103581781794123	0.026	0.024	1	GPD2	c14
0.0268665096465642	0.103577189504557	0.27	0.233	1	GTF2I	c14
0.360876383612926	-0.103564832705018	0.212	0.193	1	SHMT2	c14
0.00699560305430006	0.103372471430645	0.441	0.379	1	GOLGA7	c14
0.140729777949948	0.103355701861751	0.074	0.062	1	PPOX	c14
0.0823439161290716	0.103347236661469	0.042	0.032	1	ZNF142	c14
0.0561385251862876	0.103321619840542	0.196	0.17	1	TIMM10	c14
0.706263155283915	-0.103296434728259	0.447	0.422	1	ERGIC3	c14
0.662090667268639	-0.103225731248437	0.024	0.021	1	ZBTB22	c14
0.542326982441198	0.103171924115163	0.039	0.035	1	RP11-493L12.4	c14
0.142098994975944	0.103161670720094	0.198	0.178	1	CS	c14
0.281521185966096	-0.103072003755734	0.682	0.645	1	N4BP2L2	c14
0.881967036805697	-0.103013177252757	0.015	0.016	1	HEXIM2	c14
0.00225804638692074	0.103012052729346	0.277	0.226	1	SMC1A	c14
0.614563048541994	-0.102965701066322	0.119	0.112	1	SLC25A25	c14
0.0512213938888004	0.102959432388061	0.141	0.118	1	NR2C2AP	c14
0.00648407155703486	0.102916876898467	0.327	0.274	1	MITD1	c14
0.0604217150997482	0.102859085304382	0.14	0.118	1	CAAP1	c14
0.0674261303577865	0.102855583002148	0.196	0.17	1	BAD	c14
0.233258734803114	-0.102842688227961	0.121	0.106	1	NXF1	c14
0.164566600434609	0.102614646533468	0.077	0.065	1	USP53	c14
0.621345335589809	0.102529605976945	0.027	0.024	1	IQCE	c14
0.557205112138252	0.10229751771553	0.037	0.033	1	PXN-AS1	c14
0.510958998564781	-0.102246633393138	0.168	0.154	1	DNAAF2	c14
0.051942261916616	0.102244298292054	0.079	0.063	1	ARFGAP1	c14
0.385767217653189	-0.102236440418705	0.146	0.133	1	UBALD2	c14
0.00400148891871811	0.102058609000025	0.536	0.462	1	ATRAID	c14
0.0657424489317612	0.102001969011985	0.181	0.156	1	RBMX2	c14
0.00605414314246896	0.101942460952813	0.721	0.636	1	C19orf60	c14
0.921805995514428	-0.10184608345884	0.059	0.059	1	UPRT	c14
0.62923666341945	-0.101810485853994	0.008	0.01	1	DBH-AS1	c14
0.0966186199513619	-0.10176398521876	0.356	0.312	1	XIST	c14
0.000858998618146867	0.101743265577707	0.495	0.405	1	NHP2	c14
0.00924176826247486	0.101708017867958	0.153	0.121	1	SKIV2L2	c14
0.0120817569981152	0.101688262223763	0.312	0.263	1	MED4	c14
0.00111120247576936	0.101591888118529	0.331	0.269	1	CIR1	c14
0.00275707855943802	0.101583411146745	0.54	0.462	1	AUP1	c14
0.913033428567685	-0.101557920377491	0.089	0.09	1	AHCY	c14
0.0406529783812542	0.101515630821876	0.139	0.115	1	POLR2D	c14
0.00127021144289208	0.101513495260923	0.174	0.132	1	FAM172A	c14
0.310781253630512	0.101415357683265	0.041	0.035	1	LARS2	c14
0.73966319654575	-0.101407618032904	0.151	0.144	1	AGK	c14
0.351462981138366	0.101353140404473	0.027	0.022	1	ZNF696	c14
0.841940409134424	-0.101309608978372	0.116	0.112	1	MTMR6	c14
0.298955930098677	0.101272426892901	0.036	0.03	1	CHAF1A	c14
0.516469409184947	-0.101249879109173	0.153	0.141	1	AKAP17A	c14
0.0286317377017227	0.10123229550909	0.074	0.056	1	IKBKAP	c14
0.0558750593174386	0.101209758189877	0.103	0.084	1	KIAA0196	c14
0.145217187617307	0.101195702162443	0.083	0.07	1	RBM7	c14
0.0135174268312141	0.101172176603371	0.171	0.139	1	ARID2	c14
0.00943744151540855	0.101167407230072	0.17	0.136	1	EHMT2	c14
0.000120190892690128	0.101065672074795	0.347	0.271	1	SIAH2	c14
0.527857525278375	-0.100983649420532	0.747	0.702	1	RBM39	c14
0.842752980679741	-0.100913141235898	0.069	0.067	1	SLC44A1	c14
0.609723190222942	-0.100912282829792	0.052	0.048	1	RIC8B	c14
0.673614674126563	-0.100845206462079	0.069	0.065	1	TJAP1	c14
0.883280043682128	-0.100830788736561	0.02	0.019	1	SS18L1	c14
0.100535169911158	0.100461722075711	0.07	0.057	1	PIGO	c14
0.766147525874576	-0.100416548268242	0.144	0.138	1	TRAPPC12	c14
0.045609177038067	0.100379029933546	0.117	0.096	1	MAPK13	c14
0.0087960136994358	0.100362703021064	0.22	0.179	1	CDK4	c14
0.113306294482793	0.100345651606013	0.153	0.133	1	HMGXB4	c14
0.83836030708354	-0.100339763383719	0.03	0.029	1	RECQL5	c14
0.83371705339708	-0.100335557952243	0.04	0.041	1	HSDL1	c14
0.904471409497317	-0.100249241713586	0.362	0.338	1	NUDT21	c14
0.857078658286328	-0.10020675122644	0.145	0.139	1	CXXC1	c14
0.983698760036553	-0.100129384676099	0.082	0.082	1	RNF170	c14
0.0189717980556324	0.100020849417036	0.201	0.167	1	CLPTM1	c14
0.406985393447849	-0.100012556779795	0.035	0.03	1	ZNRD1-AS1	c14
0.563689351973052	-0.10001068225521	0.419	0.385	1	TGOLN2	c14
