p_val	avg_log2FC	pct.1	pct.2	p_val_adj	gene	seurat_clusters
0	4.50427815150161	0.653	0.062	0	GNLY	c14
0	4.23907708809539	0.558	0.042	0	GPR25	c14
0	3.75754762097354	0.872	0.106	0	GZMB	c14
0	3.67874652511776	0.283	0.026	0	CD9	c14
0	3.64991899720257	0.471	0.042	0	KLRC1	c14
0	3.50663611014303	0.263	0.027	0	CCR1	c14
0	3.41815839790679	0.943	0.161	0	ZNF683	c14
0	3.27563475716885	0.741	0.139	0	CLIC3	c14
0	2.96619763167004	0.873	0.188	0	HOPX	c14
0	2.81883014513467	0.74	0.141	0	RP11-291B21.2	c14
0	2.76258348320845	0.529	0.09	0	ITGA1	c14
0	2.68250323700538	0.557	0.099	0	FASLG	c14
0	2.67551469298966	0.485	0.078	0	XCL1	c14
0	2.66833109807613	0.509	0.111	0	GALNT2	c14
0	2.53152499203161	0.704	0.191	0	CAPG	c14
0	2.35847496681123	0.883	0.314	0	PRF1	c14
0	2.30788434203575	0.882	0.289	0	LGALS3	c14
0	2.25854832885228	0.881	0.397	0	CKLF	c14
0	2.18941380399018	0.744	0.223	0	CXCR6	c14
0	2.13076761468263	0.828	0.31	0	LGALS1	c14
0	1.61523810083778	1	0.637	0	CCL5	c14
0	1.4650793363887	0.972	0.401	0	CD8A	c14
8.53000526112325e-307	2.14193744340923	0.686	0.204	2.87409997268287e-302	IFI44L	c14
4.31168423865042e-305	1.65689642613724	0.578	0.132	1.45277888737087e-300	GZMH	c14
1.00718458942521e-302	2.05114627777904	0.793	0.311	3.39360775560931e-298	CD63	c14
1.15305653514714e-298	1.21687631659568	0.997	0.901	3.88510868952478e-294	S100A6	c14
4.30613728210003e-297	1.29931585621562	0.993	0.862	1.45090989583078e-292	IFITM2	c14
1.72442402425262e-296	2.54484195791022	0.276	0.034	5.81027430731676e-292	TRBV4-1	c14
9.04940998584846e-296	1.82779287607126	0.839	0.337	3.04910820063178e-291	C12orf75	c14
1.88694231974404e-292	1.48252140119675	0.978	0.759	6.35786345214556e-288	PTPRCAP	c14
8.42566726624028e-289	3.84066497362395	0.27	0.035	2.838944328687e-284	TRAV22	c14
1.63273020159704e-287	0.608344494746111	1	0.998	5.50132114126106e-283	TMSB4X	c14
1.2358723669478e-279	1.30838595231508	0.979	0.429	4.16414835319391e-275	NKG7	c14
6.53070110252408e-276	1.73887489652677	0.53	0.121	2.20045442948446e-271	KLRD1	c14
1.65045157978889e-264	2.16088246781428	0.735	0.294	5.56103155294068e-260	ITGAE	c14
1.38393544622716e-263	1.55240642643837	0.957	0.647	4.66303209251778e-259	CRIP1	c14
5.29296692607758e-260	1.65378137124258	0.876	0.432	1.78341227607258e-255	ANXA2	c14
4.1704281814023e-256	0.8457287843644	1	0.982	1.40518407144169e-251	SH3BGRL3	c14
1.06055148156273e-254	2.61652357038316	0.338	0.059	3.57342216197748e-250	NBL1	c14
4.95592731611748e-254	1.34557348367172	0.97	0.507	1.66985014989262e-249	CTSW	c14
5.85351800459692e-254	1.02156111399706	1	0.933	1.97228435646889e-249	VIM	c14
2.45863083838168e-251	0.898277876668924	1	0.971	8.28411074684323e-247	CD52	c14
2.23666419576594e-250	1.26868417862698	0.917	0.366	7.53621634121375e-246	CD8B	c14
1.91263063476924e-249	4.65237913539304	0.097	0.004	6.44441766079147e-245	NMUR1	c14
4.15507501226574e-249	1.74695611709435	0.744	0.268	1.40001097463282e-244	OASL	c14
2.60274294817674e-243	1.43488052249615	0.933	0.539	8.76968208958669e-239	CLEC2B	c14
1.3036626557105e-241	1.44498709440991	0.731	0.25	4.39256095215096e-237	LAG3	c14
2.72806782465326e-240	2.08819894619632	0.49	0.123	9.19195172838668e-236	CISH	c14
1.03298033821819e-232	1.75357090187774	0.829	0.415	3.48052395159236e-228	CTSA	c14
1.73246890786602e-227	1.03392476580296	0.998	0.868	5.83738073816376e-223	S100A4	c14
1.48754568228157e-221	1.89001709963814	0.605	0.199	5.01213642187953e-217	ABI3	c14
1.69966765188186e-219	1.00961001352175	0.992	0.886	5.72686018625075e-215	CD2	c14
2.0076367667956e-213	1.77894901189538	0.467	0.119	6.76453132204108e-209	XCL2	c14
1.93486217649036e-212	1.38169811593972	0.915	0.6	6.51932461746662e-208	ALOX5AP	c14
1.37639517838585e-209	1.22516103204352	0.951	0.667	4.63762591405327e-205	CD7	c14
2.33967046579141e-204	2.21576076866111	0.405	0.099	7.88328566743756e-200	ARL2	c14
2.19684100691828e-199	0.945733657637371	0.999	0.963	7.40203608871045e-195	IFITM1	c14
5.71940358322725e-195	2.04181423495417	0.464	0.129	1.92709584333259e-190	PERP	c14
1.27860664380446e-191	0.980228613311763	0.99	0.78	4.30813722563474e-187	S100A11	c14
4.71073601913553e-190	3.30218721724935	0.215	0.032	1.58723539428752e-185	IFI27	c14
1.09022891479576e-189	1.47096789903169	0.736	0.309	3.67341730551284e-185	TYMP	c14
4.88537555871951e-188	1.58367538950018	0.717	0.295	1.64607844075495e-183	CHST12	c14
6.98830727953793e-188	1.26470151131514	0.913	0.583	2.35464025476751e-183	CTSD	c14
7.56380381039599e-188	0.745480091091628	0.997	0.957	2.54854805587483e-183	MYL12A	c14
8.49632347011406e-186	0.843812575084919	0.994	0.862	2.86275123002023e-181	CLIC1	c14
4.13647507000053e-185	2.78803195812455	0.208	0.03	1.39374391008598e-180	SPRY1	c14
1.0019006845652e-183	1.21013507706482	0.904	0.515	3.37580416657399e-179	GZMA	c14
2.1630758341008e-183	1.80440480021878	0.538	0.177	7.28826771541925e-179	PPP1R14B	c14
6.64956011194552e-181	1.62111314792559	0.787	0.397	2.24050278411892e-176	ISG15	c14
1.27882433390883e-179	1.47125308913845	0.743	0.329	4.30887071067241e-175	CTD-3252C9.4	c14
2.84972652315975e-178	0.509499056308232	1	0.999	9.60186854713445e-174	HLA-B	c14
4.80223547330426e-178	1.65657298980905	0.664	0.276	1.61806522037514e-173	LDLRAD4	c14
9.68933908164342e-177	2.64871266186104	0.214	0.033	3.26472591016893e-172	RP11-357H14.17	c14
3.00845987476985e-171	1.04954971788721	0.977	0.762	1.01367047020495e-166	LY6E	c14
4.79340166705787e-171	1.63993079197339	0.534	0.182	1.61508875769848e-166	ODF3B	c14
8.11100186042204e-171	1.62416870232806	0.538	0.177	2.7329209668506e-166	CPNE7	c14
3.57676759863939e-167	0.835642921573919	0.999	0.984	1.20515607468556e-162	AC090498.1	c14
1.17661224476836e-165	0.976237291824236	0.957	0.609	3.96447729752252e-161	ANXA1	c14
2.6448141771664e-165	2.15336132417383	0.358	0.09	8.91143688854447e-161	RSAD2	c14
2.7284156663563e-165	3.25702302029984	0.125	0.012	9.19312374622093e-161	KLRC2	c14
2.3594172990871e-163	1.13745995011438	0.976	0.817	7.94982064754407e-159	JUN	c14
9.16087658839577e-162	1.56862272592385	0.601	0.234	3.08666575769407e-157	TBCD	c14
1.24583839562557e-161	4.84125860722105	0.059	0.002	4.1977278902208e-157	TRBJ2-5	c14
4.60644345640923e-159	1.68650424870233	0.568	0.217	1.55209505820253e-154	PLEKHF1	c14
8.02318506465717e-157	1.88372784204188	0.409	0.119	2.70333197568559e-152	TNFSF14	c14
1.06597034832647e-155	1.51832863288494	0.627	0.261	3.5916804916512e-151	PTPN22	c14
1.98034033489639e-153	0.705840235124169	0.989	0.904	6.67255872439991e-149	MYL12B	c14
4.04516573683782e-153	1.43463203398606	0.755	0.378	1.36297814337013e-148	IFI6	c14
6.55594273186689e-153	1.9320239631494	0.393	0.114	2.20895934407523e-148	NUDT14	c14
1.04766298451715e-151	3.81127659138258	0.09	0.007	3.52999566003207e-147	CD101	c14
3.52047082217222e-148	1.00966324772734	0.929	0.659	1.18618743882271e-143	DRAP1	c14
1.90320134145884e-143	1.84523877767618	0.296	0.071	6.4126465999114e-139	RGS16	c14
8.90470663755617e-142	1.24092650601143	0.814	0.498	3.00035185445818e-137	OSTF1	c14
1.3951082602742e-141	1.44431346562364	0.587	0.236	4.70067777216788e-137	FKBP11	c14
1.44865040540089e-140	2.50701849285435	0.186	0.031	4.88108267595774e-136	RGS9	c14
1.17156749057843e-139	2.04179195531071	0.29	0.07	3.94747950275497e-135	CEBPD	c14
1.7409047820401e-139	1.04911944718727	0.891	0.626	5.8658045726059e-135	ZYX	c14
2.49843222221704e-138	2.40158996301743	0.208	0.039	8.41821752953809e-134	IL18RAP	c14
4.51181810404862e-135	1.89175550706194	0.318	0.084	1.52021199197814e-130	IFIT1	c14
8.41838489733391e-135	1.32121505419429	0.562	0.213	2.83649060730769e-130	AOAH	c14
1.94375613504679e-134	2.88206149170002	0.143	0.02	6.54929192142666e-130	C10orf128	c14
5.01820625164659e-134	1.67961152704289	0.367	0.107	1.6908344144298e-129	ANKRD28	c14
1.05260800384259e-133	0.879316536523554	0.924	0.652	3.54665740814722e-129	ARPC1B	c14
5.07282347883708e-133	0.89871034851645	0.957	0.784	1.70923714295937e-128	RPS10	c14
4.75087290970912e-132	1.06500100757329	0.91	0.707	1.60075911819739e-127	LDHA	c14
1.94507512935356e-131	1.2641901186741	0.689	0.335	6.55373614084388e-127	XAF1	c14
5.63508122336185e-131	1.3734042626111	0.596	0.253	1.89868426739954e-126	SLA2	c14
1.40931991189351e-130	3.23623645983939	0.103	0.011	4.74856251113399e-126	CYP4F22	c14
7.9557560803672e-130	2.12379798756134	0.275	0.068	2.68061245371892e-125	IFIT3	c14
3.53373868437723e-129	0.575384498544794	0.998	0.98	1.19065791231406e-124	RPL26	c14
3.16375509851716e-128	3.56533079584396	0.096	0.009	1.06599564289437e-123	OTOF	c14
2.82420605689553e-126	1.31041794148845	0.675	0.331	9.5158798881038e-122	IRF7	c14
3.34441574183677e-125	0.986389976388943	0.845	0.488	1.12686744005448e-120	APOBEC3G	c14
5.82352561984339e-125	1.04876178760762	0.75	0.377	1.96217872235003e-120	RNASEK	c14
3.60477619181573e-123	1.88145401487127	0.328	0.095	1.21459329007039e-118	USP18	c14
5.22852894338433e-123	2.52764249855039	0.14	0.02	1.76170054218392e-118	GALNT3	c14
1.01641195608073e-119	0.425849820801946	1	0.995	3.42469844481841e-115	HLA-C	c14
7.41878208833398e-118	1.26460659880767	0.7	0.359	2.49968443684325e-113	TPM4	c14
3.83342799061736e-117	1.34507089421212	0.542	0.223	1.29163522715861e-112	JAML	c14
6.70975267319241e-117	1.54285356062755	0.495	0.199	2.26078406570545e-112	AGTRAP	c14
1.08371843500937e-116	1.69673108024653	0.354	0.111	3.65148089492058e-112	CCR5	c14
1.31959729749966e-116	2.61432166787322	0.305	0.092	4.44625113419536e-112	TRGV10	c14
2.49931078810376e-116	3.44943326160997	0.08	0.007	8.4211777694368e-112	RP11-277P12.6	c14
4.2123299536582e-115	1.01715367420234	0.82	0.51	1.4193024545856e-110	REEP5	c14
9.43209454864864e-115	1.21393356769412	0.68	0.337	3.17804993722167e-110	MX1	c14
1.07044756139661e-114	1.86951103608094	0.312	0.091	3.60676601336975e-110	CMPK2	c14
7.78948912421557e-114	1.11233495455157	0.792	0.471	2.62459046551319e-109	IER2	c14
1.29403687987175e-113	1.92744749585034	0.31	0.092	4.36012786303989e-109	ATF3	c14
3.25574105096618e-112	0.494531845749774	1	0.999	1.09698938971254e-107	ACTB	c14
3.39907532323512e-111	1.0424661416558	0.75	0.414	1.14528443941084e-106	ANXA5	c14
1.52282616279676e-110	0.600378325264876	0.991	0.897	5.13101047292739e-106	HCST	c14
1.27649948932266e-107	0.901367804724667	0.917	0.692	4.30103737932376e-103	PGK1	c14
2.64883459826056e-107	1.22224441030818	0.54	0.232	8.92498329537914e-103	MYADM	c14
7.05014354389223e-107	1.24018238854202	0.58	0.264	2.37547536567905e-102	RUNX3	c14
6.05402959733969e-106	0.473207861834608	0.999	0.972	2.03984473252764e-101	CFL1	c14
1.50832190906639e-105	0.637219372837151	0.985	0.868	5.0821398404083e-101	LSP1	c14
1.76346723010031e-104	1.08363650973507	0.757	0.43	5.94182648509998e-100	ID2	c14
3.55489242332286e-102	1.29317280796955	0.491	0.202	1.19778545311441e-97	OAS1	c14
3.95447377060566e-102	2.07672934971815	0.263	0.075	1.33242039226787e-97	CSF1	c14
6.95802642337947e-102	0.902639238421778	0.836	0.524	2.34443742309348e-97	CXCR3	c14
2.00422971454951e-101	0.823362338199881	0.984	0.856	6.7530516002031e-97	CD69	c14
2.63530360647448e-101	1.81766555805541	0.248	0.066	8.87939197165511e-97	TRGC2	c14
1.19979783453255e-100	1.8891419744264	0.301	0.094	4.04259882367397e-96	TRGV3	c14
6.31973692428431e-100	1.00643887204403	0.716	0.383	2.12937215926835e-95	STOM	c14
7.69818571788257e-100	3.93748323513339	0.05	0.003	2.59382669578335e-95	RGMA	c14
4.53749258257654e-99	1.11410365667549	0.55	0.233	1.52886275077334e-94	MATK	c14
4.57741242314787e-98	0.546283290459321	0.988	0.914	1.54231334185544e-93	CYBA	c14
4.23542938215352e-96	0.901364215141756	0.835	0.57	1.42708557602281e-91	BST2	c14
7.08931787525153e-96	1.44657450864904	0.428	0.169	2.38867476488725e-91	IFI44	c14
1.11458527500126e-95	1.12511453965599	0.639	0.331	3.75548362558925e-91	ITGB7	c14
1.43129427224529e-95	1.97180212711693	0.251	0.071	4.82260292090329e-91	KLF10	c14
6.31116051363256e-95	1.36754578301958	0.473	0.201	2.12648242346335e-90	TNFRSF1A	c14
2.22960291572503e-94	1.38774804009241	0.407	0.154	7.5124240642439e-90	GABARAPL1	c14
8.49453657065041e-94	0.860588022912146	0.904	0.655	2.86214915211495e-89	MT2A	c14
1.54223192816164e-93	1.07078229123585	0.691	0.382	5.19639625874782e-89	CCDC107	c14
1.58999380301846e-93	1.0235501987499	0.659	0.332	5.3573251198904e-89	EPSTI1	c14
4.28235287617964e-93	1.26837361356156	0.58	0.284	1.44289597809997e-88	IFI35	c14
1.28253563975075e-92	0.532708353980266	0.992	0.931	4.32137558457618e-88	CALM1	c14
1.73881274787419e-92	1.95679021336451	0.199	0.049	5.85875567268729e-88	GCNT1	c14
1.10640133901907e-91	3.43316009992595	0.145	0.029	3.72790867169084e-87	TRBV28	c14
1.66826244409371e-91	0.609003439053095	0.954	0.862	5.62104347912933e-87	RPL17	c14
3.09335780886362e-91	1.00305630271594	0.665	0.35	1.04227598011851e-86	NDUFA13	c14
7.26435740280892e-91	0.526205506961436	0.995	0.933	2.44765258330244e-86	CD3D	c14
8.03265702065352e-91	0.997903157164217	0.763	0.473	2.706523456539e-86	IRF1	c14
1.06468896178761e-90	0.832065083176442	0.842	0.583	3.58736298784718e-86	TMEM50A	c14
2.65836995848278e-90	0.497094331909738	1	0.976	8.95711173811188e-86	GAPDH	c14
6.73845501824769e-90	1.07023339749721	0.585	0.284	2.27045503384838e-85	GYG1	c14
1.32413191058774e-89	0.606932876430514	0.978	0.852	4.46153005953433e-85	PSMB9	c14
6.95826844426701e-89	1.89959932550986	0.182	0.042	2.34451896961133e-84	CCR2	c14
2.22804653594703e-88	3.93682466059519	0.06	0.005	7.50717999821993e-84	SFTPB	c14
2.56182529016755e-88	1.0762105664033	0.605	0.302	8.63181413269054e-84	YWHAH	c14
2.22243128310619e-87	1.33419763677778	0.413	0.166	7.48825996529799e-83	C11orf98	c14
2.67439295463454e-87	1.09317606299539	0.598	0.302	9.01109962134563e-83	CDC42EP3	c14
8.32586057174804e-87	0.887322354746516	0.846	0.571	2.80531546104479e-82	UBE2L6	c14
1.78111852632537e-86	1.18707955625691	0.569	0.286	6.00130076260071e-82	EIF2AK2	c14
4.22734256158842e-86	0.81368092213085	0.804	0.503	1.4243608027016e-81	CTSC	c14
4.7753136625575e-86	0.468918156339537	0.994	0.947	1.60899418546213e-81	RAC2	c14
1.03386007289586e-85	0.998044882187213	0.653	0.348	3.48348812961531e-81	GLIPR2	c14
1.09874123455544e-85	2.10483276028414	0.164	0.037	3.70209871571111e-81	DSE	c14
1.41583588159533e-85	0.723585207053012	0.905	0.68	4.77051741944732e-81	PLP2	c14
4.86740522995307e-84	0.632312598338561	0.968	0.823	1.64002351818039e-79	S100A10	c14
1.58611765739241e-82	1.09762902269623	0.548	0.269	5.344264834818e-78	PRNP	c14
2.08250698072908e-82	1.3927181515296	0.457	0.204	7.01679902086855e-78	PLSCR1	c14
2.54754321648038e-82	0.912418260267027	0.718	0.415	8.58369211360901e-78	SAMSN1	c14
8.07446811724159e-82	2.08903538635285	0.202	0.056	2.72061128742338e-77	TRBV6-5	c14
1.77645320728597e-81	0.219402999666445	1	1	5.98558143662936e-77	B2M	c14
5.05869903118978e-81	1.88644290459063	0.203	0.056	1.70447805156909e-76	DAPK2	c14
5.14645971155275e-81	0.579992002691267	0.809	0.47	1.73404813521058e-76	EEF1G	c14
6.51039141994037e-81	0.423385909236263	0.997	0.958	2.19361128503471e-76	MYL6	c14
1.36906084819037e-80	1.79948435391312	0.191	0.05	4.61291362189265e-76	ABCB1	c14
2.38377299212991e-80	1.66896185501607	0.251	0.079	8.03188471968253e-76	FBXO6	c14
5.63993380989132e-80	1.33354884568583	0.387	0.158	1.90031929790478e-75	PSENEN	c14
7.03517984094315e-80	1.16954861785544	0.407	0.166	2.37043349560738e-75	AC092580.4	c14
8.2816637139719e-80	0.9500574981964	0.682	0.392	2.79042377178569e-75	HN1	c14
1.14862375891721e-79	0.779100868337919	0.828	0.56	3.87017289329566e-75	SLC9A3R1	c14
2.34221667078687e-79	1.02046298500144	0.645	0.367	7.89186485054926e-75	SURF4	c14
4.15491888505367e-79	1.83297643988677	0.201	0.055	1.39995836912998e-74	PRR5	c14
4.44263047282226e-79	1.23859923084268	0.404	0.167	1.49689991151273e-74	CLSTN3	c14
5.70163211851473e-79	1.18864085525367	0.516	0.251	1.92110792601235e-74	SAMD9L	c14
5.7893854728148e-79	0.514710490982429	0.979	0.874	1.95067554121022e-74	CD99	c14
1.91551814512871e-78	1.65534592783105	0.248	0.078	6.45414683819669e-74	DDAH2	c14
4.05792943375805e-78	1.20008783375851	0.445	0.195	1.36727874341044e-73	CALHM2	c14
4.95305152633925e-78	0.87332795738724	0.768	0.502	1.66888118128475e-73	DHRS7	c14
2.1043528089961e-77	1.29643593471097	0.414	0.178	7.09040635463145e-73	DENND1B	c14
3.37814019619216e-77	0.840820104600508	0.768	0.5	1.13823055770499e-72	RHOF	c14
3.94906024323673e-77	1.16054281019858	0.438	0.191	1.33059635835618e-72	SLF1	c14
9.28348105115833e-77	1.60235057839057	0.23	0.07	3.12797610537729e-72	ATP1B1	c14
1.82358148390948e-76	1.11289578414213	0.477	0.218	6.14437545188461e-72	PNP	c14
2.9706584203261e-76	0.65123119389691	0.934	0.761	1.00093364814467e-71	EMP3	c14
5.18405790581406e-76	0.89507075922552	0.743	0.473	1.74671647078499e-71	CCDC85B	c14
1.31943899251508e-75	0.454376332590332	0.999	0.946	4.4457177413803e-71	CORO1A	c14
2.65674526853443e-75	0.868456598131563	0.726	0.427	8.95163750779989e-71	IL2RB	c14
2.9549021077467e-75	1.31712598784833	0.354	0.139	9.95624716184174e-71	RHOC	c14
4.10719068690516e-75	1.12218136211635	0.484	0.227	1.38387683004582e-70	UBE2V1	c14
1.00243905941405e-74	1.10729758183914	0.538	0.272	3.37761816678969e-70	CD58	c14
1.05164847945337e-74	1.07301214003048	0.643	0.372	3.54342438667017e-70	PIM1	c14
1.12222196350946e-74	0.93903194349172	0.542	0.262	3.78121468384879e-70	CSNK2B	c14
2.93651320787004e-74	2.4579202442705	0.101	0.017	9.89428760259731e-70	ADGRG5	c14
3.58080200449463e-74	0.764332489707953	0.853	0.591	1.20651542739442e-69	SLC2A3	c14
1.02385805240666e-73	0.493625599959596	0.98	0.885	3.44978732177901e-69	ARPC2	c14
9.33302903779023e-73	1.96097899007954	0.149	0.035	3.14467080399304e-68	PGLYRP2	c14
1.75195837234221e-72	0.693023548654646	0.884	0.674	5.90304853976983e-68	C9orf142	c14
1.79571527188756e-72	1.56916880956414	0.22	0.066	6.05048303709794e-68	KLRK1	c14
2.28472063844122e-72	0.331237923812886	1	0.969	7.69813771916385e-68	IL32	c14
2.50513025044821e-72	0.920255242039506	0.613	0.326	8.4407858658602e-68	ECH1	c14
3.23474618719137e-72	0.847229303232594	0.739	0.452	1.08991538031226e-67	TUBA1A	c14
6.00129278191804e-72	0.733536869429499	0.847	0.589	2.02207558993946e-67	PPP1R18	c14
9.17448017878884e-72	1.07177974157594	0.518	0.258	3.09124935144111e-67	TNFSF10	c14
1.161154597057e-71	0.78360894469695	0.825	0.588	3.91239429932385e-67	RABAC1	c14
2.22862166848332e-71	1.34306929191497	0.327	0.127	7.50911784978771e-67	SLC16A3	c14
3.28948954622052e-71	3.28408648361964	0.046	0.004	1.10836060770354e-66	AC009495.2	c14
7.9918536302643e-71	0.545089945632451	0.956	0.796	2.69277516218125e-66	STK17A	c14
2.72446188353857e-70	1.03998569970072	0.535	0.273	9.17980187039484e-66	DEGS1	c14
6.89138637720595e-70	0.958585419902308	0.541	0.275	2.32198372593577e-65	ARL6IP1	c14
7.66277150885742e-70	0.829405577153962	0.567	0.292	2.58189423219442e-65	HLA-DRA	c14
1.02627911223241e-69	1.25216193949789	0.373	0.158	3.4579448407559e-65	ACAA2	c14
1.47344271798699e-69	0.317695778695971	0.734	0.37	4.96461789398537e-65	CCL4	c14
1.62077279689129e-69	0.598958247868299	0.935	0.786	5.4610318618455e-65	LCP1	c14
4.49310426120873e-69	1.24100228009862	0.378	0.162	1.51390654977167e-64	SARNP	c14
2.36278091283908e-67	0.744754043189383	0.954	0.823	7.96115400771999e-63	ZFP36	c14
3.46229980282343e-67	0.316113016345896	1	0.997	1.16658729556333e-62	PTMA	c14
3.61707054678812e-67	0.674137174071072	0.904	0.73	1.21873575003479e-62	CD3G	c14
4.67983187301455e-67	1.04173476941491	0.501	0.249	1.57682255129352e-62	SDHD	c14
1.49148181414321e-66	2.84944169051267	0.065	0.008	5.02539882457413e-62	RP11-24F11.2	c14
1.64240429992667e-66	4.68879349804821	0.024	0.001	5.53391704817291e-62	RAPGEF5	c14
2.95379446744957e-66	0.8267337387825	0.742	0.478	9.95251507862458e-62	TXN	c14
3.7263472339051e-66	0.747693038326288	0.768	0.486	1.25555543699199e-61	GSTP1	c14
9.99487815181972e-66	1.07839899368765	0.453	0.217	3.36767424447414e-61	PARP9	c14
1.36865009115594e-65	0.590463960546592	0.922	0.738	4.61152961714083e-61	PSME2	c14
6.7065070670071e-65	0.666853262944531	0.818	0.574	2.25969049115737e-60	TUBB	c14
3.47403355244725e-64	0.963993040019852	0.567	0.313	1.17054086516158e-59	DSTN	c14
3.5228689062933e-64	4.57065022224093	0.027	0.001	1.18699544928647e-59	TRBJ1-2	c14
5.70883851218064e-64	1.0676836107143	0.444	0.213	1.92353604829415e-59	OAS2	c14
6.64632911433585e-64	1.18783752569266	0.298	0.114	2.23941413178432e-59	SYTL2	c14
2.81136813161094e-63	1.10802909494548	0.446	0.217	9.47262378264991e-59	LAP3	c14
6.30401198045675e-63	1.21470655782264	0.329	0.136	2.1240737966951e-58	NDUFC2	c14
7.73159374592427e-63	0.984804529514143	0.548	0.304	2.60508319675172e-58	CALCOCO2	c14
1.21390234033414e-62	0.545029072961603	0.986	0.904	4.09012254552185e-58	KLF6	c14
1.26127359300273e-62	0.78406156186225	0.724	0.479	4.24973524426339e-58	NME2	c14
1.44410461313404e-62	0.903895803635111	0.565	0.307	4.86576608349385e-58	GRAP2	c14
2.43974059872624e-62	0.829095181747155	0.687	0.417	8.22046197334818e-58	ARRB2	c14
3.94933807346013e-62	1.07337756428736	0.468	0.235	1.33068997047166e-57	COMMD8	c14
6.85840599998807e-62	1.10593950510111	0.47	0.233	2.31087131763598e-57	GADD45B	c14
8.16491546226212e-62	0.63079006150761	0.885	0.654	2.7510866158546e-57	PPP1CA	c14
9.42470088671146e-62	0.888134046200078	0.411	0.185	3.17555871676856e-57	PTMS	c14
1.4503440901567e-61	0.66749149920701	0.905	0.718	4.88678937737399e-57	TPI1	c14
2.53264905998863e-61	0.919955857505372	0.616	0.366	8.5335077427257e-57	SUSD3	c14
6.35530690679088e-61	0.73481178667804	0.769	0.522	2.14135710917412e-56	ARF6	c14
8.17130658743165e-61	1.41854013895853	0.25	0.091	2.75324004156922e-56	EEF1E1	c14
9.62517581670677e-61	1.94482377116423	0.07	0.01	3.24310673968118e-56	TRBV11-3	c14
1.19910226531641e-60	0.428617933940782	0.993	0.947	4.04025517275712e-56	PPDPF	c14
1.37984028062165e-60	1.00343047496445	0.437	0.209	4.64923384152659e-56	NAA10	c14
1.59191309097941e-60	0.724267965408087	0.829	0.604	5.36379196874601e-56	MSN	c14
1.73523830521658e-60	0.934317583778506	0.546	0.296	5.84671194559675e-56	RAB5C	c14
2.57335840612892e-60	1.52781786510464	0.321	0.136	8.67067381361077e-56	IFNG	c14
2.59586367425081e-60	1.02900833777762	0.464	0.232	8.74650306402067e-56	CISD3	c14
9.5004091275305e-60	0.382105861159599	1	0.988	3.20106785143013e-55	ACTG1	c14
9.72849808304417e-60	1.05341756259428	0.408	0.194	3.2779201441009e-55	BHLHE40	c14
2.08881266877694e-59	1.2940572348047	0.307	0.126	7.03804540617704e-55	IFIT5	c14
7.36350137097019e-59	0.886766054288983	0.598	0.342	2.4810581519347e-54	PHF11	c14
1.73032995487392e-58	0.417457838454137	0.987	0.905	5.8301737499522e-54	PSME1	c14
2.99718949109841e-58	0.561875745937137	0.628	0.339	1.0098730271307e-53	ITM2C	c14
8.96352283196435e-58	0.704489210224116	0.801	0.577	3.02016938300207e-53	EMB	c14
1.6834883328799e-57	0.954194136229798	0.56	0.317	5.67234558880553e-53	GBP1	c14
1.75090658159363e-57	0.603907121612801	0.86	0.68	5.89950463602159e-53	CD53	c14
1.3348500027227e-56	0.966307082213518	0.46	0.232	4.49764359917385e-52	GPR65	c14
3.78606993410801e-56	0.782871037671462	0.681	0.419	1.27567840359835e-51	IDH2	c14
6.5702084199387e-56	1.47482127936315	0.198	0.066	2.21376602501414e-51	ATP10D	c14
9.87500778673673e-56	0.706182728318316	0.705	0.446	3.32728512366307e-51	CHURC1	c14
1.07433234356239e-55	1.16325225868143	0.356	0.162	3.61985539839913e-51	GNPTAB	c14
1.63189568635495e-55	1.38624934484962	0.208	0.07	5.49850932560436e-51	GALNT6	c14
1.78334589699642e-55	2.27238708973667	0.082	0.015	6.00880566533974e-51	FAM26F	c14
3.27460902713138e-55	1.75027324386743	0.158	0.047	1.10334676560165e-50	LIMK1	c14
3.90141745790081e-55	0.968461773775476	0.434	0.215	1.3145435982651e-50	ADAM8	c14
6.41207854829818e-55	0.413741966237709	0.793	0.5	2.16048574606359e-50	HLA-DRB1	c14
1.32669654952337e-54	0.890406161210593	0.523	0.285	4.47017135396403e-50	MAGED2	c14
1.50483436697323e-54	2.23959088594674	0.085	0.016	5.07038891607961e-50	IFITM10	c14
1.68336668216508e-54	1.48146624149773	0.177	0.055	5.67193569888703e-50	ADRB2	c14
1.93764145801391e-54	0.613389696995677	0.864	0.654	6.52868912863205e-50	SHISA5	c14
2.20355231083078e-54	0.977993483717729	0.475	0.25	7.42464915611324e-50	ARL6IP6	c14
3.66336644427642e-54	2.09080537742107	0.118	0.029	1.2343346897345e-49	LINC01358	c14
3.92538901511825e-54	0.784001675325957	0.666	0.416	1.32262057475394e-49	MRPS6	c14
5.93125222798936e-54	0.861103656605665	0.566	0.326	1.99847612569874e-49	RGS19	c14
9.88017625928302e-54	1.91381323286318	0.111	0.026	3.32902658880282e-49	NXPH4	c14
1.01227341829868e-53	0.631171947504527	0.836	0.629	3.41075405561556e-49	SP100	c14
1.50430330339738e-53	1.31695783587794	0.288	0.12	5.06859955046712e-49	JAZF1	c14
1.54374990751198e-53	0.494691829744039	0.999	0.984	5.20151093837086e-49	H3F3B	c14
3.40207132440422e-53	1.03410764376591	0.403	0.2	1.14629391204476e-48	RGL4	c14
4.05290722636333e-53	0.420427966823384	0.976	0.885	1.36558656085086e-48	ARPC3	c14
4.89901465847375e-53	0.732936334130065	0.614	0.36	1.65067399902614e-48	APOBEC3C	c14
4.93987826237894e-53	0.909320887405327	0.475	0.25	1.66444258172596e-48	TOB1	c14
5.34772883419057e-53	0.608852610932005	0.825	0.634	1.80186375339217e-48	TBC1D10C	c14
1.06736550536601e-52	0.700049782743525	0.624	0.363	3.59638133378023e-48	RBPJ	c14
1.32372093424707e-52	1.19764959376341	0.318	0.141	4.46014531585209e-48	NDUFA9	c14
1.60013478247707e-52	0.771001423355178	0.63	0.386	5.39149413607823e-48	GBP5	c14
1.83941742174261e-52	0.739546340695926	0.708	0.484	6.19773306081953e-48	LPXN	c14
1.97562614834854e-52	0.612160007401258	0.826	0.629	6.65667474424557e-48	VAMP8	c14
2.27065894886861e-52	1.01437587246786	0.407	0.201	7.65075826231789e-48	SLC7A5	c14
3.49414732179473e-52	1.22720692966258	0.316	0.14	1.17731799860552e-47	HSH2D	c14
4.64091755198623e-52	0.811974482212398	0.522	0.285	1.56371075996624e-47	THEMIS	c14
6.77503605722374e-52	0.948453294079025	0.446	0.238	2.28278064912097e-47	KLRB1	c14
3.88116282367928e-51	1.20074865762757	0.29	0.123	1.3077190018105e-46	COMTD1	c14
5.30693975726387e-51	0.56928348165514	0.856	0.636	1.78812028181249e-46	CD96	c14
7.17437425527281e-51	0.57241058043518	0.863	0.659	2.41733366157162e-46	SEPT7	c14
1.05768847169937e-50	0.930365920869631	0.453	0.238	3.56377553654387e-46	GNAI3	c14
1.69948897261963e-50	0.680012645767163	0.769	0.554	5.7262581443446e-46	PRELID1	c14
1.77199731427463e-50	1.3488644413628	0.213	0.077	5.97056775071694e-46	CLIC5	c14
3.56428388466382e-50	0.553901505794686	0.723	0.484	1.20094981209863e-45	TUBA1B	c14
3.93649039148394e-50	1.8030329760217	0.135	0.038	1.3263610725066e-45	GNGT2	c14
4.82463016021174e-50	2.52921060826759	0.067	0.011	1.62561088618174e-45	KLRC4	c14
5.21528084906929e-50	0.627957099700009	0.741	0.494	1.75723672928541e-45	DYNLL1	c14
7.61725298072652e-50	0.947946290275105	0.474	0.262	2.56655721932599e-45	MPC1	c14
1.09955240049294e-49	0.801287114552111	0.637	0.411	3.70483185822092e-45	CAPN2	c14
4.44078605918238e-49	1.17456994253966	0.298	0.13	1.49627845478091e-44	FAM105A	c14
1.11633800292173e-48	3.23002547505447	0.034	0.003	3.76138926704446e-44	MGLL	c14
3.58363168095056e-48	1.14773259494706	0.282	0.12	1.20746885857948e-43	LAIR1	c14
3.63222594184003e-48	1.13668014496203	0.311	0.141	1.22384220884358e-43	SYS1	c14
4.28208463701679e-48	0.999226541671024	0.427	0.226	1.44280559759644e-43	NMI	c14
5.48401542545241e-48	1.62165706454022	0.14	0.041	1.84778415745194e-43	KLRC3	c14
1.10906555079479e-47	1.28002393276201	0.197	0.07	3.73688546684795e-43	KIAA1671	c14
1.30039639977162e-47	1.94569097538559	0.176	0.062	4.38155562939051e-43	TRAV8-4	c14
1.89942698892373e-47	0.560139746252829	0.841	0.622	6.39992929647962e-43	MCL1	c14
2.47008360442143e-47	0.444588004423103	0.948	0.831	8.32269969673757e-43	PPIB	c14
3.18387463918487e-47	0.829976539680386	0.54	0.316	1.07277472092695e-42	RNF166	c14
3.73585159196311e-47	0.780912168561439	0.612	0.386	1.25875783539605e-42	SLC3A2	c14
4.53532827836839e-47	1.07526663586631	0.277	0.119	1.52813351011344e-42	CTD-2192J16.22	c14
8.13648881798786e-47	0.971160939899998	0.368	0.181	2.74150854233283e-42	CHMP4A	c14
8.60726226817245e-47	0.652414532797362	0.743	0.524	2.90013094863803e-42	NEDD8	c14
1.26716871596046e-46	1.69707142196114	0.119	0.032	4.26959827155717e-42	C3AR1	c14
1.41537133823411e-46	2.30859688134859	0.072	0.014	4.768952187046e-42	FBXO2	c14
1.75218131666975e-46	0.539613831192937	0.852	0.65	5.90379972838706e-42	CSTB	c14
6.18951580714951e-46	0.857950452505734	0.536	0.314	2.08549545606096e-41	PPM1K	c14
6.84710105461494e-46	0.449971908502373	0.937	0.788	2.30706222934196e-41	COX6A1	c14
7.40373116425052e-46	0.708442494323981	0.709	0.495	2.49461317848257e-41	CAPZA1	c14
1.14232759814395e-45	1.10204259685375	0.317	0.148	3.84895860918623e-41	CARD19	c14
2.23561944007802e-45	0.757004190421379	0.594	0.37	7.53269614139889e-41	MINOS1	c14
2.59630965859374e-45	0.761346022833028	0.552	0.322	8.74800576366575e-41	SH3BP1	c14
3.13855043561862e-45	1.2766784442766	0.236	0.097	1.05750318377734e-40	SLC1A5	c14
3.19161562798345e-45	0.8212904426192	0.659	0.447	1.07538296969274e-40	HSPA5	c14
3.365416354053e-45	0.401188434194201	0.966	0.892	1.13394338633462e-40	EVL	c14
4.64557903235999e-45	0.780989509538951	0.527	0.309	1.56528139916337e-40	RAB8A	c14
5.08191933035117e-45	1.61529916324088	0.125	0.036	1.71230189916852e-40	HIST2H2AA4	c14
7.50358332424296e-45	0.885261040017544	0.449	0.246	2.52825736527042e-40	RASSF1	c14
1.29254906288719e-44	0.488712605019386	0.908	0.761	4.35511481249211e-40	TNFAIP3	c14
2.56640960126943e-44	0.625079654894159	0.776	0.559	8.64726051051722e-40	TAP1	c14
2.98293051479296e-44	0.81631837961328	0.475	0.264	1.00506860765434e-39	C6orf1	c14
4.01135211310126e-44	0.657368326147943	0.653	0.424	1.35158498098834e-39	ADGRE5	c14
6.74325339032353e-44	0.646467862736994	0.705	0.492	2.27207179733561e-39	MAP1LC3B	c14
9.6751735569744e-44	1.10160409283116	0.298	0.139	3.25995297828695e-39	ARHGAP18	c14
9.71047781001979e-44	1.12628541993645	0.317	0.152	3.27184839330807e-39	DDX60	c14
1.09430730364078e-43	1.24044508589595	0.229	0.094	3.68715902888725e-39	EPS8L2	c14
1.12501035095596e-43	0.415900301549477	0.936	0.804	3.79060987651103e-39	CALM2	c14
1.27543220968888e-43	0.757392505063505	0.487	0.27	4.29744128732571e-39	PTK2B	c14
1.54008628919959e-43	0.558039821041976	0.848	0.674	5.18916674282909e-39	LCP2	c14
1.87633319061591e-43	1.64583557141603	0.126	0.037	6.32211705246124e-39	TMEM200A	c14
2.36132559502649e-43	0.668538205339051	0.755	0.555	7.95625045988227e-39	BTG2	c14
3.0652564278501e-43	0.739814336012623	0.491	0.279	1.03280750079981e-38	PARVG	c14
3.94229151474627e-43	0.459907185570481	0.937	0.794	1.32831570297861e-38	TPM3	c14
6.20155750154712e-43	1.76782645991644	0.195	0.077	2.08955278457129e-38	TRAV9-2	c14
8.67701226424423e-43	1.05976568233741	0.331	0.163	2.92363251231445e-38	STXBP2	c14
8.96889804658904e-43	0.658099414983164	0.668	0.446	3.02198050781771e-38	SASH3	c14
1.41428736430252e-42	0.98878832693704	0.37	0.192	4.76529984528092e-38	MAD2L2	c14
1.5848851328588e-42	0.848109010040569	0.403	0.21	5.34011196665444e-38	TMBIM4	c14
1.71416585283841e-42	1.46608287201482	0.124	0.036	5.77571042455374e-38	AUTS2	c14
1.86627851133054e-42	0.899634492432937	0.37	0.186	6.28823881607714e-38	PLA2G16	c14
2.45557146254565e-42	0.659698833048639	0.643	0.42	8.27380248590131e-38	DOK2	c14
2.69291140895639e-42	0.682587399423502	0.658	0.437	9.07349570133764e-38	UBE2L3	c14
1.27173411777369e-41	1.02624498153692	0.281	0.127	4.28498093642667e-37	FAM134B	c14
1.89118763683371e-41	2.44507673540977	0.044	0.006	6.37216762354752e-37	JAG2	c14
2.30581489441124e-41	0.569643694052771	0.862	0.718	7.76921270522923e-37	CIB1	c14
2.72907389161805e-41	0.733215715538158	0.597	0.375	9.19534157041787e-37	NCF1	c14
2.79683181928952e-41	0.92031086505438	0.374	0.194	9.42364513191411e-37	IER3IP1	c14
4.78840649528539e-41	0.683950473251955	0.616	0.4	1.61340568452146e-36	CHCHD10	c14
5.35677286362439e-41	1.42077233203762	0.156	0.054	1.8049110486696e-36	TRGV2	c14
6.42155962091561e-41	1.11088392955774	0.209	0.082	2.16368029867131e-36	GAB3	c14
9.3563864651325e-41	0.715311371035815	0.614	0.403	3.15254085556174e-36	CMTM3	c14
1.06002042867792e-40	1.83904136781943	0.096	0.025	3.57163283238739e-36	SEMA7A	c14
1.23414235185219e-40	0.675872438561519	0.634	0.419	4.15831924033076e-36	RBMS1	c14
1.76970165184464e-40	0.904264176475866	0.366	0.188	5.96283274572534e-36	SMIM7	c14
2.1115298748487e-40	0.949340939322645	0.364	0.188	7.11458876031521e-36	ZBP1	c14
2.6110453578368e-40	0.901250948984388	0.34	0.17	8.79765622869531e-36	TRG-AS1	c14
2.98715391447847e-40	0.918915765781754	0.447	0.252	1.00649163994438e-35	RGS2	c14
3.34828949868142e-40	2.22433068933159	0.067	0.014	1.12817266368572e-35	RASGRP3	c14
4.45931067466706e-40	0.783564970401004	0.45	0.25	1.50252013872232e-35	UBE2A	c14
4.62858301832417e-40	0.723751888024652	0.459	0.253	1.55955476219414e-35	MATR3.1	c14
4.99802722080261e-40	0.313443682705236	0.984	0.925	1.68403529177723e-35	UBC	c14
5.62037557514345e-40	0.732020334013153	0.512	0.301	1.89372934628884e-35	GIMAP1	c14
5.64107593081324e-40	1.77948260705963	0.092	0.024	1.90070412412821e-35	RP11-644F5.10	c14
5.86677273542608e-40	2.06473376573211	0.08	0.019	1.97675040547446e-35	STX1A	c14
6.29500974765694e-40	0.762744161442087	0.593	0.385	2.12104058437553e-35	PTPN6	c14
7.3105392230956e-40	0.555280194905013	0.726	0.498	2.46321308582983e-35	POMP	c14
7.40890634228469e-40	1.4341698565993	0.146	0.049	2.4963569029694e-35	SMIM3	c14
8.95860086582443e-40	0.812490130468264	0.447	0.253	3.01851097573088e-35	TPST2	c14
9.60229681998063e-40	0.430663999691258	0.923	0.783	3.23539789052427e-35	UQCR11	c14
1.15452499239792e-39	0.48560075310852	0.856	0.685	3.89005650938557e-35	CAP1	c14
1.6044870887366e-39	0.414367138871363	0.922	0.774	5.40615879678909e-35	PSMA7	c14
1.76262289936503e-39	0.43845459499221	0.945	0.853	5.93898159712053e-35	RARRES3	c14
1.99493349521209e-39	2.13767952606214	0.063	0.012	6.72172891876761e-35	FKBP1B	c14
2.99700306772777e-39	1.09551692496696	0.248	0.109	1.00981021364019e-34	RUNX2	c14
8.19350756828328e-39	0.989890437862094	0.273	0.127	2.76072044005737e-34	APOBEC3H	c14
8.57072411626344e-39	2.06141569517907	0.073	0.016	2.8878197837338e-34	KIF5C	c14
9.68049526503647e-39	0.739399935239212	0.546	0.336	3.26174607460139e-34	IRF2	c14
1.05648496407993e-38	2.24756204134336	0.058	0.011	3.55972043797092e-34	GPR35	c14
1.23966502655359e-38	0.322614558888924	0.994	0.946	4.17692734046965e-34	HSPA8	c14
1.28034854223415e-38	3.55781481588554	0.027	0.002	4.31400637820374e-34	GPR34	c14
1.77762383154628e-38	0.712668073313322	0.519	0.317	5.98952573801205e-34	ATP2B4	c14
1.97572074918752e-38	0.786343035130816	0.398	0.211	6.65699349231242e-34	SLFN12L	c14
2.27547743610892e-38	0.739331955777639	0.585	0.383	7.66699367322539e-34	VASP	c14
3.28959905354424e-38	1.07012218716617	0.266	0.123	1.1083975051012e-33	RTP4	c14
3.37705510182275e-38	0.848959467982659	0.411	0.229	1.13786494600816e-33	SKIL	c14
4.00766117221814e-38	0.623026398527691	0.708	0.509	1.35034135536718e-33	PRDX5	c14
5.14175567362459e-38	0.51770340231773	0.811	0.613	1.73246315667107e-33	NDUFB2	c14
6.49513283293234e-38	0.734336510366583	0.545	0.338	2.18847005672822e-33	CHMP5	c14
9.36982321804308e-38	0.677391700737878	0.568	0.367	3.15706823508744e-33	C4orf48	c14
9.86920923523385e-38	1.14905778501177	0.266	0.125	3.32533135971969e-33	OAS3	c14
1.07284294677409e-37	0.465783808136249	0.864	0.728	3.61483702486062e-33	KRTCAP2	c14
1.18151367802129e-37	1.44585929166624	0.124	0.039	3.98099218672493e-33	MAFF	c14
1.50458878447379e-37	0.731827158914914	0.397	0.212	5.06956145040598e-33	GLUL	c14
1.65494223329021e-37	1.41064110542311	0.151	0.054	5.57616236084802e-33	RP11-539L10.2	c14
1.69892411197471e-37	1.28638996470673	0.179	0.069	5.72435490288757e-33	PRICKLE4	c14
1.80250005956577e-37	0.778712693627517	0.439	0.247	6.07334370070092e-33	EVI2B	c14
1.80750674120502e-37	0.768514425893617	0.451	0.259	6.09021321381621e-33	ADSS	c14
1.84026349203569e-37	0.845963559845567	0.445	0.26	6.20058381006506e-33	SAMD9	c14
2.18285099966828e-37	0.934950181215938	0.321	0.16	7.3548981582823e-33	LPGAT1	c14
3.11736702471899e-37	0.384860339032662	0.934	0.801	1.05036564530882e-32	LCK	c14
3.35225994004699e-37	0.771056851047208	0.448	0.258	1.12951046419943e-32	UPP1	c14
3.68140377899881e-37	0.840630667758761	0.435	0.251	1.24041218929586e-32	OGFR	c14
4.25412402173518e-37	3.66584521839078	0.024	0.002	1.43338454788345e-32	RP11-84D1.1	c14
6.38071640701783e-37	0.961702167905778	0.303	0.151	2.14991858618059e-32	LGALS9	c14
9.21400254857665e-37	0.65569192104891	0.544	0.331	3.10456601871742e-32	POLR2J	c14
1.10815980038137e-36	0.767499768552749	0.497	0.3	3.733833631405e-32	SP110	c14
1.20174128380069e-36	0.852964068447973	0.346	0.181	4.04914708163804e-32	JMJD6	c14
1.47747888898533e-36	0.918391406545016	0.345	0.181	4.97821736854719e-32	C21orf91	c14
1.66864084671554e-36	0.521669560603065	0.783	0.57	5.62231846892333e-32	COX5A	c14
1.82757868890386e-36	0.773384428152721	0.429	0.243	6.15784363439267e-32	EIF4A1	c14
2.00502632426146e-36	0.526096655434415	0.773	0.573	6.75573569696657e-32	PDCD4	c14
2.41292944086755e-36	0.481999003514088	0.845	0.667	8.13012445805911e-32	ACTR3	c14
5.05701188535352e-36	0.411860241176084	0.956	0.859	1.70390958465102e-31	CYTIP	c14
6.34016206516921e-36	1.06030406117445	0.24	0.109	2.13625420623811e-31	PLEKHO1	c14
6.81447117559983e-36	0.535424517844541	0.717	0.503	2.29606791790661e-31	PSMA5	c14
7.40843262701625e-36	0.761841804929461	0.312	0.156	2.49619728934686e-31	MT1E	c14
7.66014161568002e-36	0.703288525668099	0.59	0.398	2.58100811598722e-31	TSPAN14	c14
1.08135145179667e-35	0.536477461820915	0.793	0.619	3.64350558168369e-31	PDIA3	c14
1.08647317970311e-35	0.556721408477656	0.712	0.497	3.66076273169166e-31	NOP10	c14
1.45052549621378e-35	0.418532234818211	0.913	0.773	4.88740060694272e-31	NDUFS5	c14
1.85663924738382e-35	0.50506331585039	0.85	0.7	6.25576028013504e-31	CALR	c14
2.29739151469087e-35	0.593065066642576	0.697	0.502	7.74083096959943e-31	SIT1	c14
2.96880437982257e-35	0.828957075669342	0.375	0.204	1.00030894773742e-30	SQRDL	c14
3.47920518035073e-35	1.61143213525883	0.099	0.029	1.17228339346738e-30	APOBR	c14
3.66853014116125e-35	1.17839056234057	0.22	0.098	1.23607454576287e-30	SPSB1	c14
3.77547160388627e-35	0.823773919630299	0.335	0.172	1.27210740221344e-30	AKTIP	c14
6.19311348008004e-35	1.02213098036483	0.249	0.114	2.08670765597817e-30	AC006369.2	c14
6.46724632921035e-35	1.77051306113129	0.14	0.05	2.17907397816413e-30	IFIT2	c14
8.16330388697399e-35	0.70188779796955	0.508	0.315	2.75054361167702e-30	SPN	c14
8.60415984030944e-35	0.985661939290281	0.286	0.14	2.89908561659386e-30	GBP3	c14
9.77628396943475e-35	0.965978165207304	0.257	0.121	3.29402112066135e-30	KIF21A	c14
1.24300385735085e-34	1.0842371716801	0.223	0.1	4.18817719695796e-30	ADAM19	c14
1.50043908353261e-34	0.912662676644989	0.335	0.18	5.05557944805477e-30	DUSP23	c14
1.55131663462004e-34	0.488012994474671	0.802	0.614	5.22700626868878e-30	GNB2	c14
1.66903848067866e-34	0.902040409837885	0.371	0.205	5.62365825679869e-30	MYD88	c14
1.83561833211906e-34	0.595116627908882	0.657	0.448	6.18493240824196e-30	MRPL41	c14
2.11698539576877e-34	0.505600958248388	0.79	0.612	7.1329705925033e-30	CDC42	c14
2.21498421397051e-34	0.88176827929198	0.338	0.178	7.46316781055224e-30	ABCG1	c14
2.67408012513596e-34	1.16733265498858	0.16	0.061	9.01004557363309e-30	MVB12B	c14
2.92219057771133e-34	0.793681561343963	0.276	0.132	9.84602893254055e-30	PTGER2	c14
3.11138804112697e-34	1.30675232802692	0.139	0.049	1.04835108657732e-29	CAPN12	c14
3.98333498539771e-34	0.619501264495382	0.583	0.379	1.34214488997991e-29	FERMT3	c14
4.79670666768824e-34	2.97412352554782	0.034	0.005	1.61620234461088e-29	DOCK5	c14
4.91167904665641e-34	0.797564173682259	0.403	0.23	1.65494113798041e-29	PRMT9	c14
5.35554523991156e-34	0.630255900240157	0.693	0.497	1.8044974131358e-29	SOCS1	c14
5.9931086503926e-34	0.731191689094359	0.491	0.302	2.01931802866328e-29	TMEM14C	c14
6.14584043889517e-34	0.778915902929415	0.471	0.289	2.07077947748134e-29	PLEC	c14
6.65154994403216e-34	0.331227289545994	0.964	0.876	2.2411732381422e-29	YWHAZ	c14
9.1375109437702e-34	0.831554505508257	0.347	0.19	3.07879293739393e-29	BCL3	c14
9.98516077670872e-34	1.06858875599385	0.24	0.112	3.36440007210424e-29	RP5-1171I10.5	c14
1.14912771116944e-33	0.788666607996068	0.367	0.198	3.87187091001432e-29	ARPC4	c14
1.22265986019769e-33	0.527886935906277	0.698	0.497	4.11963013295011e-29	PPP1R15A	c14
1.3046126305246e-33	0.88916057566818	0.378	0.214	4.39576179728959e-29	MANF	c14
1.40692759723905e-33	0.676114259918042	0.441	0.254	4.74050184613725e-29	RBM4	c14
1.55915085795089e-33	3.01561992007252	0.029	0.003	5.25340290077972e-29	C9orf139	c14
1.76683130469321e-33	0.611345337424407	0.608	0.402	5.95316139803331e-29	BZW1	c14
2.109257124151e-33	0.663794434072581	0.571	0.376	7.10693095411437e-29	HM13	c14
2.19557103366536e-33	0.473415585909141	0.771	0.553	7.39775704083207e-29	SELPLG	c14
3.18382403116501e-33	1.05294832828897	0.209	0.092	1.07275766906074e-28	FOSL2	c14
3.31109285458626e-33	0.382155113714327	0.817	0.598	1.11563962642429e-28	HLA-DPA1	c14
3.31917451525639e-33	0.882941508416085	0.331	0.176	1.11836266117049e-28	LPCAT4	c14
3.4095686478556e-33	0.457608891251063	0.686	0.46	1.14882006020847e-28	PARP8	c14
3.90437113720495e-33	1.07072339693156	0.236	0.11	1.31553881096984e-28	MYCBP	c14
4.51667504480764e-33	0.987616709387255	0.24	0.112	1.52184848959749e-28	PPP3CA	c14
7.14903706004316e-33	1.21008319300407	0.165	0.066	2.40879654701094e-28	PRKD3	c14
7.30679052869152e-33	0.526435875647303	0.745	0.552	2.46195000073732e-28	DEF6	c14
8.41412896254377e-33	0.557933296945426	0.703	0.489	2.8350566126395e-28	PSMA6	c14
8.55006285998155e-33	0.579087739272021	0.63	0.424	2.88085818004218e-28	HMOX2	c14
1.16548576960012e-32	1.24535695550427	0.162	0.065	3.92698775209064e-28	SRGAP3	c14
1.1664795214416e-32	0.652331884172911	0.535	0.341	3.93033609954531e-28	CASP1	c14
1.22232534450176e-32	0.622195990782636	0.581	0.385	4.11850301576423e-28	C5orf56	c14
1.92417210318028e-32	1.50505224716016	0.142	0.053	6.48330548445564e-28	AKAP2	c14
2.30553496199133e-32	1.03343345144123	0.217	0.099	7.76826950093357e-28	KPNA2	c14
2.46453425003636e-32	0.971704278268788	0.275	0.138	8.3040017020725e-28	ADA	c14
5.15571511248901e-32	0.625362597775262	0.528	0.334	1.73716665000205e-27	RORA	c14
5.51379676275078e-32	0.550151662178844	0.675	0.473	1.85781868124125e-27	ARL4C	c14
5.91981760456671e-32	1.98586502515025	0.06	0.013	1.99462334368271e-27	SLAMF8	c14
6.66167787681255e-32	1.02310388264248	0.225	0.104	2.24458574381322e-27	SLC6A6	c14
6.68433277581669e-32	0.615446597028878	0.533	0.337	2.25221908548368e-27	RAB27A	c14
7.1281235018036e-32	0.922442906191576	0.266	0.131	2.40174993269771e-27	GFI1	c14
8.40387326413541e-32	0.971011549738331	0.238	0.112	2.83160105761778e-27	CDCA4	c14
1.06229469237736e-31	1.04004339433658	0.196	0.085	3.57929573649628e-27	CMIP	c14
1.13379832753492e-31	0.439492879871519	0.839	0.656	3.82022008479614e-27	HNRNPF	c14
1.13797652363031e-31	0.783242733812208	0.406	0.236	3.83429809871996e-27	CYTH4	c14
1.30636224877529e-31	0.658923654740686	0.427	0.247	4.40165696102345e-27	TMEM43	c14
1.49564263807141e-31	0.477513116269326	0.794	0.599	5.0394183047178e-27	ATP5B	c14
1.61421276447259e-31	1.02199633203154	0.276	0.14	5.43892848861395e-27	ENO2	c14
1.88092303986999e-31	0.554533315854975	0.655	0.456	6.33758209053795e-27	RAB1B	c14
2.45913857194639e-31	1.72816203569494	0.165	0.07	8.28582150431616e-27	TRAV8-6	c14
3.37451254156862e-31	0.730600757212133	0.443	0.269	1.13700825575613e-26	CCT5	c14
3.93749563010803e-31	0.483618610692018	0.754	0.572	1.3266997776086e-26	PSMB3	c14
4.00515265743237e-31	0.873159349159095	0.245	0.117	1.34949613639526e-26	LMO4	c14
4.72649311186646e-31	0.627504528529111	0.544	0.352	1.59254458911228e-26	COMMD7	c14
4.87779459721456e-31	0.640608872215367	0.526	0.34	1.64352411158547e-26	ACTN4	c14
5.27290351003143e-31	1.35291303891559	0.128	0.046	1.77665210866999e-26	CD244	c14
5.91053576135092e-31	0.727104844662121	0.429	0.254	1.99149591942958e-26	TMEM147	c14
6.41910618096284e-31	0.495413676465108	0.763	0.58	2.16285363661362e-26	APBB1IP	c14
7.57963230587668e-31	0.532754432599029	0.676	0.482	2.55388130914209e-26	FLT3LG	c14
9.84407581264989e-31	0.853611296168457	0.303	0.159	3.31686290431425e-26	TRPV2	c14
9.96791594756092e-31	0.355403769747146	0.896	0.73	3.35858959937118e-26	TAGLN2	c14
1.08375720754658e-30	0.457799489902544	0.834	0.665	3.65161153510744e-26	PSMB10	c14
1.2436263243909e-30	1.03461933087004	0.206	0.092	4.19027453740269e-26	IL15RA	c14
1.29533922636547e-30	1.29925082727292	0.142	0.054	4.36451598931581e-26	ABCA2	c14
1.80975661595944e-30	0.80223851511833	0.371	0.214	6.09779394181374e-26	TIMP1	c14
2.58642454615749e-30	1.01999643775689	0.219	0.102	8.71469886582304e-26	PPIF	c14
2.70044620807883e-30	0.635858487746558	0.436	0.257	9.09888345350082e-26	MYO1F	c14
3.03642150181982e-30	0.509367599675213	0.693	0.486	1.02309186082317e-25	GNG2	c14
3.75710450008068e-30	0.742627382438333	0.398	0.232	1.26591879025718e-25	ELOVL1	c14
4.0364301668489e-30	0.743013368254672	0.236	0.11	1.36003478041807e-25	SLAMF7	c14
4.872715369266e-30	2.86429189788824	0.03	0.004	1.64181271652048e-25	SCUBE1	c14
7.32416080675299e-30	0.918793667227334	0.225	0.106	2.46780274222735e-25	SLC25A20	c14
8.4276827252017e-30	0.728541170980327	0.386	0.225	2.83962341742946e-25	TUBB4B	c14
8.73893882115098e-30	0.526088197824785	0.682	0.49	2.94449804639861e-25	SRI	c14
8.88729566539886e-30	1.02352148738195	0.219	0.103	2.99448540149949e-25	LLPH	c14
1.00446803457994e-29	1.24944440499625	0.181	0.079	3.38445459571365e-25	PSMA2	c14
1.82152018266829e-29	0.757630749765367	0.36	0.204	6.13743010348254e-25	TMEM14A	c14
1.97237583364383e-29	0.680495455634156	0.629	0.445	6.64572313387951e-25	IFITM3	c14
2.11891715547372e-29	0.798080942201853	0.305	0.163	7.13947946365315e-25	TOR1A	c14
2.47721019840146e-29	1.68681736215796	0.135	0.052	8.34671204249387e-25	TMIGD2	c14
2.62126242472069e-29	0.177723700364754	1	0.991	8.83208161385389e-25	PFN1	c14
2.62741126399257e-29	1.175845426351	0.127	0.047	8.85279951289655e-25	SLC25A43	c14
2.7251120430623e-29	0.643053857484938	0.427	0.253	9.1819925178941e-25	EIF6	c14
4.58297067764542e-29	0.853129399514585	0.27	0.139	1.54418614012585e-24	SEL1L3	c14
4.85427997822633e-29	0.649116242129975	0.424	0.255	1.63560109586358e-24	ORMDL3	c14
5.41549136190195e-29	0.265290180710989	0.978	0.894	1.82469565947924e-24	IL2RG	c14
5.72801705706571e-29	0.384199284246967	0.884	0.733	1.92999806720772e-24	SRSF7	c14
6.0147193332396e-29	0.881748589251432	0.249	0.123	2.02659953214175e-24	ARHGEF7	c14
7.15974853733546e-29	0.787352466662959	0.395	0.237	2.41240567216981e-24	NARF	c14
7.44754176855633e-29	0.839145147870757	0.3	0.162	2.50937472349737e-24	TUBA1C	c14
8.2884023253868e-29	1.24093892759485	0.158	0.066	2.79269427951583e-24	SCCPDH	c14
9.72843322262615e-29	3.07518816001098	0.024	0.003	3.27789829003166e-24	LZTS1	c14
1.11708639636131e-28	0.339734765495046	0.935	0.821	3.7639109038998e-24	SUB1	c14
1.2907771182689e-28	0.74031454820847	0.417	0.257	4.34914442229524e-24	GCHFR	c14
1.98150055059632e-28	2.028474104635	0.054	0.012	6.67646795517923e-24	SMKR1	c14
2.12010905539724e-28	1.00780999847111	0.225	0.11	7.14349545125545e-24	CKAP2	c14
2.135334359526e-28	0.533273178501214	0.655	0.464	7.1947955909869e-24	PA2G4	c14
2.14015375862929e-28	0.972092473854793	0.233	0.115	7.21103407432554e-24	ACAT1	c14
2.15644664682552e-28	0.611934319427145	0.401	0.23	7.2659313318139e-24	NLRC3	c14
2.38101162535719e-28	0.586970656889835	0.559	0.371	8.02258057047851e-24	C20orf24	c14
2.5824616536784e-28	0.672389846701285	0.414	0.249	8.70134629590399e-24	ORMDL2	c14
2.85834488548783e-28	1.15188323193794	0.171	0.074	9.63090725716268e-24	EMG1	c14
2.98161904955182e-28	1.40292699249932	0.107	0.037	1.00462672255599e-23	MZB1	c14
2.98485231981343e-28	0.439822833731361	0.585	0.374	1.00571614063794e-23	LINC00152	c14
3.1281540997195e-28	0.809017261601883	0.318	0.177	1.05400024235949e-23	CHD9	c14
3.30865369873437e-28	0.449850642701741	0.798	0.615	1.11481777725156e-23	ARHGDIA	c14
5.13810816226032e-28	0.635179563002122	0.453	0.279	1.73123416419199e-23	EMC7	c14
5.38186141767917e-28	1.08452299902197	0.195	0.091	1.81336438607282e-23	MPST	c14
6.72531008495474e-28	0.830320019612352	0.303	0.164	2.26602598002465e-23	CLN3	c14
7.06990886053785e-28	2.14435120395119	0.049	0.011	2.38213509146962e-23	IGFBP6	c14
7.46227088514295e-28	1.09331146134687	0.195	0.09	2.51433755204007e-23	MB21D1	c14
8.50629063720332e-28	0.359995168896081	0.834	0.665	2.86610956729929e-23	CD247	c14
8.80996216495018e-28	0.736027246769849	0.305	0.163	2.96842865185831e-23	ZFYVE28	c14
8.84215079643467e-28	1.56464272174576	0.083	0.025	2.9792742893507e-23	LINC01260	c14
1.22568779898094e-27	0.56997769376938	0.481	0.298	4.12983246988638e-23	IFI27L2	c14
1.40225074803206e-27	0.506143465214626	0.572	0.385	4.72474367041923e-23	HMGA1	c14
1.42072731731006e-27	0.700532467409762	0.434	0.27	4.78699862294453e-23	LPIN2	c14
1.42082048964844e-27	0.960928069407427	0.281	0.152	4.78731255782147e-23	TRIM21	c14
1.47366009848295e-27	0.486590904327004	0.666	0.471	4.96535033582846e-23	DNAJA1	c14
1.65669028456646e-27	0.580273001365809	0.573	0.398	5.58205224481823e-23	TWF2	c14
1.72681185685496e-27	0.55829261929895	0.565	0.379	5.81831987048709e-23	ARHGAP30	c14
1.8946494828292e-27	0.291124977487386	0.803	0.596	6.3838319674447e-23	HLA-DPB1	c14
2.06415847973581e-27	0.631370584676388	0.528	0.351	6.95497558162183e-23	RAB11A	c14
2.11266556787551e-27	0.492246650678391	0.71	0.536	7.11841536439975e-23	IDS	c14
2.39174927409661e-27	0.482039177004475	0.751	0.574	8.05876000414113e-23	SNRPB	c14
2.58088102306881e-27	0.33284768246686	0.94	0.819	8.69602051912806e-23	TMBIM6	c14
2.66856512730884e-27	0.497232008938503	0.642	0.456	8.99146333995441e-23	PDIA6	c14
2.9125906045219e-27	0.946630731238902	0.192	0.087	9.8136827828761e-23	TPRG1	c14
3.98156669777057e-27	0.612666639343606	0.459	0.286	1.34154908314681e-22	FDX1	c14
4.40124457256356e-27	0.727986238401765	0.367	0.217	1.48295534627957e-22	MAP4	c14
4.95318007771847e-27	0.480713803142354	0.738	0.549	1.66892449538646e-22	RBX1	c14
5.72484719378162e-27	1.75731576437751	0.061	0.015	1.92893001347278e-22	CFD	c14
7.18727697068739e-27	0.403792697605328	0.825	0.666	2.42168110250341e-22	OCIAD2	c14
7.51961297450668e-27	0.684767625384276	0.428	0.264	2.53365839563028e-22	NMRK1	c14
9.11360660982572e-27	0.552750565352849	0.64	0.457	3.07073861111468e-22	C19orf66	c14
1.18321372843057e-26	1.41931611529867	0.113	0.041	3.98672033657395e-22	C15orf39	c14
1.24870156031615e-26	1.33964140487009	0.116	0.043	4.20737503732922e-22	ACOT4	c14
1.2669270778189e-26	1.34416421825526	0.1	0.034	4.26878409600299e-22	SPEF2	c14
1.3679205753094e-26	0.729338847573733	0.385	0.233	4.6090715864475e-22	YIPF5	c14
1.37962797849074e-26	0.794457744521535	0.289	0.156	4.6485185107267e-22	ACADM	c14
1.40710964653493e-26	0.472366665921677	0.694	0.503	4.74111524303479e-22	SRSF3	c14
1.4314304075264e-26	0.63527126802228	0.39	0.23	4.82306161511945e-22	PTPN4	c14
1.43451131403369e-26	0.774670394600782	0.299	0.164	4.83344242150511e-22	NDUFA11	c14
1.56189759212632e-26	0.546777238080604	0.55	0.366	5.26265774691044e-22	RNH1	c14
1.56411111250386e-26	0.51971783810619	0.584	0.39	5.2701159824705e-22	VDAC1	c14
1.87613984396393e-26	0.450166634122152	0.751	0.575	6.32146559025207e-22	EIF5A	c14
2.36804193770158e-26	0.454858174862489	0.769	0.606	7.97888050489169e-22	RAP1B	c14
2.52743697286762e-26	0.212934999018046	0.999	0.976	8.51594613638014e-22	ATP5E	c14
2.60890813500485e-26	0.796013299575139	0.324	0.184	8.79045507008534e-22	DDIT3	c14
2.73700994731692e-26	0.583007316883027	0.465	0.294	9.22208131648965e-22	DDX39A	c14
3.29618623098853e-26	0.22815267622239	0.952	0.855	1.11061698866928e-21	COTL1	c14
3.59004143265146e-26	1.96288163726612	0.051	0.012	1.20962856031758e-21	HYAL2	c14
3.88028442729564e-26	0.541079535234467	0.398	0.235	1.30742303493299e-21	MTHFD2	c14
3.98548338449292e-26	1.56680167828469	0.077	0.023	1.34286877157104e-21	N4BP3	c14
4.18220065569794e-26	0.38693901737614	0.812	0.623	1.40915068893086e-21	LRRFIP1	c14
4.45784319441179e-26	0.475796259312649	0.683	0.498	1.50202568592511e-21	TBCB	c14
6.86642792416359e-26	0.518306199523141	0.582	0.401	2.31357422476768e-21	CDK2AP2	c14
7.41188304290733e-26	0.866241673590207	0.256	0.135	2.4973598724772e-21	HELZ2	c14
8.9624529234416e-26	0.660083111151768	0.39	0.234	3.01980888802441e-21	HNRNPAB	c14
9.43304886709028e-26	0.704077370094785	0.336	0.194	3.1783714852774e-21	TXNDC9	c14
9.61615596890548e-26	1.08286184794638	0.158	0.069	3.24006759216301e-21	GALNT10	c14
9.71853555775113e-26	0.573391937392735	0.625	0.445	3.27456337082866e-21	PRDX6	c14
1.61355917669209e-25	0.702939275940478	0.387	0.235	5.43672628994631e-21	ETFB	c14
1.76109009943069e-25	1.02654981370329	0.18	0.083	5.93381698102177e-21	TMEM189	c14
2.47865199650195e-25	1.62984049137721	0.076	0.023	8.35157003701368e-21	MED20	c14
2.53979211092079e-25	2.39962093693356	0.034	0.006	8.55757553853651e-21	CES1	c14
2.94393309353781e-25	0.156419522970906	0.971	0.893	9.91928816536631e-21	HSP90AA1	c14
3.00403826810161e-25	0.791012635451297	0.335	0.199	1.01218065405416e-20	BLOC1S1	c14
3.06499496202794e-25	0.824628393370259	0.316	0.181	1.03271940250569e-20	PCID2	c14
3.37410857093133e-25	0.485437726708966	0.616	0.433	1.1368721418896e-20	GLIPR1	c14
3.37988046686334e-25	0.693637405436051	0.354	0.208	1.13881692450494e-20	UBASH3A	c14
3.41713043136411e-25	1.06591472240277	0.154	0.067	1.15136792754382e-20	SMURF2	c14
3.59008933836999e-25	0.807200023362015	0.283	0.154	1.20964470167038e-20	DDX58	c14
3.65700246204569e-25	2.01008306598615	0.066	0.018	1.23219040956168e-20	TNFRSF12A	c14
3.91175579152026e-25	0.910273277939113	0.228	0.116	1.31802699639484e-20	RP11-47L3.1	c14
3.95163131604413e-25	2.97753321055644	0.025	0.003	1.33146265562791e-20	THBS1	c14
4.01470462064652e-25	0.502478105781302	0.523	0.347	1.35271457488064e-20	FOSB	c14
4.05262405878877e-25	1.5230846721795	0.09	0.03	1.36549115036829e-20	HVCN1	c14
4.86157223102844e-25	0.661831655425654	0.44	0.284	1.63805814752272e-20	PSMA4	c14
5.22751331056582e-25	0.336339729714967	0.971	0.912	1.76135833486205e-20	MIF	c14
5.23300720668075e-25	0.964416053170196	0.217	0.11	1.76320944821901e-20	ANXA4	c14
6.71789326365662e-25	0.294075967207998	0.949	0.841	2.26352695625646e-20	UBB	c14
7.76285422165343e-25	0.769818260625703	0.329	0.192	2.61561610144391e-20	OBFC1	c14
8.13343515691123e-25	0.590885344077994	0.434	0.271	2.74047964176967e-20	C18orf32	c14
1.096368736155e-24	0.790264925060955	0.276	0.15	3.69410481960067e-20	SLC10A3	c14
1.22901052232469e-24	1.21970034702422	0.143	0.061	4.14102805392082e-20	SLC38A5	c14
1.29754973527519e-24	1.20173496499609	0.121	0.048	4.37196407803622e-20	SNTB1	c14
1.33509546626507e-24	0.712954806574892	0.302	0.169	4.49847066403353e-20	TBX21	c14
1.52193046400041e-24	0.625716220216874	0.364	0.216	5.12799250540298e-20	MT1F	c14
1.79317419822353e-24	0.468485101280502	0.805	0.662	6.04192114349437e-20	ENO1	c14
1.94503195207829e-24	1.31524255748906	0.137	0.058	6.55359065933258e-20	ACOT7	c14
2.22875042150206e-24	0.519222560391444	0.578	0.403	7.50955167020905e-20	ATP1A1	c14
2.69956296795305e-24	0.347858311684885	0.864	0.694	9.09590746422102e-20	ATP5G3	c14
3.08566587067031e-24	0.84460739785924	0.279	0.155	1.03968425846365e-19	HERC5	c14
4.07116348178093e-24	0.717819438941873	0.318	0.185	1.37173782355127e-19	CD226	c14
4.18124573561259e-24	0.341617546326593	0.793	0.617	1.4088289381573e-19	PGAM1	c14
5.67731064894439e-24	1.43488001710164	0.089	0.031	1.91291305005532e-19	TRIM47	c14
7.59465704271215e-24	0.695486146108296	0.343	0.204	2.55894374397143e-19	LGALS8	c14
7.65446677904454e-24	0.732943361352562	0.284	0.158	2.57909603653127e-19	MIAT	c14
7.98976201264407e-24	1.11295707674969	0.129	0.053	2.69207041254029e-19	SLC2A1	c14
8.62094447796081e-24	0.627028429705143	0.405	0.253	2.90474103240411e-19	COMT	c14
9.1537109926834e-24	0.679773723644231	0.305	0.172	3.08425138187475e-19	ZNF791	c14
9.44550612585844e-24	1.07375946592259	0.144	0.062	3.18256883404674e-19	RP11-488L18.8	c14
9.75977495420158e-24	0.693799030677764	0.308	0.179	3.28845857306868e-19	DTX3L	c14
1.10969553893936e-23	0.825796352686133	0.249	0.133	3.73900814890227e-19	SNX10	c14
1.14899455448511e-23	2.07232508264193	0.043	0.01	3.87142225188213e-19	ELOVL6	c14
1.35167514619418e-23	0.878423844496932	0.212	0.107	4.55433423758667e-19	SLC25A24	c14
1.60493687415702e-23	0.686357707965534	0.322	0.188	5.40767430378468e-19	PARP14	c14
1.98553189289549e-23	0.845152550963528	0.215	0.109	6.69005115992205e-19	ISY1	c14
2.33606314548764e-23	0.510098043457565	0.554	0.375	7.87113116240604e-19	XBP1	c14
2.532617232562e-23	0.629170124880882	0.391	0.243	8.5334005033944e-19	TMX1	c14
2.84296583071693e-23	0.86857717631521	0.227	0.119	9.57908907001761e-19	TARS	c14
3.09213065498197e-23	0.540302401852057	0.45	0.286	1.04186250288962e-18	FBXO7	c14
3.28381936124147e-23	0.563055259244638	0.399	0.247	1.1064500955767e-18	BDP1	c14
3.37179749057595e-23	0.382665159769812	0.828	0.692	1.13609344647466e-18	PSMB8	c14
3.81282284621262e-23	0.673239631673929	0.359	0.217	1.28469252980288e-18	PPP2CA	c14
3.90940126216955e-23	0.579606687202652	0.474	0.315	1.31723366127541e-18	HSPA9	c14
5.01113879585183e-23	0.510041549674652	0.554	0.375	1.68845310587432e-18	LSM2	c14
5.01453805943083e-23	0.546920600122249	0.482	0.32	1.68959845374462e-18	HSPB11	c14
5.90023758562189e-23	0.180317416854265	0.998	0.986	1.98802605209944e-18	CD3E	c14
7.02044175898297e-23	0.370452122460474	0.831	0.696	2.36546764627172e-18	STK17B	c14
7.74138650720375e-23	0.74535308396566	0.226	0.116	2.60838276973723e-18	EPHA1	c14
8.01513468397e-23	0.605865002157487	0.43	0.277	2.70061948041685e-18	RHEB	c14
8.12434972498823e-23	0.588214287728237	0.434	0.28	2.73741839633754e-18	SSBP4	c14
8.44797051731847e-23	0.447125296396055	0.674	0.492	2.84645918610529e-18	ATP5C1	c14
9.07404182083233e-23	0.771073305065944	0.274	0.153	3.05740765111125e-18	RAB35	c14
9.07497344511455e-23	0.542918253015471	0.438	0.281	3.0577215525969e-18	MYO1G	c14
9.3137282271314e-23	1.12782134291867	0.148	0.066	3.13816758884965e-18	ENDOD1	c14
1.00322801075546e-22	0.513721503305684	0.497	0.337	3.38027645943943e-18	PAG1	c14
1.0383813893607e-22	1.6830816385246	0.06	0.017	3.49872225331195e-18	IER5L	c14
1.053212931748e-22	2.16064524466236	0.036	0.007	3.5486956522317e-18	VWA7	c14
1.06855940883001e-22	0.801464063878182	0.246	0.134	3.60040407211183e-18	CKS2	c14
1.280075383282e-22	0.568273207732193	0.444	0.289	4.31308599643037e-18	APOL6	c14
1.37116945516736e-22	0.57153231089826	0.478	0.324	4.6200183622409e-18	PCMT1	c14
1.42241164354456e-22	0.537922318915461	0.492	0.328	4.79267379175904e-18	MFSD10	c14
1.65158761442477e-22	0.670931771380539	0.298	0.171	5.56485930804282e-18	C1GALT1	c14
1.68411130609868e-22	0.48829399152719	0.605	0.434	5.67444463476891e-18	SCP2	c14
1.69741994154965e-22	0.793855444517558	0.259	0.143	5.7192867510574e-18	GCH1	c14
1.72983868618797e-22	1.39432898067003	0.083	0.028	5.82851846924174e-18	TRIM34	c14
1.79866847166692e-22	0.703127214390681	0.258	0.141	6.06043354843453e-18	RARA	c14
1.8212444620777e-22	0.293912332280831	0.932	0.823	6.13650109052461e-18	COX6C	c14
2.0477116934129e-22	0.745112322039136	0.281	0.158	6.89955977978542e-18	RABIF	c14
2.08945768937121e-22	0.615820308934097	0.417	0.268	7.04021873856735e-18	MAPRE1	c14
2.10495426001029e-22	0.717691436506721	0.316	0.186	7.09243288367869e-18	TAPBPL	c14
2.28315492751932e-22	0.509426970712712	0.476	0.313	7.69286221278361e-18	MGAT1	c14
2.40743816897645e-22	0.804320991297735	0.228	0.12	8.11162216654926e-18	IMPDH1	c14
2.48789664701048e-22	0.813508300742003	0.205	0.103	8.38271896243711e-18	VPS37B	c14
2.55750686975566e-22	0.479620998281642	0.635	0.458	8.61726364695471e-18	SPCS2	c14
2.87181306301682e-22	0.299621245940278	0.886	0.753	9.67628693452888e-18	GUK1	c14
2.87525471009046e-22	1.42065280542739	0.092	0.034	9.68788322017881e-18	SLC27A2	c14
3.66623085070076e-22	0.700117759261593	0.246	0.132	1.23529982283511e-17	ZBTB7A	c14
3.82715893796427e-22	0.368563598187443	0.813	0.64	1.28952293255768e-17	ARPC5	c14
5.88759566049556e-22	0.473649750300592	0.559	0.386	1.98376648184737e-17	PSMA1	c14
6.08672489533588e-22	0.514754873710549	0.442	0.284	2.05086108623447e-17	CCT2	c14
6.49620104079385e-22	0.640097070693876	0.37	0.229	2.18882997868508e-17	PQLC3	c14
7.38593586298858e-22	0.496255442970418	0.579	0.422	2.48861722967537e-17	C19orf70	c14
7.87290951450383e-22	0.921154523364535	0.135	0.058	2.65269813181692e-17	MSC	c14
7.88364988452325e-22	0.823690714107213	0.249	0.138	2.65631699209126e-17	DDX60L	c14
8.01983421470456e-22	0.781470732709227	0.225	0.119	2.70220294030255e-17	MIDN	c14
8.44197826584704e-22	0.803040629348342	0.244	0.134	2.8444401568945e-17	PLEKHA2	c14
8.76975721387798e-22	1.1716704720578	0.116	0.047	2.95488199564405e-17	U2AF1L5	c14
9.16632749348272e-22	0.870199916440511	0.202	0.104	3.08850238565407e-17	TARDBP	c14
9.29861487182838e-22	0.683001870730256	0.264	0.148	3.13307529491386e-17	FAM46C	c14
1.03197400936529e-21	0.602939174438378	0.388	0.245	3.47713322715542e-17	COPB1	c14
1.25439601667524e-21	0.601146780662096	0.372	0.231	4.22656193858557e-17	PRKD2	c14
1.95468452866947e-21	0.397807279292289	0.663	0.474	6.5861140508989e-17	FMNL1	c14
2.50863073831972e-21	0.535183928802423	0.481	0.326	8.45258040969445e-17	ZMYM6NB	c14
2.65447132788532e-21	0.387243430260575	0.819	0.651	8.94397569217678e-17	DAD1	c14
2.81640173786375e-21	0.301729590461708	0.865	0.713	9.48958401555812e-17	GNG5	c14
3.41558161572995e-21	0.558224549119822	0.406	0.255	1.15084606960405e-16	TXNDC17	c14
3.76799663051305e-21	0.560404852775832	0.424	0.274	1.26958878468507e-16	SDF2L1	c14
3.92793071778306e-21	3.5272610526999	0.013	0.001	1.32347697604983e-16	SULT2B1	c14
4.20164863389389e-21	1.06651195740063	0.1	0.038	1.41570349070421e-16	LTC4S	c14
4.54530467353289e-21	0.884789146434911	0.102	0.039	1.53149495670017e-16	TRGV4	c14
4.91457496669227e-21	0.533883408913472	0.519	0.362	1.65591688927729e-16	ARHGEF3	c14
5.49541558303415e-21	0.507411236954498	0.482	0.32	1.85162532654753e-16	PDCD10	c14
5.8571182397101e-21	0.647487395322815	0.335	0.204	1.97349741968792e-16	RTCA	c14
6.05076416187852e-21	0.790175148210386	0.238	0.131	2.03874447670335e-16	PPP5C	c14
6.2339675988312e-21	1.29425319184212	0.066	0.021	2.10047304275019e-16	CCL20	c14
6.31005180967183e-21	0.68335647150312	0.28	0.16	2.12610885675083e-16	ERVK3-1	c14
7.32726595121121e-21	1.25806990555096	0.105	0.042	2.46884898960111e-16	ETS2	c14
7.33028175711943e-21	0.465093114438249	0.637	0.471	2.46986513524382e-16	SNX6	c14
8.19204393741621e-21	0.466142397344489	0.525	0.357	2.76022728427302e-16	PPA1	c14
9.78539791050934e-21	0.652588160235329	0.298	0.174	3.29709197196702e-16	VPS26A	c14
1.01589103214873e-20	0.552317984646972	0.441	0.289	3.42294324372193e-16	PDLIM2	c14
1.02536201560108e-20	0.684918294354716	0.34	0.212	3.45485477536629e-16	UQCC2	c14
1.06926027476081e-20	0.385618396863615	0.753	0.587	3.60276556977908e-16	DBI	c14
1.10641022754848e-20	0.522278842515017	0.394	0.248	3.72793862070186e-16	VIMP	c14
1.27488607329789e-20	0.471408661217259	0.585	0.418	4.29560113536989e-16	NAPA	c14
1.2842988136176e-20	0.778880043511793	0.216	0.115	4.32731642260313e-16	SH2D3C	c14
1.30180634153381e-20	1.14411098445238	0.119	0.051	4.386306287164e-16	GTF2H2C	c14
1.30984227883818e-20	0.572218174988832	0.411	0.267	4.41338257431737e-16	DAXX	c14
1.32346778112776e-20	0.325536422867335	0.522	0.353	4.45929234173186e-16	CLDND1	c14
1.507425473331e-20	0.687101629528647	0.317	0.192	5.07911938984148e-16	PSMD9	c14
1.5362161758787e-20	0.748427467333614	0.223	0.119	5.17612678300569e-16	TP53RK	c14
1.62907947991286e-20	0.600050089335791	0.4	0.259	5.48902039961838e-16	NT5C3A	c14
1.63864034232965e-20	0.632834937661122	0.391	0.253	5.52123476944553e-16	NUB1	c14
1.7695179131139e-20	0.67270650096358	0.317	0.192	5.96221365644599e-16	STIP1	c14
1.79624737924024e-20	0.709106434597583	0.285	0.166	6.05227591961205e-16	UBXN11	c14
3.07352628575337e-20	0.349242374502214	0.819	0.673	1.03559394672174e-15	ABRACL	c14
3.1629154609452e-20	0.305070668660901	0.934	0.834	1.06571273541088e-15	GSTK1	c14
3.55187321274704e-20	0.517428548050065	0.482	0.328	1.19676816030299e-15	CMC2	c14
3.87901829712737e-20	0.829526484917366	0.22	0.12	1.3069964250341e-15	BISPR	c14
4.42404732544755e-20	0.669805385312263	0.252	0.141	1.4906385058363e-15	JAKMIP1	c14
4.70980640120171e-20	0.419252092757244	0.57	0.399	1.5869221688209e-15	RPN1	c14
5.15160453624534e-20	0.449093478931017	0.625	0.465	1.73578163244251e-15	BIN1	c14
6.03534053638614e-20	0.469386466822002	0.545	0.385	2.03354764032994e-15	LAMTOR5	c14
6.83595661110734e-20	0.730452669502659	0.253	0.144	2.30330722054651e-15	STARD3NL	c14
7.25402400890523e-20	0.90835756077199	0.174	0.088	2.44417084956053e-15	NOL12	c14
7.38724354262186e-20	0.299255285122101	0.883	0.749	2.48905783925101e-15	ZFP36L1	c14
7.50727506252573e-20	0.703021698924462	0.257	0.146	2.52950125956742e-15	MED11	c14
9.44454922749303e-20	0.454660410574451	0.588	0.426	3.1822464167115e-15	TMCO1	c14
1.00240947442875e-19	0.514817965487879	0.456	0.306	3.37751848314023e-15	LYSMD2	c14
1.05260175436143e-19	2.69785783968226	0.026	0.004	3.54663635114539e-15	DRAXIN	c14
1.10638942743474e-19	3.21139033526169	0.016	0.002	3.72786853679862e-15	LRP12	c14
1.13863059108797e-19	0.831203673826136	0.185	0.095	3.83650191361182e-15	APOL2	c14
1.26228616325181e-19	0.181461285919765	0.998	0.977	4.25314699846066e-15	ARHGDIB	c14
1.28620632711341e-19	1.86202031167222	0.04	0.01	4.33374359857593e-15	HIST2H2AA3	c14
1.35912639183313e-19	1.32472829329447	0.079	0.028	4.57944046464255e-15	DBN1	c14
1.60457539243466e-19	0.402545975244873	0.726	0.551	5.40645632726934e-15	COPE	c14
1.63523055119574e-19	0.820134933533827	0.222	0.123	5.50974581919892e-15	TRAPPC5	c14
1.71493397596834e-19	0.859255393501581	0.134	0.061	5.77829853862772e-15	TNIP3	c14
1.75327753575736e-19	2.53821948163269	0.026	0.004	5.90749332898084e-15	CTD-2377D24.6	c14
1.83646801437003e-19	1.28060340823443	0.088	0.034	6.1877953276184e-15	RP11-449H3.3	c14
1.85795318087225e-19	1.55190581862553	0.082	0.031	6.26018744763096e-15	UCK2	c14
1.99936595193698e-19	0.504067855732022	0.532	0.38	6.73666363845646e-15	GPI	c14
2.0308003418932e-19	0.423675019627201	0.591	0.426	6.84257867197495e-15	PPP1R12A	c14
2.3054825024558e-19	0.761802604744998	0.217	0.119	7.76809274377457e-15	PYCR2	c14
2.34048942623629e-19	1.15798983379029	0.107	0.045	7.88604507276056e-15	NME1	c14
2.9808191879417e-19	0.494562180664523	0.482	0.329	1.00435721718508e-14	NRBP1	c14
3.10410988802503e-19	0.381887415281653	0.711	0.54	1.04589878567115e-14	CD82	c14
3.15669018449305e-19	0.471604465029239	0.505	0.345	1.06361519076309e-14	RAB14	c14
3.22181047830321e-19	1.56006221979698	0.058	0.018	1.08555682255948e-14	PLEKHN1	c14
3.26843666588454e-19	0.634357956878736	0.293	0.176	1.10126705020314e-14	MYO9B	c14
3.39441090989292e-19	0.642800968407909	0.316	0.195	1.14371281197932e-14	SUPT3H	c14
3.57027661249611e-19	0.653508389579816	0.308	0.189	1.20296900181444e-14	TBC1D5	c14
3.60018244795091e-19	0.542576446185367	0.476	0.331	1.21304547401258e-14	CYB5R3	c14
3.70066898602721e-19	1.27720368884158	0.086	0.033	1.24690340815201e-14	ABHD15	c14
4.59349161221348e-19	0.730610379519582	0.218	0.119	1.54773106381921e-14	NFYB	c14
4.91183111584438e-19	0.600319811616991	0.359	0.225	1.65499237617261e-14	ZNFX1	c14
5.06648017332278e-19	0.376796697229716	0.621	0.443	1.70709982959938e-14	SCAMP2	c14
5.23138355621945e-19	0.779296555582175	0.222	0.123	1.76266237543258e-14	N4BP1	c14
5.24594214567703e-19	0.505202205948005	0.502	0.352	1.76756774656442e-14	TOP1	c14
5.35213231252224e-19	0.722183666295741	0.233	0.131	1.80334746138124e-14	GPN1	c14
5.81907174645995e-19	1.37953483955103	0.069	0.023	1.96067803425221e-14	NETO2	c14
5.82405920261807e-19	0.401517540220789	0.693	0.529	1.96235850773013e-14	COX7A2L	c14
5.83201728286131e-19	1.47692958673048	0.063	0.02	1.96503990328729e-14	MXRA7	c14
6.05292402787603e-19	2.77927919715214	0.017	0.002	2.03947222195255e-14	GFPT2	c14
6.16910003792824e-19	2.45713799624852	0.034	0.007	2.07861656677954e-14	CAMSAP2	c14
6.34295142292589e-19	0.484553452116262	0.366	0.229	2.13719405244065e-14	RPP21	c14
6.68727322100753e-19	0.740209000400017	0.205	0.109	2.25320983908628e-14	MED6	c14
6.92056240160963e-19	0.289150968824871	0.876	0.748	2.33181429559835e-14	HCLS1	c14
7.10981000428311e-19	0.372712360100297	0.725	0.554	2.39557938284315e-14	BSG	c14
7.45845754719323e-19	1.38172869084652	0.077	0.028	2.51305268595129e-14	QPCT	c14
7.62662612110462e-19	0.416720906448945	0.552	0.387	2.56971540524499e-14	DNAJB6	c14
8.02270404477951e-19	0.990044577899855	0.108	0.045	2.70316990084801e-14	RP11-23P13.6	c14
8.36432276547116e-19	0.484782243580926	0.446	0.301	2.81827491259785e-14	TMOD3	c14
9.2101969353331e-19	0.774064830521783	0.206	0.111	3.10328375539113e-14	POLG	c14
9.43570442130195e-19	0.225261682581143	0.82	0.639	3.17926624771348e-14	CORO1B	c14
9.61050422936898e-19	0.161799548632628	0.419	0.262	3.23816329504358e-14	PDCD1	c14
1.02407295192822e-18	1.54218663746495	0.058	0.018	3.45051140422695e-14	OSM	c14
1.07428388901618e-18	0.996313558697212	0.123	0.055	3.61969213565112e-14	SLC27A3	c14
1.16972257287893e-18	0.442928097833925	0.659	0.509	3.94126323705827e-14	RNF167	c14
1.22432842464346e-18	0.655695746970833	0.301	0.184	4.12525219399368e-14	PBDC1	c14
1.28668796674285e-18	0.69821938564451	0.251	0.144	4.33536643514335e-14	VAV1	c14
1.48345894891735e-18	0.328476139339058	0.737	0.548	4.99836658248212e-14	FKBP1A	c14
1.59155940238238e-18	0.322813127809771	0.76	0.596	5.36260025038718e-14	EZR	c14
1.72420616536569e-18	0.64260215984582	0.295	0.18	5.80954025358316e-14	MTCH2	c14
1.9036621068764e-18	3.36093542942115	0.022	0.003	6.41419910290934e-14	PAGE5	c14
2.02473139362555e-18	0.575668978889116	0.406	0.271	6.82212995768193e-14	RANBP2	c14
2.35755144047896e-18	0.562005230876299	0.45	0.314	7.94353382354982e-14	SP140	c14
2.36422100833172e-18	0.609794783081015	0.297	0.179	7.96600626547289e-14	RAB24	c14
2.3943286285445e-18	0.54663802378378	0.365	0.234	8.06745088101783e-14	BIRC2	c14
2.48742082528299e-18	0.500751486920757	0.412	0.271	8.38111572870851e-14	ITGB1BP1	c14
2.53366581900834e-18	0.690411849107448	0.233	0.132	8.53693361056672e-14	EGLN2	c14
3.27430116368478e-18	0.680582384229265	0.229	0.128	1.10324303409195e-13	FUOM	c14
3.34167056982243e-18	0.503327594193985	0.393	0.255	1.12594248179597e-13	AATF	c14
3.422958690199e-18	0.464318364052237	0.518	0.366	1.15333170107565e-13	CCDC12	c14
3.4884124356702e-18	0.564070888584585	0.374	0.242	1.17538568607472e-13	TMBIM1	c14
4.14056394354655e-18	0.53163265419194	0.349	0.22	1.39512161513858e-13	PIK3CD	c14
4.2736622155944e-18	0.533685731948575	0.329	0.203	1.43996774692238e-13	SERTAD1	c14
4.61951110107015e-18	1.12238037029719	0.09	0.036	1.55649807039458e-13	DLG3	c14
4.68236110856768e-18	0.503606537801274	0.442	0.298	1.57767475192079e-13	PYCARD	c14
4.68976791439691e-18	0.42213672101421	0.618	0.461	1.58017040107689e-13	NDUFA6	c14
4.8385696869548e-18	0.307837824829667	0.865	0.717	1.63030767032255e-13	USMG5	c14
4.89034277833668e-18	0.360271726502629	0.64	0.469	1.64775209573276e-13	PTPN7	c14
5.19483078949221e-18	0.621839390976161	0.298	0.184	1.75034628621151e-13	PSD4	c14
5.56538605218822e-18	0.52601167018411	0.381	0.248	1.8752011764243e-13	SDF2	c14
5.61144514396018e-18	0.647362226929167	0.329	0.212	1.89072032680594e-13	RASSF7	c14
5.63014387336605e-18	0.37284152464592	0.755	0.586	1.89702067669196e-13	COX7B	c14
6.06251144338381e-18	1.00396210967071	0.107	0.046	2.04270260573374e-13	TPM1	c14
6.06883670982483e-18	0.749260413217726	0.192	0.103	2.04483384100838e-13	ELL	c14
6.23279545341557e-18	2.4080468398216	0.026	0.005	2.10007810007384e-13	PLPP2	c14
6.39800284840766e-18	1.02665702094888	0.128	0.06	2.15574307974248e-13	LPAR5	c14
6.59110780300167e-18	0.634973458733309	0.272	0.162	2.22080786314338e-13	DLST	c14
7.72158214986647e-18	0.770163919073351	0.208	0.115	2.60170988957601e-13	CRYZ	c14
7.76225313653308e-18	0.719455120715799	0.195	0.104	2.61541357182345e-13	TMEM71	c14
8.2389087274937e-18	0.536580565912742	0.346	0.22	2.77601790664173e-13	CSRP1	c14
9.69921455958667e-18	2.24727868648936	0.106	0.048	3.26805335370713e-13	TRAV14DV4	c14
9.88691438504636e-18	0.892636241002492	0.154	0.077	3.33129693289752e-13	BLVRB	c14
1.0001948352049e-17	0.638973890322957	0.251	0.146	3.37005647773938e-13	ANKRD13D	c14
1.18812662555735e-17	0.782487860960047	0.211	0.118	4.00327385215293e-13	ARNTL	c14
1.32510969664235e-17	0.334523736180734	0.689	0.528	4.46482461186675e-13	PRMT2	c14
1.3692754839887e-17	0.713388295331514	0.253	0.15	4.61363681575151e-13	PARP12	c14
1.50694127592966e-17	1.02286384517427	0.125	0.058	5.0774879351174e-13	ARID3B	c14
1.51580878197448e-17	0.454278669710963	0.439	0.295	5.1073661099848e-13	VDAC3	c14
1.59623107068516e-17	0.46848978038233	0.488	0.335	5.37834096956656e-13	PSMA3	c14
1.74434517855233e-17	0.668464590304015	0.246	0.142	5.87739664461424e-13	LIPA	c14
1.92051723701354e-17	0.768698102636504	0.203	0.113	6.47099077839343e-13	ZNF593	c14
2.10226818896636e-17	1.75568616721709	0.06	0.02	7.08338243590324e-13	GOLIM4	c14
2.18166973602697e-17	2.67147358347464	0.024	0.004	7.35091800856926e-13	ZC3HAV1L	c14
2.19316603250372e-17	0.452963000174969	0.478	0.332	7.38965362991802e-13	PRKACB	c14
2.31431300659809e-17	0.833304451761893	0.184	0.099	7.79784624443162e-13	HERC6	c14
2.40219545483815e-17	0.928175826917577	0.145	0.072	8.09395736553165e-13	FAM104B	c14
2.4478379463998e-17	1.17958817854607	0.106	0.046	8.24774517659949e-13	TRGV9	c14
2.58097953795776e-17	0.633460388604559	0.317	0.201	8.69635245519487e-13	TSEN15	c14
2.59403833317357e-17	0.474669703526683	0.65	0.506	8.74035275979503e-13	TRIM22	c14
2.83711263479179e-17	0.527711609166952	0.344	0.22	9.55936731166745e-13	ST8SIA4	c14
3.01127193326621e-17	0.443571517847326	0.489	0.339	1.01461796519472e-12	PDCD5	c14
3.03112148860031e-17	0.201066479266161	0.982	0.91	1.02130607436899e-12	RHOA	c14
3.26151987731414e-17	0.407208183769622	0.605	0.453	1.09893650746223e-12	ENSA	c14
3.26191598673502e-17	0.825775708984883	0.192	0.106	1.0990699725705e-12	CNP	c14
3.33589123349444e-17	0.339883615783621	0.683	0.522	1.12399519221362e-12	RGCC	c14
3.35977318167381e-17	0.4049556316354	0.479	0.325	1.13204197583317e-12	SNRPN	c14
4.09175976805785e-17	0.428369020112862	0.539	0.384	1.37867753624941e-12	HERPUD2	c14
4.57758422915983e-17	0.654296159017246	0.251	0.148	1.54237123017311e-12	RAB22A	c14
4.58414826392006e-17	0.730431678958241	0.259	0.157	1.54458291604523e-12	BAK1	c14
4.71230616341265e-17	0.888850901849541	0.159	0.082	1.58776443870026e-12	CTNNBIP1	c14
4.79601906663133e-17	0.670127007170159	0.289	0.18	1.61597066431076e-12	CBFB	c14
5.07887950510708e-17	0.337227417370405	0.773	0.629	1.71127766045078e-12	ATP5J	c14
5.18594828440266e-17	0.692000800591608	0.225	0.13	1.74735341494663e-12	SPATS2L	c14
5.38702128189403e-17	0.380773777241246	0.645	0.483	1.81510295072138e-12	ACTR2	c14
5.44607718370273e-17	0.436457282907653	0.331	0.207	1.8350012462768e-12	NCF4	c14
6.06185534062101e-17	0.505981937657851	0.349	0.224	2.04248153846884e-12	SPPL2A	c14
6.55356470274032e-17	0.299338645620459	0.908	0.795	2.20815809094132e-12	CD48	c14
6.6821183035768e-17	0.963613128764471	0.121	0.056	2.25147294120717e-12	GPR68	c14
7.30637232006146e-17	0.503356456891772	0.444	0.306	2.46180908952151e-12	SARS	c14
8.73048807919582e-17	1.22420719482651	0.086	0.035	2.94165065340424e-12	DUSP14	c14
8.99143666455474e-17	0.712070300475151	0.242	0.143	3.02957466975507e-12	KMT2E-AS1	c14
9.81351554741465e-17	0.441191999915878	0.489	0.348	3.30656592854589e-12	PSMB2	c14
1.05569034697965e-16	0.510375748844741	0.381	0.254	3.55704305511323e-12	CDC123	c14
1.06832565329016e-16	0.54068394555982	0.339	0.218	3.59961645619588e-12	ATG3	c14
1.08357913822772e-16	0.990901624085477	0.082	0.032	3.65101154834449e-12	CHN2	c14
1.08395799230991e-16	0.756760728900342	0.172	0.091	3.652288059289e-12	OTULIN	c14
1.08727854924271e-16	0.414795614371028	0.492	0.341	3.66347634381838e-12	TMEM109	c14
1.08905017986041e-16	0.448226132357953	0.473	0.329	3.66944567602166e-12	BUD31	c14
1.18833996938821e-16	1.04487667735701	0.104	0.046	4.00399269285664e-12	JAKMIP2	c14
1.27706482668161e-16	0.47654629871014	0.443	0.304	4.30294222702101e-12	SF3B4	c14
1.32702494938996e-16	0.577939571938018	0.289	0.178	4.47127786447453e-12	ACSL5	c14
1.34588720933412e-16	0.458786768312034	0.405	0.268	4.53483236313039e-12	EIF4E	c14
1.38042221036269e-16	0.316159229787666	0.835	0.709	4.65119459559605e-12	TAPBP	c14
1.38100694557801e-16	2.30054851850886	0.031	0.007	4.65316480243054e-12	AC011893.3	c14
1.44322348688471e-16	0.39877756591172	0.56	0.406	4.86279721670934e-12	ZNHIT1	c14
1.49101633502096e-16	0.372330060062798	0.637	0.461	5.02383043921961e-12	PSMB6	c14
1.50482793397765e-16	0.988772064631446	0.11	0.05	5.07036724074430e-12	WIPI1	c14
1.55381435943648e-16	0.56723160087576	0.254	0.15	5.23542210268526e-12	ZNF276	c14
1.60012570438579e-16	0.422847496073753	0.569	0.414	5.39146354835749e-12	MGST3	c14
1.60244594087336e-16	0.477328954662277	0.481	0.34	5.39928135317869e-12	NAA38	c14
1.7085999021517e-16	0.600745440088875	0.29	0.18	5.75695651030993e-12	PML	c14
1.85977408307235e-16	1.00553748303754	0.106	0.047	6.26632279550399e-12	TATDN2	c14
2.01489121071589e-16	1.00032958572504	0.115	0.053	6.78897444538611e-12	EIF5A2	c14
2.10953947534048e-16	0.488934511767914	0.395	0.264	7.10788230821222e-12	ERICH1	c14
2.20266199223591e-16	0.74947876543021	0.193	0.107	7.42164931663968e-12	SDHAF2	c14
2.27920741354449e-16	0.300313334859417	0.793	0.648	7.67956145919679e-12	TMEM59	c14
2.28807112546706e-16	0.988369849028762	0.099	0.043	7.7094268501487e-12	HIP1	c14
2.45273488531803e-16	0.499249686814566	0.368	0.242	8.26424492259056e-12	ESYT1	c14
2.46640969244496e-16	0.739321685501692	0.198	0.111	8.31032081772405e-12	ANKHD1	c14
2.47829652279691e-16	1.60177296366766	0.051	0.016	8.3503723039119e-12	TGFBR3L	c14
2.56839623222984e-16	1.18650233706147	0.087	0.036	8.65395426487521e-12	NHEJ1	c14
2.70795970715647e-16	0.916454583086021	0.128	0.062	9.12419943729303e-12	C11orf21	c14
2.76676668342842e-16	0.210991541909984	0.96	0.902	9.32234366314372e-12	DDX5	c14
2.82861312568214e-16	0.733746218291883	0.213	0.122	9.5307290656734e-12	GMEB1	c14
2.84697477575158e-16	0.614390183684485	0.254	0.152	9.59259680941737e-12	TLE3	c14
2.86215629472941e-16	0.629234793461233	0.206	0.115	9.64374941946129e-12	SPNS3	c14
2.86936628188382e-16	0.741528410348391	0.178	0.096	9.66804275017934e-12	ABR	c14
2.94187985184207e-16	1.03885898276358	0.104	0.046	9.91236997279667e-12	TUBB2A	c14
3.03713942787511e-16	0.207297972222604	0.344	0.215	1.02333375882824e-11	MIR4435-2HG	c14
3.11428109752371e-16	0.490942362393557	0.374	0.248	1.04932587299964e-11	COA3	c14
3.1290632617243e-16	0.292813884701454	0.824	0.689	1.05430657540539e-11	RNF213	c14
3.56819719456024e-16	1.28267730573933	0.083	0.034	1.20226836273513e-11	CCRL2	c14
3.58962802777651e-16	0.32808945747128	0.721	0.565	1.20948926767902e-11	BUB3	c14
3.71927112392765e-16	0.432315626720587	0.471	0.329	1.25317121249618e-11	FKBP2	c14
3.75444882588954e-16	0.417817010532366	0.522	0.379	1.26502398739522e-11	RER1	c14
3.98272232586674e-16	0.431025914718601	0.534	0.388	1.34193846047754e-11	SSR3	c14
4.80754826915926e-16	0.588711634627912	0.261	0.157	1.61985531381052e-11	ECI2	c14
4.91501787640868e-16	0.396536159703185	0.579	0.423	1.65606612327714e-11	RPN2	c14
5.00144391024644e-16	0.383512776150741	0.556	0.404	1.68518651111843e-11	C17orf62	c14
5.04926279121438e-16	2.24067184490908	0.026	0.005	1.70129860487177e-11	TBC1D16	c14
5.20752611235664e-16	0.485656740315585	0.36	0.236	1.75462384829745e-11	SRRT	c14
5.69332267544728e-16	0.541099147750555	0.287	0.178	1.91830814226521e-11	ZDHHC24	c14
5.98597620525976e-16	0.761881641412835	0.175	0.094	2.01691482260022e-11	MICB	c14
6.21025986313926e-16	0.668898452291004	0.269	0.168	2.09248495828614e-11	NUDT4	c14
6.4174244993152e-16	2.39288388555613	0.053	0.018	2.16228701079926e-11	TRAV30	c14
6.50220483264461e-16	0.569283932249536	0.332	0.216	2.19085289631127e-11	LSM1	c14
6.85426484197806e-16	0.340877997234249	0.717	0.566	2.30947599585609e-11	SNX3	c14
6.9956118132265e-16	0.709656021188102	0.198	0.112	2.35710144434854e-11	ARL4A	c14
7.25461041378094e-16	2.09895778057323	0.03	0.007	2.44436843281935e-11	FGD2	c14
7.26760287172882e-16	0.400319301420108	0.449	0.312	2.44874611160031e-11	TES	c14
7.64010163297341e-16	1.04318527972923	0.102	0.045	2.57425584421406e-11	SLC25A4	c14
7.71882157985663e-16	0.428470061672175	0.505	0.365	2.60077974311689e-11	MOB1A	c14
7.83520401351662e-16	0.50565058798463	0.306	0.193	2.63999364031429e-11	C16orf54	c14
8.27183278172918e-16	0.647513637232503	0.293	0.186	2.78711133747583e-11	TVP23B	c14
8.7363318846169e-16	0.296232397575746	0.752	0.609	2.94361966520282e-11	ANXA6	c14
8.739868430527e-16	0.735646042343634	0.187	0.104	2.94481126898177e-11	HEXA	c14
9.76183253391097e-16	0.44450403799388	0.415	0.284	3.28915185397596e-11	EVI2A	c14
9.87176179154243e-16	0.484742200268863	0.407	0.28	3.32619141804231e-11	CTDSP1	c14
1.0067877146933e-15	0.506988636305959	0.375	0.254	3.3922705258876e-11	DERL1	c14
1.04392724601533e-15	0.270216371026837	0.815	0.657	3.51740846272406e-11	SHFM1	c14
1.08299619763103e-15	0.571483862060852	0.312	0.202	3.649047388298e-11	EIF2S1	c14
1.12896770639787e-15	0.577152217296805	0.337	0.226	3.80394378993697e-11	PARP10	c14
1.13056964530617e-15	0.433718352445915	0.376	0.248	3.80934136289462e-11	FAM173A	c14
1.13072176149788e-15	0.31545748006047	0.753	0.609	3.80985390319097e-11	TSPO	c14
1.30893523401151e-15	0.722717630707369	0.213	0.124	4.41032637747838e-11	ATG101	c14
1.34094283943706e-15	0.553657301628231	0.317	0.205	4.51817280319924e-11	YARS	c14
1.36017675955998e-15	2.95645722885393	0.014	0.002	4.58297957366138e-11	CERCAM	c14
1.37757662161805e-15	0.153218070106317	0.129	0.062	4.64160666887984e-11	TRBV9	c14
1.46970763151799e-15	0.370876427576902	0.565	0.403	4.95203289363673e-11	SSNA1	c14
1.5747776479925e-15	0.419277535106724	0.546	0.399	5.30605580714594e-11	MAGOH	c14
1.76663780849898e-15	0.437045759460983	0.393	0.267	5.95250943195647e-11	RALGAPA1	c14
1.87569963029168e-15	0.356336954038509	0.641	0.494	6.31998233430479e-11	LAMP1	c14
1.90727476131825e-15	0.650086871011266	0.181	0.099	6.42637158078573e-11	HEXDC	c14
1.96225971635499e-15	0.68082333376271	0.208	0.12	6.61163788828651e-11	PPP1R21	c14
1.96681887649284e-15	0.426573453410987	0.478	0.339	6.62699952245497e-11	KRAS	c14
2.09596566693857e-15	0.393401872442824	0.57	0.417	7.0621467181828e-11	MDH1	c14
2.1276159651811e-15	0.677468608875124	0.169	0.091	7.16878923308118e-11	MCOLN2	c14
2.19247117214315e-15	0.72909163593595	0.249	0.156	7.38731236741915e-11	RBKS	c14
2.19794868835988e-15	0.782560685634827	0.178	0.098	7.40576831055979e-11	C2orf74	c14
2.29945319217915e-15	0.49358572624303	0.344	0.226	7.74777758572842e-11	TSTA3	c14
2.45864175746138e-15	0.7954681334472	0.143	0.073	8.28414753759037e-11	POC1B	c14
2.4725163202755e-15	0.329361832256917	0.729	0.582	8.33089648953627e-11	WDR1	c14
2.56272387455502e-15	1.02134014279049	0.108	0.05	8.63484182292568e-11	TMEM102	c14
2.56438323240333e-15	0.719917012777422	0.209	0.121	8.64043286325978e-11	DCTPP1	c14
2.56860301109226e-15	0.580693379602148	0.319	0.208	8.65465098557425e-11	RPS6KA1	c14
2.57975328056233e-15	0.507642825350754	0.344	0.225	8.69222070352673e-11	RAB18	c14
2.6444012745425e-15	0.247255671180405	0.86	0.74	8.91004565444352e-11	CNN2	c14
2.65440539816293e-15	1.44611004309922	0.055	0.019	8.94375354857019e-11	CHSY1	c14
2.65759694311424e-15	0.737903104963024	0.194	0.111	8.95450714012911e-11	BLMH	c14
2.68042345683983e-15	0.361523397515788	0.519	0.371	9.03141879547611e-11	TLN1	c14
2.68722119652608e-15	1.1023726662923	0.085	0.036	9.05432309957498e-11	RLN2	c14
2.69486906969676e-15	0.480509164524611	0.441	0.312	9.08009184343626e-11	SH3GLB1	c14
2.75403339622973e-15	0.560284628153125	0.319	0.209	9.27944012525645e-11	CNIH4	c14
2.87995019359569e-15	0.359785050691174	0.758	0.621	9.70370418230130e-11	POLR2L	c14
2.93379955189746e-15	0.67756481431045	0.179	0.098	9.8851442101633e-11	OAT	c14
3.06270173123757e-15	0.345220624536476	0.67	0.515	1.03194672132319e-10	MYEOV2	c14
3.07084908650878e-15	0.621987177942008	0.239	0.144	1.03469189120827e-10	NRBF2	c14
3.30321536469719e-15	0.330893045863466	0.612	0.454	1.11298538498107e-10	PSTPIP1	c14
3.32322695882039e-15	0.56061723119587	0.305	0.197	1.11972809150494e-10	NDUFA8	c14
3.40865205459369e-15	0.527712034925991	0.292	0.185	1.1485112232748e-10	TXNDC15	c14
3.44467515870679e-15	0.850759856102317	0.142	0.073	1.16064884797467e-10	NDUFB8	c14
3.49901686957637e-15	0.386967735547669	0.531	0.39	1.17895874403506e-10	KIF5B	c14
3.82959725341631e-15	0.40325250327293	0.422	0.288	1.29034449856609e-10	MGAT4A	c14
3.94340484807368e-15	0.395772698572496	0.492	0.347	1.32869082950995e-10	MMADHC	c14
3.96385549675371e-15	0.999973444351257	0.106	0.049	1.3355814710762e-10	SMAD7	c14
4.16848025094513e-15	0.394362882170493	0.516	0.371	1.40452773575345e-10	MIEN1	c14
4.23894312463337e-15	0.734221460031683	0.215	0.128	1.42826949641397e-10	FMNL3	c14
4.29098485512783e-15	0.458406513616529	0.274	0.169	1.44580443708677e-10	AP1G2	c14
4.3820747926214e-15	0.488782066899412	0.413	0.289	1.47649628062585e-10	NUDT5	c14
4.96799101446788e-15	0.526298670088698	0.368	0.253	1.67391489241481e-10	XRN1	c14
5.03515688526512e-15	0.291070703850403	0.665	0.487	1.69654576092123e-10	SEC11A	c14
5.14130261078071e-15	0.622190226159951	0.247	0.151	1.73231050167645e-10	PDHA1	c14
5.52705245274174e-15	3.3213502719645	0.013	0.002	1.8622850534268e-10	SOBP	c14
5.6988236252333e-15	0.415491604878808	0.462	0.324	1.92016163228611e-10	NT5C	c14
5.72325006050883e-15	1.70285151947768	0.038	0.011	1.92839187538785e-10	IFI30	c14
6.10669954155983e-15	2.09130879605251	0.027	0.006	2.05759134353317e-10	FAM131B	c14
6.45542392580942e-15	0.361169106946704	0.51	0.364	2.17509053756222e-10	TMX4	c14
6.55845840854323e-15	0.847506482700802	0.138	0.071	2.20980697617456e-10	VPS33A	c14
6.77585040048315e-15	0.622658042923376	0.239	0.146	2.28305503393879e-10	ADARB2	c14
8.06404720291969e-15	0.174214002607792	0.963	0.888	2.71710006455176e-10	YWHAB	c14
8.4816259168448e-15	0.364414024836875	0.484	0.339	2.85779903642169e-10	TGFB1	c14
8.94154757819254e-15	1.02133001830154	0.099	0.045	3.01276504099619e-10	SEC22A	c14
9.09767723984066e-15	1.33999840655649	0.064	0.024	3.06537136919191e-10	SYNGR3	c14
9.24836438607554e-15	0.544460831014287	0.314	0.207	3.11614389624429e-10	HK1	c14
1.01653644026195e-14	0.594369320246804	0.266	0.166	3.42511788181863e-10	ABHD13	c14
1.03088248863181e-14	0.523181143007778	0.284	0.18	3.47345545719601e-10	SKA2	c14
1.04976770587645e-14	0.476869166852805	0.363	0.245	3.53708730818012e-10	DNM2	c14
1.05275844483321e-14	0.57446986413617	0.279	0.177	3.54716430402102e-10	PRKAG1	c14
1.12508459269069e-14	1.24259454609169	0.064	0.024	3.79086002661202e-10	RP11-553K8.5	c14
1.16677152328703e-14	0.46690218502423	0.347	0.232	3.93131997056331e-10	COPB2	c14
1.18781511877221e-14	1.17718903227363	0.066	0.025	4.00222426119109e-10	FAM179A	c14
1.37023148528892e-14	0.499635512253084	0.319	0.208	4.61685796653248e-10	EFHD2	c14
1.43695307099533e-14	0.319279425341408	0.715	0.565	4.84166967741168e-10	DYNLRB1	c14
1.47178322065478e-14	0.543640741383643	0.3	0.195	4.95902638367423e-10	MRPS24	c14
1.4981823226344e-14	0.456467267863292	0.333	0.219	5.04797551788435e-10	MAPK1	c14
1.51893876657607e-14	0.446282242446839	0.382	0.26	5.1179122801014e-10	GIT2	c14
1.5452425357553e-14	0.557498040323823	0.31	0.205	5.2065401999739e-10	JOSD2	c14
1.59913988041037e-14	0.47117347753876	0.34	0.223	5.38814191305471e-10	DNPEP	c14
1.82767053681697e-14	2.23875623004339	0.018	0.003	6.1581531067511e-10	TRAV8-5	c14
1.83113586300119e-14	3.26654292840643	0.01	0.001	6.1698291767962e-10	RP11-1038A11.3	c14
1.91288467609658e-14	0.614903279425919	0.276	0.177	6.4452736276398e-10	TRAFD1	c14
2.01402555676393e-14	0.196773156577714	0.43	0.284	6.7860577109604e-10	SAMD3	c14
2.02207498500055e-14	0.597881868872383	0.29	0.186	6.81317945446085e-10	NXT1	c14
2.13890236637243e-14	0.457343537130774	0.368	0.252	7.20681763325526e-10	RNF5	c14
2.23430004947906e-14	2.02731840702358	0.026	0.006	7.52825058671475e-10	LRRC63	c14
2.25981572841943e-14	2.90950526174471	0.013	0.002	7.61422311533643e-10	CLEC12A	c14
2.31140939696931e-14	0.527739060897705	0.348	0.236	7.78806282214838e-10	SNF8	c14
2.35210550637347e-14	0.535853051097336	0.322	0.214	7.92518429317477e-10	FKBP3	c14
2.37257393783274e-14	0.609307744308927	0.21	0.123	7.99415062613364e-10	C19orf12	c14
2.38764478576548e-14	0.509053246336744	0.318	0.207	8.04493034115821e-10	COPS3	c14
2.45884777163307e-14	0.37677861730531	0.488	0.346	8.28484168174045e-10	CEBPB	c14
2.59128826600256e-14	0.370647791379624	0.572	0.428	8.73108668346904e-10	RNF181	c14
2.61408240633628e-14	0.638198861691315	0.242	0.15	8.80788925990946e-10	ME2	c14
2.63543903488712e-14	0.531745771600744	0.205	0.119	8.87984828414866e-10	CCDC50	c14
2.86728426214585e-14	0.443340231284198	0.42	0.298	9.66102759287422e-10	TINF2	c14
2.88384485708796e-14	0.2937984853891	0.765	0.626	9.71682686147219e-10	SUN2	c14
2.94592692159395e-14	0.616471011224608	0.205	0.119	9.92600616961866e-10	CDC27	c14
2.96570725353435e-14	0.467333353866107	0.407	0.286	9.99265402005864e-10	CPNE1	c14
3.00880236769524e-14	0.728082166561617	0.145	0.076	1.01378586977123e-09	HLTF	c14
3.04929060148937e-14	1.00589332550891	0.083	0.036	1.02742797526583e-09	PM20D2	c14
3.0779360587894e-14	1.20391810945303	0.074	0.03	1.0370797756485e-09	ATP10A	c14
3.30273709236746e-14	0.391743355786195	0.445	0.314	1.11282423590229e-09	MED15	c14
3.37114810977782e-14	0.912159314001966	0.121	0.061	1.13587464410854e-09	HOXB4	c14
3.55522057449588e-14	0.621521607232728	0.199	0.117	1.19789602037064e-09	ZNRF1	c14
4.07720414100408e-14	0.35718725543142	0.503	0.361	1.37377316326991e-09	PHYKPL	c14
4.14765820093157e-14	0.335869892808664	0.654	0.503	1.39751195422188e-09	PSMD8	c14
4.21260800197935e-14	0.609659073556464	0.254	0.159	1.41939614018692e-09	TOR3A	c14
4.2833675544863e-14	0.569984166866805	0.248	0.154	1.44323786380861e-09	KEAP1	c14
4.61254799808087e-14	0.661498857382641	0.202	0.119	1.55415192247337e-09	CDIP1	c14
5.01682924864311e-14	2.70811477174674	0.016	0.003	1.69037044703781e-09	LRRC34	c14
5.09463889707332e-14	0.396613776889048	0.298	0.192	1.71658762997988e-09	PDE4D	c14
5.20487186112409e-14	0.524438397619886	0.318	0.212	1.75372952488715e-09	PTP4A1	c14
5.231987660661e-14	0.7114281768022	0.148	0.079	1.76286592238312e-09	HAGHL	c14
5.45960366454161e-14	0.379161921099465	0.427	0.297	1.83955885873065e-09	GALM	c14
5.53510028519793e-14	0.576133760172049	0.222	0.133	1.86499669009459e-09	CTAGE5	c14
5.57417821706786e-14	0.731271916586906	0.152	0.082	1.87816360845885e-09	ST3GAL5	c14
5.57991522197244e-14	0.398093668185551	0.336	0.222	1.88009663489140e-09	SLC4A7	c14
5.73105293877997e-14	2.10078748396774	0.027	0.006	1.93102097719252e-09	CKLF-CMTM1	c14
6.05864192285258e-14	0.763667275837704	0.141	0.074	2.04139880948595e-09	NDUFA7	c14
6.22276827985739e-14	0.489293565781035	0.342	0.232	2.09669954421515e-09	TXNL4A	c14
6.30505883027259e-14	0.82522966383655	0.118	0.059	2.12442652227205e-09	TTC38	c14
6.60795252075382e-14	0.608001094236446	0.161	0.089	2.22648352234279e-09	EGR1	c14
6.93273180101053e-14	1.0879187718447	0.085	0.038	2.33591465303249e-09	C4orf33	c14
7.0520954538227e-14	0.415565447143277	0.409	0.281	2.37613304221102e-09	C1D	c14
7.36684541278045e-14	0.58832603493937	0.206	0.122	2.48218489338225e-09	RAB33A	c14
7.60129330594821e-14	0.529472594990726	0.311	0.206	2.56117976650619e-09	ZRSR2	c14
7.99807712570143e-14	0.353226883772839	0.533	0.396	2.69487210673384e-09	PIN1	c14
8.06166013914157e-14	0.910861474336712	0.102	0.048	2.71629576728236e-09	MRGBP	c14
8.1095995361981e-14	0.513564276510198	0.295	0.192	2.73244846772659e-09	PPP6R1	c14
8.83468538497892e-14	1.67343761626104	0.038	0.011	2.9767588936148e-09	GRAMD1B	c14
9.01670305230379e-14	0.55048709797883	0.237	0.146	3.03808792644324e-09	G6PD	c14
1.06084856260487e-13	0.619098460042186	0.254	0.16	3.57442314684084e-09	GMPS	c14
1.07245483095639e-13	0.42560788035764	0.335	0.224	3.61352930742445e-09	NINJ1	c14
1.10646641064337e-13	0.70627175774856	0.173	0.098	3.72812792402176e-09	CASP7	c14
1.10672682680572e-13	0.407362613722302	0.387	0.264	3.72900537023921e-09	UBE2V2	c14
1.11608560231328e-13	1.76627121236557	0.034	0.009	3.76053882843438e-09	L1CAM	c14
1.13072979206308e-13	0.384054067208515	0.51	0.372	3.80988096137736e-09	PUF60	c14
1.13759574302204e-13	0.772436205799002	0.156	0.086	3.83301509653846e-09	PTRH1	c14
1.14244684196842e-13	1.61824184948386	0.038	0.011	3.84936038932841e-09	PWWP2B	c14
1.20609824340924e-13	0.435638828428057	0.434	0.308	4.06382742134309e-09	PSMC4	c14
1.29618509897929e-13	0.85240695006442	0.118	0.06	4.36736607250083e-09	ERV3-1	c14
1.30203579379062e-13	0.318702792324735	0.64	0.493	4.38707940359811e-09	BIN2	c14
1.36302596101429e-13	0.837747804567718	0.109	0.053	4.59257967304154e-09	TIMM10B	c14
1.42373134554171e-13	0.693545114880797	0.19	0.112	4.79712039566823e-09	MCMBP	c14
1.43772587949266e-13	0.380721387308458	0.448	0.315	4.84427357836256e-09	GTF3C6	c14
1.48728661813706e-13	0.613027305366732	0.248	0.156	5.01126353115099e-09	VMA21	c14
1.58591542871898e-13	0.209629770717557	0.643	0.485	5.34358344552573e-09	CARD16	c14
1.59683488726743e-13	0.441157003687513	0.341	0.229	5.38037546915889e-09	MOB4	c14
1.6073221362377e-13	0.184852947122995	0.291	0.185	5.41571120583929e-09	FABP5	c14
1.64523860433373e-13	0.453565852661578	0.466	0.34	5.54346695344206e-09	CAPZA2	c14
1.69503238592292e-13	0.712316413743175	0.184	0.107	5.71124212112870e-09	MRPL15	c14
1.71450605465996e-13	1.05204852229629	0.09	0.041	5.77685670057127e-09	IGFBP3	c14
1.76133588415554e-13	0.621552399062962	0.223	0.136	5.93464512807366e-09	NDUFAF4	c14
2.00456024171357e-13	0.506985575152486	0.285	0.186	6.7541652784297e-09	PANK2	c14
2.04789808679671e-13	2.43743827429549	0.017	0.003	6.90018781365283e-09	B3GNT8	c14
2.04861410369922e-13	0.349957234294512	0.481	0.345	6.90260036100417e-09	DNAJC1	c14
2.09160768887377e-13	1.47471255213912	0.046	0.016	7.04746294689127e-09	RP11-644F5.11	c14
2.12922483941062e-13	0.600249091502518	0.224	0.137	7.17421017391013e-09	TMX2	c14
2.20381572955177e-13	0.337602322049738	0.586	0.446	7.42553671915173e-09	TOMM5	c14
2.32977054133971e-13	0.39878228078936	0.403	0.282	7.84992886199e-09	ILK	c14
2.3581209549106e-13	0.579231804293414	0.228	0.14	7.94545274547577e-09	UCHL3	c14
2.36787542700476e-13	0.994757078734663	0.105	0.051	7.97831946374984e-09	TMEM229B	c14
2.41640392273159e-13	0.392554003395923	0.54	0.406	8.14183137725183e-09	ATP6V0B	c14
2.42729905713065e-13	0.945419909677001	0.108	0.053	8.178541443096e-09	DHX58	c14
2.46078328122429e-13	0.385939432060757	0.497	0.364	8.29136318775712e-09	DCTN3	c14
2.48857868203921e-13	0.438422284217497	0.382	0.265	8.38501701126293e-09	SUCLG1	c14
2.60788753318971e-13	0.573827807417026	0.233	0.144	8.78701625432942e-09	ZNF511	c14
2.68232586064874e-13	1.97766543410728	0.034	0.01	9.03782875486987e-09	RP11-561B11.2	c14
2.70789973574708e-13	0.520416074005176	0.28	0.182	9.12399736962621e-09	RAB5A	c14
2.8768179424146e-13	0.222286197909142	0.921	0.822	9.69315037517174e-09	SKP1	c14
3.04211207523526e-13	0.44395534454779	0.32	0.21	1.02500924262977e-08	CAPN1	c14
3.08802158383377e-13	0.511843240345455	0.254	0.161	1.04047799245695e-08	MRPL38	c14
3.09646939480711e-13	0.567175114204389	0.198	0.118	1.04332439788631e-08	CRY1	c14
3.13131854488961e-13	0.475271181785174	0.342	0.233	1.0550664705151e-08	PPT1	c14
3.24022505540477e-13	0.442351394374096	0.291	0.188	1.09176143016808e-08	APPL1	c14
3.44165371477277e-13	0.39349845616992	0.432	0.308	1.15963080265554e-08	DR1	c14
3.44227272676119e-13	1.02101566104866	0.095	0.044	1.15983937255492e-08	FAM126A	c14
3.61057019143004e-13	0.968519383429214	0.099	0.047	1.21654552030044e-08	FXYD2	c14
3.64856106555253e-13	0.524046489722932	0.343	0.234	1.22934616542727e-08	MX2	c14
3.81531506580932e-13	1.70394590795148	0.029	0.007	1.28553225827379e-08	EPS8L1	c14
3.85285067573058e-13	0.373469042205073	0.488	0.355	1.29817950668066e-08	PFDN2	c14
4.04098593620986e-13	0.706857762380585	0.147	0.08	1.36156980134655e-08	SNAI3	c14
4.16576444084208e-13	0.851006443652386	0.12	0.062	1.40361267069733e-08	SLK	c14
4.1745032365547e-13	0.604500643310936	0.224	0.138	1.40655712052474e-08	BCKDHA	c14
4.34221579187681e-13	0.436856313928966	0.33	0.22	1.46306618891497e-08	DYNLT3	c14
4.37424990503631e-13	0.527502358768705	0.251	0.159	1.47385976300293e-08	MARS	c14
4.51689867816816e-13	0.373908936801669	0.52	0.386	1.52192384062198e-08	SNRPB2	c14
4.65454002657173e-13	0.459158253736893	0.286	0.186	1.56830071655308e-08	TIA1	c14
4.92606882588642e-13	1.09917772649499	0.066	0.027	1.65978963019417e-08	DENND3	c14
5.42909933327731e-13	0.348448704490893	0.508	0.376	1.82928072935446e-08	SRSF9	c14
5.68374661533984e-13	0.428747552274078	0.327	0.22	1.91508158457261e-08	EHD1	c14
5.97412504006843e-13	0.705567429781407	0.123	0.063	2.01292169100066e-08	MCTP2	c14
6.18576922403488e-13	0.413616003182289	0.264	0.168	2.08423308234631e-08	CSRNP1	c14
6.83537447970742e-13	0.680331430945568	0.161	0.091	2.30311107719262e-08	TPD52	c14
6.84039961822198e-13	0.60197659339477	0.16	0.09	2.30480424736371e-08	ZBTB43	c14
6.86152684649241e-13	0.314398332724639	0.643	0.499	2.31192285565715e-08	ANAPC11	c14
7.05287953143155e-13	0.355498269669773	0.564	0.426	2.37639722932055e-08	NDUFB3	c14
7.18314648999926e-13	0.987763927581352	0.08	0.035	2.42028937834035e-08	C11orf63	c14
7.43092537288725e-13	0.379593627959534	0.434	0.306	2.50377599514063e-08	LASP1	c14
7.75054535800841e-13	0.576487992798602	0.249	0.159	2.61146875292735e-08	AGPAT2	c14
7.86214194235013e-13	0.463849908532812	0.343	0.237	2.64907010605545e-08	SRM	c14
8.15516687037973e-13	0.526427220399059	0.252	0.16	2.74780192530574e-08	ST6GALNAC6	c14
8.42023299972303e-13	0.813795821089704	0.146	0.081	2.83711330692668e-08	PCYT1A	c14
8.46940060364093e-13	0.797426008607596	0.132	0.07	2.85367983939078e-08	KLC2	c14
9.11930497508651e-13	0.314059623606286	0.571	0.434	3.07265861830565e-08	SERPINB1	c14
9.24236745039897e-13	0.466438369340001	0.31	0.209	3.11412328873743e-08	SMIM12	c14
9.52946807631748e-13	0.475643796066162	0.256	0.163	3.21085897363441e-08	KDM5B	c14
9.53821094696254e-13	0.487648088944214	0.291	0.191	3.21380479646956e-08	FAM103A1	c14
1.00429791535701e-12	0.616721261548451	0.191	0.114	3.3838813960039e-08	CD151	c14
1.0046180323071e-12	0.991319498465467	0.066	0.027	3.38495999805554e-08	GSAP	c14
1.01156251790003e-12	0.203563603441745	0.914	0.809	3.40835874781236e-08	TCEB2	c14
1.03879579345716e-12	0.377754862504929	0.41	0.293	3.50011854647456e-08	DDX21	c14
1.03914487462237e-12	0.279445151720093	0.364	0.243	3.5012947405526e-08	PTTG1	c14
1.04325291121868e-12	0.478614005515097	0.137	0.073	3.51513635906024e-08	CD70	c14
1.0463020447511e-12	0.459952806068464	0.333	0.226	3.52541010958436e-08	NIFK	c14
1.04754490456137e-12	0.532562580044371	0.341	0.24	3.52959780142907e-08	TIPRL	c14
1.09363730077537e-12	0.36400221867859	0.494	0.358	3.68490152123253e-08	MED10	c14
1.10071821846309e-12	0.360190650781943	0.453	0.325	3.70875996528954e-08	LAPTM4A	c14
1.15459960774019e-12	0.625928539387125	0.207	0.127	3.8903079183198e-08	LMNB1	c14
1.30594858321872e-12	0.213733005134631	0.906	0.8	4.40026315629714e-08	COX7A2	c14
1.31566144782231e-12	0.469341208020479	0.297	0.197	4.4329896822925e-08	RIC8A	c14
1.31787214886317e-12	0.71211532042128	0.177	0.104	4.44043841837955e-08	CH507-9B2.3	c14
1.32471609370114e-12	0.356953303944736	0.45	0.328	4.46349840611663e-08	CGGBP1	c14
1.39498960357271e-12	0.794486327826067	0.128	0.069	4.70027797027789e-08	DUSP10	c14
1.51325025777289e-12	0.406751814305209	0.329	0.223	5.09874541853998e-08	LPIN1	c14
1.5176432863231e-12	0.344423549590441	0.577	0.439	5.11354728893704e-08	TRAM1	c14
1.57085545471964e-12	0.256207388857999	0.543	0.405	5.29284036913234e-08	REL	c14
1.57435433501374e-12	0.562642830317549	0.225	0.141	5.30462949639529e-08	TBC1D20	c14
1.62369811791745e-12	1.19076897532986	0.059	0.023	5.47088843851107e-08	PLEKHO2	c14
1.63803936226025e-12	0.279674868678217	0.734	0.582	5.51920982719967e-08	SNRPG	c14
1.76043245581809e-12	0.796163525414662	0.133	0.072	5.93160111663346e-08	REC8	c14
1.80554971725311e-12	0.449603584072731	0.33	0.224	6.08361921731261e-08	TMEM87A	c14
1.81466030840625e-12	0.65917117976095	0.194	0.118	6.11431644314402e-08	IFIH1	c14
1.92835847005492e-12	0.671750519272942	0.187	0.112	6.49741102900303e-08	KIFAP3	c14
1.95033730593527e-12	0.555057439519103	0.212	0.13	6.5714665186183e-08	CASP3	c14
2.04224174054236e-12	0.566573191842731	0.24	0.153	6.88112932058342e-08	SAR1A	c14
2.0576614168657e-12	0.504800776916942	0.27	0.176	6.93308437798729e-08	VTA1	c14
2.07283154517863e-12	0.784118389986731	0.131	0.07	6.98419860832488e-08	FHOD1	c14
2.22001043491664e-12	0.167422884578491	0.989	0.938	7.48010315940812e-08	ITM2B	c14
2.22518099693478e-12	0.435498167345815	0.354	0.246	7.49752485107204e-08	BLOC1S2	c14
2.2533231434721e-12	0.569826126818719	0.213	0.131	7.59234699961491e-08	DUSP22	c14
2.31177956593114e-12	0.337459101401587	0.572	0.44	7.78931006944838e-08	ARHGAP9	c14
2.50308872620685e-12	0.239694348054331	0.838	0.735	8.43390715408135e-08	MYH9	c14
2.61317090881036e-12	0.651782455278359	0.176	0.104	8.80481806014563e-08	LEO1	c14
2.62284486789708e-12	0.707063356682024	0.145	0.081	8.83741349789244e-08	NRAS	c14
2.66475018881331e-12	0.482120614474698	0.288	0.191	8.97860928618758e-08	PFKP	c14
2.76233452264228e-12	0.279840885645781	0.445	0.318	9.30740994059091e-08	GLUD1	c14
2.90412495558645e-12	0.408114843198842	0.381	0.266	9.78515862535299e-08	ZFAND6	c14
2.96213815215756e-12	0.402096490735638	0.471	0.349	9.98062828987968e-08	RNF187	c14
3.02530639137182e-12	0.925084683693214	0.087	0.041	1.01934673550882e-07	GSE1	c14
3.08040134462817e-12	0.343898561189585	0.599	0.466	1.03791042905901e-07	C16orf13	c14
3.15216661010294e-12	0.449041627021513	0.316	0.214	1.06209101760808e-07	AP2B1	c14
3.15727630125986e-12	0.682271994099553	0.191	0.117	1.0638126769465e-07	TESC	c14
3.24416213218776e-12	0.463130016467511	0.366	0.258	1.09308798881934e-07	ARPP19	c14
3.26718209332778e-12	0.422218936892028	0.367	0.257	1.10084433452586e-07	FDPS	c14
3.40890768666379e-12	0.720640197653251	0.148	0.083	1.1485973559445e-07	RAD9A	c14
3.41710416951739e-12	0.917339027158857	0.109	0.056	1.15135907887719e-07	CHRNB1	c14
3.73759126236749e-12	0.507363024040359	0.323	0.226	1.2593439999421e-07	RHOB	c14
4.10493008755123e-12	0.318591301590854	0.569	0.425	1.38311514369951e-07	NDUFAB1	c14
4.12136470314412e-12	0.399724975601804	0.396	0.283	1.38865262307738e-07	SPCS3	c14
4.382104931017e-12	0.528942199903865	0.189	0.113	1.47650643545687e-07	TSPAN32	c14
4.64565305441065e-12	1.47130047298354	0.054	0.021	1.56530634015312e-07	CHAC2	c14
4.66192566043419e-12	0.881469224497626	0.117	0.062	1.5707892320267e-07	CDCA7	c14
4.69164281558151e-12	0.463611588872979	0.358	0.253	1.58080213028203e-07	ERP44	c14
5.1578601717049e-12	0.478157759290603	0.263	0.172	1.73788940625425e-07	SMPD1	c14
5.8357708759112e-12	0.383721187036861	0.814	0.724	1.96630463892952e-07	ISG20	c14
6.17006117379407e-12	0.465133434021199	0.212	0.129	2.07894041189817e-07	PPP2R2B	c14
6.7523362783068e-12	0.342004539338628	0.556	0.423	2.27513218561269e-07	CLTB	c14
6.75683052328552e-12	0.382927450432262	0.453	0.339	2.27664647651582e-07	TMEM9B	c14
6.78439415863008e-12	0.445989584694291	0.305	0.206	2.28593376780882e-07	PWP1	c14
6.7872048229774e-12	0.422061908568213	0.322	0.216	2.286880793054e-07	GTF2E2	c14
6.97273689860192e-12	0.267989046191477	0.616	0.48	2.34939397061493e-07	IQGAP1	c14
7.1163654767283e-12	0.541717246407089	0.232	0.148	2.39778818372883e-07	JKAMP	c14
7.5624518162943e-12	0.44140293235944	0.323	0.221	2.5480925149822e-07	MRPL16	c14
7.81898789095072e-12	0.715546801982436	0.156	0.09	2.63452977997694e-07	SNAPC2	c14
7.8689596248691e-12	0.771924681201619	0.15	0.086	2.65136725600339e-07	PGM2	c14
7.95859766737038e-12	0.571179015307486	0.223	0.141	2.68156989804378e-07	EXOSC9	c14
8.53150939961905e-12	0.323290847051723	0.637	0.505	2.87460677710764e-07	ATP6V1F	c14
8.63266824728901e-12	0.229464178999662	0.695	0.545	2.90869123924156e-07	YWHAQ	c14
8.79102498180903e-12	0.220032806093788	0.876	0.774	2.96204795737073e-07	UBE2D3	c14
8.79407185516164e-12	0.639734931606285	0.183	0.111	2.96307457087816e-07	CSGALNACT2	c14
9.12603275722121e-12	0.204431889490343	0.898	0.782	3.07492547721811e-07	RAN	c14
9.15064970566601e-12	0.476151114822328	0.276	0.184	3.08321991182711e-07	TMEM256-PLSCR3	c14
9.53785356452707e-12	0.705199078378464	0.146	0.082	3.21368438003175e-07	TRIP4	c14
9.54941514805083e-12	0.316363011220122	0.598	0.455	3.21757993998425e-07	UBE2N	c14
9.63912422392677e-12	0.402646182215487	0.344	0.239	3.24780651600989e-07	SDAD1	c14
9.85202570635741e-12	0.513490711637222	0.222	0.139	3.31954154150006e-07	DTNBP1	c14
1.022011669995e-11	0.289598984025504	0.495	0.374	3.44356612088117e-07	NR4A2	c14
1.02524977444785e-11	0.548257343753207	0.247	0.161	3.45447659002459e-07	MIS18BP1	c14
1.02931152423436e-11	0.249803971413967	0.609	0.459	3.46816224975525e-07	CAST	c14
1.08334553333818e-11	0.607000085243224	0.152	0.087	3.65022444002967e-07	PIK3CG	c14
1.08533250781401e-11	0.559215705976541	0.196	0.12	3.65691935182853e-07	GCLM	c14
1.21131677740609e-11	0.593446718649765	0.201	0.125	4.08141074979208e-07	MRPS22	c14
1.21419356548935e-11	0.57987248228918	0.192	0.117	4.09110379955983e-07	AGAP2	c14
1.22059605015365e-11	0.260986191802376	0.755	0.622	4.1126763313877e-07	EIF4G2	c14
1.23607590672565e-11	0.697960186744102	0.138	0.077	4.16483416012142e-07	UBE2S	c14
1.26286492191964e-11	0.422674024057029	0.279	0.184	4.25509706791603e-07	B3GNT2	c14
1.26871690957407e-11	0.299374322267823	0.451	0.326	4.27481475511886e-07	DIAPH1	c14
1.28862026662896e-11	0.62428070230842	0.18	0.108	4.34187712637961e-07	MFSD5	c14
1.30411009883171e-11	0.498915636253818	0.263	0.175	4.39406856700358e-07	C21orf59	c14
1.30477788526359e-11	0.650572327902917	0.162	0.095	4.39631860660712e-07	ERO1A	c14
1.3262883940726e-11	1.26592614761691	0.054	0.022	4.46879611498822e-07	TMEM110	c14
1.34448374850929e-11	3.03684375747128	0.01	0.001	4.53010354222722e-07	TVP23C-CDRT4	c14
1.35795646686808e-11	0.414706344009259	0.366	0.26	4.57549851946532e-07	CHCHD7	c14
1.36484327922765e-11	0.901698732018266	0.099	0.05	4.59870294502965e-07	MRPS17	c14
1.38595870949236e-11	0.63835147674295	0.153	0.088	4.66984927576356e-07	ANKRD27	c14
1.44141989682401e-11	0.918645356723968	0.077	0.035	4.85672020035883e-07	SAC3D1	c14
1.44799798904888e-11	0.654742740772682	0.164	0.097	4.87888442430129e-07	MAP1S	c14
1.45800727835772e-11	0.280059490828877	0.711	0.572	4.91260972369849e-07	RALY	c14
1.52673480869504e-11	0.5718970580833	0.22	0.14	5.14418026441705e-07	C14orf159	c14
1.55266509637514e-11	0.718193750314575	0.122	0.066	5.2315497757264e-07	AFAP1	c14
1.55930809379102e-11	0.33977286546581	0.536	0.408	5.25393269121948e-07	CCT7	c14
1.57776305725062e-11	0.439817255575448	0.28	0.185	5.31611484510022e-07	CCPG1	c14
1.58031909583547e-11	0.323207692351394	0.484	0.361	5.32472716150804e-07	PTGER4	c14
1.59539060767052e-11	1.01304167537543	0.089	0.044	5.37550911348507e-07	BLOC1S5	c14
1.61793573087653e-11	0.550880369838228	0.275	0.187	5.45147265161537e-07	EIF4A3	c14
1.62048766234187e-11	0.723283308058717	0.139	0.078	5.4600711294947e-07	PRKCD	c14
1.64339756099146e-11	0.874034456639091	0.11	0.058	5.53726374200463e-07	POU2F1	c14
1.66645515588596e-11	1.4045585427466	0.032	0.01	5.61495400224216e-07	WDR63	c14
1.69085974653484e-11	0.647973449579404	0.153	0.089	5.69718282997449e-07	MGAT5	c14
1.76293218268212e-11	0.270281537456702	0.774	0.662	5.94002369632915e-07	TRAPPC1	c14
1.76435832173282e-11	0.353328281350317	0.577	0.457	5.94482892924655e-07	NDUFB7	c14
1.78251838740384e-11	0.556867002902113	0.231	0.148	6.00601745451848e-07	NDEL1	c14
1.793194946825e-11	2.38184202857862	0.015	0.003	6.04199105383215e-07	VSIG10L	c14
1.79546208862628e-11	0.995005605721214	0.086	0.042	6.04962996141739e-07	POMZP3	c14
1.8361444563339e-11	1.16764513475748	0.075	0.034	6.18670513117145e-07	ARPC4-TTLL3	c14
1.85423923135211e-11	0.532632043260806	0.235	0.153	6.24767366611781e-07	PCBD1	c14
1.88850964452181e-11	0.739808326795868	0.155	0.091	6.36314439625179e-07	ZMPSTE24	c14
1.88943573381289e-11	0.328172772093563	0.546	0.419	6.36626476150914e-07	UQCRFS1	c14
1.89499799640982e-11	0.632078716797481	0.117	0.062	6.38500624910325e-07	TP53I11	c14
1.89588807970775e-11	1.02959882476994	0.076	0.035	6.38800529576731e-07	PINX1	c14
1.89641128718437e-11	0.931433394183553	0.088	0.043	6.38976819103902e-07	ANKMY2	c14
1.93456296838579e-11	0.207917602677078	0.754	0.616	6.51831646567909e-07	AHNAK	c14
1.94222509257497e-11	0.456557182100055	0.358	0.256	6.54413322692209e-07	ASF1A	c14
1.96170006252822e-11	0.383882721696891	0.348	0.243	6.60975219068258e-07	MCTS1	c14
1.97803338890103e-11	0.402847837530222	0.369	0.264	6.66478570056312e-07	MRPS36	c14
2.02269152470081e-11	1.43568401275886	0.039	0.013	6.81525682332692e-07	RP11-286N22.8	c14
2.05408221881961e-11	0.505127141229819	0.294	0.199	6.92102462809079e-07	RBM22	c14
2.08495248160567e-11	1.44069908640535	0.061	0.026	7.02503889152214e-07	MRPL12	c14
2.09631713964701e-11	0.531324976253844	0.18	0.108	7.06333097032662e-07	G2E3	c14
2.10615281098749e-11	0.511532755607428	0.216	0.137	7.09647128134125e-07	SLC52A2	c14
2.11736439259598e-11	0.464322524308357	0.322	0.224	7.1342475844129e-07	PSMC2	c14
2.14262252825066e-11	0.724123714009981	0.153	0.089	7.21935234668777e-07	SCO2	c14
2.15962760472235e-11	0.889020726539397	0.104	0.054	7.27664925135149e-07	TEX30	c14
2.28129973869951e-11	0.849354907505013	0.088	0.043	7.68661133957412e-07	RASGEF1B	c14
2.30089084017712e-11	0.444796983253378	0.237	0.151	7.7526215968928e-07	EIF4EBP1	c14
2.35134284173259e-11	0.26817657733825	0.752	0.632	7.92261457093377e-07	SKAP1	c14
2.44436358533509e-11	0.589767985161306	0.206	0.13	8.23603866442807e-07	ZC3H12A	c14
2.45337655876138e-11	0.568793580086195	0.199	0.124	8.26640697709061e-07	BCAP29	c14
2.53037580485275e-11	0.390226965726239	0.412	0.296	8.52584823687084e-07	TIMM17B	c14
2.62684003731916e-11	0.791841107898312	0.111	0.058	8.85087482174319e-07	TBC1D25	c14
2.66343280536403e-11	0.358752027208655	0.438	0.322	8.97417049439356e-07	VPS36	c14
2.66681628534662e-11	0.366240569607896	0.43	0.309	8.9855707918469e-07	GTF2B	c14
2.73093767562463e-11	0.858105753901446	0.083	0.039	9.20162140424964e-07	LLGL2	c14
2.73802160424214e-11	0.471935488017553	0.18	0.106	9.22548999333347e-07	BCAS4	c14
2.76702163051325e-11	0.985918198069322	0.065	0.028	9.32320268185136e-07	AFAP1L2	c14
2.77742207480499e-11	0.460630712741009	0.303	0.209	9.35824593884793e-07	MRPL22	c14
2.8431494328551e-11	1.43035147554304	0.036	0.012	9.57970769906196e-07	F8A3	c14
2.99971431072318e-11	0.583290567152945	0.176	0.106	1.01072373985507e-06	SLC5A3	c14
3.13897575391561e-11	0.712311278255159	0.166	0.1	1.05764649052432e-06	MNAT1	c14
3.14099018850767e-11	0.899569942768215	0.106	0.055	1.05832523411577e-06	HGH1	c14
3.1442413024065e-11	0.380396725554435	0.39	0.28	1.05942066443285e-06	RALA	c14
3.17640515859624e-11	0.351274123211167	0.432	0.313	1.07025795413742e-06	MVP	c14
3.19600491839459e-11	0.663791987334191	0.169	0.101	1.07686189720387e-06	GEMIN7	c14
3.3321763386089e-11	0.725684394276961	0.173	0.105	1.12274349553088e-06	PNPT1	c14
3.4180743799839e-11	0.425750856765759	0.368	0.26	1.15168598159177e-06	COPS5	c14
3.46811937210367e-11	0.739646524960258	0.131	0.073	1.16854814123661e-06	TSFM	c14
3.53363993217431e-11	0.369818594268176	0.351	0.245	1.19062463874681e-06	NASP	c14
3.6512269929846e-11	0.35064549586221	0.469	0.349	1.23024442301623e-06	ORMDL1	c14
3.68815052604416e-11	0.448068586903597	0.242	0.157	1.24268543824532e-06	CARS	c14
3.72923848749567e-11	0.667457408956175	0.134	0.075	1.25652961597679e-06	BLZF1	c14
3.74923003145044e-11	0.395595523385209	0.356	0.251	1.26326556679691e-06	PSMC1	c14
3.7547043780192e-11	0.351059172322183	0.382	0.27	1.26511009312979e-06	SDHB	c14
3.79084504524667e-11	0.817284751397152	0.101	0.051	1.27728732954541e-06	RRAS2	c14
3.7917823875141e-11	0.881329478194211	0.1	0.051	1.277603157649e-06	MOB3C	c14
3.82968583409061e-11	0.624759031281981	0.163	0.097	1.29037434493849e-06	UBL4A	c14
3.93378537765169e-11	0.476868194593239	0.289	0.198	1.32544964514596e-06	HDLBP	c14
3.95748620068877e-11	0.500887486949832	0.239	0.156	1.33343540046007e-06	PDZD11	c14
4.02308025251873e-11	0.542350857298534	0.216	0.138	1.35553666028366e-06	SRPRB	c14
4.03971842660684e-11	0.407945070132397	0.34	0.241	1.36114272666091e-06	COX20	c14
4.2418452919118e-11	0.738931590999291	0.168	0.102	1.42924735265676e-06	STYXL1	c14
4.31448629063534e-11	1.01859735552531	0.063	0.027	1.45372301076667e-06	RP11-875O11.1	c14
4.32081356676897e-11	0.650704500063046	0.159	0.094	1.45585492318714e-06	IRF9	c14
4.33972689021869e-11	0.344829373828912	0.302	0.209	1.46222757839029e-06	ACP5	c14
4.50514640871448e-11	0.278145002409191	0.693	0.549	1.51796403095226e-06	UBXN4	c14
4.64714272039564e-11	0.691542854481399	0.146	0.084	1.56580826821011e-06	TGDS	c14
4.73382037415692e-11	2.1204915396203	0.018	0.004	1.59501343686843e-06	AC108488.4	c14
4.90734057653884e-11	0.432335602776231	0.265	0.176	1.653479333859e-06	PTPN18	c14
5.36998155892988e-11	0.443180330902181	0.276	0.186	1.80936158646583e-06	TPGS2	c14
5.53921473663252e-11	1.11935608538657	0.064	0.028	1.86638301336096e-06	THAP8	c14
5.60173010419214e-11	0.565492359121603	0.208	0.132	1.8874469413065e-06	FEZ2	c14
5.64644362781796e-11	0.69914982605615	0.118	0.064	1.90251271595698e-06	ITPRIPL1	c14
5.68378531117723e-11	0.521408978957287	0.233	0.153	1.91509462274806e-06	CSNK2A1	c14
5.80543772832719e-11	1.3807628772113	0.045	0.017	1.95608418818256e-06	PLOD1	c14
5.83903751324948e-11	0.204461672905124	0.901	0.809	1.96740529971428e-06	SSR4	c14
5.93066963398945e-11	0.50649039369435	0.261	0.175	1.99827982647641e-06	PITPNB	c14
6.03481674337514e-11	0.764287768294161	0.109	0.058	2.03337115351282e-06	AARSD1	c14
6.03735057543928e-11	0.377858222561293	0.347	0.241	2.03422490288851e-06	UBE2G1	c14
6.37638051358987e-11	1.9063007054541	0.021	0.005	2.14845765024897e-06	EFHD1	c14
6.52749391554855e-11	0.651696770959587	0.148	0.086	2.19937379990493e-06	SUCLA2	c14
6.86995363784972e-11	1.74519279675652	0.02	0.004	2.31476217873709e-06	SPTBN5	c14
6.95784718206845e-11	1.44037486280599	0.033	0.01	2.34437702952614e-06	STYK1	c14
7.02767752515894e-11	0.342417849884962	0.447	0.329	2.36790566532705e-06	CCT6A	c14
7.06308618183637e-11	0.304271052562018	0.523	0.388	2.37983625810795e-06	RPS19BP1	c14
7.32922939175907e-11	0.51769217131718	0.184	0.113	2.4695105512593e-06	APOBEC3D	c14
7.42300044379765e-11	0.356700309468651	0.515	0.401	2.50110576953318e-06	VPS29	c14
7.86428690774813e-11	0.558381370623039	0.198	0.125	2.64979283069666e-06	RCC1	c14
7.8831420993733e-11	0.641524526556608	0.147	0.086	2.65614589896284e-06	PAM16	c14
8.07541142138629e-11	0.595913401189208	0.129	0.072	2.7209291243219e-06	CD300A	c14
8.10574984738492e-11	0.673283347877298	0.112	0.06	2.73115135357787e-06	TNFSF12	c14
8.16930997739352e-11	0.415826633475023	0.32	0.223	2.75256730378297e-06	UBLCP1	c14
8.39390595411481e-11	0.44362709834223	0.304	0.211	2.82824267217944e-06	MIF4GD	c14
8.40619386176056e-11	0.55409250453106	0.219	0.142	2.8323829597816e-06	LINC00426	c14
8.46920845791977e-11	0.709739605448037	0.111	0.059	2.85361509781149e-06	PAOX	c14
8.83412080734035e-11	1.50314233098633	0.037	0.013	2.97656866482526e-06	PIF1	c14
9.03826329042399e-11	0.256670974297445	0.687	0.549	3.04535243307546e-06	SFPQ	c14
9.18480640109204e-11	0.306956995544483	0.551	0.421	3.09472866878395e-06	ROCK1	c14
9.31501413097091e-11	0.405667942947688	0.306	0.211	3.13860086128934e-06	CHMP1A	c14
9.37794887611966e-11	0.393107503969757	0.346	0.245	3.15980609431976e-06	SUGT1	c14
9.51365340104213e-11	0.590022331970411	0.181	0.111	3.20553037694714e-06	ASB1	c14
9.87751754500547e-11	0.1747554632109	0.882	0.769	3.32813076161414e-06	ARL6IP5	c14
1.00380193005895e-10	0.853656498369527	0.094	0.048	3.38221022314061e-06	CCDC102A	c14
1.00590069655536e-10	0.495824436127702	0.273	0.189	3.38928180697364e-06	GLO1	c14
1.01983923231243e-10	0.682543220897446	0.134	0.076	3.43624630935349e-06	KLHL7	c14
1.0444888088915e-10	0.318993609898216	0.536	0.408	3.51930059267901e-06	PSMG2	c14
1.05832373784324e-10	0.327006310637345	0.444	0.324	3.56591600228901e-06	MAPK1IP1L	c14
1.07414753821046e-10	0.851386157301368	0.073	0.034	3.61923271524633e-06	CENPF	c14
1.07777534611041e-10	0.489089876491351	0.257	0.173	3.63145625118443e-06	APOL3	c14
1.0950072047212e-10	0.101382746074923	0.893	0.776	3.6895172755876e-06	FOS	c14
1.128436667922e-10	0.437654091931319	0.33	0.236	3.80215450889638e-06	ZCRB1	c14
1.13554954051237e-10	0.310865522691414	0.548	0.414	3.82612062180239e-06	LSM6	c14
1.14063486426088e-10	1.0320414212979	0.061	0.026	3.84325511164061e-06	CEP85	c14
1.16316764840768e-10	0.524615582251607	0.217	0.139	3.91917707454485e-06	DPH3	c14
1.16706851728652e-10	0.413157038451779	0.344	0.243	3.93232066214521e-06	SRA1	c14
1.1856520985836e-10	0.328209900613659	0.418	0.301	3.99493618096757e-06	GOLPH3	c14
1.19054035761839e-10	1.03873975825801	0.135	0.078	4.01140668095941e-06	CD38	c14
1.19465789908846e-10	1.92030967493182	0.025	0.007	4.02528032518866e-06	EIF3CL	c14
1.21264237621533e-10	0.265043424586165	0.638	0.502	4.08587722241995e-06	HSP90B1	c14
1.22831803402233e-10	0.646543817489106	0.15	0.088	4.13869478383485e-06	ARV1	c14
1.28848079445017e-10	0.641186409446506	0.143	0.083	4.34140718882042e-06	PI4K2B	c14
1.29378613616338e-10	0.483370006896921	0.216	0.137	4.3592830071889e-06	SIKE1	c14
1.29540275775007e-10	0.287944876516451	0.462	0.336	4.36473005196308e-06	SMAP1	c14
1.29877519236425e-10	0.25383590313056	0.586	0.442	4.37609313315211e-06	COX17	c14
1.30882437570883e-10	1.53536559234644	0.035	0.012	4.40995285151334e-06	XXbac-BPG246D15.9	c14
1.33220099975073e-10	0.447073529544661	0.258	0.172	4.4887180485601e-06	NAA60	c14
1.34022082132676e-10	0.599305940820819	0.215	0.14	4.5157400353784e-06	LAMP2	c14
1.3440594408146e-10	0.42385184122879	0.308	0.213	4.5286738798807e-06	SLC25A11	c14
1.35374569673409e-10	0.724458127311919	0.109	0.058	4.56131075057584e-06	NOTCH1	c14
1.37390908797529e-10	0.373791826933336	0.329	0.229	4.62924928102395e-06	MRPS12	c14
1.38929825884622e-10	0.493799957821564	0.242	0.16	4.68110155335644e-06	GOLT1B	c14
1.39020558367381e-10	0.705606004669154	0.125	0.07	4.68415869363054e-06	ITPK1	c14
1.40456251337747e-10	0.303690393574441	0.567	0.456	4.73253293257405e-06	SYNRG	c14
1.41155149908147e-10	0.550481237859394	0.207	0.132	4.7560816210051e-06	TRIM11	c14
1.4599515905905e-10	0.385992818499736	0.336	0.237	4.91916088933562e-06	CNOT8	c14
1.46726588260954e-10	0.246923970695079	0.645	0.517	4.94380566486458e-06	SLFN5	c14
1.46774721492941e-10	0.941007868702423	0.087	0.044	4.94542746598315e-06	TBC1D31	c14
1.48575251315952e-10	0.630104549748425	0.159	0.096	5.00609451783969e-06	RGS3	c14
1.52129273506894e-10	1.0531243678972	0.062	0.027	5.1258437415413e-06	KIAA0825	c14
1.52940660041198e-10	0.352965600279262	0.384	0.276	5.15318259942812e-06	C11orf73	c14
1.54737257659436e-10	0.683794211173973	0.117	0.064	5.21371715957705e-06	APOL1	c14
1.55500165207335e-10	0.576055147897195	0.191	0.121	5.23942256649593e-06	MRPL19	c14
1.55861316126333e-10	0.39276109257666	0.371	0.265	5.25159118556065e-06	HSD17B10	c14
1.59558837494773e-10	0.908406182698259	0.086	0.043	5.37617547054888e-06	ZNF668	c14
1.60412296531617e-10	0.411276744665072	0.392	0.286	5.40493191933632e-06	ODC1	c14
1.61020312571621e-10	0.434660850853027	0.221	0.143	5.42541841178821e-06	BCL2L1	c14
1.61901906011471e-10	0.473010990629339	0.321	0.231	5.45512282115052e-06	ATP6V0D1	c14
1.62979703151012e-10	0.768134659998059	0.113	0.062	5.49143811797021e-06	TRIM25	c14
1.65853595398108e-10	0.405458397260681	0.273	0.183	5.58827104334386e-06	UVRAG	c14
1.66361027074151e-10	0.249328489135955	0.752	0.612	5.60536844623646e-06	PSMB1	c14
1.67716674893089e-10	0.613422102200718	0.16	0.096	5.65104564384773e-06	HENMT1	c14
1.68536548590966e-10	0.459847271350603	0.222	0.143	5.678670468224e-06	FBXO44	c14
1.712362993775e-10	0.262601629098572	0.665	0.538	5.76963587122549e-06	EWSR1	c14
1.72964238343443e-10	0.655455679971136	0.133	0.076	5.82785704674396e-06	PLPP1	c14
1.80901171651279e-10	0.379147225834873	0.348	0.248	6.09528407761821e-06	NUDT22	c14
1.81078080456061e-10	0.533885176293046	0.165	0.1	6.10124484288652e-06	PRR4	c14
1.82116232997262e-10	0.732399997083327	0.117	0.064	6.13622435460974e-06	TICAM1	c14
1.83763598339867e-10	0.248211305987134	0.741	0.614	6.19173068246346e-06	SRP9	c14
1.84920293420593e-10	0.313428557391414	0.468	0.345	6.23070436651346e-06	NDUFB6	c14
1.8794700312259e-10	0.394521728839861	0.302	0.208	6.33268632321254e-06	RAB8B	c14
1.90102852250501e-10	0.436130907859408	0.32	0.225	6.40532550372837e-06	YIF1A	c14
1.92833332688853e-10	0.645741802059711	0.159	0.096	6.49732631161821e-06	TFIP11	c14
1.94006012604314e-10	0.637293598037398	0.16	0.097	6.53683858868976e-06	ZNF410	c14
1.98820237847233e-10	0.338508654899005	0.445	0.329	6.69904909402468e-06	PHB	c14
2.03858803759055e-10	0.465387057008005	0.227	0.148	6.86881853385758e-06	RDH14	c14
2.12044619242269e-10	0.632368659316617	0.138	0.079	7.14463140074901e-06	ACBD5	c14
2.15961295394409e-10	1.03239066605545	0.079	0.039	7.2765998870192e-06	TDRD7	c14
2.16483083503521e-10	0.320691830732474	0.397	0.287	7.29418101556764e-06	PSMD6	c14
2.22246866272031e-10	0.27048563453847	0.626	0.506	7.4883859121698e-06	KTN1	c14
2.27235645364054e-10	0.591741119751837	0.193	0.123	7.65647783489643e-06	CISD1	c14
2.27442019829671e-10	0.509409748451905	0.197	0.125	7.66343141614094e-06	ABHD16A	c14
2.44164725084442e-10	0.302384388376388	0.618	0.491	8.22688624699519e-06	POLD4	c14
2.49795841305049e-10	0.624542975411833	0.161	0.098	8.41662107693231e-06	KIF20B	c14
2.51671804418446e-10	0.237447353687882	0.824	0.699	8.47982977807511e-06	BRK1	c14
2.65902631434077e-10	0.316997755070666	0.423	0.311	8.95932326353979e-06	ATXN10	c14
2.82934775822717e-10	0.361638774077755	0.397	0.287	9.53320433657061e-06	DCAF7	c14
2.88852378109506e-10	0.86988825646925	0.086	0.043	9.73259202802169e-06	ARHGAP11B	c14
2.9540248884e-10	0.389371223651356	0.194	0.122	9.95329145897496e-06	NAMPT	c14
3.09349386829479e-10	0.29381600383111	0.518	0.401	1.04232182398325e-05	OSTC	c14
3.14713871064235e-10	0.585537634520257	0.127	0.072	1.06039691716383e-05	EIF4E3	c14
3.19252391834682e-10	0.28031356998108	0.662	0.536	1.07568900904778e-05	GNAS	c14
3.33138646894499e-10	0.602560320131722	0.197	0.128	1.12247735684632e-05	MRPL39	c14
3.46575574688551e-10	0.710766652918857	0.118	0.066	1.1677517413556e-05	MSRB1	c14
3.50740416755015e-10	0.90216572382284	0.086	0.044	1.18178476021435e-05	CHST14	c14
3.53616682956302e-10	0.489279050156772	0.239	0.16	1.19147605155296e-05	ARL1	c14
3.59241687286217e-10	2.09171682685881	0.02	0.005	1.21042894114218e-05	AC093673.5	c14
3.60539492811652e-10	0.653275840973231	0.123	0.069	1.21480176707958e-05	HIRIP3	c14
3.6059093154168e-10	0.611587308496562	0.159	0.097	1.21497508473654e-05	C1GALT1C1	c14
3.62069255416925e-10	0.421141560966572	0.237	0.157	1.21995614920179e-05	PARP15	c14
3.64075368049243e-10	0.414657627041314	0.302	0.211	1.22671554510512e-05	TMEM126B	c14
3.64582081633029e-10	0.840350490374916	0.073	0.034	1.22842286585433e-05	TTC16	c14
3.65644018262335e-10	0.546960162584517	0.181	0.113	1.23200095513311e-05	GTF2IRD2B	c14
3.67582176390134e-10	0.507770082100689	0.208	0.134	1.23853138512892e-05	TBK1	c14
3.68214467712914e-10	0.451624024063574	0.261	0.177	1.24066182751189e-05	IFRD1	c14
3.8671831901627e-10	0.33757355936957	0.511	0.393	1.30300870409342e-05	EIF2S2	c14
3.89145406171454e-10	0.428308395856799	0.311	0.219	1.3111865315541e-05	FLOT1	c14
3.97069324005362e-10	0.385578070478693	0.295	0.203	1.33788538030367e-05	TPGS1	c14
3.97209041630580e-10	0.425893173023743	0.271	0.186	1.33835614487007e-05	PPID	c14
4.01097698006351e-10	0.743511182897062	0.121	0.068	1.3514585836626e-05	C11orf24	c14
4.03779347118774e-10	0.346898010529647	0.431	0.32	1.360494132182e-05	RTF1	c14
4.05000229584768e-10	0.274254339743154	0.511	0.382	1.36460777356292e-05	ADRM1	c14
4.32620659620652e-10	0.33985255304341	0.305	0.209	1.45767205052582e-05	GOPC	c14
4.36717258803229e-10	0.951230243330181	0.05	0.02	1.4714751318116e-05	PTCH2	c14
4.47361987077496e-10	0.367768908984804	0.297	0.206	1.50734147925892e-05	PREX1	c14
4.49170256174712e-10	0.29425186906751	0.213	0.135	1.51343426115508e-05	ZEB2	c14
4.5622671641535e-10	1.1970388353279	0.046	0.018	1.53721029828988e-05	FNTB	c14
4.62580389410991e-10	1.3189114925214	0.042	0.016	1.55861836408139e-05	PSEN2	c14
4.63240777564687e-10	1.13926829653049	0.059	0.026	1.56084347592646e-05	NICN1	c14
4.69739834549132e-10	0.848244552163355	0.09	0.047	1.58274139852985e-05	UBE2W	c14
4.71432085914983e-10	0.382399002864562	0.347	0.247	1.58844327028194e-05	STAU1	c14
4.80104051943472e-10	0.214956877566617	0.872	0.78	1.61766259261834e-05	ATP6V0E1	c14
4.8641590492165e-10	0.36617584147182	0.385	0.282	1.63892975004301e-05	PTBP3	c14
4.86872306079852e-10	0.452967650895106	0.217	0.141	1.64046754810545e-05	BRD9	c14
4.87107815944847e-10	0.454858234394053	0.292	0.204	1.64126107504457e-05	GARS	c14
4.87953788148613e-10	0.611249956226677	0.137	0.079	1.64411149378794e-05	FAR1	c14
5.0106678951766e-10	0.38367404896307	0.319	0.224	1.6882944406008e-05	SS18	c14
5.05246732861151e-10	0.405024251178021	0.343	0.25	1.70237834170236e-05	TRIM69	c14
5.15533470601248e-10	1.09081980474328	0.072	0.034	1.73703847584384e-05	IRAK2	c14
5.27773864973289e-10	0.436448934613202	0.322	0.227	1.778281260641e-05	BOLA3	c14
5.33511515298109e-10	0.116639847275853	0.946	0.851	1.79761369964545e-05	JUNB	c14
5.36603607368971e-10	0.330045215585172	0.358	0.253	1.80803219466901e-05	FIP1L1	c14
5.50601570594215e-10	1.60054758154656	0.025	0.007	1.85519693196015e-05	FSD1L	c14
5.57346778266455e-10	0.676775869672277	0.139	0.082	1.87792423469099e-05	TIGAR	c14
5.58352346772068e-10	0.915132784504837	0.067	0.031	1.88131239721381e-05	RP11-398K22.12	c14
5.59618432722375e-10	0.327658834829288	0.459	0.349	1.88557834721477e-05	METTL23	c14
5.62444798636938e-10	0.275472020870565	0.496	0.368	1.8951015045273e-05	TMEM160	c14
5.63559331836642e-10	1.16667409585248	0.052	0.022	1.89885681269038e-05	SLC25A15	c14
5.81438890788842e-10	0.598902006191277	0.143	0.084	1.95910019862392e-05	HLA-DMB	c14
5.89424364568122e-10	0.303751036181644	0.493	0.377	1.98600645397583e-05	COPZ1	c14
5.90956729653951e-10	0.286595295670987	0.667	0.54	1.99116960489602e-05	ATP5F1	c14
6.15123581351977e-10	0.198254568022525	0.863	0.748	2.07259739500735e-05	CAPZB	c14
6.21261537380063e-10	0.239524407383404	0.678	0.552	2.09327862404838e-05	STAT1	c14
6.28412871038038e-10	0.339430076484656	0.328	0.232	2.11737432767556e-05	TOR1AIP1	c14
6.33563374561869e-10	0.301394669704801	0.581	0.463	2.13472843424876e-05	PPP4C	c14
6.38460905523492e-10	0.480694245541757	0.203	0.131	2.15123017507086e-05	ADCY7	c14
6.46377032586606e-10	0.494959214460073	0.221	0.146	2.17790277359731e-05	FADD	c14
6.51302347326576e-10	2.12564127188167	0.017	0.004	2.19449812908216e-05	TRPM2	c14
6.55125518428598e-10	0.509432117084575	0.188	0.119	2.20737992179332e-05	PSMG3	c14
6.58166706057931e-10	0.175906777024893	0.829	0.702	2.21762689939159e-05	DDX24	c14
6.663962452791e-10	0.461768369575149	0.214	0.139	2.2453555088434e-05	TMEM170A	c14
6.69635690095599e-10	0.460737614435807	0.251	0.169	2.25627049420811e-05	SPRYD3	c14
6.91050930087196e-10	0.26385334710151	0.555	0.427	2.3284270038358e-05	TRABD	c14
7.13210451146706e-10	0.254475638271663	0.609	0.483	2.40309129409371e-05	ADAR	c14
7.15133468806466e-10	0.545880263652115	0.169	0.104	2.40957070979651e-05	TRIM8	c14
7.16902654914094e-10	1.23656492150926	0.048	0.02	2.41553180546755e-05	AC002331.1	c14
7.29559252325799e-10	0.479381029910013	0.214	0.14	2.45817694478655e-05	ABHD3	c14
7.35132804077568e-10	0.617680692006924	0.158	0.097	2.47695647005896e-05	DCLRE1C	c14
7.3671502572349e-10	0.336016195175309	0.377	0.275	2.48228760767273e-05	CCDC90B	c14
7.37523472154731e-10	0.51195689760674	0.183	0.115	2.48501158707815e-05	IKBIP	c14
7.43373349942496e-10	1.31541888955638	0.035	0.012	2.50472216529624e-05	CHST10	c14
7.46441701660353e-10	0.470075338718411	0.25	0.169	2.51506066957439e-05	MRPL24	c14
7.49758623197635e-10	0.536487271987296	0.177	0.11	2.52623670500211e-05	RP11-356I2.4	c14
7.68115972443603e-10	0.273785293539657	0.64	0.511	2.58808995755148e-05	RNF149	c14
8.05529817529566e-10	0.326639765241817	0.399	0.293	2.71415216718412e-05	PDCD6IP	c14
8.31561782107796e-10	0.353731695467272	0.367	0.267	2.80186426863401e-05	ASNA1	c14
8.35323780621114e-10	0.762451664988352	0.117	0.066	2.81453994642478e-05	FANCA	c14
8.35545534153794e-10	0.147556757400116	0.825	0.713	2.81528712277779e-05	LAT	c14
8.38357681951228e-10	0.599060916161978	0.157	0.096	2.82476237356647e-05	BDH2	c14
8.52288676437251e-10	0.643203868762748	0.128	0.074	2.87170146638767e-05	CTDP1	c14
8.78447786053098e-10	0.282768780529495	0.588	0.463	2.95984197032731e-05	NDUFA12	c14
8.84042909335754e-10	0.317220457687562	0.301	0.211	2.97869417871589e-05	IL21R	c14
8.90228977841058e-10	0.330998417593922	0.323	0.227	2.99953751793766e-05	CABIN1	c14
8.90290380609954e-10	0.3749272415137	0.294	0.204	2.99974440842718e-05	UBA3	c14
9.25414386285235e-10	0.409138603807441	0.303	0.214	3.11809123314947e-05	MRPL28	c14
9.42474899985281e-10	0.313888819024998	0.341	0.243	3.17557492801041e-05	RALGDS	c14
9.60573890735944e-10	0.551264295257196	0.177	0.112	3.23655766744569e-05	RIOK1	c14
9.71941594310117e-10	0.433205217562318	0.237	0.159	3.27486000786851e-05	NGLY1	c14
9.85147125876374e-10	0.463295014805446	0.253	0.173	3.31935472592786e-05	E2F4	c14
1.02533676112374e-09	0.138893277757337	0.971	0.907	3.45476968293032e-05	HNRNPA2B1	c14
1.03588233434667e-09	1.21013011513984	0.042	0.016	3.49030193734768e-05	SLC2A6	c14
1.05169315128646e-09	0.228712335188178	0.831	0.749	3.54357490394458e-05	C4orf3	c14
1.06438997279585e-09	0.244369093932969	0.784	0.669	3.58635557433835e-05	ATP5J2	c14
1.08771076442614e-09	0.326410223134306	0.35	0.25	3.66493264965745e-05	COQ10B	c14
1.11295163173946e-09	0.343246604530365	0.349	0.252	3.74997922798295e-05	ATP2A3	c14
1.16325222983703e-09	0.701261300116486	0.115	0.065	3.91946206321288e-05	ELMOD2	c14
1.20103564085116e-09	1.64611399261646	0.03	0.01	4.04676948828391e-05	PMF1-BGLAP	c14
1.21471409792112e-09	0.518541094867255	0.178	0.113	4.09285768153541e-05	FAM3C	c14
1.22200217822055e-09	0.767328800833703	0.082	0.041	4.11741413929632e-05	SPATA2L	c14
1.23116192526483e-09	0.962624793589648	0.088	0.046	4.14827699098732e-05	TCTEX1D2	c14
1.27269495808371e-09	0.322091265904186	0.453	0.348	4.28821839176725e-05	CTSS	c14
1.27923742753877e-09	0.698401313136781	0.142	0.085	4.31026258834912e-05	ALAS1	c14
1.31221462756305e-09	0.251327525669898	0.654	0.511	4.42137596611095e-05	OTUB1	c14
1.34597770317342e-09	1.82121742709017	0.023	0.006	4.53513727307252e-05	RTN4R	c14
1.36445041929169e-09	0.222476990954461	0.552	0.415	4.59737924276143e-05	SCML4	c14
1.3818629175578e-09	0.251834204791504	0.55	0.419	4.65604891441924e-05	HMHA1	c14
1.38634669687721e-09	0.497963686490511	0.196	0.126	4.67115656045808e-05	LPCAT3	c14
1.40539206554475e-09	0.979626974957764	0.048	0.02	4.73532802564647e-05	RP4-539M6.22	c14
1.4443374297399e-09	0.456173379533786	0.231	0.156	4.86655053576563e-05	FAM63B	c14
1.50134424200602e-09	0.339456354501097	0.351	0.254	5.05862928901509e-05	BCL7B	c14
1.52691982868877e-09	0.411488443698206	0.289	0.203	5.14480367078393e-05	COPS8	c14
1.53401305033513e-09	0.885016200957097	0.101	0.055	5.1687035717992e-05	RRAGC	c14
1.54804850130485e-09	0.263190919591101	0.419	0.305	5.21599462029658e-05	CHST11	c14
1.54961287978642e-09	0.458481911002498	0.223	0.148	5.22126563715237e-05	USP20	c14
1.56008246414129e-09	0.73824509950951	0.09	0.047	5.25654185467766e-05	SLC35A1	c14
1.59757211821591e-09	0.524493787687224	0.174	0.109	5.38285949511668e-05	ARHGAP17	c14
1.65917793772021e-09	0.578879585084715	0.137	0.081	5.59043414335449e-05	FCHSD2	c14
1.6999094934015e-09	0.405262897014221	0.279	0.194	5.72767504706702e-05	SHOC2	c14
1.70872001179532e-09	0.403991603820209	0.262	0.181	5.75736120774314e-05	NMRAL1	c14
1.74906136546134e-09	0.675880200833849	0.125	0.073	5.89328736478542e-05	FANCF	c14
1.78774152277118e-09	1.08402159804642	0.05	0.021	6.02361628682521e-05	ATRIP.1	c14
1.8216880150267e-09	1.09438316291402	0.037	0.014	6.13799559783097e-05	IGHV1-3	c14
1.83397559497171e-09	0.378491118912886	0.322	0.23	6.17939736969767e-05	CHCHD3	c14
1.91503588925631e-09	0.355580680103667	0.305	0.213	6.45252192526023e-05	INPP4A	c14
1.91593794582725e-09	0.385081333285419	0.285	0.198	6.45556131467035e-05	A1BG	c14
1.91667149491766e-09	0.39890068502457	0.274	0.191	6.45803293497555e-05	MOB3A	c14
1.93448683621506e-09	0.646117897052391	0.154	0.096	6.51805994594301e-05	ANAPC7	c14
1.97758680075603e-09	0.530059031397781	0.15	0.091	6.66328096646736e-05	SCAMP1	c14
1.98565477896033e-09	0.842535725595333	0.082	0.042	6.69046521222895e-05	MMD	c14
2.01400571172342e-09	1.15542717462316	0.057	0.025	6.78599084508089e-05	ERMP1	c14
2.03497447871067e-09	0.928628103496474	0.067	0.032	6.85664300856773e-05	ARHGEF18	c14
2.05721761376293e-09	0.281384968681795	0.51	0.386	6.93158902781283e-05	SNRPD1	c14
2.15169195916995e-09	0.341630329678149	0.309	0.218	7.24991088722724e-05	DIP2A	c14
2.17427750569518e-09	0.24801398106321	0.698	0.565	7.32601062768932e-05	GTF3A	c14
2.18336249957488e-09	0.507558296181397	0.201	0.132	7.3566216060676e-05	PRR14	c14
2.1835904980608e-09	0.31863076237376	0.477	0.359	7.35738982416604e-05	COPS6	c14
2.18683595478796e-09	0.903935323800809	0.075	0.037	7.36832506606256e-05	KATNAL1	c14
2.23397014868821e-09	0.310100149596797	0.363	0.261	7.52713901899005e-05	APOA1BP	c14
2.25442185227018e-09	0.284319706365687	0.557	0.437	7.59604898903913e-05	R3HDM4	c14
2.32875816568027e-09	0.320157938408165	0.521	0.407	7.84651776344311e-05	SSB	c14
2.35791659324129e-09	0.314668867344512	0.442	0.336	7.94476416926721e-05	XRN2	c14
2.37757309274998e-09	0.691781597195644	0.118	0.068	8.01099477871178e-05	GPR89B	c14
2.39030858365972e-09	0.42879197824064	0.148	0.09	8.05390574178305e-05	HAVCR2	c14
2.39154615099446e-09	0.531813023593594	0.176	0.112	8.05807560116075e-05	ISOC2	c14
2.43045890645775e-09	0.528983608500641	0.17	0.107	8.18918823941873e-05	BCL9L	c14
2.45850218228267e-09	0.330893928220682	0.319	0.227	8.28367725298323e-05	FAM104A	c14
2.46665652736173e-09	0.301021500108284	0.424	0.314	8.31115250329263e-05	PPP1R7	c14
2.47420641141154e-09	0.528979987292594	0.164	0.102	8.33659108261004e-05	C6orf47	c14
2.50568070893337e-09	0.709991861258033	0.124	0.073	8.44264058068008e-05	FAM117A	c14
2.51016733415585e-09	0.236343640930459	0.762	0.644	8.45775781570471e-05	SEC61B	c14
2.51756957941446e-09	0.508625234138894	0.195	0.127	8.48269894087907e-05	BID	c14
2.52255928892664e-09	0.563645139322521	0.182	0.117	8.49951126810941e-05	HAUS3	c14
2.52944254132316e-09	0.403419315885209	0.316	0.228	8.52270369873425e-05	CPNE3	c14
2.60888724782791e-09	0.817089184006814	0.077	0.039	8.79038469283137e-05	PAK1	c14
2.61242955501931e-09	0.291137072202552	0.553	0.438	8.80232014268206e-05	RSRC2	c14
2.67649471596423e-09	0.656283129589289	0.119	0.069	9.01818129596986e-05	HRAS	c14
2.68583422009575e-09	0.452865075765674	0.188	0.12	9.04964982119063e-05	MPHOSPH6	c14
2.83338394508594e-09	0.999902225727879	0.048	0.02	9.54680386457257e-05	PLEKHG1	c14
2.8488713582349e-09	0.185247642272722	0.856	0.764	9.59898715443668e-05	HNRNPK	c14
2.87346525887992e-09	1.05173564212751	0.073	0.036	9.68185384327001e-05	KCTD9	c14
2.91244796155382e-09	0.679141424884216	0.156	0.098	9.81320216165943e-05	APEX2	c14
2.93263726881008e-09	0.77085209227723	0.103	0.057	9.88122801352868e-05	C1orf216	c14
2.96735218986703e-09	0.335344484463605	0.386	0.286	9.99819646853797e-05	PLEKHJ1	c14
3.09506634079501e-09	0.356841924638533	0.403	0.305	0.000104285165286747	IAH1	c14
3.20475348666331e-09	1.94112270571874	0.018	0.005	0.000107980963979634	C14orf37	c14
3.23736009752612e-09	0.529597544676639	0.183	0.118	0.000109079611126045	MED19	c14
3.2445287481367e-09	0.498882945969563	0.205	0.135	0.000109321151639718	TFDP1	c14
3.29477917677475e-09	0.800365891964678	0.111	0.063	0.000111014289582248	NIPSNAP3A	c14
3.29494122462704e-09	0.458597026148311	0.264	0.185	0.000111019749622583	ARF3	c14
3.36419686873793e-09	0.358838953275444	0.213	0.141	0.000113353249295256	MAP3K8	c14
3.39722761439614e-09	0.305514674889583	0.383	0.282	0.000114466187239464	ZNF24	c14
3.39924792507625e-09	0.453362964116103	0.221	0.148	0.000114534259587519	UBE2D1	c14
3.51740248103594e-09	0.33272121050174	0.3	0.209	0.000118515359196025	PFDN6	c14
3.55729254222904e-09	0.346125100101693	0.313	0.223	0.000119859414917865	TAF12	c14
3.62225324833215e-09	0.321054956244825	0.382	0.279	0.000122048200949304	RGS14	c14
3.66928993463812e-09	0.664144908110885	0.134	0.08	0.000123633055057697	MSH3	c14
3.73831776202788e-09	0.377606064340549	0.306	0.217	0.000125958878673768	AASDHPPT	c14
3.79561600729489e-09	0.300855670868253	0.664	0.553	0.000127889485749794	IFI16	c14
3.84218527282105e-09	0.277409725561985	0.596	0.473	0.000129458590582432	SELT	c14
3.8668544952187e-09	1.0334560208792	0.063	0.03	0.000130289795361899	RP6-91H8.3	c14
3.87800490040368e-09	0.280930371812044	0.512	0.393	0.000130665497114202	RAB2A	c14
3.90790786552595e-09	0.647771043900389	0.111	0.063	0.000131673047621031	FAM122C	c14
3.94804819840678e-09	0.934088539589066	0.064	0.03	0.000133025535997118	PDE4A	c14
3.97528636604191e-09	1.69515613462406	0.023	0.007	0.000133943298817416	PIK3R6	c14
4.07379583971725e-09	0.359734354090435	0.163	0.1	0.000137262477023433	PECAM1	c14
4.10272530442679e-09	0.343896880695507	0.316	0.227	0.000138237226407356	SRP72	c14
4.27772796391991e-09	0.244633576639452	0.58	0.443	0.000144133766016317	NDUFS6	c14
4.35602634318269e-09	0.31777968021471	0.339	0.242	0.000146771951607198	BTN3A1	c14
4.36052739020923e-09	0.935161623343844	0.074	0.037	0.00014692360988571	LAMP3	c14
4.36409458346024e-09	0.342016527075915	0.42	0.314	0.000147043802895109	PSMD13	c14
4.36505403554287e-09	0.581331209184931	0.158	0.099	0.000147076130673582	ST6GALNAC4	c14
4.42922543601779e-09	0.315623282995474	0.362	0.262	0.000149238321841183	RBM42	c14
4.56856360580584e-09	0.916178044020769	0.059	0.027	0.000153933182134022	PPP1R3B	c14
4.63380259577022e-09	0.465359940114146	0.197	0.129	0.000156131344661882	KPNA3	c14
4.72656866258922e-09	0.427893933538696	0.238	0.163	0.000159257004517281	USB1	c14
4.84391720428411e-09	0.891558322275879	0.059	0.027	0.000163210946281149	B4GALT5	c14
4.85381966010576e-09	0.513759655094173	0.187	0.12	0.000163544599627603	VGLL4	c14
5.11855209311185e-09	0.385816904661947	0.291	0.206	0.000172464494225311	ACTR1A	c14
5.12073345206853e-09	0.338164851227146	0.358	0.262	0.000172537992933997	ZBTB8OS	c14
5.13119344907374e-09	0.536611486877688	0.183	0.119	0.000172890432073091	NUBP1	c14
5.2592691836192e-09	1.17897841978167	0.041	0.016	0.000177205815872865	ABL1	c14
5.45393031917456e-09	0.252770903416682	0.735	0.611	0.000183764728174268	RBM8A	c14
5.55184895496052e-09	0.319728177790907	0.321	0.23	0.00018706399868844	SYNCRIP	c14
5.55531107759785e-09	0.293208610360528	0.424	0.316	0.000187180651448582	PRDX3	c14
5.60796645850451e-09	0.369063928296776	0.37	0.273	0.000188954821852851	PSMC3	c14
5.60953832173194e-09	0.630147595408217	0.094	0.05	0.000189007784212436	YBX3	c14
5.6272615228965e-09	0.271242554023625	0.46	0.349	0.000189604949752475	TANK	c14
5.72756892001944e-09	0.390320084333774	0.259	0.18	0.000192984707191135	PSMD14	c14
5.76707862973272e-09	1.80218897933725	0.02	0.005	0.000194315947350214	DPF3	c14
5.83940341040909e-09	0.38660144055945	0.269	0.188	0.000196752858510324	SAR1B	c14
5.87118253077083e-09	0.787086476979512	0.101	0.056	0.000197823624191792	MRPL30	c14
5.90532115741218e-09	0.554615538264907	0.156	0.098	0.000198973891077846	TOR2A	c14
6.01381869843679e-09	0.44049856251527	0.26	0.181	0.000202629607225129	NTMT1	c14
6.03317851560872e-09	0.373323510843373	0.281	0.196	0.00020328191690492	SNRNP27	c14
6.061805669048e-09	0.95432584253187	0.053	0.024	0.000204246480212903	UAP1L1	c14
6.07684382229443e-09	0.691734890095474	0.083	0.043	0.000204753175748388	MAP9	c14
6.26855717592305e-09	0.29688702088535	0.457	0.345	0.000211212765485551	RPA2	c14
6.3100432065865e-09	0.175390637405603	0.593	0.458	0.000212610595802726	NFATC2	c14
6.53010301236239e-09	0.822926318326978	0.112	0.065	0.000220025290898538	PDLIM7	c14
6.5335752324285e-09	1.18708010529362	0.045	0.019	0.000220142283881446	KIAA1841	c14
6.5808359964507e-09	0.703609937818052	0.132	0.08	0.00022173468806441	APOBEC3F	c14
6.63873930441943e-09	0.393421799576497	0.267	0.187	0.000223685682123108	GLTP	c14
6.76902288567416e-09	0.627169556630078	0.131	0.078	0.000228075457109905	CTNNA1	c14
6.81485796528931e-09	0.580213608686242	0.127	0.075	0.000229619824282458	RHBDF2	c14
6.86183426263349e-09	0.320117911625208	0.347	0.254	0.000231202643645173	VTI1B	c14
6.89159578759716e-09	0.291872273712792	0.421	0.32	0.000232205428467299	MAPRE2	c14
6.96890830435269e-09	1.84716895281221	0.015	0.004	0.000234810396406859	LANCL3	c14
6.98072348500592e-09	0.409709883400784	0.252	0.174	0.000235208497103789	ARFGAP3	c14
7.01182797862503e-09	0.367538442179392	0.347	0.255	0.000236256531911792	ECHS1	c14
7.03364154170319e-09	0.302516995234754	0.593	0.487	0.000236991518106147	RBCK1	c14
7.1791684220984e-09	0.519746520080373	0.143	0.087	0.000241894900814183	BORCS7	c14
7.18250952345823e-09	0.486976186883729	0.182	0.117	0.000242007475883402	RMDN3	c14
7.24762101493084e-09	0.395615868281495	0.215	0.143	0.00024420134247708	MFSD1	c14
7.75243648506473e-09	0.230798066198348	0.601	0.471	0.000261210594927771	GDI2	c14
7.75745031131151e-09	0.760627919006302	0.121	0.072	0.00026137953078933	IER5	c14
7.81424713589617e-09	0.94313294355408	0.062	0.029	0.000263293242996885	NUGGC	c14
7.94863558708398e-09	0.339094209313204	0.25	0.17	0.000267821327471208	DCAF5	c14
7.96066446435481e-09	0.359575516633311	0.34	0.25	0.000268226628461971	TMEM50B	c14
8.04597236009593e-09	0.457448968996206	0.173	0.11	0.000271100992701072	ZNF585A	c14
8.21197318888849e-09	0.28405255447683	0.417	0.309	0.000276694224626409	ADIPOR1	c14
8.26090462146023e-09	0.558845774165429	0.126	0.075	0.000278342920315481	KBTBD2	c14
8.36495294639845e-09	0.119638169935202	0.992	0.952	0.000281848724575949	H3F3A	c14
8.41943846076694e-09	0.665723120435825	0.082	0.043	0.000283684559497081	PLXDC1	c14
8.4641871487814e-09	0.556556364884736	0.181	0.118	0.000285192321791041	ISOC1	c14
8.60850750590306e-09	1.29966918033383	0.026	0.008	0.000290055051903898	ULBP2	c14
8.61160569355459e-09	1.23474892932356	0.067	0.033	0.000290159442238628	TRGV8	c14
8.63796585703508e-09	0.557236700018257	0.166	0.107	0.00029104762158694	C8orf76	c14
8.70020122462217e-09	1.60793647221246	0.024	0.007	0.000293144580062419	NRSN2-AS1	c14
8.74173577300199e-09	1.16657471539728	0.036	0.014	0.000294544045135529	SMPD3	c14
8.87857436094219e-09	0.5372299665706	0.145	0.089	0.000299154684517586	KCTD5	c14
9.01191437460366e-09	0.594282542351441	0.163	0.104	0.000303647442937896	CRCP	c14
9.22459203815084e-09	0.20206344302645	0.582	0.451	0.000310813404133454	CAMK4	c14
1.08036156044651e-08	0.58270311352789	0.152	0.095	0.000364017024176848	FARSB	c14
1.08101822539613e-08	0.370712275553541	0.311	0.225	0.000364238280864973	SNX2	c14
1.08888058856929e-08	1.05637461375962	0.05	0.022	0.000366887425512535	P2RY11	c14
1.10121670200456e-08	0.529777475993199	0.169	0.108	0.000371043955573417	SLC35B2	c14
1.10359184627245e-08	0.353495331078225	0.399	0.304	0.000371844236683041	MRPS18C	c14
1.12470588671569e-08	1.9137195680291	0.017	0.004	0.000378958401469985	LINC00996	c14
1.13922134653084e-08	0.307527671608756	0.329	0.235	0.000383849240500102	HPRT1	c14
1.17124219565515e-08	0.36303605822924	0.288	0.204	0.000394638345404047	CNDP2	c14
1.17341723106956e-08	0.217422702904853	0.684	0.551	0.000395371201836579	FAM96B	c14
1.17511261541026e-08	0.768919595492605	0.106	0.06	0.000395942444636333	PELO	c14
1.19173671312222e-08	0.371212361615231	0.281	0.199	0.000401543768119401	ACO2	c14
1.22339377044028e-08	0.487723368034203	0.201	0.135	0.00041221029701215	CHFR	c14
1.22940182209217e-08	0.349488061987019	0.231	0.157	0.000414234649935735	HERC4	c14
1.25425183344899e-08	0.275211105984462	0.382	0.28	0.000422607612762301	PEF1	c14
1.25750888743119e-08	1.45871188672423	0.026	0.008	0.000423705044531067	HIF1A-AS2	c14
1.26460846386091e-08	0.587476477670825	0.166	0.107	0.000426097175813296	SEPT11	c14
1.30081910966884e-08	0.633712362856663	0.121	0.072	0.000438297990811819	EPT1	c14
1.30147702547034e-08	0.387541135928368	0.227	0.154	0.000438519668961976	TMEM223	c14
1.30490758821003e-08	0.38411633762517	0.252	0.174	0.000439675562771488	UBAP1	c14
1.31035190842285e-08	0.566587898754585	0.16	0.103	0.000441509972023994	GNL2	c14
1.35417990194979e-08	0.181001410699507	0.851	0.749	0.000456277376162962	PTGES3	c14
1.36166210853628e-08	0.654601471424853	0.116	0.068	0.000458798430850215	RIPK3	c14
1.41333532554933e-08	0.382352287342939	0.276	0.196	0.000476209204590592	HELZ	c14
1.41509022896715e-08	0.433740070280292	0.208	0.139	0.000476800501748193	ARRDC3	c14
1.41556265757103e-08	0.389289788823947	0.252	0.175	0.000476959681841981	ACTR10	c14
1.43517443375009e-08	0.39359515289772	0.232	0.16	0.000483567673707757	MAPKAPK3	c14
1.44273080165769e-08	0.41974323111508	0.253	0.175	0.000486113716310543	SURF2	c14
1.46388377768592e-08	0.327975321824311	0.267	0.185	0.000493241000053494	CXorf38	c14
1.4983948188693e-08	0.376055430275317	0.28	0.198	0.000504869150269823	MTHFS	c14
1.50363004470158e-08	0.467913290935324	0.154	0.096	0.000506633107261749	SKAP2	c14
1.52961397583964e-08	0.557948476735864	0.185	0.123	0.000515388133019408	STAT2	c14
1.56387812663025e-08	0.996540640384675	0.044	0.019	0.000526933095986795	ZNF296	c14
1.57606967538434e-08	0.211244140051296	0.734	0.603	0.000531040916423998	ARF5	c14
1.61945426244944e-08	0.473665684826438	0.196	0.131	0.000545658919189715	CPT1A	c14
1.63267939592007e-08	2.04899501857629	0.017	0.005	0.000550114995661308	PPARGC1B	c14
1.63452793484167e-08	0.302439637085529	0.408	0.308	0.000550737842365553	ARL2BP	c14
1.6529860289689e-08	0.347540205659331	0.335	0.246	0.000556957112600781	RSU1	c14
1.68339396886557e-08	0.347952959773523	0.353	0.262	0.000567202763869566	PSMD11	c14
1.72405558011324e-08	0.879073002641297	0.061	0.029	0.000580903287163356	ARHGEF12	c14
1.73217345744506e-08	0.288733220839783	0.477	0.372	0.000583638524751537	DDX3X	c14
1.74305002405834e-08	0.507817432790673	0.197	0.132	0.000587303275106218	ACOT8	c14
1.74930838228741e-08	0.615427186393899	0.128	0.078	0.000589411966327919	RPS6KA4	c14
1.76257271469186e-08	0.456858686385892	0.3	0.219	0.000593881250488276	PHLDA1	c14
1.78669561316847e-08	0.582826928477294	0.111	0.064	0.000602009219900983	CC2D1B	c14
1.81474791481094e-08	0.703997853931015	0.108	0.062	0.000611461162416399	BCOR	c14
1.83362804785795e-08	0.56144070572432	0.09	0.049	0.000617822634445258	DUSP6	c14
1.83672780483266e-08	0.261570367845488	0.505	0.395	0.000618867066560316	MRPS34	c14
1.84371585401659e-08	0.674154764942973	0.112	0.065	0.000621221619852351	C17orf75	c14
1.8627120426641e-08	0.564726670972787	0.173	0.113	0.000627622195655242	MAGOHB	c14
1.87198155086189e-08	0.475657389635813	0.138	0.084	0.000630745463747405	PIP4K2C	c14
1.94380925277513e-08	0.252058377984434	0.676	0.558	0.000654947089630052	SAP18	c14
1.96319981869813e-08	1.27568556481728	0.034	0.013	0.000661480546912148	RP11-244H3.4	c14
2.03067974121775e-08	1.35576277178958	0.031	0.011	0.000684217232005909	SLC4A8	c14
2.04543054209871e-08	0.205567566577495	0.588	0.463	0.000689187366854738	IKZF3	c14
2.08299475370266e-08	0.365360050125022	0.287	0.206	0.000701844252312574	ZDHHC12	c14
2.14264048293135e-08	0.920720337582003	0.066	0.033	0.000721941284318888	ATXN7L3	c14
2.14415388395175e-08	0.315465647512906	0.344	0.253	0.000722451209658703	PSMC6	c14
2.17696838121435e-08	0.274686070958527	0.456	0.351	0.000733507726366362	YWHAE	c14
2.1795243553712e-08	0.537038877367836	0.164	0.106	0.000734368936298773	U2AF1	c14
2.21371672529911e-08	0.300200962007147	0.307	0.22	0.000745889713422284	PLCG1	c14
2.28787532717686e-08	0.23115461986314	0.562	0.438	0.000770876712738972	HNRNPM	c14
2.31695375151832e-08	0.326489610174904	0.335	0.247	0.000780674397036582	STOML2	c14
2.33989269213283e-08	0.322620723900238	0.378	0.282	0.000788403443687235	DCTN2	c14
2.34547022475155e-08	0.246783517472853	0.621	0.493	0.000790282737527786	RNF7	c14
2.37574044821097e-08	0.669574045881268	0.103	0.059	0.000800481986620205	SOS1	c14
2.45228788032863e-08	0.424818763744329	0.177	0.115	0.000826273878397929	GALK1	c14
2.4725508479442e-08	0.811993906749952	0.063	0.03	0.000833101282706317	ALG9	c14
2.4828092854124e-08	0.495411468532774	0.199	0.135	0.000836557760626855	MRPL48	c14
2.50522297178168e-08	0.316911030286671	0.314	0.227	0.000844109828112118	MICU2	c14
2.50875256125356e-08	0.374239753829684	0.247	0.172	0.000845299087988775	DNAJC3	c14
2.55332830576956e-08	0.56868527713557	0.129	0.078	0.000860318439345996	REEP4	c14
2.60681890858771e-08	0.490988368117468	0.166	0.107	0.000878341563059542	TCHP	c14
2.62617444543107e-08	0.320789598715982	0.375	0.282	0.000884863217643546	CNPPD1	c14
2.63835303588074e-08	3.06427788746825	0.011	0.002	0.000888966671909657	SERPINE1	c14
2.67607499738892e-08	0.506519664034368	0.094	0.052	0.000901676709620221	GSR	c14
2.71905593125677e-08	0.379660790624388	0.231	0.159	0.000916158705477657	NIP7	c14
2.74232660147597e-08	0.528633825427397	0.198	0.135	0.000923999525101315	WDFY1	c14
2.74560831200755e-08	0.351178268035917	0.33	0.244	0.000925105264647825	CEBPZ	c14
2.75585909841328e-08	0.790780287602696	0.086	0.047	0.000928559164619372	CTPS1	c14
2.79722769352349e-08	0.315388374241122	0.272	0.193	0.000942497899055804	SLC38A2	c14
2.80398452627367e-08	0.233596269560058	0.682	0.551	0.000944774546282649	UQCRQ	c14
2.8220176862573e-08	0.368757413465873	0.245	0.17	0.000950850639207534	NARS	c14
2.87677266097348e-08	0.326915510025844	0.269	0.188	0.000969299780388404	N4BP2L1	c14
2.97128439515937e-08	0.285998702146976	0.379	0.279	0.001001144564105	HSBP1	c14
2.97416254397748e-08	0.58984368357154	0.109	0.063	0.00100211432756777	PMEPA1	c14
3.02691866037634e-08	0.260153065821415	0.533	0.412	0.0010198899734272	TALDO1	c14
3.03217904755584e-08	0.361604368019959	0.3	0.217	0.00102166240828346	SEC31A	c14
3.04917115678075e-08	0.293306323283771	0.57	0.468	0.00102738772956571	C9orf78	c14
3.0849282931934e-08	0.734566200671492	0.095	0.053	0.00103943573910858	DDX19B	c14
3.08511070679095e-08	0.666916880640782	0.1	0.057	0.00103949720154614	UBXN2B	c14
3.18947561674888e-08	0.518994114312587	0.184	0.123	0.00107466191430737	GLRX5	c14
3.21690998987558e-08	0.425107450849765	0.228	0.157	0.00108390565198868	BRIX1	c14
3.22337728795183e-08	0.31741036106353	0.36	0.267	0.00108608474340249	IDH3G	c14
3.25751370531047e-08	0.207013326845293	0.771	0.667	0.00109758666786731	SRSF2	c14
3.30454598891861e-08	0.445660409692167	0.173	0.114	0.00111343372550624	TNFSF13B	c14
3.30858847868062e-08	0.643471724228974	0.096	0.054	0.00111479580200665	TGFBR1	c14
3.47726609000305e-08	0.606227319803158	0.12	0.072	0.00117163003636563	TOR1B	c14
3.57330144582466e-08	0.491599780516276	0.163	0.106	0.00120398818915616	SMC6	c14
3.58955793061101e-08	0.485813778390632	0.141	0.087	0.00120946564914007	CYSTM1	c14
3.61431159129057e-08	0.326424739195378	0.294	0.214	0.00121780614756944	RIOK3	c14
3.69764258404858e-08	0.201644019037968	0.782	0.663	0.00124588369226933	MORF4L1	c14
3.73335073976913e-08	0.447990769983857	0.165	0.107	0.00125791519825781	SLC25A12	c14
3.81949964422324e-08	0.429098993857155	0.212	0.144	0.00128694221012458	ACLY	c14
3.84173024473627e-08	0.497618416001977	0.153	0.097	0.00129443258866144	FCHO1	c14
3.88169872666352e-08	0.318135859202046	0.312	0.226	0.00130789956896201	ATG5	c14
3.88801814923366e-08	0.440491993906476	0.209	0.142	0.00131002883520279	MTFP1	c14
3.96090880127823e-08	0.470025942865579	0.209	0.144	0.00133458861150269	SAMM50	c14
3.96124101052906e-08	0.28775251999315	0.348	0.258	0.00133470054608766	TAF9	c14
4.07775573099417e-08	0.409787890384731	0.251	0.179	0.00137395901600117	IL10RB	c14
4.10306339790461e-08	0.539592775856744	0.148	0.094	0.00138248618128998	RUFY1	c14
4.12650853001613e-08	0.233111532803733	0.487	0.376	0.00139038578410363	MRFAP1	c14
4.13488202558358e-08	0.262644212574333	0.491	0.382	0.00139320714970013	NUDC	c14
4.20737087915297e-08	0.603884393040775	0.103	0.059	0.0014176315440218	FAM210A	c14
4.22679034401642e-08	0.357685379308275	0.296	0.216	0.00142417473851289	SREK1IP1	c14
4.23618176254211e-08	0.383773950641747	0.226	0.156	0.00142733908307094	IGSF8	c14
4.36322928720215e-08	0.509309897100359	0.181	0.121	0.00147014647602989	RAP2C	c14
4.41584702365384e-08	0.265480332991178	0.387	0.291	0.00148787549614993	RNASEH2B	c14
4.52085284352242e-08	0.396889588694403	0.289	0.209	0.00152325615709644	LARP7	c14
4.59956266945593e-08	0.599330973340306	0.133	0.082	0.00154977664584648	KIAA1715	c14
4.66034114309856e-08	0.501095252552241	0.152	0.097	0.00157025534475563	TRIB2	c14
4.68309883294387e-08	0.293418274072335	0.377	0.28	0.00157792332077211	LIX1L	c14
4.7191237449684e-08	0.206754724334476	0.736	0.611	0.00159006155462965	ATP6V0C	c14
4.77464609687541e-08	1.15916882117959	0.054	0.026	0.0016087692558812	VKORC1L1	c14
4.8183901183789e-08	0.491577048475621	0.187	0.125	0.00162350836648659	EBNA1BP2	c14
4.88548606043373e-08	0.92242380633428	0.051	0.024	0.00164611567320254	NBPF3	c14
4.91474896087801e-08	2.15781441795056	0.012	0.003	0.00165597551487824	KMO	c14
4.93946564220078e-08	0.878870017370396	0.061	0.03	0.00166430355348313	MPP1	c14
4.94130614603008e-08	0.336954357842712	0.32	0.237	0.00166492369284338	TMEM167A	c14
5.00803057573156e-08	0.34093711782495	0.318	0.234	0.00168740582218699	RAB29	c14
5.01145607132073e-08	0.436118590170017	0.172	0.112	0.00168856000867081	AD000671.6	c14
5.07895176070803e-08	1.30833742057252	0.026	0.009	0.00171130200625296	CD68	c14
5.09173291002973e-08	0.320828490541129	0.376	0.281	0.00171560848670542	LSM10	c14
5.14634832866577e-08	2.14066390895174	0.014	0.003	0.00173401060586065	TSHZ3	c14
5.31413350798036e-08	0.444344832574559	0.206	0.139	0.0017905441441789	SMYD2	c14
5.40478983312061e-08	0.345184043085212	0.269	0.192	0.00182108988637166	MRPL36	c14
5.46158119347173e-08	0.351301669688499	0.221	0.151	0.00184022516732837	BRE	c14
5.51540528212719e-08	0.582745037161025	0.106	0.062	0.00185836065575994	TMEM192	c14
5.62626969964313e-08	0.495283547616892	0.169	0.11	0.00189571531259776	TMEM242	c14
5.83493981311667e-08	0.25117634367178	0.275	0.194	0.00196602462063153	ATP8A1	c14
5.84759342985491e-08	0.483344517489898	0.183	0.123	0.00197028813025531	TM7SF3	c14
5.87601204133379e-08	0.261261816902736	0.506	0.389	0.00197986349720701	TMED9	c14
5.93564931450457e-08	0.285193749625523	0.356	0.263	0.00199995768002917	SAP30BP	c14
6.00002253662593e-08	0.519819352072448	0.164	0.107	0.00202164759349074	QDPR	c14
6.05454995900067e-08	0.310473892160382	0.261	0.184	0.00204002006318569	USP33	c14
6.06523420768218e-08	0.287496308390834	0.437	0.333	0.00204362001393644	UQCRC1	c14
6.08190310709353e-08	0.720816359171652	0.096	0.054	0.00204923643290409	CARS2	c14
6.0959580173271e-08	0.379951010496642	0.268	0.193	0.00205397209435819	NAA20	c14
6.23712119485182e-08	0.260998731200517	0.526	0.411	0.00210153561539337	TCEB1	c14
6.36602412604016e-08	1.4911138373322	0.052	0.025	0.00214496816902797	TRBV14	c14
6.4095378039001e-08	0.726422795748424	0.085	0.047	0.0021596296676461	TCP11L1	c14
6.59114990924041e-08	0.226176301577016	0.655	0.53	0.00222082205041946	MDH2	c14
6.77032904481255e-08	0.21370899352495	0.6	0.493	0.00228119466835914	FLNA	c14
6.79954190157297e-08	1.07220100600661	0.029	0.01	0.002291037648316	WNT1	c14
6.8145395475043e-08	1.05977463695111	0.038	0.016	0.0022960909551361	RP11-81H14.2	c14
6.85355477495581e-08	0.343421242141541	0.249	0.174	0.00230923674587361	POLR3K	c14
7.06596619076916e-08	0.221306630075198	0.54	0.432	0.00238080664831776	CD47	c14
7.08814783101796e-08	0.297108412688528	0.377	0.284	0.00238828053018319	ETFA	c14
7.15959854359986e-08	0.427714072624869	0.191	0.128	0.00241235513328054	TANGO2	c14
7.16594638151607e-08	0.220016669814745	0.593	0.474	0.00241449397378803	RAD23A	c14
7.21002143952233e-08	0.288499028413943	0.381	0.285	0.00242934462383266	UFD1L	c14
7.21512900371182e-08	0.375730143743403	0.261	0.187	0.00243106556651066	RAB1A	c14
7.24288408771326e-08	0.237104816902708	0.772	0.666	0.00244041736451411	C11orf31	c14
7.28827845241367e-08	0.358186657217256	0.176	0.115	0.00245571254175626	NBEAL2	c14
7.3923436207526e-08	0.380031435005603	0.198	0.133	0.00249077625957638	SLC4A1AP	c14
7.42676573470342e-08	0.400853614159103	0.178	0.117	0.00250237444665097	NTAN1	c14
7.56579952873935e-08	0.588558424430408	0.153	0.099	0.00254922049321344	KLHDC7B	c14
7.74437142042523e-08	0.630760104467798	0.137	0.086	0.00260938850639808	PSMG1	c14
7.88421209298487e-08	0.348250434679913	0.294	0.214	0.00265650642261032	NCOA4	c14
7.95054017832459e-08	0.464658354719744	0.164	0.107	0.00267885500768469	METTL10	c14
8.03927380132687e-08	0.48516201783558	0.15	0.096	0.00270875291461907	SPTY2D1	c14
8.04077629766244e-08	0.617649467975705	0.136	0.085	0.00270925916573438	AAED1	c14
8.17426373354496e-08	0.318323121262631	0.335	0.249	0.00275423642238064	INO80E	c14
8.19061454976633e-08	0.658050302823681	0.117	0.071	0.00275974566639827	MFSD14B	c14
8.28528011099884e-08	0.549426802387487	0.127	0.079	0.00279164228059995	ACOT2	c14
8.29687112712403e-08	0.653858629327801	0.12	0.073	0.00279554775757317	BCAT2	c14
8.30351670430044e-08	0.237173894491711	0.514	0.402	0.00279778691834699	ENY2	c14
8.43556612094224e-08	0.305226366314817	0.348	0.258	0.00284227964879028	MAP7D1	c14
8.46197517225874e-08	0.356748372999074	0.266	0.19	0.00285117791454086	DTD1	c14
8.62782042953277e-08	0.276704515861298	0.417	0.32	0.00290705781552677	NENF	c14
8.66909229907184e-08	0.329225321203101	0.246	0.172	0.00292096395924927	DEDD2	c14
8.69506310574248e-08	0.80412317402055	0.052	0.025	0.00292971456284887	CIITA	c14
8.70265208767758e-08	0.648329577376471	0.12	0.074	0.00293227159442208	PXK	c14
8.80218784193864e-08	1.70505765139258	0.016	0.004	0.00296580917146281	TRBJ2-7	c14
8.83311087522471e-08	0.245196841494086	0.484	0.374	0.00297622837829821	FGFR1OP2	c14
8.83917861445844e-08	0.297889050360181	0.37	0.278	0.00297827284235563	FAM50A	c14
8.92697423770858e-08	0.324955133702212	0.258	0.184	0.00300785469965353	CLTC	c14
8.98869338739155e-08	0.642297443439368	0.135	0.085	0.00302865034994771	ALG8	c14
9.05442867901339e-08	1.24334383529194	0.036	0.015	0.00305079919910677	DDTL	c14
9.06652482084217e-08	1.03325140087394	0.057	0.028	0.00305487487313456	RP11-386I14.4	c14
9.08795595125935e-08	0.371591460872708	0.239	0.169	0.00306209587821732	TMEM204	c14
9.21081516798429e-08	0.157839320344777	0.452	0.338	0.00310349206270063	LYAR	c14
9.23463224885512e-08	0.219320603776563	0.693	0.571	0.00311151698992924	RAC1	c14
9.32466215269722e-08	0.402784241649575	0.199	0.136	0.0031418516657298	HACD3	c14
9.32851001399909e-08	0.411010645080184	0.221	0.154	0.00314314816411685	YY1AP1	c14
9.43889798511055e-08	0.308725486073178	0.289	0.211	0.00318034228710315	PHF20L1	c14
9.44796580972839e-08	0.361776159567965	0.212	0.145	0.00318339759992988	TRAPPC2P1	c14
9.50940124347379e-08	0.262991011163669	0.443	0.34	0.00320409765497606	MRFAP1L1	c14
9.5343881017181e-08	0.377693646627563	0.232	0.164	0.0032125167269929	UBR2	c14
9.58874177102002e-08	0.215833652176002	0.396	0.295	0.00323083065232749	DHX36	c14
9.6627504146792e-08	0.417562433141173	0.195	0.132	0.00325576712472201	EBP	c14
9.70290648680279e-08	2.29264687326941	0.01	0.002	0.00326929731166333	ULBP3	c14
9.9193629410004e-08	0.283101146614081	0.351	0.261	0.00334223014934068	AHSA1	c14
9.98626007232305e-08	0.40404174600375	0.235	0.167	0.00336477046876853	CTR9	c14
9.99653619968805e-08	0.361771611002465	0.252	0.179	0.00336823290712289	BORCS5	c14
1.00117892465886e-07	0.175661374750235	0.436	0.333	0.00337337226874558	CCND2	c14
1.01099534501991e-07	0.218596744132993	0.583	0.465	0.00340644771551009	CBX3	c14
1.01168077627088e-07	0.32868266894817	0.331	0.244	0.00340875720756712	TBCC	c14
1.01210064269899e-07	0.183139811134178	0.865	0.777	0.00341017190550997	COX5B	c14
1.02003282575406e-07	0.390631916118575	0.196	0.133	0.00343689860309574	SEC23B	c14
1.02150763520199e-07	0.248486536850782	0.552	0.436	0.00344186782604958	AP2M1	c14
1.0268650597061e-07	0.451197621585997	0.211	0.147	0.00345991913217374	IKBKG	c14
1.05214081274105e-07	0.802354706339888	0.065	0.033	0.00354508325444969	ACAP3	c14
1.0679672287246e-07	0.146091663289871	0.923	0.818	0.00359840878046466	NDUFA4	c14
1.0705267672926e-07	0.252211392037498	0.482	0.377	0.00360703288971569	SBDS	c14
1.10108120863615e-07	0.641523080358443	0.135	0.086	0.00370998302437865	MUL1	c14
1.10164744805868e-07	0.539013767185559	0.14	0.088	0.00371189091148892	RRP15	c14
1.10438080512494e-07	1.07439040385366	0.061	0.03	0.00372110068478799	MTHFD1L	c14
1.11078313176444e-07	0.224123214087215	0.63	0.513	0.00374267268416711	CYCS	c14
1.11161920747248e-07	0.294926133365437	0.257	0.182	0.00374548975765777	PPP2R5E	c14
1.11992166523036e-07	0.222511282254169	0.48	0.372	0.00377346405882719	NUCB1	c14
1.13099336589934e-07	0.443697561703095	0.181	0.121	0.00381076904706125	CEBPG	c14
1.13996468723275e-07	0.322316324697988	0.258	0.183	0.00384099701716201	RTN3	c14
1.15075813558017e-07	0.201876280773133	0.744	0.625	0.00387736446202384	NBEAL1	c14
1.15656435449488e-07	0.326004216504687	0.274	0.197	0.00389692793603505	RAB3GAP1	c14
1.16127283343812e-07	0.958215089538095	0.066	0.034	0.00391279268498639	SLC2A8	c14
1.16337546206527e-07	0.136656206441876	0.629	0.491	0.00391987728188272	ARPC5L	c14
1.16376229200672e-07	0.292354984595329	0.336	0.25	0.00392118066668743	TIMM8B	c14
1.17646053897238e-07	0.210979133971529	0.535	0.426	0.00396396614001353	CASP4	c14
1.19457028173714e-07	1.32902097349304	0.029	0.011	0.00402498510728513	TSPAN4	c14
1.20039679199383e-07	0.219236020974397	0.527	0.415	0.00404461695094403	PRKAR1A	c14
1.20597088641696e-07	0.415986606155105	0.188	0.128	0.00406339830469329	SYT11	c14
1.21936241939299e-07	1.30970430481055	0.036	0.015	0.00410851973590275	FADS3	c14
1.22766916136082e-07	0.313860798135878	0.336	0.25	0.00413650847228914	CCDC53	c14
1.22790204768661e-07	0.919779725788174	0.055	0.027	0.00413729315947526	MSANTD3	c14
1.23441355664614e-07	0.509891832096812	0.177	0.119	0.00415923303776349	CINP	c14
1.26133819637026e-07	0.34310078289418	0.339	0.256	0.00424995291884994	VPS35	c14
1.26791579775265e-07	0.393100931757286	0.262	0.19	0.00427211548894777	RNF11	c14
1.27473187583769e-07	0.550645100751486	0.107	0.064	0.00429508158244751	DFNB31	c14
1.27804955848723e-07	0.256448541638568	0.333	0.245	0.00430626018236689	CDK17	c14
1.30332067003983e-07	0.290725421901623	0.296	0.216	0.00439140866563221	RRAGA	c14
1.30749347885919e-07	0.349542261638557	0.21	0.144	0.00440546852766816	CCDC47	c14
1.32294955503871e-07	0.342891783193405	0.246	0.173	0.00445754623074743	TMEM222	c14
1.3314124318548e-07	0.279609138975752	0.285	0.207	0.00448606104789158	USP8	c14
1.33510229755205e-07	0.449279939391754	0.162	0.106	0.00449849368137188	USP30-AS1	c14
1.39419040106755e-07	1.30205969485421	0.029	0.011	0.004697585137357	NPM2	c14
1.39761603741758e-07	0.852747405634141	0.064	0.032	0.00470912747647479	TTLL12	c14
1.40078046912765e-07	0.343149106502669	0.217	0.151	0.00471978971267871	EXOSC10	c14
1.41765550878586e-07	0.430359497759274	0.178	0.119	0.00477664847130309	CDK5RAP1	c14
1.43384073305997e-07	0.864005509744811	0.05	0.024	0.00483118296597225	MYO1D	c14
1.43733982771801e-07	0.40598554040182	0.211	0.146	0.00484297281551308	SGF29	c14
1.45264711359166e-07	0.905824077658689	0.065	0.033	0.00489454918453575	LETM2	c14
1.45274951812699e-07	0.65109880810806	0.079	0.043	0.00489489422637709	SLC43A1	c14
1.46561084243135e-07	0.245262084520679	0.473	0.365	0.0049382291724882	PSMD7	c14
1.46863364236925e-07	0.464471555731924	0.144	0.092	0.00494841419459894	RPL39L	c14
1.51703664571118e-07	0.246238794180134	0.392	0.296	0.00511150327405923	B3GAT3	c14
1.51979340943128e-07	2.06403672700522	0.012	0.003	0.00512079191373775	GSTA4	c14
1.54111996233414e-07	0.497704879420078	0.165	0.109	0.00519264960108864	TM2D2	c14
1.5534889784264e-07	0.256773618651139	0.405	0.309	0.00523432576390991	MIER1	c14
1.57052826658537e-07	0.281879710219014	0.304	0.223	0.00529173794143273	TRIM38	c14
1.58222660909019e-07	0.411180801783943	0.178	0.119	0.0053311543366685	HDAC10	c14
1.59391636938954e-07	0.487255689029727	0.152	0.098	0.00537054181502113	C7orf26	c14
1.60624108151661e-07	0.581242943509409	0.113	0.068	0.00541206870006205	MKNK1	c14
1.63228249774042e-07	0.536188879885537	0.154	0.101	0.00549981264788658	DCTN6	c14
1.63991535115326e-07	1.32015409703961	0.034	0.014	0.00552553078417578	TVP23C	c14
1.65624977866392e-07	0.635413406710033	0.112	0.068	0.00558056800423022	SMARCAL1	c14
1.66529332653562e-07	0.212451951496191	0.345	0.258	0.00561103933442912	BTG3	c14
1.74298028893459e-07	0.254324040842475	0.309	0.224	0.0058727977855362	DNTTIP2	c14
1.77319490051415e-07	0.745480364186535	0.086	0.049	0.00597460289779239	UBE2F	c14
1.78099635976978e-07	0.713609664639553	0.09	0.052	0.0060008891346083	LACTB	c14
1.79518363118353e-07	0.579846073537085	0.105	0.062	0.00604869172690977	STK40	c14
1.80155929294232e-07	0.496308115906696	0.134	0.084	0.00607017388163985	THAP3	c14
1.80175971564805e-07	0.382667127121316	0.216	0.15	0.00607084918590455	NOLC1	c14
1.80526884115293e-07	0.541296364248802	0.107	0.064	0.00608267283338067	ENG	c14
1.81526718805541e-07	0.27583172868632	0.396	0.299	0.00611636126343391	C14orf119	c14
1.81965250320273e-07	0.427555618623245	0.187	0.127	0.00613113714429127	KCTD13	c14
1.8290111762807e-07	1.1656569733884	0.037	0.015	0.00616267025736018	AC113404.1	c14
1.86991366228863e-07	0.45059725518541	0.132	0.082	0.0063004870937153	MUM1	c14
1.88225115439626e-07	0.36965108006601	0.263	0.189	0.00634205703962274	TSG101	c14
1.91227275089214e-07	1.49215849552946	0.021	0.006	0.00644321180685596	LINC01004	c14
1.91434177445998e-07	0.495495461827689	0.16	0.106	0.00645018317486545	MSMO1	c14
1.91820346832853e-07	0.506643029948278	0.123	0.076	0.00646319476618614	TMEM185A	c14
1.93729830878564e-07	0.619516663861987	0.12	0.075	0.00652753292162233	RUSC1	c14
1.93999731832142e-07	1.11460849136326	0.032	0.012	0.00653662696435218	ANKDD1A	c14
1.94369828808396e-07	0.24636634374023	0.408	0.312	0.00654909701187011	SHKBP1	c14
1.94992345298503e-07	0.286274568173288	0.43	0.342	0.00657007208248777	DYNC1H1	c14
1.96232232353756e-07	0.397616583601476	0.213	0.147	0.00661184883692747	SIRT2	c14
2.01827800649836e-07	0.606126150241275	0.118	0.073	0.00680038591509557	CDK7	c14
2.0772979407059e-07	0.358683922708778	0.21	0.145	0.00699924768141444	PREP	c14
2.07864056905738e-07	0.525283089528441	0.107	0.064	0.00700377153338192	GOLGA8A	c14
2.2028901114004e-07	0.968564146616818	0.044	0.02	0.0074224179413525	FAM83G	c14
2.20898050188581e-07	0.791543967548347	0.077	0.042	0.00744293890305406	OPN3	c14
2.21011826212933e-07	0.610919905757118	0.1	0.059	0.00744677247241857	PAK1IP1	c14
2.21958031318968e-07	0.44225844246035	0.151	0.098	0.00747865390726131	CLASP1	c14
2.22773598724076e-07	0.359199851919729	0.251	0.181	0.00750613363540903	YIF1B	c14
2.27668589982475e-07	0.368926912750013	0.225	0.158	0.00767106547086953	LINC00623	c14
2.28011509229556e-07	0.38668777037093	0.265	0.194	0.00768261979198068	PDCL3	c14
2.28523375378786e-07	0.249903776806163	0.376	0.286	0.0076998666100128	SZRD1	c14
2.31112318387401e-07	0.629120014662925	0.108	0.065	0.00778709845574508	CDK5	c14
2.38594681899246e-07	0.258880854831505	0.593	0.482	0.00803920921191319	LMAN2	c14
2.39031151773271e-07	0.325377430527095	0.218	0.151	0.0080539156278486	KPNA4	c14
2.39641551885374e-07	0.295996229856038	0.333	0.247	0.0080744824492258	C12orf65	c14
2.42236421891321e-07	0.321047576762324	0.377	0.29	0.00816191399920615	PSMB7	c14
2.44627447971605e-07	0.251143024123453	0.402	0.305	0.00824247723195527	SLBP	c14
2.54839728151214e-07	0.14551007184388	0.616	0.491	0.00858656980032701	CBLB	c14
2.61289330955386e-07	0.605279906350379	0.119	0.074	0.00880388271721079	SERTAD3	c14
2.68220912643739e-07	0.264966262899114	0.357	0.269	0.00903743543061813	ZNF800	c14
2.69243526621546e-07	0.220963357265312	0.394	0.296	0.00907189138598638	FAM129A	c14
2.70392943761275e-07	0.297227279005173	0.331	0.248	0.00911061984709239	COA4	c14
2.708626475142e-07	0.297350084411387	0.376	0.286	0.00912644604534347	NDUFS3	c14
2.75120363044426e-07	0.521218229562919	0.138	0.089	0.00926990551241888	SLC39A6	c14
2.75676336215729e-07	0.598696497506167	0.095	0.055	0.00928863847245278	XKR8	c14
2.79593341015308e-07	0.33610142309683	0.215	0.149	0.0094206180321698	COPS7A	c14
2.81497776107042e-07	1.33063568438409	0.029	0.011	0.00948478606815067	KIF18A	c14
2.84780119238129e-07	0.439793197576427	0.143	0.092	0.00959538133760951	KIF3A	c14
2.89540025243254e-07	0.311812689022261	0.33	0.247	0.00975576161054619	AP1M1	c14
2.91971963884631e-07	0.43344891515484	0.197	0.137	0.00983770335112877	MPDU1	c14
2.9607548223905e-07	0.606205177228958	0.096	0.056	0.00997596729856253	PPP4R1	c14
2.96739331807332e-07	0.23554195483763	0.581	0.478	0.00999833504591624	GHITM	c14
2.98776156881997e-07	0.333595035228386	0.257	0.184	0.010066963829982	BTN3A3	c14
3.00512904907243e-07	0.450594999186363	0.185	0.127	0.0101254818179446	MED31	c14
3.03314180641842e-07	0.249023504726727	0.499	0.395	0.0102198680025462	POLR2G	c14
3.05686841460439e-07	0.286028250138236	0.313	0.234	0.010299812436168	BAZ1B	c14
3.08554307091884e-07	0.715608990254675	0.088	0.051	0.0103964288231539	NTHL1	c14
3.11209377324357e-07	0.242190523630137	0.421	0.325	0.0104858887595669	TMUB1	c14
3.21094102777653e-07	0.492937214264911	0.141	0.091	0.0108189446989902	TXNRD1	c14
3.22588012277429e-07	0.524465647870151	0.129	0.082	0.0108692804856757	CBWD5	c14
3.26498544502122e-07	0.615402431394619	0.082	0.046	0.0110010419584545	GPD1L	c14
3.27863380317363e-07	0.389164085415885	0.188	0.128	0.0110470287364132	RWDD3	c14
3.31058574527254e-07	0.545590760416756	0.101	0.06	0.0111546876101213	MYPOP	c14
3.58329971396022e-07	0.313423824654174	0.271	0.198	0.0120735700562176	SPATA13	c14
3.67621409067651e-07	0.546191052039431	0.161	0.109	0.0123866357571254	HIST1H2AC	c14
3.6979544084254e-07	0.423302550566847	0.221	0.157	0.0124598875837485	PAIP1	c14
3.70127330717354e-07	0.312775646357919	0.279	0.202	0.0124710702811905	SMU1	c14
3.78103291540416e-07	1.32994967754377	0.03	0.012	0.0127398123051628	CEP112	c14
3.83603809430813e-07	0.369201485388972	0.324	0.249	0.0129251467549618	RAD23B	c14
3.92366480299449e-07	0.453772031939514	0.141	0.09	0.0132203961872096	CPQ	c14
3.96543244364835e-07	0.233771723309326	0.557	0.446	0.0133611280756287	NDUFS8	c14
4.0129961360309e-07	0.297399317485979	0.303	0.225	0.0135213891807425	PHC3	c14
4.10768006629869e-07	0.378017905853859	0.208	0.145	0.0138404172153868	TIMM23	c14
4.25484873201228e-07	0.306383945315509	0.332	0.25	0.0143362873176422	FIBP	c14
4.26737640052865e-07	1.65976855822864	0.02	0.006	0.0143784980439412	LRRC1	c14
4.27469723299021e-07	0.504804232768798	0.147	0.097	0.0144031648568372	LTV1	c14
4.3473687374142e-07	1.16993701832398	0.037	0.016	0.0146480242238434	SLC27A1	c14
4.37720731730622e-07	0.240135337922804	0.436	0.34	0.0147485623349316	ARF4	c14
4.53716442860071e-07	0.992766500952337	0.04	0.018	0.0152875218257272	BIK	c14
4.60429452755712e-07	0.27096621716683	0.293	0.216	0.015513709981151	TACC1	c14
4.70204026067269e-07	0.387578643819251	0.185	0.127	0.0158430544543106	RIN3	c14
4.74307005059714e-07	0.459974999191742	0.154	0.102	0.015981300228482	TSC22D2	c14
4.7676967165274e-07	0.976566893715503	0.068	0.036	0.0160642773166674	TRGV7	c14
4.81504046784631e-07	0.634958667415184	0.09	0.053	0.0162237973523613	NAA40	c14
4.82709594308635e-07	0.29111148043356	0.236	0.167	0.0162644170706351	HEXB	c14
4.85005935945227e-07	0.221177789493104	0.461	0.357	0.0163417900057385	GNAI2	c14
4.87124022130943e-07	0.224090884909887	0.494	0.389	0.01641315680168	PRPF40A	c14
4.89115749879706e-07	0.225277839228988	0.584	0.477	0.0164802660764468	TMEM14B	c14
4.98083791826204e-07	1.04112482240317	0.035	0.015	0.0167824352817921	CCDC65	c14
4.9948061471347e-07	0.347470318386787	0.159	0.105	0.0168294998321557	IVD	c14
5.00022078480537e-07	0.338171237516283	0.209	0.146	0.0168477439123232	LRIF1	c14
5.01515389173608e-07	0.274605579073808	0.327	0.244	0.0168980595228156	ZFAND2B	c14
5.02858314336972e-07	0.266609764392528	0.307	0.226	0.0169433080432699	CYB561D2	c14
5.06668022288294e-07	0.976296788546957	0.043	0.02	0.0170716723429818	EMILIN2	c14
5.06974893337857e-07	0.266634603442531	0.35	0.268	0.0170820120561258	TMED5	c14
5.10849286062332e-07	0.998886303279354	0.034	0.014	0.0172125558445842	PPM1N	c14
5.1306171854412e-07	0.684151322832652	0.087	0.051	0.0172871015446256	TSPAN2	c14
5.13612113474895e-07	0.371030703897159	0.188	0.129	0.0173056465514231	FAM21C	c14
5.23830647117703e-07	0.305037052501097	0.355	0.275	0.0176499498239839	DNAJC7	c14
5.23930586135544e-07	1.65932919400552	0.015	0.004	0.017653317169251	RGS18	c14
5.25243146882783e-07	0.366593725630321	0.214	0.151	0.0176975425910685	PAFAH1B3	c14
5.29811442400731e-07	0.255196574733856	0.354	0.266	0.0178514667402502	MRPL4	c14
5.30882265632549e-07	0.617384030978012	0.097	0.057	0.0178875470582231	LRWD1	c14
5.3683126552486e-07	0.530416029720725	0.117	0.073	0.0180879926605946	DDX10	c14
5.41156940439826e-07	0.22640714129003	0.34	0.251	0.0182337419511795	TSEN54	c14
5.4268461175091e-07	0.320718639300874	0.335	0.255	0.0182852153083352	DDRGK1	c14
5.44997604063048e-07	0.213478346100473	0.451	0.348	0.0183631492713003	PSMD4	c14
5.452668060036e-07	0.271441319115027	0.279	0.203	0.0183722197614853	CLK3	c14
5.46304293338948e-07	0.503325945330802	0.135	0.087	0.0184071768597625	TRUB2	c14
5.4639922066605e-07	0.221079216223523	0.661	0.55	0.0184103753411219	SEP15	c14
5.47980809262842e-07	1.71590982231152	0.021	0.007	0.0184636653873022	MIR210HG	c14
5.48193857537833e-07	0.643902273426353	0.095	0.056	0.0184708438358798	GATC	c14
5.50917271268463e-07	0.344919975776019	0.266	0.195	0.0185626065381196	PSMD3	c14
5.5869664170403e-07	0.159663403406054	0.835	0.727	0.0188247246455756	RBM3	c14
5.63805194261477e-07	0.278831855199169	0.404	0.315	0.0189968522154462	PAFAH1B1	c14
5.68231753095921e-07	0.526614792097422	0.105	0.064	0.019146000688814	RRP9	c14
5.70015558267443e-07	0.38778578499506	0.186	0.128	0.0192061042202632	FAM58A	c14
5.7436154641874e-07	0.59287056621528	0.078	0.044	0.019352537945033	MYO7A	c14
5.78507901266838e-07	0.43237969098882	0.118	0.073	0.0194922452252848	EPHA1-AS1	c14
5.78913484476752e-07	0.888550293126363	0.05	0.025	0.0195059109459597	KHK	c14
5.81524631853857e-07	0.238755671623199	0.303	0.225	0.0195938909456838	CHORDC1	c14
5.82352461423819e-07	0.550529633292294	0.144	0.095	0.0196217838352142	AARS	c14
5.85545764942134e-07	0.175897551845574	0.652	0.541	0.0197293790039603	BTN3A2	c14
5.89662653751002e-07	0.610313460002726	0.096	0.057	0.0198680934554863	TMEM120B	c14
5.92861209742789e-07	0.229328196290272	0.396	0.302	0.0199758656010735	ERGIC2	c14
5.98894367318019e-07	0.340783996112965	0.283	0.21	0.0201791468124133	BAG1	c14
6.00589872027091e-07	0.356808083888376	0.236	0.169	0.0202362751480808	HACD4	c14
6.09841481684084e-07	0.24297880558117	0.515	0.416	0.0205479988838635	TMEM179B	c14
6.22320532909007e-07	0.594588188327528	0.121	0.077	0.0209684680358361	TAF1B	c14
6.23524254196829e-07	1.01226798770302	0.043	0.02	0.0210090262209079	ENTPD5	c14
6.27043743316264e-07	0.201429206742648	0.571	0.444	0.0211276118872982	CLTA	c14
6.38436290077826e-07	0.235112688517302	0.461	0.364	0.0215114723578823	RTN4	c14
6.40304236204173e-07	0.670076183443325	0.069	0.037	0.0215744109346634	BAG2	c14
6.40515217292048e-07	0.605467242635224	0.115	0.072	0.0215815197314383	HECTD3	c14
6.4133267940017e-07	0.448659010097147	0.208	0.149	0.0216090632997093	AGA	c14
6.42856102791489e-07	1.24971180884974	0.025	0.009	0.0216603935274564	MDGA1	c14
6.54886698574013e-07	0.438307109353154	0.179	0.122	0.0220657524217528	CCDC82	c14
6.56184682352406e-07	0.485856690421121	0.126	0.08	0.022109486687182	KIAA0232	c14
6.58542793560086e-07	0.297279891837105	0.265	0.192	0.0221889408862135	MRPS10	c14
6.73140112400105e-07	0.248088152499831	0.385	0.292	0.0226807829472091	PRMT1	c14
6.77820443652889e-07	0.569917146008713	0.106	0.065	0.0228384820284404	PANK4	c14
6.91567255821018e-07	0.336666008566356	0.211	0.148	0.0233016671176334	COPG1	c14
6.973031542385e-07	0.348975979109498	0.267	0.199	0.023494932478912	PDIA4	c14
7.04573211603181e-07	0.491736089951002	0.122	0.077	0.0237398897917576	PRIM1	c14
7.07886644061505e-07	0.242623916102285	0.346	0.259	0.0238515325850083	DPY30	c14
7.08804291102541e-07	0.61906848097924	0.096	0.057	0.023882451784409	ILVBL	c14
7.1685229332305e-07	0.53011013557386	0.102	0.061	0.0241536211712268	BNIP1	c14
7.18921716640483e-07	0.303536418125255	0.263	0.191	0.0242233483204844	GLRX3	c14
7.19805378794708e-07	0.213215370598591	0.473	0.369	0.0242531224331089	ILF2	c14
7.26267026552493e-07	0.205894908384906	0.589	0.469	0.0244708411926597	AURKAIP1	c14
7.27047077295631e-07	0.449101945144438	0.112	0.069	0.024497124222399	GTF2H2	c14
7.3411919910386e-07	0.10786368144156	0.881	0.797	0.0247354122946055	HMGN2	c14
7.41208196982944e-07	0.331597830249231	0.324	0.247	0.0249742689891433	MRPS5	c14
7.42911133382188e-07	0.433061189230772	0.188	0.131	0.0250316477281795	RP11-345J4.5	c14
7.50062678058729e-07	0.878728949519272	0.074	0.042	0.0252726118745108	CPPED1	c14
7.68797524428503e-07	0.520297477415764	0.11	0.068	0.025903863788094	THEM6	c14
7.74297459723236e-07	0.235179899457353	0.416	0.317	0.0260891786079147	FAM96A	c14
7.79339737296386e-07	0.37468023083935	0.151	0.1	0.0262590731084644	CD2AP	c14
7.85552457346683e-07	0.249271070816759	0.421	0.329	0.0264684044978391	REST	c14
7.8895491684543e-07	1.09754452965153	0.055	0.028	0.0265830469681899	CLNK	c14
7.93240747255255e-07	0.180370850742041	0.394	0.303	0.0267274537380185	PHPT1	c14
8.1429039505813e-07	0.23440295053707	0.502	0.396	0.0274367005710886	SRSF4	c14
8.32688073126993e-07	0.30565864236263	0.33	0.252	0.0280565919359409	CCDC124	c14
8.35203902359792e-07	0.256875633152363	0.379	0.291	0.0281413602861108	TADA3	c14
8.35906969785515e-07	0.514662347017263	0.148	0.098	0.0281650494399531	P4HA1	c14
8.38900797716981e-07	0.153470061137055	0.934	0.851	0.028265923478276	UBL5	c14
8.572933680179e-07	0.411609050036392	0.16	0.108	0.0288856427419951	UBA6	c14
8.64567510592191e-07	0.332493602411238	0.245	0.177	0.0291307377018933	PDCD7	c14
8.72513783782217e-07	0.328695253136062	0.26	0.19	0.029398479430758	MRPL27	c14
8.95956440026336e-07	1.8647446677391	0.013	0.003	0.0301883562902474	KIAA1161	c14
9.0341280620046e-07	0.315668871651681	0.302	0.228	0.0304395910921183	EPRS	c14
9.17700077935138e-07	0.475303150047965	0.187	0.131	0.0309209864259465	SLC50A1	c14
9.23646262298359e-07	0.440002128861626	0.154	0.104	0.0311213371618809	SPTLC2	c14
9.34789626370775e-07	0.310830826252481	0.297	0.222	0.0314968016709369	KRR1	c14
9.38715419888627e-07	0.172021525721736	0.838	0.743	0.0316290773577274	ARF1	c14
9.50474066539868e-07	0.947691962508378	0.045	0.022	0.0320252731979943	SPSB2	c14
9.57687660962235e-07	0.304173051758311	0.279	0.207	0.0322683280484615	ATP1B3	c14
9.6242424089301e-07	0.738786918707437	0.064	0.034	0.0324279223726491	FAIM	c14
9.62892222210908e-07	0.476188952686083	0.142	0.093	0.0324436905351743	FBXO31	c14
9.69692397028634e-07	0.266646793531711	0.293	0.216	0.0326728156254828	FBXL5	c14
9.71535619602889e-07	0.321881021089527	0.253	0.185	0.0327349211668997	TRNAU1AP	c14
9.78173316435575e-07	1.34594821570542	0.021	0.007	0.0329585717239803	AC116366.5	c14
9.83515556919802e-07	0.542860644613577	0.106	0.065	0.0331385731748558	CARNMT1	c14
9.94294017330186e-07	0.208359000256283	0.525	0.433	0.0335017426199233	YPEL5	c14
1.00199632669984e-06	0.915908010565023	0.055	0.028	0.0337612642318244	BTBD6	c14
1.0140057161564e-06	0.138358402941233	0.415	0.318	0.0341659086001737	STAT4	c14
1.01704740529979e-06	0.301834117713774	0.398	0.314	0.034268395274171	KXD1	c14
1.02274761865743e-06	0.345758242999244	0.182	0.125	0.0344604582630434	DYNC1LI1	c14
1.02611337496109e-06	0.342355184172527	0.207	0.145	0.0345738640559391	TMEM138	c14
1.03162500836786e-06	0.603342237475054	0.097	0.058	0.0347595730319468	SLC43A3	c14
1.03728986537717e-06	0.198701296409929	0.695	0.577	0.0349504447240184	ERH	c14
1.04487203944239e-06	0.381346420123927	0.187	0.13	0.0352059184969718	EMC8	c14
1.07466958062225e-06	0.867127833319417	0.045	0.022	0.036209916849486	LINC01012	c14
1.07477165062357e-06	0.500600243474945	0.145	0.096	0.0362133559961105	PIGX	c14
1.08526725010193e-06	0.335375903704128	0.236	0.172	0.0365669947249344	CUL4A	c14
1.09701266964614e-06	0.734732780647084	0.061	0.032	0.036962744891057	DTD2	c14
1.11409582567508e-06	0.571563614314833	0.124	0.08	0.0375383447502962	GLRX2	c14
1.114951142494e-06	0.195365415303307	0.653	0.543	0.0375671637951929	CD164	c14
1.12238086178468e-06	0.856571130258572	0.039	0.018	0.0378175007569731	KCTD21	c14
1.1254076647625e-06	0.234509602695743	0.395	0.303	0.0379194858565075	RNF114	c14
1.13068985319219e-06	0.340842636735617	0.27	0.201	0.0380974639134576	TSSC4	c14
1.13254145412183e-06	0.298301817853509	0.331	0.252	0.038159851755181	CHCHD5	c14
1.13310621117209e-06	0.594150574193484	0.109	0.068	0.0381788806792323	NFKBIE	c14
1.14588263742642e-06	0.357660177030558	0.174	0.118	0.0386093695854458	PMS1	c14
1.15030339939843e-06	0.570254351657195	0.112	0.07	0.0387583227393309	METTL2B	c14
1.15828089188729e-06	0.393943921300821	0.231	0.168	0.0390271163712505	USP39	c14
1.16255273359617e-06	0.343349865035837	0.189	0.131	0.0391710518057892	PIGS	c14
1.1633018105337e-06	0.244588779969688	0.284	0.208	0.0391962912041226	TM2D1	c14
1.16814742817144e-06	0.281586242554463	0.284	0.21	0.0393595594448084	UBE2G2	c14
1.18477386033309e-06	0.254450400081986	0.287	0.213	0.039919770450063	NFE2L2	c14
1.19730067681601e-06	0.293635963156768	0.274	0.204	0.0403418490046387	PPP2R2A	c14
1.19849143037428e-06	0.463331330874172	0.164	0.113	0.0403819702550309	SH3BP2	c14
1.2113081447965e-06	0.587216882238037	0.088	0.052	0.0408138166307732	SCARB2	c14
1.212633159981e-06	1.19692137812282	0.027	0.01	0.0408584616923999	AZIN2	c14
1.22993345346266e-06	0.280567034450655	0.382	0.3	0.0414413777809709	UFM1	c14
1.23560117907779e-06	0.380943148264294	0.174	0.119	0.0416323461278471	RP9	c14
1.24630960181827e-06	0.314462661001011	0.356	0.274	0.0419931557236648	RABGGTB	c14
1.25309160596991e-06	0.319893244555802	0.235	0.17	0.04222166857155	GRPEL1	c14
1.26279411232052e-06	0.501026749894101	0.156	0.106	0.0425485848205277	BRAT1	c14
1.27785304512837e-06	0.240201144186605	0.394	0.305	0.0430559805025554	ATG12	c14
1.28492889447703e-06	0.465849821599494	0.12	0.076	0.0432943941705091	MAP3K13	c14
1.3103015127456e-06	0.344191439560779	0.218	0.156	0.0441492991704502	PLRG1	c14
1.32046567623555e-06	0.294105047839628	0.284	0.211	0.0444917704950808	CISD2	c14
1.34519798612149e-06	0.287449254511793	0.319	0.243	0.0453251009443774	MLX	c14
1.34734963323028e-06	0.384499378903597	0.207	0.147	0.0453975985420612	AAGAB	c14
1.35190642431617e-06	0.27343151749387	0.431	0.337	0.045551135060909	TEX264	c14
1.35214811582238e-06	0.576706202006182	0.113	0.071	0.0455592786145193	SAAL1	c14
1.35353412828348e-06	0.35984345269607	0.192	0.134	0.0456059789183835	KIN	c14
1.36272944909605e-06	0.713804809573547	0.057	0.029	0.0459158060578424	TMEM8A	c14
1.37821218151178e-06	0.251958989200574	0.294	0.218	0.0464374812438578	SMNDC1	c14
1.3935287171152e-06	0.211265293161862	0.579	0.47	0.0469535565944794	VAPA	c14
1.39927285972226e-06	0.525796566284702	0.113	0.071	0.047147099735482	ATF7	c14
1.44391421426093e-06	0.718788978107614	0.082	0.048	0.0486512455353076	IDH1	c14
1.47691571873726e-06	0.263821007638662	0.366	0.282	0.0497631982271333	CCDC69	c14
1.47868820855571e-06	0.496279060885792	0.125	0.081	0.0498229204990762	SH3GL1	c14
